route;date;hour;prediction
1;2025-11-01;0;4
1;2025-11-01;1;0
1;2025-11-01;2;0
1;2025-11-01;3;0
1;2025-11-01;4;0
1;2025-11-01;5;31
1;2025-11-01;6;166
1;2025-11-01;7;333
1;2025-11-01;8;472
1;2025-11-01;9;680
1;2025-11-01;10;763
1;2025-11-01;11;716
1;2025-11-01;12;883
1;2025-11-01;13;915
1;2025-11-01;14;838
1;2025-11-01;15;769
1;2025-11-01;16;717
1;2025-11-01;17;679
1;2025-11-01;18;615
1;2025-11-01;19;563
1;2025-11-01;20;436
1;2025-11-01;21;308
1;2025-11-01;22;150
1;2025-11-01;23;37
1;2025-11-02;0;0
1;2025-11-02;1;0
1;2025-11-02;2;0
1;2025-11-02;3;0
1;2025-11-02;4;0
1;2025-11-02;5;27
1;2025-11-02;6;119
1;2025-11-02;7;245
1;2025-11-02;8;332
1;2025-11-02;9;583
1;2025-11-02;10;675
1;2025-11-02;11;630
1;2025-11-02;12;797
1;2025-11-02;13;835
1;2025-11-02;14;751
1;2025-11-02;15;680
1;2025-11-02;16;625
1;2025-11-02;17;568
1;2025-11-02;18;529
1;2025-11-02;19;460
1;2025-11-02;20;362
1;2025-11-02;21;262
1;2025-11-02;22;114
1;2025-11-02;23;28
1;2025-11-03;0;0
1;2025-11-03;1;0
1;2025-11-03;2;0
1;2025-11-03;3;0
1;2025-11-03;4;8
1;2025-11-03;5;124
1;2025-11-03;6;502
1;2025-11-03;7;1394
1;2025-11-03;8;1758
1;2025-11-03;9;1371
1;2025-11-03;10;1236
1;2025-11-03;11;1261
1;2025-11-03;12;1288
1;2025-11-03;13;1297
1;2025-11-03;14;1225
1;2025-11-03;15;1353
1;2025-11-03;16;1389
1;2025-11-03;17;1633
1;2025-11-03;18;1636
1;2025-11-03;19;1284
1;2025-11-03;20;846
1;2025-11-03;21;453
1;2025-11-03;22;222
1;2025-11-03;23;39
1;2025-11-04;0;3
1;2025-11-04;1;0
1;2025-11-04;2;0
1;2025-11-04;3;0
1;2025-11-04;4;8
1;2025-11-04;5;130
1;2025-11-04;6;525
1;2025-11-04;7;1459
1;2025-11-04;8;1801
1;2025-11-04;9;1394
1;2025-11-04;10;1259
1;2025-11-04;11;1287
1;2025-11-04;12;1313
1;2025-11-04;13;1326
1;2025-11-04;14;1247
1;2025-11-04;15;1397
1;2025-11-04;16;1419
1;2025-11-04;17;1669
1;2025-11-04;18;1663
1;2025-11-04;19;1315
1;2025-11-04;20;858
1;2025-11-04;21;468
1;2025-11-04;22;237
1;2025-11-04;23;44
1;2025-11-05;0;4
1;2025-11-05;1;0
1;2025-11-05;2;0
1;2025-11-05;3;0
1;2025-11-05;4;8
1;2025-11-05;5;134
1;2025-11-05;6;520
1;2025-11-05;7;1429
1;2025-11-05;8;1790
1;2025-11-05;9;1392
1;2025-11-05;10;1257
1;2025-11-05;11;1286
1;2025-11-05;12;1311
1;2025-11-05;13;1323
1;2025-11-05;14;1245
1;2025-11-05;15;1381
1;2025-11-05;16;1417
1;2025-11-05;17;1659
1;2025-11-05;18;1661
1;2025-11-05;19;1313
1;2025-11-05;20;858
1;2025-11-05;21;474
1;2025-11-05;22;246
1;2025-11-05;23;44
1;2025-11-06;0;5
1;2025-11-06;1;0
1;2025-11-06;2;0
1;2025-11-06;3;0
1;2025-11-06;4;7
1;2025-11-06;5;131
1;2025-11-06;6;520
1;2025-11-06;7;1430
1;2025-11-06;8;1786
1;2025-11-06;9;1391
1;2025-11-06;10;1257
1;2025-11-06;11;1286
1;2025-11-06;12;1310
1;2025-11-06;13;1323
1;2025-11-06;14;1245
1;2025-11-06;15;1385
1;2025-11-06;16;1417
1;2025-11-06;17;1663
1;2025-11-06;18;1661
1;2025-11-06;19;1312
1;2025-11-06;20;857
1;2025-11-06;21;473
1;2025-11-06;22;246
1;2025-11-06;23;45
1;2025-11-07;0;5
1;2025-11-07;1;0
1;2025-11-07;2;0
1;2025-11-07;3;0
1;2025-11-07;4;7
1;2025-11-07;5;130
1;2025-11-07;6;504
1;2025-11-07;7;1379
1;2025-11-07;8;1748
1;2025-11-07;9;1369
1;2025-11-07;10;1239
1;2025-11-07;11;1264
1;2025-11-07;12;1291
1;2025-11-07;13;1297
1;2025-11-07;14;1224
1;2025-11-07;15;1351
1;2025-11-07;16;1386
1;2025-11-07;17;1629
1;2025-11-07;18;1625
1;2025-11-07;19;1276
1;2025-11-07;20;817
1;2025-11-07;21;460
1;2025-11-07;22;247
1;2025-11-07;23;47
1;2025-11-08;0;4
1;2025-11-08;1;0
1;2025-11-08;2;0
1;2025-11-08;3;0
1;2025-11-08;4;0
1;2025-11-08;5;31
1;2025-11-08;6;166
1;2025-11-08;7;333
1;2025-11-08;8;472
1;2025-11-08;9;680
1;2025-11-08;10;763
1;2025-11-08;11;716
1;2025-11-08;12;883
1;2025-11-08;13;915
1;2025-11-08;14;838
1;2025-11-08;15;769
1;2025-11-08;16;717
1;2025-11-08;17;679
1;2025-11-08;18;615
1;2025-11-08;19;563
1;2025-11-08;20;436
1;2025-11-08;21;308
1;2025-11-08;22;150
1;2025-11-08;23;37
1;2025-11-09;0;0
1;2025-11-09;1;0
1;2025-11-09;2;0
1;2025-11-09;3;0
1;2025-11-09;4;0
1;2025-11-09;5;27
1;2025-11-09;6;119
1;2025-11-09;7;245
1;2025-11-09;8;332
1;2025-11-09;9;583
1;2025-11-09;10;675
1;2025-11-09;11;630
1;2025-11-09;12;797
1;2025-11-09;13;835
1;2025-11-09;14;751
1;2025-11-09;15;680
1;2025-11-09;16;625
1;2025-11-09;17;568
1;2025-11-09;18;529
1;2025-11-09;19;460
1;2025-11-09;20;362
1;2025-11-09;21;262
1;2025-11-09;22;114
1;2025-11-09;23;28
1;2025-11-10;0;0
1;2025-11-10;1;0
1;2025-11-10;2;0
1;2025-11-10;3;0
1;2025-11-10;4;8
1;2025-11-10;5;124
1;2025-11-10;6;502
1;2025-11-10;7;1394
1;2025-11-10;8;1758
1;2025-11-10;9;1371
1;2025-11-10;10;1236
1;2025-11-10;11;1261
1;2025-11-10;12;1288
1;2025-11-10;13;1297
1;2025-11-10;14;1225
1;2025-11-10;15;1353
1;2025-11-10;16;1389
1;2025-11-10;17;1633
1;2025-11-10;18;1636
1;2025-11-10;19;1284
1;2025-11-10;20;846
1;2025-11-10;21;453
1;2025-11-10;22;222
1;2025-11-10;23;39
1;2025-11-11;0;3
1;2025-11-11;1;0
1;2025-11-11;2;0
1;2025-11-11;3;0
1;2025-11-11;4;8
1;2025-11-11;5;130
1;2025-11-11;6;525
1;2025-11-11;7;1459
1;2025-11-11;8;1801
1;2025-11-11;9;1394
1;2025-11-11;10;1259
1;2025-11-11;11;1287
1;2025-11-11;12;1313
1;2025-11-11;13;1326
1;2025-11-11;14;1247
1;2025-11-11;15;1397
1;2025-11-11;16;1419
1;2025-11-11;17;1669
1;2025-11-11;18;1663
1;2025-11-11;19;1315
1;2025-11-11;20;858
1;2025-11-11;21;468
1;2025-11-11;22;237
1;2025-11-11;23;44
1;2025-11-12;0;4
1;2025-11-12;1;0
1;2025-11-12;2;0
1;2025-11-12;3;0
1;2025-11-12;4;8
1;2025-11-12;5;134
1;2025-11-12;6;520
1;2025-11-12;7;1429
1;2025-11-12;8;1790
1;2025-11-12;9;1392
1;2025-11-12;10;1257
1;2025-11-12;11;1286
1;2025-11-12;12;1311
1;2025-11-12;13;1323
1;2025-11-12;14;1245
1;2025-11-12;15;1381
1;2025-11-12;16;1417
1;2025-11-12;17;1659
1;2025-11-12;18;1661
1;2025-11-12;19;1313
1;2025-11-12;20;858
1;2025-11-12;21;474
1;2025-11-12;22;246
1;2025-11-12;23;44
1;2025-11-13;0;5
1;2025-11-13;1;0
1;2025-11-13;2;0
1;2025-11-13;3;0
1;2025-11-13;4;7
1;2025-11-13;5;131
1;2025-11-13;6;520
1;2025-11-13;7;1430
1;2025-11-13;8;1786
1;2025-11-13;9;1391
1;2025-11-13;10;1257
1;2025-11-13;11;1286
1;2025-11-13;12;1310
1;2025-11-13;13;1323
1;2025-11-13;14;1245
1;2025-11-13;15;1385
1;2025-11-13;16;1417
1;2025-11-13;17;1663
1;2025-11-13;18;1661
1;2025-11-13;19;1312
1;2025-11-13;20;857
1;2025-11-13;21;473
1;2025-11-13;22;246
1;2025-11-13;23;45
1;2025-11-14;0;5
1;2025-11-14;1;0
1;2025-11-14;2;0
1;2025-11-14;3;0
1;2025-11-14;4;7
1;2025-11-14;5;130
1;2025-11-14;6;504
1;2025-11-14;7;1379
1;2025-11-14;8;1748
1;2025-11-14;9;1369
1;2025-11-14;10;1239
1;2025-11-14;11;1264
1;2025-11-14;12;1291
1;2025-11-14;13;1297
1;2025-11-14;14;1224
1;2025-11-14;15;1351
1;2025-11-14;16;1386
1;2025-11-14;17;1629
1;2025-11-14;18;1625
1;2025-11-14;19;1276
1;2025-11-14;20;817
1;2025-11-14;21;460
1;2025-11-14;22;247
1;2025-11-14;23;47
1;2025-11-15;0;4
1;2025-11-15;1;0
1;2025-11-15;2;0
1;2025-11-15;3;0
1;2025-11-15;4;0
1;2025-11-15;5;31
1;2025-11-15;6;166
1;2025-11-15;7;333
1;2025-11-15;8;472
1;2025-11-15;9;680
1;2025-11-15;10;763
1;2025-11-15;11;716
1;2025-11-15;12;883
1;2025-11-15;13;915
1;2025-11-15;14;838
1;2025-11-15;15;769
1;2025-11-15;16;717
1;2025-11-15;17;679
1;2025-11-15;18;615
1;2025-11-15;19;563
1;2025-11-15;20;436
1;2025-11-15;21;308
1;2025-11-15;22;150
1;2025-11-15;23;37
1;2025-11-16;0;0
1;2025-11-16;1;0
1;2025-11-16;2;0
1;2025-11-16;3;0
1;2025-11-16;4;0
1;2025-11-16;5;27
1;2025-11-16;6;119
1;2025-11-16;7;245
1;2025-11-16;8;332
1;2025-11-16;9;583
1;2025-11-16;10;675
1;2025-11-16;11;630
1;2025-11-16;12;797
1;2025-11-16;13;835
1;2025-11-16;14;751
1;2025-11-16;15;680
1;2025-11-16;16;625
1;2025-11-16;17;568
1;2025-11-16;18;529
1;2025-11-16;19;460
1;2025-11-16;20;362
1;2025-11-16;21;262
1;2025-11-16;22;114
1;2025-11-16;23;28
1;2025-11-17;0;0
1;2025-11-17;1;0
1;2025-11-17;2;0
1;2025-11-17;3;0
1;2025-11-17;4;8
1;2025-11-17;5;124
1;2025-11-17;6;502
1;2025-11-17;7;1394
1;2025-11-17;8;1758
1;2025-11-17;9;1371
1;2025-11-17;10;1236
1;2025-11-17;11;1261
1;2025-11-17;12;1288
1;2025-11-17;13;1297
1;2025-11-17;14;1225
1;2025-11-17;15;1353
1;2025-11-17;16;1389
1;2025-11-17;17;1633
1;2025-11-17;18;1636
1;2025-11-17;19;1284
1;2025-11-17;20;846
1;2025-11-17;21;453
1;2025-11-17;22;222
1;2025-11-17;23;39
1;2025-11-18;0;3
1;2025-11-18;1;0
1;2025-11-18;2;0
1;2025-11-18;3;0
1;2025-11-18;4;8
1;2025-11-18;5;130
1;2025-11-18;6;525
1;2025-11-18;7;1459
1;2025-11-18;8;1801
1;2025-11-18;9;1394
1;2025-11-18;10;1259
1;2025-11-18;11;1287
1;2025-11-18;12;1313
1;2025-11-18;13;1326
1;2025-11-18;14;1247
1;2025-11-18;15;1397
1;2025-11-18;16;1419
1;2025-11-18;17;1669
1;2025-11-18;18;1663
1;2025-11-18;19;1315
1;2025-11-18;20;858
1;2025-11-18;21;468
1;2025-11-18;22;237
1;2025-11-18;23;44
1;2025-11-19;0;4
1;2025-11-19;1;0
1;2025-11-19;2;0
1;2025-11-19;3;0
1;2025-11-19;4;8
1;2025-11-19;5;134
1;2025-11-19;6;520
1;2025-11-19;7;1429
1;2025-11-19;8;1790
1;2025-11-19;9;1392
1;2025-11-19;10;1257
1;2025-11-19;11;1286
1;2025-11-19;12;1311
1;2025-11-19;13;1323
1;2025-11-19;14;1245
1;2025-11-19;15;1381
1;2025-11-19;16;1417
1;2025-11-19;17;1659
1;2025-11-19;18;1661
1;2025-11-19;19;1313
1;2025-11-19;20;858
1;2025-11-19;21;474
1;2025-11-19;22;246
1;2025-11-19;23;44
1;2025-11-20;0;5
1;2025-11-20;1;0
1;2025-11-20;2;0
1;2025-11-20;3;0
1;2025-11-20;4;7
1;2025-11-20;5;131
1;2025-11-20;6;520
1;2025-11-20;7;1430
1;2025-11-20;8;1786
1;2025-11-20;9;1391
1;2025-11-20;10;1257
1;2025-11-20;11;1286
1;2025-11-20;12;1310
1;2025-11-20;13;1323
1;2025-11-20;14;1245
1;2025-11-20;15;1385
1;2025-11-20;16;1417
1;2025-11-20;17;1663
1;2025-11-20;18;1661
1;2025-11-20;19;1312
1;2025-11-20;20;857
1;2025-11-20;21;473
1;2025-11-20;22;246
1;2025-11-20;23;45
1;2025-11-21;0;5
1;2025-11-21;1;0
1;2025-11-21;2;0
1;2025-11-21;3;0
1;2025-11-21;4;7
1;2025-11-21;5;130
1;2025-11-21;6;504
1;2025-11-21;7;1379
1;2025-11-21;8;1748
1;2025-11-21;9;1369
1;2025-11-21;10;1239
1;2025-11-21;11;1264
1;2025-11-21;12;1291
1;2025-11-21;13;1297
1;2025-11-21;14;1224
1;2025-11-21;15;1351
1;2025-11-21;16;1386
1;2025-11-21;17;1629
1;2025-11-21;18;1625
1;2025-11-21;19;1276
1;2025-11-21;20;817
1;2025-11-21;21;460
1;2025-11-21;22;247
1;2025-11-21;23;47
1;2025-11-22;0;4
1;2025-11-22;1;0
1;2025-11-22;2;0
1;2025-11-22;3;0
1;2025-11-22;4;0
1;2025-11-22;5;31
1;2025-11-22;6;166
1;2025-11-22;7;333
1;2025-11-22;8;472
1;2025-11-22;9;680
1;2025-11-22;10;763
1;2025-11-22;11;716
1;2025-11-22;12;883
1;2025-11-22;13;915
1;2025-11-22;14;838
1;2025-11-22;15;769
1;2025-11-22;16;717
1;2025-11-22;17;679
1;2025-11-22;18;615
1;2025-11-22;19;563
1;2025-11-22;20;436
1;2025-11-22;21;308
1;2025-11-22;22;150
1;2025-11-22;23;37
1;2025-11-23;0;0
1;2025-11-23;1;0
1;2025-11-23;2;0
1;2025-11-23;3;0
1;2025-11-23;4;0
1;2025-11-23;5;27
1;2025-11-23;6;119
1;2025-11-23;7;245
1;2025-11-23;8;332
1;2025-11-23;9;583
1;2025-11-23;10;675
1;2025-11-23;11;630
1;2025-11-23;12;797
1;2025-11-23;13;835
1;2025-11-23;14;751
1;2025-11-23;15;680
1;2025-11-23;16;625
1;2025-11-23;17;568
1;2025-11-23;18;529
1;2025-11-23;19;460
1;2025-11-23;20;362
1;2025-11-23;21;262
1;2025-11-23;22;114
1;2025-11-23;23;28
1;2025-11-24;0;0
1;2025-11-24;1;0
1;2025-11-24;2;0
1;2025-11-24;3;0
1;2025-11-24;4;8
1;2025-11-24;5;124
1;2025-11-24;6;502
1;2025-11-24;7;1394
1;2025-11-24;8;1758
1;2025-11-24;9;1371
1;2025-11-24;10;1236
1;2025-11-24;11;1261
1;2025-11-24;12;1288
1;2025-11-24;13;1297
1;2025-11-24;14;1225
1;2025-11-24;15;1353
1;2025-11-24;16;1389
1;2025-11-24;17;1633
1;2025-11-24;18;1636
1;2025-11-24;19;1284
1;2025-11-24;20;846
1;2025-11-24;21;453
1;2025-11-24;22;222
1;2025-11-24;23;39
1;2025-11-25;0;3
1;2025-11-25;1;0
1;2025-11-25;2;0
1;2025-11-25;3;0
1;2025-11-25;4;8
1;2025-11-25;5;130
1;2025-11-25;6;525
1;2025-11-25;7;1459
1;2025-11-25;8;1801
1;2025-11-25;9;1394
1;2025-11-25;10;1259
1;2025-11-25;11;1287
1;2025-11-25;12;1313
1;2025-11-25;13;1326
1;2025-11-25;14;1247
1;2025-11-25;15;1397
1;2025-11-25;16;1419
1;2025-11-25;17;1669
1;2025-11-25;18;1663
1;2025-11-25;19;1315
1;2025-11-25;20;858
1;2025-11-25;21;468
1;2025-11-25;22;237
1;2025-11-25;23;44
1;2025-11-26;0;4
1;2025-11-26;1;0
1;2025-11-26;2;0
1;2025-11-26;3;0
1;2025-11-26;4;8
1;2025-11-26;5;134
1;2025-11-26;6;520
1;2025-11-26;7;1429
1;2025-11-26;8;1790
1;2025-11-26;9;1392
1;2025-11-26;10;1257
1;2025-11-26;11;1286
1;2025-11-26;12;1311
1;2025-11-26;13;1323
1;2025-11-26;14;1245
1;2025-11-26;15;1381
1;2025-11-26;16;1417
1;2025-11-26;17;1659
1;2025-11-26;18;1661
1;2025-11-26;19;1313
1;2025-11-26;20;858
1;2025-11-26;21;474
1;2025-11-26;22;246
1;2025-11-26;23;44
1;2025-11-27;0;5
1;2025-11-27;1;0
1;2025-11-27;2;0
1;2025-11-27;3;0
1;2025-11-27;4;7
1;2025-11-27;5;131
1;2025-11-27;6;520
1;2025-11-27;7;1430
1;2025-11-27;8;1786
1;2025-11-27;9;1391
1;2025-11-27;10;1257
1;2025-11-27;11;1286
1;2025-11-27;12;1310
1;2025-11-27;13;1323
1;2025-11-27;14;1245
1;2025-11-27;15;1385
1;2025-11-27;16;1417
1;2025-11-27;17;1663
1;2025-11-27;18;1661
1;2025-11-27;19;1312
1;2025-11-27;20;857
1;2025-11-27;21;473
1;2025-11-27;22;246
1;2025-11-27;23;45
1;2025-11-28;0;5
1;2025-11-28;1;0
1;2025-11-28;2;0
1;2025-11-28;3;0
1;2025-11-28;4;7
1;2025-11-28;5;130
1;2025-11-28;6;504
1;2025-11-28;7;1379
1;2025-11-28;8;1748
1;2025-11-28;9;1369
1;2025-11-28;10;1239
1;2025-11-28;11;1264
1;2025-11-28;12;1291
1;2025-11-28;13;1297
1;2025-11-28;14;1224
1;2025-11-28;15;1351
1;2025-11-28;16;1386
1;2025-11-28;17;1629
1;2025-11-28;18;1625
1;2025-11-28;19;1276
1;2025-11-28;20;817
1;2025-11-28;21;460
1;2025-11-28;22;247
1;2025-11-28;23;47
1;2025-11-29;0;4
1;2025-11-29;1;0
1;2025-11-29;2;0
1;2025-11-29;3;0
1;2025-11-29;4;0
1;2025-11-29;5;31
1;2025-11-29;6;166
1;2025-11-29;7;333
1;2025-11-29;8;472
1;2025-11-29;9;680
1;2025-11-29;10;763
1;2025-11-29;11;716
1;2025-11-29;12;883
1;2025-11-29;13;915
1;2025-11-29;14;838
1;2025-11-29;15;769
1;2025-11-29;16;717
1;2025-11-29;17;679
1;2025-11-29;18;615
1;2025-11-29;19;563
1;2025-11-29;20;436
1;2025-11-29;21;308
1;2025-11-29;22;150
1;2025-11-29;23;37
1;2025-11-30;0;0
1;2025-11-30;1;0
1;2025-11-30;2;0
1;2025-11-30;3;0
1;2025-11-30;4;0
1;2025-11-30;5;27
1;2025-11-30;6;119
1;2025-11-30;7;245
1;2025-11-30;8;332
1;2025-11-30;9;583
1;2025-11-30;10;675
1;2025-11-30;11;630
1;2025-11-30;12;797
1;2025-11-30;13;835
1;2025-11-30;14;751
1;2025-11-30;15;680
1;2025-11-30;16;625
1;2025-11-30;17;568
1;2025-11-30;18;529
1;2025-11-30;19;460
1;2025-11-30;20;362
1;2025-11-30;21;262
1;2025-11-30;22;114
1;2025-11-30;23;28
1;2025-12-01;0;0
1;2025-12-01;1;0
1;2025-12-01;2;0
1;2025-12-01;3;0
1;2025-12-01;4;8
1;2025-12-01;5;124
1;2025-12-01;6;502
1;2025-12-01;7;1394
1;2025-12-01;8;1758
1;2025-12-01;9;1371
1;2025-12-01;10;1236
1;2025-12-01;11;1261
1;2025-12-01;12;1288
1;2025-12-01;13;1297
1;2025-12-01;14;1225
1;2025-12-01;15;1353
1;2025-12-01;16;1389
1;2025-12-01;17;1633
1;2025-12-01;18;1636
1;2025-12-01;19;1284
1;2025-12-01;20;846
1;2025-12-01;21;453
1;2025-12-01;22;222
1;2025-12-01;23;39
1;2025-12-02;0;3
1;2025-12-02;1;0
1;2025-12-02;2;0
1;2025-12-02;3;0
1;2025-12-02;4;8
1;2025-12-02;5;130
1;2025-12-02;6;525
1;2025-12-02;7;1459
1;2025-12-02;8;1801
1;2025-12-02;9;1394
1;2025-12-02;10;1259
1;2025-12-02;11;1287
1;2025-12-02;12;1313
1;2025-12-02;13;1326
1;2025-12-02;14;1247
1;2025-12-02;15;1397
1;2025-12-02;16;1419
1;2025-12-02;17;1669
1;2025-12-02;18;1663
1;2025-12-02;19;1315
1;2025-12-02;20;858
1;2025-12-02;21;468
1;2025-12-02;22;237
1;2025-12-02;23;44
1;2025-12-03;0;4
1;2025-12-03;1;0
1;2025-12-03;2;0
1;2025-12-03;3;0
1;2025-12-03;4;8
1;2025-12-03;5;134
1;2025-12-03;6;520
1;2025-12-03;7;1429
1;2025-12-03;8;1790
1;2025-12-03;9;1392
1;2025-12-03;10;1257
1;2025-12-03;11;1286
1;2025-12-03;12;1311
1;2025-12-03;13;1323
1;2025-12-03;14;1245
1;2025-12-03;15;1381
1;2025-12-03;16;1417
1;2025-12-03;17;1659
1;2025-12-03;18;1661
1;2025-12-03;19;1313
1;2025-12-03;20;858
1;2025-12-03;21;474
1;2025-12-03;22;246
1;2025-12-03;23;44
1;2025-12-04;0;5
1;2025-12-04;1;0
1;2025-12-04;2;0
1;2025-12-04;3;0
1;2025-12-04;4;7
1;2025-12-04;5;131
1;2025-12-04;6;520
1;2025-12-04;7;1430
1;2025-12-04;8;1786
1;2025-12-04;9;1391
1;2025-12-04;10;1257
1;2025-12-04;11;1286
1;2025-12-04;12;1310
1;2025-12-04;13;1323
1;2025-12-04;14;1245
1;2025-12-04;15;1385
1;2025-12-04;16;1417
1;2025-12-04;17;1663
1;2025-12-04;18;1661
1;2025-12-04;19;1312
1;2025-12-04;20;857
1;2025-12-04;21;473
1;2025-12-04;22;246
1;2025-12-04;23;45
1;2025-12-05;0;5
1;2025-12-05;1;0
1;2025-12-05;2;0
1;2025-12-05;3;0
1;2025-12-05;4;7
1;2025-12-05;5;130
1;2025-12-05;6;504
1;2025-12-05;7;1379
1;2025-12-05;8;1748
1;2025-12-05;9;1369
1;2025-12-05;10;1239
1;2025-12-05;11;1264
1;2025-12-05;12;1291
1;2025-12-05;13;1297
1;2025-12-05;14;1224
1;2025-12-05;15;1351
1;2025-12-05;16;1386
1;2025-12-05;17;1629
1;2025-12-05;18;1625
1;2025-12-05;19;1276
1;2025-12-05;20;817
1;2025-12-05;21;460
1;2025-12-05;22;247
1;2025-12-05;23;47
1;2025-12-06;0;4
1;2025-12-06;1;0
1;2025-12-06;2;0
1;2025-12-06;3;0
1;2025-12-06;4;0
1;2025-12-06;5;31
1;2025-12-06;6;166
1;2025-12-06;7;333
1;2025-12-06;8;472
1;2025-12-06;9;680
1;2025-12-06;10;763
1;2025-12-06;11;716
1;2025-12-06;12;883
1;2025-12-06;13;915
1;2025-12-06;14;838
1;2025-12-06;15;769
1;2025-12-06;16;717
1;2025-12-06;17;679
1;2025-12-06;18;615
1;2025-12-06;19;563
1;2025-12-06;20;436
1;2025-12-06;21;308
1;2025-12-06;22;150
1;2025-12-06;23;37
1;2025-12-07;0;0
1;2025-12-07;1;0
1;2025-12-07;2;0
1;2025-12-07;3;0
1;2025-12-07;4;0
1;2025-12-07;5;27
1;2025-12-07;6;119
1;2025-12-07;7;245
1;2025-12-07;8;332
1;2025-12-07;9;583
1;2025-12-07;10;675
1;2025-12-07;11;630
1;2025-12-07;12;797
1;2025-12-07;13;835
1;2025-12-07;14;751
1;2025-12-07;15;680
1;2025-12-07;16;625
1;2025-12-07;17;568
1;2025-12-07;18;529
1;2025-12-07;19;460
1;2025-12-07;20;362
1;2025-12-07;21;262
1;2025-12-07;22;114
1;2025-12-07;23;28
1;2025-12-08;0;0
1;2025-12-08;1;0
1;2025-12-08;2;0
1;2025-12-08;3;0
1;2025-12-08;4;8
1;2025-12-08;5;124
1;2025-12-08;6;502
1;2025-12-08;7;1394
1;2025-12-08;8;1758
1;2025-12-08;9;1371
1;2025-12-08;10;1236
1;2025-12-08;11;1261
1;2025-12-08;12;1288
1;2025-12-08;13;1297
1;2025-12-08;14;1225
1;2025-12-08;15;1353
1;2025-12-08;16;1389
1;2025-12-08;17;1633
1;2025-12-08;18;1636
1;2025-12-08;19;1284
1;2025-12-08;20;846
1;2025-12-08;21;453
1;2025-12-08;22;222
1;2025-12-08;23;39
1;2025-12-09;0;3
1;2025-12-09;1;0
1;2025-12-09;2;0
1;2025-12-09;3;0
1;2025-12-09;4;8
1;2025-12-09;5;130
1;2025-12-09;6;525
1;2025-12-09;7;1459
1;2025-12-09;8;1801
1;2025-12-09;9;1394
1;2025-12-09;10;1259
1;2025-12-09;11;1287
1;2025-12-09;12;1313
1;2025-12-09;13;1326
1;2025-12-09;14;1247
1;2025-12-09;15;1397
1;2025-12-09;16;1419
1;2025-12-09;17;1669
1;2025-12-09;18;1663
1;2025-12-09;19;1315
1;2025-12-09;20;858
1;2025-12-09;21;468
1;2025-12-09;22;237
1;2025-12-09;23;44
1;2025-12-10;0;4
1;2025-12-10;1;0
1;2025-12-10;2;0
1;2025-12-10;3;0
1;2025-12-10;4;8
1;2025-12-10;5;134
1;2025-12-10;6;520
1;2025-12-10;7;1429
1;2025-12-10;8;1790
1;2025-12-10;9;1392
1;2025-12-10;10;1257
1;2025-12-10;11;1286
1;2025-12-10;12;1311
1;2025-12-10;13;1323
1;2025-12-10;14;1245
1;2025-12-10;15;1381
1;2025-12-10;16;1417
1;2025-12-10;17;1659
1;2025-12-10;18;1661
1;2025-12-10;19;1313
1;2025-12-10;20;858
1;2025-12-10;21;474
1;2025-12-10;22;246
1;2025-12-10;23;44
1;2025-12-11;0;5
1;2025-12-11;1;0
1;2025-12-11;2;0
1;2025-12-11;3;0
1;2025-12-11;4;7
1;2025-12-11;5;131
1;2025-12-11;6;520
1;2025-12-11;7;1430
1;2025-12-11;8;1786
1;2025-12-11;9;1391
1;2025-12-11;10;1257
1;2025-12-11;11;1286
1;2025-12-11;12;1310
1;2025-12-11;13;1323
1;2025-12-11;14;1245
1;2025-12-11;15;1385
1;2025-12-11;16;1417
1;2025-12-11;17;1663
1;2025-12-11;18;1661
1;2025-12-11;19;1312
1;2025-12-11;20;857
1;2025-12-11;21;473
1;2025-12-11;22;246
1;2025-12-11;23;45
1;2025-12-12;0;5
1;2025-12-12;1;0
1;2025-12-12;2;0
1;2025-12-12;3;0
1;2025-12-12;4;7
1;2025-12-12;5;130
1;2025-12-12;6;504
1;2025-12-12;7;1379
1;2025-12-12;8;1748
1;2025-12-12;9;1369
1;2025-12-12;10;1239
1;2025-12-12;11;1264
1;2025-12-12;12;1291
1;2025-12-12;13;1297
1;2025-12-12;14;1224
1;2025-12-12;15;1351
1;2025-12-12;16;1386
1;2025-12-12;17;1629
1;2025-12-12;18;1625
1;2025-12-12;19;1276
1;2025-12-12;20;817
1;2025-12-12;21;460
1;2025-12-12;22;247
1;2025-12-12;23;47
1;2025-12-13;0;4
1;2025-12-13;1;0
1;2025-12-13;2;0
1;2025-12-13;3;0
1;2025-12-13;4;0
1;2025-12-13;5;31
1;2025-12-13;6;166
1;2025-12-13;7;333
1;2025-12-13;8;472
1;2025-12-13;9;680
1;2025-12-13;10;763
1;2025-12-13;11;716
1;2025-12-13;12;883
1;2025-12-13;13;915
1;2025-12-13;14;838
1;2025-12-13;15;769
1;2025-12-13;16;717
1;2025-12-13;17;679
1;2025-12-13;18;615
1;2025-12-13;19;563
1;2025-12-13;20;436
1;2025-12-13;21;308
1;2025-12-13;22;150
1;2025-12-13;23;37
1;2025-12-14;0;0
1;2025-12-14;1;0
1;2025-12-14;2;0
1;2025-12-14;3;0
1;2025-12-14;4;0
1;2025-12-14;5;27
1;2025-12-14;6;119
1;2025-12-14;7;245
1;2025-12-14;8;332
1;2025-12-14;9;583
1;2025-12-14;10;675
1;2025-12-14;11;630
1;2025-12-14;12;797
1;2025-12-14;13;835
1;2025-12-14;14;751
1;2025-12-14;15;680
1;2025-12-14;16;625
1;2025-12-14;17;568
1;2025-12-14;18;529
1;2025-12-14;19;460
1;2025-12-14;20;362
1;2025-12-14;21;262
1;2025-12-14;22;114
1;2025-12-14;23;28
1;2025-12-15;0;0
1;2025-12-15;1;0
1;2025-12-15;2;0
1;2025-12-15;3;0
1;2025-12-15;4;8
1;2025-12-15;5;124
1;2025-12-15;6;502
1;2025-12-15;7;1394
1;2025-12-15;8;1758
1;2025-12-15;9;1371
1;2025-12-15;10;1236
1;2025-12-15;11;1261
1;2025-12-15;12;1288
1;2025-12-15;13;1297
1;2025-12-15;14;1225
1;2025-12-15;15;1353
1;2025-12-15;16;1389
1;2025-12-15;17;1633
1;2025-12-15;18;1636
1;2025-12-15;19;1284
1;2025-12-15;20;846
1;2025-12-15;21;453
1;2025-12-15;22;222
1;2025-12-15;23;39
1;2025-12-16;0;3
1;2025-12-16;1;0
1;2025-12-16;2;0
1;2025-12-16;3;0
1;2025-12-16;4;8
1;2025-12-16;5;130
1;2025-12-16;6;525
1;2025-12-16;7;1459
1;2025-12-16;8;1801
1;2025-12-16;9;1394
1;2025-12-16;10;1259
1;2025-12-16;11;1287
1;2025-12-16;12;1313
1;2025-12-16;13;1326
1;2025-12-16;14;1247
1;2025-12-16;15;1397
1;2025-12-16;16;1419
1;2025-12-16;17;1669
1;2025-12-16;18;1663
1;2025-12-16;19;1315
1;2025-12-16;20;858
1;2025-12-16;21;468
1;2025-12-16;22;237
1;2025-12-16;23;44
1;2025-12-17;0;4
1;2025-12-17;1;0
1;2025-12-17;2;0
1;2025-12-17;3;0
1;2025-12-17;4;8
1;2025-12-17;5;134
1;2025-12-17;6;520
1;2025-12-17;7;1429
1;2025-12-17;8;1790
1;2025-12-17;9;1392
1;2025-12-17;10;1257
1;2025-12-17;11;1286
1;2025-12-17;12;1311
1;2025-12-17;13;1323
1;2025-12-17;14;1245
1;2025-12-17;15;1381
1;2025-12-17;16;1417
1;2025-12-17;17;1659
1;2025-12-17;18;1661
1;2025-12-17;19;1313
1;2025-12-17;20;858
1;2025-12-17;21;474
1;2025-12-17;22;246
1;2025-12-17;23;44
1;2025-12-18;0;5
1;2025-12-18;1;0
1;2025-12-18;2;0
1;2025-12-18;3;0
1;2025-12-18;4;7
1;2025-12-18;5;131
1;2025-12-18;6;520
1;2025-12-18;7;1430
1;2025-12-18;8;1786
1;2025-12-18;9;1391
1;2025-12-18;10;1257
1;2025-12-18;11;1286
1;2025-12-18;12;1310
1;2025-12-18;13;1323
1;2025-12-18;14;1245
1;2025-12-18;15;1385
1;2025-12-18;16;1417
1;2025-12-18;17;1663
1;2025-12-18;18;1661
1;2025-12-18;19;1312
1;2025-12-18;20;857
1;2025-12-18;21;473
1;2025-12-18;22;246
1;2025-12-18;23;45
1;2025-12-19;0;5
1;2025-12-19;1;0
1;2025-12-19;2;0
1;2025-12-19;3;0
1;2025-12-19;4;7
1;2025-12-19;5;130
1;2025-12-19;6;504
1;2025-12-19;7;1379
1;2025-12-19;8;1748
1;2025-12-19;9;1369
1;2025-12-19;10;1239
1;2025-12-19;11;1264
1;2025-12-19;12;1291
1;2025-12-19;13;1297
1;2025-12-19;14;1224
1;2025-12-19;15;1351
1;2025-12-19;16;1386
1;2025-12-19;17;1629
1;2025-12-19;18;1625
1;2025-12-19;19;1276
1;2025-12-19;20;817
1;2025-12-19;21;460
1;2025-12-19;22;247
1;2025-12-19;23;47
1;2025-12-20;0;4
1;2025-12-20;1;0
1;2025-12-20;2;0
1;2025-12-20;3;0
1;2025-12-20;4;0
1;2025-12-20;5;31
1;2025-12-20;6;166
1;2025-12-20;7;333
1;2025-12-20;8;472
1;2025-12-20;9;680
1;2025-12-20;10;763
1;2025-12-20;11;716
1;2025-12-20;12;883
1;2025-12-20;13;915
1;2025-12-20;14;838
1;2025-12-20;15;769
1;2025-12-20;16;717
1;2025-12-20;17;679
1;2025-12-20;18;615
1;2025-12-20;19;563
1;2025-12-20;20;436
1;2025-12-20;21;308
1;2025-12-20;22;150
1;2025-12-20;23;37
1;2025-12-21;0;0
1;2025-12-21;1;0
1;2025-12-21;2;0
1;2025-12-21;3;0
1;2025-12-21;4;0
1;2025-12-21;5;27
1;2025-12-21;6;119
1;2025-12-21;7;245
1;2025-12-21;8;332
1;2025-12-21;9;583
1;2025-12-21;10;675
1;2025-12-21;11;630
1;2025-12-21;12;797
1;2025-12-21;13;835
1;2025-12-21;14;751
1;2025-12-21;15;680
1;2025-12-21;16;625
1;2025-12-21;17;568
1;2025-12-21;18;529
1;2025-12-21;19;460
1;2025-12-21;20;362
1;2025-12-21;21;262
1;2025-12-21;22;114
1;2025-12-21;23;28
1;2025-12-22;0;0
1;2025-12-22;1;0
1;2025-12-22;2;0
1;2025-12-22;3;0
1;2025-12-22;4;8
1;2025-12-22;5;124
1;2025-12-22;6;502
1;2025-12-22;7;1394
1;2025-12-22;8;1758
1;2025-12-22;9;1371
1;2025-12-22;10;1236
1;2025-12-22;11;1261
1;2025-12-22;12;1288
1;2025-12-22;13;1297
1;2025-12-22;14;1225
1;2025-12-22;15;1353
1;2025-12-22;16;1389
1;2025-12-22;17;1633
1;2025-12-22;18;1636
1;2025-12-22;19;1284
1;2025-12-22;20;846
1;2025-12-22;21;453
1;2025-12-22;22;222
1;2025-12-22;23;39
1;2025-12-23;0;3
1;2025-12-23;1;0
1;2025-12-23;2;0
1;2025-12-23;3;0
1;2025-12-23;4;8
1;2025-12-23;5;130
1;2025-12-23;6;525
1;2025-12-23;7;1459
1;2025-12-23;8;1801
1;2025-12-23;9;1394
1;2025-12-23;10;1259
1;2025-12-23;11;1287
1;2025-12-23;12;1313
1;2025-12-23;13;1326
1;2025-12-23;14;1247
1;2025-12-23;15;1397
1;2025-12-23;16;1419
1;2025-12-23;17;1669
1;2025-12-23;18;1663
1;2025-12-23;19;1315
1;2025-12-23;20;858
1;2025-12-23;21;468
1;2025-12-23;22;237
1;2025-12-23;23;44
1;2025-12-24;0;4
1;2025-12-24;1;0
1;2025-12-24;2;0
1;2025-12-24;3;0
1;2025-12-24;4;8
1;2025-12-24;5;134
1;2025-12-24;6;520
1;2025-12-24;7;1429
1;2025-12-24;8;1790
1;2025-12-24;9;1392
1;2025-12-24;10;1257
1;2025-12-24;11;1286
1;2025-12-24;12;1311
1;2025-12-24;13;1323
1;2025-12-24;14;1245
1;2025-12-24;15;1381
1;2025-12-24;16;1417
1;2025-12-24;17;1659
1;2025-12-24;18;1661
1;2025-12-24;19;1313
1;2025-12-24;20;858
1;2025-12-24;21;474
1;2025-12-24;22;246
1;2025-12-24;23;44
1;2025-12-25;0;5
1;2025-12-25;1;0
1;2025-12-25;2;0
1;2025-12-25;3;0
1;2025-12-25;4;7
1;2025-12-25;5;131
1;2025-12-25;6;520
1;2025-12-25;7;1430
1;2025-12-25;8;1786
1;2025-12-25;9;1391
1;2025-12-25;10;1257
1;2025-12-25;11;1286
1;2025-12-25;12;1310
1;2025-12-25;13;1323
1;2025-12-25;14;1245
1;2025-12-25;15;1385
1;2025-12-25;16;1417
1;2025-12-25;17;1663
1;2025-12-25;18;1661
1;2025-12-25;19;1312
1;2025-12-25;20;857
1;2025-12-25;21;473
1;2025-12-25;22;246
1;2025-12-25;23;45
1;2025-12-26;0;5
1;2025-12-26;1;0
1;2025-12-26;2;0
1;2025-12-26;3;0
1;2025-12-26;4;7
1;2025-12-26;5;130
1;2025-12-26;6;504
1;2025-12-26;7;1379
1;2025-12-26;8;1748
1;2025-12-26;9;1369
1;2025-12-26;10;1239
1;2025-12-26;11;1264
1;2025-12-26;12;1291
1;2025-12-26;13;1297
1;2025-12-26;14;1224
1;2025-12-26;15;1351
1;2025-12-26;16;1386
1;2025-12-26;17;1629
1;2025-12-26;18;1625
1;2025-12-26;19;1276
1;2025-12-26;20;817
1;2025-12-26;21;460
1;2025-12-26;22;247
1;2025-12-26;23;47
1;2025-12-27;0;4
1;2025-12-27;1;0
1;2025-12-27;2;0
1;2025-12-27;3;0
1;2025-12-27;4;0
1;2025-12-27;5;31
1;2025-12-27;6;166
1;2025-12-27;7;333
1;2025-12-27;8;472
1;2025-12-27;9;680
1;2025-12-27;10;763
1;2025-12-27;11;716
1;2025-12-27;12;883
1;2025-12-27;13;915
1;2025-12-27;14;838
1;2025-12-27;15;769
1;2025-12-27;16;717
1;2025-12-27;17;679
1;2025-12-27;18;615
1;2025-12-27;19;563
1;2025-12-27;20;436
1;2025-12-27;21;308
1;2025-12-27;22;150
1;2025-12-27;23;37
1;2025-12-28;0;0
1;2025-12-28;1;0
1;2025-12-28;2;0
1;2025-12-28;3;0
1;2025-12-28;4;0
1;2025-12-28;5;27
1;2025-12-28;6;119
1;2025-12-28;7;245
1;2025-12-28;8;332
1;2025-12-28;9;583
1;2025-12-28;10;675
1;2025-12-28;11;630
1;2025-12-28;12;797
1;2025-12-28;13;835
1;2025-12-28;14;751
1;2025-12-28;15;680
1;2025-12-28;16;625
1;2025-12-28;17;568
1;2025-12-28;18;529
1;2025-12-28;19;460
1;2025-12-28;20;362
1;2025-12-28;21;262
1;2025-12-28;22;114
1;2025-12-28;23;28
1;2025-12-29;0;0
1;2025-12-29;1;0
1;2025-12-29;2;0
1;2025-12-29;3;0
1;2025-12-29;4;8
1;2025-12-29;5;124
1;2025-12-29;6;502
1;2025-12-29;7;1394
1;2025-12-29;8;1758
1;2025-12-29;9;1371
1;2025-12-29;10;1236
1;2025-12-29;11;1261
1;2025-12-29;12;1288
1;2025-12-29;13;1297
1;2025-12-29;14;1225
1;2025-12-29;15;1353
1;2025-12-29;16;1389
1;2025-12-29;17;1633
1;2025-12-29;18;1636
1;2025-12-29;19;1284
1;2025-12-29;20;846
1;2025-12-29;21;453
1;2025-12-29;22;222
1;2025-12-29;23;39
1;2025-12-30;0;3
1;2025-12-30;1;0
1;2025-12-30;2;0
1;2025-12-30;3;0
1;2025-12-30;4;8
1;2025-12-30;5;130
1;2025-12-30;6;525
1;2025-12-30;7;1459
1;2025-12-30;8;1801
1;2025-12-30;9;1394
1;2025-12-30;10;1259
1;2025-12-30;11;1287
1;2025-12-30;12;1313
1;2025-12-30;13;1326
1;2025-12-30;14;1247
1;2025-12-30;15;1397
1;2025-12-30;16;1419
1;2025-12-30;17;1669
1;2025-12-30;18;1663
1;2025-12-30;19;1315
1;2025-12-30;20;858
1;2025-12-30;21;468
1;2025-12-30;22;237
1;2025-12-30;23;44
1;2025-12-31;0;4
1;2025-12-31;1;0
1;2025-12-31;2;0
1;2025-12-31;3;0
1;2025-12-31;4;8
1;2025-12-31;5;134
1;2025-12-31;6;520
1;2025-12-31;7;1429
1;2025-12-31;8;1790
1;2025-12-31;9;1392
1;2025-12-31;10;1257
1;2025-12-31;11;1286
1;2025-12-31;12;1311
1;2025-12-31;13;1323
1;2025-12-31;14;1245
1;2025-12-31;15;1381
1;2025-12-31;16;1417
1;2025-12-31;17;1659
1;2025-12-31;18;1661
1;2025-12-31;19;1313
1;2025-12-31;20;858
1;2025-12-31;21;474
1;2025-12-31;22;246
1;2025-12-31;23;44
5;2025-11-01;0;0
5;2025-11-01;1;0
5;2025-11-01;2;0
5;2025-11-01;3;0
5;2025-11-01;4;0
5;2025-11-01;5;0
5;2025-11-01;6;21
5;2025-11-01;7;24
5;2025-11-01;8;1
5;2025-11-01;9;0
5;2025-11-01;10;0
5;2025-11-01;11;0
5;2025-11-01;12;0
5;2025-11-01;13;0
5;2025-11-01;14;0
5;2025-11-01;15;0
5;2025-11-01;16;0
5;2025-11-01;17;0
5;2025-11-01;18;0
5;2025-11-01;19;0
5;2025-11-01;20;0
5;2025-11-01;21;27
5;2025-11-01;22;21
5;2025-11-01;23;18
5;2025-11-02;0;0
5;2025-11-02;1;0
5;2025-11-02;2;0
5;2025-11-02;3;0
5;2025-11-02;4;0
5;2025-11-02;5;0
5;2025-11-02;6;21
5;2025-11-02;7;24
5;2025-11-02;8;1
5;2025-11-02;9;0
5;2025-11-02;10;0
5;2025-11-02;11;0
5;2025-11-02;12;0
5;2025-11-02;13;0
5;2025-11-02;14;0
5;2025-11-02;15;0
5;2025-11-02;16;0
5;2025-11-02;17;0
5;2025-11-02;18;0
5;2025-11-02;19;0
5;2025-11-02;20;0
5;2025-11-02;21;27
5;2025-11-02;22;21
5;2025-11-02;23;18
5;2025-11-03;0;0
5;2025-11-03;1;0
5;2025-11-03;2;0
5;2025-11-03;3;0
5;2025-11-03;4;0
5;2025-11-03;5;0
5;2025-11-03;6;0
5;2025-11-03;7;0
5;2025-11-03;8;0
5;2025-11-03;9;0
5;2025-11-03;10;0
5;2025-11-03;11;0
5;2025-11-03;12;0
5;2025-11-03;13;0
5;2025-11-03;14;0
5;2025-11-03;15;0
5;2025-11-03;16;0
5;2025-11-03;17;0
5;2025-11-03;18;0
5;2025-11-03;19;0
5;2025-11-03;20;0
5;2025-11-03;21;0
5;2025-11-03;22;28
5;2025-11-03;23;18
5;2025-11-04;0;0
5;2025-11-04;1;0
5;2025-11-04;2;0
5;2025-11-04;3;0
5;2025-11-04;4;0
5;2025-11-04;5;0
5;2025-11-04;6;0
5;2025-11-04;7;0
5;2025-11-04;8;0
5;2025-11-04;9;0
5;2025-11-04;10;0
5;2025-11-04;11;0
5;2025-11-04;12;0
5;2025-11-04;13;0
5;2025-11-04;14;0
5;2025-11-04;15;0
5;2025-11-04;16;0
5;2025-11-04;17;0
5;2025-11-04;18;0
5;2025-11-04;19;0
5;2025-11-04;20;0
5;2025-11-04;21;0
5;2025-11-04;22;28
5;2025-11-04;23;18
5;2025-11-05;0;0
5;2025-11-05;1;0
5;2025-11-05;2;0
5;2025-11-05;3;0
5;2025-11-05;4;0
5;2025-11-05;5;0
5;2025-11-05;6;0
5;2025-11-05;7;0
5;2025-11-05;8;0
5;2025-11-05;9;0
5;2025-11-05;10;0
5;2025-11-05;11;0
5;2025-11-05;12;0
5;2025-11-05;13;0
5;2025-11-05;14;0
5;2025-11-05;15;0
5;2025-11-05;16;0
5;2025-11-05;17;0
5;2025-11-05;18;0
5;2025-11-05;19;0
5;2025-11-05;20;0
5;2025-11-05;21;0
5;2025-11-05;22;28
5;2025-11-05;23;18
5;2025-11-06;0;0
5;2025-11-06;1;0
5;2025-11-06;2;0
5;2025-11-06;3;0
5;2025-11-06;4;0
5;2025-11-06;5;0
5;2025-11-06;6;0
5;2025-11-06;7;0
5;2025-11-06;8;0
5;2025-11-06;9;0
5;2025-11-06;10;0
5;2025-11-06;11;0
5;2025-11-06;12;0
5;2025-11-06;13;0
5;2025-11-06;14;0
5;2025-11-06;15;0
5;2025-11-06;16;0
5;2025-11-06;17;0
5;2025-11-06;18;0
5;2025-11-06;19;0
5;2025-11-06;20;0
5;2025-11-06;21;0
5;2025-11-06;22;28
5;2025-11-06;23;18
5;2025-11-07;0;0
5;2025-11-07;1;0
5;2025-11-07;2;0
5;2025-11-07;3;0
5;2025-11-07;4;0
5;2025-11-07;5;0
5;2025-11-07;6;0
5;2025-11-07;7;0
5;2025-11-07;8;0
5;2025-11-07;9;0
5;2025-11-07;10;0
5;2025-11-07;11;0
5;2025-11-07;12;0
5;2025-11-07;13;0
5;2025-11-07;14;0
5;2025-11-07;15;0
5;2025-11-07;16;0
5;2025-11-07;17;0
5;2025-11-07;18;0
5;2025-11-07;19;0
5;2025-11-07;20;0
5;2025-11-07;21;0
5;2025-11-07;22;28
5;2025-11-07;23;18
5;2025-11-08;0;0
5;2025-11-08;1;0
5;2025-11-08;2;0
5;2025-11-08;3;0
5;2025-11-08;4;0
5;2025-11-08;5;0
5;2025-11-08;6;21
5;2025-11-08;7;24
5;2025-11-08;8;1
5;2025-11-08;9;0
5;2025-11-08;10;0
5;2025-11-08;11;0
5;2025-11-08;12;0
5;2025-11-08;13;0
5;2025-11-08;14;0
5;2025-11-08;15;0
5;2025-11-08;16;0
5;2025-11-08;17;0
5;2025-11-08;18;0
5;2025-11-08;19;0
5;2025-11-08;20;0
5;2025-11-08;21;27
5;2025-11-08;22;21
5;2025-11-08;23;18
5;2025-11-09;0;0
5;2025-11-09;1;0
5;2025-11-09;2;0
5;2025-11-09;3;0
5;2025-11-09;4;0
5;2025-11-09;5;0
5;2025-11-09;6;21
5;2025-11-09;7;24
5;2025-11-09;8;1
5;2025-11-09;9;0
5;2025-11-09;10;0
5;2025-11-09;11;0
5;2025-11-09;12;0
5;2025-11-09;13;0
5;2025-11-09;14;0
5;2025-11-09;15;0
5;2025-11-09;16;0
5;2025-11-09;17;0
5;2025-11-09;18;0
5;2025-11-09;19;0
5;2025-11-09;20;0
5;2025-11-09;21;27
5;2025-11-09;22;21
5;2025-11-09;23;18
5;2025-11-10;0;0
5;2025-11-10;1;0
5;2025-11-10;2;0
5;2025-11-10;3;0
5;2025-11-10;4;0
5;2025-11-10;5;0
5;2025-11-10;6;0
5;2025-11-10;7;0
5;2025-11-10;8;0
5;2025-11-10;9;0
5;2025-11-10;10;0
5;2025-11-10;11;0
5;2025-11-10;12;0
5;2025-11-10;13;0
5;2025-11-10;14;0
5;2025-11-10;15;0
5;2025-11-10;16;0
5;2025-11-10;17;0
5;2025-11-10;18;0
5;2025-11-10;19;0
5;2025-11-10;20;0
5;2025-11-10;21;0
5;2025-11-10;22;28
5;2025-11-10;23;18
5;2025-11-11;0;0
5;2025-11-11;1;0
5;2025-11-11;2;0
5;2025-11-11;3;0
5;2025-11-11;4;0
5;2025-11-11;5;0
5;2025-11-11;6;0
5;2025-11-11;7;0
5;2025-11-11;8;0
5;2025-11-11;9;0
5;2025-11-11;10;0
5;2025-11-11;11;0
5;2025-11-11;12;0
5;2025-11-11;13;0
5;2025-11-11;14;0
5;2025-11-11;15;0
5;2025-11-11;16;0
5;2025-11-11;17;0
5;2025-11-11;18;0
5;2025-11-11;19;0
5;2025-11-11;20;0
5;2025-11-11;21;0
5;2025-11-11;22;28
5;2025-11-11;23;18
5;2025-11-12;0;0
5;2025-11-12;1;0
5;2025-11-12;2;0
5;2025-11-12;3;0
5;2025-11-12;4;0
5;2025-11-12;5;0
5;2025-11-12;6;0
5;2025-11-12;7;0
5;2025-11-12;8;0
5;2025-11-12;9;0
5;2025-11-12;10;0
5;2025-11-12;11;0
5;2025-11-12;12;0
5;2025-11-12;13;0
5;2025-11-12;14;0
5;2025-11-12;15;0
5;2025-11-12;16;0
5;2025-11-12;17;0
5;2025-11-12;18;0
5;2025-11-12;19;0
5;2025-11-12;20;0
5;2025-11-12;21;0
5;2025-11-12;22;28
5;2025-11-12;23;18
5;2025-11-13;0;0
5;2025-11-13;1;0
5;2025-11-13;2;0
5;2025-11-13;3;0
5;2025-11-13;4;0
5;2025-11-13;5;0
5;2025-11-13;6;0
5;2025-11-13;7;0
5;2025-11-13;8;0
5;2025-11-13;9;0
5;2025-11-13;10;0
5;2025-11-13;11;0
5;2025-11-13;12;0
5;2025-11-13;13;0
5;2025-11-13;14;0
5;2025-11-13;15;0
5;2025-11-13;16;0
5;2025-11-13;17;0
5;2025-11-13;18;0
5;2025-11-13;19;0
5;2025-11-13;20;0
5;2025-11-13;21;0
5;2025-11-13;22;28
5;2025-11-13;23;18
5;2025-11-14;0;0
5;2025-11-14;1;0
5;2025-11-14;2;0
5;2025-11-14;3;0
5;2025-11-14;4;0
5;2025-11-14;5;0
5;2025-11-14;6;0
5;2025-11-14;7;0
5;2025-11-14;8;0
5;2025-11-14;9;0
5;2025-11-14;10;0
5;2025-11-14;11;0
5;2025-11-14;12;0
5;2025-11-14;13;0
5;2025-11-14;14;0
5;2025-11-14;15;0
5;2025-11-14;16;0
5;2025-11-14;17;0
5;2025-11-14;18;0
5;2025-11-14;19;0
5;2025-11-14;20;0
5;2025-11-14;21;0
5;2025-11-14;22;28
5;2025-11-14;23;18
5;2025-11-15;0;0
5;2025-11-15;1;0
5;2025-11-15;2;0
5;2025-11-15;3;0
5;2025-11-15;4;0
5;2025-11-15;5;0
5;2025-11-15;6;21
5;2025-11-15;7;24
5;2025-11-15;8;1
5;2025-11-15;9;0
5;2025-11-15;10;0
5;2025-11-15;11;0
5;2025-11-15;12;0
5;2025-11-15;13;0
5;2025-11-15;14;0
5;2025-11-15;15;0
5;2025-11-15;16;0
5;2025-11-15;17;0
5;2025-11-15;18;0
5;2025-11-15;19;0
5;2025-11-15;20;0
5;2025-11-15;21;27
5;2025-11-15;22;21
5;2025-11-15;23;18
5;2025-11-16;0;0
5;2025-11-16;1;0
5;2025-11-16;2;0
5;2025-11-16;3;0
5;2025-11-16;4;0
5;2025-11-16;5;0
5;2025-11-16;6;21
5;2025-11-16;7;24
5;2025-11-16;8;1
5;2025-11-16;9;0
5;2025-11-16;10;0
5;2025-11-16;11;0
5;2025-11-16;12;0
5;2025-11-16;13;0
5;2025-11-16;14;0
5;2025-11-16;15;0
5;2025-11-16;16;0
5;2025-11-16;17;0
5;2025-11-16;18;0
5;2025-11-16;19;0
5;2025-11-16;20;0
5;2025-11-16;21;27
5;2025-11-16;22;21
5;2025-11-16;23;18
5;2025-11-17;0;0
5;2025-11-17;1;0
5;2025-11-17;2;0
5;2025-11-17;3;0
5;2025-11-17;4;0
5;2025-11-17;5;0
5;2025-11-17;6;0
5;2025-11-17;7;0
5;2025-11-17;8;0
5;2025-11-17;9;0
5;2025-11-17;10;0
5;2025-11-17;11;0
5;2025-11-17;12;0
5;2025-11-17;13;0
5;2025-11-17;14;0
5;2025-11-17;15;0
5;2025-11-17;16;0
5;2025-11-17;17;0
5;2025-11-17;18;0
5;2025-11-17;19;0
5;2025-11-17;20;0
5;2025-11-17;21;0
5;2025-11-17;22;28
5;2025-11-17;23;18
5;2025-11-18;0;0
5;2025-11-18;1;0
5;2025-11-18;2;0
5;2025-11-18;3;0
5;2025-11-18;4;0
5;2025-11-18;5;0
5;2025-11-18;6;0
5;2025-11-18;7;0
5;2025-11-18;8;0
5;2025-11-18;9;0
5;2025-11-18;10;0
5;2025-11-18;11;0
5;2025-11-18;12;0
5;2025-11-18;13;0
5;2025-11-18;14;0
5;2025-11-18;15;0
5;2025-11-18;16;0
5;2025-11-18;17;0
5;2025-11-18;18;0
5;2025-11-18;19;0
5;2025-11-18;20;0
5;2025-11-18;21;0
5;2025-11-18;22;28
5;2025-11-18;23;18
5;2025-11-19;0;0
5;2025-11-19;1;0
5;2025-11-19;2;0
5;2025-11-19;3;0
5;2025-11-19;4;0
5;2025-11-19;5;0
5;2025-11-19;6;0
5;2025-11-19;7;0
5;2025-11-19;8;0
5;2025-11-19;9;0
5;2025-11-19;10;0
5;2025-11-19;11;0
5;2025-11-19;12;0
5;2025-11-19;13;0
5;2025-11-19;14;0
5;2025-11-19;15;0
5;2025-11-19;16;0
5;2025-11-19;17;0
5;2025-11-19;18;0
5;2025-11-19;19;0
5;2025-11-19;20;0
5;2025-11-19;21;0
5;2025-11-19;22;28
5;2025-11-19;23;18
5;2025-11-20;0;0
5;2025-11-20;1;0
5;2025-11-20;2;0
5;2025-11-20;3;0
5;2025-11-20;4;0
5;2025-11-20;5;0
5;2025-11-20;6;0
5;2025-11-20;7;0
5;2025-11-20;8;0
5;2025-11-20;9;0
5;2025-11-20;10;0
5;2025-11-20;11;0
5;2025-11-20;12;0
5;2025-11-20;13;0
5;2025-11-20;14;0
5;2025-11-20;15;0
5;2025-11-20;16;0
5;2025-11-20;17;0
5;2025-11-20;18;0
5;2025-11-20;19;0
5;2025-11-20;20;0
5;2025-11-20;21;0
5;2025-11-20;22;28
5;2025-11-20;23;18
5;2025-11-21;0;0
5;2025-11-21;1;0
5;2025-11-21;2;0
5;2025-11-21;3;0
5;2025-11-21;4;0
5;2025-11-21;5;0
5;2025-11-21;6;0
5;2025-11-21;7;0
5;2025-11-21;8;0
5;2025-11-21;9;0
5;2025-11-21;10;0
5;2025-11-21;11;0
5;2025-11-21;12;0
5;2025-11-21;13;0
5;2025-11-21;14;0
5;2025-11-21;15;0
5;2025-11-21;16;0
5;2025-11-21;17;0
5;2025-11-21;18;0
5;2025-11-21;19;0
5;2025-11-21;20;0
5;2025-11-21;21;0
5;2025-11-21;22;28
5;2025-11-21;23;18
5;2025-11-22;0;0
5;2025-11-22;1;0
5;2025-11-22;2;0
5;2025-11-22;3;0
5;2025-11-22;4;0
5;2025-11-22;5;0
5;2025-11-22;6;21
5;2025-11-22;7;24
5;2025-11-22;8;1
5;2025-11-22;9;0
5;2025-11-22;10;0
5;2025-11-22;11;0
5;2025-11-22;12;0
5;2025-11-22;13;0
5;2025-11-22;14;0
5;2025-11-22;15;0
5;2025-11-22;16;0
5;2025-11-22;17;0
5;2025-11-22;18;0
5;2025-11-22;19;0
5;2025-11-22;20;0
5;2025-11-22;21;27
5;2025-11-22;22;21
5;2025-11-22;23;18
5;2025-11-23;0;0
5;2025-11-23;1;0
5;2025-11-23;2;0
5;2025-11-23;3;0
5;2025-11-23;4;0
5;2025-11-23;5;0
5;2025-11-23;6;21
5;2025-11-23;7;24
5;2025-11-23;8;1
5;2025-11-23;9;0
5;2025-11-23;10;0
5;2025-11-23;11;0
5;2025-11-23;12;0
5;2025-11-23;13;0
5;2025-11-23;14;0
5;2025-11-23;15;0
5;2025-11-23;16;0
5;2025-11-23;17;0
5;2025-11-23;18;0
5;2025-11-23;19;0
5;2025-11-23;20;0
5;2025-11-23;21;27
5;2025-11-23;22;21
5;2025-11-23;23;18
5;2025-11-24;0;0
5;2025-11-24;1;0
5;2025-11-24;2;0
5;2025-11-24;3;0
5;2025-11-24;4;0
5;2025-11-24;5;0
5;2025-11-24;6;0
5;2025-11-24;7;0
5;2025-11-24;8;0
5;2025-11-24;9;0
5;2025-11-24;10;0
5;2025-11-24;11;0
5;2025-11-24;12;0
5;2025-11-24;13;0
5;2025-11-24;14;0
5;2025-11-24;15;0
5;2025-11-24;16;0
5;2025-11-24;17;0
5;2025-11-24;18;0
5;2025-11-24;19;0
5;2025-11-24;20;0
5;2025-11-24;21;0
5;2025-11-24;22;28
5;2025-11-24;23;18
5;2025-11-25;0;0
5;2025-11-25;1;0
5;2025-11-25;2;0
5;2025-11-25;3;0
5;2025-11-25;4;0
5;2025-11-25;5;0
5;2025-11-25;6;0
5;2025-11-25;7;0
5;2025-11-25;8;0
5;2025-11-25;9;0
5;2025-11-25;10;0
5;2025-11-25;11;0
5;2025-11-25;12;0
5;2025-11-25;13;0
5;2025-11-25;14;0
5;2025-11-25;15;0
5;2025-11-25;16;0
5;2025-11-25;17;0
5;2025-11-25;18;0
5;2025-11-25;19;0
5;2025-11-25;20;0
5;2025-11-25;21;0
5;2025-11-25;22;28
5;2025-11-25;23;18
5;2025-11-26;0;0
5;2025-11-26;1;0
5;2025-11-26;2;0
5;2025-11-26;3;0
5;2025-11-26;4;0
5;2025-11-26;5;0
5;2025-11-26;6;0
5;2025-11-26;7;0
5;2025-11-26;8;0
5;2025-11-26;9;0
5;2025-11-26;10;0
5;2025-11-26;11;0
5;2025-11-26;12;0
5;2025-11-26;13;0
5;2025-11-26;14;0
5;2025-11-26;15;0
5;2025-11-26;16;0
5;2025-11-26;17;0
5;2025-11-26;18;0
5;2025-11-26;19;0
5;2025-11-26;20;0
5;2025-11-26;21;0
5;2025-11-26;22;28
5;2025-11-26;23;18
5;2025-11-27;0;0
5;2025-11-27;1;0
5;2025-11-27;2;0
5;2025-11-27;3;0
5;2025-11-27;4;0
5;2025-11-27;5;0
5;2025-11-27;6;0
5;2025-11-27;7;0
5;2025-11-27;8;0
5;2025-11-27;9;0
5;2025-11-27;10;0
5;2025-11-27;11;0
5;2025-11-27;12;0
5;2025-11-27;13;0
5;2025-11-27;14;0
5;2025-11-27;15;0
5;2025-11-27;16;0
5;2025-11-27;17;0
5;2025-11-27;18;0
5;2025-11-27;19;0
5;2025-11-27;20;0
5;2025-11-27;21;0
5;2025-11-27;22;28
5;2025-11-27;23;18
5;2025-11-28;0;0
5;2025-11-28;1;0
5;2025-11-28;2;0
5;2025-11-28;3;0
5;2025-11-28;4;0
5;2025-11-28;5;0
5;2025-11-28;6;0
5;2025-11-28;7;0
5;2025-11-28;8;0
5;2025-11-28;9;0
5;2025-11-28;10;0
5;2025-11-28;11;0
5;2025-11-28;12;0
5;2025-11-28;13;0
5;2025-11-28;14;0
5;2025-11-28;15;0
5;2025-11-28;16;0
5;2025-11-28;17;0
5;2025-11-28;18;0
5;2025-11-28;19;0
5;2025-11-28;20;0
5;2025-11-28;21;0
5;2025-11-28;22;28
5;2025-11-28;23;18
5;2025-11-29;0;0
5;2025-11-29;1;0
5;2025-11-29;2;0
5;2025-11-29;3;0
5;2025-11-29;4;0
5;2025-11-29;5;0
5;2025-11-29;6;21
5;2025-11-29;7;24
5;2025-11-29;8;1
5;2025-11-29;9;0
5;2025-11-29;10;0
5;2025-11-29;11;0
5;2025-11-29;12;0
5;2025-11-29;13;0
5;2025-11-29;14;0
5;2025-11-29;15;0
5;2025-11-29;16;0
5;2025-11-29;17;0
5;2025-11-29;18;0
5;2025-11-29;19;0
5;2025-11-29;20;0
5;2025-11-29;21;27
5;2025-11-29;22;21
5;2025-11-29;23;18
5;2025-11-30;0;0
5;2025-11-30;1;0
5;2025-11-30;2;0
5;2025-11-30;3;0
5;2025-11-30;4;0
5;2025-11-30;5;0
5;2025-11-30;6;21
5;2025-11-30;7;24
5;2025-11-30;8;1
5;2025-11-30;9;0
5;2025-11-30;10;0
5;2025-11-30;11;0
5;2025-11-30;12;0
5;2025-11-30;13;0
5;2025-11-30;14;0
5;2025-11-30;15;0
5;2025-11-30;16;0
5;2025-11-30;17;0
5;2025-11-30;18;0
5;2025-11-30;19;0
5;2025-11-30;20;0
5;2025-11-30;21;27
5;2025-11-30;22;21
5;2025-11-30;23;18
5;2025-12-01;0;0
5;2025-12-01;1;0
5;2025-12-01;2;0
5;2025-12-01;3;0
5;2025-12-01;4;0
5;2025-12-01;5;0
5;2025-12-01;6;0
5;2025-12-01;7;0
5;2025-12-01;8;0
5;2025-12-01;9;0
5;2025-12-01;10;0
5;2025-12-01;11;0
5;2025-12-01;12;0
5;2025-12-01;13;0
5;2025-12-01;14;0
5;2025-12-01;15;0
5;2025-12-01;16;0
5;2025-12-01;17;0
5;2025-12-01;18;0
5;2025-12-01;19;0
5;2025-12-01;20;0
5;2025-12-01;21;0
5;2025-12-01;22;28
5;2025-12-01;23;18
5;2025-12-02;0;0
5;2025-12-02;1;0
5;2025-12-02;2;0
5;2025-12-02;3;0
5;2025-12-02;4;0
5;2025-12-02;5;0
5;2025-12-02;6;0
5;2025-12-02;7;0
5;2025-12-02;8;0
5;2025-12-02;9;0
5;2025-12-02;10;0
5;2025-12-02;11;0
5;2025-12-02;12;0
5;2025-12-02;13;0
5;2025-12-02;14;0
5;2025-12-02;15;0
5;2025-12-02;16;0
5;2025-12-02;17;0
5;2025-12-02;18;0
5;2025-12-02;19;0
5;2025-12-02;20;0
5;2025-12-02;21;0
5;2025-12-02;22;28
5;2025-12-02;23;18
5;2025-12-03;0;0
5;2025-12-03;1;0
5;2025-12-03;2;0
5;2025-12-03;3;0
5;2025-12-03;4;0
5;2025-12-03;5;0
5;2025-12-03;6;0
5;2025-12-03;7;0
5;2025-12-03;8;0
5;2025-12-03;9;0
5;2025-12-03;10;0
5;2025-12-03;11;0
5;2025-12-03;12;0
5;2025-12-03;13;0
5;2025-12-03;14;0
5;2025-12-03;15;0
5;2025-12-03;16;0
5;2025-12-03;17;0
5;2025-12-03;18;0
5;2025-12-03;19;0
5;2025-12-03;20;0
5;2025-12-03;21;0
5;2025-12-03;22;28
5;2025-12-03;23;18
5;2025-12-04;0;0
5;2025-12-04;1;0
5;2025-12-04;2;0
5;2025-12-04;3;0
5;2025-12-04;4;0
5;2025-12-04;5;0
5;2025-12-04;6;0
5;2025-12-04;7;0
5;2025-12-04;8;0
5;2025-12-04;9;0
5;2025-12-04;10;0
5;2025-12-04;11;0
5;2025-12-04;12;0
5;2025-12-04;13;0
5;2025-12-04;14;0
5;2025-12-04;15;0
5;2025-12-04;16;0
5;2025-12-04;17;0
5;2025-12-04;18;0
5;2025-12-04;19;0
5;2025-12-04;20;0
5;2025-12-04;21;0
5;2025-12-04;22;28
5;2025-12-04;23;18
5;2025-12-05;0;0
5;2025-12-05;1;0
5;2025-12-05;2;0
5;2025-12-05;3;0
5;2025-12-05;4;0
5;2025-12-05;5;0
5;2025-12-05;6;0
5;2025-12-05;7;0
5;2025-12-05;8;0
5;2025-12-05;9;0
5;2025-12-05;10;0
5;2025-12-05;11;0
5;2025-12-05;12;0
5;2025-12-05;13;0
5;2025-12-05;14;0
5;2025-12-05;15;0
5;2025-12-05;16;0
5;2025-12-05;17;0
5;2025-12-05;18;0
5;2025-12-05;19;0
5;2025-12-05;20;0
5;2025-12-05;21;0
5;2025-12-05;22;28
5;2025-12-05;23;18
5;2025-12-06;0;0
5;2025-12-06;1;0
5;2025-12-06;2;0
5;2025-12-06;3;0
5;2025-12-06;4;0
5;2025-12-06;5;0
5;2025-12-06;6;21
5;2025-12-06;7;24
5;2025-12-06;8;1
5;2025-12-06;9;0
5;2025-12-06;10;0
5;2025-12-06;11;0
5;2025-12-06;12;0
5;2025-12-06;13;0
5;2025-12-06;14;0
5;2025-12-06;15;0
5;2025-12-06;16;0
5;2025-12-06;17;0
5;2025-12-06;18;0
5;2025-12-06;19;0
5;2025-12-06;20;0
5;2025-12-06;21;27
5;2025-12-06;22;21
5;2025-12-06;23;18
5;2025-12-07;0;0
5;2025-12-07;1;0
5;2025-12-07;2;0
5;2025-12-07;3;0
5;2025-12-07;4;0
5;2025-12-07;5;0
5;2025-12-07;6;21
5;2025-12-07;7;24
5;2025-12-07;8;1
5;2025-12-07;9;0
5;2025-12-07;10;0
5;2025-12-07;11;0
5;2025-12-07;12;0
5;2025-12-07;13;0
5;2025-12-07;14;0
5;2025-12-07;15;0
5;2025-12-07;16;0
5;2025-12-07;17;0
5;2025-12-07;18;0
5;2025-12-07;19;0
5;2025-12-07;20;0
5;2025-12-07;21;27
5;2025-12-07;22;21
5;2025-12-07;23;18
5;2025-12-08;0;0
5;2025-12-08;1;0
5;2025-12-08;2;0
5;2025-12-08;3;0
5;2025-12-08;4;0
5;2025-12-08;5;0
5;2025-12-08;6;0
5;2025-12-08;7;0
5;2025-12-08;8;0
5;2025-12-08;9;0
5;2025-12-08;10;0
5;2025-12-08;11;0
5;2025-12-08;12;0
5;2025-12-08;13;0
5;2025-12-08;14;0
5;2025-12-08;15;0
5;2025-12-08;16;0
5;2025-12-08;17;0
5;2025-12-08;18;0
5;2025-12-08;19;0
5;2025-12-08;20;0
5;2025-12-08;21;0
5;2025-12-08;22;28
5;2025-12-08;23;18
5;2025-12-09;0;0
5;2025-12-09;1;0
5;2025-12-09;2;0
5;2025-12-09;3;0
5;2025-12-09;4;0
5;2025-12-09;5;0
5;2025-12-09;6;0
5;2025-12-09;7;0
5;2025-12-09;8;0
5;2025-12-09;9;0
5;2025-12-09;10;0
5;2025-12-09;11;0
5;2025-12-09;12;0
5;2025-12-09;13;0
5;2025-12-09;14;0
5;2025-12-09;15;0
5;2025-12-09;16;0
5;2025-12-09;17;0
5;2025-12-09;18;0
5;2025-12-09;19;0
5;2025-12-09;20;0
5;2025-12-09;21;0
5;2025-12-09;22;28
5;2025-12-09;23;18
5;2025-12-10;0;0
5;2025-12-10;1;0
5;2025-12-10;2;0
5;2025-12-10;3;0
5;2025-12-10;4;0
5;2025-12-10;5;0
5;2025-12-10;6;0
5;2025-12-10;7;0
5;2025-12-10;8;0
5;2025-12-10;9;0
5;2025-12-10;10;0
5;2025-12-10;11;0
5;2025-12-10;12;0
5;2025-12-10;13;0
5;2025-12-10;14;0
5;2025-12-10;15;0
5;2025-12-10;16;0
5;2025-12-10;17;0
5;2025-12-10;18;0
5;2025-12-10;19;0
5;2025-12-10;20;0
5;2025-12-10;21;0
5;2025-12-10;22;28
5;2025-12-10;23;18
5;2025-12-11;0;0
5;2025-12-11;1;0
5;2025-12-11;2;0
5;2025-12-11;3;0
5;2025-12-11;4;0
5;2025-12-11;5;0
5;2025-12-11;6;0
5;2025-12-11;7;0
5;2025-12-11;8;0
5;2025-12-11;9;0
5;2025-12-11;10;0
5;2025-12-11;11;0
5;2025-12-11;12;0
5;2025-12-11;13;0
5;2025-12-11;14;0
5;2025-12-11;15;0
5;2025-12-11;16;0
5;2025-12-11;17;0
5;2025-12-11;18;0
5;2025-12-11;19;0
5;2025-12-11;20;0
5;2025-12-11;21;0
5;2025-12-11;22;28
5;2025-12-11;23;18
5;2025-12-12;0;0
5;2025-12-12;1;0
5;2025-12-12;2;0
5;2025-12-12;3;0
5;2025-12-12;4;0
5;2025-12-12;5;0
5;2025-12-12;6;0
5;2025-12-12;7;0
5;2025-12-12;8;0
5;2025-12-12;9;0
5;2025-12-12;10;0
5;2025-12-12;11;0
5;2025-12-12;12;0
5;2025-12-12;13;0
5;2025-12-12;14;0
5;2025-12-12;15;0
5;2025-12-12;16;0
5;2025-12-12;17;0
5;2025-12-12;18;0
5;2025-12-12;19;0
5;2025-12-12;20;0
5;2025-12-12;21;0
5;2025-12-12;22;28
5;2025-12-12;23;18
5;2025-12-13;0;0
5;2025-12-13;1;0
5;2025-12-13;2;0
5;2025-12-13;3;0
5;2025-12-13;4;0
5;2025-12-13;5;0
5;2025-12-13;6;21
5;2025-12-13;7;24
5;2025-12-13;8;1
5;2025-12-13;9;0
5;2025-12-13;10;0
5;2025-12-13;11;0
5;2025-12-13;12;0
5;2025-12-13;13;0
5;2025-12-13;14;0
5;2025-12-13;15;0
5;2025-12-13;16;0
5;2025-12-13;17;0
5;2025-12-13;18;0
5;2025-12-13;19;0
5;2025-12-13;20;0
5;2025-12-13;21;27
5;2025-12-13;22;21
5;2025-12-13;23;18
5;2025-12-14;0;0
5;2025-12-14;1;0
5;2025-12-14;2;0
5;2025-12-14;3;0
5;2025-12-14;4;0
5;2025-12-14;5;0
5;2025-12-14;6;21
5;2025-12-14;7;24
5;2025-12-14;8;1
5;2025-12-14;9;0
5;2025-12-14;10;0
5;2025-12-14;11;0
5;2025-12-14;12;0
5;2025-12-14;13;0
5;2025-12-14;14;0
5;2025-12-14;15;0
5;2025-12-14;16;0
5;2025-12-14;17;0
5;2025-12-14;18;0
5;2025-12-14;19;0
5;2025-12-14;20;0
5;2025-12-14;21;27
5;2025-12-14;22;21
5;2025-12-14;23;18
5;2025-12-15;0;0
5;2025-12-15;1;0
5;2025-12-15;2;0
5;2025-12-15;3;0
5;2025-12-15;4;0
5;2025-12-15;5;0
5;2025-12-15;6;0
5;2025-12-15;7;0
5;2025-12-15;8;0
5;2025-12-15;9;0
5;2025-12-15;10;0
5;2025-12-15;11;0
5;2025-12-15;12;0
5;2025-12-15;13;0
5;2025-12-15;14;0
5;2025-12-15;15;0
5;2025-12-15;16;0
5;2025-12-15;17;0
5;2025-12-15;18;0
5;2025-12-15;19;0
5;2025-12-15;20;0
5;2025-12-15;21;0
5;2025-12-15;22;28
5;2025-12-15;23;18
5;2025-12-16;0;0
5;2025-12-16;1;0
5;2025-12-16;2;0
5;2025-12-16;3;0
5;2025-12-16;4;0
5;2025-12-16;5;0
5;2025-12-16;6;0
5;2025-12-16;7;0
5;2025-12-16;8;0
5;2025-12-16;9;0
5;2025-12-16;10;0
5;2025-12-16;11;0
5;2025-12-16;12;0
5;2025-12-16;13;0
5;2025-12-16;14;0
5;2025-12-16;15;0
5;2025-12-16;16;0
5;2025-12-16;17;0
5;2025-12-16;18;0
5;2025-12-16;19;0
5;2025-12-16;20;0
5;2025-12-16;21;0
5;2025-12-16;22;28
5;2025-12-16;23;18
5;2025-12-17;0;0
5;2025-12-17;1;0
5;2025-12-17;2;0
5;2025-12-17;3;0
5;2025-12-17;4;0
5;2025-12-17;5;0
5;2025-12-17;6;0
5;2025-12-17;7;0
5;2025-12-17;8;0
5;2025-12-17;9;0
5;2025-12-17;10;0
5;2025-12-17;11;0
5;2025-12-17;12;0
5;2025-12-17;13;0
5;2025-12-17;14;0
5;2025-12-17;15;0
5;2025-12-17;16;0
5;2025-12-17;17;0
5;2025-12-17;18;0
5;2025-12-17;19;0
5;2025-12-17;20;0
5;2025-12-17;21;0
5;2025-12-17;22;28
5;2025-12-17;23;18
5;2025-12-18;0;0
5;2025-12-18;1;0
5;2025-12-18;2;0
5;2025-12-18;3;0
5;2025-12-18;4;0
5;2025-12-18;5;0
5;2025-12-18;6;0
5;2025-12-18;7;0
5;2025-12-18;8;0
5;2025-12-18;9;0
5;2025-12-18;10;0
5;2025-12-18;11;0
5;2025-12-18;12;0
5;2025-12-18;13;0
5;2025-12-18;14;0
5;2025-12-18;15;0
5;2025-12-18;16;0
5;2025-12-18;17;0
5;2025-12-18;18;0
5;2025-12-18;19;0
5;2025-12-18;20;0
5;2025-12-18;21;0
5;2025-12-18;22;28
5;2025-12-18;23;18
5;2025-12-19;0;0
5;2025-12-19;1;0
5;2025-12-19;2;0
5;2025-12-19;3;0
5;2025-12-19;4;0
5;2025-12-19;5;0
5;2025-12-19;6;0
5;2025-12-19;7;0
5;2025-12-19;8;0
5;2025-12-19;9;0
5;2025-12-19;10;0
5;2025-12-19;11;0
5;2025-12-19;12;0
5;2025-12-19;13;0
5;2025-12-19;14;0
5;2025-12-19;15;0
5;2025-12-19;16;0
5;2025-12-19;17;0
5;2025-12-19;18;0
5;2025-12-19;19;0
5;2025-12-19;20;0
5;2025-12-19;21;0
5;2025-12-19;22;28
5;2025-12-19;23;18
5;2025-12-20;0;0
5;2025-12-20;1;0
5;2025-12-20;2;0
5;2025-12-20;3;0
5;2025-12-20;4;0
5;2025-12-20;5;0
5;2025-12-20;6;21
5;2025-12-20;7;24
5;2025-12-20;8;1
5;2025-12-20;9;0
5;2025-12-20;10;0
5;2025-12-20;11;0
5;2025-12-20;12;0
5;2025-12-20;13;0
5;2025-12-20;14;0
5;2025-12-20;15;0
5;2025-12-20;16;0
5;2025-12-20;17;0
5;2025-12-20;18;0
5;2025-12-20;19;0
5;2025-12-20;20;0
5;2025-12-20;21;27
5;2025-12-20;22;21
5;2025-12-20;23;18
5;2025-12-21;0;0
5;2025-12-21;1;0
5;2025-12-21;2;0
5;2025-12-21;3;0
5;2025-12-21;4;0
5;2025-12-21;5;0
5;2025-12-21;6;21
5;2025-12-21;7;24
5;2025-12-21;8;1
5;2025-12-21;9;0
5;2025-12-21;10;0
5;2025-12-21;11;0
5;2025-12-21;12;0
5;2025-12-21;13;0
5;2025-12-21;14;0
5;2025-12-21;15;0
5;2025-12-21;16;0
5;2025-12-21;17;0
5;2025-12-21;18;0
5;2025-12-21;19;0
5;2025-12-21;20;0
5;2025-12-21;21;27
5;2025-12-21;22;21
5;2025-12-21;23;18
5;2025-12-22;0;0
5;2025-12-22;1;0
5;2025-12-22;2;0
5;2025-12-22;3;0
5;2025-12-22;4;0
5;2025-12-22;5;0
5;2025-12-22;6;0
5;2025-12-22;7;0
5;2025-12-22;8;0
5;2025-12-22;9;0
5;2025-12-22;10;0
5;2025-12-22;11;0
5;2025-12-22;12;0
5;2025-12-22;13;0
5;2025-12-22;14;0
5;2025-12-22;15;0
5;2025-12-22;16;0
5;2025-12-22;17;0
5;2025-12-22;18;0
5;2025-12-22;19;0
5;2025-12-22;20;0
5;2025-12-22;21;0
5;2025-12-22;22;28
5;2025-12-22;23;18
5;2025-12-23;0;0
5;2025-12-23;1;0
5;2025-12-23;2;0
5;2025-12-23;3;0
5;2025-12-23;4;0
5;2025-12-23;5;0
5;2025-12-23;6;0
5;2025-12-23;7;0
5;2025-12-23;8;0
5;2025-12-23;9;0
5;2025-12-23;10;0
5;2025-12-23;11;0
5;2025-12-23;12;0
5;2025-12-23;13;0
5;2025-12-23;14;0
5;2025-12-23;15;0
5;2025-12-23;16;0
5;2025-12-23;17;0
5;2025-12-23;18;0
5;2025-12-23;19;0
5;2025-12-23;20;0
5;2025-12-23;21;0
5;2025-12-23;22;28
5;2025-12-23;23;18
5;2025-12-24;0;0
5;2025-12-24;1;0
5;2025-12-24;2;0
5;2025-12-24;3;0
5;2025-12-24;4;0
5;2025-12-24;5;0
5;2025-12-24;6;0
5;2025-12-24;7;0
5;2025-12-24;8;0
5;2025-12-24;9;0
5;2025-12-24;10;0
5;2025-12-24;11;0
5;2025-12-24;12;0
5;2025-12-24;13;0
5;2025-12-24;14;0
5;2025-12-24;15;0
5;2025-12-24;16;0
5;2025-12-24;17;0
5;2025-12-24;18;0
5;2025-12-24;19;0
5;2025-12-24;20;0
5;2025-12-24;21;0
5;2025-12-24;22;28
5;2025-12-24;23;18
5;2025-12-25;0;0
5;2025-12-25;1;0
5;2025-12-25;2;0
5;2025-12-25;3;0
5;2025-12-25;4;0
5;2025-12-25;5;0
5;2025-12-25;6;0
5;2025-12-25;7;0
5;2025-12-25;8;0
5;2025-12-25;9;0
5;2025-12-25;10;0
5;2025-12-25;11;0
5;2025-12-25;12;0
5;2025-12-25;13;0
5;2025-12-25;14;0
5;2025-12-25;15;0
5;2025-12-25;16;0
5;2025-12-25;17;0
5;2025-12-25;18;0
5;2025-12-25;19;0
5;2025-12-25;20;0
5;2025-12-25;21;0
5;2025-12-25;22;28
5;2025-12-25;23;18
5;2025-12-26;0;0
5;2025-12-26;1;0
5;2025-12-26;2;0
5;2025-12-26;3;0
5;2025-12-26;4;0
5;2025-12-26;5;0
5;2025-12-26;6;0
5;2025-12-26;7;0
5;2025-12-26;8;0
5;2025-12-26;9;0
5;2025-12-26;10;0
5;2025-12-26;11;0
5;2025-12-26;12;0
5;2025-12-26;13;0
5;2025-12-26;14;0
5;2025-12-26;15;0
5;2025-12-26;16;0
5;2025-12-26;17;0
5;2025-12-26;18;0
5;2025-12-26;19;0
5;2025-12-26;20;0
5;2025-12-26;21;0
5;2025-12-26;22;28
5;2025-12-26;23;18
5;2025-12-27;0;0
5;2025-12-27;1;0
5;2025-12-27;2;0
5;2025-12-27;3;0
5;2025-12-27;4;0
5;2025-12-27;5;0
5;2025-12-27;6;21
5;2025-12-27;7;24
5;2025-12-27;8;1
5;2025-12-27;9;0
5;2025-12-27;10;0
5;2025-12-27;11;0
5;2025-12-27;12;0
5;2025-12-27;13;0
5;2025-12-27;14;0
5;2025-12-27;15;0
5;2025-12-27;16;0
5;2025-12-27;17;0
5;2025-12-27;18;0
5;2025-12-27;19;0
5;2025-12-27;20;0
5;2025-12-27;21;27
5;2025-12-27;22;21
5;2025-12-27;23;18
5;2025-12-28;0;0
5;2025-12-28;1;0
5;2025-12-28;2;0
5;2025-12-28;3;0
5;2025-12-28;4;0
5;2025-12-28;5;0
5;2025-12-28;6;21
5;2025-12-28;7;24
5;2025-12-28;8;1
5;2025-12-28;9;0
5;2025-12-28;10;0
5;2025-12-28;11;0
5;2025-12-28;12;0
5;2025-12-28;13;0
5;2025-12-28;14;0
5;2025-12-28;15;0
5;2025-12-28;16;0
5;2025-12-28;17;0
5;2025-12-28;18;0
5;2025-12-28;19;0
5;2025-12-28;20;0
5;2025-12-28;21;27
5;2025-12-28;22;21
5;2025-12-28;23;18
5;2025-12-29;0;0
5;2025-12-29;1;0
5;2025-12-29;2;0
5;2025-12-29;3;0
5;2025-12-29;4;0
5;2025-12-29;5;0
5;2025-12-29;6;0
5;2025-12-29;7;0
5;2025-12-29;8;0
5;2025-12-29;9;0
5;2025-12-29;10;0
5;2025-12-29;11;0
5;2025-12-29;12;0
5;2025-12-29;13;0
5;2025-12-29;14;0
5;2025-12-29;15;0
5;2025-12-29;16;0
5;2025-12-29;17;0
5;2025-12-29;18;0
5;2025-12-29;19;0
5;2025-12-29;20;0
5;2025-12-29;21;0
5;2025-12-29;22;28
5;2025-12-29;23;18
5;2025-12-30;0;0
5;2025-12-30;1;0
5;2025-12-30;2;0
5;2025-12-30;3;0
5;2025-12-30;4;0
5;2025-12-30;5;0
5;2025-12-30;6;0
5;2025-12-30;7;0
5;2025-12-30;8;0
5;2025-12-30;9;0
5;2025-12-30;10;0
5;2025-12-30;11;0
5;2025-12-30;12;0
5;2025-12-30;13;0
5;2025-12-30;14;0
5;2025-12-30;15;0
5;2025-12-30;16;0
5;2025-12-30;17;0
5;2025-12-30;18;0
5;2025-12-30;19;0
5;2025-12-30;20;0
5;2025-12-30;21;0
5;2025-12-30;22;28
5;2025-12-30;23;18
5;2025-12-31;0;0
5;2025-12-31;1;0
5;2025-12-31;2;0
5;2025-12-31;3;0
5;2025-12-31;4;0
5;2025-12-31;5;0
5;2025-12-31;6;0
5;2025-12-31;7;0
5;2025-12-31;8;0
5;2025-12-31;9;0
5;2025-12-31;10;0
5;2025-12-31;11;0
5;2025-12-31;12;0
5;2025-12-31;13;0
5;2025-12-31;14;0
5;2025-12-31;15;0
5;2025-12-31;16;0
5;2025-12-31;17;0
5;2025-12-31;18;0
5;2025-12-31;19;0
5;2025-12-31;20;0
5;2025-12-31;21;0
5;2025-12-31;22;28
5;2025-12-31;23;18
7;2025-11-01;0;104
7;2025-11-01;1;24
7;2025-11-01;2;0
7;2025-11-01;3;0
7;2025-11-01;4;1
7;2025-11-01;5;58
7;2025-11-01;6;276
7;2025-11-01;7;459
7;2025-11-01;8;699
7;2025-11-01;9;718
7;2025-11-01;10;812
7;2025-11-01;11;924
7;2025-11-01;12;1045
7;2025-11-01;13;1087
7;2025-11-01;14;1108
7;2025-11-01;15;1135
7;2025-11-01;16;1006
7;2025-11-01;17;1029
7;2025-11-01;18;994
7;2025-11-01;19;900
7;2025-11-01;20;731
7;2025-11-01;21;595
7;2025-11-01;22;324
7;2025-11-01;23;211
7;2025-11-02;0;96
7;2025-11-02;1;19
7;2025-11-02;2;0
7;2025-11-02;3;0
7;2025-11-02;4;0
7;2025-11-02;5;66
7;2025-11-02;6;191
7;2025-11-02;7;320
7;2025-11-02;8;516
7;2025-11-02;9;607
7;2025-11-02;10;679
7;2025-11-02;11;827
7;2025-11-02;12;974
7;2025-11-02;13;1007
7;2025-11-02;14;1094
7;2025-11-02;15;1033
7;2025-11-02;16;921
7;2025-11-02;17;907
7;2025-11-02;18;859
7;2025-11-02;19;780
7;2025-11-02;20;646
7;2025-11-02;21;515
7;2025-11-02;22;278
7;2025-11-02;23;167
7;2025-11-03;0;64
7;2025-11-03;1;11
7;2025-11-03;2;0
7;2025-11-03;3;0
7;2025-11-03;4;2
7;2025-11-03;5;197
7;2025-11-03;6;659
7;2025-11-03;7;1522
7;2025-11-03;8;2427
7;2025-11-03;9;1800
7;2025-11-03;10;1501
7;2025-11-03;11;1351
7;2025-11-03;12;1410
7;2025-11-03;13;1472
7;2025-11-03;14;1501
7;2025-11-03;15;1619
7;2025-11-03;16;1747
7;2025-11-03;17;2206
7;2025-11-03;18;2440
7;2025-11-03;19;1599
7;2025-11-03;20;1043
7;2025-11-03;21;599
7;2025-11-03;22;313
7;2025-11-03;23;177
7;2025-11-04;0;60
7;2025-11-04;1;12
7;2025-11-04;2;0
7;2025-11-04;3;0
7;2025-11-04;4;2
7;2025-11-04;5;201
7;2025-11-04;6;683
7;2025-11-04;7;1588
7;2025-11-04;8;2462
7;2025-11-04;9;1825
7;2025-11-04;10;1559
7;2025-11-04;11;1416
7;2025-11-04;12;1480
7;2025-11-04;13;1530
7;2025-11-04;14;1555
7;2025-11-04;15;1684
7;2025-11-04;16;1773
7;2025-11-04;17;2217
7;2025-11-04;18;2484
7;2025-11-04;19;1656
7;2025-11-04;20;1075
7;2025-11-04;21;625
7;2025-11-04;22;330
7;2025-11-04;23;186
7;2025-11-05;0;61
7;2025-11-05;1;13
7;2025-11-05;2;0
7;2025-11-05;3;0
7;2025-11-05;4;2
7;2025-11-05;5;202
7;2025-11-05;6;678
7;2025-11-05;7;1569
7;2025-11-05;8;2436
7;2025-11-05;9;1819
7;2025-11-05;10;1556
7;2025-11-05;11;1415
7;2025-11-05;12;1467
7;2025-11-05;13;1524
7;2025-11-05;14;1541
7;2025-11-05;15;1675
7;2025-11-05;16;1770
7;2025-11-05;17;2214
7;2025-11-05;18;2450
7;2025-11-05;19;1651
7;2025-11-05;20;1074
7;2025-11-05;21;629
7;2025-11-05;22;340
7;2025-11-05;23;201
7;2025-11-06;0;67
7;2025-11-06;1;15
7;2025-11-06;2;0
7;2025-11-06;3;0
7;2025-11-06;4;2
7;2025-11-06;5;199
7;2025-11-06;6;678
7;2025-11-06;7;1565
7;2025-11-06;8;2424
7;2025-11-06;9;1800
7;2025-11-06;10;1548
7;2025-11-06;11;1411
7;2025-11-06;12;1465
7;2025-11-06;13;1513
7;2025-11-06;14;1540
7;2025-11-06;15;1653
7;2025-11-06;16;1755
7;2025-11-06;17;2198
7;2025-11-06;18;2449
7;2025-11-06;19;1645
7;2025-11-06;20;1074
7;2025-11-06;21;629
7;2025-11-06;22;340
7;2025-11-06;23;208
7;2025-11-07;0;67
7;2025-11-07;1;15
7;2025-11-07;2;0
7;2025-11-07;3;0
7;2025-11-07;4;0
7;2025-11-07;5;195
7;2025-11-07;6;649
7;2025-11-07;7;1520
7;2025-11-07;8;2271
7;2025-11-07;9;1703
7;2025-11-07;10;1542
7;2025-11-07;11;1372
7;2025-11-07;12;1481
7;2025-11-07;13;1540
7;2025-11-07;14;1541
7;2025-11-07;15;1612
7;2025-11-07;16;1737
7;2025-11-07;17;2125
7;2025-11-07;18;2266
7;2025-11-07;19;1591
7;2025-11-07;20;1042
7;2025-11-07;21;607
7;2025-11-07;22;347
7;2025-11-07;23;219
7;2025-11-08;0;104
7;2025-11-08;1;24
7;2025-11-08;2;0
7;2025-11-08;3;0
7;2025-11-08;4;1
7;2025-11-08;5;58
7;2025-11-08;6;276
7;2025-11-08;7;459
7;2025-11-08;8;699
7;2025-11-08;9;718
7;2025-11-08;10;812
7;2025-11-08;11;924
7;2025-11-08;12;1045
7;2025-11-08;13;1087
7;2025-11-08;14;1108
7;2025-11-08;15;1135
7;2025-11-08;16;1006
7;2025-11-08;17;1029
7;2025-11-08;18;994
7;2025-11-08;19;900
7;2025-11-08;20;731
7;2025-11-08;21;595
7;2025-11-08;22;324
7;2025-11-08;23;211
7;2025-11-09;0;96
7;2025-11-09;1;19
7;2025-11-09;2;0
7;2025-11-09;3;0
7;2025-11-09;4;0
7;2025-11-09;5;66
7;2025-11-09;6;191
7;2025-11-09;7;320
7;2025-11-09;8;516
7;2025-11-09;9;607
7;2025-11-09;10;679
7;2025-11-09;11;827
7;2025-11-09;12;974
7;2025-11-09;13;1007
7;2025-11-09;14;1094
7;2025-11-09;15;1033
7;2025-11-09;16;921
7;2025-11-09;17;907
7;2025-11-09;18;859
7;2025-11-09;19;780
7;2025-11-09;20;646
7;2025-11-09;21;515
7;2025-11-09;22;278
7;2025-11-09;23;167
7;2025-11-10;0;64
7;2025-11-10;1;11
7;2025-11-10;2;0
7;2025-11-10;3;0
7;2025-11-10;4;2
7;2025-11-10;5;197
7;2025-11-10;6;659
7;2025-11-10;7;1522
7;2025-11-10;8;2427
7;2025-11-10;9;1800
7;2025-11-10;10;1501
7;2025-11-10;11;1351
7;2025-11-10;12;1410
7;2025-11-10;13;1472
7;2025-11-10;14;1501
7;2025-11-10;15;1619
7;2025-11-10;16;1747
7;2025-11-10;17;2206
7;2025-11-10;18;2440
7;2025-11-10;19;1599
7;2025-11-10;20;1043
7;2025-11-10;21;599
7;2025-11-10;22;313
7;2025-11-10;23;177
7;2025-11-11;0;60
7;2025-11-11;1;12
7;2025-11-11;2;0
7;2025-11-11;3;0
7;2025-11-11;4;2
7;2025-11-11;5;201
7;2025-11-11;6;683
7;2025-11-11;7;1588
7;2025-11-11;8;2462
7;2025-11-11;9;1825
7;2025-11-11;10;1559
7;2025-11-11;11;1416
7;2025-11-11;12;1480
7;2025-11-11;13;1530
7;2025-11-11;14;1555
7;2025-11-11;15;1684
7;2025-11-11;16;1773
7;2025-11-11;17;2217
7;2025-11-11;18;2484
7;2025-11-11;19;1656
7;2025-11-11;20;1075
7;2025-11-11;21;625
7;2025-11-11;22;330
7;2025-11-11;23;186
7;2025-11-12;0;61
7;2025-11-12;1;13
7;2025-11-12;2;0
7;2025-11-12;3;0
7;2025-11-12;4;2
7;2025-11-12;5;202
7;2025-11-12;6;678
7;2025-11-12;7;1569
7;2025-11-12;8;2436
7;2025-11-12;9;1819
7;2025-11-12;10;1556
7;2025-11-12;11;1415
7;2025-11-12;12;1467
7;2025-11-12;13;1524
7;2025-11-12;14;1541
7;2025-11-12;15;1675
7;2025-11-12;16;1770
7;2025-11-12;17;2214
7;2025-11-12;18;2450
7;2025-11-12;19;1651
7;2025-11-12;20;1074
7;2025-11-12;21;629
7;2025-11-12;22;340
7;2025-11-12;23;201
7;2025-11-13;0;67
7;2025-11-13;1;15
7;2025-11-13;2;0
7;2025-11-13;3;0
7;2025-11-13;4;2
7;2025-11-13;5;199
7;2025-11-13;6;678
7;2025-11-13;7;1565
7;2025-11-13;8;2424
7;2025-11-13;9;1800
7;2025-11-13;10;1548
7;2025-11-13;11;1411
7;2025-11-13;12;1465
7;2025-11-13;13;1513
7;2025-11-13;14;1540
7;2025-11-13;15;1653
7;2025-11-13;16;1755
7;2025-11-13;17;2198
7;2025-11-13;18;2449
7;2025-11-13;19;1645
7;2025-11-13;20;1074
7;2025-11-13;21;629
7;2025-11-13;22;340
7;2025-11-13;23;208
7;2025-11-14;0;67
7;2025-11-14;1;15
7;2025-11-14;2;0
7;2025-11-14;3;0
7;2025-11-14;4;0
7;2025-11-14;5;195
7;2025-11-14;6;649
7;2025-11-14;7;1520
7;2025-11-14;8;2271
7;2025-11-14;9;1703
7;2025-11-14;10;1542
7;2025-11-14;11;1372
7;2025-11-14;12;1481
7;2025-11-14;13;1540
7;2025-11-14;14;1541
7;2025-11-14;15;1612
7;2025-11-14;16;1737
7;2025-11-14;17;2125
7;2025-11-14;18;2266
7;2025-11-14;19;1591
7;2025-11-14;20;1042
7;2025-11-14;21;607
7;2025-11-14;22;347
7;2025-11-14;23;219
7;2025-11-15;0;104
7;2025-11-15;1;24
7;2025-11-15;2;0
7;2025-11-15;3;0
7;2025-11-15;4;1
7;2025-11-15;5;58
7;2025-11-15;6;276
7;2025-11-15;7;459
7;2025-11-15;8;699
7;2025-11-15;9;718
7;2025-11-15;10;812
7;2025-11-15;11;924
7;2025-11-15;12;1045
7;2025-11-15;13;1087
7;2025-11-15;14;1108
7;2025-11-15;15;1135
7;2025-11-15;16;1006
7;2025-11-15;17;1029
7;2025-11-15;18;994
7;2025-11-15;19;900
7;2025-11-15;20;731
7;2025-11-15;21;595
7;2025-11-15;22;324
7;2025-11-15;23;211
7;2025-11-16;0;96
7;2025-11-16;1;19
7;2025-11-16;2;0
7;2025-11-16;3;0
7;2025-11-16;4;0
7;2025-11-16;5;66
7;2025-11-16;6;191
7;2025-11-16;7;320
7;2025-11-16;8;516
7;2025-11-16;9;607
7;2025-11-16;10;679
7;2025-11-16;11;827
7;2025-11-16;12;974
7;2025-11-16;13;1007
7;2025-11-16;14;1094
7;2025-11-16;15;1033
7;2025-11-16;16;921
7;2025-11-16;17;907
7;2025-11-16;18;859
7;2025-11-16;19;780
7;2025-11-16;20;646
7;2025-11-16;21;515
7;2025-11-16;22;278
7;2025-11-16;23;167
7;2025-11-17;0;64
7;2025-11-17;1;11
7;2025-11-17;2;0
7;2025-11-17;3;0
7;2025-11-17;4;2
7;2025-11-17;5;197
7;2025-11-17;6;659
7;2025-11-17;7;1522
7;2025-11-17;8;2427
7;2025-11-17;9;1800
7;2025-11-17;10;1501
7;2025-11-17;11;1351
7;2025-11-17;12;1410
7;2025-11-17;13;1472
7;2025-11-17;14;1501
7;2025-11-17;15;1619
7;2025-11-17;16;1747
7;2025-11-17;17;2206
7;2025-11-17;18;2440
7;2025-11-17;19;1599
7;2025-11-17;20;1043
7;2025-11-17;21;599
7;2025-11-17;22;313
7;2025-11-17;23;177
7;2025-11-18;0;60
7;2025-11-18;1;12
7;2025-11-18;2;0
7;2025-11-18;3;0
7;2025-11-18;4;2
7;2025-11-18;5;201
7;2025-11-18;6;683
7;2025-11-18;7;1588
7;2025-11-18;8;2462
7;2025-11-18;9;1825
7;2025-11-18;10;1559
7;2025-11-18;11;1416
7;2025-11-18;12;1480
7;2025-11-18;13;1530
7;2025-11-18;14;1555
7;2025-11-18;15;1684
7;2025-11-18;16;1773
7;2025-11-18;17;2217
7;2025-11-18;18;2484
7;2025-11-18;19;1656
7;2025-11-18;20;1075
7;2025-11-18;21;625
7;2025-11-18;22;330
7;2025-11-18;23;186
7;2025-11-19;0;61
7;2025-11-19;1;13
7;2025-11-19;2;0
7;2025-11-19;3;0
7;2025-11-19;4;2
7;2025-11-19;5;202
7;2025-11-19;6;678
7;2025-11-19;7;1569
7;2025-11-19;8;2436
7;2025-11-19;9;1819
7;2025-11-19;10;1556
7;2025-11-19;11;1415
7;2025-11-19;12;1467
7;2025-11-19;13;1524
7;2025-11-19;14;1541
7;2025-11-19;15;1675
7;2025-11-19;16;1770
7;2025-11-19;17;2214
7;2025-11-19;18;2450
7;2025-11-19;19;1651
7;2025-11-19;20;1074
7;2025-11-19;21;629
7;2025-11-19;22;340
7;2025-11-19;23;201
7;2025-11-20;0;67
7;2025-11-20;1;15
7;2025-11-20;2;0
7;2025-11-20;3;0
7;2025-11-20;4;2
7;2025-11-20;5;199
7;2025-11-20;6;678
7;2025-11-20;7;1565
7;2025-11-20;8;2424
7;2025-11-20;9;1800
7;2025-11-20;10;1548
7;2025-11-20;11;1411
7;2025-11-20;12;1465
7;2025-11-20;13;1513
7;2025-11-20;14;1540
7;2025-11-20;15;1653
7;2025-11-20;16;1755
7;2025-11-20;17;2198
7;2025-11-20;18;2449
7;2025-11-20;19;1645
7;2025-11-20;20;1074
7;2025-11-20;21;629
7;2025-11-20;22;340
7;2025-11-20;23;208
7;2025-11-21;0;67
7;2025-11-21;1;15
7;2025-11-21;2;0
7;2025-11-21;3;0
7;2025-11-21;4;0
7;2025-11-21;5;195
7;2025-11-21;6;649
7;2025-11-21;7;1520
7;2025-11-21;8;2271
7;2025-11-21;9;1703
7;2025-11-21;10;1542
7;2025-11-21;11;1372
7;2025-11-21;12;1481
7;2025-11-21;13;1540
7;2025-11-21;14;1541
7;2025-11-21;15;1612
7;2025-11-21;16;1737
7;2025-11-21;17;2125
7;2025-11-21;18;2266
7;2025-11-21;19;1591
7;2025-11-21;20;1042
7;2025-11-21;21;607
7;2025-11-21;22;347
7;2025-11-21;23;219
7;2025-11-22;0;104
7;2025-11-22;1;24
7;2025-11-22;2;0
7;2025-11-22;3;0
7;2025-11-22;4;1
7;2025-11-22;5;58
7;2025-11-22;6;276
7;2025-11-22;7;459
7;2025-11-22;8;699
7;2025-11-22;9;718
7;2025-11-22;10;812
7;2025-11-22;11;924
7;2025-11-22;12;1045
7;2025-11-22;13;1087
7;2025-11-22;14;1108
7;2025-11-22;15;1135
7;2025-11-22;16;1006
7;2025-11-22;17;1029
7;2025-11-22;18;994
7;2025-11-22;19;900
7;2025-11-22;20;731
7;2025-11-22;21;595
7;2025-11-22;22;324
7;2025-11-22;23;211
7;2025-11-23;0;96
7;2025-11-23;1;19
7;2025-11-23;2;0
7;2025-11-23;3;0
7;2025-11-23;4;0
7;2025-11-23;5;66
7;2025-11-23;6;191
7;2025-11-23;7;320
7;2025-11-23;8;516
7;2025-11-23;9;607
7;2025-11-23;10;679
7;2025-11-23;11;827
7;2025-11-23;12;974
7;2025-11-23;13;1007
7;2025-11-23;14;1094
7;2025-11-23;15;1033
7;2025-11-23;16;921
7;2025-11-23;17;907
7;2025-11-23;18;859
7;2025-11-23;19;780
7;2025-11-23;20;646
7;2025-11-23;21;515
7;2025-11-23;22;278
7;2025-11-23;23;167
7;2025-11-24;0;64
7;2025-11-24;1;11
7;2025-11-24;2;0
7;2025-11-24;3;0
7;2025-11-24;4;2
7;2025-11-24;5;197
7;2025-11-24;6;659
7;2025-11-24;7;1522
7;2025-11-24;8;2427
7;2025-11-24;9;1800
7;2025-11-24;10;1501
7;2025-11-24;11;1351
7;2025-11-24;12;1410
7;2025-11-24;13;1472
7;2025-11-24;14;1501
7;2025-11-24;15;1619
7;2025-11-24;16;1747
7;2025-11-24;17;2206
7;2025-11-24;18;2440
7;2025-11-24;19;1599
7;2025-11-24;20;1043
7;2025-11-24;21;599
7;2025-11-24;22;313
7;2025-11-24;23;177
7;2025-11-25;0;60
7;2025-11-25;1;12
7;2025-11-25;2;0
7;2025-11-25;3;0
7;2025-11-25;4;2
7;2025-11-25;5;201
7;2025-11-25;6;683
7;2025-11-25;7;1588
7;2025-11-25;8;2462
7;2025-11-25;9;1825
7;2025-11-25;10;1559
7;2025-11-25;11;1416
7;2025-11-25;12;1480
7;2025-11-25;13;1530
7;2025-11-25;14;1555
7;2025-11-25;15;1684
7;2025-11-25;16;1773
7;2025-11-25;17;2217
7;2025-11-25;18;2484
7;2025-11-25;19;1656
7;2025-11-25;20;1075
7;2025-11-25;21;625
7;2025-11-25;22;330
7;2025-11-25;23;186
7;2025-11-26;0;61
7;2025-11-26;1;13
7;2025-11-26;2;0
7;2025-11-26;3;0
7;2025-11-26;4;2
7;2025-11-26;5;202
7;2025-11-26;6;678
7;2025-11-26;7;1569
7;2025-11-26;8;2436
7;2025-11-26;9;1819
7;2025-11-26;10;1556
7;2025-11-26;11;1415
7;2025-11-26;12;1467
7;2025-11-26;13;1524
7;2025-11-26;14;1541
7;2025-11-26;15;1675
7;2025-11-26;16;1770
7;2025-11-26;17;2214
7;2025-11-26;18;2450
7;2025-11-26;19;1651
7;2025-11-26;20;1074
7;2025-11-26;21;629
7;2025-11-26;22;340
7;2025-11-26;23;201
7;2025-11-27;0;67
7;2025-11-27;1;15
7;2025-11-27;2;0
7;2025-11-27;3;0
7;2025-11-27;4;2
7;2025-11-27;5;199
7;2025-11-27;6;678
7;2025-11-27;7;1565
7;2025-11-27;8;2424
7;2025-11-27;9;1800
7;2025-11-27;10;1548
7;2025-11-27;11;1411
7;2025-11-27;12;1465
7;2025-11-27;13;1513
7;2025-11-27;14;1540
7;2025-11-27;15;1653
7;2025-11-27;16;1755
7;2025-11-27;17;2198
7;2025-11-27;18;2449
7;2025-11-27;19;1645
7;2025-11-27;20;1074
7;2025-11-27;21;629
7;2025-11-27;22;340
7;2025-11-27;23;208
7;2025-11-28;0;67
7;2025-11-28;1;15
7;2025-11-28;2;0
7;2025-11-28;3;0
7;2025-11-28;4;0
7;2025-11-28;5;195
7;2025-11-28;6;649
7;2025-11-28;7;1520
7;2025-11-28;8;2271
7;2025-11-28;9;1703
7;2025-11-28;10;1542
7;2025-11-28;11;1372
7;2025-11-28;12;1481
7;2025-11-28;13;1540
7;2025-11-28;14;1541
7;2025-11-28;15;1612
7;2025-11-28;16;1737
7;2025-11-28;17;2125
7;2025-11-28;18;2266
7;2025-11-28;19;1591
7;2025-11-28;20;1042
7;2025-11-28;21;607
7;2025-11-28;22;347
7;2025-11-28;23;219
7;2025-11-29;0;104
7;2025-11-29;1;24
7;2025-11-29;2;0
7;2025-11-29;3;0
7;2025-11-29;4;1
7;2025-11-29;5;58
7;2025-11-29;6;276
7;2025-11-29;7;459
7;2025-11-29;8;699
7;2025-11-29;9;718
7;2025-11-29;10;812
7;2025-11-29;11;924
7;2025-11-29;12;1045
7;2025-11-29;13;1087
7;2025-11-29;14;1108
7;2025-11-29;15;1135
7;2025-11-29;16;1006
7;2025-11-29;17;1029
7;2025-11-29;18;994
7;2025-11-29;19;900
7;2025-11-29;20;731
7;2025-11-29;21;595
7;2025-11-29;22;324
7;2025-11-29;23;211
7;2025-11-30;0;96
7;2025-11-30;1;19
7;2025-11-30;2;0
7;2025-11-30;3;0
7;2025-11-30;4;0
7;2025-11-30;5;66
7;2025-11-30;6;191
7;2025-11-30;7;320
7;2025-11-30;8;516
7;2025-11-30;9;607
7;2025-11-30;10;679
7;2025-11-30;11;827
7;2025-11-30;12;974
7;2025-11-30;13;1007
7;2025-11-30;14;1094
7;2025-11-30;15;1033
7;2025-11-30;16;921
7;2025-11-30;17;907
7;2025-11-30;18;859
7;2025-11-30;19;780
7;2025-11-30;20;646
7;2025-11-30;21;515
7;2025-11-30;22;278
7;2025-11-30;23;167
7;2025-12-01;0;64
7;2025-12-01;1;11
7;2025-12-01;2;0
7;2025-12-01;3;0
7;2025-12-01;4;2
7;2025-12-01;5;197
7;2025-12-01;6;659
7;2025-12-01;7;1522
7;2025-12-01;8;2427
7;2025-12-01;9;1800
7;2025-12-01;10;1501
7;2025-12-01;11;1351
7;2025-12-01;12;1410
7;2025-12-01;13;1472
7;2025-12-01;14;1501
7;2025-12-01;15;1619
7;2025-12-01;16;1747
7;2025-12-01;17;2206
7;2025-12-01;18;2440
7;2025-12-01;19;1599
7;2025-12-01;20;1043
7;2025-12-01;21;599
7;2025-12-01;22;313
7;2025-12-01;23;177
7;2025-12-02;0;60
7;2025-12-02;1;12
7;2025-12-02;2;0
7;2025-12-02;3;0
7;2025-12-02;4;2
7;2025-12-02;5;201
7;2025-12-02;6;683
7;2025-12-02;7;1588
7;2025-12-02;8;2462
7;2025-12-02;9;1825
7;2025-12-02;10;1559
7;2025-12-02;11;1416
7;2025-12-02;12;1480
7;2025-12-02;13;1530
7;2025-12-02;14;1555
7;2025-12-02;15;1684
7;2025-12-02;16;1773
7;2025-12-02;17;2217
7;2025-12-02;18;2484
7;2025-12-02;19;1656
7;2025-12-02;20;1075
7;2025-12-02;21;625
7;2025-12-02;22;330
7;2025-12-02;23;186
7;2025-12-03;0;61
7;2025-12-03;1;13
7;2025-12-03;2;0
7;2025-12-03;3;0
7;2025-12-03;4;2
7;2025-12-03;5;202
7;2025-12-03;6;678
7;2025-12-03;7;1569
7;2025-12-03;8;2436
7;2025-12-03;9;1819
7;2025-12-03;10;1556
7;2025-12-03;11;1415
7;2025-12-03;12;1467
7;2025-12-03;13;1524
7;2025-12-03;14;1541
7;2025-12-03;15;1675
7;2025-12-03;16;1770
7;2025-12-03;17;2214
7;2025-12-03;18;2450
7;2025-12-03;19;1651
7;2025-12-03;20;1074
7;2025-12-03;21;629
7;2025-12-03;22;340
7;2025-12-03;23;201
7;2025-12-04;0;67
7;2025-12-04;1;15
7;2025-12-04;2;0
7;2025-12-04;3;0
7;2025-12-04;4;2
7;2025-12-04;5;199
7;2025-12-04;6;678
7;2025-12-04;7;1565
7;2025-12-04;8;2424
7;2025-12-04;9;1800
7;2025-12-04;10;1548
7;2025-12-04;11;1411
7;2025-12-04;12;1465
7;2025-12-04;13;1513
7;2025-12-04;14;1540
7;2025-12-04;15;1653
7;2025-12-04;16;1755
7;2025-12-04;17;2198
7;2025-12-04;18;2449
7;2025-12-04;19;1645
7;2025-12-04;20;1074
7;2025-12-04;21;629
7;2025-12-04;22;340
7;2025-12-04;23;208
7;2025-12-05;0;67
7;2025-12-05;1;15
7;2025-12-05;2;0
7;2025-12-05;3;0
7;2025-12-05;4;0
7;2025-12-05;5;195
7;2025-12-05;6;649
7;2025-12-05;7;1520
7;2025-12-05;8;2271
7;2025-12-05;9;1703
7;2025-12-05;10;1542
7;2025-12-05;11;1372
7;2025-12-05;12;1481
7;2025-12-05;13;1540
7;2025-12-05;14;1541
7;2025-12-05;15;1612
7;2025-12-05;16;1737
7;2025-12-05;17;2125
7;2025-12-05;18;2266
7;2025-12-05;19;1591
7;2025-12-05;20;1042
7;2025-12-05;21;607
7;2025-12-05;22;347
7;2025-12-05;23;219
7;2025-12-06;0;104
7;2025-12-06;1;24
7;2025-12-06;2;0
7;2025-12-06;3;0
7;2025-12-06;4;1
7;2025-12-06;5;58
7;2025-12-06;6;276
7;2025-12-06;7;459
7;2025-12-06;8;699
7;2025-12-06;9;718
7;2025-12-06;10;812
7;2025-12-06;11;924
7;2025-12-06;12;1045
7;2025-12-06;13;1087
7;2025-12-06;14;1108
7;2025-12-06;15;1135
7;2025-12-06;16;1006
7;2025-12-06;17;1029
7;2025-12-06;18;994
7;2025-12-06;19;900
7;2025-12-06;20;731
7;2025-12-06;21;595
7;2025-12-06;22;324
7;2025-12-06;23;211
7;2025-12-07;0;96
7;2025-12-07;1;19
7;2025-12-07;2;0
7;2025-12-07;3;0
7;2025-12-07;4;0
7;2025-12-07;5;66
7;2025-12-07;6;191
7;2025-12-07;7;320
7;2025-12-07;8;516
7;2025-12-07;9;607
7;2025-12-07;10;679
7;2025-12-07;11;827
7;2025-12-07;12;974
7;2025-12-07;13;1007
7;2025-12-07;14;1094
7;2025-12-07;15;1033
7;2025-12-07;16;921
7;2025-12-07;17;907
7;2025-12-07;18;859
7;2025-12-07;19;780
7;2025-12-07;20;646
7;2025-12-07;21;515
7;2025-12-07;22;278
7;2025-12-07;23;167
7;2025-12-08;0;64
7;2025-12-08;1;11
7;2025-12-08;2;0
7;2025-12-08;3;0
7;2025-12-08;4;2
7;2025-12-08;5;197
7;2025-12-08;6;659
7;2025-12-08;7;1522
7;2025-12-08;8;2427
7;2025-12-08;9;1800
7;2025-12-08;10;1501
7;2025-12-08;11;1351
7;2025-12-08;12;1410
7;2025-12-08;13;1472
7;2025-12-08;14;1501
7;2025-12-08;15;1619
7;2025-12-08;16;1747
7;2025-12-08;17;2206
7;2025-12-08;18;2440
7;2025-12-08;19;1599
7;2025-12-08;20;1043
7;2025-12-08;21;599
7;2025-12-08;22;313
7;2025-12-08;23;177
7;2025-12-09;0;60
7;2025-12-09;1;12
7;2025-12-09;2;0
7;2025-12-09;3;0
7;2025-12-09;4;2
7;2025-12-09;5;201
7;2025-12-09;6;683
7;2025-12-09;7;1588
7;2025-12-09;8;2462
7;2025-12-09;9;1825
7;2025-12-09;10;1559
7;2025-12-09;11;1416
7;2025-12-09;12;1480
7;2025-12-09;13;1530
7;2025-12-09;14;1555
7;2025-12-09;15;1684
7;2025-12-09;16;1773
7;2025-12-09;17;2217
7;2025-12-09;18;2484
7;2025-12-09;19;1656
7;2025-12-09;20;1075
7;2025-12-09;21;625
7;2025-12-09;22;330
7;2025-12-09;23;186
7;2025-12-10;0;61
7;2025-12-10;1;13
7;2025-12-10;2;0
7;2025-12-10;3;0
7;2025-12-10;4;2
7;2025-12-10;5;202
7;2025-12-10;6;678
7;2025-12-10;7;1569
7;2025-12-10;8;2436
7;2025-12-10;9;1819
7;2025-12-10;10;1556
7;2025-12-10;11;1415
7;2025-12-10;12;1467
7;2025-12-10;13;1524
7;2025-12-10;14;1541
7;2025-12-10;15;1675
7;2025-12-10;16;1770
7;2025-12-10;17;2214
7;2025-12-10;18;2450
7;2025-12-10;19;1651
7;2025-12-10;20;1074
7;2025-12-10;21;629
7;2025-12-10;22;340
7;2025-12-10;23;201
7;2025-12-11;0;67
7;2025-12-11;1;15
7;2025-12-11;2;0
7;2025-12-11;3;0
7;2025-12-11;4;2
7;2025-12-11;5;199
7;2025-12-11;6;678
7;2025-12-11;7;1565
7;2025-12-11;8;2424
7;2025-12-11;9;1800
7;2025-12-11;10;1548
7;2025-12-11;11;1411
7;2025-12-11;12;1465
7;2025-12-11;13;1513
7;2025-12-11;14;1540
7;2025-12-11;15;1653
7;2025-12-11;16;1755
7;2025-12-11;17;2198
7;2025-12-11;18;2449
7;2025-12-11;19;1645
7;2025-12-11;20;1074
7;2025-12-11;21;629
7;2025-12-11;22;340
7;2025-12-11;23;208
7;2025-12-12;0;67
7;2025-12-12;1;15
7;2025-12-12;2;0
7;2025-12-12;3;0
7;2025-12-12;4;0
7;2025-12-12;5;195
7;2025-12-12;6;649
7;2025-12-12;7;1520
7;2025-12-12;8;2271
7;2025-12-12;9;1703
7;2025-12-12;10;1542
7;2025-12-12;11;1372
7;2025-12-12;12;1481
7;2025-12-12;13;1540
7;2025-12-12;14;1541
7;2025-12-12;15;1612
7;2025-12-12;16;1737
7;2025-12-12;17;2125
7;2025-12-12;18;2266
7;2025-12-12;19;1591
7;2025-12-12;20;1042
7;2025-12-12;21;607
7;2025-12-12;22;347
7;2025-12-12;23;219
7;2025-12-13;0;104
7;2025-12-13;1;24
7;2025-12-13;2;0
7;2025-12-13;3;0
7;2025-12-13;4;1
7;2025-12-13;5;58
7;2025-12-13;6;276
7;2025-12-13;7;459
7;2025-12-13;8;699
7;2025-12-13;9;718
7;2025-12-13;10;812
7;2025-12-13;11;924
7;2025-12-13;12;1045
7;2025-12-13;13;1087
7;2025-12-13;14;1108
7;2025-12-13;15;1135
7;2025-12-13;16;1006
7;2025-12-13;17;1029
7;2025-12-13;18;994
7;2025-12-13;19;900
7;2025-12-13;20;731
7;2025-12-13;21;595
7;2025-12-13;22;324
7;2025-12-13;23;211
7;2025-12-14;0;96
7;2025-12-14;1;19
7;2025-12-14;2;0
7;2025-12-14;3;0
7;2025-12-14;4;0
7;2025-12-14;5;66
7;2025-12-14;6;191
7;2025-12-14;7;320
7;2025-12-14;8;516
7;2025-12-14;9;607
7;2025-12-14;10;679
7;2025-12-14;11;827
7;2025-12-14;12;974
7;2025-12-14;13;1007
7;2025-12-14;14;1094
7;2025-12-14;15;1033
7;2025-12-14;16;921
7;2025-12-14;17;907
7;2025-12-14;18;859
7;2025-12-14;19;780
7;2025-12-14;20;646
7;2025-12-14;21;515
7;2025-12-14;22;278
7;2025-12-14;23;167
7;2025-12-15;0;64
7;2025-12-15;1;11
7;2025-12-15;2;0
7;2025-12-15;3;0
7;2025-12-15;4;2
7;2025-12-15;5;197
7;2025-12-15;6;659
7;2025-12-15;7;1522
7;2025-12-15;8;2427
7;2025-12-15;9;1800
7;2025-12-15;10;1501
7;2025-12-15;11;1351
7;2025-12-15;12;1410
7;2025-12-15;13;1472
7;2025-12-15;14;1501
7;2025-12-15;15;1619
7;2025-12-15;16;1747
7;2025-12-15;17;2206
7;2025-12-15;18;2440
7;2025-12-15;19;1599
7;2025-12-15;20;1043
7;2025-12-15;21;599
7;2025-12-15;22;313
7;2025-12-15;23;177
7;2025-12-16;0;60
7;2025-12-16;1;12
7;2025-12-16;2;0
7;2025-12-16;3;0
7;2025-12-16;4;2
7;2025-12-16;5;201
7;2025-12-16;6;683
7;2025-12-16;7;1588
7;2025-12-16;8;2462
7;2025-12-16;9;1825
7;2025-12-16;10;1559
7;2025-12-16;11;1416
7;2025-12-16;12;1480
7;2025-12-16;13;1530
7;2025-12-16;14;1555
7;2025-12-16;15;1684
7;2025-12-16;16;1773
7;2025-12-16;17;2217
7;2025-12-16;18;2484
7;2025-12-16;19;1656
7;2025-12-16;20;1075
7;2025-12-16;21;625
7;2025-12-16;22;330
7;2025-12-16;23;186
7;2025-12-17;0;61
7;2025-12-17;1;13
7;2025-12-17;2;0
7;2025-12-17;3;0
7;2025-12-17;4;2
7;2025-12-17;5;202
7;2025-12-17;6;678
7;2025-12-17;7;1569
7;2025-12-17;8;2436
7;2025-12-17;9;1819
7;2025-12-17;10;1556
7;2025-12-17;11;1415
7;2025-12-17;12;1467
7;2025-12-17;13;1524
7;2025-12-17;14;1541
7;2025-12-17;15;1675
7;2025-12-17;16;1770
7;2025-12-17;17;2214
7;2025-12-17;18;2450
7;2025-12-17;19;1651
7;2025-12-17;20;1074
7;2025-12-17;21;629
7;2025-12-17;22;340
7;2025-12-17;23;201
7;2025-12-18;0;67
7;2025-12-18;1;15
7;2025-12-18;2;0
7;2025-12-18;3;0
7;2025-12-18;4;2
7;2025-12-18;5;199
7;2025-12-18;6;678
7;2025-12-18;7;1565
7;2025-12-18;8;2424
7;2025-12-18;9;1800
7;2025-12-18;10;1548
7;2025-12-18;11;1411
7;2025-12-18;12;1465
7;2025-12-18;13;1513
7;2025-12-18;14;1540
7;2025-12-18;15;1653
7;2025-12-18;16;1755
7;2025-12-18;17;2198
7;2025-12-18;18;2449
7;2025-12-18;19;1645
7;2025-12-18;20;1074
7;2025-12-18;21;629
7;2025-12-18;22;340
7;2025-12-18;23;208
7;2025-12-19;0;67
7;2025-12-19;1;15
7;2025-12-19;2;0
7;2025-12-19;3;0
7;2025-12-19;4;0
7;2025-12-19;5;195
7;2025-12-19;6;649
7;2025-12-19;7;1520
7;2025-12-19;8;2271
7;2025-12-19;9;1703
7;2025-12-19;10;1542
7;2025-12-19;11;1372
7;2025-12-19;12;1481
7;2025-12-19;13;1540
7;2025-12-19;14;1541
7;2025-12-19;15;1612
7;2025-12-19;16;1737
7;2025-12-19;17;2125
7;2025-12-19;18;2266
7;2025-12-19;19;1591
7;2025-12-19;20;1042
7;2025-12-19;21;607
7;2025-12-19;22;347
7;2025-12-19;23;219
7;2025-12-20;0;104
7;2025-12-20;1;24
7;2025-12-20;2;0
7;2025-12-20;3;0
7;2025-12-20;4;1
7;2025-12-20;5;58
7;2025-12-20;6;276
7;2025-12-20;7;459
7;2025-12-20;8;699
7;2025-12-20;9;718
7;2025-12-20;10;812
7;2025-12-20;11;924
7;2025-12-20;12;1045
7;2025-12-20;13;1087
7;2025-12-20;14;1108
7;2025-12-20;15;1135
7;2025-12-20;16;1006
7;2025-12-20;17;1029
7;2025-12-20;18;994
7;2025-12-20;19;900
7;2025-12-20;20;731
7;2025-12-20;21;595
7;2025-12-20;22;324
7;2025-12-20;23;211
7;2025-12-21;0;96
7;2025-12-21;1;19
7;2025-12-21;2;0
7;2025-12-21;3;0
7;2025-12-21;4;0
7;2025-12-21;5;66
7;2025-12-21;6;191
7;2025-12-21;7;320
7;2025-12-21;8;516
7;2025-12-21;9;607
7;2025-12-21;10;679
7;2025-12-21;11;827
7;2025-12-21;12;974
7;2025-12-21;13;1007
7;2025-12-21;14;1094
7;2025-12-21;15;1033
7;2025-12-21;16;921
7;2025-12-21;17;907
7;2025-12-21;18;859
7;2025-12-21;19;780
7;2025-12-21;20;646
7;2025-12-21;21;515
7;2025-12-21;22;278
7;2025-12-21;23;167
7;2025-12-22;0;64
7;2025-12-22;1;11
7;2025-12-22;2;0
7;2025-12-22;3;0
7;2025-12-22;4;2
7;2025-12-22;5;197
7;2025-12-22;6;659
7;2025-12-22;7;1522
7;2025-12-22;8;2427
7;2025-12-22;9;1800
7;2025-12-22;10;1501
7;2025-12-22;11;1351
7;2025-12-22;12;1410
7;2025-12-22;13;1472
7;2025-12-22;14;1501
7;2025-12-22;15;1619
7;2025-12-22;16;1747
7;2025-12-22;17;2206
7;2025-12-22;18;2440
7;2025-12-22;19;1599
7;2025-12-22;20;1043
7;2025-12-22;21;599
7;2025-12-22;22;313
7;2025-12-22;23;177
7;2025-12-23;0;60
7;2025-12-23;1;12
7;2025-12-23;2;0
7;2025-12-23;3;0
7;2025-12-23;4;2
7;2025-12-23;5;201
7;2025-12-23;6;683
7;2025-12-23;7;1588
7;2025-12-23;8;2462
7;2025-12-23;9;1825
7;2025-12-23;10;1559
7;2025-12-23;11;1416
7;2025-12-23;12;1480
7;2025-12-23;13;1530
7;2025-12-23;14;1555
7;2025-12-23;15;1684
7;2025-12-23;16;1773
7;2025-12-23;17;2217
7;2025-12-23;18;2484
7;2025-12-23;19;1656
7;2025-12-23;20;1075
7;2025-12-23;21;625
7;2025-12-23;22;330
7;2025-12-23;23;186
7;2025-12-24;0;61
7;2025-12-24;1;13
7;2025-12-24;2;0
7;2025-12-24;3;0
7;2025-12-24;4;2
7;2025-12-24;5;202
7;2025-12-24;6;678
7;2025-12-24;7;1569
7;2025-12-24;8;2436
7;2025-12-24;9;1819
7;2025-12-24;10;1556
7;2025-12-24;11;1415
7;2025-12-24;12;1467
7;2025-12-24;13;1524
7;2025-12-24;14;1541
7;2025-12-24;15;1675
7;2025-12-24;16;1770
7;2025-12-24;17;2214
7;2025-12-24;18;2450
7;2025-12-24;19;1651
7;2025-12-24;20;1074
7;2025-12-24;21;629
7;2025-12-24;22;340
7;2025-12-24;23;201
7;2025-12-25;0;67
7;2025-12-25;1;15
7;2025-12-25;2;0
7;2025-12-25;3;0
7;2025-12-25;4;2
7;2025-12-25;5;199
7;2025-12-25;6;678
7;2025-12-25;7;1565
7;2025-12-25;8;2424
7;2025-12-25;9;1800
7;2025-12-25;10;1548
7;2025-12-25;11;1411
7;2025-12-25;12;1465
7;2025-12-25;13;1513
7;2025-12-25;14;1540
7;2025-12-25;15;1653
7;2025-12-25;16;1755
7;2025-12-25;17;2198
7;2025-12-25;18;2449
7;2025-12-25;19;1645
7;2025-12-25;20;1074
7;2025-12-25;21;629
7;2025-12-25;22;340
7;2025-12-25;23;208
7;2025-12-26;0;67
7;2025-12-26;1;15
7;2025-12-26;2;0
7;2025-12-26;3;0
7;2025-12-26;4;0
7;2025-12-26;5;195
7;2025-12-26;6;649
7;2025-12-26;7;1520
7;2025-12-26;8;2271
7;2025-12-26;9;1703
7;2025-12-26;10;1542
7;2025-12-26;11;1372
7;2025-12-26;12;1481
7;2025-12-26;13;1540
7;2025-12-26;14;1541
7;2025-12-26;15;1612
7;2025-12-26;16;1737
7;2025-12-26;17;2125
7;2025-12-26;18;2266
7;2025-12-26;19;1591
7;2025-12-26;20;1042
7;2025-12-26;21;607
7;2025-12-26;22;347
7;2025-12-26;23;219
7;2025-12-27;0;104
7;2025-12-27;1;24
7;2025-12-27;2;0
7;2025-12-27;3;0
7;2025-12-27;4;1
7;2025-12-27;5;58
7;2025-12-27;6;276
7;2025-12-27;7;459
7;2025-12-27;8;699
7;2025-12-27;9;718
7;2025-12-27;10;812
7;2025-12-27;11;924
7;2025-12-27;12;1045
7;2025-12-27;13;1087
7;2025-12-27;14;1108
7;2025-12-27;15;1135
7;2025-12-27;16;1006
7;2025-12-27;17;1029
7;2025-12-27;18;994
7;2025-12-27;19;900
7;2025-12-27;20;731
7;2025-12-27;21;595
7;2025-12-27;22;324
7;2025-12-27;23;211
7;2025-12-28;0;96
7;2025-12-28;1;19
7;2025-12-28;2;0
7;2025-12-28;3;0
7;2025-12-28;4;0
7;2025-12-28;5;66
7;2025-12-28;6;191
7;2025-12-28;7;320
7;2025-12-28;8;516
7;2025-12-28;9;607
7;2025-12-28;10;679
7;2025-12-28;11;827
7;2025-12-28;12;974
7;2025-12-28;13;1007
7;2025-12-28;14;1094
7;2025-12-28;15;1033
7;2025-12-28;16;921
7;2025-12-28;17;907
7;2025-12-28;18;859
7;2025-12-28;19;780
7;2025-12-28;20;646
7;2025-12-28;21;515
7;2025-12-28;22;278
7;2025-12-28;23;167
7;2025-12-29;0;64
7;2025-12-29;1;11
7;2025-12-29;2;0
7;2025-12-29;3;0
7;2025-12-29;4;2
7;2025-12-29;5;197
7;2025-12-29;6;659
7;2025-12-29;7;1522
7;2025-12-29;8;2427
7;2025-12-29;9;1800
7;2025-12-29;10;1501
7;2025-12-29;11;1351
7;2025-12-29;12;1410
7;2025-12-29;13;1472
7;2025-12-29;14;1501
7;2025-12-29;15;1619
7;2025-12-29;16;1747
7;2025-12-29;17;2206
7;2025-12-29;18;2440
7;2025-12-29;19;1599
7;2025-12-29;20;1043
7;2025-12-29;21;599
7;2025-12-29;22;313
7;2025-12-29;23;177
7;2025-12-30;0;60
7;2025-12-30;1;12
7;2025-12-30;2;0
7;2025-12-30;3;0
7;2025-12-30;4;2
7;2025-12-30;5;201
7;2025-12-30;6;683
7;2025-12-30;7;1588
7;2025-12-30;8;2462
7;2025-12-30;9;1825
7;2025-12-30;10;1559
7;2025-12-30;11;1416
7;2025-12-30;12;1480
7;2025-12-30;13;1530
7;2025-12-30;14;1555
7;2025-12-30;15;1684
7;2025-12-30;16;1773
7;2025-12-30;17;2217
7;2025-12-30;18;2484
7;2025-12-30;19;1656
7;2025-12-30;20;1075
7;2025-12-30;21;625
7;2025-12-30;22;330
7;2025-12-30;23;186
7;2025-12-31;0;61
7;2025-12-31;1;13
7;2025-12-31;2;0
7;2025-12-31;3;0
7;2025-12-31;4;2
7;2025-12-31;5;202
7;2025-12-31;6;678
7;2025-12-31;7;1569
7;2025-12-31;8;2436
7;2025-12-31;9;1819
7;2025-12-31;10;1556
7;2025-12-31;11;1415
7;2025-12-31;12;1467
7;2025-12-31;13;1524
7;2025-12-31;14;1541
7;2025-12-31;15;1675
7;2025-12-31;16;1770
7;2025-12-31;17;2214
7;2025-12-31;18;2450
7;2025-12-31;19;1651
7;2025-12-31;20;1074
7;2025-12-31;21;629
7;2025-12-31;22;340
7;2025-12-31;23;201
11;2025-11-01;0;105
11;2025-11-01;1;4
11;2025-11-01;2;0
11;2025-11-01;3;0
11;2025-11-01;4;2
11;2025-11-01;5;191
11;2025-11-01;6;767
11;2025-11-01;7;734
11;2025-11-01;8;952
11;2025-11-01;9;1119
11;2025-11-01;10;1211
11;2025-11-01;11;1561
11;2025-11-01;12;1735
11;2025-11-01;13;1647
11;2025-11-01;14;1669
11;2025-11-01;15;1680
11;2025-11-01;16;1655
11;2025-11-01;17;1762
11;2025-11-01;18;1519
11;2025-11-01;19;1394
11;2025-11-01;20;1089
11;2025-11-01;21;760
11;2025-11-01;22;450
11;2025-11-01;23;303
11;2025-11-02;0;105
11;2025-11-02;1;9
11;2025-11-02;2;0
11;2025-11-02;3;0
11;2025-11-02;4;2
11;2025-11-02;5;134
11;2025-11-02;6;537
11;2025-11-02;7;515
11;2025-11-02;8;675
11;2025-11-02;9;906
11;2025-11-02;10;1028
11;2025-11-02;11;1434
11;2025-11-02;12;1582
11;2025-11-02;13;1503
11;2025-11-02;14;1530
11;2025-11-02;15;1556
11;2025-11-02;16;1544
11;2025-11-02;17;1618
11;2025-11-02;18;1331
11;2025-11-02;19;1216
11;2025-11-02;20;927
11;2025-11-02;21;687
11;2025-11-02;22;397
11;2025-11-02;23;238
11;2025-11-03;0;72
11;2025-11-03;1;4
11;2025-11-03;2;0
11;2025-11-03;3;0
11;2025-11-03;4;0
11;2025-11-03;5;281
11;2025-11-03;6;1323
11;2025-11-03;7;2286
11;2025-11-03;8;3057
11;2025-11-03;9;2325
11;2025-11-03;10;1786
11;2025-11-03;11;1760
11;2025-11-03;12;1781
11;2025-11-03;13;1864
11;2025-11-03;14;1847
11;2025-11-03;15;1939
11;2025-11-03;16;2140
11;2025-11-03;17;2722
11;2025-11-03;18;2950
11;2025-11-03;19;2247
11;2025-11-03;20;1523
11;2025-11-03;21;892
11;2025-11-03;22;443
11;2025-11-03;23;229
11;2025-11-04;0;67
11;2025-11-04;1;1
11;2025-11-04;2;0
11;2025-11-04;3;0
11;2025-11-04;4;0
11;2025-11-04;5;287
11;2025-11-04;6;1342
11;2025-11-04;7;2321
11;2025-11-04;8;3088
11;2025-11-04;9;2368
11;2025-11-04;10;1830
11;2025-11-04;11;1808
11;2025-11-04;12;1836
11;2025-11-04;13;1943
11;2025-11-04;14;1908
11;2025-11-04;15;1984
11;2025-11-04;16;2164
11;2025-11-04;17;2742
11;2025-11-04;18;2977
11;2025-11-04;19;2304
11;2025-11-04;20;1551
11;2025-11-04;21;916
11;2025-11-04;22;460
11;2025-11-04;23;247
11;2025-11-05;0;68
11;2025-11-05;1;1
11;2025-11-05;2;0
11;2025-11-05;3;0
11;2025-11-05;4;0
11;2025-11-05;5;293
11;2025-11-05;6;1341
11;2025-11-05;7;2318
11;2025-11-05;8;3064
11;2025-11-05;9;2353
11;2025-11-05;10;1825
11;2025-11-05;11;1806
11;2025-11-05;12;1833
11;2025-11-05;13;1924
11;2025-11-05;14;1900
11;2025-11-05;15;1982
11;2025-11-05;16;2162
11;2025-11-05;17;2739
11;2025-11-05;18;2960
11;2025-11-05;19;2298
11;2025-11-05;20;1550
11;2025-11-05;21;920
11;2025-11-05;22;470
11;2025-11-05;23;260
11;2025-11-06;0;73
11;2025-11-06;1;1
11;2025-11-06;2;0
11;2025-11-06;3;0
11;2025-11-06;4;0
11;2025-11-06;5;291
11;2025-11-06;6;1341
11;2025-11-06;7;2307
11;2025-11-06;8;3067
11;2025-11-06;9;2361
11;2025-11-06;10;1824
11;2025-11-06;11;1800
11;2025-11-06;12;1829
11;2025-11-06;13;1921
11;2025-11-06;14;1898
11;2025-11-06;15;1973
11;2025-11-06;16;2162
11;2025-11-06;17;2721
11;2025-11-06;18;2955
11;2025-11-06;19;2291
11;2025-11-06;20;1550
11;2025-11-06;21;920
11;2025-11-06;22;473
11;2025-11-06;23;269
11;2025-11-07;0;75
11;2025-11-07;1;1
11;2025-11-07;2;0
11;2025-11-07;3;0
11;2025-11-07;4;0
11;2025-11-07;5;288
11;2025-11-07;6;1329
11;2025-11-07;7;2236
11;2025-11-07;8;2903
11;2025-11-07;9;2283
11;2025-11-07;10;1785
11;2025-11-07;11;1767
11;2025-11-07;12;1801
11;2025-11-07;13;1877
11;2025-11-07;14;1859
11;2025-11-07;15;1947
11;2025-11-07;16;2148
11;2025-11-07;17;2672
11;2025-11-07;18;2765
11;2025-11-07;19;2250
11;2025-11-07;20;1521
11;2025-11-07;21;903
11;2025-11-07;22;473
11;2025-11-07;23;293
11;2025-11-08;0;105
11;2025-11-08;1;4
11;2025-11-08;2;0
11;2025-11-08;3;0
11;2025-11-08;4;2
11;2025-11-08;5;191
11;2025-11-08;6;767
11;2025-11-08;7;734
11;2025-11-08;8;952
11;2025-11-08;9;1119
11;2025-11-08;10;1211
11;2025-11-08;11;1561
11;2025-11-08;12;1735
11;2025-11-08;13;1647
11;2025-11-08;14;1669
11;2025-11-08;15;1680
11;2025-11-08;16;1655
11;2025-11-08;17;1762
11;2025-11-08;18;1519
11;2025-11-08;19;1394
11;2025-11-08;20;1089
11;2025-11-08;21;760
11;2025-11-08;22;450
11;2025-11-08;23;303
11;2025-11-09;0;105
11;2025-11-09;1;9
11;2025-11-09;2;0
11;2025-11-09;3;0
11;2025-11-09;4;2
11;2025-11-09;5;134
11;2025-11-09;6;537
11;2025-11-09;7;515
11;2025-11-09;8;675
11;2025-11-09;9;906
11;2025-11-09;10;1028
11;2025-11-09;11;1434
11;2025-11-09;12;1582
11;2025-11-09;13;1503
11;2025-11-09;14;1530
11;2025-11-09;15;1556
11;2025-11-09;16;1544
11;2025-11-09;17;1618
11;2025-11-09;18;1331
11;2025-11-09;19;1216
11;2025-11-09;20;927
11;2025-11-09;21;687
11;2025-11-09;22;397
11;2025-11-09;23;238
11;2025-11-10;0;72
11;2025-11-10;1;4
11;2025-11-10;2;0
11;2025-11-10;3;0
11;2025-11-10;4;0
11;2025-11-10;5;281
11;2025-11-10;6;1323
11;2025-11-10;7;2286
11;2025-11-10;8;3057
11;2025-11-10;9;2325
11;2025-11-10;10;1786
11;2025-11-10;11;1760
11;2025-11-10;12;1781
11;2025-11-10;13;1864
11;2025-11-10;14;1847
11;2025-11-10;15;1939
11;2025-11-10;16;2140
11;2025-11-10;17;2722
11;2025-11-10;18;2950
11;2025-11-10;19;2247
11;2025-11-10;20;1523
11;2025-11-10;21;892
11;2025-11-10;22;443
11;2025-11-10;23;229
11;2025-11-11;0;67
11;2025-11-11;1;1
11;2025-11-11;2;0
11;2025-11-11;3;0
11;2025-11-11;4;0
11;2025-11-11;5;287
11;2025-11-11;6;1342
11;2025-11-11;7;2321
11;2025-11-11;8;3088
11;2025-11-11;9;2368
11;2025-11-11;10;1830
11;2025-11-11;11;1808
11;2025-11-11;12;1836
11;2025-11-11;13;1943
11;2025-11-11;14;1908
11;2025-11-11;15;1984
11;2025-11-11;16;2164
11;2025-11-11;17;2742
11;2025-11-11;18;2977
11;2025-11-11;19;2304
11;2025-11-11;20;1551
11;2025-11-11;21;916
11;2025-11-11;22;460
11;2025-11-11;23;247
11;2025-11-12;0;68
11;2025-11-12;1;1
11;2025-11-12;2;0
11;2025-11-12;3;0
11;2025-11-12;4;0
11;2025-11-12;5;293
11;2025-11-12;6;1341
11;2025-11-12;7;2318
11;2025-11-12;8;3064
11;2025-11-12;9;2353
11;2025-11-12;10;1825
11;2025-11-12;11;1806
11;2025-11-12;12;1833
11;2025-11-12;13;1924
11;2025-11-12;14;1900
11;2025-11-12;15;1982
11;2025-11-12;16;2162
11;2025-11-12;17;2739
11;2025-11-12;18;2960
11;2025-11-12;19;2298
11;2025-11-12;20;1550
11;2025-11-12;21;920
11;2025-11-12;22;470
11;2025-11-12;23;260
11;2025-11-13;0;73
11;2025-11-13;1;1
11;2025-11-13;2;0
11;2025-11-13;3;0
11;2025-11-13;4;0
11;2025-11-13;5;291
11;2025-11-13;6;1341
11;2025-11-13;7;2307
11;2025-11-13;8;3067
11;2025-11-13;9;2361
11;2025-11-13;10;1824
11;2025-11-13;11;1800
11;2025-11-13;12;1829
11;2025-11-13;13;1921
11;2025-11-13;14;1898
11;2025-11-13;15;1973
11;2025-11-13;16;2162
11;2025-11-13;17;2721
11;2025-11-13;18;2955
11;2025-11-13;19;2291
11;2025-11-13;20;1550
11;2025-11-13;21;920
11;2025-11-13;22;473
11;2025-11-13;23;269
11;2025-11-14;0;75
11;2025-11-14;1;1
11;2025-11-14;2;0
11;2025-11-14;3;0
11;2025-11-14;4;0
11;2025-11-14;5;288
11;2025-11-14;6;1329
11;2025-11-14;7;2236
11;2025-11-14;8;2903
11;2025-11-14;9;2283
11;2025-11-14;10;1785
11;2025-11-14;11;1767
11;2025-11-14;12;1801
11;2025-11-14;13;1877
11;2025-11-14;14;1859
11;2025-11-14;15;1947
11;2025-11-14;16;2148
11;2025-11-14;17;2672
11;2025-11-14;18;2765
11;2025-11-14;19;2250
11;2025-11-14;20;1521
11;2025-11-14;21;903
11;2025-11-14;22;473
11;2025-11-14;23;293
11;2025-11-15;0;105
11;2025-11-15;1;4
11;2025-11-15;2;0
11;2025-11-15;3;0
11;2025-11-15;4;2
11;2025-11-15;5;191
11;2025-11-15;6;767
11;2025-11-15;7;734
11;2025-11-15;8;952
11;2025-11-15;9;1119
11;2025-11-15;10;1211
11;2025-11-15;11;1561
11;2025-11-15;12;1735
11;2025-11-15;13;1647
11;2025-11-15;14;1669
11;2025-11-15;15;1680
11;2025-11-15;16;1655
11;2025-11-15;17;1762
11;2025-11-15;18;1519
11;2025-11-15;19;1394
11;2025-11-15;20;1089
11;2025-11-15;21;760
11;2025-11-15;22;450
11;2025-11-15;23;303
11;2025-11-16;0;105
11;2025-11-16;1;9
11;2025-11-16;2;0
11;2025-11-16;3;0
11;2025-11-16;4;2
11;2025-11-16;5;134
11;2025-11-16;6;537
11;2025-11-16;7;515
11;2025-11-16;8;675
11;2025-11-16;9;906
11;2025-11-16;10;1028
11;2025-11-16;11;1434
11;2025-11-16;12;1582
11;2025-11-16;13;1503
11;2025-11-16;14;1530
11;2025-11-16;15;1556
11;2025-11-16;16;1544
11;2025-11-16;17;1618
11;2025-11-16;18;1331
11;2025-11-16;19;1216
11;2025-11-16;20;927
11;2025-11-16;21;687
11;2025-11-16;22;397
11;2025-11-16;23;238
11;2025-11-17;0;72
11;2025-11-17;1;4
11;2025-11-17;2;0
11;2025-11-17;3;0
11;2025-11-17;4;0
11;2025-11-17;5;281
11;2025-11-17;6;1323
11;2025-11-17;7;2286
11;2025-11-17;8;3057
11;2025-11-17;9;2325
11;2025-11-17;10;1786
11;2025-11-17;11;1760
11;2025-11-17;12;1781
11;2025-11-17;13;1864
11;2025-11-17;14;1847
11;2025-11-17;15;1939
11;2025-11-17;16;2140
11;2025-11-17;17;2722
11;2025-11-17;18;2950
11;2025-11-17;19;2247
11;2025-11-17;20;1523
11;2025-11-17;21;892
11;2025-11-17;22;443
11;2025-11-17;23;229
11;2025-11-18;0;67
11;2025-11-18;1;1
11;2025-11-18;2;0
11;2025-11-18;3;0
11;2025-11-18;4;0
11;2025-11-18;5;287
11;2025-11-18;6;1342
11;2025-11-18;7;2321
11;2025-11-18;8;3088
11;2025-11-18;9;2368
11;2025-11-18;10;1830
11;2025-11-18;11;1808
11;2025-11-18;12;1836
11;2025-11-18;13;1943
11;2025-11-18;14;1908
11;2025-11-18;15;1984
11;2025-11-18;16;2164
11;2025-11-18;17;2742
11;2025-11-18;18;2977
11;2025-11-18;19;2304
11;2025-11-18;20;1551
11;2025-11-18;21;916
11;2025-11-18;22;460
11;2025-11-18;23;247
11;2025-11-19;0;68
11;2025-11-19;1;1
11;2025-11-19;2;0
11;2025-11-19;3;0
11;2025-11-19;4;0
11;2025-11-19;5;293
11;2025-11-19;6;1341
11;2025-11-19;7;2318
11;2025-11-19;8;3064
11;2025-11-19;9;2353
11;2025-11-19;10;1825
11;2025-11-19;11;1806
11;2025-11-19;12;1833
11;2025-11-19;13;1924
11;2025-11-19;14;1900
11;2025-11-19;15;1982
11;2025-11-19;16;2162
11;2025-11-19;17;2739
11;2025-11-19;18;2960
11;2025-11-19;19;2298
11;2025-11-19;20;1550
11;2025-11-19;21;920
11;2025-11-19;22;470
11;2025-11-19;23;260
11;2025-11-20;0;73
11;2025-11-20;1;1
11;2025-11-20;2;0
11;2025-11-20;3;0
11;2025-11-20;4;0
11;2025-11-20;5;291
11;2025-11-20;6;1341
11;2025-11-20;7;2307
11;2025-11-20;8;3067
11;2025-11-20;9;2361
11;2025-11-20;10;1824
11;2025-11-20;11;1800
11;2025-11-20;12;1829
11;2025-11-20;13;1921
11;2025-11-20;14;1898
11;2025-11-20;15;1973
11;2025-11-20;16;2162
11;2025-11-20;17;2721
11;2025-11-20;18;2955
11;2025-11-20;19;2291
11;2025-11-20;20;1550
11;2025-11-20;21;920
11;2025-11-20;22;473
11;2025-11-20;23;269
11;2025-11-21;0;75
11;2025-11-21;1;1
11;2025-11-21;2;0
11;2025-11-21;3;0
11;2025-11-21;4;0
11;2025-11-21;5;288
11;2025-11-21;6;1329
11;2025-11-21;7;2236
11;2025-11-21;8;2903
11;2025-11-21;9;2283
11;2025-11-21;10;1785
11;2025-11-21;11;1767
11;2025-11-21;12;1801
11;2025-11-21;13;1877
11;2025-11-21;14;1859
11;2025-11-21;15;1947
11;2025-11-21;16;2148
11;2025-11-21;17;2672
11;2025-11-21;18;2765
11;2025-11-21;19;2250
11;2025-11-21;20;1521
11;2025-11-21;21;903
11;2025-11-21;22;473
11;2025-11-21;23;293
11;2025-11-22;0;105
11;2025-11-22;1;4
11;2025-11-22;2;0
11;2025-11-22;3;0
11;2025-11-22;4;2
11;2025-11-22;5;191
11;2025-11-22;6;767
11;2025-11-22;7;734
11;2025-11-22;8;952
11;2025-11-22;9;1119
11;2025-11-22;10;1211
11;2025-11-22;11;1561
11;2025-11-22;12;1735
11;2025-11-22;13;1647
11;2025-11-22;14;1669
11;2025-11-22;15;1680
11;2025-11-22;16;1655
11;2025-11-22;17;1762
11;2025-11-22;18;1519
11;2025-11-22;19;1394
11;2025-11-22;20;1089
11;2025-11-22;21;760
11;2025-11-22;22;450
11;2025-11-22;23;303
11;2025-11-23;0;105
11;2025-11-23;1;9
11;2025-11-23;2;0
11;2025-11-23;3;0
11;2025-11-23;4;2
11;2025-11-23;5;134
11;2025-11-23;6;537
11;2025-11-23;7;515
11;2025-11-23;8;675
11;2025-11-23;9;906
11;2025-11-23;10;1028
11;2025-11-23;11;1434
11;2025-11-23;12;1582
11;2025-11-23;13;1503
11;2025-11-23;14;1530
11;2025-11-23;15;1556
11;2025-11-23;16;1544
11;2025-11-23;17;1618
11;2025-11-23;18;1331
11;2025-11-23;19;1216
11;2025-11-23;20;927
11;2025-11-23;21;687
11;2025-11-23;22;397
11;2025-11-23;23;238
11;2025-11-24;0;72
11;2025-11-24;1;4
11;2025-11-24;2;0
11;2025-11-24;3;0
11;2025-11-24;4;0
11;2025-11-24;5;281
11;2025-11-24;6;1323
11;2025-11-24;7;2286
11;2025-11-24;8;3057
11;2025-11-24;9;2325
11;2025-11-24;10;1786
11;2025-11-24;11;1760
11;2025-11-24;12;1781
11;2025-11-24;13;1864
11;2025-11-24;14;1847
11;2025-11-24;15;1939
11;2025-11-24;16;2140
11;2025-11-24;17;2722
11;2025-11-24;18;2950
11;2025-11-24;19;2247
11;2025-11-24;20;1523
11;2025-11-24;21;892
11;2025-11-24;22;443
11;2025-11-24;23;229
11;2025-11-25;0;67
11;2025-11-25;1;1
11;2025-11-25;2;0
11;2025-11-25;3;0
11;2025-11-25;4;0
11;2025-11-25;5;287
11;2025-11-25;6;1342
11;2025-11-25;7;2321
11;2025-11-25;8;3088
11;2025-11-25;9;2368
11;2025-11-25;10;1830
11;2025-11-25;11;1808
11;2025-11-25;12;1836
11;2025-11-25;13;1943
11;2025-11-25;14;1908
11;2025-11-25;15;1984
11;2025-11-25;16;2164
11;2025-11-25;17;2742
11;2025-11-25;18;2977
11;2025-11-25;19;2304
11;2025-11-25;20;1551
11;2025-11-25;21;916
11;2025-11-25;22;460
11;2025-11-25;23;247
11;2025-11-26;0;68
11;2025-11-26;1;1
11;2025-11-26;2;0
11;2025-11-26;3;0
11;2025-11-26;4;0
11;2025-11-26;5;293
11;2025-11-26;6;1341
11;2025-11-26;7;2318
11;2025-11-26;8;3064
11;2025-11-26;9;2353
11;2025-11-26;10;1825
11;2025-11-26;11;1806
11;2025-11-26;12;1833
11;2025-11-26;13;1924
11;2025-11-26;14;1900
11;2025-11-26;15;1982
11;2025-11-26;16;2162
11;2025-11-26;17;2739
11;2025-11-26;18;2960
11;2025-11-26;19;2298
11;2025-11-26;20;1550
11;2025-11-26;21;920
11;2025-11-26;22;470
11;2025-11-26;23;260
11;2025-11-27;0;73
11;2025-11-27;1;1
11;2025-11-27;2;0
11;2025-11-27;3;0
11;2025-11-27;4;0
11;2025-11-27;5;291
11;2025-11-27;6;1341
11;2025-11-27;7;2307
11;2025-11-27;8;3067
11;2025-11-27;9;2361
11;2025-11-27;10;1824
11;2025-11-27;11;1800
11;2025-11-27;12;1829
11;2025-11-27;13;1921
11;2025-11-27;14;1898
11;2025-11-27;15;1973
11;2025-11-27;16;2162
11;2025-11-27;17;2721
11;2025-11-27;18;2955
11;2025-11-27;19;2291
11;2025-11-27;20;1550
11;2025-11-27;21;920
11;2025-11-27;22;473
11;2025-11-27;23;269
11;2025-11-28;0;75
11;2025-11-28;1;1
11;2025-11-28;2;0
11;2025-11-28;3;0
11;2025-11-28;4;0
11;2025-11-28;5;288
11;2025-11-28;6;1329
11;2025-11-28;7;2236
11;2025-11-28;8;2903
11;2025-11-28;9;2283
11;2025-11-28;10;1785
11;2025-11-28;11;1767
11;2025-11-28;12;1801
11;2025-11-28;13;1877
11;2025-11-28;14;1859
11;2025-11-28;15;1947
11;2025-11-28;16;2148
11;2025-11-28;17;2672
11;2025-11-28;18;2765
11;2025-11-28;19;2250
11;2025-11-28;20;1521
11;2025-11-28;21;903
11;2025-11-28;22;473
11;2025-11-28;23;293
11;2025-11-29;0;105
11;2025-11-29;1;4
11;2025-11-29;2;0
11;2025-11-29;3;0
11;2025-11-29;4;2
11;2025-11-29;5;191
11;2025-11-29;6;767
11;2025-11-29;7;734
11;2025-11-29;8;952
11;2025-11-29;9;1119
11;2025-11-29;10;1211
11;2025-11-29;11;1561
11;2025-11-29;12;1735
11;2025-11-29;13;1647
11;2025-11-29;14;1669
11;2025-11-29;15;1680
11;2025-11-29;16;1655
11;2025-11-29;17;1762
11;2025-11-29;18;1519
11;2025-11-29;19;1394
11;2025-11-29;20;1089
11;2025-11-29;21;760
11;2025-11-29;22;450
11;2025-11-29;23;303
11;2025-11-30;0;105
11;2025-11-30;1;9
11;2025-11-30;2;0
11;2025-11-30;3;0
11;2025-11-30;4;2
11;2025-11-30;5;134
11;2025-11-30;6;537
11;2025-11-30;7;515
11;2025-11-30;8;675
11;2025-11-30;9;906
11;2025-11-30;10;1028
11;2025-11-30;11;1434
11;2025-11-30;12;1582
11;2025-11-30;13;1503
11;2025-11-30;14;1530
11;2025-11-30;15;1556
11;2025-11-30;16;1544
11;2025-11-30;17;1618
11;2025-11-30;18;1331
11;2025-11-30;19;1216
11;2025-11-30;20;927
11;2025-11-30;21;687
11;2025-11-30;22;397
11;2025-11-30;23;238
11;2025-12-01;0;72
11;2025-12-01;1;4
11;2025-12-01;2;0
11;2025-12-01;3;0
11;2025-12-01;4;0
11;2025-12-01;5;281
11;2025-12-01;6;1323
11;2025-12-01;7;2286
11;2025-12-01;8;3057
11;2025-12-01;9;2325
11;2025-12-01;10;1786
11;2025-12-01;11;1760
11;2025-12-01;12;1781
11;2025-12-01;13;1864
11;2025-12-01;14;1847
11;2025-12-01;15;1939
11;2025-12-01;16;2140
11;2025-12-01;17;2722
11;2025-12-01;18;2950
11;2025-12-01;19;2247
11;2025-12-01;20;1523
11;2025-12-01;21;892
11;2025-12-01;22;443
11;2025-12-01;23;229
11;2025-12-02;0;67
11;2025-12-02;1;1
11;2025-12-02;2;0
11;2025-12-02;3;0
11;2025-12-02;4;0
11;2025-12-02;5;287
11;2025-12-02;6;1342
11;2025-12-02;7;2321
11;2025-12-02;8;3088
11;2025-12-02;9;2368
11;2025-12-02;10;1830
11;2025-12-02;11;1808
11;2025-12-02;12;1836
11;2025-12-02;13;1943
11;2025-12-02;14;1908
11;2025-12-02;15;1984
11;2025-12-02;16;2164
11;2025-12-02;17;2742
11;2025-12-02;18;2977
11;2025-12-02;19;2304
11;2025-12-02;20;1551
11;2025-12-02;21;916
11;2025-12-02;22;460
11;2025-12-02;23;247
11;2025-12-03;0;68
11;2025-12-03;1;1
11;2025-12-03;2;0
11;2025-12-03;3;0
11;2025-12-03;4;0
11;2025-12-03;5;293
11;2025-12-03;6;1341
11;2025-12-03;7;2318
11;2025-12-03;8;3064
11;2025-12-03;9;2353
11;2025-12-03;10;1825
11;2025-12-03;11;1806
11;2025-12-03;12;1833
11;2025-12-03;13;1924
11;2025-12-03;14;1900
11;2025-12-03;15;1982
11;2025-12-03;16;2162
11;2025-12-03;17;2739
11;2025-12-03;18;2960
11;2025-12-03;19;2298
11;2025-12-03;20;1550
11;2025-12-03;21;920
11;2025-12-03;22;470
11;2025-12-03;23;260
11;2025-12-04;0;73
11;2025-12-04;1;1
11;2025-12-04;2;0
11;2025-12-04;3;0
11;2025-12-04;4;0
11;2025-12-04;5;291
11;2025-12-04;6;1341
11;2025-12-04;7;2307
11;2025-12-04;8;3067
11;2025-12-04;9;2361
11;2025-12-04;10;1824
11;2025-12-04;11;1800
11;2025-12-04;12;1829
11;2025-12-04;13;1921
11;2025-12-04;14;1898
11;2025-12-04;15;1973
11;2025-12-04;16;2162
11;2025-12-04;17;2721
11;2025-12-04;18;2955
11;2025-12-04;19;2291
11;2025-12-04;20;1550
11;2025-12-04;21;920
11;2025-12-04;22;473
11;2025-12-04;23;269
11;2025-12-05;0;75
11;2025-12-05;1;1
11;2025-12-05;2;0
11;2025-12-05;3;0
11;2025-12-05;4;0
11;2025-12-05;5;288
11;2025-12-05;6;1329
11;2025-12-05;7;2236
11;2025-12-05;8;2903
11;2025-12-05;9;2283
11;2025-12-05;10;1785
11;2025-12-05;11;1767
11;2025-12-05;12;1801
11;2025-12-05;13;1877
11;2025-12-05;14;1859
11;2025-12-05;15;1947
11;2025-12-05;16;2148
11;2025-12-05;17;2672
11;2025-12-05;18;2765
11;2025-12-05;19;2250
11;2025-12-05;20;1521
11;2025-12-05;21;903
11;2025-12-05;22;473
11;2025-12-05;23;293
11;2025-12-06;0;105
11;2025-12-06;1;4
11;2025-12-06;2;0
11;2025-12-06;3;0
11;2025-12-06;4;2
11;2025-12-06;5;191
11;2025-12-06;6;767
11;2025-12-06;7;734
11;2025-12-06;8;952
11;2025-12-06;9;1119
11;2025-12-06;10;1211
11;2025-12-06;11;1561
11;2025-12-06;12;1735
11;2025-12-06;13;1647
11;2025-12-06;14;1669
11;2025-12-06;15;1680
11;2025-12-06;16;1655
11;2025-12-06;17;1762
11;2025-12-06;18;1519
11;2025-12-06;19;1394
11;2025-12-06;20;1089
11;2025-12-06;21;760
11;2025-12-06;22;450
11;2025-12-06;23;303
11;2025-12-07;0;105
11;2025-12-07;1;9
11;2025-12-07;2;0
11;2025-12-07;3;0
11;2025-12-07;4;2
11;2025-12-07;5;134
11;2025-12-07;6;537
11;2025-12-07;7;515
11;2025-12-07;8;675
11;2025-12-07;9;906
11;2025-12-07;10;1028
11;2025-12-07;11;1434
11;2025-12-07;12;1582
11;2025-12-07;13;1503
11;2025-12-07;14;1530
11;2025-12-07;15;1556
11;2025-12-07;16;1544
11;2025-12-07;17;1618
11;2025-12-07;18;1331
11;2025-12-07;19;1216
11;2025-12-07;20;927
11;2025-12-07;21;687
11;2025-12-07;22;397
11;2025-12-07;23;238
11;2025-12-08;0;72
11;2025-12-08;1;4
11;2025-12-08;2;0
11;2025-12-08;3;0
11;2025-12-08;4;0
11;2025-12-08;5;281
11;2025-12-08;6;1323
11;2025-12-08;7;2286
11;2025-12-08;8;3057
11;2025-12-08;9;2325
11;2025-12-08;10;1786
11;2025-12-08;11;1760
11;2025-12-08;12;1781
11;2025-12-08;13;1864
11;2025-12-08;14;1847
11;2025-12-08;15;1939
11;2025-12-08;16;2140
11;2025-12-08;17;2722
11;2025-12-08;18;2950
11;2025-12-08;19;2247
11;2025-12-08;20;1523
11;2025-12-08;21;892
11;2025-12-08;22;443
11;2025-12-08;23;229
11;2025-12-09;0;67
11;2025-12-09;1;1
11;2025-12-09;2;0
11;2025-12-09;3;0
11;2025-12-09;4;0
11;2025-12-09;5;287
11;2025-12-09;6;1342
11;2025-12-09;7;2321
11;2025-12-09;8;3088
11;2025-12-09;9;2368
11;2025-12-09;10;1830
11;2025-12-09;11;1808
11;2025-12-09;12;1836
11;2025-12-09;13;1943
11;2025-12-09;14;1908
11;2025-12-09;15;1984
11;2025-12-09;16;2164
11;2025-12-09;17;2742
11;2025-12-09;18;2977
11;2025-12-09;19;2304
11;2025-12-09;20;1551
11;2025-12-09;21;916
11;2025-12-09;22;460
11;2025-12-09;23;247
11;2025-12-10;0;68
11;2025-12-10;1;1
11;2025-12-10;2;0
11;2025-12-10;3;0
11;2025-12-10;4;0
11;2025-12-10;5;293
11;2025-12-10;6;1341
11;2025-12-10;7;2318
11;2025-12-10;8;3064
11;2025-12-10;9;2353
11;2025-12-10;10;1825
11;2025-12-10;11;1806
11;2025-12-10;12;1833
11;2025-12-10;13;1924
11;2025-12-10;14;1900
11;2025-12-10;15;1982
11;2025-12-10;16;2162
11;2025-12-10;17;2739
11;2025-12-10;18;2960
11;2025-12-10;19;2298
11;2025-12-10;20;1550
11;2025-12-10;21;920
11;2025-12-10;22;470
11;2025-12-10;23;260
11;2025-12-11;0;73
11;2025-12-11;1;1
11;2025-12-11;2;0
11;2025-12-11;3;0
11;2025-12-11;4;0
11;2025-12-11;5;291
11;2025-12-11;6;1341
11;2025-12-11;7;2307
11;2025-12-11;8;3067
11;2025-12-11;9;2361
11;2025-12-11;10;1824
11;2025-12-11;11;1800
11;2025-12-11;12;1829
11;2025-12-11;13;1921
11;2025-12-11;14;1898
11;2025-12-11;15;1973
11;2025-12-11;16;2162
11;2025-12-11;17;2721
11;2025-12-11;18;2955
11;2025-12-11;19;2291
11;2025-12-11;20;1550
11;2025-12-11;21;920
11;2025-12-11;22;473
11;2025-12-11;23;269
11;2025-12-12;0;75
11;2025-12-12;1;1
11;2025-12-12;2;0
11;2025-12-12;3;0
11;2025-12-12;4;0
11;2025-12-12;5;288
11;2025-12-12;6;1329
11;2025-12-12;7;2236
11;2025-12-12;8;2903
11;2025-12-12;9;2283
11;2025-12-12;10;1785
11;2025-12-12;11;1767
11;2025-12-12;12;1801
11;2025-12-12;13;1877
11;2025-12-12;14;1859
11;2025-12-12;15;1947
11;2025-12-12;16;2148
11;2025-12-12;17;2672
11;2025-12-12;18;2765
11;2025-12-12;19;2250
11;2025-12-12;20;1521
11;2025-12-12;21;903
11;2025-12-12;22;473
11;2025-12-12;23;293
11;2025-12-13;0;105
11;2025-12-13;1;4
11;2025-12-13;2;0
11;2025-12-13;3;0
11;2025-12-13;4;2
11;2025-12-13;5;191
11;2025-12-13;6;767
11;2025-12-13;7;734
11;2025-12-13;8;952
11;2025-12-13;9;1119
11;2025-12-13;10;1211
11;2025-12-13;11;1561
11;2025-12-13;12;1735
11;2025-12-13;13;1647
11;2025-12-13;14;1669
11;2025-12-13;15;1680
11;2025-12-13;16;1655
11;2025-12-13;17;1762
11;2025-12-13;18;1519
11;2025-12-13;19;1394
11;2025-12-13;20;1089
11;2025-12-13;21;760
11;2025-12-13;22;450
11;2025-12-13;23;303
11;2025-12-14;0;105
11;2025-12-14;1;9
11;2025-12-14;2;0
11;2025-12-14;3;0
11;2025-12-14;4;2
11;2025-12-14;5;134
11;2025-12-14;6;537
11;2025-12-14;7;515
11;2025-12-14;8;675
11;2025-12-14;9;906
11;2025-12-14;10;1028
11;2025-12-14;11;1434
11;2025-12-14;12;1582
11;2025-12-14;13;1503
11;2025-12-14;14;1530
11;2025-12-14;15;1556
11;2025-12-14;16;1544
11;2025-12-14;17;1618
11;2025-12-14;18;1331
11;2025-12-14;19;1216
11;2025-12-14;20;927
11;2025-12-14;21;687
11;2025-12-14;22;397
11;2025-12-14;23;238
11;2025-12-15;0;72
11;2025-12-15;1;4
11;2025-12-15;2;0
11;2025-12-15;3;0
11;2025-12-15;4;0
11;2025-12-15;5;281
11;2025-12-15;6;1323
11;2025-12-15;7;2286
11;2025-12-15;8;3057
11;2025-12-15;9;2325
11;2025-12-15;10;1786
11;2025-12-15;11;1760
11;2025-12-15;12;1781
11;2025-12-15;13;1864
11;2025-12-15;14;1847
11;2025-12-15;15;1939
11;2025-12-15;16;2140
11;2025-12-15;17;2722
11;2025-12-15;18;2950
11;2025-12-15;19;2247
11;2025-12-15;20;1523
11;2025-12-15;21;892
11;2025-12-15;22;443
11;2025-12-15;23;229
11;2025-12-16;0;67
11;2025-12-16;1;1
11;2025-12-16;2;0
11;2025-12-16;3;0
11;2025-12-16;4;0
11;2025-12-16;5;287
11;2025-12-16;6;1342
11;2025-12-16;7;2321
11;2025-12-16;8;3088
11;2025-12-16;9;2368
11;2025-12-16;10;1830
11;2025-12-16;11;1808
11;2025-12-16;12;1836
11;2025-12-16;13;1943
11;2025-12-16;14;1908
11;2025-12-16;15;1984
11;2025-12-16;16;2164
11;2025-12-16;17;2742
11;2025-12-16;18;2977
11;2025-12-16;19;2304
11;2025-12-16;20;1551
11;2025-12-16;21;916
11;2025-12-16;22;460
11;2025-12-16;23;247
11;2025-12-17;0;68
11;2025-12-17;1;1
11;2025-12-17;2;0
11;2025-12-17;3;0
11;2025-12-17;4;0
11;2025-12-17;5;293
11;2025-12-17;6;1341
11;2025-12-17;7;2318
11;2025-12-17;8;3064
11;2025-12-17;9;2353
11;2025-12-17;10;1825
11;2025-12-17;11;1806
11;2025-12-17;12;1833
11;2025-12-17;13;1924
11;2025-12-17;14;1900
11;2025-12-17;15;1982
11;2025-12-17;16;2162
11;2025-12-17;17;2739
11;2025-12-17;18;2960
11;2025-12-17;19;2298
11;2025-12-17;20;1550
11;2025-12-17;21;920
11;2025-12-17;22;470
11;2025-12-17;23;260
11;2025-12-18;0;73
11;2025-12-18;1;1
11;2025-12-18;2;0
11;2025-12-18;3;0
11;2025-12-18;4;0
11;2025-12-18;5;291
11;2025-12-18;6;1341
11;2025-12-18;7;2307
11;2025-12-18;8;3067
11;2025-12-18;9;2361
11;2025-12-18;10;1824
11;2025-12-18;11;1800
11;2025-12-18;12;1829
11;2025-12-18;13;1921
11;2025-12-18;14;1898
11;2025-12-18;15;1973
11;2025-12-18;16;2162
11;2025-12-18;17;2721
11;2025-12-18;18;2955
11;2025-12-18;19;2291
11;2025-12-18;20;1550
11;2025-12-18;21;920
11;2025-12-18;22;473
11;2025-12-18;23;269
11;2025-12-19;0;75
11;2025-12-19;1;1
11;2025-12-19;2;0
11;2025-12-19;3;0
11;2025-12-19;4;0
11;2025-12-19;5;288
11;2025-12-19;6;1329
11;2025-12-19;7;2236
11;2025-12-19;8;2903
11;2025-12-19;9;2283
11;2025-12-19;10;1785
11;2025-12-19;11;1767
11;2025-12-19;12;1801
11;2025-12-19;13;1877
11;2025-12-19;14;1859
11;2025-12-19;15;1947
11;2025-12-19;16;2148
11;2025-12-19;17;2672
11;2025-12-19;18;2765
11;2025-12-19;19;2250
11;2025-12-19;20;1521
11;2025-12-19;21;903
11;2025-12-19;22;473
11;2025-12-19;23;293
11;2025-12-20;0;105
11;2025-12-20;1;4
11;2025-12-20;2;0
11;2025-12-20;3;0
11;2025-12-20;4;2
11;2025-12-20;5;191
11;2025-12-20;6;767
11;2025-12-20;7;734
11;2025-12-20;8;952
11;2025-12-20;9;1119
11;2025-12-20;10;1211
11;2025-12-20;11;1561
11;2025-12-20;12;1735
11;2025-12-20;13;1647
11;2025-12-20;14;1669
11;2025-12-20;15;1680
11;2025-12-20;16;1655
11;2025-12-20;17;1762
11;2025-12-20;18;1519
11;2025-12-20;19;1394
11;2025-12-20;20;1089
11;2025-12-20;21;760
11;2025-12-20;22;450
11;2025-12-20;23;303
11;2025-12-21;0;105
11;2025-12-21;1;9
11;2025-12-21;2;0
11;2025-12-21;3;0
11;2025-12-21;4;2
11;2025-12-21;5;134
11;2025-12-21;6;537
11;2025-12-21;7;515
11;2025-12-21;8;675
11;2025-12-21;9;906
11;2025-12-21;10;1028
11;2025-12-21;11;1434
11;2025-12-21;12;1582
11;2025-12-21;13;1503
11;2025-12-21;14;1530
11;2025-12-21;15;1556
11;2025-12-21;16;1544
11;2025-12-21;17;1618
11;2025-12-21;18;1331
11;2025-12-21;19;1216
11;2025-12-21;20;927
11;2025-12-21;21;687
11;2025-12-21;22;397
11;2025-12-21;23;238
11;2025-12-22;0;72
11;2025-12-22;1;4
11;2025-12-22;2;0
11;2025-12-22;3;0
11;2025-12-22;4;0
11;2025-12-22;5;281
11;2025-12-22;6;1323
11;2025-12-22;7;2286
11;2025-12-22;8;3057
11;2025-12-22;9;2325
11;2025-12-22;10;1786
11;2025-12-22;11;1760
11;2025-12-22;12;1781
11;2025-12-22;13;1864
11;2025-12-22;14;1847
11;2025-12-22;15;1939
11;2025-12-22;16;2140
11;2025-12-22;17;2722
11;2025-12-22;18;2950
11;2025-12-22;19;2247
11;2025-12-22;20;1523
11;2025-12-22;21;892
11;2025-12-22;22;443
11;2025-12-22;23;229
11;2025-12-23;0;67
11;2025-12-23;1;1
11;2025-12-23;2;0
11;2025-12-23;3;0
11;2025-12-23;4;0
11;2025-12-23;5;287
11;2025-12-23;6;1342
11;2025-12-23;7;2321
11;2025-12-23;8;3088
11;2025-12-23;9;2368
11;2025-12-23;10;1830
11;2025-12-23;11;1808
11;2025-12-23;12;1836
11;2025-12-23;13;1943
11;2025-12-23;14;1908
11;2025-12-23;15;1984
11;2025-12-23;16;2164
11;2025-12-23;17;2742
11;2025-12-23;18;2977
11;2025-12-23;19;2304
11;2025-12-23;20;1551
11;2025-12-23;21;916
11;2025-12-23;22;460
11;2025-12-23;23;247
11;2025-12-24;0;68
11;2025-12-24;1;1
11;2025-12-24;2;0
11;2025-12-24;3;0
11;2025-12-24;4;0
11;2025-12-24;5;293
11;2025-12-24;6;1341
11;2025-12-24;7;2318
11;2025-12-24;8;3064
11;2025-12-24;9;2353
11;2025-12-24;10;1825
11;2025-12-24;11;1806
11;2025-12-24;12;1833
11;2025-12-24;13;1924
11;2025-12-24;14;1900
11;2025-12-24;15;1982
11;2025-12-24;16;2162
11;2025-12-24;17;2739
11;2025-12-24;18;2960
11;2025-12-24;19;2298
11;2025-12-24;20;1550
11;2025-12-24;21;920
11;2025-12-24;22;470
11;2025-12-24;23;260
11;2025-12-25;0;73
11;2025-12-25;1;1
11;2025-12-25;2;0
11;2025-12-25;3;0
11;2025-12-25;4;0
11;2025-12-25;5;291
11;2025-12-25;6;1341
11;2025-12-25;7;2307
11;2025-12-25;8;3067
11;2025-12-25;9;2361
11;2025-12-25;10;1824
11;2025-12-25;11;1800
11;2025-12-25;12;1829
11;2025-12-25;13;1921
11;2025-12-25;14;1898
11;2025-12-25;15;1973
11;2025-12-25;16;2162
11;2025-12-25;17;2721
11;2025-12-25;18;2955
11;2025-12-25;19;2291
11;2025-12-25;20;1550
11;2025-12-25;21;920
11;2025-12-25;22;473
11;2025-12-25;23;269
11;2025-12-26;0;75
11;2025-12-26;1;1
11;2025-12-26;2;0
11;2025-12-26;3;0
11;2025-12-26;4;0
11;2025-12-26;5;288
11;2025-12-26;6;1329
11;2025-12-26;7;2236
11;2025-12-26;8;2903
11;2025-12-26;9;2283
11;2025-12-26;10;1785
11;2025-12-26;11;1767
11;2025-12-26;12;1801
11;2025-12-26;13;1877
11;2025-12-26;14;1859
11;2025-12-26;15;1947
11;2025-12-26;16;2148
11;2025-12-26;17;2672
11;2025-12-26;18;2765
11;2025-12-26;19;2250
11;2025-12-26;20;1521
11;2025-12-26;21;903
11;2025-12-26;22;473
11;2025-12-26;23;293
11;2025-12-27;0;105
11;2025-12-27;1;4
11;2025-12-27;2;0
11;2025-12-27;3;0
11;2025-12-27;4;2
11;2025-12-27;5;191
11;2025-12-27;6;767
11;2025-12-27;7;734
11;2025-12-27;8;952
11;2025-12-27;9;1119
11;2025-12-27;10;1211
11;2025-12-27;11;1561
11;2025-12-27;12;1735
11;2025-12-27;13;1647
11;2025-12-27;14;1669
11;2025-12-27;15;1680
11;2025-12-27;16;1655
11;2025-12-27;17;1762
11;2025-12-27;18;1519
11;2025-12-27;19;1394
11;2025-12-27;20;1089
11;2025-12-27;21;760
11;2025-12-27;22;450
11;2025-12-27;23;303
11;2025-12-28;0;105
11;2025-12-28;1;9
11;2025-12-28;2;0
11;2025-12-28;3;0
11;2025-12-28;4;2
11;2025-12-28;5;134
11;2025-12-28;6;537
11;2025-12-28;7;515
11;2025-12-28;8;675
11;2025-12-28;9;906
11;2025-12-28;10;1028
11;2025-12-28;11;1434
11;2025-12-28;12;1582
11;2025-12-28;13;1503
11;2025-12-28;14;1530
11;2025-12-28;15;1556
11;2025-12-28;16;1544
11;2025-12-28;17;1618
11;2025-12-28;18;1331
11;2025-12-28;19;1216
11;2025-12-28;20;927
11;2025-12-28;21;687
11;2025-12-28;22;397
11;2025-12-28;23;238
11;2025-12-29;0;72
11;2025-12-29;1;4
11;2025-12-29;2;0
11;2025-12-29;3;0
11;2025-12-29;4;0
11;2025-12-29;5;281
11;2025-12-29;6;1323
11;2025-12-29;7;2286
11;2025-12-29;8;3057
11;2025-12-29;9;2325
11;2025-12-29;10;1786
11;2025-12-29;11;1760
11;2025-12-29;12;1781
11;2025-12-29;13;1864
11;2025-12-29;14;1847
11;2025-12-29;15;1939
11;2025-12-29;16;2140
11;2025-12-29;17;2722
11;2025-12-29;18;2950
11;2025-12-29;19;2247
11;2025-12-29;20;1523
11;2025-12-29;21;892
11;2025-12-29;22;443
11;2025-12-29;23;229
11;2025-12-30;0;67
11;2025-12-30;1;1
11;2025-12-30;2;0
11;2025-12-30;3;0
11;2025-12-30;4;0
11;2025-12-30;5;287
11;2025-12-30;6;1342
11;2025-12-30;7;2321
11;2025-12-30;8;3088
11;2025-12-30;9;2368
11;2025-12-30;10;1830
11;2025-12-30;11;1808
11;2025-12-30;12;1836
11;2025-12-30;13;1943
11;2025-12-30;14;1908
11;2025-12-30;15;1984
11;2025-12-30;16;2164
11;2025-12-30;17;2742
11;2025-12-30;18;2977
11;2025-12-30;19;2304
11;2025-12-30;20;1551
11;2025-12-30;21;916
11;2025-12-30;22;460
11;2025-12-30;23;247
11;2025-12-31;0;68
11;2025-12-31;1;1
11;2025-12-31;2;0
11;2025-12-31;3;0
11;2025-12-31;4;0
11;2025-12-31;5;293
11;2025-12-31;6;1341
11;2025-12-31;7;2318
11;2025-12-31;8;3064
11;2025-12-31;9;2353
11;2025-12-31;10;1825
11;2025-12-31;11;1806
11;2025-12-31;12;1833
11;2025-12-31;13;1924
11;2025-12-31;14;1900
11;2025-12-31;15;1982
11;2025-12-31;16;2162
11;2025-12-31;17;2739
11;2025-12-31;18;2960
11;2025-12-31;19;2298
11;2025-12-31;20;1550
11;2025-12-31;21;920
11;2025-12-31;22;470
11;2025-12-31;23;260
12;2025-11-01;0;88
12;2025-11-01;1;4
12;2025-11-01;2;0
12;2025-11-01;3;0
12;2025-11-01;4;3
12;2025-11-01;5;249
12;2025-11-01;6;799
12;2025-11-01;7;895
12;2025-11-01;8;1001
12;2025-11-01;9;1113
12;2025-11-01;10;1271
12;2025-11-01;11;1388
12;2025-11-01;12;1430
12;2025-11-01;13;1654
12;2025-11-01;14;1607
12;2025-11-01;15;1437
12;2025-11-01;16;1557
12;2025-11-01;17;1546
12;2025-11-01;18;1405
12;2025-11-01;19;1320
12;2025-11-01;20;984
12;2025-11-01;21;777
12;2025-11-01;22;447
12;2025-11-01;23;284
12;2025-11-02;0;90
12;2025-11-02;1;6
12;2025-11-02;2;0
12;2025-11-02;3;0
12;2025-11-02;4;2
12;2025-11-02;5;182
12;2025-11-02;6;545
12;2025-11-02;7;641
12;2025-11-02;8;720
12;2025-11-02;9;896
12;2025-11-02;10;1125
12;2025-11-02;11;1274
12;2025-11-02;12;1298
12;2025-11-02;13;1529
12;2025-11-02;14;1464
12;2025-11-02;15;1331
12;2025-11-02;16;1419
12;2025-11-02;17;1402
12;2025-11-02;18;1224
12;2025-11-02;19;1071
12;2025-11-02;20;790
12;2025-11-02;21;597
12;2025-11-02;22;404
12;2025-11-02;23;216
12;2025-11-03;0;59
12;2025-11-03;1;3
12;2025-11-03;2;0
12;2025-11-03;3;0
12;2025-11-03;4;6
12;2025-11-03;5;342
12;2025-11-03;6;1412
12;2025-11-03;7;2634
12;2025-11-03;8;3368
12;2025-11-03;9;2352
12;2025-11-03;10;1945
12;2025-11-03;11;1864
12;2025-11-03;12;1923
12;2025-11-03;13;1914
12;2025-11-03;14;1848
12;2025-11-03;15;2140
12;2025-11-03;16;2616
12;2025-11-03;17;2943
12;2025-11-03;18;3049
12;2025-11-03;19;2412
12;2025-11-03;20;1543
12;2025-11-03;21;954
12;2025-11-03;22;486
12;2025-11-03;23;237
12;2025-11-04;0;55
12;2025-11-04;1;1
12;2025-11-04;2;0
12;2025-11-04;3;0
12;2025-11-04;4;7
12;2025-11-04;5;347
12;2025-11-04;6;1439
12;2025-11-04;7;2668
12;2025-11-04;8;3412
12;2025-11-04;9;2416
12;2025-11-04;10;2006
12;2025-11-04;11;1903
12;2025-11-04;12;1974
12;2025-11-04;13;1964
12;2025-11-04;14;1906
12;2025-11-04;15;2170
12;2025-11-04;16;2634
12;2025-11-04;17;2974
12;2025-11-04;18;3080
12;2025-11-04;19;2480
12;2025-11-04;20;1571
12;2025-11-04;21;971
12;2025-11-04;22;513
12;2025-11-04;23;252
12;2025-11-05;0;56
12;2025-11-05;1;2
12;2025-11-05;2;0
12;2025-11-05;3;0
12;2025-11-05;4;8
12;2025-11-05;5;352
12;2025-11-05;6;1439
12;2025-11-05;7;2655
12;2025-11-05;8;3375
12;2025-11-05;9;2411
12;2025-11-05;10;2000
12;2025-11-05;11;1902
12;2025-11-05;12;1958
12;2025-11-05;13;1950
12;2025-11-05;14;1901
12;2025-11-05;15;2154
12;2025-11-05;16;2628
12;2025-11-05;17;2951
12;2025-11-05;18;3063
12;2025-11-05;19;2466
12;2025-11-05;20;1570
12;2025-11-05;21;975
12;2025-11-05;22;523
12;2025-11-05;23;268
12;2025-11-06;0;59
12;2025-11-06;1;2
12;2025-11-06;2;0
12;2025-11-06;3;0
12;2025-11-06;4;6
12;2025-11-06;5;350
12;2025-11-06;6;1438
12;2025-11-06;7;2646
12;2025-11-06;8;3383
12;2025-11-06;9;2391
12;2025-11-06;10;1997
12;2025-11-06;11;1902
12;2025-11-06;12;1959
12;2025-11-06;13;1947
12;2025-11-06;14;1902
12;2025-11-06;15;2158
12;2025-11-06;16;2621
12;2025-11-06;17;2940
12;2025-11-06;18;3063
12;2025-11-06;19;2463
12;2025-11-06;20;1570
12;2025-11-06;21;975
12;2025-11-06;22;518
12;2025-11-06;23;270
12;2025-11-07;0;60
12;2025-11-07;1;2
12;2025-11-07;2;0
12;2025-11-07;3;0
12;2025-11-07;4;4
12;2025-11-07;5;349
12;2025-11-07;6;1409
12;2025-11-07;7;2514
12;2025-11-07;8;3194
12;2025-11-07;9;2321
12;2025-11-07;10;1961
12;2025-11-07;11;1863
12;2025-11-07;12;1919
12;2025-11-07;13;1933
12;2025-11-07;14;1892
12;2025-11-07;15;2106
12;2025-11-07;16;2568
12;2025-11-07;17;2804
12;2025-11-07;18;2818
12;2025-11-07;19;2376
12;2025-11-07;20;1541
12;2025-11-07;21;962
12;2025-11-07;22;526
12;2025-11-07;23;287
12;2025-11-08;0;88
12;2025-11-08;1;4
12;2025-11-08;2;0
12;2025-11-08;3;0
12;2025-11-08;4;3
12;2025-11-08;5;249
12;2025-11-08;6;799
12;2025-11-08;7;895
12;2025-11-08;8;1001
12;2025-11-08;9;1113
12;2025-11-08;10;1271
12;2025-11-08;11;1388
12;2025-11-08;12;1430
12;2025-11-08;13;1654
12;2025-11-08;14;1607
12;2025-11-08;15;1437
12;2025-11-08;16;1557
12;2025-11-08;17;1546
12;2025-11-08;18;1405
12;2025-11-08;19;1320
12;2025-11-08;20;984
12;2025-11-08;21;777
12;2025-11-08;22;447
12;2025-11-08;23;284
12;2025-11-09;0;90
12;2025-11-09;1;6
12;2025-11-09;2;0
12;2025-11-09;3;0
12;2025-11-09;4;2
12;2025-11-09;5;182
12;2025-11-09;6;545
12;2025-11-09;7;641
12;2025-11-09;8;720
12;2025-11-09;9;896
12;2025-11-09;10;1125
12;2025-11-09;11;1274
12;2025-11-09;12;1298
12;2025-11-09;13;1529
12;2025-11-09;14;1464
12;2025-11-09;15;1331
12;2025-11-09;16;1419
12;2025-11-09;17;1402
12;2025-11-09;18;1224
12;2025-11-09;19;1071
12;2025-11-09;20;790
12;2025-11-09;21;597
12;2025-11-09;22;404
12;2025-11-09;23;216
12;2025-11-10;0;59
12;2025-11-10;1;3
12;2025-11-10;2;0
12;2025-11-10;3;0
12;2025-11-10;4;6
12;2025-11-10;5;342
12;2025-11-10;6;1412
12;2025-11-10;7;2634
12;2025-11-10;8;3368
12;2025-11-10;9;2352
12;2025-11-10;10;1945
12;2025-11-10;11;1864
12;2025-11-10;12;1923
12;2025-11-10;13;1914
12;2025-11-10;14;1848
12;2025-11-10;15;2140
12;2025-11-10;16;2616
12;2025-11-10;17;2943
12;2025-11-10;18;3049
12;2025-11-10;19;2412
12;2025-11-10;20;1543
12;2025-11-10;21;954
12;2025-11-10;22;486
12;2025-11-10;23;237
12;2025-11-11;0;55
12;2025-11-11;1;1
12;2025-11-11;2;0
12;2025-11-11;3;0
12;2025-11-11;4;7
12;2025-11-11;5;347
12;2025-11-11;6;1439
12;2025-11-11;7;2668
12;2025-11-11;8;3412
12;2025-11-11;9;2416
12;2025-11-11;10;2006
12;2025-11-11;11;1903
12;2025-11-11;12;1974
12;2025-11-11;13;1964
12;2025-11-11;14;1906
12;2025-11-11;15;2170
12;2025-11-11;16;2634
12;2025-11-11;17;2974
12;2025-11-11;18;3080
12;2025-11-11;19;2480
12;2025-11-11;20;1571
12;2025-11-11;21;971
12;2025-11-11;22;513
12;2025-11-11;23;252
12;2025-11-12;0;56
12;2025-11-12;1;2
12;2025-11-12;2;0
12;2025-11-12;3;0
12;2025-11-12;4;8
12;2025-11-12;5;352
12;2025-11-12;6;1439
12;2025-11-12;7;2655
12;2025-11-12;8;3375
12;2025-11-12;9;2411
12;2025-11-12;10;2000
12;2025-11-12;11;1902
12;2025-11-12;12;1958
12;2025-11-12;13;1950
12;2025-11-12;14;1901
12;2025-11-12;15;2154
12;2025-11-12;16;2628
12;2025-11-12;17;2951
12;2025-11-12;18;3063
12;2025-11-12;19;2466
12;2025-11-12;20;1570
12;2025-11-12;21;975
12;2025-11-12;22;523
12;2025-11-12;23;268
12;2025-11-13;0;59
12;2025-11-13;1;2
12;2025-11-13;2;0
12;2025-11-13;3;0
12;2025-11-13;4;6
12;2025-11-13;5;350
12;2025-11-13;6;1438
12;2025-11-13;7;2646
12;2025-11-13;8;3383
12;2025-11-13;9;2391
12;2025-11-13;10;1997
12;2025-11-13;11;1902
12;2025-11-13;12;1959
12;2025-11-13;13;1947
12;2025-11-13;14;1902
12;2025-11-13;15;2158
12;2025-11-13;16;2621
12;2025-11-13;17;2940
12;2025-11-13;18;3063
12;2025-11-13;19;2463
12;2025-11-13;20;1570
12;2025-11-13;21;975
12;2025-11-13;22;518
12;2025-11-13;23;270
12;2025-11-14;0;60
12;2025-11-14;1;2
12;2025-11-14;2;0
12;2025-11-14;3;0
12;2025-11-14;4;4
12;2025-11-14;5;349
12;2025-11-14;6;1409
12;2025-11-14;7;2514
12;2025-11-14;8;3194
12;2025-11-14;9;2321
12;2025-11-14;10;1961
12;2025-11-14;11;1863
12;2025-11-14;12;1919
12;2025-11-14;13;1933
12;2025-11-14;14;1892
12;2025-11-14;15;2106
12;2025-11-14;16;2568
12;2025-11-14;17;2804
12;2025-11-14;18;2818
12;2025-11-14;19;2376
12;2025-11-14;20;1541
12;2025-11-14;21;962
12;2025-11-14;22;526
12;2025-11-14;23;287
12;2025-11-15;0;88
12;2025-11-15;1;4
12;2025-11-15;2;0
12;2025-11-15;3;0
12;2025-11-15;4;3
12;2025-11-15;5;249
12;2025-11-15;6;799
12;2025-11-15;7;895
12;2025-11-15;8;1001
12;2025-11-15;9;1113
12;2025-11-15;10;1271
12;2025-11-15;11;1388
12;2025-11-15;12;1430
12;2025-11-15;13;1654
12;2025-11-15;14;1607
12;2025-11-15;15;1437
12;2025-11-15;16;1557
12;2025-11-15;17;1546
12;2025-11-15;18;1405
12;2025-11-15;19;1320
12;2025-11-15;20;984
12;2025-11-15;21;777
12;2025-11-15;22;447
12;2025-11-15;23;284
12;2025-11-16;0;90
12;2025-11-16;1;6
12;2025-11-16;2;0
12;2025-11-16;3;0
12;2025-11-16;4;2
12;2025-11-16;5;182
12;2025-11-16;6;545
12;2025-11-16;7;641
12;2025-11-16;8;720
12;2025-11-16;9;896
12;2025-11-16;10;1125
12;2025-11-16;11;1274
12;2025-11-16;12;1298
12;2025-11-16;13;1529
12;2025-11-16;14;1464
12;2025-11-16;15;1331
12;2025-11-16;16;1419
12;2025-11-16;17;1402
12;2025-11-16;18;1224
12;2025-11-16;19;1071
12;2025-11-16;20;790
12;2025-11-16;21;597
12;2025-11-16;22;404
12;2025-11-16;23;216
12;2025-11-17;0;59
12;2025-11-17;1;3
12;2025-11-17;2;0
12;2025-11-17;3;0
12;2025-11-17;4;6
12;2025-11-17;5;342
12;2025-11-17;6;1412
12;2025-11-17;7;2634
12;2025-11-17;8;3368
12;2025-11-17;9;2352
12;2025-11-17;10;1945
12;2025-11-17;11;1864
12;2025-11-17;12;1923
12;2025-11-17;13;1914
12;2025-11-17;14;1848
12;2025-11-17;15;2140
12;2025-11-17;16;2616
12;2025-11-17;17;2943
12;2025-11-17;18;3049
12;2025-11-17;19;2412
12;2025-11-17;20;1543
12;2025-11-17;21;954
12;2025-11-17;22;486
12;2025-11-17;23;237
12;2025-11-18;0;55
12;2025-11-18;1;1
12;2025-11-18;2;0
12;2025-11-18;3;0
12;2025-11-18;4;7
12;2025-11-18;5;347
12;2025-11-18;6;1439
12;2025-11-18;7;2668
12;2025-11-18;8;3412
12;2025-11-18;9;2416
12;2025-11-18;10;2006
12;2025-11-18;11;1903
12;2025-11-18;12;1974
12;2025-11-18;13;1964
12;2025-11-18;14;1906
12;2025-11-18;15;2170
12;2025-11-18;16;2634
12;2025-11-18;17;2974
12;2025-11-18;18;3080
12;2025-11-18;19;2480
12;2025-11-18;20;1571
12;2025-11-18;21;971
12;2025-11-18;22;513
12;2025-11-18;23;252
12;2025-11-19;0;56
12;2025-11-19;1;2
12;2025-11-19;2;0
12;2025-11-19;3;0
12;2025-11-19;4;8
12;2025-11-19;5;352
12;2025-11-19;6;1439
12;2025-11-19;7;2655
12;2025-11-19;8;3375
12;2025-11-19;9;2411
12;2025-11-19;10;2000
12;2025-11-19;11;1902
12;2025-11-19;12;1958
12;2025-11-19;13;1950
12;2025-11-19;14;1901
12;2025-11-19;15;2154
12;2025-11-19;16;2628
12;2025-11-19;17;2951
12;2025-11-19;18;3063
12;2025-11-19;19;2466
12;2025-11-19;20;1570
12;2025-11-19;21;975
12;2025-11-19;22;523
12;2025-11-19;23;268
12;2025-11-20;0;59
12;2025-11-20;1;2
12;2025-11-20;2;0
12;2025-11-20;3;0
12;2025-11-20;4;6
12;2025-11-20;5;350
12;2025-11-20;6;1438
12;2025-11-20;7;2646
12;2025-11-20;8;3383
12;2025-11-20;9;2391
12;2025-11-20;10;1997
12;2025-11-20;11;1902
12;2025-11-20;12;1959
12;2025-11-20;13;1947
12;2025-11-20;14;1902
12;2025-11-20;15;2158
12;2025-11-20;16;2621
12;2025-11-20;17;2940
12;2025-11-20;18;3063
12;2025-11-20;19;2463
12;2025-11-20;20;1570
12;2025-11-20;21;975
12;2025-11-20;22;518
12;2025-11-20;23;270
12;2025-11-21;0;60
12;2025-11-21;1;2
12;2025-11-21;2;0
12;2025-11-21;3;0
12;2025-11-21;4;4
12;2025-11-21;5;349
12;2025-11-21;6;1409
12;2025-11-21;7;2514
12;2025-11-21;8;3194
12;2025-11-21;9;2321
12;2025-11-21;10;1961
12;2025-11-21;11;1863
12;2025-11-21;12;1919
12;2025-11-21;13;1933
12;2025-11-21;14;1892
12;2025-11-21;15;2106
12;2025-11-21;16;2568
12;2025-11-21;17;2804
12;2025-11-21;18;2818
12;2025-11-21;19;2376
12;2025-11-21;20;1541
12;2025-11-21;21;962
12;2025-11-21;22;526
12;2025-11-21;23;287
12;2025-11-22;0;88
12;2025-11-22;1;4
12;2025-11-22;2;0
12;2025-11-22;3;0
12;2025-11-22;4;3
12;2025-11-22;5;249
12;2025-11-22;6;799
12;2025-11-22;7;895
12;2025-11-22;8;1001
12;2025-11-22;9;1113
12;2025-11-22;10;1271
12;2025-11-22;11;1388
12;2025-11-22;12;1430
12;2025-11-22;13;1654
12;2025-11-22;14;1607
12;2025-11-22;15;1437
12;2025-11-22;16;1557
12;2025-11-22;17;1546
12;2025-11-22;18;1405
12;2025-11-22;19;1320
12;2025-11-22;20;984
12;2025-11-22;21;777
12;2025-11-22;22;447
12;2025-11-22;23;284
12;2025-11-23;0;90
12;2025-11-23;1;6
12;2025-11-23;2;0
12;2025-11-23;3;0
12;2025-11-23;4;2
12;2025-11-23;5;182
12;2025-11-23;6;545
12;2025-11-23;7;641
12;2025-11-23;8;720
12;2025-11-23;9;896
12;2025-11-23;10;1125
12;2025-11-23;11;1274
12;2025-11-23;12;1298
12;2025-11-23;13;1529
12;2025-11-23;14;1464
12;2025-11-23;15;1331
12;2025-11-23;16;1419
12;2025-11-23;17;1402
12;2025-11-23;18;1224
12;2025-11-23;19;1071
12;2025-11-23;20;790
12;2025-11-23;21;597
12;2025-11-23;22;404
12;2025-11-23;23;216
12;2025-11-24;0;59
12;2025-11-24;1;3
12;2025-11-24;2;0
12;2025-11-24;3;0
12;2025-11-24;4;6
12;2025-11-24;5;342
12;2025-11-24;6;1412
12;2025-11-24;7;2634
12;2025-11-24;8;3368
12;2025-11-24;9;2352
12;2025-11-24;10;1945
12;2025-11-24;11;1864
12;2025-11-24;12;1923
12;2025-11-24;13;1914
12;2025-11-24;14;1848
12;2025-11-24;15;2140
12;2025-11-24;16;2616
12;2025-11-24;17;2943
12;2025-11-24;18;3049
12;2025-11-24;19;2412
12;2025-11-24;20;1543
12;2025-11-24;21;954
12;2025-11-24;22;486
12;2025-11-24;23;237
12;2025-11-25;0;55
12;2025-11-25;1;1
12;2025-11-25;2;0
12;2025-11-25;3;0
12;2025-11-25;4;7
12;2025-11-25;5;347
12;2025-11-25;6;1439
12;2025-11-25;7;2668
12;2025-11-25;8;3412
12;2025-11-25;9;2416
12;2025-11-25;10;2006
12;2025-11-25;11;1903
12;2025-11-25;12;1974
12;2025-11-25;13;1964
12;2025-11-25;14;1906
12;2025-11-25;15;2170
12;2025-11-25;16;2634
12;2025-11-25;17;2974
12;2025-11-25;18;3080
12;2025-11-25;19;2480
12;2025-11-25;20;1571
12;2025-11-25;21;971
12;2025-11-25;22;513
12;2025-11-25;23;252
12;2025-11-26;0;56
12;2025-11-26;1;2
12;2025-11-26;2;0
12;2025-11-26;3;0
12;2025-11-26;4;8
12;2025-11-26;5;352
12;2025-11-26;6;1439
12;2025-11-26;7;2655
12;2025-11-26;8;3375
12;2025-11-26;9;2411
12;2025-11-26;10;2000
12;2025-11-26;11;1902
12;2025-11-26;12;1958
12;2025-11-26;13;1950
12;2025-11-26;14;1901
12;2025-11-26;15;2154
12;2025-11-26;16;2628
12;2025-11-26;17;2951
12;2025-11-26;18;3063
12;2025-11-26;19;2466
12;2025-11-26;20;1570
12;2025-11-26;21;975
12;2025-11-26;22;523
12;2025-11-26;23;268
12;2025-11-27;0;59
12;2025-11-27;1;2
12;2025-11-27;2;0
12;2025-11-27;3;0
12;2025-11-27;4;6
12;2025-11-27;5;350
12;2025-11-27;6;1438
12;2025-11-27;7;2646
12;2025-11-27;8;3383
12;2025-11-27;9;2391
12;2025-11-27;10;1997
12;2025-11-27;11;1902
12;2025-11-27;12;1959
12;2025-11-27;13;1947
12;2025-11-27;14;1902
12;2025-11-27;15;2158
12;2025-11-27;16;2621
12;2025-11-27;17;2940
12;2025-11-27;18;3063
12;2025-11-27;19;2463
12;2025-11-27;20;1570
12;2025-11-27;21;975
12;2025-11-27;22;518
12;2025-11-27;23;270
12;2025-11-28;0;60
12;2025-11-28;1;2
12;2025-11-28;2;0
12;2025-11-28;3;0
12;2025-11-28;4;4
12;2025-11-28;5;349
12;2025-11-28;6;1409
12;2025-11-28;7;2514
12;2025-11-28;8;3194
12;2025-11-28;9;2321
12;2025-11-28;10;1961
12;2025-11-28;11;1863
12;2025-11-28;12;1919
12;2025-11-28;13;1933
12;2025-11-28;14;1892
12;2025-11-28;15;2106
12;2025-11-28;16;2568
12;2025-11-28;17;2804
12;2025-11-28;18;2818
12;2025-11-28;19;2376
12;2025-11-28;20;1541
12;2025-11-28;21;962
12;2025-11-28;22;526
12;2025-11-28;23;287
12;2025-11-29;0;88
12;2025-11-29;1;4
12;2025-11-29;2;0
12;2025-11-29;3;0
12;2025-11-29;4;3
12;2025-11-29;5;249
12;2025-11-29;6;799
12;2025-11-29;7;895
12;2025-11-29;8;1001
12;2025-11-29;9;1113
12;2025-11-29;10;1271
12;2025-11-29;11;1388
12;2025-11-29;12;1430
12;2025-11-29;13;1654
12;2025-11-29;14;1607
12;2025-11-29;15;1437
12;2025-11-29;16;1557
12;2025-11-29;17;1546
12;2025-11-29;18;1405
12;2025-11-29;19;1320
12;2025-11-29;20;984
12;2025-11-29;21;777
12;2025-11-29;22;447
12;2025-11-29;23;284
12;2025-11-30;0;90
12;2025-11-30;1;6
12;2025-11-30;2;0
12;2025-11-30;3;0
12;2025-11-30;4;2
12;2025-11-30;5;182
12;2025-11-30;6;545
12;2025-11-30;7;641
12;2025-11-30;8;720
12;2025-11-30;9;896
12;2025-11-30;10;1125
12;2025-11-30;11;1274
12;2025-11-30;12;1298
12;2025-11-30;13;1529
12;2025-11-30;14;1464
12;2025-11-30;15;1331
12;2025-11-30;16;1419
12;2025-11-30;17;1402
12;2025-11-30;18;1224
12;2025-11-30;19;1071
12;2025-11-30;20;790
12;2025-11-30;21;597
12;2025-11-30;22;404
12;2025-11-30;23;216
12;2025-12-01;0;59
12;2025-12-01;1;3
12;2025-12-01;2;0
12;2025-12-01;3;0
12;2025-12-01;4;6
12;2025-12-01;5;342
12;2025-12-01;6;1412
12;2025-12-01;7;2634
12;2025-12-01;8;3368
12;2025-12-01;9;2352
12;2025-12-01;10;1945
12;2025-12-01;11;1864
12;2025-12-01;12;1923
12;2025-12-01;13;1914
12;2025-12-01;14;1848
12;2025-12-01;15;2140
12;2025-12-01;16;2616
12;2025-12-01;17;2943
12;2025-12-01;18;3049
12;2025-12-01;19;2412
12;2025-12-01;20;1543
12;2025-12-01;21;954
12;2025-12-01;22;486
12;2025-12-01;23;237
12;2025-12-02;0;55
12;2025-12-02;1;1
12;2025-12-02;2;0
12;2025-12-02;3;0
12;2025-12-02;4;7
12;2025-12-02;5;347
12;2025-12-02;6;1439
12;2025-12-02;7;2668
12;2025-12-02;8;3412
12;2025-12-02;9;2416
12;2025-12-02;10;2006
12;2025-12-02;11;1903
12;2025-12-02;12;1974
12;2025-12-02;13;1964
12;2025-12-02;14;1906
12;2025-12-02;15;2170
12;2025-12-02;16;2634
12;2025-12-02;17;2974
12;2025-12-02;18;3080
12;2025-12-02;19;2480
12;2025-12-02;20;1571
12;2025-12-02;21;971
12;2025-12-02;22;513
12;2025-12-02;23;252
12;2025-12-03;0;56
12;2025-12-03;1;2
12;2025-12-03;2;0
12;2025-12-03;3;0
12;2025-12-03;4;8
12;2025-12-03;5;352
12;2025-12-03;6;1439
12;2025-12-03;7;2655
12;2025-12-03;8;3375
12;2025-12-03;9;2411
12;2025-12-03;10;2000
12;2025-12-03;11;1902
12;2025-12-03;12;1958
12;2025-12-03;13;1950
12;2025-12-03;14;1901
12;2025-12-03;15;2154
12;2025-12-03;16;2628
12;2025-12-03;17;2951
12;2025-12-03;18;3063
12;2025-12-03;19;2466
12;2025-12-03;20;1570
12;2025-12-03;21;975
12;2025-12-03;22;523
12;2025-12-03;23;268
12;2025-12-04;0;59
12;2025-12-04;1;2
12;2025-12-04;2;0
12;2025-12-04;3;0
12;2025-12-04;4;6
12;2025-12-04;5;350
12;2025-12-04;6;1438
12;2025-12-04;7;2646
12;2025-12-04;8;3383
12;2025-12-04;9;2391
12;2025-12-04;10;1997
12;2025-12-04;11;1902
12;2025-12-04;12;1959
12;2025-12-04;13;1947
12;2025-12-04;14;1902
12;2025-12-04;15;2158
12;2025-12-04;16;2621
12;2025-12-04;17;2940
12;2025-12-04;18;3063
12;2025-12-04;19;2463
12;2025-12-04;20;1570
12;2025-12-04;21;975
12;2025-12-04;22;518
12;2025-12-04;23;270
12;2025-12-05;0;60
12;2025-12-05;1;2
12;2025-12-05;2;0
12;2025-12-05;3;0
12;2025-12-05;4;4
12;2025-12-05;5;349
12;2025-12-05;6;1409
12;2025-12-05;7;2514
12;2025-12-05;8;3194
12;2025-12-05;9;2321
12;2025-12-05;10;1961
12;2025-12-05;11;1863
12;2025-12-05;12;1919
12;2025-12-05;13;1933
12;2025-12-05;14;1892
12;2025-12-05;15;2106
12;2025-12-05;16;2568
12;2025-12-05;17;2804
12;2025-12-05;18;2818
12;2025-12-05;19;2376
12;2025-12-05;20;1541
12;2025-12-05;21;962
12;2025-12-05;22;526
12;2025-12-05;23;287
12;2025-12-06;0;88
12;2025-12-06;1;4
12;2025-12-06;2;0
12;2025-12-06;3;0
12;2025-12-06;4;3
12;2025-12-06;5;249
12;2025-12-06;6;799
12;2025-12-06;7;895
12;2025-12-06;8;1001
12;2025-12-06;9;1113
12;2025-12-06;10;1271
12;2025-12-06;11;1388
12;2025-12-06;12;1430
12;2025-12-06;13;1654
12;2025-12-06;14;1607
12;2025-12-06;15;1437
12;2025-12-06;16;1557
12;2025-12-06;17;1546
12;2025-12-06;18;1405
12;2025-12-06;19;1320
12;2025-12-06;20;984
12;2025-12-06;21;777
12;2025-12-06;22;447
12;2025-12-06;23;284
12;2025-12-07;0;90
12;2025-12-07;1;6
12;2025-12-07;2;0
12;2025-12-07;3;0
12;2025-12-07;4;2
12;2025-12-07;5;182
12;2025-12-07;6;545
12;2025-12-07;7;641
12;2025-12-07;8;720
12;2025-12-07;9;896
12;2025-12-07;10;1125
12;2025-12-07;11;1274
12;2025-12-07;12;1298
12;2025-12-07;13;1529
12;2025-12-07;14;1464
12;2025-12-07;15;1331
12;2025-12-07;16;1419
12;2025-12-07;17;1402
12;2025-12-07;18;1224
12;2025-12-07;19;1071
12;2025-12-07;20;790
12;2025-12-07;21;597
12;2025-12-07;22;404
12;2025-12-07;23;216
12;2025-12-08;0;59
12;2025-12-08;1;3
12;2025-12-08;2;0
12;2025-12-08;3;0
12;2025-12-08;4;6
12;2025-12-08;5;342
12;2025-12-08;6;1412
12;2025-12-08;7;2634
12;2025-12-08;8;3368
12;2025-12-08;9;2352
12;2025-12-08;10;1945
12;2025-12-08;11;1864
12;2025-12-08;12;1923
12;2025-12-08;13;1914
12;2025-12-08;14;1848
12;2025-12-08;15;2140
12;2025-12-08;16;2616
12;2025-12-08;17;2943
12;2025-12-08;18;3049
12;2025-12-08;19;2412
12;2025-12-08;20;1543
12;2025-12-08;21;954
12;2025-12-08;22;486
12;2025-12-08;23;237
12;2025-12-09;0;55
12;2025-12-09;1;1
12;2025-12-09;2;0
12;2025-12-09;3;0
12;2025-12-09;4;7
12;2025-12-09;5;347
12;2025-12-09;6;1439
12;2025-12-09;7;2668
12;2025-12-09;8;3412
12;2025-12-09;9;2416
12;2025-12-09;10;2006
12;2025-12-09;11;1903
12;2025-12-09;12;1974
12;2025-12-09;13;1964
12;2025-12-09;14;1906
12;2025-12-09;15;2170
12;2025-12-09;16;2634
12;2025-12-09;17;2974
12;2025-12-09;18;3080
12;2025-12-09;19;2480
12;2025-12-09;20;1571
12;2025-12-09;21;971
12;2025-12-09;22;513
12;2025-12-09;23;252
12;2025-12-10;0;56
12;2025-12-10;1;2
12;2025-12-10;2;0
12;2025-12-10;3;0
12;2025-12-10;4;8
12;2025-12-10;5;352
12;2025-12-10;6;1439
12;2025-12-10;7;2655
12;2025-12-10;8;3375
12;2025-12-10;9;2411
12;2025-12-10;10;2000
12;2025-12-10;11;1902
12;2025-12-10;12;1958
12;2025-12-10;13;1950
12;2025-12-10;14;1901
12;2025-12-10;15;2154
12;2025-12-10;16;2628
12;2025-12-10;17;2951
12;2025-12-10;18;3063
12;2025-12-10;19;2466
12;2025-12-10;20;1570
12;2025-12-10;21;975
12;2025-12-10;22;523
12;2025-12-10;23;268
12;2025-12-11;0;59
12;2025-12-11;1;2
12;2025-12-11;2;0
12;2025-12-11;3;0
12;2025-12-11;4;6
12;2025-12-11;5;350
12;2025-12-11;6;1438
12;2025-12-11;7;2646
12;2025-12-11;8;3383
12;2025-12-11;9;2391
12;2025-12-11;10;1997
12;2025-12-11;11;1902
12;2025-12-11;12;1959
12;2025-12-11;13;1947
12;2025-12-11;14;1902
12;2025-12-11;15;2158
12;2025-12-11;16;2621
12;2025-12-11;17;2940
12;2025-12-11;18;3063
12;2025-12-11;19;2463
12;2025-12-11;20;1570
12;2025-12-11;21;975
12;2025-12-11;22;518
12;2025-12-11;23;270
12;2025-12-12;0;60
12;2025-12-12;1;2
12;2025-12-12;2;0
12;2025-12-12;3;0
12;2025-12-12;4;4
12;2025-12-12;5;349
12;2025-12-12;6;1409
12;2025-12-12;7;2514
12;2025-12-12;8;3194
12;2025-12-12;9;2321
12;2025-12-12;10;1961
12;2025-12-12;11;1863
12;2025-12-12;12;1919
12;2025-12-12;13;1933
12;2025-12-12;14;1892
12;2025-12-12;15;2106
12;2025-12-12;16;2568
12;2025-12-12;17;2804
12;2025-12-12;18;2818
12;2025-12-12;19;2376
12;2025-12-12;20;1541
12;2025-12-12;21;962
12;2025-12-12;22;526
12;2025-12-12;23;287
12;2025-12-13;0;88
12;2025-12-13;1;4
12;2025-12-13;2;0
12;2025-12-13;3;0
12;2025-12-13;4;3
12;2025-12-13;5;249
12;2025-12-13;6;799
12;2025-12-13;7;895
12;2025-12-13;8;1001
12;2025-12-13;9;1113
12;2025-12-13;10;1271
12;2025-12-13;11;1388
12;2025-12-13;12;1430
12;2025-12-13;13;1654
12;2025-12-13;14;1607
12;2025-12-13;15;1437
12;2025-12-13;16;1557
12;2025-12-13;17;1546
12;2025-12-13;18;1405
12;2025-12-13;19;1320
12;2025-12-13;20;984
12;2025-12-13;21;777
12;2025-12-13;22;447
12;2025-12-13;23;284
12;2025-12-14;0;90
12;2025-12-14;1;6
12;2025-12-14;2;0
12;2025-12-14;3;0
12;2025-12-14;4;2
12;2025-12-14;5;182
12;2025-12-14;6;545
12;2025-12-14;7;641
12;2025-12-14;8;720
12;2025-12-14;9;896
12;2025-12-14;10;1125
12;2025-12-14;11;1274
12;2025-12-14;12;1298
12;2025-12-14;13;1529
12;2025-12-14;14;1464
12;2025-12-14;15;1331
12;2025-12-14;16;1419
12;2025-12-14;17;1402
12;2025-12-14;18;1224
12;2025-12-14;19;1071
12;2025-12-14;20;790
12;2025-12-14;21;597
12;2025-12-14;22;404
12;2025-12-14;23;216
12;2025-12-15;0;59
12;2025-12-15;1;3
12;2025-12-15;2;0
12;2025-12-15;3;0
12;2025-12-15;4;6
12;2025-12-15;5;342
12;2025-12-15;6;1412
12;2025-12-15;7;2634
12;2025-12-15;8;3368
12;2025-12-15;9;2352
12;2025-12-15;10;1945
12;2025-12-15;11;1864
12;2025-12-15;12;1923
12;2025-12-15;13;1914
12;2025-12-15;14;1848
12;2025-12-15;15;2140
12;2025-12-15;16;2616
12;2025-12-15;17;2943
12;2025-12-15;18;3049
12;2025-12-15;19;2412
12;2025-12-15;20;1543
12;2025-12-15;21;954
12;2025-12-15;22;486
12;2025-12-15;23;237
12;2025-12-16;0;55
12;2025-12-16;1;1
12;2025-12-16;2;0
12;2025-12-16;3;0
12;2025-12-16;4;7
12;2025-12-16;5;347
12;2025-12-16;6;1439
12;2025-12-16;7;2668
12;2025-12-16;8;3412
12;2025-12-16;9;2416
12;2025-12-16;10;2006
12;2025-12-16;11;1903
12;2025-12-16;12;1974
12;2025-12-16;13;1964
12;2025-12-16;14;1906
12;2025-12-16;15;2170
12;2025-12-16;16;2634
12;2025-12-16;17;2974
12;2025-12-16;18;3080
12;2025-12-16;19;2480
12;2025-12-16;20;1571
12;2025-12-16;21;971
12;2025-12-16;22;513
12;2025-12-16;23;252
12;2025-12-17;0;56
12;2025-12-17;1;2
12;2025-12-17;2;0
12;2025-12-17;3;0
12;2025-12-17;4;8
12;2025-12-17;5;352
12;2025-12-17;6;1439
12;2025-12-17;7;2655
12;2025-12-17;8;3375
12;2025-12-17;9;2411
12;2025-12-17;10;2000
12;2025-12-17;11;1902
12;2025-12-17;12;1958
12;2025-12-17;13;1950
12;2025-12-17;14;1901
12;2025-12-17;15;2154
12;2025-12-17;16;2628
12;2025-12-17;17;2951
12;2025-12-17;18;3063
12;2025-12-17;19;2466
12;2025-12-17;20;1570
12;2025-12-17;21;975
12;2025-12-17;22;523
12;2025-12-17;23;268
12;2025-12-18;0;59
12;2025-12-18;1;2
12;2025-12-18;2;0
12;2025-12-18;3;0
12;2025-12-18;4;6
12;2025-12-18;5;350
12;2025-12-18;6;1438
12;2025-12-18;7;2646
12;2025-12-18;8;3383
12;2025-12-18;9;2391
12;2025-12-18;10;1997
12;2025-12-18;11;1902
12;2025-12-18;12;1959
12;2025-12-18;13;1947
12;2025-12-18;14;1902
12;2025-12-18;15;2158
12;2025-12-18;16;2621
12;2025-12-18;17;2940
12;2025-12-18;18;3063
12;2025-12-18;19;2463
12;2025-12-18;20;1570
12;2025-12-18;21;975
12;2025-12-18;22;518
12;2025-12-18;23;270
12;2025-12-19;0;60
12;2025-12-19;1;2
12;2025-12-19;2;0
12;2025-12-19;3;0
12;2025-12-19;4;4
12;2025-12-19;5;349
12;2025-12-19;6;1409
12;2025-12-19;7;2514
12;2025-12-19;8;3194
12;2025-12-19;9;2321
12;2025-12-19;10;1961
12;2025-12-19;11;1863
12;2025-12-19;12;1919
12;2025-12-19;13;1933
12;2025-12-19;14;1892
12;2025-12-19;15;2106
12;2025-12-19;16;2568
12;2025-12-19;17;2804
12;2025-12-19;18;2818
12;2025-12-19;19;2376
12;2025-12-19;20;1541
12;2025-12-19;21;962
12;2025-12-19;22;526
12;2025-12-19;23;287
12;2025-12-20;0;88
12;2025-12-20;1;4
12;2025-12-20;2;0
12;2025-12-20;3;0
12;2025-12-20;4;3
12;2025-12-20;5;249
12;2025-12-20;6;799
12;2025-12-20;7;895
12;2025-12-20;8;1001
12;2025-12-20;9;1113
12;2025-12-20;10;1271
12;2025-12-20;11;1388
12;2025-12-20;12;1430
12;2025-12-20;13;1654
12;2025-12-20;14;1607
12;2025-12-20;15;1437
12;2025-12-20;16;1557
12;2025-12-20;17;1546
12;2025-12-20;18;1405
12;2025-12-20;19;1320
12;2025-12-20;20;984
12;2025-12-20;21;777
12;2025-12-20;22;447
12;2025-12-20;23;284
12;2025-12-21;0;90
12;2025-12-21;1;6
12;2025-12-21;2;0
12;2025-12-21;3;0
12;2025-12-21;4;2
12;2025-12-21;5;182
12;2025-12-21;6;545
12;2025-12-21;7;641
12;2025-12-21;8;720
12;2025-12-21;9;896
12;2025-12-21;10;1125
12;2025-12-21;11;1274
12;2025-12-21;12;1298
12;2025-12-21;13;1529
12;2025-12-21;14;1464
12;2025-12-21;15;1331
12;2025-12-21;16;1419
12;2025-12-21;17;1402
12;2025-12-21;18;1224
12;2025-12-21;19;1071
12;2025-12-21;20;790
12;2025-12-21;21;597
12;2025-12-21;22;404
12;2025-12-21;23;216
12;2025-12-22;0;59
12;2025-12-22;1;3
12;2025-12-22;2;0
12;2025-12-22;3;0
12;2025-12-22;4;6
12;2025-12-22;5;342
12;2025-12-22;6;1412
12;2025-12-22;7;2634
12;2025-12-22;8;3368
12;2025-12-22;9;2352
12;2025-12-22;10;1945
12;2025-12-22;11;1864
12;2025-12-22;12;1923
12;2025-12-22;13;1914
12;2025-12-22;14;1848
12;2025-12-22;15;2140
12;2025-12-22;16;2616
12;2025-12-22;17;2943
12;2025-12-22;18;3049
12;2025-12-22;19;2412
12;2025-12-22;20;1543
12;2025-12-22;21;954
12;2025-12-22;22;486
12;2025-12-22;23;237
12;2025-12-23;0;55
12;2025-12-23;1;1
12;2025-12-23;2;0
12;2025-12-23;3;0
12;2025-12-23;4;7
12;2025-12-23;5;347
12;2025-12-23;6;1439
12;2025-12-23;7;2668
12;2025-12-23;8;3412
12;2025-12-23;9;2416
12;2025-12-23;10;2006
12;2025-12-23;11;1903
12;2025-12-23;12;1974
12;2025-12-23;13;1964
12;2025-12-23;14;1906
12;2025-12-23;15;2170
12;2025-12-23;16;2634
12;2025-12-23;17;2974
12;2025-12-23;18;3080
12;2025-12-23;19;2480
12;2025-12-23;20;1571
12;2025-12-23;21;971
12;2025-12-23;22;513
12;2025-12-23;23;252
12;2025-12-24;0;56
12;2025-12-24;1;2
12;2025-12-24;2;0
12;2025-12-24;3;0
12;2025-12-24;4;8
12;2025-12-24;5;352
12;2025-12-24;6;1439
12;2025-12-24;7;2655
12;2025-12-24;8;3375
12;2025-12-24;9;2411
12;2025-12-24;10;2000
12;2025-12-24;11;1902
12;2025-12-24;12;1958
12;2025-12-24;13;1950
12;2025-12-24;14;1901
12;2025-12-24;15;2154
12;2025-12-24;16;2628
12;2025-12-24;17;2951
12;2025-12-24;18;3063
12;2025-12-24;19;2466
12;2025-12-24;20;1570
12;2025-12-24;21;975
12;2025-12-24;22;523
12;2025-12-24;23;268
12;2025-12-25;0;59
12;2025-12-25;1;2
12;2025-12-25;2;0
12;2025-12-25;3;0
12;2025-12-25;4;6
12;2025-12-25;5;350
12;2025-12-25;6;1438
12;2025-12-25;7;2646
12;2025-12-25;8;3383
12;2025-12-25;9;2391
12;2025-12-25;10;1997
12;2025-12-25;11;1902
12;2025-12-25;12;1959
12;2025-12-25;13;1947
12;2025-12-25;14;1902
12;2025-12-25;15;2158
12;2025-12-25;16;2621
12;2025-12-25;17;2940
12;2025-12-25;18;3063
12;2025-12-25;19;2463
12;2025-12-25;20;1570
12;2025-12-25;21;975
12;2025-12-25;22;518
12;2025-12-25;23;270
12;2025-12-26;0;60
12;2025-12-26;1;2
12;2025-12-26;2;0
12;2025-12-26;3;0
12;2025-12-26;4;4
12;2025-12-26;5;349
12;2025-12-26;6;1409
12;2025-12-26;7;2514
12;2025-12-26;8;3194
12;2025-12-26;9;2321
12;2025-12-26;10;1961
12;2025-12-26;11;1863
12;2025-12-26;12;1919
12;2025-12-26;13;1933
12;2025-12-26;14;1892
12;2025-12-26;15;2106
12;2025-12-26;16;2568
12;2025-12-26;17;2804
12;2025-12-26;18;2818
12;2025-12-26;19;2376
12;2025-12-26;20;1541
12;2025-12-26;21;962
12;2025-12-26;22;526
12;2025-12-26;23;287
12;2025-12-27;0;88
12;2025-12-27;1;4
12;2025-12-27;2;0
12;2025-12-27;3;0
12;2025-12-27;4;3
12;2025-12-27;5;249
12;2025-12-27;6;799
12;2025-12-27;7;895
12;2025-12-27;8;1001
12;2025-12-27;9;1113
12;2025-12-27;10;1271
12;2025-12-27;11;1388
12;2025-12-27;12;1430
12;2025-12-27;13;1654
12;2025-12-27;14;1607
12;2025-12-27;15;1437
12;2025-12-27;16;1557
12;2025-12-27;17;1546
12;2025-12-27;18;1405
12;2025-12-27;19;1320
12;2025-12-27;20;984
12;2025-12-27;21;777
12;2025-12-27;22;447
12;2025-12-27;23;284
12;2025-12-28;0;90
12;2025-12-28;1;6
12;2025-12-28;2;0
12;2025-12-28;3;0
12;2025-12-28;4;2
12;2025-12-28;5;182
12;2025-12-28;6;545
12;2025-12-28;7;641
12;2025-12-28;8;720
12;2025-12-28;9;896
12;2025-12-28;10;1125
12;2025-12-28;11;1274
12;2025-12-28;12;1298
12;2025-12-28;13;1529
12;2025-12-28;14;1464
12;2025-12-28;15;1331
12;2025-12-28;16;1419
12;2025-12-28;17;1402
12;2025-12-28;18;1224
12;2025-12-28;19;1071
12;2025-12-28;20;790
12;2025-12-28;21;597
12;2025-12-28;22;404
12;2025-12-28;23;216
12;2025-12-29;0;59
12;2025-12-29;1;3
12;2025-12-29;2;0
12;2025-12-29;3;0
12;2025-12-29;4;6
12;2025-12-29;5;342
12;2025-12-29;6;1412
12;2025-12-29;7;2634
12;2025-12-29;8;3368
12;2025-12-29;9;2352
12;2025-12-29;10;1945
12;2025-12-29;11;1864
12;2025-12-29;12;1923
12;2025-12-29;13;1914
12;2025-12-29;14;1848
12;2025-12-29;15;2140
12;2025-12-29;16;2616
12;2025-12-29;17;2943
12;2025-12-29;18;3049
12;2025-12-29;19;2412
12;2025-12-29;20;1543
12;2025-12-29;21;954
12;2025-12-29;22;486
12;2025-12-29;23;237
12;2025-12-30;0;55
12;2025-12-30;1;1
12;2025-12-30;2;0
12;2025-12-30;3;0
12;2025-12-30;4;7
12;2025-12-30;5;347
12;2025-12-30;6;1439
12;2025-12-30;7;2668
12;2025-12-30;8;3412
12;2025-12-30;9;2416
12;2025-12-30;10;2006
12;2025-12-30;11;1903
12;2025-12-30;12;1974
12;2025-12-30;13;1964
12;2025-12-30;14;1906
12;2025-12-30;15;2170
12;2025-12-30;16;2634
12;2025-12-30;17;2974
12;2025-12-30;18;3080
12;2025-12-30;19;2480
12;2025-12-30;20;1571
12;2025-12-30;21;971
12;2025-12-30;22;513
12;2025-12-30;23;252
12;2025-12-31;0;56
12;2025-12-31;1;2
12;2025-12-31;2;0
12;2025-12-31;3;0
12;2025-12-31;4;8
12;2025-12-31;5;352
12;2025-12-31;6;1439
12;2025-12-31;7;2655
12;2025-12-31;8;3375
12;2025-12-31;9;2411
12;2025-12-31;10;2000
12;2025-12-31;11;1902
12;2025-12-31;12;1958
12;2025-12-31;13;1950
12;2025-12-31;14;1901
12;2025-12-31;15;2154
12;2025-12-31;16;2628
12;2025-12-31;17;2951
12;2025-12-31;18;3063
12;2025-12-31;19;2466
12;2025-12-31;20;1570
12;2025-12-31;21;975
12;2025-12-31;22;523
12;2025-12-31;23;268
17;2025-11-01;0;193
17;2025-11-01;1;25
17;2025-11-01;2;0
17;2025-11-01;3;0
17;2025-11-01;4;5
17;2025-11-01;5;124
17;2025-11-01;6;536
17;2025-11-01;7;1062
17;2025-11-01;8;1567
17;2025-11-01;9;1841
17;2025-11-01;10;2062
17;2025-11-01;11;2416
17;2025-11-01;12;2648
17;2025-11-01;13;2843
17;2025-11-01;14;2829
17;2025-11-01;15;2905
17;2025-11-01;16;2873
17;2025-11-01;17;2871
17;2025-11-01;18;2722
17;2025-11-01;19;2262
17;2025-11-01;20;1759
17;2025-11-01;21;1243
17;2025-11-01;22;877
17;2025-11-01;23;430
17;2025-11-02;0;184
17;2025-11-02;1;22
17;2025-11-02;2;0
17;2025-11-02;3;0
17;2025-11-02;4;3
17;2025-11-02;5;101
17;2025-11-02;6;402
17;2025-11-02;7;789
17;2025-11-02;8;1164
17;2025-11-02;9;1631
17;2025-11-02;10;1895
17;2025-11-02;11;2301
17;2025-11-02;12;2576
17;2025-11-02;13;2757
17;2025-11-02;14;2758
17;2025-11-02;15;2806
17;2025-11-02;16;2769
17;2025-11-02;17;2739
17;2025-11-02;18;2515
17;2025-11-02;19;2117
17;2025-11-02;20;1624
17;2025-11-02;21;1146
17;2025-11-02;22;731
17;2025-11-02;23;326
17;2025-11-03;0;116
17;2025-11-03;1;12
17;2025-11-03;2;0
17;2025-11-03;3;0
17;2025-11-03;4;25
17;2025-11-03;5;295
17;2025-11-03;6;1462
17;2025-11-03;7;3807
17;2025-11-03;8;5113
17;2025-11-03;9;3636
17;2025-11-03;10;2792
17;2025-11-03;11;2778
17;2025-11-03;12;2841
17;2025-11-03;13;2899
17;2025-11-03;14;2938
17;2025-11-03;15;3116
17;2025-11-03;16;3521
17;2025-11-03;17;4308
17;2025-11-03;18;4719
17;2025-11-03;19;3350
17;2025-11-03;20;2349
17;2025-11-03;21;1503
17;2025-11-03;22;829
17;2025-11-03;23;346
17;2025-11-04;0;121
17;2025-11-04;1;11
17;2025-11-04;2;0
17;2025-11-04;3;0
17;2025-11-04;4;26
17;2025-11-04;5;303
17;2025-11-04;6;1490
17;2025-11-04;7;3852
17;2025-11-04;8;5139
17;2025-11-04;9;3665
17;2025-11-04;10;2864
17;2025-11-04;11;2813
17;2025-11-04;12;2876
17;2025-11-04;13;2939
17;2025-11-04;14;2988
17;2025-11-04;15;3137
17;2025-11-04;16;3547
17;2025-11-04;17;4360
17;2025-11-04;18;4771
17;2025-11-04;19;3413
17;2025-11-04;20;2388
17;2025-11-04;21;1526
17;2025-11-04;22;855
17;2025-11-04;23;372
17;2025-11-05;0;123
17;2025-11-05;1;12
17;2025-11-05;2;0
17;2025-11-05;3;0
17;2025-11-05;4;27
17;2025-11-05;5;309
17;2025-11-05;6;1490
17;2025-11-05;7;3815
17;2025-11-05;8;5083
17;2025-11-05;9;3653
17;2025-11-05;10;2853
17;2025-11-05;11;2812
17;2025-11-05;12;2876
17;2025-11-05;13;2943
17;2025-11-05;14;2990
17;2025-11-05;15;3144
17;2025-11-05;16;3529
17;2025-11-05;17;4316
17;2025-11-05;18;4730
17;2025-11-05;19;3397
17;2025-11-05;20;2387
17;2025-11-05;21;1530
17;2025-11-05;22;859
17;2025-11-05;23;393
17;2025-11-06;0;137
17;2025-11-06;1;13
17;2025-11-06;2;0
17;2025-11-06;3;0
17;2025-11-06;4;25
17;2025-11-06;5;308
17;2025-11-06;6;1489
17;2025-11-06;7;3823
17;2025-11-06;8;5069
17;2025-11-06;9;3662
17;2025-11-06;10;2839
17;2025-11-06;11;2793
17;2025-11-06;12;2858
17;2025-11-06;13;2929
17;2025-11-06;14;2970
17;2025-11-06;15;3127
17;2025-11-06;16;3536
17;2025-11-06;17;4335
17;2025-11-06;18;4719
17;2025-11-06;19;3399
17;2025-11-06;20;2383
17;2025-11-06;21;1530
17;2025-11-06;22;859
17;2025-11-06;23;407
17;2025-11-07;0;143
17;2025-11-07;1;15
17;2025-11-07;2;0
17;2025-11-07;3;0
17;2025-11-07;4;24
17;2025-11-07;5;303
17;2025-11-07;6;1463
17;2025-11-07;7;3692
17;2025-11-07;8;4914
17;2025-11-07;9;3599
17;2025-11-07;10;2792
17;2025-11-07;11;2802
17;2025-11-07;12;2876
17;2025-11-07;13;2966
17;2025-11-07;14;2986
17;2025-11-07;15;3118
17;2025-11-07;16;3496
17;2025-11-07;17;4211
17;2025-11-07;18;4434
17;2025-11-07;19;3336
17;2025-11-07;20;2349
17;2025-11-07;21;1515
17;2025-11-07;22;849
17;2025-11-07;23;426
17;2025-11-08;0;193
17;2025-11-08;1;25
17;2025-11-08;2;0
17;2025-11-08;3;0
17;2025-11-08;4;5
17;2025-11-08;5;124
17;2025-11-08;6;536
17;2025-11-08;7;1062
17;2025-11-08;8;1567
17;2025-11-08;9;1841
17;2025-11-08;10;2062
17;2025-11-08;11;2416
17;2025-11-08;12;2648
17;2025-11-08;13;2843
17;2025-11-08;14;2829
17;2025-11-08;15;2905
17;2025-11-08;16;2873
17;2025-11-08;17;2871
17;2025-11-08;18;2722
17;2025-11-08;19;2262
17;2025-11-08;20;1759
17;2025-11-08;21;1243
17;2025-11-08;22;877
17;2025-11-08;23;430
17;2025-11-09;0;184
17;2025-11-09;1;22
17;2025-11-09;2;0
17;2025-11-09;3;0
17;2025-11-09;4;3
17;2025-11-09;5;101
17;2025-11-09;6;402
17;2025-11-09;7;789
17;2025-11-09;8;1164
17;2025-11-09;9;1631
17;2025-11-09;10;1895
17;2025-11-09;11;2301
17;2025-11-09;12;2576
17;2025-11-09;13;2757
17;2025-11-09;14;2758
17;2025-11-09;15;2806
17;2025-11-09;16;2769
17;2025-11-09;17;2739
17;2025-11-09;18;2515
17;2025-11-09;19;2117
17;2025-11-09;20;1624
17;2025-11-09;21;1146
17;2025-11-09;22;731
17;2025-11-09;23;326
17;2025-11-10;0;116
17;2025-11-10;1;12
17;2025-11-10;2;0
17;2025-11-10;3;0
17;2025-11-10;4;25
17;2025-11-10;5;295
17;2025-11-10;6;1462
17;2025-11-10;7;3807
17;2025-11-10;8;5113
17;2025-11-10;9;3636
17;2025-11-10;10;2792
17;2025-11-10;11;2778
17;2025-11-10;12;2841
17;2025-11-10;13;2899
17;2025-11-10;14;2938
17;2025-11-10;15;3116
17;2025-11-10;16;3521
17;2025-11-10;17;4308
17;2025-11-10;18;4719
17;2025-11-10;19;3350
17;2025-11-10;20;2349
17;2025-11-10;21;1503
17;2025-11-10;22;829
17;2025-11-10;23;346
17;2025-11-11;0;121
17;2025-11-11;1;11
17;2025-11-11;2;0
17;2025-11-11;3;0
17;2025-11-11;4;26
17;2025-11-11;5;303
17;2025-11-11;6;1490
17;2025-11-11;7;3852
17;2025-11-11;8;5139
17;2025-11-11;9;3665
17;2025-11-11;10;2864
17;2025-11-11;11;2813
17;2025-11-11;12;2876
17;2025-11-11;13;2939
17;2025-11-11;14;2988
17;2025-11-11;15;3137
17;2025-11-11;16;3547
17;2025-11-11;17;4360
17;2025-11-11;18;4771
17;2025-11-11;19;3413
17;2025-11-11;20;2388
17;2025-11-11;21;1526
17;2025-11-11;22;855
17;2025-11-11;23;372
17;2025-11-12;0;123
17;2025-11-12;1;12
17;2025-11-12;2;0
17;2025-11-12;3;0
17;2025-11-12;4;27
17;2025-11-12;5;309
17;2025-11-12;6;1490
17;2025-11-12;7;3815
17;2025-11-12;8;5083
17;2025-11-12;9;3653
17;2025-11-12;10;2853
17;2025-11-12;11;2812
17;2025-11-12;12;2876
17;2025-11-12;13;2943
17;2025-11-12;14;2990
17;2025-11-12;15;3144
17;2025-11-12;16;3529
17;2025-11-12;17;4316
17;2025-11-12;18;4730
17;2025-11-12;19;3397
17;2025-11-12;20;2387
17;2025-11-12;21;1530
17;2025-11-12;22;859
17;2025-11-12;23;393
17;2025-11-13;0;137
17;2025-11-13;1;13
17;2025-11-13;2;0
17;2025-11-13;3;0
17;2025-11-13;4;25
17;2025-11-13;5;308
17;2025-11-13;6;1489
17;2025-11-13;7;3823
17;2025-11-13;8;5069
17;2025-11-13;9;3662
17;2025-11-13;10;2839
17;2025-11-13;11;2793
17;2025-11-13;12;2858
17;2025-11-13;13;2929
17;2025-11-13;14;2970
17;2025-11-13;15;3127
17;2025-11-13;16;3536
17;2025-11-13;17;4335
17;2025-11-13;18;4719
17;2025-11-13;19;3399
17;2025-11-13;20;2383
17;2025-11-13;21;1530
17;2025-11-13;22;859
17;2025-11-13;23;407
17;2025-11-14;0;143
17;2025-11-14;1;15
17;2025-11-14;2;0
17;2025-11-14;3;0
17;2025-11-14;4;24
17;2025-11-14;5;303
17;2025-11-14;6;1463
17;2025-11-14;7;3692
17;2025-11-14;8;4914
17;2025-11-14;9;3599
17;2025-11-14;10;2792
17;2025-11-14;11;2802
17;2025-11-14;12;2876
17;2025-11-14;13;2966
17;2025-11-14;14;2986
17;2025-11-14;15;3118
17;2025-11-14;16;3496
17;2025-11-14;17;4211
17;2025-11-14;18;4434
17;2025-11-14;19;3336
17;2025-11-14;20;2349
17;2025-11-14;21;1515
17;2025-11-14;22;849
17;2025-11-14;23;426
17;2025-11-15;0;193
17;2025-11-15;1;25
17;2025-11-15;2;0
17;2025-11-15;3;0
17;2025-11-15;4;5
17;2025-11-15;5;124
17;2025-11-15;6;536
17;2025-11-15;7;1062
17;2025-11-15;8;1567
17;2025-11-15;9;1841
17;2025-11-15;10;2062
17;2025-11-15;11;2416
17;2025-11-15;12;2648
17;2025-11-15;13;2843
17;2025-11-15;14;2829
17;2025-11-15;15;2905
17;2025-11-15;16;2873
17;2025-11-15;17;2871
17;2025-11-15;18;2722
17;2025-11-15;19;2262
17;2025-11-15;20;1759
17;2025-11-15;21;1243
17;2025-11-15;22;877
17;2025-11-15;23;430
17;2025-11-16;0;184
17;2025-11-16;1;22
17;2025-11-16;2;0
17;2025-11-16;3;0
17;2025-11-16;4;3
17;2025-11-16;5;101
17;2025-11-16;6;402
17;2025-11-16;7;789
17;2025-11-16;8;1164
17;2025-11-16;9;1631
17;2025-11-16;10;1895
17;2025-11-16;11;2301
17;2025-11-16;12;2576
17;2025-11-16;13;2757
17;2025-11-16;14;2758
17;2025-11-16;15;2806
17;2025-11-16;16;2769
17;2025-11-16;17;2739
17;2025-11-16;18;2515
17;2025-11-16;19;2117
17;2025-11-16;20;1624
17;2025-11-16;21;1146
17;2025-11-16;22;731
17;2025-11-16;23;326
17;2025-11-17;0;116
17;2025-11-17;1;12
17;2025-11-17;2;0
17;2025-11-17;3;0
17;2025-11-17;4;25
17;2025-11-17;5;295
17;2025-11-17;6;1462
17;2025-11-17;7;3807
17;2025-11-17;8;5113
17;2025-11-17;9;3636
17;2025-11-17;10;2792
17;2025-11-17;11;2778
17;2025-11-17;12;2841
17;2025-11-17;13;2899
17;2025-11-17;14;2938
17;2025-11-17;15;3116
17;2025-11-17;16;3521
17;2025-11-17;17;4308
17;2025-11-17;18;4719
17;2025-11-17;19;3350
17;2025-11-17;20;2349
17;2025-11-17;21;1503
17;2025-11-17;22;829
17;2025-11-17;23;346
17;2025-11-18;0;121
17;2025-11-18;1;11
17;2025-11-18;2;0
17;2025-11-18;3;0
17;2025-11-18;4;26
17;2025-11-18;5;303
17;2025-11-18;6;1490
17;2025-11-18;7;3852
17;2025-11-18;8;5139
17;2025-11-18;9;3665
17;2025-11-18;10;2864
17;2025-11-18;11;2813
17;2025-11-18;12;2876
17;2025-11-18;13;2939
17;2025-11-18;14;2988
17;2025-11-18;15;3137
17;2025-11-18;16;3547
17;2025-11-18;17;4360
17;2025-11-18;18;4771
17;2025-11-18;19;3413
17;2025-11-18;20;2388
17;2025-11-18;21;1526
17;2025-11-18;22;855
17;2025-11-18;23;372
17;2025-11-19;0;123
17;2025-11-19;1;12
17;2025-11-19;2;0
17;2025-11-19;3;0
17;2025-11-19;4;27
17;2025-11-19;5;309
17;2025-11-19;6;1490
17;2025-11-19;7;3815
17;2025-11-19;8;5083
17;2025-11-19;9;3653
17;2025-11-19;10;2853
17;2025-11-19;11;2812
17;2025-11-19;12;2876
17;2025-11-19;13;2943
17;2025-11-19;14;2990
17;2025-11-19;15;3144
17;2025-11-19;16;3529
17;2025-11-19;17;4316
17;2025-11-19;18;4730
17;2025-11-19;19;3397
17;2025-11-19;20;2387
17;2025-11-19;21;1530
17;2025-11-19;22;859
17;2025-11-19;23;393
17;2025-11-20;0;137
17;2025-11-20;1;13
17;2025-11-20;2;0
17;2025-11-20;3;0
17;2025-11-20;4;25
17;2025-11-20;5;308
17;2025-11-20;6;1489
17;2025-11-20;7;3823
17;2025-11-20;8;5069
17;2025-11-20;9;3662
17;2025-11-20;10;2839
17;2025-11-20;11;2793
17;2025-11-20;12;2858
17;2025-11-20;13;2929
17;2025-11-20;14;2970
17;2025-11-20;15;3127
17;2025-11-20;16;3536
17;2025-11-20;17;4335
17;2025-11-20;18;4719
17;2025-11-20;19;3399
17;2025-11-20;20;2383
17;2025-11-20;21;1530
17;2025-11-20;22;859
17;2025-11-20;23;407
17;2025-11-21;0;143
17;2025-11-21;1;15
17;2025-11-21;2;0
17;2025-11-21;3;0
17;2025-11-21;4;24
17;2025-11-21;5;303
17;2025-11-21;6;1463
17;2025-11-21;7;3692
17;2025-11-21;8;4914
17;2025-11-21;9;3599
17;2025-11-21;10;2792
17;2025-11-21;11;2802
17;2025-11-21;12;2876
17;2025-11-21;13;2966
17;2025-11-21;14;2986
17;2025-11-21;15;3118
17;2025-11-21;16;3496
17;2025-11-21;17;4211
17;2025-11-21;18;4434
17;2025-11-21;19;3336
17;2025-11-21;20;2349
17;2025-11-21;21;1515
17;2025-11-21;22;849
17;2025-11-21;23;426
17;2025-11-22;0;193
17;2025-11-22;1;25
17;2025-11-22;2;0
17;2025-11-22;3;0
17;2025-11-22;4;5
17;2025-11-22;5;124
17;2025-11-22;6;536
17;2025-11-22;7;1062
17;2025-11-22;8;1567
17;2025-11-22;9;1841
17;2025-11-22;10;2062
17;2025-11-22;11;2416
17;2025-11-22;12;2648
17;2025-11-22;13;2843
17;2025-11-22;14;2829
17;2025-11-22;15;2905
17;2025-11-22;16;2873
17;2025-11-22;17;2871
17;2025-11-22;18;2722
17;2025-11-22;19;2262
17;2025-11-22;20;1759
17;2025-11-22;21;1243
17;2025-11-22;22;877
17;2025-11-22;23;430
17;2025-11-23;0;184
17;2025-11-23;1;22
17;2025-11-23;2;0
17;2025-11-23;3;0
17;2025-11-23;4;3
17;2025-11-23;5;101
17;2025-11-23;6;402
17;2025-11-23;7;789
17;2025-11-23;8;1164
17;2025-11-23;9;1631
17;2025-11-23;10;1895
17;2025-11-23;11;2301
17;2025-11-23;12;2576
17;2025-11-23;13;2757
17;2025-11-23;14;2758
17;2025-11-23;15;2806
17;2025-11-23;16;2769
17;2025-11-23;17;2739
17;2025-11-23;18;2515
17;2025-11-23;19;2117
17;2025-11-23;20;1624
17;2025-11-23;21;1146
17;2025-11-23;22;731
17;2025-11-23;23;326
17;2025-11-24;0;116
17;2025-11-24;1;12
17;2025-11-24;2;0
17;2025-11-24;3;0
17;2025-11-24;4;25
17;2025-11-24;5;295
17;2025-11-24;6;1462
17;2025-11-24;7;3807
17;2025-11-24;8;5113
17;2025-11-24;9;3636
17;2025-11-24;10;2792
17;2025-11-24;11;2778
17;2025-11-24;12;2841
17;2025-11-24;13;2899
17;2025-11-24;14;2938
17;2025-11-24;15;3116
17;2025-11-24;16;3521
17;2025-11-24;17;4308
17;2025-11-24;18;4719
17;2025-11-24;19;3350
17;2025-11-24;20;2349
17;2025-11-24;21;1503
17;2025-11-24;22;829
17;2025-11-24;23;346
17;2025-11-25;0;121
17;2025-11-25;1;11
17;2025-11-25;2;0
17;2025-11-25;3;0
17;2025-11-25;4;26
17;2025-11-25;5;303
17;2025-11-25;6;1490
17;2025-11-25;7;3852
17;2025-11-25;8;5139
17;2025-11-25;9;3665
17;2025-11-25;10;2864
17;2025-11-25;11;2813
17;2025-11-25;12;2876
17;2025-11-25;13;2939
17;2025-11-25;14;2988
17;2025-11-25;15;3137
17;2025-11-25;16;3547
17;2025-11-25;17;4360
17;2025-11-25;18;4771
17;2025-11-25;19;3413
17;2025-11-25;20;2388
17;2025-11-25;21;1526
17;2025-11-25;22;855
17;2025-11-25;23;372
17;2025-11-26;0;123
17;2025-11-26;1;12
17;2025-11-26;2;0
17;2025-11-26;3;0
17;2025-11-26;4;27
17;2025-11-26;5;309
17;2025-11-26;6;1490
17;2025-11-26;7;3815
17;2025-11-26;8;5083
17;2025-11-26;9;3653
17;2025-11-26;10;2853
17;2025-11-26;11;2812
17;2025-11-26;12;2876
17;2025-11-26;13;2943
17;2025-11-26;14;2990
17;2025-11-26;15;3144
17;2025-11-26;16;3529
17;2025-11-26;17;4316
17;2025-11-26;18;4730
17;2025-11-26;19;3397
17;2025-11-26;20;2387
17;2025-11-26;21;1530
17;2025-11-26;22;859
17;2025-11-26;23;393
17;2025-11-27;0;137
17;2025-11-27;1;13
17;2025-11-27;2;0
17;2025-11-27;3;0
17;2025-11-27;4;25
17;2025-11-27;5;308
17;2025-11-27;6;1489
17;2025-11-27;7;3823
17;2025-11-27;8;5069
17;2025-11-27;9;3662
17;2025-11-27;10;2839
17;2025-11-27;11;2793
17;2025-11-27;12;2858
17;2025-11-27;13;2929
17;2025-11-27;14;2970
17;2025-11-27;15;3127
17;2025-11-27;16;3536
17;2025-11-27;17;4335
17;2025-11-27;18;4719
17;2025-11-27;19;3399
17;2025-11-27;20;2383
17;2025-11-27;21;1530
17;2025-11-27;22;859
17;2025-11-27;23;407
17;2025-11-28;0;143
17;2025-11-28;1;15
17;2025-11-28;2;0
17;2025-11-28;3;0
17;2025-11-28;4;24
17;2025-11-28;5;303
17;2025-11-28;6;1463
17;2025-11-28;7;3692
17;2025-11-28;8;4914
17;2025-11-28;9;3599
17;2025-11-28;10;2792
17;2025-11-28;11;2802
17;2025-11-28;12;2876
17;2025-11-28;13;2966
17;2025-11-28;14;2986
17;2025-11-28;15;3118
17;2025-11-28;16;3496
17;2025-11-28;17;4211
17;2025-11-28;18;4434
17;2025-11-28;19;3336
17;2025-11-28;20;2349
17;2025-11-28;21;1515
17;2025-11-28;22;849
17;2025-11-28;23;426
17;2025-11-29;0;193
17;2025-11-29;1;25
17;2025-11-29;2;0
17;2025-11-29;3;0
17;2025-11-29;4;5
17;2025-11-29;5;124
17;2025-11-29;6;536
17;2025-11-29;7;1062
17;2025-11-29;8;1567
17;2025-11-29;9;1841
17;2025-11-29;10;2062
17;2025-11-29;11;2416
17;2025-11-29;12;2648
17;2025-11-29;13;2843
17;2025-11-29;14;2829
17;2025-11-29;15;2905
17;2025-11-29;16;2873
17;2025-11-29;17;2871
17;2025-11-29;18;2722
17;2025-11-29;19;2262
17;2025-11-29;20;1759
17;2025-11-29;21;1243
17;2025-11-29;22;877
17;2025-11-29;23;430
17;2025-11-30;0;184
17;2025-11-30;1;22
17;2025-11-30;2;0
17;2025-11-30;3;0
17;2025-11-30;4;3
17;2025-11-30;5;101
17;2025-11-30;6;402
17;2025-11-30;7;789
17;2025-11-30;8;1164
17;2025-11-30;9;1631
17;2025-11-30;10;1895
17;2025-11-30;11;2301
17;2025-11-30;12;2576
17;2025-11-30;13;2757
17;2025-11-30;14;2758
17;2025-11-30;15;2806
17;2025-11-30;16;2769
17;2025-11-30;17;2739
17;2025-11-30;18;2515
17;2025-11-30;19;2117
17;2025-11-30;20;1624
17;2025-11-30;21;1146
17;2025-11-30;22;731
17;2025-11-30;23;326
17;2025-12-01;0;116
17;2025-12-01;1;12
17;2025-12-01;2;0
17;2025-12-01;3;0
17;2025-12-01;4;25
17;2025-12-01;5;295
17;2025-12-01;6;1462
17;2025-12-01;7;3807
17;2025-12-01;8;5113
17;2025-12-01;9;3636
17;2025-12-01;10;2792
17;2025-12-01;11;2778
17;2025-12-01;12;2841
17;2025-12-01;13;2899
17;2025-12-01;14;2938
17;2025-12-01;15;3116
17;2025-12-01;16;3521
17;2025-12-01;17;4308
17;2025-12-01;18;4719
17;2025-12-01;19;3350
17;2025-12-01;20;2349
17;2025-12-01;21;1503
17;2025-12-01;22;829
17;2025-12-01;23;346
17;2025-12-02;0;121
17;2025-12-02;1;11
17;2025-12-02;2;0
17;2025-12-02;3;0
17;2025-12-02;4;26
17;2025-12-02;5;303
17;2025-12-02;6;1490
17;2025-12-02;7;3852
17;2025-12-02;8;5139
17;2025-12-02;9;3665
17;2025-12-02;10;2864
17;2025-12-02;11;2813
17;2025-12-02;12;2876
17;2025-12-02;13;2939
17;2025-12-02;14;2988
17;2025-12-02;15;3137
17;2025-12-02;16;3547
17;2025-12-02;17;4360
17;2025-12-02;18;4771
17;2025-12-02;19;3413
17;2025-12-02;20;2388
17;2025-12-02;21;1526
17;2025-12-02;22;855
17;2025-12-02;23;372
17;2025-12-03;0;123
17;2025-12-03;1;12
17;2025-12-03;2;0
17;2025-12-03;3;0
17;2025-12-03;4;27
17;2025-12-03;5;309
17;2025-12-03;6;1490
17;2025-12-03;7;3815
17;2025-12-03;8;5083
17;2025-12-03;9;3653
17;2025-12-03;10;2853
17;2025-12-03;11;2812
17;2025-12-03;12;2876
17;2025-12-03;13;2943
17;2025-12-03;14;2990
17;2025-12-03;15;3144
17;2025-12-03;16;3529
17;2025-12-03;17;4316
17;2025-12-03;18;4730
17;2025-12-03;19;3397
17;2025-12-03;20;2387
17;2025-12-03;21;1530
17;2025-12-03;22;859
17;2025-12-03;23;393
17;2025-12-04;0;137
17;2025-12-04;1;13
17;2025-12-04;2;0
17;2025-12-04;3;0
17;2025-12-04;4;25
17;2025-12-04;5;308
17;2025-12-04;6;1489
17;2025-12-04;7;3823
17;2025-12-04;8;5069
17;2025-12-04;9;3662
17;2025-12-04;10;2839
17;2025-12-04;11;2793
17;2025-12-04;12;2858
17;2025-12-04;13;2929
17;2025-12-04;14;2970
17;2025-12-04;15;3127
17;2025-12-04;16;3536
17;2025-12-04;17;4335
17;2025-12-04;18;4719
17;2025-12-04;19;3399
17;2025-12-04;20;2383
17;2025-12-04;21;1530
17;2025-12-04;22;859
17;2025-12-04;23;407
17;2025-12-05;0;143
17;2025-12-05;1;15
17;2025-12-05;2;0
17;2025-12-05;3;0
17;2025-12-05;4;24
17;2025-12-05;5;303
17;2025-12-05;6;1463
17;2025-12-05;7;3692
17;2025-12-05;8;4914
17;2025-12-05;9;3599
17;2025-12-05;10;2792
17;2025-12-05;11;2802
17;2025-12-05;12;2876
17;2025-12-05;13;2966
17;2025-12-05;14;2986
17;2025-12-05;15;3118
17;2025-12-05;16;3496
17;2025-12-05;17;4211
17;2025-12-05;18;4434
17;2025-12-05;19;3336
17;2025-12-05;20;2349
17;2025-12-05;21;1515
17;2025-12-05;22;849
17;2025-12-05;23;426
17;2025-12-06;0;193
17;2025-12-06;1;25
17;2025-12-06;2;0
17;2025-12-06;3;0
17;2025-12-06;4;5
17;2025-12-06;5;124
17;2025-12-06;6;536
17;2025-12-06;7;1062
17;2025-12-06;8;1567
17;2025-12-06;9;1841
17;2025-12-06;10;2062
17;2025-12-06;11;2416
17;2025-12-06;12;2648
17;2025-12-06;13;2843
17;2025-12-06;14;2829
17;2025-12-06;15;2905
17;2025-12-06;16;2873
17;2025-12-06;17;2871
17;2025-12-06;18;2722
17;2025-12-06;19;2262
17;2025-12-06;20;1759
17;2025-12-06;21;1243
17;2025-12-06;22;877
17;2025-12-06;23;430
17;2025-12-07;0;184
17;2025-12-07;1;22
17;2025-12-07;2;0
17;2025-12-07;3;0
17;2025-12-07;4;3
17;2025-12-07;5;101
17;2025-12-07;6;402
17;2025-12-07;7;789
17;2025-12-07;8;1164
17;2025-12-07;9;1631
17;2025-12-07;10;1895
17;2025-12-07;11;2301
17;2025-12-07;12;2576
17;2025-12-07;13;2757
17;2025-12-07;14;2758
17;2025-12-07;15;2806
17;2025-12-07;16;2769
17;2025-12-07;17;2739
17;2025-12-07;18;2515
17;2025-12-07;19;2117
17;2025-12-07;20;1624
17;2025-12-07;21;1146
17;2025-12-07;22;731
17;2025-12-07;23;326
17;2025-12-08;0;116
17;2025-12-08;1;12
17;2025-12-08;2;0
17;2025-12-08;3;0
17;2025-12-08;4;25
17;2025-12-08;5;295
17;2025-12-08;6;1462
17;2025-12-08;7;3807
17;2025-12-08;8;5113
17;2025-12-08;9;3636
17;2025-12-08;10;2792
17;2025-12-08;11;2778
17;2025-12-08;12;2841
17;2025-12-08;13;2899
17;2025-12-08;14;2938
17;2025-12-08;15;3116
17;2025-12-08;16;3521
17;2025-12-08;17;4308
17;2025-12-08;18;4719
17;2025-12-08;19;3350
17;2025-12-08;20;2349
17;2025-12-08;21;1503
17;2025-12-08;22;829
17;2025-12-08;23;346
17;2025-12-09;0;121
17;2025-12-09;1;11
17;2025-12-09;2;0
17;2025-12-09;3;0
17;2025-12-09;4;26
17;2025-12-09;5;303
17;2025-12-09;6;1490
17;2025-12-09;7;3852
17;2025-12-09;8;5139
17;2025-12-09;9;3665
17;2025-12-09;10;2864
17;2025-12-09;11;2813
17;2025-12-09;12;2876
17;2025-12-09;13;2939
17;2025-12-09;14;2988
17;2025-12-09;15;3137
17;2025-12-09;16;3547
17;2025-12-09;17;4360
17;2025-12-09;18;4771
17;2025-12-09;19;3413
17;2025-12-09;20;2388
17;2025-12-09;21;1526
17;2025-12-09;22;855
17;2025-12-09;23;372
17;2025-12-10;0;123
17;2025-12-10;1;12
17;2025-12-10;2;0
17;2025-12-10;3;0
17;2025-12-10;4;27
17;2025-12-10;5;309
17;2025-12-10;6;1490
17;2025-12-10;7;3815
17;2025-12-10;8;5083
17;2025-12-10;9;3653
17;2025-12-10;10;2853
17;2025-12-10;11;2812
17;2025-12-10;12;2876
17;2025-12-10;13;2943
17;2025-12-10;14;2990
17;2025-12-10;15;3144
17;2025-12-10;16;3529
17;2025-12-10;17;4316
17;2025-12-10;18;4730
17;2025-12-10;19;3397
17;2025-12-10;20;2387
17;2025-12-10;21;1530
17;2025-12-10;22;859
17;2025-12-10;23;393
17;2025-12-11;0;137
17;2025-12-11;1;13
17;2025-12-11;2;0
17;2025-12-11;3;0
17;2025-12-11;4;25
17;2025-12-11;5;308
17;2025-12-11;6;1489
17;2025-12-11;7;3823
17;2025-12-11;8;5069
17;2025-12-11;9;3662
17;2025-12-11;10;2839
17;2025-12-11;11;2793
17;2025-12-11;12;2858
17;2025-12-11;13;2929
17;2025-12-11;14;2970
17;2025-12-11;15;3127
17;2025-12-11;16;3536
17;2025-12-11;17;4335
17;2025-12-11;18;4719
17;2025-12-11;19;3399
17;2025-12-11;20;2383
17;2025-12-11;21;1530
17;2025-12-11;22;859
17;2025-12-11;23;407
17;2025-12-12;0;143
17;2025-12-12;1;15
17;2025-12-12;2;0
17;2025-12-12;3;0
17;2025-12-12;4;24
17;2025-12-12;5;303
17;2025-12-12;6;1463
17;2025-12-12;7;3692
17;2025-12-12;8;4914
17;2025-12-12;9;3599
17;2025-12-12;10;2792
17;2025-12-12;11;2802
17;2025-12-12;12;2876
17;2025-12-12;13;2966
17;2025-12-12;14;2986
17;2025-12-12;15;3118
17;2025-12-12;16;3496
17;2025-12-12;17;4211
17;2025-12-12;18;4434
17;2025-12-12;19;3336
17;2025-12-12;20;2349
17;2025-12-12;21;1515
17;2025-12-12;22;849
17;2025-12-12;23;426
17;2025-12-13;0;193
17;2025-12-13;1;25
17;2025-12-13;2;0
17;2025-12-13;3;0
17;2025-12-13;4;5
17;2025-12-13;5;124
17;2025-12-13;6;536
17;2025-12-13;7;1062
17;2025-12-13;8;1567
17;2025-12-13;9;1841
17;2025-12-13;10;2062
17;2025-12-13;11;2416
17;2025-12-13;12;2648
17;2025-12-13;13;2843
17;2025-12-13;14;2829
17;2025-12-13;15;2905
17;2025-12-13;16;2873
17;2025-12-13;17;2871
17;2025-12-13;18;2722
17;2025-12-13;19;2262
17;2025-12-13;20;1759
17;2025-12-13;21;1243
17;2025-12-13;22;877
17;2025-12-13;23;430
17;2025-12-14;0;184
17;2025-12-14;1;22
17;2025-12-14;2;0
17;2025-12-14;3;0
17;2025-12-14;4;3
17;2025-12-14;5;101
17;2025-12-14;6;402
17;2025-12-14;7;789
17;2025-12-14;8;1164
17;2025-12-14;9;1631
17;2025-12-14;10;1895
17;2025-12-14;11;2301
17;2025-12-14;12;2576
17;2025-12-14;13;2757
17;2025-12-14;14;2758
17;2025-12-14;15;2806
17;2025-12-14;16;2769
17;2025-12-14;17;2739
17;2025-12-14;18;2515
17;2025-12-14;19;2117
17;2025-12-14;20;1624
17;2025-12-14;21;1146
17;2025-12-14;22;731
17;2025-12-14;23;326
17;2025-12-15;0;116
17;2025-12-15;1;12
17;2025-12-15;2;0
17;2025-12-15;3;0
17;2025-12-15;4;25
17;2025-12-15;5;295
17;2025-12-15;6;1462
17;2025-12-15;7;3807
17;2025-12-15;8;5113
17;2025-12-15;9;3636
17;2025-12-15;10;2792
17;2025-12-15;11;2778
17;2025-12-15;12;2841
17;2025-12-15;13;2899
17;2025-12-15;14;2938
17;2025-12-15;15;3116
17;2025-12-15;16;3521
17;2025-12-15;17;4308
17;2025-12-15;18;4719
17;2025-12-15;19;3350
17;2025-12-15;20;2349
17;2025-12-15;21;1503
17;2025-12-15;22;829
17;2025-12-15;23;346
17;2025-12-16;0;121
17;2025-12-16;1;11
17;2025-12-16;2;0
17;2025-12-16;3;0
17;2025-12-16;4;26
17;2025-12-16;5;303
17;2025-12-16;6;1490
17;2025-12-16;7;3852
17;2025-12-16;8;5139
17;2025-12-16;9;3665
17;2025-12-16;10;2864
17;2025-12-16;11;2813
17;2025-12-16;12;2876
17;2025-12-16;13;2939
17;2025-12-16;14;2988
17;2025-12-16;15;3137
17;2025-12-16;16;3547
17;2025-12-16;17;4360
17;2025-12-16;18;4771
17;2025-12-16;19;3413
17;2025-12-16;20;2388
17;2025-12-16;21;1526
17;2025-12-16;22;855
17;2025-12-16;23;372
17;2025-12-17;0;123
17;2025-12-17;1;12
17;2025-12-17;2;0
17;2025-12-17;3;0
17;2025-12-17;4;27
17;2025-12-17;5;309
17;2025-12-17;6;1490
17;2025-12-17;7;3815
17;2025-12-17;8;5083
17;2025-12-17;9;3653
17;2025-12-17;10;2853
17;2025-12-17;11;2812
17;2025-12-17;12;2876
17;2025-12-17;13;2943
17;2025-12-17;14;2990
17;2025-12-17;15;3144
17;2025-12-17;16;3529
17;2025-12-17;17;4316
17;2025-12-17;18;4730
17;2025-12-17;19;3397
17;2025-12-17;20;2387
17;2025-12-17;21;1530
17;2025-12-17;22;859
17;2025-12-17;23;393
17;2025-12-18;0;137
17;2025-12-18;1;13
17;2025-12-18;2;0
17;2025-12-18;3;0
17;2025-12-18;4;25
17;2025-12-18;5;308
17;2025-12-18;6;1489
17;2025-12-18;7;3823
17;2025-12-18;8;5069
17;2025-12-18;9;3662
17;2025-12-18;10;2839
17;2025-12-18;11;2793
17;2025-12-18;12;2858
17;2025-12-18;13;2929
17;2025-12-18;14;2970
17;2025-12-18;15;3127
17;2025-12-18;16;3536
17;2025-12-18;17;4335
17;2025-12-18;18;4719
17;2025-12-18;19;3399
17;2025-12-18;20;2383
17;2025-12-18;21;1530
17;2025-12-18;22;859
17;2025-12-18;23;407
17;2025-12-19;0;143
17;2025-12-19;1;15
17;2025-12-19;2;0
17;2025-12-19;3;0
17;2025-12-19;4;24
17;2025-12-19;5;303
17;2025-12-19;6;1463
17;2025-12-19;7;3692
17;2025-12-19;8;4914
17;2025-12-19;9;3599
17;2025-12-19;10;2792
17;2025-12-19;11;2802
17;2025-12-19;12;2876
17;2025-12-19;13;2966
17;2025-12-19;14;2986
17;2025-12-19;15;3118
17;2025-12-19;16;3496
17;2025-12-19;17;4211
17;2025-12-19;18;4434
17;2025-12-19;19;3336
17;2025-12-19;20;2349
17;2025-12-19;21;1515
17;2025-12-19;22;849
17;2025-12-19;23;426
17;2025-12-20;0;193
17;2025-12-20;1;25
17;2025-12-20;2;0
17;2025-12-20;3;0
17;2025-12-20;4;5
17;2025-12-20;5;124
17;2025-12-20;6;536
17;2025-12-20;7;1062
17;2025-12-20;8;1567
17;2025-12-20;9;1841
17;2025-12-20;10;2062
17;2025-12-20;11;2416
17;2025-12-20;12;2648
17;2025-12-20;13;2843
17;2025-12-20;14;2829
17;2025-12-20;15;2905
17;2025-12-20;16;2873
17;2025-12-20;17;2871
17;2025-12-20;18;2722
17;2025-12-20;19;2262
17;2025-12-20;20;1759
17;2025-12-20;21;1243
17;2025-12-20;22;877
17;2025-12-20;23;430
17;2025-12-21;0;184
17;2025-12-21;1;22
17;2025-12-21;2;0
17;2025-12-21;3;0
17;2025-12-21;4;3
17;2025-12-21;5;101
17;2025-12-21;6;402
17;2025-12-21;7;789
17;2025-12-21;8;1164
17;2025-12-21;9;1631
17;2025-12-21;10;1895
17;2025-12-21;11;2301
17;2025-12-21;12;2576
17;2025-12-21;13;2757
17;2025-12-21;14;2758
17;2025-12-21;15;2806
17;2025-12-21;16;2769
17;2025-12-21;17;2739
17;2025-12-21;18;2515
17;2025-12-21;19;2117
17;2025-12-21;20;1624
17;2025-12-21;21;1146
17;2025-12-21;22;731
17;2025-12-21;23;326
17;2025-12-22;0;116
17;2025-12-22;1;12
17;2025-12-22;2;0
17;2025-12-22;3;0
17;2025-12-22;4;25
17;2025-12-22;5;295
17;2025-12-22;6;1462
17;2025-12-22;7;3807
17;2025-12-22;8;5113
17;2025-12-22;9;3636
17;2025-12-22;10;2792
17;2025-12-22;11;2778
17;2025-12-22;12;2841
17;2025-12-22;13;2899
17;2025-12-22;14;2938
17;2025-12-22;15;3116
17;2025-12-22;16;3521
17;2025-12-22;17;4308
17;2025-12-22;18;4719
17;2025-12-22;19;3350
17;2025-12-22;20;2349
17;2025-12-22;21;1503
17;2025-12-22;22;829
17;2025-12-22;23;346
17;2025-12-23;0;121
17;2025-12-23;1;11
17;2025-12-23;2;0
17;2025-12-23;3;0
17;2025-12-23;4;26
17;2025-12-23;5;303
17;2025-12-23;6;1490
17;2025-12-23;7;3852
17;2025-12-23;8;5139
17;2025-12-23;9;3665
17;2025-12-23;10;2864
17;2025-12-23;11;2813
17;2025-12-23;12;2876
17;2025-12-23;13;2939
17;2025-12-23;14;2988
17;2025-12-23;15;3137
17;2025-12-23;16;3547
17;2025-12-23;17;4360
17;2025-12-23;18;4771
17;2025-12-23;19;3413
17;2025-12-23;20;2388
17;2025-12-23;21;1526
17;2025-12-23;22;855
17;2025-12-23;23;372
17;2025-12-24;0;123
17;2025-12-24;1;12
17;2025-12-24;2;0
17;2025-12-24;3;0
17;2025-12-24;4;27
17;2025-12-24;5;309
17;2025-12-24;6;1490
17;2025-12-24;7;3815
17;2025-12-24;8;5083
17;2025-12-24;9;3653
17;2025-12-24;10;2853
17;2025-12-24;11;2812
17;2025-12-24;12;2876
17;2025-12-24;13;2943
17;2025-12-24;14;2990
17;2025-12-24;15;3144
17;2025-12-24;16;3529
17;2025-12-24;17;4316
17;2025-12-24;18;4730
17;2025-12-24;19;3397
17;2025-12-24;20;2387
17;2025-12-24;21;1530
17;2025-12-24;22;859
17;2025-12-24;23;393
17;2025-12-25;0;137
17;2025-12-25;1;13
17;2025-12-25;2;0
17;2025-12-25;3;0
17;2025-12-25;4;25
17;2025-12-25;5;308
17;2025-12-25;6;1489
17;2025-12-25;7;3823
17;2025-12-25;8;5069
17;2025-12-25;9;3662
17;2025-12-25;10;2839
17;2025-12-25;11;2793
17;2025-12-25;12;2858
17;2025-12-25;13;2929
17;2025-12-25;14;2970
17;2025-12-25;15;3127
17;2025-12-25;16;3536
17;2025-12-25;17;4335
17;2025-12-25;18;4719
17;2025-12-25;19;3399
17;2025-12-25;20;2383
17;2025-12-25;21;1530
17;2025-12-25;22;859
17;2025-12-25;23;407
17;2025-12-26;0;143
17;2025-12-26;1;15
17;2025-12-26;2;0
17;2025-12-26;3;0
17;2025-12-26;4;24
17;2025-12-26;5;303
17;2025-12-26;6;1463
17;2025-12-26;7;3692
17;2025-12-26;8;4914
17;2025-12-26;9;3599
17;2025-12-26;10;2792
17;2025-12-26;11;2802
17;2025-12-26;12;2876
17;2025-12-26;13;2966
17;2025-12-26;14;2986
17;2025-12-26;15;3118
17;2025-12-26;16;3496
17;2025-12-26;17;4211
17;2025-12-26;18;4434
17;2025-12-26;19;3336
17;2025-12-26;20;2349
17;2025-12-26;21;1515
17;2025-12-26;22;849
17;2025-12-26;23;426
17;2025-12-27;0;193
17;2025-12-27;1;25
17;2025-12-27;2;0
17;2025-12-27;3;0
17;2025-12-27;4;5
17;2025-12-27;5;124
17;2025-12-27;6;536
17;2025-12-27;7;1062
17;2025-12-27;8;1567
17;2025-12-27;9;1841
17;2025-12-27;10;2062
17;2025-12-27;11;2416
17;2025-12-27;12;2648
17;2025-12-27;13;2843
17;2025-12-27;14;2829
17;2025-12-27;15;2905
17;2025-12-27;16;2873
17;2025-12-27;17;2871
17;2025-12-27;18;2722
17;2025-12-27;19;2262
17;2025-12-27;20;1759
17;2025-12-27;21;1243
17;2025-12-27;22;877
17;2025-12-27;23;430
17;2025-12-28;0;184
17;2025-12-28;1;22
17;2025-12-28;2;0
17;2025-12-28;3;0
17;2025-12-28;4;3
17;2025-12-28;5;101
17;2025-12-28;6;402
17;2025-12-28;7;789
17;2025-12-28;8;1164
17;2025-12-28;9;1631
17;2025-12-28;10;1895
17;2025-12-28;11;2301
17;2025-12-28;12;2576
17;2025-12-28;13;2757
17;2025-12-28;14;2758
17;2025-12-28;15;2806
17;2025-12-28;16;2769
17;2025-12-28;17;2739
17;2025-12-28;18;2515
17;2025-12-28;19;2117
17;2025-12-28;20;1624
17;2025-12-28;21;1146
17;2025-12-28;22;731
17;2025-12-28;23;326
17;2025-12-29;0;116
17;2025-12-29;1;12
17;2025-12-29;2;0
17;2025-12-29;3;0
17;2025-12-29;4;25
17;2025-12-29;5;295
17;2025-12-29;6;1462
17;2025-12-29;7;3807
17;2025-12-29;8;5113
17;2025-12-29;9;3636
17;2025-12-29;10;2792
17;2025-12-29;11;2778
17;2025-12-29;12;2841
17;2025-12-29;13;2899
17;2025-12-29;14;2938
17;2025-12-29;15;3116
17;2025-12-29;16;3521
17;2025-12-29;17;4308
17;2025-12-29;18;4719
17;2025-12-29;19;3350
17;2025-12-29;20;2349
17;2025-12-29;21;1503
17;2025-12-29;22;829
17;2025-12-29;23;346
17;2025-12-30;0;121
17;2025-12-30;1;11
17;2025-12-30;2;0
17;2025-12-30;3;0
17;2025-12-30;4;26
17;2025-12-30;5;303
17;2025-12-30;6;1490
17;2025-12-30;7;3852
17;2025-12-30;8;5139
17;2025-12-30;9;3665
17;2025-12-30;10;2864
17;2025-12-30;11;2813
17;2025-12-30;12;2876
17;2025-12-30;13;2939
17;2025-12-30;14;2988
17;2025-12-30;15;3137
17;2025-12-30;16;3547
17;2025-12-30;17;4360
17;2025-12-30;18;4771
17;2025-12-30;19;3413
17;2025-12-30;20;2388
17;2025-12-30;21;1526
17;2025-12-30;22;855
17;2025-12-30;23;372
17;2025-12-31;0;123
17;2025-12-31;1;12
17;2025-12-31;2;0
17;2025-12-31;3;0
17;2025-12-31;4;27
17;2025-12-31;5;309
17;2025-12-31;6;1490
17;2025-12-31;7;3815
17;2025-12-31;8;5083
17;2025-12-31;9;3653
17;2025-12-31;10;2853
17;2025-12-31;11;2812
17;2025-12-31;12;2876
17;2025-12-31;13;2943
17;2025-12-31;14;2990
17;2025-12-31;15;3144
17;2025-12-31;16;3529
17;2025-12-31;17;4316
17;2025-12-31;18;4730
17;2025-12-31;19;3397
17;2025-12-31;20;2387
17;2025-12-31;21;1530
17;2025-12-31;22;859
17;2025-12-31;23;393
25;2025-11-01;0;4
25;2025-11-01;1;0
25;2025-11-01;2;0
25;2025-11-01;3;0
25;2025-11-01;4;0
25;2025-11-01;5;1
25;2025-11-01;6;58
25;2025-11-01;7;116
25;2025-11-01;8;251
25;2025-11-01;9;236
25;2025-11-01;10;243
25;2025-11-01;11;316
25;2025-11-01;12;341
25;2025-11-01;13;450
25;2025-11-01;14;442
25;2025-11-01;15;527
25;2025-11-01;16;495
25;2025-11-01;17;444
25;2025-11-01;18;454
25;2025-11-01;19;368
25;2025-11-01;20;259
25;2025-11-01;21;202
25;2025-11-01;22;130
25;2025-11-01;23;46
25;2025-11-02;0;11
25;2025-11-02;1;0
25;2025-11-02;2;0
25;2025-11-02;3;0
25;2025-11-02;4;0
25;2025-11-02;5;1
25;2025-11-02;6;36
25;2025-11-02;7;89
25;2025-11-02;8;175
25;2025-11-02;9;203
25;2025-11-02;10;204
25;2025-11-02;11;270
25;2025-11-02;12;313
25;2025-11-02;13;414
25;2025-11-02;14;418
25;2025-11-02;15;491
25;2025-11-02;16;419
25;2025-11-02;17;376
25;2025-11-02;18;385
25;2025-11-02;19;312
25;2025-11-02;20;219
25;2025-11-02;21;175
25;2025-11-02;22;107
25;2025-11-02;23;43
25;2025-11-03;0;7
25;2025-11-03;1;0
25;2025-11-03;2;0
25;2025-11-03;3;0
25;2025-11-03;4;0
25;2025-11-03;5;3
25;2025-11-03;6;134
25;2025-11-03;7;480
25;2025-11-03;8;787
25;2025-11-03;9;407
25;2025-11-03;10;304
25;2025-11-03;11;343
25;2025-11-03;12;340
25;2025-11-03;13;437
25;2025-11-03;14;381
25;2025-11-03;15;466
25;2025-11-03;16;581
25;2025-11-03;17;657
25;2025-11-03;18;686
25;2025-11-03;19;432
25;2025-11-03;20;290
25;2025-11-03;21;192
25;2025-11-03;22;108
25;2025-11-03;23;7
25;2025-11-04;0;0
25;2025-11-04;1;0
25;2025-11-04;2;0
25;2025-11-04;3;0
25;2025-11-04;4;0
25;2025-11-04;5;4
25;2025-11-04;6;147
25;2025-11-04;7;493
25;2025-11-04;8;810
25;2025-11-04;9;428
25;2025-11-04;10;328
25;2025-11-04;11;371
25;2025-11-04;12;369
25;2025-11-04;13;451
25;2025-11-04;14;412
25;2025-11-04;15;480
25;2025-11-04;16;593
25;2025-11-04;17;667
25;2025-11-04;18;697
25;2025-11-04;19;461
25;2025-11-04;20;304
25;2025-11-04;21;199
25;2025-11-04;22;114
25;2025-11-04;23;6
25;2025-11-05;0;0
25;2025-11-05;1;0
25;2025-11-05;2;0
25;2025-11-05;3;0
25;2025-11-05;4;0
25;2025-11-05;5;4
25;2025-11-05;6;146
25;2025-11-05;7;491
25;2025-11-05;8;808
25;2025-11-05;9;427
25;2025-11-05;10;328
25;2025-11-05;11;371
25;2025-11-05;12;368
25;2025-11-05;13;452
25;2025-11-05;14;410
25;2025-11-05;15;478
25;2025-11-05;16;591
25;2025-11-05;17;665
25;2025-11-05;18;696
25;2025-11-05;19;461
25;2025-11-05;20;304
25;2025-11-05;21;205
25;2025-11-05;22;118
25;2025-11-05;23;6
25;2025-11-06;0;0
25;2025-11-06;1;0
25;2025-11-06;2;0
25;2025-11-06;3;0
25;2025-11-06;4;0
25;2025-11-06;5;3
25;2025-11-06;6;144
25;2025-11-06;7;490
25;2025-11-06;8;807
25;2025-11-06;9;425
25;2025-11-06;10;328
25;2025-11-06;11;371
25;2025-11-06;12;368
25;2025-11-06;13;452
25;2025-11-06;14;410
25;2025-11-06;15;478
25;2025-11-06;16;591
25;2025-11-06;17;665
25;2025-11-06;18;695
25;2025-11-06;19;460
25;2025-11-06;20;304
25;2025-11-06;21;204
25;2025-11-06;22;118
25;2025-11-06;23;7
25;2025-11-07;0;0
25;2025-11-07;1;0
25;2025-11-07;2;0
25;2025-11-07;3;0
25;2025-11-07;4;0
25;2025-11-07;5;4
25;2025-11-07;6;137
25;2025-11-07;7;479
25;2025-11-07;8;767
25;2025-11-07;9;413
25;2025-11-07;10;315
25;2025-11-07;11;360
25;2025-11-07;12;357
25;2025-11-07;13;437
25;2025-11-07;14;398
25;2025-11-07;15;469
25;2025-11-07;16;577
25;2025-11-07;17;643
25;2025-11-07;18;649
25;2025-11-07;19;435
25;2025-11-07;20;293
25;2025-11-07;21;203
25;2025-11-07;22;116
25;2025-11-07;23;8
25;2025-11-08;0;4
25;2025-11-08;1;0
25;2025-11-08;2;0
25;2025-11-08;3;0
25;2025-11-08;4;0
25;2025-11-08;5;1
25;2025-11-08;6;58
25;2025-11-08;7;116
25;2025-11-08;8;251
25;2025-11-08;9;236
25;2025-11-08;10;243
25;2025-11-08;11;316
25;2025-11-08;12;341
25;2025-11-08;13;450
25;2025-11-08;14;442
25;2025-11-08;15;527
25;2025-11-08;16;495
25;2025-11-08;17;444
25;2025-11-08;18;454
25;2025-11-08;19;368
25;2025-11-08;20;259
25;2025-11-08;21;202
25;2025-11-08;22;130
25;2025-11-08;23;46
25;2025-11-09;0;11
25;2025-11-09;1;0
25;2025-11-09;2;0
25;2025-11-09;3;0
25;2025-11-09;4;0
25;2025-11-09;5;1
25;2025-11-09;6;36
25;2025-11-09;7;89
25;2025-11-09;8;175
25;2025-11-09;9;203
25;2025-11-09;10;204
25;2025-11-09;11;270
25;2025-11-09;12;313
25;2025-11-09;13;414
25;2025-11-09;14;418
25;2025-11-09;15;491
25;2025-11-09;16;419
25;2025-11-09;17;376
25;2025-11-09;18;385
25;2025-11-09;19;312
25;2025-11-09;20;219
25;2025-11-09;21;175
25;2025-11-09;22;107
25;2025-11-09;23;43
25;2025-11-10;0;7
25;2025-11-10;1;0
25;2025-11-10;2;0
25;2025-11-10;3;0
25;2025-11-10;4;0
25;2025-11-10;5;3
25;2025-11-10;6;134
25;2025-11-10;7;480
25;2025-11-10;8;787
25;2025-11-10;9;407
25;2025-11-10;10;304
25;2025-11-10;11;343
25;2025-11-10;12;340
25;2025-11-10;13;437
25;2025-11-10;14;381
25;2025-11-10;15;466
25;2025-11-10;16;581
25;2025-11-10;17;657
25;2025-11-10;18;686
25;2025-11-10;19;432
25;2025-11-10;20;290
25;2025-11-10;21;192
25;2025-11-10;22;108
25;2025-11-10;23;7
25;2025-11-11;0;0
25;2025-11-11;1;0
25;2025-11-11;2;0
25;2025-11-11;3;0
25;2025-11-11;4;0
25;2025-11-11;5;4
25;2025-11-11;6;147
25;2025-11-11;7;493
25;2025-11-11;8;810
25;2025-11-11;9;428
25;2025-11-11;10;328
25;2025-11-11;11;371
25;2025-11-11;12;369
25;2025-11-11;13;451
25;2025-11-11;14;412
25;2025-11-11;15;480
25;2025-11-11;16;593
25;2025-11-11;17;667
25;2025-11-11;18;697
25;2025-11-11;19;461
25;2025-11-11;20;304
25;2025-11-11;21;199
25;2025-11-11;22;114
25;2025-11-11;23;6
25;2025-11-12;0;0
25;2025-11-12;1;0
25;2025-11-12;2;0
25;2025-11-12;3;0
25;2025-11-12;4;0
25;2025-11-12;5;4
25;2025-11-12;6;146
25;2025-11-12;7;491
25;2025-11-12;8;808
25;2025-11-12;9;427
25;2025-11-12;10;328
25;2025-11-12;11;371
25;2025-11-12;12;368
25;2025-11-12;13;452
25;2025-11-12;14;410
25;2025-11-12;15;478
25;2025-11-12;16;591
25;2025-11-12;17;665
25;2025-11-12;18;696
25;2025-11-12;19;461
25;2025-11-12;20;304
25;2025-11-12;21;205
25;2025-11-12;22;118
25;2025-11-12;23;6
25;2025-11-13;0;0
25;2025-11-13;1;0
25;2025-11-13;2;0
25;2025-11-13;3;0
25;2025-11-13;4;0
25;2025-11-13;5;3
25;2025-11-13;6;144
25;2025-11-13;7;490
25;2025-11-13;8;807
25;2025-11-13;9;425
25;2025-11-13;10;328
25;2025-11-13;11;371
25;2025-11-13;12;368
25;2025-11-13;13;452
25;2025-11-13;14;410
25;2025-11-13;15;478
25;2025-11-13;16;591
25;2025-11-13;17;665
25;2025-11-13;18;695
25;2025-11-13;19;460
25;2025-11-13;20;304
25;2025-11-13;21;204
25;2025-11-13;22;118
25;2025-11-13;23;7
25;2025-11-14;0;0
25;2025-11-14;1;0
25;2025-11-14;2;0
25;2025-11-14;3;0
25;2025-11-14;4;0
25;2025-11-14;5;4
25;2025-11-14;6;137
25;2025-11-14;7;479
25;2025-11-14;8;767
25;2025-11-14;9;413
25;2025-11-14;10;315
25;2025-11-14;11;360
25;2025-11-14;12;357
25;2025-11-14;13;437
25;2025-11-14;14;398
25;2025-11-14;15;469
25;2025-11-14;16;577
25;2025-11-14;17;643
25;2025-11-14;18;649
25;2025-11-14;19;435
25;2025-11-14;20;293
25;2025-11-14;21;203
25;2025-11-14;22;116
25;2025-11-14;23;8
25;2025-11-15;0;4
25;2025-11-15;1;0
25;2025-11-15;2;0
25;2025-11-15;3;0
25;2025-11-15;4;0
25;2025-11-15;5;1
25;2025-11-15;6;58
25;2025-11-15;7;116
25;2025-11-15;8;251
25;2025-11-15;9;236
25;2025-11-15;10;243
25;2025-11-15;11;316
25;2025-11-15;12;341
25;2025-11-15;13;450
25;2025-11-15;14;442
25;2025-11-15;15;527
25;2025-11-15;16;495
25;2025-11-15;17;444
25;2025-11-15;18;454
25;2025-11-15;19;368
25;2025-11-15;20;259
25;2025-11-15;21;202
25;2025-11-15;22;130
25;2025-11-15;23;46
25;2025-11-16;0;11
25;2025-11-16;1;0
25;2025-11-16;2;0
25;2025-11-16;3;0
25;2025-11-16;4;0
25;2025-11-16;5;1
25;2025-11-16;6;36
25;2025-11-16;7;89
25;2025-11-16;8;175
25;2025-11-16;9;203
25;2025-11-16;10;204
25;2025-11-16;11;270
25;2025-11-16;12;313
25;2025-11-16;13;414
25;2025-11-16;14;418
25;2025-11-16;15;491
25;2025-11-16;16;419
25;2025-11-16;17;376
25;2025-11-16;18;385
25;2025-11-16;19;312
25;2025-11-16;20;219
25;2025-11-16;21;175
25;2025-11-16;22;107
25;2025-11-16;23;43
25;2025-11-17;0;7
25;2025-11-17;1;0
25;2025-11-17;2;0
25;2025-11-17;3;0
25;2025-11-17;4;0
25;2025-11-17;5;3
25;2025-11-17;6;134
25;2025-11-17;7;480
25;2025-11-17;8;787
25;2025-11-17;9;407
25;2025-11-17;10;304
25;2025-11-17;11;343
25;2025-11-17;12;340
25;2025-11-17;13;437
25;2025-11-17;14;381
25;2025-11-17;15;466
25;2025-11-17;16;581
25;2025-11-17;17;657
25;2025-11-17;18;686
25;2025-11-17;19;432
25;2025-11-17;20;290
25;2025-11-17;21;192
25;2025-11-17;22;108
25;2025-11-17;23;7
25;2025-11-18;0;0
25;2025-11-18;1;0
25;2025-11-18;2;0
25;2025-11-18;3;0
25;2025-11-18;4;0
25;2025-11-18;5;4
25;2025-11-18;6;147
25;2025-11-18;7;493
25;2025-11-18;8;810
25;2025-11-18;9;428
25;2025-11-18;10;328
25;2025-11-18;11;371
25;2025-11-18;12;369
25;2025-11-18;13;451
25;2025-11-18;14;412
25;2025-11-18;15;480
25;2025-11-18;16;593
25;2025-11-18;17;667
25;2025-11-18;18;697
25;2025-11-18;19;461
25;2025-11-18;20;304
25;2025-11-18;21;199
25;2025-11-18;22;114
25;2025-11-18;23;6
25;2025-11-19;0;0
25;2025-11-19;1;0
25;2025-11-19;2;0
25;2025-11-19;3;0
25;2025-11-19;4;0
25;2025-11-19;5;4
25;2025-11-19;6;146
25;2025-11-19;7;491
25;2025-11-19;8;808
25;2025-11-19;9;427
25;2025-11-19;10;328
25;2025-11-19;11;371
25;2025-11-19;12;368
25;2025-11-19;13;452
25;2025-11-19;14;410
25;2025-11-19;15;478
25;2025-11-19;16;591
25;2025-11-19;17;665
25;2025-11-19;18;696
25;2025-11-19;19;461
25;2025-11-19;20;304
25;2025-11-19;21;205
25;2025-11-19;22;118
25;2025-11-19;23;6
25;2025-11-20;0;0
25;2025-11-20;1;0
25;2025-11-20;2;0
25;2025-11-20;3;0
25;2025-11-20;4;0
25;2025-11-20;5;3
25;2025-11-20;6;144
25;2025-11-20;7;490
25;2025-11-20;8;807
25;2025-11-20;9;425
25;2025-11-20;10;328
25;2025-11-20;11;371
25;2025-11-20;12;368
25;2025-11-20;13;452
25;2025-11-20;14;410
25;2025-11-20;15;478
25;2025-11-20;16;591
25;2025-11-20;17;665
25;2025-11-20;18;695
25;2025-11-20;19;460
25;2025-11-20;20;304
25;2025-11-20;21;204
25;2025-11-20;22;118
25;2025-11-20;23;7
25;2025-11-21;0;0
25;2025-11-21;1;0
25;2025-11-21;2;0
25;2025-11-21;3;0
25;2025-11-21;4;0
25;2025-11-21;5;4
25;2025-11-21;6;137
25;2025-11-21;7;479
25;2025-11-21;8;767
25;2025-11-21;9;413
25;2025-11-21;10;315
25;2025-11-21;11;360
25;2025-11-21;12;357
25;2025-11-21;13;437
25;2025-11-21;14;398
25;2025-11-21;15;469
25;2025-11-21;16;577
25;2025-11-21;17;643
25;2025-11-21;18;649
25;2025-11-21;19;435
25;2025-11-21;20;293
25;2025-11-21;21;203
25;2025-11-21;22;116
25;2025-11-21;23;8
25;2025-11-22;0;4
25;2025-11-22;1;0
25;2025-11-22;2;0
25;2025-11-22;3;0
25;2025-11-22;4;0
25;2025-11-22;5;1
25;2025-11-22;6;58
25;2025-11-22;7;116
25;2025-11-22;8;251
25;2025-11-22;9;236
25;2025-11-22;10;243
25;2025-11-22;11;316
25;2025-11-22;12;341
25;2025-11-22;13;450
25;2025-11-22;14;442
25;2025-11-22;15;527
25;2025-11-22;16;495
25;2025-11-22;17;444
25;2025-11-22;18;454
25;2025-11-22;19;368
25;2025-11-22;20;259
25;2025-11-22;21;202
25;2025-11-22;22;130
25;2025-11-22;23;46
25;2025-11-23;0;11
25;2025-11-23;1;0
25;2025-11-23;2;0
25;2025-11-23;3;0
25;2025-11-23;4;0
25;2025-11-23;5;1
25;2025-11-23;6;36
25;2025-11-23;7;89
25;2025-11-23;8;175
25;2025-11-23;9;203
25;2025-11-23;10;204
25;2025-11-23;11;270
25;2025-11-23;12;313
25;2025-11-23;13;414
25;2025-11-23;14;418
25;2025-11-23;15;491
25;2025-11-23;16;419
25;2025-11-23;17;376
25;2025-11-23;18;385
25;2025-11-23;19;312
25;2025-11-23;20;219
25;2025-11-23;21;175
25;2025-11-23;22;107
25;2025-11-23;23;43
25;2025-11-24;0;7
25;2025-11-24;1;0
25;2025-11-24;2;0
25;2025-11-24;3;0
25;2025-11-24;4;0
25;2025-11-24;5;3
25;2025-11-24;6;134
25;2025-11-24;7;480
25;2025-11-24;8;787
25;2025-11-24;9;407
25;2025-11-24;10;304
25;2025-11-24;11;343
25;2025-11-24;12;340
25;2025-11-24;13;437
25;2025-11-24;14;381
25;2025-11-24;15;466
25;2025-11-24;16;581
25;2025-11-24;17;657
25;2025-11-24;18;686
25;2025-11-24;19;432
25;2025-11-24;20;290
25;2025-11-24;21;192
25;2025-11-24;22;108
25;2025-11-24;23;7
25;2025-11-25;0;0
25;2025-11-25;1;0
25;2025-11-25;2;0
25;2025-11-25;3;0
25;2025-11-25;4;0
25;2025-11-25;5;4
25;2025-11-25;6;147
25;2025-11-25;7;493
25;2025-11-25;8;810
25;2025-11-25;9;428
25;2025-11-25;10;328
25;2025-11-25;11;371
25;2025-11-25;12;369
25;2025-11-25;13;451
25;2025-11-25;14;412
25;2025-11-25;15;480
25;2025-11-25;16;593
25;2025-11-25;17;667
25;2025-11-25;18;697
25;2025-11-25;19;461
25;2025-11-25;20;304
25;2025-11-25;21;199
25;2025-11-25;22;114
25;2025-11-25;23;6
25;2025-11-26;0;0
25;2025-11-26;1;0
25;2025-11-26;2;0
25;2025-11-26;3;0
25;2025-11-26;4;0
25;2025-11-26;5;4
25;2025-11-26;6;146
25;2025-11-26;7;491
25;2025-11-26;8;808
25;2025-11-26;9;427
25;2025-11-26;10;328
25;2025-11-26;11;371
25;2025-11-26;12;368
25;2025-11-26;13;452
25;2025-11-26;14;410
25;2025-11-26;15;478
25;2025-11-26;16;591
25;2025-11-26;17;665
25;2025-11-26;18;696
25;2025-11-26;19;461
25;2025-11-26;20;304
25;2025-11-26;21;205
25;2025-11-26;22;118
25;2025-11-26;23;6
25;2025-11-27;0;0
25;2025-11-27;1;0
25;2025-11-27;2;0
25;2025-11-27;3;0
25;2025-11-27;4;0
25;2025-11-27;5;3
25;2025-11-27;6;144
25;2025-11-27;7;490
25;2025-11-27;8;807
25;2025-11-27;9;425
25;2025-11-27;10;328
25;2025-11-27;11;371
25;2025-11-27;12;368
25;2025-11-27;13;452
25;2025-11-27;14;410
25;2025-11-27;15;478
25;2025-11-27;16;591
25;2025-11-27;17;665
25;2025-11-27;18;695
25;2025-11-27;19;460
25;2025-11-27;20;304
25;2025-11-27;21;204
25;2025-11-27;22;118
25;2025-11-27;23;7
25;2025-11-28;0;0
25;2025-11-28;1;0
25;2025-11-28;2;0
25;2025-11-28;3;0
25;2025-11-28;4;0
25;2025-11-28;5;4
25;2025-11-28;6;137
25;2025-11-28;7;479
25;2025-11-28;8;767
25;2025-11-28;9;413
25;2025-11-28;10;315
25;2025-11-28;11;360
25;2025-11-28;12;357
25;2025-11-28;13;437
25;2025-11-28;14;398
25;2025-11-28;15;469
25;2025-11-28;16;577
25;2025-11-28;17;643
25;2025-11-28;18;649
25;2025-11-28;19;435
25;2025-11-28;20;293
25;2025-11-28;21;203
25;2025-11-28;22;116
25;2025-11-28;23;8
25;2025-11-29;0;4
25;2025-11-29;1;0
25;2025-11-29;2;0
25;2025-11-29;3;0
25;2025-11-29;4;0
25;2025-11-29;5;1
25;2025-11-29;6;58
25;2025-11-29;7;116
25;2025-11-29;8;251
25;2025-11-29;9;236
25;2025-11-29;10;243
25;2025-11-29;11;316
25;2025-11-29;12;341
25;2025-11-29;13;450
25;2025-11-29;14;442
25;2025-11-29;15;527
25;2025-11-29;16;495
25;2025-11-29;17;444
25;2025-11-29;18;454
25;2025-11-29;19;368
25;2025-11-29;20;259
25;2025-11-29;21;202
25;2025-11-29;22;130
25;2025-11-29;23;46
25;2025-11-30;0;11
25;2025-11-30;1;0
25;2025-11-30;2;0
25;2025-11-30;3;0
25;2025-11-30;4;0
25;2025-11-30;5;1
25;2025-11-30;6;36
25;2025-11-30;7;89
25;2025-11-30;8;175
25;2025-11-30;9;203
25;2025-11-30;10;204
25;2025-11-30;11;270
25;2025-11-30;12;313
25;2025-11-30;13;414
25;2025-11-30;14;418
25;2025-11-30;15;491
25;2025-11-30;16;419
25;2025-11-30;17;376
25;2025-11-30;18;385
25;2025-11-30;19;312
25;2025-11-30;20;219
25;2025-11-30;21;175
25;2025-11-30;22;107
25;2025-11-30;23;43
25;2025-12-01;0;7
25;2025-12-01;1;0
25;2025-12-01;2;0
25;2025-12-01;3;0
25;2025-12-01;4;0
25;2025-12-01;5;3
25;2025-12-01;6;134
25;2025-12-01;7;480
25;2025-12-01;8;787
25;2025-12-01;9;407
25;2025-12-01;10;304
25;2025-12-01;11;343
25;2025-12-01;12;340
25;2025-12-01;13;437
25;2025-12-01;14;381
25;2025-12-01;15;466
25;2025-12-01;16;581
25;2025-12-01;17;657
25;2025-12-01;18;686
25;2025-12-01;19;432
25;2025-12-01;20;290
25;2025-12-01;21;192
25;2025-12-01;22;108
25;2025-12-01;23;7
25;2025-12-02;0;0
25;2025-12-02;1;0
25;2025-12-02;2;0
25;2025-12-02;3;0
25;2025-12-02;4;0
25;2025-12-02;5;4
25;2025-12-02;6;147
25;2025-12-02;7;493
25;2025-12-02;8;810
25;2025-12-02;9;428
25;2025-12-02;10;328
25;2025-12-02;11;371
25;2025-12-02;12;369
25;2025-12-02;13;451
25;2025-12-02;14;412
25;2025-12-02;15;480
25;2025-12-02;16;593
25;2025-12-02;17;667
25;2025-12-02;18;697
25;2025-12-02;19;461
25;2025-12-02;20;304
25;2025-12-02;21;199
25;2025-12-02;22;114
25;2025-12-02;23;6
25;2025-12-03;0;0
25;2025-12-03;1;0
25;2025-12-03;2;0
25;2025-12-03;3;0
25;2025-12-03;4;0
25;2025-12-03;5;4
25;2025-12-03;6;146
25;2025-12-03;7;491
25;2025-12-03;8;808
25;2025-12-03;9;427
25;2025-12-03;10;328
25;2025-12-03;11;371
25;2025-12-03;12;368
25;2025-12-03;13;452
25;2025-12-03;14;410
25;2025-12-03;15;478
25;2025-12-03;16;591
25;2025-12-03;17;665
25;2025-12-03;18;696
25;2025-12-03;19;461
25;2025-12-03;20;304
25;2025-12-03;21;205
25;2025-12-03;22;118
25;2025-12-03;23;6
25;2025-12-04;0;0
25;2025-12-04;1;0
25;2025-12-04;2;0
25;2025-12-04;3;0
25;2025-12-04;4;0
25;2025-12-04;5;3
25;2025-12-04;6;144
25;2025-12-04;7;490
25;2025-12-04;8;807
25;2025-12-04;9;425
25;2025-12-04;10;328
25;2025-12-04;11;371
25;2025-12-04;12;368
25;2025-12-04;13;452
25;2025-12-04;14;410
25;2025-12-04;15;478
25;2025-12-04;16;591
25;2025-12-04;17;665
25;2025-12-04;18;695
25;2025-12-04;19;460
25;2025-12-04;20;304
25;2025-12-04;21;204
25;2025-12-04;22;118
25;2025-12-04;23;7
25;2025-12-05;0;0
25;2025-12-05;1;0
25;2025-12-05;2;0
25;2025-12-05;3;0
25;2025-12-05;4;0
25;2025-12-05;5;4
25;2025-12-05;6;137
25;2025-12-05;7;479
25;2025-12-05;8;767
25;2025-12-05;9;413
25;2025-12-05;10;315
25;2025-12-05;11;360
25;2025-12-05;12;357
25;2025-12-05;13;437
25;2025-12-05;14;398
25;2025-12-05;15;469
25;2025-12-05;16;577
25;2025-12-05;17;643
25;2025-12-05;18;649
25;2025-12-05;19;435
25;2025-12-05;20;293
25;2025-12-05;21;203
25;2025-12-05;22;116
25;2025-12-05;23;8
25;2025-12-06;0;4
25;2025-12-06;1;0
25;2025-12-06;2;0
25;2025-12-06;3;0
25;2025-12-06;4;0
25;2025-12-06;5;1
25;2025-12-06;6;58
25;2025-12-06;7;116
25;2025-12-06;8;251
25;2025-12-06;9;236
25;2025-12-06;10;243
25;2025-12-06;11;316
25;2025-12-06;12;341
25;2025-12-06;13;450
25;2025-12-06;14;442
25;2025-12-06;15;527
25;2025-12-06;16;495
25;2025-12-06;17;444
25;2025-12-06;18;454
25;2025-12-06;19;368
25;2025-12-06;20;259
25;2025-12-06;21;202
25;2025-12-06;22;130
25;2025-12-06;23;46
25;2025-12-07;0;11
25;2025-12-07;1;0
25;2025-12-07;2;0
25;2025-12-07;3;0
25;2025-12-07;4;0
25;2025-12-07;5;1
25;2025-12-07;6;36
25;2025-12-07;7;89
25;2025-12-07;8;175
25;2025-12-07;9;203
25;2025-12-07;10;204
25;2025-12-07;11;270
25;2025-12-07;12;313
25;2025-12-07;13;414
25;2025-12-07;14;418
25;2025-12-07;15;491
25;2025-12-07;16;419
25;2025-12-07;17;376
25;2025-12-07;18;385
25;2025-12-07;19;312
25;2025-12-07;20;219
25;2025-12-07;21;175
25;2025-12-07;22;107
25;2025-12-07;23;43
25;2025-12-08;0;7
25;2025-12-08;1;0
25;2025-12-08;2;0
25;2025-12-08;3;0
25;2025-12-08;4;0
25;2025-12-08;5;3
25;2025-12-08;6;134
25;2025-12-08;7;480
25;2025-12-08;8;787
25;2025-12-08;9;407
25;2025-12-08;10;304
25;2025-12-08;11;343
25;2025-12-08;12;340
25;2025-12-08;13;437
25;2025-12-08;14;381
25;2025-12-08;15;466
25;2025-12-08;16;581
25;2025-12-08;17;657
25;2025-12-08;18;686
25;2025-12-08;19;432
25;2025-12-08;20;290
25;2025-12-08;21;192
25;2025-12-08;22;108
25;2025-12-08;23;7
25;2025-12-09;0;0
25;2025-12-09;1;0
25;2025-12-09;2;0
25;2025-12-09;3;0
25;2025-12-09;4;0
25;2025-12-09;5;4
25;2025-12-09;6;147
25;2025-12-09;7;493
25;2025-12-09;8;810
25;2025-12-09;9;428
25;2025-12-09;10;328
25;2025-12-09;11;371
25;2025-12-09;12;369
25;2025-12-09;13;451
25;2025-12-09;14;412
25;2025-12-09;15;480
25;2025-12-09;16;593
25;2025-12-09;17;667
25;2025-12-09;18;697
25;2025-12-09;19;461
25;2025-12-09;20;304
25;2025-12-09;21;199
25;2025-12-09;22;114
25;2025-12-09;23;6
25;2025-12-10;0;0
25;2025-12-10;1;0
25;2025-12-10;2;0
25;2025-12-10;3;0
25;2025-12-10;4;0
25;2025-12-10;5;4
25;2025-12-10;6;146
25;2025-12-10;7;491
25;2025-12-10;8;808
25;2025-12-10;9;427
25;2025-12-10;10;328
25;2025-12-10;11;371
25;2025-12-10;12;368
25;2025-12-10;13;452
25;2025-12-10;14;410
25;2025-12-10;15;478
25;2025-12-10;16;591
25;2025-12-10;17;665
25;2025-12-10;18;696
25;2025-12-10;19;461
25;2025-12-10;20;304
25;2025-12-10;21;205
25;2025-12-10;22;118
25;2025-12-10;23;6
25;2025-12-11;0;0
25;2025-12-11;1;0
25;2025-12-11;2;0
25;2025-12-11;3;0
25;2025-12-11;4;0
25;2025-12-11;5;3
25;2025-12-11;6;144
25;2025-12-11;7;490
25;2025-12-11;8;807
25;2025-12-11;9;425
25;2025-12-11;10;328
25;2025-12-11;11;371
25;2025-12-11;12;368
25;2025-12-11;13;452
25;2025-12-11;14;410
25;2025-12-11;15;478
25;2025-12-11;16;591
25;2025-12-11;17;665
25;2025-12-11;18;695
25;2025-12-11;19;460
25;2025-12-11;20;304
25;2025-12-11;21;204
25;2025-12-11;22;118
25;2025-12-11;23;7
25;2025-12-12;0;0
25;2025-12-12;1;0
25;2025-12-12;2;0
25;2025-12-12;3;0
25;2025-12-12;4;0
25;2025-12-12;5;4
25;2025-12-12;6;137
25;2025-12-12;7;479
25;2025-12-12;8;767
25;2025-12-12;9;413
25;2025-12-12;10;315
25;2025-12-12;11;360
25;2025-12-12;12;357
25;2025-12-12;13;437
25;2025-12-12;14;398
25;2025-12-12;15;469
25;2025-12-12;16;577
25;2025-12-12;17;643
25;2025-12-12;18;649
25;2025-12-12;19;435
25;2025-12-12;20;293
25;2025-12-12;21;203
25;2025-12-12;22;116
25;2025-12-12;23;8
25;2025-12-13;0;4
25;2025-12-13;1;0
25;2025-12-13;2;0
25;2025-12-13;3;0
25;2025-12-13;4;0
25;2025-12-13;5;1
25;2025-12-13;6;58
25;2025-12-13;7;116
25;2025-12-13;8;251
25;2025-12-13;9;236
25;2025-12-13;10;243
25;2025-12-13;11;316
25;2025-12-13;12;341
25;2025-12-13;13;450
25;2025-12-13;14;442
25;2025-12-13;15;527
25;2025-12-13;16;495
25;2025-12-13;17;444
25;2025-12-13;18;454
25;2025-12-13;19;368
25;2025-12-13;20;259
25;2025-12-13;21;202
25;2025-12-13;22;130
25;2025-12-13;23;46
25;2025-12-14;0;11
25;2025-12-14;1;0
25;2025-12-14;2;0
25;2025-12-14;3;0
25;2025-12-14;4;0
25;2025-12-14;5;1
25;2025-12-14;6;36
25;2025-12-14;7;89
25;2025-12-14;8;175
25;2025-12-14;9;203
25;2025-12-14;10;204
25;2025-12-14;11;270
25;2025-12-14;12;313
25;2025-12-14;13;414
25;2025-12-14;14;418
25;2025-12-14;15;491
25;2025-12-14;16;419
25;2025-12-14;17;376
25;2025-12-14;18;385
25;2025-12-14;19;312
25;2025-12-14;20;219
25;2025-12-14;21;175
25;2025-12-14;22;107
25;2025-12-14;23;43
25;2025-12-15;0;7
25;2025-12-15;1;0
25;2025-12-15;2;0
25;2025-12-15;3;0
25;2025-12-15;4;0
25;2025-12-15;5;3
25;2025-12-15;6;134
25;2025-12-15;7;480
25;2025-12-15;8;787
25;2025-12-15;9;407
25;2025-12-15;10;304
25;2025-12-15;11;343
25;2025-12-15;12;340
25;2025-12-15;13;437
25;2025-12-15;14;381
25;2025-12-15;15;466
25;2025-12-15;16;581
25;2025-12-15;17;657
25;2025-12-15;18;686
25;2025-12-15;19;432
25;2025-12-15;20;290
25;2025-12-15;21;192
25;2025-12-15;22;108
25;2025-12-15;23;7
25;2025-12-16;0;0
25;2025-12-16;1;0
25;2025-12-16;2;0
25;2025-12-16;3;0
25;2025-12-16;4;0
25;2025-12-16;5;4
25;2025-12-16;6;147
25;2025-12-16;7;493
25;2025-12-16;8;810
25;2025-12-16;9;428
25;2025-12-16;10;328
25;2025-12-16;11;371
25;2025-12-16;12;369
25;2025-12-16;13;451
25;2025-12-16;14;412
25;2025-12-16;15;480
25;2025-12-16;16;593
25;2025-12-16;17;667
25;2025-12-16;18;697
25;2025-12-16;19;461
25;2025-12-16;20;304
25;2025-12-16;21;199
25;2025-12-16;22;114
25;2025-12-16;23;6
25;2025-12-17;0;0
25;2025-12-17;1;0
25;2025-12-17;2;0
25;2025-12-17;3;0
25;2025-12-17;4;0
25;2025-12-17;5;4
25;2025-12-17;6;146
25;2025-12-17;7;491
25;2025-12-17;8;808
25;2025-12-17;9;427
25;2025-12-17;10;328
25;2025-12-17;11;371
25;2025-12-17;12;368
25;2025-12-17;13;452
25;2025-12-17;14;410
25;2025-12-17;15;478
25;2025-12-17;16;591
25;2025-12-17;17;665
25;2025-12-17;18;696
25;2025-12-17;19;461
25;2025-12-17;20;304
25;2025-12-17;21;205
25;2025-12-17;22;118
25;2025-12-17;23;6
25;2025-12-18;0;0
25;2025-12-18;1;0
25;2025-12-18;2;0
25;2025-12-18;3;0
25;2025-12-18;4;0
25;2025-12-18;5;3
25;2025-12-18;6;144
25;2025-12-18;7;490
25;2025-12-18;8;807
25;2025-12-18;9;425
25;2025-12-18;10;328
25;2025-12-18;11;371
25;2025-12-18;12;368
25;2025-12-18;13;452
25;2025-12-18;14;410
25;2025-12-18;15;478
25;2025-12-18;16;591
25;2025-12-18;17;665
25;2025-12-18;18;695
25;2025-12-18;19;460
25;2025-12-18;20;304
25;2025-12-18;21;204
25;2025-12-18;22;118
25;2025-12-18;23;7
25;2025-12-19;0;0
25;2025-12-19;1;0
25;2025-12-19;2;0
25;2025-12-19;3;0
25;2025-12-19;4;0
25;2025-12-19;5;4
25;2025-12-19;6;137
25;2025-12-19;7;479
25;2025-12-19;8;767
25;2025-12-19;9;413
25;2025-12-19;10;315
25;2025-12-19;11;360
25;2025-12-19;12;357
25;2025-12-19;13;437
25;2025-12-19;14;398
25;2025-12-19;15;469
25;2025-12-19;16;577
25;2025-12-19;17;643
25;2025-12-19;18;649
25;2025-12-19;19;435
25;2025-12-19;20;293
25;2025-12-19;21;203
25;2025-12-19;22;116
25;2025-12-19;23;8
25;2025-12-20;0;4
25;2025-12-20;1;0
25;2025-12-20;2;0
25;2025-12-20;3;0
25;2025-12-20;4;0
25;2025-12-20;5;1
25;2025-12-20;6;58
25;2025-12-20;7;116
25;2025-12-20;8;251
25;2025-12-20;9;236
25;2025-12-20;10;243
25;2025-12-20;11;316
25;2025-12-20;12;341
25;2025-12-20;13;450
25;2025-12-20;14;442
25;2025-12-20;15;527
25;2025-12-20;16;495
25;2025-12-20;17;444
25;2025-12-20;18;454
25;2025-12-20;19;368
25;2025-12-20;20;259
25;2025-12-20;21;202
25;2025-12-20;22;130
25;2025-12-20;23;46
25;2025-12-21;0;11
25;2025-12-21;1;0
25;2025-12-21;2;0
25;2025-12-21;3;0
25;2025-12-21;4;0
25;2025-12-21;5;1
25;2025-12-21;6;36
25;2025-12-21;7;89
25;2025-12-21;8;175
25;2025-12-21;9;203
25;2025-12-21;10;204
25;2025-12-21;11;270
25;2025-12-21;12;313
25;2025-12-21;13;414
25;2025-12-21;14;418
25;2025-12-21;15;491
25;2025-12-21;16;419
25;2025-12-21;17;376
25;2025-12-21;18;385
25;2025-12-21;19;312
25;2025-12-21;20;219
25;2025-12-21;21;175
25;2025-12-21;22;107
25;2025-12-21;23;43
25;2025-12-22;0;7
25;2025-12-22;1;0
25;2025-12-22;2;0
25;2025-12-22;3;0
25;2025-12-22;4;0
25;2025-12-22;5;3
25;2025-12-22;6;134
25;2025-12-22;7;480
25;2025-12-22;8;787
25;2025-12-22;9;407
25;2025-12-22;10;304
25;2025-12-22;11;343
25;2025-12-22;12;340
25;2025-12-22;13;437
25;2025-12-22;14;381
25;2025-12-22;15;466
25;2025-12-22;16;581
25;2025-12-22;17;657
25;2025-12-22;18;686
25;2025-12-22;19;432
25;2025-12-22;20;290
25;2025-12-22;21;192
25;2025-12-22;22;108
25;2025-12-22;23;7
25;2025-12-23;0;0
25;2025-12-23;1;0
25;2025-12-23;2;0
25;2025-12-23;3;0
25;2025-12-23;4;0
25;2025-12-23;5;4
25;2025-12-23;6;147
25;2025-12-23;7;493
25;2025-12-23;8;810
25;2025-12-23;9;428
25;2025-12-23;10;328
25;2025-12-23;11;371
25;2025-12-23;12;369
25;2025-12-23;13;451
25;2025-12-23;14;412
25;2025-12-23;15;480
25;2025-12-23;16;593
25;2025-12-23;17;667
25;2025-12-23;18;697
25;2025-12-23;19;461
25;2025-12-23;20;304
25;2025-12-23;21;199
25;2025-12-23;22;114
25;2025-12-23;23;6
25;2025-12-24;0;0
25;2025-12-24;1;0
25;2025-12-24;2;0
25;2025-12-24;3;0
25;2025-12-24;4;0
25;2025-12-24;5;4
25;2025-12-24;6;146
25;2025-12-24;7;491
25;2025-12-24;8;808
25;2025-12-24;9;427
25;2025-12-24;10;328
25;2025-12-24;11;371
25;2025-12-24;12;368
25;2025-12-24;13;452
25;2025-12-24;14;410
25;2025-12-24;15;478
25;2025-12-24;16;591
25;2025-12-24;17;665
25;2025-12-24;18;696
25;2025-12-24;19;461
25;2025-12-24;20;304
25;2025-12-24;21;205
25;2025-12-24;22;118
25;2025-12-24;23;6
25;2025-12-25;0;0
25;2025-12-25;1;0
25;2025-12-25;2;0
25;2025-12-25;3;0
25;2025-12-25;4;0
25;2025-12-25;5;3
25;2025-12-25;6;144
25;2025-12-25;7;490
25;2025-12-25;8;807
25;2025-12-25;9;425
25;2025-12-25;10;328
25;2025-12-25;11;371
25;2025-12-25;12;368
25;2025-12-25;13;452
25;2025-12-25;14;410
25;2025-12-25;15;478
25;2025-12-25;16;591
25;2025-12-25;17;665
25;2025-12-25;18;695
25;2025-12-25;19;460
25;2025-12-25;20;304
25;2025-12-25;21;204
25;2025-12-25;22;118
25;2025-12-25;23;7
25;2025-12-26;0;0
25;2025-12-26;1;0
25;2025-12-26;2;0
25;2025-12-26;3;0
25;2025-12-26;4;0
25;2025-12-26;5;4
25;2025-12-26;6;137
25;2025-12-26;7;479
25;2025-12-26;8;767
25;2025-12-26;9;413
25;2025-12-26;10;315
25;2025-12-26;11;360
25;2025-12-26;12;357
25;2025-12-26;13;437
25;2025-12-26;14;398
25;2025-12-26;15;469
25;2025-12-26;16;577
25;2025-12-26;17;643
25;2025-12-26;18;649
25;2025-12-26;19;435
25;2025-12-26;20;293
25;2025-12-26;21;203
25;2025-12-26;22;116
25;2025-12-26;23;8
25;2025-12-27;0;4
25;2025-12-27;1;0
25;2025-12-27;2;0
25;2025-12-27;3;0
25;2025-12-27;4;0
25;2025-12-27;5;1
25;2025-12-27;6;58
25;2025-12-27;7;116
25;2025-12-27;8;251
25;2025-12-27;9;236
25;2025-12-27;10;243
25;2025-12-27;11;316
25;2025-12-27;12;341
25;2025-12-27;13;450
25;2025-12-27;14;442
25;2025-12-27;15;527
25;2025-12-27;16;495
25;2025-12-27;17;444
25;2025-12-27;18;454
25;2025-12-27;19;368
25;2025-12-27;20;259
25;2025-12-27;21;202
25;2025-12-27;22;130
25;2025-12-27;23;46
25;2025-12-28;0;11
25;2025-12-28;1;0
25;2025-12-28;2;0
25;2025-12-28;3;0
25;2025-12-28;4;0
25;2025-12-28;5;1
25;2025-12-28;6;36
25;2025-12-28;7;89
25;2025-12-28;8;175
25;2025-12-28;9;203
25;2025-12-28;10;204
25;2025-12-28;11;270
25;2025-12-28;12;313
25;2025-12-28;13;414
25;2025-12-28;14;418
25;2025-12-28;15;491
25;2025-12-28;16;419
25;2025-12-28;17;376
25;2025-12-28;18;385
25;2025-12-28;19;312
25;2025-12-28;20;219
25;2025-12-28;21;175
25;2025-12-28;22;107
25;2025-12-28;23;43
25;2025-12-29;0;7
25;2025-12-29;1;0
25;2025-12-29;2;0
25;2025-12-29;3;0
25;2025-12-29;4;0
25;2025-12-29;5;3
25;2025-12-29;6;134
25;2025-12-29;7;480
25;2025-12-29;8;787
25;2025-12-29;9;407
25;2025-12-29;10;304
25;2025-12-29;11;343
25;2025-12-29;12;340
25;2025-12-29;13;437
25;2025-12-29;14;381
25;2025-12-29;15;466
25;2025-12-29;16;581
25;2025-12-29;17;657
25;2025-12-29;18;686
25;2025-12-29;19;432
25;2025-12-29;20;290
25;2025-12-29;21;192
25;2025-12-29;22;108
25;2025-12-29;23;7
25;2025-12-30;0;0
25;2025-12-30;1;0
25;2025-12-30;2;0
25;2025-12-30;3;0
25;2025-12-30;4;0
25;2025-12-30;5;4
25;2025-12-30;6;147
25;2025-12-30;7;493
25;2025-12-30;8;810
25;2025-12-30;9;428
25;2025-12-30;10;328
25;2025-12-30;11;371
25;2025-12-30;12;369
25;2025-12-30;13;451
25;2025-12-30;14;412
25;2025-12-30;15;480
25;2025-12-30;16;593
25;2025-12-30;17;667
25;2025-12-30;18;697
25;2025-12-30;19;461
25;2025-12-30;20;304
25;2025-12-30;21;199
25;2025-12-30;22;114
25;2025-12-30;23;6
25;2025-12-31;0;0
25;2025-12-31;1;0
25;2025-12-31;2;0
25;2025-12-31;3;0
25;2025-12-31;4;0
25;2025-12-31;5;4
25;2025-12-31;6;146
25;2025-12-31;7;491
25;2025-12-31;8;808
25;2025-12-31;9;427
25;2025-12-31;10;328
25;2025-12-31;11;371
25;2025-12-31;12;368
25;2025-12-31;13;452
25;2025-12-31;14;410
25;2025-12-31;15;478
25;2025-12-31;16;591
25;2025-12-31;17;665
25;2025-12-31;18;696
25;2025-12-31;19;461
25;2025-12-31;20;304
25;2025-12-31;21;205
25;2025-12-31;22;118
25;2025-12-31;23;6
26;2025-11-01;0;46
26;2025-11-01;1;2
26;2025-11-01;2;0
26;2025-11-01;3;0
26;2025-11-01;4;2
26;2025-11-01;5;47
26;2025-11-01;6;254
26;2025-11-01;7;351
26;2025-11-01;8;531
26;2025-11-01;9;597
26;2025-11-01;10;662
26;2025-11-01;11;816
26;2025-11-01;12;851
26;2025-11-01;13;895
26;2025-11-01;14;903
26;2025-11-01;15;866
26;2025-11-01;16;861
26;2025-11-01;17;847
26;2025-11-01;18;814
26;2025-11-01;19;699
26;2025-11-01;20;528
26;2025-11-01;21;345
26;2025-11-01;22;230
26;2025-11-01;23;145
26;2025-11-02;0;47
26;2025-11-02;1;6
26;2025-11-02;2;0
26;2025-11-02;3;0
26;2025-11-02;4;2
26;2025-11-02;5;27
26;2025-11-02;6;155
26;2025-11-02;7;248
26;2025-11-02;8;362
26;2025-11-02;9;499
26;2025-11-02;10;563
26;2025-11-02;11;743
26;2025-11-02;12;795
26;2025-11-02;13;826
26;2025-11-02;14;811
26;2025-11-02;15;756
26;2025-11-02;16;740
26;2025-11-02;17;746
26;2025-11-02;18;673
26;2025-11-02;19;586
26;2025-11-02;20;425
26;2025-11-02;21;295
26;2025-11-02;22;197
26;2025-11-02;23;105
26;2025-11-03;0;28
26;2025-11-03;1;3
26;2025-11-03;2;0
26;2025-11-03;3;0
26;2025-11-03;4;3
26;2025-11-03;5;79
26;2025-11-03;6;486
26;2025-11-03;7;1006
26;2025-11-03;8;1903
26;2025-11-03;9;1353
26;2025-11-03;10;1104
26;2025-11-03;11;1001
26;2025-11-03;12;1038
26;2025-11-03;13;1098
26;2025-11-03;14;1103
26;2025-11-03;15;1184
26;2025-11-03;16;1348
26;2025-11-03;17;1534
26;2025-11-03;18;1609
26;2025-11-03;19;1140
26;2025-11-03;20;735
26;2025-11-03;21;441
26;2025-11-03;22;216
26;2025-11-03;23;106
26;2025-11-04;0;32
26;2025-11-04;1;1
26;2025-11-04;2;0
26;2025-11-04;3;0
26;2025-11-04;4;2
26;2025-11-04;5;81
26;2025-11-04;6;503
26;2025-11-04;7;1028
26;2025-11-04;8;1937
26;2025-11-04;9;1377
26;2025-11-04;10;1124
26;2025-11-04;11;1030
26;2025-11-04;12;1057
26;2025-11-04;13;1114
26;2025-11-04;14;1146
26;2025-11-04;15;1230
26;2025-11-04;16;1389
26;2025-11-04;17;1585
26;2025-11-04;18;1679
26;2025-11-04;19;1169
26;2025-11-04;20;752
26;2025-11-04;21;456
26;2025-11-04;22;234
26;2025-11-04;23;120
26;2025-11-05;0;33
26;2025-11-05;1;1
26;2025-11-05;2;0
26;2025-11-05;3;0
26;2025-11-05;4;3
26;2025-11-05;5;85
26;2025-11-05;6;498
26;2025-11-05;7;1026
26;2025-11-05;8;1910
26;2025-11-05;9;1375
26;2025-11-05;10;1121
26;2025-11-05;11;1029
26;2025-11-05;12;1055
26;2025-11-05;13;1112
26;2025-11-05;14;1144
26;2025-11-05;15;1225
26;2025-11-05;16;1383
26;2025-11-05;17;1580
26;2025-11-05;18;1663
26;2025-11-05;19;1167
26;2025-11-05;20;751
26;2025-11-05;21;462
26;2025-11-05;22;243
26;2025-11-05;23;128
26;2025-11-06;0;38
26;2025-11-06;1;1
26;2025-11-06;2;0
26;2025-11-06;3;0
26;2025-11-06;4;2
26;2025-11-06;5;85
26;2025-11-06;6;498
26;2025-11-06;7;1025
26;2025-11-06;8;1913
26;2025-11-06;9;1374
26;2025-11-06;10;1121
26;2025-11-06;11;1028
26;2025-11-06;12;1054
26;2025-11-06;13;1112
26;2025-11-06;14;1143
26;2025-11-06;15;1224
26;2025-11-06;16;1378
26;2025-11-06;17;1576
26;2025-11-06;18;1662
26;2025-11-06;19;1167
26;2025-11-06;20;751
26;2025-11-06;21;462
26;2025-11-06;22;243
26;2025-11-06;23;134
26;2025-11-07;0;35
26;2025-11-07;1;1
26;2025-11-07;2;0
26;2025-11-07;3;0
26;2025-11-07;4;1
26;2025-11-07;5;82
26;2025-11-07;6;486
26;2025-11-07;7;983
26;2025-11-07;8;1812
26;2025-11-07;9;1349
26;2025-11-07;10;1087
26;2025-11-07;11;984
26;2025-11-07;12;1043
26;2025-11-07;13;1094
26;2025-11-07;14;1092
26;2025-11-07;15;1179
26;2025-11-07;16;1393
26;2025-11-07;17;1530
26;2025-11-07;18;1578
26;2025-11-07;19;1129
26;2025-11-07;20;720
26;2025-11-07;21;446
26;2025-11-07;22;246
26;2025-11-07;23;150
26;2025-11-08;0;46
26;2025-11-08;1;2
26;2025-11-08;2;0
26;2025-11-08;3;0
26;2025-11-08;4;2
26;2025-11-08;5;47
26;2025-11-08;6;254
26;2025-11-08;7;351
26;2025-11-08;8;531
26;2025-11-08;9;597
26;2025-11-08;10;662
26;2025-11-08;11;816
26;2025-11-08;12;851
26;2025-11-08;13;895
26;2025-11-08;14;903
26;2025-11-08;15;866
26;2025-11-08;16;861
26;2025-11-08;17;847
26;2025-11-08;18;814
26;2025-11-08;19;699
26;2025-11-08;20;528
26;2025-11-08;21;345
26;2025-11-08;22;230
26;2025-11-08;23;145
26;2025-11-09;0;47
26;2025-11-09;1;6
26;2025-11-09;2;0
26;2025-11-09;3;0
26;2025-11-09;4;2
26;2025-11-09;5;27
26;2025-11-09;6;155
26;2025-11-09;7;248
26;2025-11-09;8;362
26;2025-11-09;9;499
26;2025-11-09;10;563
26;2025-11-09;11;743
26;2025-11-09;12;795
26;2025-11-09;13;826
26;2025-11-09;14;811
26;2025-11-09;15;756
26;2025-11-09;16;740
26;2025-11-09;17;746
26;2025-11-09;18;673
26;2025-11-09;19;586
26;2025-11-09;20;425
26;2025-11-09;21;295
26;2025-11-09;22;197
26;2025-11-09;23;105
26;2025-11-10;0;28
26;2025-11-10;1;3
26;2025-11-10;2;0
26;2025-11-10;3;0
26;2025-11-10;4;3
26;2025-11-10;5;79
26;2025-11-10;6;486
26;2025-11-10;7;1006
26;2025-11-10;8;1903
26;2025-11-10;9;1353
26;2025-11-10;10;1104
26;2025-11-10;11;1001
26;2025-11-10;12;1038
26;2025-11-10;13;1098
26;2025-11-10;14;1103
26;2025-11-10;15;1184
26;2025-11-10;16;1348
26;2025-11-10;17;1534
26;2025-11-10;18;1609
26;2025-11-10;19;1140
26;2025-11-10;20;735
26;2025-11-10;21;441
26;2025-11-10;22;216
26;2025-11-10;23;106
26;2025-11-11;0;32
26;2025-11-11;1;1
26;2025-11-11;2;0
26;2025-11-11;3;0
26;2025-11-11;4;2
26;2025-11-11;5;81
26;2025-11-11;6;503
26;2025-11-11;7;1028
26;2025-11-11;8;1937
26;2025-11-11;9;1377
26;2025-11-11;10;1124
26;2025-11-11;11;1030
26;2025-11-11;12;1057
26;2025-11-11;13;1114
26;2025-11-11;14;1146
26;2025-11-11;15;1230
26;2025-11-11;16;1389
26;2025-11-11;17;1585
26;2025-11-11;18;1679
26;2025-11-11;19;1169
26;2025-11-11;20;752
26;2025-11-11;21;456
26;2025-11-11;22;234
26;2025-11-11;23;120
26;2025-11-12;0;33
26;2025-11-12;1;1
26;2025-11-12;2;0
26;2025-11-12;3;0
26;2025-11-12;4;3
26;2025-11-12;5;85
26;2025-11-12;6;498
26;2025-11-12;7;1026
26;2025-11-12;8;1910
26;2025-11-12;9;1375
26;2025-11-12;10;1121
26;2025-11-12;11;1029
26;2025-11-12;12;1055
26;2025-11-12;13;1112
26;2025-11-12;14;1144
26;2025-11-12;15;1225
26;2025-11-12;16;1383
26;2025-11-12;17;1580
26;2025-11-12;18;1663
26;2025-11-12;19;1167
26;2025-11-12;20;751
26;2025-11-12;21;462
26;2025-11-12;22;243
26;2025-11-12;23;128
26;2025-11-13;0;38
26;2025-11-13;1;1
26;2025-11-13;2;0
26;2025-11-13;3;0
26;2025-11-13;4;2
26;2025-11-13;5;85
26;2025-11-13;6;498
26;2025-11-13;7;1025
26;2025-11-13;8;1913
26;2025-11-13;9;1374
26;2025-11-13;10;1121
26;2025-11-13;11;1028
26;2025-11-13;12;1054
26;2025-11-13;13;1112
26;2025-11-13;14;1143
26;2025-11-13;15;1224
26;2025-11-13;16;1378
26;2025-11-13;17;1576
26;2025-11-13;18;1662
26;2025-11-13;19;1167
26;2025-11-13;20;751
26;2025-11-13;21;462
26;2025-11-13;22;243
26;2025-11-13;23;134
26;2025-11-14;0;35
26;2025-11-14;1;1
26;2025-11-14;2;0
26;2025-11-14;3;0
26;2025-11-14;4;1
26;2025-11-14;5;82
26;2025-11-14;6;486
26;2025-11-14;7;983
26;2025-11-14;8;1812
26;2025-11-14;9;1349
26;2025-11-14;10;1087
26;2025-11-14;11;984
26;2025-11-14;12;1043
26;2025-11-14;13;1094
26;2025-11-14;14;1092
26;2025-11-14;15;1179
26;2025-11-14;16;1393
26;2025-11-14;17;1530
26;2025-11-14;18;1578
26;2025-11-14;19;1129
26;2025-11-14;20;720
26;2025-11-14;21;446
26;2025-11-14;22;246
26;2025-11-14;23;150
26;2025-11-15;0;46
26;2025-11-15;1;2
26;2025-11-15;2;0
26;2025-11-15;3;0
26;2025-11-15;4;2
26;2025-11-15;5;47
26;2025-11-15;6;254
26;2025-11-15;7;351
26;2025-11-15;8;531
26;2025-11-15;9;597
26;2025-11-15;10;662
26;2025-11-15;11;816
26;2025-11-15;12;851
26;2025-11-15;13;895
26;2025-11-15;14;903
26;2025-11-15;15;866
26;2025-11-15;16;861
26;2025-11-15;17;847
26;2025-11-15;18;814
26;2025-11-15;19;699
26;2025-11-15;20;528
26;2025-11-15;21;345
26;2025-11-15;22;230
26;2025-11-15;23;145
26;2025-11-16;0;47
26;2025-11-16;1;6
26;2025-11-16;2;0
26;2025-11-16;3;0
26;2025-11-16;4;2
26;2025-11-16;5;27
26;2025-11-16;6;155
26;2025-11-16;7;248
26;2025-11-16;8;362
26;2025-11-16;9;499
26;2025-11-16;10;563
26;2025-11-16;11;743
26;2025-11-16;12;795
26;2025-11-16;13;826
26;2025-11-16;14;811
26;2025-11-16;15;756
26;2025-11-16;16;740
26;2025-11-16;17;746
26;2025-11-16;18;673
26;2025-11-16;19;586
26;2025-11-16;20;425
26;2025-11-16;21;295
26;2025-11-16;22;197
26;2025-11-16;23;105
26;2025-11-17;0;28
26;2025-11-17;1;3
26;2025-11-17;2;0
26;2025-11-17;3;0
26;2025-11-17;4;3
26;2025-11-17;5;79
26;2025-11-17;6;486
26;2025-11-17;7;1006
26;2025-11-17;8;1903
26;2025-11-17;9;1353
26;2025-11-17;10;1104
26;2025-11-17;11;1001
26;2025-11-17;12;1038
26;2025-11-17;13;1098
26;2025-11-17;14;1103
26;2025-11-17;15;1184
26;2025-11-17;16;1348
26;2025-11-17;17;1534
26;2025-11-17;18;1609
26;2025-11-17;19;1140
26;2025-11-17;20;735
26;2025-11-17;21;441
26;2025-11-17;22;216
26;2025-11-17;23;106
26;2025-11-18;0;32
26;2025-11-18;1;1
26;2025-11-18;2;0
26;2025-11-18;3;0
26;2025-11-18;4;2
26;2025-11-18;5;81
26;2025-11-18;6;503
26;2025-11-18;7;1028
26;2025-11-18;8;1937
26;2025-11-18;9;1377
26;2025-11-18;10;1124
26;2025-11-18;11;1030
26;2025-11-18;12;1057
26;2025-11-18;13;1114
26;2025-11-18;14;1146
26;2025-11-18;15;1230
26;2025-11-18;16;1389
26;2025-11-18;17;1585
26;2025-11-18;18;1679
26;2025-11-18;19;1169
26;2025-11-18;20;752
26;2025-11-18;21;456
26;2025-11-18;22;234
26;2025-11-18;23;120
26;2025-11-19;0;33
26;2025-11-19;1;1
26;2025-11-19;2;0
26;2025-11-19;3;0
26;2025-11-19;4;3
26;2025-11-19;5;85
26;2025-11-19;6;498
26;2025-11-19;7;1026
26;2025-11-19;8;1910
26;2025-11-19;9;1375
26;2025-11-19;10;1121
26;2025-11-19;11;1029
26;2025-11-19;12;1055
26;2025-11-19;13;1112
26;2025-11-19;14;1144
26;2025-11-19;15;1225
26;2025-11-19;16;1383
26;2025-11-19;17;1580
26;2025-11-19;18;1663
26;2025-11-19;19;1167
26;2025-11-19;20;751
26;2025-11-19;21;462
26;2025-11-19;22;243
26;2025-11-19;23;128
26;2025-11-20;0;38
26;2025-11-20;1;1
26;2025-11-20;2;0
26;2025-11-20;3;0
26;2025-11-20;4;2
26;2025-11-20;5;85
26;2025-11-20;6;498
26;2025-11-20;7;1025
26;2025-11-20;8;1913
26;2025-11-20;9;1374
26;2025-11-20;10;1121
26;2025-11-20;11;1028
26;2025-11-20;12;1054
26;2025-11-20;13;1112
26;2025-11-20;14;1143
26;2025-11-20;15;1224
26;2025-11-20;16;1378
26;2025-11-20;17;1576
26;2025-11-20;18;1662
26;2025-11-20;19;1167
26;2025-11-20;20;751
26;2025-11-20;21;462
26;2025-11-20;22;243
26;2025-11-20;23;134
26;2025-11-21;0;35
26;2025-11-21;1;1
26;2025-11-21;2;0
26;2025-11-21;3;0
26;2025-11-21;4;1
26;2025-11-21;5;82
26;2025-11-21;6;486
26;2025-11-21;7;983
26;2025-11-21;8;1812
26;2025-11-21;9;1349
26;2025-11-21;10;1087
26;2025-11-21;11;984
26;2025-11-21;12;1043
26;2025-11-21;13;1094
26;2025-11-21;14;1092
26;2025-11-21;15;1179
26;2025-11-21;16;1393
26;2025-11-21;17;1530
26;2025-11-21;18;1578
26;2025-11-21;19;1129
26;2025-11-21;20;720
26;2025-11-21;21;446
26;2025-11-21;22;246
26;2025-11-21;23;150
26;2025-11-22;0;46
26;2025-11-22;1;2
26;2025-11-22;2;0
26;2025-11-22;3;0
26;2025-11-22;4;2
26;2025-11-22;5;47
26;2025-11-22;6;254
26;2025-11-22;7;351
26;2025-11-22;8;531
26;2025-11-22;9;597
26;2025-11-22;10;662
26;2025-11-22;11;816
26;2025-11-22;12;851
26;2025-11-22;13;895
26;2025-11-22;14;903
26;2025-11-22;15;866
26;2025-11-22;16;861
26;2025-11-22;17;847
26;2025-11-22;18;814
26;2025-11-22;19;699
26;2025-11-22;20;528
26;2025-11-22;21;345
26;2025-11-22;22;230
26;2025-11-22;23;145
26;2025-11-23;0;47
26;2025-11-23;1;6
26;2025-11-23;2;0
26;2025-11-23;3;0
26;2025-11-23;4;2
26;2025-11-23;5;27
26;2025-11-23;6;155
26;2025-11-23;7;248
26;2025-11-23;8;362
26;2025-11-23;9;499
26;2025-11-23;10;563
26;2025-11-23;11;743
26;2025-11-23;12;795
26;2025-11-23;13;826
26;2025-11-23;14;811
26;2025-11-23;15;756
26;2025-11-23;16;740
26;2025-11-23;17;746
26;2025-11-23;18;673
26;2025-11-23;19;586
26;2025-11-23;20;425
26;2025-11-23;21;295
26;2025-11-23;22;197
26;2025-11-23;23;105
26;2025-11-24;0;28
26;2025-11-24;1;3
26;2025-11-24;2;0
26;2025-11-24;3;0
26;2025-11-24;4;3
26;2025-11-24;5;79
26;2025-11-24;6;486
26;2025-11-24;7;1006
26;2025-11-24;8;1903
26;2025-11-24;9;1353
26;2025-11-24;10;1104
26;2025-11-24;11;1001
26;2025-11-24;12;1038
26;2025-11-24;13;1098
26;2025-11-24;14;1103
26;2025-11-24;15;1184
26;2025-11-24;16;1348
26;2025-11-24;17;1534
26;2025-11-24;18;1609
26;2025-11-24;19;1140
26;2025-11-24;20;735
26;2025-11-24;21;441
26;2025-11-24;22;216
26;2025-11-24;23;106
26;2025-11-25;0;32
26;2025-11-25;1;1
26;2025-11-25;2;0
26;2025-11-25;3;0
26;2025-11-25;4;2
26;2025-11-25;5;81
26;2025-11-25;6;503
26;2025-11-25;7;1028
26;2025-11-25;8;1937
26;2025-11-25;9;1377
26;2025-11-25;10;1124
26;2025-11-25;11;1030
26;2025-11-25;12;1057
26;2025-11-25;13;1114
26;2025-11-25;14;1146
26;2025-11-25;15;1230
26;2025-11-25;16;1389
26;2025-11-25;17;1585
26;2025-11-25;18;1679
26;2025-11-25;19;1169
26;2025-11-25;20;752
26;2025-11-25;21;456
26;2025-11-25;22;234
26;2025-11-25;23;120
26;2025-11-26;0;33
26;2025-11-26;1;1
26;2025-11-26;2;0
26;2025-11-26;3;0
26;2025-11-26;4;3
26;2025-11-26;5;85
26;2025-11-26;6;498
26;2025-11-26;7;1026
26;2025-11-26;8;1910
26;2025-11-26;9;1375
26;2025-11-26;10;1121
26;2025-11-26;11;1029
26;2025-11-26;12;1055
26;2025-11-26;13;1112
26;2025-11-26;14;1144
26;2025-11-26;15;1225
26;2025-11-26;16;1383
26;2025-11-26;17;1580
26;2025-11-26;18;1663
26;2025-11-26;19;1167
26;2025-11-26;20;751
26;2025-11-26;21;462
26;2025-11-26;22;243
26;2025-11-26;23;128
26;2025-11-27;0;38
26;2025-11-27;1;1
26;2025-11-27;2;0
26;2025-11-27;3;0
26;2025-11-27;4;2
26;2025-11-27;5;85
26;2025-11-27;6;498
26;2025-11-27;7;1025
26;2025-11-27;8;1913
26;2025-11-27;9;1374
26;2025-11-27;10;1121
26;2025-11-27;11;1028
26;2025-11-27;12;1054
26;2025-11-27;13;1112
26;2025-11-27;14;1143
26;2025-11-27;15;1224
26;2025-11-27;16;1378
26;2025-11-27;17;1576
26;2025-11-27;18;1662
26;2025-11-27;19;1167
26;2025-11-27;20;751
26;2025-11-27;21;462
26;2025-11-27;22;243
26;2025-11-27;23;134
26;2025-11-28;0;35
26;2025-11-28;1;1
26;2025-11-28;2;0
26;2025-11-28;3;0
26;2025-11-28;4;1
26;2025-11-28;5;82
26;2025-11-28;6;486
26;2025-11-28;7;983
26;2025-11-28;8;1812
26;2025-11-28;9;1349
26;2025-11-28;10;1087
26;2025-11-28;11;984
26;2025-11-28;12;1043
26;2025-11-28;13;1094
26;2025-11-28;14;1092
26;2025-11-28;15;1179
26;2025-11-28;16;1393
26;2025-11-28;17;1530
26;2025-11-28;18;1578
26;2025-11-28;19;1129
26;2025-11-28;20;720
26;2025-11-28;21;446
26;2025-11-28;22;246
26;2025-11-28;23;150
26;2025-11-29;0;46
26;2025-11-29;1;2
26;2025-11-29;2;0
26;2025-11-29;3;0
26;2025-11-29;4;2
26;2025-11-29;5;47
26;2025-11-29;6;254
26;2025-11-29;7;351
26;2025-11-29;8;531
26;2025-11-29;9;597
26;2025-11-29;10;662
26;2025-11-29;11;816
26;2025-11-29;12;851
26;2025-11-29;13;895
26;2025-11-29;14;903
26;2025-11-29;15;866
26;2025-11-29;16;861
26;2025-11-29;17;847
26;2025-11-29;18;814
26;2025-11-29;19;699
26;2025-11-29;20;528
26;2025-11-29;21;345
26;2025-11-29;22;230
26;2025-11-29;23;145
26;2025-11-30;0;47
26;2025-11-30;1;6
26;2025-11-30;2;0
26;2025-11-30;3;0
26;2025-11-30;4;2
26;2025-11-30;5;27
26;2025-11-30;6;155
26;2025-11-30;7;248
26;2025-11-30;8;362
26;2025-11-30;9;499
26;2025-11-30;10;563
26;2025-11-30;11;743
26;2025-11-30;12;795
26;2025-11-30;13;826
26;2025-11-30;14;811
26;2025-11-30;15;756
26;2025-11-30;16;740
26;2025-11-30;17;746
26;2025-11-30;18;673
26;2025-11-30;19;586
26;2025-11-30;20;425
26;2025-11-30;21;295
26;2025-11-30;22;197
26;2025-11-30;23;105
26;2025-12-01;0;28
26;2025-12-01;1;3
26;2025-12-01;2;0
26;2025-12-01;3;0
26;2025-12-01;4;3
26;2025-12-01;5;79
26;2025-12-01;6;486
26;2025-12-01;7;1006
26;2025-12-01;8;1903
26;2025-12-01;9;1353
26;2025-12-01;10;1104
26;2025-12-01;11;1001
26;2025-12-01;12;1038
26;2025-12-01;13;1098
26;2025-12-01;14;1103
26;2025-12-01;15;1184
26;2025-12-01;16;1348
26;2025-12-01;17;1534
26;2025-12-01;18;1609
26;2025-12-01;19;1140
26;2025-12-01;20;735
26;2025-12-01;21;441
26;2025-12-01;22;216
26;2025-12-01;23;106
26;2025-12-02;0;32
26;2025-12-02;1;1
26;2025-12-02;2;0
26;2025-12-02;3;0
26;2025-12-02;4;2
26;2025-12-02;5;81
26;2025-12-02;6;503
26;2025-12-02;7;1028
26;2025-12-02;8;1937
26;2025-12-02;9;1377
26;2025-12-02;10;1124
26;2025-12-02;11;1030
26;2025-12-02;12;1057
26;2025-12-02;13;1114
26;2025-12-02;14;1146
26;2025-12-02;15;1230
26;2025-12-02;16;1389
26;2025-12-02;17;1585
26;2025-12-02;18;1679
26;2025-12-02;19;1169
26;2025-12-02;20;752
26;2025-12-02;21;456
26;2025-12-02;22;234
26;2025-12-02;23;120
26;2025-12-03;0;33
26;2025-12-03;1;1
26;2025-12-03;2;0
26;2025-12-03;3;0
26;2025-12-03;4;3
26;2025-12-03;5;85
26;2025-12-03;6;498
26;2025-12-03;7;1026
26;2025-12-03;8;1910
26;2025-12-03;9;1375
26;2025-12-03;10;1121
26;2025-12-03;11;1029
26;2025-12-03;12;1055
26;2025-12-03;13;1112
26;2025-12-03;14;1144
26;2025-12-03;15;1225
26;2025-12-03;16;1383
26;2025-12-03;17;1580
26;2025-12-03;18;1663
26;2025-12-03;19;1167
26;2025-12-03;20;751
26;2025-12-03;21;462
26;2025-12-03;22;243
26;2025-12-03;23;128
26;2025-12-04;0;38
26;2025-12-04;1;1
26;2025-12-04;2;0
26;2025-12-04;3;0
26;2025-12-04;4;2
26;2025-12-04;5;85
26;2025-12-04;6;498
26;2025-12-04;7;1025
26;2025-12-04;8;1913
26;2025-12-04;9;1374
26;2025-12-04;10;1121
26;2025-12-04;11;1028
26;2025-12-04;12;1054
26;2025-12-04;13;1112
26;2025-12-04;14;1143
26;2025-12-04;15;1224
26;2025-12-04;16;1378
26;2025-12-04;17;1576
26;2025-12-04;18;1662
26;2025-12-04;19;1167
26;2025-12-04;20;751
26;2025-12-04;21;462
26;2025-12-04;22;243
26;2025-12-04;23;134
26;2025-12-05;0;35
26;2025-12-05;1;1
26;2025-12-05;2;0
26;2025-12-05;3;0
26;2025-12-05;4;1
26;2025-12-05;5;82
26;2025-12-05;6;486
26;2025-12-05;7;983
26;2025-12-05;8;1812
26;2025-12-05;9;1349
26;2025-12-05;10;1087
26;2025-12-05;11;984
26;2025-12-05;12;1043
26;2025-12-05;13;1094
26;2025-12-05;14;1092
26;2025-12-05;15;1179
26;2025-12-05;16;1393
26;2025-12-05;17;1530
26;2025-12-05;18;1578
26;2025-12-05;19;1129
26;2025-12-05;20;720
26;2025-12-05;21;446
26;2025-12-05;22;246
26;2025-12-05;23;150
26;2025-12-06;0;46
26;2025-12-06;1;2
26;2025-12-06;2;0
26;2025-12-06;3;0
26;2025-12-06;4;2
26;2025-12-06;5;47
26;2025-12-06;6;254
26;2025-12-06;7;351
26;2025-12-06;8;531
26;2025-12-06;9;597
26;2025-12-06;10;662
26;2025-12-06;11;816
26;2025-12-06;12;851
26;2025-12-06;13;895
26;2025-12-06;14;903
26;2025-12-06;15;866
26;2025-12-06;16;861
26;2025-12-06;17;847
26;2025-12-06;18;814
26;2025-12-06;19;699
26;2025-12-06;20;528
26;2025-12-06;21;345
26;2025-12-06;22;230
26;2025-12-06;23;145
26;2025-12-07;0;47
26;2025-12-07;1;6
26;2025-12-07;2;0
26;2025-12-07;3;0
26;2025-12-07;4;2
26;2025-12-07;5;27
26;2025-12-07;6;155
26;2025-12-07;7;248
26;2025-12-07;8;362
26;2025-12-07;9;499
26;2025-12-07;10;563
26;2025-12-07;11;743
26;2025-12-07;12;795
26;2025-12-07;13;826
26;2025-12-07;14;811
26;2025-12-07;15;756
26;2025-12-07;16;740
26;2025-12-07;17;746
26;2025-12-07;18;673
26;2025-12-07;19;586
26;2025-12-07;20;425
26;2025-12-07;21;295
26;2025-12-07;22;197
26;2025-12-07;23;105
26;2025-12-08;0;28
26;2025-12-08;1;3
26;2025-12-08;2;0
26;2025-12-08;3;0
26;2025-12-08;4;3
26;2025-12-08;5;79
26;2025-12-08;6;486
26;2025-12-08;7;1006
26;2025-12-08;8;1903
26;2025-12-08;9;1353
26;2025-12-08;10;1104
26;2025-12-08;11;1001
26;2025-12-08;12;1038
26;2025-12-08;13;1098
26;2025-12-08;14;1103
26;2025-12-08;15;1184
26;2025-12-08;16;1348
26;2025-12-08;17;1534
26;2025-12-08;18;1609
26;2025-12-08;19;1140
26;2025-12-08;20;735
26;2025-12-08;21;441
26;2025-12-08;22;216
26;2025-12-08;23;106
26;2025-12-09;0;32
26;2025-12-09;1;1
26;2025-12-09;2;0
26;2025-12-09;3;0
26;2025-12-09;4;2
26;2025-12-09;5;81
26;2025-12-09;6;503
26;2025-12-09;7;1028
26;2025-12-09;8;1937
26;2025-12-09;9;1377
26;2025-12-09;10;1124
26;2025-12-09;11;1030
26;2025-12-09;12;1057
26;2025-12-09;13;1114
26;2025-12-09;14;1146
26;2025-12-09;15;1230
26;2025-12-09;16;1389
26;2025-12-09;17;1585
26;2025-12-09;18;1679
26;2025-12-09;19;1169
26;2025-12-09;20;752
26;2025-12-09;21;456
26;2025-12-09;22;234
26;2025-12-09;23;120
26;2025-12-10;0;33
26;2025-12-10;1;1
26;2025-12-10;2;0
26;2025-12-10;3;0
26;2025-12-10;4;3
26;2025-12-10;5;85
26;2025-12-10;6;498
26;2025-12-10;7;1026
26;2025-12-10;8;1910
26;2025-12-10;9;1375
26;2025-12-10;10;1121
26;2025-12-10;11;1029
26;2025-12-10;12;1055
26;2025-12-10;13;1112
26;2025-12-10;14;1144
26;2025-12-10;15;1225
26;2025-12-10;16;1383
26;2025-12-10;17;1580
26;2025-12-10;18;1663
26;2025-12-10;19;1167
26;2025-12-10;20;751
26;2025-12-10;21;462
26;2025-12-10;22;243
26;2025-12-10;23;128
26;2025-12-11;0;38
26;2025-12-11;1;1
26;2025-12-11;2;0
26;2025-12-11;3;0
26;2025-12-11;4;2
26;2025-12-11;5;85
26;2025-12-11;6;498
26;2025-12-11;7;1025
26;2025-12-11;8;1913
26;2025-12-11;9;1374
26;2025-12-11;10;1121
26;2025-12-11;11;1028
26;2025-12-11;12;1054
26;2025-12-11;13;1112
26;2025-12-11;14;1143
26;2025-12-11;15;1224
26;2025-12-11;16;1378
26;2025-12-11;17;1576
26;2025-12-11;18;1662
26;2025-12-11;19;1167
26;2025-12-11;20;751
26;2025-12-11;21;462
26;2025-12-11;22;243
26;2025-12-11;23;134
26;2025-12-12;0;35
26;2025-12-12;1;1
26;2025-12-12;2;0
26;2025-12-12;3;0
26;2025-12-12;4;1
26;2025-12-12;5;82
26;2025-12-12;6;486
26;2025-12-12;7;983
26;2025-12-12;8;1812
26;2025-12-12;9;1349
26;2025-12-12;10;1087
26;2025-12-12;11;984
26;2025-12-12;12;1043
26;2025-12-12;13;1094
26;2025-12-12;14;1092
26;2025-12-12;15;1179
26;2025-12-12;16;1393
26;2025-12-12;17;1530
26;2025-12-12;18;1578
26;2025-12-12;19;1129
26;2025-12-12;20;720
26;2025-12-12;21;446
26;2025-12-12;22;246
26;2025-12-12;23;150
26;2025-12-13;0;46
26;2025-12-13;1;2
26;2025-12-13;2;0
26;2025-12-13;3;0
26;2025-12-13;4;2
26;2025-12-13;5;47
26;2025-12-13;6;254
26;2025-12-13;7;351
26;2025-12-13;8;531
26;2025-12-13;9;597
26;2025-12-13;10;662
26;2025-12-13;11;816
26;2025-12-13;12;851
26;2025-12-13;13;895
26;2025-12-13;14;903
26;2025-12-13;15;866
26;2025-12-13;16;861
26;2025-12-13;17;847
26;2025-12-13;18;814
26;2025-12-13;19;699
26;2025-12-13;20;528
26;2025-12-13;21;345
26;2025-12-13;22;230
26;2025-12-13;23;145
26;2025-12-14;0;47
26;2025-12-14;1;6
26;2025-12-14;2;0
26;2025-12-14;3;0
26;2025-12-14;4;2
26;2025-12-14;5;27
26;2025-12-14;6;155
26;2025-12-14;7;248
26;2025-12-14;8;362
26;2025-12-14;9;499
26;2025-12-14;10;563
26;2025-12-14;11;743
26;2025-12-14;12;795
26;2025-12-14;13;826
26;2025-12-14;14;811
26;2025-12-14;15;756
26;2025-12-14;16;740
26;2025-12-14;17;746
26;2025-12-14;18;673
26;2025-12-14;19;586
26;2025-12-14;20;425
26;2025-12-14;21;295
26;2025-12-14;22;197
26;2025-12-14;23;105
26;2025-12-15;0;28
26;2025-12-15;1;3
26;2025-12-15;2;0
26;2025-12-15;3;0
26;2025-12-15;4;3
26;2025-12-15;5;79
26;2025-12-15;6;486
26;2025-12-15;7;1006
26;2025-12-15;8;1903
26;2025-12-15;9;1353
26;2025-12-15;10;1104
26;2025-12-15;11;1001
26;2025-12-15;12;1038
26;2025-12-15;13;1098
26;2025-12-15;14;1103
26;2025-12-15;15;1184
26;2025-12-15;16;1348
26;2025-12-15;17;1534
26;2025-12-15;18;1609
26;2025-12-15;19;1140
26;2025-12-15;20;735
26;2025-12-15;21;441
26;2025-12-15;22;216
26;2025-12-15;23;106
26;2025-12-16;0;32
26;2025-12-16;1;1
26;2025-12-16;2;0
26;2025-12-16;3;0
26;2025-12-16;4;2
26;2025-12-16;5;81
26;2025-12-16;6;503
26;2025-12-16;7;1028
26;2025-12-16;8;1937
26;2025-12-16;9;1377
26;2025-12-16;10;1124
26;2025-12-16;11;1030
26;2025-12-16;12;1057
26;2025-12-16;13;1114
26;2025-12-16;14;1146
26;2025-12-16;15;1230
26;2025-12-16;16;1389
26;2025-12-16;17;1585
26;2025-12-16;18;1679
26;2025-12-16;19;1169
26;2025-12-16;20;752
26;2025-12-16;21;456
26;2025-12-16;22;234
26;2025-12-16;23;120
26;2025-12-17;0;33
26;2025-12-17;1;1
26;2025-12-17;2;0
26;2025-12-17;3;0
26;2025-12-17;4;3
26;2025-12-17;5;85
26;2025-12-17;6;498
26;2025-12-17;7;1026
26;2025-12-17;8;1910
26;2025-12-17;9;1375
26;2025-12-17;10;1121
26;2025-12-17;11;1029
26;2025-12-17;12;1055
26;2025-12-17;13;1112
26;2025-12-17;14;1144
26;2025-12-17;15;1225
26;2025-12-17;16;1383
26;2025-12-17;17;1580
26;2025-12-17;18;1663
26;2025-12-17;19;1167
26;2025-12-17;20;751
26;2025-12-17;21;462
26;2025-12-17;22;243
26;2025-12-17;23;128
26;2025-12-18;0;38
26;2025-12-18;1;1
26;2025-12-18;2;0
26;2025-12-18;3;0
26;2025-12-18;4;2
26;2025-12-18;5;85
26;2025-12-18;6;498
26;2025-12-18;7;1025
26;2025-12-18;8;1913
26;2025-12-18;9;1374
26;2025-12-18;10;1121
26;2025-12-18;11;1028
26;2025-12-18;12;1054
26;2025-12-18;13;1112
26;2025-12-18;14;1143
26;2025-12-18;15;1224
26;2025-12-18;16;1378
26;2025-12-18;17;1576
26;2025-12-18;18;1662
26;2025-12-18;19;1167
26;2025-12-18;20;751
26;2025-12-18;21;462
26;2025-12-18;22;243
26;2025-12-18;23;134
26;2025-12-19;0;35
26;2025-12-19;1;1
26;2025-12-19;2;0
26;2025-12-19;3;0
26;2025-12-19;4;1
26;2025-12-19;5;82
26;2025-12-19;6;486
26;2025-12-19;7;983
26;2025-12-19;8;1812
26;2025-12-19;9;1349
26;2025-12-19;10;1087
26;2025-12-19;11;984
26;2025-12-19;12;1043
26;2025-12-19;13;1094
26;2025-12-19;14;1092
26;2025-12-19;15;1179
26;2025-12-19;16;1393
26;2025-12-19;17;1530
26;2025-12-19;18;1578
26;2025-12-19;19;1129
26;2025-12-19;20;720
26;2025-12-19;21;446
26;2025-12-19;22;246
26;2025-12-19;23;150
26;2025-12-20;0;46
26;2025-12-20;1;2
26;2025-12-20;2;0
26;2025-12-20;3;0
26;2025-12-20;4;2
26;2025-12-20;5;47
26;2025-12-20;6;254
26;2025-12-20;7;351
26;2025-12-20;8;531
26;2025-12-20;9;597
26;2025-12-20;10;662
26;2025-12-20;11;816
26;2025-12-20;12;851
26;2025-12-20;13;895
26;2025-12-20;14;903
26;2025-12-20;15;866
26;2025-12-20;16;861
26;2025-12-20;17;847
26;2025-12-20;18;814
26;2025-12-20;19;699
26;2025-12-20;20;528
26;2025-12-20;21;345
26;2025-12-20;22;230
26;2025-12-20;23;145
26;2025-12-21;0;47
26;2025-12-21;1;6
26;2025-12-21;2;0
26;2025-12-21;3;0
26;2025-12-21;4;2
26;2025-12-21;5;27
26;2025-12-21;6;155
26;2025-12-21;7;248
26;2025-12-21;8;362
26;2025-12-21;9;499
26;2025-12-21;10;563
26;2025-12-21;11;743
26;2025-12-21;12;795
26;2025-12-21;13;826
26;2025-12-21;14;811
26;2025-12-21;15;756
26;2025-12-21;16;740
26;2025-12-21;17;746
26;2025-12-21;18;673
26;2025-12-21;19;586
26;2025-12-21;20;425
26;2025-12-21;21;295
26;2025-12-21;22;197
26;2025-12-21;23;105
26;2025-12-22;0;28
26;2025-12-22;1;3
26;2025-12-22;2;0
26;2025-12-22;3;0
26;2025-12-22;4;3
26;2025-12-22;5;79
26;2025-12-22;6;486
26;2025-12-22;7;1006
26;2025-12-22;8;1903
26;2025-12-22;9;1353
26;2025-12-22;10;1104
26;2025-12-22;11;1001
26;2025-12-22;12;1038
26;2025-12-22;13;1098
26;2025-12-22;14;1103
26;2025-12-22;15;1184
26;2025-12-22;16;1348
26;2025-12-22;17;1534
26;2025-12-22;18;1609
26;2025-12-22;19;1140
26;2025-12-22;20;735
26;2025-12-22;21;441
26;2025-12-22;22;216
26;2025-12-22;23;106
26;2025-12-23;0;32
26;2025-12-23;1;1
26;2025-12-23;2;0
26;2025-12-23;3;0
26;2025-12-23;4;2
26;2025-12-23;5;81
26;2025-12-23;6;503
26;2025-12-23;7;1028
26;2025-12-23;8;1937
26;2025-12-23;9;1377
26;2025-12-23;10;1124
26;2025-12-23;11;1030
26;2025-12-23;12;1057
26;2025-12-23;13;1114
26;2025-12-23;14;1146
26;2025-12-23;15;1230
26;2025-12-23;16;1389
26;2025-12-23;17;1585
26;2025-12-23;18;1679
26;2025-12-23;19;1169
26;2025-12-23;20;752
26;2025-12-23;21;456
26;2025-12-23;22;234
26;2025-12-23;23;120
26;2025-12-24;0;33
26;2025-12-24;1;1
26;2025-12-24;2;0
26;2025-12-24;3;0
26;2025-12-24;4;3
26;2025-12-24;5;85
26;2025-12-24;6;498
26;2025-12-24;7;1026
26;2025-12-24;8;1910
26;2025-12-24;9;1375
26;2025-12-24;10;1121
26;2025-12-24;11;1029
26;2025-12-24;12;1055
26;2025-12-24;13;1112
26;2025-12-24;14;1144
26;2025-12-24;15;1225
26;2025-12-24;16;1383
26;2025-12-24;17;1580
26;2025-12-24;18;1663
26;2025-12-24;19;1167
26;2025-12-24;20;751
26;2025-12-24;21;462
26;2025-12-24;22;243
26;2025-12-24;23;128
26;2025-12-25;0;38
26;2025-12-25;1;1
26;2025-12-25;2;0
26;2025-12-25;3;0
26;2025-12-25;4;2
26;2025-12-25;5;85
26;2025-12-25;6;498
26;2025-12-25;7;1025
26;2025-12-25;8;1913
26;2025-12-25;9;1374
26;2025-12-25;10;1121
26;2025-12-25;11;1028
26;2025-12-25;12;1054
26;2025-12-25;13;1112
26;2025-12-25;14;1143
26;2025-12-25;15;1224
26;2025-12-25;16;1378
26;2025-12-25;17;1576
26;2025-12-25;18;1662
26;2025-12-25;19;1167
26;2025-12-25;20;751
26;2025-12-25;21;462
26;2025-12-25;22;243
26;2025-12-25;23;134
26;2025-12-26;0;35
26;2025-12-26;1;1
26;2025-12-26;2;0
26;2025-12-26;3;0
26;2025-12-26;4;1
26;2025-12-26;5;82
26;2025-12-26;6;486
26;2025-12-26;7;983
26;2025-12-26;8;1812
26;2025-12-26;9;1349
26;2025-12-26;10;1087
26;2025-12-26;11;984
26;2025-12-26;12;1043
26;2025-12-26;13;1094
26;2025-12-26;14;1092
26;2025-12-26;15;1179
26;2025-12-26;16;1393
26;2025-12-26;17;1530
26;2025-12-26;18;1578
26;2025-12-26;19;1129
26;2025-12-26;20;720
26;2025-12-26;21;446
26;2025-12-26;22;246
26;2025-12-26;23;150
26;2025-12-27;0;46
26;2025-12-27;1;2
26;2025-12-27;2;0
26;2025-12-27;3;0
26;2025-12-27;4;2
26;2025-12-27;5;47
26;2025-12-27;6;254
26;2025-12-27;7;351
26;2025-12-27;8;531
26;2025-12-27;9;597
26;2025-12-27;10;662
26;2025-12-27;11;816
26;2025-12-27;12;851
26;2025-12-27;13;895
26;2025-12-27;14;903
26;2025-12-27;15;866
26;2025-12-27;16;861
26;2025-12-27;17;847
26;2025-12-27;18;814
26;2025-12-27;19;699
26;2025-12-27;20;528
26;2025-12-27;21;345
26;2025-12-27;22;230
26;2025-12-27;23;145
26;2025-12-28;0;47
26;2025-12-28;1;6
26;2025-12-28;2;0
26;2025-12-28;3;0
26;2025-12-28;4;2
26;2025-12-28;5;27
26;2025-12-28;6;155
26;2025-12-28;7;248
26;2025-12-28;8;362
26;2025-12-28;9;499
26;2025-12-28;10;563
26;2025-12-28;11;743
26;2025-12-28;12;795
26;2025-12-28;13;826
26;2025-12-28;14;811
26;2025-12-28;15;756
26;2025-12-28;16;740
26;2025-12-28;17;746
26;2025-12-28;18;673
26;2025-12-28;19;586
26;2025-12-28;20;425
26;2025-12-28;21;295
26;2025-12-28;22;197
26;2025-12-28;23;105
26;2025-12-29;0;28
26;2025-12-29;1;3
26;2025-12-29;2;0
26;2025-12-29;3;0
26;2025-12-29;4;3
26;2025-12-29;5;79
26;2025-12-29;6;486
26;2025-12-29;7;1006
26;2025-12-29;8;1903
26;2025-12-29;9;1353
26;2025-12-29;10;1104
26;2025-12-29;11;1001
26;2025-12-29;12;1038
26;2025-12-29;13;1098
26;2025-12-29;14;1103
26;2025-12-29;15;1184
26;2025-12-29;16;1348
26;2025-12-29;17;1534
26;2025-12-29;18;1609
26;2025-12-29;19;1140
26;2025-12-29;20;735
26;2025-12-29;21;441
26;2025-12-29;22;216
26;2025-12-29;23;106
26;2025-12-30;0;32
26;2025-12-30;1;1
26;2025-12-30;2;0
26;2025-12-30;3;0
26;2025-12-30;4;2
26;2025-12-30;5;81
26;2025-12-30;6;503
26;2025-12-30;7;1028
26;2025-12-30;8;1937
26;2025-12-30;9;1377
26;2025-12-30;10;1124
26;2025-12-30;11;1030
26;2025-12-30;12;1057
26;2025-12-30;13;1114
26;2025-12-30;14;1146
26;2025-12-30;15;1230
26;2025-12-30;16;1389
26;2025-12-30;17;1585
26;2025-12-30;18;1679
26;2025-12-30;19;1169
26;2025-12-30;20;752
26;2025-12-30;21;456
26;2025-12-30;22;234
26;2025-12-30;23;120
26;2025-12-31;0;33
26;2025-12-31;1;1
26;2025-12-31;2;0
26;2025-12-31;3;0
26;2025-12-31;4;3
26;2025-12-31;5;85
26;2025-12-31;6;498
26;2025-12-31;7;1026
26;2025-12-31;8;1910
26;2025-12-31;9;1375
26;2025-12-31;10;1121
26;2025-12-31;11;1029
26;2025-12-31;12;1055
26;2025-12-31;13;1112
26;2025-12-31;14;1144
26;2025-12-31;15;1225
26;2025-12-31;16;1383
26;2025-12-31;17;1580
26;2025-12-31;18;1663
26;2025-12-31;19;1167
26;2025-12-31;20;751
26;2025-12-31;21;462
26;2025-12-31;22;243
26;2025-12-31;23;128
28;2025-11-01;0;1
28;2025-11-01;1;0
28;2025-11-01;2;0
28;2025-11-01;3;0
28;2025-11-01;4;1
28;2025-11-01;5;38
28;2025-11-01;6;101
28;2025-11-01;7;204
28;2025-11-01;8;322
28;2025-11-01;9;414
28;2025-11-01;10;430
28;2025-11-01;11;436
28;2025-11-01;12;507
28;2025-11-01;13;544
28;2025-11-01;14;547
28;2025-11-01;15;537
28;2025-11-01;16;515
28;2025-11-01;17;517
28;2025-11-01;18;468
28;2025-11-01;19;401
28;2025-11-01;20;317
28;2025-11-01;21;267
28;2025-11-01;22;133
28;2025-11-01;23;16
28;2025-11-02;0;1
28;2025-11-02;1;0
28;2025-11-02;2;0
28;2025-11-02;3;0
28;2025-11-02;4;1
28;2025-11-02;5;30
28;2025-11-02;6;78
28;2025-11-02;7;140
28;2025-11-02;8;239
28;2025-11-02;9;310
28;2025-11-02;10;349
28;2025-11-02;11;363
28;2025-11-02;12;422
28;2025-11-02;13;478
28;2025-11-02;14;477
28;2025-11-02;15;479
28;2025-11-02;16;431
28;2025-11-02;17;427
28;2025-11-02;18;388
28;2025-11-02;19;340
28;2025-11-02;20;284
28;2025-11-02;21;233
28;2025-11-02;22;106
28;2025-11-02;23;12
28;2025-11-03;0;0
28;2025-11-03;1;0
28;2025-11-03;2;0
28;2025-11-03;3;0
28;2025-11-03;4;2
28;2025-11-03;5;73
28;2025-11-03;6;245
28;2025-11-03;7;714
28;2025-11-03;8;1077
28;2025-11-03;9;782
28;2025-11-03;10;559
28;2025-11-03;11;510
28;2025-11-03;12;611
28;2025-11-03;13;653
28;2025-11-03;14;593
28;2025-11-03;15;616
28;2025-11-03;16;774
28;2025-11-03;17;870
28;2025-11-03;18;861
28;2025-11-03;19;666
28;2025-11-03;20;459
28;2025-11-03;21;289
28;2025-11-03;22;123
28;2025-11-03;23;11
28;2025-11-04;0;0
28;2025-11-04;1;0
28;2025-11-04;2;0
28;2025-11-04;3;0
28;2025-11-04;4;4
28;2025-11-04;5;76
28;2025-11-04;6;258
28;2025-11-04;7;731
28;2025-11-04;8;1117
28;2025-11-04;9;802
28;2025-11-04;10;572
28;2025-11-04;11;527
28;2025-11-04;12;624
28;2025-11-04;13;669
28;2025-11-04;14;618
28;2025-11-04;15;642
28;2025-11-04;16;786
28;2025-11-04;17;895
28;2025-11-04;18;886
28;2025-11-04;19;679
28;2025-11-04;20;482
28;2025-11-04;21;306
28;2025-11-04;22;137
28;2025-11-04;23;12
28;2025-11-05;0;0
28;2025-11-05;1;0
28;2025-11-05;2;0
28;2025-11-05;3;0
28;2025-11-05;4;1
28;2025-11-05;5;80
28;2025-11-05;6;258
28;2025-11-05;7;728
28;2025-11-05;8;1112
28;2025-11-05;9;800
28;2025-11-05;10;570
28;2025-11-05;11;526
28;2025-11-05;12;622
28;2025-11-05;13;667
28;2025-11-05;14;616
28;2025-11-05;15;640
28;2025-11-05;16;784
28;2025-11-05;17;893
28;2025-11-05;18;883
28;2025-11-05;19;677
28;2025-11-05;20;483
28;2025-11-05;21;311
28;2025-11-05;22;141
28;2025-11-05;23;12
28;2025-11-06;0;0
28;2025-11-06;1;0
28;2025-11-06;2;0
28;2025-11-06;3;0
28;2025-11-06;4;1
28;2025-11-06;5;80
28;2025-11-06;6;258
28;2025-11-06;7;728
28;2025-11-06;8;1108
28;2025-11-06;9;800
28;2025-11-06;10;569
28;2025-11-06;11;525
28;2025-11-06;12;622
28;2025-11-06;13;667
28;2025-11-06;14;615
28;2025-11-06;15;640
28;2025-11-06;16;783
28;2025-11-06;17;893
28;2025-11-06;18;883
28;2025-11-06;19;677
28;2025-11-06;20;483
28;2025-11-06;21;312
28;2025-11-06;22;140
28;2025-11-06;23;12
28;2025-11-07;0;0
28;2025-11-07;1;0
28;2025-11-07;2;0
28;2025-11-07;3;0
28;2025-11-07;4;1
28;2025-11-07;5;77
28;2025-11-07;6;242
28;2025-11-07;7;702
28;2025-11-07;8;1061
28;2025-11-07;9;752
28;2025-11-07;10;554
28;2025-11-07;11;513
28;2025-11-07;12;601
28;2025-11-07;13;628
28;2025-11-07;14;592
28;2025-11-07;15;600
28;2025-11-07;16;755
28;2025-11-07;17;840
28;2025-11-07;18;823
28;2025-11-07;19;644
28;2025-11-07;20;460
28;2025-11-07;21;298
28;2025-11-07;22;134
28;2025-11-07;23;12
28;2025-11-08;0;1
28;2025-11-08;1;0
28;2025-11-08;2;0
28;2025-11-08;3;0
28;2025-11-08;4;1
28;2025-11-08;5;38
28;2025-11-08;6;101
28;2025-11-08;7;204
28;2025-11-08;8;322
28;2025-11-08;9;414
28;2025-11-08;10;430
28;2025-11-08;11;436
28;2025-11-08;12;507
28;2025-11-08;13;544
28;2025-11-08;14;547
28;2025-11-08;15;537
28;2025-11-08;16;515
28;2025-11-08;17;517
28;2025-11-08;18;468
28;2025-11-08;19;401
28;2025-11-08;20;317
28;2025-11-08;21;267
28;2025-11-08;22;133
28;2025-11-08;23;16
28;2025-11-09;0;1
28;2025-11-09;1;0
28;2025-11-09;2;0
28;2025-11-09;3;0
28;2025-11-09;4;1
28;2025-11-09;5;30
28;2025-11-09;6;78
28;2025-11-09;7;140
28;2025-11-09;8;239
28;2025-11-09;9;310
28;2025-11-09;10;349
28;2025-11-09;11;363
28;2025-11-09;12;422
28;2025-11-09;13;478
28;2025-11-09;14;477
28;2025-11-09;15;479
28;2025-11-09;16;431
28;2025-11-09;17;427
28;2025-11-09;18;388
28;2025-11-09;19;340
28;2025-11-09;20;284
28;2025-11-09;21;233
28;2025-11-09;22;106
28;2025-11-09;23;12
28;2025-11-10;0;0
28;2025-11-10;1;0
28;2025-11-10;2;0
28;2025-11-10;3;0
28;2025-11-10;4;2
28;2025-11-10;5;73
28;2025-11-10;6;245
28;2025-11-10;7;714
28;2025-11-10;8;1077
28;2025-11-10;9;782
28;2025-11-10;10;559
28;2025-11-10;11;510
28;2025-11-10;12;611
28;2025-11-10;13;653
28;2025-11-10;14;593
28;2025-11-10;15;616
28;2025-11-10;16;774
28;2025-11-10;17;870
28;2025-11-10;18;861
28;2025-11-10;19;666
28;2025-11-10;20;459
28;2025-11-10;21;289
28;2025-11-10;22;123
28;2025-11-10;23;11
28;2025-11-11;0;0
28;2025-11-11;1;0
28;2025-11-11;2;0
28;2025-11-11;3;0
28;2025-11-11;4;4
28;2025-11-11;5;76
28;2025-11-11;6;258
28;2025-11-11;7;731
28;2025-11-11;8;1117
28;2025-11-11;9;802
28;2025-11-11;10;572
28;2025-11-11;11;527
28;2025-11-11;12;624
28;2025-11-11;13;669
28;2025-11-11;14;618
28;2025-11-11;15;642
28;2025-11-11;16;786
28;2025-11-11;17;895
28;2025-11-11;18;886
28;2025-11-11;19;679
28;2025-11-11;20;482
28;2025-11-11;21;306
28;2025-11-11;22;137
28;2025-11-11;23;12
28;2025-11-12;0;0
28;2025-11-12;1;0
28;2025-11-12;2;0
28;2025-11-12;3;0
28;2025-11-12;4;1
28;2025-11-12;5;80
28;2025-11-12;6;258
28;2025-11-12;7;728
28;2025-11-12;8;1112
28;2025-11-12;9;800
28;2025-11-12;10;570
28;2025-11-12;11;526
28;2025-11-12;12;622
28;2025-11-12;13;667
28;2025-11-12;14;616
28;2025-11-12;15;640
28;2025-11-12;16;784
28;2025-11-12;17;893
28;2025-11-12;18;883
28;2025-11-12;19;677
28;2025-11-12;20;483
28;2025-11-12;21;311
28;2025-11-12;22;141
28;2025-11-12;23;12
28;2025-11-13;0;0
28;2025-11-13;1;0
28;2025-11-13;2;0
28;2025-11-13;3;0
28;2025-11-13;4;1
28;2025-11-13;5;80
28;2025-11-13;6;258
28;2025-11-13;7;728
28;2025-11-13;8;1108
28;2025-11-13;9;800
28;2025-11-13;10;569
28;2025-11-13;11;525
28;2025-11-13;12;622
28;2025-11-13;13;667
28;2025-11-13;14;615
28;2025-11-13;15;640
28;2025-11-13;16;783
28;2025-11-13;17;893
28;2025-11-13;18;883
28;2025-11-13;19;677
28;2025-11-13;20;483
28;2025-11-13;21;312
28;2025-11-13;22;140
28;2025-11-13;23;12
28;2025-11-14;0;0
28;2025-11-14;1;0
28;2025-11-14;2;0
28;2025-11-14;3;0
28;2025-11-14;4;1
28;2025-11-14;5;77
28;2025-11-14;6;242
28;2025-11-14;7;702
28;2025-11-14;8;1061
28;2025-11-14;9;752
28;2025-11-14;10;554
28;2025-11-14;11;513
28;2025-11-14;12;601
28;2025-11-14;13;628
28;2025-11-14;14;592
28;2025-11-14;15;600
28;2025-11-14;16;755
28;2025-11-14;17;840
28;2025-11-14;18;823
28;2025-11-14;19;644
28;2025-11-14;20;460
28;2025-11-14;21;298
28;2025-11-14;22;134
28;2025-11-14;23;12
28;2025-11-15;0;1
28;2025-11-15;1;0
28;2025-11-15;2;0
28;2025-11-15;3;0
28;2025-11-15;4;1
28;2025-11-15;5;38
28;2025-11-15;6;101
28;2025-11-15;7;204
28;2025-11-15;8;322
28;2025-11-15;9;414
28;2025-11-15;10;430
28;2025-11-15;11;436
28;2025-11-15;12;507
28;2025-11-15;13;544
28;2025-11-15;14;547
28;2025-11-15;15;537
28;2025-11-15;16;515
28;2025-11-15;17;517
28;2025-11-15;18;468
28;2025-11-15;19;401
28;2025-11-15;20;317
28;2025-11-15;21;267
28;2025-11-15;22;133
28;2025-11-15;23;16
28;2025-11-16;0;1
28;2025-11-16;1;0
28;2025-11-16;2;0
28;2025-11-16;3;0
28;2025-11-16;4;1
28;2025-11-16;5;30
28;2025-11-16;6;78
28;2025-11-16;7;140
28;2025-11-16;8;239
28;2025-11-16;9;310
28;2025-11-16;10;349
28;2025-11-16;11;363
28;2025-11-16;12;422
28;2025-11-16;13;478
28;2025-11-16;14;477
28;2025-11-16;15;479
28;2025-11-16;16;431
28;2025-11-16;17;427
28;2025-11-16;18;388
28;2025-11-16;19;340
28;2025-11-16;20;284
28;2025-11-16;21;233
28;2025-11-16;22;106
28;2025-11-16;23;12
28;2025-11-17;0;0
28;2025-11-17;1;0
28;2025-11-17;2;0
28;2025-11-17;3;0
28;2025-11-17;4;2
28;2025-11-17;5;73
28;2025-11-17;6;245
28;2025-11-17;7;714
28;2025-11-17;8;1077
28;2025-11-17;9;782
28;2025-11-17;10;559
28;2025-11-17;11;510
28;2025-11-17;12;611
28;2025-11-17;13;653
28;2025-11-17;14;593
28;2025-11-17;15;616
28;2025-11-17;16;774
28;2025-11-17;17;870
28;2025-11-17;18;861
28;2025-11-17;19;666
28;2025-11-17;20;459
28;2025-11-17;21;289
28;2025-11-17;22;123
28;2025-11-17;23;11
28;2025-11-18;0;0
28;2025-11-18;1;0
28;2025-11-18;2;0
28;2025-11-18;3;0
28;2025-11-18;4;4
28;2025-11-18;5;76
28;2025-11-18;6;258
28;2025-11-18;7;731
28;2025-11-18;8;1117
28;2025-11-18;9;802
28;2025-11-18;10;572
28;2025-11-18;11;527
28;2025-11-18;12;624
28;2025-11-18;13;669
28;2025-11-18;14;618
28;2025-11-18;15;642
28;2025-11-18;16;786
28;2025-11-18;17;895
28;2025-11-18;18;886
28;2025-11-18;19;679
28;2025-11-18;20;482
28;2025-11-18;21;306
28;2025-11-18;22;137
28;2025-11-18;23;12
28;2025-11-19;0;0
28;2025-11-19;1;0
28;2025-11-19;2;0
28;2025-11-19;3;0
28;2025-11-19;4;1
28;2025-11-19;5;80
28;2025-11-19;6;258
28;2025-11-19;7;728
28;2025-11-19;8;1112
28;2025-11-19;9;800
28;2025-11-19;10;570
28;2025-11-19;11;526
28;2025-11-19;12;622
28;2025-11-19;13;667
28;2025-11-19;14;616
28;2025-11-19;15;640
28;2025-11-19;16;784
28;2025-11-19;17;893
28;2025-11-19;18;883
28;2025-11-19;19;677
28;2025-11-19;20;483
28;2025-11-19;21;311
28;2025-11-19;22;141
28;2025-11-19;23;12
28;2025-11-20;0;0
28;2025-11-20;1;0
28;2025-11-20;2;0
28;2025-11-20;3;0
28;2025-11-20;4;1
28;2025-11-20;5;80
28;2025-11-20;6;258
28;2025-11-20;7;728
28;2025-11-20;8;1108
28;2025-11-20;9;800
28;2025-11-20;10;569
28;2025-11-20;11;525
28;2025-11-20;12;622
28;2025-11-20;13;667
28;2025-11-20;14;615
28;2025-11-20;15;640
28;2025-11-20;16;783
28;2025-11-20;17;893
28;2025-11-20;18;883
28;2025-11-20;19;677
28;2025-11-20;20;483
28;2025-11-20;21;312
28;2025-11-20;22;140
28;2025-11-20;23;12
28;2025-11-21;0;0
28;2025-11-21;1;0
28;2025-11-21;2;0
28;2025-11-21;3;0
28;2025-11-21;4;1
28;2025-11-21;5;77
28;2025-11-21;6;242
28;2025-11-21;7;702
28;2025-11-21;8;1061
28;2025-11-21;9;752
28;2025-11-21;10;554
28;2025-11-21;11;513
28;2025-11-21;12;601
28;2025-11-21;13;628
28;2025-11-21;14;592
28;2025-11-21;15;600
28;2025-11-21;16;755
28;2025-11-21;17;840
28;2025-11-21;18;823
28;2025-11-21;19;644
28;2025-11-21;20;460
28;2025-11-21;21;298
28;2025-11-21;22;134
28;2025-11-21;23;12
28;2025-11-22;0;1
28;2025-11-22;1;0
28;2025-11-22;2;0
28;2025-11-22;3;0
28;2025-11-22;4;1
28;2025-11-22;5;38
28;2025-11-22;6;101
28;2025-11-22;7;204
28;2025-11-22;8;322
28;2025-11-22;9;414
28;2025-11-22;10;430
28;2025-11-22;11;436
28;2025-11-22;12;507
28;2025-11-22;13;544
28;2025-11-22;14;547
28;2025-11-22;15;537
28;2025-11-22;16;515
28;2025-11-22;17;517
28;2025-11-22;18;468
28;2025-11-22;19;401
28;2025-11-22;20;317
28;2025-11-22;21;267
28;2025-11-22;22;133
28;2025-11-22;23;16
28;2025-11-23;0;1
28;2025-11-23;1;0
28;2025-11-23;2;0
28;2025-11-23;3;0
28;2025-11-23;4;1
28;2025-11-23;5;30
28;2025-11-23;6;78
28;2025-11-23;7;140
28;2025-11-23;8;239
28;2025-11-23;9;310
28;2025-11-23;10;349
28;2025-11-23;11;363
28;2025-11-23;12;422
28;2025-11-23;13;478
28;2025-11-23;14;477
28;2025-11-23;15;479
28;2025-11-23;16;431
28;2025-11-23;17;427
28;2025-11-23;18;388
28;2025-11-23;19;340
28;2025-11-23;20;284
28;2025-11-23;21;233
28;2025-11-23;22;106
28;2025-11-23;23;12
28;2025-11-24;0;0
28;2025-11-24;1;0
28;2025-11-24;2;0
28;2025-11-24;3;0
28;2025-11-24;4;2
28;2025-11-24;5;73
28;2025-11-24;6;245
28;2025-11-24;7;714
28;2025-11-24;8;1077
28;2025-11-24;9;782
28;2025-11-24;10;559
28;2025-11-24;11;510
28;2025-11-24;12;611
28;2025-11-24;13;653
28;2025-11-24;14;593
28;2025-11-24;15;616
28;2025-11-24;16;774
28;2025-11-24;17;870
28;2025-11-24;18;861
28;2025-11-24;19;666
28;2025-11-24;20;459
28;2025-11-24;21;289
28;2025-11-24;22;123
28;2025-11-24;23;11
28;2025-11-25;0;0
28;2025-11-25;1;0
28;2025-11-25;2;0
28;2025-11-25;3;0
28;2025-11-25;4;4
28;2025-11-25;5;76
28;2025-11-25;6;258
28;2025-11-25;7;731
28;2025-11-25;8;1117
28;2025-11-25;9;802
28;2025-11-25;10;572
28;2025-11-25;11;527
28;2025-11-25;12;624
28;2025-11-25;13;669
28;2025-11-25;14;618
28;2025-11-25;15;642
28;2025-11-25;16;786
28;2025-11-25;17;895
28;2025-11-25;18;886
28;2025-11-25;19;679
28;2025-11-25;20;482
28;2025-11-25;21;306
28;2025-11-25;22;137
28;2025-11-25;23;12
28;2025-11-26;0;0
28;2025-11-26;1;0
28;2025-11-26;2;0
28;2025-11-26;3;0
28;2025-11-26;4;1
28;2025-11-26;5;80
28;2025-11-26;6;258
28;2025-11-26;7;728
28;2025-11-26;8;1112
28;2025-11-26;9;800
28;2025-11-26;10;570
28;2025-11-26;11;526
28;2025-11-26;12;622
28;2025-11-26;13;667
28;2025-11-26;14;616
28;2025-11-26;15;640
28;2025-11-26;16;784
28;2025-11-26;17;893
28;2025-11-26;18;883
28;2025-11-26;19;677
28;2025-11-26;20;483
28;2025-11-26;21;311
28;2025-11-26;22;141
28;2025-11-26;23;12
28;2025-11-27;0;0
28;2025-11-27;1;0
28;2025-11-27;2;0
28;2025-11-27;3;0
28;2025-11-27;4;1
28;2025-11-27;5;80
28;2025-11-27;6;258
28;2025-11-27;7;728
28;2025-11-27;8;1108
28;2025-11-27;9;800
28;2025-11-27;10;569
28;2025-11-27;11;525
28;2025-11-27;12;622
28;2025-11-27;13;667
28;2025-11-27;14;615
28;2025-11-27;15;640
28;2025-11-27;16;783
28;2025-11-27;17;893
28;2025-11-27;18;883
28;2025-11-27;19;677
28;2025-11-27;20;483
28;2025-11-27;21;312
28;2025-11-27;22;140
28;2025-11-27;23;12
28;2025-11-28;0;0
28;2025-11-28;1;0
28;2025-11-28;2;0
28;2025-11-28;3;0
28;2025-11-28;4;1
28;2025-11-28;5;77
28;2025-11-28;6;242
28;2025-11-28;7;702
28;2025-11-28;8;1061
28;2025-11-28;9;752
28;2025-11-28;10;554
28;2025-11-28;11;513
28;2025-11-28;12;601
28;2025-11-28;13;628
28;2025-11-28;14;592
28;2025-11-28;15;600
28;2025-11-28;16;755
28;2025-11-28;17;840
28;2025-11-28;18;823
28;2025-11-28;19;644
28;2025-11-28;20;460
28;2025-11-28;21;298
28;2025-11-28;22;134
28;2025-11-28;23;12
28;2025-11-29;0;1
28;2025-11-29;1;0
28;2025-11-29;2;0
28;2025-11-29;3;0
28;2025-11-29;4;1
28;2025-11-29;5;38
28;2025-11-29;6;101
28;2025-11-29;7;204
28;2025-11-29;8;322
28;2025-11-29;9;414
28;2025-11-29;10;430
28;2025-11-29;11;436
28;2025-11-29;12;507
28;2025-11-29;13;544
28;2025-11-29;14;547
28;2025-11-29;15;537
28;2025-11-29;16;515
28;2025-11-29;17;517
28;2025-11-29;18;468
28;2025-11-29;19;401
28;2025-11-29;20;317
28;2025-11-29;21;267
28;2025-11-29;22;133
28;2025-11-29;23;16
28;2025-11-30;0;1
28;2025-11-30;1;0
28;2025-11-30;2;0
28;2025-11-30;3;0
28;2025-11-30;4;1
28;2025-11-30;5;30
28;2025-11-30;6;78
28;2025-11-30;7;140
28;2025-11-30;8;239
28;2025-11-30;9;310
28;2025-11-30;10;349
28;2025-11-30;11;363
28;2025-11-30;12;422
28;2025-11-30;13;478
28;2025-11-30;14;477
28;2025-11-30;15;479
28;2025-11-30;16;431
28;2025-11-30;17;427
28;2025-11-30;18;388
28;2025-11-30;19;340
28;2025-11-30;20;284
28;2025-11-30;21;233
28;2025-11-30;22;106
28;2025-11-30;23;12
28;2025-12-01;0;0
28;2025-12-01;1;0
28;2025-12-01;2;0
28;2025-12-01;3;0
28;2025-12-01;4;2
28;2025-12-01;5;73
28;2025-12-01;6;245
28;2025-12-01;7;714
28;2025-12-01;8;1077
28;2025-12-01;9;782
28;2025-12-01;10;559
28;2025-12-01;11;510
28;2025-12-01;12;611
28;2025-12-01;13;653
28;2025-12-01;14;593
28;2025-12-01;15;616
28;2025-12-01;16;774
28;2025-12-01;17;870
28;2025-12-01;18;861
28;2025-12-01;19;666
28;2025-12-01;20;459
28;2025-12-01;21;289
28;2025-12-01;22;123
28;2025-12-01;23;11
28;2025-12-02;0;0
28;2025-12-02;1;0
28;2025-12-02;2;0
28;2025-12-02;3;0
28;2025-12-02;4;4
28;2025-12-02;5;76
28;2025-12-02;6;258
28;2025-12-02;7;731
28;2025-12-02;8;1117
28;2025-12-02;9;802
28;2025-12-02;10;572
28;2025-12-02;11;527
28;2025-12-02;12;624
28;2025-12-02;13;669
28;2025-12-02;14;618
28;2025-12-02;15;642
28;2025-12-02;16;786
28;2025-12-02;17;895
28;2025-12-02;18;886
28;2025-12-02;19;679
28;2025-12-02;20;482
28;2025-12-02;21;306
28;2025-12-02;22;137
28;2025-12-02;23;12
28;2025-12-03;0;0
28;2025-12-03;1;0
28;2025-12-03;2;0
28;2025-12-03;3;0
28;2025-12-03;4;1
28;2025-12-03;5;80
28;2025-12-03;6;258
28;2025-12-03;7;728
28;2025-12-03;8;1112
28;2025-12-03;9;800
28;2025-12-03;10;570
28;2025-12-03;11;526
28;2025-12-03;12;622
28;2025-12-03;13;667
28;2025-12-03;14;616
28;2025-12-03;15;640
28;2025-12-03;16;784
28;2025-12-03;17;893
28;2025-12-03;18;883
28;2025-12-03;19;677
28;2025-12-03;20;483
28;2025-12-03;21;311
28;2025-12-03;22;141
28;2025-12-03;23;12
28;2025-12-04;0;0
28;2025-12-04;1;0
28;2025-12-04;2;0
28;2025-12-04;3;0
28;2025-12-04;4;1
28;2025-12-04;5;80
28;2025-12-04;6;258
28;2025-12-04;7;728
28;2025-12-04;8;1108
28;2025-12-04;9;800
28;2025-12-04;10;569
28;2025-12-04;11;525
28;2025-12-04;12;622
28;2025-12-04;13;667
28;2025-12-04;14;615
28;2025-12-04;15;640
28;2025-12-04;16;783
28;2025-12-04;17;893
28;2025-12-04;18;883
28;2025-12-04;19;677
28;2025-12-04;20;483
28;2025-12-04;21;312
28;2025-12-04;22;140
28;2025-12-04;23;12
28;2025-12-05;0;0
28;2025-12-05;1;0
28;2025-12-05;2;0
28;2025-12-05;3;0
28;2025-12-05;4;1
28;2025-12-05;5;77
28;2025-12-05;6;242
28;2025-12-05;7;702
28;2025-12-05;8;1061
28;2025-12-05;9;752
28;2025-12-05;10;554
28;2025-12-05;11;513
28;2025-12-05;12;601
28;2025-12-05;13;628
28;2025-12-05;14;592
28;2025-12-05;15;600
28;2025-12-05;16;755
28;2025-12-05;17;840
28;2025-12-05;18;823
28;2025-12-05;19;644
28;2025-12-05;20;460
28;2025-12-05;21;298
28;2025-12-05;22;134
28;2025-12-05;23;12
28;2025-12-06;0;1
28;2025-12-06;1;0
28;2025-12-06;2;0
28;2025-12-06;3;0
28;2025-12-06;4;1
28;2025-12-06;5;38
28;2025-12-06;6;101
28;2025-12-06;7;204
28;2025-12-06;8;322
28;2025-12-06;9;414
28;2025-12-06;10;430
28;2025-12-06;11;436
28;2025-12-06;12;507
28;2025-12-06;13;544
28;2025-12-06;14;547
28;2025-12-06;15;537
28;2025-12-06;16;515
28;2025-12-06;17;517
28;2025-12-06;18;468
28;2025-12-06;19;401
28;2025-12-06;20;317
28;2025-12-06;21;267
28;2025-12-06;22;133
28;2025-12-06;23;16
28;2025-12-07;0;1
28;2025-12-07;1;0
28;2025-12-07;2;0
28;2025-12-07;3;0
28;2025-12-07;4;1
28;2025-12-07;5;30
28;2025-12-07;6;78
28;2025-12-07;7;140
28;2025-12-07;8;239
28;2025-12-07;9;310
28;2025-12-07;10;349
28;2025-12-07;11;363
28;2025-12-07;12;422
28;2025-12-07;13;478
28;2025-12-07;14;477
28;2025-12-07;15;479
28;2025-12-07;16;431
28;2025-12-07;17;427
28;2025-12-07;18;388
28;2025-12-07;19;340
28;2025-12-07;20;284
28;2025-12-07;21;233
28;2025-12-07;22;106
28;2025-12-07;23;12
28;2025-12-08;0;0
28;2025-12-08;1;0
28;2025-12-08;2;0
28;2025-12-08;3;0
28;2025-12-08;4;2
28;2025-12-08;5;73
28;2025-12-08;6;245
28;2025-12-08;7;714
28;2025-12-08;8;1077
28;2025-12-08;9;782
28;2025-12-08;10;559
28;2025-12-08;11;510
28;2025-12-08;12;611
28;2025-12-08;13;653
28;2025-12-08;14;593
28;2025-12-08;15;616
28;2025-12-08;16;774
28;2025-12-08;17;870
28;2025-12-08;18;861
28;2025-12-08;19;666
28;2025-12-08;20;459
28;2025-12-08;21;289
28;2025-12-08;22;123
28;2025-12-08;23;11
28;2025-12-09;0;0
28;2025-12-09;1;0
28;2025-12-09;2;0
28;2025-12-09;3;0
28;2025-12-09;4;4
28;2025-12-09;5;76
28;2025-12-09;6;258
28;2025-12-09;7;731
28;2025-12-09;8;1117
28;2025-12-09;9;802
28;2025-12-09;10;572
28;2025-12-09;11;527
28;2025-12-09;12;624
28;2025-12-09;13;669
28;2025-12-09;14;618
28;2025-12-09;15;642
28;2025-12-09;16;786
28;2025-12-09;17;895
28;2025-12-09;18;886
28;2025-12-09;19;679
28;2025-12-09;20;482
28;2025-12-09;21;306
28;2025-12-09;22;137
28;2025-12-09;23;12
28;2025-12-10;0;0
28;2025-12-10;1;0
28;2025-12-10;2;0
28;2025-12-10;3;0
28;2025-12-10;4;1
28;2025-12-10;5;80
28;2025-12-10;6;258
28;2025-12-10;7;728
28;2025-12-10;8;1112
28;2025-12-10;9;800
28;2025-12-10;10;570
28;2025-12-10;11;526
28;2025-12-10;12;622
28;2025-12-10;13;667
28;2025-12-10;14;616
28;2025-12-10;15;640
28;2025-12-10;16;784
28;2025-12-10;17;893
28;2025-12-10;18;883
28;2025-12-10;19;677
28;2025-12-10;20;483
28;2025-12-10;21;311
28;2025-12-10;22;141
28;2025-12-10;23;12
28;2025-12-11;0;0
28;2025-12-11;1;0
28;2025-12-11;2;0
28;2025-12-11;3;0
28;2025-12-11;4;1
28;2025-12-11;5;80
28;2025-12-11;6;258
28;2025-12-11;7;728
28;2025-12-11;8;1108
28;2025-12-11;9;800
28;2025-12-11;10;569
28;2025-12-11;11;525
28;2025-12-11;12;622
28;2025-12-11;13;667
28;2025-12-11;14;615
28;2025-12-11;15;640
28;2025-12-11;16;783
28;2025-12-11;17;893
28;2025-12-11;18;883
28;2025-12-11;19;677
28;2025-12-11;20;483
28;2025-12-11;21;312
28;2025-12-11;22;140
28;2025-12-11;23;12
28;2025-12-12;0;0
28;2025-12-12;1;0
28;2025-12-12;2;0
28;2025-12-12;3;0
28;2025-12-12;4;1
28;2025-12-12;5;77
28;2025-12-12;6;242
28;2025-12-12;7;702
28;2025-12-12;8;1061
28;2025-12-12;9;752
28;2025-12-12;10;554
28;2025-12-12;11;513
28;2025-12-12;12;601
28;2025-12-12;13;628
28;2025-12-12;14;592
28;2025-12-12;15;600
28;2025-12-12;16;755
28;2025-12-12;17;840
28;2025-12-12;18;823
28;2025-12-12;19;644
28;2025-12-12;20;460
28;2025-12-12;21;298
28;2025-12-12;22;134
28;2025-12-12;23;12
28;2025-12-13;0;1
28;2025-12-13;1;0
28;2025-12-13;2;0
28;2025-12-13;3;0
28;2025-12-13;4;1
28;2025-12-13;5;38
28;2025-12-13;6;101
28;2025-12-13;7;204
28;2025-12-13;8;322
28;2025-12-13;9;414
28;2025-12-13;10;430
28;2025-12-13;11;436
28;2025-12-13;12;507
28;2025-12-13;13;544
28;2025-12-13;14;547
28;2025-12-13;15;537
28;2025-12-13;16;515
28;2025-12-13;17;517
28;2025-12-13;18;468
28;2025-12-13;19;401
28;2025-12-13;20;317
28;2025-12-13;21;267
28;2025-12-13;22;133
28;2025-12-13;23;16
28;2025-12-14;0;1
28;2025-12-14;1;0
28;2025-12-14;2;0
28;2025-12-14;3;0
28;2025-12-14;4;1
28;2025-12-14;5;30
28;2025-12-14;6;78
28;2025-12-14;7;140
28;2025-12-14;8;239
28;2025-12-14;9;310
28;2025-12-14;10;349
28;2025-12-14;11;363
28;2025-12-14;12;422
28;2025-12-14;13;478
28;2025-12-14;14;477
28;2025-12-14;15;479
28;2025-12-14;16;431
28;2025-12-14;17;427
28;2025-12-14;18;388
28;2025-12-14;19;340
28;2025-12-14;20;284
28;2025-12-14;21;233
28;2025-12-14;22;106
28;2025-12-14;23;12
28;2025-12-15;0;0
28;2025-12-15;1;0
28;2025-12-15;2;0
28;2025-12-15;3;0
28;2025-12-15;4;2
28;2025-12-15;5;73
28;2025-12-15;6;245
28;2025-12-15;7;714
28;2025-12-15;8;1077
28;2025-12-15;9;782
28;2025-12-15;10;559
28;2025-12-15;11;510
28;2025-12-15;12;611
28;2025-12-15;13;653
28;2025-12-15;14;593
28;2025-12-15;15;616
28;2025-12-15;16;774
28;2025-12-15;17;870
28;2025-12-15;18;861
28;2025-12-15;19;666
28;2025-12-15;20;459
28;2025-12-15;21;289
28;2025-12-15;22;123
28;2025-12-15;23;11
28;2025-12-16;0;0
28;2025-12-16;1;0
28;2025-12-16;2;0
28;2025-12-16;3;0
28;2025-12-16;4;4
28;2025-12-16;5;76
28;2025-12-16;6;258
28;2025-12-16;7;731
28;2025-12-16;8;1117
28;2025-12-16;9;802
28;2025-12-16;10;572
28;2025-12-16;11;527
28;2025-12-16;12;624
28;2025-12-16;13;669
28;2025-12-16;14;618
28;2025-12-16;15;642
28;2025-12-16;16;786
28;2025-12-16;17;895
28;2025-12-16;18;886
28;2025-12-16;19;679
28;2025-12-16;20;482
28;2025-12-16;21;306
28;2025-12-16;22;137
28;2025-12-16;23;12
28;2025-12-17;0;0
28;2025-12-17;1;0
28;2025-12-17;2;0
28;2025-12-17;3;0
28;2025-12-17;4;1
28;2025-12-17;5;80
28;2025-12-17;6;258
28;2025-12-17;7;728
28;2025-12-17;8;1112
28;2025-12-17;9;800
28;2025-12-17;10;570
28;2025-12-17;11;526
28;2025-12-17;12;622
28;2025-12-17;13;667
28;2025-12-17;14;616
28;2025-12-17;15;640
28;2025-12-17;16;784
28;2025-12-17;17;893
28;2025-12-17;18;883
28;2025-12-17;19;677
28;2025-12-17;20;483
28;2025-12-17;21;311
28;2025-12-17;22;141
28;2025-12-17;23;12
28;2025-12-18;0;0
28;2025-12-18;1;0
28;2025-12-18;2;0
28;2025-12-18;3;0
28;2025-12-18;4;1
28;2025-12-18;5;80
28;2025-12-18;6;258
28;2025-12-18;7;728
28;2025-12-18;8;1108
28;2025-12-18;9;800
28;2025-12-18;10;569
28;2025-12-18;11;525
28;2025-12-18;12;622
28;2025-12-18;13;667
28;2025-12-18;14;615
28;2025-12-18;15;640
28;2025-12-18;16;783
28;2025-12-18;17;893
28;2025-12-18;18;883
28;2025-12-18;19;677
28;2025-12-18;20;483
28;2025-12-18;21;312
28;2025-12-18;22;140
28;2025-12-18;23;12
28;2025-12-19;0;0
28;2025-12-19;1;0
28;2025-12-19;2;0
28;2025-12-19;3;0
28;2025-12-19;4;1
28;2025-12-19;5;77
28;2025-12-19;6;242
28;2025-12-19;7;702
28;2025-12-19;8;1061
28;2025-12-19;9;752
28;2025-12-19;10;554
28;2025-12-19;11;513
28;2025-12-19;12;601
28;2025-12-19;13;628
28;2025-12-19;14;592
28;2025-12-19;15;600
28;2025-12-19;16;755
28;2025-12-19;17;840
28;2025-12-19;18;823
28;2025-12-19;19;644
28;2025-12-19;20;460
28;2025-12-19;21;298
28;2025-12-19;22;134
28;2025-12-19;23;12
28;2025-12-20;0;1
28;2025-12-20;1;0
28;2025-12-20;2;0
28;2025-12-20;3;0
28;2025-12-20;4;1
28;2025-12-20;5;38
28;2025-12-20;6;101
28;2025-12-20;7;204
28;2025-12-20;8;322
28;2025-12-20;9;414
28;2025-12-20;10;430
28;2025-12-20;11;436
28;2025-12-20;12;507
28;2025-12-20;13;544
28;2025-12-20;14;547
28;2025-12-20;15;537
28;2025-12-20;16;515
28;2025-12-20;17;517
28;2025-12-20;18;468
28;2025-12-20;19;401
28;2025-12-20;20;317
28;2025-12-20;21;267
28;2025-12-20;22;133
28;2025-12-20;23;16
28;2025-12-21;0;1
28;2025-12-21;1;0
28;2025-12-21;2;0
28;2025-12-21;3;0
28;2025-12-21;4;1
28;2025-12-21;5;30
28;2025-12-21;6;78
28;2025-12-21;7;140
28;2025-12-21;8;239
28;2025-12-21;9;310
28;2025-12-21;10;349
28;2025-12-21;11;363
28;2025-12-21;12;422
28;2025-12-21;13;478
28;2025-12-21;14;477
28;2025-12-21;15;479
28;2025-12-21;16;431
28;2025-12-21;17;427
28;2025-12-21;18;388
28;2025-12-21;19;340
28;2025-12-21;20;284
28;2025-12-21;21;233
28;2025-12-21;22;106
28;2025-12-21;23;12
28;2025-12-22;0;0
28;2025-12-22;1;0
28;2025-12-22;2;0
28;2025-12-22;3;0
28;2025-12-22;4;2
28;2025-12-22;5;73
28;2025-12-22;6;245
28;2025-12-22;7;714
28;2025-12-22;8;1077
28;2025-12-22;9;782
28;2025-12-22;10;559
28;2025-12-22;11;510
28;2025-12-22;12;611
28;2025-12-22;13;653
28;2025-12-22;14;593
28;2025-12-22;15;616
28;2025-12-22;16;774
28;2025-12-22;17;870
28;2025-12-22;18;861
28;2025-12-22;19;666
28;2025-12-22;20;459
28;2025-12-22;21;289
28;2025-12-22;22;123
28;2025-12-22;23;11
28;2025-12-23;0;0
28;2025-12-23;1;0
28;2025-12-23;2;0
28;2025-12-23;3;0
28;2025-12-23;4;4
28;2025-12-23;5;76
28;2025-12-23;6;258
28;2025-12-23;7;731
28;2025-12-23;8;1117
28;2025-12-23;9;802
28;2025-12-23;10;572
28;2025-12-23;11;527
28;2025-12-23;12;624
28;2025-12-23;13;669
28;2025-12-23;14;618
28;2025-12-23;15;642
28;2025-12-23;16;786
28;2025-12-23;17;895
28;2025-12-23;18;886
28;2025-12-23;19;679
28;2025-12-23;20;482
28;2025-12-23;21;306
28;2025-12-23;22;137
28;2025-12-23;23;12
28;2025-12-24;0;0
28;2025-12-24;1;0
28;2025-12-24;2;0
28;2025-12-24;3;0
28;2025-12-24;4;1
28;2025-12-24;5;80
28;2025-12-24;6;258
28;2025-12-24;7;728
28;2025-12-24;8;1112
28;2025-12-24;9;800
28;2025-12-24;10;570
28;2025-12-24;11;526
28;2025-12-24;12;622
28;2025-12-24;13;667
28;2025-12-24;14;616
28;2025-12-24;15;640
28;2025-12-24;16;784
28;2025-12-24;17;893
28;2025-12-24;18;883
28;2025-12-24;19;677
28;2025-12-24;20;483
28;2025-12-24;21;311
28;2025-12-24;22;141
28;2025-12-24;23;12
28;2025-12-25;0;0
28;2025-12-25;1;0
28;2025-12-25;2;0
28;2025-12-25;3;0
28;2025-12-25;4;1
28;2025-12-25;5;80
28;2025-12-25;6;258
28;2025-12-25;7;728
28;2025-12-25;8;1108
28;2025-12-25;9;800
28;2025-12-25;10;569
28;2025-12-25;11;525
28;2025-12-25;12;622
28;2025-12-25;13;667
28;2025-12-25;14;615
28;2025-12-25;15;640
28;2025-12-25;16;783
28;2025-12-25;17;893
28;2025-12-25;18;883
28;2025-12-25;19;677
28;2025-12-25;20;483
28;2025-12-25;21;312
28;2025-12-25;22;140
28;2025-12-25;23;12
28;2025-12-26;0;0
28;2025-12-26;1;0
28;2025-12-26;2;0
28;2025-12-26;3;0
28;2025-12-26;4;1
28;2025-12-26;5;77
28;2025-12-26;6;242
28;2025-12-26;7;702
28;2025-12-26;8;1061
28;2025-12-26;9;752
28;2025-12-26;10;554
28;2025-12-26;11;513
28;2025-12-26;12;601
28;2025-12-26;13;628
28;2025-12-26;14;592
28;2025-12-26;15;600
28;2025-12-26;16;755
28;2025-12-26;17;840
28;2025-12-26;18;823
28;2025-12-26;19;644
28;2025-12-26;20;460
28;2025-12-26;21;298
28;2025-12-26;22;134
28;2025-12-26;23;12
28;2025-12-27;0;1
28;2025-12-27;1;0
28;2025-12-27;2;0
28;2025-12-27;3;0
28;2025-12-27;4;1
28;2025-12-27;5;38
28;2025-12-27;6;101
28;2025-12-27;7;204
28;2025-12-27;8;322
28;2025-12-27;9;414
28;2025-12-27;10;430
28;2025-12-27;11;436
28;2025-12-27;12;507
28;2025-12-27;13;544
28;2025-12-27;14;547
28;2025-12-27;15;537
28;2025-12-27;16;515
28;2025-12-27;17;517
28;2025-12-27;18;468
28;2025-12-27;19;401
28;2025-12-27;20;317
28;2025-12-27;21;267
28;2025-12-27;22;133
28;2025-12-27;23;16
28;2025-12-28;0;1
28;2025-12-28;1;0
28;2025-12-28;2;0
28;2025-12-28;3;0
28;2025-12-28;4;1
28;2025-12-28;5;30
28;2025-12-28;6;78
28;2025-12-28;7;140
28;2025-12-28;8;239
28;2025-12-28;9;310
28;2025-12-28;10;349
28;2025-12-28;11;363
28;2025-12-28;12;422
28;2025-12-28;13;478
28;2025-12-28;14;477
28;2025-12-28;15;479
28;2025-12-28;16;431
28;2025-12-28;17;427
28;2025-12-28;18;388
28;2025-12-28;19;340
28;2025-12-28;20;284
28;2025-12-28;21;233
28;2025-12-28;22;106
28;2025-12-28;23;12
28;2025-12-29;0;0
28;2025-12-29;1;0
28;2025-12-29;2;0
28;2025-12-29;3;0
28;2025-12-29;4;2
28;2025-12-29;5;73
28;2025-12-29;6;245
28;2025-12-29;7;714
28;2025-12-29;8;1077
28;2025-12-29;9;782
28;2025-12-29;10;559
28;2025-12-29;11;510
28;2025-12-29;12;611
28;2025-12-29;13;653
28;2025-12-29;14;593
28;2025-12-29;15;616
28;2025-12-29;16;774
28;2025-12-29;17;870
28;2025-12-29;18;861
28;2025-12-29;19;666
28;2025-12-29;20;459
28;2025-12-29;21;289
28;2025-12-29;22;123
28;2025-12-29;23;11
28;2025-12-30;0;0
28;2025-12-30;1;0
28;2025-12-30;2;0
28;2025-12-30;3;0
28;2025-12-30;4;4
28;2025-12-30;5;76
28;2025-12-30;6;258
28;2025-12-30;7;731
28;2025-12-30;8;1117
28;2025-12-30;9;802
28;2025-12-30;10;572
28;2025-12-30;11;527
28;2025-12-30;12;624
28;2025-12-30;13;669
28;2025-12-30;14;618
28;2025-12-30;15;642
28;2025-12-30;16;786
28;2025-12-30;17;895
28;2025-12-30;18;886
28;2025-12-30;19;679
28;2025-12-30;20;482
28;2025-12-30;21;306
28;2025-12-30;22;137
28;2025-12-30;23;12
28;2025-12-31;0;0
28;2025-12-31;1;0
28;2025-12-31;2;0
28;2025-12-31;3;0
28;2025-12-31;4;1
28;2025-12-31;5;80
28;2025-12-31;6;258
28;2025-12-31;7;728
28;2025-12-31;8;1112
28;2025-12-31;9;800
28;2025-12-31;10;570
28;2025-12-31;11;526
28;2025-12-31;12;622
28;2025-12-31;13;667
28;2025-12-31;14;616
28;2025-12-31;15;640
28;2025-12-31;16;784
28;2025-12-31;17;893
28;2025-12-31;18;883
28;2025-12-31;19;677
28;2025-12-31;20;483
28;2025-12-31;21;311
28;2025-12-31;22;141
28;2025-12-31;23;12
50;2025-11-01;0;59
50;2025-11-01;1;3
50;2025-11-01;2;0
50;2025-11-01;3;0
50;2025-11-01;4;0
50;2025-11-01;5;30
50;2025-11-01;6;166
50;2025-11-01;7;363
50;2025-11-01;8;571
50;2025-11-01;9;601
50;2025-11-01;10;595
50;2025-11-01;11;727
50;2025-11-01;12;735
50;2025-11-01;13;799
50;2025-11-01;14;805
50;2025-11-01;15;785
50;2025-11-01;16;797
50;2025-11-01;17;797
50;2025-11-01;18;743
50;2025-11-01;19;635
50;2025-11-01;20;510
50;2025-11-01;21;409
50;2025-11-01;22;243
50;2025-11-01;23;146
50;2025-11-02;0;49
50;2025-11-02;1;5
50;2025-11-02;2;0
50;2025-11-02;3;0
50;2025-11-02;4;0
50;2025-11-02;5;28
50;2025-11-02;6;131
50;2025-11-02;7;252
50;2025-11-02;8;363
50;2025-11-02;9;462
50;2025-11-02;10;486
50;2025-11-02;11;620
50;2025-11-02;12;675
50;2025-11-02;13;733
50;2025-11-02;14;752
50;2025-11-02;15;689
50;2025-11-02;16;691
50;2025-11-02;17;683
50;2025-11-02;18;608
50;2025-11-02;19;542
50;2025-11-02;20;422
50;2025-11-02;21;364
50;2025-11-02;22;207
50;2025-11-02;23;123
50;2025-11-03;0;33
50;2025-11-03;1;4
50;2025-11-03;2;0
50;2025-11-03;3;0
50;2025-11-03;4;2
50;2025-11-03;5;68
50;2025-11-03;6;535
50;2025-11-03;7;1701
50;2025-11-03;8;2631
50;2025-11-03;9;2028
50;2025-11-03;10;1526
50;2025-11-03;11;1437
50;2025-11-03;12;1353
50;2025-11-03;13;1350
50;2025-11-03;14;1298
50;2025-11-03;15;1454
50;2025-11-03;16;1609
50;2025-11-03;17;2136
50;2025-11-03;18;2247
50;2025-11-03;19;1348
50;2025-11-03;20;858
50;2025-11-03;21;590
50;2025-11-03;22;266
50;2025-11-03;23;137
50;2025-11-04;0;36
50;2025-11-04;1;3
50;2025-11-04;2;0
50;2025-11-04;3;0
50;2025-11-04;4;2
50;2025-11-04;5;71
50;2025-11-04;6;555
50;2025-11-04;7;1739
50;2025-11-04;8;2653
50;2025-11-04;9;2095
50;2025-11-04;10;1553
50;2025-11-04;11;1456
50;2025-11-04;12;1386
50;2025-11-04;13;1399
50;2025-11-04;14;1322
50;2025-11-04;15;1501
50;2025-11-04;16;1648
50;2025-11-04;17;2200
50;2025-11-04;18;2288
50;2025-11-04;19;1396
50;2025-11-04;20;874
50;2025-11-04;21;603
50;2025-11-04;22;283
50;2025-11-04;23;143
50;2025-11-05;0;36
50;2025-11-05;1;3
50;2025-11-05;2;0
50;2025-11-05;3;0
50;2025-11-05;4;2
50;2025-11-05;5;70
50;2025-11-05;6;550
50;2025-11-05;7;1737
50;2025-11-05;8;2647
50;2025-11-05;9;2075
50;2025-11-05;10;1551
50;2025-11-05;11;1455
50;2025-11-05;12;1383
50;2025-11-05;13;1393
50;2025-11-05;14;1320
50;2025-11-05;15;1487
50;2025-11-05;16;1643
50;2025-11-05;17;2174
50;2025-11-05;18;2276
50;2025-11-05;19;1393
50;2025-11-05;20;873
50;2025-11-05;21;608
50;2025-11-05;22;291
50;2025-11-05;23;148
50;2025-11-06;0;40
50;2025-11-06;1;3
50;2025-11-06;2;0
50;2025-11-06;3;0
50;2025-11-06;4;2
50;2025-11-06;5;68
50;2025-11-06;6;550
50;2025-11-06;7;1733
50;2025-11-06;8;2647
50;2025-11-06;9;2065
50;2025-11-06;10;1550
50;2025-11-06;11;1455
50;2025-11-06;12;1383
50;2025-11-06;13;1386
50;2025-11-06;14;1319
50;2025-11-06;15;1485
50;2025-11-06;16;1637
50;2025-11-06;17;2165
50;2025-11-06;18;2266
50;2025-11-06;19;1392
50;2025-11-06;20;873
50;2025-11-06;21;608
50;2025-11-06;22;290
50;2025-11-06;23;152
50;2025-11-07;0;39
50;2025-11-07;1;3
50;2025-11-07;2;0
50;2025-11-07;3;0
50;2025-11-07;4;3
50;2025-11-07;5;67
50;2025-11-07;6;535
50;2025-11-07;7;1699
50;2025-11-07;8;2587
50;2025-11-07;9;1993
50;2025-11-07;10;1523
50;2025-11-07;11;1439
50;2025-11-07;12;1353
50;2025-11-07;13;1356
50;2025-11-07;14;1294
50;2025-11-07;15;1467
50;2025-11-07;16;1633
50;2025-11-07;17;2084
50;2025-11-07;18;2056
50;2025-11-07;19;1343
50;2025-11-07;20;829
50;2025-11-07;21;599
50;2025-11-07;22;299
50;2025-11-07;23;155
50;2025-11-08;0;59
50;2025-11-08;1;3
50;2025-11-08;2;0
50;2025-11-08;3;0
50;2025-11-08;4;0
50;2025-11-08;5;30
50;2025-11-08;6;166
50;2025-11-08;7;363
50;2025-11-08;8;571
50;2025-11-08;9;601
50;2025-11-08;10;595
50;2025-11-08;11;727
50;2025-11-08;12;735
50;2025-11-08;13;799
50;2025-11-08;14;805
50;2025-11-08;15;785
50;2025-11-08;16;797
50;2025-11-08;17;797
50;2025-11-08;18;743
50;2025-11-08;19;635
50;2025-11-08;20;510
50;2025-11-08;21;409
50;2025-11-08;22;243
50;2025-11-08;23;146
50;2025-11-09;0;49
50;2025-11-09;1;5
50;2025-11-09;2;0
50;2025-11-09;3;0
50;2025-11-09;4;0
50;2025-11-09;5;28
50;2025-11-09;6;131
50;2025-11-09;7;252
50;2025-11-09;8;363
50;2025-11-09;9;462
50;2025-11-09;10;486
50;2025-11-09;11;620
50;2025-11-09;12;675
50;2025-11-09;13;733
50;2025-11-09;14;752
50;2025-11-09;15;689
50;2025-11-09;16;691
50;2025-11-09;17;683
50;2025-11-09;18;608
50;2025-11-09;19;542
50;2025-11-09;20;422
50;2025-11-09;21;364
50;2025-11-09;22;207
50;2025-11-09;23;123
50;2025-11-10;0;33
50;2025-11-10;1;4
50;2025-11-10;2;0
50;2025-11-10;3;0
50;2025-11-10;4;2
50;2025-11-10;5;68
50;2025-11-10;6;535
50;2025-11-10;7;1701
50;2025-11-10;8;2631
50;2025-11-10;9;2028
50;2025-11-10;10;1526
50;2025-11-10;11;1437
50;2025-11-10;12;1353
50;2025-11-10;13;1350
50;2025-11-10;14;1298
50;2025-11-10;15;1454
50;2025-11-10;16;1609
50;2025-11-10;17;2136
50;2025-11-10;18;2247
50;2025-11-10;19;1348
50;2025-11-10;20;858
50;2025-11-10;21;590
50;2025-11-10;22;266
50;2025-11-10;23;137
50;2025-11-11;0;36
50;2025-11-11;1;3
50;2025-11-11;2;0
50;2025-11-11;3;0
50;2025-11-11;4;2
50;2025-11-11;5;71
50;2025-11-11;6;555
50;2025-11-11;7;1739
50;2025-11-11;8;2653
50;2025-11-11;9;2095
50;2025-11-11;10;1553
50;2025-11-11;11;1456
50;2025-11-11;12;1386
50;2025-11-11;13;1399
50;2025-11-11;14;1322
50;2025-11-11;15;1501
50;2025-11-11;16;1648
50;2025-11-11;17;2200
50;2025-11-11;18;2288
50;2025-11-11;19;1396
50;2025-11-11;20;874
50;2025-11-11;21;603
50;2025-11-11;22;283
50;2025-11-11;23;143
50;2025-11-12;0;36
50;2025-11-12;1;3
50;2025-11-12;2;0
50;2025-11-12;3;0
50;2025-11-12;4;2
50;2025-11-12;5;70
50;2025-11-12;6;550
50;2025-11-12;7;1737
50;2025-11-12;8;2647
50;2025-11-12;9;2075
50;2025-11-12;10;1551
50;2025-11-12;11;1455
50;2025-11-12;12;1383
50;2025-11-12;13;1393
50;2025-11-12;14;1320
50;2025-11-12;15;1487
50;2025-11-12;16;1643
50;2025-11-12;17;2174
50;2025-11-12;18;2276
50;2025-11-12;19;1393
50;2025-11-12;20;873
50;2025-11-12;21;608
50;2025-11-12;22;291
50;2025-11-12;23;148
50;2025-11-13;0;40
50;2025-11-13;1;3
50;2025-11-13;2;0
50;2025-11-13;3;0
50;2025-11-13;4;2
50;2025-11-13;5;68
50;2025-11-13;6;550
50;2025-11-13;7;1733
50;2025-11-13;8;2647
50;2025-11-13;9;2065
50;2025-11-13;10;1550
50;2025-11-13;11;1455
50;2025-11-13;12;1383
50;2025-11-13;13;1386
50;2025-11-13;14;1319
50;2025-11-13;15;1485
50;2025-11-13;16;1637
50;2025-11-13;17;2165
50;2025-11-13;18;2266
50;2025-11-13;19;1392
50;2025-11-13;20;873
50;2025-11-13;21;608
50;2025-11-13;22;290
50;2025-11-13;23;152
50;2025-11-14;0;39
50;2025-11-14;1;3
50;2025-11-14;2;0
50;2025-11-14;3;0
50;2025-11-14;4;3
50;2025-11-14;5;67
50;2025-11-14;6;535
50;2025-11-14;7;1699
50;2025-11-14;8;2587
50;2025-11-14;9;1993
50;2025-11-14;10;1523
50;2025-11-14;11;1439
50;2025-11-14;12;1353
50;2025-11-14;13;1356
50;2025-11-14;14;1294
50;2025-11-14;15;1467
50;2025-11-14;16;1633
50;2025-11-14;17;2084
50;2025-11-14;18;2056
50;2025-11-14;19;1343
50;2025-11-14;20;829
50;2025-11-14;21;599
50;2025-11-14;22;299
50;2025-11-14;23;155
50;2025-11-15;0;59
50;2025-11-15;1;3
50;2025-11-15;2;0
50;2025-11-15;3;0
50;2025-11-15;4;0
50;2025-11-15;5;30
50;2025-11-15;6;166
50;2025-11-15;7;363
50;2025-11-15;8;571
50;2025-11-15;9;601
50;2025-11-15;10;595
50;2025-11-15;11;727
50;2025-11-15;12;735
50;2025-11-15;13;799
50;2025-11-15;14;805
50;2025-11-15;15;785
50;2025-11-15;16;797
50;2025-11-15;17;797
50;2025-11-15;18;743
50;2025-11-15;19;635
50;2025-11-15;20;510
50;2025-11-15;21;409
50;2025-11-15;22;243
50;2025-11-15;23;146
50;2025-11-16;0;49
50;2025-11-16;1;5
50;2025-11-16;2;0
50;2025-11-16;3;0
50;2025-11-16;4;0
50;2025-11-16;5;28
50;2025-11-16;6;131
50;2025-11-16;7;252
50;2025-11-16;8;363
50;2025-11-16;9;462
50;2025-11-16;10;486
50;2025-11-16;11;620
50;2025-11-16;12;675
50;2025-11-16;13;733
50;2025-11-16;14;752
50;2025-11-16;15;689
50;2025-11-16;16;691
50;2025-11-16;17;683
50;2025-11-16;18;608
50;2025-11-16;19;542
50;2025-11-16;20;422
50;2025-11-16;21;364
50;2025-11-16;22;207
50;2025-11-16;23;123
50;2025-11-17;0;33
50;2025-11-17;1;4
50;2025-11-17;2;0
50;2025-11-17;3;0
50;2025-11-17;4;2
50;2025-11-17;5;68
50;2025-11-17;6;535
50;2025-11-17;7;1701
50;2025-11-17;8;2631
50;2025-11-17;9;2028
50;2025-11-17;10;1526
50;2025-11-17;11;1437
50;2025-11-17;12;1353
50;2025-11-17;13;1350
50;2025-11-17;14;1298
50;2025-11-17;15;1454
50;2025-11-17;16;1609
50;2025-11-17;17;2136
50;2025-11-17;18;2247
50;2025-11-17;19;1348
50;2025-11-17;20;858
50;2025-11-17;21;590
50;2025-11-17;22;266
50;2025-11-17;23;137
50;2025-11-18;0;36
50;2025-11-18;1;3
50;2025-11-18;2;0
50;2025-11-18;3;0
50;2025-11-18;4;2
50;2025-11-18;5;71
50;2025-11-18;6;555
50;2025-11-18;7;1739
50;2025-11-18;8;2653
50;2025-11-18;9;2095
50;2025-11-18;10;1553
50;2025-11-18;11;1456
50;2025-11-18;12;1386
50;2025-11-18;13;1399
50;2025-11-18;14;1322
50;2025-11-18;15;1501
50;2025-11-18;16;1648
50;2025-11-18;17;2200
50;2025-11-18;18;2288
50;2025-11-18;19;1396
50;2025-11-18;20;874
50;2025-11-18;21;603
50;2025-11-18;22;283
50;2025-11-18;23;143
50;2025-11-19;0;36
50;2025-11-19;1;3
50;2025-11-19;2;0
50;2025-11-19;3;0
50;2025-11-19;4;2
50;2025-11-19;5;70
50;2025-11-19;6;550
50;2025-11-19;7;1737
50;2025-11-19;8;2647
50;2025-11-19;9;2075
50;2025-11-19;10;1551
50;2025-11-19;11;1455
50;2025-11-19;12;1383
50;2025-11-19;13;1393
50;2025-11-19;14;1320
50;2025-11-19;15;1487
50;2025-11-19;16;1643
50;2025-11-19;17;2174
50;2025-11-19;18;2276
50;2025-11-19;19;1393
50;2025-11-19;20;873
50;2025-11-19;21;608
50;2025-11-19;22;291
50;2025-11-19;23;148
50;2025-11-20;0;40
50;2025-11-20;1;3
50;2025-11-20;2;0
50;2025-11-20;3;0
50;2025-11-20;4;2
50;2025-11-20;5;68
50;2025-11-20;6;550
50;2025-11-20;7;1733
50;2025-11-20;8;2647
50;2025-11-20;9;2065
50;2025-11-20;10;1550
50;2025-11-20;11;1455
50;2025-11-20;12;1383
50;2025-11-20;13;1386
50;2025-11-20;14;1319
50;2025-11-20;15;1485
50;2025-11-20;16;1637
50;2025-11-20;17;2165
50;2025-11-20;18;2266
50;2025-11-20;19;1392
50;2025-11-20;20;873
50;2025-11-20;21;608
50;2025-11-20;22;290
50;2025-11-20;23;152
50;2025-11-21;0;39
50;2025-11-21;1;3
50;2025-11-21;2;0
50;2025-11-21;3;0
50;2025-11-21;4;3
50;2025-11-21;5;67
50;2025-11-21;6;535
50;2025-11-21;7;1699
50;2025-11-21;8;2587
50;2025-11-21;9;1993
50;2025-11-21;10;1523
50;2025-11-21;11;1439
50;2025-11-21;12;1353
50;2025-11-21;13;1356
50;2025-11-21;14;1294
50;2025-11-21;15;1467
50;2025-11-21;16;1633
50;2025-11-21;17;2084
50;2025-11-21;18;2056
50;2025-11-21;19;1343
50;2025-11-21;20;829
50;2025-11-21;21;599
50;2025-11-21;22;299
50;2025-11-21;23;155
50;2025-11-22;0;59
50;2025-11-22;1;3
50;2025-11-22;2;0
50;2025-11-22;3;0
50;2025-11-22;4;0
50;2025-11-22;5;30
50;2025-11-22;6;166
50;2025-11-22;7;363
50;2025-11-22;8;571
50;2025-11-22;9;601
50;2025-11-22;10;595
50;2025-11-22;11;727
50;2025-11-22;12;735
50;2025-11-22;13;799
50;2025-11-22;14;805
50;2025-11-22;15;785
50;2025-11-22;16;797
50;2025-11-22;17;797
50;2025-11-22;18;743
50;2025-11-22;19;635
50;2025-11-22;20;510
50;2025-11-22;21;409
50;2025-11-22;22;243
50;2025-11-22;23;146
50;2025-11-23;0;49
50;2025-11-23;1;5
50;2025-11-23;2;0
50;2025-11-23;3;0
50;2025-11-23;4;0
50;2025-11-23;5;28
50;2025-11-23;6;131
50;2025-11-23;7;252
50;2025-11-23;8;363
50;2025-11-23;9;462
50;2025-11-23;10;486
50;2025-11-23;11;620
50;2025-11-23;12;675
50;2025-11-23;13;733
50;2025-11-23;14;752
50;2025-11-23;15;689
50;2025-11-23;16;691
50;2025-11-23;17;683
50;2025-11-23;18;608
50;2025-11-23;19;542
50;2025-11-23;20;422
50;2025-11-23;21;364
50;2025-11-23;22;207
50;2025-11-23;23;123
50;2025-11-24;0;33
50;2025-11-24;1;4
50;2025-11-24;2;0
50;2025-11-24;3;0
50;2025-11-24;4;2
50;2025-11-24;5;68
50;2025-11-24;6;535
50;2025-11-24;7;1701
50;2025-11-24;8;2631
50;2025-11-24;9;2028
50;2025-11-24;10;1526
50;2025-11-24;11;1437
50;2025-11-24;12;1353
50;2025-11-24;13;1350
50;2025-11-24;14;1298
50;2025-11-24;15;1454
50;2025-11-24;16;1609
50;2025-11-24;17;2136
50;2025-11-24;18;2247
50;2025-11-24;19;1348
50;2025-11-24;20;858
50;2025-11-24;21;590
50;2025-11-24;22;266
50;2025-11-24;23;137
50;2025-11-25;0;36
50;2025-11-25;1;3
50;2025-11-25;2;0
50;2025-11-25;3;0
50;2025-11-25;4;2
50;2025-11-25;5;71
50;2025-11-25;6;555
50;2025-11-25;7;1739
50;2025-11-25;8;2653
50;2025-11-25;9;2095
50;2025-11-25;10;1553
50;2025-11-25;11;1456
50;2025-11-25;12;1386
50;2025-11-25;13;1399
50;2025-11-25;14;1322
50;2025-11-25;15;1501
50;2025-11-25;16;1648
50;2025-11-25;17;2200
50;2025-11-25;18;2288
50;2025-11-25;19;1396
50;2025-11-25;20;874
50;2025-11-25;21;603
50;2025-11-25;22;283
50;2025-11-25;23;143
50;2025-11-26;0;36
50;2025-11-26;1;3
50;2025-11-26;2;0
50;2025-11-26;3;0
50;2025-11-26;4;2
50;2025-11-26;5;70
50;2025-11-26;6;550
50;2025-11-26;7;1737
50;2025-11-26;8;2647
50;2025-11-26;9;2075
50;2025-11-26;10;1551
50;2025-11-26;11;1455
50;2025-11-26;12;1383
50;2025-11-26;13;1393
50;2025-11-26;14;1320
50;2025-11-26;15;1487
50;2025-11-26;16;1643
50;2025-11-26;17;2174
50;2025-11-26;18;2276
50;2025-11-26;19;1393
50;2025-11-26;20;873
50;2025-11-26;21;608
50;2025-11-26;22;291
50;2025-11-26;23;148
50;2025-11-27;0;40
50;2025-11-27;1;3
50;2025-11-27;2;0
50;2025-11-27;3;0
50;2025-11-27;4;2
50;2025-11-27;5;68
50;2025-11-27;6;550
50;2025-11-27;7;1733
50;2025-11-27;8;2647
50;2025-11-27;9;2065
50;2025-11-27;10;1550
50;2025-11-27;11;1455
50;2025-11-27;12;1383
50;2025-11-27;13;1386
50;2025-11-27;14;1319
50;2025-11-27;15;1485
50;2025-11-27;16;1637
50;2025-11-27;17;2165
50;2025-11-27;18;2266
50;2025-11-27;19;1392
50;2025-11-27;20;873
50;2025-11-27;21;608
50;2025-11-27;22;290
50;2025-11-27;23;152
50;2025-11-28;0;39
50;2025-11-28;1;3
50;2025-11-28;2;0
50;2025-11-28;3;0
50;2025-11-28;4;3
50;2025-11-28;5;67
50;2025-11-28;6;535
50;2025-11-28;7;1699
50;2025-11-28;8;2587
50;2025-11-28;9;1993
50;2025-11-28;10;1523
50;2025-11-28;11;1439
50;2025-11-28;12;1353
50;2025-11-28;13;1356
50;2025-11-28;14;1294
50;2025-11-28;15;1467
50;2025-11-28;16;1633
50;2025-11-28;17;2084
50;2025-11-28;18;2056
50;2025-11-28;19;1343
50;2025-11-28;20;829
50;2025-11-28;21;599
50;2025-11-28;22;299
50;2025-11-28;23;155
50;2025-11-29;0;59
50;2025-11-29;1;3
50;2025-11-29;2;0
50;2025-11-29;3;0
50;2025-11-29;4;0
50;2025-11-29;5;30
50;2025-11-29;6;166
50;2025-11-29;7;363
50;2025-11-29;8;571
50;2025-11-29;9;601
50;2025-11-29;10;595
50;2025-11-29;11;727
50;2025-11-29;12;735
50;2025-11-29;13;799
50;2025-11-29;14;805
50;2025-11-29;15;785
50;2025-11-29;16;797
50;2025-11-29;17;797
50;2025-11-29;18;743
50;2025-11-29;19;635
50;2025-11-29;20;510
50;2025-11-29;21;409
50;2025-11-29;22;243
50;2025-11-29;23;146
50;2025-11-30;0;49
50;2025-11-30;1;5
50;2025-11-30;2;0
50;2025-11-30;3;0
50;2025-11-30;4;0
50;2025-11-30;5;28
50;2025-11-30;6;131
50;2025-11-30;7;252
50;2025-11-30;8;363
50;2025-11-30;9;462
50;2025-11-30;10;486
50;2025-11-30;11;620
50;2025-11-30;12;675
50;2025-11-30;13;733
50;2025-11-30;14;752
50;2025-11-30;15;689
50;2025-11-30;16;691
50;2025-11-30;17;683
50;2025-11-30;18;608
50;2025-11-30;19;542
50;2025-11-30;20;422
50;2025-11-30;21;364
50;2025-11-30;22;207
50;2025-11-30;23;123
50;2025-12-01;0;33
50;2025-12-01;1;4
50;2025-12-01;2;0
50;2025-12-01;3;0
50;2025-12-01;4;2
50;2025-12-01;5;68
50;2025-12-01;6;535
50;2025-12-01;7;1701
50;2025-12-01;8;2631
50;2025-12-01;9;2028
50;2025-12-01;10;1526
50;2025-12-01;11;1437
50;2025-12-01;12;1353
50;2025-12-01;13;1350
50;2025-12-01;14;1298
50;2025-12-01;15;1454
50;2025-12-01;16;1609
50;2025-12-01;17;2136
50;2025-12-01;18;2247
50;2025-12-01;19;1348
50;2025-12-01;20;858
50;2025-12-01;21;590
50;2025-12-01;22;266
50;2025-12-01;23;137
50;2025-12-02;0;36
50;2025-12-02;1;3
50;2025-12-02;2;0
50;2025-12-02;3;0
50;2025-12-02;4;2
50;2025-12-02;5;71
50;2025-12-02;6;555
50;2025-12-02;7;1739
50;2025-12-02;8;2653
50;2025-12-02;9;2095
50;2025-12-02;10;1553
50;2025-12-02;11;1456
50;2025-12-02;12;1386
50;2025-12-02;13;1399
50;2025-12-02;14;1322
50;2025-12-02;15;1501
50;2025-12-02;16;1648
50;2025-12-02;17;2200
50;2025-12-02;18;2288
50;2025-12-02;19;1396
50;2025-12-02;20;874
50;2025-12-02;21;603
50;2025-12-02;22;283
50;2025-12-02;23;143
50;2025-12-03;0;36
50;2025-12-03;1;3
50;2025-12-03;2;0
50;2025-12-03;3;0
50;2025-12-03;4;2
50;2025-12-03;5;70
50;2025-12-03;6;550
50;2025-12-03;7;1737
50;2025-12-03;8;2647
50;2025-12-03;9;2075
50;2025-12-03;10;1551
50;2025-12-03;11;1455
50;2025-12-03;12;1383
50;2025-12-03;13;1393
50;2025-12-03;14;1320
50;2025-12-03;15;1487
50;2025-12-03;16;1643
50;2025-12-03;17;2174
50;2025-12-03;18;2276
50;2025-12-03;19;1393
50;2025-12-03;20;873
50;2025-12-03;21;608
50;2025-12-03;22;291
50;2025-12-03;23;148
50;2025-12-04;0;40
50;2025-12-04;1;3
50;2025-12-04;2;0
50;2025-12-04;3;0
50;2025-12-04;4;2
50;2025-12-04;5;68
50;2025-12-04;6;550
50;2025-12-04;7;1733
50;2025-12-04;8;2647
50;2025-12-04;9;2065
50;2025-12-04;10;1550
50;2025-12-04;11;1455
50;2025-12-04;12;1383
50;2025-12-04;13;1386
50;2025-12-04;14;1319
50;2025-12-04;15;1485
50;2025-12-04;16;1637
50;2025-12-04;17;2165
50;2025-12-04;18;2266
50;2025-12-04;19;1392
50;2025-12-04;20;873
50;2025-12-04;21;608
50;2025-12-04;22;290
50;2025-12-04;23;152
50;2025-12-05;0;39
50;2025-12-05;1;3
50;2025-12-05;2;0
50;2025-12-05;3;0
50;2025-12-05;4;3
50;2025-12-05;5;67
50;2025-12-05;6;535
50;2025-12-05;7;1699
50;2025-12-05;8;2587
50;2025-12-05;9;1993
50;2025-12-05;10;1523
50;2025-12-05;11;1439
50;2025-12-05;12;1353
50;2025-12-05;13;1356
50;2025-12-05;14;1294
50;2025-12-05;15;1467
50;2025-12-05;16;1633
50;2025-12-05;17;2084
50;2025-12-05;18;2056
50;2025-12-05;19;1343
50;2025-12-05;20;829
50;2025-12-05;21;599
50;2025-12-05;22;299
50;2025-12-05;23;155
50;2025-12-06;0;59
50;2025-12-06;1;3
50;2025-12-06;2;0
50;2025-12-06;3;0
50;2025-12-06;4;0
50;2025-12-06;5;30
50;2025-12-06;6;166
50;2025-12-06;7;363
50;2025-12-06;8;571
50;2025-12-06;9;601
50;2025-12-06;10;595
50;2025-12-06;11;727
50;2025-12-06;12;735
50;2025-12-06;13;799
50;2025-12-06;14;805
50;2025-12-06;15;785
50;2025-12-06;16;797
50;2025-12-06;17;797
50;2025-12-06;18;743
50;2025-12-06;19;635
50;2025-12-06;20;510
50;2025-12-06;21;409
50;2025-12-06;22;243
50;2025-12-06;23;146
50;2025-12-07;0;49
50;2025-12-07;1;5
50;2025-12-07;2;0
50;2025-12-07;3;0
50;2025-12-07;4;0
50;2025-12-07;5;28
50;2025-12-07;6;131
50;2025-12-07;7;252
50;2025-12-07;8;363
50;2025-12-07;9;462
50;2025-12-07;10;486
50;2025-12-07;11;620
50;2025-12-07;12;675
50;2025-12-07;13;733
50;2025-12-07;14;752
50;2025-12-07;15;689
50;2025-12-07;16;691
50;2025-12-07;17;683
50;2025-12-07;18;608
50;2025-12-07;19;542
50;2025-12-07;20;422
50;2025-12-07;21;364
50;2025-12-07;22;207
50;2025-12-07;23;123
50;2025-12-08;0;33
50;2025-12-08;1;4
50;2025-12-08;2;0
50;2025-12-08;3;0
50;2025-12-08;4;2
50;2025-12-08;5;68
50;2025-12-08;6;535
50;2025-12-08;7;1701
50;2025-12-08;8;2631
50;2025-12-08;9;2028
50;2025-12-08;10;1526
50;2025-12-08;11;1437
50;2025-12-08;12;1353
50;2025-12-08;13;1350
50;2025-12-08;14;1298
50;2025-12-08;15;1454
50;2025-12-08;16;1609
50;2025-12-08;17;2136
50;2025-12-08;18;2247
50;2025-12-08;19;1348
50;2025-12-08;20;858
50;2025-12-08;21;590
50;2025-12-08;22;266
50;2025-12-08;23;137
50;2025-12-09;0;36
50;2025-12-09;1;3
50;2025-12-09;2;0
50;2025-12-09;3;0
50;2025-12-09;4;2
50;2025-12-09;5;71
50;2025-12-09;6;555
50;2025-12-09;7;1739
50;2025-12-09;8;2653
50;2025-12-09;9;2095
50;2025-12-09;10;1553
50;2025-12-09;11;1456
50;2025-12-09;12;1386
50;2025-12-09;13;1399
50;2025-12-09;14;1322
50;2025-12-09;15;1501
50;2025-12-09;16;1648
50;2025-12-09;17;2200
50;2025-12-09;18;2288
50;2025-12-09;19;1396
50;2025-12-09;20;874
50;2025-12-09;21;603
50;2025-12-09;22;283
50;2025-12-09;23;143
50;2025-12-10;0;36
50;2025-12-10;1;3
50;2025-12-10;2;0
50;2025-12-10;3;0
50;2025-12-10;4;2
50;2025-12-10;5;70
50;2025-12-10;6;550
50;2025-12-10;7;1737
50;2025-12-10;8;2647
50;2025-12-10;9;2075
50;2025-12-10;10;1551
50;2025-12-10;11;1455
50;2025-12-10;12;1383
50;2025-12-10;13;1393
50;2025-12-10;14;1320
50;2025-12-10;15;1487
50;2025-12-10;16;1643
50;2025-12-10;17;2174
50;2025-12-10;18;2276
50;2025-12-10;19;1393
50;2025-12-10;20;873
50;2025-12-10;21;608
50;2025-12-10;22;291
50;2025-12-10;23;148
50;2025-12-11;0;40
50;2025-12-11;1;3
50;2025-12-11;2;0
50;2025-12-11;3;0
50;2025-12-11;4;2
50;2025-12-11;5;68
50;2025-12-11;6;550
50;2025-12-11;7;1733
50;2025-12-11;8;2647
50;2025-12-11;9;2065
50;2025-12-11;10;1550
50;2025-12-11;11;1455
50;2025-12-11;12;1383
50;2025-12-11;13;1386
50;2025-12-11;14;1319
50;2025-12-11;15;1485
50;2025-12-11;16;1637
50;2025-12-11;17;2165
50;2025-12-11;18;2266
50;2025-12-11;19;1392
50;2025-12-11;20;873
50;2025-12-11;21;608
50;2025-12-11;22;290
50;2025-12-11;23;152
50;2025-12-12;0;39
50;2025-12-12;1;3
50;2025-12-12;2;0
50;2025-12-12;3;0
50;2025-12-12;4;3
50;2025-12-12;5;67
50;2025-12-12;6;535
50;2025-12-12;7;1699
50;2025-12-12;8;2587
50;2025-12-12;9;1993
50;2025-12-12;10;1523
50;2025-12-12;11;1439
50;2025-12-12;12;1353
50;2025-12-12;13;1356
50;2025-12-12;14;1294
50;2025-12-12;15;1467
50;2025-12-12;16;1633
50;2025-12-12;17;2084
50;2025-12-12;18;2056
50;2025-12-12;19;1343
50;2025-12-12;20;829
50;2025-12-12;21;599
50;2025-12-12;22;299
50;2025-12-12;23;155
50;2025-12-13;0;59
50;2025-12-13;1;3
50;2025-12-13;2;0
50;2025-12-13;3;0
50;2025-12-13;4;0
50;2025-12-13;5;30
50;2025-12-13;6;166
50;2025-12-13;7;363
50;2025-12-13;8;571
50;2025-12-13;9;601
50;2025-12-13;10;595
50;2025-12-13;11;727
50;2025-12-13;12;735
50;2025-12-13;13;799
50;2025-12-13;14;805
50;2025-12-13;15;785
50;2025-12-13;16;797
50;2025-12-13;17;797
50;2025-12-13;18;743
50;2025-12-13;19;635
50;2025-12-13;20;510
50;2025-12-13;21;409
50;2025-12-13;22;243
50;2025-12-13;23;146
50;2025-12-14;0;49
50;2025-12-14;1;5
50;2025-12-14;2;0
50;2025-12-14;3;0
50;2025-12-14;4;0
50;2025-12-14;5;28
50;2025-12-14;6;131
50;2025-12-14;7;252
50;2025-12-14;8;363
50;2025-12-14;9;462
50;2025-12-14;10;486
50;2025-12-14;11;620
50;2025-12-14;12;675
50;2025-12-14;13;733
50;2025-12-14;14;752
50;2025-12-14;15;689
50;2025-12-14;16;691
50;2025-12-14;17;683
50;2025-12-14;18;608
50;2025-12-14;19;542
50;2025-12-14;20;422
50;2025-12-14;21;364
50;2025-12-14;22;207
50;2025-12-14;23;123
50;2025-12-15;0;33
50;2025-12-15;1;4
50;2025-12-15;2;0
50;2025-12-15;3;0
50;2025-12-15;4;2
50;2025-12-15;5;68
50;2025-12-15;6;535
50;2025-12-15;7;1701
50;2025-12-15;8;2631
50;2025-12-15;9;2028
50;2025-12-15;10;1526
50;2025-12-15;11;1437
50;2025-12-15;12;1353
50;2025-12-15;13;1350
50;2025-12-15;14;1298
50;2025-12-15;15;1454
50;2025-12-15;16;1609
50;2025-12-15;17;2136
50;2025-12-15;18;2247
50;2025-12-15;19;1348
50;2025-12-15;20;858
50;2025-12-15;21;590
50;2025-12-15;22;266
50;2025-12-15;23;137
50;2025-12-16;0;36
50;2025-12-16;1;3
50;2025-12-16;2;0
50;2025-12-16;3;0
50;2025-12-16;4;2
50;2025-12-16;5;71
50;2025-12-16;6;555
50;2025-12-16;7;1739
50;2025-12-16;8;2653
50;2025-12-16;9;2095
50;2025-12-16;10;1553
50;2025-12-16;11;1456
50;2025-12-16;12;1386
50;2025-12-16;13;1399
50;2025-12-16;14;1322
50;2025-12-16;15;1501
50;2025-12-16;16;1648
50;2025-12-16;17;2200
50;2025-12-16;18;2288
50;2025-12-16;19;1396
50;2025-12-16;20;874
50;2025-12-16;21;603
50;2025-12-16;22;283
50;2025-12-16;23;143
50;2025-12-17;0;36
50;2025-12-17;1;3
50;2025-12-17;2;0
50;2025-12-17;3;0
50;2025-12-17;4;2
50;2025-12-17;5;70
50;2025-12-17;6;550
50;2025-12-17;7;1737
50;2025-12-17;8;2647
50;2025-12-17;9;2075
50;2025-12-17;10;1551
50;2025-12-17;11;1455
50;2025-12-17;12;1383
50;2025-12-17;13;1393
50;2025-12-17;14;1320
50;2025-12-17;15;1487
50;2025-12-17;16;1643
50;2025-12-17;17;2174
50;2025-12-17;18;2276
50;2025-12-17;19;1393
50;2025-12-17;20;873
50;2025-12-17;21;608
50;2025-12-17;22;291
50;2025-12-17;23;148
50;2025-12-18;0;40
50;2025-12-18;1;3
50;2025-12-18;2;0
50;2025-12-18;3;0
50;2025-12-18;4;2
50;2025-12-18;5;68
50;2025-12-18;6;550
50;2025-12-18;7;1733
50;2025-12-18;8;2647
50;2025-12-18;9;2065
50;2025-12-18;10;1550
50;2025-12-18;11;1455
50;2025-12-18;12;1383
50;2025-12-18;13;1386
50;2025-12-18;14;1319
50;2025-12-18;15;1485
50;2025-12-18;16;1637
50;2025-12-18;17;2165
50;2025-12-18;18;2266
50;2025-12-18;19;1392
50;2025-12-18;20;873
50;2025-12-18;21;608
50;2025-12-18;22;290
50;2025-12-18;23;152
50;2025-12-19;0;39
50;2025-12-19;1;3
50;2025-12-19;2;0
50;2025-12-19;3;0
50;2025-12-19;4;3
50;2025-12-19;5;67
50;2025-12-19;6;535
50;2025-12-19;7;1699
50;2025-12-19;8;2587
50;2025-12-19;9;1993
50;2025-12-19;10;1523
50;2025-12-19;11;1439
50;2025-12-19;12;1353
50;2025-12-19;13;1356
50;2025-12-19;14;1294
50;2025-12-19;15;1467
50;2025-12-19;16;1633
50;2025-12-19;17;2084
50;2025-12-19;18;2056
50;2025-12-19;19;1343
50;2025-12-19;20;829
50;2025-12-19;21;599
50;2025-12-19;22;299
50;2025-12-19;23;155
50;2025-12-20;0;59
50;2025-12-20;1;3
50;2025-12-20;2;0
50;2025-12-20;3;0
50;2025-12-20;4;0
50;2025-12-20;5;30
50;2025-12-20;6;166
50;2025-12-20;7;363
50;2025-12-20;8;571
50;2025-12-20;9;601
50;2025-12-20;10;595
50;2025-12-20;11;727
50;2025-12-20;12;735
50;2025-12-20;13;799
50;2025-12-20;14;805
50;2025-12-20;15;785
50;2025-12-20;16;797
50;2025-12-20;17;797
50;2025-12-20;18;743
50;2025-12-20;19;635
50;2025-12-20;20;510
50;2025-12-20;21;409
50;2025-12-20;22;243
50;2025-12-20;23;146
50;2025-12-21;0;49
50;2025-12-21;1;5
50;2025-12-21;2;0
50;2025-12-21;3;0
50;2025-12-21;4;0
50;2025-12-21;5;28
50;2025-12-21;6;131
50;2025-12-21;7;252
50;2025-12-21;8;363
50;2025-12-21;9;462
50;2025-12-21;10;486
50;2025-12-21;11;620
50;2025-12-21;12;675
50;2025-12-21;13;733
50;2025-12-21;14;752
50;2025-12-21;15;689
50;2025-12-21;16;691
50;2025-12-21;17;683
50;2025-12-21;18;608
50;2025-12-21;19;542
50;2025-12-21;20;422
50;2025-12-21;21;364
50;2025-12-21;22;207
50;2025-12-21;23;123
50;2025-12-22;0;33
50;2025-12-22;1;4
50;2025-12-22;2;0
50;2025-12-22;3;0
50;2025-12-22;4;2
50;2025-12-22;5;68
50;2025-12-22;6;535
50;2025-12-22;7;1701
50;2025-12-22;8;2631
50;2025-12-22;9;2028
50;2025-12-22;10;1526
50;2025-12-22;11;1437
50;2025-12-22;12;1353
50;2025-12-22;13;1350
50;2025-12-22;14;1298
50;2025-12-22;15;1454
50;2025-12-22;16;1609
50;2025-12-22;17;2136
50;2025-12-22;18;2247
50;2025-12-22;19;1348
50;2025-12-22;20;858
50;2025-12-22;21;590
50;2025-12-22;22;266
50;2025-12-22;23;137
50;2025-12-23;0;36
50;2025-12-23;1;3
50;2025-12-23;2;0
50;2025-12-23;3;0
50;2025-12-23;4;2
50;2025-12-23;5;71
50;2025-12-23;6;555
50;2025-12-23;7;1739
50;2025-12-23;8;2653
50;2025-12-23;9;2095
50;2025-12-23;10;1553
50;2025-12-23;11;1456
50;2025-12-23;12;1386
50;2025-12-23;13;1399
50;2025-12-23;14;1322
50;2025-12-23;15;1501
50;2025-12-23;16;1648
50;2025-12-23;17;2200
50;2025-12-23;18;2288
50;2025-12-23;19;1396
50;2025-12-23;20;874
50;2025-12-23;21;603
50;2025-12-23;22;283
50;2025-12-23;23;143
50;2025-12-24;0;36
50;2025-12-24;1;3
50;2025-12-24;2;0
50;2025-12-24;3;0
50;2025-12-24;4;2
50;2025-12-24;5;70
50;2025-12-24;6;550
50;2025-12-24;7;1737
50;2025-12-24;8;2647
50;2025-12-24;9;2075
50;2025-12-24;10;1551
50;2025-12-24;11;1455
50;2025-12-24;12;1383
50;2025-12-24;13;1393
50;2025-12-24;14;1320
50;2025-12-24;15;1487
50;2025-12-24;16;1643
50;2025-12-24;17;2174
50;2025-12-24;18;2276
50;2025-12-24;19;1393
50;2025-12-24;20;873
50;2025-12-24;21;608
50;2025-12-24;22;291
50;2025-12-24;23;148
50;2025-12-25;0;40
50;2025-12-25;1;3
50;2025-12-25;2;0
50;2025-12-25;3;0
50;2025-12-25;4;2
50;2025-12-25;5;68
50;2025-12-25;6;550
50;2025-12-25;7;1733
50;2025-12-25;8;2647
50;2025-12-25;9;2065
50;2025-12-25;10;1550
50;2025-12-25;11;1455
50;2025-12-25;12;1383
50;2025-12-25;13;1386
50;2025-12-25;14;1319
50;2025-12-25;15;1485
50;2025-12-25;16;1637
50;2025-12-25;17;2165
50;2025-12-25;18;2266
50;2025-12-25;19;1392
50;2025-12-25;20;873
50;2025-12-25;21;608
50;2025-12-25;22;290
50;2025-12-25;23;152
50;2025-12-26;0;39
50;2025-12-26;1;3
50;2025-12-26;2;0
50;2025-12-26;3;0
50;2025-12-26;4;3
50;2025-12-26;5;67
50;2025-12-26;6;535
50;2025-12-26;7;1699
50;2025-12-26;8;2587
50;2025-12-26;9;1993
50;2025-12-26;10;1523
50;2025-12-26;11;1439
50;2025-12-26;12;1353
50;2025-12-26;13;1356
50;2025-12-26;14;1294
50;2025-12-26;15;1467
50;2025-12-26;16;1633
50;2025-12-26;17;2084
50;2025-12-26;18;2056
50;2025-12-26;19;1343
50;2025-12-26;20;829
50;2025-12-26;21;599
50;2025-12-26;22;299
50;2025-12-26;23;155
50;2025-12-27;0;59
50;2025-12-27;1;3
50;2025-12-27;2;0
50;2025-12-27;3;0
50;2025-12-27;4;0
50;2025-12-27;5;30
50;2025-12-27;6;166
50;2025-12-27;7;363
50;2025-12-27;8;571
50;2025-12-27;9;601
50;2025-12-27;10;595
50;2025-12-27;11;727
50;2025-12-27;12;735
50;2025-12-27;13;799
50;2025-12-27;14;805
50;2025-12-27;15;785
50;2025-12-27;16;797
50;2025-12-27;17;797
50;2025-12-27;18;743
50;2025-12-27;19;635
50;2025-12-27;20;510
50;2025-12-27;21;409
50;2025-12-27;22;243
50;2025-12-27;23;146
50;2025-12-28;0;49
50;2025-12-28;1;5
50;2025-12-28;2;0
50;2025-12-28;3;0
50;2025-12-28;4;0
50;2025-12-28;5;28
50;2025-12-28;6;131
50;2025-12-28;7;252
50;2025-12-28;8;363
50;2025-12-28;9;462
50;2025-12-28;10;486
50;2025-12-28;11;620
50;2025-12-28;12;675
50;2025-12-28;13;733
50;2025-12-28;14;752
50;2025-12-28;15;689
50;2025-12-28;16;691
50;2025-12-28;17;683
50;2025-12-28;18;608
50;2025-12-28;19;542
50;2025-12-28;20;422
50;2025-12-28;21;364
50;2025-12-28;22;207
50;2025-12-28;23;123
50;2025-12-29;0;33
50;2025-12-29;1;4
50;2025-12-29;2;0
50;2025-12-29;3;0
50;2025-12-29;4;2
50;2025-12-29;5;68
50;2025-12-29;6;535
50;2025-12-29;7;1701
50;2025-12-29;8;2631
50;2025-12-29;9;2028
50;2025-12-29;10;1526
50;2025-12-29;11;1437
50;2025-12-29;12;1353
50;2025-12-29;13;1350
50;2025-12-29;14;1298
50;2025-12-29;15;1454
50;2025-12-29;16;1609
50;2025-12-29;17;2136
50;2025-12-29;18;2247
50;2025-12-29;19;1348
50;2025-12-29;20;858
50;2025-12-29;21;590
50;2025-12-29;22;266
50;2025-12-29;23;137
50;2025-12-30;0;36
50;2025-12-30;1;3
50;2025-12-30;2;0
50;2025-12-30;3;0
50;2025-12-30;4;2
50;2025-12-30;5;71
50;2025-12-30;6;555
50;2025-12-30;7;1739
50;2025-12-30;8;2653
50;2025-12-30;9;2095
50;2025-12-30;10;1553
50;2025-12-30;11;1456
50;2025-12-30;12;1386
50;2025-12-30;13;1399
50;2025-12-30;14;1322
50;2025-12-30;15;1501
50;2025-12-30;16;1648
50;2025-12-30;17;2200
50;2025-12-30;18;2288
50;2025-12-30;19;1396
50;2025-12-30;20;874
50;2025-12-30;21;603
50;2025-12-30;22;283
50;2025-12-30;23;143
50;2025-12-31;0;36
50;2025-12-31;1;3
50;2025-12-31;2;0
50;2025-12-31;3;0
50;2025-12-31;4;2
50;2025-12-31;5;70
50;2025-12-31;6;550
50;2025-12-31;7;1737
50;2025-12-31;8;2647
50;2025-12-31;9;2075
50;2025-12-31;10;1551
50;2025-12-31;11;1455
50;2025-12-31;12;1383
50;2025-12-31;13;1393
50;2025-12-31;14;1320
50;2025-12-31;15;1487
50;2025-12-31;16;1643
50;2025-12-31;17;2174
50;2025-12-31;18;2276
50;2025-12-31;19;1393
50;2025-12-31;20;873
50;2025-12-31;21;608
50;2025-12-31;22;291
50;2025-12-31;23;148
