route;date;hour;prediction
1;2025-11-01;0;10
1;2025-11-01;1;0
1;2025-11-01;2;0
1;2025-11-01;3;0
1;2025-11-01;4;2
1;2025-11-01;5;53
1;2025-11-01;6;181
1;2025-11-01;7;429
1;2025-11-01;8;1316
1;2025-11-01;9;1424
1;2025-11-01;10;1395
1;2025-11-01;11;1448
1;2025-11-01;12;1493
1;2025-11-01;13;1540
1;2025-11-01;14;1525
1;2025-11-01;15;1548
1;2025-11-01;16;1534
1;2025-11-01;17;1666
1;2025-11-01;18;1600
1;2025-11-01;19;1310
1;2025-11-01;20;839
1;2025-11-01;21;391
1;2025-11-01;22;216
1;2025-11-01;23;77
1;2025-11-02;0;0
1;2025-11-02;1;0
1;2025-11-02;2;0
1;2025-11-02;3;0
1;2025-11-02;4;1
1;2025-11-02;5;25
1;2025-11-02;6;124
1;2025-11-02;7;266
1;2025-11-02;8;374
1;2025-11-02;9;594
1;2025-11-02;10;725
1;2025-11-02;11;707
1;2025-11-02;12;875
1;2025-11-02;13;922
1;2025-11-02;14;869
1;2025-11-02;15;758
1;2025-11-02;16;679
1;2025-11-02;17;644
1;2025-11-02;18;569
1;2025-11-02;19;478
1;2025-11-02;20;367
1;2025-11-02;21;269
1;2025-11-02;22;116
1;2025-11-02;23;32
1;2025-11-03;0;0
1;2025-11-03;1;0
1;2025-11-03;2;0
1;2025-11-03;3;0
1;2025-11-03;4;0
1;2025-11-03;5;82
1;2025-11-03;6;244
1;2025-11-03;7;567
1;2025-11-03;8;601
1;2025-11-03;9;601
1;2025-11-03;10;675
1;2025-11-03;11;619
1;2025-11-03;12;790
1;2025-11-03;13;837
1;2025-11-03;14;805
1;2025-11-03;15;748
1;2025-11-03;16;675
1;2025-11-03;17;718
1;2025-11-03;18;671
1;2025-11-03;19;559
1;2025-11-03;20;401
1;2025-11-03;21;335
1;2025-11-03;22;169
1;2025-11-03;23;20
1;2025-11-04;0;0
1;2025-11-04;1;0
1;2025-11-04;2;0
1;2025-11-04;3;0
1;2025-11-04;4;0
1;2025-11-04;5;52
1;2025-11-04;6;217
1;2025-11-04;7;493
1;2025-11-04;8;458
1;2025-11-04;9;523
1;2025-11-04;10;613
1;2025-11-04;11;549
1;2025-11-04;12;744
1;2025-11-04;13;777
1;2025-11-04;14;757
1;2025-11-04;15;694
1;2025-11-04;16;598
1;2025-11-04;17;622
1;2025-11-04;18;569
1;2025-11-04;19;471
1;2025-11-04;20;366
1;2025-11-04;21;318
1;2025-11-04;22;166
1;2025-11-04;23;24
1;2025-11-05;0;5
1;2025-11-05;1;0
1;2025-11-05;2;0
1;2025-11-05;3;0
1;2025-11-05;4;9
1;2025-11-05;5;134
1;2025-11-05;6;532
1;2025-11-05;7;1484
1;2025-11-05;8;1894
1;2025-11-05;9;1463
1;2025-11-05;10;1344
1;2025-11-05;11;1366
1;2025-11-05;12;1395
1;2025-11-05;13;1429
1;2025-11-05;14;1385
1;2025-11-05;15;1524
1;2025-11-05;16;1523
1;2025-11-05;17;1772
1;2025-11-05;18;1774
1;2025-11-05;19;1386
1;2025-11-05;20;884
1;2025-11-05;21;493
1;2025-11-05;22;252
1;2025-11-05;23;46
1;2025-11-06;0;6
1;2025-11-06;1;0
1;2025-11-06;2;0
1;2025-11-06;3;0
1;2025-11-06;4;9
1;2025-11-06;5;135
1;2025-11-06;6;533
1;2025-11-06;7;1478
1;2025-11-06;8;1892
1;2025-11-06;9;1467
1;2025-11-06;10;1346
1;2025-11-06;11;1368
1;2025-11-06;12;1397
1;2025-11-06;13;1430
1;2025-11-06;14;1393
1;2025-11-06;15;1523
1;2025-11-06;16;1524
1;2025-11-06;17;1773
1;2025-11-06;18;1775
1;2025-11-06;19;1387
1;2025-11-06;20;888
1;2025-11-06;21;494
1;2025-11-06;22;253
1;2025-11-06;23;48
1;2025-11-07;0;6
1;2025-11-07;1;0
1;2025-11-07;2;0
1;2025-11-07;3;0
1;2025-11-07;4;7
1;2025-11-07;5;132
1;2025-11-07;6;528
1;2025-11-07;7;1465
1;2025-11-07;8;1873
1;2025-11-07;9;1432
1;2025-11-07;10;1311
1;2025-11-07;11;1355
1;2025-11-07;12;1381
1;2025-11-07;13;1417
1;2025-11-07;14;1388
1;2025-11-07;15;1523
1;2025-11-07;16;1519
1;2025-11-07;17;1761
1;2025-11-07;18;1692
1;2025-11-07;19;1301
1;2025-11-07;20;855
1;2025-11-07;21;488
1;2025-11-07;22;250
1;2025-11-07;23;51
1;2025-11-08;0;7
1;2025-11-08;1;0
1;2025-11-08;2;0
1;2025-11-08;3;0
1;2025-11-08;4;1
1;2025-11-08;5;36
1;2025-11-08;6;170
1;2025-11-08;7;362
1;2025-11-08;8;495
1;2025-11-08;9;702
1;2025-11-08;10;813
1;2025-11-08;11;779
1;2025-11-08;12;938
1;2025-11-08;13;990
1;2025-11-08;14;956
1;2025-11-08;15;844
1;2025-11-08;16;765
1;2025-11-08;17;729
1;2025-11-08;18;638
1;2025-11-08;19;578
1;2025-11-08;20;446
1;2025-11-08;21;323
1;2025-11-08;22;140
1;2025-11-08;23;44
1;2025-11-09;0;0
1;2025-11-09;1;0
1;2025-11-09;2;0
1;2025-11-09;3;0
1;2025-11-09;4;1
1;2025-11-09;5;25
1;2025-11-09;6;124
1;2025-11-09;7;266
1;2025-11-09;8;374
1;2025-11-09;9;594
1;2025-11-09;10;725
1;2025-11-09;11;707
1;2025-11-09;12;875
1;2025-11-09;13;922
1;2025-11-09;14;869
1;2025-11-09;15;758
1;2025-11-09;16;679
1;2025-11-09;17;644
1;2025-11-09;18;569
1;2025-11-09;19;478
1;2025-11-09;20;367
1;2025-11-09;21;269
1;2025-11-09;22;116
1;2025-11-09;23;32
1;2025-11-10;0;0
1;2025-11-10;1;0
1;2025-11-10;2;0
1;2025-11-10;3;0
1;2025-11-10;4;9
1;2025-11-10;5;124
1;2025-11-10;6;516
1;2025-11-10;7;1460
1;2025-11-10;8;1863
1;2025-11-10;9;1432
1;2025-11-10;10;1301
1;2025-11-10;11;1337
1;2025-11-10;12;1364
1;2025-11-10;13;1393
1;2025-11-10;14;1360
1;2025-11-10;15;1499
1;2025-11-10;16;1508
1;2025-11-10;17;1748
1;2025-11-10;18;1743
1;2025-11-10;19;1354
1;2025-11-10;20;858
1;2025-11-10;21;470
1;2025-11-10;22;225
1;2025-11-10;23;40
1;2025-11-11;0;5
1;2025-11-11;1;0
1;2025-11-11;2;0
1;2025-11-11;3;0
1;2025-11-11;4;9
1;2025-11-11;5;134
1;2025-11-11;6;531
1;2025-11-11;7;1487
1;2025-11-11;8;1894
1;2025-11-11;9;1466
1;2025-11-11;10;1344
1;2025-11-11;11;1366
1;2025-11-11;12;1394
1;2025-11-11;13;1426
1;2025-11-11;14;1385
1;2025-11-11;15;1525
1;2025-11-11;16;1523
1;2025-11-11;17;1771
1;2025-11-11;18;1773
1;2025-11-11;19;1386
1;2025-11-11;20;888
1;2025-11-11;21;489
1;2025-11-11;22;246
1;2025-11-11;23;44
1;2025-11-12;0;5
1;2025-11-12;1;0
1;2025-11-12;2;0
1;2025-11-12;3;0
1;2025-11-12;4;9
1;2025-11-12;5;134
1;2025-11-12;6;532
1;2025-11-12;7;1484
1;2025-11-12;8;1894
1;2025-11-12;9;1463
1;2025-11-12;10;1344
1;2025-11-12;11;1366
1;2025-11-12;12;1395
1;2025-11-12;13;1429
1;2025-11-12;14;1385
1;2025-11-12;15;1524
1;2025-11-12;16;1523
1;2025-11-12;17;1772
1;2025-11-12;18;1774
1;2025-11-12;19;1386
1;2025-11-12;20;884
1;2025-11-12;21;493
1;2025-11-12;22;252
1;2025-11-12;23;46
1;2025-11-13;0;6
1;2025-11-13;1;0
1;2025-11-13;2;0
1;2025-11-13;3;0
1;2025-11-13;4;9
1;2025-11-13;5;135
1;2025-11-13;6;533
1;2025-11-13;7;1478
1;2025-11-13;8;1892
1;2025-11-13;9;1467
1;2025-11-13;10;1346
1;2025-11-13;11;1368
1;2025-11-13;12;1397
1;2025-11-13;13;1430
1;2025-11-13;14;1393
1;2025-11-13;15;1523
1;2025-11-13;16;1524
1;2025-11-13;17;1773
1;2025-11-13;18;1775
1;2025-11-13;19;1387
1;2025-11-13;20;888
1;2025-11-13;21;494
1;2025-11-13;22;253
1;2025-11-13;23;48
1;2025-11-14;0;6
1;2025-11-14;1;0
1;2025-11-14;2;0
1;2025-11-14;3;0
1;2025-11-14;4;7
1;2025-11-14;5;132
1;2025-11-14;6;528
1;2025-11-14;7;1465
1;2025-11-14;8;1873
1;2025-11-14;9;1432
1;2025-11-14;10;1311
1;2025-11-14;11;1355
1;2025-11-14;12;1381
1;2025-11-14;13;1417
1;2025-11-14;14;1388
1;2025-11-14;15;1523
1;2025-11-14;16;1519
1;2025-11-14;17;1761
1;2025-11-14;18;1692
1;2025-11-14;19;1301
1;2025-11-14;20;855
1;2025-11-14;21;488
1;2025-11-14;22;250
1;2025-11-14;23;51
1;2025-11-15;0;7
1;2025-11-15;1;0
1;2025-11-15;2;0
1;2025-11-15;3;0
1;2025-11-15;4;1
1;2025-11-15;5;36
1;2025-11-15;6;170
1;2025-11-15;7;362
1;2025-11-15;8;495
1;2025-11-15;9;702
1;2025-11-15;10;813
1;2025-11-15;11;779
1;2025-11-15;12;938
1;2025-11-15;13;990
1;2025-11-15;14;956
1;2025-11-15;15;844
1;2025-11-15;16;765
1;2025-11-15;17;729
1;2025-11-15;18;638
1;2025-11-15;19;578
1;2025-11-15;20;446
1;2025-11-15;21;323
1;2025-11-15;22;140
1;2025-11-15;23;44
1;2025-11-16;0;0
1;2025-11-16;1;0
1;2025-11-16;2;0
1;2025-11-16;3;0
1;2025-11-16;4;1
1;2025-11-16;5;25
1;2025-11-16;6;124
1;2025-11-16;7;266
1;2025-11-16;8;374
1;2025-11-16;9;594
1;2025-11-16;10;725
1;2025-11-16;11;707
1;2025-11-16;12;875
1;2025-11-16;13;922
1;2025-11-16;14;869
1;2025-11-16;15;758
1;2025-11-16;16;679
1;2025-11-16;17;644
1;2025-11-16;18;569
1;2025-11-16;19;478
1;2025-11-16;20;367
1;2025-11-16;21;269
1;2025-11-16;22;116
1;2025-11-16;23;32
1;2025-11-17;0;0
1;2025-11-17;1;0
1;2025-11-17;2;0
1;2025-11-17;3;0
1;2025-11-17;4;9
1;2025-11-17;5;124
1;2025-11-17;6;516
1;2025-11-17;7;1460
1;2025-11-17;8;1863
1;2025-11-17;9;1432
1;2025-11-17;10;1301
1;2025-11-17;11;1337
1;2025-11-17;12;1364
1;2025-11-17;13;1393
1;2025-11-17;14;1360
1;2025-11-17;15;1499
1;2025-11-17;16;1508
1;2025-11-17;17;1748
1;2025-11-17;18;1743
1;2025-11-17;19;1354
1;2025-11-17;20;858
1;2025-11-17;21;470
1;2025-11-17;22;225
1;2025-11-17;23;40
1;2025-11-18;0;5
1;2025-11-18;1;0
1;2025-11-18;2;0
1;2025-11-18;3;0
1;2025-11-18;4;9
1;2025-11-18;5;134
1;2025-11-18;6;531
1;2025-11-18;7;1487
1;2025-11-18;8;1894
1;2025-11-18;9;1466
1;2025-11-18;10;1344
1;2025-11-18;11;1366
1;2025-11-18;12;1394
1;2025-11-18;13;1426
1;2025-11-18;14;1385
1;2025-11-18;15;1525
1;2025-11-18;16;1523
1;2025-11-18;17;1771
1;2025-11-18;18;1773
1;2025-11-18;19;1386
1;2025-11-18;20;888
1;2025-11-18;21;489
1;2025-11-18;22;246
1;2025-11-18;23;44
1;2025-11-19;0;5
1;2025-11-19;1;0
1;2025-11-19;2;0
1;2025-11-19;3;0
1;2025-11-19;4;9
1;2025-11-19;5;134
1;2025-11-19;6;532
1;2025-11-19;7;1484
1;2025-11-19;8;1894
1;2025-11-19;9;1463
1;2025-11-19;10;1344
1;2025-11-19;11;1366
1;2025-11-19;12;1395
1;2025-11-19;13;1429
1;2025-11-19;14;1385
1;2025-11-19;15;1524
1;2025-11-19;16;1523
1;2025-11-19;17;1772
1;2025-11-19;18;1774
1;2025-11-19;19;1386
1;2025-11-19;20;884
1;2025-11-19;21;493
1;2025-11-19;22;252
1;2025-11-19;23;46
1;2025-11-20;0;6
1;2025-11-20;1;0
1;2025-11-20;2;0
1;2025-11-20;3;0
1;2025-11-20;4;9
1;2025-11-20;5;135
1;2025-11-20;6;533
1;2025-11-20;7;1478
1;2025-11-20;8;1892
1;2025-11-20;9;1467
1;2025-11-20;10;1346
1;2025-11-20;11;1368
1;2025-11-20;12;1397
1;2025-11-20;13;1430
1;2025-11-20;14;1393
1;2025-11-20;15;1523
1;2025-11-20;16;1524
1;2025-11-20;17;1773
1;2025-11-20;18;1775
1;2025-11-20;19;1387
1;2025-11-20;20;888
1;2025-11-20;21;494
1;2025-11-20;22;253
1;2025-11-20;23;48
1;2025-11-21;0;6
1;2025-11-21;1;0
1;2025-11-21;2;0
1;2025-11-21;3;0
1;2025-11-21;4;7
1;2025-11-21;5;132
1;2025-11-21;6;528
1;2025-11-21;7;1465
1;2025-11-21;8;1873
1;2025-11-21;9;1432
1;2025-11-21;10;1311
1;2025-11-21;11;1355
1;2025-11-21;12;1381
1;2025-11-21;13;1417
1;2025-11-21;14;1388
1;2025-11-21;15;1523
1;2025-11-21;16;1519
1;2025-11-21;17;1761
1;2025-11-21;18;1692
1;2025-11-21;19;1301
1;2025-11-21;20;855
1;2025-11-21;21;488
1;2025-11-21;22;250
1;2025-11-21;23;51
1;2025-11-22;0;7
1;2025-11-22;1;0
1;2025-11-22;2;0
1;2025-11-22;3;0
1;2025-11-22;4;1
1;2025-11-22;5;36
1;2025-11-22;6;170
1;2025-11-22;7;362
1;2025-11-22;8;495
1;2025-11-22;9;702
1;2025-11-22;10;813
1;2025-11-22;11;779
1;2025-11-22;12;938
1;2025-11-22;13;990
1;2025-11-22;14;956
1;2025-11-22;15;844
1;2025-11-22;16;765
1;2025-11-22;17;729
1;2025-11-22;18;638
1;2025-11-22;19;578
1;2025-11-22;20;446
1;2025-11-22;21;323
1;2025-11-22;22;140
1;2025-11-22;23;44
1;2025-11-23;0;0
1;2025-11-23;1;0
1;2025-11-23;2;0
1;2025-11-23;3;0
1;2025-11-23;4;1
1;2025-11-23;5;25
1;2025-11-23;6;124
1;2025-11-23;7;266
1;2025-11-23;8;374
1;2025-11-23;9;594
1;2025-11-23;10;725
1;2025-11-23;11;707
1;2025-11-23;12;875
1;2025-11-23;13;922
1;2025-11-23;14;869
1;2025-11-23;15;758
1;2025-11-23;16;679
1;2025-11-23;17;644
1;2025-11-23;18;569
1;2025-11-23;19;478
1;2025-11-23;20;367
1;2025-11-23;21;269
1;2025-11-23;22;116
1;2025-11-23;23;32
1;2025-11-24;0;0
1;2025-11-24;1;0
1;2025-11-24;2;0
1;2025-11-24;3;0
1;2025-11-24;4;9
1;2025-11-24;5;124
1;2025-11-24;6;516
1;2025-11-24;7;1460
1;2025-11-24;8;1863
1;2025-11-24;9;1432
1;2025-11-24;10;1301
1;2025-11-24;11;1337
1;2025-11-24;12;1364
1;2025-11-24;13;1393
1;2025-11-24;14;1360
1;2025-11-24;15;1499
1;2025-11-24;16;1508
1;2025-11-24;17;1748
1;2025-11-24;18;1743
1;2025-11-24;19;1354
1;2025-11-24;20;858
1;2025-11-24;21;470
1;2025-11-24;22;225
1;2025-11-24;23;40
1;2025-11-25;0;5
1;2025-11-25;1;0
1;2025-11-25;2;0
1;2025-11-25;3;0
1;2025-11-25;4;9
1;2025-11-25;5;134
1;2025-11-25;6;531
1;2025-11-25;7;1487
1;2025-11-25;8;1894
1;2025-11-25;9;1466
1;2025-11-25;10;1344
1;2025-11-25;11;1366
1;2025-11-25;12;1394
1;2025-11-25;13;1426
1;2025-11-25;14;1385
1;2025-11-25;15;1525
1;2025-11-25;16;1523
1;2025-11-25;17;1771
1;2025-11-25;18;1773
1;2025-11-25;19;1386
1;2025-11-25;20;888
1;2025-11-25;21;489
1;2025-11-25;22;246
1;2025-11-25;23;44
1;2025-11-26;0;5
1;2025-11-26;1;0
1;2025-11-26;2;0
1;2025-11-26;3;0
1;2025-11-26;4;9
1;2025-11-26;5;134
1;2025-11-26;6;532
1;2025-11-26;7;1484
1;2025-11-26;8;1894
1;2025-11-26;9;1463
1;2025-11-26;10;1344
1;2025-11-26;11;1366
1;2025-11-26;12;1395
1;2025-11-26;13;1429
1;2025-11-26;14;1385
1;2025-11-26;15;1524
1;2025-11-26;16;1523
1;2025-11-26;17;1772
1;2025-11-26;18;1774
1;2025-11-26;19;1386
1;2025-11-26;20;884
1;2025-11-26;21;493
1;2025-11-26;22;252
1;2025-11-26;23;46
1;2025-11-27;0;6
1;2025-11-27;1;0
1;2025-11-27;2;0
1;2025-11-27;3;0
1;2025-11-27;4;9
1;2025-11-27;5;135
1;2025-11-27;6;533
1;2025-11-27;7;1478
1;2025-11-27;8;1892
1;2025-11-27;9;1467
1;2025-11-27;10;1346
1;2025-11-27;11;1368
1;2025-11-27;12;1397
1;2025-11-27;13;1430
1;2025-11-27;14;1393
1;2025-11-27;15;1523
1;2025-11-27;16;1524
1;2025-11-27;17;1773
1;2025-11-27;18;1775
1;2025-11-27;19;1387
1;2025-11-27;20;888
1;2025-11-27;21;494
1;2025-11-27;22;253
1;2025-11-27;23;48
1;2025-11-28;0;6
1;2025-11-28;1;0
1;2025-11-28;2;0
1;2025-11-28;3;0
1;2025-11-28;4;7
1;2025-11-28;5;132
1;2025-11-28;6;528
1;2025-11-28;7;1465
1;2025-11-28;8;1873
1;2025-11-28;9;1432
1;2025-11-28;10;1311
1;2025-11-28;11;1355
1;2025-11-28;12;1381
1;2025-11-28;13;1417
1;2025-11-28;14;1388
1;2025-11-28;15;1523
1;2025-11-28;16;1519
1;2025-11-28;17;1761
1;2025-11-28;18;1692
1;2025-11-28;19;1301
1;2025-11-28;20;855
1;2025-11-28;21;488
1;2025-11-28;22;250
1;2025-11-28;23;51
1;2025-11-29;0;7
1;2025-11-29;1;0
1;2025-11-29;2;0
1;2025-11-29;3;0
1;2025-11-29;4;1
1;2025-11-29;5;36
1;2025-11-29;6;170
1;2025-11-29;7;362
1;2025-11-29;8;495
1;2025-11-29;9;702
1;2025-11-29;10;813
1;2025-11-29;11;779
1;2025-11-29;12;938
1;2025-11-29;13;990
1;2025-11-29;14;956
1;2025-11-29;15;844
1;2025-11-29;16;765
1;2025-11-29;17;729
1;2025-11-29;18;638
1;2025-11-29;19;578
1;2025-11-29;20;446
1;2025-11-29;21;323
1;2025-11-29;22;140
1;2025-11-29;23;44
1;2025-11-30;0;0
1;2025-11-30;1;0
1;2025-11-30;2;0
1;2025-11-30;3;0
1;2025-11-30;4;1
1;2025-11-30;5;25
1;2025-11-30;6;124
1;2025-11-30;7;266
1;2025-11-30;8;374
1;2025-11-30;9;594
1;2025-11-30;10;725
1;2025-11-30;11;707
1;2025-11-30;12;875
1;2025-11-30;13;922
1;2025-11-30;14;869
1;2025-11-30;15;758
1;2025-11-30;16;679
1;2025-11-30;17;644
1;2025-11-30;18;569
1;2025-11-30;19;478
1;2025-11-30;20;367
1;2025-11-30;21;269
1;2025-11-30;22;116
1;2025-11-30;23;32
1;2025-12-01;0;0
1;2025-12-01;1;0
1;2025-12-01;2;0
1;2025-12-01;3;0
1;2025-12-01;4;6
1;2025-12-01;5;121
1;2025-12-01;6;514
1;2025-12-01;7;1385
1;2025-12-01;8;1821
1;2025-12-01;9;1399
1;2025-12-01;10;1233
1;2025-12-01;11;1313
1;2025-12-01;12;1330
1;2025-12-01;13;1364
1;2025-12-01;14;1304
1;2025-12-01;15;1461
1;2025-12-01;16;1478
1;2025-12-01;17;1703
1;2025-12-01;18;1724
1;2025-12-01;19;1333
1;2025-12-01;20;830
1;2025-12-01;21;449
1;2025-12-01;22;221
1;2025-12-01;23;39
1;2025-12-02;0;5
1;2025-12-02;1;0
1;2025-12-02;2;0
1;2025-12-02;3;0
1;2025-12-02;4;6
1;2025-12-02;5;129
1;2025-12-02;6;528
1;2025-12-02;7;1412
1;2025-12-02;8;1852
1;2025-12-02;9;1432
1;2025-12-02;10;1276
1;2025-12-02;11;1342
1;2025-12-02;12;1360
1;2025-12-02;13;1396
1;2025-12-02;14;1329
1;2025-12-02;15;1487
1;2025-12-02;16;1493
1;2025-12-02;17;1726
1;2025-12-02;18;1754
1;2025-12-02;19;1365
1;2025-12-02;20;860
1;2025-12-02;21;468
1;2025-12-02;22;241
1;2025-12-02;23;43
1;2025-12-03;0;5
1;2025-12-03;1;0
1;2025-12-03;2;0
1;2025-12-03;3;0
1;2025-12-03;4;6
1;2025-12-03;5;129
1;2025-12-03;6;529
1;2025-12-03;7;1409
1;2025-12-03;8;1852
1;2025-12-03;9;1429
1;2025-12-03;10;1276
1;2025-12-03;11;1342
1;2025-12-03;12;1361
1;2025-12-03;13;1399
1;2025-12-03;14;1329
1;2025-12-03;15;1486
1;2025-12-03;16;1493
1;2025-12-03;17;1726
1;2025-12-03;18;1754
1;2025-12-03;19;1365
1;2025-12-03;20;855
1;2025-12-03;21;469
1;2025-12-03;22;246
1;2025-12-03;23;45
1;2025-12-04;0;6
1;2025-12-04;1;0
1;2025-12-04;2;0
1;2025-12-04;3;0
1;2025-12-04;4;6
1;2025-12-04;5;131
1;2025-12-04;6;531
1;2025-12-04;7;1403
1;2025-12-04;8;1851
1;2025-12-04;9;1433
1;2025-12-04;10;1279
1;2025-12-04;11;1344
1;2025-12-04;12;1363
1;2025-12-04;13;1400
1;2025-12-04;14;1337
1;2025-12-04;15;1485
1;2025-12-04;16;1494
1;2025-12-04;17;1727
1;2025-12-04;18;1755
1;2025-12-04;19;1366
1;2025-12-04;20;860
1;2025-12-04;21;470
1;2025-12-04;22;247
1;2025-12-04;23;47
1;2025-12-05;0;6
1;2025-12-05;1;0
1;2025-12-05;2;0
1;2025-12-05;3;0
1;2025-12-05;4;4
1;2025-12-05;5;127
1;2025-12-05;6;525
1;2025-12-05;7;1390
1;2025-12-05;8;1831
1;2025-12-05;9;1398
1;2025-12-05;10;1244
1;2025-12-05;11;1331
1;2025-12-05;12;1347
1;2025-12-05;13;1388
1;2025-12-05;14;1332
1;2025-12-05;15;1484
1;2025-12-05;16;1489
1;2025-12-05;17;1716
1;2025-12-05;18;1672
1;2025-12-05;19;1280
1;2025-12-05;20;826
1;2025-12-05;21;466
1;2025-12-05;22;244
1;2025-12-05;23;50
1;2025-12-06;0;7
1;2025-12-06;1;0
1;2025-12-06;2;0
1;2025-12-06;3;0
1;2025-12-06;4;0
1;2025-12-06;5;36
1;2025-12-06;6;167
1;2025-12-06;7;333
1;2025-12-06;8;455
1;2025-12-06;9;675
1;2025-12-06;10;750
1;2025-12-06;11;755
1;2025-12-06;12;904
1;2025-12-06;13;960
1;2025-12-06;14;894
1;2025-12-06;15;806
1;2025-12-06;16;732
1;2025-12-06;17;693
1;2025-12-06;18;616
1;2025-12-06;19;548
1;2025-12-06;20;425
1;2025-12-06;21;297
1;2025-12-06;22;139
1;2025-12-06;23;42
1;2025-12-07;0;0
1;2025-12-07;1;0
1;2025-12-07;2;0
1;2025-12-07;3;0
1;2025-12-07;4;0
1;2025-12-07;5;27
1;2025-12-07;6;116
1;2025-12-07;7;241
1;2025-12-07;8;332
1;2025-12-07;9;567
1;2025-12-07;10;661
1;2025-12-07;11;683
1;2025-12-07;12;841
1;2025-12-07;13;892
1;2025-12-07;14;807
1;2025-12-07;15;720
1;2025-12-07;16;646
1;2025-12-07;17;608
1;2025-12-07;18;546
1;2025-12-07;19;448
1;2025-12-07;20;346
1;2025-12-07;21;248
1;2025-12-07;22;114
1;2025-12-07;23;30
1;2025-12-08;0;0
1;2025-12-08;1;0
1;2025-12-08;2;0
1;2025-12-08;3;0
1;2025-12-08;4;6
1;2025-12-08;5;121
1;2025-12-08;6;514
1;2025-12-08;7;1385
1;2025-12-08;8;1821
1;2025-12-08;9;1399
1;2025-12-08;10;1233
1;2025-12-08;11;1313
1;2025-12-08;12;1330
1;2025-12-08;13;1364
1;2025-12-08;14;1304
1;2025-12-08;15;1461
1;2025-12-08;16;1478
1;2025-12-08;17;1703
1;2025-12-08;18;1724
1;2025-12-08;19;1333
1;2025-12-08;20;830
1;2025-12-08;21;449
1;2025-12-08;22;221
1;2025-12-08;23;39
1;2025-12-09;0;5
1;2025-12-09;1;0
1;2025-12-09;2;0
1;2025-12-09;3;0
1;2025-12-09;4;6
1;2025-12-09;5;129
1;2025-12-09;6;528
1;2025-12-09;7;1412
1;2025-12-09;8;1852
1;2025-12-09;9;1432
1;2025-12-09;10;1276
1;2025-12-09;11;1342
1;2025-12-09;12;1360
1;2025-12-09;13;1396
1;2025-12-09;14;1329
1;2025-12-09;15;1487
1;2025-12-09;16;1493
1;2025-12-09;17;1726
1;2025-12-09;18;1754
1;2025-12-09;19;1365
1;2025-12-09;20;860
1;2025-12-09;21;468
1;2025-12-09;22;241
1;2025-12-09;23;43
1;2025-12-10;0;5
1;2025-12-10;1;0
1;2025-12-10;2;0
1;2025-12-10;3;0
1;2025-12-10;4;6
1;2025-12-10;5;129
1;2025-12-10;6;529
1;2025-12-10;7;1409
1;2025-12-10;8;1852
1;2025-12-10;9;1429
1;2025-12-10;10;1276
1;2025-12-10;11;1342
1;2025-12-10;12;1361
1;2025-12-10;13;1399
1;2025-12-10;14;1329
1;2025-12-10;15;1486
1;2025-12-10;16;1493
1;2025-12-10;17;1726
1;2025-12-10;18;1754
1;2025-12-10;19;1365
1;2025-12-10;20;855
1;2025-12-10;21;469
1;2025-12-10;22;246
1;2025-12-10;23;45
1;2025-12-11;0;6
1;2025-12-11;1;0
1;2025-12-11;2;0
1;2025-12-11;3;0
1;2025-12-11;4;6
1;2025-12-11;5;131
1;2025-12-11;6;531
1;2025-12-11;7;1403
1;2025-12-11;8;1851
1;2025-12-11;9;1433
1;2025-12-11;10;1279
1;2025-12-11;11;1344
1;2025-12-11;12;1363
1;2025-12-11;13;1400
1;2025-12-11;14;1337
1;2025-12-11;15;1485
1;2025-12-11;16;1494
1;2025-12-11;17;1727
1;2025-12-11;18;1755
1;2025-12-11;19;1366
1;2025-12-11;20;860
1;2025-12-11;21;470
1;2025-12-11;22;247
1;2025-12-11;23;47
1;2025-12-12;0;6
1;2025-12-12;1;0
1;2025-12-12;2;0
1;2025-12-12;3;0
1;2025-12-12;4;4
1;2025-12-12;5;127
1;2025-12-12;6;525
1;2025-12-12;7;1390
1;2025-12-12;8;1831
1;2025-12-12;9;1398
1;2025-12-12;10;1244
1;2025-12-12;11;1331
1;2025-12-12;12;1347
1;2025-12-12;13;1388
1;2025-12-12;14;1332
1;2025-12-12;15;1484
1;2025-12-12;16;1489
1;2025-12-12;17;1716
1;2025-12-12;18;1672
1;2025-12-12;19;1280
1;2025-12-12;20;826
1;2025-12-12;21;466
1;2025-12-12;22;244
1;2025-12-12;23;50
1;2025-12-13;0;7
1;2025-12-13;1;0
1;2025-12-13;2;0
1;2025-12-13;3;0
1;2025-12-13;4;0
1;2025-12-13;5;36
1;2025-12-13;6;167
1;2025-12-13;7;333
1;2025-12-13;8;455
1;2025-12-13;9;675
1;2025-12-13;10;750
1;2025-12-13;11;755
1;2025-12-13;12;904
1;2025-12-13;13;960
1;2025-12-13;14;894
1;2025-12-13;15;806
1;2025-12-13;16;732
1;2025-12-13;17;693
1;2025-12-13;18;616
1;2025-12-13;19;548
1;2025-12-13;20;425
1;2025-12-13;21;297
1;2025-12-13;22;139
1;2025-12-13;23;42
1;2025-12-14;0;0
1;2025-12-14;1;0
1;2025-12-14;2;0
1;2025-12-14;3;0
1;2025-12-14;4;0
1;2025-12-14;5;27
1;2025-12-14;6;116
1;2025-12-14;7;241
1;2025-12-14;8;332
1;2025-12-14;9;567
1;2025-12-14;10;661
1;2025-12-14;11;683
1;2025-12-14;12;841
1;2025-12-14;13;892
1;2025-12-14;14;807
1;2025-12-14;15;720
1;2025-12-14;16;646
1;2025-12-14;17;608
1;2025-12-14;18;546
1;2025-12-14;19;448
1;2025-12-14;20;346
1;2025-12-14;21;248
1;2025-12-14;22;114
1;2025-12-14;23;30
1;2025-12-15;0;0
1;2025-12-15;1;0
1;2025-12-15;2;0
1;2025-12-15;3;0
1;2025-12-15;4;6
1;2025-12-15;5;121
1;2025-12-15;6;514
1;2025-12-15;7;1385
1;2025-12-15;8;1821
1;2025-12-15;9;1399
1;2025-12-15;10;1233
1;2025-12-15;11;1313
1;2025-12-15;12;1330
1;2025-12-15;13;1364
1;2025-12-15;14;1304
1;2025-12-15;15;1461
1;2025-12-15;16;1478
1;2025-12-15;17;1703
1;2025-12-15;18;1724
1;2025-12-15;19;1333
1;2025-12-15;20;830
1;2025-12-15;21;449
1;2025-12-15;22;221
1;2025-12-15;23;39
1;2025-12-16;0;5
1;2025-12-16;1;0
1;2025-12-16;2;0
1;2025-12-16;3;0
1;2025-12-16;4;6
1;2025-12-16;5;129
1;2025-12-16;6;528
1;2025-12-16;7;1412
1;2025-12-16;8;1852
1;2025-12-16;9;1432
1;2025-12-16;10;1276
1;2025-12-16;11;1342
1;2025-12-16;12;1360
1;2025-12-16;13;1396
1;2025-12-16;14;1329
1;2025-12-16;15;1487
1;2025-12-16;16;1493
1;2025-12-16;17;1726
1;2025-12-16;18;1754
1;2025-12-16;19;1365
1;2025-12-16;20;860
1;2025-12-16;21;468
1;2025-12-16;22;241
1;2025-12-16;23;43
1;2025-12-17;0;5
1;2025-12-17;1;0
1;2025-12-17;2;0
1;2025-12-17;3;0
1;2025-12-17;4;6
1;2025-12-17;5;129
1;2025-12-17;6;529
1;2025-12-17;7;1409
1;2025-12-17;8;1852
1;2025-12-17;9;1429
1;2025-12-17;10;1276
1;2025-12-17;11;1342
1;2025-12-17;12;1361
1;2025-12-17;13;1399
1;2025-12-17;14;1329
1;2025-12-17;15;1486
1;2025-12-17;16;1493
1;2025-12-17;17;1726
1;2025-12-17;18;1754
1;2025-12-17;19;1365
1;2025-12-17;20;855
1;2025-12-17;21;469
1;2025-12-17;22;246
1;2025-12-17;23;45
1;2025-12-18;0;6
1;2025-12-18;1;0
1;2025-12-18;2;0
1;2025-12-18;3;0
1;2025-12-18;4;6
1;2025-12-18;5;131
1;2025-12-18;6;531
1;2025-12-18;7;1403
1;2025-12-18;8;1851
1;2025-12-18;9;1433
1;2025-12-18;10;1279
1;2025-12-18;11;1344
1;2025-12-18;12;1363
1;2025-12-18;13;1400
1;2025-12-18;14;1337
1;2025-12-18;15;1485
1;2025-12-18;16;1494
1;2025-12-18;17;1727
1;2025-12-18;18;1755
1;2025-12-18;19;1366
1;2025-12-18;20;860
1;2025-12-18;21;470
1;2025-12-18;22;247
1;2025-12-18;23;47
1;2025-12-19;0;6
1;2025-12-19;1;0
1;2025-12-19;2;0
1;2025-12-19;3;0
1;2025-12-19;4;4
1;2025-12-19;5;127
1;2025-12-19;6;525
1;2025-12-19;7;1390
1;2025-12-19;8;1831
1;2025-12-19;9;1398
1;2025-12-19;10;1244
1;2025-12-19;11;1331
1;2025-12-19;12;1347
1;2025-12-19;13;1388
1;2025-12-19;14;1332
1;2025-12-19;15;1484
1;2025-12-19;16;1489
1;2025-12-19;17;1716
1;2025-12-19;18;1672
1;2025-12-19;19;1280
1;2025-12-19;20;826
1;2025-12-19;21;466
1;2025-12-19;22;244
1;2025-12-19;23;50
1;2025-12-20;0;7
1;2025-12-20;1;0
1;2025-12-20;2;0
1;2025-12-20;3;0
1;2025-12-20;4;0
1;2025-12-20;5;36
1;2025-12-20;6;167
1;2025-12-20;7;333
1;2025-12-20;8;455
1;2025-12-20;9;675
1;2025-12-20;10;750
1;2025-12-20;11;755
1;2025-12-20;12;904
1;2025-12-20;13;960
1;2025-12-20;14;894
1;2025-12-20;15;806
1;2025-12-20;16;732
1;2025-12-20;17;693
1;2025-12-20;18;616
1;2025-12-20;19;548
1;2025-12-20;20;425
1;2025-12-20;21;297
1;2025-12-20;22;139
1;2025-12-20;23;42
1;2025-12-21;0;0
1;2025-12-21;1;0
1;2025-12-21;2;0
1;2025-12-21;3;0
1;2025-12-21;4;0
1;2025-12-21;5;27
1;2025-12-21;6;116
1;2025-12-21;7;241
1;2025-12-21;8;332
1;2025-12-21;9;567
1;2025-12-21;10;661
1;2025-12-21;11;683
1;2025-12-21;12;841
1;2025-12-21;13;892
1;2025-12-21;14;807
1;2025-12-21;15;720
1;2025-12-21;16;646
1;2025-12-21;17;608
1;2025-12-21;18;546
1;2025-12-21;19;448
1;2025-12-21;20;346
1;2025-12-21;21;248
1;2025-12-21;22;114
1;2025-12-21;23;30
1;2025-12-22;0;0
1;2025-12-22;1;0
1;2025-12-22;2;0
1;2025-12-22;3;0
1;2025-12-22;4;6
1;2025-12-22;5;121
1;2025-12-22;6;514
1;2025-12-22;7;1385
1;2025-12-22;8;1821
1;2025-12-22;9;1399
1;2025-12-22;10;1233
1;2025-12-22;11;1313
1;2025-12-22;12;1330
1;2025-12-22;13;1364
1;2025-12-22;14;1304
1;2025-12-22;15;1461
1;2025-12-22;16;1478
1;2025-12-22;17;1703
1;2025-12-22;18;1724
1;2025-12-22;19;1333
1;2025-12-22;20;830
1;2025-12-22;21;449
1;2025-12-22;22;221
1;2025-12-22;23;39
1;2025-12-23;0;5
1;2025-12-23;1;0
1;2025-12-23;2;0
1;2025-12-23;3;0
1;2025-12-23;4;6
1;2025-12-23;5;129
1;2025-12-23;6;528
1;2025-12-23;7;1412
1;2025-12-23;8;1852
1;2025-12-23;9;1432
1;2025-12-23;10;1276
1;2025-12-23;11;1342
1;2025-12-23;12;1360
1;2025-12-23;13;1396
1;2025-12-23;14;1329
1;2025-12-23;15;1487
1;2025-12-23;16;1493
1;2025-12-23;17;1726
1;2025-12-23;18;1754
1;2025-12-23;19;1365
1;2025-12-23;20;860
1;2025-12-23;21;468
1;2025-12-23;22;241
1;2025-12-23;23;43
1;2025-12-24;0;5
1;2025-12-24;1;0
1;2025-12-24;2;0
1;2025-12-24;3;0
1;2025-12-24;4;6
1;2025-12-24;5;129
1;2025-12-24;6;529
1;2025-12-24;7;1409
1;2025-12-24;8;1852
1;2025-12-24;9;1429
1;2025-12-24;10;1276
1;2025-12-24;11;1342
1;2025-12-24;12;1361
1;2025-12-24;13;1399
1;2025-12-24;14;1329
1;2025-12-24;15;1486
1;2025-12-24;16;1493
1;2025-12-24;17;1726
1;2025-12-24;18;1754
1;2025-12-24;19;1365
1;2025-12-24;20;855
1;2025-12-24;21;469
1;2025-12-24;22;246
1;2025-12-24;23;45
1;2025-12-25;0;6
1;2025-12-25;1;0
1;2025-12-25;2;0
1;2025-12-25;3;0
1;2025-12-25;4;6
1;2025-12-25;5;131
1;2025-12-25;6;531
1;2025-12-25;7;1403
1;2025-12-25;8;1851
1;2025-12-25;9;1433
1;2025-12-25;10;1279
1;2025-12-25;11;1344
1;2025-12-25;12;1363
1;2025-12-25;13;1400
1;2025-12-25;14;1337
1;2025-12-25;15;1485
1;2025-12-25;16;1494
1;2025-12-25;17;1727
1;2025-12-25;18;1755
1;2025-12-25;19;1366
1;2025-12-25;20;860
1;2025-12-25;21;470
1;2025-12-25;22;247
1;2025-12-25;23;47
1;2025-12-26;0;6
1;2025-12-26;1;0
1;2025-12-26;2;0
1;2025-12-26;3;0
1;2025-12-26;4;4
1;2025-12-26;5;127
1;2025-12-26;6;525
1;2025-12-26;7;1390
1;2025-12-26;8;1831
1;2025-12-26;9;1398
1;2025-12-26;10;1244
1;2025-12-26;11;1331
1;2025-12-26;12;1347
1;2025-12-26;13;1388
1;2025-12-26;14;1332
1;2025-12-26;15;1484
1;2025-12-26;16;1489
1;2025-12-26;17;1716
1;2025-12-26;18;1672
1;2025-12-26;19;1280
1;2025-12-26;20;826
1;2025-12-26;21;466
1;2025-12-26;22;244
1;2025-12-26;23;50
1;2025-12-27;0;7
1;2025-12-27;1;0
1;2025-12-27;2;0
1;2025-12-27;3;0
1;2025-12-27;4;0
1;2025-12-27;5;36
1;2025-12-27;6;167
1;2025-12-27;7;333
1;2025-12-27;8;455
1;2025-12-27;9;675
1;2025-12-27;10;750
1;2025-12-27;11;755
1;2025-12-27;12;904
1;2025-12-27;13;960
1;2025-12-27;14;894
1;2025-12-27;15;806
1;2025-12-27;16;732
1;2025-12-27;17;693
1;2025-12-27;18;616
1;2025-12-27;19;548
1;2025-12-27;20;425
1;2025-12-27;21;297
1;2025-12-27;22;139
1;2025-12-27;23;42
1;2025-12-28;0;0
1;2025-12-28;1;0
1;2025-12-28;2;0
1;2025-12-28;3;0
1;2025-12-28;4;0
1;2025-12-28;5;27
1;2025-12-28;6;116
1;2025-12-28;7;241
1;2025-12-28;8;332
1;2025-12-28;9;567
1;2025-12-28;10;661
1;2025-12-28;11;683
1;2025-12-28;12;841
1;2025-12-28;13;892
1;2025-12-28;14;807
1;2025-12-28;15;720
1;2025-12-28;16;646
1;2025-12-28;17;608
1;2025-12-28;18;546
1;2025-12-28;19;448
1;2025-12-28;20;346
1;2025-12-28;21;248
1;2025-12-28;22;114
1;2025-12-28;23;30
1;2025-12-29;0;0
1;2025-12-29;1;0
1;2025-12-29;2;0
1;2025-12-29;3;0
1;2025-12-29;4;6
1;2025-12-29;5;121
1;2025-12-29;6;514
1;2025-12-29;7;1385
1;2025-12-29;8;1821
1;2025-12-29;9;1399
1;2025-12-29;10;1233
1;2025-12-29;11;1313
1;2025-12-29;12;1330
1;2025-12-29;13;1364
1;2025-12-29;14;1304
1;2025-12-29;15;1461
1;2025-12-29;16;1478
1;2025-12-29;17;1703
1;2025-12-29;18;1724
1;2025-12-29;19;1333
1;2025-12-29;20;830
1;2025-12-29;21;449
1;2025-12-29;22;221
1;2025-12-29;23;39
1;2025-12-30;0;5
1;2025-12-30;1;0
1;2025-12-30;2;0
1;2025-12-30;3;0
1;2025-12-30;4;6
1;2025-12-30;5;129
1;2025-12-30;6;528
1;2025-12-30;7;1412
1;2025-12-30;8;1852
1;2025-12-30;9;1432
1;2025-12-30;10;1276
1;2025-12-30;11;1342
1;2025-12-30;12;1360
1;2025-12-30;13;1396
1;2025-12-30;14;1329
1;2025-12-30;15;1487
1;2025-12-30;16;1493
1;2025-12-30;17;1726
1;2025-12-30;18;1754
1;2025-12-30;19;1365
1;2025-12-30;20;860
1;2025-12-30;21;468
1;2025-12-30;22;241
1;2025-12-30;23;43
1;2025-12-31;0;0
1;2025-12-31;1;0
1;2025-12-31;2;0
1;2025-12-31;3;0
1;2025-12-31;4;0
1;2025-12-31;5;88
1;2025-12-31;6;250
1;2025-12-31;7;510
1;2025-12-31;8;589
1;2025-12-31;9;598
1;2025-12-31;10;645
1;2025-12-31;11;625
1;2025-12-31;12;787
1;2025-12-31;13;842
1;2025-12-31;14;763
1;2025-12-31;15;734
1;2025-12-31;16;660
1;2025-12-31;17;696
1;2025-12-31;18;682
1;2025-12-31;19;562
1;2025-12-31;20;398
1;2025-12-31;21;311
1;2025-12-31;22;185
1;2025-12-31;23;25
5;2025-11-01;0;0
5;2025-11-01;1;0
5;2025-11-01;2;0
5;2025-11-01;3;0
5;2025-11-01;4;0
5;2025-11-01;5;0
5;2025-11-01;6;0
5;2025-11-01;7;0
5;2025-11-01;8;0
5;2025-11-01;9;0
5;2025-11-01;10;0
5;2025-11-01;11;0
5;2025-11-01;12;0
5;2025-11-01;13;0
5;2025-11-01;14;0
5;2025-11-01;15;0
5;2025-11-01;16;0
5;2025-11-01;17;0
5;2025-11-01;18;0
5;2025-11-01;19;0
5;2025-11-01;20;0
5;2025-11-01;21;0
5;2025-11-01;22;0
5;2025-11-01;23;0
5;2025-11-02;0;0
5;2025-11-02;1;0
5;2025-11-02;2;0
5;2025-11-02;3;0
5;2025-11-02;4;0
5;2025-11-02;5;0
5;2025-11-02;6;0
5;2025-11-02;7;0
5;2025-11-02;8;0
5;2025-11-02;9;0
5;2025-11-02;10;0
5;2025-11-02;11;0
5;2025-11-02;12;0
5;2025-11-02;13;0
5;2025-11-02;14;0
5;2025-11-02;15;0
5;2025-11-02;16;0
5;2025-11-02;17;0
5;2025-11-02;18;0
5;2025-11-02;19;0
5;2025-11-02;20;0
5;2025-11-02;21;0
5;2025-11-02;22;0
5;2025-11-02;23;0
5;2025-11-03;0;0
5;2025-11-03;1;0
5;2025-11-03;2;0
5;2025-11-03;3;0
5;2025-11-03;4;0
5;2025-11-03;5;0
5;2025-11-03;6;0
5;2025-11-03;7;0
5;2025-11-03;8;0
5;2025-11-03;9;0
5;2025-11-03;10;0
5;2025-11-03;11;0
5;2025-11-03;12;0
5;2025-11-03;13;0
5;2025-11-03;14;0
5;2025-11-03;15;0
5;2025-11-03;16;0
5;2025-11-03;17;0
5;2025-11-03;18;0
5;2025-11-03;19;0
5;2025-11-03;20;0
5;2025-11-03;21;0
5;2025-11-03;22;0
5;2025-11-03;23;0
5;2025-11-04;0;0
5;2025-11-04;1;0
5;2025-11-04;2;0
5;2025-11-04;3;0
5;2025-11-04;4;0
5;2025-11-04;5;0
5;2025-11-04;6;0
5;2025-11-04;7;0
5;2025-11-04;8;0
5;2025-11-04;9;0
5;2025-11-04;10;0
5;2025-11-04;11;0
5;2025-11-04;12;0
5;2025-11-04;13;0
5;2025-11-04;14;0
5;2025-11-04;15;0
5;2025-11-04;16;0
5;2025-11-04;17;0
5;2025-11-04;18;0
5;2025-11-04;19;0
5;2025-11-04;20;0
5;2025-11-04;21;0
5;2025-11-04;22;0
5;2025-11-04;23;0
5;2025-11-05;0;0
5;2025-11-05;1;0
5;2025-11-05;2;0
5;2025-11-05;3;0
5;2025-11-05;4;0
5;2025-11-05;5;0
5;2025-11-05;6;0
5;2025-11-05;7;0
5;2025-11-05;8;0
5;2025-11-05;9;0
5;2025-11-05;10;0
5;2025-11-05;11;0
5;2025-11-05;12;0
5;2025-11-05;13;0
5;2025-11-05;14;0
5;2025-11-05;15;0
5;2025-11-05;16;0
5;2025-11-05;17;0
5;2025-11-05;18;0
5;2025-11-05;19;0
5;2025-11-05;20;0
5;2025-11-05;21;0
5;2025-11-05;22;0
5;2025-11-05;23;0
5;2025-11-06;0;0
5;2025-11-06;1;0
5;2025-11-06;2;0
5;2025-11-06;3;0
5;2025-11-06;4;0
5;2025-11-06;5;0
5;2025-11-06;6;0
5;2025-11-06;7;0
5;2025-11-06;8;0
5;2025-11-06;9;0
5;2025-11-06;10;0
5;2025-11-06;11;0
5;2025-11-06;12;0
5;2025-11-06;13;0
5;2025-11-06;14;0
5;2025-11-06;15;0
5;2025-11-06;16;0
5;2025-11-06;17;0
5;2025-11-06;18;0
5;2025-11-06;19;0
5;2025-11-06;20;0
5;2025-11-06;21;0
5;2025-11-06;22;0
5;2025-11-06;23;0
5;2025-11-07;0;0
5;2025-11-07;1;0
5;2025-11-07;2;0
5;2025-11-07;3;0
5;2025-11-07;4;0
5;2025-11-07;5;0
5;2025-11-07;6;0
5;2025-11-07;7;0
5;2025-11-07;8;0
5;2025-11-07;9;0
5;2025-11-07;10;0
5;2025-11-07;11;0
5;2025-11-07;12;0
5;2025-11-07;13;0
5;2025-11-07;14;0
5;2025-11-07;15;0
5;2025-11-07;16;0
5;2025-11-07;17;0
5;2025-11-07;18;0
5;2025-11-07;19;0
5;2025-11-07;20;0
5;2025-11-07;21;0
5;2025-11-07;22;0
5;2025-11-07;23;0
5;2025-11-08;0;0
5;2025-11-08;1;0
5;2025-11-08;2;0
5;2025-11-08;3;0
5;2025-11-08;4;0
5;2025-11-08;5;0
5;2025-11-08;6;0
5;2025-11-08;7;0
5;2025-11-08;8;0
5;2025-11-08;9;0
5;2025-11-08;10;0
5;2025-11-08;11;0
5;2025-11-08;12;0
5;2025-11-08;13;0
5;2025-11-08;14;0
5;2025-11-08;15;0
5;2025-11-08;16;0
5;2025-11-08;17;0
5;2025-11-08;18;0
5;2025-11-08;19;0
5;2025-11-08;20;0
5;2025-11-08;21;0
5;2025-11-08;22;0
5;2025-11-08;23;0
5;2025-11-09;0;0
5;2025-11-09;1;0
5;2025-11-09;2;0
5;2025-11-09;3;0
5;2025-11-09;4;0
5;2025-11-09;5;0
5;2025-11-09;6;0
5;2025-11-09;7;0
5;2025-11-09;8;0
5;2025-11-09;9;0
5;2025-11-09;10;0
5;2025-11-09;11;0
5;2025-11-09;12;0
5;2025-11-09;13;0
5;2025-11-09;14;0
5;2025-11-09;15;0
5;2025-11-09;16;0
5;2025-11-09;17;0
5;2025-11-09;18;0
5;2025-11-09;19;0
5;2025-11-09;20;0
5;2025-11-09;21;0
5;2025-11-09;22;0
5;2025-11-09;23;0
5;2025-11-10;0;0
5;2025-11-10;1;0
5;2025-11-10;2;0
5;2025-11-10;3;0
5;2025-11-10;4;0
5;2025-11-10;5;0
5;2025-11-10;6;0
5;2025-11-10;7;0
5;2025-11-10;8;0
5;2025-11-10;9;0
5;2025-11-10;10;0
5;2025-11-10;11;0
5;2025-11-10;12;0
5;2025-11-10;13;0
5;2025-11-10;14;0
5;2025-11-10;15;0
5;2025-11-10;16;0
5;2025-11-10;17;0
5;2025-11-10;18;0
5;2025-11-10;19;0
5;2025-11-10;20;0
5;2025-11-10;21;0
5;2025-11-10;22;0
5;2025-11-10;23;0
5;2025-11-11;0;0
5;2025-11-11;1;0
5;2025-11-11;2;0
5;2025-11-11;3;0
5;2025-11-11;4;0
5;2025-11-11;5;0
5;2025-11-11;6;0
5;2025-11-11;7;0
5;2025-11-11;8;0
5;2025-11-11;9;0
5;2025-11-11;10;0
5;2025-11-11;11;0
5;2025-11-11;12;0
5;2025-11-11;13;0
5;2025-11-11;14;0
5;2025-11-11;15;0
5;2025-11-11;16;0
5;2025-11-11;17;0
5;2025-11-11;18;0
5;2025-11-11;19;0
5;2025-11-11;20;0
5;2025-11-11;21;0
5;2025-11-11;22;0
5;2025-11-11;23;0
5;2025-11-12;0;0
5;2025-11-12;1;0
5;2025-11-12;2;0
5;2025-11-12;3;0
5;2025-11-12;4;0
5;2025-11-12;5;0
5;2025-11-12;6;0
5;2025-11-12;7;0
5;2025-11-12;8;0
5;2025-11-12;9;0
5;2025-11-12;10;0
5;2025-11-12;11;0
5;2025-11-12;12;0
5;2025-11-12;13;0
5;2025-11-12;14;0
5;2025-11-12;15;0
5;2025-11-12;16;0
5;2025-11-12;17;0
5;2025-11-12;18;0
5;2025-11-12;19;0
5;2025-11-12;20;0
5;2025-11-12;21;0
5;2025-11-12;22;0
5;2025-11-12;23;0
5;2025-11-13;0;0
5;2025-11-13;1;0
5;2025-11-13;2;0
5;2025-11-13;3;0
5;2025-11-13;4;0
5;2025-11-13;5;0
5;2025-11-13;6;0
5;2025-11-13;7;0
5;2025-11-13;8;0
5;2025-11-13;9;0
5;2025-11-13;10;0
5;2025-11-13;11;0
5;2025-11-13;12;0
5;2025-11-13;13;0
5;2025-11-13;14;0
5;2025-11-13;15;0
5;2025-11-13;16;0
5;2025-11-13;17;0
5;2025-11-13;18;0
5;2025-11-13;19;0
5;2025-11-13;20;0
5;2025-11-13;21;0
5;2025-11-13;22;0
5;2025-11-13;23;0
5;2025-11-14;0;0
5;2025-11-14;1;0
5;2025-11-14;2;0
5;2025-11-14;3;0
5;2025-11-14;4;0
5;2025-11-14;5;0
5;2025-11-14;6;0
5;2025-11-14;7;0
5;2025-11-14;8;0
5;2025-11-14;9;0
5;2025-11-14;10;0
5;2025-11-14;11;0
5;2025-11-14;12;0
5;2025-11-14;13;0
5;2025-11-14;14;0
5;2025-11-14;15;0
5;2025-11-14;16;0
5;2025-11-14;17;0
5;2025-11-14;18;0
5;2025-11-14;19;0
5;2025-11-14;20;0
5;2025-11-14;21;0
5;2025-11-14;22;0
5;2025-11-14;23;0
5;2025-11-15;0;0
5;2025-11-15;1;0
5;2025-11-15;2;0
5;2025-11-15;3;0
5;2025-11-15;4;0
5;2025-11-15;5;0
5;2025-11-15;6;0
5;2025-11-15;7;0
5;2025-11-15;8;0
5;2025-11-15;9;0
5;2025-11-15;10;0
5;2025-11-15;11;0
5;2025-11-15;12;0
5;2025-11-15;13;0
5;2025-11-15;14;0
5;2025-11-15;15;0
5;2025-11-15;16;0
5;2025-11-15;17;0
5;2025-11-15;18;0
5;2025-11-15;19;0
5;2025-11-15;20;0
5;2025-11-15;21;0
5;2025-11-15;22;0
5;2025-11-15;23;0
5;2025-11-16;0;0
5;2025-11-16;1;0
5;2025-11-16;2;0
5;2025-11-16;3;0
5;2025-11-16;4;0
5;2025-11-16;5;0
5;2025-11-16;6;0
5;2025-11-16;7;0
5;2025-11-16;8;0
5;2025-11-16;9;0
5;2025-11-16;10;0
5;2025-11-16;11;0
5;2025-11-16;12;0
5;2025-11-16;13;0
5;2025-11-16;14;0
5;2025-11-16;15;0
5;2025-11-16;16;0
5;2025-11-16;17;0
5;2025-11-16;18;0
5;2025-11-16;19;0
5;2025-11-16;20;0
5;2025-11-16;21;0
5;2025-11-16;22;0
5;2025-11-16;23;0
5;2025-11-17;0;0
5;2025-11-17;1;0
5;2025-11-17;2;0
5;2025-11-17;3;0
5;2025-11-17;4;0
5;2025-11-17;5;0
5;2025-11-17;6;0
5;2025-11-17;7;0
5;2025-11-17;8;0
5;2025-11-17;9;0
5;2025-11-17;10;0
5;2025-11-17;11;0
5;2025-11-17;12;0
5;2025-11-17;13;0
5;2025-11-17;14;0
5;2025-11-17;15;0
5;2025-11-17;16;0
5;2025-11-17;17;0
5;2025-11-17;18;0
5;2025-11-17;19;0
5;2025-11-17;20;0
5;2025-11-17;21;0
5;2025-11-17;22;0
5;2025-11-17;23;0
5;2025-11-18;0;0
5;2025-11-18;1;0
5;2025-11-18;2;0
5;2025-11-18;3;0
5;2025-11-18;4;0
5;2025-11-18;5;0
5;2025-11-18;6;0
5;2025-11-18;7;0
5;2025-11-18;8;0
5;2025-11-18;9;0
5;2025-11-18;10;0
5;2025-11-18;11;0
5;2025-11-18;12;0
5;2025-11-18;13;0
5;2025-11-18;14;0
5;2025-11-18;15;0
5;2025-11-18;16;0
5;2025-11-18;17;0
5;2025-11-18;18;0
5;2025-11-18;19;0
5;2025-11-18;20;0
5;2025-11-18;21;0
5;2025-11-18;22;0
5;2025-11-18;23;0
5;2025-11-19;0;0
5;2025-11-19;1;0
5;2025-11-19;2;0
5;2025-11-19;3;0
5;2025-11-19;4;0
5;2025-11-19;5;0
5;2025-11-19;6;0
5;2025-11-19;7;0
5;2025-11-19;8;0
5;2025-11-19;9;0
5;2025-11-19;10;0
5;2025-11-19;11;0
5;2025-11-19;12;0
5;2025-11-19;13;0
5;2025-11-19;14;0
5;2025-11-19;15;0
5;2025-11-19;16;0
5;2025-11-19;17;0
5;2025-11-19;18;0
5;2025-11-19;19;0
5;2025-11-19;20;0
5;2025-11-19;21;0
5;2025-11-19;22;0
5;2025-11-19;23;0
5;2025-11-20;0;0
5;2025-11-20;1;0
5;2025-11-20;2;0
5;2025-11-20;3;0
5;2025-11-20;4;0
5;2025-11-20;5;0
5;2025-11-20;6;0
5;2025-11-20;7;0
5;2025-11-20;8;0
5;2025-11-20;9;0
5;2025-11-20;10;0
5;2025-11-20;11;0
5;2025-11-20;12;0
5;2025-11-20;13;0
5;2025-11-20;14;0
5;2025-11-20;15;0
5;2025-11-20;16;0
5;2025-11-20;17;0
5;2025-11-20;18;0
5;2025-11-20;19;0
5;2025-11-20;20;0
5;2025-11-20;21;0
5;2025-11-20;22;0
5;2025-11-20;23;0
5;2025-11-21;0;0
5;2025-11-21;1;0
5;2025-11-21;2;0
5;2025-11-21;3;0
5;2025-11-21;4;0
5;2025-11-21;5;0
5;2025-11-21;6;0
5;2025-11-21;7;0
5;2025-11-21;8;0
5;2025-11-21;9;0
5;2025-11-21;10;0
5;2025-11-21;11;0
5;2025-11-21;12;0
5;2025-11-21;13;0
5;2025-11-21;14;0
5;2025-11-21;15;0
5;2025-11-21;16;0
5;2025-11-21;17;0
5;2025-11-21;18;0
5;2025-11-21;19;0
5;2025-11-21;20;0
5;2025-11-21;21;0
5;2025-11-21;22;0
5;2025-11-21;23;0
5;2025-11-22;0;0
5;2025-11-22;1;0
5;2025-11-22;2;0
5;2025-11-22;3;0
5;2025-11-22;4;0
5;2025-11-22;5;0
5;2025-11-22;6;0
5;2025-11-22;7;0
5;2025-11-22;8;0
5;2025-11-22;9;0
5;2025-11-22;10;0
5;2025-11-22;11;0
5;2025-11-22;12;0
5;2025-11-22;13;0
5;2025-11-22;14;0
5;2025-11-22;15;0
5;2025-11-22;16;0
5;2025-11-22;17;0
5;2025-11-22;18;0
5;2025-11-22;19;0
5;2025-11-22;20;0
5;2025-11-22;21;0
5;2025-11-22;22;0
5;2025-11-22;23;0
5;2025-11-23;0;0
5;2025-11-23;1;0
5;2025-11-23;2;0
5;2025-11-23;3;0
5;2025-11-23;4;0
5;2025-11-23;5;0
5;2025-11-23;6;0
5;2025-11-23;7;0
5;2025-11-23;8;0
5;2025-11-23;9;0
5;2025-11-23;10;0
5;2025-11-23;11;0
5;2025-11-23;12;0
5;2025-11-23;13;0
5;2025-11-23;14;0
5;2025-11-23;15;0
5;2025-11-23;16;0
5;2025-11-23;17;0
5;2025-11-23;18;0
5;2025-11-23;19;0
5;2025-11-23;20;0
5;2025-11-23;21;0
5;2025-11-23;22;0
5;2025-11-23;23;0
5;2025-11-24;0;0
5;2025-11-24;1;0
5;2025-11-24;2;0
5;2025-11-24;3;0
5;2025-11-24;4;0
5;2025-11-24;5;0
5;2025-11-24;6;0
5;2025-11-24;7;0
5;2025-11-24;8;0
5;2025-11-24;9;0
5;2025-11-24;10;0
5;2025-11-24;11;0
5;2025-11-24;12;0
5;2025-11-24;13;0
5;2025-11-24;14;0
5;2025-11-24;15;0
5;2025-11-24;16;0
5;2025-11-24;17;0
5;2025-11-24;18;0
5;2025-11-24;19;0
5;2025-11-24;20;0
5;2025-11-24;21;0
5;2025-11-24;22;0
5;2025-11-24;23;0
5;2025-11-25;0;0
5;2025-11-25;1;0
5;2025-11-25;2;0
5;2025-11-25;3;0
5;2025-11-25;4;0
5;2025-11-25;5;0
5;2025-11-25;6;0
5;2025-11-25;7;0
5;2025-11-25;8;0
5;2025-11-25;9;0
5;2025-11-25;10;0
5;2025-11-25;11;0
5;2025-11-25;12;0
5;2025-11-25;13;0
5;2025-11-25;14;0
5;2025-11-25;15;0
5;2025-11-25;16;0
5;2025-11-25;17;0
5;2025-11-25;18;0
5;2025-11-25;19;0
5;2025-11-25;20;0
5;2025-11-25;21;0
5;2025-11-25;22;0
5;2025-11-25;23;0
5;2025-11-26;0;0
5;2025-11-26;1;0
5;2025-11-26;2;0
5;2025-11-26;3;0
5;2025-11-26;4;0
5;2025-11-26;5;0
5;2025-11-26;6;0
5;2025-11-26;7;0
5;2025-11-26;8;0
5;2025-11-26;9;0
5;2025-11-26;10;0
5;2025-11-26;11;0
5;2025-11-26;12;0
5;2025-11-26;13;0
5;2025-11-26;14;0
5;2025-11-26;15;0
5;2025-11-26;16;0
5;2025-11-26;17;0
5;2025-11-26;18;0
5;2025-11-26;19;0
5;2025-11-26;20;0
5;2025-11-26;21;0
5;2025-11-26;22;0
5;2025-11-26;23;0
5;2025-11-27;0;0
5;2025-11-27;1;0
5;2025-11-27;2;0
5;2025-11-27;3;0
5;2025-11-27;4;0
5;2025-11-27;5;0
5;2025-11-27;6;0
5;2025-11-27;7;0
5;2025-11-27;8;0
5;2025-11-27;9;0
5;2025-11-27;10;0
5;2025-11-27;11;0
5;2025-11-27;12;0
5;2025-11-27;13;0
5;2025-11-27;14;0
5;2025-11-27;15;0
5;2025-11-27;16;0
5;2025-11-27;17;0
5;2025-11-27;18;0
5;2025-11-27;19;0
5;2025-11-27;20;0
5;2025-11-27;21;0
5;2025-11-27;22;0
5;2025-11-27;23;0
5;2025-11-28;0;0
5;2025-11-28;1;0
5;2025-11-28;2;0
5;2025-11-28;3;0
5;2025-11-28;4;0
5;2025-11-28;5;0
5;2025-11-28;6;0
5;2025-11-28;7;0
5;2025-11-28;8;0
5;2025-11-28;9;0
5;2025-11-28;10;0
5;2025-11-28;11;0
5;2025-11-28;12;0
5;2025-11-28;13;0
5;2025-11-28;14;0
5;2025-11-28;15;0
5;2025-11-28;16;0
5;2025-11-28;17;0
5;2025-11-28;18;0
5;2025-11-28;19;0
5;2025-11-28;20;0
5;2025-11-28;21;0
5;2025-11-28;22;0
5;2025-11-28;23;0
5;2025-11-29;0;0
5;2025-11-29;1;0
5;2025-11-29;2;0
5;2025-11-29;3;0
5;2025-11-29;4;0
5;2025-11-29;5;0
5;2025-11-29;6;0
5;2025-11-29;7;0
5;2025-11-29;8;0
5;2025-11-29;9;0
5;2025-11-29;10;0
5;2025-11-29;11;0
5;2025-11-29;12;0
5;2025-11-29;13;0
5;2025-11-29;14;0
5;2025-11-29;15;0
5;2025-11-29;16;0
5;2025-11-29;17;0
5;2025-11-29;18;0
5;2025-11-29;19;0
5;2025-11-29;20;0
5;2025-11-29;21;0
5;2025-11-29;22;0
5;2025-11-29;23;0
5;2025-11-30;0;0
5;2025-11-30;1;0
5;2025-11-30;2;0
5;2025-11-30;3;0
5;2025-11-30;4;0
5;2025-11-30;5;0
5;2025-11-30;6;0
5;2025-11-30;7;0
5;2025-11-30;8;0
5;2025-11-30;9;0
5;2025-11-30;10;0
5;2025-11-30;11;0
5;2025-11-30;12;0
5;2025-11-30;13;0
5;2025-11-30;14;0
5;2025-11-30;15;0
5;2025-11-30;16;0
5;2025-11-30;17;0
5;2025-11-30;18;0
5;2025-11-30;19;0
5;2025-11-30;20;0
5;2025-11-30;21;0
5;2025-11-30;22;0
5;2025-11-30;23;0
5;2025-12-01;0;0
5;2025-12-01;1;0
5;2025-12-01;2;0
5;2025-12-01;3;0
5;2025-12-01;4;0
5;2025-12-01;5;0
5;2025-12-01;6;0
5;2025-12-01;7;0
5;2025-12-01;8;0
5;2025-12-01;9;0
5;2025-12-01;10;0
5;2025-12-01;11;0
5;2025-12-01;12;0
5;2025-12-01;13;0
5;2025-12-01;14;0
5;2025-12-01;15;0
5;2025-12-01;16;0
5;2025-12-01;17;0
5;2025-12-01;18;0
5;2025-12-01;19;0
5;2025-12-01;20;0
5;2025-12-01;21;0
5;2025-12-01;22;0
5;2025-12-01;23;0
5;2025-12-02;0;0
5;2025-12-02;1;0
5;2025-12-02;2;0
5;2025-12-02;3;0
5;2025-12-02;4;0
5;2025-12-02;5;0
5;2025-12-02;6;0
5;2025-12-02;7;0
5;2025-12-02;8;0
5;2025-12-02;9;0
5;2025-12-02;10;0
5;2025-12-02;11;0
5;2025-12-02;12;0
5;2025-12-02;13;0
5;2025-12-02;14;0
5;2025-12-02;15;0
5;2025-12-02;16;0
5;2025-12-02;17;0
5;2025-12-02;18;0
5;2025-12-02;19;0
5;2025-12-02;20;0
5;2025-12-02;21;0
5;2025-12-02;22;0
5;2025-12-02;23;0
5;2025-12-03;0;0
5;2025-12-03;1;0
5;2025-12-03;2;0
5;2025-12-03;3;0
5;2025-12-03;4;0
5;2025-12-03;5;0
5;2025-12-03;6;0
5;2025-12-03;7;0
5;2025-12-03;8;0
5;2025-12-03;9;0
5;2025-12-03;10;0
5;2025-12-03;11;0
5;2025-12-03;12;0
5;2025-12-03;13;0
5;2025-12-03;14;0
5;2025-12-03;15;0
5;2025-12-03;16;0
5;2025-12-03;17;0
5;2025-12-03;18;0
5;2025-12-03;19;0
5;2025-12-03;20;0
5;2025-12-03;21;0
5;2025-12-03;22;0
5;2025-12-03;23;0
5;2025-12-04;0;0
5;2025-12-04;1;0
5;2025-12-04;2;0
5;2025-12-04;3;0
5;2025-12-04;4;0
5;2025-12-04;5;0
5;2025-12-04;6;0
5;2025-12-04;7;0
5;2025-12-04;8;0
5;2025-12-04;9;0
5;2025-12-04;10;0
5;2025-12-04;11;0
5;2025-12-04;12;0
5;2025-12-04;13;0
5;2025-12-04;14;0
5;2025-12-04;15;0
5;2025-12-04;16;0
5;2025-12-04;17;0
5;2025-12-04;18;0
5;2025-12-04;19;0
5;2025-12-04;20;0
5;2025-12-04;21;0
5;2025-12-04;22;0
5;2025-12-04;23;0
5;2025-12-05;0;0
5;2025-12-05;1;0
5;2025-12-05;2;0
5;2025-12-05;3;0
5;2025-12-05;4;0
5;2025-12-05;5;0
5;2025-12-05;6;0
5;2025-12-05;7;0
5;2025-12-05;8;0
5;2025-12-05;9;0
5;2025-12-05;10;0
5;2025-12-05;11;0
5;2025-12-05;12;0
5;2025-12-05;13;0
5;2025-12-05;14;0
5;2025-12-05;15;0
5;2025-12-05;16;0
5;2025-12-05;17;0
5;2025-12-05;18;0
5;2025-12-05;19;0
5;2025-12-05;20;0
5;2025-12-05;21;0
5;2025-12-05;22;0
5;2025-12-05;23;0
5;2025-12-06;0;0
5;2025-12-06;1;0
5;2025-12-06;2;0
5;2025-12-06;3;0
5;2025-12-06;4;0
5;2025-12-06;5;0
5;2025-12-06;6;0
5;2025-12-06;7;0
5;2025-12-06;8;0
5;2025-12-06;9;0
5;2025-12-06;10;0
5;2025-12-06;11;0
5;2025-12-06;12;0
5;2025-12-06;13;0
5;2025-12-06;14;0
5;2025-12-06;15;0
5;2025-12-06;16;0
5;2025-12-06;17;0
5;2025-12-06;18;0
5;2025-12-06;19;0
5;2025-12-06;20;0
5;2025-12-06;21;0
5;2025-12-06;22;0
5;2025-12-06;23;0
5;2025-12-07;0;0
5;2025-12-07;1;0
5;2025-12-07;2;0
5;2025-12-07;3;0
5;2025-12-07;4;0
5;2025-12-07;5;0
5;2025-12-07;6;0
5;2025-12-07;7;0
5;2025-12-07;8;0
5;2025-12-07;9;0
5;2025-12-07;10;0
5;2025-12-07;11;0
5;2025-12-07;12;0
5;2025-12-07;13;0
5;2025-12-07;14;0
5;2025-12-07;15;0
5;2025-12-07;16;0
5;2025-12-07;17;0
5;2025-12-07;18;0
5;2025-12-07;19;0
5;2025-12-07;20;0
5;2025-12-07;21;0
5;2025-12-07;22;0
5;2025-12-07;23;0
5;2025-12-08;0;0
5;2025-12-08;1;0
5;2025-12-08;2;0
5;2025-12-08;3;0
5;2025-12-08;4;0
5;2025-12-08;5;0
5;2025-12-08;6;0
5;2025-12-08;7;0
5;2025-12-08;8;0
5;2025-12-08;9;0
5;2025-12-08;10;0
5;2025-12-08;11;0
5;2025-12-08;12;0
5;2025-12-08;13;0
5;2025-12-08;14;0
5;2025-12-08;15;0
5;2025-12-08;16;0
5;2025-12-08;17;0
5;2025-12-08;18;0
5;2025-12-08;19;0
5;2025-12-08;20;0
5;2025-12-08;21;0
5;2025-12-08;22;0
5;2025-12-08;23;0
5;2025-12-09;0;0
5;2025-12-09;1;0
5;2025-12-09;2;0
5;2025-12-09;3;0
5;2025-12-09;4;0
5;2025-12-09;5;0
5;2025-12-09;6;0
5;2025-12-09;7;0
5;2025-12-09;8;0
5;2025-12-09;9;0
5;2025-12-09;10;0
5;2025-12-09;11;0
5;2025-12-09;12;0
5;2025-12-09;13;0
5;2025-12-09;14;0
5;2025-12-09;15;0
5;2025-12-09;16;0
5;2025-12-09;17;0
5;2025-12-09;18;0
5;2025-12-09;19;0
5;2025-12-09;20;0
5;2025-12-09;21;0
5;2025-12-09;22;0
5;2025-12-09;23;0
5;2025-12-10;0;0
5;2025-12-10;1;0
5;2025-12-10;2;0
5;2025-12-10;3;0
5;2025-12-10;4;0
5;2025-12-10;5;0
5;2025-12-10;6;0
5;2025-12-10;7;0
5;2025-12-10;8;0
5;2025-12-10;9;0
5;2025-12-10;10;0
5;2025-12-10;11;0
5;2025-12-10;12;0
5;2025-12-10;13;0
5;2025-12-10;14;0
5;2025-12-10;15;0
5;2025-12-10;16;0
5;2025-12-10;17;0
5;2025-12-10;18;0
5;2025-12-10;19;0
5;2025-12-10;20;0
5;2025-12-10;21;0
5;2025-12-10;22;0
5;2025-12-10;23;0
5;2025-12-11;0;0
5;2025-12-11;1;0
5;2025-12-11;2;0
5;2025-12-11;3;0
5;2025-12-11;4;0
5;2025-12-11;5;0
5;2025-12-11;6;0
5;2025-12-11;7;0
5;2025-12-11;8;0
5;2025-12-11;9;0
5;2025-12-11;10;0
5;2025-12-11;11;0
5;2025-12-11;12;0
5;2025-12-11;13;0
5;2025-12-11;14;0
5;2025-12-11;15;0
5;2025-12-11;16;0
5;2025-12-11;17;0
5;2025-12-11;18;0
5;2025-12-11;19;0
5;2025-12-11;20;0
5;2025-12-11;21;0
5;2025-12-11;22;0
5;2025-12-11;23;0
5;2025-12-12;0;0
5;2025-12-12;1;0
5;2025-12-12;2;0
5;2025-12-12;3;0
5;2025-12-12;4;0
5;2025-12-12;5;0
5;2025-12-12;6;0
5;2025-12-12;7;0
5;2025-12-12;8;0
5;2025-12-12;9;0
5;2025-12-12;10;0
5;2025-12-12;11;0
5;2025-12-12;12;0
5;2025-12-12;13;0
5;2025-12-12;14;0
5;2025-12-12;15;0
5;2025-12-12;16;0
5;2025-12-12;17;0
5;2025-12-12;18;0
5;2025-12-12;19;0
5;2025-12-12;20;0
5;2025-12-12;21;0
5;2025-12-12;22;0
5;2025-12-12;23;0
5;2025-12-13;0;0
5;2025-12-13;1;0
5;2025-12-13;2;0
5;2025-12-13;3;0
5;2025-12-13;4;0
5;2025-12-13;5;0
5;2025-12-13;6;0
5;2025-12-13;7;0
5;2025-12-13;8;0
5;2025-12-13;9;0
5;2025-12-13;10;0
5;2025-12-13;11;0
5;2025-12-13;12;0
5;2025-12-13;13;0
5;2025-12-13;14;0
5;2025-12-13;15;0
5;2025-12-13;16;0
5;2025-12-13;17;0
5;2025-12-13;18;0
5;2025-12-13;19;0
5;2025-12-13;20;0
5;2025-12-13;21;0
5;2025-12-13;22;0
5;2025-12-13;23;0
5;2025-12-14;0;0
5;2025-12-14;1;0
5;2025-12-14;2;0
5;2025-12-14;3;0
5;2025-12-14;4;0
5;2025-12-14;5;0
5;2025-12-14;6;0
5;2025-12-14;7;0
5;2025-12-14;8;0
5;2025-12-14;9;0
5;2025-12-14;10;0
5;2025-12-14;11;0
5;2025-12-14;12;0
5;2025-12-14;13;0
5;2025-12-14;14;0
5;2025-12-14;15;0
5;2025-12-14;16;0
5;2025-12-14;17;0
5;2025-12-14;18;0
5;2025-12-14;19;0
5;2025-12-14;20;0
5;2025-12-14;21;0
5;2025-12-14;22;0
5;2025-12-14;23;0
5;2025-12-15;0;0
5;2025-12-15;1;0
5;2025-12-15;2;0
5;2025-12-15;3;0
5;2025-12-15;4;0
5;2025-12-15;5;0
5;2025-12-15;6;0
5;2025-12-15;7;0
5;2025-12-15;8;0
5;2025-12-15;9;0
5;2025-12-15;10;0
5;2025-12-15;11;0
5;2025-12-15;12;0
5;2025-12-15;13;0
5;2025-12-15;14;0
5;2025-12-15;15;0
5;2025-12-15;16;0
5;2025-12-15;17;0
5;2025-12-15;18;0
5;2025-12-15;19;0
5;2025-12-15;20;0
5;2025-12-15;21;0
5;2025-12-15;22;0
5;2025-12-15;23;0
5;2025-12-16;0;0
5;2025-12-16;1;0
5;2025-12-16;2;0
5;2025-12-16;3;0
5;2025-12-16;4;0
5;2025-12-16;5;0
5;2025-12-16;6;0
5;2025-12-16;7;0
5;2025-12-16;8;0
5;2025-12-16;9;0
5;2025-12-16;10;0
5;2025-12-16;11;0
5;2025-12-16;12;0
5;2025-12-16;13;0
5;2025-12-16;14;0
5;2025-12-16;15;0
5;2025-12-16;16;0
5;2025-12-16;17;0
5;2025-12-16;18;0
5;2025-12-16;19;0
5;2025-12-16;20;0
5;2025-12-16;21;0
5;2025-12-16;22;0
5;2025-12-16;23;0
5;2025-12-17;0;0
5;2025-12-17;1;0
5;2025-12-17;2;0
5;2025-12-17;3;0
5;2025-12-17;4;0
5;2025-12-17;5;0
5;2025-12-17;6;0
5;2025-12-17;7;0
5;2025-12-17;8;0
5;2025-12-17;9;0
5;2025-12-17;10;0
5;2025-12-17;11;0
5;2025-12-17;12;0
5;2025-12-17;13;0
5;2025-12-17;14;0
5;2025-12-17;15;0
5;2025-12-17;16;0
5;2025-12-17;17;0
5;2025-12-17;18;0
5;2025-12-17;19;0
5;2025-12-17;20;0
5;2025-12-17;21;0
5;2025-12-17;22;0
5;2025-12-17;23;0
5;2025-12-18;0;0
5;2025-12-18;1;0
5;2025-12-18;2;0
5;2025-12-18;3;0
5;2025-12-18;4;0
5;2025-12-18;5;0
5;2025-12-18;6;0
5;2025-12-18;7;0
5;2025-12-18;8;0
5;2025-12-18;9;0
5;2025-12-18;10;0
5;2025-12-18;11;0
5;2025-12-18;12;0
5;2025-12-18;13;0
5;2025-12-18;14;0
5;2025-12-18;15;0
5;2025-12-18;16;0
5;2025-12-18;17;0
5;2025-12-18;18;0
5;2025-12-18;19;0
5;2025-12-18;20;0
5;2025-12-18;21;0
5;2025-12-18;22;0
5;2025-12-18;23;0
5;2025-12-19;0;0
5;2025-12-19;1;0
5;2025-12-19;2;0
5;2025-12-19;3;0
5;2025-12-19;4;0
5;2025-12-19;5;0
5;2025-12-19;6;0
5;2025-12-19;7;0
5;2025-12-19;8;0
5;2025-12-19;9;0
5;2025-12-19;10;0
5;2025-12-19;11;0
5;2025-12-19;12;0
5;2025-12-19;13;0
5;2025-12-19;14;0
5;2025-12-19;15;0
5;2025-12-19;16;0
5;2025-12-19;17;0
5;2025-12-19;18;0
5;2025-12-19;19;0
5;2025-12-19;20;0
5;2025-12-19;21;0
5;2025-12-19;22;0
5;2025-12-19;23;0
5;2025-12-20;0;0
5;2025-12-20;1;0
5;2025-12-20;2;0
5;2025-12-20;3;0
5;2025-12-20;4;0
5;2025-12-20;5;0
5;2025-12-20;6;0
5;2025-12-20;7;0
5;2025-12-20;8;0
5;2025-12-20;9;0
5;2025-12-20;10;0
5;2025-12-20;11;0
5;2025-12-20;12;0
5;2025-12-20;13;0
5;2025-12-20;14;0
5;2025-12-20;15;0
5;2025-12-20;16;0
5;2025-12-20;17;0
5;2025-12-20;18;0
5;2025-12-20;19;0
5;2025-12-20;20;0
5;2025-12-20;21;0
5;2025-12-20;22;0
5;2025-12-20;23;0
5;2025-12-21;0;0
5;2025-12-21;1;0
5;2025-12-21;2;0
5;2025-12-21;3;0
5;2025-12-21;4;0
5;2025-12-21;5;0
5;2025-12-21;6;0
5;2025-12-21;7;0
5;2025-12-21;8;0
5;2025-12-21;9;0
5;2025-12-21;10;0
5;2025-12-21;11;0
5;2025-12-21;12;0
5;2025-12-21;13;0
5;2025-12-21;14;0
5;2025-12-21;15;0
5;2025-12-21;16;0
5;2025-12-21;17;0
5;2025-12-21;18;0
5;2025-12-21;19;0
5;2025-12-21;20;0
5;2025-12-21;21;0
5;2025-12-21;22;0
5;2025-12-21;23;0
5;2025-12-22;0;0
5;2025-12-22;1;0
5;2025-12-22;2;0
5;2025-12-22;3;0
5;2025-12-22;4;0
5;2025-12-22;5;0
5;2025-12-22;6;0
5;2025-12-22;7;0
5;2025-12-22;8;0
5;2025-12-22;9;0
5;2025-12-22;10;0
5;2025-12-22;11;0
5;2025-12-22;12;0
5;2025-12-22;13;0
5;2025-12-22;14;0
5;2025-12-22;15;0
5;2025-12-22;16;0
5;2025-12-22;17;0
5;2025-12-22;18;0
5;2025-12-22;19;0
5;2025-12-22;20;0
5;2025-12-22;21;0
5;2025-12-22;22;0
5;2025-12-22;23;0
5;2025-12-23;0;0
5;2025-12-23;1;0
5;2025-12-23;2;0
5;2025-12-23;3;0
5;2025-12-23;4;0
5;2025-12-23;5;0
5;2025-12-23;6;0
5;2025-12-23;7;0
5;2025-12-23;8;0
5;2025-12-23;9;0
5;2025-12-23;10;0
5;2025-12-23;11;0
5;2025-12-23;12;0
5;2025-12-23;13;0
5;2025-12-23;14;0
5;2025-12-23;15;0
5;2025-12-23;16;0
5;2025-12-23;17;0
5;2025-12-23;18;0
5;2025-12-23;19;0
5;2025-12-23;20;0
5;2025-12-23;21;0
5;2025-12-23;22;0
5;2025-12-23;23;0
5;2025-12-24;0;0
5;2025-12-24;1;0
5;2025-12-24;2;0
5;2025-12-24;3;0
5;2025-12-24;4;0
5;2025-12-24;5;0
5;2025-12-24;6;0
5;2025-12-24;7;0
5;2025-12-24;8;0
5;2025-12-24;9;0
5;2025-12-24;10;0
5;2025-12-24;11;0
5;2025-12-24;12;0
5;2025-12-24;13;0
5;2025-12-24;14;0
5;2025-12-24;15;0
5;2025-12-24;16;0
5;2025-12-24;17;0
5;2025-12-24;18;0
5;2025-12-24;19;0
5;2025-12-24;20;0
5;2025-12-24;21;0
5;2025-12-24;22;0
5;2025-12-24;23;0
5;2025-12-25;0;0
5;2025-12-25;1;0
5;2025-12-25;2;0
5;2025-12-25;3;0
5;2025-12-25;4;0
5;2025-12-25;5;0
5;2025-12-25;6;0
5;2025-12-25;7;0
5;2025-12-25;8;0
5;2025-12-25;9;0
5;2025-12-25;10;0
5;2025-12-25;11;0
5;2025-12-25;12;0
5;2025-12-25;13;0
5;2025-12-25;14;0
5;2025-12-25;15;0
5;2025-12-25;16;0
5;2025-12-25;17;0
5;2025-12-25;18;0
5;2025-12-25;19;0
5;2025-12-25;20;0
5;2025-12-25;21;0
5;2025-12-25;22;0
5;2025-12-25;23;0
5;2025-12-26;0;0
5;2025-12-26;1;0
5;2025-12-26;2;0
5;2025-12-26;3;0
5;2025-12-26;4;0
5;2025-12-26;5;0
5;2025-12-26;6;0
5;2025-12-26;7;0
5;2025-12-26;8;0
5;2025-12-26;9;0
5;2025-12-26;10;0
5;2025-12-26;11;0
5;2025-12-26;12;0
5;2025-12-26;13;0
5;2025-12-26;14;0
5;2025-12-26;15;0
5;2025-12-26;16;0
5;2025-12-26;17;0
5;2025-12-26;18;0
5;2025-12-26;19;0
5;2025-12-26;20;0
5;2025-12-26;21;0
5;2025-12-26;22;0
5;2025-12-26;23;0
5;2025-12-27;0;0
5;2025-12-27;1;0
5;2025-12-27;2;0
5;2025-12-27;3;0
5;2025-12-27;4;0
5;2025-12-27;5;0
5;2025-12-27;6;0
5;2025-12-27;7;0
5;2025-12-27;8;0
5;2025-12-27;9;0
5;2025-12-27;10;0
5;2025-12-27;11;0
5;2025-12-27;12;0
5;2025-12-27;13;0
5;2025-12-27;14;0
5;2025-12-27;15;0
5;2025-12-27;16;0
5;2025-12-27;17;0
5;2025-12-27;18;0
5;2025-12-27;19;0
5;2025-12-27;20;0
5;2025-12-27;21;0
5;2025-12-27;22;0
5;2025-12-27;23;0
5;2025-12-28;0;0
5;2025-12-28;1;0
5;2025-12-28;2;0
5;2025-12-28;3;0
5;2025-12-28;4;0
5;2025-12-28;5;0
5;2025-12-28;6;0
5;2025-12-28;7;0
5;2025-12-28;8;0
5;2025-12-28;9;0
5;2025-12-28;10;0
5;2025-12-28;11;0
5;2025-12-28;12;0
5;2025-12-28;13;0
5;2025-12-28;14;0
5;2025-12-28;15;0
5;2025-12-28;16;0
5;2025-12-28;17;0
5;2025-12-28;18;0
5;2025-12-28;19;0
5;2025-12-28;20;0
5;2025-12-28;21;0
5;2025-12-28;22;0
5;2025-12-28;23;0
5;2025-12-29;0;0
5;2025-12-29;1;0
5;2025-12-29;2;0
5;2025-12-29;3;0
5;2025-12-29;4;0
5;2025-12-29;5;0
5;2025-12-29;6;0
5;2025-12-29;7;0
5;2025-12-29;8;0
5;2025-12-29;9;0
5;2025-12-29;10;0
5;2025-12-29;11;0
5;2025-12-29;12;0
5;2025-12-29;13;0
5;2025-12-29;14;0
5;2025-12-29;15;0
5;2025-12-29;16;0
5;2025-12-29;17;0
5;2025-12-29;18;0
5;2025-12-29;19;0
5;2025-12-29;20;0
5;2025-12-29;21;0
5;2025-12-29;22;0
5;2025-12-29;23;0
5;2025-12-30;0;0
5;2025-12-30;1;0
5;2025-12-30;2;0
5;2025-12-30;3;0
5;2025-12-30;4;0
5;2025-12-30;5;0
5;2025-12-30;6;0
5;2025-12-30;7;0
5;2025-12-30;8;0
5;2025-12-30;9;0
5;2025-12-30;10;0
5;2025-12-30;11;0
5;2025-12-30;12;0
5;2025-12-30;13;0
5;2025-12-30;14;0
5;2025-12-30;15;0
5;2025-12-30;16;0
5;2025-12-30;17;0
5;2025-12-30;18;0
5;2025-12-30;19;0
5;2025-12-30;20;0
5;2025-12-30;21;0
5;2025-12-30;22;0
5;2025-12-30;23;0
5;2025-12-31;0;0
5;2025-12-31;1;0
5;2025-12-31;2;0
5;2025-12-31;3;0
5;2025-12-31;4;0
5;2025-12-31;5;0
5;2025-12-31;6;0
5;2025-12-31;7;0
5;2025-12-31;8;0
5;2025-12-31;9;0
5;2025-12-31;10;0
5;2025-12-31;11;0
5;2025-12-31;12;0
5;2025-12-31;13;0
5;2025-12-31;14;0
5;2025-12-31;15;0
5;2025-12-31;16;0
5;2025-12-31;17;0
5;2025-12-31;18;0
5;2025-12-31;19;0
5;2025-12-31;20;0
5;2025-12-31;21;0
5;2025-12-31;22;0
5;2025-12-31;23;0
7;2025-11-01;0;109
7;2025-11-01;1;36
7;2025-11-01;2;0
7;2025-11-01;3;17
7;2025-11-01;4;4
7;2025-11-01;5;59
7;2025-11-01;6;316
7;2025-11-01;7;572
7;2025-11-01;8;2081
7;2025-11-01;9;1705
7;2025-11-01;10;1581
7;2025-11-01;11;1666
7;2025-11-01;12;1776
7;2025-11-01;13;1861
7;2025-11-01;14;1863
7;2025-11-01;15;1992
7;2025-11-01;16;2055
7;2025-11-01;17;2381
7;2025-11-01;18;2457
7;2025-11-01;19;1773
7;2025-11-01;20;1200
7;2025-11-01;21;700
7;2025-11-01;22;377
7;2025-11-01;23;264
7;2025-11-02;0;105
7;2025-11-02;1;22
7;2025-11-02;2;0
7;2025-11-02;3;0
7;2025-11-02;4;4
7;2025-11-02;5;38
7;2025-11-02;6;202
7;2025-11-02;7;341
7;2025-11-02;8;534
7;2025-11-02;9;663
7;2025-11-02;10;777
7;2025-11-02;11;966
7;2025-11-02;12;1110
7;2025-11-02;13;1152
7;2025-11-02;14;1192
7;2025-11-02;15;1114
7;2025-11-02;16;933
7;2025-11-02;17;963
7;2025-11-02;18;882
7;2025-11-02;19;805
7;2025-11-02;20;642
7;2025-11-02;21;547
7;2025-11-02;22;290
7;2025-11-02;23;169
7;2025-11-03;0;69
7;2025-11-03;1;5
7;2025-11-03;2;0
7;2025-11-03;3;0
7;2025-11-03;4;0
7;2025-11-03;5;127
7;2025-11-03;6;289
7;2025-11-03;7;655
7;2025-11-03;8;828
7;2025-11-03;9;841
7;2025-11-03;10;862
7;2025-11-03;11;896
7;2025-11-03;12;999
7;2025-11-03;13;964
7;2025-11-03;14;1066
7;2025-11-03;15;977
7;2025-11-03;16;835
7;2025-11-03;17;909
7;2025-11-03;18;985
7;2025-11-03;19;961
7;2025-11-03;20;623
7;2025-11-03;21;526
7;2025-11-03;22;282
7;2025-11-03;23;161
7;2025-11-04;0;67
7;2025-11-04;1;2
7;2025-11-04;2;0
7;2025-11-04;3;0
7;2025-11-04;4;2
7;2025-11-04;5;86
7;2025-11-04;6;233
7;2025-11-04;7;503
7;2025-11-04;8;703
7;2025-11-04;9;637
7;2025-11-04;10;744
7;2025-11-04;11;808
7;2025-11-04;12;937
7;2025-11-04;13;891
7;2025-11-04;14;982
7;2025-11-04;15;917
7;2025-11-04;16;738
7;2025-11-04;17;875
7;2025-11-04;18;939
7;2025-11-04;19;834
7;2025-11-04;20;589
7;2025-11-04;21;509
7;2025-11-04;22;309
7;2025-11-04;23;175
7;2025-11-05;0;63
7;2025-11-05;1;14
7;2025-11-05;2;0
7;2025-11-05;3;0
7;2025-11-05;4;3
7;2025-11-05;5;206
7;2025-11-05;6;692
7;2025-11-05;7;1604
7;2025-11-05;8;2583
7;2025-11-05;9;1883
7;2025-11-05;10;1635
7;2025-11-05;11;1543
7;2025-11-05;12;1641
7;2025-11-05;13;1638
7;2025-11-05;14;1699
7;2025-11-05;15;1848
7;2025-11-05;16;1931
7;2025-11-05;17;2434
7;2025-11-05;18;2632
7;2025-11-05;19;1820
7;2025-11-05;20;1129
7;2025-11-05;21;666
7;2025-11-05;22;352
7;2025-11-05;23;211
7;2025-11-06;0;67
7;2025-11-06;1;16
7;2025-11-06;2;0
7;2025-11-06;3;0
7;2025-11-06;4;3
7;2025-11-06;5;207
7;2025-11-06;6;693
7;2025-11-06;7;1601
7;2025-11-06;8;2582
7;2025-11-06;9;1884
7;2025-11-06;10;1637
7;2025-11-06;11;1548
7;2025-11-06;12;1647
7;2025-11-06;13;1643
7;2025-11-06;14;1703
7;2025-11-06;15;1848
7;2025-11-06;16;1935
7;2025-11-06;17;2435
7;2025-11-06;18;2637
7;2025-11-06;19;1830
7;2025-11-06;20;1132
7;2025-11-06;21;671
7;2025-11-06;22;354
7;2025-11-06;23;213
7;2025-11-07;0;69
7;2025-11-07;1;12
7;2025-11-07;2;0
7;2025-11-07;3;0
7;2025-11-07;4;3
7;2025-11-07;5;199
7;2025-11-07;6;679
7;2025-11-07;7;1587
7;2025-11-07;8;2498
7;2025-11-07;9;1851
7;2025-11-07;10;1608
7;2025-11-07;11;1542
7;2025-11-07;12;1627
7;2025-11-07;13;1640
7;2025-11-07;14;1710
7;2025-11-07;15;1844
7;2025-11-07;16;1946
7;2025-11-07;17;2384
7;2025-11-07;18;2487
7;2025-11-07;19;1775
7;2025-11-07;20;1106
7;2025-11-07;21;656
7;2025-11-07;22;355
7;2025-11-07;23;229
7;2025-11-08;0;105
7;2025-11-08;1;26
7;2025-11-08;2;0
7;2025-11-08;3;0
7;2025-11-08;4;0
7;2025-11-08;5;48
7;2025-11-08;6;278
7;2025-11-08;7;496
7;2025-11-08;8;735
7;2025-11-08;9;790
7;2025-11-08;10;881
7;2025-11-08;11;1069
7;2025-11-08;12;1221
7;2025-11-08;13;1218
7;2025-11-08;14;1272
7;2025-11-08;15;1232
7;2025-11-08;16;1097
7;2025-11-08;17;1081
7;2025-11-08;18;1048
7;2025-11-08;19;955
7;2025-11-08;20;760
7;2025-11-08;21;643
7;2025-11-08;22;328
7;2025-11-08;23;223
7;2025-11-09;0;105
7;2025-11-09;1;22
7;2025-11-09;2;0
7;2025-11-09;3;0
7;2025-11-09;4;4
7;2025-11-09;5;38
7;2025-11-09;6;202
7;2025-11-09;7;341
7;2025-11-09;8;534
7;2025-11-09;9;663
7;2025-11-09;10;777
7;2025-11-09;11;966
7;2025-11-09;12;1110
7;2025-11-09;13;1152
7;2025-11-09;14;1192
7;2025-11-09;15;1114
7;2025-11-09;16;933
7;2025-11-09;17;963
7;2025-11-09;18;882
7;2025-11-09;19;805
7;2025-11-09;20;642
7;2025-11-09;21;547
7;2025-11-09;22;290
7;2025-11-09;23;169
7;2025-11-10;0;69
7;2025-11-10;1;11
7;2025-11-10;2;0
7;2025-11-10;3;0
7;2025-11-10;4;0
7;2025-11-10;5;192
7;2025-11-10;6;667
7;2025-11-10;7;1583
7;2025-11-10;8;2545
7;2025-11-10;9;1848
7;2025-11-10;10;1581
7;2025-11-10;11;1476
7;2025-11-10;12;1560
7;2025-11-10;13;1578
7;2025-11-10;14;1649
7;2025-11-10;15;1810
7;2025-11-10;16;1912
7;2025-11-10;17;2409
7;2025-11-10;18;2585
7;2025-11-10;19;1778
7;2025-11-10;20;1091
7;2025-11-10;21;623
7;2025-11-10;22;321
7;2025-11-10;23;180
7;2025-11-11;0;63
7;2025-11-11;1;12
7;2025-11-11;2;0
7;2025-11-11;3;0
7;2025-11-11;4;3
7;2025-11-11;5;203
7;2025-11-11;6;690
7;2025-11-11;7;1608
7;2025-11-11;8;2584
7;2025-11-11;9;1882
7;2025-11-11;10;1635
7;2025-11-11;11;1550
7;2025-11-11;12;1648
7;2025-11-11;13;1644
7;2025-11-11;14;1702
7;2025-11-11;15;1849
7;2025-11-11;16;1937
7;2025-11-11;17;2434
7;2025-11-11;18;2632
7;2025-11-11;19;1828
7;2025-11-11;20;1131
7;2025-11-11;21;665
7;2025-11-11;22;338
7;2025-11-11;23;197
7;2025-11-12;0;63
7;2025-11-12;1;14
7;2025-11-12;2;0
7;2025-11-12;3;0
7;2025-11-12;4;3
7;2025-11-12;5;206
7;2025-11-12;6;692
7;2025-11-12;7;1604
7;2025-11-12;8;2583
7;2025-11-12;9;1883
7;2025-11-12;10;1635
7;2025-11-12;11;1543
7;2025-11-12;12;1641
7;2025-11-12;13;1638
7;2025-11-12;14;1699
7;2025-11-12;15;1848
7;2025-11-12;16;1931
7;2025-11-12;17;2434
7;2025-11-12;18;2632
7;2025-11-12;19;1820
7;2025-11-12;20;1129
7;2025-11-12;21;666
7;2025-11-12;22;352
7;2025-11-12;23;211
7;2025-11-13;0;67
7;2025-11-13;1;16
7;2025-11-13;2;0
7;2025-11-13;3;0
7;2025-11-13;4;3
7;2025-11-13;5;207
7;2025-11-13;6;693
7;2025-11-13;7;1601
7;2025-11-13;8;2582
7;2025-11-13;9;1884
7;2025-11-13;10;1637
7;2025-11-13;11;1548
7;2025-11-13;12;1647
7;2025-11-13;13;1643
7;2025-11-13;14;1703
7;2025-11-13;15;1848
7;2025-11-13;16;1935
7;2025-11-13;17;2435
7;2025-11-13;18;2637
7;2025-11-13;19;1830
7;2025-11-13;20;1132
7;2025-11-13;21;671
7;2025-11-13;22;354
7;2025-11-13;23;213
7;2025-11-14;0;69
7;2025-11-14;1;12
7;2025-11-14;2;0
7;2025-11-14;3;0
7;2025-11-14;4;3
7;2025-11-14;5;199
7;2025-11-14;6;679
7;2025-11-14;7;1587
7;2025-11-14;8;2498
7;2025-11-14;9;1851
7;2025-11-14;10;1608
7;2025-11-14;11;1542
7;2025-11-14;12;1627
7;2025-11-14;13;1640
7;2025-11-14;14;1710
7;2025-11-14;15;1844
7;2025-11-14;16;1946
7;2025-11-14;17;2384
7;2025-11-14;18;2487
7;2025-11-14;19;1775
7;2025-11-14;20;1106
7;2025-11-14;21;656
7;2025-11-14;22;355
7;2025-11-14;23;229
7;2025-11-15;0;105
7;2025-11-15;1;26
7;2025-11-15;2;0
7;2025-11-15;3;0
7;2025-11-15;4;0
7;2025-11-15;5;48
7;2025-11-15;6;278
7;2025-11-15;7;496
7;2025-11-15;8;735
7;2025-11-15;9;790
7;2025-11-15;10;881
7;2025-11-15;11;1069
7;2025-11-15;12;1221
7;2025-11-15;13;1218
7;2025-11-15;14;1272
7;2025-11-15;15;1232
7;2025-11-15;16;1097
7;2025-11-15;17;1081
7;2025-11-15;18;1048
7;2025-11-15;19;955
7;2025-11-15;20;760
7;2025-11-15;21;643
7;2025-11-15;22;328
7;2025-11-15;23;223
7;2025-11-16;0;105
7;2025-11-16;1;22
7;2025-11-16;2;0
7;2025-11-16;3;0
7;2025-11-16;4;4
7;2025-11-16;5;38
7;2025-11-16;6;202
7;2025-11-16;7;341
7;2025-11-16;8;534
7;2025-11-16;9;663
7;2025-11-16;10;777
7;2025-11-16;11;966
7;2025-11-16;12;1110
7;2025-11-16;13;1152
7;2025-11-16;14;1192
7;2025-11-16;15;1114
7;2025-11-16;16;933
7;2025-11-16;17;963
7;2025-11-16;18;882
7;2025-11-16;19;805
7;2025-11-16;20;642
7;2025-11-16;21;547
7;2025-11-16;22;290
7;2025-11-16;23;169
7;2025-11-17;0;69
7;2025-11-17;1;11
7;2025-11-17;2;0
7;2025-11-17;3;0
7;2025-11-17;4;0
7;2025-11-17;5;192
7;2025-11-17;6;667
7;2025-11-17;7;1583
7;2025-11-17;8;2545
7;2025-11-17;9;1848
7;2025-11-17;10;1581
7;2025-11-17;11;1476
7;2025-11-17;12;1560
7;2025-11-17;13;1578
7;2025-11-17;14;1649
7;2025-11-17;15;1810
7;2025-11-17;16;1912
7;2025-11-17;17;2409
7;2025-11-17;18;2585
7;2025-11-17;19;1778
7;2025-11-17;20;1091
7;2025-11-17;21;623
7;2025-11-17;22;321
7;2025-11-17;23;180
7;2025-11-18;0;63
7;2025-11-18;1;12
7;2025-11-18;2;0
7;2025-11-18;3;0
7;2025-11-18;4;3
7;2025-11-18;5;203
7;2025-11-18;6;690
7;2025-11-18;7;1608
7;2025-11-18;8;2584
7;2025-11-18;9;1882
7;2025-11-18;10;1635
7;2025-11-18;11;1550
7;2025-11-18;12;1648
7;2025-11-18;13;1644
7;2025-11-18;14;1702
7;2025-11-18;15;1849
7;2025-11-18;16;1937
7;2025-11-18;17;2434
7;2025-11-18;18;2632
7;2025-11-18;19;1828
7;2025-11-18;20;1131
7;2025-11-18;21;665
7;2025-11-18;22;338
7;2025-11-18;23;197
7;2025-11-19;0;63
7;2025-11-19;1;14
7;2025-11-19;2;0
7;2025-11-19;3;0
7;2025-11-19;4;3
7;2025-11-19;5;206
7;2025-11-19;6;692
7;2025-11-19;7;1604
7;2025-11-19;8;2583
7;2025-11-19;9;1883
7;2025-11-19;10;1635
7;2025-11-19;11;1543
7;2025-11-19;12;1641
7;2025-11-19;13;1638
7;2025-11-19;14;1699
7;2025-11-19;15;1848
7;2025-11-19;16;1931
7;2025-11-19;17;2434
7;2025-11-19;18;2632
7;2025-11-19;19;1820
7;2025-11-19;20;1129
7;2025-11-19;21;666
7;2025-11-19;22;352
7;2025-11-19;23;211
7;2025-11-20;0;67
7;2025-11-20;1;16
7;2025-11-20;2;0
7;2025-11-20;3;0
7;2025-11-20;4;3
7;2025-11-20;5;207
7;2025-11-20;6;693
7;2025-11-20;7;1601
7;2025-11-20;8;2582
7;2025-11-20;9;1884
7;2025-11-20;10;1637
7;2025-11-20;11;1548
7;2025-11-20;12;1647
7;2025-11-20;13;1643
7;2025-11-20;14;1703
7;2025-11-20;15;1848
7;2025-11-20;16;1935
7;2025-11-20;17;2435
7;2025-11-20;18;2637
7;2025-11-20;19;1830
7;2025-11-20;20;1132
7;2025-11-20;21;671
7;2025-11-20;22;354
7;2025-11-20;23;213
7;2025-11-21;0;69
7;2025-11-21;1;12
7;2025-11-21;2;0
7;2025-11-21;3;0
7;2025-11-21;4;3
7;2025-11-21;5;199
7;2025-11-21;6;679
7;2025-11-21;7;1587
7;2025-11-21;8;2498
7;2025-11-21;9;1851
7;2025-11-21;10;1608
7;2025-11-21;11;1542
7;2025-11-21;12;1627
7;2025-11-21;13;1640
7;2025-11-21;14;1710
7;2025-11-21;15;1844
7;2025-11-21;16;1946
7;2025-11-21;17;2384
7;2025-11-21;18;2487
7;2025-11-21;19;1775
7;2025-11-21;20;1106
7;2025-11-21;21;656
7;2025-11-21;22;355
7;2025-11-21;23;229
7;2025-11-22;0;105
7;2025-11-22;1;26
7;2025-11-22;2;0
7;2025-11-22;3;0
7;2025-11-22;4;0
7;2025-11-22;5;48
7;2025-11-22;6;278
7;2025-11-22;7;496
7;2025-11-22;8;735
7;2025-11-22;9;790
7;2025-11-22;10;881
7;2025-11-22;11;1069
7;2025-11-22;12;1221
7;2025-11-22;13;1218
7;2025-11-22;14;1272
7;2025-11-22;15;1232
7;2025-11-22;16;1097
7;2025-11-22;17;1081
7;2025-11-22;18;1048
7;2025-11-22;19;955
7;2025-11-22;20;760
7;2025-11-22;21;643
7;2025-11-22;22;328
7;2025-11-22;23;223
7;2025-11-23;0;105
7;2025-11-23;1;22
7;2025-11-23;2;0
7;2025-11-23;3;0
7;2025-11-23;4;4
7;2025-11-23;5;38
7;2025-11-23;6;202
7;2025-11-23;7;341
7;2025-11-23;8;534
7;2025-11-23;9;663
7;2025-11-23;10;777
7;2025-11-23;11;966
7;2025-11-23;12;1110
7;2025-11-23;13;1152
7;2025-11-23;14;1192
7;2025-11-23;15;1114
7;2025-11-23;16;933
7;2025-11-23;17;963
7;2025-11-23;18;882
7;2025-11-23;19;805
7;2025-11-23;20;642
7;2025-11-23;21;547
7;2025-11-23;22;290
7;2025-11-23;23;169
7;2025-11-24;0;69
7;2025-11-24;1;11
7;2025-11-24;2;0
7;2025-11-24;3;0
7;2025-11-24;4;0
7;2025-11-24;5;192
7;2025-11-24;6;667
7;2025-11-24;7;1583
7;2025-11-24;8;2545
7;2025-11-24;9;1848
7;2025-11-24;10;1581
7;2025-11-24;11;1476
7;2025-11-24;12;1560
7;2025-11-24;13;1578
7;2025-11-24;14;1649
7;2025-11-24;15;1810
7;2025-11-24;16;1912
7;2025-11-24;17;2409
7;2025-11-24;18;2585
7;2025-11-24;19;1778
7;2025-11-24;20;1091
7;2025-11-24;21;623
7;2025-11-24;22;321
7;2025-11-24;23;180
7;2025-11-25;0;63
7;2025-11-25;1;12
7;2025-11-25;2;0
7;2025-11-25;3;0
7;2025-11-25;4;3
7;2025-11-25;5;203
7;2025-11-25;6;690
7;2025-11-25;7;1608
7;2025-11-25;8;2584
7;2025-11-25;9;1882
7;2025-11-25;10;1635
7;2025-11-25;11;1550
7;2025-11-25;12;1648
7;2025-11-25;13;1644
7;2025-11-25;14;1702
7;2025-11-25;15;1849
7;2025-11-25;16;1937
7;2025-11-25;17;2434
7;2025-11-25;18;2632
7;2025-11-25;19;1828
7;2025-11-25;20;1131
7;2025-11-25;21;665
7;2025-11-25;22;338
7;2025-11-25;23;197
7;2025-11-26;0;63
7;2025-11-26;1;14
7;2025-11-26;2;0
7;2025-11-26;3;0
7;2025-11-26;4;3
7;2025-11-26;5;206
7;2025-11-26;6;692
7;2025-11-26;7;1604
7;2025-11-26;8;2583
7;2025-11-26;9;1883
7;2025-11-26;10;1635
7;2025-11-26;11;1543
7;2025-11-26;12;1641
7;2025-11-26;13;1638
7;2025-11-26;14;1699
7;2025-11-26;15;1848
7;2025-11-26;16;1931
7;2025-11-26;17;2434
7;2025-11-26;18;2632
7;2025-11-26;19;1820
7;2025-11-26;20;1129
7;2025-11-26;21;666
7;2025-11-26;22;352
7;2025-11-26;23;211
7;2025-11-27;0;67
7;2025-11-27;1;16
7;2025-11-27;2;0
7;2025-11-27;3;0
7;2025-11-27;4;3
7;2025-11-27;5;207
7;2025-11-27;6;693
7;2025-11-27;7;1601
7;2025-11-27;8;2582
7;2025-11-27;9;1884
7;2025-11-27;10;1637
7;2025-11-27;11;1548
7;2025-11-27;12;1647
7;2025-11-27;13;1643
7;2025-11-27;14;1703
7;2025-11-27;15;1848
7;2025-11-27;16;1935
7;2025-11-27;17;2435
7;2025-11-27;18;2637
7;2025-11-27;19;1830
7;2025-11-27;20;1132
7;2025-11-27;21;671
7;2025-11-27;22;354
7;2025-11-27;23;213
7;2025-11-28;0;69
7;2025-11-28;1;12
7;2025-11-28;2;0
7;2025-11-28;3;0
7;2025-11-28;4;3
7;2025-11-28;5;199
7;2025-11-28;6;679
7;2025-11-28;7;1587
7;2025-11-28;8;2498
7;2025-11-28;9;1851
7;2025-11-28;10;1608
7;2025-11-28;11;1542
7;2025-11-28;12;1627
7;2025-11-28;13;1640
7;2025-11-28;14;1710
7;2025-11-28;15;1844
7;2025-11-28;16;1946
7;2025-11-28;17;2384
7;2025-11-28;18;2487
7;2025-11-28;19;1775
7;2025-11-28;20;1106
7;2025-11-28;21;656
7;2025-11-28;22;355
7;2025-11-28;23;229
7;2025-11-29;0;105
7;2025-11-29;1;26
7;2025-11-29;2;0
7;2025-11-29;3;0
7;2025-11-29;4;0
7;2025-11-29;5;48
7;2025-11-29;6;278
7;2025-11-29;7;496
7;2025-11-29;8;735
7;2025-11-29;9;790
7;2025-11-29;10;881
7;2025-11-29;11;1069
7;2025-11-29;12;1221
7;2025-11-29;13;1218
7;2025-11-29;14;1272
7;2025-11-29;15;1232
7;2025-11-29;16;1097
7;2025-11-29;17;1081
7;2025-11-29;18;1048
7;2025-11-29;19;955
7;2025-11-29;20;760
7;2025-11-29;21;643
7;2025-11-29;22;328
7;2025-11-29;23;223
7;2025-11-30;0;105
7;2025-11-30;1;22
7;2025-11-30;2;0
7;2025-11-30;3;0
7;2025-11-30;4;4
7;2025-11-30;5;38
7;2025-11-30;6;202
7;2025-11-30;7;341
7;2025-11-30;8;534
7;2025-11-30;9;663
7;2025-11-30;10;777
7;2025-11-30;11;966
7;2025-11-30;12;1110
7;2025-11-30;13;1152
7;2025-11-30;14;1192
7;2025-11-30;15;1114
7;2025-11-30;16;933
7;2025-11-30;17;963
7;2025-11-30;18;882
7;2025-11-30;19;805
7;2025-11-30;20;642
7;2025-11-30;21;547
7;2025-11-30;22;290
7;2025-11-30;23;169
7;2025-12-01;0;61
7;2025-12-01;1;9
7;2025-12-01;2;0
7;2025-12-01;3;0
7;2025-12-01;4;0
7;2025-12-01;5;188
7;2025-12-01;6;667
7;2025-12-01;7;1554
7;2025-12-01;8;2518
7;2025-12-01;9;1835
7;2025-12-01;10;1548
7;2025-12-01;11;1457
7;2025-12-01;12;1543
7;2025-12-01;13;1573
7;2025-12-01;14;1647
7;2025-12-01;15;1805
7;2025-12-01;16;1911
7;2025-12-01;17;2408
7;2025-12-01;18;2579
7;2025-12-01;19;1772
7;2025-12-01;20;1055
7;2025-12-01;21;596
7;2025-12-01;22;312
7;2025-12-01;23;158
7;2025-12-02;0;55
7;2025-12-02;1;10
7;2025-12-02;2;0
7;2025-12-02;3;0
7;2025-12-02;4;1
7;2025-12-02;5;198
7;2025-12-02;6;691
7;2025-12-02;7;1579
7;2025-12-02;8;2549
7;2025-12-02;9;1869
7;2025-12-02;10;1602
7;2025-12-02;11;1519
7;2025-12-02;12;1619
7;2025-12-02;13;1626
7;2025-12-02;14;1694
7;2025-12-02;15;1832
7;2025-12-02;16;1936
7;2025-12-02;17;2433
7;2025-12-02;18;2619
7;2025-12-02;19;1810
7;2025-12-02;20;1096
7;2025-12-02;21;638
7;2025-12-02;22;325
7;2025-12-02;23;172
7;2025-12-03;0;56
7;2025-12-03;1;12
7;2025-12-03;2;0
7;2025-12-03;3;0
7;2025-12-03;4;1
7;2025-12-03;5;200
7;2025-12-03;6;692
7;2025-12-03;7;1575
7;2025-12-03;8;2549
7;2025-12-03;9;1869
7;2025-12-03;10;1602
7;2025-12-03;11;1512
7;2025-12-03;12;1611
7;2025-12-03;13;1620
7;2025-12-03;14;1691
7;2025-12-03;15;1830
7;2025-12-03;16;1930
7;2025-12-03;17;2433
7;2025-12-03;18;2620
7;2025-12-03;19;1801
7;2025-12-03;20;1093
7;2025-12-03;21;639
7;2025-12-03;22;339
7;2025-12-03;23;185
7;2025-12-04;0;59
7;2025-12-04;1;14
7;2025-12-04;2;0
7;2025-12-04;3;0
7;2025-12-04;4;1
7;2025-12-04;5;201
7;2025-12-04;6;693
7;2025-12-04;7;1571
7;2025-12-04;8;2548
7;2025-12-04;9;1870
7;2025-12-04;10;1604
7;2025-12-04;11;1517
7;2025-12-04;12;1618
7;2025-12-04;13;1625
7;2025-12-04;14;1695
7;2025-12-04;15;1830
7;2025-12-04;16;1934
7;2025-12-04;17;2434
7;2025-12-04;18;2625
7;2025-12-04;19;1811
7;2025-12-04;20;1097
7;2025-12-04;21;644
7;2025-12-04;22;341
7;2025-12-04;23;190
7;2025-12-05;0;61
7;2025-12-05;1;10
7;2025-12-05;2;0
7;2025-12-05;3;0
7;2025-12-05;4;1
7;2025-12-05;5;193
7;2025-12-05;6;679
7;2025-12-05;7;1558
7;2025-12-05;8;2470
7;2025-12-05;9;1837
7;2025-12-05;10;1575
7;2025-12-05;11;1518
7;2025-12-05;12;1605
7;2025-12-05;13;1628
7;2025-12-05;14;1702
7;2025-12-05;15;1833
7;2025-12-05;16;1945
7;2025-12-05;17;2383
7;2025-12-05;18;2481
7;2025-12-05;19;1763
7;2025-12-05;20;1070
7;2025-12-05;21;630
7;2025-12-05;22;342
7;2025-12-05;23;213
7;2025-12-06;0;97
7;2025-12-06;1;23
7;2025-12-06;2;0
7;2025-12-06;3;0
7;2025-12-06;4;0
7;2025-12-06;5;47
7;2025-12-06;6;278
7;2025-12-06;7;475
7;2025-12-06;8;693
7;2025-12-06;9;785
7;2025-12-06;10;860
7;2025-12-06;11;1051
7;2025-12-06;12;1191
7;2025-12-06;13;1211
7;2025-12-06;14;1258
7;2025-12-06;15;1210
7;2025-12-06;16;1091
7;2025-12-06;17;1067
7;2025-12-06;18;1035
7;2025-12-06;19;937
7;2025-12-06;20;718
7;2025-12-06;21;589
7;2025-12-06;22;318
7;2025-12-06;23;212
7;2025-12-07;0;98
7;2025-12-07;1;19
7;2025-12-07;2;0
7;2025-12-07;3;0
7;2025-12-07;4;3
7;2025-12-07;5;37
7;2025-12-07;6;199
7;2025-12-07;7;321
7;2025-12-07;8;499
7;2025-12-07;9;658
7;2025-12-07;10;756
7;2025-12-07;11;960
7;2025-12-07;12;1093
7;2025-12-07;13;1151
7;2025-12-07;14;1179
7;2025-12-07;15;1098
7;2025-12-07;16;926
7;2025-12-07;17;954
7;2025-12-07;18;877
7;2025-12-07;19;800
7;2025-12-07;20;601
7;2025-12-07;21;498
7;2025-12-07;22;279
7;2025-12-07;23;152
7;2025-12-08;0;61
7;2025-12-08;1;9
7;2025-12-08;2;0
7;2025-12-08;3;0
7;2025-12-08;4;0
7;2025-12-08;5;188
7;2025-12-08;6;667
7;2025-12-08;7;1554
7;2025-12-08;8;2518
7;2025-12-08;9;1835
7;2025-12-08;10;1548
7;2025-12-08;11;1457
7;2025-12-08;12;1543
7;2025-12-08;13;1573
7;2025-12-08;14;1647
7;2025-12-08;15;1805
7;2025-12-08;16;1911
7;2025-12-08;17;2408
7;2025-12-08;18;2579
7;2025-12-08;19;1772
7;2025-12-08;20;1055
7;2025-12-08;21;596
7;2025-12-08;22;312
7;2025-12-08;23;158
7;2025-12-09;0;55
7;2025-12-09;1;10
7;2025-12-09;2;0
7;2025-12-09;3;0
7;2025-12-09;4;1
7;2025-12-09;5;198
7;2025-12-09;6;691
7;2025-12-09;7;1579
7;2025-12-09;8;2549
7;2025-12-09;9;1869
7;2025-12-09;10;1602
7;2025-12-09;11;1519
7;2025-12-09;12;1619
7;2025-12-09;13;1626
7;2025-12-09;14;1694
7;2025-12-09;15;1832
7;2025-12-09;16;1936
7;2025-12-09;17;2433
7;2025-12-09;18;2619
7;2025-12-09;19;1810
7;2025-12-09;20;1096
7;2025-12-09;21;638
7;2025-12-09;22;325
7;2025-12-09;23;172
7;2025-12-10;0;56
7;2025-12-10;1;12
7;2025-12-10;2;0
7;2025-12-10;3;0
7;2025-12-10;4;1
7;2025-12-10;5;200
7;2025-12-10;6;692
7;2025-12-10;7;1575
7;2025-12-10;8;2549
7;2025-12-10;9;1869
7;2025-12-10;10;1602
7;2025-12-10;11;1512
7;2025-12-10;12;1611
7;2025-12-10;13;1620
7;2025-12-10;14;1691
7;2025-12-10;15;1830
7;2025-12-10;16;1930
7;2025-12-10;17;2433
7;2025-12-10;18;2620
7;2025-12-10;19;1801
7;2025-12-10;20;1093
7;2025-12-10;21;639
7;2025-12-10;22;339
7;2025-12-10;23;185
7;2025-12-11;0;59
7;2025-12-11;1;14
7;2025-12-11;2;0
7;2025-12-11;3;0
7;2025-12-11;4;1
7;2025-12-11;5;201
7;2025-12-11;6;693
7;2025-12-11;7;1571
7;2025-12-11;8;2548
7;2025-12-11;9;1870
7;2025-12-11;10;1604
7;2025-12-11;11;1517
7;2025-12-11;12;1618
7;2025-12-11;13;1625
7;2025-12-11;14;1695
7;2025-12-11;15;1830
7;2025-12-11;16;1934
7;2025-12-11;17;2434
7;2025-12-11;18;2625
7;2025-12-11;19;1811
7;2025-12-11;20;1097
7;2025-12-11;21;644
7;2025-12-11;22;341
7;2025-12-11;23;190
7;2025-12-12;0;61
7;2025-12-12;1;10
7;2025-12-12;2;0
7;2025-12-12;3;0
7;2025-12-12;4;1
7;2025-12-12;5;193
7;2025-12-12;6;679
7;2025-12-12;7;1558
7;2025-12-12;8;2470
7;2025-12-12;9;1837
7;2025-12-12;10;1575
7;2025-12-12;11;1518
7;2025-12-12;12;1605
7;2025-12-12;13;1628
7;2025-12-12;14;1702
7;2025-12-12;15;1833
7;2025-12-12;16;1945
7;2025-12-12;17;2383
7;2025-12-12;18;2481
7;2025-12-12;19;1763
7;2025-12-12;20;1070
7;2025-12-12;21;630
7;2025-12-12;22;342
7;2025-12-12;23;213
7;2025-12-13;0;97
7;2025-12-13;1;23
7;2025-12-13;2;0
7;2025-12-13;3;0
7;2025-12-13;4;0
7;2025-12-13;5;47
7;2025-12-13;6;278
7;2025-12-13;7;475
7;2025-12-13;8;693
7;2025-12-13;9;785
7;2025-12-13;10;860
7;2025-12-13;11;1051
7;2025-12-13;12;1191
7;2025-12-13;13;1211
7;2025-12-13;14;1258
7;2025-12-13;15;1210
7;2025-12-13;16;1091
7;2025-12-13;17;1067
7;2025-12-13;18;1035
7;2025-12-13;19;937
7;2025-12-13;20;718
7;2025-12-13;21;589
7;2025-12-13;22;318
7;2025-12-13;23;212
7;2025-12-14;0;98
7;2025-12-14;1;19
7;2025-12-14;2;0
7;2025-12-14;3;0
7;2025-12-14;4;3
7;2025-12-14;5;37
7;2025-12-14;6;199
7;2025-12-14;7;321
7;2025-12-14;8;499
7;2025-12-14;9;658
7;2025-12-14;10;756
7;2025-12-14;11;960
7;2025-12-14;12;1093
7;2025-12-14;13;1151
7;2025-12-14;14;1179
7;2025-12-14;15;1098
7;2025-12-14;16;926
7;2025-12-14;17;954
7;2025-12-14;18;877
7;2025-12-14;19;800
7;2025-12-14;20;601
7;2025-12-14;21;498
7;2025-12-14;22;279
7;2025-12-14;23;152
7;2025-12-15;0;61
7;2025-12-15;1;9
7;2025-12-15;2;0
7;2025-12-15;3;0
7;2025-12-15;4;0
7;2025-12-15;5;188
7;2025-12-15;6;667
7;2025-12-15;7;1554
7;2025-12-15;8;2518
7;2025-12-15;9;1835
7;2025-12-15;10;1548
7;2025-12-15;11;1457
7;2025-12-15;12;1543
7;2025-12-15;13;1573
7;2025-12-15;14;1647
7;2025-12-15;15;1805
7;2025-12-15;16;1911
7;2025-12-15;17;2408
7;2025-12-15;18;2579
7;2025-12-15;19;1772
7;2025-12-15;20;1055
7;2025-12-15;21;596
7;2025-12-15;22;312
7;2025-12-15;23;158
7;2025-12-16;0;55
7;2025-12-16;1;10
7;2025-12-16;2;0
7;2025-12-16;3;0
7;2025-12-16;4;1
7;2025-12-16;5;198
7;2025-12-16;6;691
7;2025-12-16;7;1579
7;2025-12-16;8;2549
7;2025-12-16;9;1869
7;2025-12-16;10;1602
7;2025-12-16;11;1519
7;2025-12-16;12;1619
7;2025-12-16;13;1626
7;2025-12-16;14;1694
7;2025-12-16;15;1832
7;2025-12-16;16;1936
7;2025-12-16;17;2433
7;2025-12-16;18;2619
7;2025-12-16;19;1810
7;2025-12-16;20;1096
7;2025-12-16;21;638
7;2025-12-16;22;325
7;2025-12-16;23;172
7;2025-12-17;0;56
7;2025-12-17;1;12
7;2025-12-17;2;0
7;2025-12-17;3;0
7;2025-12-17;4;1
7;2025-12-17;5;200
7;2025-12-17;6;692
7;2025-12-17;7;1575
7;2025-12-17;8;2549
7;2025-12-17;9;1869
7;2025-12-17;10;1602
7;2025-12-17;11;1512
7;2025-12-17;12;1611
7;2025-12-17;13;1620
7;2025-12-17;14;1691
7;2025-12-17;15;1830
7;2025-12-17;16;1930
7;2025-12-17;17;2433
7;2025-12-17;18;2620
7;2025-12-17;19;1801
7;2025-12-17;20;1093
7;2025-12-17;21;639
7;2025-12-17;22;339
7;2025-12-17;23;185
7;2025-12-18;0;59
7;2025-12-18;1;14
7;2025-12-18;2;0
7;2025-12-18;3;0
7;2025-12-18;4;1
7;2025-12-18;5;201
7;2025-12-18;6;693
7;2025-12-18;7;1571
7;2025-12-18;8;2548
7;2025-12-18;9;1870
7;2025-12-18;10;1604
7;2025-12-18;11;1517
7;2025-12-18;12;1618
7;2025-12-18;13;1625
7;2025-12-18;14;1695
7;2025-12-18;15;1830
7;2025-12-18;16;1934
7;2025-12-18;17;2434
7;2025-12-18;18;2625
7;2025-12-18;19;1811
7;2025-12-18;20;1097
7;2025-12-18;21;644
7;2025-12-18;22;341
7;2025-12-18;23;190
7;2025-12-19;0;61
7;2025-12-19;1;10
7;2025-12-19;2;0
7;2025-12-19;3;0
7;2025-12-19;4;1
7;2025-12-19;5;193
7;2025-12-19;6;679
7;2025-12-19;7;1558
7;2025-12-19;8;2470
7;2025-12-19;9;1837
7;2025-12-19;10;1575
7;2025-12-19;11;1518
7;2025-12-19;12;1605
7;2025-12-19;13;1628
7;2025-12-19;14;1702
7;2025-12-19;15;1833
7;2025-12-19;16;1945
7;2025-12-19;17;2383
7;2025-12-19;18;2481
7;2025-12-19;19;1763
7;2025-12-19;20;1070
7;2025-12-19;21;630
7;2025-12-19;22;342
7;2025-12-19;23;213
7;2025-12-20;0;97
7;2025-12-20;1;23
7;2025-12-20;2;0
7;2025-12-20;3;0
7;2025-12-20;4;0
7;2025-12-20;5;47
7;2025-12-20;6;278
7;2025-12-20;7;475
7;2025-12-20;8;693
7;2025-12-20;9;785
7;2025-12-20;10;860
7;2025-12-20;11;1051
7;2025-12-20;12;1191
7;2025-12-20;13;1211
7;2025-12-20;14;1258
7;2025-12-20;15;1210
7;2025-12-20;16;1091
7;2025-12-20;17;1067
7;2025-12-20;18;1035
7;2025-12-20;19;937
7;2025-12-20;20;718
7;2025-12-20;21;589
7;2025-12-20;22;318
7;2025-12-20;23;212
7;2025-12-21;0;98
7;2025-12-21;1;19
7;2025-12-21;2;0
7;2025-12-21;3;0
7;2025-12-21;4;3
7;2025-12-21;5;37
7;2025-12-21;6;199
7;2025-12-21;7;321
7;2025-12-21;8;499
7;2025-12-21;9;658
7;2025-12-21;10;756
7;2025-12-21;11;960
7;2025-12-21;12;1093
7;2025-12-21;13;1151
7;2025-12-21;14;1179
7;2025-12-21;15;1098
7;2025-12-21;16;926
7;2025-12-21;17;954
7;2025-12-21;18;877
7;2025-12-21;19;800
7;2025-12-21;20;601
7;2025-12-21;21;498
7;2025-12-21;22;279
7;2025-12-21;23;152
7;2025-12-22;0;61
7;2025-12-22;1;9
7;2025-12-22;2;0
7;2025-12-22;3;0
7;2025-12-22;4;0
7;2025-12-22;5;188
7;2025-12-22;6;667
7;2025-12-22;7;1554
7;2025-12-22;8;2518
7;2025-12-22;9;1835
7;2025-12-22;10;1548
7;2025-12-22;11;1457
7;2025-12-22;12;1543
7;2025-12-22;13;1573
7;2025-12-22;14;1647
7;2025-12-22;15;1805
7;2025-12-22;16;1911
7;2025-12-22;17;2408
7;2025-12-22;18;2579
7;2025-12-22;19;1772
7;2025-12-22;20;1055
7;2025-12-22;21;596
7;2025-12-22;22;312
7;2025-12-22;23;158
7;2025-12-23;0;55
7;2025-12-23;1;10
7;2025-12-23;2;0
7;2025-12-23;3;0
7;2025-12-23;4;1
7;2025-12-23;5;198
7;2025-12-23;6;691
7;2025-12-23;7;1579
7;2025-12-23;8;2549
7;2025-12-23;9;1869
7;2025-12-23;10;1602
7;2025-12-23;11;1519
7;2025-12-23;12;1619
7;2025-12-23;13;1626
7;2025-12-23;14;1694
7;2025-12-23;15;1832
7;2025-12-23;16;1936
7;2025-12-23;17;2433
7;2025-12-23;18;2619
7;2025-12-23;19;1810
7;2025-12-23;20;1096
7;2025-12-23;21;638
7;2025-12-23;22;325
7;2025-12-23;23;172
7;2025-12-24;0;56
7;2025-12-24;1;12
7;2025-12-24;2;0
7;2025-12-24;3;0
7;2025-12-24;4;1
7;2025-12-24;5;200
7;2025-12-24;6;692
7;2025-12-24;7;1575
7;2025-12-24;8;2549
7;2025-12-24;9;1869
7;2025-12-24;10;1602
7;2025-12-24;11;1512
7;2025-12-24;12;1611
7;2025-12-24;13;1620
7;2025-12-24;14;1691
7;2025-12-24;15;1830
7;2025-12-24;16;1930
7;2025-12-24;17;2433
7;2025-12-24;18;2620
7;2025-12-24;19;1801
7;2025-12-24;20;1093
7;2025-12-24;21;639
7;2025-12-24;22;339
7;2025-12-24;23;185
7;2025-12-25;0;59
7;2025-12-25;1;14
7;2025-12-25;2;0
7;2025-12-25;3;0
7;2025-12-25;4;1
7;2025-12-25;5;201
7;2025-12-25;6;693
7;2025-12-25;7;1571
7;2025-12-25;8;2548
7;2025-12-25;9;1870
7;2025-12-25;10;1604
7;2025-12-25;11;1517
7;2025-12-25;12;1618
7;2025-12-25;13;1625
7;2025-12-25;14;1695
7;2025-12-25;15;1830
7;2025-12-25;16;1934
7;2025-12-25;17;2434
7;2025-12-25;18;2625
7;2025-12-25;19;1811
7;2025-12-25;20;1097
7;2025-12-25;21;644
7;2025-12-25;22;341
7;2025-12-25;23;190
7;2025-12-26;0;61
7;2025-12-26;1;10
7;2025-12-26;2;0
7;2025-12-26;3;0
7;2025-12-26;4;1
7;2025-12-26;5;193
7;2025-12-26;6;679
7;2025-12-26;7;1558
7;2025-12-26;8;2470
7;2025-12-26;9;1837
7;2025-12-26;10;1575
7;2025-12-26;11;1518
7;2025-12-26;12;1605
7;2025-12-26;13;1628
7;2025-12-26;14;1702
7;2025-12-26;15;1833
7;2025-12-26;16;1945
7;2025-12-26;17;2383
7;2025-12-26;18;2481
7;2025-12-26;19;1763
7;2025-12-26;20;1070
7;2025-12-26;21;630
7;2025-12-26;22;342
7;2025-12-26;23;213
7;2025-12-27;0;97
7;2025-12-27;1;23
7;2025-12-27;2;0
7;2025-12-27;3;0
7;2025-12-27;4;0
7;2025-12-27;5;47
7;2025-12-27;6;278
7;2025-12-27;7;475
7;2025-12-27;8;693
7;2025-12-27;9;785
7;2025-12-27;10;860
7;2025-12-27;11;1051
7;2025-12-27;12;1191
7;2025-12-27;13;1211
7;2025-12-27;14;1258
7;2025-12-27;15;1210
7;2025-12-27;16;1091
7;2025-12-27;17;1067
7;2025-12-27;18;1035
7;2025-12-27;19;937
7;2025-12-27;20;718
7;2025-12-27;21;589
7;2025-12-27;22;318
7;2025-12-27;23;212
7;2025-12-28;0;98
7;2025-12-28;1;19
7;2025-12-28;2;0
7;2025-12-28;3;0
7;2025-12-28;4;3
7;2025-12-28;5;37
7;2025-12-28;6;199
7;2025-12-28;7;321
7;2025-12-28;8;499
7;2025-12-28;9;658
7;2025-12-28;10;756
7;2025-12-28;11;960
7;2025-12-28;12;1093
7;2025-12-28;13;1151
7;2025-12-28;14;1179
7;2025-12-28;15;1098
7;2025-12-28;16;926
7;2025-12-28;17;954
7;2025-12-28;18;877
7;2025-12-28;19;800
7;2025-12-28;20;601
7;2025-12-28;21;498
7;2025-12-28;22;279
7;2025-12-28;23;152
7;2025-12-29;0;61
7;2025-12-29;1;9
7;2025-12-29;2;0
7;2025-12-29;3;0
7;2025-12-29;4;0
7;2025-12-29;5;188
7;2025-12-29;6;667
7;2025-12-29;7;1554
7;2025-12-29;8;2518
7;2025-12-29;9;1835
7;2025-12-29;10;1548
7;2025-12-29;11;1457
7;2025-12-29;12;1543
7;2025-12-29;13;1573
7;2025-12-29;14;1647
7;2025-12-29;15;1805
7;2025-12-29;16;1911
7;2025-12-29;17;2408
7;2025-12-29;18;2579
7;2025-12-29;19;1772
7;2025-12-29;20;1055
7;2025-12-29;21;596
7;2025-12-29;22;312
7;2025-12-29;23;158
7;2025-12-30;0;55
7;2025-12-30;1;10
7;2025-12-30;2;0
7;2025-12-30;3;0
7;2025-12-30;4;1
7;2025-12-30;5;198
7;2025-12-30;6;691
7;2025-12-30;7;1579
7;2025-12-30;8;2549
7;2025-12-30;9;1869
7;2025-12-30;10;1602
7;2025-12-30;11;1519
7;2025-12-30;12;1619
7;2025-12-30;13;1626
7;2025-12-30;14;1694
7;2025-12-30;15;1832
7;2025-12-30;16;1936
7;2025-12-30;17;2433
7;2025-12-30;18;2619
7;2025-12-30;19;1810
7;2025-12-30;20;1096
7;2025-12-30;21;638
7;2025-12-30;22;325
7;2025-12-30;23;172
7;2025-12-31;0;53
7;2025-12-31;1;5
7;2025-12-31;2;0
7;2025-12-31;3;0
7;2025-12-31;4;0
7;2025-12-31;5;135
7;2025-12-31;6;302
7;2025-12-31;7;646
7;2025-12-31;8;817
7;2025-12-31;9;861
7;2025-12-31;10;884
7;2025-12-31;11;933
7;2025-12-31;12;1040
7;2025-12-31;13;1005
7;2025-12-31;14;1109
7;2025-12-31;15;997
7;2025-12-31;16;853
7;2025-12-31;17;923
7;2025-12-31;18;1009
7;2025-12-31;19;985
7;2025-12-31;20;611
7;2025-12-31;21;504
7;2025-12-31;22;290
7;2025-12-31;23;169
11;2025-11-01;0;116
11;2025-11-01;1;12
11;2025-11-01;2;0
11;2025-11-01;3;0
11;2025-11-01;4;6
11;2025-11-01;5;218
11;2025-11-01;6;789
11;2025-11-01;7;1012
11;2025-11-01;8;2635
11;2025-11-01;9;2348
11;2025-11-01;10;1891
11;2025-11-01;11;2093
11;2025-11-01;12;2183
11;2025-11-01;13;2243
11;2025-11-01;14;2326
11;2025-11-01;15;2286
11;2025-11-01;16;2443
11;2025-11-01;17;2963
11;2025-11-01;18;2880
11;2025-11-01;19;2303
11;2025-11-01;20;1593
11;2025-11-01;21;791
11;2025-11-01;22;498
11;2025-11-01;23;346
11;2025-11-02;0;104
11;2025-11-02;1;9
11;2025-11-02;2;0
11;2025-11-02;3;0
11;2025-11-02;4;3
11;2025-11-02;5;139
11;2025-11-02;6;541
11;2025-11-02;7;546
11;2025-11-02;8;705
11;2025-11-02;9;946
11;2025-11-02;10;1081
11;2025-11-02;11;1518
11;2025-11-02;12;1637
11;2025-11-02;13;1657
11;2025-11-02;14;1710
11;2025-11-02;15;1762
11;2025-11-02;16;1754
11;2025-11-02;17;1747
11;2025-11-02;18;1353
11;2025-11-02;19;1218
11;2025-11-02;20;988
11;2025-11-02;21;709
11;2025-11-02;22;380
11;2025-11-02;23;255
11;2025-11-03;0;81
11;2025-11-03;1;6
11;2025-11-03;2;0
11;2025-11-03;3;0
11;2025-11-03;4;0
11;2025-11-03;5;202
11;2025-11-03;6;508
11;2025-11-03;7;640
11;2025-11-03;8;967
11;2025-11-03;9;1044
11;2025-11-03;10;1122
11;2025-11-03;11;1382
11;2025-11-03;12;1468
11;2025-11-03;13;1533
11;2025-11-03;14;1486
11;2025-11-03;15;1641
11;2025-11-03;16;1641
11;2025-11-03;17;1499
11;2025-11-03;18;1516
11;2025-11-03;19;1354
11;2025-11-03;20;1046
11;2025-11-03;21;625
11;2025-11-03;22;400
11;2025-11-03;23;224
11;2025-11-04;0;60
11;2025-11-04;1;3
11;2025-11-04;2;0
11;2025-11-04;3;0
11;2025-11-04;4;0
11;2025-11-04;5;176
11;2025-11-04;6;449
11;2025-11-04;7;506
11;2025-11-04;8;799
11;2025-11-04;9;914
11;2025-11-04;10;1014
11;2025-11-04;11;1215
11;2025-11-04;12;1318
11;2025-11-04;13;1417
11;2025-11-04;14;1371
11;2025-11-04;15;1489
11;2025-11-04;16;1501
11;2025-11-04;17;1446
11;2025-11-04;18;1379
11;2025-11-04;19;1276
11;2025-11-04;20;970
11;2025-11-04;21;616
11;2025-11-04;22;379
11;2025-11-04;23;236
11;2025-11-05;0;67
11;2025-11-05;1;0
11;2025-11-05;2;0
11;2025-11-05;3;0
11;2025-11-05;4;0
11;2025-11-05;5;295
11;2025-11-05;6;1374
11;2025-11-05;7;2347
11;2025-11-05;8;3194
11;2025-11-05;9;2464
11;2025-11-05;10;1895
11;2025-11-05;11;1885
11;2025-11-05;12;1933
11;2025-11-05;13;2040
11;2025-11-05;14;2019
11;2025-11-05;15;2104
11;2025-11-05;16;2322
11;2025-11-05;17;2904
11;2025-11-05;18;3138
11;2025-11-05;19;2375
11;2025-11-05;20;1577
11;2025-11-05;21;944
11;2025-11-05;22;467
11;2025-11-05;23;271
11;2025-11-06;0;71
11;2025-11-06;1;1
11;2025-11-06;2;0
11;2025-11-06;3;0
11;2025-11-06;4;0
11;2025-11-06;5;296
11;2025-11-06;6;1380
11;2025-11-06;7;2347
11;2025-11-06;8;3193
11;2025-11-06;9;2473
11;2025-11-06;10;1901
11;2025-11-06;11;1893
11;2025-11-06;12;1938
11;2025-11-06;13;2045
11;2025-11-06;14;2022
11;2025-11-06;15;2107
11;2025-11-06;16;2327
11;2025-11-06;17;2909
11;2025-11-06;18;3141
11;2025-11-06;19;2381
11;2025-11-06;20;1582
11;2025-11-06;21;949
11;2025-11-06;22;468
11;2025-11-06;23;273
11;2025-11-07;0;75
11;2025-11-07;1;1
11;2025-11-07;2;0
11;2025-11-07;3;0
11;2025-11-07;4;0
11;2025-11-07;5;288
11;2025-11-07;6;1371
11;2025-11-07;7;2331
11;2025-11-07;8;3149
11;2025-11-07;9;2425
11;2025-11-07;10;1864
11;2025-11-07;11;1883
11;2025-11-07;12;1920
11;2025-11-07;13;2033
11;2025-11-07;14;2029
11;2025-11-07;15;2118
11;2025-11-07;16;2330
11;2025-11-07;17;2902
11;2025-11-07;18;2996
11;2025-11-07;19;2265
11;2025-11-07;20;1547
11;2025-11-07;21;936
11;2025-11-07;22;465
11;2025-11-07;23;292
11;2025-11-08;0;106
11;2025-11-08;1;5
11;2025-11-08;2;0
11;2025-11-08;3;0
11;2025-11-08;4;5
11;2025-11-08;5;183
11;2025-11-08;6;773
11;2025-11-08;7;749
11;2025-11-08;8;992
11;2025-11-08;9;1129
11;2025-11-08;10;1183
11;2025-11-08;11;1622
11;2025-11-08;12;1742
11;2025-11-08;13;1767
11;2025-11-08;14;1801
11;2025-11-08;15;1836
11;2025-11-08;16;1877
11;2025-11-08;17;1886
11;2025-11-08;18;1551
11;2025-11-08;19;1419
11;2025-11-08;20;1100
11;2025-11-08;21;772
11;2025-11-08;22;449
11;2025-11-08;23;309
11;2025-11-09;0;104
11;2025-11-09;1;9
11;2025-11-09;2;0
11;2025-11-09;3;0
11;2025-11-09;4;3
11;2025-11-09;5;139
11;2025-11-09;6;541
11;2025-11-09;7;546
11;2025-11-09;8;705
11;2025-11-09;9;946
11;2025-11-09;10;1081
11;2025-11-09;11;1518
11;2025-11-09;12;1637
11;2025-11-09;13;1657
11;2025-11-09;14;1710
11;2025-11-09;15;1762
11;2025-11-09;16;1754
11;2025-11-09;17;1747
11;2025-11-09;18;1353
11;2025-11-09;19;1218
11;2025-11-09;20;988
11;2025-11-09;21;709
11;2025-11-09;22;380
11;2025-11-09;23;255
11;2025-11-10;0;72
11;2025-11-10;1;4
11;2025-11-10;2;0
11;2025-11-10;3;0
11;2025-11-10;4;1
11;2025-11-10;5;279
11;2025-11-10;6;1353
11;2025-11-10;7;2328
11;2025-11-10;8;3169
11;2025-11-10;9;2420
11;2025-11-10;10;1838
11;2025-11-10;11;1854
11;2025-11-10;12;1884
11;2025-11-10;13;2001
11;2025-11-10;14;1980
11;2025-11-10;15;2078
11;2025-11-10;16;2294
11;2025-11-10;17;2879
11;2025-11-10;18;3103
11;2025-11-10;19;2329
11;2025-11-10;20;1534
11;2025-11-10;21;905
11;2025-11-10;22;436
11;2025-11-10;23;240
11;2025-11-11;0;66
11;2025-11-11;1;0
11;2025-11-11;2;0
11;2025-11-11;3;0
11;2025-11-11;4;0
11;2025-11-11;5;291
11;2025-11-11;6;1374
11;2025-11-11;7;2347
11;2025-11-11;8;3194
11;2025-11-11;9;2471
11;2025-11-11;10;1892
11;2025-11-11;11;1886
11;2025-11-11;12;1930
11;2025-11-11;13;2038
11;2025-11-11;14;2019
11;2025-11-11;15;2110
11;2025-11-11;16;2328
11;2025-11-11;17;2911
11;2025-11-11;18;3141
11;2025-11-11;19;2375
11;2025-11-11;20;1576
11;2025-11-11;21;940
11;2025-11-11;22;455
11;2025-11-11;23;254
11;2025-11-12;0;67
11;2025-11-12;1;0
11;2025-11-12;2;0
11;2025-11-12;3;0
11;2025-11-12;4;0
11;2025-11-12;5;295
11;2025-11-12;6;1374
11;2025-11-12;7;2347
11;2025-11-12;8;3194
11;2025-11-12;9;2464
11;2025-11-12;10;1895
11;2025-11-12;11;1885
11;2025-11-12;12;1933
11;2025-11-12;13;2040
11;2025-11-12;14;2019
11;2025-11-12;15;2104
11;2025-11-12;16;2322
11;2025-11-12;17;2904
11;2025-11-12;18;3138
11;2025-11-12;19;2375
11;2025-11-12;20;1577
11;2025-11-12;21;944
11;2025-11-12;22;467
11;2025-11-12;23;271
11;2025-11-13;0;71
11;2025-11-13;1;1
11;2025-11-13;2;0
11;2025-11-13;3;0
11;2025-11-13;4;0
11;2025-11-13;5;296
11;2025-11-13;6;1380
11;2025-11-13;7;2347
11;2025-11-13;8;3193
11;2025-11-13;9;2473
11;2025-11-13;10;1901
11;2025-11-13;11;1893
11;2025-11-13;12;1938
11;2025-11-13;13;2045
11;2025-11-13;14;2022
11;2025-11-13;15;2107
11;2025-11-13;16;2327
11;2025-11-13;17;2909
11;2025-11-13;18;3141
11;2025-11-13;19;2381
11;2025-11-13;20;1582
11;2025-11-13;21;949
11;2025-11-13;22;468
11;2025-11-13;23;273
11;2025-11-14;0;75
11;2025-11-14;1;1
11;2025-11-14;2;0
11;2025-11-14;3;0
11;2025-11-14;4;0
11;2025-11-14;5;288
11;2025-11-14;6;1371
11;2025-11-14;7;2331
11;2025-11-14;8;3149
11;2025-11-14;9;2425
11;2025-11-14;10;1864
11;2025-11-14;11;1883
11;2025-11-14;12;1920
11;2025-11-14;13;2033
11;2025-11-14;14;2029
11;2025-11-14;15;2118
11;2025-11-14;16;2330
11;2025-11-14;17;2902
11;2025-11-14;18;2996
11;2025-11-14;19;2265
11;2025-11-14;20;1547
11;2025-11-14;21;936
11;2025-11-14;22;465
11;2025-11-14;23;292
11;2025-11-15;0;106
11;2025-11-15;1;5
11;2025-11-15;2;0
11;2025-11-15;3;0
11;2025-11-15;4;5
11;2025-11-15;5;183
11;2025-11-15;6;773
11;2025-11-15;7;749
11;2025-11-15;8;992
11;2025-11-15;9;1129
11;2025-11-15;10;1183
11;2025-11-15;11;1622
11;2025-11-15;12;1742
11;2025-11-15;13;1767
11;2025-11-15;14;1801
11;2025-11-15;15;1836
11;2025-11-15;16;1877
11;2025-11-15;17;1886
11;2025-11-15;18;1551
11;2025-11-15;19;1419
11;2025-11-15;20;1100
11;2025-11-15;21;772
11;2025-11-15;22;449
11;2025-11-15;23;309
11;2025-11-16;0;104
11;2025-11-16;1;9
11;2025-11-16;2;0
11;2025-11-16;3;0
11;2025-11-16;4;3
11;2025-11-16;5;139
11;2025-11-16;6;541
11;2025-11-16;7;546
11;2025-11-16;8;705
11;2025-11-16;9;946
11;2025-11-16;10;1081
11;2025-11-16;11;1518
11;2025-11-16;12;1637
11;2025-11-16;13;1657
11;2025-11-16;14;1710
11;2025-11-16;15;1762
11;2025-11-16;16;1754
11;2025-11-16;17;1747
11;2025-11-16;18;1353
11;2025-11-16;19;1218
11;2025-11-16;20;988
11;2025-11-16;21;709
11;2025-11-16;22;380
11;2025-11-16;23;255
11;2025-11-17;0;72
11;2025-11-17;1;4
11;2025-11-17;2;0
11;2025-11-17;3;0
11;2025-11-17;4;1
11;2025-11-17;5;279
11;2025-11-17;6;1353
11;2025-11-17;7;2328
11;2025-11-17;8;3169
11;2025-11-17;9;2420
11;2025-11-17;10;1838
11;2025-11-17;11;1854
11;2025-11-17;12;1884
11;2025-11-17;13;2001
11;2025-11-17;14;1980
11;2025-11-17;15;2078
11;2025-11-17;16;2294
11;2025-11-17;17;2879
11;2025-11-17;18;3103
11;2025-11-17;19;2329
11;2025-11-17;20;1534
11;2025-11-17;21;905
11;2025-11-17;22;436
11;2025-11-17;23;240
11;2025-11-18;0;66
11;2025-11-18;1;0
11;2025-11-18;2;0
11;2025-11-18;3;0
11;2025-11-18;4;0
11;2025-11-18;5;291
11;2025-11-18;6;1374
11;2025-11-18;7;2347
11;2025-11-18;8;3194
11;2025-11-18;9;2471
11;2025-11-18;10;1892
11;2025-11-18;11;1886
11;2025-11-18;12;1930
11;2025-11-18;13;2038
11;2025-11-18;14;2019
11;2025-11-18;15;2110
11;2025-11-18;16;2328
11;2025-11-18;17;2911
11;2025-11-18;18;3141
11;2025-11-18;19;2375
11;2025-11-18;20;1576
11;2025-11-18;21;940
11;2025-11-18;22;455
11;2025-11-18;23;254
11;2025-11-19;0;67
11;2025-11-19;1;0
11;2025-11-19;2;0
11;2025-11-19;3;0
11;2025-11-19;4;0
11;2025-11-19;5;295
11;2025-11-19;6;1374
11;2025-11-19;7;2347
11;2025-11-19;8;3194
11;2025-11-19;9;2464
11;2025-11-19;10;1895
11;2025-11-19;11;1885
11;2025-11-19;12;1933
11;2025-11-19;13;2040
11;2025-11-19;14;2019
11;2025-11-19;15;2104
11;2025-11-19;16;2322
11;2025-11-19;17;2904
11;2025-11-19;18;3138
11;2025-11-19;19;2375
11;2025-11-19;20;1577
11;2025-11-19;21;944
11;2025-11-19;22;467
11;2025-11-19;23;271
11;2025-11-20;0;71
11;2025-11-20;1;1
11;2025-11-20;2;0
11;2025-11-20;3;0
11;2025-11-20;4;0
11;2025-11-20;5;296
11;2025-11-20;6;1380
11;2025-11-20;7;2347
11;2025-11-20;8;3193
11;2025-11-20;9;2473
11;2025-11-20;10;1901
11;2025-11-20;11;1893
11;2025-11-20;12;1938
11;2025-11-20;13;2045
11;2025-11-20;14;2022
11;2025-11-20;15;2107
11;2025-11-20;16;2327
11;2025-11-20;17;2909
11;2025-11-20;18;3141
11;2025-11-20;19;2381
11;2025-11-20;20;1582
11;2025-11-20;21;949
11;2025-11-20;22;468
11;2025-11-20;23;273
11;2025-11-21;0;75
11;2025-11-21;1;1
11;2025-11-21;2;0
11;2025-11-21;3;0
11;2025-11-21;4;0
11;2025-11-21;5;288
11;2025-11-21;6;1371
11;2025-11-21;7;2331
11;2025-11-21;8;3149
11;2025-11-21;9;2425
11;2025-11-21;10;1864
11;2025-11-21;11;1883
11;2025-11-21;12;1920
11;2025-11-21;13;2033
11;2025-11-21;14;2029
11;2025-11-21;15;2118
11;2025-11-21;16;2330
11;2025-11-21;17;2902
11;2025-11-21;18;2996
11;2025-11-21;19;2265
11;2025-11-21;20;1547
11;2025-11-21;21;936
11;2025-11-21;22;465
11;2025-11-21;23;292
11;2025-11-22;0;106
11;2025-11-22;1;5
11;2025-11-22;2;0
11;2025-11-22;3;0
11;2025-11-22;4;5
11;2025-11-22;5;183
11;2025-11-22;6;773
11;2025-11-22;7;749
11;2025-11-22;8;992
11;2025-11-22;9;1129
11;2025-11-22;10;1183
11;2025-11-22;11;1622
11;2025-11-22;12;1742
11;2025-11-22;13;1767
11;2025-11-22;14;1801
11;2025-11-22;15;1836
11;2025-11-22;16;1877
11;2025-11-22;17;1886
11;2025-11-22;18;1551
11;2025-11-22;19;1419
11;2025-11-22;20;1100
11;2025-11-22;21;772
11;2025-11-22;22;449
11;2025-11-22;23;309
11;2025-11-23;0;104
11;2025-11-23;1;9
11;2025-11-23;2;0
11;2025-11-23;3;0
11;2025-11-23;4;3
11;2025-11-23;5;139
11;2025-11-23;6;541
11;2025-11-23;7;546
11;2025-11-23;8;705
11;2025-11-23;9;946
11;2025-11-23;10;1081
11;2025-11-23;11;1518
11;2025-11-23;12;1637
11;2025-11-23;13;1657
11;2025-11-23;14;1710
11;2025-11-23;15;1762
11;2025-11-23;16;1754
11;2025-11-23;17;1747
11;2025-11-23;18;1353
11;2025-11-23;19;1218
11;2025-11-23;20;988
11;2025-11-23;21;709
11;2025-11-23;22;380
11;2025-11-23;23;255
11;2025-11-24;0;72
11;2025-11-24;1;4
11;2025-11-24;2;0
11;2025-11-24;3;0
11;2025-11-24;4;1
11;2025-11-24;5;279
11;2025-11-24;6;1353
11;2025-11-24;7;2328
11;2025-11-24;8;3169
11;2025-11-24;9;2420
11;2025-11-24;10;1838
11;2025-11-24;11;1854
11;2025-11-24;12;1884
11;2025-11-24;13;2001
11;2025-11-24;14;1980
11;2025-11-24;15;2078
11;2025-11-24;16;2294
11;2025-11-24;17;2879
11;2025-11-24;18;3103
11;2025-11-24;19;2329
11;2025-11-24;20;1534
11;2025-11-24;21;905
11;2025-11-24;22;436
11;2025-11-24;23;240
11;2025-11-25;0;66
11;2025-11-25;1;0
11;2025-11-25;2;0
11;2025-11-25;3;0
11;2025-11-25;4;0
11;2025-11-25;5;291
11;2025-11-25;6;1374
11;2025-11-25;7;2347
11;2025-11-25;8;3194
11;2025-11-25;9;2471
11;2025-11-25;10;1892
11;2025-11-25;11;1886
11;2025-11-25;12;1930
11;2025-11-25;13;2038
11;2025-11-25;14;2019
11;2025-11-25;15;2110
11;2025-11-25;16;2328
11;2025-11-25;17;2911
11;2025-11-25;18;3141
11;2025-11-25;19;2375
11;2025-11-25;20;1576
11;2025-11-25;21;940
11;2025-11-25;22;455
11;2025-11-25;23;254
11;2025-11-26;0;67
11;2025-11-26;1;0
11;2025-11-26;2;0
11;2025-11-26;3;0
11;2025-11-26;4;0
11;2025-11-26;5;295
11;2025-11-26;6;1374
11;2025-11-26;7;2347
11;2025-11-26;8;3194
11;2025-11-26;9;2464
11;2025-11-26;10;1895
11;2025-11-26;11;1885
11;2025-11-26;12;1933
11;2025-11-26;13;2040
11;2025-11-26;14;2019
11;2025-11-26;15;2104
11;2025-11-26;16;2322
11;2025-11-26;17;2904
11;2025-11-26;18;3138
11;2025-11-26;19;2375
11;2025-11-26;20;1577
11;2025-11-26;21;944
11;2025-11-26;22;467
11;2025-11-26;23;271
11;2025-11-27;0;71
11;2025-11-27;1;1
11;2025-11-27;2;0
11;2025-11-27;3;0
11;2025-11-27;4;0
11;2025-11-27;5;296
11;2025-11-27;6;1380
11;2025-11-27;7;2347
11;2025-11-27;8;3193
11;2025-11-27;9;2473
11;2025-11-27;10;1901
11;2025-11-27;11;1893
11;2025-11-27;12;1938
11;2025-11-27;13;2045
11;2025-11-27;14;2022
11;2025-11-27;15;2107
11;2025-11-27;16;2327
11;2025-11-27;17;2909
11;2025-11-27;18;3141
11;2025-11-27;19;2381
11;2025-11-27;20;1582
11;2025-11-27;21;949
11;2025-11-27;22;468
11;2025-11-27;23;273
11;2025-11-28;0;75
11;2025-11-28;1;1
11;2025-11-28;2;0
11;2025-11-28;3;0
11;2025-11-28;4;0
11;2025-11-28;5;288
11;2025-11-28;6;1371
11;2025-11-28;7;2331
11;2025-11-28;8;3149
11;2025-11-28;9;2425
11;2025-11-28;10;1864
11;2025-11-28;11;1883
11;2025-11-28;12;1920
11;2025-11-28;13;2033
11;2025-11-28;14;2029
11;2025-11-28;15;2118
11;2025-11-28;16;2330
11;2025-11-28;17;2902
11;2025-11-28;18;2996
11;2025-11-28;19;2265
11;2025-11-28;20;1547
11;2025-11-28;21;936
11;2025-11-28;22;465
11;2025-11-28;23;292
11;2025-11-29;0;106
11;2025-11-29;1;5
11;2025-11-29;2;0
11;2025-11-29;3;0
11;2025-11-29;4;5
11;2025-11-29;5;183
11;2025-11-29;6;773
11;2025-11-29;7;749
11;2025-11-29;8;992
11;2025-11-29;9;1129
11;2025-11-29;10;1183
11;2025-11-29;11;1622
11;2025-11-29;12;1742
11;2025-11-29;13;1767
11;2025-11-29;14;1801
11;2025-11-29;15;1836
11;2025-11-29;16;1877
11;2025-11-29;17;1886
11;2025-11-29;18;1551
11;2025-11-29;19;1419
11;2025-11-29;20;1100
11;2025-11-29;21;772
11;2025-11-29;22;449
11;2025-11-29;23;309
11;2025-11-30;0;104
11;2025-11-30;1;9
11;2025-11-30;2;0
11;2025-11-30;3;0
11;2025-11-30;4;3
11;2025-11-30;5;139
11;2025-11-30;6;541
11;2025-11-30;7;546
11;2025-11-30;8;705
11;2025-11-30;9;946
11;2025-11-30;10;1081
11;2025-11-30;11;1518
11;2025-11-30;12;1637
11;2025-11-30;13;1657
11;2025-11-30;14;1710
11;2025-11-30;15;1762
11;2025-11-30;16;1754
11;2025-11-30;17;1747
11;2025-11-30;18;1353
11;2025-11-30;19;1218
11;2025-11-30;20;988
11;2025-11-30;21;709
11;2025-11-30;22;380
11;2025-11-30;23;255
11;2025-12-01;0;72
11;2025-12-01;1;5
11;2025-12-01;2;0
11;2025-12-01;3;0
11;2025-12-01;4;5
11;2025-12-01;5;277
11;2025-12-01;6;1324
11;2025-12-01;7;2298
11;2025-12-01;8;3142
11;2025-12-01;9;2406
11;2025-12-01;10;1810
11;2025-12-01;11;1847
11;2025-12-01;12;1866
11;2025-12-01;13;1975
11;2025-12-01;14;1953
11;2025-12-01;15;2072
11;2025-12-01;16;2287
11;2025-12-01;17;2853
11;2025-12-01;18;3099
11;2025-12-01;19;2328
11;2025-12-01;20;1516
11;2025-12-01;21;889
11;2025-12-01;22;438
11;2025-12-01;23;218
11;2025-12-02;0;66
11;2025-12-02;1;1
11;2025-12-02;2;0
11;2025-12-02;3;0
11;2025-12-02;4;4
11;2025-12-02;5;289
11;2025-12-02;6;1345
11;2025-12-02;7;2318
11;2025-12-02;8;3161
11;2025-12-02;9;2457
11;2025-12-02;10;1864
11;2025-12-02;11;1879
11;2025-12-02;12;1905
11;2025-12-02;13;2006
11;2025-12-02;14;1986
11;2025-12-02;15;2103
11;2025-12-02;16;2314
11;2025-12-02;17;2885
11;2025-12-02;18;3130
11;2025-12-02;19;2361
11;2025-12-02;20;1558
11;2025-12-02;21;924
11;2025-12-02;22;456
11;2025-12-02;23;229
11;2025-12-03;0;67
11;2025-12-03;1;1
11;2025-12-03;2;0
11;2025-12-03;3;0
11;2025-12-03;4;4
11;2025-12-03;5;293
11;2025-12-03;6;1346
11;2025-12-03;7;2317
11;2025-12-03;8;3161
11;2025-12-03;9;2450
11;2025-12-03;10;1867
11;2025-12-03;11;1878
11;2025-12-03;12;1908
11;2025-12-03;13;2008
11;2025-12-03;14;1986
11;2025-12-03;15;2097
11;2025-12-03;16;2308
11;2025-12-03;17;2878
11;2025-12-03;18;3127
11;2025-12-03;19;2362
11;2025-12-03;20;1559
11;2025-12-03;21;928
11;2025-12-03;22;468
11;2025-12-03;23;245
11;2025-12-04;0;71
11;2025-12-04;1;2
11;2025-12-04;2;0
11;2025-12-04;3;0
11;2025-12-04;4;4
11;2025-12-04;5;294
11;2025-12-04;6;1352
11;2025-12-04;7;2318
11;2025-12-04;8;3160
11;2025-12-04;9;2459
11;2025-12-04;10;1872
11;2025-12-04;11;1886
11;2025-12-04;12;1913
11;2025-12-04;13;2013
11;2025-12-04;14;1989
11;2025-12-04;15;2101
11;2025-12-04;16;2313
11;2025-12-04;17;2883
11;2025-12-04;18;3130
11;2025-12-04;19;2367
11;2025-12-04;20;1564
11;2025-12-04;21;933
11;2025-12-04;22;470
11;2025-12-04;23;249
11;2025-12-05;0;75
11;2025-12-05;1;2
11;2025-12-05;2;0
11;2025-12-05;3;0
11;2025-12-05;4;4
11;2025-12-05;5;286
11;2025-12-05;6;1342
11;2025-12-05;7;2301
11;2025-12-05;8;3122
11;2025-12-05;9;2411
11;2025-12-05;10;1835
11;2025-12-05;11;1876
11;2025-12-05;12;1902
11;2025-12-05;13;2007
11;2025-12-05;14;1996
11;2025-12-05;15;2112
11;2025-12-05;16;2323
11;2025-12-05;17;2876
11;2025-12-05;18;2992
11;2025-12-05;19;2258
11;2025-12-05;20;1529
11;2025-12-05;21;920
11;2025-12-05;22;467
11;2025-12-05;23;276
11;2025-12-06;0;104
11;2025-12-06;1;5
11;2025-12-06;2;0
11;2025-12-06;3;0
11;2025-12-06;4;5
11;2025-12-06;5;185
11;2025-12-06;6;748
11;2025-12-06;7;717
11;2025-12-06;8;951
11;2025-12-06;9;1116
11;2025-12-06;10;1155
11;2025-12-06;11;1615
11;2025-12-06;12;1711
11;2025-12-06;13;1730
11;2025-12-06;14;1762
11;2025-12-06;15;1814
11;2025-12-06;16;1829
11;2025-12-06;17;1818
11;2025-12-06;18;1521
11;2025-12-06;19;1398
11;2025-12-06;20;1082
11;2025-12-06;21;742
11;2025-12-06;22;448
11;2025-12-06;23;298
11;2025-12-07;0;103
11;2025-12-07;1;10
11;2025-12-07;2;0
11;2025-12-07;3;0
11;2025-12-07;4;4
11;2025-12-07;5;144
11;2025-12-07;6;516
11;2025-12-07;7;508
11;2025-12-07;8;664
11;2025-12-07;9;932
11;2025-12-07;10;1053
11;2025-12-07;11;1511
11;2025-12-07;12;1612
11;2025-12-07;13;1627
11;2025-12-07;14;1671
11;2025-12-07;15;1739
11;2025-12-07;16;1713
11;2025-12-07;17;1685
11;2025-12-07;18;1336
11;2025-12-07;19;1210
11;2025-12-07;20;971
11;2025-12-07;21;679
11;2025-12-07;22;380
11;2025-12-07;23;238
11;2025-12-08;0;72
11;2025-12-08;1;5
11;2025-12-08;2;0
11;2025-12-08;3;0
11;2025-12-08;4;5
11;2025-12-08;5;277
11;2025-12-08;6;1324
11;2025-12-08;7;2298
11;2025-12-08;8;3142
11;2025-12-08;9;2406
11;2025-12-08;10;1810
11;2025-12-08;11;1847
11;2025-12-08;12;1866
11;2025-12-08;13;1975
11;2025-12-08;14;1953
11;2025-12-08;15;2072
11;2025-12-08;16;2287
11;2025-12-08;17;2853
11;2025-12-08;18;3099
11;2025-12-08;19;2328
11;2025-12-08;20;1516
11;2025-12-08;21;889
11;2025-12-08;22;438
11;2025-12-08;23;218
11;2025-12-09;0;66
11;2025-12-09;1;1
11;2025-12-09;2;0
11;2025-12-09;3;0
11;2025-12-09;4;4
11;2025-12-09;5;289
11;2025-12-09;6;1345
11;2025-12-09;7;2318
11;2025-12-09;8;3161
11;2025-12-09;9;2457
11;2025-12-09;10;1864
11;2025-12-09;11;1879
11;2025-12-09;12;1905
11;2025-12-09;13;2006
11;2025-12-09;14;1986
11;2025-12-09;15;2103
11;2025-12-09;16;2314
11;2025-12-09;17;2885
11;2025-12-09;18;3130
11;2025-12-09;19;2361
11;2025-12-09;20;1558
11;2025-12-09;21;924
11;2025-12-09;22;456
11;2025-12-09;23;229
11;2025-12-10;0;67
11;2025-12-10;1;1
11;2025-12-10;2;0
11;2025-12-10;3;0
11;2025-12-10;4;4
11;2025-12-10;5;293
11;2025-12-10;6;1346
11;2025-12-10;7;2317
11;2025-12-10;8;3161
11;2025-12-10;9;2450
11;2025-12-10;10;1867
11;2025-12-10;11;1878
11;2025-12-10;12;1908
11;2025-12-10;13;2008
11;2025-12-10;14;1986
11;2025-12-10;15;2097
11;2025-12-10;16;2308
11;2025-12-10;17;2878
11;2025-12-10;18;3127
11;2025-12-10;19;2362
11;2025-12-10;20;1559
11;2025-12-10;21;928
11;2025-12-10;22;468
11;2025-12-10;23;245
11;2025-12-11;0;71
11;2025-12-11;1;2
11;2025-12-11;2;0
11;2025-12-11;3;0
11;2025-12-11;4;4
11;2025-12-11;5;294
11;2025-12-11;6;1352
11;2025-12-11;7;2318
11;2025-12-11;8;3160
11;2025-12-11;9;2459
11;2025-12-11;10;1872
11;2025-12-11;11;1886
11;2025-12-11;12;1913
11;2025-12-11;13;2013
11;2025-12-11;14;1989
11;2025-12-11;15;2101
11;2025-12-11;16;2313
11;2025-12-11;17;2883
11;2025-12-11;18;3130
11;2025-12-11;19;2367
11;2025-12-11;20;1564
11;2025-12-11;21;933
11;2025-12-11;22;470
11;2025-12-11;23;249
11;2025-12-12;0;75
11;2025-12-12;1;2
11;2025-12-12;2;0
11;2025-12-12;3;0
11;2025-12-12;4;4
11;2025-12-12;5;286
11;2025-12-12;6;1342
11;2025-12-12;7;2301
11;2025-12-12;8;3122
11;2025-12-12;9;2411
11;2025-12-12;10;1835
11;2025-12-12;11;1876
11;2025-12-12;12;1902
11;2025-12-12;13;2007
11;2025-12-12;14;1996
11;2025-12-12;15;2112
11;2025-12-12;16;2323
11;2025-12-12;17;2876
11;2025-12-12;18;2992
11;2025-12-12;19;2258
11;2025-12-12;20;1529
11;2025-12-12;21;920
11;2025-12-12;22;467
11;2025-12-12;23;276
11;2025-12-13;0;104
11;2025-12-13;1;5
11;2025-12-13;2;0
11;2025-12-13;3;0
11;2025-12-13;4;5
11;2025-12-13;5;185
11;2025-12-13;6;748
11;2025-12-13;7;717
11;2025-12-13;8;951
11;2025-12-13;9;1116
11;2025-12-13;10;1155
11;2025-12-13;11;1615
11;2025-12-13;12;1711
11;2025-12-13;13;1730
11;2025-12-13;14;1762
11;2025-12-13;15;1814
11;2025-12-13;16;1829
11;2025-12-13;17;1818
11;2025-12-13;18;1521
11;2025-12-13;19;1398
11;2025-12-13;20;1082
11;2025-12-13;21;742
11;2025-12-13;22;448
11;2025-12-13;23;298
11;2025-12-14;0;103
11;2025-12-14;1;10
11;2025-12-14;2;0
11;2025-12-14;3;0
11;2025-12-14;4;4
11;2025-12-14;5;144
11;2025-12-14;6;516
11;2025-12-14;7;508
11;2025-12-14;8;664
11;2025-12-14;9;932
11;2025-12-14;10;1053
11;2025-12-14;11;1511
11;2025-12-14;12;1612
11;2025-12-14;13;1627
11;2025-12-14;14;1671
11;2025-12-14;15;1739
11;2025-12-14;16;1713
11;2025-12-14;17;1685
11;2025-12-14;18;1336
11;2025-12-14;19;1210
11;2025-12-14;20;971
11;2025-12-14;21;679
11;2025-12-14;22;380
11;2025-12-14;23;238
11;2025-12-15;0;72
11;2025-12-15;1;5
11;2025-12-15;2;0
11;2025-12-15;3;0
11;2025-12-15;4;5
11;2025-12-15;5;277
11;2025-12-15;6;1324
11;2025-12-15;7;2298
11;2025-12-15;8;3142
11;2025-12-15;9;2406
11;2025-12-15;10;1810
11;2025-12-15;11;1847
11;2025-12-15;12;1866
11;2025-12-15;13;1975
11;2025-12-15;14;1953
11;2025-12-15;15;2072
11;2025-12-15;16;2287
11;2025-12-15;17;2853
11;2025-12-15;18;3099
11;2025-12-15;19;2328
11;2025-12-15;20;1516
11;2025-12-15;21;889
11;2025-12-15;22;438
11;2025-12-15;23;218
11;2025-12-16;0;66
11;2025-12-16;1;1
11;2025-12-16;2;0
11;2025-12-16;3;0
11;2025-12-16;4;4
11;2025-12-16;5;289
11;2025-12-16;6;1345
11;2025-12-16;7;2318
11;2025-12-16;8;3161
11;2025-12-16;9;2457
11;2025-12-16;10;1864
11;2025-12-16;11;1879
11;2025-12-16;12;1905
11;2025-12-16;13;2006
11;2025-12-16;14;1986
11;2025-12-16;15;2103
11;2025-12-16;16;2314
11;2025-12-16;17;2885
11;2025-12-16;18;3130
11;2025-12-16;19;2361
11;2025-12-16;20;1558
11;2025-12-16;21;924
11;2025-12-16;22;456
11;2025-12-16;23;229
11;2025-12-17;0;67
11;2025-12-17;1;1
11;2025-12-17;2;0
11;2025-12-17;3;0
11;2025-12-17;4;4
11;2025-12-17;5;293
11;2025-12-17;6;1346
11;2025-12-17;7;2317
11;2025-12-17;8;3161
11;2025-12-17;9;2450
11;2025-12-17;10;1867
11;2025-12-17;11;1878
11;2025-12-17;12;1908
11;2025-12-17;13;2008
11;2025-12-17;14;1986
11;2025-12-17;15;2097
11;2025-12-17;16;2308
11;2025-12-17;17;2878
11;2025-12-17;18;3127
11;2025-12-17;19;2362
11;2025-12-17;20;1559
11;2025-12-17;21;928
11;2025-12-17;22;468
11;2025-12-17;23;245
11;2025-12-18;0;71
11;2025-12-18;1;2
11;2025-12-18;2;0
11;2025-12-18;3;0
11;2025-12-18;4;4
11;2025-12-18;5;294
11;2025-12-18;6;1352
11;2025-12-18;7;2318
11;2025-12-18;8;3160
11;2025-12-18;9;2459
11;2025-12-18;10;1872
11;2025-12-18;11;1886
11;2025-12-18;12;1913
11;2025-12-18;13;2013
11;2025-12-18;14;1989
11;2025-12-18;15;2101
11;2025-12-18;16;2313
11;2025-12-18;17;2883
11;2025-12-18;18;3130
11;2025-12-18;19;2367
11;2025-12-18;20;1564
11;2025-12-18;21;933
11;2025-12-18;22;470
11;2025-12-18;23;249
11;2025-12-19;0;75
11;2025-12-19;1;2
11;2025-12-19;2;0
11;2025-12-19;3;0
11;2025-12-19;4;4
11;2025-12-19;5;286
11;2025-12-19;6;1342
11;2025-12-19;7;2301
11;2025-12-19;8;3122
11;2025-12-19;9;2411
11;2025-12-19;10;1835
11;2025-12-19;11;1876
11;2025-12-19;12;1902
11;2025-12-19;13;2007
11;2025-12-19;14;1996
11;2025-12-19;15;2112
11;2025-12-19;16;2323
11;2025-12-19;17;2876
11;2025-12-19;18;2992
11;2025-12-19;19;2258
11;2025-12-19;20;1529
11;2025-12-19;21;920
11;2025-12-19;22;467
11;2025-12-19;23;276
11;2025-12-20;0;104
11;2025-12-20;1;5
11;2025-12-20;2;0
11;2025-12-20;3;0
11;2025-12-20;4;5
11;2025-12-20;5;185
11;2025-12-20;6;748
11;2025-12-20;7;717
11;2025-12-20;8;951
11;2025-12-20;9;1116
11;2025-12-20;10;1155
11;2025-12-20;11;1615
11;2025-12-20;12;1711
11;2025-12-20;13;1730
11;2025-12-20;14;1762
11;2025-12-20;15;1814
11;2025-12-20;16;1829
11;2025-12-20;17;1818
11;2025-12-20;18;1521
11;2025-12-20;19;1398
11;2025-12-20;20;1082
11;2025-12-20;21;742
11;2025-12-20;22;448
11;2025-12-20;23;298
11;2025-12-21;0;103
11;2025-12-21;1;10
11;2025-12-21;2;0
11;2025-12-21;3;0
11;2025-12-21;4;4
11;2025-12-21;5;144
11;2025-12-21;6;516
11;2025-12-21;7;508
11;2025-12-21;8;664
11;2025-12-21;9;932
11;2025-12-21;10;1053
11;2025-12-21;11;1511
11;2025-12-21;12;1612
11;2025-12-21;13;1627
11;2025-12-21;14;1671
11;2025-12-21;15;1739
11;2025-12-21;16;1713
11;2025-12-21;17;1685
11;2025-12-21;18;1336
11;2025-12-21;19;1210
11;2025-12-21;20;971
11;2025-12-21;21;679
11;2025-12-21;22;380
11;2025-12-21;23;238
11;2025-12-22;0;72
11;2025-12-22;1;5
11;2025-12-22;2;0
11;2025-12-22;3;0
11;2025-12-22;4;5
11;2025-12-22;5;277
11;2025-12-22;6;1324
11;2025-12-22;7;2298
11;2025-12-22;8;3142
11;2025-12-22;9;2406
11;2025-12-22;10;1810
11;2025-12-22;11;1847
11;2025-12-22;12;1866
11;2025-12-22;13;1975
11;2025-12-22;14;1953
11;2025-12-22;15;2072
11;2025-12-22;16;2287
11;2025-12-22;17;2853
11;2025-12-22;18;3099
11;2025-12-22;19;2328
11;2025-12-22;20;1516
11;2025-12-22;21;889
11;2025-12-22;22;438
11;2025-12-22;23;218
11;2025-12-23;0;66
11;2025-12-23;1;1
11;2025-12-23;2;0
11;2025-12-23;3;0
11;2025-12-23;4;4
11;2025-12-23;5;289
11;2025-12-23;6;1345
11;2025-12-23;7;2318
11;2025-12-23;8;3161
11;2025-12-23;9;2457
11;2025-12-23;10;1864
11;2025-12-23;11;1879
11;2025-12-23;12;1905
11;2025-12-23;13;2006
11;2025-12-23;14;1986
11;2025-12-23;15;2103
11;2025-12-23;16;2314
11;2025-12-23;17;2885
11;2025-12-23;18;3130
11;2025-12-23;19;2361
11;2025-12-23;20;1558
11;2025-12-23;21;924
11;2025-12-23;22;456
11;2025-12-23;23;229
11;2025-12-24;0;67
11;2025-12-24;1;1
11;2025-12-24;2;0
11;2025-12-24;3;0
11;2025-12-24;4;4
11;2025-12-24;5;293
11;2025-12-24;6;1346
11;2025-12-24;7;2317
11;2025-12-24;8;3161
11;2025-12-24;9;2450
11;2025-12-24;10;1867
11;2025-12-24;11;1878
11;2025-12-24;12;1908
11;2025-12-24;13;2008
11;2025-12-24;14;1986
11;2025-12-24;15;2097
11;2025-12-24;16;2308
11;2025-12-24;17;2878
11;2025-12-24;18;3127
11;2025-12-24;19;2362
11;2025-12-24;20;1559
11;2025-12-24;21;928
11;2025-12-24;22;468
11;2025-12-24;23;245
11;2025-12-25;0;71
11;2025-12-25;1;2
11;2025-12-25;2;0
11;2025-12-25;3;0
11;2025-12-25;4;4
11;2025-12-25;5;294
11;2025-12-25;6;1352
11;2025-12-25;7;2318
11;2025-12-25;8;3160
11;2025-12-25;9;2459
11;2025-12-25;10;1872
11;2025-12-25;11;1886
11;2025-12-25;12;1913
11;2025-12-25;13;2013
11;2025-12-25;14;1989
11;2025-12-25;15;2101
11;2025-12-25;16;2313
11;2025-12-25;17;2883
11;2025-12-25;18;3130
11;2025-12-25;19;2367
11;2025-12-25;20;1564
11;2025-12-25;21;933
11;2025-12-25;22;470
11;2025-12-25;23;249
11;2025-12-26;0;75
11;2025-12-26;1;2
11;2025-12-26;2;0
11;2025-12-26;3;0
11;2025-12-26;4;4
11;2025-12-26;5;286
11;2025-12-26;6;1342
11;2025-12-26;7;2301
11;2025-12-26;8;3122
11;2025-12-26;9;2411
11;2025-12-26;10;1835
11;2025-12-26;11;1876
11;2025-12-26;12;1902
11;2025-12-26;13;2007
11;2025-12-26;14;1996
11;2025-12-26;15;2112
11;2025-12-26;16;2323
11;2025-12-26;17;2876
11;2025-12-26;18;2992
11;2025-12-26;19;2258
11;2025-12-26;20;1529
11;2025-12-26;21;920
11;2025-12-26;22;467
11;2025-12-26;23;276
11;2025-12-27;0;104
11;2025-12-27;1;5
11;2025-12-27;2;0
11;2025-12-27;3;0
11;2025-12-27;4;5
11;2025-12-27;5;185
11;2025-12-27;6;748
11;2025-12-27;7;717
11;2025-12-27;8;951
11;2025-12-27;9;1116
11;2025-12-27;10;1155
11;2025-12-27;11;1615
11;2025-12-27;12;1711
11;2025-12-27;13;1730
11;2025-12-27;14;1762
11;2025-12-27;15;1814
11;2025-12-27;16;1829
11;2025-12-27;17;1818
11;2025-12-27;18;1521
11;2025-12-27;19;1398
11;2025-12-27;20;1082
11;2025-12-27;21;742
11;2025-12-27;22;448
11;2025-12-27;23;298
11;2025-12-28;0;103
11;2025-12-28;1;10
11;2025-12-28;2;0
11;2025-12-28;3;0
11;2025-12-28;4;4
11;2025-12-28;5;144
11;2025-12-28;6;516
11;2025-12-28;7;508
11;2025-12-28;8;664
11;2025-12-28;9;932
11;2025-12-28;10;1053
11;2025-12-28;11;1511
11;2025-12-28;12;1612
11;2025-12-28;13;1627
11;2025-12-28;14;1671
11;2025-12-28;15;1739
11;2025-12-28;16;1713
11;2025-12-28;17;1685
11;2025-12-28;18;1336
11;2025-12-28;19;1210
11;2025-12-28;20;971
11;2025-12-28;21;679
11;2025-12-28;22;380
11;2025-12-28;23;238
11;2025-12-29;0;72
11;2025-12-29;1;5
11;2025-12-29;2;0
11;2025-12-29;3;0
11;2025-12-29;4;5
11;2025-12-29;5;277
11;2025-12-29;6;1324
11;2025-12-29;7;2298
11;2025-12-29;8;3142
11;2025-12-29;9;2406
11;2025-12-29;10;1810
11;2025-12-29;11;1847
11;2025-12-29;12;1866
11;2025-12-29;13;1975
11;2025-12-29;14;1953
11;2025-12-29;15;2072
11;2025-12-29;16;2287
11;2025-12-29;17;2853
11;2025-12-29;18;3099
11;2025-12-29;19;2328
11;2025-12-29;20;1516
11;2025-12-29;21;889
11;2025-12-29;22;438
11;2025-12-29;23;218
11;2025-12-30;0;66
11;2025-12-30;1;1
11;2025-12-30;2;0
11;2025-12-30;3;0
11;2025-12-30;4;4
11;2025-12-30;5;289
11;2025-12-30;6;1345
11;2025-12-30;7;2318
11;2025-12-30;8;3161
11;2025-12-30;9;2457
11;2025-12-30;10;1864
11;2025-12-30;11;1879
11;2025-12-30;12;1905
11;2025-12-30;13;2006
11;2025-12-30;14;1986
11;2025-12-30;15;2103
11;2025-12-30;16;2314
11;2025-12-30;17;2885
11;2025-12-30;18;3130
11;2025-12-30;19;2361
11;2025-12-30;20;1558
11;2025-12-30;21;924
11;2025-12-30;22;456
11;2025-12-30;23;229
11;2025-12-31;0;74
11;2025-12-31;1;3
11;2025-12-31;2;0
11;2025-12-31;3;0
11;2025-12-31;4;1
11;2025-12-31;5;216
11;2025-12-31;6;501
11;2025-12-31;7;624
11;2025-12-31;8;955
11;2025-12-31;9;1059
11;2025-12-31;10;1150
11;2025-12-31;11;1407
11;2025-12-31;12;1492
11;2025-12-31;13;1541
11;2025-12-31;14;1492
11;2025-12-31;15;1660
11;2025-12-31;16;1655
11;2025-12-31;17;1488
11;2025-12-31;18;1529
11;2025-12-31;19;1376
11;2025-12-31;20;1070
11;2025-12-31;21;633
11;2025-12-31;22;432
11;2025-12-31;23;231
12;2025-11-01;0;101
12;2025-11-01;1;14
12;2025-11-01;2;0
12;2025-11-01;3;0
12;2025-11-01;4;9
12;2025-11-01;5;259
12;2025-11-01;6;827
12;2025-11-01;7;1516
12;2025-11-01;8;2921
12;2025-11-01;9;2368
12;2025-11-01;10;2034
12;2025-11-01;11;2124
12;2025-11-01;12;2241
12;2025-11-01;13;2274
12;2025-11-01;14;2156
12;2025-11-01;15;2369
12;2025-11-01;16;2847
12;2025-11-01;17;3024
12;2025-11-01;18;2921
12;2025-11-01;19;2498
12;2025-11-01;20;1645
12;2025-11-01;21;794
12;2025-11-01;22;537
12;2025-11-01;23;321
12;2025-11-02;0;90
12;2025-11-02;1;9
12;2025-11-02;2;0
12;2025-11-02;3;0
12;2025-11-02;4;1
12;2025-11-02;5;193
12;2025-11-02;6;565
12;2025-11-02;7;663
12;2025-11-02;8;752
12;2025-11-02;9;974
12;2025-11-02;10;1193
12;2025-11-02;11;1378
12;2025-11-02;12;1421
12;2025-11-02;13;1691
12;2025-11-02;14;1574
12;2025-11-02;15;1459
12;2025-11-02;16;1460
12;2025-11-02;17;1445
12;2025-11-02;18;1265
12;2025-11-02;19;1095
12;2025-11-02;20;838
12;2025-11-02;21;617
12;2025-11-02;22;405
12;2025-11-02;23;223
12;2025-11-03;0;54
12;2025-11-03;1;4
12;2025-11-03;2;0
12;2025-11-03;3;0
12;2025-11-03;4;0
12;2025-11-03;5;274
12;2025-11-03;6;594
12;2025-11-03;7;680
12;2025-11-03;8;1073
12;2025-11-03;9;1035
12;2025-11-03;10;1217
12;2025-11-03;11;1277
12;2025-11-03;12;1304
12;2025-11-03;13;1498
12;2025-11-03;14;1497
12;2025-11-03;15;1429
12;2025-11-03;16;1394
12;2025-11-03;17;1313
12;2025-11-03;18;1478
12;2025-11-03;19;1123
12;2025-11-03;20;858
12;2025-11-03;21;556
12;2025-11-03;22;446
12;2025-11-03;23;224
12;2025-11-04;0;51
12;2025-11-04;1;0
12;2025-11-04;2;0
12;2025-11-04;3;0
12;2025-11-04;4;3
12;2025-11-04;5;238
12;2025-11-04;6;578
12;2025-11-04;7;662
12;2025-11-04;8;867
12;2025-11-04;9;939
12;2025-11-04;10;1071
12;2025-11-04;11;1176
12;2025-11-04;12;1180
12;2025-11-04;13;1390
12;2025-11-04;14;1375
12;2025-11-04;15;1289
12;2025-11-04;16;1354
12;2025-11-04;17;1247
12;2025-11-04;18;1278
12;2025-11-04;19;1076
12;2025-11-04;20;811
12;2025-11-04;21;541
12;2025-11-04;22;419
12;2025-11-04;23;209
12;2025-11-05;0;55
12;2025-11-05;1;2
12;2025-11-05;2;0
12;2025-11-05;3;0
12;2025-11-05;4;7
12;2025-11-05;5;360
12;2025-11-05;6;1489
12;2025-11-05;7;2699
12;2025-11-05;8;3541
12;2025-11-05;9;2520
12;2025-11-05;10;2068
12;2025-11-05;11;2020
12;2025-11-05;12;2092
12;2025-11-05;13;2094
12;2025-11-05;14;2046
12;2025-11-05;15;2323
12;2025-11-05;16;2827
12;2025-11-05;17;3099
12;2025-11-05;18;3248
12;2025-11-05;19;2537
12;2025-11-05;20;1604
12;2025-11-05;21;995
12;2025-11-05;22;546
12;2025-11-05;23;281
12;2025-11-06;0;58
12;2025-11-06;1;3
12;2025-11-06;2;0
12;2025-11-06;3;0
12;2025-11-06;4;8
12;2025-11-06;5;362
12;2025-11-06;6;1490
12;2025-11-06;7;2694
12;2025-11-06;8;3539
12;2025-11-06;9;2521
12;2025-11-06;10;2070
12;2025-11-06;11;2024
12;2025-11-06;12;2094
12;2025-11-06;13;2096
12;2025-11-06;14;2050
12;2025-11-06;15;2322
12;2025-11-06;16;2828
12;2025-11-06;17;3100
12;2025-11-06;18;3249
12;2025-11-06;19;2542
12;2025-11-06;20;1613
12;2025-11-06;21;997
12;2025-11-06;22;548
12;2025-11-06;23;284
12;2025-11-07;0;62
12;2025-11-07;1;3
12;2025-11-07;2;0
12;2025-11-07;3;0
12;2025-11-07;4;12
12;2025-11-07;5;352
12;2025-11-07;6;1480
12;2025-11-07;7;2666
12;2025-11-07;8;3474
12;2025-11-07;9;2458
12;2025-11-07;10;2036
12;2025-11-07;11;2025
12;2025-11-07;12;2087
12;2025-11-07;13;2083
12;2025-11-07;14;2054
12;2025-11-07;15;2323
12;2025-11-07;16;2820
12;2025-11-07;17;3042
12;2025-11-07;18;3092
12;2025-11-07;19;2413
12;2025-11-07;20;1576
12;2025-11-07;21;987
12;2025-11-07;22;544
12;2025-11-07;23;295
12;2025-11-08;0;92
12;2025-11-08;1;5
12;2025-11-08;2;0
12;2025-11-08;3;0
12;2025-11-08;4;7
12;2025-11-08;5;229
12;2025-11-08;6;811
12;2025-11-08;7;933
12;2025-11-08;8;1036
12;2025-11-08;9;1150
12;2025-11-08;10;1299
12;2025-11-08;11;1502
12;2025-11-08;12;1555
12;2025-11-08;13;1740
12;2025-11-08;14;1643
12;2025-11-08;15;1549
12;2025-11-08;16;1610
12;2025-11-08;17;1578
12;2025-11-08;18;1456
12;2025-11-08;19;1323
12;2025-11-08;20;935
12;2025-11-08;21;695
12;2025-11-08;22;474
12;2025-11-08;23;287
12;2025-11-09;0;90
12;2025-11-09;1;9
12;2025-11-09;2;0
12;2025-11-09;3;0
12;2025-11-09;4;1
12;2025-11-09;5;193
12;2025-11-09;6;565
12;2025-11-09;7;663
12;2025-11-09;8;752
12;2025-11-09;9;974
12;2025-11-09;10;1193
12;2025-11-09;11;1378
12;2025-11-09;12;1421
12;2025-11-09;13;1691
12;2025-11-09;14;1574
12;2025-11-09;15;1459
12;2025-11-09;16;1460
12;2025-11-09;17;1445
12;2025-11-09;18;1265
12;2025-11-09;19;1095
12;2025-11-09;20;838
12;2025-11-09;21;617
12;2025-11-09;22;405
12;2025-11-09;23;223
12;2025-11-10;0;61
12;2025-11-10;1;3
12;2025-11-10;2;0
12;2025-11-10;3;0
12;2025-11-10;4;7
12;2025-11-10;5;349
12;2025-11-10;6;1458
12;2025-11-10;7;2681
12;2025-11-10;8;3516
12;2025-11-10;9;2469
12;2025-11-10;10;2005
12;2025-11-10;11;1966
12;2025-11-10;12;2061
12;2025-11-10;13;2046
12;2025-11-10;14;2008
12;2025-11-10;15;2292
12;2025-11-10;16;2812
12;2025-11-10;17;3071
12;2025-11-10;18;3203
12;2025-11-10;19;2475
12;2025-11-10;20;1564
12;2025-11-10;21;957
12;2025-11-10;22;505
12;2025-11-10;23;241
12;2025-11-11;0;54
12;2025-11-11;1;2
12;2025-11-11;2;0
12;2025-11-11;3;0
12;2025-11-11;4;8
12;2025-11-11;5;361
12;2025-11-11;6;1486
12;2025-11-11;7;2700
12;2025-11-11;8;3540
12;2025-11-11;9;2522
12;2025-11-11;10;2068
12;2025-11-11;11;2025
12;2025-11-11;12;2092
12;2025-11-11;13;2093
12;2025-11-11;14;2048
12;2025-11-11;15;2323
12;2025-11-11;16;2827
12;2025-11-11;17;3100
12;2025-11-11;18;3249
12;2025-11-11;19;2537
12;2025-11-11;20;1606
12;2025-11-11;21;991
12;2025-11-11;22;526
12;2025-11-11;23;262
12;2025-11-12;0;55
12;2025-11-12;1;2
12;2025-11-12;2;0
12;2025-11-12;3;0
12;2025-11-12;4;7
12;2025-11-12;5;360
12;2025-11-12;6;1489
12;2025-11-12;7;2699
12;2025-11-12;8;3541
12;2025-11-12;9;2520
12;2025-11-12;10;2068
12;2025-11-12;11;2020
12;2025-11-12;12;2092
12;2025-11-12;13;2094
12;2025-11-12;14;2046
12;2025-11-12;15;2323
12;2025-11-12;16;2827
12;2025-11-12;17;3099
12;2025-11-12;18;3248
12;2025-11-12;19;2537
12;2025-11-12;20;1604
12;2025-11-12;21;995
12;2025-11-12;22;546
12;2025-11-12;23;281
12;2025-11-13;0;58
12;2025-11-13;1;3
12;2025-11-13;2;0
12;2025-11-13;3;0
12;2025-11-13;4;8
12;2025-11-13;5;362
12;2025-11-13;6;1490
12;2025-11-13;7;2694
12;2025-11-13;8;3539
12;2025-11-13;9;2521
12;2025-11-13;10;2070
12;2025-11-13;11;2024
12;2025-11-13;12;2094
12;2025-11-13;13;2096
12;2025-11-13;14;2050
12;2025-11-13;15;2322
12;2025-11-13;16;2828
12;2025-11-13;17;3100
12;2025-11-13;18;3249
12;2025-11-13;19;2542
12;2025-11-13;20;1613
12;2025-11-13;21;997
12;2025-11-13;22;548
12;2025-11-13;23;284
12;2025-11-14;0;62
12;2025-11-14;1;3
12;2025-11-14;2;0
12;2025-11-14;3;0
12;2025-11-14;4;12
12;2025-11-14;5;352
12;2025-11-14;6;1480
12;2025-11-14;7;2666
12;2025-11-14;8;3474
12;2025-11-14;9;2458
12;2025-11-14;10;2036
12;2025-11-14;11;2025
12;2025-11-14;12;2087
12;2025-11-14;13;2083
12;2025-11-14;14;2054
12;2025-11-14;15;2323
12;2025-11-14;16;2820
12;2025-11-14;17;3042
12;2025-11-14;18;3092
12;2025-11-14;19;2413
12;2025-11-14;20;1576
12;2025-11-14;21;987
12;2025-11-14;22;544
12;2025-11-14;23;295
12;2025-11-15;0;92
12;2025-11-15;1;5
12;2025-11-15;2;0
12;2025-11-15;3;0
12;2025-11-15;4;7
12;2025-11-15;5;229
12;2025-11-15;6;811
12;2025-11-15;7;933
12;2025-11-15;8;1036
12;2025-11-15;9;1150
12;2025-11-15;10;1299
12;2025-11-15;11;1502
12;2025-11-15;12;1555
12;2025-11-15;13;1740
12;2025-11-15;14;1643
12;2025-11-15;15;1549
12;2025-11-15;16;1610
12;2025-11-15;17;1578
12;2025-11-15;18;1456
12;2025-11-15;19;1323
12;2025-11-15;20;935
12;2025-11-15;21;695
12;2025-11-15;22;474
12;2025-11-15;23;287
12;2025-11-16;0;90
12;2025-11-16;1;9
12;2025-11-16;2;0
12;2025-11-16;3;0
12;2025-11-16;4;1
12;2025-11-16;5;193
12;2025-11-16;6;565
12;2025-11-16;7;663
12;2025-11-16;8;752
12;2025-11-16;9;974
12;2025-11-16;10;1193
12;2025-11-16;11;1378
12;2025-11-16;12;1421
12;2025-11-16;13;1691
12;2025-11-16;14;1574
12;2025-11-16;15;1459
12;2025-11-16;16;1460
12;2025-11-16;17;1445
12;2025-11-16;18;1265
12;2025-11-16;19;1095
12;2025-11-16;20;838
12;2025-11-16;21;617
12;2025-11-16;22;405
12;2025-11-16;23;223
12;2025-11-17;0;61
12;2025-11-17;1;3
12;2025-11-17;2;0
12;2025-11-17;3;0
12;2025-11-17;4;7
12;2025-11-17;5;349
12;2025-11-17;6;1458
12;2025-11-17;7;2681
12;2025-11-17;8;3516
12;2025-11-17;9;2469
12;2025-11-17;10;2005
12;2025-11-17;11;1966
12;2025-11-17;12;2061
12;2025-11-17;13;2046
12;2025-11-17;14;2008
12;2025-11-17;15;2292
12;2025-11-17;16;2812
12;2025-11-17;17;3071
12;2025-11-17;18;3203
12;2025-11-17;19;2475
12;2025-11-17;20;1564
12;2025-11-17;21;957
12;2025-11-17;22;505
12;2025-11-17;23;241
12;2025-11-18;0;54
12;2025-11-18;1;2
12;2025-11-18;2;0
12;2025-11-18;3;0
12;2025-11-18;4;8
12;2025-11-18;5;361
12;2025-11-18;6;1486
12;2025-11-18;7;2700
12;2025-11-18;8;3540
12;2025-11-18;9;2522
12;2025-11-18;10;2068
12;2025-11-18;11;2025
12;2025-11-18;12;2092
12;2025-11-18;13;2093
12;2025-11-18;14;2048
12;2025-11-18;15;2323
12;2025-11-18;16;2827
12;2025-11-18;17;3100
12;2025-11-18;18;3249
12;2025-11-18;19;2537
12;2025-11-18;20;1606
12;2025-11-18;21;991
12;2025-11-18;22;526
12;2025-11-18;23;262
12;2025-11-19;0;55
12;2025-11-19;1;2
12;2025-11-19;2;0
12;2025-11-19;3;0
12;2025-11-19;4;7
12;2025-11-19;5;360
12;2025-11-19;6;1489
12;2025-11-19;7;2699
12;2025-11-19;8;3541
12;2025-11-19;9;2520
12;2025-11-19;10;2068
12;2025-11-19;11;2020
12;2025-11-19;12;2092
12;2025-11-19;13;2094
12;2025-11-19;14;2046
12;2025-11-19;15;2323
12;2025-11-19;16;2827
12;2025-11-19;17;3099
12;2025-11-19;18;3248
12;2025-11-19;19;2537
12;2025-11-19;20;1604
12;2025-11-19;21;995
12;2025-11-19;22;546
12;2025-11-19;23;281
12;2025-11-20;0;58
12;2025-11-20;1;3
12;2025-11-20;2;0
12;2025-11-20;3;0
12;2025-11-20;4;8
12;2025-11-20;5;362
12;2025-11-20;6;1490
12;2025-11-20;7;2694
12;2025-11-20;8;3539
12;2025-11-20;9;2521
12;2025-11-20;10;2070
12;2025-11-20;11;2024
12;2025-11-20;12;2094
12;2025-11-20;13;2096
12;2025-11-20;14;2050
12;2025-11-20;15;2322
12;2025-11-20;16;2828
12;2025-11-20;17;3100
12;2025-11-20;18;3249
12;2025-11-20;19;2542
12;2025-11-20;20;1613
12;2025-11-20;21;997
12;2025-11-20;22;548
12;2025-11-20;23;284
12;2025-11-21;0;62
12;2025-11-21;1;3
12;2025-11-21;2;0
12;2025-11-21;3;0
12;2025-11-21;4;12
12;2025-11-21;5;352
12;2025-11-21;6;1480
12;2025-11-21;7;2666
12;2025-11-21;8;3474
12;2025-11-21;9;2458
12;2025-11-21;10;2036
12;2025-11-21;11;2025
12;2025-11-21;12;2087
12;2025-11-21;13;2083
12;2025-11-21;14;2054
12;2025-11-21;15;2323
12;2025-11-21;16;2820
12;2025-11-21;17;3042
12;2025-11-21;18;3092
12;2025-11-21;19;2413
12;2025-11-21;20;1576
12;2025-11-21;21;987
12;2025-11-21;22;544
12;2025-11-21;23;295
12;2025-11-22;0;92
12;2025-11-22;1;5
12;2025-11-22;2;0
12;2025-11-22;3;0
12;2025-11-22;4;7
12;2025-11-22;5;229
12;2025-11-22;6;811
12;2025-11-22;7;933
12;2025-11-22;8;1036
12;2025-11-22;9;1150
12;2025-11-22;10;1299
12;2025-11-22;11;1502
12;2025-11-22;12;1555
12;2025-11-22;13;1740
12;2025-11-22;14;1643
12;2025-11-22;15;1549
12;2025-11-22;16;1610
12;2025-11-22;17;1578
12;2025-11-22;18;1456
12;2025-11-22;19;1323
12;2025-11-22;20;935
12;2025-11-22;21;695
12;2025-11-22;22;474
12;2025-11-22;23;287
12;2025-11-23;0;90
12;2025-11-23;1;9
12;2025-11-23;2;0
12;2025-11-23;3;0
12;2025-11-23;4;1
12;2025-11-23;5;193
12;2025-11-23;6;565
12;2025-11-23;7;663
12;2025-11-23;8;752
12;2025-11-23;9;974
12;2025-11-23;10;1193
12;2025-11-23;11;1378
12;2025-11-23;12;1421
12;2025-11-23;13;1691
12;2025-11-23;14;1574
12;2025-11-23;15;1459
12;2025-11-23;16;1460
12;2025-11-23;17;1445
12;2025-11-23;18;1265
12;2025-11-23;19;1095
12;2025-11-23;20;838
12;2025-11-23;21;617
12;2025-11-23;22;405
12;2025-11-23;23;223
12;2025-11-24;0;61
12;2025-11-24;1;3
12;2025-11-24;2;0
12;2025-11-24;3;0
12;2025-11-24;4;7
12;2025-11-24;5;349
12;2025-11-24;6;1458
12;2025-11-24;7;2681
12;2025-11-24;8;3516
12;2025-11-24;9;2469
12;2025-11-24;10;2005
12;2025-11-24;11;1966
12;2025-11-24;12;2061
12;2025-11-24;13;2046
12;2025-11-24;14;2008
12;2025-11-24;15;2292
12;2025-11-24;16;2812
12;2025-11-24;17;3071
12;2025-11-24;18;3203
12;2025-11-24;19;2475
12;2025-11-24;20;1564
12;2025-11-24;21;957
12;2025-11-24;22;505
12;2025-11-24;23;241
12;2025-11-25;0;54
12;2025-11-25;1;2
12;2025-11-25;2;0
12;2025-11-25;3;0
12;2025-11-25;4;8
12;2025-11-25;5;361
12;2025-11-25;6;1486
12;2025-11-25;7;2700
12;2025-11-25;8;3540
12;2025-11-25;9;2522
12;2025-11-25;10;2068
12;2025-11-25;11;2025
12;2025-11-25;12;2092
12;2025-11-25;13;2093
12;2025-11-25;14;2048
12;2025-11-25;15;2323
12;2025-11-25;16;2827
12;2025-11-25;17;3100
12;2025-11-25;18;3249
12;2025-11-25;19;2537
12;2025-11-25;20;1606
12;2025-11-25;21;991
12;2025-11-25;22;526
12;2025-11-25;23;262
12;2025-11-26;0;55
12;2025-11-26;1;2
12;2025-11-26;2;0
12;2025-11-26;3;0
12;2025-11-26;4;7
12;2025-11-26;5;360
12;2025-11-26;6;1489
12;2025-11-26;7;2699
12;2025-11-26;8;3541
12;2025-11-26;9;2520
12;2025-11-26;10;2068
12;2025-11-26;11;2020
12;2025-11-26;12;2092
12;2025-11-26;13;2094
12;2025-11-26;14;2046
12;2025-11-26;15;2323
12;2025-11-26;16;2827
12;2025-11-26;17;3099
12;2025-11-26;18;3248
12;2025-11-26;19;2537
12;2025-11-26;20;1604
12;2025-11-26;21;995
12;2025-11-26;22;546
12;2025-11-26;23;281
12;2025-11-27;0;58
12;2025-11-27;1;3
12;2025-11-27;2;0
12;2025-11-27;3;0
12;2025-11-27;4;8
12;2025-11-27;5;362
12;2025-11-27;6;1490
12;2025-11-27;7;2694
12;2025-11-27;8;3539
12;2025-11-27;9;2521
12;2025-11-27;10;2070
12;2025-11-27;11;2024
12;2025-11-27;12;2094
12;2025-11-27;13;2096
12;2025-11-27;14;2050
12;2025-11-27;15;2322
12;2025-11-27;16;2828
12;2025-11-27;17;3100
12;2025-11-27;18;3249
12;2025-11-27;19;2542
12;2025-11-27;20;1613
12;2025-11-27;21;997
12;2025-11-27;22;548
12;2025-11-27;23;284
12;2025-11-28;0;62
12;2025-11-28;1;3
12;2025-11-28;2;0
12;2025-11-28;3;0
12;2025-11-28;4;12
12;2025-11-28;5;352
12;2025-11-28;6;1480
12;2025-11-28;7;2666
12;2025-11-28;8;3474
12;2025-11-28;9;2458
12;2025-11-28;10;2036
12;2025-11-28;11;2025
12;2025-11-28;12;2087
12;2025-11-28;13;2083
12;2025-11-28;14;2054
12;2025-11-28;15;2323
12;2025-11-28;16;2820
12;2025-11-28;17;3042
12;2025-11-28;18;3092
12;2025-11-28;19;2413
12;2025-11-28;20;1576
12;2025-11-28;21;987
12;2025-11-28;22;544
12;2025-11-28;23;295
12;2025-11-29;0;92
12;2025-11-29;1;5
12;2025-11-29;2;0
12;2025-11-29;3;0
12;2025-11-29;4;7
12;2025-11-29;5;229
12;2025-11-29;6;811
12;2025-11-29;7;933
12;2025-11-29;8;1036
12;2025-11-29;9;1150
12;2025-11-29;10;1299
12;2025-11-29;11;1502
12;2025-11-29;12;1555
12;2025-11-29;13;1740
12;2025-11-29;14;1643
12;2025-11-29;15;1549
12;2025-11-29;16;1610
12;2025-11-29;17;1578
12;2025-11-29;18;1456
12;2025-11-29;19;1323
12;2025-11-29;20;935
12;2025-11-29;21;695
12;2025-11-29;22;474
12;2025-11-29;23;287
12;2025-11-30;0;90
12;2025-11-30;1;9
12;2025-11-30;2;0
12;2025-11-30;3;0
12;2025-11-30;4;1
12;2025-11-30;5;193
12;2025-11-30;6;565
12;2025-11-30;7;663
12;2025-11-30;8;752
12;2025-11-30;9;974
12;2025-11-30;10;1193
12;2025-11-30;11;1378
12;2025-11-30;12;1421
12;2025-11-30;13;1691
12;2025-11-30;14;1574
12;2025-11-30;15;1459
12;2025-11-30;16;1460
12;2025-11-30;17;1445
12;2025-11-30;18;1265
12;2025-11-30;19;1095
12;2025-11-30;20;838
12;2025-11-30;21;617
12;2025-11-30;22;405
12;2025-11-30;23;223
12;2025-12-01;0;59
12;2025-12-01;1;3
12;2025-12-01;2;0
12;2025-12-01;3;0
12;2025-12-01;4;4
12;2025-12-01;5;338
12;2025-12-01;6;1396
12;2025-12-01;7;2640
12;2025-12-01;8;3486
12;2025-12-01;9;2413
12;2025-12-01;10;2001
12;2025-12-01;11;1934
12;2025-12-01;12;2029
12;2025-12-01;13;2017
12;2025-12-01;14;1986
12;2025-12-01;15;2258
12;2025-12-01;16;2807
12;2025-12-01;17;3058
12;2025-12-01;18;3189
12;2025-12-01;19;2471
12;2025-12-01;20;1540
12;2025-12-01;21;953
12;2025-12-01;22;467
12;2025-12-01;23;225
12;2025-12-02;0;52
12;2025-12-02;1;2
12;2025-12-02;2;0
12;2025-12-02;3;0
12;2025-12-02;4;6
12;2025-12-02;5;349
12;2025-12-02;6;1425
12;2025-12-02;7;2659
12;2025-12-02;8;3503
12;2025-12-02;9;2460
12;2025-12-02;10;2063
12;2025-12-02;11;1993
12;2025-12-02;12;2060
12;2025-12-02;13;2058
12;2025-12-02;14;2027
12;2025-12-02;15;2289
12;2025-12-02;16;2821
12;2025-12-02;17;3080
12;2025-12-02;18;3228
12;2025-12-02;19;2525
12;2025-12-02;20;1582
12;2025-12-02;21;987
12;2025-12-02;22;488
12;2025-12-02;23;242
12;2025-12-03;0;53
12;2025-12-03;1;2
12;2025-12-03;2;0
12;2025-12-03;3;0
12;2025-12-03;4;5
12;2025-12-03;5;348
12;2025-12-03;6;1427
12;2025-12-03;7;2658
12;2025-12-03;8;3503
12;2025-12-03;9;2457
12;2025-12-03;10;2063
12;2025-12-03;11;1987
12;2025-12-03;12;2060
12;2025-12-03;13;2059
12;2025-12-03;14;2025
12;2025-12-03;15;2289
12;2025-12-03;16;2821
12;2025-12-03;17;3079
12;2025-12-03;18;3227
12;2025-12-03;19;2526
12;2025-12-03;20;1581
12;2025-12-03;21;991
12;2025-12-03;22;508
12;2025-12-03;23;261
12;2025-12-04;0;56
12;2025-12-04;1;4
12;2025-12-04;2;0
12;2025-12-04;3;0
12;2025-12-04;4;5
12;2025-12-04;5;350
12;2025-12-04;6;1428
12;2025-12-04;7;2654
12;2025-12-04;8;3502
12;2025-12-04;9;2459
12;2025-12-04;10;2065
12;2025-12-04;11;1992
12;2025-12-04;12;2061
12;2025-12-04;13;2060
12;2025-12-04;14;2029
12;2025-12-04;15;2288
12;2025-12-04;16;2822
12;2025-12-04;17;3080
12;2025-12-04;18;3228
12;2025-12-04;19;2531
12;2025-12-04;20;1589
12;2025-12-04;21;993
12;2025-12-04;22;510
12;2025-12-04;23;266
12;2025-12-05;0;59
12;2025-12-05;1;3
12;2025-12-05;2;0
12;2025-12-05;3;0
12;2025-12-05;4;10
12;2025-12-05;5;340
12;2025-12-05;6;1418
12;2025-12-05;7;2626
12;2025-12-05;8;3443
12;2025-12-05;9;2402
12;2025-12-05;10;2031
12;2025-12-05;11;1993
12;2025-12-05;12;2055
12;2025-12-05;13;2048
12;2025-12-05;14;2033
12;2025-12-05;15;2289
12;2025-12-05;16;2815
12;2025-12-05;17;3029
12;2025-12-05;18;3077
12;2025-12-05;19;2408
12;2025-12-05;20;1553
12;2025-12-05;21;983
12;2025-12-05;22;506
12;2025-12-05;23;280
12;2025-12-06;0;88
12;2025-12-06;1;4
12;2025-12-06;2;0
12;2025-12-06;3;0
12;2025-12-06;4;6
12;2025-12-06;5;227
12;2025-12-06;6;763
12;2025-12-06;7;890
12;2025-12-06;8;991
12;2025-12-06;9;1098
12;2025-12-06;10;1295
12;2025-12-06;11;1485
12;2025-12-06;12;1512
12;2025-12-06;13;1706
12;2025-12-06;14;1622
12;2025-12-06;15;1499
12;2025-12-06;16;1605
12;2025-12-06;17;1551
12;2025-12-06;18;1416
12;2025-12-06;19;1312
12;2025-12-06;20;915
12;2025-12-06;21;665
12;2025-12-06;22;451
12;2025-12-06;23;276
12;2025-12-07;0;87
12;2025-12-07;1;7
12;2025-12-07;2;0
12;2025-12-07;3;0
12;2025-12-07;4;0
12;2025-12-07;5;194
12;2025-12-07;6;517
12;2025-12-07;7;620
12;2025-12-07;8;708
12;2025-12-07;9;929
12;2025-12-07;10;1189
12;2025-12-07;11;1362
12;2025-12-07;12;1378
12;2025-12-07;13;1656
12;2025-12-07;14;1552
12;2025-12-07;15;1409
12;2025-12-07;16;1454
12;2025-12-07;17;1425
12;2025-12-07;18;1231
12;2025-12-07;19;1091
12;2025-12-07;20;817
12;2025-12-07;21;592
12;2025-12-07;22;384
12;2025-12-07;23;211
12;2025-12-08;0;59
12;2025-12-08;1;3
12;2025-12-08;2;0
12;2025-12-08;3;0
12;2025-12-08;4;4
12;2025-12-08;5;338
12;2025-12-08;6;1396
12;2025-12-08;7;2640
12;2025-12-08;8;3486
12;2025-12-08;9;2413
12;2025-12-08;10;2001
12;2025-12-08;11;1934
12;2025-12-08;12;2029
12;2025-12-08;13;2017
12;2025-12-08;14;1986
12;2025-12-08;15;2258
12;2025-12-08;16;2807
12;2025-12-08;17;3058
12;2025-12-08;18;3189
12;2025-12-08;19;2471
12;2025-12-08;20;1540
12;2025-12-08;21;953
12;2025-12-08;22;467
12;2025-12-08;23;225
12;2025-12-09;0;52
12;2025-12-09;1;2
12;2025-12-09;2;0
12;2025-12-09;3;0
12;2025-12-09;4;6
12;2025-12-09;5;349
12;2025-12-09;6;1425
12;2025-12-09;7;2659
12;2025-12-09;8;3503
12;2025-12-09;9;2460
12;2025-12-09;10;2063
12;2025-12-09;11;1993
12;2025-12-09;12;2060
12;2025-12-09;13;2058
12;2025-12-09;14;2027
12;2025-12-09;15;2289
12;2025-12-09;16;2821
12;2025-12-09;17;3080
12;2025-12-09;18;3228
12;2025-12-09;19;2525
12;2025-12-09;20;1582
12;2025-12-09;21;987
12;2025-12-09;22;488
12;2025-12-09;23;242
12;2025-12-10;0;53
12;2025-12-10;1;2
12;2025-12-10;2;0
12;2025-12-10;3;0
12;2025-12-10;4;5
12;2025-12-10;5;348
12;2025-12-10;6;1427
12;2025-12-10;7;2658
12;2025-12-10;8;3503
12;2025-12-10;9;2457
12;2025-12-10;10;2063
12;2025-12-10;11;1987
12;2025-12-10;12;2060
12;2025-12-10;13;2059
12;2025-12-10;14;2025
12;2025-12-10;15;2289
12;2025-12-10;16;2821
12;2025-12-10;17;3079
12;2025-12-10;18;3227
12;2025-12-10;19;2526
12;2025-12-10;20;1581
12;2025-12-10;21;991
12;2025-12-10;22;508
12;2025-12-10;23;261
12;2025-12-11;0;56
12;2025-12-11;1;4
12;2025-12-11;2;0
12;2025-12-11;3;0
12;2025-12-11;4;5
12;2025-12-11;5;350
12;2025-12-11;6;1428
12;2025-12-11;7;2654
12;2025-12-11;8;3502
12;2025-12-11;9;2459
12;2025-12-11;10;2065
12;2025-12-11;11;1992
12;2025-12-11;12;2061
12;2025-12-11;13;2060
12;2025-12-11;14;2029
12;2025-12-11;15;2288
12;2025-12-11;16;2822
12;2025-12-11;17;3080
12;2025-12-11;18;3228
12;2025-12-11;19;2531
12;2025-12-11;20;1589
12;2025-12-11;21;993
12;2025-12-11;22;510
12;2025-12-11;23;266
12;2025-12-12;0;59
12;2025-12-12;1;3
12;2025-12-12;2;0
12;2025-12-12;3;0
12;2025-12-12;4;10
12;2025-12-12;5;340
12;2025-12-12;6;1418
12;2025-12-12;7;2626
12;2025-12-12;8;3443
12;2025-12-12;9;2402
12;2025-12-12;10;2031
12;2025-12-12;11;1993
12;2025-12-12;12;2055
12;2025-12-12;13;2048
12;2025-12-12;14;2033
12;2025-12-12;15;2289
12;2025-12-12;16;2815
12;2025-12-12;17;3029
12;2025-12-12;18;3077
12;2025-12-12;19;2408
12;2025-12-12;20;1553
12;2025-12-12;21;983
12;2025-12-12;22;506
12;2025-12-12;23;280
12;2025-12-13;0;88
12;2025-12-13;1;4
12;2025-12-13;2;0
12;2025-12-13;3;0
12;2025-12-13;4;6
12;2025-12-13;5;227
12;2025-12-13;6;763
12;2025-12-13;7;890
12;2025-12-13;8;991
12;2025-12-13;9;1098
12;2025-12-13;10;1295
12;2025-12-13;11;1485
12;2025-12-13;12;1512
12;2025-12-13;13;1706
12;2025-12-13;14;1622
12;2025-12-13;15;1499
12;2025-12-13;16;1605
12;2025-12-13;17;1551
12;2025-12-13;18;1416
12;2025-12-13;19;1312
12;2025-12-13;20;915
12;2025-12-13;21;665
12;2025-12-13;22;451
12;2025-12-13;23;276
12;2025-12-14;0;87
12;2025-12-14;1;7
12;2025-12-14;2;0
12;2025-12-14;3;0
12;2025-12-14;4;0
12;2025-12-14;5;194
12;2025-12-14;6;517
12;2025-12-14;7;620
12;2025-12-14;8;708
12;2025-12-14;9;929
12;2025-12-14;10;1189
12;2025-12-14;11;1362
12;2025-12-14;12;1378
12;2025-12-14;13;1656
12;2025-12-14;14;1552
12;2025-12-14;15;1409
12;2025-12-14;16;1454
12;2025-12-14;17;1425
12;2025-12-14;18;1231
12;2025-12-14;19;1091
12;2025-12-14;20;817
12;2025-12-14;21;592
12;2025-12-14;22;384
12;2025-12-14;23;211
12;2025-12-15;0;59
12;2025-12-15;1;3
12;2025-12-15;2;0
12;2025-12-15;3;0
12;2025-12-15;4;4
12;2025-12-15;5;338
12;2025-12-15;6;1396
12;2025-12-15;7;2640
12;2025-12-15;8;3486
12;2025-12-15;9;2413
12;2025-12-15;10;2001
12;2025-12-15;11;1934
12;2025-12-15;12;2029
12;2025-12-15;13;2017
12;2025-12-15;14;1986
12;2025-12-15;15;2258
12;2025-12-15;16;2807
12;2025-12-15;17;3058
12;2025-12-15;18;3189
12;2025-12-15;19;2471
12;2025-12-15;20;1540
12;2025-12-15;21;953
12;2025-12-15;22;467
12;2025-12-15;23;225
12;2025-12-16;0;52
12;2025-12-16;1;2
12;2025-12-16;2;0
12;2025-12-16;3;0
12;2025-12-16;4;6
12;2025-12-16;5;349
12;2025-12-16;6;1425
12;2025-12-16;7;2659
12;2025-12-16;8;3503
12;2025-12-16;9;2460
12;2025-12-16;10;2063
12;2025-12-16;11;1993
12;2025-12-16;12;2060
12;2025-12-16;13;2058
12;2025-12-16;14;2027
12;2025-12-16;15;2289
12;2025-12-16;16;2821
12;2025-12-16;17;3080
12;2025-12-16;18;3228
12;2025-12-16;19;2525
12;2025-12-16;20;1582
12;2025-12-16;21;987
12;2025-12-16;22;488
12;2025-12-16;23;242
12;2025-12-17;0;53
12;2025-12-17;1;2
12;2025-12-17;2;0
12;2025-12-17;3;0
12;2025-12-17;4;5
12;2025-12-17;5;348
12;2025-12-17;6;1427
12;2025-12-17;7;2658
12;2025-12-17;8;3503
12;2025-12-17;9;2457
12;2025-12-17;10;2063
12;2025-12-17;11;1987
12;2025-12-17;12;2060
12;2025-12-17;13;2059
12;2025-12-17;14;2025
12;2025-12-17;15;2289
12;2025-12-17;16;2821
12;2025-12-17;17;3079
12;2025-12-17;18;3227
12;2025-12-17;19;2526
12;2025-12-17;20;1581
12;2025-12-17;21;991
12;2025-12-17;22;508
12;2025-12-17;23;261
12;2025-12-18;0;56
12;2025-12-18;1;4
12;2025-12-18;2;0
12;2025-12-18;3;0
12;2025-12-18;4;5
12;2025-12-18;5;350
12;2025-12-18;6;1428
12;2025-12-18;7;2654
12;2025-12-18;8;3502
12;2025-12-18;9;2459
12;2025-12-18;10;2065
12;2025-12-18;11;1992
12;2025-12-18;12;2061
12;2025-12-18;13;2060
12;2025-12-18;14;2029
12;2025-12-18;15;2288
12;2025-12-18;16;2822
12;2025-12-18;17;3080
12;2025-12-18;18;3228
12;2025-12-18;19;2531
12;2025-12-18;20;1589
12;2025-12-18;21;993
12;2025-12-18;22;510
12;2025-12-18;23;266
12;2025-12-19;0;59
12;2025-12-19;1;3
12;2025-12-19;2;0
12;2025-12-19;3;0
12;2025-12-19;4;10
12;2025-12-19;5;340
12;2025-12-19;6;1418
12;2025-12-19;7;2626
12;2025-12-19;8;3443
12;2025-12-19;9;2402
12;2025-12-19;10;2031
12;2025-12-19;11;1993
12;2025-12-19;12;2055
12;2025-12-19;13;2048
12;2025-12-19;14;2033
12;2025-12-19;15;2289
12;2025-12-19;16;2815
12;2025-12-19;17;3029
12;2025-12-19;18;3077
12;2025-12-19;19;2408
12;2025-12-19;20;1553
12;2025-12-19;21;983
12;2025-12-19;22;506
12;2025-12-19;23;280
12;2025-12-20;0;88
12;2025-12-20;1;4
12;2025-12-20;2;0
12;2025-12-20;3;0
12;2025-12-20;4;6
12;2025-12-20;5;227
12;2025-12-20;6;763
12;2025-12-20;7;890
12;2025-12-20;8;991
12;2025-12-20;9;1098
12;2025-12-20;10;1295
12;2025-12-20;11;1485
12;2025-12-20;12;1512
12;2025-12-20;13;1706
12;2025-12-20;14;1622
12;2025-12-20;15;1499
12;2025-12-20;16;1605
12;2025-12-20;17;1551
12;2025-12-20;18;1416
12;2025-12-20;19;1312
12;2025-12-20;20;915
12;2025-12-20;21;665
12;2025-12-20;22;451
12;2025-12-20;23;276
12;2025-12-21;0;87
12;2025-12-21;1;7
12;2025-12-21;2;0
12;2025-12-21;3;0
12;2025-12-21;4;0
12;2025-12-21;5;194
12;2025-12-21;6;517
12;2025-12-21;7;620
12;2025-12-21;8;708
12;2025-12-21;9;929
12;2025-12-21;10;1189
12;2025-12-21;11;1362
12;2025-12-21;12;1378
12;2025-12-21;13;1656
12;2025-12-21;14;1552
12;2025-12-21;15;1409
12;2025-12-21;16;1454
12;2025-12-21;17;1425
12;2025-12-21;18;1231
12;2025-12-21;19;1091
12;2025-12-21;20;817
12;2025-12-21;21;592
12;2025-12-21;22;384
12;2025-12-21;23;211
12;2025-12-22;0;59
12;2025-12-22;1;3
12;2025-12-22;2;0
12;2025-12-22;3;0
12;2025-12-22;4;4
12;2025-12-22;5;338
12;2025-12-22;6;1396
12;2025-12-22;7;2640
12;2025-12-22;8;3486
12;2025-12-22;9;2413
12;2025-12-22;10;2001
12;2025-12-22;11;1934
12;2025-12-22;12;2029
12;2025-12-22;13;2017
12;2025-12-22;14;1986
12;2025-12-22;15;2258
12;2025-12-22;16;2807
12;2025-12-22;17;3058
12;2025-12-22;18;3189
12;2025-12-22;19;2471
12;2025-12-22;20;1540
12;2025-12-22;21;953
12;2025-12-22;22;467
12;2025-12-22;23;225
12;2025-12-23;0;52
12;2025-12-23;1;2
12;2025-12-23;2;0
12;2025-12-23;3;0
12;2025-12-23;4;6
12;2025-12-23;5;349
12;2025-12-23;6;1425
12;2025-12-23;7;2659
12;2025-12-23;8;3503
12;2025-12-23;9;2460
12;2025-12-23;10;2063
12;2025-12-23;11;1993
12;2025-12-23;12;2060
12;2025-12-23;13;2058
12;2025-12-23;14;2027
12;2025-12-23;15;2289
12;2025-12-23;16;2821
12;2025-12-23;17;3080
12;2025-12-23;18;3228
12;2025-12-23;19;2525
12;2025-12-23;20;1582
12;2025-12-23;21;987
12;2025-12-23;22;488
12;2025-12-23;23;242
12;2025-12-24;0;53
12;2025-12-24;1;2
12;2025-12-24;2;0
12;2025-12-24;3;0
12;2025-12-24;4;5
12;2025-12-24;5;348
12;2025-12-24;6;1427
12;2025-12-24;7;2658
12;2025-12-24;8;3503
12;2025-12-24;9;2457
12;2025-12-24;10;2063
12;2025-12-24;11;1987
12;2025-12-24;12;2060
12;2025-12-24;13;2059
12;2025-12-24;14;2025
12;2025-12-24;15;2289
12;2025-12-24;16;2821
12;2025-12-24;17;3079
12;2025-12-24;18;3227
12;2025-12-24;19;2526
12;2025-12-24;20;1581
12;2025-12-24;21;991
12;2025-12-24;22;508
12;2025-12-24;23;261
12;2025-12-25;0;56
12;2025-12-25;1;4
12;2025-12-25;2;0
12;2025-12-25;3;0
12;2025-12-25;4;5
12;2025-12-25;5;350
12;2025-12-25;6;1428
12;2025-12-25;7;2654
12;2025-12-25;8;3502
12;2025-12-25;9;2459
12;2025-12-25;10;2065
12;2025-12-25;11;1992
12;2025-12-25;12;2061
12;2025-12-25;13;2060
12;2025-12-25;14;2029
12;2025-12-25;15;2288
12;2025-12-25;16;2822
12;2025-12-25;17;3080
12;2025-12-25;18;3228
12;2025-12-25;19;2531
12;2025-12-25;20;1589
12;2025-12-25;21;993
12;2025-12-25;22;510
12;2025-12-25;23;266
12;2025-12-26;0;59
12;2025-12-26;1;3
12;2025-12-26;2;0
12;2025-12-26;3;0
12;2025-12-26;4;10
12;2025-12-26;5;340
12;2025-12-26;6;1418
12;2025-12-26;7;2626
12;2025-12-26;8;3443
12;2025-12-26;9;2402
12;2025-12-26;10;2031
12;2025-12-26;11;1993
12;2025-12-26;12;2055
12;2025-12-26;13;2048
12;2025-12-26;14;2033
12;2025-12-26;15;2289
12;2025-12-26;16;2815
12;2025-12-26;17;3029
12;2025-12-26;18;3077
12;2025-12-26;19;2408
12;2025-12-26;20;1553
12;2025-12-26;21;983
12;2025-12-26;22;506
12;2025-12-26;23;280
12;2025-12-27;0;88
12;2025-12-27;1;4
12;2025-12-27;2;0
12;2025-12-27;3;0
12;2025-12-27;4;6
12;2025-12-27;5;227
12;2025-12-27;6;763
12;2025-12-27;7;890
12;2025-12-27;8;991
12;2025-12-27;9;1098
12;2025-12-27;10;1295
12;2025-12-27;11;1485
12;2025-12-27;12;1512
12;2025-12-27;13;1706
12;2025-12-27;14;1622
12;2025-12-27;15;1499
12;2025-12-27;16;1605
12;2025-12-27;17;1551
12;2025-12-27;18;1416
12;2025-12-27;19;1312
12;2025-12-27;20;915
12;2025-12-27;21;665
12;2025-12-27;22;451
12;2025-12-27;23;276
12;2025-12-28;0;87
12;2025-12-28;1;7
12;2025-12-28;2;0
12;2025-12-28;3;0
12;2025-12-28;4;0
12;2025-12-28;5;194
12;2025-12-28;6;517
12;2025-12-28;7;620
12;2025-12-28;8;708
12;2025-12-28;9;929
12;2025-12-28;10;1189
12;2025-12-28;11;1362
12;2025-12-28;12;1378
12;2025-12-28;13;1656
12;2025-12-28;14;1552
12;2025-12-28;15;1409
12;2025-12-28;16;1454
12;2025-12-28;17;1425
12;2025-12-28;18;1231
12;2025-12-28;19;1091
12;2025-12-28;20;817
12;2025-12-28;21;592
12;2025-12-28;22;384
12;2025-12-28;23;211
12;2025-12-29;0;59
12;2025-12-29;1;3
12;2025-12-29;2;0
12;2025-12-29;3;0
12;2025-12-29;4;4
12;2025-12-29;5;338
12;2025-12-29;6;1396
12;2025-12-29;7;2640
12;2025-12-29;8;3486
12;2025-12-29;9;2413
12;2025-12-29;10;2001
12;2025-12-29;11;1934
12;2025-12-29;12;2029
12;2025-12-29;13;2017
12;2025-12-29;14;1986
12;2025-12-29;15;2258
12;2025-12-29;16;2807
12;2025-12-29;17;3058
12;2025-12-29;18;3189
12;2025-12-29;19;2471
12;2025-12-29;20;1540
12;2025-12-29;21;953
12;2025-12-29;22;467
12;2025-12-29;23;225
12;2025-12-30;0;52
12;2025-12-30;1;2
12;2025-12-30;2;0
12;2025-12-30;3;0
12;2025-12-30;4;6
12;2025-12-30;5;349
12;2025-12-30;6;1425
12;2025-12-30;7;2659
12;2025-12-30;8;3503
12;2025-12-30;9;2460
12;2025-12-30;10;2063
12;2025-12-30;11;1993
12;2025-12-30;12;2060
12;2025-12-30;13;2058
12;2025-12-30;14;2027
12;2025-12-30;15;2289
12;2025-12-30;16;2821
12;2025-12-30;17;3080
12;2025-12-30;18;3228
12;2025-12-30;19;2525
12;2025-12-30;20;1582
12;2025-12-30;21;987
12;2025-12-30;22;488
12;2025-12-30;23;242
12;2025-12-31;0;44
12;2025-12-31;1;2
12;2025-12-31;2;0
12;2025-12-31;3;0
12;2025-12-31;4;0
12;2025-12-31;5;274
12;2025-12-31;6;563
12;2025-12-31;7;652
12;2025-12-31;8;1055
12;2025-12-31;9;1012
12;2025-12-31;10;1275
12;2025-12-31;11;1298
12;2025-12-31;12;1303
12;2025-12-31;13;1501
12;2025-12-31;14;1514
12;2025-12-31;15;1426
12;2025-12-31;16;1393
12;2025-12-31;17;1311
12;2025-12-31;18;1486
12;2025-12-31;19;1162
12;2025-12-31;20;875
12;2025-12-31;21;569
12;2025-12-31;22;449
12;2025-12-31;23;245
17;2025-11-01;0;217
17;2025-11-01;1;31
17;2025-11-01;2;0
17;2025-11-01;3;0
17;2025-11-01;4;25
17;2025-11-01;5;150
17;2025-11-01;6;565
17;2025-11-01;7;2447
17;2025-11-01;8;4173
17;2025-11-01;9;3659
17;2025-11-01;10;2973
17;2025-11-01;11;3119
17;2025-11-01;12;3295
17;2025-11-01;13;3660
17;2025-11-01;14;3715
17;2025-11-01;15;3904
17;2025-11-01;16;4082
17;2025-11-01;17;4371
17;2025-11-01;18;4284
17;2025-11-01;19;3415
17;2025-11-01;20;2419
17;2025-11-01;21;1444
17;2025-11-01;22;934
17;2025-11-01;23;482
17;2025-11-02;0;178
17;2025-11-02;1;22
17;2025-11-02;2;0
17;2025-11-02;3;0
17;2025-11-02;4;3
17;2025-11-02;5;98
17;2025-11-02;6;406
17;2025-11-02;7;809
17;2025-11-02;8;1231
17;2025-11-02;9;1667
17;2025-11-02;10;1971
17;2025-11-02;11;2433
17;2025-11-02;12;2848
17;2025-11-02;13;3202
17;2025-11-02;14;3210
17;2025-11-02;15;3249
17;2025-11-02;16;3149
17;2025-11-02;17;2997
17;2025-11-02;18;2643
17;2025-11-02;19;2148
17;2025-11-02;20;1670
17;2025-11-02;21;1217
17;2025-11-02;22;725
17;2025-11-02;23;333
17;2025-11-03;0;135
17;2025-11-03;1;7
17;2025-11-03;2;0
17;2025-11-03;3;0
17;2025-11-03;4;0
17;2025-11-03;5;192
17;2025-11-03;6;485
17;2025-11-03;7;1150
17;2025-11-03;8;1912
17;2025-11-03;9;1725
17;2025-11-03;10;1817
17;2025-11-03;11;2167
17;2025-11-03;12;2586
17;2025-11-03;13;2604
17;2025-11-03;14;2730
17;2025-11-03;15;2719
17;2025-11-03;16;2788
17;2025-11-03;17;2877
17;2025-11-03;18;3092
17;2025-11-03;19;2241
17;2025-11-03;20;1624
17;2025-11-03;21;1059
17;2025-11-03;22;789
17;2025-11-03;23;338
17;2025-11-04;0;135
17;2025-11-04;1;14
17;2025-11-04;2;0
17;2025-11-04;3;0
17;2025-11-04;4;3
17;2025-11-04;5;168
17;2025-11-04;6;416
17;2025-11-04;7;951
17;2025-11-04;8;1613
17;2025-11-04;9;1594
17;2025-11-04;10;1817
17;2025-11-04;11;2129
17;2025-11-04;12;2646
17;2025-11-04;13;2670
17;2025-11-04;14;2735
17;2025-11-04;15;2693
17;2025-11-04;16;2676
17;2025-11-04;17;2683
17;2025-11-04;18;2825
17;2025-11-04;19;2210
17;2025-11-04;20;1582
17;2025-11-04;21;1043
17;2025-11-04;22;777
17;2025-11-04;23;354
17;2025-11-05;0;131
17;2025-11-05;1;10
17;2025-11-05;2;0
17;2025-11-05;3;0
17;2025-11-05;4;28
17;2025-11-05;5;311
17;2025-11-05;6;1511
17;2025-11-05;7;3906
17;2025-11-05;8;5210
17;2025-11-05;9;3815
17;2025-11-05;10;2972
17;2025-11-05;11;2933
17;2025-11-05;12;2989
17;2025-11-05;13;3075
17;2025-11-05;14;3156
17;2025-11-05;15;3320
17;2025-11-05;16;3714
17;2025-11-05;17;4464
17;2025-11-05;18;4864
17;2025-11-05;19;3441
17;2025-11-05;20;2415
17;2025-11-05;21;1551
17;2025-11-05;22;868
17;2025-11-05;23;401
17;2025-11-06;0;137
17;2025-11-06;1;12
17;2025-11-06;2;0
17;2025-11-06;3;0
17;2025-11-06;4;29
17;2025-11-06;5;314
17;2025-11-06;6;1512
17;2025-11-06;7;3908
17;2025-11-06;8;5216
17;2025-11-06;9;3835
17;2025-11-06;10;2982
17;2025-11-06;11;2940
17;2025-11-06;12;2999
17;2025-11-06;13;3093
17;2025-11-06;14;3175
17;2025-11-06;15;3340
17;2025-11-06;16;3734
17;2025-11-06;17;4475
17;2025-11-06;18;4872
17;2025-11-06;19;3449
17;2025-11-06;20;2420
17;2025-11-06;21;1561
17;2025-11-06;22;870
17;2025-11-06;23;412
17;2025-11-07;0;144
17;2025-11-07;1;15
17;2025-11-07;2;0
17;2025-11-07;3;0
17;2025-11-07;4;24
17;2025-11-07;5;305
17;2025-11-07;6;1504
17;2025-11-07;7;3853
17;2025-11-07;8;5016
17;2025-11-07;9;3776
17;2025-11-07;10;2944
17;2025-11-07;11;2917
17;2025-11-07;12;2984
17;2025-11-07;13;3080
17;2025-11-07;14;3179
17;2025-11-07;15;3372
17;2025-11-07;16;3752
17;2025-11-07;17;4491
17;2025-11-07;18;4641
17;2025-11-07;19;3341
17;2025-11-07;20;2385
17;2025-11-07;21;1554
17;2025-11-07;22;869
17;2025-11-07;23;447
17;2025-11-08;0;204
17;2025-11-08;1;24
17;2025-11-08;2;0
17;2025-11-08;3;0
17;2025-11-08;4;7
17;2025-11-08;5;121
17;2025-11-08;6;557
17;2025-11-08;7;1151
17;2025-11-08;8;1673
17;2025-11-08;9;1913
17;2025-11-08;10;2140
17;2025-11-08;11;2556
17;2025-11-08;12;2978
17;2025-11-08;13;3295
17;2025-11-08;14;3341
17;2025-11-08;15;3358
17;2025-11-08;16;3262
17;2025-11-08;17;3159
17;2025-11-08;18;2891
17;2025-11-08;19;2319
17;2025-11-08;20;1811
17;2025-11-08;21;1296
17;2025-11-08;22;884
17;2025-11-08;23;446
17;2025-11-09;0;178
17;2025-11-09;1;22
17;2025-11-09;2;0
17;2025-11-09;3;0
17;2025-11-09;4;3
17;2025-11-09;5;98
17;2025-11-09;6;406
17;2025-11-09;7;809
17;2025-11-09;8;1231
17;2025-11-09;9;1667
17;2025-11-09;10;1971
17;2025-11-09;11;2433
17;2025-11-09;12;2848
17;2025-11-09;13;3202
17;2025-11-09;14;3210
17;2025-11-09;15;3249
17;2025-11-09;16;3149
17;2025-11-09;17;2997
17;2025-11-09;18;2643
17;2025-11-09;19;2148
17;2025-11-09;20;1670
17;2025-11-09;21;1217
17;2025-11-09;22;725
17;2025-11-09;23;333
17;2025-11-10;0;125
17;2025-11-10;1;12
17;2025-11-10;2;0
17;2025-11-10;3;0
17;2025-11-10;4;24
17;2025-11-10;5;293
17;2025-11-10;6;1485
17;2025-11-10;7;3889
17;2025-11-10;8;5211
17;2025-11-10;9;3778
17;2025-11-10;10;2889
17;2025-11-10;11;2875
17;2025-11-10;12;2909
17;2025-11-10;13;2982
17;2025-11-10;14;3091
17;2025-11-10;15;3262
17;2025-11-10;16;3684
17;2025-11-10;17;4455
17;2025-11-10;18;4849
17;2025-11-10;19;3386
17;2025-11-10;20;2358
17;2025-11-10;21;1486
17;2025-11-10;22;827
17;2025-11-10;23;353
17;2025-11-11;0;128
17;2025-11-11;1;10
17;2025-11-11;2;0
17;2025-11-11;3;0
17;2025-11-11;4;27
17;2025-11-11;5;308
17;2025-11-11;6;1510
17;2025-11-11;7;3908
17;2025-11-11;8;5238
17;2025-11-11;9;3820
17;2025-11-11;10;2978
17;2025-11-11;11;2934
17;2025-11-11;12;2996
17;2025-11-11;13;3076
17;2025-11-11;14;3159
17;2025-11-11;15;3332
17;2025-11-11;16;3722
17;2025-11-11;17;4476
17;2025-11-11;18;4874
17;2025-11-11;19;3445
17;2025-11-11;20;2414
17;2025-11-11;21;1553
17;2025-11-11;22;866
17;2025-11-11;23;376
17;2025-11-12;0;131
17;2025-11-12;1;10
17;2025-11-12;2;0
17;2025-11-12;3;0
17;2025-11-12;4;28
17;2025-11-12;5;311
17;2025-11-12;6;1511
17;2025-11-12;7;3906
17;2025-11-12;8;5210
17;2025-11-12;9;3815
17;2025-11-12;10;2972
17;2025-11-12;11;2933
17;2025-11-12;12;2989
17;2025-11-12;13;3075
17;2025-11-12;14;3156
17;2025-11-12;15;3320
17;2025-11-12;16;3714
17;2025-11-12;17;4464
17;2025-11-12;18;4864
17;2025-11-12;19;3441
17;2025-11-12;20;2415
17;2025-11-12;21;1551
17;2025-11-12;22;868
17;2025-11-12;23;401
17;2025-11-13;0;137
17;2025-11-13;1;12
17;2025-11-13;2;0
17;2025-11-13;3;0
17;2025-11-13;4;29
17;2025-11-13;5;314
17;2025-11-13;6;1512
17;2025-11-13;7;3908
17;2025-11-13;8;5216
17;2025-11-13;9;3835
17;2025-11-13;10;2982
17;2025-11-13;11;2940
17;2025-11-13;12;2999
17;2025-11-13;13;3093
17;2025-11-13;14;3175
17;2025-11-13;15;3340
17;2025-11-13;16;3734
17;2025-11-13;17;4475
17;2025-11-13;18;4872
17;2025-11-13;19;3449
17;2025-11-13;20;2420
17;2025-11-13;21;1561
17;2025-11-13;22;870
17;2025-11-13;23;412
17;2025-11-14;0;144
17;2025-11-14;1;15
17;2025-11-14;2;0
17;2025-11-14;3;0
17;2025-11-14;4;24
17;2025-11-14;5;305
17;2025-11-14;6;1504
17;2025-11-14;7;3853
17;2025-11-14;8;5016
17;2025-11-14;9;3776
17;2025-11-14;10;2944
17;2025-11-14;11;2917
17;2025-11-14;12;2984
17;2025-11-14;13;3080
17;2025-11-14;14;3179
17;2025-11-14;15;3372
17;2025-11-14;16;3752
17;2025-11-14;17;4491
17;2025-11-14;18;4641
17;2025-11-14;19;3341
17;2025-11-14;20;2385
17;2025-11-14;21;1554
17;2025-11-14;22;869
17;2025-11-14;23;447
17;2025-11-15;0;204
17;2025-11-15;1;24
17;2025-11-15;2;0
17;2025-11-15;3;0
17;2025-11-15;4;7
17;2025-11-15;5;121
17;2025-11-15;6;557
17;2025-11-15;7;1151
17;2025-11-15;8;1673
17;2025-11-15;9;1913
17;2025-11-15;10;2140
17;2025-11-15;11;2556
17;2025-11-15;12;2978
17;2025-11-15;13;3295
17;2025-11-15;14;3341
17;2025-11-15;15;3358
17;2025-11-15;16;3262
17;2025-11-15;17;3159
17;2025-11-15;18;2891
17;2025-11-15;19;2319
17;2025-11-15;20;1811
17;2025-11-15;21;1296
17;2025-11-15;22;884
17;2025-11-15;23;446
17;2025-11-16;0;178
17;2025-11-16;1;22
17;2025-11-16;2;0
17;2025-11-16;3;0
17;2025-11-16;4;3
17;2025-11-16;5;98
17;2025-11-16;6;406
17;2025-11-16;7;809
17;2025-11-16;8;1231
17;2025-11-16;9;1667
17;2025-11-16;10;1971
17;2025-11-16;11;2433
17;2025-11-16;12;2848
17;2025-11-16;13;3202
17;2025-11-16;14;3210
17;2025-11-16;15;3249
17;2025-11-16;16;3149
17;2025-11-16;17;2997
17;2025-11-16;18;2643
17;2025-11-16;19;2148
17;2025-11-16;20;1670
17;2025-11-16;21;1217
17;2025-11-16;22;725
17;2025-11-16;23;333
17;2025-11-17;0;125
17;2025-11-17;1;12
17;2025-11-17;2;0
17;2025-11-17;3;0
17;2025-11-17;4;24
17;2025-11-17;5;293
17;2025-11-17;6;1485
17;2025-11-17;7;3889
17;2025-11-17;8;5211
17;2025-11-17;9;3778
17;2025-11-17;10;2889
17;2025-11-17;11;2875
17;2025-11-17;12;2909
17;2025-11-17;13;2982
17;2025-11-17;14;3091
17;2025-11-17;15;3262
17;2025-11-17;16;3684
17;2025-11-17;17;4455
17;2025-11-17;18;4849
17;2025-11-17;19;3386
17;2025-11-17;20;2358
17;2025-11-17;21;1486
17;2025-11-17;22;827
17;2025-11-17;23;353
17;2025-11-18;0;128
17;2025-11-18;1;10
17;2025-11-18;2;0
17;2025-11-18;3;0
17;2025-11-18;4;27
17;2025-11-18;5;308
17;2025-11-18;6;1510
17;2025-11-18;7;3908
17;2025-11-18;8;5238
17;2025-11-18;9;3820
17;2025-11-18;10;2978
17;2025-11-18;11;2934
17;2025-11-18;12;2996
17;2025-11-18;13;3076
17;2025-11-18;14;3159
17;2025-11-18;15;3332
17;2025-11-18;16;3722
17;2025-11-18;17;4476
17;2025-11-18;18;4874
17;2025-11-18;19;3445
17;2025-11-18;20;2414
17;2025-11-18;21;1553
17;2025-11-18;22;866
17;2025-11-18;23;376
17;2025-11-19;0;131
17;2025-11-19;1;10
17;2025-11-19;2;0
17;2025-11-19;3;0
17;2025-11-19;4;28
17;2025-11-19;5;311
17;2025-11-19;6;1511
17;2025-11-19;7;3906
17;2025-11-19;8;5210
17;2025-11-19;9;3815
17;2025-11-19;10;2972
17;2025-11-19;11;2933
17;2025-11-19;12;2989
17;2025-11-19;13;3075
17;2025-11-19;14;3156
17;2025-11-19;15;3320
17;2025-11-19;16;3714
17;2025-11-19;17;4464
17;2025-11-19;18;4864
17;2025-11-19;19;3441
17;2025-11-19;20;2415
17;2025-11-19;21;1551
17;2025-11-19;22;868
17;2025-11-19;23;401
17;2025-11-20;0;137
17;2025-11-20;1;12
17;2025-11-20;2;0
17;2025-11-20;3;0
17;2025-11-20;4;29
17;2025-11-20;5;314
17;2025-11-20;6;1512
17;2025-11-20;7;3908
17;2025-11-20;8;5216
17;2025-11-20;9;3835
17;2025-11-20;10;2982
17;2025-11-20;11;2940
17;2025-11-20;12;2999
17;2025-11-20;13;3093
17;2025-11-20;14;3175
17;2025-11-20;15;3340
17;2025-11-20;16;3734
17;2025-11-20;17;4475
17;2025-11-20;18;4872
17;2025-11-20;19;3449
17;2025-11-20;20;2420
17;2025-11-20;21;1561
17;2025-11-20;22;870
17;2025-11-20;23;412
17;2025-11-21;0;144
17;2025-11-21;1;15
17;2025-11-21;2;0
17;2025-11-21;3;0
17;2025-11-21;4;24
17;2025-11-21;5;305
17;2025-11-21;6;1504
17;2025-11-21;7;3853
17;2025-11-21;8;5016
17;2025-11-21;9;3776
17;2025-11-21;10;2944
17;2025-11-21;11;2917
17;2025-11-21;12;2984
17;2025-11-21;13;3080
17;2025-11-21;14;3179
17;2025-11-21;15;3372
17;2025-11-21;16;3752
17;2025-11-21;17;4491
17;2025-11-21;18;4641
17;2025-11-21;19;3341
17;2025-11-21;20;2385
17;2025-11-21;21;1554
17;2025-11-21;22;869
17;2025-11-21;23;447
17;2025-11-22;0;204
17;2025-11-22;1;24
17;2025-11-22;2;0
17;2025-11-22;3;0
17;2025-11-22;4;7
17;2025-11-22;5;121
17;2025-11-22;6;557
17;2025-11-22;7;1151
17;2025-11-22;8;1673
17;2025-11-22;9;1913
17;2025-11-22;10;2140
17;2025-11-22;11;2556
17;2025-11-22;12;2978
17;2025-11-22;13;3295
17;2025-11-22;14;3341
17;2025-11-22;15;3358
17;2025-11-22;16;3262
17;2025-11-22;17;3159
17;2025-11-22;18;2891
17;2025-11-22;19;2319
17;2025-11-22;20;1811
17;2025-11-22;21;1296
17;2025-11-22;22;884
17;2025-11-22;23;446
17;2025-11-23;0;178
17;2025-11-23;1;22
17;2025-11-23;2;0
17;2025-11-23;3;0
17;2025-11-23;4;3
17;2025-11-23;5;98
17;2025-11-23;6;406
17;2025-11-23;7;809
17;2025-11-23;8;1231
17;2025-11-23;9;1667
17;2025-11-23;10;1971
17;2025-11-23;11;2433
17;2025-11-23;12;2848
17;2025-11-23;13;3202
17;2025-11-23;14;3210
17;2025-11-23;15;3249
17;2025-11-23;16;3149
17;2025-11-23;17;2997
17;2025-11-23;18;2643
17;2025-11-23;19;2148
17;2025-11-23;20;1670
17;2025-11-23;21;1217
17;2025-11-23;22;725
17;2025-11-23;23;333
17;2025-11-24;0;125
17;2025-11-24;1;12
17;2025-11-24;2;0
17;2025-11-24;3;0
17;2025-11-24;4;24
17;2025-11-24;5;293
17;2025-11-24;6;1485
17;2025-11-24;7;3889
17;2025-11-24;8;5211
17;2025-11-24;9;3778
17;2025-11-24;10;2889
17;2025-11-24;11;2875
17;2025-11-24;12;2909
17;2025-11-24;13;2982
17;2025-11-24;14;3091
17;2025-11-24;15;3262
17;2025-11-24;16;3684
17;2025-11-24;17;4455
17;2025-11-24;18;4849
17;2025-11-24;19;3386
17;2025-11-24;20;2358
17;2025-11-24;21;1486
17;2025-11-24;22;827
17;2025-11-24;23;353
17;2025-11-25;0;128
17;2025-11-25;1;10
17;2025-11-25;2;0
17;2025-11-25;3;0
17;2025-11-25;4;27
17;2025-11-25;5;308
17;2025-11-25;6;1510
17;2025-11-25;7;3908
17;2025-11-25;8;5238
17;2025-11-25;9;3820
17;2025-11-25;10;2978
17;2025-11-25;11;2934
17;2025-11-25;12;2996
17;2025-11-25;13;3076
17;2025-11-25;14;3159
17;2025-11-25;15;3332
17;2025-11-25;16;3722
17;2025-11-25;17;4476
17;2025-11-25;18;4874
17;2025-11-25;19;3445
17;2025-11-25;20;2414
17;2025-11-25;21;1553
17;2025-11-25;22;866
17;2025-11-25;23;376
17;2025-11-26;0;131
17;2025-11-26;1;10
17;2025-11-26;2;0
17;2025-11-26;3;0
17;2025-11-26;4;28
17;2025-11-26;5;311
17;2025-11-26;6;1511
17;2025-11-26;7;3906
17;2025-11-26;8;5210
17;2025-11-26;9;3815
17;2025-11-26;10;2972
17;2025-11-26;11;2933
17;2025-11-26;12;2989
17;2025-11-26;13;3075
17;2025-11-26;14;3156
17;2025-11-26;15;3320
17;2025-11-26;16;3714
17;2025-11-26;17;4464
17;2025-11-26;18;4864
17;2025-11-26;19;3441
17;2025-11-26;20;2415
17;2025-11-26;21;1551
17;2025-11-26;22;868
17;2025-11-26;23;401
17;2025-11-27;0;137
17;2025-11-27;1;12
17;2025-11-27;2;0
17;2025-11-27;3;0
17;2025-11-27;4;29
17;2025-11-27;5;314
17;2025-11-27;6;1512
17;2025-11-27;7;3908
17;2025-11-27;8;5216
17;2025-11-27;9;3835
17;2025-11-27;10;2982
17;2025-11-27;11;2940
17;2025-11-27;12;2999
17;2025-11-27;13;3093
17;2025-11-27;14;3175
17;2025-11-27;15;3340
17;2025-11-27;16;3734
17;2025-11-27;17;4475
17;2025-11-27;18;4872
17;2025-11-27;19;3449
17;2025-11-27;20;2420
17;2025-11-27;21;1561
17;2025-11-27;22;870
17;2025-11-27;23;412
17;2025-11-28;0;144
17;2025-11-28;1;15
17;2025-11-28;2;0
17;2025-11-28;3;0
17;2025-11-28;4;24
17;2025-11-28;5;305
17;2025-11-28;6;1504
17;2025-11-28;7;3853
17;2025-11-28;8;5016
17;2025-11-28;9;3776
17;2025-11-28;10;2944
17;2025-11-28;11;2917
17;2025-11-28;12;2984
17;2025-11-28;13;3080
17;2025-11-28;14;3179
17;2025-11-28;15;3372
17;2025-11-28;16;3752
17;2025-11-28;17;4491
17;2025-11-28;18;4641
17;2025-11-28;19;3341
17;2025-11-28;20;2385
17;2025-11-28;21;1554
17;2025-11-28;22;869
17;2025-11-28;23;447
17;2025-11-29;0;204
17;2025-11-29;1;24
17;2025-11-29;2;0
17;2025-11-29;3;0
17;2025-11-29;4;7
17;2025-11-29;5;121
17;2025-11-29;6;557
17;2025-11-29;7;1151
17;2025-11-29;8;1673
17;2025-11-29;9;1913
17;2025-11-29;10;2140
17;2025-11-29;11;2556
17;2025-11-29;12;2978
17;2025-11-29;13;3295
17;2025-11-29;14;3341
17;2025-11-29;15;3358
17;2025-11-29;16;3262
17;2025-11-29;17;3159
17;2025-11-29;18;2891
17;2025-11-29;19;2319
17;2025-11-29;20;1811
17;2025-11-29;21;1296
17;2025-11-29;22;884
17;2025-11-29;23;446
17;2025-11-30;0;178
17;2025-11-30;1;22
17;2025-11-30;2;0
17;2025-11-30;3;0
17;2025-11-30;4;3
17;2025-11-30;5;98
17;2025-11-30;6;406
17;2025-11-30;7;809
17;2025-11-30;8;1231
17;2025-11-30;9;1667
17;2025-11-30;10;1971
17;2025-11-30;11;2433
17;2025-11-30;12;2848
17;2025-11-30;13;3202
17;2025-11-30;14;3210
17;2025-11-30;15;3249
17;2025-11-30;16;3149
17;2025-11-30;17;2997
17;2025-11-30;18;2643
17;2025-11-30;19;2148
17;2025-11-30;20;1670
17;2025-11-30;21;1217
17;2025-11-30;22;725
17;2025-11-30;23;333
17;2025-12-01;0;109
17;2025-12-01;1;11
17;2025-12-01;2;0
17;2025-12-01;3;0
17;2025-12-01;4;23
17;2025-12-01;5;290
17;2025-12-01;6;1455
17;2025-12-01;7;3833
17;2025-12-01;8;5172
17;2025-12-01;9;3724
17;2025-12-01;10;2837
17;2025-12-01;11;2841
17;2025-12-01;12;2866
17;2025-12-01;13;2926
17;2025-12-01;14;3052
17;2025-12-01;15;3223
17;2025-12-01;16;3652
17;2025-12-01;17;4436
17;2025-12-01;18;4836
17;2025-12-01;19;3382
17;2025-12-01;20;2359
17;2025-12-01;21;1472
17;2025-12-01;22;812
17;2025-12-01;23;329
17;2025-12-02;0;112
17;2025-12-02;1;9
17;2025-12-02;2;0
17;2025-12-02;3;0
17;2025-12-02;4;26
17;2025-12-02;5;303
17;2025-12-02;6;1480
17;2025-12-02;7;3845
17;2025-12-02;8;5177
17;2025-12-02;9;3764
17;2025-12-02;10;2914
17;2025-12-02;11;2888
17;2025-12-02;12;2940
17;2025-12-02;13;3014
17;2025-12-02;14;3114
17;2025-12-02;15;3287
17;2025-12-02;16;3690
17;2025-12-02;17;4457
17;2025-12-02;18;4861
17;2025-12-02;19;3435
17;2025-12-02;20;2414
17;2025-12-02;21;1539
17;2025-12-02;22;852
17;2025-12-02;23;349
17;2025-12-03;0;114
17;2025-12-03;1;9
17;2025-12-03;2;0
17;2025-12-03;3;0
17;2025-12-03;4;26
17;2025-12-03;5;306
17;2025-12-03;6;1481
17;2025-12-03;7;3843
17;2025-12-03;8;5171
17;2025-12-03;9;3760
17;2025-12-03;10;2908
17;2025-12-03;11;2887
17;2025-12-03;12;2933
17;2025-12-03;13;3013
17;2025-12-03;14;3111
17;2025-12-03;15;3275
17;2025-12-03;16;3682
17;2025-12-03;17;4445
17;2025-12-03;18;4850
17;2025-12-03;19;3431
17;2025-12-03;20;2415
17;2025-12-03;21;1537
17;2025-12-03;22;853
17;2025-12-03;23;373
17;2025-12-04;0;120
17;2025-12-04;1;11
17;2025-12-04;2;0
17;2025-12-04;3;0
17;2025-12-04;4;27
17;2025-12-04;5;310
17;2025-12-04;6;1482
17;2025-12-04;7;3846
17;2025-12-04;8;5156
17;2025-12-04;9;3780
17;2025-12-04;10;2918
17;2025-12-04;11;2894
17;2025-12-04;12;2944
17;2025-12-04;13;3030
17;2025-12-04;14;3130
17;2025-12-04;15;3295
17;2025-12-04;16;3702
17;2025-12-04;17;4456
17;2025-12-04;18;4858
17;2025-12-04;19;3439
17;2025-12-04;20;2421
17;2025-12-04;21;1547
17;2025-12-04;22;855
17;2025-12-04;23;386
17;2025-12-05;0;133
17;2025-12-05;1;14
17;2025-12-05;2;0
17;2025-12-05;3;0
17;2025-12-05;4;23
17;2025-12-05;5;300
17;2025-12-05;6;1474
17;2025-12-05;7;3797
17;2025-12-05;8;4956
17;2025-12-05;9;3728
17;2025-12-05;10;2886
17;2025-12-05;11;2877
17;2025-12-05;12;2935
17;2025-12-05;13;3024
17;2025-12-05;14;3141
17;2025-12-05;15;3334
17;2025-12-05;16;3726
17;2025-12-05;17;4472
17;2025-12-05;18;4627
17;2025-12-05;19;3331
17;2025-12-05;20;2386
17;2025-12-05;21;1539
17;2025-12-05;22;855
17;2025-12-05;23;429
17;2025-12-06;0;191
17;2025-12-06;1;23
17;2025-12-06;2;0
17;2025-12-06;3;0
17;2025-12-06;4;8
17;2025-12-06;5;121
17;2025-12-06;6;545
17;2025-12-06;7;1085
17;2025-12-06;8;1611
17;2025-12-06;9;1855
17;2025-12-06;10;2104
17;2025-12-06;11;2517
17;2025-12-06;12;2912
17;2025-12-06;13;3224
17;2025-12-06;14;3279
17;2025-12-06;15;3292
17;2025-12-06;16;3203
17;2025-12-06;17;3104
17;2025-12-06;18;2859
17;2025-12-06;19;2302
17;2025-12-06;20;1808
17;2025-12-06;21;1279
17;2025-12-06;22;880
17;2025-12-06;23;432
17;2025-12-07;0;163
17;2025-12-07;1;21
17;2025-12-07;2;0
17;2025-12-07;3;0
17;2025-12-07;4;3
17;2025-12-07;5;102
17;2025-12-07;6;395
17;2025-12-07;7;743
17;2025-12-07;8;1184
17;2025-12-07;9;1616
17;2025-12-07;10;1948
17;2025-12-07;11;2406
17;2025-12-07;12;2794
17;2025-12-07;13;3137
17;2025-12-07;14;3155
17;2025-12-07;15;3189
17;2025-12-07;16;3097
17;2025-12-07;17;2948
17;2025-12-07;18;2611
17;2025-12-07;19;2137
17;2025-12-07;20;1666
17;2025-12-07;21;1201
17;2025-12-07;22;721
17;2025-12-07;23;313
17;2025-12-08;0;109
17;2025-12-08;1;11
17;2025-12-08;2;0
17;2025-12-08;3;0
17;2025-12-08;4;23
17;2025-12-08;5;290
17;2025-12-08;6;1455
17;2025-12-08;7;3833
17;2025-12-08;8;5172
17;2025-12-08;9;3724
17;2025-12-08;10;2837
17;2025-12-08;11;2841
17;2025-12-08;12;2866
17;2025-12-08;13;2926
17;2025-12-08;14;3052
17;2025-12-08;15;3223
17;2025-12-08;16;3652
17;2025-12-08;17;4436
17;2025-12-08;18;4836
17;2025-12-08;19;3382
17;2025-12-08;20;2359
17;2025-12-08;21;1472
17;2025-12-08;22;812
17;2025-12-08;23;329
17;2025-12-09;0;112
17;2025-12-09;1;9
17;2025-12-09;2;0
17;2025-12-09;3;0
17;2025-12-09;4;26
17;2025-12-09;5;303
17;2025-12-09;6;1480
17;2025-12-09;7;3845
17;2025-12-09;8;5177
17;2025-12-09;9;3764
17;2025-12-09;10;2914
17;2025-12-09;11;2888
17;2025-12-09;12;2940
17;2025-12-09;13;3014
17;2025-12-09;14;3114
17;2025-12-09;15;3287
17;2025-12-09;16;3690
17;2025-12-09;17;4457
17;2025-12-09;18;4861
17;2025-12-09;19;3435
17;2025-12-09;20;2414
17;2025-12-09;21;1539
17;2025-12-09;22;852
17;2025-12-09;23;349
17;2025-12-10;0;114
17;2025-12-10;1;9
17;2025-12-10;2;0
17;2025-12-10;3;0
17;2025-12-10;4;26
17;2025-12-10;5;306
17;2025-12-10;6;1481
17;2025-12-10;7;3843
17;2025-12-10;8;5171
17;2025-12-10;9;3760
17;2025-12-10;10;2908
17;2025-12-10;11;2887
17;2025-12-10;12;2933
17;2025-12-10;13;3013
17;2025-12-10;14;3111
17;2025-12-10;15;3275
17;2025-12-10;16;3682
17;2025-12-10;17;4445
17;2025-12-10;18;4850
17;2025-12-10;19;3431
17;2025-12-10;20;2415
17;2025-12-10;21;1537
17;2025-12-10;22;853
17;2025-12-10;23;373
17;2025-12-11;0;120
17;2025-12-11;1;11
17;2025-12-11;2;0
17;2025-12-11;3;0
17;2025-12-11;4;27
17;2025-12-11;5;310
17;2025-12-11;6;1482
17;2025-12-11;7;3846
17;2025-12-11;8;5156
17;2025-12-11;9;3780
17;2025-12-11;10;2918
17;2025-12-11;11;2894
17;2025-12-11;12;2944
17;2025-12-11;13;3030
17;2025-12-11;14;3130
17;2025-12-11;15;3295
17;2025-12-11;16;3702
17;2025-12-11;17;4456
17;2025-12-11;18;4858
17;2025-12-11;19;3439
17;2025-12-11;20;2421
17;2025-12-11;21;1547
17;2025-12-11;22;855
17;2025-12-11;23;386
17;2025-12-12;0;133
17;2025-12-12;1;14
17;2025-12-12;2;0
17;2025-12-12;3;0
17;2025-12-12;4;23
17;2025-12-12;5;300
17;2025-12-12;6;1474
17;2025-12-12;7;3797
17;2025-12-12;8;4956
17;2025-12-12;9;3728
17;2025-12-12;10;2886
17;2025-12-12;11;2877
17;2025-12-12;12;2935
17;2025-12-12;13;3024
17;2025-12-12;14;3141
17;2025-12-12;15;3334
17;2025-12-12;16;3726
17;2025-12-12;17;4472
17;2025-12-12;18;4627
17;2025-12-12;19;3331
17;2025-12-12;20;2386
17;2025-12-12;21;1539
17;2025-12-12;22;855
17;2025-12-12;23;429
17;2025-12-13;0;191
17;2025-12-13;1;23
17;2025-12-13;2;0
17;2025-12-13;3;0
17;2025-12-13;4;8
17;2025-12-13;5;121
17;2025-12-13;6;545
17;2025-12-13;7;1085
17;2025-12-13;8;1611
17;2025-12-13;9;1855
17;2025-12-13;10;2104
17;2025-12-13;11;2517
17;2025-12-13;12;2912
17;2025-12-13;13;3224
17;2025-12-13;14;3279
17;2025-12-13;15;3292
17;2025-12-13;16;3203
17;2025-12-13;17;3104
17;2025-12-13;18;2859
17;2025-12-13;19;2302
17;2025-12-13;20;1808
17;2025-12-13;21;1279
17;2025-12-13;22;880
17;2025-12-13;23;432
17;2025-12-14;0;163
17;2025-12-14;1;21
17;2025-12-14;2;0
17;2025-12-14;3;0
17;2025-12-14;4;3
17;2025-12-14;5;102
17;2025-12-14;6;395
17;2025-12-14;7;743
17;2025-12-14;8;1184
17;2025-12-14;9;1616
17;2025-12-14;10;1948
17;2025-12-14;11;2406
17;2025-12-14;12;2794
17;2025-12-14;13;3137
17;2025-12-14;14;3155
17;2025-12-14;15;3189
17;2025-12-14;16;3097
17;2025-12-14;17;2948
17;2025-12-14;18;2611
17;2025-12-14;19;2137
17;2025-12-14;20;1666
17;2025-12-14;21;1201
17;2025-12-14;22;721
17;2025-12-14;23;313
17;2025-12-15;0;109
17;2025-12-15;1;11
17;2025-12-15;2;0
17;2025-12-15;3;0
17;2025-12-15;4;23
17;2025-12-15;5;290
17;2025-12-15;6;1455
17;2025-12-15;7;3833
17;2025-12-15;8;5172
17;2025-12-15;9;3724
17;2025-12-15;10;2837
17;2025-12-15;11;2841
17;2025-12-15;12;2866
17;2025-12-15;13;2926
17;2025-12-15;14;3052
17;2025-12-15;15;3223
17;2025-12-15;16;3652
17;2025-12-15;17;4436
17;2025-12-15;18;4836
17;2025-12-15;19;3382
17;2025-12-15;20;2359
17;2025-12-15;21;1472
17;2025-12-15;22;812
17;2025-12-15;23;329
17;2025-12-16;0;112
17;2025-12-16;1;9
17;2025-12-16;2;0
17;2025-12-16;3;0
17;2025-12-16;4;26
17;2025-12-16;5;303
17;2025-12-16;6;1480
17;2025-12-16;7;3845
17;2025-12-16;8;5177
17;2025-12-16;9;3764
17;2025-12-16;10;2914
17;2025-12-16;11;2888
17;2025-12-16;12;2940
17;2025-12-16;13;3014
17;2025-12-16;14;3114
17;2025-12-16;15;3287
17;2025-12-16;16;3690
17;2025-12-16;17;4457
17;2025-12-16;18;4861
17;2025-12-16;19;3435
17;2025-12-16;20;2414
17;2025-12-16;21;1539
17;2025-12-16;22;852
17;2025-12-16;23;349
17;2025-12-17;0;114
17;2025-12-17;1;9
17;2025-12-17;2;0
17;2025-12-17;3;0
17;2025-12-17;4;26
17;2025-12-17;5;306
17;2025-12-17;6;1481
17;2025-12-17;7;3843
17;2025-12-17;8;5171
17;2025-12-17;9;3760
17;2025-12-17;10;2908
17;2025-12-17;11;2887
17;2025-12-17;12;2933
17;2025-12-17;13;3013
17;2025-12-17;14;3111
17;2025-12-17;15;3275
17;2025-12-17;16;3682
17;2025-12-17;17;4445
17;2025-12-17;18;4850
17;2025-12-17;19;3431
17;2025-12-17;20;2415
17;2025-12-17;21;1537
17;2025-12-17;22;853
17;2025-12-17;23;373
17;2025-12-18;0;120
17;2025-12-18;1;11
17;2025-12-18;2;0
17;2025-12-18;3;0
17;2025-12-18;4;27
17;2025-12-18;5;310
17;2025-12-18;6;1482
17;2025-12-18;7;3846
17;2025-12-18;8;5156
17;2025-12-18;9;3780
17;2025-12-18;10;2918
17;2025-12-18;11;2894
17;2025-12-18;12;2944
17;2025-12-18;13;3030
17;2025-12-18;14;3130
17;2025-12-18;15;3295
17;2025-12-18;16;3702
17;2025-12-18;17;4456
17;2025-12-18;18;4858
17;2025-12-18;19;3439
17;2025-12-18;20;2421
17;2025-12-18;21;1547
17;2025-12-18;22;855
17;2025-12-18;23;386
17;2025-12-19;0;133
17;2025-12-19;1;14
17;2025-12-19;2;0
17;2025-12-19;3;0
17;2025-12-19;4;23
17;2025-12-19;5;300
17;2025-12-19;6;1474
17;2025-12-19;7;3797
17;2025-12-19;8;4956
17;2025-12-19;9;3728
17;2025-12-19;10;2886
17;2025-12-19;11;2877
17;2025-12-19;12;2935
17;2025-12-19;13;3024
17;2025-12-19;14;3141
17;2025-12-19;15;3334
17;2025-12-19;16;3726
17;2025-12-19;17;4472
17;2025-12-19;18;4627
17;2025-12-19;19;3331
17;2025-12-19;20;2386
17;2025-12-19;21;1539
17;2025-12-19;22;855
17;2025-12-19;23;429
17;2025-12-20;0;191
17;2025-12-20;1;23
17;2025-12-20;2;0
17;2025-12-20;3;0
17;2025-12-20;4;8
17;2025-12-20;5;121
17;2025-12-20;6;545
17;2025-12-20;7;1085
17;2025-12-20;8;1611
17;2025-12-20;9;1855
17;2025-12-20;10;2104
17;2025-12-20;11;2517
17;2025-12-20;12;2912
17;2025-12-20;13;3224
17;2025-12-20;14;3279
17;2025-12-20;15;3292
17;2025-12-20;16;3203
17;2025-12-20;17;3104
17;2025-12-20;18;2859
17;2025-12-20;19;2302
17;2025-12-20;20;1808
17;2025-12-20;21;1279
17;2025-12-20;22;880
17;2025-12-20;23;432
17;2025-12-21;0;163
17;2025-12-21;1;21
17;2025-12-21;2;0
17;2025-12-21;3;0
17;2025-12-21;4;3
17;2025-12-21;5;102
17;2025-12-21;6;395
17;2025-12-21;7;743
17;2025-12-21;8;1184
17;2025-12-21;9;1616
17;2025-12-21;10;1948
17;2025-12-21;11;2406
17;2025-12-21;12;2794
17;2025-12-21;13;3137
17;2025-12-21;14;3155
17;2025-12-21;15;3189
17;2025-12-21;16;3097
17;2025-12-21;17;2948
17;2025-12-21;18;2611
17;2025-12-21;19;2137
17;2025-12-21;20;1666
17;2025-12-21;21;1201
17;2025-12-21;22;721
17;2025-12-21;23;313
17;2025-12-22;0;109
17;2025-12-22;1;11
17;2025-12-22;2;0
17;2025-12-22;3;0
17;2025-12-22;4;23
17;2025-12-22;5;290
17;2025-12-22;6;1455
17;2025-12-22;7;3833
17;2025-12-22;8;5172
17;2025-12-22;9;3724
17;2025-12-22;10;2837
17;2025-12-22;11;2841
17;2025-12-22;12;2866
17;2025-12-22;13;2926
17;2025-12-22;14;3052
17;2025-12-22;15;3223
17;2025-12-22;16;3652
17;2025-12-22;17;4436
17;2025-12-22;18;4836
17;2025-12-22;19;3382
17;2025-12-22;20;2359
17;2025-12-22;21;1472
17;2025-12-22;22;812
17;2025-12-22;23;329
17;2025-12-23;0;112
17;2025-12-23;1;9
17;2025-12-23;2;0
17;2025-12-23;3;0
17;2025-12-23;4;26
17;2025-12-23;5;303
17;2025-12-23;6;1480
17;2025-12-23;7;3845
17;2025-12-23;8;5177
17;2025-12-23;9;3764
17;2025-12-23;10;2914
17;2025-12-23;11;2888
17;2025-12-23;12;2940
17;2025-12-23;13;3014
17;2025-12-23;14;3114
17;2025-12-23;15;3287
17;2025-12-23;16;3690
17;2025-12-23;17;4457
17;2025-12-23;18;4861
17;2025-12-23;19;3435
17;2025-12-23;20;2414
17;2025-12-23;21;1539
17;2025-12-23;22;852
17;2025-12-23;23;349
17;2025-12-24;0;114
17;2025-12-24;1;9
17;2025-12-24;2;0
17;2025-12-24;3;0
17;2025-12-24;4;26
17;2025-12-24;5;306
17;2025-12-24;6;1481
17;2025-12-24;7;3843
17;2025-12-24;8;5171
17;2025-12-24;9;3760
17;2025-12-24;10;2908
17;2025-12-24;11;2887
17;2025-12-24;12;2933
17;2025-12-24;13;3013
17;2025-12-24;14;3111
17;2025-12-24;15;3275
17;2025-12-24;16;3682
17;2025-12-24;17;4445
17;2025-12-24;18;4850
17;2025-12-24;19;3431
17;2025-12-24;20;2415
17;2025-12-24;21;1537
17;2025-12-24;22;853
17;2025-12-24;23;373
17;2025-12-25;0;120
17;2025-12-25;1;11
17;2025-12-25;2;0
17;2025-12-25;3;0
17;2025-12-25;4;27
17;2025-12-25;5;310
17;2025-12-25;6;1482
17;2025-12-25;7;3846
17;2025-12-25;8;5156
17;2025-12-25;9;3780
17;2025-12-25;10;2918
17;2025-12-25;11;2894
17;2025-12-25;12;2944
17;2025-12-25;13;3030
17;2025-12-25;14;3130
17;2025-12-25;15;3295
17;2025-12-25;16;3702
17;2025-12-25;17;4456
17;2025-12-25;18;4858
17;2025-12-25;19;3439
17;2025-12-25;20;2421
17;2025-12-25;21;1547
17;2025-12-25;22;855
17;2025-12-25;23;386
17;2025-12-26;0;133
17;2025-12-26;1;14
17;2025-12-26;2;0
17;2025-12-26;3;0
17;2025-12-26;4;23
17;2025-12-26;5;300
17;2025-12-26;6;1474
17;2025-12-26;7;3797
17;2025-12-26;8;4956
17;2025-12-26;9;3728
17;2025-12-26;10;2886
17;2025-12-26;11;2877
17;2025-12-26;12;2935
17;2025-12-26;13;3024
17;2025-12-26;14;3141
17;2025-12-26;15;3334
17;2025-12-26;16;3726
17;2025-12-26;17;4472
17;2025-12-26;18;4627
17;2025-12-26;19;3331
17;2025-12-26;20;2386
17;2025-12-26;21;1539
17;2025-12-26;22;855
17;2025-12-26;23;429
17;2025-12-27;0;191
17;2025-12-27;1;23
17;2025-12-27;2;0
17;2025-12-27;3;0
17;2025-12-27;4;8
17;2025-12-27;5;121
17;2025-12-27;6;545
17;2025-12-27;7;1085
17;2025-12-27;8;1611
17;2025-12-27;9;1855
17;2025-12-27;10;2104
17;2025-12-27;11;2517
17;2025-12-27;12;2912
17;2025-12-27;13;3224
17;2025-12-27;14;3279
17;2025-12-27;15;3292
17;2025-12-27;16;3203
17;2025-12-27;17;3104
17;2025-12-27;18;2859
17;2025-12-27;19;2302
17;2025-12-27;20;1808
17;2025-12-27;21;1279
17;2025-12-27;22;880
17;2025-12-27;23;432
17;2025-12-28;0;163
17;2025-12-28;1;21
17;2025-12-28;2;0
17;2025-12-28;3;0
17;2025-12-28;4;3
17;2025-12-28;5;102
17;2025-12-28;6;395
17;2025-12-28;7;743
17;2025-12-28;8;1184
17;2025-12-28;9;1616
17;2025-12-28;10;1948
17;2025-12-28;11;2406
17;2025-12-28;12;2794
17;2025-12-28;13;3137
17;2025-12-28;14;3155
17;2025-12-28;15;3189
17;2025-12-28;16;3097
17;2025-12-28;17;2948
17;2025-12-28;18;2611
17;2025-12-28;19;2137
17;2025-12-28;20;1666
17;2025-12-28;21;1201
17;2025-12-28;22;721
17;2025-12-28;23;313
17;2025-12-29;0;109
17;2025-12-29;1;11
17;2025-12-29;2;0
17;2025-12-29;3;0
17;2025-12-29;4;23
17;2025-12-29;5;290
17;2025-12-29;6;1455
17;2025-12-29;7;3833
17;2025-12-29;8;5172
17;2025-12-29;9;3724
17;2025-12-29;10;2837
17;2025-12-29;11;2841
17;2025-12-29;12;2866
17;2025-12-29;13;2926
17;2025-12-29;14;3052
17;2025-12-29;15;3223
17;2025-12-29;16;3652
17;2025-12-29;17;4436
17;2025-12-29;18;4836
17;2025-12-29;19;3382
17;2025-12-29;20;2359
17;2025-12-29;21;1472
17;2025-12-29;22;812
17;2025-12-29;23;329
17;2025-12-30;0;112
17;2025-12-30;1;9
17;2025-12-30;2;0
17;2025-12-30;3;0
17;2025-12-30;4;26
17;2025-12-30;5;303
17;2025-12-30;6;1480
17;2025-12-30;7;3845
17;2025-12-30;8;5177
17;2025-12-30;9;3764
17;2025-12-30;10;2914
17;2025-12-30;11;2888
17;2025-12-30;12;2940
17;2025-12-30;13;3014
17;2025-12-30;14;3114
17;2025-12-30;15;3287
17;2025-12-30;16;3690
17;2025-12-30;17;4457
17;2025-12-30;18;4861
17;2025-12-30;19;3435
17;2025-12-30;20;2414
17;2025-12-30;21;1539
17;2025-12-30;22;852
17;2025-12-30;23;349
17;2025-12-31;0;123
17;2025-12-31;1;4
17;2025-12-31;2;0
17;2025-12-31;3;0
17;2025-12-31;4;0
17;2025-12-31;5;206
17;2025-12-31;6;481
17;2025-12-31;7;1100
17;2025-12-31;8;1856
17;2025-12-31;9;1707
17;2025-12-31;10;1826
17;2025-12-31;11;2168
17;2025-12-31;12;2600
17;2025-12-31;13;2624
17;2025-12-31;14;2740
17;2025-12-31;15;2733
17;2025-12-31;16;2786
17;2025-12-31;17;2867
17;2025-12-31;18;3093
17;2025-12-31;19;2276
17;2025-12-31;20;1681
17;2025-12-31;21;1110
17;2025-12-31;22;816
17;2025-12-31;23;361
25;2025-11-01;0;11
25;2025-11-01;1;0
25;2025-11-01;2;0
25;2025-11-01;3;0
25;2025-11-01;4;0
25;2025-11-01;5;10
25;2025-11-01;6;79
25;2025-11-01;7;166
25;2025-11-01;8;631
25;2025-11-01;9;378
25;2025-11-01;10;397
25;2025-11-01;11;440
25;2025-11-01;12;484
25;2025-11-01;13;547
25;2025-11-01;14;600
25;2025-11-01;15;621
25;2025-11-01;16;669
25;2025-11-01;17;714
25;2025-11-01;18;718
25;2025-11-01;19;469
25;2025-11-01;20;335
25;2025-11-01;21;252
25;2025-11-01;22;177
25;2025-11-01;23;42
25;2025-11-02;0;12
25;2025-11-02;1;0
25;2025-11-02;2;0
25;2025-11-02;3;0
25;2025-11-02;4;0
25;2025-11-02;5;3
25;2025-11-02;6;43
25;2025-11-02;7;96
25;2025-11-02;8;180
25;2025-11-02;9;213
25;2025-11-02;10;229
25;2025-11-02;11;329
25;2025-11-02;12;368
25;2025-11-02;13;480
25;2025-11-02;14;513
25;2025-11-02;15;541
25;2025-11-02;16;514
25;2025-11-02;17;424
25;2025-11-02;18;397
25;2025-11-02;19;326
25;2025-11-02;20;224
25;2025-11-02;21;184
25;2025-11-02;22;106
25;2025-11-02;23;46
25;2025-11-03;0;13
25;2025-11-03;1;0
25;2025-11-03;2;0
25;2025-11-03;3;0
25;2025-11-03;4;0
25;2025-11-03;5;0
25;2025-11-03;6;62
25;2025-11-03;7;235
25;2025-11-03;8;368
25;2025-11-03;9;270
25;2025-11-03;10;207
25;2025-11-03;11;286
25;2025-11-03;12;287
25;2025-11-03;13;389
25;2025-11-03;14;385
25;2025-11-03;15;421
25;2025-11-03;16;465
25;2025-11-03;17;386
25;2025-11-03;18;370
25;2025-11-03;19;404
25;2025-11-03;20;232
25;2025-11-03;21;144
25;2025-11-03;22;80
25;2025-11-03;23;22
25;2025-11-04;0;9
25;2025-11-04;1;0
25;2025-11-04;2;0
25;2025-11-04;3;0
25;2025-11-04;4;0
25;2025-11-04;5;0
25;2025-11-04;6;31
25;2025-11-04;7;187
25;2025-11-04;8;256
25;2025-11-04;9;229
25;2025-11-04;10;185
25;2025-11-04;11;246
25;2025-11-04;12;259
25;2025-11-04;13;347
25;2025-11-04;14;368
25;2025-11-04;15;376
25;2025-11-04;16;415
25;2025-11-04;17;313
25;2025-11-04;18;311
25;2025-11-04;19;382
25;2025-11-04;20;204
25;2025-11-04;21;147
25;2025-11-04;22;78
25;2025-11-04;23;26
25;2025-11-05;0;7
25;2025-11-05;1;0
25;2025-11-05;2;0
25;2025-11-05;3;0
25;2025-11-05;4;0
25;2025-11-05;5;9
25;2025-11-05;6;156
25;2025-11-05;7;513
25;2025-11-05;8;869
25;2025-11-05;9;480
25;2025-11-05;10;372
25;2025-11-05;11;422
25;2025-11-05;12;421
25;2025-11-05;13;514
25;2025-11-05;14;481
25;2025-11-05;15;562
25;2025-11-05;16;690
25;2025-11-05;17;740
25;2025-11-05;18;777
25;2025-11-05;19;506
25;2025-11-05;20;328
25;2025-11-05;21;210
25;2025-11-05;22;115
25;2025-11-05;23;6
25;2025-11-06;0;1
25;2025-11-06;1;0
25;2025-11-06;2;0
25;2025-11-06;3;0
25;2025-11-06;4;0
25;2025-11-06;5;10
25;2025-11-06;6;157
25;2025-11-06;7;515
25;2025-11-06;8;870
25;2025-11-06;9;484
25;2025-11-06;10;380
25;2025-11-06;11;424
25;2025-11-06;12;423
25;2025-11-06;13;514
25;2025-11-06;14;487
25;2025-11-06;15;563
25;2025-11-06;16;690
25;2025-11-06;17;741
25;2025-11-06;18;778
25;2025-11-06;19;513
25;2025-11-06;20;330
25;2025-11-06;21;211
25;2025-11-06;22;117
25;2025-11-06;23;8
25;2025-11-07;0;1
25;2025-11-07;1;0
25;2025-11-07;2;0
25;2025-11-07;3;0
25;2025-11-07;4;0
25;2025-11-07;5;9
25;2025-11-07;6;158
25;2025-11-07;7;510
25;2025-11-07;8;868
25;2025-11-07;9;475
25;2025-11-07;10;362
25;2025-11-07;11;421
25;2025-11-07;12;414
25;2025-11-07;13;512
25;2025-11-07;14;481
25;2025-11-07;15;563
25;2025-11-07;16;686
25;2025-11-07;17;732
25;2025-11-07;18;710
25;2025-11-07;19;489
25;2025-11-07;20;319
25;2025-11-07;21;210
25;2025-11-07;22;118
25;2025-11-07;23;8
25;2025-11-08;0;6
25;2025-11-08;1;0
25;2025-11-08;2;0
25;2025-11-08;3;0
25;2025-11-08;4;0
25;2025-11-08;5;4
25;2025-11-08;6;52
25;2025-11-08;7;131
25;2025-11-08;8;262
25;2025-11-08;9;254
25;2025-11-08;10;278
25;2025-11-08;11;358
25;2025-11-08;12;410
25;2025-11-08;13;508
25;2025-11-08;14;561
25;2025-11-08;15;598
25;2025-11-08;16;564
25;2025-11-08;17;486
25;2025-11-08;18;469
25;2025-11-08;19;399
25;2025-11-08;20;269
25;2025-11-08;21;222
25;2025-11-08;22;133
25;2025-11-08;23;54
25;2025-11-09;0;12
25;2025-11-09;1;0
25;2025-11-09;2;0
25;2025-11-09;3;0
25;2025-11-09;4;0
25;2025-11-09;5;3
25;2025-11-09;6;43
25;2025-11-09;7;96
25;2025-11-09;8;180
25;2025-11-09;9;213
25;2025-11-09;10;229
25;2025-11-09;11;329
25;2025-11-09;12;368
25;2025-11-09;13;480
25;2025-11-09;14;513
25;2025-11-09;15;541
25;2025-11-09;16;514
25;2025-11-09;17;424
25;2025-11-09;18;397
25;2025-11-09;19;326
25;2025-11-09;20;224
25;2025-11-09;21;184
25;2025-11-09;22;106
25;2025-11-09;23;46
25;2025-11-10;0;12
25;2025-11-10;1;0
25;2025-11-10;2;0
25;2025-11-10;3;0
25;2025-11-10;4;0
25;2025-11-10;5;9
25;2025-11-10;6;147
25;2025-11-10;7;506
25;2025-11-10;8;864
25;2025-11-10;9;470
25;2025-11-10;10;352
25;2025-11-10;11;405
25;2025-11-10;12;392
25;2025-11-10;13;499
25;2025-11-10;14;459
25;2025-11-10;15;542
25;2025-11-10;16;679
25;2025-11-10;17;727
25;2025-11-10;18;743
25;2025-11-10;19;484
25;2025-11-10;20;311
25;2025-11-10;21;192
25;2025-11-10;22;93
25;2025-11-10;23;6
25;2025-11-11;0;7
25;2025-11-11;1;0
25;2025-11-11;2;0
25;2025-11-11;3;0
25;2025-11-11;4;0
25;2025-11-11;5;9
25;2025-11-11;6;155
25;2025-11-11;7;515
25;2025-11-11;8;871
25;2025-11-11;9;481
25;2025-11-11;10;372
25;2025-11-11;11;423
25;2025-11-11;12;418
25;2025-11-11;13;509
25;2025-11-11;14;480
25;2025-11-11;15;561
25;2025-11-11;16;689
25;2025-11-11;17;740
25;2025-11-11;18;777
25;2025-11-11;19;505
25;2025-11-11;20;328
25;2025-11-11;21;206
25;2025-11-11;22;113
25;2025-11-11;23;8
25;2025-11-12;0;7
25;2025-11-12;1;0
25;2025-11-12;2;0
25;2025-11-12;3;0
25;2025-11-12;4;0
25;2025-11-12;5;9
25;2025-11-12;6;156
25;2025-11-12;7;513
25;2025-11-12;8;869
25;2025-11-12;9;480
25;2025-11-12;10;372
25;2025-11-12;11;422
25;2025-11-12;12;421
25;2025-11-12;13;514
25;2025-11-12;14;481
25;2025-11-12;15;562
25;2025-11-12;16;690
25;2025-11-12;17;740
25;2025-11-12;18;777
25;2025-11-12;19;506
25;2025-11-12;20;328
25;2025-11-12;21;210
25;2025-11-12;22;115
25;2025-11-12;23;6
25;2025-11-13;0;1
25;2025-11-13;1;0
25;2025-11-13;2;0
25;2025-11-13;3;0
25;2025-11-13;4;0
25;2025-11-13;5;10
25;2025-11-13;6;157
25;2025-11-13;7;515
25;2025-11-13;8;870
25;2025-11-13;9;484
25;2025-11-13;10;380
25;2025-11-13;11;424
25;2025-11-13;12;423
25;2025-11-13;13;514
25;2025-11-13;14;487
25;2025-11-13;15;563
25;2025-11-13;16;690
25;2025-11-13;17;741
25;2025-11-13;18;778
25;2025-11-13;19;513
25;2025-11-13;20;330
25;2025-11-13;21;211
25;2025-11-13;22;117
25;2025-11-13;23;8
25;2025-11-14;0;1
25;2025-11-14;1;0
25;2025-11-14;2;0
25;2025-11-14;3;0
25;2025-11-14;4;0
25;2025-11-14;5;9
25;2025-11-14;6;158
25;2025-11-14;7;510
25;2025-11-14;8;868
25;2025-11-14;9;475
25;2025-11-14;10;362
25;2025-11-14;11;421
25;2025-11-14;12;414
25;2025-11-14;13;512
25;2025-11-14;14;481
25;2025-11-14;15;563
25;2025-11-14;16;686
25;2025-11-14;17;732
25;2025-11-14;18;710
25;2025-11-14;19;489
25;2025-11-14;20;319
25;2025-11-14;21;210
25;2025-11-14;22;118
25;2025-11-14;23;8
25;2025-11-15;0;6
25;2025-11-15;1;0
25;2025-11-15;2;0
25;2025-11-15;3;0
25;2025-11-15;4;0
25;2025-11-15;5;4
25;2025-11-15;6;52
25;2025-11-15;7;131
25;2025-11-15;8;262
25;2025-11-15;9;254
25;2025-11-15;10;278
25;2025-11-15;11;358
25;2025-11-15;12;410
25;2025-11-15;13;508
25;2025-11-15;14;561
25;2025-11-15;15;598
25;2025-11-15;16;564
25;2025-11-15;17;486
25;2025-11-15;18;469
25;2025-11-15;19;399
25;2025-11-15;20;269
25;2025-11-15;21;222
25;2025-11-15;22;133
25;2025-11-15;23;54
25;2025-11-16;0;12
25;2025-11-16;1;0
25;2025-11-16;2;0
25;2025-11-16;3;0
25;2025-11-16;4;0
25;2025-11-16;5;3
25;2025-11-16;6;43
25;2025-11-16;7;96
25;2025-11-16;8;180
25;2025-11-16;9;213
25;2025-11-16;10;229
25;2025-11-16;11;329
25;2025-11-16;12;368
25;2025-11-16;13;480
25;2025-11-16;14;513
25;2025-11-16;15;541
25;2025-11-16;16;514
25;2025-11-16;17;424
25;2025-11-16;18;397
25;2025-11-16;19;326
25;2025-11-16;20;224
25;2025-11-16;21;184
25;2025-11-16;22;106
25;2025-11-16;23;46
25;2025-11-17;0;12
25;2025-11-17;1;0
25;2025-11-17;2;0
25;2025-11-17;3;0
25;2025-11-17;4;0
25;2025-11-17;5;9
25;2025-11-17;6;147
25;2025-11-17;7;506
25;2025-11-17;8;864
25;2025-11-17;9;470
25;2025-11-17;10;352
25;2025-11-17;11;405
25;2025-11-17;12;392
25;2025-11-17;13;499
25;2025-11-17;14;459
25;2025-11-17;15;542
25;2025-11-17;16;679
25;2025-11-17;17;727
25;2025-11-17;18;743
25;2025-11-17;19;484
25;2025-11-17;20;311
25;2025-11-17;21;192
25;2025-11-17;22;93
25;2025-11-17;23;6
25;2025-11-18;0;7
25;2025-11-18;1;0
25;2025-11-18;2;0
25;2025-11-18;3;0
25;2025-11-18;4;0
25;2025-11-18;5;9
25;2025-11-18;6;155
25;2025-11-18;7;515
25;2025-11-18;8;871
25;2025-11-18;9;481
25;2025-11-18;10;372
25;2025-11-18;11;423
25;2025-11-18;12;418
25;2025-11-18;13;509
25;2025-11-18;14;480
25;2025-11-18;15;561
25;2025-11-18;16;689
25;2025-11-18;17;740
25;2025-11-18;18;777
25;2025-11-18;19;505
25;2025-11-18;20;328
25;2025-11-18;21;206
25;2025-11-18;22;113
25;2025-11-18;23;8
25;2025-11-19;0;7
25;2025-11-19;1;0
25;2025-11-19;2;0
25;2025-11-19;3;0
25;2025-11-19;4;0
25;2025-11-19;5;9
25;2025-11-19;6;156
25;2025-11-19;7;513
25;2025-11-19;8;869
25;2025-11-19;9;480
25;2025-11-19;10;372
25;2025-11-19;11;422
25;2025-11-19;12;421
25;2025-11-19;13;514
25;2025-11-19;14;481
25;2025-11-19;15;562
25;2025-11-19;16;690
25;2025-11-19;17;740
25;2025-11-19;18;777
25;2025-11-19;19;506
25;2025-11-19;20;328
25;2025-11-19;21;210
25;2025-11-19;22;115
25;2025-11-19;23;6
25;2025-11-20;0;1
25;2025-11-20;1;0
25;2025-11-20;2;0
25;2025-11-20;3;0
25;2025-11-20;4;0
25;2025-11-20;5;10
25;2025-11-20;6;157
25;2025-11-20;7;515
25;2025-11-20;8;870
25;2025-11-20;9;484
25;2025-11-20;10;380
25;2025-11-20;11;424
25;2025-11-20;12;423
25;2025-11-20;13;514
25;2025-11-20;14;487
25;2025-11-20;15;563
25;2025-11-20;16;690
25;2025-11-20;17;741
25;2025-11-20;18;778
25;2025-11-20;19;513
25;2025-11-20;20;330
25;2025-11-20;21;211
25;2025-11-20;22;117
25;2025-11-20;23;8
25;2025-11-21;0;1
25;2025-11-21;1;0
25;2025-11-21;2;0
25;2025-11-21;3;0
25;2025-11-21;4;0
25;2025-11-21;5;9
25;2025-11-21;6;158
25;2025-11-21;7;510
25;2025-11-21;8;868
25;2025-11-21;9;475
25;2025-11-21;10;362
25;2025-11-21;11;421
25;2025-11-21;12;414
25;2025-11-21;13;512
25;2025-11-21;14;481
25;2025-11-21;15;563
25;2025-11-21;16;686
25;2025-11-21;17;732
25;2025-11-21;18;710
25;2025-11-21;19;489
25;2025-11-21;20;319
25;2025-11-21;21;210
25;2025-11-21;22;118
25;2025-11-21;23;8
25;2025-11-22;0;6
25;2025-11-22;1;0
25;2025-11-22;2;0
25;2025-11-22;3;0
25;2025-11-22;4;0
25;2025-11-22;5;4
25;2025-11-22;6;52
25;2025-11-22;7;131
25;2025-11-22;8;262
25;2025-11-22;9;254
25;2025-11-22;10;278
25;2025-11-22;11;358
25;2025-11-22;12;410
25;2025-11-22;13;508
25;2025-11-22;14;561
25;2025-11-22;15;598
25;2025-11-22;16;564
25;2025-11-22;17;486
25;2025-11-22;18;469
25;2025-11-22;19;399
25;2025-11-22;20;269
25;2025-11-22;21;222
25;2025-11-22;22;133
25;2025-11-22;23;54
25;2025-11-23;0;12
25;2025-11-23;1;0
25;2025-11-23;2;0
25;2025-11-23;3;0
25;2025-11-23;4;0
25;2025-11-23;5;3
25;2025-11-23;6;43
25;2025-11-23;7;96
25;2025-11-23;8;180
25;2025-11-23;9;213
25;2025-11-23;10;229
25;2025-11-23;11;329
25;2025-11-23;12;368
25;2025-11-23;13;480
25;2025-11-23;14;513
25;2025-11-23;15;541
25;2025-11-23;16;514
25;2025-11-23;17;424
25;2025-11-23;18;397
25;2025-11-23;19;326
25;2025-11-23;20;224
25;2025-11-23;21;184
25;2025-11-23;22;106
25;2025-11-23;23;46
25;2025-11-24;0;12
25;2025-11-24;1;0
25;2025-11-24;2;0
25;2025-11-24;3;0
25;2025-11-24;4;0
25;2025-11-24;5;9
25;2025-11-24;6;147
25;2025-11-24;7;506
25;2025-11-24;8;864
25;2025-11-24;9;470
25;2025-11-24;10;352
25;2025-11-24;11;405
25;2025-11-24;12;392
25;2025-11-24;13;499
25;2025-11-24;14;459
25;2025-11-24;15;542
25;2025-11-24;16;679
25;2025-11-24;17;727
25;2025-11-24;18;743
25;2025-11-24;19;484
25;2025-11-24;20;311
25;2025-11-24;21;192
25;2025-11-24;22;93
25;2025-11-24;23;6
25;2025-11-25;0;7
25;2025-11-25;1;0
25;2025-11-25;2;0
25;2025-11-25;3;0
25;2025-11-25;4;0
25;2025-11-25;5;9
25;2025-11-25;6;155
25;2025-11-25;7;515
25;2025-11-25;8;871
25;2025-11-25;9;481
25;2025-11-25;10;372
25;2025-11-25;11;423
25;2025-11-25;12;418
25;2025-11-25;13;509
25;2025-11-25;14;480
25;2025-11-25;15;561
25;2025-11-25;16;689
25;2025-11-25;17;740
25;2025-11-25;18;777
25;2025-11-25;19;505
25;2025-11-25;20;328
25;2025-11-25;21;206
25;2025-11-25;22;113
25;2025-11-25;23;8
25;2025-11-26;0;7
25;2025-11-26;1;0
25;2025-11-26;2;0
25;2025-11-26;3;0
25;2025-11-26;4;0
25;2025-11-26;5;9
25;2025-11-26;6;156
25;2025-11-26;7;513
25;2025-11-26;8;869
25;2025-11-26;9;480
25;2025-11-26;10;372
25;2025-11-26;11;422
25;2025-11-26;12;421
25;2025-11-26;13;514
25;2025-11-26;14;481
25;2025-11-26;15;562
25;2025-11-26;16;690
25;2025-11-26;17;740
25;2025-11-26;18;777
25;2025-11-26;19;506
25;2025-11-26;20;328
25;2025-11-26;21;210
25;2025-11-26;22;115
25;2025-11-26;23;6
25;2025-11-27;0;1
25;2025-11-27;1;0
25;2025-11-27;2;0
25;2025-11-27;3;0
25;2025-11-27;4;0
25;2025-11-27;5;10
25;2025-11-27;6;157
25;2025-11-27;7;515
25;2025-11-27;8;870
25;2025-11-27;9;484
25;2025-11-27;10;380
25;2025-11-27;11;424
25;2025-11-27;12;423
25;2025-11-27;13;514
25;2025-11-27;14;487
25;2025-11-27;15;563
25;2025-11-27;16;690
25;2025-11-27;17;741
25;2025-11-27;18;778
25;2025-11-27;19;513
25;2025-11-27;20;330
25;2025-11-27;21;211
25;2025-11-27;22;117
25;2025-11-27;23;8
25;2025-11-28;0;1
25;2025-11-28;1;0
25;2025-11-28;2;0
25;2025-11-28;3;0
25;2025-11-28;4;0
25;2025-11-28;5;9
25;2025-11-28;6;158
25;2025-11-28;7;510
25;2025-11-28;8;868
25;2025-11-28;9;475
25;2025-11-28;10;362
25;2025-11-28;11;421
25;2025-11-28;12;414
25;2025-11-28;13;512
25;2025-11-28;14;481
25;2025-11-28;15;563
25;2025-11-28;16;686
25;2025-11-28;17;732
25;2025-11-28;18;710
25;2025-11-28;19;489
25;2025-11-28;20;319
25;2025-11-28;21;210
25;2025-11-28;22;118
25;2025-11-28;23;8
25;2025-11-29;0;6
25;2025-11-29;1;0
25;2025-11-29;2;0
25;2025-11-29;3;0
25;2025-11-29;4;0
25;2025-11-29;5;4
25;2025-11-29;6;52
25;2025-11-29;7;131
25;2025-11-29;8;262
25;2025-11-29;9;254
25;2025-11-29;10;278
25;2025-11-29;11;358
25;2025-11-29;12;410
25;2025-11-29;13;508
25;2025-11-29;14;561
25;2025-11-29;15;598
25;2025-11-29;16;564
25;2025-11-29;17;486
25;2025-11-29;18;469
25;2025-11-29;19;399
25;2025-11-29;20;269
25;2025-11-29;21;222
25;2025-11-29;22;133
25;2025-11-29;23;54
25;2025-11-30;0;12
25;2025-11-30;1;0
25;2025-11-30;2;0
25;2025-11-30;3;0
25;2025-11-30;4;0
25;2025-11-30;5;3
25;2025-11-30;6;43
25;2025-11-30;7;96
25;2025-11-30;8;180
25;2025-11-30;9;213
25;2025-11-30;10;229
25;2025-11-30;11;329
25;2025-11-30;12;368
25;2025-11-30;13;480
25;2025-11-30;14;513
25;2025-11-30;15;541
25;2025-11-30;16;514
25;2025-11-30;17;424
25;2025-11-30;18;397
25;2025-11-30;19;326
25;2025-11-30;20;224
25;2025-11-30;21;184
25;2025-11-30;22;106
25;2025-11-30;23;46
25;2025-12-01;0;11
25;2025-12-01;1;0
25;2025-12-01;2;0
25;2025-12-01;3;0
25;2025-12-01;4;0
25;2025-12-01;5;1
25;2025-12-01;6;139
25;2025-12-01;7;475
25;2025-12-01;8;825
25;2025-12-01;9;410
25;2025-12-01;10;302
25;2025-12-01;11;328
25;2025-12-01;12;328
25;2025-12-01;13;427
25;2025-12-01;14;366
25;2025-12-01;15;503
25;2025-12-01;16;620
25;2025-12-01;17;676
25;2025-12-01;18;706
25;2025-12-01;19;433
25;2025-12-01;20;269
25;2025-12-01;21;168
25;2025-12-01;22;94
25;2025-12-01;23;3
25;2025-12-02;0;5
25;2025-12-02;1;0
25;2025-12-02;2;0
25;2025-12-02;3;0
25;2025-12-02;4;0
25;2025-12-02;5;1
25;2025-12-02;6;143
25;2025-12-02;7;482
25;2025-12-02;8;832
25;2025-12-02;9;417
25;2025-12-02;10;318
25;2025-12-02;11;338
25;2025-12-02;12;349
25;2025-12-02;13;434
25;2025-12-02;14;384
25;2025-12-02;15;522
25;2025-12-02;16;630
25;2025-12-02;17;689
25;2025-12-02;18;740
25;2025-12-02;19;451
25;2025-12-02;20;281
25;2025-12-02;21;181
25;2025-12-02;22;113
25;2025-12-02;23;5
25;2025-12-03;0;5
25;2025-12-03;1;0
25;2025-12-03;2;0
25;2025-12-03;3;0
25;2025-12-03;4;0
25;2025-12-03;5;1
25;2025-12-03;6;144
25;2025-12-03;7;480
25;2025-12-03;8;830
25;2025-12-03;9;413
25;2025-12-03;10;318
25;2025-12-03;11;337
25;2025-12-03;12;352
25;2025-12-03;13;436
25;2025-12-03;14;385
25;2025-12-03;15;522
25;2025-12-03;16;631
25;2025-12-03;17;689
25;2025-12-03;18;740
25;2025-12-03;19;450
25;2025-12-03;20;281
25;2025-12-03;21;185
25;2025-12-03;22;115
25;2025-12-03;23;4
25;2025-12-04;0;0
25;2025-12-04;1;0
25;2025-12-04;2;0
25;2025-12-04;3;0
25;2025-12-04;4;0
25;2025-12-04;5;2
25;2025-12-04;6;145
25;2025-12-04;7;482
25;2025-12-04;8;831
25;2025-12-04;9;416
25;2025-12-04;10;326
25;2025-12-04;11;339
25;2025-12-04;12;354
25;2025-12-04;13;436
25;2025-12-04;14;391
25;2025-12-04;15;523
25;2025-12-04;16;632
25;2025-12-04;17;690
25;2025-12-04;18;740
25;2025-12-04;19;457
25;2025-12-04;20;283
25;2025-12-04;21;187
25;2025-12-04;22;116
25;2025-12-04;23;6
25;2025-12-05;0;0
25;2025-12-05;1;0
25;2025-12-05;2;0
25;2025-12-05;3;0
25;2025-12-05;4;0
25;2025-12-05;5;0
25;2025-12-05;6;146
25;2025-12-05;7;477
25;2025-12-05;8;829
25;2025-12-05;9;411
25;2025-12-05;10;308
25;2025-12-05;11;336
25;2025-12-05;12;345
25;2025-12-05;13;437
25;2025-12-05;14;385
25;2025-12-05;15;523
25;2025-12-05;16;627
25;2025-12-05;17;681
25;2025-12-05;18;673
25;2025-12-05;19;435
25;2025-12-05;20;272
25;2025-12-05;21;185
25;2025-12-05;22;118
25;2025-12-05;23;6
25;2025-12-06;0;4
25;2025-12-06;1;0
25;2025-12-06;2;0
25;2025-12-06;3;0
25;2025-12-06;4;0
25;2025-12-06;5;1
25;2025-12-06;6;49
25;2025-12-06;7;116
25;2025-12-06;8;251
25;2025-12-06;9;223
25;2025-12-06;10;241
25;2025-12-06;11;296
25;2025-12-06;12;349
25;2025-12-06;13;396
25;2025-12-06;14;448
25;2025-12-06;15;522
25;2025-12-06;16;471
25;2025-12-06;17;425
25;2025-12-06;18;423
25;2025-12-06;19;351
25;2025-12-06;20;237
25;2025-12-06;21;186
25;2025-12-06;22;132
25;2025-12-06;23;50
25;2025-12-07;0;11
25;2025-12-07;1;0
25;2025-12-07;2;0
25;2025-12-07;3;0
25;2025-12-07;4;0
25;2025-12-07;5;0
25;2025-12-07;6;39
25;2025-12-07;7;84
25;2025-12-07;8;175
25;2025-12-07;9;191
25;2025-12-07;10;200
25;2025-12-07;11;279
25;2025-12-07;12;317
25;2025-12-07;13;374
25;2025-12-07;14;411
25;2025-12-07;15;466
25;2025-12-07;16;421
25;2025-12-07;17;363
25;2025-12-07;18;355
25;2025-12-07;19;290
25;2025-12-07;20;201
25;2025-12-07;21;154
25;2025-12-07;22;101
25;2025-12-07;23;43
25;2025-12-08;0;11
25;2025-12-08;1;0
25;2025-12-08;2;0
25;2025-12-08;3;0
25;2025-12-08;4;0
25;2025-12-08;5;1
25;2025-12-08;6;139
25;2025-12-08;7;475
25;2025-12-08;8;825
25;2025-12-08;9;410
25;2025-12-08;10;302
25;2025-12-08;11;328
25;2025-12-08;12;328
25;2025-12-08;13;427
25;2025-12-08;14;366
25;2025-12-08;15;503
25;2025-12-08;16;620
25;2025-12-08;17;676
25;2025-12-08;18;706
25;2025-12-08;19;433
25;2025-12-08;20;269
25;2025-12-08;21;168
25;2025-12-08;22;94
25;2025-12-08;23;3
25;2025-12-09;0;5
25;2025-12-09;1;0
25;2025-12-09;2;0
25;2025-12-09;3;0
25;2025-12-09;4;0
25;2025-12-09;5;1
25;2025-12-09;6;143
25;2025-12-09;7;482
25;2025-12-09;8;832
25;2025-12-09;9;417
25;2025-12-09;10;318
25;2025-12-09;11;338
25;2025-12-09;12;349
25;2025-12-09;13;434
25;2025-12-09;14;384
25;2025-12-09;15;522
25;2025-12-09;16;630
25;2025-12-09;17;689
25;2025-12-09;18;740
25;2025-12-09;19;451
25;2025-12-09;20;281
25;2025-12-09;21;181
25;2025-12-09;22;113
25;2025-12-09;23;5
25;2025-12-10;0;5
25;2025-12-10;1;0
25;2025-12-10;2;0
25;2025-12-10;3;0
25;2025-12-10;4;0
25;2025-12-10;5;1
25;2025-12-10;6;144
25;2025-12-10;7;480
25;2025-12-10;8;830
25;2025-12-10;9;413
25;2025-12-10;10;318
25;2025-12-10;11;337
25;2025-12-10;12;352
25;2025-12-10;13;436
25;2025-12-10;14;385
25;2025-12-10;15;522
25;2025-12-10;16;631
25;2025-12-10;17;689
25;2025-12-10;18;740
25;2025-12-10;19;450
25;2025-12-10;20;281
25;2025-12-10;21;185
25;2025-12-10;22;115
25;2025-12-10;23;4
25;2025-12-11;0;0
25;2025-12-11;1;0
25;2025-12-11;2;0
25;2025-12-11;3;0
25;2025-12-11;4;0
25;2025-12-11;5;2
25;2025-12-11;6;145
25;2025-12-11;7;482
25;2025-12-11;8;831
25;2025-12-11;9;416
25;2025-12-11;10;326
25;2025-12-11;11;339
25;2025-12-11;12;354
25;2025-12-11;13;436
25;2025-12-11;14;391
25;2025-12-11;15;523
25;2025-12-11;16;632
25;2025-12-11;17;690
25;2025-12-11;18;740
25;2025-12-11;19;457
25;2025-12-11;20;283
25;2025-12-11;21;187
25;2025-12-11;22;116
25;2025-12-11;23;6
25;2025-12-12;0;0
25;2025-12-12;1;0
25;2025-12-12;2;0
25;2025-12-12;3;0
25;2025-12-12;4;0
25;2025-12-12;5;0
25;2025-12-12;6;146
25;2025-12-12;7;477
25;2025-12-12;8;829
25;2025-12-12;9;411
25;2025-12-12;10;308
25;2025-12-12;11;336
25;2025-12-12;12;345
25;2025-12-12;13;437
25;2025-12-12;14;385
25;2025-12-12;15;523
25;2025-12-12;16;627
25;2025-12-12;17;681
25;2025-12-12;18;673
25;2025-12-12;19;435
25;2025-12-12;20;272
25;2025-12-12;21;185
25;2025-12-12;22;118
25;2025-12-12;23;6
25;2025-12-13;0;4
25;2025-12-13;1;0
25;2025-12-13;2;0
25;2025-12-13;3;0
25;2025-12-13;4;0
25;2025-12-13;5;1
25;2025-12-13;6;49
25;2025-12-13;7;116
25;2025-12-13;8;251
25;2025-12-13;9;223
25;2025-12-13;10;241
25;2025-12-13;11;296
25;2025-12-13;12;349
25;2025-12-13;13;396
25;2025-12-13;14;448
25;2025-12-13;15;522
25;2025-12-13;16;471
25;2025-12-13;17;425
25;2025-12-13;18;423
25;2025-12-13;19;351
25;2025-12-13;20;237
25;2025-12-13;21;186
25;2025-12-13;22;132
25;2025-12-13;23;50
25;2025-12-14;0;11
25;2025-12-14;1;0
25;2025-12-14;2;0
25;2025-12-14;3;0
25;2025-12-14;4;0
25;2025-12-14;5;0
25;2025-12-14;6;39
25;2025-12-14;7;84
25;2025-12-14;8;175
25;2025-12-14;9;191
25;2025-12-14;10;200
25;2025-12-14;11;279
25;2025-12-14;12;317
25;2025-12-14;13;374
25;2025-12-14;14;411
25;2025-12-14;15;466
25;2025-12-14;16;421
25;2025-12-14;17;363
25;2025-12-14;18;355
25;2025-12-14;19;290
25;2025-12-14;20;201
25;2025-12-14;21;154
25;2025-12-14;22;101
25;2025-12-14;23;43
25;2025-12-15;0;11
25;2025-12-15;1;0
25;2025-12-15;2;0
25;2025-12-15;3;0
25;2025-12-15;4;0
25;2025-12-15;5;1
25;2025-12-15;6;139
25;2025-12-15;7;475
25;2025-12-15;8;825
25;2025-12-15;9;410
25;2025-12-15;10;302
25;2025-12-15;11;328
25;2025-12-15;12;328
25;2025-12-15;13;427
25;2025-12-15;14;366
25;2025-12-15;15;503
25;2025-12-15;16;620
25;2025-12-15;17;676
25;2025-12-15;18;706
25;2025-12-15;19;433
25;2025-12-15;20;269
25;2025-12-15;21;168
25;2025-12-15;22;94
25;2025-12-15;23;3
25;2025-12-16;0;5
25;2025-12-16;1;0
25;2025-12-16;2;0
25;2025-12-16;3;0
25;2025-12-16;4;0
25;2025-12-16;5;1
25;2025-12-16;6;143
25;2025-12-16;7;482
25;2025-12-16;8;832
25;2025-12-16;9;417
25;2025-12-16;10;318
25;2025-12-16;11;338
25;2025-12-16;12;349
25;2025-12-16;13;434
25;2025-12-16;14;384
25;2025-12-16;15;522
25;2025-12-16;16;630
25;2025-12-16;17;689
25;2025-12-16;18;740
25;2025-12-16;19;451
25;2025-12-16;20;281
25;2025-12-16;21;181
25;2025-12-16;22;113
25;2025-12-16;23;5
25;2025-12-17;0;5
25;2025-12-17;1;0
25;2025-12-17;2;0
25;2025-12-17;3;0
25;2025-12-17;4;0
25;2025-12-17;5;1
25;2025-12-17;6;144
25;2025-12-17;7;480
25;2025-12-17;8;830
25;2025-12-17;9;413
25;2025-12-17;10;318
25;2025-12-17;11;337
25;2025-12-17;12;352
25;2025-12-17;13;436
25;2025-12-17;14;385
25;2025-12-17;15;522
25;2025-12-17;16;631
25;2025-12-17;17;689
25;2025-12-17;18;740
25;2025-12-17;19;450
25;2025-12-17;20;281
25;2025-12-17;21;185
25;2025-12-17;22;115
25;2025-12-17;23;4
25;2025-12-18;0;0
25;2025-12-18;1;0
25;2025-12-18;2;0
25;2025-12-18;3;0
25;2025-12-18;4;0
25;2025-12-18;5;2
25;2025-12-18;6;145
25;2025-12-18;7;482
25;2025-12-18;8;831
25;2025-12-18;9;416
25;2025-12-18;10;326
25;2025-12-18;11;339
25;2025-12-18;12;354
25;2025-12-18;13;436
25;2025-12-18;14;391
25;2025-12-18;15;523
25;2025-12-18;16;632
25;2025-12-18;17;690
25;2025-12-18;18;740
25;2025-12-18;19;457
25;2025-12-18;20;283
25;2025-12-18;21;187
25;2025-12-18;22;116
25;2025-12-18;23;6
25;2025-12-19;0;0
25;2025-12-19;1;0
25;2025-12-19;2;0
25;2025-12-19;3;0
25;2025-12-19;4;0
25;2025-12-19;5;0
25;2025-12-19;6;146
25;2025-12-19;7;477
25;2025-12-19;8;829
25;2025-12-19;9;411
25;2025-12-19;10;308
25;2025-12-19;11;336
25;2025-12-19;12;345
25;2025-12-19;13;437
25;2025-12-19;14;385
25;2025-12-19;15;523
25;2025-12-19;16;627
25;2025-12-19;17;681
25;2025-12-19;18;673
25;2025-12-19;19;435
25;2025-12-19;20;272
25;2025-12-19;21;185
25;2025-12-19;22;118
25;2025-12-19;23;6
25;2025-12-20;0;4
25;2025-12-20;1;0
25;2025-12-20;2;0
25;2025-12-20;3;0
25;2025-12-20;4;0
25;2025-12-20;5;1
25;2025-12-20;6;49
25;2025-12-20;7;116
25;2025-12-20;8;251
25;2025-12-20;9;223
25;2025-12-20;10;241
25;2025-12-20;11;296
25;2025-12-20;12;349
25;2025-12-20;13;396
25;2025-12-20;14;448
25;2025-12-20;15;522
25;2025-12-20;16;471
25;2025-12-20;17;425
25;2025-12-20;18;423
25;2025-12-20;19;351
25;2025-12-20;20;237
25;2025-12-20;21;186
25;2025-12-20;22;132
25;2025-12-20;23;50
25;2025-12-21;0;11
25;2025-12-21;1;0
25;2025-12-21;2;0
25;2025-12-21;3;0
25;2025-12-21;4;0
25;2025-12-21;5;0
25;2025-12-21;6;39
25;2025-12-21;7;84
25;2025-12-21;8;175
25;2025-12-21;9;191
25;2025-12-21;10;200
25;2025-12-21;11;279
25;2025-12-21;12;317
25;2025-12-21;13;374
25;2025-12-21;14;411
25;2025-12-21;15;466
25;2025-12-21;16;421
25;2025-12-21;17;363
25;2025-12-21;18;355
25;2025-12-21;19;290
25;2025-12-21;20;201
25;2025-12-21;21;154
25;2025-12-21;22;101
25;2025-12-21;23;43
25;2025-12-22;0;11
25;2025-12-22;1;0
25;2025-12-22;2;0
25;2025-12-22;3;0
25;2025-12-22;4;0
25;2025-12-22;5;1
25;2025-12-22;6;139
25;2025-12-22;7;475
25;2025-12-22;8;825
25;2025-12-22;9;410
25;2025-12-22;10;302
25;2025-12-22;11;328
25;2025-12-22;12;328
25;2025-12-22;13;427
25;2025-12-22;14;366
25;2025-12-22;15;503
25;2025-12-22;16;620
25;2025-12-22;17;676
25;2025-12-22;18;706
25;2025-12-22;19;433
25;2025-12-22;20;269
25;2025-12-22;21;168
25;2025-12-22;22;94
25;2025-12-22;23;3
25;2025-12-23;0;5
25;2025-12-23;1;0
25;2025-12-23;2;0
25;2025-12-23;3;0
25;2025-12-23;4;0
25;2025-12-23;5;1
25;2025-12-23;6;143
25;2025-12-23;7;482
25;2025-12-23;8;832
25;2025-12-23;9;417
25;2025-12-23;10;318
25;2025-12-23;11;338
25;2025-12-23;12;349
25;2025-12-23;13;434
25;2025-12-23;14;384
25;2025-12-23;15;522
25;2025-12-23;16;630
25;2025-12-23;17;689
25;2025-12-23;18;740
25;2025-12-23;19;451
25;2025-12-23;20;281
25;2025-12-23;21;181
25;2025-12-23;22;113
25;2025-12-23;23;5
25;2025-12-24;0;5
25;2025-12-24;1;0
25;2025-12-24;2;0
25;2025-12-24;3;0
25;2025-12-24;4;0
25;2025-12-24;5;1
25;2025-12-24;6;144
25;2025-12-24;7;480
25;2025-12-24;8;830
25;2025-12-24;9;413
25;2025-12-24;10;318
25;2025-12-24;11;337
25;2025-12-24;12;352
25;2025-12-24;13;436
25;2025-12-24;14;385
25;2025-12-24;15;522
25;2025-12-24;16;631
25;2025-12-24;17;689
25;2025-12-24;18;740
25;2025-12-24;19;450
25;2025-12-24;20;281
25;2025-12-24;21;185
25;2025-12-24;22;115
25;2025-12-24;23;4
25;2025-12-25;0;0
25;2025-12-25;1;0
25;2025-12-25;2;0
25;2025-12-25;3;0
25;2025-12-25;4;0
25;2025-12-25;5;2
25;2025-12-25;6;145
25;2025-12-25;7;482
25;2025-12-25;8;831
25;2025-12-25;9;416
25;2025-12-25;10;326
25;2025-12-25;11;339
25;2025-12-25;12;354
25;2025-12-25;13;436
25;2025-12-25;14;391
25;2025-12-25;15;523
25;2025-12-25;16;632
25;2025-12-25;17;690
25;2025-12-25;18;740
25;2025-12-25;19;457
25;2025-12-25;20;283
25;2025-12-25;21;187
25;2025-12-25;22;116
25;2025-12-25;23;6
25;2025-12-26;0;0
25;2025-12-26;1;0
25;2025-12-26;2;0
25;2025-12-26;3;0
25;2025-12-26;4;0
25;2025-12-26;5;0
25;2025-12-26;6;146
25;2025-12-26;7;477
25;2025-12-26;8;829
25;2025-12-26;9;411
25;2025-12-26;10;308
25;2025-12-26;11;336
25;2025-12-26;12;345
25;2025-12-26;13;437
25;2025-12-26;14;385
25;2025-12-26;15;523
25;2025-12-26;16;627
25;2025-12-26;17;681
25;2025-12-26;18;673
25;2025-12-26;19;435
25;2025-12-26;20;272
25;2025-12-26;21;185
25;2025-12-26;22;118
25;2025-12-26;23;6
25;2025-12-27;0;4
25;2025-12-27;1;0
25;2025-12-27;2;0
25;2025-12-27;3;0
25;2025-12-27;4;0
25;2025-12-27;5;1
25;2025-12-27;6;49
25;2025-12-27;7;116
25;2025-12-27;8;251
25;2025-12-27;9;223
25;2025-12-27;10;241
25;2025-12-27;11;296
25;2025-12-27;12;349
25;2025-12-27;13;396
25;2025-12-27;14;448
25;2025-12-27;15;522
25;2025-12-27;16;471
25;2025-12-27;17;425
25;2025-12-27;18;423
25;2025-12-27;19;351
25;2025-12-27;20;237
25;2025-12-27;21;186
25;2025-12-27;22;132
25;2025-12-27;23;50
25;2025-12-28;0;11
25;2025-12-28;1;0
25;2025-12-28;2;0
25;2025-12-28;3;0
25;2025-12-28;4;0
25;2025-12-28;5;0
25;2025-12-28;6;39
25;2025-12-28;7;84
25;2025-12-28;8;175
25;2025-12-28;9;191
25;2025-12-28;10;200
25;2025-12-28;11;279
25;2025-12-28;12;317
25;2025-12-28;13;374
25;2025-12-28;14;411
25;2025-12-28;15;466
25;2025-12-28;16;421
25;2025-12-28;17;363
25;2025-12-28;18;355
25;2025-12-28;19;290
25;2025-12-28;20;201
25;2025-12-28;21;154
25;2025-12-28;22;101
25;2025-12-28;23;43
25;2025-12-29;0;11
25;2025-12-29;1;0
25;2025-12-29;2;0
25;2025-12-29;3;0
25;2025-12-29;4;0
25;2025-12-29;5;1
25;2025-12-29;6;139
25;2025-12-29;7;475
25;2025-12-29;8;825
25;2025-12-29;9;410
25;2025-12-29;10;302
25;2025-12-29;11;328
25;2025-12-29;12;328
25;2025-12-29;13;427
25;2025-12-29;14;366
25;2025-12-29;15;503
25;2025-12-29;16;620
25;2025-12-29;17;676
25;2025-12-29;18;706
25;2025-12-29;19;433
25;2025-12-29;20;269
25;2025-12-29;21;168
25;2025-12-29;22;94
25;2025-12-29;23;3
25;2025-12-30;0;5
25;2025-12-30;1;0
25;2025-12-30;2;0
25;2025-12-30;3;0
25;2025-12-30;4;0
25;2025-12-30;5;1
25;2025-12-30;6;143
25;2025-12-30;7;482
25;2025-12-30;8;832
25;2025-12-30;9;417
25;2025-12-30;10;318
25;2025-12-30;11;338
25;2025-12-30;12;349
25;2025-12-30;13;434
25;2025-12-30;14;384
25;2025-12-30;15;522
25;2025-12-30;16;630
25;2025-12-30;17;689
25;2025-12-30;18;740
25;2025-12-30;19;451
25;2025-12-30;20;281
25;2025-12-30;21;181
25;2025-12-30;22;113
25;2025-12-30;23;5
25;2025-12-31;0;6
25;2025-12-31;1;0
25;2025-12-31;2;0
25;2025-12-31;3;0
25;2025-12-31;4;0
25;2025-12-31;5;0
25;2025-12-31;6;48
25;2025-12-31;7;211
25;2025-12-31;8;321
25;2025-12-31;9;207
25;2025-12-31;10;185
25;2025-12-31;11;236
25;2025-12-31;12;271
25;2025-12-31;13;312
25;2025-12-31;14;320
25;2025-12-31;15;364
25;2025-12-31;16;393
25;2025-12-31;17;348
25;2025-12-31;18;361
25;2025-12-31;19;325
25;2025-12-31;20;213
25;2025-12-31;21;141
25;2025-12-31;22;97
25;2025-12-31;23;20
26;2025-11-01;0;63
26;2025-11-01;1;7
26;2025-11-01;2;0
26;2025-11-01;3;0
26;2025-11-01;4;11
26;2025-11-01;5;72
26;2025-11-01;6;273
26;2025-11-01;7;414
26;2025-11-01;8;1514
26;2025-11-01;9;1428
26;2025-11-01;10;1266
26;2025-11-01;11;1308
26;2025-11-01;12;1322
26;2025-11-01;13;1447
26;2025-11-01;14;1480
26;2025-11-01;15;1431
26;2025-11-01;16;1553
26;2025-11-01;17;1699
26;2025-11-01;18;1690
26;2025-11-01;19;1255
26;2025-11-01;20;770
26;2025-11-01;21;445
26;2025-11-01;22;278
26;2025-11-01;23;182
26;2025-11-02;0;49
26;2025-11-02;1;5
26;2025-11-02;2;0
26;2025-11-02;3;0
26;2025-11-02;4;1
26;2025-11-02;5;28
26;2025-11-02;6;166
26;2025-11-02;7;254
26;2025-11-02;8;423
26;2025-11-02;9;528
26;2025-11-02;10;634
26;2025-11-02;11;842
26;2025-11-02;12;884
26;2025-11-02;13;916
26;2025-11-02;14;957
26;2025-11-02;15;857
26;2025-11-02;16;844
26;2025-11-02;17;847
26;2025-11-02;18;764
26;2025-11-02;19;596
26;2025-11-02;20;433
26;2025-11-02;21;311
26;2025-11-02;22;196
26;2025-11-02;23;110
26;2025-11-03;0;24
26;2025-11-03;1;2
26;2025-11-03;2;0
26;2025-11-03;3;0
26;2025-11-03;4;0
26;2025-11-03;5;48
26;2025-11-03;6;235
26;2025-11-03;7;370
26;2025-11-03;8;844
26;2025-11-03;9;539
26;2025-11-03;10;566
26;2025-11-03;11;671
26;2025-11-03;12;784
26;2025-11-03;13;736
26;2025-11-03;14;792
26;2025-11-03;15;806
26;2025-11-03;16;827
26;2025-11-03;17;856
26;2025-11-03;18;893
26;2025-11-03;19;665
26;2025-11-03;20;462
26;2025-11-03;21;359
26;2025-11-03;22;189
26;2025-11-03;23;95
26;2025-11-04;0;23
26;2025-11-04;1;0
26;2025-11-04;2;0
26;2025-11-04;3;0
26;2025-11-04;4;3
26;2025-11-04;5;39
26;2025-11-04;6;216
26;2025-11-04;7;287
26;2025-11-04;8;762
26;2025-11-04;9;458
26;2025-11-04;10;504
26;2025-11-04;11;613
26;2025-11-04;12;737
26;2025-11-04;13;674
26;2025-11-04;14;720
26;2025-11-04;15;720
26;2025-11-04;16;733
26;2025-11-04;17;784
26;2025-11-04;18;765
26;2025-11-04;19;583
26;2025-11-04;20;407
26;2025-11-04;21;354
26;2025-11-04;22;190
26;2025-11-04;23;102
26;2025-11-05;0;32
26;2025-11-05;1;2
26;2025-11-05;2;0
26;2025-11-05;3;0
26;2025-11-05;4;3
26;2025-11-05;5;89
26;2025-11-05;6;514
26;2025-11-05;7;1050
26;2025-11-05;8;2145
26;2025-11-05;9;1484
26;2025-11-05;10;1241
26;2025-11-05;11;1147
26;2025-11-05;12;1180
26;2025-11-05;13;1213
26;2025-11-05;14;1259
26;2025-11-05;15;1372
26;2025-11-05;16;1539
26;2025-11-05;17;1708
26;2025-11-05;18;1848
26;2025-11-05;19;1291
26;2025-11-05;20;782
26;2025-11-05;21;485
26;2025-11-05;22;242
26;2025-11-05;23;138
26;2025-11-06;0;35
26;2025-11-06;1;3
26;2025-11-06;2;0
26;2025-11-06;3;0
26;2025-11-06;4;3
26;2025-11-06;5;92
26;2025-11-06;6;516
26;2025-11-06;7;1051
26;2025-11-06;8;2139
26;2025-11-06;9;1485
26;2025-11-06;10;1243
26;2025-11-06;11;1153
26;2025-11-06;12;1181
26;2025-11-06;13;1214
26;2025-11-06;14;1260
26;2025-11-06;15;1374
26;2025-11-06;16;1540
26;2025-11-06;17;1718
26;2025-11-06;18;1854
26;2025-11-06;19;1297
26;2025-11-06;20;784
26;2025-11-06;21;487
26;2025-11-06;22;244
26;2025-11-06;23;140
26;2025-11-07;0;35
26;2025-11-07;1;0
26;2025-11-07;2;0
26;2025-11-07;3;0
26;2025-11-07;4;2
26;2025-11-07;5;92
26;2025-11-07;6;506
26;2025-11-07;7;1040
26;2025-11-07;8;2077
26;2025-11-07;9;1421
26;2025-11-07;10;1215
26;2025-11-07;11;1138
26;2025-11-07;12;1166
26;2025-11-07;13;1206
26;2025-11-07;14;1257
26;2025-11-07;15;1368
26;2025-11-07;16;1537
26;2025-11-07;17;1707
26;2025-11-07;18;1753
26;2025-11-07;19;1212
26;2025-11-07;20;751
26;2025-11-07;21;475
26;2025-11-07;22;246
26;2025-11-07;23;155
26;2025-11-08;0;52
26;2025-11-08;1;2
26;2025-11-08;2;0
26;2025-11-08;3;0
26;2025-11-08;4;4
26;2025-11-08;5;49
26;2025-11-08;6;250
26;2025-11-08;7;361
26;2025-11-08;8;600
26;2025-11-08;9;641
26;2025-11-08;10;744
26;2025-11-08;11;930
26;2025-11-08;12;954
26;2025-11-08;13;1005
26;2025-11-08;14;1038
26;2025-11-08;15;935
26;2025-11-08;16;908
26;2025-11-08;17;934
26;2025-11-08;18;876
26;2025-11-08;19;732
26;2025-11-08;20;537
26;2025-11-08;21;383
26;2025-11-08;22;223
26;2025-11-08;23;153
26;2025-11-09;0;49
26;2025-11-09;1;5
26;2025-11-09;2;0
26;2025-11-09;3;0
26;2025-11-09;4;1
26;2025-11-09;5;28
26;2025-11-09;6;166
26;2025-11-09;7;254
26;2025-11-09;8;423
26;2025-11-09;9;528
26;2025-11-09;10;634
26;2025-11-09;11;842
26;2025-11-09;12;884
26;2025-11-09;13;916
26;2025-11-09;14;957
26;2025-11-09;15;857
26;2025-11-09;16;844
26;2025-11-09;17;847
26;2025-11-09;18;764
26;2025-11-09;19;596
26;2025-11-09;20;433
26;2025-11-09;21;311
26;2025-11-09;22;196
26;2025-11-09;23;110
26;2025-11-10;0;33
26;2025-11-10;1;2
26;2025-11-10;2;0
26;2025-11-10;3;0
26;2025-11-10;4;3
26;2025-11-10;5;79
26;2025-11-10;6;491
26;2025-11-10;7;1039
26;2025-11-10;8;2119
26;2025-11-10;9;1451
26;2025-11-10;10;1199
26;2025-11-10;11;1124
26;2025-11-10;12;1154
26;2025-11-10;13;1190
26;2025-11-10;14;1236
26;2025-11-10;15;1356
26;2025-11-10;16;1527
26;2025-11-10;17;1686
26;2025-11-10;18;1816
26;2025-11-10;19;1254
26;2025-11-10;20;751
26;2025-11-10;21;452
26;2025-11-10;22;221
26;2025-11-10;23;110
26;2025-11-11;0;32
26;2025-11-11;1;1
26;2025-11-11;2;0
26;2025-11-11;3;0
26;2025-11-11;4;3
26;2025-11-11;5;89
26;2025-11-11;6;512
26;2025-11-11;7;1051
26;2025-11-11;8;2149
26;2025-11-11;9;1484
26;2025-11-11;10;1242
26;2025-11-11;11;1147
26;2025-11-11;12;1180
26;2025-11-11;13;1212
26;2025-11-11;14;1255
26;2025-11-11;15;1374
26;2025-11-11;16;1538
26;2025-11-11;17;1715
26;2025-11-11;18;1848
26;2025-11-11;19;1293
26;2025-11-11;20;784
26;2025-11-11;21;481
26;2025-11-11;22;236
26;2025-11-11;23;133
26;2025-11-12;0;32
26;2025-11-12;1;2
26;2025-11-12;2;0
26;2025-11-12;3;0
26;2025-11-12;4;3
26;2025-11-12;5;89
26;2025-11-12;6;514
26;2025-11-12;7;1050
26;2025-11-12;8;2145
26;2025-11-12;9;1484
26;2025-11-12;10;1241
26;2025-11-12;11;1147
26;2025-11-12;12;1180
26;2025-11-12;13;1213
26;2025-11-12;14;1259
26;2025-11-12;15;1372
26;2025-11-12;16;1539
26;2025-11-12;17;1708
26;2025-11-12;18;1848
26;2025-11-12;19;1291
26;2025-11-12;20;782
26;2025-11-12;21;485
26;2025-11-12;22;242
26;2025-11-12;23;138
26;2025-11-13;0;35
26;2025-11-13;1;3
26;2025-11-13;2;0
26;2025-11-13;3;0
26;2025-11-13;4;3
26;2025-11-13;5;92
26;2025-11-13;6;516
26;2025-11-13;7;1051
26;2025-11-13;8;2139
26;2025-11-13;9;1485
26;2025-11-13;10;1243
26;2025-11-13;11;1153
26;2025-11-13;12;1181
26;2025-11-13;13;1214
26;2025-11-13;14;1260
26;2025-11-13;15;1374
26;2025-11-13;16;1540
26;2025-11-13;17;1718
26;2025-11-13;18;1854
26;2025-11-13;19;1297
26;2025-11-13;20;784
26;2025-11-13;21;487
26;2025-11-13;22;244
26;2025-11-13;23;140
26;2025-11-14;0;35
26;2025-11-14;1;0
26;2025-11-14;2;0
26;2025-11-14;3;0
26;2025-11-14;4;2
26;2025-11-14;5;92
26;2025-11-14;6;506
26;2025-11-14;7;1040
26;2025-11-14;8;2077
26;2025-11-14;9;1421
26;2025-11-14;10;1215
26;2025-11-14;11;1138
26;2025-11-14;12;1166
26;2025-11-14;13;1206
26;2025-11-14;14;1257
26;2025-11-14;15;1368
26;2025-11-14;16;1537
26;2025-11-14;17;1707
26;2025-11-14;18;1753
26;2025-11-14;19;1212
26;2025-11-14;20;751
26;2025-11-14;21;475
26;2025-11-14;22;246
26;2025-11-14;23;155
26;2025-11-15;0;52
26;2025-11-15;1;2
26;2025-11-15;2;0
26;2025-11-15;3;0
26;2025-11-15;4;4
26;2025-11-15;5;49
26;2025-11-15;6;250
26;2025-11-15;7;361
26;2025-11-15;8;600
26;2025-11-15;9;641
26;2025-11-15;10;744
26;2025-11-15;11;930
26;2025-11-15;12;954
26;2025-11-15;13;1005
26;2025-11-15;14;1038
26;2025-11-15;15;935
26;2025-11-15;16;908
26;2025-11-15;17;934
26;2025-11-15;18;876
26;2025-11-15;19;732
26;2025-11-15;20;537
26;2025-11-15;21;383
26;2025-11-15;22;223
26;2025-11-15;23;153
26;2025-11-16;0;49
26;2025-11-16;1;5
26;2025-11-16;2;0
26;2025-11-16;3;0
26;2025-11-16;4;1
26;2025-11-16;5;28
26;2025-11-16;6;166
26;2025-11-16;7;254
26;2025-11-16;8;423
26;2025-11-16;9;528
26;2025-11-16;10;634
26;2025-11-16;11;842
26;2025-11-16;12;884
26;2025-11-16;13;916
26;2025-11-16;14;957
26;2025-11-16;15;857
26;2025-11-16;16;844
26;2025-11-16;17;847
26;2025-11-16;18;764
26;2025-11-16;19;596
26;2025-11-16;20;433
26;2025-11-16;21;311
26;2025-11-16;22;196
26;2025-11-16;23;110
26;2025-11-17;0;33
26;2025-11-17;1;2
26;2025-11-17;2;0
26;2025-11-17;3;0
26;2025-11-17;4;3
26;2025-11-17;5;79
26;2025-11-17;6;491
26;2025-11-17;7;1039
26;2025-11-17;8;2119
26;2025-11-17;9;1451
26;2025-11-17;10;1199
26;2025-11-17;11;1124
26;2025-11-17;12;1154
26;2025-11-17;13;1190
26;2025-11-17;14;1236
26;2025-11-17;15;1356
26;2025-11-17;16;1527
26;2025-11-17;17;1686
26;2025-11-17;18;1816
26;2025-11-17;19;1254
26;2025-11-17;20;751
26;2025-11-17;21;452
26;2025-11-17;22;221
26;2025-11-17;23;110
26;2025-11-18;0;32
26;2025-11-18;1;1
26;2025-11-18;2;0
26;2025-11-18;3;0
26;2025-11-18;4;3
26;2025-11-18;5;89
26;2025-11-18;6;512
26;2025-11-18;7;1051
26;2025-11-18;8;2149
26;2025-11-18;9;1484
26;2025-11-18;10;1242
26;2025-11-18;11;1147
26;2025-11-18;12;1180
26;2025-11-18;13;1212
26;2025-11-18;14;1255
26;2025-11-18;15;1374
26;2025-11-18;16;1538
26;2025-11-18;17;1715
26;2025-11-18;18;1848
26;2025-11-18;19;1293
26;2025-11-18;20;784
26;2025-11-18;21;481
26;2025-11-18;22;236
26;2025-11-18;23;133
26;2025-11-19;0;32
26;2025-11-19;1;2
26;2025-11-19;2;0
26;2025-11-19;3;0
26;2025-11-19;4;3
26;2025-11-19;5;89
26;2025-11-19;6;514
26;2025-11-19;7;1050
26;2025-11-19;8;2145
26;2025-11-19;9;1484
26;2025-11-19;10;1241
26;2025-11-19;11;1147
26;2025-11-19;12;1180
26;2025-11-19;13;1213
26;2025-11-19;14;1259
26;2025-11-19;15;1372
26;2025-11-19;16;1539
26;2025-11-19;17;1708
26;2025-11-19;18;1848
26;2025-11-19;19;1291
26;2025-11-19;20;782
26;2025-11-19;21;485
26;2025-11-19;22;242
26;2025-11-19;23;138
26;2025-11-20;0;35
26;2025-11-20;1;3
26;2025-11-20;2;0
26;2025-11-20;3;0
26;2025-11-20;4;3
26;2025-11-20;5;92
26;2025-11-20;6;516
26;2025-11-20;7;1051
26;2025-11-20;8;2139
26;2025-11-20;9;1485
26;2025-11-20;10;1243
26;2025-11-20;11;1153
26;2025-11-20;12;1181
26;2025-11-20;13;1214
26;2025-11-20;14;1260
26;2025-11-20;15;1374
26;2025-11-20;16;1540
26;2025-11-20;17;1718
26;2025-11-20;18;1854
26;2025-11-20;19;1297
26;2025-11-20;20;784
26;2025-11-20;21;487
26;2025-11-20;22;244
26;2025-11-20;23;140
26;2025-11-21;0;35
26;2025-11-21;1;0
26;2025-11-21;2;0
26;2025-11-21;3;0
26;2025-11-21;4;2
26;2025-11-21;5;92
26;2025-11-21;6;506
26;2025-11-21;7;1040
26;2025-11-21;8;2077
26;2025-11-21;9;1421
26;2025-11-21;10;1215
26;2025-11-21;11;1138
26;2025-11-21;12;1166
26;2025-11-21;13;1206
26;2025-11-21;14;1257
26;2025-11-21;15;1368
26;2025-11-21;16;1537
26;2025-11-21;17;1707
26;2025-11-21;18;1753
26;2025-11-21;19;1212
26;2025-11-21;20;751
26;2025-11-21;21;475
26;2025-11-21;22;246
26;2025-11-21;23;155
26;2025-11-22;0;52
26;2025-11-22;1;2
26;2025-11-22;2;0
26;2025-11-22;3;0
26;2025-11-22;4;4
26;2025-11-22;5;49
26;2025-11-22;6;250
26;2025-11-22;7;361
26;2025-11-22;8;600
26;2025-11-22;9;641
26;2025-11-22;10;744
26;2025-11-22;11;930
26;2025-11-22;12;954
26;2025-11-22;13;1005
26;2025-11-22;14;1038
26;2025-11-22;15;935
26;2025-11-22;16;908
26;2025-11-22;17;934
26;2025-11-22;18;876
26;2025-11-22;19;732
26;2025-11-22;20;537
26;2025-11-22;21;383
26;2025-11-22;22;223
26;2025-11-22;23;153
26;2025-11-23;0;49
26;2025-11-23;1;5
26;2025-11-23;2;0
26;2025-11-23;3;0
26;2025-11-23;4;1
26;2025-11-23;5;28
26;2025-11-23;6;166
26;2025-11-23;7;254
26;2025-11-23;8;423
26;2025-11-23;9;528
26;2025-11-23;10;634
26;2025-11-23;11;842
26;2025-11-23;12;884
26;2025-11-23;13;916
26;2025-11-23;14;957
26;2025-11-23;15;857
26;2025-11-23;16;844
26;2025-11-23;17;847
26;2025-11-23;18;764
26;2025-11-23;19;596
26;2025-11-23;20;433
26;2025-11-23;21;311
26;2025-11-23;22;196
26;2025-11-23;23;110
26;2025-11-24;0;33
26;2025-11-24;1;2
26;2025-11-24;2;0
26;2025-11-24;3;0
26;2025-11-24;4;3
26;2025-11-24;5;79
26;2025-11-24;6;491
26;2025-11-24;7;1039
26;2025-11-24;8;2119
26;2025-11-24;9;1451
26;2025-11-24;10;1199
26;2025-11-24;11;1124
26;2025-11-24;12;1154
26;2025-11-24;13;1190
26;2025-11-24;14;1236
26;2025-11-24;15;1356
26;2025-11-24;16;1527
26;2025-11-24;17;1686
26;2025-11-24;18;1816
26;2025-11-24;19;1254
26;2025-11-24;20;751
26;2025-11-24;21;452
26;2025-11-24;22;221
26;2025-11-24;23;110
26;2025-11-25;0;32
26;2025-11-25;1;1
26;2025-11-25;2;0
26;2025-11-25;3;0
26;2025-11-25;4;3
26;2025-11-25;5;89
26;2025-11-25;6;512
26;2025-11-25;7;1051
26;2025-11-25;8;2149
26;2025-11-25;9;1484
26;2025-11-25;10;1242
26;2025-11-25;11;1147
26;2025-11-25;12;1180
26;2025-11-25;13;1212
26;2025-11-25;14;1255
26;2025-11-25;15;1374
26;2025-11-25;16;1538
26;2025-11-25;17;1715
26;2025-11-25;18;1848
26;2025-11-25;19;1293
26;2025-11-25;20;784
26;2025-11-25;21;481
26;2025-11-25;22;236
26;2025-11-25;23;133
26;2025-11-26;0;32
26;2025-11-26;1;2
26;2025-11-26;2;0
26;2025-11-26;3;0
26;2025-11-26;4;3
26;2025-11-26;5;89
26;2025-11-26;6;514
26;2025-11-26;7;1050
26;2025-11-26;8;2145
26;2025-11-26;9;1484
26;2025-11-26;10;1241
26;2025-11-26;11;1147
26;2025-11-26;12;1180
26;2025-11-26;13;1213
26;2025-11-26;14;1259
26;2025-11-26;15;1372
26;2025-11-26;16;1539
26;2025-11-26;17;1708
26;2025-11-26;18;1848
26;2025-11-26;19;1291
26;2025-11-26;20;782
26;2025-11-26;21;485
26;2025-11-26;22;242
26;2025-11-26;23;138
26;2025-11-27;0;35
26;2025-11-27;1;3
26;2025-11-27;2;0
26;2025-11-27;3;0
26;2025-11-27;4;3
26;2025-11-27;5;92
26;2025-11-27;6;516
26;2025-11-27;7;1051
26;2025-11-27;8;2139
26;2025-11-27;9;1485
26;2025-11-27;10;1243
26;2025-11-27;11;1153
26;2025-11-27;12;1181
26;2025-11-27;13;1214
26;2025-11-27;14;1260
26;2025-11-27;15;1374
26;2025-11-27;16;1540
26;2025-11-27;17;1718
26;2025-11-27;18;1854
26;2025-11-27;19;1297
26;2025-11-27;20;784
26;2025-11-27;21;487
26;2025-11-27;22;244
26;2025-11-27;23;140
26;2025-11-28;0;35
26;2025-11-28;1;0
26;2025-11-28;2;0
26;2025-11-28;3;0
26;2025-11-28;4;2
26;2025-11-28;5;92
26;2025-11-28;6;506
26;2025-11-28;7;1040
26;2025-11-28;8;2077
26;2025-11-28;9;1421
26;2025-11-28;10;1215
26;2025-11-28;11;1138
26;2025-11-28;12;1166
26;2025-11-28;13;1206
26;2025-11-28;14;1257
26;2025-11-28;15;1368
26;2025-11-28;16;1537
26;2025-11-28;17;1707
26;2025-11-28;18;1753
26;2025-11-28;19;1212
26;2025-11-28;20;751
26;2025-11-28;21;475
26;2025-11-28;22;246
26;2025-11-28;23;155
26;2025-11-29;0;52
26;2025-11-29;1;2
26;2025-11-29;2;0
26;2025-11-29;3;0
26;2025-11-29;4;4
26;2025-11-29;5;49
26;2025-11-29;6;250
26;2025-11-29;7;361
26;2025-11-29;8;600
26;2025-11-29;9;641
26;2025-11-29;10;744
26;2025-11-29;11;930
26;2025-11-29;12;954
26;2025-11-29;13;1005
26;2025-11-29;14;1038
26;2025-11-29;15;935
26;2025-11-29;16;908
26;2025-11-29;17;934
26;2025-11-29;18;876
26;2025-11-29;19;732
26;2025-11-29;20;537
26;2025-11-29;21;383
26;2025-11-29;22;223
26;2025-11-29;23;153
26;2025-11-30;0;49
26;2025-11-30;1;5
26;2025-11-30;2;0
26;2025-11-30;3;0
26;2025-11-30;4;1
26;2025-11-30;5;28
26;2025-11-30;6;166
26;2025-11-30;7;254
26;2025-11-30;8;423
26;2025-11-30;9;528
26;2025-11-30;10;634
26;2025-11-30;11;842
26;2025-11-30;12;884
26;2025-11-30;13;916
26;2025-11-30;14;957
26;2025-11-30;15;857
26;2025-11-30;16;844
26;2025-11-30;17;847
26;2025-11-30;18;764
26;2025-11-30;19;596
26;2025-11-30;20;433
26;2025-11-30;21;311
26;2025-11-30;22;196
26;2025-11-30;23;110
26;2025-12-01;0;26
26;2025-12-01;1;2
26;2025-12-01;2;0
26;2025-12-01;3;0
26;2025-12-01;4;2
26;2025-12-01;5;74
26;2025-12-01;6;487
26;2025-12-01;7;995
26;2025-12-01;8;2038
26;2025-12-01;9;1406
26;2025-12-01;10;1134
26;2025-12-01;11;1060
26;2025-12-01;12;1091
26;2025-12-01;13;1144
26;2025-12-01;14;1178
26;2025-12-01;15;1288
26;2025-12-01;16;1486
26;2025-12-01;17;1625
26;2025-12-01;18;1771
26;2025-12-01;19;1233
26;2025-12-01;20;718
26;2025-12-01;21;406
26;2025-12-01;22;213
26;2025-12-01;23;91
26;2025-12-02;0;26
26;2025-12-02;1;1
26;2025-12-02;2;0
26;2025-12-02;3;0
26;2025-12-02;4;2
26;2025-12-02;5;83
26;2025-12-02;6;506
26;2025-12-02;7;1007
26;2025-12-02;8;2061
26;2025-12-02;9;1439
26;2025-12-02;10;1177
26;2025-12-02;11;1083
26;2025-12-02;12;1118
26;2025-12-02;13;1167
26;2025-12-02;14;1197
26;2025-12-02;15;1306
26;2025-12-02;16;1497
26;2025-12-02;17;1654
26;2025-12-02;18;1803
26;2025-12-02;19;1272
26;2025-12-02;20;750
26;2025-12-02;21;430
26;2025-12-02;22;227
26;2025-12-02;23;110
26;2025-12-03;0;26
26;2025-12-03;1;1
26;2025-12-03;2;0
26;2025-12-03;3;0
26;2025-12-03;4;1
26;2025-12-03;5;84
26;2025-12-03;6;508
26;2025-12-03;7;1006
26;2025-12-03;8;2057
26;2025-12-03;9;1439
26;2025-12-03;10;1177
26;2025-12-03;11;1083
26;2025-12-03;12;1118
26;2025-12-03;13;1167
26;2025-12-03;14;1201
26;2025-12-03;15;1304
26;2025-12-03;16;1497
26;2025-12-03;17;1646
26;2025-12-03;18;1804
26;2025-12-03;19;1271
26;2025-12-03;20;748
26;2025-12-03;21;432
26;2025-12-03;22;233
26;2025-12-03;23;114
26;2025-12-04;0;28
26;2025-12-04;1;2
26;2025-12-04;2;0
26;2025-12-04;3;0
26;2025-12-04;4;2
26;2025-12-04;5;86
26;2025-12-04;6;509
26;2025-12-04;7;1007
26;2025-12-04;8;2052
26;2025-12-04;9;1441
26;2025-12-04;10;1179
26;2025-12-04;11;1089
26;2025-12-04;12;1119
26;2025-12-04;13;1169
26;2025-12-04;14;1202
26;2025-12-04;15;1306
26;2025-12-04;16;1498
26;2025-12-04;17;1656
26;2025-12-04;18;1809
26;2025-12-04;19;1276
26;2025-12-04;20;750
26;2025-12-04;21;434
26;2025-12-04;22;235
26;2025-12-04;23;119
26;2025-12-05;0;28
26;2025-12-05;1;0
26;2025-12-05;2;0
26;2025-12-05;3;0
26;2025-12-05;4;1
26;2025-12-05;5;86
26;2025-12-05;6;499
26;2025-12-05;7;996
26;2025-12-05;8;1996
26;2025-12-05;9;1376
26;2025-12-05;10;1150
26;2025-12-05;11;1074
26;2025-12-05;12;1103
26;2025-12-05;13;1160
26;2025-12-05;14;1199
26;2025-12-05;15;1300
26;2025-12-05;16;1496
26;2025-12-05;17;1646
26;2025-12-05;18;1709
26;2025-12-05;19;1192
26;2025-12-05;20;717
26;2025-12-05;21;424
26;2025-12-05;22;237
26;2025-12-05;23;141
26;2025-12-06;0;44
26;2025-12-06;1;2
26;2025-12-06;2;0
26;2025-12-06;3;0
26;2025-12-06;4;3
26;2025-12-06;5;46
26;2025-12-06;6;244
26;2025-12-06;7;350
26;2025-12-06;8;535
26;2025-12-06;9;601
26;2025-12-06;10;690
26;2025-12-06;11;862
26;2025-12-06;12;895
26;2025-12-06;13;949
26;2025-12-06;14;953
26;2025-12-06;15;870
26;2025-12-06;16;867
26;2025-12-06;17;869
26;2025-12-06;18;843
26;2025-12-06;19;716
26;2025-12-06;20;487
26;2025-12-06;21;331
26;2025-12-06;22;214
26;2025-12-06;23;143
26;2025-12-07;0;40
26;2025-12-07;1;4
26;2025-12-07;2;0
26;2025-12-07;3;0
26;2025-12-07;4;0
26;2025-12-07;5;25
26;2025-12-07;6;158
26;2025-12-07;7;248
26;2025-12-07;8;374
26;2025-12-07;9;487
26;2025-12-07;10;579
26;2025-12-07;11;774
26;2025-12-07;12;825
26;2025-12-07;13;860
26;2025-12-07;14;872
26;2025-12-07;15;791
26;2025-12-07;16;802
26;2025-12-07;17;783
26;2025-12-07;18;731
26;2025-12-07;19;581
26;2025-12-07;20;388
26;2025-12-07;21;269
26;2025-12-07;22;183
26;2025-12-07;23;95
26;2025-12-08;0;26
26;2025-12-08;1;2
26;2025-12-08;2;0
26;2025-12-08;3;0
26;2025-12-08;4;2
26;2025-12-08;5;74
26;2025-12-08;6;487
26;2025-12-08;7;995
26;2025-12-08;8;2038
26;2025-12-08;9;1406
26;2025-12-08;10;1134
26;2025-12-08;11;1060
26;2025-12-08;12;1091
26;2025-12-08;13;1144
26;2025-12-08;14;1178
26;2025-12-08;15;1288
26;2025-12-08;16;1486
26;2025-12-08;17;1625
26;2025-12-08;18;1771
26;2025-12-08;19;1233
26;2025-12-08;20;718
26;2025-12-08;21;406
26;2025-12-08;22;213
26;2025-12-08;23;91
26;2025-12-09;0;26
26;2025-12-09;1;1
26;2025-12-09;2;0
26;2025-12-09;3;0
26;2025-12-09;4;2
26;2025-12-09;5;83
26;2025-12-09;6;506
26;2025-12-09;7;1007
26;2025-12-09;8;2061
26;2025-12-09;9;1439
26;2025-12-09;10;1177
26;2025-12-09;11;1083
26;2025-12-09;12;1118
26;2025-12-09;13;1167
26;2025-12-09;14;1197
26;2025-12-09;15;1306
26;2025-12-09;16;1497
26;2025-12-09;17;1654
26;2025-12-09;18;1803
26;2025-12-09;19;1272
26;2025-12-09;20;750
26;2025-12-09;21;430
26;2025-12-09;22;227
26;2025-12-09;23;110
26;2025-12-10;0;26
26;2025-12-10;1;1
26;2025-12-10;2;0
26;2025-12-10;3;0
26;2025-12-10;4;1
26;2025-12-10;5;84
26;2025-12-10;6;508
26;2025-12-10;7;1006
26;2025-12-10;8;2057
26;2025-12-10;9;1439
26;2025-12-10;10;1177
26;2025-12-10;11;1083
26;2025-12-10;12;1118
26;2025-12-10;13;1167
26;2025-12-10;14;1201
26;2025-12-10;15;1304
26;2025-12-10;16;1497
26;2025-12-10;17;1646
26;2025-12-10;18;1804
26;2025-12-10;19;1271
26;2025-12-10;20;748
26;2025-12-10;21;432
26;2025-12-10;22;233
26;2025-12-10;23;114
26;2025-12-11;0;28
26;2025-12-11;1;2
26;2025-12-11;2;0
26;2025-12-11;3;0
26;2025-12-11;4;2
26;2025-12-11;5;86
26;2025-12-11;6;509
26;2025-12-11;7;1007
26;2025-12-11;8;2052
26;2025-12-11;9;1441
26;2025-12-11;10;1179
26;2025-12-11;11;1089
26;2025-12-11;12;1119
26;2025-12-11;13;1169
26;2025-12-11;14;1202
26;2025-12-11;15;1306
26;2025-12-11;16;1498
26;2025-12-11;17;1656
26;2025-12-11;18;1809
26;2025-12-11;19;1276
26;2025-12-11;20;750
26;2025-12-11;21;434
26;2025-12-11;22;235
26;2025-12-11;23;119
26;2025-12-12;0;28
26;2025-12-12;1;0
26;2025-12-12;2;0
26;2025-12-12;3;0
26;2025-12-12;4;1
26;2025-12-12;5;86
26;2025-12-12;6;499
26;2025-12-12;7;996
26;2025-12-12;8;1996
26;2025-12-12;9;1376
26;2025-12-12;10;1150
26;2025-12-12;11;1074
26;2025-12-12;12;1103
26;2025-12-12;13;1160
26;2025-12-12;14;1199
26;2025-12-12;15;1300
26;2025-12-12;16;1496
26;2025-12-12;17;1646
26;2025-12-12;18;1709
26;2025-12-12;19;1192
26;2025-12-12;20;717
26;2025-12-12;21;424
26;2025-12-12;22;237
26;2025-12-12;23;141
26;2025-12-13;0;44
26;2025-12-13;1;2
26;2025-12-13;2;0
26;2025-12-13;3;0
26;2025-12-13;4;3
26;2025-12-13;5;46
26;2025-12-13;6;244
26;2025-12-13;7;350
26;2025-12-13;8;535
26;2025-12-13;9;601
26;2025-12-13;10;690
26;2025-12-13;11;862
26;2025-12-13;12;895
26;2025-12-13;13;949
26;2025-12-13;14;953
26;2025-12-13;15;870
26;2025-12-13;16;867
26;2025-12-13;17;869
26;2025-12-13;18;843
26;2025-12-13;19;716
26;2025-12-13;20;487
26;2025-12-13;21;331
26;2025-12-13;22;214
26;2025-12-13;23;143
26;2025-12-14;0;40
26;2025-12-14;1;4
26;2025-12-14;2;0
26;2025-12-14;3;0
26;2025-12-14;4;0
26;2025-12-14;5;25
26;2025-12-14;6;158
26;2025-12-14;7;248
26;2025-12-14;8;374
26;2025-12-14;9;487
26;2025-12-14;10;579
26;2025-12-14;11;774
26;2025-12-14;12;825
26;2025-12-14;13;860
26;2025-12-14;14;872
26;2025-12-14;15;791
26;2025-12-14;16;802
26;2025-12-14;17;783
26;2025-12-14;18;731
26;2025-12-14;19;581
26;2025-12-14;20;388
26;2025-12-14;21;269
26;2025-12-14;22;183
26;2025-12-14;23;95
26;2025-12-15;0;26
26;2025-12-15;1;2
26;2025-12-15;2;0
26;2025-12-15;3;0
26;2025-12-15;4;2
26;2025-12-15;5;74
26;2025-12-15;6;487
26;2025-12-15;7;995
26;2025-12-15;8;2038
26;2025-12-15;9;1406
26;2025-12-15;10;1134
26;2025-12-15;11;1060
26;2025-12-15;12;1091
26;2025-12-15;13;1144
26;2025-12-15;14;1178
26;2025-12-15;15;1288
26;2025-12-15;16;1486
26;2025-12-15;17;1625
26;2025-12-15;18;1771
26;2025-12-15;19;1233
26;2025-12-15;20;718
26;2025-12-15;21;406
26;2025-12-15;22;213
26;2025-12-15;23;91
26;2025-12-16;0;26
26;2025-12-16;1;1
26;2025-12-16;2;0
26;2025-12-16;3;0
26;2025-12-16;4;2
26;2025-12-16;5;83
26;2025-12-16;6;506
26;2025-12-16;7;1007
26;2025-12-16;8;2061
26;2025-12-16;9;1439
26;2025-12-16;10;1177
26;2025-12-16;11;1083
26;2025-12-16;12;1118
26;2025-12-16;13;1167
26;2025-12-16;14;1197
26;2025-12-16;15;1306
26;2025-12-16;16;1497
26;2025-12-16;17;1654
26;2025-12-16;18;1803
26;2025-12-16;19;1272
26;2025-12-16;20;750
26;2025-12-16;21;430
26;2025-12-16;22;227
26;2025-12-16;23;110
26;2025-12-17;0;26
26;2025-12-17;1;1
26;2025-12-17;2;0
26;2025-12-17;3;0
26;2025-12-17;4;1
26;2025-12-17;5;84
26;2025-12-17;6;508
26;2025-12-17;7;1006
26;2025-12-17;8;2057
26;2025-12-17;9;1439
26;2025-12-17;10;1177
26;2025-12-17;11;1083
26;2025-12-17;12;1118
26;2025-12-17;13;1167
26;2025-12-17;14;1201
26;2025-12-17;15;1304
26;2025-12-17;16;1497
26;2025-12-17;17;1646
26;2025-12-17;18;1804
26;2025-12-17;19;1271
26;2025-12-17;20;748
26;2025-12-17;21;432
26;2025-12-17;22;233
26;2025-12-17;23;114
26;2025-12-18;0;28
26;2025-12-18;1;2
26;2025-12-18;2;0
26;2025-12-18;3;0
26;2025-12-18;4;2
26;2025-12-18;5;86
26;2025-12-18;6;509
26;2025-12-18;7;1007
26;2025-12-18;8;2052
26;2025-12-18;9;1441
26;2025-12-18;10;1179
26;2025-12-18;11;1089
26;2025-12-18;12;1119
26;2025-12-18;13;1169
26;2025-12-18;14;1202
26;2025-12-18;15;1306
26;2025-12-18;16;1498
26;2025-12-18;17;1656
26;2025-12-18;18;1809
26;2025-12-18;19;1276
26;2025-12-18;20;750
26;2025-12-18;21;434
26;2025-12-18;22;235
26;2025-12-18;23;119
26;2025-12-19;0;28
26;2025-12-19;1;0
26;2025-12-19;2;0
26;2025-12-19;3;0
26;2025-12-19;4;1
26;2025-12-19;5;86
26;2025-12-19;6;499
26;2025-12-19;7;996
26;2025-12-19;8;1996
26;2025-12-19;9;1376
26;2025-12-19;10;1150
26;2025-12-19;11;1074
26;2025-12-19;12;1103
26;2025-12-19;13;1160
26;2025-12-19;14;1199
26;2025-12-19;15;1300
26;2025-12-19;16;1496
26;2025-12-19;17;1646
26;2025-12-19;18;1709
26;2025-12-19;19;1192
26;2025-12-19;20;717
26;2025-12-19;21;424
26;2025-12-19;22;237
26;2025-12-19;23;141
26;2025-12-20;0;44
26;2025-12-20;1;2
26;2025-12-20;2;0
26;2025-12-20;3;0
26;2025-12-20;4;3
26;2025-12-20;5;46
26;2025-12-20;6;244
26;2025-12-20;7;350
26;2025-12-20;8;535
26;2025-12-20;9;601
26;2025-12-20;10;690
26;2025-12-20;11;862
26;2025-12-20;12;895
26;2025-12-20;13;949
26;2025-12-20;14;953
26;2025-12-20;15;870
26;2025-12-20;16;867
26;2025-12-20;17;869
26;2025-12-20;18;843
26;2025-12-20;19;716
26;2025-12-20;20;487
26;2025-12-20;21;331
26;2025-12-20;22;214
26;2025-12-20;23;143
26;2025-12-21;0;40
26;2025-12-21;1;4
26;2025-12-21;2;0
26;2025-12-21;3;0
26;2025-12-21;4;0
26;2025-12-21;5;25
26;2025-12-21;6;158
26;2025-12-21;7;248
26;2025-12-21;8;374
26;2025-12-21;9;487
26;2025-12-21;10;579
26;2025-12-21;11;774
26;2025-12-21;12;825
26;2025-12-21;13;860
26;2025-12-21;14;872
26;2025-12-21;15;791
26;2025-12-21;16;802
26;2025-12-21;17;783
26;2025-12-21;18;731
26;2025-12-21;19;581
26;2025-12-21;20;388
26;2025-12-21;21;269
26;2025-12-21;22;183
26;2025-12-21;23;95
26;2025-12-22;0;26
26;2025-12-22;1;2
26;2025-12-22;2;0
26;2025-12-22;3;0
26;2025-12-22;4;2
26;2025-12-22;5;74
26;2025-12-22;6;487
26;2025-12-22;7;995
26;2025-12-22;8;2038
26;2025-12-22;9;1406
26;2025-12-22;10;1134
26;2025-12-22;11;1060
26;2025-12-22;12;1091
26;2025-12-22;13;1144
26;2025-12-22;14;1178
26;2025-12-22;15;1288
26;2025-12-22;16;1486
26;2025-12-22;17;1625
26;2025-12-22;18;1771
26;2025-12-22;19;1233
26;2025-12-22;20;718
26;2025-12-22;21;406
26;2025-12-22;22;213
26;2025-12-22;23;91
26;2025-12-23;0;26
26;2025-12-23;1;1
26;2025-12-23;2;0
26;2025-12-23;3;0
26;2025-12-23;4;2
26;2025-12-23;5;83
26;2025-12-23;6;506
26;2025-12-23;7;1007
26;2025-12-23;8;2061
26;2025-12-23;9;1439
26;2025-12-23;10;1177
26;2025-12-23;11;1083
26;2025-12-23;12;1118
26;2025-12-23;13;1167
26;2025-12-23;14;1197
26;2025-12-23;15;1306
26;2025-12-23;16;1497
26;2025-12-23;17;1654
26;2025-12-23;18;1803
26;2025-12-23;19;1272
26;2025-12-23;20;750
26;2025-12-23;21;430
26;2025-12-23;22;227
26;2025-12-23;23;110
26;2025-12-24;0;26
26;2025-12-24;1;1
26;2025-12-24;2;0
26;2025-12-24;3;0
26;2025-12-24;4;1
26;2025-12-24;5;84
26;2025-12-24;6;508
26;2025-12-24;7;1006
26;2025-12-24;8;2057
26;2025-12-24;9;1439
26;2025-12-24;10;1177
26;2025-12-24;11;1083
26;2025-12-24;12;1118
26;2025-12-24;13;1167
26;2025-12-24;14;1201
26;2025-12-24;15;1304
26;2025-12-24;16;1497
26;2025-12-24;17;1646
26;2025-12-24;18;1804
26;2025-12-24;19;1271
26;2025-12-24;20;748
26;2025-12-24;21;432
26;2025-12-24;22;233
26;2025-12-24;23;114
26;2025-12-25;0;28
26;2025-12-25;1;2
26;2025-12-25;2;0
26;2025-12-25;3;0
26;2025-12-25;4;2
26;2025-12-25;5;86
26;2025-12-25;6;509
26;2025-12-25;7;1007
26;2025-12-25;8;2052
26;2025-12-25;9;1441
26;2025-12-25;10;1179
26;2025-12-25;11;1089
26;2025-12-25;12;1119
26;2025-12-25;13;1169
26;2025-12-25;14;1202
26;2025-12-25;15;1306
26;2025-12-25;16;1498
26;2025-12-25;17;1656
26;2025-12-25;18;1809
26;2025-12-25;19;1276
26;2025-12-25;20;750
26;2025-12-25;21;434
26;2025-12-25;22;235
26;2025-12-25;23;119
26;2025-12-26;0;28
26;2025-12-26;1;0
26;2025-12-26;2;0
26;2025-12-26;3;0
26;2025-12-26;4;1
26;2025-12-26;5;86
26;2025-12-26;6;499
26;2025-12-26;7;996
26;2025-12-26;8;1996
26;2025-12-26;9;1376
26;2025-12-26;10;1150
26;2025-12-26;11;1074
26;2025-12-26;12;1103
26;2025-12-26;13;1160
26;2025-12-26;14;1199
26;2025-12-26;15;1300
26;2025-12-26;16;1496
26;2025-12-26;17;1646
26;2025-12-26;18;1709
26;2025-12-26;19;1192
26;2025-12-26;20;717
26;2025-12-26;21;424
26;2025-12-26;22;237
26;2025-12-26;23;141
26;2025-12-27;0;44
26;2025-12-27;1;2
26;2025-12-27;2;0
26;2025-12-27;3;0
26;2025-12-27;4;3
26;2025-12-27;5;46
26;2025-12-27;6;244
26;2025-12-27;7;350
26;2025-12-27;8;535
26;2025-12-27;9;601
26;2025-12-27;10;690
26;2025-12-27;11;862
26;2025-12-27;12;895
26;2025-12-27;13;949
26;2025-12-27;14;953
26;2025-12-27;15;870
26;2025-12-27;16;867
26;2025-12-27;17;869
26;2025-12-27;18;843
26;2025-12-27;19;716
26;2025-12-27;20;487
26;2025-12-27;21;331
26;2025-12-27;22;214
26;2025-12-27;23;143
26;2025-12-28;0;40
26;2025-12-28;1;4
26;2025-12-28;2;0
26;2025-12-28;3;0
26;2025-12-28;4;0
26;2025-12-28;5;25
26;2025-12-28;6;158
26;2025-12-28;7;248
26;2025-12-28;8;374
26;2025-12-28;9;487
26;2025-12-28;10;579
26;2025-12-28;11;774
26;2025-12-28;12;825
26;2025-12-28;13;860
26;2025-12-28;14;872
26;2025-12-28;15;791
26;2025-12-28;16;802
26;2025-12-28;17;783
26;2025-12-28;18;731
26;2025-12-28;19;581
26;2025-12-28;20;388
26;2025-12-28;21;269
26;2025-12-28;22;183
26;2025-12-28;23;95
26;2025-12-29;0;26
26;2025-12-29;1;2
26;2025-12-29;2;0
26;2025-12-29;3;0
26;2025-12-29;4;2
26;2025-12-29;5;74
26;2025-12-29;6;487
26;2025-12-29;7;995
26;2025-12-29;8;2038
26;2025-12-29;9;1406
26;2025-12-29;10;1134
26;2025-12-29;11;1060
26;2025-12-29;12;1091
26;2025-12-29;13;1144
26;2025-12-29;14;1178
26;2025-12-29;15;1288
26;2025-12-29;16;1486
26;2025-12-29;17;1625
26;2025-12-29;18;1771
26;2025-12-29;19;1233
26;2025-12-29;20;718
26;2025-12-29;21;406
26;2025-12-29;22;213
26;2025-12-29;23;91
26;2025-12-30;0;26
26;2025-12-30;1;1
26;2025-12-30;2;0
26;2025-12-30;3;0
26;2025-12-30;4;2
26;2025-12-30;5;83
26;2025-12-30;6;506
26;2025-12-30;7;1007
26;2025-12-30;8;2061
26;2025-12-30;9;1439
26;2025-12-30;10;1177
26;2025-12-30;11;1083
26;2025-12-30;12;1118
26;2025-12-30;13;1167
26;2025-12-30;14;1197
26;2025-12-30;15;1306
26;2025-12-30;16;1497
26;2025-12-30;17;1654
26;2025-12-30;18;1803
26;2025-12-30;19;1272
26;2025-12-30;20;750
26;2025-12-30;21;430
26;2025-12-30;22;227
26;2025-12-30;23;110
26;2025-12-31;0;17
26;2025-12-31;1;1
26;2025-12-31;2;0
26;2025-12-31;3;0
26;2025-12-31;4;0
26;2025-12-31;5;53
26;2025-12-31;6;242
26;2025-12-31;7;332
26;2025-12-31;8;777
26;2025-12-31;9;527
26;2025-12-31;10;544
26;2025-12-31;11;616
26;2025-12-31;12;742
26;2025-12-31;13;707
26;2025-12-31;14;750
26;2025-12-31;15;748
26;2025-12-31;16;797
26;2025-12-31;17;816
26;2025-12-31;18;882
26;2025-12-31;19;682
26;2025-12-31;20;429
26;2025-12-31;21;299
26;2025-12-31;22;191
26;2025-12-31;23;101
28;2025-11-01;0;1
28;2025-11-01;1;0
28;2025-11-01;2;0
28;2025-11-01;3;0
28;2025-11-01;4;8
28;2025-11-01;5;58
28;2025-11-01;6;115
28;2025-11-01;7;231
28;2025-11-01;8;826
28;2025-11-01;9;768
28;2025-11-01;10;662
28;2025-11-01;11;646
28;2025-11-01;12;776
28;2025-11-01;13;826
28;2025-11-01;14;755
28;2025-11-01;15;753
28;2025-11-01;16;818
28;2025-11-01;17;930
28;2025-11-01;18;872
28;2025-11-01;19;691
28;2025-11-01;20;460
28;2025-11-01;21;335
28;2025-11-01;22;183
28;2025-11-01;23;40
28;2025-11-02;0;0
28;2025-11-02;1;0
28;2025-11-02;2;0
28;2025-11-02;3;0
28;2025-11-02;4;1
28;2025-11-02;5;29
28;2025-11-02;6;78
28;2025-11-02;7;138
28;2025-11-02;8;254
28;2025-11-02;9;334
28;2025-11-02;10;378
28;2025-11-02;11;429
28;2025-11-02;12;497
28;2025-11-02;13;579
28;2025-11-02;14;553
28;2025-11-02;15;535
28;2025-11-02;16;511
28;2025-11-02;17;504
28;2025-11-02;18;432
28;2025-11-02;19;342
28;2025-11-02;20;287
28;2025-11-02;21;238
28;2025-11-02;22;113
28;2025-11-02;23;14
28;2025-11-03;0;0
28;2025-11-03;1;0
28;2025-11-03;2;0
28;2025-11-03;3;0
28;2025-11-03;4;0
28;2025-11-03;5;21
28;2025-11-03;6;130
28;2025-11-03;7;284
28;2025-11-03;8;477
28;2025-11-03;9;387
28;2025-11-03;10;320
28;2025-11-03;11;313
28;2025-11-03;12;422
28;2025-11-03;13;449
28;2025-11-03;14;481
28;2025-11-03;15;446
28;2025-11-03;16;479
28;2025-11-03;17;498
28;2025-11-03;18;407
28;2025-11-03;19;356
28;2025-11-03;20;360
28;2025-11-03;21;213
28;2025-11-03;22;99
28;2025-11-03;23;0
28;2025-11-04;0;2
28;2025-11-04;1;0
28;2025-11-04;2;0
28;2025-11-04;3;0
28;2025-11-04;4;0
28;2025-11-04;5;14
28;2025-11-04;6;96
28;2025-11-04;7;213
28;2025-11-04;8;341
28;2025-11-04;9;323
28;2025-11-04;10;271
28;2025-11-04;11;291
28;2025-11-04;12;409
28;2025-11-04;13;426
28;2025-11-04;14;452
28;2025-11-04;15;402
28;2025-11-04;16;416
28;2025-11-04;17;436
28;2025-11-04;18;343
28;2025-11-04;19;325
28;2025-11-04;20;311
28;2025-11-04;21;218
28;2025-11-04;22;102
28;2025-11-04;23;21
28;2025-11-05;0;0
28;2025-11-05;1;0
28;2025-11-05;2;0
28;2025-11-05;3;0
28;2025-11-05;4;2
28;2025-11-05;5;82
28;2025-11-05;6;271
28;2025-11-05;7;751
28;2025-11-05;8;1187
28;2025-11-05;9;874
28;2025-11-05;10;660
28;2025-11-05;11;580
28;2025-11-05;12;696
28;2025-11-05;13;725
28;2025-11-05;14;682
28;2025-11-05;15;712
28;2025-11-05;16;873
28;2025-11-05;17;1012
28;2025-11-05;18;972
28;2025-11-05;19;736
28;2025-11-05;20;506
28;2025-11-05;21;322
28;2025-11-05;22;145
28;2025-11-05;23;15
28;2025-11-06;0;0
28;2025-11-06;1;0
28;2025-11-06;2;0
28;2025-11-06;3;0
28;2025-11-06;4;2
28;2025-11-06;5;83
28;2025-11-06;6;273
28;2025-11-06;7;753
28;2025-11-06;8;1186
28;2025-11-06;9;876
28;2025-11-06;10;665
28;2025-11-06;11;581
28;2025-11-06;12;698
28;2025-11-06;13;727
28;2025-11-06;14;683
28;2025-11-06;15;712
28;2025-11-06;16;874
28;2025-11-06;17;1013
28;2025-11-06;18;974
28;2025-11-06;19;740
28;2025-11-06;20;510
28;2025-11-06;21;324
28;2025-11-06;22;146
28;2025-11-06;23;17
28;2025-11-07;0;0
28;2025-11-07;1;0
28;2025-11-07;2;0
28;2025-11-07;3;0
28;2025-11-07;4;2
28;2025-11-07;5;83
28;2025-11-07;6;269
28;2025-11-07;7;742
28;2025-11-07;8;1164
28;2025-11-07;9;828
28;2025-11-07;10;627
28;2025-11-07;11;574
28;2025-11-07;12;682
28;2025-11-07;13;716
28;2025-11-07;14;679
28;2025-11-07;15;707
28;2025-11-07;16;870
28;2025-11-07;17;996
28;2025-11-07;18;905
28;2025-11-07;19;719
28;2025-11-07;20;483
28;2025-11-07;21;315
28;2025-11-07;22;145
28;2025-11-07;23;15
28;2025-11-08;0;0
28;2025-11-08;1;0
28;2025-11-08;2;0
28;2025-11-08;3;0
28;2025-11-08;4;3
28;2025-11-08;5;41
28;2025-11-08;6;105
28;2025-11-08;7;210
28;2025-11-08;8;363
28;2025-11-08;9;452
28;2025-11-08;10;484
28;2025-11-08;11;507
28;2025-11-08;12;604
28;2025-11-08;13;648
28;2025-11-08;14;642
28;2025-11-08;15;604
28;2025-11-08;16;556
28;2025-11-08;17;561
28;2025-11-08;18;495
28;2025-11-08;19;417
28;2025-11-08;20;324
28;2025-11-08;21;296
28;2025-11-08;22;138
28;2025-11-08;23;25
28;2025-11-09;0;0
28;2025-11-09;1;0
28;2025-11-09;2;0
28;2025-11-09;3;0
28;2025-11-09;4;1
28;2025-11-09;5;29
28;2025-11-09;6;78
28;2025-11-09;7;138
28;2025-11-09;8;254
28;2025-11-09;9;334
28;2025-11-09;10;378
28;2025-11-09;11;429
28;2025-11-09;12;497
28;2025-11-09;13;579
28;2025-11-09;14;553
28;2025-11-09;15;535
28;2025-11-09;16;511
28;2025-11-09;17;504
28;2025-11-09;18;432
28;2025-11-09;19;342
28;2025-11-09;20;287
28;2025-11-09;21;238
28;2025-11-09;22;113
28;2025-11-09;23;14
28;2025-11-10;0;0
28;2025-11-10;1;0
28;2025-11-10;2;0
28;2025-11-10;3;0
28;2025-11-10;4;2
28;2025-11-10;5;74
28;2025-11-10;6;251
28;2025-11-10;7;745
28;2025-11-10;8;1153
28;2025-11-10;9;849
28;2025-11-10;10;617
28;2025-11-10;11;560
28;2025-11-10;12;665
28;2025-11-10;13;700
28;2025-11-10;14;652
28;2025-11-10;15;697
28;2025-11-10;16;861
28;2025-11-10;17;989
28;2025-11-10;18;940
28;2025-11-10;19;718
28;2025-11-10;20;483
28;2025-11-10;21;296
28;2025-11-10;22;122
28;2025-11-10;23;10
28;2025-11-11;0;0
28;2025-11-11;1;0
28;2025-11-11;2;0
28;2025-11-11;3;0
28;2025-11-11;4;2
28;2025-11-11;5;80
28;2025-11-11;6;270
28;2025-11-11;7;753
28;2025-11-11;8;1187
28;2025-11-11;9;876
28;2025-11-11;10;663
28;2025-11-11;11;580
28;2025-11-11;12;695
28;2025-11-11;13;725
28;2025-11-11;14;680
28;2025-11-11;15;711
28;2025-11-11;16;873
28;2025-11-11;17;1012
28;2025-11-11;18;973
28;2025-11-11;19;739
28;2025-11-11;20;508
28;2025-11-11;21;321
28;2025-11-11;22;143
28;2025-11-11;23;14
28;2025-11-12;0;0
28;2025-11-12;1;0
28;2025-11-12;2;0
28;2025-11-12;3;0
28;2025-11-12;4;2
28;2025-11-12;5;82
28;2025-11-12;6;271
28;2025-11-12;7;751
28;2025-11-12;8;1187
28;2025-11-12;9;874
28;2025-11-12;10;660
28;2025-11-12;11;580
28;2025-11-12;12;696
28;2025-11-12;13;725
28;2025-11-12;14;682
28;2025-11-12;15;712
28;2025-11-12;16;873
28;2025-11-12;17;1012
28;2025-11-12;18;972
28;2025-11-12;19;736
28;2025-11-12;20;506
28;2025-11-12;21;322
28;2025-11-12;22;145
28;2025-11-12;23;15
28;2025-11-13;0;0
28;2025-11-13;1;0
28;2025-11-13;2;0
28;2025-11-13;3;0
28;2025-11-13;4;2
28;2025-11-13;5;83
28;2025-11-13;6;273
28;2025-11-13;7;753
28;2025-11-13;8;1186
28;2025-11-13;9;876
28;2025-11-13;10;665
28;2025-11-13;11;581
28;2025-11-13;12;698
28;2025-11-13;13;727
28;2025-11-13;14;683
28;2025-11-13;15;712
28;2025-11-13;16;874
28;2025-11-13;17;1013
28;2025-11-13;18;974
28;2025-11-13;19;740
28;2025-11-13;20;510
28;2025-11-13;21;324
28;2025-11-13;22;146
28;2025-11-13;23;17
28;2025-11-14;0;0
28;2025-11-14;1;0
28;2025-11-14;2;0
28;2025-11-14;3;0
28;2025-11-14;4;2
28;2025-11-14;5;83
28;2025-11-14;6;269
28;2025-11-14;7;742
28;2025-11-14;8;1164
28;2025-11-14;9;828
28;2025-11-14;10;627
28;2025-11-14;11;574
28;2025-11-14;12;682
28;2025-11-14;13;716
28;2025-11-14;14;679
28;2025-11-14;15;707
28;2025-11-14;16;870
28;2025-11-14;17;996
28;2025-11-14;18;905
28;2025-11-14;19;719
28;2025-11-14;20;483
28;2025-11-14;21;315
28;2025-11-14;22;145
28;2025-11-14;23;15
28;2025-11-15;0;0
28;2025-11-15;1;0
28;2025-11-15;2;0
28;2025-11-15;3;0
28;2025-11-15;4;3
28;2025-11-15;5;41
28;2025-11-15;6;105
28;2025-11-15;7;210
28;2025-11-15;8;363
28;2025-11-15;9;452
28;2025-11-15;10;484
28;2025-11-15;11;507
28;2025-11-15;12;604
28;2025-11-15;13;648
28;2025-11-15;14;642
28;2025-11-15;15;604
28;2025-11-15;16;556
28;2025-11-15;17;561
28;2025-11-15;18;495
28;2025-11-15;19;417
28;2025-11-15;20;324
28;2025-11-15;21;296
28;2025-11-15;22;138
28;2025-11-15;23;25
28;2025-11-16;0;0
28;2025-11-16;1;0
28;2025-11-16;2;0
28;2025-11-16;3;0
28;2025-11-16;4;1
28;2025-11-16;5;29
28;2025-11-16;6;78
28;2025-11-16;7;138
28;2025-11-16;8;254
28;2025-11-16;9;334
28;2025-11-16;10;378
28;2025-11-16;11;429
28;2025-11-16;12;497
28;2025-11-16;13;579
28;2025-11-16;14;553
28;2025-11-16;15;535
28;2025-11-16;16;511
28;2025-11-16;17;504
28;2025-11-16;18;432
28;2025-11-16;19;342
28;2025-11-16;20;287
28;2025-11-16;21;238
28;2025-11-16;22;113
28;2025-11-16;23;14
28;2025-11-17;0;0
28;2025-11-17;1;0
28;2025-11-17;2;0
28;2025-11-17;3;0
28;2025-11-17;4;2
28;2025-11-17;5;74
28;2025-11-17;6;251
28;2025-11-17;7;745
28;2025-11-17;8;1153
28;2025-11-17;9;849
28;2025-11-17;10;617
28;2025-11-17;11;560
28;2025-11-17;12;665
28;2025-11-17;13;700
28;2025-11-17;14;652
28;2025-11-17;15;697
28;2025-11-17;16;861
28;2025-11-17;17;989
28;2025-11-17;18;940
28;2025-11-17;19;718
28;2025-11-17;20;483
28;2025-11-17;21;296
28;2025-11-17;22;122
28;2025-11-17;23;10
28;2025-11-18;0;0
28;2025-11-18;1;0
28;2025-11-18;2;0
28;2025-11-18;3;0
28;2025-11-18;4;2
28;2025-11-18;5;80
28;2025-11-18;6;270
28;2025-11-18;7;753
28;2025-11-18;8;1187
28;2025-11-18;9;876
28;2025-11-18;10;663
28;2025-11-18;11;580
28;2025-11-18;12;695
28;2025-11-18;13;725
28;2025-11-18;14;680
28;2025-11-18;15;711
28;2025-11-18;16;873
28;2025-11-18;17;1012
28;2025-11-18;18;973
28;2025-11-18;19;739
28;2025-11-18;20;508
28;2025-11-18;21;321
28;2025-11-18;22;143
28;2025-11-18;23;14
28;2025-11-19;0;0
28;2025-11-19;1;0
28;2025-11-19;2;0
28;2025-11-19;3;0
28;2025-11-19;4;2
28;2025-11-19;5;82
28;2025-11-19;6;271
28;2025-11-19;7;751
28;2025-11-19;8;1187
28;2025-11-19;9;874
28;2025-11-19;10;660
28;2025-11-19;11;580
28;2025-11-19;12;696
28;2025-11-19;13;725
28;2025-11-19;14;682
28;2025-11-19;15;712
28;2025-11-19;16;873
28;2025-11-19;17;1012
28;2025-11-19;18;972
28;2025-11-19;19;736
28;2025-11-19;20;506
28;2025-11-19;21;322
28;2025-11-19;22;145
28;2025-11-19;23;15
28;2025-11-20;0;0
28;2025-11-20;1;0
28;2025-11-20;2;0
28;2025-11-20;3;0
28;2025-11-20;4;2
28;2025-11-20;5;83
28;2025-11-20;6;273
28;2025-11-20;7;753
28;2025-11-20;8;1186
28;2025-11-20;9;876
28;2025-11-20;10;665
28;2025-11-20;11;581
28;2025-11-20;12;698
28;2025-11-20;13;727
28;2025-11-20;14;683
28;2025-11-20;15;712
28;2025-11-20;16;874
28;2025-11-20;17;1013
28;2025-11-20;18;974
28;2025-11-20;19;740
28;2025-11-20;20;510
28;2025-11-20;21;324
28;2025-11-20;22;146
28;2025-11-20;23;17
28;2025-11-21;0;0
28;2025-11-21;1;0
28;2025-11-21;2;0
28;2025-11-21;3;0
28;2025-11-21;4;2
28;2025-11-21;5;83
28;2025-11-21;6;269
28;2025-11-21;7;742
28;2025-11-21;8;1164
28;2025-11-21;9;828
28;2025-11-21;10;627
28;2025-11-21;11;574
28;2025-11-21;12;682
28;2025-11-21;13;716
28;2025-11-21;14;679
28;2025-11-21;15;707
28;2025-11-21;16;870
28;2025-11-21;17;996
28;2025-11-21;18;905
28;2025-11-21;19;719
28;2025-11-21;20;483
28;2025-11-21;21;315
28;2025-11-21;22;145
28;2025-11-21;23;15
28;2025-11-22;0;0
28;2025-11-22;1;0
28;2025-11-22;2;0
28;2025-11-22;3;0
28;2025-11-22;4;3
28;2025-11-22;5;41
28;2025-11-22;6;105
28;2025-11-22;7;210
28;2025-11-22;8;363
28;2025-11-22;9;452
28;2025-11-22;10;484
28;2025-11-22;11;507
28;2025-11-22;12;604
28;2025-11-22;13;648
28;2025-11-22;14;642
28;2025-11-22;15;604
28;2025-11-22;16;556
28;2025-11-22;17;561
28;2025-11-22;18;495
28;2025-11-22;19;417
28;2025-11-22;20;324
28;2025-11-22;21;296
28;2025-11-22;22;138
28;2025-11-22;23;25
28;2025-11-23;0;0
28;2025-11-23;1;0
28;2025-11-23;2;0
28;2025-11-23;3;0
28;2025-11-23;4;1
28;2025-11-23;5;29
28;2025-11-23;6;78
28;2025-11-23;7;138
28;2025-11-23;8;254
28;2025-11-23;9;334
28;2025-11-23;10;378
28;2025-11-23;11;429
28;2025-11-23;12;497
28;2025-11-23;13;579
28;2025-11-23;14;553
28;2025-11-23;15;535
28;2025-11-23;16;511
28;2025-11-23;17;504
28;2025-11-23;18;432
28;2025-11-23;19;342
28;2025-11-23;20;287
28;2025-11-23;21;238
28;2025-11-23;22;113
28;2025-11-23;23;14
28;2025-11-24;0;0
28;2025-11-24;1;0
28;2025-11-24;2;0
28;2025-11-24;3;0
28;2025-11-24;4;2
28;2025-11-24;5;74
28;2025-11-24;6;251
28;2025-11-24;7;745
28;2025-11-24;8;1153
28;2025-11-24;9;849
28;2025-11-24;10;617
28;2025-11-24;11;560
28;2025-11-24;12;665
28;2025-11-24;13;700
28;2025-11-24;14;652
28;2025-11-24;15;697
28;2025-11-24;16;861
28;2025-11-24;17;989
28;2025-11-24;18;940
28;2025-11-24;19;718
28;2025-11-24;20;483
28;2025-11-24;21;296
28;2025-11-24;22;122
28;2025-11-24;23;10
28;2025-11-25;0;0
28;2025-11-25;1;0
28;2025-11-25;2;0
28;2025-11-25;3;0
28;2025-11-25;4;2
28;2025-11-25;5;80
28;2025-11-25;6;270
28;2025-11-25;7;753
28;2025-11-25;8;1187
28;2025-11-25;9;876
28;2025-11-25;10;663
28;2025-11-25;11;580
28;2025-11-25;12;695
28;2025-11-25;13;725
28;2025-11-25;14;680
28;2025-11-25;15;711
28;2025-11-25;16;873
28;2025-11-25;17;1012
28;2025-11-25;18;973
28;2025-11-25;19;739
28;2025-11-25;20;508
28;2025-11-25;21;321
28;2025-11-25;22;143
28;2025-11-25;23;14
28;2025-11-26;0;0
28;2025-11-26;1;0
28;2025-11-26;2;0
28;2025-11-26;3;0
28;2025-11-26;4;2
28;2025-11-26;5;82
28;2025-11-26;6;271
28;2025-11-26;7;751
28;2025-11-26;8;1187
28;2025-11-26;9;874
28;2025-11-26;10;660
28;2025-11-26;11;580
28;2025-11-26;12;696
28;2025-11-26;13;725
28;2025-11-26;14;682
28;2025-11-26;15;712
28;2025-11-26;16;873
28;2025-11-26;17;1012
28;2025-11-26;18;972
28;2025-11-26;19;736
28;2025-11-26;20;506
28;2025-11-26;21;322
28;2025-11-26;22;145
28;2025-11-26;23;15
28;2025-11-27;0;0
28;2025-11-27;1;0
28;2025-11-27;2;0
28;2025-11-27;3;0
28;2025-11-27;4;2
28;2025-11-27;5;83
28;2025-11-27;6;273
28;2025-11-27;7;753
28;2025-11-27;8;1186
28;2025-11-27;9;876
28;2025-11-27;10;665
28;2025-11-27;11;581
28;2025-11-27;12;698
28;2025-11-27;13;727
28;2025-11-27;14;683
28;2025-11-27;15;712
28;2025-11-27;16;874
28;2025-11-27;17;1013
28;2025-11-27;18;974
28;2025-11-27;19;740
28;2025-11-27;20;510
28;2025-11-27;21;324
28;2025-11-27;22;146
28;2025-11-27;23;17
28;2025-11-28;0;0
28;2025-11-28;1;0
28;2025-11-28;2;0
28;2025-11-28;3;0
28;2025-11-28;4;2
28;2025-11-28;5;83
28;2025-11-28;6;269
28;2025-11-28;7;742
28;2025-11-28;8;1164
28;2025-11-28;9;828
28;2025-11-28;10;627
28;2025-11-28;11;574
28;2025-11-28;12;682
28;2025-11-28;13;716
28;2025-11-28;14;679
28;2025-11-28;15;707
28;2025-11-28;16;870
28;2025-11-28;17;996
28;2025-11-28;18;905
28;2025-11-28;19;719
28;2025-11-28;20;483
28;2025-11-28;21;315
28;2025-11-28;22;145
28;2025-11-28;23;15
28;2025-11-29;0;0
28;2025-11-29;1;0
28;2025-11-29;2;0
28;2025-11-29;3;0
28;2025-11-29;4;3
28;2025-11-29;5;41
28;2025-11-29;6;105
28;2025-11-29;7;210
28;2025-11-29;8;363
28;2025-11-29;9;452
28;2025-11-29;10;484
28;2025-11-29;11;507
28;2025-11-29;12;604
28;2025-11-29;13;648
28;2025-11-29;14;642
28;2025-11-29;15;604
28;2025-11-29;16;556
28;2025-11-29;17;561
28;2025-11-29;18;495
28;2025-11-29;19;417
28;2025-11-29;20;324
28;2025-11-29;21;296
28;2025-11-29;22;138
28;2025-11-29;23;25
28;2025-11-30;0;0
28;2025-11-30;1;0
28;2025-11-30;2;0
28;2025-11-30;3;0
28;2025-11-30;4;1
28;2025-11-30;5;29
28;2025-11-30;6;78
28;2025-11-30;7;138
28;2025-11-30;8;254
28;2025-11-30;9;334
28;2025-11-30;10;378
28;2025-11-30;11;429
28;2025-11-30;12;497
28;2025-11-30;13;579
28;2025-11-30;14;553
28;2025-11-30;15;535
28;2025-11-30;16;511
28;2025-11-30;17;504
28;2025-11-30;18;432
28;2025-11-30;19;342
28;2025-11-30;20;287
28;2025-11-30;21;238
28;2025-11-30;22;113
28;2025-11-30;23;14
28;2025-12-01;0;0
28;2025-12-01;1;0
28;2025-12-01;2;0
28;2025-12-01;3;0
28;2025-12-01;4;2
28;2025-12-01;5;66
28;2025-12-01;6;236
28;2025-12-01;7;718
28;2025-12-01;8;1114
28;2025-12-01;9;811
28;2025-12-01;10;590
28;2025-12-01;11;523
28;2025-12-01;12;627
28;2025-12-01;13;674
28;2025-12-01;14;618
28;2025-12-01;15;671
28;2025-12-01;16;834
28;2025-12-01;17;959
28;2025-12-01;18;911
28;2025-12-01;19;702
28;2025-12-01;20;448
28;2025-12-01;21;278
28;2025-12-01;22;117
28;2025-12-01;23;9
28;2025-12-02;0;0
28;2025-12-02;1;0
28;2025-12-02;2;0
28;2025-12-02;3;0
28;2025-12-02;4;2
28;2025-12-02;5;72
28;2025-12-02;6;252
28;2025-12-02;7;727
28;2025-12-02;8;1148
28;2025-12-02;9;838
28;2025-12-02;10;635
28;2025-12-02;11;543
28;2025-12-02;12;657
28;2025-12-02;13;700
28;2025-12-02;14;645
28;2025-12-02;15;685
28;2025-12-02;16;847
28;2025-12-02;17;982
28;2025-12-02;18;944
28;2025-12-02;19;724
28;2025-12-02;20;472
28;2025-12-02;21;298
28;2025-12-02;22;137
28;2025-12-02;23;13
28;2025-12-03;0;0
28;2025-12-03;1;0
28;2025-12-03;2;0
28;2025-12-03;3;0
28;2025-12-03;4;2
28;2025-12-03;5;74
28;2025-12-03;6;254
28;2025-12-03;7;724
28;2025-12-03;8;1148
28;2025-12-03;9;836
28;2025-12-03;10;632
28;2025-12-03;11;543
28;2025-12-03;12;658
28;2025-12-03;13;699
28;2025-12-03;14;647
28;2025-12-03;15;687
28;2025-12-03;16;847
28;2025-12-03;17;982
28;2025-12-03;18;943
28;2025-12-03;19;721
28;2025-12-03;20;469
28;2025-12-03;21;299
28;2025-12-03;22;139
28;2025-12-03;23;13
28;2025-12-04;0;0
28;2025-12-04;1;0
28;2025-12-04;2;0
28;2025-12-04;3;0
28;2025-12-04;4;2
28;2025-12-04;5;75
28;2025-12-04;6;255
28;2025-12-04;7;726
28;2025-12-04;8;1147
28;2025-12-04;9;838
28;2025-12-04;10;637
28;2025-12-04;11;545
28;2025-12-04;12;659
28;2025-12-04;13;701
28;2025-12-04;14;648
28;2025-12-04;15;687
28;2025-12-04;16;848
28;2025-12-04;17;983
28;2025-12-04;18;945
28;2025-12-04;19;725
28;2025-12-04;20;473
28;2025-12-04;21;301
28;2025-12-04;22;141
28;2025-12-04;23;15
28;2025-12-05;0;0
28;2025-12-05;1;0
28;2025-12-05;2;0
28;2025-12-05;3;0
28;2025-12-05;4;2
28;2025-12-05;5;75
28;2025-12-05;6;251
28;2025-12-05;7;715
28;2025-12-05;8;1125
28;2025-12-05;9;790
28;2025-12-05;10;599
28;2025-12-05;11;537
28;2025-12-05;12;643
28;2025-12-05;13;690
28;2025-12-05;14;645
28;2025-12-05;15;682
28;2025-12-05;16;844
28;2025-12-05;17;966
28;2025-12-05;18;877
28;2025-12-05;19;703
28;2025-12-05;20;448
28;2025-12-05;21;293
28;2025-12-05;22;140
28;2025-12-05;23;13
28;2025-12-06;0;0
28;2025-12-06;1;0
28;2025-12-06;2;0
28;2025-12-06;3;0
28;2025-12-06;4;2
28;2025-12-06;5;38
28;2025-12-06;6;101
28;2025-12-06;7;202
28;2025-12-06;8;333
28;2025-12-06;9;419
28;2025-12-06;10;454
28;2025-12-06;11;463
28;2025-12-06;12;528
28;2025-12-06;13;578
28;2025-12-06;14;566
28;2025-12-06;15;535
28;2025-12-06;16;489
28;2025-12-06;17;502
28;2025-12-06;18;455
28;2025-12-06;19;391
28;2025-12-06;20;309
28;2025-12-06;21;260
28;2025-12-06;22;132
28;2025-12-06;23;22
28;2025-12-07;0;0
28;2025-12-07;1;0
28;2025-12-07;2;0
28;2025-12-07;3;0
28;2025-12-07;4;1
28;2025-12-07;5;26
28;2025-12-07;6;73
28;2025-12-07;7;132
28;2025-12-07;8;225
28;2025-12-07;9;306
28;2025-12-07;10;349
28;2025-12-07;11;385
28;2025-12-07;12;420
28;2025-12-07;13;510
28;2025-12-07;14;478
28;2025-12-07;15;466
28;2025-12-07;16;445
28;2025-12-07;17;444
28;2025-12-07;18;391
28;2025-12-07;19;320
28;2025-12-07;20;276
28;2025-12-07;21;211
28;2025-12-07;22;103
28;2025-12-07;23;11
28;2025-12-08;0;0
28;2025-12-08;1;0
28;2025-12-08;2;0
28;2025-12-08;3;0
28;2025-12-08;4;2
28;2025-12-08;5;66
28;2025-12-08;6;236
28;2025-12-08;7;718
28;2025-12-08;8;1114
28;2025-12-08;9;811
28;2025-12-08;10;590
28;2025-12-08;11;523
28;2025-12-08;12;627
28;2025-12-08;13;674
28;2025-12-08;14;618
28;2025-12-08;15;671
28;2025-12-08;16;834
28;2025-12-08;17;959
28;2025-12-08;18;911
28;2025-12-08;19;702
28;2025-12-08;20;448
28;2025-12-08;21;278
28;2025-12-08;22;117
28;2025-12-08;23;9
28;2025-12-09;0;0
28;2025-12-09;1;0
28;2025-12-09;2;0
28;2025-12-09;3;0
28;2025-12-09;4;2
28;2025-12-09;5;72
28;2025-12-09;6;252
28;2025-12-09;7;727
28;2025-12-09;8;1148
28;2025-12-09;9;838
28;2025-12-09;10;635
28;2025-12-09;11;543
28;2025-12-09;12;657
28;2025-12-09;13;700
28;2025-12-09;14;645
28;2025-12-09;15;685
28;2025-12-09;16;847
28;2025-12-09;17;982
28;2025-12-09;18;944
28;2025-12-09;19;724
28;2025-12-09;20;472
28;2025-12-09;21;298
28;2025-12-09;22;137
28;2025-12-09;23;13
28;2025-12-10;0;0
28;2025-12-10;1;0
28;2025-12-10;2;0
28;2025-12-10;3;0
28;2025-12-10;4;2
28;2025-12-10;5;74
28;2025-12-10;6;254
28;2025-12-10;7;724
28;2025-12-10;8;1148
28;2025-12-10;9;836
28;2025-12-10;10;632
28;2025-12-10;11;543
28;2025-12-10;12;658
28;2025-12-10;13;699
28;2025-12-10;14;647
28;2025-12-10;15;687
28;2025-12-10;16;847
28;2025-12-10;17;982
28;2025-12-10;18;943
28;2025-12-10;19;721
28;2025-12-10;20;469
28;2025-12-10;21;299
28;2025-12-10;22;139
28;2025-12-10;23;13
28;2025-12-11;0;0
28;2025-12-11;1;0
28;2025-12-11;2;0
28;2025-12-11;3;0
28;2025-12-11;4;2
28;2025-12-11;5;75
28;2025-12-11;6;255
28;2025-12-11;7;726
28;2025-12-11;8;1147
28;2025-12-11;9;838
28;2025-12-11;10;637
28;2025-12-11;11;545
28;2025-12-11;12;659
28;2025-12-11;13;701
28;2025-12-11;14;648
28;2025-12-11;15;687
28;2025-12-11;16;848
28;2025-12-11;17;983
28;2025-12-11;18;945
28;2025-12-11;19;725
28;2025-12-11;20;473
28;2025-12-11;21;301
28;2025-12-11;22;141
28;2025-12-11;23;15
28;2025-12-12;0;0
28;2025-12-12;1;0
28;2025-12-12;2;0
28;2025-12-12;3;0
28;2025-12-12;4;2
28;2025-12-12;5;75
28;2025-12-12;6;251
28;2025-12-12;7;715
28;2025-12-12;8;1125
28;2025-12-12;9;790
28;2025-12-12;10;599
28;2025-12-12;11;537
28;2025-12-12;12;643
28;2025-12-12;13;690
28;2025-12-12;14;645
28;2025-12-12;15;682
28;2025-12-12;16;844
28;2025-12-12;17;966
28;2025-12-12;18;877
28;2025-12-12;19;703
28;2025-12-12;20;448
28;2025-12-12;21;293
28;2025-12-12;22;140
28;2025-12-12;23;13
28;2025-12-13;0;0
28;2025-12-13;1;0
28;2025-12-13;2;0
28;2025-12-13;3;0
28;2025-12-13;4;2
28;2025-12-13;5;38
28;2025-12-13;6;101
28;2025-12-13;7;202
28;2025-12-13;8;333
28;2025-12-13;9;419
28;2025-12-13;10;454
28;2025-12-13;11;463
28;2025-12-13;12;528
28;2025-12-13;13;578
28;2025-12-13;14;566
28;2025-12-13;15;535
28;2025-12-13;16;489
28;2025-12-13;17;502
28;2025-12-13;18;455
28;2025-12-13;19;391
28;2025-12-13;20;309
28;2025-12-13;21;260
28;2025-12-13;22;132
28;2025-12-13;23;22
28;2025-12-14;0;0
28;2025-12-14;1;0
28;2025-12-14;2;0
28;2025-12-14;3;0
28;2025-12-14;4;1
28;2025-12-14;5;26
28;2025-12-14;6;73
28;2025-12-14;7;132
28;2025-12-14;8;225
28;2025-12-14;9;306
28;2025-12-14;10;349
28;2025-12-14;11;385
28;2025-12-14;12;420
28;2025-12-14;13;510
28;2025-12-14;14;478
28;2025-12-14;15;466
28;2025-12-14;16;445
28;2025-12-14;17;444
28;2025-12-14;18;391
28;2025-12-14;19;320
28;2025-12-14;20;276
28;2025-12-14;21;211
28;2025-12-14;22;103
28;2025-12-14;23;11
28;2025-12-15;0;0
28;2025-12-15;1;0
28;2025-12-15;2;0
28;2025-12-15;3;0
28;2025-12-15;4;2
28;2025-12-15;5;66
28;2025-12-15;6;236
28;2025-12-15;7;718
28;2025-12-15;8;1114
28;2025-12-15;9;811
28;2025-12-15;10;590
28;2025-12-15;11;523
28;2025-12-15;12;627
28;2025-12-15;13;674
28;2025-12-15;14;618
28;2025-12-15;15;671
28;2025-12-15;16;834
28;2025-12-15;17;959
28;2025-12-15;18;911
28;2025-12-15;19;702
28;2025-12-15;20;448
28;2025-12-15;21;278
28;2025-12-15;22;117
28;2025-12-15;23;9
28;2025-12-16;0;0
28;2025-12-16;1;0
28;2025-12-16;2;0
28;2025-12-16;3;0
28;2025-12-16;4;2
28;2025-12-16;5;72
28;2025-12-16;6;252
28;2025-12-16;7;727
28;2025-12-16;8;1148
28;2025-12-16;9;838
28;2025-12-16;10;635
28;2025-12-16;11;543
28;2025-12-16;12;657
28;2025-12-16;13;700
28;2025-12-16;14;645
28;2025-12-16;15;685
28;2025-12-16;16;847
28;2025-12-16;17;982
28;2025-12-16;18;944
28;2025-12-16;19;724
28;2025-12-16;20;472
28;2025-12-16;21;298
28;2025-12-16;22;137
28;2025-12-16;23;13
28;2025-12-17;0;0
28;2025-12-17;1;0
28;2025-12-17;2;0
28;2025-12-17;3;0
28;2025-12-17;4;2
28;2025-12-17;5;74
28;2025-12-17;6;254
28;2025-12-17;7;724
28;2025-12-17;8;1148
28;2025-12-17;9;836
28;2025-12-17;10;632
28;2025-12-17;11;543
28;2025-12-17;12;658
28;2025-12-17;13;699
28;2025-12-17;14;647
28;2025-12-17;15;687
28;2025-12-17;16;847
28;2025-12-17;17;982
28;2025-12-17;18;943
28;2025-12-17;19;721
28;2025-12-17;20;469
28;2025-12-17;21;299
28;2025-12-17;22;139
28;2025-12-17;23;13
28;2025-12-18;0;0
28;2025-12-18;1;0
28;2025-12-18;2;0
28;2025-12-18;3;0
28;2025-12-18;4;2
28;2025-12-18;5;75
28;2025-12-18;6;255
28;2025-12-18;7;726
28;2025-12-18;8;1147
28;2025-12-18;9;838
28;2025-12-18;10;637
28;2025-12-18;11;545
28;2025-12-18;12;659
28;2025-12-18;13;701
28;2025-12-18;14;648
28;2025-12-18;15;687
28;2025-12-18;16;848
28;2025-12-18;17;983
28;2025-12-18;18;945
28;2025-12-18;19;725
28;2025-12-18;20;473
28;2025-12-18;21;301
28;2025-12-18;22;141
28;2025-12-18;23;15
28;2025-12-19;0;0
28;2025-12-19;1;0
28;2025-12-19;2;0
28;2025-12-19;3;0
28;2025-12-19;4;2
28;2025-12-19;5;75
28;2025-12-19;6;251
28;2025-12-19;7;715
28;2025-12-19;8;1125
28;2025-12-19;9;790
28;2025-12-19;10;599
28;2025-12-19;11;537
28;2025-12-19;12;643
28;2025-12-19;13;690
28;2025-12-19;14;645
28;2025-12-19;15;682
28;2025-12-19;16;844
28;2025-12-19;17;966
28;2025-12-19;18;877
28;2025-12-19;19;703
28;2025-12-19;20;448
28;2025-12-19;21;293
28;2025-12-19;22;140
28;2025-12-19;23;13
28;2025-12-20;0;0
28;2025-12-20;1;0
28;2025-12-20;2;0
28;2025-12-20;3;0
28;2025-12-20;4;2
28;2025-12-20;5;38
28;2025-12-20;6;101
28;2025-12-20;7;202
28;2025-12-20;8;333
28;2025-12-20;9;419
28;2025-12-20;10;454
28;2025-12-20;11;463
28;2025-12-20;12;528
28;2025-12-20;13;578
28;2025-12-20;14;566
28;2025-12-20;15;535
28;2025-12-20;16;489
28;2025-12-20;17;502
28;2025-12-20;18;455
28;2025-12-20;19;391
28;2025-12-20;20;309
28;2025-12-20;21;260
28;2025-12-20;22;132
28;2025-12-20;23;22
28;2025-12-21;0;0
28;2025-12-21;1;0
28;2025-12-21;2;0
28;2025-12-21;3;0
28;2025-12-21;4;1
28;2025-12-21;5;26
28;2025-12-21;6;73
28;2025-12-21;7;132
28;2025-12-21;8;225
28;2025-12-21;9;306
28;2025-12-21;10;349
28;2025-12-21;11;385
28;2025-12-21;12;420
28;2025-12-21;13;510
28;2025-12-21;14;478
28;2025-12-21;15;466
28;2025-12-21;16;445
28;2025-12-21;17;444
28;2025-12-21;18;391
28;2025-12-21;19;320
28;2025-12-21;20;276
28;2025-12-21;21;211
28;2025-12-21;22;103
28;2025-12-21;23;11
28;2025-12-22;0;0
28;2025-12-22;1;0
28;2025-12-22;2;0
28;2025-12-22;3;0
28;2025-12-22;4;2
28;2025-12-22;5;66
28;2025-12-22;6;236
28;2025-12-22;7;718
28;2025-12-22;8;1114
28;2025-12-22;9;811
28;2025-12-22;10;590
28;2025-12-22;11;523
28;2025-12-22;12;627
28;2025-12-22;13;674
28;2025-12-22;14;618
28;2025-12-22;15;671
28;2025-12-22;16;834
28;2025-12-22;17;959
28;2025-12-22;18;911
28;2025-12-22;19;702
28;2025-12-22;20;448
28;2025-12-22;21;278
28;2025-12-22;22;117
28;2025-12-22;23;9
28;2025-12-23;0;0
28;2025-12-23;1;0
28;2025-12-23;2;0
28;2025-12-23;3;0
28;2025-12-23;4;2
28;2025-12-23;5;72
28;2025-12-23;6;252
28;2025-12-23;7;727
28;2025-12-23;8;1148
28;2025-12-23;9;838
28;2025-12-23;10;635
28;2025-12-23;11;543
28;2025-12-23;12;657
28;2025-12-23;13;700
28;2025-12-23;14;645
28;2025-12-23;15;685
28;2025-12-23;16;847
28;2025-12-23;17;982
28;2025-12-23;18;944
28;2025-12-23;19;724
28;2025-12-23;20;472
28;2025-12-23;21;298
28;2025-12-23;22;137
28;2025-12-23;23;13
28;2025-12-24;0;0
28;2025-12-24;1;0
28;2025-12-24;2;0
28;2025-12-24;3;0
28;2025-12-24;4;2
28;2025-12-24;5;74
28;2025-12-24;6;254
28;2025-12-24;7;724
28;2025-12-24;8;1148
28;2025-12-24;9;836
28;2025-12-24;10;632
28;2025-12-24;11;543
28;2025-12-24;12;658
28;2025-12-24;13;699
28;2025-12-24;14;647
28;2025-12-24;15;687
28;2025-12-24;16;847
28;2025-12-24;17;982
28;2025-12-24;18;943
28;2025-12-24;19;721
28;2025-12-24;20;469
28;2025-12-24;21;299
28;2025-12-24;22;139
28;2025-12-24;23;13
28;2025-12-25;0;0
28;2025-12-25;1;0
28;2025-12-25;2;0
28;2025-12-25;3;0
28;2025-12-25;4;2
28;2025-12-25;5;75
28;2025-12-25;6;255
28;2025-12-25;7;726
28;2025-12-25;8;1147
28;2025-12-25;9;838
28;2025-12-25;10;637
28;2025-12-25;11;545
28;2025-12-25;12;659
28;2025-12-25;13;701
28;2025-12-25;14;648
28;2025-12-25;15;687
28;2025-12-25;16;848
28;2025-12-25;17;983
28;2025-12-25;18;945
28;2025-12-25;19;725
28;2025-12-25;20;473
28;2025-12-25;21;301
28;2025-12-25;22;141
28;2025-12-25;23;15
28;2025-12-26;0;0
28;2025-12-26;1;0
28;2025-12-26;2;0
28;2025-12-26;3;0
28;2025-12-26;4;2
28;2025-12-26;5;75
28;2025-12-26;6;251
28;2025-12-26;7;715
28;2025-12-26;8;1125
28;2025-12-26;9;790
28;2025-12-26;10;599
28;2025-12-26;11;537
28;2025-12-26;12;643
28;2025-12-26;13;690
28;2025-12-26;14;645
28;2025-12-26;15;682
28;2025-12-26;16;844
28;2025-12-26;17;966
28;2025-12-26;18;877
28;2025-12-26;19;703
28;2025-12-26;20;448
28;2025-12-26;21;293
28;2025-12-26;22;140
28;2025-12-26;23;13
28;2025-12-27;0;0
28;2025-12-27;1;0
28;2025-12-27;2;0
28;2025-12-27;3;0
28;2025-12-27;4;2
28;2025-12-27;5;38
28;2025-12-27;6;101
28;2025-12-27;7;202
28;2025-12-27;8;333
28;2025-12-27;9;419
28;2025-12-27;10;454
28;2025-12-27;11;463
28;2025-12-27;12;528
28;2025-12-27;13;578
28;2025-12-27;14;566
28;2025-12-27;15;535
28;2025-12-27;16;489
28;2025-12-27;17;502
28;2025-12-27;18;455
28;2025-12-27;19;391
28;2025-12-27;20;309
28;2025-12-27;21;260
28;2025-12-27;22;132
28;2025-12-27;23;22
28;2025-12-28;0;0
28;2025-12-28;1;0
28;2025-12-28;2;0
28;2025-12-28;3;0
28;2025-12-28;4;1
28;2025-12-28;5;26
28;2025-12-28;6;73
28;2025-12-28;7;132
28;2025-12-28;8;225
28;2025-12-28;9;306
28;2025-12-28;10;349
28;2025-12-28;11;385
28;2025-12-28;12;420
28;2025-12-28;13;510
28;2025-12-28;14;478
28;2025-12-28;15;466
28;2025-12-28;16;445
28;2025-12-28;17;444
28;2025-12-28;18;391
28;2025-12-28;19;320
28;2025-12-28;20;276
28;2025-12-28;21;211
28;2025-12-28;22;103
28;2025-12-28;23;11
28;2025-12-29;0;0
28;2025-12-29;1;0
28;2025-12-29;2;0
28;2025-12-29;3;0
28;2025-12-29;4;2
28;2025-12-29;5;66
28;2025-12-29;6;236
28;2025-12-29;7;718
28;2025-12-29;8;1114
28;2025-12-29;9;811
28;2025-12-29;10;590
28;2025-12-29;11;523
28;2025-12-29;12;627
28;2025-12-29;13;674
28;2025-12-29;14;618
28;2025-12-29;15;671
28;2025-12-29;16;834
28;2025-12-29;17;959
28;2025-12-29;18;911
28;2025-12-29;19;702
28;2025-12-29;20;448
28;2025-12-29;21;278
28;2025-12-29;22;117
28;2025-12-29;23;9
28;2025-12-30;0;0
28;2025-12-30;1;0
28;2025-12-30;2;0
28;2025-12-30;3;0
28;2025-12-30;4;2
28;2025-12-30;5;72
28;2025-12-30;6;252
28;2025-12-30;7;727
28;2025-12-30;8;1148
28;2025-12-30;9;838
28;2025-12-30;10;635
28;2025-12-30;11;543
28;2025-12-30;12;657
28;2025-12-30;13;700
28;2025-12-30;14;645
28;2025-12-30;15;685
28;2025-12-30;16;847
28;2025-12-30;17;982
28;2025-12-30;18;944
28;2025-12-30;19;724
28;2025-12-30;20;472
28;2025-12-30;21;298
28;2025-12-30;22;137
28;2025-12-30;23;13
28;2025-12-31;0;0
28;2025-12-31;1;0
28;2025-12-31;2;0
28;2025-12-31;3;0
28;2025-12-31;4;0
28;2025-12-31;5;21
28;2025-12-31;6;133
28;2025-12-31;7;257
28;2025-12-31;8;472
28;2025-12-31;9;362
28;2025-12-31;10;329
28;2025-12-31;11;290
28;2025-12-31;12;385
28;2025-12-31;13;413
28;2025-12-31;14;440
28;2025-12-31;15;394
28;2025-12-31;16;442
28;2025-12-31;17;467
28;2025-12-31;18;410
28;2025-12-31;19;347
28;2025-12-31;20;317
28;2025-12-31;21;227
28;2025-12-31;22;105
28;2025-12-31;23;0
50;2025-11-01;0;69
50;2025-11-01;1;13
50;2025-11-01;2;0
50;2025-11-01;3;0
50;2025-11-01;4;3
50;2025-11-01;5;46
50;2025-11-01;6;216
50;2025-11-01;7;413
50;2025-11-01;8;2158
50;2025-11-01;9;1939
50;2025-11-01;10;1646
50;2025-11-01;11;1605
50;2025-11-01;12;1555
50;2025-11-01;13;1616
50;2025-11-01;14;1576
50;2025-11-01;15;1680
50;2025-11-01;16;1766
50;2025-11-01;17;2233
50;2025-11-01;18;2074
50;2025-11-01;19;1409
50;2025-11-01;20;886
50;2025-11-01;21;498
50;2025-11-01;22;275
50;2025-11-01;23;192
50;2025-11-02;0;50
50;2025-11-02;1;2
50;2025-11-02;2;0
50;2025-11-02;3;0
50;2025-11-02;4;1
50;2025-11-02;5;20
50;2025-11-02;6;138
50;2025-11-02;7;265
50;2025-11-02;8;388
50;2025-11-02;9;488
50;2025-11-02;10;530
50;2025-11-02;11;693
50;2025-11-02;12;757
50;2025-11-02;13;805
50;2025-11-02;14;803
50;2025-11-02;15;790
50;2025-11-02;16;784
50;2025-11-02;17;714
50;2025-11-02;18;664
50;2025-11-02;19;551
50;2025-11-02;20;461
50;2025-11-02;21;385
50;2025-11-02;22;217
50;2025-11-02;23;113
50;2025-11-03;0;13
50;2025-11-03;1;0
50;2025-11-03;2;0
50;2025-11-03;3;0
50;2025-11-03;4;0
50;2025-11-03;5;14
50;2025-11-03;6;196
50;2025-11-03;7;520
50;2025-11-03;8;614
50;2025-11-03;9;635
50;2025-11-03;10;562
50;2025-11-03;11;679
50;2025-11-03;12;698
50;2025-11-03;13;700
50;2025-11-03;14;706
50;2025-11-03;15;809
50;2025-11-03;16;753
50;2025-11-03;17;771
50;2025-11-03;18;986
50;2025-11-03;19;657
50;2025-11-03;20;491
50;2025-11-03;21;363
50;2025-11-03;22;210
50;2025-11-03;23;105
50;2025-11-04;0;27
50;2025-11-04;1;3
50;2025-11-04;2;0
50;2025-11-04;3;0
50;2025-11-04;4;2
50;2025-11-04;5;22
50;2025-11-04;6;184
50;2025-11-04;7;428
50;2025-11-04;8;514
50;2025-11-04;9;464
50;2025-11-04;10;484
50;2025-11-04;11;603
50;2025-11-04;12;638
50;2025-11-04;13;660
50;2025-11-04;14;667
50;2025-11-04;15;710
50;2025-11-04;16;665
50;2025-11-04;17;677
50;2025-11-04;18;813
50;2025-11-04;19;583
50;2025-11-04;20;438
50;2025-11-04;21;330
50;2025-11-04;22;229
50;2025-11-04;23;91
50;2025-11-05;0;35
50;2025-11-05;1;1
50;2025-11-05;2;0
50;2025-11-05;3;0
50;2025-11-05;4;3
50;2025-11-05;5;72
50;2025-11-05;6;552
50;2025-11-05;7;1744
50;2025-11-05;8;2747
50;2025-11-05;9;2131
50;2025-11-05;10;1653
50;2025-11-05;11;1566
50;2025-11-05;12;1478
50;2025-11-05;13;1495
50;2025-11-05;14;1426
50;2025-11-05;15;1660
50;2025-11-05;16;1730
50;2025-11-05;17;2345
50;2025-11-05;18;2449
50;2025-11-05;19;1493
50;2025-11-05;20;919
50;2025-11-05;21;630
50;2025-11-05;22;291
50;2025-11-05;23;157
50;2025-11-06;0;40
50;2025-11-06;1;3
50;2025-11-06;2;0
50;2025-11-06;3;0
50;2025-11-06;4;2
50;2025-11-06;5;73
50;2025-11-06;6;555
50;2025-11-06;7;1746
50;2025-11-06;8;2745
50;2025-11-06;9;2132
50;2025-11-06;10;1655
50;2025-11-06;11;1567
50;2025-11-06;12;1479
50;2025-11-06;13;1499
50;2025-11-06;14;1427
50;2025-11-06;15;1658
50;2025-11-06;16;1731
50;2025-11-06;17;2346
50;2025-11-06;18;2451
50;2025-11-06;19;1494
50;2025-11-06;20;922
50;2025-11-06;21;632
50;2025-11-06;22;295
50;2025-11-06;23;160
50;2025-11-07;0;40
50;2025-11-07;1;4
50;2025-11-07;2;0
50;2025-11-07;3;0
50;2025-11-07;4;3
50;2025-11-07;5;73
50;2025-11-07;6;550
50;2025-11-07;7;1721
50;2025-11-07;8;2699
50;2025-11-07;9;2092
50;2025-11-07;10;1620
50;2025-11-07;11;1561
50;2025-11-07;12;1463
50;2025-11-07;13;1499
50;2025-11-07;14;1423
50;2025-11-07;15;1654
50;2025-11-07;16;1729
50;2025-11-07;17;2271
50;2025-11-07;18;2274
50;2025-11-07;19;1419
50;2025-11-07;20;886
50;2025-11-07;21;620
50;2025-11-07;22;294
50;2025-11-07;23;156
50;2025-11-08;0;60
50;2025-11-08;1;6
50;2025-11-08;2;0
50;2025-11-08;3;0
50;2025-11-08;4;2
50;2025-11-08;5;33
50;2025-11-08;6;165
50;2025-11-08;7;377
50;2025-11-08;8;595
50;2025-11-08;9;622
50;2025-11-08;10;639
50;2025-11-08;11;803
50;2025-11-08;12;818
50;2025-11-08;13;850
50;2025-11-08;14;862
50;2025-11-08;15;859
50;2025-11-08;16;833
50;2025-11-08;17;811
50;2025-11-08;18;774
50;2025-11-08;19;659
50;2025-11-08;20;551
50;2025-11-08;21;436
50;2025-11-08;22;239
50;2025-11-08;23;145
50;2025-11-09;0;50
50;2025-11-09;1;2
50;2025-11-09;2;0
50;2025-11-09;3;0
50;2025-11-09;4;1
50;2025-11-09;5;20
50;2025-11-09;6;138
50;2025-11-09;7;265
50;2025-11-09;8;388
50;2025-11-09;9;488
50;2025-11-09;10;530
50;2025-11-09;11;693
50;2025-11-09;12;757
50;2025-11-09;13;805
50;2025-11-09;14;803
50;2025-11-09;15;790
50;2025-11-09;16;784
50;2025-11-09;17;714
50;2025-11-09;18;664
50;2025-11-09;19;551
50;2025-11-09;20;461
50;2025-11-09;21;385
50;2025-11-09;22;217
50;2025-11-09;23;113
50;2025-11-10;0;30
50;2025-11-10;1;2
50;2025-11-10;2;0
50;2025-11-10;3;0
50;2025-11-10;4;2
50;2025-11-10;5;68
50;2025-11-10;6;538
50;2025-11-10;7;1719
50;2025-11-10;8;2720
50;2025-11-10;9;2092
50;2025-11-10;10;1610
50;2025-11-10;11;1526
50;2025-11-10;12;1428
50;2025-11-10;13;1474
50;2025-11-10;14;1406
50;2025-11-10;15;1635
50;2025-11-10;16;1704
50;2025-11-10;17;2328
50;2025-11-10;18;2408
50;2025-11-10;19;1462
50;2025-11-10;20;888
50;2025-11-10;21;595
50;2025-11-10;22;274
50;2025-11-10;23;137
50;2025-11-11;0;35
50;2025-11-11;1;2
50;2025-11-11;2;0
50;2025-11-11;3;0
50;2025-11-11;4;3
50;2025-11-11;5;70
50;2025-11-11;6;552
50;2025-11-11;7;1746
50;2025-11-11;8;2746
50;2025-11-11;9;2131
50;2025-11-11;10;1654
50;2025-11-11;11;1565
50;2025-11-11;12;1477
50;2025-11-11;13;1498
50;2025-11-11;14;1424
50;2025-11-11;15;1660
50;2025-11-11;16;1730
50;2025-11-11;17;2344
50;2025-11-11;18;2451
50;2025-11-11;19;1493
50;2025-11-11;20;921
50;2025-11-11;21;626
50;2025-11-11;22;288
50;2025-11-11;23;155
50;2025-11-12;0;35
50;2025-11-12;1;1
50;2025-11-12;2;0
50;2025-11-12;3;0
50;2025-11-12;4;3
50;2025-11-12;5;72
50;2025-11-12;6;552
50;2025-11-12;7;1744
50;2025-11-12;8;2747
50;2025-11-12;9;2131
50;2025-11-12;10;1653
50;2025-11-12;11;1566
50;2025-11-12;12;1478
50;2025-11-12;13;1495
50;2025-11-12;14;1426
50;2025-11-12;15;1660
50;2025-11-12;16;1730
50;2025-11-12;17;2345
50;2025-11-12;18;2449
50;2025-11-12;19;1493
50;2025-11-12;20;919
50;2025-11-12;21;630
50;2025-11-12;22;291
50;2025-11-12;23;157
50;2025-11-13;0;40
50;2025-11-13;1;3
50;2025-11-13;2;0
50;2025-11-13;3;0
50;2025-11-13;4;2
50;2025-11-13;5;73
50;2025-11-13;6;555
50;2025-11-13;7;1746
50;2025-11-13;8;2745
50;2025-11-13;9;2132
50;2025-11-13;10;1655
50;2025-11-13;11;1567
50;2025-11-13;12;1479
50;2025-11-13;13;1499
50;2025-11-13;14;1427
50;2025-11-13;15;1658
50;2025-11-13;16;1731
50;2025-11-13;17;2346
50;2025-11-13;18;2451
50;2025-11-13;19;1494
50;2025-11-13;20;922
50;2025-11-13;21;632
50;2025-11-13;22;295
50;2025-11-13;23;160
50;2025-11-14;0;40
50;2025-11-14;1;4
50;2025-11-14;2;0
50;2025-11-14;3;0
50;2025-11-14;4;3
50;2025-11-14;5;73
50;2025-11-14;6;550
50;2025-11-14;7;1721
50;2025-11-14;8;2699
50;2025-11-14;9;2092
50;2025-11-14;10;1620
50;2025-11-14;11;1561
50;2025-11-14;12;1463
50;2025-11-14;13;1499
50;2025-11-14;14;1423
50;2025-11-14;15;1654
50;2025-11-14;16;1729
50;2025-11-14;17;2271
50;2025-11-14;18;2274
50;2025-11-14;19;1419
50;2025-11-14;20;886
50;2025-11-14;21;620
50;2025-11-14;22;294
50;2025-11-14;23;156
50;2025-11-15;0;60
50;2025-11-15;1;6
50;2025-11-15;2;0
50;2025-11-15;3;0
50;2025-11-15;4;2
50;2025-11-15;5;33
50;2025-11-15;6;165
50;2025-11-15;7;377
50;2025-11-15;8;595
50;2025-11-15;9;622
50;2025-11-15;10;639
50;2025-11-15;11;803
50;2025-11-15;12;818
50;2025-11-15;13;850
50;2025-11-15;14;862
50;2025-11-15;15;859
50;2025-11-15;16;833
50;2025-11-15;17;811
50;2025-11-15;18;774
50;2025-11-15;19;659
50;2025-11-15;20;551
50;2025-11-15;21;436
50;2025-11-15;22;239
50;2025-11-15;23;145
50;2025-11-16;0;50
50;2025-11-16;1;2
50;2025-11-16;2;0
50;2025-11-16;3;0
50;2025-11-16;4;1
50;2025-11-16;5;20
50;2025-11-16;6;138
50;2025-11-16;7;265
50;2025-11-16;8;388
50;2025-11-16;9;488
50;2025-11-16;10;530
50;2025-11-16;11;693
50;2025-11-16;12;757
50;2025-11-16;13;805
50;2025-11-16;14;803
50;2025-11-16;15;790
50;2025-11-16;16;784
50;2025-11-16;17;714
50;2025-11-16;18;664
50;2025-11-16;19;551
50;2025-11-16;20;461
50;2025-11-16;21;385
50;2025-11-16;22;217
50;2025-11-16;23;113
50;2025-11-17;0;30
50;2025-11-17;1;2
50;2025-11-17;2;0
50;2025-11-17;3;0
50;2025-11-17;4;2
50;2025-11-17;5;68
50;2025-11-17;6;538
50;2025-11-17;7;1719
50;2025-11-17;8;2720
50;2025-11-17;9;2092
50;2025-11-17;10;1610
50;2025-11-17;11;1526
50;2025-11-17;12;1428
50;2025-11-17;13;1474
50;2025-11-17;14;1406
50;2025-11-17;15;1635
50;2025-11-17;16;1704
50;2025-11-17;17;2328
50;2025-11-17;18;2408
50;2025-11-17;19;1462
50;2025-11-17;20;888
50;2025-11-17;21;595
50;2025-11-17;22;274
50;2025-11-17;23;137
50;2025-11-18;0;35
50;2025-11-18;1;2
50;2025-11-18;2;0
50;2025-11-18;3;0
50;2025-11-18;4;3
50;2025-11-18;5;70
50;2025-11-18;6;552
50;2025-11-18;7;1746
50;2025-11-18;8;2746
50;2025-11-18;9;2131
50;2025-11-18;10;1654
50;2025-11-18;11;1565
50;2025-11-18;12;1477
50;2025-11-18;13;1498
50;2025-11-18;14;1424
50;2025-11-18;15;1660
50;2025-11-18;16;1730
50;2025-11-18;17;2344
50;2025-11-18;18;2451
50;2025-11-18;19;1493
50;2025-11-18;20;921
50;2025-11-18;21;626
50;2025-11-18;22;288
50;2025-11-18;23;155
50;2025-11-19;0;35
50;2025-11-19;1;1
50;2025-11-19;2;0
50;2025-11-19;3;0
50;2025-11-19;4;3
50;2025-11-19;5;72
50;2025-11-19;6;552
50;2025-11-19;7;1744
50;2025-11-19;8;2747
50;2025-11-19;9;2131
50;2025-11-19;10;1653
50;2025-11-19;11;1566
50;2025-11-19;12;1478
50;2025-11-19;13;1495
50;2025-11-19;14;1426
50;2025-11-19;15;1660
50;2025-11-19;16;1730
50;2025-11-19;17;2345
50;2025-11-19;18;2449
50;2025-11-19;19;1493
50;2025-11-19;20;919
50;2025-11-19;21;630
50;2025-11-19;22;291
50;2025-11-19;23;157
50;2025-11-20;0;40
50;2025-11-20;1;3
50;2025-11-20;2;0
50;2025-11-20;3;0
50;2025-11-20;4;2
50;2025-11-20;5;73
50;2025-11-20;6;555
50;2025-11-20;7;1746
50;2025-11-20;8;2745
50;2025-11-20;9;2132
50;2025-11-20;10;1655
50;2025-11-20;11;1567
50;2025-11-20;12;1479
50;2025-11-20;13;1499
50;2025-11-20;14;1427
50;2025-11-20;15;1658
50;2025-11-20;16;1731
50;2025-11-20;17;2346
50;2025-11-20;18;2451
50;2025-11-20;19;1494
50;2025-11-20;20;922
50;2025-11-20;21;632
50;2025-11-20;22;295
50;2025-11-20;23;160
50;2025-11-21;0;40
50;2025-11-21;1;4
50;2025-11-21;2;0
50;2025-11-21;3;0
50;2025-11-21;4;3
50;2025-11-21;5;73
50;2025-11-21;6;550
50;2025-11-21;7;1721
50;2025-11-21;8;2699
50;2025-11-21;9;2092
50;2025-11-21;10;1620
50;2025-11-21;11;1561
50;2025-11-21;12;1463
50;2025-11-21;13;1499
50;2025-11-21;14;1423
50;2025-11-21;15;1654
50;2025-11-21;16;1729
50;2025-11-21;17;2271
50;2025-11-21;18;2274
50;2025-11-21;19;1419
50;2025-11-21;20;886
50;2025-11-21;21;620
50;2025-11-21;22;294
50;2025-11-21;23;156
50;2025-11-22;0;60
50;2025-11-22;1;6
50;2025-11-22;2;0
50;2025-11-22;3;0
50;2025-11-22;4;2
50;2025-11-22;5;33
50;2025-11-22;6;165
50;2025-11-22;7;377
50;2025-11-22;8;595
50;2025-11-22;9;622
50;2025-11-22;10;639
50;2025-11-22;11;803
50;2025-11-22;12;818
50;2025-11-22;13;850
50;2025-11-22;14;862
50;2025-11-22;15;859
50;2025-11-22;16;833
50;2025-11-22;17;811
50;2025-11-22;18;774
50;2025-11-22;19;659
50;2025-11-22;20;551
50;2025-11-22;21;436
50;2025-11-22;22;239
50;2025-11-22;23;145
50;2025-11-23;0;50
50;2025-11-23;1;2
50;2025-11-23;2;0
50;2025-11-23;3;0
50;2025-11-23;4;1
50;2025-11-23;5;20
50;2025-11-23;6;138
50;2025-11-23;7;265
50;2025-11-23;8;388
50;2025-11-23;9;488
50;2025-11-23;10;530
50;2025-11-23;11;693
50;2025-11-23;12;757
50;2025-11-23;13;805
50;2025-11-23;14;803
50;2025-11-23;15;790
50;2025-11-23;16;784
50;2025-11-23;17;714
50;2025-11-23;18;664
50;2025-11-23;19;551
50;2025-11-23;20;461
50;2025-11-23;21;385
50;2025-11-23;22;217
50;2025-11-23;23;113
50;2025-11-24;0;30
50;2025-11-24;1;2
50;2025-11-24;2;0
50;2025-11-24;3;0
50;2025-11-24;4;2
50;2025-11-24;5;68
50;2025-11-24;6;538
50;2025-11-24;7;1719
50;2025-11-24;8;2720
50;2025-11-24;9;2092
50;2025-11-24;10;1610
50;2025-11-24;11;1526
50;2025-11-24;12;1428
50;2025-11-24;13;1474
50;2025-11-24;14;1406
50;2025-11-24;15;1635
50;2025-11-24;16;1704
50;2025-11-24;17;2328
50;2025-11-24;18;2408
50;2025-11-24;19;1462
50;2025-11-24;20;888
50;2025-11-24;21;595
50;2025-11-24;22;274
50;2025-11-24;23;137
50;2025-11-25;0;35
50;2025-11-25;1;2
50;2025-11-25;2;0
50;2025-11-25;3;0
50;2025-11-25;4;3
50;2025-11-25;5;70
50;2025-11-25;6;552
50;2025-11-25;7;1746
50;2025-11-25;8;2746
50;2025-11-25;9;2131
50;2025-11-25;10;1654
50;2025-11-25;11;1565
50;2025-11-25;12;1477
50;2025-11-25;13;1498
50;2025-11-25;14;1424
50;2025-11-25;15;1660
50;2025-11-25;16;1730
50;2025-11-25;17;2344
50;2025-11-25;18;2451
50;2025-11-25;19;1493
50;2025-11-25;20;921
50;2025-11-25;21;626
50;2025-11-25;22;288
50;2025-11-25;23;155
50;2025-11-26;0;35
50;2025-11-26;1;1
50;2025-11-26;2;0
50;2025-11-26;3;0
50;2025-11-26;4;3
50;2025-11-26;5;72
50;2025-11-26;6;552
50;2025-11-26;7;1744
50;2025-11-26;8;2747
50;2025-11-26;9;2131
50;2025-11-26;10;1653
50;2025-11-26;11;1566
50;2025-11-26;12;1478
50;2025-11-26;13;1495
50;2025-11-26;14;1426
50;2025-11-26;15;1660
50;2025-11-26;16;1730
50;2025-11-26;17;2345
50;2025-11-26;18;2449
50;2025-11-26;19;1493
50;2025-11-26;20;919
50;2025-11-26;21;630
50;2025-11-26;22;291
50;2025-11-26;23;157
50;2025-11-27;0;40
50;2025-11-27;1;3
50;2025-11-27;2;0
50;2025-11-27;3;0
50;2025-11-27;4;2
50;2025-11-27;5;73
50;2025-11-27;6;555
50;2025-11-27;7;1746
50;2025-11-27;8;2745
50;2025-11-27;9;2132
50;2025-11-27;10;1655
50;2025-11-27;11;1567
50;2025-11-27;12;1479
50;2025-11-27;13;1499
50;2025-11-27;14;1427
50;2025-11-27;15;1658
50;2025-11-27;16;1731
50;2025-11-27;17;2346
50;2025-11-27;18;2451
50;2025-11-27;19;1494
50;2025-11-27;20;922
50;2025-11-27;21;632
50;2025-11-27;22;295
50;2025-11-27;23;160
50;2025-11-28;0;40
50;2025-11-28;1;4
50;2025-11-28;2;0
50;2025-11-28;3;0
50;2025-11-28;4;3
50;2025-11-28;5;73
50;2025-11-28;6;550
50;2025-11-28;7;1721
50;2025-11-28;8;2699
50;2025-11-28;9;2092
50;2025-11-28;10;1620
50;2025-11-28;11;1561
50;2025-11-28;12;1463
50;2025-11-28;13;1499
50;2025-11-28;14;1423
50;2025-11-28;15;1654
50;2025-11-28;16;1729
50;2025-11-28;17;2271
50;2025-11-28;18;2274
50;2025-11-28;19;1419
50;2025-11-28;20;886
50;2025-11-28;21;620
50;2025-11-28;22;294
50;2025-11-28;23;156
50;2025-11-29;0;60
50;2025-11-29;1;6
50;2025-11-29;2;0
50;2025-11-29;3;0
50;2025-11-29;4;2
50;2025-11-29;5;33
50;2025-11-29;6;165
50;2025-11-29;7;377
50;2025-11-29;8;595
50;2025-11-29;9;622
50;2025-11-29;10;639
50;2025-11-29;11;803
50;2025-11-29;12;818
50;2025-11-29;13;850
50;2025-11-29;14;862
50;2025-11-29;15;859
50;2025-11-29;16;833
50;2025-11-29;17;811
50;2025-11-29;18;774
50;2025-11-29;19;659
50;2025-11-29;20;551
50;2025-11-29;21;436
50;2025-11-29;22;239
50;2025-11-29;23;145
50;2025-11-30;0;50
50;2025-11-30;1;2
50;2025-11-30;2;0
50;2025-11-30;3;0
50;2025-11-30;4;1
50;2025-11-30;5;20
50;2025-11-30;6;138
50;2025-11-30;7;265
50;2025-11-30;8;388
50;2025-11-30;9;488
50;2025-11-30;10;530
50;2025-11-30;11;693
50;2025-11-30;12;757
50;2025-11-30;13;805
50;2025-11-30;14;803
50;2025-11-30;15;790
50;2025-11-30;16;784
50;2025-11-30;17;714
50;2025-11-30;18;664
50;2025-11-30;19;551
50;2025-11-30;20;461
50;2025-11-30;21;385
50;2025-11-30;22;217
50;2025-11-30;23;113
50;2025-12-01;0;31
50;2025-12-01;1;3
50;2025-12-01;2;0
50;2025-12-01;3;0
50;2025-12-01;4;2
50;2025-12-01;5;63
50;2025-12-01;6;534
50;2025-12-01;7;1688
50;2025-12-01;8;2701
50;2025-12-01;9;2077
50;2025-12-01;10;1573
50;2025-12-01;11;1486
50;2025-12-01;12;1412
50;2025-12-01;13;1445
50;2025-12-01;14;1376
50;2025-12-01;15;1600
50;2025-12-01;16;1679
50;2025-12-01;17;2310
50;2025-12-01;18;2392
50;2025-12-01;19;1440
50;2025-12-01;20;854
50;2025-12-01;21;575
50;2025-12-01;22;273
50;2025-12-01;23;131
50;2025-12-02;0;35
50;2025-12-02;1;3
50;2025-12-02;2;0
50;2025-12-02;3;0
50;2025-12-02;4;3
50;2025-12-02;5;65
50;2025-12-02;6;548
50;2025-12-02;7;1715
50;2025-12-02;8;2727
50;2025-12-02;9;2115
50;2025-12-02;10;1616
50;2025-12-02;11;1524
50;2025-12-02;12;1461
50;2025-12-02;13;1469
50;2025-12-02;14;1394
50;2025-12-02;15;1625
50;2025-12-02;16;1705
50;2025-12-02;17;2327
50;2025-12-02;18;2428
50;2025-12-02;19;1471
50;2025-12-02;20;887
50;2025-12-02;21;602
50;2025-12-02;22;286
50;2025-12-02;23;149
50;2025-12-03;0;36
50;2025-12-03;1;2
50;2025-12-03;2;0
50;2025-12-03;3;0
50;2025-12-03;4;2
50;2025-12-03;5;67
50;2025-12-03;6;548
50;2025-12-03;7;1713
50;2025-12-03;8;2727
50;2025-12-03;9;2116
50;2025-12-03;10;1616
50;2025-12-03;11;1525
50;2025-12-03;12;1462
50;2025-12-03;13;1465
50;2025-12-03;14;1396
50;2025-12-03;15;1625
50;2025-12-03;16;1705
50;2025-12-03;17;2327
50;2025-12-03;18;2427
50;2025-12-03;19;1472
50;2025-12-03;20;885
50;2025-12-03;21;604
50;2025-12-03;22;289
50;2025-12-03;23;151
50;2025-12-04;0;41
50;2025-12-04;1;4
50;2025-12-04;2;0
50;2025-12-04;3;0
50;2025-12-04;4;2
50;2025-12-04;5;68
50;2025-12-04;6;551
50;2025-12-04;7;1714
50;2025-12-04;8;2726
50;2025-12-04;9;2117
50;2025-12-04;10;1618
50;2025-12-04;11;1527
50;2025-12-04;12;1463
50;2025-12-04;13;1470
50;2025-12-04;14;1398
50;2025-12-04;15;1624
50;2025-12-04;16;1706
50;2025-12-04;17;2328
50;2025-12-04;18;2428
50;2025-12-04;19;1473
50;2025-12-04;20;888
50;2025-12-04;21;606
50;2025-12-04;22;293
50;2025-12-04;23;154
50;2025-12-05;0;41
50;2025-12-05;1;5
50;2025-12-05;2;0
50;2025-12-05;3;0
50;2025-12-05;4;3
50;2025-12-05;5;68
50;2025-12-05;6;546
50;2025-12-05;7;1690
50;2025-12-05;8;2679
50;2025-12-05;9;2076
50;2025-12-05;10;1583
50;2025-12-05;11;1521
50;2025-12-05;12;1447
50;2025-12-05;13;1470
50;2025-12-05;14;1393
50;2025-12-05;15;1620
50;2025-12-05;16;1704
50;2025-12-05;17;2254
50;2025-12-05;18;2259
50;2025-12-05;19;1397
50;2025-12-05;20;852
50;2025-12-05;21;596
50;2025-12-05;22;292
50;2025-12-05;23;151
50;2025-12-06;0;59
50;2025-12-06;1;7
50;2025-12-06;2;0
50;2025-12-06;3;0
50;2025-12-06;4;2
50;2025-12-06;5;32
50;2025-12-06;6;160
50;2025-12-06;7;366
50;2025-12-06;8;567
50;2025-12-06;9;616
50;2025-12-06;10;605
50;2025-12-06;11;773
50;2025-12-06;12;802
50;2025-12-06;13;820
50;2025-12-06;14;832
50;2025-12-06;15;824
50;2025-12-06;16;808
50;2025-12-06;17;801
50;2025-12-06;18;742
50;2025-12-06;19;642
50;2025-12-06;20;504
50;2025-12-06;21;394
50;2025-12-06;22;237
50;2025-12-06;23;138
50;2025-12-07;0;49
50;2025-12-07;1;3
50;2025-12-07;2;0
50;2025-12-07;3;0
50;2025-12-07;4;1
50;2025-12-07;5;19
50;2025-12-07;6;132
50;2025-12-07;7;259
50;2025-12-07;8;363
50;2025-12-07;9;482
50;2025-12-07;10;496
50;2025-12-07;11;663
50;2025-12-07;12;741
50;2025-12-07;13;776
50;2025-12-07;14;773
50;2025-12-07;15;755
50;2025-12-07;16;759
50;2025-12-07;17;705
50;2025-12-07;18;644
50;2025-12-07;19;534
50;2025-12-07;20;414
50;2025-12-07;21;346
50;2025-12-07;22;215
50;2025-12-07;23;106
50;2025-12-08;0;31
50;2025-12-08;1;3
50;2025-12-08;2;0
50;2025-12-08;3;0
50;2025-12-08;4;2
50;2025-12-08;5;63
50;2025-12-08;6;534
50;2025-12-08;7;1688
50;2025-12-08;8;2701
50;2025-12-08;9;2077
50;2025-12-08;10;1573
50;2025-12-08;11;1486
50;2025-12-08;12;1412
50;2025-12-08;13;1445
50;2025-12-08;14;1376
50;2025-12-08;15;1600
50;2025-12-08;16;1679
50;2025-12-08;17;2310
50;2025-12-08;18;2392
50;2025-12-08;19;1440
50;2025-12-08;20;854
50;2025-12-08;21;575
50;2025-12-08;22;273
50;2025-12-08;23;131
50;2025-12-09;0;35
50;2025-12-09;1;3
50;2025-12-09;2;0
50;2025-12-09;3;0
50;2025-12-09;4;3
50;2025-12-09;5;65
50;2025-12-09;6;548
50;2025-12-09;7;1715
50;2025-12-09;8;2727
50;2025-12-09;9;2115
50;2025-12-09;10;1616
50;2025-12-09;11;1524
50;2025-12-09;12;1461
50;2025-12-09;13;1469
50;2025-12-09;14;1394
50;2025-12-09;15;1625
50;2025-12-09;16;1705
50;2025-12-09;17;2327
50;2025-12-09;18;2428
50;2025-12-09;19;1471
50;2025-12-09;20;887
50;2025-12-09;21;602
50;2025-12-09;22;286
50;2025-12-09;23;149
50;2025-12-10;0;36
50;2025-12-10;1;2
50;2025-12-10;2;0
50;2025-12-10;3;0
50;2025-12-10;4;2
50;2025-12-10;5;67
50;2025-12-10;6;548
50;2025-12-10;7;1713
50;2025-12-10;8;2727
50;2025-12-10;9;2116
50;2025-12-10;10;1616
50;2025-12-10;11;1525
50;2025-12-10;12;1462
50;2025-12-10;13;1465
50;2025-12-10;14;1396
50;2025-12-10;15;1625
50;2025-12-10;16;1705
50;2025-12-10;17;2327
50;2025-12-10;18;2427
50;2025-12-10;19;1472
50;2025-12-10;20;885
50;2025-12-10;21;604
50;2025-12-10;22;289
50;2025-12-10;23;151
50;2025-12-11;0;41
50;2025-12-11;1;4
50;2025-12-11;2;0
50;2025-12-11;3;0
50;2025-12-11;4;2
50;2025-12-11;5;68
50;2025-12-11;6;551
50;2025-12-11;7;1714
50;2025-12-11;8;2726
50;2025-12-11;9;2117
50;2025-12-11;10;1618
50;2025-12-11;11;1527
50;2025-12-11;12;1463
50;2025-12-11;13;1470
50;2025-12-11;14;1398
50;2025-12-11;15;1624
50;2025-12-11;16;1706
50;2025-12-11;17;2328
50;2025-12-11;18;2428
50;2025-12-11;19;1473
50;2025-12-11;20;888
50;2025-12-11;21;606
50;2025-12-11;22;293
50;2025-12-11;23;154
50;2025-12-12;0;41
50;2025-12-12;1;5
50;2025-12-12;2;0
50;2025-12-12;3;0
50;2025-12-12;4;3
50;2025-12-12;5;68
50;2025-12-12;6;546
50;2025-12-12;7;1690
50;2025-12-12;8;2679
50;2025-12-12;9;2076
50;2025-12-12;10;1583
50;2025-12-12;11;1521
50;2025-12-12;12;1447
50;2025-12-12;13;1470
50;2025-12-12;14;1393
50;2025-12-12;15;1620
50;2025-12-12;16;1704
50;2025-12-12;17;2254
50;2025-12-12;18;2259
50;2025-12-12;19;1397
50;2025-12-12;20;852
50;2025-12-12;21;596
50;2025-12-12;22;292
50;2025-12-12;23;151
50;2025-12-13;0;59
50;2025-12-13;1;7
50;2025-12-13;2;0
50;2025-12-13;3;0
50;2025-12-13;4;2
50;2025-12-13;5;32
50;2025-12-13;6;160
50;2025-12-13;7;366
50;2025-12-13;8;567
50;2025-12-13;9;616
50;2025-12-13;10;605
50;2025-12-13;11;773
50;2025-12-13;12;802
50;2025-12-13;13;820
50;2025-12-13;14;832
50;2025-12-13;15;824
50;2025-12-13;16;808
50;2025-12-13;17;801
50;2025-12-13;18;742
50;2025-12-13;19;642
50;2025-12-13;20;504
50;2025-12-13;21;394
50;2025-12-13;22;237
50;2025-12-13;23;138
50;2025-12-14;0;49
50;2025-12-14;1;3
50;2025-12-14;2;0
50;2025-12-14;3;0
50;2025-12-14;4;1
50;2025-12-14;5;19
50;2025-12-14;6;132
50;2025-12-14;7;259
50;2025-12-14;8;363
50;2025-12-14;9;482
50;2025-12-14;10;496
50;2025-12-14;11;663
50;2025-12-14;12;741
50;2025-12-14;13;776
50;2025-12-14;14;773
50;2025-12-14;15;755
50;2025-12-14;16;759
50;2025-12-14;17;705
50;2025-12-14;18;644
50;2025-12-14;19;534
50;2025-12-14;20;414
50;2025-12-14;21;346
50;2025-12-14;22;215
50;2025-12-14;23;106
50;2025-12-15;0;31
50;2025-12-15;1;3
50;2025-12-15;2;0
50;2025-12-15;3;0
50;2025-12-15;4;2
50;2025-12-15;5;63
50;2025-12-15;6;534
50;2025-12-15;7;1688
50;2025-12-15;8;2701
50;2025-12-15;9;2077
50;2025-12-15;10;1573
50;2025-12-15;11;1486
50;2025-12-15;12;1412
50;2025-12-15;13;1445
50;2025-12-15;14;1376
50;2025-12-15;15;1600
50;2025-12-15;16;1679
50;2025-12-15;17;2310
50;2025-12-15;18;2392
50;2025-12-15;19;1440
50;2025-12-15;20;854
50;2025-12-15;21;575
50;2025-12-15;22;273
50;2025-12-15;23;131
50;2025-12-16;0;35
50;2025-12-16;1;3
50;2025-12-16;2;0
50;2025-12-16;3;0
50;2025-12-16;4;3
50;2025-12-16;5;65
50;2025-12-16;6;548
50;2025-12-16;7;1715
50;2025-12-16;8;2727
50;2025-12-16;9;2115
50;2025-12-16;10;1616
50;2025-12-16;11;1524
50;2025-12-16;12;1461
50;2025-12-16;13;1469
50;2025-12-16;14;1394
50;2025-12-16;15;1625
50;2025-12-16;16;1705
50;2025-12-16;17;2327
50;2025-12-16;18;2428
50;2025-12-16;19;1471
50;2025-12-16;20;887
50;2025-12-16;21;602
50;2025-12-16;22;286
50;2025-12-16;23;149
50;2025-12-17;0;36
50;2025-12-17;1;2
50;2025-12-17;2;0
50;2025-12-17;3;0
50;2025-12-17;4;2
50;2025-12-17;5;67
50;2025-12-17;6;548
50;2025-12-17;7;1713
50;2025-12-17;8;2727
50;2025-12-17;9;2116
50;2025-12-17;10;1616
50;2025-12-17;11;1525
50;2025-12-17;12;1462
50;2025-12-17;13;1465
50;2025-12-17;14;1396
50;2025-12-17;15;1625
50;2025-12-17;16;1705
50;2025-12-17;17;2327
50;2025-12-17;18;2427
50;2025-12-17;19;1472
50;2025-12-17;20;885
50;2025-12-17;21;604
50;2025-12-17;22;289
50;2025-12-17;23;151
50;2025-12-18;0;41
50;2025-12-18;1;4
50;2025-12-18;2;0
50;2025-12-18;3;0
50;2025-12-18;4;2
50;2025-12-18;5;68
50;2025-12-18;6;551
50;2025-12-18;7;1714
50;2025-12-18;8;2726
50;2025-12-18;9;2117
50;2025-12-18;10;1618
50;2025-12-18;11;1527
50;2025-12-18;12;1463
50;2025-12-18;13;1470
50;2025-12-18;14;1398
50;2025-12-18;15;1624
50;2025-12-18;16;1706
50;2025-12-18;17;2328
50;2025-12-18;18;2428
50;2025-12-18;19;1473
50;2025-12-18;20;888
50;2025-12-18;21;606
50;2025-12-18;22;293
50;2025-12-18;23;154
50;2025-12-19;0;41
50;2025-12-19;1;5
50;2025-12-19;2;0
50;2025-12-19;3;0
50;2025-12-19;4;3
50;2025-12-19;5;68
50;2025-12-19;6;546
50;2025-12-19;7;1690
50;2025-12-19;8;2679
50;2025-12-19;9;2076
50;2025-12-19;10;1583
50;2025-12-19;11;1521
50;2025-12-19;12;1447
50;2025-12-19;13;1470
50;2025-12-19;14;1393
50;2025-12-19;15;1620
50;2025-12-19;16;1704
50;2025-12-19;17;2254
50;2025-12-19;18;2259
50;2025-12-19;19;1397
50;2025-12-19;20;852
50;2025-12-19;21;596
50;2025-12-19;22;292
50;2025-12-19;23;151
50;2025-12-20;0;59
50;2025-12-20;1;7
50;2025-12-20;2;0
50;2025-12-20;3;0
50;2025-12-20;4;2
50;2025-12-20;5;32
50;2025-12-20;6;160
50;2025-12-20;7;366
50;2025-12-20;8;567
50;2025-12-20;9;616
50;2025-12-20;10;605
50;2025-12-20;11;773
50;2025-12-20;12;802
50;2025-12-20;13;820
50;2025-12-20;14;832
50;2025-12-20;15;824
50;2025-12-20;16;808
50;2025-12-20;17;801
50;2025-12-20;18;742
50;2025-12-20;19;642
50;2025-12-20;20;504
50;2025-12-20;21;394
50;2025-12-20;22;237
50;2025-12-20;23;138
50;2025-12-21;0;49
50;2025-12-21;1;3
50;2025-12-21;2;0
50;2025-12-21;3;0
50;2025-12-21;4;1
50;2025-12-21;5;19
50;2025-12-21;6;132
50;2025-12-21;7;259
50;2025-12-21;8;363
50;2025-12-21;9;482
50;2025-12-21;10;496
50;2025-12-21;11;663
50;2025-12-21;12;741
50;2025-12-21;13;776
50;2025-12-21;14;773
50;2025-12-21;15;755
50;2025-12-21;16;759
50;2025-12-21;17;705
50;2025-12-21;18;644
50;2025-12-21;19;534
50;2025-12-21;20;414
50;2025-12-21;21;346
50;2025-12-21;22;215
50;2025-12-21;23;106
50;2025-12-22;0;31
50;2025-12-22;1;3
50;2025-12-22;2;0
50;2025-12-22;3;0
50;2025-12-22;4;2
50;2025-12-22;5;63
50;2025-12-22;6;534
50;2025-12-22;7;1688
50;2025-12-22;8;2701
50;2025-12-22;9;2077
50;2025-12-22;10;1573
50;2025-12-22;11;1486
50;2025-12-22;12;1412
50;2025-12-22;13;1445
50;2025-12-22;14;1376
50;2025-12-22;15;1600
50;2025-12-22;16;1679
50;2025-12-22;17;2310
50;2025-12-22;18;2392
50;2025-12-22;19;1440
50;2025-12-22;20;854
50;2025-12-22;21;575
50;2025-12-22;22;273
50;2025-12-22;23;131
50;2025-12-23;0;35
50;2025-12-23;1;3
50;2025-12-23;2;0
50;2025-12-23;3;0
50;2025-12-23;4;3
50;2025-12-23;5;65
50;2025-12-23;6;548
50;2025-12-23;7;1715
50;2025-12-23;8;2727
50;2025-12-23;9;2115
50;2025-12-23;10;1616
50;2025-12-23;11;1524
50;2025-12-23;12;1461
50;2025-12-23;13;1469
50;2025-12-23;14;1394
50;2025-12-23;15;1625
50;2025-12-23;16;1705
50;2025-12-23;17;2327
50;2025-12-23;18;2428
50;2025-12-23;19;1471
50;2025-12-23;20;887
50;2025-12-23;21;602
50;2025-12-23;22;286
50;2025-12-23;23;149
50;2025-12-24;0;36
50;2025-12-24;1;2
50;2025-12-24;2;0
50;2025-12-24;3;0
50;2025-12-24;4;2
50;2025-12-24;5;67
50;2025-12-24;6;548
50;2025-12-24;7;1713
50;2025-12-24;8;2727
50;2025-12-24;9;2116
50;2025-12-24;10;1616
50;2025-12-24;11;1525
50;2025-12-24;12;1462
50;2025-12-24;13;1465
50;2025-12-24;14;1396
50;2025-12-24;15;1625
50;2025-12-24;16;1705
50;2025-12-24;17;2327
50;2025-12-24;18;2427
50;2025-12-24;19;1472
50;2025-12-24;20;885
50;2025-12-24;21;604
50;2025-12-24;22;289
50;2025-12-24;23;151
50;2025-12-25;0;41
50;2025-12-25;1;4
50;2025-12-25;2;0
50;2025-12-25;3;0
50;2025-12-25;4;2
50;2025-12-25;5;68
50;2025-12-25;6;551
50;2025-12-25;7;1714
50;2025-12-25;8;2726
50;2025-12-25;9;2117
50;2025-12-25;10;1618
50;2025-12-25;11;1527
50;2025-12-25;12;1463
50;2025-12-25;13;1470
50;2025-12-25;14;1398
50;2025-12-25;15;1624
50;2025-12-25;16;1706
50;2025-12-25;17;2328
50;2025-12-25;18;2428
50;2025-12-25;19;1473
50;2025-12-25;20;888
50;2025-12-25;21;606
50;2025-12-25;22;293
50;2025-12-25;23;154
50;2025-12-26;0;41
50;2025-12-26;1;5
50;2025-12-26;2;0
50;2025-12-26;3;0
50;2025-12-26;4;3
50;2025-12-26;5;68
50;2025-12-26;6;546
50;2025-12-26;7;1690
50;2025-12-26;8;2679
50;2025-12-26;9;2076
50;2025-12-26;10;1583
50;2025-12-26;11;1521
50;2025-12-26;12;1447
50;2025-12-26;13;1470
50;2025-12-26;14;1393
50;2025-12-26;15;1620
50;2025-12-26;16;1704
50;2025-12-26;17;2254
50;2025-12-26;18;2259
50;2025-12-26;19;1397
50;2025-12-26;20;852
50;2025-12-26;21;596
50;2025-12-26;22;292
50;2025-12-26;23;151
50;2025-12-27;0;59
50;2025-12-27;1;7
50;2025-12-27;2;0
50;2025-12-27;3;0
50;2025-12-27;4;2
50;2025-12-27;5;32
50;2025-12-27;6;160
50;2025-12-27;7;366
50;2025-12-27;8;567
50;2025-12-27;9;616
50;2025-12-27;10;605
50;2025-12-27;11;773
50;2025-12-27;12;802
50;2025-12-27;13;820
50;2025-12-27;14;832
50;2025-12-27;15;824
50;2025-12-27;16;808
50;2025-12-27;17;801
50;2025-12-27;18;742
50;2025-12-27;19;642
50;2025-12-27;20;504
50;2025-12-27;21;394
50;2025-12-27;22;237
50;2025-12-27;23;138
50;2025-12-28;0;49
50;2025-12-28;1;3
50;2025-12-28;2;0
50;2025-12-28;3;0
50;2025-12-28;4;1
50;2025-12-28;5;19
50;2025-12-28;6;132
50;2025-12-28;7;259
50;2025-12-28;8;363
50;2025-12-28;9;482
50;2025-12-28;10;496
50;2025-12-28;11;663
50;2025-12-28;12;741
50;2025-12-28;13;776
50;2025-12-28;14;773
50;2025-12-28;15;755
50;2025-12-28;16;759
50;2025-12-28;17;705
50;2025-12-28;18;644
50;2025-12-28;19;534
50;2025-12-28;20;414
50;2025-12-28;21;346
50;2025-12-28;22;215
50;2025-12-28;23;106
50;2025-12-29;0;31
50;2025-12-29;1;3
50;2025-12-29;2;0
50;2025-12-29;3;0
50;2025-12-29;4;2
50;2025-12-29;5;63
50;2025-12-29;6;534
50;2025-12-29;7;1688
50;2025-12-29;8;2701
50;2025-12-29;9;2077
50;2025-12-29;10;1573
50;2025-12-29;11;1486
50;2025-12-29;12;1412
50;2025-12-29;13;1445
50;2025-12-29;14;1376
50;2025-12-29;15;1600
50;2025-12-29;16;1679
50;2025-12-29;17;2310
50;2025-12-29;18;2392
50;2025-12-29;19;1440
50;2025-12-29;20;854
50;2025-12-29;21;575
50;2025-12-29;22;273
50;2025-12-29;23;131
50;2025-12-30;0;35
50;2025-12-30;1;3
50;2025-12-30;2;0
50;2025-12-30;3;0
50;2025-12-30;4;3
50;2025-12-30;5;65
50;2025-12-30;6;548
50;2025-12-30;7;1715
50;2025-12-30;8;2727
50;2025-12-30;9;2115
50;2025-12-30;10;1616
50;2025-12-30;11;1524
50;2025-12-30;12;1461
50;2025-12-30;13;1469
50;2025-12-30;14;1394
50;2025-12-30;15;1625
50;2025-12-30;16;1705
50;2025-12-30;17;2327
50;2025-12-30;18;2428
50;2025-12-30;19;1471
50;2025-12-30;20;887
50;2025-12-30;21;602
50;2025-12-30;22;286
50;2025-12-30;23;149
50;2025-12-31;0;19
50;2025-12-31;1;0
50;2025-12-31;2;0
50;2025-12-31;3;0
50;2025-12-31;4;0
50;2025-12-31;5;13
50;2025-12-31;6;199
50;2025-12-31;7;502
50;2025-12-31;8;600
50;2025-12-31;9;643
50;2025-12-31;10;556
50;2025-12-31;11;678
50;2025-12-31;12;733
50;2025-12-31;13;691
50;2025-12-31;14;697
50;2025-12-31;15;799
50;2025-12-31;16;754
50;2025-12-31;17;766
50;2025-12-31;18;990
50;2025-12-31;19;666
50;2025-12-31;20;472
50;2025-12-31;21;354
50;2025-12-31;22;214
50;2025-12-31;23;119
