route;date;hour;prediction
1;2025-11-01;0;20
1;2025-11-01;1;0
1;2025-11-01;2;0
1;2025-11-01;3;0
1;2025-11-01;4;10
1;2025-11-01;5;69
1;2025-11-01;6;211
1;2025-11-01;7;472
1;2025-11-01;8;1481
1;2025-11-01;9;1325
1;2025-11-01;10;1316
1;2025-11-01;11;1419
1;2025-11-01;12;1506
1;2025-11-01;13;1517
1;2025-11-01;14;1486
1;2025-11-01;15;1593
1;2025-11-01;16;1597
1;2025-11-01;17;1805
1;2025-11-01;18;1686
1;2025-11-01;19;1108
1;2025-11-01;20;607
1;2025-11-01;21;346
1;2025-11-01;22;167
1;2025-11-01;23;44
1;2025-11-02;0;0
1;2025-11-02;1;0
1;2025-11-02;2;0
1;2025-11-02;3;0
1;2025-11-02;4;0
1;2025-11-02;5;18
1;2025-11-02;6;91
1;2025-11-02;7;230
1;2025-11-02;8;315
1;2025-11-02;9;551
1;2025-11-02;10;673
1;2025-11-02;11;606
1;2025-11-02;12;794
1;2025-11-02;13;785
1;2025-11-02;14;735
1;2025-11-02;15;687
1;2025-11-02;16;612
1;2025-11-02;17;557
1;2025-11-02;18;487
1;2025-11-02;19;412
1;2025-11-02;20;291
1;2025-11-02;21;214
1;2025-11-02;22;89
1;2025-11-02;23;20
1;2025-11-03;0;0
1;2025-11-03;1;0
1;2025-11-03;2;0
1;2025-11-03;3;0
1;2025-11-03;4;7
1;2025-11-03;5;66
1;2025-11-03;6;240
1;2025-11-03;7;375
1;2025-11-03;8;485
1;2025-11-03;9;592
1;2025-11-03;10;616
1;2025-11-03;11;630
1;2025-11-03;12;795
1;2025-11-03;13;802
1;2025-11-03;14;766
1;2025-11-03;15;738
1;2025-11-03;16;693
1;2025-11-03;17;644
1;2025-11-03;18;621
1;2025-11-03;19;497
1;2025-11-03;20;352
1;2025-11-03;21;312
1;2025-11-03;22;153
1;2025-11-03;23;30
1;2025-11-04;0;1
1;2025-11-04;1;0
1;2025-11-04;2;0
1;2025-11-04;3;0
1;2025-11-04;4;1
1;2025-11-04;5;30
1;2025-11-04;6;181
1;2025-11-04;7;319
1;2025-11-04;8;392
1;2025-11-04;9;547
1;2025-11-04;10;591
1;2025-11-04;11;517
1;2025-11-04;12;756
1;2025-11-04;13;776
1;2025-11-04;14;666
1;2025-11-04;15;641
1;2025-11-04;16;611
1;2025-11-04;17;559
1;2025-11-04;18;538
1;2025-11-04;19;442
1;2025-11-04;20;335
1;2025-11-04;21;299
1;2025-11-04;22;125
1;2025-11-04;23;29
1;2025-11-05;0;2
1;2025-11-05;1;0
1;2025-11-05;2;0
1;2025-11-05;3;0
1;2025-11-05;4;9
1;2025-11-05;5;131
1;2025-11-05;6;517
1;2025-11-05;7;1515
1;2025-11-05;8;1945
1;2025-11-05;9;1477
1;2025-11-05;10;1367
1;2025-11-05;11;1365
1;2025-11-05;12;1407
1;2025-11-05;13;1462
1;2025-11-05;14;1397
1;2025-11-05;15;1529
1;2025-11-05;16;1533
1;2025-11-05;17;1817
1;2025-11-05;18;1817
1;2025-11-05;19;1399
1;2025-11-05;20;887
1;2025-11-05;21;485
1;2025-11-05;22;236
1;2025-11-05;23;40
1;2025-11-06;0;5
1;2025-11-06;1;0
1;2025-11-06;2;0
1;2025-11-06;3;0
1;2025-11-06;4;9
1;2025-11-06;5;125
1;2025-11-06;6;515
1;2025-11-06;7;1520
1;2025-11-06;8;1948
1;2025-11-06;9;1484
1;2025-11-06;10;1376
1;2025-11-06;11;1373
1;2025-11-06;12;1412
1;2025-11-06;13;1462
1;2025-11-06;14;1398
1;2025-11-06;15;1535
1;2025-11-06;16;1543
1;2025-11-06;17;1822
1;2025-11-06;18;1813
1;2025-11-06;19;1396
1;2025-11-06;20;886
1;2025-11-06;21;493
1;2025-11-06;22;237
1;2025-11-06;23;41
1;2025-11-07;0;4
1;2025-11-07;1;0
1;2025-11-07;2;0
1;2025-11-07;3;0
1;2025-11-07;4;7
1;2025-11-07;5;130
1;2025-11-07;6;499
1;2025-11-07;7;1489
1;2025-11-07;8;1896
1;2025-11-07;9;1444
1;2025-11-07;10;1333
1;2025-11-07;11;1379
1;2025-11-07;12;1379
1;2025-11-07;13;1432
1;2025-11-07;14;1402
1;2025-11-07;15;1546
1;2025-11-07;16;1589
1;2025-11-07;17;1798
1;2025-11-07;18;1673
1;2025-11-07;19;1299
1;2025-11-07;20;828
1;2025-11-07;21;473
1;2025-11-07;22;234
1;2025-11-07;23;46
1;2025-11-08;0;4
1;2025-11-08;1;0
1;2025-11-08;2;0
1;2025-11-08;3;0
1;2025-11-08;4;0
1;2025-11-08;5;34
1;2025-11-08;6;171
1;2025-11-08;7;367
1;2025-11-08;8;490
1;2025-11-08;9;735
1;2025-11-08;10;851
1;2025-11-08;11;773
1;2025-11-08;12;957
1;2025-11-08;13;1009
1;2025-11-08;14;943
1;2025-11-08;15;849
1;2025-11-08;16;793
1;2025-11-08;17;725
1;2025-11-08;18;639
1;2025-11-08;19;554
1;2025-11-08;20;424
1;2025-11-08;21;321
1;2025-11-08;22;126
1;2025-11-08;23;32
1;2025-11-09;0;0
1;2025-11-09;1;0
1;2025-11-09;2;0
1;2025-11-09;3;0
1;2025-11-09;4;0
1;2025-11-09;5;28
1;2025-11-09;6;122
1;2025-11-09;7;269
1;2025-11-09;8;379
1;2025-11-09;9;599
1;2025-11-09;10;695
1;2025-11-09;11;676
1;2025-11-09;12;869
1;2025-11-09;13;885
1;2025-11-09;14;830
1;2025-11-09;15;746
1;2025-11-09;16;698
1;2025-11-09;17;612
1;2025-11-09;18;559
1;2025-11-09;19;461
1;2025-11-09;20;364
1;2025-11-09;21;279
1;2025-11-09;22;109
1;2025-11-09;23;32
1;2025-11-10;0;0
1;2025-11-10;1;0
1;2025-11-10;2;0
1;2025-11-10;3;0
1;2025-11-10;4;9
1;2025-11-10;5;129
1;2025-11-10;6;504
1;2025-11-10;7;1497
1;2025-11-10;8;1902
1;2025-11-10;9;1417
1;2025-11-10;10;1306
1;2025-11-10;11;1314
1;2025-11-10;12;1361
1;2025-11-10;13;1391
1;2025-11-10;14;1351
1;2025-11-10;15;1484
1;2025-11-10;16;1520
1;2025-11-10;17;1788
1;2025-11-10;18;1773
1;2025-11-10;19;1372
1;2025-11-10;20;866
1;2025-11-10;21;466
1;2025-11-10;22;215
1;2025-11-10;23;34
1;2025-11-11;0;3
1;2025-11-11;1;0
1;2025-11-11;2;0
1;2025-11-11;3;0
1;2025-11-11;4;8
1;2025-11-11;5;131
1;2025-11-11;6;519
1;2025-11-11;7;1529
1;2025-11-11;8;1951
1;2025-11-11;9;1483
1;2025-11-11;10;1375
1;2025-11-11;11;1369
1;2025-11-11;12;1408
1;2025-11-11;13;1459
1;2025-11-11;14;1392
1;2025-11-11;15;1527
1;2025-11-11;16;1536
1;2025-11-11;17;1814
1;2025-11-11;18;1818
1;2025-11-11;19;1402
1;2025-11-11;20;889
1;2025-11-11;21;485
1;2025-11-11;22;223
1;2025-11-11;23;40
1;2025-11-12;0;2
1;2025-11-12;1;0
1;2025-11-12;2;0
1;2025-11-12;3;0
1;2025-11-12;4;9
1;2025-11-12;5;131
1;2025-11-12;6;517
1;2025-11-12;7;1515
1;2025-11-12;8;1945
1;2025-11-12;9;1477
1;2025-11-12;10;1367
1;2025-11-12;11;1365
1;2025-11-12;12;1407
1;2025-11-12;13;1462
1;2025-11-12;14;1397
1;2025-11-12;15;1529
1;2025-11-12;16;1533
1;2025-11-12;17;1817
1;2025-11-12;18;1817
1;2025-11-12;19;1399
1;2025-11-12;20;887
1;2025-11-12;21;485
1;2025-11-12;22;236
1;2025-11-12;23;40
1;2025-11-13;0;5
1;2025-11-13;1;0
1;2025-11-13;2;0
1;2025-11-13;3;0
1;2025-11-13;4;9
1;2025-11-13;5;125
1;2025-11-13;6;515
1;2025-11-13;7;1520
1;2025-11-13;8;1948
1;2025-11-13;9;1484
1;2025-11-13;10;1376
1;2025-11-13;11;1373
1;2025-11-13;12;1412
1;2025-11-13;13;1462
1;2025-11-13;14;1398
1;2025-11-13;15;1535
1;2025-11-13;16;1543
1;2025-11-13;17;1822
1;2025-11-13;18;1813
1;2025-11-13;19;1396
1;2025-11-13;20;886
1;2025-11-13;21;493
1;2025-11-13;22;237
1;2025-11-13;23;41
1;2025-11-14;0;4
1;2025-11-14;1;0
1;2025-11-14;2;0
1;2025-11-14;3;0
1;2025-11-14;4;7
1;2025-11-14;5;130
1;2025-11-14;6;499
1;2025-11-14;7;1489
1;2025-11-14;8;1896
1;2025-11-14;9;1444
1;2025-11-14;10;1333
1;2025-11-14;11;1379
1;2025-11-14;12;1379
1;2025-11-14;13;1432
1;2025-11-14;14;1402
1;2025-11-14;15;1546
1;2025-11-14;16;1589
1;2025-11-14;17;1798
1;2025-11-14;18;1673
1;2025-11-14;19;1299
1;2025-11-14;20;828
1;2025-11-14;21;473
1;2025-11-14;22;234
1;2025-11-14;23;46
1;2025-11-15;0;4
1;2025-11-15;1;0
1;2025-11-15;2;0
1;2025-11-15;3;0
1;2025-11-15;4;0
1;2025-11-15;5;34
1;2025-11-15;6;171
1;2025-11-15;7;367
1;2025-11-15;8;490
1;2025-11-15;9;735
1;2025-11-15;10;851
1;2025-11-15;11;773
1;2025-11-15;12;957
1;2025-11-15;13;1009
1;2025-11-15;14;943
1;2025-11-15;15;849
1;2025-11-15;16;793
1;2025-11-15;17;725
1;2025-11-15;18;639
1;2025-11-15;19;554
1;2025-11-15;20;424
1;2025-11-15;21;321
1;2025-11-15;22;126
1;2025-11-15;23;32
1;2025-11-16;0;0
1;2025-11-16;1;0
1;2025-11-16;2;0
1;2025-11-16;3;0
1;2025-11-16;4;0
1;2025-11-16;5;28
1;2025-11-16;6;122
1;2025-11-16;7;269
1;2025-11-16;8;379
1;2025-11-16;9;599
1;2025-11-16;10;695
1;2025-11-16;11;676
1;2025-11-16;12;869
1;2025-11-16;13;885
1;2025-11-16;14;830
1;2025-11-16;15;746
1;2025-11-16;16;698
1;2025-11-16;17;612
1;2025-11-16;18;559
1;2025-11-16;19;461
1;2025-11-16;20;364
1;2025-11-16;21;279
1;2025-11-16;22;109
1;2025-11-16;23;32
1;2025-11-17;0;0
1;2025-11-17;1;0
1;2025-11-17;2;0
1;2025-11-17;3;0
1;2025-11-17;4;9
1;2025-11-17;5;129
1;2025-11-17;6;504
1;2025-11-17;7;1497
1;2025-11-17;8;1902
1;2025-11-17;9;1417
1;2025-11-17;10;1306
1;2025-11-17;11;1314
1;2025-11-17;12;1361
1;2025-11-17;13;1391
1;2025-11-17;14;1351
1;2025-11-17;15;1484
1;2025-11-17;16;1520
1;2025-11-17;17;1788
1;2025-11-17;18;1773
1;2025-11-17;19;1372
1;2025-11-17;20;866
1;2025-11-17;21;466
1;2025-11-17;22;215
1;2025-11-17;23;34
1;2025-11-18;0;3
1;2025-11-18;1;0
1;2025-11-18;2;0
1;2025-11-18;3;0
1;2025-11-18;4;8
1;2025-11-18;5;131
1;2025-11-18;6;519
1;2025-11-18;7;1529
1;2025-11-18;8;1951
1;2025-11-18;9;1483
1;2025-11-18;10;1375
1;2025-11-18;11;1369
1;2025-11-18;12;1408
1;2025-11-18;13;1459
1;2025-11-18;14;1392
1;2025-11-18;15;1527
1;2025-11-18;16;1536
1;2025-11-18;17;1814
1;2025-11-18;18;1818
1;2025-11-18;19;1402
1;2025-11-18;20;889
1;2025-11-18;21;485
1;2025-11-18;22;223
1;2025-11-18;23;40
1;2025-11-19;0;2
1;2025-11-19;1;0
1;2025-11-19;2;0
1;2025-11-19;3;0
1;2025-11-19;4;9
1;2025-11-19;5;131
1;2025-11-19;6;517
1;2025-11-19;7;1515
1;2025-11-19;8;1945
1;2025-11-19;9;1477
1;2025-11-19;10;1367
1;2025-11-19;11;1365
1;2025-11-19;12;1407
1;2025-11-19;13;1462
1;2025-11-19;14;1397
1;2025-11-19;15;1529
1;2025-11-19;16;1533
1;2025-11-19;17;1817
1;2025-11-19;18;1817
1;2025-11-19;19;1399
1;2025-11-19;20;887
1;2025-11-19;21;485
1;2025-11-19;22;236
1;2025-11-19;23;40
1;2025-11-20;0;5
1;2025-11-20;1;0
1;2025-11-20;2;0
1;2025-11-20;3;0
1;2025-11-20;4;9
1;2025-11-20;5;125
1;2025-11-20;6;515
1;2025-11-20;7;1520
1;2025-11-20;8;1948
1;2025-11-20;9;1484
1;2025-11-20;10;1376
1;2025-11-20;11;1373
1;2025-11-20;12;1412
1;2025-11-20;13;1462
1;2025-11-20;14;1398
1;2025-11-20;15;1535
1;2025-11-20;16;1543
1;2025-11-20;17;1822
1;2025-11-20;18;1813
1;2025-11-20;19;1396
1;2025-11-20;20;886
1;2025-11-20;21;493
1;2025-11-20;22;237
1;2025-11-20;23;41
1;2025-11-21;0;4
1;2025-11-21;1;0
1;2025-11-21;2;0
1;2025-11-21;3;0
1;2025-11-21;4;7
1;2025-11-21;5;130
1;2025-11-21;6;499
1;2025-11-21;7;1489
1;2025-11-21;8;1896
1;2025-11-21;9;1444
1;2025-11-21;10;1333
1;2025-11-21;11;1379
1;2025-11-21;12;1379
1;2025-11-21;13;1432
1;2025-11-21;14;1402
1;2025-11-21;15;1546
1;2025-11-21;16;1589
1;2025-11-21;17;1798
1;2025-11-21;18;1673
1;2025-11-21;19;1299
1;2025-11-21;20;828
1;2025-11-21;21;473
1;2025-11-21;22;234
1;2025-11-21;23;46
1;2025-11-22;0;4
1;2025-11-22;1;0
1;2025-11-22;2;0
1;2025-11-22;3;0
1;2025-11-22;4;0
1;2025-11-22;5;34
1;2025-11-22;6;171
1;2025-11-22;7;367
1;2025-11-22;8;490
1;2025-11-22;9;735
1;2025-11-22;10;851
1;2025-11-22;11;773
1;2025-11-22;12;957
1;2025-11-22;13;1009
1;2025-11-22;14;943
1;2025-11-22;15;849
1;2025-11-22;16;793
1;2025-11-22;17;725
1;2025-11-22;18;639
1;2025-11-22;19;554
1;2025-11-22;20;424
1;2025-11-22;21;321
1;2025-11-22;22;126
1;2025-11-22;23;32
1;2025-11-23;0;0
1;2025-11-23;1;0
1;2025-11-23;2;0
1;2025-11-23;3;0
1;2025-11-23;4;0
1;2025-11-23;5;28
1;2025-11-23;6;122
1;2025-11-23;7;269
1;2025-11-23;8;379
1;2025-11-23;9;599
1;2025-11-23;10;695
1;2025-11-23;11;676
1;2025-11-23;12;869
1;2025-11-23;13;885
1;2025-11-23;14;830
1;2025-11-23;15;746
1;2025-11-23;16;698
1;2025-11-23;17;612
1;2025-11-23;18;559
1;2025-11-23;19;461
1;2025-11-23;20;364
1;2025-11-23;21;279
1;2025-11-23;22;109
1;2025-11-23;23;32
1;2025-11-24;0;0
1;2025-11-24;1;0
1;2025-11-24;2;0
1;2025-11-24;3;0
1;2025-11-24;4;9
1;2025-11-24;5;129
1;2025-11-24;6;504
1;2025-11-24;7;1497
1;2025-11-24;8;1902
1;2025-11-24;9;1417
1;2025-11-24;10;1306
1;2025-11-24;11;1314
1;2025-11-24;12;1361
1;2025-11-24;13;1391
1;2025-11-24;14;1351
1;2025-11-24;15;1484
1;2025-11-24;16;1520
1;2025-11-24;17;1788
1;2025-11-24;18;1773
1;2025-11-24;19;1372
1;2025-11-24;20;866
1;2025-11-24;21;466
1;2025-11-24;22;215
1;2025-11-24;23;34
1;2025-11-25;0;3
1;2025-11-25;1;0
1;2025-11-25;2;0
1;2025-11-25;3;0
1;2025-11-25;4;8
1;2025-11-25;5;131
1;2025-11-25;6;519
1;2025-11-25;7;1529
1;2025-11-25;8;1951
1;2025-11-25;9;1483
1;2025-11-25;10;1375
1;2025-11-25;11;1369
1;2025-11-25;12;1408
1;2025-11-25;13;1459
1;2025-11-25;14;1392
1;2025-11-25;15;1527
1;2025-11-25;16;1536
1;2025-11-25;17;1814
1;2025-11-25;18;1818
1;2025-11-25;19;1402
1;2025-11-25;20;889
1;2025-11-25;21;485
1;2025-11-25;22;223
1;2025-11-25;23;40
1;2025-11-26;0;2
1;2025-11-26;1;0
1;2025-11-26;2;0
1;2025-11-26;3;0
1;2025-11-26;4;9
1;2025-11-26;5;131
1;2025-11-26;6;517
1;2025-11-26;7;1515
1;2025-11-26;8;1945
1;2025-11-26;9;1477
1;2025-11-26;10;1367
1;2025-11-26;11;1365
1;2025-11-26;12;1407
1;2025-11-26;13;1462
1;2025-11-26;14;1397
1;2025-11-26;15;1529
1;2025-11-26;16;1533
1;2025-11-26;17;1817
1;2025-11-26;18;1817
1;2025-11-26;19;1399
1;2025-11-26;20;887
1;2025-11-26;21;485
1;2025-11-26;22;236
1;2025-11-26;23;40
1;2025-11-27;0;5
1;2025-11-27;1;0
1;2025-11-27;2;0
1;2025-11-27;3;0
1;2025-11-27;4;9
1;2025-11-27;5;125
1;2025-11-27;6;515
1;2025-11-27;7;1520
1;2025-11-27;8;1948
1;2025-11-27;9;1484
1;2025-11-27;10;1376
1;2025-11-27;11;1373
1;2025-11-27;12;1412
1;2025-11-27;13;1462
1;2025-11-27;14;1398
1;2025-11-27;15;1535
1;2025-11-27;16;1543
1;2025-11-27;17;1822
1;2025-11-27;18;1813
1;2025-11-27;19;1396
1;2025-11-27;20;886
1;2025-11-27;21;493
1;2025-11-27;22;237
1;2025-11-27;23;41
1;2025-11-28;0;4
1;2025-11-28;1;0
1;2025-11-28;2;0
1;2025-11-28;3;0
1;2025-11-28;4;7
1;2025-11-28;5;130
1;2025-11-28;6;499
1;2025-11-28;7;1489
1;2025-11-28;8;1896
1;2025-11-28;9;1444
1;2025-11-28;10;1333
1;2025-11-28;11;1379
1;2025-11-28;12;1379
1;2025-11-28;13;1432
1;2025-11-28;14;1402
1;2025-11-28;15;1546
1;2025-11-28;16;1589
1;2025-11-28;17;1798
1;2025-11-28;18;1673
1;2025-11-28;19;1299
1;2025-11-28;20;828
1;2025-11-28;21;473
1;2025-11-28;22;234
1;2025-11-28;23;46
1;2025-11-29;0;4
1;2025-11-29;1;0
1;2025-11-29;2;0
1;2025-11-29;3;0
1;2025-11-29;4;0
1;2025-11-29;5;34
1;2025-11-29;6;171
1;2025-11-29;7;367
1;2025-11-29;8;490
1;2025-11-29;9;735
1;2025-11-29;10;851
1;2025-11-29;11;773
1;2025-11-29;12;957
1;2025-11-29;13;1009
1;2025-11-29;14;943
1;2025-11-29;15;849
1;2025-11-29;16;793
1;2025-11-29;17;725
1;2025-11-29;18;639
1;2025-11-29;19;554
1;2025-11-29;20;424
1;2025-11-29;21;321
1;2025-11-29;22;126
1;2025-11-29;23;32
1;2025-11-30;0;0
1;2025-11-30;1;0
1;2025-11-30;2;0
1;2025-11-30;3;0
1;2025-11-30;4;0
1;2025-11-30;5;28
1;2025-11-30;6;122
1;2025-11-30;7;269
1;2025-11-30;8;379
1;2025-11-30;9;599
1;2025-11-30;10;695
1;2025-11-30;11;676
1;2025-11-30;12;869
1;2025-11-30;13;885
1;2025-11-30;14;830
1;2025-11-30;15;746
1;2025-11-30;16;698
1;2025-11-30;17;612
1;2025-11-30;18;559
1;2025-11-30;19;461
1;2025-11-30;20;364
1;2025-11-30;21;279
1;2025-11-30;22;109
1;2025-11-30;23;32
1;2025-12-01;0;0
1;2025-12-01;1;0
1;2025-12-01;2;0
1;2025-12-01;3;0
1;2025-12-01;4;6
1;2025-12-01;5;134
1;2025-12-01;6;539
1;2025-12-01;7;1461
1;2025-12-01;8;1835
1;2025-12-01;9;1391
1;2025-12-01;10;1241
1;2025-12-01;11;1309
1;2025-12-01;12;1330
1;2025-12-01;13;1347
1;2025-12-01;14;1295
1;2025-12-01;15;1448
1;2025-12-01;16;1447
1;2025-12-01;17;1714
1;2025-12-01;18;1700
1;2025-12-01;19;1343
1;2025-12-01;20;834
1;2025-12-01;21;455
1;2025-12-01;22;223
1;2025-12-01;23;50
1;2025-12-02;0;4
1;2025-12-02;1;0
1;2025-12-02;2;0
1;2025-12-02;3;0
1;2025-12-02;4;5
1;2025-12-02;5;136
1;2025-12-02;6;552
1;2025-12-02;7;1485
1;2025-12-02;8;1884
1;2025-12-02;9;1452
1;2025-12-02;10;1305
1;2025-12-02;11;1359
1;2025-12-02;12;1373
1;2025-12-02;13;1413
1;2025-12-02;14;1332
1;2025-12-02;15;1487
1;2025-12-02;16;1457
1;2025-12-02;17;1731
1;2025-12-02;18;1746
1;2025-12-02;19;1375
1;2025-12-02;20;853
1;2025-12-02;21;473
1;2025-12-02;22;232
1;2025-12-02;23;55
1;2025-12-03;0;5
1;2025-12-03;1;0
1;2025-12-03;2;0
1;2025-12-03;3;0
1;2025-12-03;4;7
1;2025-12-03;5;136
1;2025-12-03;6;550
1;2025-12-03;7;1471
1;2025-12-03;8;1879
1;2025-12-03;9;1446
1;2025-12-03;10;1297
1;2025-12-03;11;1355
1;2025-12-03;12;1372
1;2025-12-03;13;1417
1;2025-12-03;14;1337
1;2025-12-03;15;1489
1;2025-12-03;16;1454
1;2025-12-03;17;1735
1;2025-12-03;18;1746
1;2025-12-03;19;1372
1;2025-12-03;20;851
1;2025-12-03;21;469
1;2025-12-03;22;244
1;2025-12-03;23;55
1;2025-12-04;0;6
1;2025-12-04;1;0
1;2025-12-04;2;0
1;2025-12-04;3;0
1;2025-12-04;4;7
1;2025-12-04;5;131
1;2025-12-04;6;548
1;2025-12-04;7;1476
1;2025-12-04;8;1881
1;2025-12-04;9;1453
1;2025-12-04;10;1304
1;2025-12-04;11;1362
1;2025-12-04;12;1376
1;2025-12-04;13;1415
1;2025-12-04;14;1337
1;2025-12-04;15;1494
1;2025-12-04;16;1462
1;2025-12-04;17;1737
1;2025-12-04;18;1742
1;2025-12-04;19;1367
1;2025-12-04;20;848
1;2025-12-04;21;477
1;2025-12-04;22;245
1;2025-12-04;23;56
1;2025-12-05;0;6
1;2025-12-05;1;0
1;2025-12-05;2;0
1;2025-12-05;3;0
1;2025-12-05;4;4
1;2025-12-05;5;135
1;2025-12-05;6;534
1;2025-12-05;7;1453
1;2025-12-05;8;1829
1;2025-12-05;9;1417
1;2025-12-05;10;1268
1;2025-12-05;11;1373
1;2025-12-05;12;1348
1;2025-12-05;13;1388
1;2025-12-05;14;1346
1;2025-12-05;15;1509
1;2025-12-05;16;1515
1;2025-12-05;17;1724
1;2025-12-05;18;1600
1;2025-12-05;19;1276
1;2025-12-05;20;802
1;2025-12-05;21;462
1;2025-12-05;22;242
1;2025-12-05;23;62
1;2025-12-06;0;9
1;2025-12-06;1;0
1;2025-12-06;2;0
1;2025-12-06;3;0
1;2025-12-06;4;0
1;2025-12-06;5;35
1;2025-12-06;6;180
1;2025-12-06;7;334
1;2025-12-06;8;434
1;2025-12-06;9;697
1;2025-12-06;10;787
1;2025-12-06;11;742
1;2025-12-06;12;904
1;2025-12-06;13;949
1;2025-12-06;14;860
1;2025-12-06;15;795
1;2025-12-06;16;721
1;2025-12-06;17;650
1;2025-12-06;18;578
1;2025-12-06;19;521
1;2025-12-06;20;384
1;2025-12-06;21;314
1;2025-12-06;22;136
1;2025-12-06;23;43
1;2025-12-07;0;0
1;2025-12-07;1;0
1;2025-12-07;2;0
1;2025-12-07;3;0
1;2025-12-07;4;0
1;2025-12-07;5;29
1;2025-12-07;6;131
1;2025-12-07;7;256
1;2025-12-07;8;335
1;2025-12-07;9;571
1;2025-12-07;10;647
1;2025-12-07;11;653
1;2025-12-07;12;832
1;2025-12-07;13;840
1;2025-12-07;14;766
1;2025-12-07;15;707
1;2025-12-07;16;645
1;2025-12-07;17;556
1;2025-12-07;18;510
1;2025-12-07;19;434
1;2025-12-07;20;336
1;2025-12-07;21;281
1;2025-12-07;22;119
1;2025-12-07;23;43
1;2025-12-08;0;0
1;2025-12-08;1;0
1;2025-12-08;2;0
1;2025-12-08;3;0
1;2025-12-08;4;6
1;2025-12-08;5;134
1;2025-12-08;6;539
1;2025-12-08;7;1461
1;2025-12-08;8;1835
1;2025-12-08;9;1391
1;2025-12-08;10;1241
1;2025-12-08;11;1309
1;2025-12-08;12;1330
1;2025-12-08;13;1347
1;2025-12-08;14;1295
1;2025-12-08;15;1448
1;2025-12-08;16;1447
1;2025-12-08;17;1714
1;2025-12-08;18;1700
1;2025-12-08;19;1343
1;2025-12-08;20;834
1;2025-12-08;21;455
1;2025-12-08;22;223
1;2025-12-08;23;50
1;2025-12-09;0;4
1;2025-12-09;1;0
1;2025-12-09;2;0
1;2025-12-09;3;0
1;2025-12-09;4;5
1;2025-12-09;5;136
1;2025-12-09;6;552
1;2025-12-09;7;1485
1;2025-12-09;8;1884
1;2025-12-09;9;1452
1;2025-12-09;10;1305
1;2025-12-09;11;1359
1;2025-12-09;12;1373
1;2025-12-09;13;1413
1;2025-12-09;14;1332
1;2025-12-09;15;1487
1;2025-12-09;16;1457
1;2025-12-09;17;1731
1;2025-12-09;18;1746
1;2025-12-09;19;1375
1;2025-12-09;20;853
1;2025-12-09;21;473
1;2025-12-09;22;232
1;2025-12-09;23;55
1;2025-12-10;0;5
1;2025-12-10;1;0
1;2025-12-10;2;0
1;2025-12-10;3;0
1;2025-12-10;4;7
1;2025-12-10;5;136
1;2025-12-10;6;550
1;2025-12-10;7;1471
1;2025-12-10;8;1879
1;2025-12-10;9;1446
1;2025-12-10;10;1297
1;2025-12-10;11;1355
1;2025-12-10;12;1372
1;2025-12-10;13;1417
1;2025-12-10;14;1337
1;2025-12-10;15;1489
1;2025-12-10;16;1454
1;2025-12-10;17;1735
1;2025-12-10;18;1746
1;2025-12-10;19;1372
1;2025-12-10;20;851
1;2025-12-10;21;469
1;2025-12-10;22;244
1;2025-12-10;23;55
1;2025-12-11;0;6
1;2025-12-11;1;0
1;2025-12-11;2;0
1;2025-12-11;3;0
1;2025-12-11;4;7
1;2025-12-11;5;131
1;2025-12-11;6;548
1;2025-12-11;7;1476
1;2025-12-11;8;1881
1;2025-12-11;9;1453
1;2025-12-11;10;1304
1;2025-12-11;11;1362
1;2025-12-11;12;1376
1;2025-12-11;13;1415
1;2025-12-11;14;1337
1;2025-12-11;15;1494
1;2025-12-11;16;1462
1;2025-12-11;17;1737
1;2025-12-11;18;1742
1;2025-12-11;19;1367
1;2025-12-11;20;848
1;2025-12-11;21;477
1;2025-12-11;22;245
1;2025-12-11;23;56
1;2025-12-12;0;6
1;2025-12-12;1;0
1;2025-12-12;2;0
1;2025-12-12;3;0
1;2025-12-12;4;4
1;2025-12-12;5;135
1;2025-12-12;6;534
1;2025-12-12;7;1453
1;2025-12-12;8;1829
1;2025-12-12;9;1417
1;2025-12-12;10;1268
1;2025-12-12;11;1373
1;2025-12-12;12;1348
1;2025-12-12;13;1388
1;2025-12-12;14;1346
1;2025-12-12;15;1509
1;2025-12-12;16;1515
1;2025-12-12;17;1724
1;2025-12-12;18;1600
1;2025-12-12;19;1276
1;2025-12-12;20;802
1;2025-12-12;21;462
1;2025-12-12;22;242
1;2025-12-12;23;62
1;2025-12-13;0;9
1;2025-12-13;1;0
1;2025-12-13;2;0
1;2025-12-13;3;0
1;2025-12-13;4;0
1;2025-12-13;5;35
1;2025-12-13;6;180
1;2025-12-13;7;334
1;2025-12-13;8;434
1;2025-12-13;9;697
1;2025-12-13;10;787
1;2025-12-13;11;742
1;2025-12-13;12;904
1;2025-12-13;13;949
1;2025-12-13;14;860
1;2025-12-13;15;795
1;2025-12-13;16;721
1;2025-12-13;17;650
1;2025-12-13;18;578
1;2025-12-13;19;521
1;2025-12-13;20;384
1;2025-12-13;21;314
1;2025-12-13;22;136
1;2025-12-13;23;43
1;2025-12-14;0;0
1;2025-12-14;1;0
1;2025-12-14;2;0
1;2025-12-14;3;0
1;2025-12-14;4;0
1;2025-12-14;5;29
1;2025-12-14;6;131
1;2025-12-14;7;256
1;2025-12-14;8;335
1;2025-12-14;9;571
1;2025-12-14;10;647
1;2025-12-14;11;653
1;2025-12-14;12;832
1;2025-12-14;13;840
1;2025-12-14;14;766
1;2025-12-14;15;707
1;2025-12-14;16;645
1;2025-12-14;17;556
1;2025-12-14;18;510
1;2025-12-14;19;434
1;2025-12-14;20;336
1;2025-12-14;21;281
1;2025-12-14;22;119
1;2025-12-14;23;43
1;2025-12-15;0;0
1;2025-12-15;1;0
1;2025-12-15;2;0
1;2025-12-15;3;0
1;2025-12-15;4;6
1;2025-12-15;5;134
1;2025-12-15;6;539
1;2025-12-15;7;1461
1;2025-12-15;8;1835
1;2025-12-15;9;1391
1;2025-12-15;10;1241
1;2025-12-15;11;1309
1;2025-12-15;12;1330
1;2025-12-15;13;1347
1;2025-12-15;14;1295
1;2025-12-15;15;1448
1;2025-12-15;16;1447
1;2025-12-15;17;1714
1;2025-12-15;18;1700
1;2025-12-15;19;1343
1;2025-12-15;20;834
1;2025-12-15;21;455
1;2025-12-15;22;223
1;2025-12-15;23;50
1;2025-12-16;0;4
1;2025-12-16;1;0
1;2025-12-16;2;0
1;2025-12-16;3;0
1;2025-12-16;4;5
1;2025-12-16;5;136
1;2025-12-16;6;552
1;2025-12-16;7;1485
1;2025-12-16;8;1884
1;2025-12-16;9;1452
1;2025-12-16;10;1305
1;2025-12-16;11;1359
1;2025-12-16;12;1373
1;2025-12-16;13;1413
1;2025-12-16;14;1332
1;2025-12-16;15;1487
1;2025-12-16;16;1457
1;2025-12-16;17;1731
1;2025-12-16;18;1746
1;2025-12-16;19;1375
1;2025-12-16;20;853
1;2025-12-16;21;473
1;2025-12-16;22;232
1;2025-12-16;23;55
1;2025-12-17;0;5
1;2025-12-17;1;0
1;2025-12-17;2;0
1;2025-12-17;3;0
1;2025-12-17;4;7
1;2025-12-17;5;136
1;2025-12-17;6;550
1;2025-12-17;7;1471
1;2025-12-17;8;1879
1;2025-12-17;9;1446
1;2025-12-17;10;1297
1;2025-12-17;11;1355
1;2025-12-17;12;1372
1;2025-12-17;13;1417
1;2025-12-17;14;1337
1;2025-12-17;15;1489
1;2025-12-17;16;1454
1;2025-12-17;17;1735
1;2025-12-17;18;1746
1;2025-12-17;19;1372
1;2025-12-17;20;851
1;2025-12-17;21;469
1;2025-12-17;22;244
1;2025-12-17;23;55
1;2025-12-18;0;6
1;2025-12-18;1;0
1;2025-12-18;2;0
1;2025-12-18;3;0
1;2025-12-18;4;7
1;2025-12-18;5;131
1;2025-12-18;6;548
1;2025-12-18;7;1476
1;2025-12-18;8;1881
1;2025-12-18;9;1453
1;2025-12-18;10;1304
1;2025-12-18;11;1362
1;2025-12-18;12;1376
1;2025-12-18;13;1415
1;2025-12-18;14;1337
1;2025-12-18;15;1494
1;2025-12-18;16;1462
1;2025-12-18;17;1737
1;2025-12-18;18;1742
1;2025-12-18;19;1367
1;2025-12-18;20;848
1;2025-12-18;21;477
1;2025-12-18;22;245
1;2025-12-18;23;56
1;2025-12-19;0;6
1;2025-12-19;1;0
1;2025-12-19;2;0
1;2025-12-19;3;0
1;2025-12-19;4;4
1;2025-12-19;5;135
1;2025-12-19;6;534
1;2025-12-19;7;1453
1;2025-12-19;8;1829
1;2025-12-19;9;1417
1;2025-12-19;10;1268
1;2025-12-19;11;1373
1;2025-12-19;12;1348
1;2025-12-19;13;1388
1;2025-12-19;14;1346
1;2025-12-19;15;1509
1;2025-12-19;16;1515
1;2025-12-19;17;1724
1;2025-12-19;18;1600
1;2025-12-19;19;1276
1;2025-12-19;20;802
1;2025-12-19;21;462
1;2025-12-19;22;242
1;2025-12-19;23;62
1;2025-12-20;0;9
1;2025-12-20;1;0
1;2025-12-20;2;0
1;2025-12-20;3;0
1;2025-12-20;4;0
1;2025-12-20;5;35
1;2025-12-20;6;180
1;2025-12-20;7;334
1;2025-12-20;8;434
1;2025-12-20;9;697
1;2025-12-20;10;787
1;2025-12-20;11;742
1;2025-12-20;12;904
1;2025-12-20;13;949
1;2025-12-20;14;860
1;2025-12-20;15;795
1;2025-12-20;16;721
1;2025-12-20;17;650
1;2025-12-20;18;578
1;2025-12-20;19;521
1;2025-12-20;20;384
1;2025-12-20;21;314
1;2025-12-20;22;136
1;2025-12-20;23;43
1;2025-12-21;0;0
1;2025-12-21;1;0
1;2025-12-21;2;0
1;2025-12-21;3;0
1;2025-12-21;4;0
1;2025-12-21;5;29
1;2025-12-21;6;131
1;2025-12-21;7;256
1;2025-12-21;8;335
1;2025-12-21;9;571
1;2025-12-21;10;647
1;2025-12-21;11;653
1;2025-12-21;12;832
1;2025-12-21;13;840
1;2025-12-21;14;766
1;2025-12-21;15;707
1;2025-12-21;16;645
1;2025-12-21;17;556
1;2025-12-21;18;510
1;2025-12-21;19;434
1;2025-12-21;20;336
1;2025-12-21;21;281
1;2025-12-21;22;119
1;2025-12-21;23;43
1;2025-12-22;0;0
1;2025-12-22;1;0
1;2025-12-22;2;0
1;2025-12-22;3;0
1;2025-12-22;4;6
1;2025-12-22;5;134
1;2025-12-22;6;539
1;2025-12-22;7;1461
1;2025-12-22;8;1835
1;2025-12-22;9;1391
1;2025-12-22;10;1241
1;2025-12-22;11;1309
1;2025-12-22;12;1330
1;2025-12-22;13;1347
1;2025-12-22;14;1295
1;2025-12-22;15;1448
1;2025-12-22;16;1447
1;2025-12-22;17;1714
1;2025-12-22;18;1700
1;2025-12-22;19;1343
1;2025-12-22;20;834
1;2025-12-22;21;455
1;2025-12-22;22;223
1;2025-12-22;23;50
1;2025-12-23;0;4
1;2025-12-23;1;0
1;2025-12-23;2;0
1;2025-12-23;3;0
1;2025-12-23;4;5
1;2025-12-23;5;136
1;2025-12-23;6;552
1;2025-12-23;7;1485
1;2025-12-23;8;1884
1;2025-12-23;9;1452
1;2025-12-23;10;1305
1;2025-12-23;11;1359
1;2025-12-23;12;1373
1;2025-12-23;13;1413
1;2025-12-23;14;1332
1;2025-12-23;15;1487
1;2025-12-23;16;1457
1;2025-12-23;17;1731
1;2025-12-23;18;1746
1;2025-12-23;19;1375
1;2025-12-23;20;853
1;2025-12-23;21;473
1;2025-12-23;22;232
1;2025-12-23;23;55
1;2025-12-24;0;5
1;2025-12-24;1;0
1;2025-12-24;2;0
1;2025-12-24;3;0
1;2025-12-24;4;7
1;2025-12-24;5;136
1;2025-12-24;6;550
1;2025-12-24;7;1471
1;2025-12-24;8;1879
1;2025-12-24;9;1446
1;2025-12-24;10;1297
1;2025-12-24;11;1355
1;2025-12-24;12;1372
1;2025-12-24;13;1417
1;2025-12-24;14;1337
1;2025-12-24;15;1489
1;2025-12-24;16;1454
1;2025-12-24;17;1735
1;2025-12-24;18;1746
1;2025-12-24;19;1372
1;2025-12-24;20;851
1;2025-12-24;21;469
1;2025-12-24;22;244
1;2025-12-24;23;55
1;2025-12-25;0;6
1;2025-12-25;1;0
1;2025-12-25;2;0
1;2025-12-25;3;0
1;2025-12-25;4;7
1;2025-12-25;5;131
1;2025-12-25;6;548
1;2025-12-25;7;1476
1;2025-12-25;8;1881
1;2025-12-25;9;1453
1;2025-12-25;10;1304
1;2025-12-25;11;1362
1;2025-12-25;12;1376
1;2025-12-25;13;1415
1;2025-12-25;14;1337
1;2025-12-25;15;1494
1;2025-12-25;16;1462
1;2025-12-25;17;1737
1;2025-12-25;18;1742
1;2025-12-25;19;1367
1;2025-12-25;20;848
1;2025-12-25;21;477
1;2025-12-25;22;245
1;2025-12-25;23;56
1;2025-12-26;0;6
1;2025-12-26;1;0
1;2025-12-26;2;0
1;2025-12-26;3;0
1;2025-12-26;4;4
1;2025-12-26;5;135
1;2025-12-26;6;534
1;2025-12-26;7;1453
1;2025-12-26;8;1829
1;2025-12-26;9;1417
1;2025-12-26;10;1268
1;2025-12-26;11;1373
1;2025-12-26;12;1348
1;2025-12-26;13;1388
1;2025-12-26;14;1346
1;2025-12-26;15;1509
1;2025-12-26;16;1515
1;2025-12-26;17;1724
1;2025-12-26;18;1600
1;2025-12-26;19;1276
1;2025-12-26;20;802
1;2025-12-26;21;462
1;2025-12-26;22;242
1;2025-12-26;23;62
1;2025-12-27;0;9
1;2025-12-27;1;0
1;2025-12-27;2;0
1;2025-12-27;3;0
1;2025-12-27;4;0
1;2025-12-27;5;35
1;2025-12-27;6;180
1;2025-12-27;7;334
1;2025-12-27;8;434
1;2025-12-27;9;697
1;2025-12-27;10;787
1;2025-12-27;11;742
1;2025-12-27;12;904
1;2025-12-27;13;949
1;2025-12-27;14;860
1;2025-12-27;15;795
1;2025-12-27;16;721
1;2025-12-27;17;650
1;2025-12-27;18;578
1;2025-12-27;19;521
1;2025-12-27;20;384
1;2025-12-27;21;314
1;2025-12-27;22;136
1;2025-12-27;23;43
1;2025-12-28;0;0
1;2025-12-28;1;0
1;2025-12-28;2;0
1;2025-12-28;3;0
1;2025-12-28;4;0
1;2025-12-28;5;29
1;2025-12-28;6;131
1;2025-12-28;7;256
1;2025-12-28;8;335
1;2025-12-28;9;571
1;2025-12-28;10;647
1;2025-12-28;11;653
1;2025-12-28;12;832
1;2025-12-28;13;840
1;2025-12-28;14;766
1;2025-12-28;15;707
1;2025-12-28;16;645
1;2025-12-28;17;556
1;2025-12-28;18;510
1;2025-12-28;19;434
1;2025-12-28;20;336
1;2025-12-28;21;281
1;2025-12-28;22;119
1;2025-12-28;23;43
1;2025-12-29;0;0
1;2025-12-29;1;0
1;2025-12-29;2;0
1;2025-12-29;3;0
1;2025-12-29;4;6
1;2025-12-29;5;134
1;2025-12-29;6;539
1;2025-12-29;7;1461
1;2025-12-29;8;1835
1;2025-12-29;9;1391
1;2025-12-29;10;1241
1;2025-12-29;11;1309
1;2025-12-29;12;1330
1;2025-12-29;13;1347
1;2025-12-29;14;1295
1;2025-12-29;15;1448
1;2025-12-29;16;1447
1;2025-12-29;17;1714
1;2025-12-29;18;1700
1;2025-12-29;19;1343
1;2025-12-29;20;834
1;2025-12-29;21;455
1;2025-12-29;22;223
1;2025-12-29;23;50
1;2025-12-30;0;4
1;2025-12-30;1;0
1;2025-12-30;2;0
1;2025-12-30;3;0
1;2025-12-30;4;5
1;2025-12-30;5;136
1;2025-12-30;6;552
1;2025-12-30;7;1485
1;2025-12-30;8;1884
1;2025-12-30;9;1452
1;2025-12-30;10;1305
1;2025-12-30;11;1359
1;2025-12-30;12;1373
1;2025-12-30;13;1413
1;2025-12-30;14;1332
1;2025-12-30;15;1487
1;2025-12-30;16;1457
1;2025-12-30;17;1731
1;2025-12-30;18;1746
1;2025-12-30;19;1375
1;2025-12-30;20;853
1;2025-12-30;21;473
1;2025-12-30;22;232
1;2025-12-30;23;55
1;2025-12-31;0;5
1;2025-12-31;1;0
1;2025-12-31;2;0
1;2025-12-31;3;0
1;2025-12-31;4;7
1;2025-12-31;5;123
1;2025-12-31;6;456
1;2025-12-31;7;560
1;2025-12-31;8;643
1;2025-12-31;9;625
1;2025-12-31;10;592
1;2025-12-31;11;705
1;2025-12-31;12;796
1;2025-12-31;13;804
1;2025-12-31;14;788
1;2025-12-31;15;751
1;2025-12-31;16;673
1;2025-12-31;17;629
1;2025-12-31;18;662
1;2025-12-31;19;541
1;2025-12-31;20;419
1;2025-12-31;21;437
1;2025-12-31;22;232
1;2025-12-31;23;62
5;2025-11-01;0;0
5;2025-11-01;1;0
5;2025-11-01;2;0
5;2025-11-01;3;0
5;2025-11-01;4;0
5;2025-11-01;5;0
5;2025-11-01;6;0
5;2025-11-01;7;0
5;2025-11-01;8;0
5;2025-11-01;9;0
5;2025-11-01;10;0
5;2025-11-01;11;0
5;2025-11-01;12;0
5;2025-11-01;13;0
5;2025-11-01;14;0
5;2025-11-01;15;0
5;2025-11-01;16;0
5;2025-11-01;17;0
5;2025-11-01;18;0
5;2025-11-01;19;0
5;2025-11-01;20;0
5;2025-11-01;21;0
5;2025-11-01;22;0
5;2025-11-01;23;0
5;2025-11-02;0;0
5;2025-11-02;1;0
5;2025-11-02;2;0
5;2025-11-02;3;0
5;2025-11-02;4;0
5;2025-11-02;5;0
5;2025-11-02;6;0
5;2025-11-02;7;0
5;2025-11-02;8;0
5;2025-11-02;9;0
5;2025-11-02;10;0
5;2025-11-02;11;0
5;2025-11-02;12;0
5;2025-11-02;13;0
5;2025-11-02;14;0
5;2025-11-02;15;0
5;2025-11-02;16;0
5;2025-11-02;17;0
5;2025-11-02;18;0
5;2025-11-02;19;0
5;2025-11-02;20;0
5;2025-11-02;21;0
5;2025-11-02;22;0
5;2025-11-02;23;0
5;2025-11-03;0;0
5;2025-11-03;1;0
5;2025-11-03;2;0
5;2025-11-03;3;0
5;2025-11-03;4;0
5;2025-11-03;5;0
5;2025-11-03;6;0
5;2025-11-03;7;0
5;2025-11-03;8;0
5;2025-11-03;9;0
5;2025-11-03;10;0
5;2025-11-03;11;0
5;2025-11-03;12;0
5;2025-11-03;13;0
5;2025-11-03;14;0
5;2025-11-03;15;0
5;2025-11-03;16;0
5;2025-11-03;17;0
5;2025-11-03;18;0
5;2025-11-03;19;0
5;2025-11-03;20;0
5;2025-11-03;21;0
5;2025-11-03;22;0
5;2025-11-03;23;0
5;2025-11-04;0;0
5;2025-11-04;1;0
5;2025-11-04;2;0
5;2025-11-04;3;0
5;2025-11-04;4;0
5;2025-11-04;5;0
5;2025-11-04;6;0
5;2025-11-04;7;0
5;2025-11-04;8;0
5;2025-11-04;9;0
5;2025-11-04;10;0
5;2025-11-04;11;0
5;2025-11-04;12;0
5;2025-11-04;13;0
5;2025-11-04;14;0
5;2025-11-04;15;0
5;2025-11-04;16;0
5;2025-11-04;17;0
5;2025-11-04;18;0
5;2025-11-04;19;0
5;2025-11-04;20;0
5;2025-11-04;21;0
5;2025-11-04;22;0
5;2025-11-04;23;0
5;2025-11-05;0;0
5;2025-11-05;1;0
5;2025-11-05;2;0
5;2025-11-05;3;0
5;2025-11-05;4;0
5;2025-11-05;5;0
5;2025-11-05;6;0
5;2025-11-05;7;0
5;2025-11-05;8;0
5;2025-11-05;9;0
5;2025-11-05;10;0
5;2025-11-05;11;0
5;2025-11-05;12;0
5;2025-11-05;13;0
5;2025-11-05;14;0
5;2025-11-05;15;0
5;2025-11-05;16;0
5;2025-11-05;17;0
5;2025-11-05;18;0
5;2025-11-05;19;0
5;2025-11-05;20;0
5;2025-11-05;21;0
5;2025-11-05;22;0
5;2025-11-05;23;0
5;2025-11-06;0;0
5;2025-11-06;1;0
5;2025-11-06;2;0
5;2025-11-06;3;0
5;2025-11-06;4;0
5;2025-11-06;5;0
5;2025-11-06;6;0
5;2025-11-06;7;0
5;2025-11-06;8;0
5;2025-11-06;9;0
5;2025-11-06;10;0
5;2025-11-06;11;0
5;2025-11-06;12;0
5;2025-11-06;13;0
5;2025-11-06;14;0
5;2025-11-06;15;0
5;2025-11-06;16;0
5;2025-11-06;17;0
5;2025-11-06;18;0
5;2025-11-06;19;0
5;2025-11-06;20;0
5;2025-11-06;21;0
5;2025-11-06;22;0
5;2025-11-06;23;0
5;2025-11-07;0;0
5;2025-11-07;1;0
5;2025-11-07;2;0
5;2025-11-07;3;0
5;2025-11-07;4;0
5;2025-11-07;5;0
5;2025-11-07;6;0
5;2025-11-07;7;0
5;2025-11-07;8;0
5;2025-11-07;9;0
5;2025-11-07;10;0
5;2025-11-07;11;0
5;2025-11-07;12;0
5;2025-11-07;13;0
5;2025-11-07;14;0
5;2025-11-07;15;0
5;2025-11-07;16;0
5;2025-11-07;17;0
5;2025-11-07;18;0
5;2025-11-07;19;0
5;2025-11-07;20;0
5;2025-11-07;21;0
5;2025-11-07;22;0
5;2025-11-07;23;0
5;2025-11-08;0;0
5;2025-11-08;1;0
5;2025-11-08;2;0
5;2025-11-08;3;0
5;2025-11-08;4;0
5;2025-11-08;5;0
5;2025-11-08;6;0
5;2025-11-08;7;0
5;2025-11-08;8;0
5;2025-11-08;9;0
5;2025-11-08;10;0
5;2025-11-08;11;0
5;2025-11-08;12;0
5;2025-11-08;13;0
5;2025-11-08;14;0
5;2025-11-08;15;0
5;2025-11-08;16;0
5;2025-11-08;17;0
5;2025-11-08;18;0
5;2025-11-08;19;0
5;2025-11-08;20;0
5;2025-11-08;21;0
5;2025-11-08;22;0
5;2025-11-08;23;0
5;2025-11-09;0;0
5;2025-11-09;1;0
5;2025-11-09;2;0
5;2025-11-09;3;0
5;2025-11-09;4;0
5;2025-11-09;5;0
5;2025-11-09;6;0
5;2025-11-09;7;0
5;2025-11-09;8;0
5;2025-11-09;9;0
5;2025-11-09;10;0
5;2025-11-09;11;0
5;2025-11-09;12;0
5;2025-11-09;13;0
5;2025-11-09;14;0
5;2025-11-09;15;0
5;2025-11-09;16;0
5;2025-11-09;17;0
5;2025-11-09;18;0
5;2025-11-09;19;0
5;2025-11-09;20;0
5;2025-11-09;21;0
5;2025-11-09;22;0
5;2025-11-09;23;0
5;2025-11-10;0;0
5;2025-11-10;1;0
5;2025-11-10;2;0
5;2025-11-10;3;0
5;2025-11-10;4;0
5;2025-11-10;5;0
5;2025-11-10;6;0
5;2025-11-10;7;0
5;2025-11-10;8;0
5;2025-11-10;9;0
5;2025-11-10;10;0
5;2025-11-10;11;0
5;2025-11-10;12;0
5;2025-11-10;13;0
5;2025-11-10;14;0
5;2025-11-10;15;0
5;2025-11-10;16;0
5;2025-11-10;17;0
5;2025-11-10;18;0
5;2025-11-10;19;0
5;2025-11-10;20;0
5;2025-11-10;21;0
5;2025-11-10;22;0
5;2025-11-10;23;0
5;2025-11-11;0;0
5;2025-11-11;1;0
5;2025-11-11;2;0
5;2025-11-11;3;0
5;2025-11-11;4;0
5;2025-11-11;5;0
5;2025-11-11;6;0
5;2025-11-11;7;0
5;2025-11-11;8;0
5;2025-11-11;9;0
5;2025-11-11;10;0
5;2025-11-11;11;0
5;2025-11-11;12;0
5;2025-11-11;13;0
5;2025-11-11;14;0
5;2025-11-11;15;0
5;2025-11-11;16;0
5;2025-11-11;17;0
5;2025-11-11;18;0
5;2025-11-11;19;0
5;2025-11-11;20;0
5;2025-11-11;21;0
5;2025-11-11;22;0
5;2025-11-11;23;0
5;2025-11-12;0;0
5;2025-11-12;1;0
5;2025-11-12;2;0
5;2025-11-12;3;0
5;2025-11-12;4;0
5;2025-11-12;5;0
5;2025-11-12;6;0
5;2025-11-12;7;0
5;2025-11-12;8;0
5;2025-11-12;9;0
5;2025-11-12;10;0
5;2025-11-12;11;0
5;2025-11-12;12;0
5;2025-11-12;13;0
5;2025-11-12;14;0
5;2025-11-12;15;0
5;2025-11-12;16;0
5;2025-11-12;17;0
5;2025-11-12;18;0
5;2025-11-12;19;0
5;2025-11-12;20;0
5;2025-11-12;21;0
5;2025-11-12;22;0
5;2025-11-12;23;0
5;2025-11-13;0;0
5;2025-11-13;1;0
5;2025-11-13;2;0
5;2025-11-13;3;0
5;2025-11-13;4;0
5;2025-11-13;5;0
5;2025-11-13;6;0
5;2025-11-13;7;0
5;2025-11-13;8;0
5;2025-11-13;9;0
5;2025-11-13;10;0
5;2025-11-13;11;0
5;2025-11-13;12;0
5;2025-11-13;13;0
5;2025-11-13;14;0
5;2025-11-13;15;0
5;2025-11-13;16;0
5;2025-11-13;17;0
5;2025-11-13;18;0
5;2025-11-13;19;0
5;2025-11-13;20;0
5;2025-11-13;21;0
5;2025-11-13;22;0
5;2025-11-13;23;0
5;2025-11-14;0;0
5;2025-11-14;1;0
5;2025-11-14;2;0
5;2025-11-14;3;0
5;2025-11-14;4;0
5;2025-11-14;5;0
5;2025-11-14;6;0
5;2025-11-14;7;0
5;2025-11-14;8;0
5;2025-11-14;9;0
5;2025-11-14;10;0
5;2025-11-14;11;0
5;2025-11-14;12;0
5;2025-11-14;13;0
5;2025-11-14;14;0
5;2025-11-14;15;0
5;2025-11-14;16;0
5;2025-11-14;17;0
5;2025-11-14;18;0
5;2025-11-14;19;0
5;2025-11-14;20;0
5;2025-11-14;21;0
5;2025-11-14;22;0
5;2025-11-14;23;0
5;2025-11-15;0;0
5;2025-11-15;1;0
5;2025-11-15;2;0
5;2025-11-15;3;0
5;2025-11-15;4;0
5;2025-11-15;5;0
5;2025-11-15;6;0
5;2025-11-15;7;0
5;2025-11-15;8;0
5;2025-11-15;9;0
5;2025-11-15;10;0
5;2025-11-15;11;0
5;2025-11-15;12;0
5;2025-11-15;13;0
5;2025-11-15;14;0
5;2025-11-15;15;0
5;2025-11-15;16;0
5;2025-11-15;17;0
5;2025-11-15;18;0
5;2025-11-15;19;0
5;2025-11-15;20;0
5;2025-11-15;21;0
5;2025-11-15;22;0
5;2025-11-15;23;0
5;2025-11-16;0;0
5;2025-11-16;1;0
5;2025-11-16;2;0
5;2025-11-16;3;0
5;2025-11-16;4;0
5;2025-11-16;5;0
5;2025-11-16;6;0
5;2025-11-16;7;0
5;2025-11-16;8;0
5;2025-11-16;9;0
5;2025-11-16;10;0
5;2025-11-16;11;0
5;2025-11-16;12;0
5;2025-11-16;13;0
5;2025-11-16;14;0
5;2025-11-16;15;0
5;2025-11-16;16;0
5;2025-11-16;17;0
5;2025-11-16;18;0
5;2025-11-16;19;0
5;2025-11-16;20;0
5;2025-11-16;21;0
5;2025-11-16;22;0
5;2025-11-16;23;0
5;2025-11-17;0;0
5;2025-11-17;1;0
5;2025-11-17;2;0
5;2025-11-17;3;0
5;2025-11-17;4;0
5;2025-11-17;5;0
5;2025-11-17;6;0
5;2025-11-17;7;0
5;2025-11-17;8;0
5;2025-11-17;9;0
5;2025-11-17;10;0
5;2025-11-17;11;0
5;2025-11-17;12;0
5;2025-11-17;13;0
5;2025-11-17;14;0
5;2025-11-17;15;0
5;2025-11-17;16;0
5;2025-11-17;17;0
5;2025-11-17;18;0
5;2025-11-17;19;0
5;2025-11-17;20;0
5;2025-11-17;21;0
5;2025-11-17;22;0
5;2025-11-17;23;0
5;2025-11-18;0;0
5;2025-11-18;1;0
5;2025-11-18;2;0
5;2025-11-18;3;0
5;2025-11-18;4;0
5;2025-11-18;5;0
5;2025-11-18;6;0
5;2025-11-18;7;0
5;2025-11-18;8;0
5;2025-11-18;9;0
5;2025-11-18;10;0
5;2025-11-18;11;0
5;2025-11-18;12;0
5;2025-11-18;13;0
5;2025-11-18;14;0
5;2025-11-18;15;0
5;2025-11-18;16;0
5;2025-11-18;17;0
5;2025-11-18;18;0
5;2025-11-18;19;0
5;2025-11-18;20;0
5;2025-11-18;21;0
5;2025-11-18;22;0
5;2025-11-18;23;0
5;2025-11-19;0;0
5;2025-11-19;1;0
5;2025-11-19;2;0
5;2025-11-19;3;0
5;2025-11-19;4;0
5;2025-11-19;5;0
5;2025-11-19;6;0
5;2025-11-19;7;0
5;2025-11-19;8;0
5;2025-11-19;9;0
5;2025-11-19;10;0
5;2025-11-19;11;0
5;2025-11-19;12;0
5;2025-11-19;13;0
5;2025-11-19;14;0
5;2025-11-19;15;0
5;2025-11-19;16;0
5;2025-11-19;17;0
5;2025-11-19;18;0
5;2025-11-19;19;0
5;2025-11-19;20;0
5;2025-11-19;21;0
5;2025-11-19;22;0
5;2025-11-19;23;0
5;2025-11-20;0;0
5;2025-11-20;1;0
5;2025-11-20;2;0
5;2025-11-20;3;0
5;2025-11-20;4;0
5;2025-11-20;5;0
5;2025-11-20;6;0
5;2025-11-20;7;0
5;2025-11-20;8;0
5;2025-11-20;9;0
5;2025-11-20;10;0
5;2025-11-20;11;0
5;2025-11-20;12;0
5;2025-11-20;13;0
5;2025-11-20;14;0
5;2025-11-20;15;0
5;2025-11-20;16;0
5;2025-11-20;17;0
5;2025-11-20;18;0
5;2025-11-20;19;0
5;2025-11-20;20;0
5;2025-11-20;21;0
5;2025-11-20;22;0
5;2025-11-20;23;0
5;2025-11-21;0;0
5;2025-11-21;1;0
5;2025-11-21;2;0
5;2025-11-21;3;0
5;2025-11-21;4;0
5;2025-11-21;5;0
5;2025-11-21;6;0
5;2025-11-21;7;0
5;2025-11-21;8;0
5;2025-11-21;9;0
5;2025-11-21;10;0
5;2025-11-21;11;0
5;2025-11-21;12;0
5;2025-11-21;13;0
5;2025-11-21;14;0
5;2025-11-21;15;0
5;2025-11-21;16;0
5;2025-11-21;17;0
5;2025-11-21;18;0
5;2025-11-21;19;0
5;2025-11-21;20;0
5;2025-11-21;21;0
5;2025-11-21;22;0
5;2025-11-21;23;0
5;2025-11-22;0;0
5;2025-11-22;1;0
5;2025-11-22;2;0
5;2025-11-22;3;0
5;2025-11-22;4;0
5;2025-11-22;5;0
5;2025-11-22;6;0
5;2025-11-22;7;0
5;2025-11-22;8;0
5;2025-11-22;9;0
5;2025-11-22;10;0
5;2025-11-22;11;0
5;2025-11-22;12;0
5;2025-11-22;13;0
5;2025-11-22;14;0
5;2025-11-22;15;0
5;2025-11-22;16;0
5;2025-11-22;17;0
5;2025-11-22;18;0
5;2025-11-22;19;0
5;2025-11-22;20;0
5;2025-11-22;21;0
5;2025-11-22;22;0
5;2025-11-22;23;0
5;2025-11-23;0;0
5;2025-11-23;1;0
5;2025-11-23;2;0
5;2025-11-23;3;0
5;2025-11-23;4;0
5;2025-11-23;5;0
5;2025-11-23;6;0
5;2025-11-23;7;0
5;2025-11-23;8;0
5;2025-11-23;9;0
5;2025-11-23;10;0
5;2025-11-23;11;0
5;2025-11-23;12;0
5;2025-11-23;13;0
5;2025-11-23;14;0
5;2025-11-23;15;0
5;2025-11-23;16;0
5;2025-11-23;17;0
5;2025-11-23;18;0
5;2025-11-23;19;0
5;2025-11-23;20;0
5;2025-11-23;21;0
5;2025-11-23;22;0
5;2025-11-23;23;0
5;2025-11-24;0;0
5;2025-11-24;1;0
5;2025-11-24;2;0
5;2025-11-24;3;0
5;2025-11-24;4;0
5;2025-11-24;5;0
5;2025-11-24;6;0
5;2025-11-24;7;0
5;2025-11-24;8;0
5;2025-11-24;9;0
5;2025-11-24;10;0
5;2025-11-24;11;0
5;2025-11-24;12;0
5;2025-11-24;13;0
5;2025-11-24;14;0
5;2025-11-24;15;0
5;2025-11-24;16;0
5;2025-11-24;17;0
5;2025-11-24;18;0
5;2025-11-24;19;0
5;2025-11-24;20;0
5;2025-11-24;21;0
5;2025-11-24;22;0
5;2025-11-24;23;0
5;2025-11-25;0;0
5;2025-11-25;1;0
5;2025-11-25;2;0
5;2025-11-25;3;0
5;2025-11-25;4;0
5;2025-11-25;5;0
5;2025-11-25;6;0
5;2025-11-25;7;0
5;2025-11-25;8;0
5;2025-11-25;9;0
5;2025-11-25;10;0
5;2025-11-25;11;0
5;2025-11-25;12;0
5;2025-11-25;13;0
5;2025-11-25;14;0
5;2025-11-25;15;0
5;2025-11-25;16;0
5;2025-11-25;17;0
5;2025-11-25;18;0
5;2025-11-25;19;0
5;2025-11-25;20;0
5;2025-11-25;21;0
5;2025-11-25;22;0
5;2025-11-25;23;0
5;2025-11-26;0;0
5;2025-11-26;1;0
5;2025-11-26;2;0
5;2025-11-26;3;0
5;2025-11-26;4;0
5;2025-11-26;5;0
5;2025-11-26;6;0
5;2025-11-26;7;0
5;2025-11-26;8;0
5;2025-11-26;9;0
5;2025-11-26;10;0
5;2025-11-26;11;0
5;2025-11-26;12;0
5;2025-11-26;13;0
5;2025-11-26;14;0
5;2025-11-26;15;0
5;2025-11-26;16;0
5;2025-11-26;17;0
5;2025-11-26;18;0
5;2025-11-26;19;0
5;2025-11-26;20;0
5;2025-11-26;21;0
5;2025-11-26;22;0
5;2025-11-26;23;0
5;2025-11-27;0;0
5;2025-11-27;1;0
5;2025-11-27;2;0
5;2025-11-27;3;0
5;2025-11-27;4;0
5;2025-11-27;5;0
5;2025-11-27;6;0
5;2025-11-27;7;0
5;2025-11-27;8;0
5;2025-11-27;9;0
5;2025-11-27;10;0
5;2025-11-27;11;0
5;2025-11-27;12;0
5;2025-11-27;13;0
5;2025-11-27;14;0
5;2025-11-27;15;0
5;2025-11-27;16;0
5;2025-11-27;17;0
5;2025-11-27;18;0
5;2025-11-27;19;0
5;2025-11-27;20;0
5;2025-11-27;21;0
5;2025-11-27;22;0
5;2025-11-27;23;0
5;2025-11-28;0;0
5;2025-11-28;1;0
5;2025-11-28;2;0
5;2025-11-28;3;0
5;2025-11-28;4;0
5;2025-11-28;5;0
5;2025-11-28;6;0
5;2025-11-28;7;0
5;2025-11-28;8;0
5;2025-11-28;9;0
5;2025-11-28;10;0
5;2025-11-28;11;0
5;2025-11-28;12;0
5;2025-11-28;13;0
5;2025-11-28;14;0
5;2025-11-28;15;0
5;2025-11-28;16;0
5;2025-11-28;17;0
5;2025-11-28;18;0
5;2025-11-28;19;0
5;2025-11-28;20;0
5;2025-11-28;21;0
5;2025-11-28;22;0
5;2025-11-28;23;0
5;2025-11-29;0;0
5;2025-11-29;1;0
5;2025-11-29;2;0
5;2025-11-29;3;0
5;2025-11-29;4;0
5;2025-11-29;5;0
5;2025-11-29;6;0
5;2025-11-29;7;0
5;2025-11-29;8;0
5;2025-11-29;9;0
5;2025-11-29;10;0
5;2025-11-29;11;0
5;2025-11-29;12;0
5;2025-11-29;13;0
5;2025-11-29;14;0
5;2025-11-29;15;0
5;2025-11-29;16;0
5;2025-11-29;17;0
5;2025-11-29;18;0
5;2025-11-29;19;0
5;2025-11-29;20;0
5;2025-11-29;21;0
5;2025-11-29;22;0
5;2025-11-29;23;0
5;2025-11-30;0;0
5;2025-11-30;1;0
5;2025-11-30;2;0
5;2025-11-30;3;0
5;2025-11-30;4;0
5;2025-11-30;5;0
5;2025-11-30;6;0
5;2025-11-30;7;0
5;2025-11-30;8;0
5;2025-11-30;9;0
5;2025-11-30;10;0
5;2025-11-30;11;0
5;2025-11-30;12;0
5;2025-11-30;13;0
5;2025-11-30;14;0
5;2025-11-30;15;0
5;2025-11-30;16;0
5;2025-11-30;17;0
5;2025-11-30;18;0
5;2025-11-30;19;0
5;2025-11-30;20;0
5;2025-11-30;21;0
5;2025-11-30;22;0
5;2025-11-30;23;0
5;2025-12-01;0;0
5;2025-12-01;1;0
5;2025-12-01;2;0
5;2025-12-01;3;0
5;2025-12-01;4;0
5;2025-12-01;5;0
5;2025-12-01;6;0
5;2025-12-01;7;0
5;2025-12-01;8;0
5;2025-12-01;9;0
5;2025-12-01;10;0
5;2025-12-01;11;0
5;2025-12-01;12;0
5;2025-12-01;13;0
5;2025-12-01;14;0
5;2025-12-01;15;0
5;2025-12-01;16;0
5;2025-12-01;17;0
5;2025-12-01;18;0
5;2025-12-01;19;0
5;2025-12-01;20;0
5;2025-12-01;21;0
5;2025-12-01;22;0
5;2025-12-01;23;0
5;2025-12-02;0;0
5;2025-12-02;1;0
5;2025-12-02;2;0
5;2025-12-02;3;0
5;2025-12-02;4;0
5;2025-12-02;5;0
5;2025-12-02;6;0
5;2025-12-02;7;0
5;2025-12-02;8;0
5;2025-12-02;9;0
5;2025-12-02;10;0
5;2025-12-02;11;0
5;2025-12-02;12;0
5;2025-12-02;13;0
5;2025-12-02;14;0
5;2025-12-02;15;0
5;2025-12-02;16;0
5;2025-12-02;17;0
5;2025-12-02;18;0
5;2025-12-02;19;0
5;2025-12-02;20;0
5;2025-12-02;21;0
5;2025-12-02;22;0
5;2025-12-02;23;0
5;2025-12-03;0;0
5;2025-12-03;1;0
5;2025-12-03;2;0
5;2025-12-03;3;0
5;2025-12-03;4;0
5;2025-12-03;5;0
5;2025-12-03;6;0
5;2025-12-03;7;0
5;2025-12-03;8;0
5;2025-12-03;9;0
5;2025-12-03;10;0
5;2025-12-03;11;0
5;2025-12-03;12;0
5;2025-12-03;13;0
5;2025-12-03;14;0
5;2025-12-03;15;0
5;2025-12-03;16;0
5;2025-12-03;17;0
5;2025-12-03;18;0
5;2025-12-03;19;0
5;2025-12-03;20;0
5;2025-12-03;21;0
5;2025-12-03;22;0
5;2025-12-03;23;0
5;2025-12-04;0;0
5;2025-12-04;1;0
5;2025-12-04;2;0
5;2025-12-04;3;0
5;2025-12-04;4;0
5;2025-12-04;5;0
5;2025-12-04;6;0
5;2025-12-04;7;0
5;2025-12-04;8;0
5;2025-12-04;9;0
5;2025-12-04;10;0
5;2025-12-04;11;0
5;2025-12-04;12;0
5;2025-12-04;13;0
5;2025-12-04;14;0
5;2025-12-04;15;0
5;2025-12-04;16;0
5;2025-12-04;17;0
5;2025-12-04;18;0
5;2025-12-04;19;0
5;2025-12-04;20;0
5;2025-12-04;21;0
5;2025-12-04;22;0
5;2025-12-04;23;0
5;2025-12-05;0;0
5;2025-12-05;1;0
5;2025-12-05;2;0
5;2025-12-05;3;0
5;2025-12-05;4;0
5;2025-12-05;5;0
5;2025-12-05;6;0
5;2025-12-05;7;0
5;2025-12-05;8;0
5;2025-12-05;9;0
5;2025-12-05;10;0
5;2025-12-05;11;0
5;2025-12-05;12;0
5;2025-12-05;13;0
5;2025-12-05;14;0
5;2025-12-05;15;0
5;2025-12-05;16;0
5;2025-12-05;17;0
5;2025-12-05;18;0
5;2025-12-05;19;0
5;2025-12-05;20;0
5;2025-12-05;21;0
5;2025-12-05;22;0
5;2025-12-05;23;0
5;2025-12-06;0;0
5;2025-12-06;1;0
5;2025-12-06;2;0
5;2025-12-06;3;0
5;2025-12-06;4;0
5;2025-12-06;5;0
5;2025-12-06;6;0
5;2025-12-06;7;0
5;2025-12-06;8;0
5;2025-12-06;9;0
5;2025-12-06;10;0
5;2025-12-06;11;0
5;2025-12-06;12;0
5;2025-12-06;13;0
5;2025-12-06;14;0
5;2025-12-06;15;0
5;2025-12-06;16;0
5;2025-12-06;17;0
5;2025-12-06;18;0
5;2025-12-06;19;0
5;2025-12-06;20;0
5;2025-12-06;21;0
5;2025-12-06;22;0
5;2025-12-06;23;0
5;2025-12-07;0;0
5;2025-12-07;1;0
5;2025-12-07;2;0
5;2025-12-07;3;0
5;2025-12-07;4;0
5;2025-12-07;5;0
5;2025-12-07;6;0
5;2025-12-07;7;0
5;2025-12-07;8;0
5;2025-12-07;9;0
5;2025-12-07;10;0
5;2025-12-07;11;0
5;2025-12-07;12;0
5;2025-12-07;13;0
5;2025-12-07;14;0
5;2025-12-07;15;0
5;2025-12-07;16;0
5;2025-12-07;17;0
5;2025-12-07;18;0
5;2025-12-07;19;0
5;2025-12-07;20;0
5;2025-12-07;21;0
5;2025-12-07;22;0
5;2025-12-07;23;0
5;2025-12-08;0;0
5;2025-12-08;1;0
5;2025-12-08;2;0
5;2025-12-08;3;0
5;2025-12-08;4;0
5;2025-12-08;5;0
5;2025-12-08;6;0
5;2025-12-08;7;0
5;2025-12-08;8;0
5;2025-12-08;9;0
5;2025-12-08;10;0
5;2025-12-08;11;0
5;2025-12-08;12;0
5;2025-12-08;13;0
5;2025-12-08;14;0
5;2025-12-08;15;0
5;2025-12-08;16;0
5;2025-12-08;17;0
5;2025-12-08;18;0
5;2025-12-08;19;0
5;2025-12-08;20;0
5;2025-12-08;21;0
5;2025-12-08;22;0
5;2025-12-08;23;0
5;2025-12-09;0;0
5;2025-12-09;1;0
5;2025-12-09;2;0
5;2025-12-09;3;0
5;2025-12-09;4;0
5;2025-12-09;5;0
5;2025-12-09;6;0
5;2025-12-09;7;0
5;2025-12-09;8;0
5;2025-12-09;9;0
5;2025-12-09;10;0
5;2025-12-09;11;0
5;2025-12-09;12;0
5;2025-12-09;13;0
5;2025-12-09;14;0
5;2025-12-09;15;0
5;2025-12-09;16;0
5;2025-12-09;17;0
5;2025-12-09;18;0
5;2025-12-09;19;0
5;2025-12-09;20;0
5;2025-12-09;21;0
5;2025-12-09;22;0
5;2025-12-09;23;0
5;2025-12-10;0;0
5;2025-12-10;1;0
5;2025-12-10;2;0
5;2025-12-10;3;0
5;2025-12-10;4;0
5;2025-12-10;5;0
5;2025-12-10;6;0
5;2025-12-10;7;0
5;2025-12-10;8;0
5;2025-12-10;9;0
5;2025-12-10;10;0
5;2025-12-10;11;0
5;2025-12-10;12;0
5;2025-12-10;13;0
5;2025-12-10;14;0
5;2025-12-10;15;0
5;2025-12-10;16;0
5;2025-12-10;17;0
5;2025-12-10;18;0
5;2025-12-10;19;0
5;2025-12-10;20;0
5;2025-12-10;21;0
5;2025-12-10;22;0
5;2025-12-10;23;0
5;2025-12-11;0;0
5;2025-12-11;1;0
5;2025-12-11;2;0
5;2025-12-11;3;0
5;2025-12-11;4;0
5;2025-12-11;5;0
5;2025-12-11;6;0
5;2025-12-11;7;0
5;2025-12-11;8;0
5;2025-12-11;9;0
5;2025-12-11;10;0
5;2025-12-11;11;0
5;2025-12-11;12;0
5;2025-12-11;13;0
5;2025-12-11;14;0
5;2025-12-11;15;0
5;2025-12-11;16;0
5;2025-12-11;17;0
5;2025-12-11;18;0
5;2025-12-11;19;0
5;2025-12-11;20;0
5;2025-12-11;21;0
5;2025-12-11;22;0
5;2025-12-11;23;0
5;2025-12-12;0;0
5;2025-12-12;1;0
5;2025-12-12;2;0
5;2025-12-12;3;0
5;2025-12-12;4;0
5;2025-12-12;5;0
5;2025-12-12;6;0
5;2025-12-12;7;0
5;2025-12-12;8;0
5;2025-12-12;9;0
5;2025-12-12;10;0
5;2025-12-12;11;0
5;2025-12-12;12;0
5;2025-12-12;13;0
5;2025-12-12;14;0
5;2025-12-12;15;0
5;2025-12-12;16;0
5;2025-12-12;17;0
5;2025-12-12;18;0
5;2025-12-12;19;0
5;2025-12-12;20;0
5;2025-12-12;21;0
5;2025-12-12;22;0
5;2025-12-12;23;0
5;2025-12-13;0;0
5;2025-12-13;1;0
5;2025-12-13;2;0
5;2025-12-13;3;0
5;2025-12-13;4;0
5;2025-12-13;5;0
5;2025-12-13;6;0
5;2025-12-13;7;0
5;2025-12-13;8;0
5;2025-12-13;9;0
5;2025-12-13;10;0
5;2025-12-13;11;0
5;2025-12-13;12;0
5;2025-12-13;13;0
5;2025-12-13;14;0
5;2025-12-13;15;0
5;2025-12-13;16;0
5;2025-12-13;17;0
5;2025-12-13;18;0
5;2025-12-13;19;0
5;2025-12-13;20;0
5;2025-12-13;21;0
5;2025-12-13;22;0
5;2025-12-13;23;0
5;2025-12-14;0;0
5;2025-12-14;1;0
5;2025-12-14;2;0
5;2025-12-14;3;0
5;2025-12-14;4;0
5;2025-12-14;5;0
5;2025-12-14;6;0
5;2025-12-14;7;0
5;2025-12-14;8;0
5;2025-12-14;9;0
5;2025-12-14;10;0
5;2025-12-14;11;0
5;2025-12-14;12;0
5;2025-12-14;13;0
5;2025-12-14;14;0
5;2025-12-14;15;0
5;2025-12-14;16;0
5;2025-12-14;17;0
5;2025-12-14;18;0
5;2025-12-14;19;0
5;2025-12-14;20;0
5;2025-12-14;21;0
5;2025-12-14;22;0
5;2025-12-14;23;0
5;2025-12-15;0;0
5;2025-12-15;1;0
5;2025-12-15;2;0
5;2025-12-15;3;0
5;2025-12-15;4;0
5;2025-12-15;5;0
5;2025-12-15;6;0
5;2025-12-15;7;0
5;2025-12-15;8;0
5;2025-12-15;9;0
5;2025-12-15;10;0
5;2025-12-15;11;0
5;2025-12-15;12;0
5;2025-12-15;13;0
5;2025-12-15;14;0
5;2025-12-15;15;0
5;2025-12-15;16;0
5;2025-12-15;17;0
5;2025-12-15;18;0
5;2025-12-15;19;0
5;2025-12-15;20;0
5;2025-12-15;21;0
5;2025-12-15;22;0
5;2025-12-15;23;0
5;2025-12-16;0;0
5;2025-12-16;1;0
5;2025-12-16;2;0
5;2025-12-16;3;0
5;2025-12-16;4;0
5;2025-12-16;5;0
5;2025-12-16;6;0
5;2025-12-16;7;0
5;2025-12-16;8;0
5;2025-12-16;9;0
5;2025-12-16;10;0
5;2025-12-16;11;0
5;2025-12-16;12;0
5;2025-12-16;13;0
5;2025-12-16;14;0
5;2025-12-16;15;0
5;2025-12-16;16;0
5;2025-12-16;17;0
5;2025-12-16;18;0
5;2025-12-16;19;0
5;2025-12-16;20;0
5;2025-12-16;21;0
5;2025-12-16;22;0
5;2025-12-16;23;0
5;2025-12-17;0;0
5;2025-12-17;1;0
5;2025-12-17;2;0
5;2025-12-17;3;0
5;2025-12-17;4;0
5;2025-12-17;5;0
5;2025-12-17;6;0
5;2025-12-17;7;0
5;2025-12-17;8;0
5;2025-12-17;9;0
5;2025-12-17;10;0
5;2025-12-17;11;0
5;2025-12-17;12;0
5;2025-12-17;13;0
5;2025-12-17;14;0
5;2025-12-17;15;0
5;2025-12-17;16;0
5;2025-12-17;17;0
5;2025-12-17;18;0
5;2025-12-17;19;0
5;2025-12-17;20;0
5;2025-12-17;21;0
5;2025-12-17;22;0
5;2025-12-17;23;0
5;2025-12-18;0;0
5;2025-12-18;1;0
5;2025-12-18;2;0
5;2025-12-18;3;0
5;2025-12-18;4;0
5;2025-12-18;5;0
5;2025-12-18;6;0
5;2025-12-18;7;0
5;2025-12-18;8;0
5;2025-12-18;9;0
5;2025-12-18;10;0
5;2025-12-18;11;0
5;2025-12-18;12;0
5;2025-12-18;13;0
5;2025-12-18;14;0
5;2025-12-18;15;0
5;2025-12-18;16;0
5;2025-12-18;17;0
5;2025-12-18;18;0
5;2025-12-18;19;0
5;2025-12-18;20;0
5;2025-12-18;21;0
5;2025-12-18;22;0
5;2025-12-18;23;0
5;2025-12-19;0;0
5;2025-12-19;1;0
5;2025-12-19;2;0
5;2025-12-19;3;0
5;2025-12-19;4;0
5;2025-12-19;5;0
5;2025-12-19;6;0
5;2025-12-19;7;0
5;2025-12-19;8;0
5;2025-12-19;9;0
5;2025-12-19;10;0
5;2025-12-19;11;0
5;2025-12-19;12;0
5;2025-12-19;13;0
5;2025-12-19;14;0
5;2025-12-19;15;0
5;2025-12-19;16;0
5;2025-12-19;17;0
5;2025-12-19;18;0
5;2025-12-19;19;0
5;2025-12-19;20;0
5;2025-12-19;21;0
5;2025-12-19;22;0
5;2025-12-19;23;0
5;2025-12-20;0;0
5;2025-12-20;1;0
5;2025-12-20;2;0
5;2025-12-20;3;0
5;2025-12-20;4;0
5;2025-12-20;5;0
5;2025-12-20;6;0
5;2025-12-20;7;0
5;2025-12-20;8;0
5;2025-12-20;9;0
5;2025-12-20;10;0
5;2025-12-20;11;0
5;2025-12-20;12;0
5;2025-12-20;13;0
5;2025-12-20;14;0
5;2025-12-20;15;0
5;2025-12-20;16;0
5;2025-12-20;17;0
5;2025-12-20;18;0
5;2025-12-20;19;0
5;2025-12-20;20;0
5;2025-12-20;21;0
5;2025-12-20;22;0
5;2025-12-20;23;0
5;2025-12-21;0;0
5;2025-12-21;1;0
5;2025-12-21;2;0
5;2025-12-21;3;0
5;2025-12-21;4;0
5;2025-12-21;5;0
5;2025-12-21;6;0
5;2025-12-21;7;0
5;2025-12-21;8;0
5;2025-12-21;9;0
5;2025-12-21;10;0
5;2025-12-21;11;0
5;2025-12-21;12;0
5;2025-12-21;13;0
5;2025-12-21;14;0
5;2025-12-21;15;0
5;2025-12-21;16;0
5;2025-12-21;17;0
5;2025-12-21;18;0
5;2025-12-21;19;0
5;2025-12-21;20;0
5;2025-12-21;21;0
5;2025-12-21;22;0
5;2025-12-21;23;0
5;2025-12-22;0;0
5;2025-12-22;1;0
5;2025-12-22;2;0
5;2025-12-22;3;0
5;2025-12-22;4;0
5;2025-12-22;5;0
5;2025-12-22;6;0
5;2025-12-22;7;0
5;2025-12-22;8;0
5;2025-12-22;9;0
5;2025-12-22;10;0
5;2025-12-22;11;0
5;2025-12-22;12;0
5;2025-12-22;13;0
5;2025-12-22;14;0
5;2025-12-22;15;0
5;2025-12-22;16;0
5;2025-12-22;17;0
5;2025-12-22;18;0
5;2025-12-22;19;0
5;2025-12-22;20;0
5;2025-12-22;21;0
5;2025-12-22;22;0
5;2025-12-22;23;0
5;2025-12-23;0;0
5;2025-12-23;1;0
5;2025-12-23;2;0
5;2025-12-23;3;0
5;2025-12-23;4;0
5;2025-12-23;5;0
5;2025-12-23;6;0
5;2025-12-23;7;0
5;2025-12-23;8;0
5;2025-12-23;9;0
5;2025-12-23;10;0
5;2025-12-23;11;0
5;2025-12-23;12;0
5;2025-12-23;13;0
5;2025-12-23;14;0
5;2025-12-23;15;0
5;2025-12-23;16;0
5;2025-12-23;17;0
5;2025-12-23;18;0
5;2025-12-23;19;0
5;2025-12-23;20;0
5;2025-12-23;21;0
5;2025-12-23;22;0
5;2025-12-23;23;0
5;2025-12-24;0;0
5;2025-12-24;1;0
5;2025-12-24;2;0
5;2025-12-24;3;0
5;2025-12-24;4;0
5;2025-12-24;5;0
5;2025-12-24;6;0
5;2025-12-24;7;0
5;2025-12-24;8;0
5;2025-12-24;9;0
5;2025-12-24;10;0
5;2025-12-24;11;0
5;2025-12-24;12;0
5;2025-12-24;13;0
5;2025-12-24;14;0
5;2025-12-24;15;0
5;2025-12-24;16;0
5;2025-12-24;17;0
5;2025-12-24;18;0
5;2025-12-24;19;0
5;2025-12-24;20;0
5;2025-12-24;21;0
5;2025-12-24;22;0
5;2025-12-24;23;0
5;2025-12-25;0;0
5;2025-12-25;1;0
5;2025-12-25;2;0
5;2025-12-25;3;0
5;2025-12-25;4;0
5;2025-12-25;5;0
5;2025-12-25;6;0
5;2025-12-25;7;0
5;2025-12-25;8;0
5;2025-12-25;9;0
5;2025-12-25;10;0
5;2025-12-25;11;0
5;2025-12-25;12;0
5;2025-12-25;13;0
5;2025-12-25;14;0
5;2025-12-25;15;0
5;2025-12-25;16;0
5;2025-12-25;17;0
5;2025-12-25;18;0
5;2025-12-25;19;0
5;2025-12-25;20;0
5;2025-12-25;21;0
5;2025-12-25;22;0
5;2025-12-25;23;0
5;2025-12-26;0;0
5;2025-12-26;1;0
5;2025-12-26;2;0
5;2025-12-26;3;0
5;2025-12-26;4;0
5;2025-12-26;5;0
5;2025-12-26;6;0
5;2025-12-26;7;0
5;2025-12-26;8;0
5;2025-12-26;9;0
5;2025-12-26;10;0
5;2025-12-26;11;0
5;2025-12-26;12;0
5;2025-12-26;13;0
5;2025-12-26;14;0
5;2025-12-26;15;0
5;2025-12-26;16;0
5;2025-12-26;17;0
5;2025-12-26;18;0
5;2025-12-26;19;0
5;2025-12-26;20;0
5;2025-12-26;21;0
5;2025-12-26;22;0
5;2025-12-26;23;0
5;2025-12-27;0;0
5;2025-12-27;1;0
5;2025-12-27;2;0
5;2025-12-27;3;0
5;2025-12-27;4;0
5;2025-12-27;5;0
5;2025-12-27;6;0
5;2025-12-27;7;0
5;2025-12-27;8;0
5;2025-12-27;9;0
5;2025-12-27;10;0
5;2025-12-27;11;0
5;2025-12-27;12;0
5;2025-12-27;13;0
5;2025-12-27;14;0
5;2025-12-27;15;0
5;2025-12-27;16;0
5;2025-12-27;17;0
5;2025-12-27;18;0
5;2025-12-27;19;0
5;2025-12-27;20;0
5;2025-12-27;21;0
5;2025-12-27;22;0
5;2025-12-27;23;0
5;2025-12-28;0;0
5;2025-12-28;1;0
5;2025-12-28;2;0
5;2025-12-28;3;0
5;2025-12-28;4;0
5;2025-12-28;5;0
5;2025-12-28;6;0
5;2025-12-28;7;0
5;2025-12-28;8;0
5;2025-12-28;9;0
5;2025-12-28;10;0
5;2025-12-28;11;0
5;2025-12-28;12;0
5;2025-12-28;13;0
5;2025-12-28;14;0
5;2025-12-28;15;0
5;2025-12-28;16;0
5;2025-12-28;17;0
5;2025-12-28;18;0
5;2025-12-28;19;0
5;2025-12-28;20;0
5;2025-12-28;21;0
5;2025-12-28;22;0
5;2025-12-28;23;0
5;2025-12-29;0;0
5;2025-12-29;1;0
5;2025-12-29;2;0
5;2025-12-29;3;0
5;2025-12-29;4;0
5;2025-12-29;5;0
5;2025-12-29;6;0
5;2025-12-29;7;0
5;2025-12-29;8;0
5;2025-12-29;9;0
5;2025-12-29;10;0
5;2025-12-29;11;0
5;2025-12-29;12;0
5;2025-12-29;13;0
5;2025-12-29;14;0
5;2025-12-29;15;0
5;2025-12-29;16;0
5;2025-12-29;17;0
5;2025-12-29;18;0
5;2025-12-29;19;0
5;2025-12-29;20;0
5;2025-12-29;21;0
5;2025-12-29;22;0
5;2025-12-29;23;0
5;2025-12-30;0;0
5;2025-12-30;1;0
5;2025-12-30;2;0
5;2025-12-30;3;0
5;2025-12-30;4;0
5;2025-12-30;5;0
5;2025-12-30;6;0
5;2025-12-30;7;0
5;2025-12-30;8;0
5;2025-12-30;9;0
5;2025-12-30;10;0
5;2025-12-30;11;0
5;2025-12-30;12;0
5;2025-12-30;13;0
5;2025-12-30;14;0
5;2025-12-30;15;0
5;2025-12-30;16;0
5;2025-12-30;17;0
5;2025-12-30;18;0
5;2025-12-30;19;0
5;2025-12-30;20;0
5;2025-12-30;21;0
5;2025-12-30;22;0
5;2025-12-30;23;0
5;2025-12-31;0;0
5;2025-12-31;1;0
5;2025-12-31;2;0
5;2025-12-31;3;0
5;2025-12-31;4;0
5;2025-12-31;5;0
5;2025-12-31;6;0
5;2025-12-31;7;0
5;2025-12-31;8;0
5;2025-12-31;9;0
5;2025-12-31;10;0
5;2025-12-31;11;0
5;2025-12-31;12;0
5;2025-12-31;13;0
5;2025-12-31;14;0
5;2025-12-31;15;0
5;2025-12-31;16;0
5;2025-12-31;17;0
5;2025-12-31;18;0
5;2025-12-31;19;0
5;2025-12-31;20;0
5;2025-12-31;21;0
5;2025-12-31;22;0
5;2025-12-31;23;0
7;2025-11-01;0;144
7;2025-11-01;1;60
7;2025-11-01;2;0
7;2025-11-01;3;0
7;2025-11-01;4;3
7;2025-11-01;5;61
7;2025-11-01;6;329
7;2025-11-01;7;705
7;2025-11-01;8;1620
7;2025-11-01;9;1465
7;2025-11-01;10;1335
7;2025-11-01;11;1684
7;2025-11-01;12;1843
7;2025-11-01;13;1895
7;2025-11-01;14;1858
7;2025-11-01;15;2041
7;2025-11-01;16;1914
7;2025-11-01;17;2061
7;2025-11-01;18;2072
7;2025-11-01;19;1540
7;2025-11-01;20;967
7;2025-11-01;21;560
7;2025-11-01;22;352
7;2025-11-01;23;256
7;2025-11-02;0;99
7;2025-11-02;1;13
7;2025-11-02;2;0
7;2025-11-02;3;0
7;2025-11-02;4;0
7;2025-11-02;5;24
7;2025-11-02;6;170
7;2025-11-02;7;311
7;2025-11-02;8;485
7;2025-11-02;9;573
7;2025-11-02;10;620
7;2025-11-02;11;805
7;2025-11-02;12;937
7;2025-11-02;13;858
7;2025-11-02;14;900
7;2025-11-02;15;887
7;2025-11-02;16;819
7;2025-11-02;17;794
7;2025-11-02;18;804
7;2025-11-02;19;743
7;2025-11-02;20;605
7;2025-11-02;21;468
7;2025-11-02;22;244
7;2025-11-02;23;173
7;2025-11-03;0;76
7;2025-11-03;1;18
7;2025-11-03;2;0
7;2025-11-03;3;0
7;2025-11-03;4;3
7;2025-11-03;5;87
7;2025-11-03;6;343
7;2025-11-03;7;546
7;2025-11-03;8;746
7;2025-11-03;9;667
7;2025-11-03;10;842
7;2025-11-03;11;865
7;2025-11-03;12;995
7;2025-11-03;13;886
7;2025-11-03;14;932
7;2025-11-03;15;951
7;2025-11-03;16;994
7;2025-11-03;17;960
7;2025-11-03;18;1006
7;2025-11-03;19;943
7;2025-11-03;20;704
7;2025-11-03;21;435
7;2025-11-03;22;304
7;2025-11-03;23;169
7;2025-11-04;0;75
7;2025-11-04;1;18
7;2025-11-04;2;0
7;2025-11-04;3;0
7;2025-11-04;4;2
7;2025-11-04;5;51
7;2025-11-04;6;248
7;2025-11-04;7;433
7;2025-11-04;8;608
7;2025-11-04;9;586
7;2025-11-04;10;768
7;2025-11-04;11;804
7;2025-11-04;12;961
7;2025-11-04;13;823
7;2025-11-04;14;883
7;2025-11-04;15;863
7;2025-11-04;16;844
7;2025-11-04;17;842
7;2025-11-04;18;874
7;2025-11-04;19;884
7;2025-11-04;20;653
7;2025-11-04;21;429
7;2025-11-04;22;318
7;2025-11-04;23;183
7;2025-11-05;0;63
7;2025-11-05;1;12
7;2025-11-05;2;0
7;2025-11-05;3;0
7;2025-11-05;4;2
7;2025-11-05;5;198
7;2025-11-05;6;655
7;2025-11-05;7;1645
7;2025-11-05;8;2576
7;2025-11-05;9;1880
7;2025-11-05;10;1643
7;2025-11-05;11;1547
7;2025-11-05;12;1663
7;2025-11-05;13;1601
7;2025-11-05;14;1682
7;2025-11-05;15;1806
7;2025-11-05;16;1876
7;2025-11-05;17;2410
7;2025-11-05;18;2628
7;2025-11-05;19;1774
7;2025-11-05;20;1106
7;2025-11-05;21;654
7;2025-11-05;22;336
7;2025-11-05;23;210
7;2025-11-06;0;70
7;2025-11-06;1;15
7;2025-11-06;2;0
7;2025-11-06;3;0
7;2025-11-06;4;2
7;2025-11-06;5;197
7;2025-11-06;6;659
7;2025-11-06;7;1645
7;2025-11-06;8;2572
7;2025-11-06;9;1871
7;2025-11-06;10;1634
7;2025-11-06;11;1542
7;2025-11-06;12;1663
7;2025-11-06;13;1608
7;2025-11-06;14;1698
7;2025-11-06;15;1810
7;2025-11-06;16;1877
7;2025-11-06;17;2409
7;2025-11-06;18;2639
7;2025-11-06;19;1771
7;2025-11-06;20;1109
7;2025-11-06;21;660
7;2025-11-06;22;331
7;2025-11-06;23;211
7;2025-11-07;0;71
7;2025-11-07;1;12
7;2025-11-07;2;0
7;2025-11-07;3;0
7;2025-11-07;4;1
7;2025-11-07;5;183
7;2025-11-07;6;610
7;2025-11-07;7;1593
7;2025-11-07;8;2452
7;2025-11-07;9;1799
7;2025-11-07;10;1583
7;2025-11-07;11;1558
7;2025-11-07;12;1659
7;2025-11-07;13;1648
7;2025-11-07;14;1728
7;2025-11-07;15;1881
7;2025-11-07;16;1927
7;2025-11-07;17;2334
7;2025-11-07;18;2277
7;2025-11-07;19;1669
7;2025-11-07;20;1058
7;2025-11-07;21;623
7;2025-11-07;22;332
7;2025-11-07;23;236
7;2025-11-08;0;114
7;2025-11-08;1;24
7;2025-11-08;2;0
7;2025-11-08;3;0
7;2025-11-08;4;1
7;2025-11-08;5;53
7;2025-11-08;6;277
7;2025-11-08;7;480
7;2025-11-08;8;713
7;2025-11-08;9;723
7;2025-11-08;10;795
7;2025-11-08;11;975
7;2025-11-08;12;1183
7;2025-11-08;13;1125
7;2025-11-08;14;1122
7;2025-11-08;15;1182
7;2025-11-08;16;1007
7;2025-11-08;17;1054
7;2025-11-08;18;991
7;2025-11-08;19;874
7;2025-11-08;20;725
7;2025-11-08;21;505
7;2025-11-08;22;308
7;2025-11-08;23;212
7;2025-11-09;0;116
7;2025-11-09;1;17
7;2025-11-09;2;0
7;2025-11-09;3;0
7;2025-11-09;4;0
7;2025-11-09;5;33
7;2025-11-09;6;173
7;2025-11-09;7;315
7;2025-11-09;8;509
7;2025-11-09;9;600
7;2025-11-09;10;643
7;2025-11-09;11;822
7;2025-11-09;12;1035
7;2025-11-09;13;979
7;2025-11-09;14;992
7;2025-11-09;15;998
7;2025-11-09;16;818
7;2025-11-09;17;877
7;2025-11-09;18;802
7;2025-11-09;19;706
7;2025-11-09;20;616
7;2025-11-09;21;440
7;2025-11-09;22;242
7;2025-11-09;23;171
7;2025-11-10;0;68
7;2025-11-10;1;11
7;2025-11-10;2;0
7;2025-11-10;3;0
7;2025-11-10;4;1
7;2025-11-10;5;181
7;2025-11-10;6;643
7;2025-11-10;7;1599
7;2025-11-10;8;2559
7;2025-11-10;9;1832
7;2025-11-10;10;1586
7;2025-11-10;11;1490
7;2025-11-10;12;1596
7;2025-11-10;13;1563
7;2025-11-10;14;1629
7;2025-11-10;15;1775
7;2025-11-10;16;1849
7;2025-11-10;17;2368
7;2025-11-10;18;2613
7;2025-11-10;19;1727
7;2025-11-10;20;1067
7;2025-11-10;21;604
7;2025-11-10;22;294
7;2025-11-10;23;173
7;2025-11-11;0;60
7;2025-11-11;1;12
7;2025-11-11;2;0
7;2025-11-11;3;0
7;2025-11-11;4;2
7;2025-11-11;5;196
7;2025-11-11;6;661
7;2025-11-11;7;1651
7;2025-11-11;8;2576
7;2025-11-11;9;1880
7;2025-11-11;10;1642
7;2025-11-11;11;1550
7;2025-11-11;12;1673
7;2025-11-11;13;1602
7;2025-11-11;14;1686
7;2025-11-11;15;1809
7;2025-11-11;16;1883
7;2025-11-11;17;2417
7;2025-11-11;18;2642
7;2025-11-11;19;1784
7;2025-11-11;20;1109
7;2025-11-11;21;653
7;2025-11-11;22;334
7;2025-11-11;23;195
7;2025-11-12;0;63
7;2025-11-12;1;12
7;2025-11-12;2;0
7;2025-11-12;3;0
7;2025-11-12;4;2
7;2025-11-12;5;198
7;2025-11-12;6;655
7;2025-11-12;7;1645
7;2025-11-12;8;2576
7;2025-11-12;9;1880
7;2025-11-12;10;1643
7;2025-11-12;11;1547
7;2025-11-12;12;1663
7;2025-11-12;13;1601
7;2025-11-12;14;1682
7;2025-11-12;15;1806
7;2025-11-12;16;1876
7;2025-11-12;17;2410
7;2025-11-12;18;2628
7;2025-11-12;19;1774
7;2025-11-12;20;1106
7;2025-11-12;21;654
7;2025-11-12;22;336
7;2025-11-12;23;210
7;2025-11-13;0;70
7;2025-11-13;1;15
7;2025-11-13;2;0
7;2025-11-13;3;0
7;2025-11-13;4;2
7;2025-11-13;5;197
7;2025-11-13;6;659
7;2025-11-13;7;1645
7;2025-11-13;8;2572
7;2025-11-13;9;1871
7;2025-11-13;10;1634
7;2025-11-13;11;1542
7;2025-11-13;12;1663
7;2025-11-13;13;1608
7;2025-11-13;14;1698
7;2025-11-13;15;1810
7;2025-11-13;16;1877
7;2025-11-13;17;2409
7;2025-11-13;18;2639
7;2025-11-13;19;1771
7;2025-11-13;20;1109
7;2025-11-13;21;660
7;2025-11-13;22;331
7;2025-11-13;23;211
7;2025-11-14;0;71
7;2025-11-14;1;12
7;2025-11-14;2;0
7;2025-11-14;3;0
7;2025-11-14;4;1
7;2025-11-14;5;183
7;2025-11-14;6;610
7;2025-11-14;7;1593
7;2025-11-14;8;2452
7;2025-11-14;9;1799
7;2025-11-14;10;1583
7;2025-11-14;11;1558
7;2025-11-14;12;1659
7;2025-11-14;13;1648
7;2025-11-14;14;1728
7;2025-11-14;15;1881
7;2025-11-14;16;1927
7;2025-11-14;17;2334
7;2025-11-14;18;2277
7;2025-11-14;19;1669
7;2025-11-14;20;1058
7;2025-11-14;21;623
7;2025-11-14;22;332
7;2025-11-14;23;236
7;2025-11-15;0;114
7;2025-11-15;1;24
7;2025-11-15;2;0
7;2025-11-15;3;0
7;2025-11-15;4;1
7;2025-11-15;5;53
7;2025-11-15;6;277
7;2025-11-15;7;480
7;2025-11-15;8;713
7;2025-11-15;9;723
7;2025-11-15;10;795
7;2025-11-15;11;975
7;2025-11-15;12;1183
7;2025-11-15;13;1125
7;2025-11-15;14;1122
7;2025-11-15;15;1182
7;2025-11-15;16;1007
7;2025-11-15;17;1054
7;2025-11-15;18;991
7;2025-11-15;19;874
7;2025-11-15;20;725
7;2025-11-15;21;505
7;2025-11-15;22;308
7;2025-11-15;23;212
7;2025-11-16;0;116
7;2025-11-16;1;17
7;2025-11-16;2;0
7;2025-11-16;3;0
7;2025-11-16;4;0
7;2025-11-16;5;33
7;2025-11-16;6;173
7;2025-11-16;7;315
7;2025-11-16;8;509
7;2025-11-16;9;600
7;2025-11-16;10;643
7;2025-11-16;11;822
7;2025-11-16;12;1035
7;2025-11-16;13;979
7;2025-11-16;14;992
7;2025-11-16;15;998
7;2025-11-16;16;818
7;2025-11-16;17;877
7;2025-11-16;18;802
7;2025-11-16;19;706
7;2025-11-16;20;616
7;2025-11-16;21;440
7;2025-11-16;22;242
7;2025-11-16;23;171
7;2025-11-17;0;68
7;2025-11-17;1;11
7;2025-11-17;2;0
7;2025-11-17;3;0
7;2025-11-17;4;1
7;2025-11-17;5;181
7;2025-11-17;6;643
7;2025-11-17;7;1599
7;2025-11-17;8;2559
7;2025-11-17;9;1832
7;2025-11-17;10;1586
7;2025-11-17;11;1490
7;2025-11-17;12;1596
7;2025-11-17;13;1563
7;2025-11-17;14;1629
7;2025-11-17;15;1775
7;2025-11-17;16;1849
7;2025-11-17;17;2368
7;2025-11-17;18;2613
7;2025-11-17;19;1727
7;2025-11-17;20;1067
7;2025-11-17;21;604
7;2025-11-17;22;294
7;2025-11-17;23;173
7;2025-11-18;0;60
7;2025-11-18;1;12
7;2025-11-18;2;0
7;2025-11-18;3;0
7;2025-11-18;4;2
7;2025-11-18;5;196
7;2025-11-18;6;661
7;2025-11-18;7;1651
7;2025-11-18;8;2576
7;2025-11-18;9;1880
7;2025-11-18;10;1642
7;2025-11-18;11;1550
7;2025-11-18;12;1673
7;2025-11-18;13;1602
7;2025-11-18;14;1686
7;2025-11-18;15;1809
7;2025-11-18;16;1883
7;2025-11-18;17;2417
7;2025-11-18;18;2642
7;2025-11-18;19;1784
7;2025-11-18;20;1109
7;2025-11-18;21;653
7;2025-11-18;22;334
7;2025-11-18;23;195
7;2025-11-19;0;63
7;2025-11-19;1;12
7;2025-11-19;2;0
7;2025-11-19;3;0
7;2025-11-19;4;2
7;2025-11-19;5;198
7;2025-11-19;6;655
7;2025-11-19;7;1645
7;2025-11-19;8;2576
7;2025-11-19;9;1880
7;2025-11-19;10;1643
7;2025-11-19;11;1547
7;2025-11-19;12;1663
7;2025-11-19;13;1601
7;2025-11-19;14;1682
7;2025-11-19;15;1806
7;2025-11-19;16;1876
7;2025-11-19;17;2410
7;2025-11-19;18;2628
7;2025-11-19;19;1774
7;2025-11-19;20;1106
7;2025-11-19;21;654
7;2025-11-19;22;336
7;2025-11-19;23;210
7;2025-11-20;0;70
7;2025-11-20;1;15
7;2025-11-20;2;0
7;2025-11-20;3;0
7;2025-11-20;4;2
7;2025-11-20;5;197
7;2025-11-20;6;659
7;2025-11-20;7;1645
7;2025-11-20;8;2572
7;2025-11-20;9;1871
7;2025-11-20;10;1634
7;2025-11-20;11;1542
7;2025-11-20;12;1663
7;2025-11-20;13;1608
7;2025-11-20;14;1698
7;2025-11-20;15;1810
7;2025-11-20;16;1877
7;2025-11-20;17;2409
7;2025-11-20;18;2639
7;2025-11-20;19;1771
7;2025-11-20;20;1109
7;2025-11-20;21;660
7;2025-11-20;22;331
7;2025-11-20;23;211
7;2025-11-21;0;71
7;2025-11-21;1;12
7;2025-11-21;2;0
7;2025-11-21;3;0
7;2025-11-21;4;1
7;2025-11-21;5;183
7;2025-11-21;6;610
7;2025-11-21;7;1593
7;2025-11-21;8;2452
7;2025-11-21;9;1799
7;2025-11-21;10;1583
7;2025-11-21;11;1558
7;2025-11-21;12;1659
7;2025-11-21;13;1648
7;2025-11-21;14;1728
7;2025-11-21;15;1881
7;2025-11-21;16;1927
7;2025-11-21;17;2334
7;2025-11-21;18;2277
7;2025-11-21;19;1669
7;2025-11-21;20;1058
7;2025-11-21;21;623
7;2025-11-21;22;332
7;2025-11-21;23;236
7;2025-11-22;0;114
7;2025-11-22;1;24
7;2025-11-22;2;0
7;2025-11-22;3;0
7;2025-11-22;4;1
7;2025-11-22;5;53
7;2025-11-22;6;277
7;2025-11-22;7;480
7;2025-11-22;8;713
7;2025-11-22;9;723
7;2025-11-22;10;795
7;2025-11-22;11;975
7;2025-11-22;12;1183
7;2025-11-22;13;1125
7;2025-11-22;14;1122
7;2025-11-22;15;1182
7;2025-11-22;16;1007
7;2025-11-22;17;1054
7;2025-11-22;18;991
7;2025-11-22;19;874
7;2025-11-22;20;725
7;2025-11-22;21;505
7;2025-11-22;22;308
7;2025-11-22;23;212
7;2025-11-23;0;116
7;2025-11-23;1;17
7;2025-11-23;2;0
7;2025-11-23;3;0
7;2025-11-23;4;0
7;2025-11-23;5;33
7;2025-11-23;6;173
7;2025-11-23;7;315
7;2025-11-23;8;509
7;2025-11-23;9;600
7;2025-11-23;10;643
7;2025-11-23;11;822
7;2025-11-23;12;1035
7;2025-11-23;13;979
7;2025-11-23;14;992
7;2025-11-23;15;998
7;2025-11-23;16;818
7;2025-11-23;17;877
7;2025-11-23;18;802
7;2025-11-23;19;706
7;2025-11-23;20;616
7;2025-11-23;21;440
7;2025-11-23;22;242
7;2025-11-23;23;171
7;2025-11-24;0;68
7;2025-11-24;1;11
7;2025-11-24;2;0
7;2025-11-24;3;0
7;2025-11-24;4;1
7;2025-11-24;5;181
7;2025-11-24;6;643
7;2025-11-24;7;1599
7;2025-11-24;8;2559
7;2025-11-24;9;1832
7;2025-11-24;10;1586
7;2025-11-24;11;1490
7;2025-11-24;12;1596
7;2025-11-24;13;1563
7;2025-11-24;14;1629
7;2025-11-24;15;1775
7;2025-11-24;16;1849
7;2025-11-24;17;2368
7;2025-11-24;18;2613
7;2025-11-24;19;1727
7;2025-11-24;20;1067
7;2025-11-24;21;604
7;2025-11-24;22;294
7;2025-11-24;23;173
7;2025-11-25;0;60
7;2025-11-25;1;12
7;2025-11-25;2;0
7;2025-11-25;3;0
7;2025-11-25;4;2
7;2025-11-25;5;196
7;2025-11-25;6;661
7;2025-11-25;7;1651
7;2025-11-25;8;2576
7;2025-11-25;9;1880
7;2025-11-25;10;1642
7;2025-11-25;11;1550
7;2025-11-25;12;1673
7;2025-11-25;13;1602
7;2025-11-25;14;1686
7;2025-11-25;15;1809
7;2025-11-25;16;1883
7;2025-11-25;17;2417
7;2025-11-25;18;2642
7;2025-11-25;19;1784
7;2025-11-25;20;1109
7;2025-11-25;21;653
7;2025-11-25;22;334
7;2025-11-25;23;195
7;2025-11-26;0;63
7;2025-11-26;1;12
7;2025-11-26;2;0
7;2025-11-26;3;0
7;2025-11-26;4;2
7;2025-11-26;5;198
7;2025-11-26;6;655
7;2025-11-26;7;1645
7;2025-11-26;8;2576
7;2025-11-26;9;1880
7;2025-11-26;10;1643
7;2025-11-26;11;1547
7;2025-11-26;12;1663
7;2025-11-26;13;1601
7;2025-11-26;14;1682
7;2025-11-26;15;1806
7;2025-11-26;16;1876
7;2025-11-26;17;2410
7;2025-11-26;18;2628
7;2025-11-26;19;1774
7;2025-11-26;20;1106
7;2025-11-26;21;654
7;2025-11-26;22;336
7;2025-11-26;23;210
7;2025-11-27;0;70
7;2025-11-27;1;15
7;2025-11-27;2;0
7;2025-11-27;3;0
7;2025-11-27;4;2
7;2025-11-27;5;197
7;2025-11-27;6;659
7;2025-11-27;7;1645
7;2025-11-27;8;2572
7;2025-11-27;9;1871
7;2025-11-27;10;1634
7;2025-11-27;11;1542
7;2025-11-27;12;1663
7;2025-11-27;13;1608
7;2025-11-27;14;1698
7;2025-11-27;15;1810
7;2025-11-27;16;1877
7;2025-11-27;17;2409
7;2025-11-27;18;2639
7;2025-11-27;19;1771
7;2025-11-27;20;1109
7;2025-11-27;21;660
7;2025-11-27;22;331
7;2025-11-27;23;211
7;2025-11-28;0;71
7;2025-11-28;1;12
7;2025-11-28;2;0
7;2025-11-28;3;0
7;2025-11-28;4;1
7;2025-11-28;5;183
7;2025-11-28;6;610
7;2025-11-28;7;1593
7;2025-11-28;8;2452
7;2025-11-28;9;1799
7;2025-11-28;10;1583
7;2025-11-28;11;1558
7;2025-11-28;12;1659
7;2025-11-28;13;1648
7;2025-11-28;14;1728
7;2025-11-28;15;1881
7;2025-11-28;16;1927
7;2025-11-28;17;2334
7;2025-11-28;18;2277
7;2025-11-28;19;1669
7;2025-11-28;20;1058
7;2025-11-28;21;623
7;2025-11-28;22;332
7;2025-11-28;23;236
7;2025-11-29;0;114
7;2025-11-29;1;24
7;2025-11-29;2;0
7;2025-11-29;3;0
7;2025-11-29;4;1
7;2025-11-29;5;53
7;2025-11-29;6;277
7;2025-11-29;7;480
7;2025-11-29;8;713
7;2025-11-29;9;723
7;2025-11-29;10;795
7;2025-11-29;11;975
7;2025-11-29;12;1183
7;2025-11-29;13;1125
7;2025-11-29;14;1122
7;2025-11-29;15;1182
7;2025-11-29;16;1007
7;2025-11-29;17;1054
7;2025-11-29;18;991
7;2025-11-29;19;874
7;2025-11-29;20;725
7;2025-11-29;21;505
7;2025-11-29;22;308
7;2025-11-29;23;212
7;2025-11-30;0;116
7;2025-11-30;1;17
7;2025-11-30;2;0
7;2025-11-30;3;0
7;2025-11-30;4;0
7;2025-11-30;5;33
7;2025-11-30;6;173
7;2025-11-30;7;315
7;2025-11-30;8;509
7;2025-11-30;9;600
7;2025-11-30;10;643
7;2025-11-30;11;822
7;2025-11-30;12;1035
7;2025-11-30;13;979
7;2025-11-30;14;992
7;2025-11-30;15;998
7;2025-11-30;16;818
7;2025-11-30;17;877
7;2025-11-30;18;802
7;2025-11-30;19;706
7;2025-11-30;20;616
7;2025-11-30;21;440
7;2025-11-30;22;242
7;2025-11-30;23;171
7;2025-12-01;0;60
7;2025-12-01;1;9
7;2025-12-01;2;0
7;2025-12-01;3;0
7;2025-12-01;4;0
7;2025-12-01;5;191
7;2025-12-01;6;685
7;2025-12-01;7;1598
7;2025-12-01;8;2553
7;2025-12-01;9;1838
7;2025-12-01;10;1563
7;2025-12-01;11;1447
7;2025-12-01;12;1543
7;2025-12-01;13;1558
7;2025-12-01;14;1625
7;2025-12-01;15;1747
7;2025-12-01;16;1864
7;2025-12-01;17;2367
7;2025-12-01;18;2615
7;2025-12-01;19;1735
7;2025-12-01;20;1059
7;2025-12-01;21;590
7;2025-12-01;22;295
7;2025-12-01;23;151
7;2025-12-02;0;51
7;2025-12-02;1;10
7;2025-12-02;2;0
7;2025-12-02;3;0
7;2025-12-02;4;2
7;2025-12-02;5;205
7;2025-12-02;6;702
7;2025-12-02;7;1647
7;2025-12-02;8;2570
7;2025-12-02;9;1886
7;2025-12-02;10;1621
7;2025-12-02;11;1509
7;2025-12-02;12;1616
7;2025-12-02;13;1600
7;2025-12-02;14;1678
7;2025-12-02;15;1785
7;2025-12-02;16;1901
7;2025-12-02;17;2410
7;2025-12-02;18;2644
7;2025-12-02;19;1786
7;2025-12-02;20;1100
7;2025-12-02;21;640
7;2025-12-02;22;332
7;2025-12-02;23;170
7;2025-12-03;0;54
7;2025-12-03;1;10
7;2025-12-03;2;0
7;2025-12-03;3;0
7;2025-12-03;4;1
7;2025-12-03;5;207
7;2025-12-03;6;695
7;2025-12-03;7;1641
7;2025-12-03;8;2570
7;2025-12-03;9;1886
7;2025-12-03;10;1622
7;2025-12-03;11;1507
7;2025-12-03;12;1605
7;2025-12-03;13;1599
7;2025-12-03;14;1673
7;2025-12-03;15;1782
7;2025-12-03;16;1894
7;2025-12-03;17;2403
7;2025-12-03;18;2630
7;2025-12-03;19;1776
7;2025-12-03;20;1098
7;2025-12-03;21;638
7;2025-12-03;22;335
7;2025-12-03;23;186
7;2025-12-04;0;61
7;2025-12-04;1;12
7;2025-12-04;2;0
7;2025-12-04;3;0
7;2025-12-04;4;1
7;2025-12-04;5;204
7;2025-12-04;6;697
7;2025-12-04;7;1642
7;2025-12-04;8;2566
7;2025-12-04;9;1877
7;2025-12-04;10;1612
7;2025-12-04;11;1502
7;2025-12-04;12;1606
7;2025-12-04;13;1606
7;2025-12-04;14;1688
7;2025-12-04;15;1786
7;2025-12-04;16;1895
7;2025-12-04;17;2402
7;2025-12-04;18;2640
7;2025-12-04;19;1772
7;2025-12-04;20;1099
7;2025-12-04;21;642
7;2025-12-04;22;330
7;2025-12-04;23;187
7;2025-12-05;0;63
7;2025-12-05;1;10
7;2025-12-05;2;0
7;2025-12-05;3;0
7;2025-12-05;4;0
7;2025-12-05;5;192
7;2025-12-05;6;653
7;2025-12-05;7;1592
7;2025-12-05;8;2446
7;2025-12-05;9;1805
7;2025-12-05;10;1561
7;2025-12-05;11;1515
7;2025-12-05;12;1599
7;2025-12-05;13;1643
7;2025-12-05;14;1716
7;2025-12-05;15;1853
7;2025-12-05;16;1942
7;2025-12-05;17;2327
7;2025-12-05;18;2285
7;2025-12-05;19;1665
7;2025-12-05;20;1055
7;2025-12-05;21;614
7;2025-12-05;22;332
7;2025-12-05;23;215
7;2025-12-06;0;102
7;2025-12-06;1;25
7;2025-12-06;2;0
7;2025-12-06;3;0
7;2025-12-06;4;0
7;2025-12-06;5;52
7;2025-12-06;6;289
7;2025-12-06;7;478
7;2025-12-06;8;697
7;2025-12-06;9;733
7;2025-12-06;10;786
7;2025-12-06;11;931
7;2025-12-06;12;1119
7;2025-12-06;13;1117
7;2025-12-06;14;1110
7;2025-12-06;15;1144
7;2025-12-06;16;1016
7;2025-12-06;17;1039
7;2025-12-06;18;974
7;2025-12-06;19;879
7;2025-12-06;20;710
7;2025-12-06;21;527
7;2025-12-06;22;312
7;2025-12-06;23;194
7;2025-12-07;0;105
7;2025-12-07;1;19
7;2025-12-07;2;0
7;2025-12-07;3;0
7;2025-12-07;4;0
7;2025-12-07;5;33
7;2025-12-07;6;190
7;2025-12-07;7;323
7;2025-12-07;8;492
7;2025-12-07;9;621
7;2025-12-07;10;647
7;2025-12-07;11;791
7;2025-12-07;12;986
7;2025-12-07;13;975
7;2025-12-07;14;988
7;2025-12-07;15;974
7;2025-12-07;16;839
7;2025-12-07;17;870
7;2025-12-07;18;797
7;2025-12-07;19;722
7;2025-12-07;20;611
7;2025-12-07;21;471
7;2025-12-07;22;248
7;2025-12-07;23;153
7;2025-12-08;0;60
7;2025-12-08;1;9
7;2025-12-08;2;0
7;2025-12-08;3;0
7;2025-12-08;4;0
7;2025-12-08;5;191
7;2025-12-08;6;685
7;2025-12-08;7;1598
7;2025-12-08;8;2553
7;2025-12-08;9;1838
7;2025-12-08;10;1563
7;2025-12-08;11;1447
7;2025-12-08;12;1543
7;2025-12-08;13;1558
7;2025-12-08;14;1625
7;2025-12-08;15;1747
7;2025-12-08;16;1864
7;2025-12-08;17;2367
7;2025-12-08;18;2615
7;2025-12-08;19;1735
7;2025-12-08;20;1059
7;2025-12-08;21;590
7;2025-12-08;22;295
7;2025-12-08;23;151
7;2025-12-09;0;51
7;2025-12-09;1;10
7;2025-12-09;2;0
7;2025-12-09;3;0
7;2025-12-09;4;2
7;2025-12-09;5;205
7;2025-12-09;6;702
7;2025-12-09;7;1647
7;2025-12-09;8;2570
7;2025-12-09;9;1886
7;2025-12-09;10;1621
7;2025-12-09;11;1509
7;2025-12-09;12;1616
7;2025-12-09;13;1600
7;2025-12-09;14;1678
7;2025-12-09;15;1785
7;2025-12-09;16;1901
7;2025-12-09;17;2410
7;2025-12-09;18;2644
7;2025-12-09;19;1786
7;2025-12-09;20;1100
7;2025-12-09;21;640
7;2025-12-09;22;332
7;2025-12-09;23;170
7;2025-12-10;0;54
7;2025-12-10;1;10
7;2025-12-10;2;0
7;2025-12-10;3;0
7;2025-12-10;4;1
7;2025-12-10;5;207
7;2025-12-10;6;695
7;2025-12-10;7;1641
7;2025-12-10;8;2570
7;2025-12-10;9;1886
7;2025-12-10;10;1622
7;2025-12-10;11;1507
7;2025-12-10;12;1605
7;2025-12-10;13;1599
7;2025-12-10;14;1673
7;2025-12-10;15;1782
7;2025-12-10;16;1894
7;2025-12-10;17;2403
7;2025-12-10;18;2630
7;2025-12-10;19;1776
7;2025-12-10;20;1098
7;2025-12-10;21;638
7;2025-12-10;22;335
7;2025-12-10;23;186
7;2025-12-11;0;61
7;2025-12-11;1;12
7;2025-12-11;2;0
7;2025-12-11;3;0
7;2025-12-11;4;1
7;2025-12-11;5;204
7;2025-12-11;6;697
7;2025-12-11;7;1642
7;2025-12-11;8;2566
7;2025-12-11;9;1877
7;2025-12-11;10;1612
7;2025-12-11;11;1502
7;2025-12-11;12;1606
7;2025-12-11;13;1606
7;2025-12-11;14;1688
7;2025-12-11;15;1786
7;2025-12-11;16;1895
7;2025-12-11;17;2402
7;2025-12-11;18;2640
7;2025-12-11;19;1772
7;2025-12-11;20;1099
7;2025-12-11;21;642
7;2025-12-11;22;330
7;2025-12-11;23;187
7;2025-12-12;0;63
7;2025-12-12;1;10
7;2025-12-12;2;0
7;2025-12-12;3;0
7;2025-12-12;4;0
7;2025-12-12;5;192
7;2025-12-12;6;653
7;2025-12-12;7;1592
7;2025-12-12;8;2446
7;2025-12-12;9;1805
7;2025-12-12;10;1561
7;2025-12-12;11;1515
7;2025-12-12;12;1599
7;2025-12-12;13;1643
7;2025-12-12;14;1716
7;2025-12-12;15;1853
7;2025-12-12;16;1942
7;2025-12-12;17;2327
7;2025-12-12;18;2285
7;2025-12-12;19;1665
7;2025-12-12;20;1055
7;2025-12-12;21;614
7;2025-12-12;22;332
7;2025-12-12;23;215
7;2025-12-13;0;102
7;2025-12-13;1;25
7;2025-12-13;2;0
7;2025-12-13;3;0
7;2025-12-13;4;0
7;2025-12-13;5;52
7;2025-12-13;6;289
7;2025-12-13;7;478
7;2025-12-13;8;697
7;2025-12-13;9;733
7;2025-12-13;10;786
7;2025-12-13;11;931
7;2025-12-13;12;1119
7;2025-12-13;13;1117
7;2025-12-13;14;1110
7;2025-12-13;15;1144
7;2025-12-13;16;1016
7;2025-12-13;17;1039
7;2025-12-13;18;974
7;2025-12-13;19;879
7;2025-12-13;20;710
7;2025-12-13;21;527
7;2025-12-13;22;312
7;2025-12-13;23;194
7;2025-12-14;0;105
7;2025-12-14;1;19
7;2025-12-14;2;0
7;2025-12-14;3;0
7;2025-12-14;4;0
7;2025-12-14;5;33
7;2025-12-14;6;190
7;2025-12-14;7;323
7;2025-12-14;8;492
7;2025-12-14;9;621
7;2025-12-14;10;647
7;2025-12-14;11;791
7;2025-12-14;12;986
7;2025-12-14;13;975
7;2025-12-14;14;988
7;2025-12-14;15;974
7;2025-12-14;16;839
7;2025-12-14;17;870
7;2025-12-14;18;797
7;2025-12-14;19;722
7;2025-12-14;20;611
7;2025-12-14;21;471
7;2025-12-14;22;248
7;2025-12-14;23;153
7;2025-12-15;0;60
7;2025-12-15;1;9
7;2025-12-15;2;0
7;2025-12-15;3;0
7;2025-12-15;4;0
7;2025-12-15;5;191
7;2025-12-15;6;685
7;2025-12-15;7;1598
7;2025-12-15;8;2553
7;2025-12-15;9;1838
7;2025-12-15;10;1563
7;2025-12-15;11;1447
7;2025-12-15;12;1543
7;2025-12-15;13;1558
7;2025-12-15;14;1625
7;2025-12-15;15;1747
7;2025-12-15;16;1864
7;2025-12-15;17;2367
7;2025-12-15;18;2615
7;2025-12-15;19;1735
7;2025-12-15;20;1059
7;2025-12-15;21;590
7;2025-12-15;22;295
7;2025-12-15;23;151
7;2025-12-16;0;51
7;2025-12-16;1;10
7;2025-12-16;2;0
7;2025-12-16;3;0
7;2025-12-16;4;2
7;2025-12-16;5;205
7;2025-12-16;6;702
7;2025-12-16;7;1647
7;2025-12-16;8;2570
7;2025-12-16;9;1886
7;2025-12-16;10;1621
7;2025-12-16;11;1509
7;2025-12-16;12;1616
7;2025-12-16;13;1600
7;2025-12-16;14;1678
7;2025-12-16;15;1785
7;2025-12-16;16;1901
7;2025-12-16;17;2410
7;2025-12-16;18;2644
7;2025-12-16;19;1786
7;2025-12-16;20;1100
7;2025-12-16;21;640
7;2025-12-16;22;332
7;2025-12-16;23;170
7;2025-12-17;0;54
7;2025-12-17;1;10
7;2025-12-17;2;0
7;2025-12-17;3;0
7;2025-12-17;4;1
7;2025-12-17;5;207
7;2025-12-17;6;695
7;2025-12-17;7;1641
7;2025-12-17;8;2570
7;2025-12-17;9;1886
7;2025-12-17;10;1622
7;2025-12-17;11;1507
7;2025-12-17;12;1605
7;2025-12-17;13;1599
7;2025-12-17;14;1673
7;2025-12-17;15;1782
7;2025-12-17;16;1894
7;2025-12-17;17;2403
7;2025-12-17;18;2630
7;2025-12-17;19;1776
7;2025-12-17;20;1098
7;2025-12-17;21;638
7;2025-12-17;22;335
7;2025-12-17;23;186
7;2025-12-18;0;61
7;2025-12-18;1;12
7;2025-12-18;2;0
7;2025-12-18;3;0
7;2025-12-18;4;1
7;2025-12-18;5;204
7;2025-12-18;6;697
7;2025-12-18;7;1642
7;2025-12-18;8;2566
7;2025-12-18;9;1877
7;2025-12-18;10;1612
7;2025-12-18;11;1502
7;2025-12-18;12;1606
7;2025-12-18;13;1606
7;2025-12-18;14;1688
7;2025-12-18;15;1786
7;2025-12-18;16;1895
7;2025-12-18;17;2402
7;2025-12-18;18;2640
7;2025-12-18;19;1772
7;2025-12-18;20;1099
7;2025-12-18;21;642
7;2025-12-18;22;330
7;2025-12-18;23;187
7;2025-12-19;0;63
7;2025-12-19;1;10
7;2025-12-19;2;0
7;2025-12-19;3;0
7;2025-12-19;4;0
7;2025-12-19;5;192
7;2025-12-19;6;653
7;2025-12-19;7;1592
7;2025-12-19;8;2446
7;2025-12-19;9;1805
7;2025-12-19;10;1561
7;2025-12-19;11;1515
7;2025-12-19;12;1599
7;2025-12-19;13;1643
7;2025-12-19;14;1716
7;2025-12-19;15;1853
7;2025-12-19;16;1942
7;2025-12-19;17;2327
7;2025-12-19;18;2285
7;2025-12-19;19;1665
7;2025-12-19;20;1055
7;2025-12-19;21;614
7;2025-12-19;22;332
7;2025-12-19;23;215
7;2025-12-20;0;102
7;2025-12-20;1;25
7;2025-12-20;2;0
7;2025-12-20;3;0
7;2025-12-20;4;0
7;2025-12-20;5;52
7;2025-12-20;6;289
7;2025-12-20;7;478
7;2025-12-20;8;697
7;2025-12-20;9;733
7;2025-12-20;10;786
7;2025-12-20;11;931
7;2025-12-20;12;1119
7;2025-12-20;13;1117
7;2025-12-20;14;1110
7;2025-12-20;15;1144
7;2025-12-20;16;1016
7;2025-12-20;17;1039
7;2025-12-20;18;974
7;2025-12-20;19;879
7;2025-12-20;20;710
7;2025-12-20;21;527
7;2025-12-20;22;312
7;2025-12-20;23;194
7;2025-12-21;0;105
7;2025-12-21;1;19
7;2025-12-21;2;0
7;2025-12-21;3;0
7;2025-12-21;4;0
7;2025-12-21;5;33
7;2025-12-21;6;190
7;2025-12-21;7;323
7;2025-12-21;8;492
7;2025-12-21;9;621
7;2025-12-21;10;647
7;2025-12-21;11;791
7;2025-12-21;12;986
7;2025-12-21;13;975
7;2025-12-21;14;988
7;2025-12-21;15;974
7;2025-12-21;16;839
7;2025-12-21;17;870
7;2025-12-21;18;797
7;2025-12-21;19;722
7;2025-12-21;20;611
7;2025-12-21;21;471
7;2025-12-21;22;248
7;2025-12-21;23;153
7;2025-12-22;0;60
7;2025-12-22;1;9
7;2025-12-22;2;0
7;2025-12-22;3;0
7;2025-12-22;4;0
7;2025-12-22;5;191
7;2025-12-22;6;685
7;2025-12-22;7;1598
7;2025-12-22;8;2553
7;2025-12-22;9;1838
7;2025-12-22;10;1563
7;2025-12-22;11;1447
7;2025-12-22;12;1543
7;2025-12-22;13;1558
7;2025-12-22;14;1625
7;2025-12-22;15;1747
7;2025-12-22;16;1864
7;2025-12-22;17;2367
7;2025-12-22;18;2615
7;2025-12-22;19;1735
7;2025-12-22;20;1059
7;2025-12-22;21;590
7;2025-12-22;22;295
7;2025-12-22;23;151
7;2025-12-23;0;51
7;2025-12-23;1;10
7;2025-12-23;2;0
7;2025-12-23;3;0
7;2025-12-23;4;2
7;2025-12-23;5;205
7;2025-12-23;6;702
7;2025-12-23;7;1647
7;2025-12-23;8;2570
7;2025-12-23;9;1886
7;2025-12-23;10;1621
7;2025-12-23;11;1509
7;2025-12-23;12;1616
7;2025-12-23;13;1600
7;2025-12-23;14;1678
7;2025-12-23;15;1785
7;2025-12-23;16;1901
7;2025-12-23;17;2410
7;2025-12-23;18;2644
7;2025-12-23;19;1786
7;2025-12-23;20;1100
7;2025-12-23;21;640
7;2025-12-23;22;332
7;2025-12-23;23;170
7;2025-12-24;0;54
7;2025-12-24;1;10
7;2025-12-24;2;0
7;2025-12-24;3;0
7;2025-12-24;4;1
7;2025-12-24;5;207
7;2025-12-24;6;695
7;2025-12-24;7;1641
7;2025-12-24;8;2570
7;2025-12-24;9;1886
7;2025-12-24;10;1622
7;2025-12-24;11;1507
7;2025-12-24;12;1605
7;2025-12-24;13;1599
7;2025-12-24;14;1673
7;2025-12-24;15;1782
7;2025-12-24;16;1894
7;2025-12-24;17;2403
7;2025-12-24;18;2630
7;2025-12-24;19;1776
7;2025-12-24;20;1098
7;2025-12-24;21;638
7;2025-12-24;22;335
7;2025-12-24;23;186
7;2025-12-25;0;61
7;2025-12-25;1;12
7;2025-12-25;2;0
7;2025-12-25;3;0
7;2025-12-25;4;1
7;2025-12-25;5;204
7;2025-12-25;6;697
7;2025-12-25;7;1642
7;2025-12-25;8;2566
7;2025-12-25;9;1877
7;2025-12-25;10;1612
7;2025-12-25;11;1502
7;2025-12-25;12;1606
7;2025-12-25;13;1606
7;2025-12-25;14;1688
7;2025-12-25;15;1786
7;2025-12-25;16;1895
7;2025-12-25;17;2402
7;2025-12-25;18;2640
7;2025-12-25;19;1772
7;2025-12-25;20;1099
7;2025-12-25;21;642
7;2025-12-25;22;330
7;2025-12-25;23;187
7;2025-12-26;0;63
7;2025-12-26;1;10
7;2025-12-26;2;0
7;2025-12-26;3;0
7;2025-12-26;4;0
7;2025-12-26;5;192
7;2025-12-26;6;653
7;2025-12-26;7;1592
7;2025-12-26;8;2446
7;2025-12-26;9;1805
7;2025-12-26;10;1561
7;2025-12-26;11;1515
7;2025-12-26;12;1599
7;2025-12-26;13;1643
7;2025-12-26;14;1716
7;2025-12-26;15;1853
7;2025-12-26;16;1942
7;2025-12-26;17;2327
7;2025-12-26;18;2285
7;2025-12-26;19;1665
7;2025-12-26;20;1055
7;2025-12-26;21;614
7;2025-12-26;22;332
7;2025-12-26;23;215
7;2025-12-27;0;102
7;2025-12-27;1;25
7;2025-12-27;2;0
7;2025-12-27;3;0
7;2025-12-27;4;0
7;2025-12-27;5;52
7;2025-12-27;6;289
7;2025-12-27;7;478
7;2025-12-27;8;697
7;2025-12-27;9;733
7;2025-12-27;10;786
7;2025-12-27;11;931
7;2025-12-27;12;1119
7;2025-12-27;13;1117
7;2025-12-27;14;1110
7;2025-12-27;15;1144
7;2025-12-27;16;1016
7;2025-12-27;17;1039
7;2025-12-27;18;974
7;2025-12-27;19;879
7;2025-12-27;20;710
7;2025-12-27;21;527
7;2025-12-27;22;312
7;2025-12-27;23;194
7;2025-12-28;0;105
7;2025-12-28;1;19
7;2025-12-28;2;0
7;2025-12-28;3;0
7;2025-12-28;4;0
7;2025-12-28;5;33
7;2025-12-28;6;190
7;2025-12-28;7;323
7;2025-12-28;8;492
7;2025-12-28;9;621
7;2025-12-28;10;647
7;2025-12-28;11;791
7;2025-12-28;12;986
7;2025-12-28;13;975
7;2025-12-28;14;988
7;2025-12-28;15;974
7;2025-12-28;16;839
7;2025-12-28;17;870
7;2025-12-28;18;797
7;2025-12-28;19;722
7;2025-12-28;20;611
7;2025-12-28;21;471
7;2025-12-28;22;248
7;2025-12-28;23;153
7;2025-12-29;0;60
7;2025-12-29;1;9
7;2025-12-29;2;0
7;2025-12-29;3;0
7;2025-12-29;4;0
7;2025-12-29;5;191
7;2025-12-29;6;685
7;2025-12-29;7;1598
7;2025-12-29;8;2553
7;2025-12-29;9;1838
7;2025-12-29;10;1563
7;2025-12-29;11;1447
7;2025-12-29;12;1543
7;2025-12-29;13;1558
7;2025-12-29;14;1625
7;2025-12-29;15;1747
7;2025-12-29;16;1864
7;2025-12-29;17;2367
7;2025-12-29;18;2615
7;2025-12-29;19;1735
7;2025-12-29;20;1059
7;2025-12-29;21;590
7;2025-12-29;22;295
7;2025-12-29;23;151
7;2025-12-30;0;51
7;2025-12-30;1;10
7;2025-12-30;2;0
7;2025-12-30;3;0
7;2025-12-30;4;2
7;2025-12-30;5;205
7;2025-12-30;6;702
7;2025-12-30;7;1647
7;2025-12-30;8;2570
7;2025-12-30;9;1886
7;2025-12-30;10;1621
7;2025-12-30;11;1509
7;2025-12-30;12;1616
7;2025-12-30;13;1600
7;2025-12-30;14;1678
7;2025-12-30;15;1785
7;2025-12-30;16;1901
7;2025-12-30;17;2410
7;2025-12-30;18;2644
7;2025-12-30;19;1786
7;2025-12-30;20;1100
7;2025-12-30;21;640
7;2025-12-30;22;332
7;2025-12-30;23;170
7;2025-12-31;0;50
7;2025-12-31;1;18
7;2025-12-31;2;0
7;2025-12-31;3;0
7;2025-12-31;4;4
7;2025-12-31;5;201
7;2025-12-31;6;471
7;2025-12-31;7;762
7;2025-12-31;8;1435
7;2025-12-31;9;932
7;2025-12-31;10;909
7;2025-12-31;11;800
7;2025-12-31;12;955
7;2025-12-31;13;854
7;2025-12-31;14;904
7;2025-12-31;15;864
7;2025-12-31;16;945
7;2025-12-31;17;1341
7;2025-12-31;18;1498
7;2025-12-31;19;968
7;2025-12-31;20;693
7;2025-12-31;21;527
7;2025-12-31;22;351
7;2025-12-31;23;180
11;2025-11-01;0;117
11;2025-11-01;1;1
11;2025-11-01;2;0
11;2025-11-01;3;0
11;2025-11-01;4;22
11;2025-11-01;5;219
11;2025-11-01;6;870
11;2025-11-01;7;940
11;2025-11-01;8;2612
11;2025-11-01;9;2175
11;2025-11-01;10;1827
11;2025-11-01;11;2081
11;2025-11-01;12;2218
11;2025-11-01;13;2320
11;2025-11-01;14;2285
11;2025-11-01;15;2347
11;2025-11-01;16;2460
11;2025-11-01;17;2790
11;2025-11-01;18;2749
11;2025-11-01;19;2143
11;2025-11-01;20;1516
11;2025-11-01;21;851
11;2025-11-01;22;454
11;2025-11-01;23;380
11;2025-11-02;0;92
11;2025-11-02;1;7
11;2025-11-02;2;0
11;2025-11-02;3;0
11;2025-11-02;4;6
11;2025-11-02;5;116
11;2025-11-02;6;498
11;2025-11-02;7;513
11;2025-11-02;8;631
11;2025-11-02;9;860
11;2025-11-02;10;992
11;2025-11-02;11;1360
11;2025-11-02;12;1532
11;2025-11-02;13;1383
11;2025-11-02;14;1522
11;2025-11-02;15;1518
11;2025-11-02;16;1447
11;2025-11-02;17;1558
11;2025-11-02;18;1350
11;2025-11-02;19;1164
11;2025-11-02;20;933
11;2025-11-02;21;651
11;2025-11-02;22;347
11;2025-11-02;23;249
11;2025-11-03;0;96
11;2025-11-03;1;7
11;2025-11-03;2;0
11;2025-11-03;3;0
11;2025-11-03;4;6
11;2025-11-03;5;204
11;2025-11-03;6;638
11;2025-11-03;7;706
11;2025-11-03;8;682
11;2025-11-03;9;820
11;2025-11-03;10;1001
11;2025-11-03;11;1256
11;2025-11-03;12;1412
11;2025-11-03;13;1377
11;2025-11-03;14;1483
11;2025-11-03;15;1471
11;2025-11-03;16;1402
11;2025-11-03;17;1492
11;2025-11-03;18;1353
11;2025-11-03;19;1227
11;2025-11-03;20;974
11;2025-11-03;21;654
11;2025-11-03;22;374
11;2025-11-03;23;241
11;2025-11-04;0;68
11;2025-11-04;1;5
11;2025-11-04;2;0
11;2025-11-04;3;0
11;2025-11-04;4;3
11;2025-11-04;5;147
11;2025-11-04;6;564
11;2025-11-04;7;583
11;2025-11-04;8;566
11;2025-11-04;9;723
11;2025-11-04;10;895
11;2025-11-04;11;1176
11;2025-11-04;12;1328
11;2025-11-04;13;1352
11;2025-11-04;14;1453
11;2025-11-04;15;1434
11;2025-11-04;16;1372
11;2025-11-04;17;1399
11;2025-11-04;18;1270
11;2025-11-04;19;1198
11;2025-11-04;20;946
11;2025-11-04;21;655
11;2025-11-04;22;360
11;2025-11-04;23;250
11;2025-11-05;0;63
11;2025-11-05;1;0
11;2025-11-05;2;0
11;2025-11-05;3;0
11;2025-11-05;4;0
11;2025-11-05;5;270
11;2025-11-05;6;1354
11;2025-11-05;7;2390
11;2025-11-05;8;3183
11;2025-11-05;9;2460
11;2025-11-05;10;1921
11;2025-11-05;11;1915
11;2025-11-05;12;1929
11;2025-11-05;13;2054
11;2025-11-05;14;2074
11;2025-11-05;15;2086
11;2025-11-05;16;2303
11;2025-11-05;17;2870
11;2025-11-05;18;3080
11;2025-11-05;19;2333
11;2025-11-05;20;1569
11;2025-11-05;21;918
11;2025-11-05;22;418
11;2025-11-05;23;250
11;2025-11-06;0;66
11;2025-11-06;1;1
11;2025-11-06;2;0
11;2025-11-06;3;0
11;2025-11-06;4;0
11;2025-11-06;5;270
11;2025-11-06;6;1379
11;2025-11-06;7;2382
11;2025-11-06;8;3192
11;2025-11-06;9;2472
11;2025-11-06;10;1954
11;2025-11-06;11;1930
11;2025-11-06;12;1958
11;2025-11-06;13;2063
11;2025-11-06;14;2083
11;2025-11-06;15;2095
11;2025-11-06;16;2329
11;2025-11-06;17;2880
11;2025-11-06;18;3089
11;2025-11-06;19;2334
11;2025-11-06;20;1571
11;2025-11-06;21;931
11;2025-11-06;22;432
11;2025-11-06;23;263
11;2025-11-07;0;69
11;2025-11-07;1;0
11;2025-11-07;2;0
11;2025-11-07;3;0
11;2025-11-07;4;0
11;2025-11-07;5;280
11;2025-11-07;6;1362
11;2025-11-07;7;2335
11;2025-11-07;8;3120
11;2025-11-07;9;2384
11;2025-11-07;10;1898
11;2025-11-07;11;1896
11;2025-11-07;12;1935
11;2025-11-07;13;2041
11;2025-11-07;14;2115
11;2025-11-07;15;2171
11;2025-11-07;16;2373
11;2025-11-07;17;2884
11;2025-11-07;18;2787
11;2025-11-07;19;2225
11;2025-11-07;20;1507
11;2025-11-07;21;897
11;2025-11-07;22;435
11;2025-11-07;23;295
11;2025-11-08;0;103
11;2025-11-08;1;1
11;2025-11-08;2;0
11;2025-11-08;3;0
11;2025-11-08;4;0
11;2025-11-08;5;198
11;2025-11-08;6;835
11;2025-11-08;7;754
11;2025-11-08;8;966
11;2025-11-08;9;1113
11;2025-11-08;10;1286
11;2025-11-08;11;1643
11;2025-11-08;12;1883
11;2025-11-08;13;1789
11;2025-11-08;14;1889
11;2025-11-08;15;1844
11;2025-11-08;16;1725
11;2025-11-08;17;1842
11;2025-11-08;18;1551
11;2025-11-08;19;1430
11;2025-11-08;20;1139
11;2025-11-08;21;787
11;2025-11-08;22;428
11;2025-11-08;23;330
11;2025-11-09;0;112
11;2025-11-09;1;11
11;2025-11-09;2;0
11;2025-11-09;3;0
11;2025-11-09;4;0
11;2025-11-09;5;116
11;2025-11-09;6;525
11;2025-11-09;7;546
11;2025-11-09;8;701
11;2025-11-09;9;934
11;2025-11-09;10;1070
11;2025-11-09;11;1472
11;2025-11-09;12;1696
11;2025-11-09;13;1651
11;2025-11-09;14;1742
11;2025-11-09;15;1750
11;2025-11-09;16;1573
11;2025-11-09;17;1713
11;2025-11-09;18;1428
11;2025-11-09;19;1238
11;2025-11-09;20;956
11;2025-11-09;21;669
11;2025-11-09;22;365
11;2025-11-09;23;252
11;2025-11-10;0;73
11;2025-11-10;1;8
11;2025-11-10;2;0
11;2025-11-10;3;0
11;2025-11-10;4;0
11;2025-11-10;5;264
11;2025-11-10;6;1335
11;2025-11-10;7;2347
11;2025-11-10;8;3166
11;2025-11-10;9;2399
11;2025-11-10;10;1840
11;2025-11-10;11;1847
11;2025-11-10;12;1846
11;2025-11-10;13;1978
11;2025-11-10;14;1996
11;2025-11-10;15;2044
11;2025-11-10;16;2269
11;2025-11-10;17;2837
11;2025-11-10;18;3035
11;2025-11-10;19;2267
11;2025-11-10;20;1510
11;2025-11-10;21;872
11;2025-11-10;22;395
11;2025-11-10;23;225
11;2025-11-11;0;63
11;2025-11-11;1;0
11;2025-11-11;2;0
11;2025-11-11;3;0
11;2025-11-11;4;0
11;2025-11-11;5;269
11;2025-11-11;6;1361
11;2025-11-11;7;2391
11;2025-11-11;8;3188
11;2025-11-11;9;2466
11;2025-11-11;10;1926
11;2025-11-11;11;1912
11;2025-11-11;12;1925
11;2025-11-11;13;2050
11;2025-11-11;14;2078
11;2025-11-11;15;2091
11;2025-11-11;16;2308
11;2025-11-11;17;2875
11;2025-11-11;18;3085
11;2025-11-11;19;2332
11;2025-11-11;20;1569
11;2025-11-11;21;913
11;2025-11-11;22;416
11;2025-11-11;23;243
11;2025-11-12;0;63
11;2025-11-12;1;0
11;2025-11-12;2;0
11;2025-11-12;3;0
11;2025-11-12;4;0
11;2025-11-12;5;270
11;2025-11-12;6;1354
11;2025-11-12;7;2390
11;2025-11-12;8;3183
11;2025-11-12;9;2460
11;2025-11-12;10;1921
11;2025-11-12;11;1915
11;2025-11-12;12;1929
11;2025-11-12;13;2054
11;2025-11-12;14;2074
11;2025-11-12;15;2086
11;2025-11-12;16;2303
11;2025-11-12;17;2870
11;2025-11-12;18;3080
11;2025-11-12;19;2333
11;2025-11-12;20;1569
11;2025-11-12;21;918
11;2025-11-12;22;418
11;2025-11-12;23;250
11;2025-11-13;0;66
11;2025-11-13;1;1
11;2025-11-13;2;0
11;2025-11-13;3;0
11;2025-11-13;4;0
11;2025-11-13;5;270
11;2025-11-13;6;1379
11;2025-11-13;7;2382
11;2025-11-13;8;3192
11;2025-11-13;9;2472
11;2025-11-13;10;1954
11;2025-11-13;11;1930
11;2025-11-13;12;1958
11;2025-11-13;13;2063
11;2025-11-13;14;2083
11;2025-11-13;15;2095
11;2025-11-13;16;2329
11;2025-11-13;17;2880
11;2025-11-13;18;3089
11;2025-11-13;19;2334
11;2025-11-13;20;1571
11;2025-11-13;21;931
11;2025-11-13;22;432
11;2025-11-13;23;263
11;2025-11-14;0;69
11;2025-11-14;1;0
11;2025-11-14;2;0
11;2025-11-14;3;0
11;2025-11-14;4;0
11;2025-11-14;5;280
11;2025-11-14;6;1362
11;2025-11-14;7;2335
11;2025-11-14;8;3120
11;2025-11-14;9;2384
11;2025-11-14;10;1898
11;2025-11-14;11;1896
11;2025-11-14;12;1935
11;2025-11-14;13;2041
11;2025-11-14;14;2115
11;2025-11-14;15;2171
11;2025-11-14;16;2373
11;2025-11-14;17;2884
11;2025-11-14;18;2787
11;2025-11-14;19;2225
11;2025-11-14;20;1507
11;2025-11-14;21;897
11;2025-11-14;22;435
11;2025-11-14;23;295
11;2025-11-15;0;103
11;2025-11-15;1;1
11;2025-11-15;2;0
11;2025-11-15;3;0
11;2025-11-15;4;0
11;2025-11-15;5;198
11;2025-11-15;6;835
11;2025-11-15;7;754
11;2025-11-15;8;966
11;2025-11-15;9;1113
11;2025-11-15;10;1286
11;2025-11-15;11;1643
11;2025-11-15;12;1883
11;2025-11-15;13;1789
11;2025-11-15;14;1889
11;2025-11-15;15;1844
11;2025-11-15;16;1725
11;2025-11-15;17;1842
11;2025-11-15;18;1551
11;2025-11-15;19;1430
11;2025-11-15;20;1139
11;2025-11-15;21;787
11;2025-11-15;22;428
11;2025-11-15;23;330
11;2025-11-16;0;112
11;2025-11-16;1;11
11;2025-11-16;2;0
11;2025-11-16;3;0
11;2025-11-16;4;0
11;2025-11-16;5;116
11;2025-11-16;6;525
11;2025-11-16;7;546
11;2025-11-16;8;701
11;2025-11-16;9;934
11;2025-11-16;10;1070
11;2025-11-16;11;1472
11;2025-11-16;12;1696
11;2025-11-16;13;1651
11;2025-11-16;14;1742
11;2025-11-16;15;1750
11;2025-11-16;16;1573
11;2025-11-16;17;1713
11;2025-11-16;18;1428
11;2025-11-16;19;1238
11;2025-11-16;20;956
11;2025-11-16;21;669
11;2025-11-16;22;365
11;2025-11-16;23;252
11;2025-11-17;0;73
11;2025-11-17;1;8
11;2025-11-17;2;0
11;2025-11-17;3;0
11;2025-11-17;4;0
11;2025-11-17;5;264
11;2025-11-17;6;1335
11;2025-11-17;7;2347
11;2025-11-17;8;3166
11;2025-11-17;9;2399
11;2025-11-17;10;1840
11;2025-11-17;11;1847
11;2025-11-17;12;1846
11;2025-11-17;13;1978
11;2025-11-17;14;1996
11;2025-11-17;15;2044
11;2025-11-17;16;2269
11;2025-11-17;17;2837
11;2025-11-17;18;3035
11;2025-11-17;19;2267
11;2025-11-17;20;1510
11;2025-11-17;21;872
11;2025-11-17;22;395
11;2025-11-17;23;225
11;2025-11-18;0;63
11;2025-11-18;1;0
11;2025-11-18;2;0
11;2025-11-18;3;0
11;2025-11-18;4;0
11;2025-11-18;5;269
11;2025-11-18;6;1361
11;2025-11-18;7;2391
11;2025-11-18;8;3188
11;2025-11-18;9;2466
11;2025-11-18;10;1926
11;2025-11-18;11;1912
11;2025-11-18;12;1925
11;2025-11-18;13;2050
11;2025-11-18;14;2078
11;2025-11-18;15;2091
11;2025-11-18;16;2308
11;2025-11-18;17;2875
11;2025-11-18;18;3085
11;2025-11-18;19;2332
11;2025-11-18;20;1569
11;2025-11-18;21;913
11;2025-11-18;22;416
11;2025-11-18;23;243
11;2025-11-19;0;63
11;2025-11-19;1;0
11;2025-11-19;2;0
11;2025-11-19;3;0
11;2025-11-19;4;0
11;2025-11-19;5;270
11;2025-11-19;6;1354
11;2025-11-19;7;2390
11;2025-11-19;8;3183
11;2025-11-19;9;2460
11;2025-11-19;10;1921
11;2025-11-19;11;1915
11;2025-11-19;12;1929
11;2025-11-19;13;2054
11;2025-11-19;14;2074
11;2025-11-19;15;2086
11;2025-11-19;16;2303
11;2025-11-19;17;2870
11;2025-11-19;18;3080
11;2025-11-19;19;2333
11;2025-11-19;20;1569
11;2025-11-19;21;918
11;2025-11-19;22;418
11;2025-11-19;23;250
11;2025-11-20;0;66
11;2025-11-20;1;1
11;2025-11-20;2;0
11;2025-11-20;3;0
11;2025-11-20;4;0
11;2025-11-20;5;270
11;2025-11-20;6;1379
11;2025-11-20;7;2382
11;2025-11-20;8;3192
11;2025-11-20;9;2472
11;2025-11-20;10;1954
11;2025-11-20;11;1930
11;2025-11-20;12;1958
11;2025-11-20;13;2063
11;2025-11-20;14;2083
11;2025-11-20;15;2095
11;2025-11-20;16;2329
11;2025-11-20;17;2880
11;2025-11-20;18;3089
11;2025-11-20;19;2334
11;2025-11-20;20;1571
11;2025-11-20;21;931
11;2025-11-20;22;432
11;2025-11-20;23;263
11;2025-11-21;0;69
11;2025-11-21;1;0
11;2025-11-21;2;0
11;2025-11-21;3;0
11;2025-11-21;4;0
11;2025-11-21;5;280
11;2025-11-21;6;1362
11;2025-11-21;7;2335
11;2025-11-21;8;3120
11;2025-11-21;9;2384
11;2025-11-21;10;1898
11;2025-11-21;11;1896
11;2025-11-21;12;1935
11;2025-11-21;13;2041
11;2025-11-21;14;2115
11;2025-11-21;15;2171
11;2025-11-21;16;2373
11;2025-11-21;17;2884
11;2025-11-21;18;2787
11;2025-11-21;19;2225
11;2025-11-21;20;1507
11;2025-11-21;21;897
11;2025-11-21;22;435
11;2025-11-21;23;295
11;2025-11-22;0;103
11;2025-11-22;1;1
11;2025-11-22;2;0
11;2025-11-22;3;0
11;2025-11-22;4;0
11;2025-11-22;5;198
11;2025-11-22;6;835
11;2025-11-22;7;754
11;2025-11-22;8;966
11;2025-11-22;9;1113
11;2025-11-22;10;1286
11;2025-11-22;11;1643
11;2025-11-22;12;1883
11;2025-11-22;13;1789
11;2025-11-22;14;1889
11;2025-11-22;15;1844
11;2025-11-22;16;1725
11;2025-11-22;17;1842
11;2025-11-22;18;1551
11;2025-11-22;19;1430
11;2025-11-22;20;1139
11;2025-11-22;21;787
11;2025-11-22;22;428
11;2025-11-22;23;330
11;2025-11-23;0;112
11;2025-11-23;1;11
11;2025-11-23;2;0
11;2025-11-23;3;0
11;2025-11-23;4;0
11;2025-11-23;5;116
11;2025-11-23;6;525
11;2025-11-23;7;546
11;2025-11-23;8;701
11;2025-11-23;9;934
11;2025-11-23;10;1070
11;2025-11-23;11;1472
11;2025-11-23;12;1696
11;2025-11-23;13;1651
11;2025-11-23;14;1742
11;2025-11-23;15;1750
11;2025-11-23;16;1573
11;2025-11-23;17;1713
11;2025-11-23;18;1428
11;2025-11-23;19;1238
11;2025-11-23;20;956
11;2025-11-23;21;669
11;2025-11-23;22;365
11;2025-11-23;23;252
11;2025-11-24;0;73
11;2025-11-24;1;8
11;2025-11-24;2;0
11;2025-11-24;3;0
11;2025-11-24;4;0
11;2025-11-24;5;264
11;2025-11-24;6;1335
11;2025-11-24;7;2347
11;2025-11-24;8;3166
11;2025-11-24;9;2399
11;2025-11-24;10;1840
11;2025-11-24;11;1847
11;2025-11-24;12;1846
11;2025-11-24;13;1978
11;2025-11-24;14;1996
11;2025-11-24;15;2044
11;2025-11-24;16;2269
11;2025-11-24;17;2837
11;2025-11-24;18;3035
11;2025-11-24;19;2267
11;2025-11-24;20;1510
11;2025-11-24;21;872
11;2025-11-24;22;395
11;2025-11-24;23;225
11;2025-11-25;0;63
11;2025-11-25;1;0
11;2025-11-25;2;0
11;2025-11-25;3;0
11;2025-11-25;4;0
11;2025-11-25;5;269
11;2025-11-25;6;1361
11;2025-11-25;7;2391
11;2025-11-25;8;3188
11;2025-11-25;9;2466
11;2025-11-25;10;1926
11;2025-11-25;11;1912
11;2025-11-25;12;1925
11;2025-11-25;13;2050
11;2025-11-25;14;2078
11;2025-11-25;15;2091
11;2025-11-25;16;2308
11;2025-11-25;17;2875
11;2025-11-25;18;3085
11;2025-11-25;19;2332
11;2025-11-25;20;1569
11;2025-11-25;21;913
11;2025-11-25;22;416
11;2025-11-25;23;243
11;2025-11-26;0;63
11;2025-11-26;1;0
11;2025-11-26;2;0
11;2025-11-26;3;0
11;2025-11-26;4;0
11;2025-11-26;5;270
11;2025-11-26;6;1354
11;2025-11-26;7;2390
11;2025-11-26;8;3183
11;2025-11-26;9;2460
11;2025-11-26;10;1921
11;2025-11-26;11;1915
11;2025-11-26;12;1929
11;2025-11-26;13;2054
11;2025-11-26;14;2074
11;2025-11-26;15;2086
11;2025-11-26;16;2303
11;2025-11-26;17;2870
11;2025-11-26;18;3080
11;2025-11-26;19;2333
11;2025-11-26;20;1569
11;2025-11-26;21;918
11;2025-11-26;22;418
11;2025-11-26;23;250
11;2025-11-27;0;66
11;2025-11-27;1;1
11;2025-11-27;2;0
11;2025-11-27;3;0
11;2025-11-27;4;0
11;2025-11-27;5;270
11;2025-11-27;6;1379
11;2025-11-27;7;2382
11;2025-11-27;8;3192
11;2025-11-27;9;2472
11;2025-11-27;10;1954
11;2025-11-27;11;1930
11;2025-11-27;12;1958
11;2025-11-27;13;2063
11;2025-11-27;14;2083
11;2025-11-27;15;2095
11;2025-11-27;16;2329
11;2025-11-27;17;2880
11;2025-11-27;18;3089
11;2025-11-27;19;2334
11;2025-11-27;20;1571
11;2025-11-27;21;931
11;2025-11-27;22;432
11;2025-11-27;23;263
11;2025-11-28;0;69
11;2025-11-28;1;0
11;2025-11-28;2;0
11;2025-11-28;3;0
11;2025-11-28;4;0
11;2025-11-28;5;280
11;2025-11-28;6;1362
11;2025-11-28;7;2335
11;2025-11-28;8;3120
11;2025-11-28;9;2384
11;2025-11-28;10;1898
11;2025-11-28;11;1896
11;2025-11-28;12;1935
11;2025-11-28;13;2041
11;2025-11-28;14;2115
11;2025-11-28;15;2171
11;2025-11-28;16;2373
11;2025-11-28;17;2884
11;2025-11-28;18;2787
11;2025-11-28;19;2225
11;2025-11-28;20;1507
11;2025-11-28;21;897
11;2025-11-28;22;435
11;2025-11-28;23;295
11;2025-11-29;0;103
11;2025-11-29;1;1
11;2025-11-29;2;0
11;2025-11-29;3;0
11;2025-11-29;4;0
11;2025-11-29;5;198
11;2025-11-29;6;835
11;2025-11-29;7;754
11;2025-11-29;8;966
11;2025-11-29;9;1113
11;2025-11-29;10;1286
11;2025-11-29;11;1643
11;2025-11-29;12;1883
11;2025-11-29;13;1789
11;2025-11-29;14;1889
11;2025-11-29;15;1844
11;2025-11-29;16;1725
11;2025-11-29;17;1842
11;2025-11-29;18;1551
11;2025-11-29;19;1430
11;2025-11-29;20;1139
11;2025-11-29;21;787
11;2025-11-29;22;428
11;2025-11-29;23;330
11;2025-11-30;0;112
11;2025-11-30;1;11
11;2025-11-30;2;0
11;2025-11-30;3;0
11;2025-11-30;4;0
11;2025-11-30;5;116
11;2025-11-30;6;525
11;2025-11-30;7;546
11;2025-11-30;8;701
11;2025-11-30;9;934
11;2025-11-30;10;1070
11;2025-11-30;11;1472
11;2025-11-30;12;1696
11;2025-11-30;13;1651
11;2025-11-30;14;1742
11;2025-11-30;15;1750
11;2025-11-30;16;1573
11;2025-11-30;17;1713
11;2025-11-30;18;1428
11;2025-11-30;19;1238
11;2025-11-30;20;956
11;2025-11-30;21;669
11;2025-11-30;22;365
11;2025-11-30;23;252
11;2025-12-01;0;79
11;2025-12-01;1;4
11;2025-12-01;2;0
11;2025-12-01;3;0
11;2025-12-01;4;6
11;2025-12-01;5;293
11;2025-12-01;6;1301
11;2025-12-01;7;2324
11;2025-12-01;8;3162
11;2025-12-01;9;2397
11;2025-12-01;10;1792
11;2025-12-01;11;1807
11;2025-12-01;12;1805
11;2025-12-01;13;1957
11;2025-12-01;14;1932
11;2025-12-01;15;2024
11;2025-12-01;16;2267
11;2025-12-01;17;2817
11;2025-12-01;18;3036
11;2025-12-01;19;2251
11;2025-12-01;20;1472
11;2025-12-01;21;861
11;2025-12-01;22;438
11;2025-12-01;23;208
11;2025-12-02;0;69
11;2025-12-02;1;1
11;2025-12-02;2;0
11;2025-12-02;3;0
11;2025-12-02;4;6
11;2025-12-02;5;297
11;2025-12-02;6;1325
11;2025-12-02;7;2365
11;2025-12-02;8;3185
11;2025-12-02;9;2467
11;2025-12-02;10;1879
11;2025-12-02;11;1880
11;2025-12-02;12;1890
11;2025-12-02;13;2036
11;2025-12-02;14;2017
11;2025-12-02;15;2073
11;2025-12-02;16;2308
11;2025-12-02;17;2854
11;2025-12-02;18;3088
11;2025-12-02;19;2326
11;2025-12-02;20;1531
11;2025-12-02;21;904
11;2025-12-02;22;457
11;2025-12-02;23;225
11;2025-12-03;0;70
11;2025-12-03;1;1
11;2025-12-03;2;0
11;2025-12-03;3;0
11;2025-12-03;4;6
11;2025-12-03;5;298
11;2025-12-03;6;1317
11;2025-12-03;7;2363
11;2025-12-03;8;3180
11;2025-12-03;9;2461
11;2025-12-03;10;1874
11;2025-12-03;11;1883
11;2025-12-03;12;1895
11;2025-12-03;13;2040
11;2025-12-03;14;2013
11;2025-12-03;15;2069
11;2025-12-03;16;2303
11;2025-12-03;17;2849
11;2025-12-03;18;3083
11;2025-12-03;19;2327
11;2025-12-03;20;1530
11;2025-12-03;21;909
11;2025-12-03;22;459
11;2025-12-03;23;232
11;2025-12-04;0;72
11;2025-12-04;1;1
11;2025-12-04;2;0
11;2025-12-04;3;0
11;2025-12-04;4;6
11;2025-12-04;5;298
11;2025-12-04;6;1339
11;2025-12-04;7;2355
11;2025-12-04;8;3186
11;2025-12-04;9;2472
11;2025-12-04;10;1904
11;2025-12-04;11;1895
11;2025-12-04;12;1921
11;2025-12-04;13;2048
11;2025-12-04;14;2022
11;2025-12-04;15;2078
11;2025-12-04;16;2328
11;2025-12-04;17;2859
11;2025-12-04;18;3089
11;2025-12-04;19;2326
11;2025-12-04;20;1530
11;2025-12-04;21;919
11;2025-12-04;22;470
11;2025-12-04;23;244
11;2025-12-05;0;76
11;2025-12-05;1;2
11;2025-12-05;2;0
11;2025-12-05;3;0
11;2025-12-05;4;6
11;2025-12-05;5;309
11;2025-12-05;6;1327
11;2025-12-05;7;2313
11;2025-12-05;8;3116
11;2025-12-05;9;2382
11;2025-12-05;10;1850
11;2025-12-05;11;1855
11;2025-12-05;12;1892
11;2025-12-05;13;2020
11;2025-12-05;14;2051
11;2025-12-05;15;2151
11;2025-12-05;16;2371
11;2025-12-05;17;2858
11;2025-12-05;18;2788
11;2025-12-05;19;2209
11;2025-12-05;20;1476
11;2025-12-05;21;891
11;2025-12-05;22;482
11;2025-12-05;23;280
11;2025-12-06;0;102
11;2025-12-06;1;4
11;2025-12-06;2;0
11;2025-12-06;3;0
11;2025-12-06;4;6
11;2025-12-06;5;209
11;2025-12-06;6;773
11;2025-12-06;7;718
11;2025-12-06;8;938
11;2025-12-06;9;1114
11;2025-12-06;10;1241
11;2025-12-06;11;1587
11;2025-12-06;12;1831
11;2025-12-06;13;1763
11;2025-12-06;14;1811
11;2025-12-06;15;1816
11;2025-12-06;16;1715
11;2025-12-06;17;1802
11;2025-12-06;18;1501
11;2025-12-06;19;1413
11;2025-12-06;20;1093
11;2025-12-06;21;753
11;2025-12-06;22;452
11;2025-12-06;23;316
11;2025-12-07;0;111
11;2025-12-07;1;10
11;2025-12-07;2;0
11;2025-12-07;3;0
11;2025-12-07;4;4
11;2025-12-07;5;127
11;2025-12-07;6;446
11;2025-12-07;7;485
11;2025-12-07;8;681
11;2025-12-07;9;944
11;2025-12-07;10;1042
11;2025-12-07;11;1429
11;2025-12-07;12;1657
11;2025-12-07;13;1632
11;2025-12-07;14;1679
11;2025-12-07;15;1733
11;2025-12-07;16;1575
11;2025-12-07;17;1685
11;2025-12-07;18;1387
11;2025-12-07;19;1218
11;2025-12-07;20;921
11;2025-12-07;21;639
11;2025-12-07;22;398
11;2025-12-07;23;238
11;2025-12-08;0;79
11;2025-12-08;1;4
11;2025-12-08;2;0
11;2025-12-08;3;0
11;2025-12-08;4;6
11;2025-12-08;5;293
11;2025-12-08;6;1301
11;2025-12-08;7;2324
11;2025-12-08;8;3162
11;2025-12-08;9;2397
11;2025-12-08;10;1792
11;2025-12-08;11;1807
11;2025-12-08;12;1805
11;2025-12-08;13;1957
11;2025-12-08;14;1932
11;2025-12-08;15;2024
11;2025-12-08;16;2267
11;2025-12-08;17;2817
11;2025-12-08;18;3036
11;2025-12-08;19;2251
11;2025-12-08;20;1472
11;2025-12-08;21;861
11;2025-12-08;22;438
11;2025-12-08;23;208
11;2025-12-09;0;69
11;2025-12-09;1;1
11;2025-12-09;2;0
11;2025-12-09;3;0
11;2025-12-09;4;6
11;2025-12-09;5;297
11;2025-12-09;6;1325
11;2025-12-09;7;2365
11;2025-12-09;8;3185
11;2025-12-09;9;2467
11;2025-12-09;10;1879
11;2025-12-09;11;1880
11;2025-12-09;12;1890
11;2025-12-09;13;2036
11;2025-12-09;14;2017
11;2025-12-09;15;2073
11;2025-12-09;16;2308
11;2025-12-09;17;2854
11;2025-12-09;18;3088
11;2025-12-09;19;2326
11;2025-12-09;20;1531
11;2025-12-09;21;904
11;2025-12-09;22;457
11;2025-12-09;23;225
11;2025-12-10;0;70
11;2025-12-10;1;1
11;2025-12-10;2;0
11;2025-12-10;3;0
11;2025-12-10;4;6
11;2025-12-10;5;298
11;2025-12-10;6;1317
11;2025-12-10;7;2363
11;2025-12-10;8;3180
11;2025-12-10;9;2461
11;2025-12-10;10;1874
11;2025-12-10;11;1883
11;2025-12-10;12;1895
11;2025-12-10;13;2040
11;2025-12-10;14;2013
11;2025-12-10;15;2069
11;2025-12-10;16;2303
11;2025-12-10;17;2849
11;2025-12-10;18;3083
11;2025-12-10;19;2327
11;2025-12-10;20;1530
11;2025-12-10;21;909
11;2025-12-10;22;459
11;2025-12-10;23;232
11;2025-12-11;0;72
11;2025-12-11;1;1
11;2025-12-11;2;0
11;2025-12-11;3;0
11;2025-12-11;4;6
11;2025-12-11;5;298
11;2025-12-11;6;1339
11;2025-12-11;7;2355
11;2025-12-11;8;3186
11;2025-12-11;9;2472
11;2025-12-11;10;1904
11;2025-12-11;11;1895
11;2025-12-11;12;1921
11;2025-12-11;13;2048
11;2025-12-11;14;2022
11;2025-12-11;15;2078
11;2025-12-11;16;2328
11;2025-12-11;17;2859
11;2025-12-11;18;3089
11;2025-12-11;19;2326
11;2025-12-11;20;1530
11;2025-12-11;21;919
11;2025-12-11;22;470
11;2025-12-11;23;244
11;2025-12-12;0;76
11;2025-12-12;1;2
11;2025-12-12;2;0
11;2025-12-12;3;0
11;2025-12-12;4;6
11;2025-12-12;5;309
11;2025-12-12;6;1327
11;2025-12-12;7;2313
11;2025-12-12;8;3116
11;2025-12-12;9;2382
11;2025-12-12;10;1850
11;2025-12-12;11;1855
11;2025-12-12;12;1892
11;2025-12-12;13;2020
11;2025-12-12;14;2051
11;2025-12-12;15;2151
11;2025-12-12;16;2371
11;2025-12-12;17;2858
11;2025-12-12;18;2788
11;2025-12-12;19;2209
11;2025-12-12;20;1476
11;2025-12-12;21;891
11;2025-12-12;22;482
11;2025-12-12;23;280
11;2025-12-13;0;102
11;2025-12-13;1;4
11;2025-12-13;2;0
11;2025-12-13;3;0
11;2025-12-13;4;6
11;2025-12-13;5;209
11;2025-12-13;6;773
11;2025-12-13;7;718
11;2025-12-13;8;938
11;2025-12-13;9;1114
11;2025-12-13;10;1241
11;2025-12-13;11;1587
11;2025-12-13;12;1831
11;2025-12-13;13;1763
11;2025-12-13;14;1811
11;2025-12-13;15;1816
11;2025-12-13;16;1715
11;2025-12-13;17;1802
11;2025-12-13;18;1501
11;2025-12-13;19;1413
11;2025-12-13;20;1093
11;2025-12-13;21;753
11;2025-12-13;22;452
11;2025-12-13;23;316
11;2025-12-14;0;111
11;2025-12-14;1;10
11;2025-12-14;2;0
11;2025-12-14;3;0
11;2025-12-14;4;4
11;2025-12-14;5;127
11;2025-12-14;6;446
11;2025-12-14;7;485
11;2025-12-14;8;681
11;2025-12-14;9;944
11;2025-12-14;10;1042
11;2025-12-14;11;1429
11;2025-12-14;12;1657
11;2025-12-14;13;1632
11;2025-12-14;14;1679
11;2025-12-14;15;1733
11;2025-12-14;16;1575
11;2025-12-14;17;1685
11;2025-12-14;18;1387
11;2025-12-14;19;1218
11;2025-12-14;20;921
11;2025-12-14;21;639
11;2025-12-14;22;398
11;2025-12-14;23;238
11;2025-12-15;0;79
11;2025-12-15;1;4
11;2025-12-15;2;0
11;2025-12-15;3;0
11;2025-12-15;4;6
11;2025-12-15;5;293
11;2025-12-15;6;1301
11;2025-12-15;7;2324
11;2025-12-15;8;3162
11;2025-12-15;9;2397
11;2025-12-15;10;1792
11;2025-12-15;11;1807
11;2025-12-15;12;1805
11;2025-12-15;13;1957
11;2025-12-15;14;1932
11;2025-12-15;15;2024
11;2025-12-15;16;2267
11;2025-12-15;17;2817
11;2025-12-15;18;3036
11;2025-12-15;19;2251
11;2025-12-15;20;1472
11;2025-12-15;21;861
11;2025-12-15;22;438
11;2025-12-15;23;208
11;2025-12-16;0;69
11;2025-12-16;1;1
11;2025-12-16;2;0
11;2025-12-16;3;0
11;2025-12-16;4;6
11;2025-12-16;5;297
11;2025-12-16;6;1325
11;2025-12-16;7;2365
11;2025-12-16;8;3185
11;2025-12-16;9;2467
11;2025-12-16;10;1879
11;2025-12-16;11;1880
11;2025-12-16;12;1890
11;2025-12-16;13;2036
11;2025-12-16;14;2017
11;2025-12-16;15;2073
11;2025-12-16;16;2308
11;2025-12-16;17;2854
11;2025-12-16;18;3088
11;2025-12-16;19;2326
11;2025-12-16;20;1531
11;2025-12-16;21;904
11;2025-12-16;22;457
11;2025-12-16;23;225
11;2025-12-17;0;70
11;2025-12-17;1;1
11;2025-12-17;2;0
11;2025-12-17;3;0
11;2025-12-17;4;6
11;2025-12-17;5;298
11;2025-12-17;6;1317
11;2025-12-17;7;2363
11;2025-12-17;8;3180
11;2025-12-17;9;2461
11;2025-12-17;10;1874
11;2025-12-17;11;1883
11;2025-12-17;12;1895
11;2025-12-17;13;2040
11;2025-12-17;14;2013
11;2025-12-17;15;2069
11;2025-12-17;16;2303
11;2025-12-17;17;2849
11;2025-12-17;18;3083
11;2025-12-17;19;2327
11;2025-12-17;20;1530
11;2025-12-17;21;909
11;2025-12-17;22;459
11;2025-12-17;23;232
11;2025-12-18;0;72
11;2025-12-18;1;1
11;2025-12-18;2;0
11;2025-12-18;3;0
11;2025-12-18;4;6
11;2025-12-18;5;298
11;2025-12-18;6;1339
11;2025-12-18;7;2355
11;2025-12-18;8;3186
11;2025-12-18;9;2472
11;2025-12-18;10;1904
11;2025-12-18;11;1895
11;2025-12-18;12;1921
11;2025-12-18;13;2048
11;2025-12-18;14;2022
11;2025-12-18;15;2078
11;2025-12-18;16;2328
11;2025-12-18;17;2859
11;2025-12-18;18;3089
11;2025-12-18;19;2326
11;2025-12-18;20;1530
11;2025-12-18;21;919
11;2025-12-18;22;470
11;2025-12-18;23;244
11;2025-12-19;0;76
11;2025-12-19;1;2
11;2025-12-19;2;0
11;2025-12-19;3;0
11;2025-12-19;4;6
11;2025-12-19;5;309
11;2025-12-19;6;1327
11;2025-12-19;7;2313
11;2025-12-19;8;3116
11;2025-12-19;9;2382
11;2025-12-19;10;1850
11;2025-12-19;11;1855
11;2025-12-19;12;1892
11;2025-12-19;13;2020
11;2025-12-19;14;2051
11;2025-12-19;15;2151
11;2025-12-19;16;2371
11;2025-12-19;17;2858
11;2025-12-19;18;2788
11;2025-12-19;19;2209
11;2025-12-19;20;1476
11;2025-12-19;21;891
11;2025-12-19;22;482
11;2025-12-19;23;280
11;2025-12-20;0;102
11;2025-12-20;1;4
11;2025-12-20;2;0
11;2025-12-20;3;0
11;2025-12-20;4;6
11;2025-12-20;5;209
11;2025-12-20;6;773
11;2025-12-20;7;718
11;2025-12-20;8;938
11;2025-12-20;9;1114
11;2025-12-20;10;1241
11;2025-12-20;11;1587
11;2025-12-20;12;1831
11;2025-12-20;13;1763
11;2025-12-20;14;1811
11;2025-12-20;15;1816
11;2025-12-20;16;1715
11;2025-12-20;17;1802
11;2025-12-20;18;1501
11;2025-12-20;19;1413
11;2025-12-20;20;1093
11;2025-12-20;21;753
11;2025-12-20;22;452
11;2025-12-20;23;316
11;2025-12-21;0;111
11;2025-12-21;1;10
11;2025-12-21;2;0
11;2025-12-21;3;0
11;2025-12-21;4;4
11;2025-12-21;5;127
11;2025-12-21;6;446
11;2025-12-21;7;485
11;2025-12-21;8;681
11;2025-12-21;9;944
11;2025-12-21;10;1042
11;2025-12-21;11;1429
11;2025-12-21;12;1657
11;2025-12-21;13;1632
11;2025-12-21;14;1679
11;2025-12-21;15;1733
11;2025-12-21;16;1575
11;2025-12-21;17;1685
11;2025-12-21;18;1387
11;2025-12-21;19;1218
11;2025-12-21;20;921
11;2025-12-21;21;639
11;2025-12-21;22;398
11;2025-12-21;23;238
11;2025-12-22;0;79
11;2025-12-22;1;4
11;2025-12-22;2;0
11;2025-12-22;3;0
11;2025-12-22;4;6
11;2025-12-22;5;293
11;2025-12-22;6;1301
11;2025-12-22;7;2324
11;2025-12-22;8;3162
11;2025-12-22;9;2397
11;2025-12-22;10;1792
11;2025-12-22;11;1807
11;2025-12-22;12;1805
11;2025-12-22;13;1957
11;2025-12-22;14;1932
11;2025-12-22;15;2024
11;2025-12-22;16;2267
11;2025-12-22;17;2817
11;2025-12-22;18;3036
11;2025-12-22;19;2251
11;2025-12-22;20;1472
11;2025-12-22;21;861
11;2025-12-22;22;438
11;2025-12-22;23;208
11;2025-12-23;0;69
11;2025-12-23;1;1
11;2025-12-23;2;0
11;2025-12-23;3;0
11;2025-12-23;4;6
11;2025-12-23;5;297
11;2025-12-23;6;1325
11;2025-12-23;7;2365
11;2025-12-23;8;3185
11;2025-12-23;9;2467
11;2025-12-23;10;1879
11;2025-12-23;11;1880
11;2025-12-23;12;1890
11;2025-12-23;13;2036
11;2025-12-23;14;2017
11;2025-12-23;15;2073
11;2025-12-23;16;2308
11;2025-12-23;17;2854
11;2025-12-23;18;3088
11;2025-12-23;19;2326
11;2025-12-23;20;1531
11;2025-12-23;21;904
11;2025-12-23;22;457
11;2025-12-23;23;225
11;2025-12-24;0;70
11;2025-12-24;1;1
11;2025-12-24;2;0
11;2025-12-24;3;0
11;2025-12-24;4;6
11;2025-12-24;5;298
11;2025-12-24;6;1317
11;2025-12-24;7;2363
11;2025-12-24;8;3180
11;2025-12-24;9;2461
11;2025-12-24;10;1874
11;2025-12-24;11;1883
11;2025-12-24;12;1895
11;2025-12-24;13;2040
11;2025-12-24;14;2013
11;2025-12-24;15;2069
11;2025-12-24;16;2303
11;2025-12-24;17;2849
11;2025-12-24;18;3083
11;2025-12-24;19;2327
11;2025-12-24;20;1530
11;2025-12-24;21;909
11;2025-12-24;22;459
11;2025-12-24;23;232
11;2025-12-25;0;72
11;2025-12-25;1;1
11;2025-12-25;2;0
11;2025-12-25;3;0
11;2025-12-25;4;6
11;2025-12-25;5;298
11;2025-12-25;6;1339
11;2025-12-25;7;2355
11;2025-12-25;8;3186
11;2025-12-25;9;2472
11;2025-12-25;10;1904
11;2025-12-25;11;1895
11;2025-12-25;12;1921
11;2025-12-25;13;2048
11;2025-12-25;14;2022
11;2025-12-25;15;2078
11;2025-12-25;16;2328
11;2025-12-25;17;2859
11;2025-12-25;18;3089
11;2025-12-25;19;2326
11;2025-12-25;20;1530
11;2025-12-25;21;919
11;2025-12-25;22;470
11;2025-12-25;23;244
11;2025-12-26;0;76
11;2025-12-26;1;2
11;2025-12-26;2;0
11;2025-12-26;3;0
11;2025-12-26;4;6
11;2025-12-26;5;309
11;2025-12-26;6;1327
11;2025-12-26;7;2313
11;2025-12-26;8;3116
11;2025-12-26;9;2382
11;2025-12-26;10;1850
11;2025-12-26;11;1855
11;2025-12-26;12;1892
11;2025-12-26;13;2020
11;2025-12-26;14;2051
11;2025-12-26;15;2151
11;2025-12-26;16;2371
11;2025-12-26;17;2858
11;2025-12-26;18;2788
11;2025-12-26;19;2209
11;2025-12-26;20;1476
11;2025-12-26;21;891
11;2025-12-26;22;482
11;2025-12-26;23;280
11;2025-12-27;0;102
11;2025-12-27;1;4
11;2025-12-27;2;0
11;2025-12-27;3;0
11;2025-12-27;4;6
11;2025-12-27;5;209
11;2025-12-27;6;773
11;2025-12-27;7;718
11;2025-12-27;8;938
11;2025-12-27;9;1114
11;2025-12-27;10;1241
11;2025-12-27;11;1587
11;2025-12-27;12;1831
11;2025-12-27;13;1763
11;2025-12-27;14;1811
11;2025-12-27;15;1816
11;2025-12-27;16;1715
11;2025-12-27;17;1802
11;2025-12-27;18;1501
11;2025-12-27;19;1413
11;2025-12-27;20;1093
11;2025-12-27;21;753
11;2025-12-27;22;452
11;2025-12-27;23;316
11;2025-12-28;0;111
11;2025-12-28;1;10
11;2025-12-28;2;0
11;2025-12-28;3;0
11;2025-12-28;4;4
11;2025-12-28;5;127
11;2025-12-28;6;446
11;2025-12-28;7;485
11;2025-12-28;8;681
11;2025-12-28;9;944
11;2025-12-28;10;1042
11;2025-12-28;11;1429
11;2025-12-28;12;1657
11;2025-12-28;13;1632
11;2025-12-28;14;1679
11;2025-12-28;15;1733
11;2025-12-28;16;1575
11;2025-12-28;17;1685
11;2025-12-28;18;1387
11;2025-12-28;19;1218
11;2025-12-28;20;921
11;2025-12-28;21;639
11;2025-12-28;22;398
11;2025-12-28;23;238
11;2025-12-29;0;79
11;2025-12-29;1;4
11;2025-12-29;2;0
11;2025-12-29;3;0
11;2025-12-29;4;6
11;2025-12-29;5;293
11;2025-12-29;6;1301
11;2025-12-29;7;2324
11;2025-12-29;8;3162
11;2025-12-29;9;2397
11;2025-12-29;10;1792
11;2025-12-29;11;1807
11;2025-12-29;12;1805
11;2025-12-29;13;1957
11;2025-12-29;14;1932
11;2025-12-29;15;2024
11;2025-12-29;16;2267
11;2025-12-29;17;2817
11;2025-12-29;18;3036
11;2025-12-29;19;2251
11;2025-12-29;20;1472
11;2025-12-29;21;861
11;2025-12-29;22;438
11;2025-12-29;23;208
11;2025-12-30;0;69
11;2025-12-30;1;1
11;2025-12-30;2;0
11;2025-12-30;3;0
11;2025-12-30;4;6
11;2025-12-30;5;297
11;2025-12-30;6;1325
11;2025-12-30;7;2365
11;2025-12-30;8;3185
11;2025-12-30;9;2467
11;2025-12-30;10;1879
11;2025-12-30;11;1880
11;2025-12-30;12;1890
11;2025-12-30;13;2036
11;2025-12-30;14;2017
11;2025-12-30;15;2073
11;2025-12-30;16;2308
11;2025-12-30;17;2854
11;2025-12-30;18;3088
11;2025-12-30;19;2326
11;2025-12-30;20;1531
11;2025-12-30;21;904
11;2025-12-30;22;457
11;2025-12-30;23;225
11;2025-12-31;0;89
11;2025-12-31;1;1
11;2025-12-31;2;0
11;2025-12-31;3;0
11;2025-12-31;4;6
11;2025-12-31;5;311
11;2025-12-31;6;641
11;2025-12-31;7;814
11;2025-12-31;8;1218
11;2025-12-31;9;1078
11;2025-12-31;10;1059
11;2025-12-31;11;1257
11;2025-12-31;12;1386
11;2025-12-31;13;1415
11;2025-12-31;14;1438
11;2025-12-31;15;1473
11;2025-12-31;16;1418
11;2025-12-31;17;1711
11;2025-12-31;18;1671
11;2025-12-31;19;1335
11;2025-12-31;20;950
11;2025-12-31;21;709
11;2025-12-31;22;456
11;2025-12-31;23;244
12;2025-11-01;0;99
12;2025-11-01;1;21
12;2025-11-01;2;0
12;2025-11-01;3;0
12;2025-11-01;4;4
12;2025-11-01;5;325
12;2025-11-01;6;907
12;2025-11-01;7;1206
12;2025-11-01;8;2694
12;2025-11-01;9;2362
12;2025-11-01;10;2005
12;2025-11-01;11;2049
12;2025-11-01;12;2223
12;2025-11-01;13;2304
12;2025-11-01;14;2126
12;2025-11-01;15;2429
12;2025-11-01;16;2759
12;2025-11-01;17;2757
12;2025-11-01;18;2743
12;2025-11-01;19;2409
12;2025-11-01;20;1540
12;2025-11-01;21;754
12;2025-11-01;22;510
12;2025-11-01;23;314
12;2025-11-02;0;73
12;2025-11-02;1;8
12;2025-11-02;2;0
12;2025-11-02;3;0
12;2025-11-02;4;1
12;2025-11-02;5;164
12;2025-11-02;6;554
12;2025-11-02;7;658
12;2025-11-02;8;665
12;2025-11-02;9;874
12;2025-11-02;10;1053
12;2025-11-02;11;1239
12;2025-11-02;12;1213
12;2025-11-02;13;1438
12;2025-11-02;14;1438
12;2025-11-02;15;1195
12;2025-11-02;16;1329
12;2025-11-02;17;1410
12;2025-11-02;18;1220
12;2025-11-02;19;1016
12;2025-11-02;20;779
12;2025-11-02;21;569
12;2025-11-02;22;342
12;2025-11-02;23;209
12;2025-11-03;0;69
12;2025-11-03;1;10
12;2025-11-03;2;0
12;2025-11-03;3;0
12;2025-11-03;4;4
12;2025-11-03;5;235
12;2025-11-03;6;714
12;2025-11-03;7;796
12;2025-11-03;8;889
12;2025-11-03;9;878
12;2025-11-03;10;1007
12;2025-11-03;11;1204
12;2025-11-03;12;1263
12;2025-11-03;13;1401
12;2025-11-03;14;1351
12;2025-11-03;15;1264
12;2025-11-03;16;1412
12;2025-11-03;17;1428
12;2025-11-03;18;1396
12;2025-11-03;19;1106
12;2025-11-03;20;856
12;2025-11-03;21;608
12;2025-11-03;22;379
12;2025-11-03;23;209
12;2025-11-04;0;55
12;2025-11-04;1;4
12;2025-11-04;2;0
12;2025-11-04;3;0
12;2025-11-04;4;0
12;2025-11-04;5;191
12;2025-11-04;6;664
12;2025-11-04;7;682
12;2025-11-04;8;747
12;2025-11-04;9;774
12;2025-11-04;10;924
12;2025-11-04;11;1138
12;2025-11-04;12;1149
12;2025-11-04;13;1356
12;2025-11-04;14;1335
12;2025-11-04;15;1158
12;2025-11-04;16;1306
12;2025-11-04;17;1312
12;2025-11-04;18;1308
12;2025-11-04;19;1030
12;2025-11-04;20;774
12;2025-11-04;21;565
12;2025-11-04;22;351
12;2025-11-04;23;220
12;2025-11-05;0;54
12;2025-11-05;1;1
12;2025-11-05;2;0
12;2025-11-05;3;0
12;2025-11-05;4;8
12;2025-11-05;5;358
12;2025-11-05;6;1495
12;2025-11-05;7;2711
12;2025-11-05;8;3558
12;2025-11-05;9;2536
12;2025-11-05;10;2079
12;2025-11-05;11;2010
12;2025-11-05;12;2093
12;2025-11-05;13;2087
12;2025-11-05;14;2023
12;2025-11-05;15;2280
12;2025-11-05;16;2774
12;2025-11-05;17;3091
12;2025-11-05;18;3225
12;2025-11-05;19;2484
12;2025-11-05;20;1588
12;2025-11-05;21;1006
12;2025-11-05;22;507
12;2025-11-05;23;270
12;2025-11-06;0;53
12;2025-11-06;1;2
12;2025-11-06;2;0
12;2025-11-06;3;0
12;2025-11-06;4;7
12;2025-11-06;5;362
12;2025-11-06;6;1495
12;2025-11-06;7;2724
12;2025-11-06;8;3565
12;2025-11-06;9;2533
12;2025-11-06;10;2074
12;2025-11-06;11;2014
12;2025-11-06;12;2085
12;2025-11-06;13;2087
12;2025-11-06;14;2030
12;2025-11-06;15;2290
12;2025-11-06;16;2786
12;2025-11-06;17;3084
12;2025-11-06;18;3232
12;2025-11-06;19;2495
12;2025-11-06;20;1603
12;2025-11-06;21;1007
12;2025-11-06;22;510
12;2025-11-06;23;276
12;2025-11-07;0;57
12;2025-11-07;1;1
12;2025-11-07;2;0
12;2025-11-07;3;0
12;2025-11-07;4;7
12;2025-11-07;5;345
12;2025-11-07;6;1480
12;2025-11-07;7;2658
12;2025-11-07;8;3477
12;2025-11-07;9;2493
12;2025-11-07;10;2016
12;2025-11-07;11;1991
12;2025-11-07;12;2073
12;2025-11-07;13;2072
12;2025-11-07;14;2037
12;2025-11-07;15;2359
12;2025-11-07;16;2811
12;2025-11-07;17;3013
12;2025-11-07;18;2786
12;2025-11-07;19;2394
12;2025-11-07;20;1529
12;2025-11-07;21;1010
12;2025-11-07;22;516
12;2025-11-07;23;305
12;2025-11-08;0;82
12;2025-11-08;1;4
12;2025-11-08;2;0
12;2025-11-08;3;0
12;2025-11-08;4;3
12;2025-11-08;5;279
12;2025-11-08;6;887
12;2025-11-08;7;943
12;2025-11-08;8;1007
12;2025-11-08;9;1160
12;2025-11-08;10;1385
12;2025-11-08;11;1480
12;2025-11-08;12;1538
12;2025-11-08;13;1753
12;2025-11-08;14;1587
12;2025-11-08;15;1539
12;2025-11-08;16;1632
12;2025-11-08;17;1581
12;2025-11-08;18;1460
12;2025-11-08;19;1323
12;2025-11-08;20;1005
12;2025-11-08;21;743
12;2025-11-08;22;420
12;2025-11-08;23;284
12;2025-11-09;0;89
12;2025-11-09;1;7
12;2025-11-09;2;0
12;2025-11-09;3;0
12;2025-11-09;4;3
12;2025-11-09;5;173
12;2025-11-09;6;565
12;2025-11-09;7;685
12;2025-11-09;8;741
12;2025-11-09;9;948
12;2025-11-09;10;1184
12;2025-11-09;11;1350
12;2025-11-09;12;1431
12;2025-11-09;13;1676
12;2025-11-09;14;1527
12;2025-11-09;15;1452
12;2025-11-09;16;1521
12;2025-11-09;17;1523
12;2025-11-09;18;1296
12;2025-11-09;19;1070
12;2025-11-09;20;826
12;2025-11-09;21;602
12;2025-11-09;22;384
12;2025-11-09;23;233
12;2025-11-10;0;62
12;2025-11-10;1;2
12;2025-11-10;2;0
12;2025-11-10;3;0
12;2025-11-10;4;6
12;2025-11-10;5;337
12;2025-11-10;6;1441
12;2025-11-10;7;2669
12;2025-11-10;8;3546
12;2025-11-10;9;2473
12;2025-11-10;10;1989
12;2025-11-10;11;1940
12;2025-11-10;12;2034
12;2025-11-10;13;2024
12;2025-11-10;14;1981
12;2025-11-10;15;2238
12;2025-11-10;16;2746
12;2025-11-10;17;3039
12;2025-11-10;18;3174
12;2025-11-10;19;2411
12;2025-11-10;20;1555
12;2025-11-10;21;964
12;2025-11-10;22;454
12;2025-11-10;23;239
12;2025-11-11;0;47
12;2025-11-11;1;1
12;2025-11-11;2;0
12;2025-11-11;3;0
12;2025-11-11;4;7
12;2025-11-11;5;358
12;2025-11-11;6;1492
12;2025-11-11;7;2728
12;2025-11-11;8;3571
12;2025-11-11;9;2540
12;2025-11-11;10;2078
12;2025-11-11;11;2017
12;2025-11-11;12;2090
12;2025-11-11;13;2092
12;2025-11-11;14;2030
12;2025-11-11;15;2283
12;2025-11-11;16;2782
12;2025-11-11;17;3097
12;2025-11-11;18;3233
12;2025-11-11;19;2490
12;2025-11-11;20;1590
12;2025-11-11;21;1002
12;2025-11-11;22;510
12;2025-11-11;23;259
12;2025-11-12;0;54
12;2025-11-12;1;1
12;2025-11-12;2;0
12;2025-11-12;3;0
12;2025-11-12;4;8
12;2025-11-12;5;358
12;2025-11-12;6;1495
12;2025-11-12;7;2711
12;2025-11-12;8;3558
12;2025-11-12;9;2536
12;2025-11-12;10;2079
12;2025-11-12;11;2010
12;2025-11-12;12;2093
12;2025-11-12;13;2087
12;2025-11-12;14;2023
12;2025-11-12;15;2280
12;2025-11-12;16;2774
12;2025-11-12;17;3091
12;2025-11-12;18;3225
12;2025-11-12;19;2484
12;2025-11-12;20;1588
12;2025-11-12;21;1006
12;2025-11-12;22;507
12;2025-11-12;23;270
12;2025-11-13;0;53
12;2025-11-13;1;2
12;2025-11-13;2;0
12;2025-11-13;3;0
12;2025-11-13;4;7
12;2025-11-13;5;362
12;2025-11-13;6;1495
12;2025-11-13;7;2724
12;2025-11-13;8;3565
12;2025-11-13;9;2533
12;2025-11-13;10;2074
12;2025-11-13;11;2014
12;2025-11-13;12;2085
12;2025-11-13;13;2087
12;2025-11-13;14;2030
12;2025-11-13;15;2290
12;2025-11-13;16;2786
12;2025-11-13;17;3084
12;2025-11-13;18;3232
12;2025-11-13;19;2495
12;2025-11-13;20;1603
12;2025-11-13;21;1007
12;2025-11-13;22;510
12;2025-11-13;23;276
12;2025-11-14;0;57
12;2025-11-14;1;1
12;2025-11-14;2;0
12;2025-11-14;3;0
12;2025-11-14;4;7
12;2025-11-14;5;345
12;2025-11-14;6;1480
12;2025-11-14;7;2658
12;2025-11-14;8;3477
12;2025-11-14;9;2493
12;2025-11-14;10;2016
12;2025-11-14;11;1991
12;2025-11-14;12;2073
12;2025-11-14;13;2072
12;2025-11-14;14;2037
12;2025-11-14;15;2359
12;2025-11-14;16;2811
12;2025-11-14;17;3013
12;2025-11-14;18;2786
12;2025-11-14;19;2394
12;2025-11-14;20;1529
12;2025-11-14;21;1010
12;2025-11-14;22;516
12;2025-11-14;23;305
12;2025-11-15;0;82
12;2025-11-15;1;4
12;2025-11-15;2;0
12;2025-11-15;3;0
12;2025-11-15;4;3
12;2025-11-15;5;279
12;2025-11-15;6;887
12;2025-11-15;7;943
12;2025-11-15;8;1007
12;2025-11-15;9;1160
12;2025-11-15;10;1385
12;2025-11-15;11;1480
12;2025-11-15;12;1538
12;2025-11-15;13;1753
12;2025-11-15;14;1587
12;2025-11-15;15;1539
12;2025-11-15;16;1632
12;2025-11-15;17;1581
12;2025-11-15;18;1460
12;2025-11-15;19;1323
12;2025-11-15;20;1005
12;2025-11-15;21;743
12;2025-11-15;22;420
12;2025-11-15;23;284
12;2025-11-16;0;89
12;2025-11-16;1;7
12;2025-11-16;2;0
12;2025-11-16;3;0
12;2025-11-16;4;3
12;2025-11-16;5;173
12;2025-11-16;6;565
12;2025-11-16;7;685
12;2025-11-16;8;741
12;2025-11-16;9;948
12;2025-11-16;10;1184
12;2025-11-16;11;1350
12;2025-11-16;12;1431
12;2025-11-16;13;1676
12;2025-11-16;14;1527
12;2025-11-16;15;1452
12;2025-11-16;16;1521
12;2025-11-16;17;1523
12;2025-11-16;18;1296
12;2025-11-16;19;1070
12;2025-11-16;20;826
12;2025-11-16;21;602
12;2025-11-16;22;384
12;2025-11-16;23;233
12;2025-11-17;0;62
12;2025-11-17;1;2
12;2025-11-17;2;0
12;2025-11-17;3;0
12;2025-11-17;4;6
12;2025-11-17;5;337
12;2025-11-17;6;1441
12;2025-11-17;7;2669
12;2025-11-17;8;3546
12;2025-11-17;9;2473
12;2025-11-17;10;1989
12;2025-11-17;11;1940
12;2025-11-17;12;2034
12;2025-11-17;13;2024
12;2025-11-17;14;1981
12;2025-11-17;15;2238
12;2025-11-17;16;2746
12;2025-11-17;17;3039
12;2025-11-17;18;3174
12;2025-11-17;19;2411
12;2025-11-17;20;1555
12;2025-11-17;21;964
12;2025-11-17;22;454
12;2025-11-17;23;239
12;2025-11-18;0;47
12;2025-11-18;1;1
12;2025-11-18;2;0
12;2025-11-18;3;0
12;2025-11-18;4;7
12;2025-11-18;5;358
12;2025-11-18;6;1492
12;2025-11-18;7;2728
12;2025-11-18;8;3571
12;2025-11-18;9;2540
12;2025-11-18;10;2078
12;2025-11-18;11;2017
12;2025-11-18;12;2090
12;2025-11-18;13;2092
12;2025-11-18;14;2030
12;2025-11-18;15;2283
12;2025-11-18;16;2782
12;2025-11-18;17;3097
12;2025-11-18;18;3233
12;2025-11-18;19;2490
12;2025-11-18;20;1590
12;2025-11-18;21;1002
12;2025-11-18;22;510
12;2025-11-18;23;259
12;2025-11-19;0;54
12;2025-11-19;1;1
12;2025-11-19;2;0
12;2025-11-19;3;0
12;2025-11-19;4;8
12;2025-11-19;5;358
12;2025-11-19;6;1495
12;2025-11-19;7;2711
12;2025-11-19;8;3558
12;2025-11-19;9;2536
12;2025-11-19;10;2079
12;2025-11-19;11;2010
12;2025-11-19;12;2093
12;2025-11-19;13;2087
12;2025-11-19;14;2023
12;2025-11-19;15;2280
12;2025-11-19;16;2774
12;2025-11-19;17;3091
12;2025-11-19;18;3225
12;2025-11-19;19;2484
12;2025-11-19;20;1588
12;2025-11-19;21;1006
12;2025-11-19;22;507
12;2025-11-19;23;270
12;2025-11-20;0;53
12;2025-11-20;1;2
12;2025-11-20;2;0
12;2025-11-20;3;0
12;2025-11-20;4;7
12;2025-11-20;5;362
12;2025-11-20;6;1495
12;2025-11-20;7;2724
12;2025-11-20;8;3565
12;2025-11-20;9;2533
12;2025-11-20;10;2074
12;2025-11-20;11;2014
12;2025-11-20;12;2085
12;2025-11-20;13;2087
12;2025-11-20;14;2030
12;2025-11-20;15;2290
12;2025-11-20;16;2786
12;2025-11-20;17;3084
12;2025-11-20;18;3232
12;2025-11-20;19;2495
12;2025-11-20;20;1603
12;2025-11-20;21;1007
12;2025-11-20;22;510
12;2025-11-20;23;276
12;2025-11-21;0;57
12;2025-11-21;1;1
12;2025-11-21;2;0
12;2025-11-21;3;0
12;2025-11-21;4;7
12;2025-11-21;5;345
12;2025-11-21;6;1480
12;2025-11-21;7;2658
12;2025-11-21;8;3477
12;2025-11-21;9;2493
12;2025-11-21;10;2016
12;2025-11-21;11;1991
12;2025-11-21;12;2073
12;2025-11-21;13;2072
12;2025-11-21;14;2037
12;2025-11-21;15;2359
12;2025-11-21;16;2811
12;2025-11-21;17;3013
12;2025-11-21;18;2786
12;2025-11-21;19;2394
12;2025-11-21;20;1529
12;2025-11-21;21;1010
12;2025-11-21;22;516
12;2025-11-21;23;305
12;2025-11-22;0;82
12;2025-11-22;1;4
12;2025-11-22;2;0
12;2025-11-22;3;0
12;2025-11-22;4;3
12;2025-11-22;5;279
12;2025-11-22;6;887
12;2025-11-22;7;943
12;2025-11-22;8;1007
12;2025-11-22;9;1160
12;2025-11-22;10;1385
12;2025-11-22;11;1480
12;2025-11-22;12;1538
12;2025-11-22;13;1753
12;2025-11-22;14;1587
12;2025-11-22;15;1539
12;2025-11-22;16;1632
12;2025-11-22;17;1581
12;2025-11-22;18;1460
12;2025-11-22;19;1323
12;2025-11-22;20;1005
12;2025-11-22;21;743
12;2025-11-22;22;420
12;2025-11-22;23;284
12;2025-11-23;0;89
12;2025-11-23;1;7
12;2025-11-23;2;0
12;2025-11-23;3;0
12;2025-11-23;4;3
12;2025-11-23;5;173
12;2025-11-23;6;565
12;2025-11-23;7;685
12;2025-11-23;8;741
12;2025-11-23;9;948
12;2025-11-23;10;1184
12;2025-11-23;11;1350
12;2025-11-23;12;1431
12;2025-11-23;13;1676
12;2025-11-23;14;1527
12;2025-11-23;15;1452
12;2025-11-23;16;1521
12;2025-11-23;17;1523
12;2025-11-23;18;1296
12;2025-11-23;19;1070
12;2025-11-23;20;826
12;2025-11-23;21;602
12;2025-11-23;22;384
12;2025-11-23;23;233
12;2025-11-24;0;62
12;2025-11-24;1;2
12;2025-11-24;2;0
12;2025-11-24;3;0
12;2025-11-24;4;6
12;2025-11-24;5;337
12;2025-11-24;6;1441
12;2025-11-24;7;2669
12;2025-11-24;8;3546
12;2025-11-24;9;2473
12;2025-11-24;10;1989
12;2025-11-24;11;1940
12;2025-11-24;12;2034
12;2025-11-24;13;2024
12;2025-11-24;14;1981
12;2025-11-24;15;2238
12;2025-11-24;16;2746
12;2025-11-24;17;3039
12;2025-11-24;18;3174
12;2025-11-24;19;2411
12;2025-11-24;20;1555
12;2025-11-24;21;964
12;2025-11-24;22;454
12;2025-11-24;23;239
12;2025-11-25;0;47
12;2025-11-25;1;1
12;2025-11-25;2;0
12;2025-11-25;3;0
12;2025-11-25;4;7
12;2025-11-25;5;358
12;2025-11-25;6;1492
12;2025-11-25;7;2728
12;2025-11-25;8;3571
12;2025-11-25;9;2540
12;2025-11-25;10;2078
12;2025-11-25;11;2017
12;2025-11-25;12;2090
12;2025-11-25;13;2092
12;2025-11-25;14;2030
12;2025-11-25;15;2283
12;2025-11-25;16;2782
12;2025-11-25;17;3097
12;2025-11-25;18;3233
12;2025-11-25;19;2490
12;2025-11-25;20;1590
12;2025-11-25;21;1002
12;2025-11-25;22;510
12;2025-11-25;23;259
12;2025-11-26;0;54
12;2025-11-26;1;1
12;2025-11-26;2;0
12;2025-11-26;3;0
12;2025-11-26;4;8
12;2025-11-26;5;358
12;2025-11-26;6;1495
12;2025-11-26;7;2711
12;2025-11-26;8;3558
12;2025-11-26;9;2536
12;2025-11-26;10;2079
12;2025-11-26;11;2010
12;2025-11-26;12;2093
12;2025-11-26;13;2087
12;2025-11-26;14;2023
12;2025-11-26;15;2280
12;2025-11-26;16;2774
12;2025-11-26;17;3091
12;2025-11-26;18;3225
12;2025-11-26;19;2484
12;2025-11-26;20;1588
12;2025-11-26;21;1006
12;2025-11-26;22;507
12;2025-11-26;23;270
12;2025-11-27;0;53
12;2025-11-27;1;2
12;2025-11-27;2;0
12;2025-11-27;3;0
12;2025-11-27;4;7
12;2025-11-27;5;362
12;2025-11-27;6;1495
12;2025-11-27;7;2724
12;2025-11-27;8;3565
12;2025-11-27;9;2533
12;2025-11-27;10;2074
12;2025-11-27;11;2014
12;2025-11-27;12;2085
12;2025-11-27;13;2087
12;2025-11-27;14;2030
12;2025-11-27;15;2290
12;2025-11-27;16;2786
12;2025-11-27;17;3084
12;2025-11-27;18;3232
12;2025-11-27;19;2495
12;2025-11-27;20;1603
12;2025-11-27;21;1007
12;2025-11-27;22;510
12;2025-11-27;23;276
12;2025-11-28;0;57
12;2025-11-28;1;1
12;2025-11-28;2;0
12;2025-11-28;3;0
12;2025-11-28;4;7
12;2025-11-28;5;345
12;2025-11-28;6;1480
12;2025-11-28;7;2658
12;2025-11-28;8;3477
12;2025-11-28;9;2493
12;2025-11-28;10;2016
12;2025-11-28;11;1991
12;2025-11-28;12;2073
12;2025-11-28;13;2072
12;2025-11-28;14;2037
12;2025-11-28;15;2359
12;2025-11-28;16;2811
12;2025-11-28;17;3013
12;2025-11-28;18;2786
12;2025-11-28;19;2394
12;2025-11-28;20;1529
12;2025-11-28;21;1010
12;2025-11-28;22;516
12;2025-11-28;23;305
12;2025-11-29;0;82
12;2025-11-29;1;4
12;2025-11-29;2;0
12;2025-11-29;3;0
12;2025-11-29;4;3
12;2025-11-29;5;279
12;2025-11-29;6;887
12;2025-11-29;7;943
12;2025-11-29;8;1007
12;2025-11-29;9;1160
12;2025-11-29;10;1385
12;2025-11-29;11;1480
12;2025-11-29;12;1538
12;2025-11-29;13;1753
12;2025-11-29;14;1587
12;2025-11-29;15;1539
12;2025-11-29;16;1632
12;2025-11-29;17;1581
12;2025-11-29;18;1460
12;2025-11-29;19;1323
12;2025-11-29;20;1005
12;2025-11-29;21;743
12;2025-11-29;22;420
12;2025-11-29;23;284
12;2025-11-30;0;89
12;2025-11-30;1;7
12;2025-11-30;2;0
12;2025-11-30;3;0
12;2025-11-30;4;3
12;2025-11-30;5;173
12;2025-11-30;6;565
12;2025-11-30;7;685
12;2025-11-30;8;741
12;2025-11-30;9;948
12;2025-11-30;10;1184
12;2025-11-30;11;1350
12;2025-11-30;12;1431
12;2025-11-30;13;1676
12;2025-11-30;14;1527
12;2025-11-30;15;1452
12;2025-11-30;16;1521
12;2025-11-30;17;1523
12;2025-11-30;18;1296
12;2025-11-30;19;1070
12;2025-11-30;20;826
12;2025-11-30;21;602
12;2025-11-30;22;384
12;2025-11-30;23;233
12;2025-12-01;0;66
12;2025-12-01;1;4
12;2025-12-01;2;0
12;2025-12-01;3;0
12;2025-12-01;4;5
12;2025-12-01;5;315
12;2025-12-01;6;1362
12;2025-12-01;7;2658
12;2025-12-01;8;3540
12;2025-12-01;9;2433
12;2025-12-01;10;1979
12;2025-12-01;11;1900
12;2025-12-01;12;2002
12;2025-12-01;13;2008
12;2025-12-01;14;1965
12;2025-12-01;15;2226
12;2025-12-01;16;2739
12;2025-12-01;17;3017
12;2025-12-01;18;3162
12;2025-12-01;19;2397
12;2025-12-01;20;1525
12;2025-12-01;21;941
12;2025-12-01;22;444
12;2025-12-01;23;226
12;2025-12-02;0;49
12;2025-12-02;1;3
12;2025-12-02;2;0
12;2025-12-02;3;0
12;2025-12-02;4;5
12;2025-12-02;5;335
12;2025-12-02;6;1411
12;2025-12-02;7;2721
12;2025-12-02;8;3565
12;2025-12-02;9;2503
12;2025-12-02;10;2069
12;2025-12-02;11;1983
12;2025-12-02;12;2061
12;2025-12-02;13;2071
12;2025-12-02;14;2017
12;2025-12-02;15;2273
12;2025-12-02;16;2778
12;2025-12-02;17;3068
12;2025-12-02;18;3225
12;2025-12-02;19;2481
12;2025-12-02;20;1558
12;2025-12-02;21;982
12;2025-12-02;22;500
12;2025-12-02;23;242
12;2025-12-03;0;56
12;2025-12-03;1;3
12;2025-12-03;2;0
12;2025-12-03;3;0
12;2025-12-03;4;6
12;2025-12-03;5;336
12;2025-12-03;6;1415
12;2025-12-03;7;2704
12;2025-12-03;8;3552
12;2025-12-03;9;2499
12;2025-12-03;10;2070
12;2025-12-03;11;1977
12;2025-12-03;12;2064
12;2025-12-03;13;2066
12;2025-12-03;14;2011
12;2025-12-03;15;2271
12;2025-12-03;16;2769
12;2025-12-03;17;3062
12;2025-12-03;18;3217
12;2025-12-03;19;2475
12;2025-12-03;20;1557
12;2025-12-03;21;986
12;2025-12-03;22;497
12;2025-12-03;23;254
12;2025-12-04;0;55
12;2025-12-04;1;4
12;2025-12-04;2;0
12;2025-12-04;3;0
12;2025-12-04;4;5
12;2025-12-04;5;336
12;2025-12-04;6;1413
12;2025-12-04;7;2717
12;2025-12-04;8;3559
12;2025-12-04;9;2496
12;2025-12-04;10;2065
12;2025-12-04;11;1980
12;2025-12-04;12;2056
12;2025-12-04;13;2067
12;2025-12-04;14;2016
12;2025-12-04;15;2282
12;2025-12-04;16;2782
12;2025-12-04;17;3056
12;2025-12-04;18;3224
12;2025-12-04;19;2484
12;2025-12-04;20;1569
12;2025-12-04;21;985
12;2025-12-04;22;498
12;2025-12-04;23;258
12;2025-12-05;0;63
12;2025-12-05;1;3
12;2025-12-05;2;0
12;2025-12-05;3;0
12;2025-12-05;4;6
12;2025-12-05;5;323
12;2025-12-05;6;1400
12;2025-12-05;7;2647
12;2025-12-05;8;3472
12;2025-12-05;9;2452
12;2025-12-05;10;2006
12;2025-12-05;11;1950
12;2025-12-05;12;2041
12;2025-12-05;13;2049
12;2025-12-05;14;2021
12;2025-12-05;15;2348
12;2025-12-05;16;2805
12;2025-12-05;17;2984
12;2025-12-05;18;2780
12;2025-12-05;19;2379
12;2025-12-05;20;1504
12;2025-12-05;21;992
12;2025-12-05;22;515
12;2025-12-05;23;293
12;2025-12-06;0;87
12;2025-12-06;1;5
12;2025-12-06;2;0
12;2025-12-06;3;0
12;2025-12-06;4;3
12;2025-12-06;5;245
12;2025-12-06;6;786
12;2025-12-06;7;903
12;2025-12-06;8;987
12;2025-12-06;9;1123
12;2025-12-06;10;1365
12;2025-12-06;11;1429
12;2025-12-06;12;1494
12;2025-12-06;13;1730
12;2025-12-06;14;1550
12;2025-12-06;15;1520
12;2025-12-06;16;1622
12;2025-12-06;17;1526
12;2025-12-06;18;1423
12;2025-12-06;19;1314
12;2025-12-06;20;955
12;2025-12-06;21;704
12;2025-12-06;22;408
12;2025-12-06;23;266
12;2025-12-07;0;97
12;2025-12-07;1;8
12;2025-12-07;2;0
12;2025-12-07;3;0
12;2025-12-07;4;2
12;2025-12-07;5;141
12;2025-12-07;6;424
12;2025-12-07;7;608
12;2025-12-07;8;731
12;2025-12-07;9;919
12;2025-12-07;10;1177
12;2025-12-07;11;1309
12;2025-12-07;12;1402
12;2025-12-07;13;1663
12;2025-12-07;14;1508
12;2025-12-07;15;1445
12;2025-12-07;16;1523
12;2025-12-07;17;1471
12;2025-12-07;18;1275
12;2025-12-07;19;1058
12;2025-12-07;20;791
12;2025-12-07;21;537
12;2025-12-07;22;378
12;2025-12-07;23;218
12;2025-12-08;0;66
12;2025-12-08;1;4
12;2025-12-08;2;0
12;2025-12-08;3;0
12;2025-12-08;4;5
12;2025-12-08;5;315
12;2025-12-08;6;1362
12;2025-12-08;7;2658
12;2025-12-08;8;3540
12;2025-12-08;9;2433
12;2025-12-08;10;1979
12;2025-12-08;11;1900
12;2025-12-08;12;2002
12;2025-12-08;13;2008
12;2025-12-08;14;1965
12;2025-12-08;15;2226
12;2025-12-08;16;2739
12;2025-12-08;17;3017
12;2025-12-08;18;3162
12;2025-12-08;19;2397
12;2025-12-08;20;1525
12;2025-12-08;21;941
12;2025-12-08;22;444
12;2025-12-08;23;226
12;2025-12-09;0;49
12;2025-12-09;1;3
12;2025-12-09;2;0
12;2025-12-09;3;0
12;2025-12-09;4;5
12;2025-12-09;5;335
12;2025-12-09;6;1411
12;2025-12-09;7;2721
12;2025-12-09;8;3565
12;2025-12-09;9;2503
12;2025-12-09;10;2069
12;2025-12-09;11;1983
12;2025-12-09;12;2061
12;2025-12-09;13;2071
12;2025-12-09;14;2017
12;2025-12-09;15;2273
12;2025-12-09;16;2778
12;2025-12-09;17;3068
12;2025-12-09;18;3225
12;2025-12-09;19;2481
12;2025-12-09;20;1558
12;2025-12-09;21;982
12;2025-12-09;22;500
12;2025-12-09;23;242
12;2025-12-10;0;56
12;2025-12-10;1;3
12;2025-12-10;2;0
12;2025-12-10;3;0
12;2025-12-10;4;6
12;2025-12-10;5;336
12;2025-12-10;6;1415
12;2025-12-10;7;2704
12;2025-12-10;8;3552
12;2025-12-10;9;2499
12;2025-12-10;10;2070
12;2025-12-10;11;1977
12;2025-12-10;12;2064
12;2025-12-10;13;2066
12;2025-12-10;14;2011
12;2025-12-10;15;2271
12;2025-12-10;16;2769
12;2025-12-10;17;3062
12;2025-12-10;18;3217
12;2025-12-10;19;2475
12;2025-12-10;20;1557
12;2025-12-10;21;986
12;2025-12-10;22;497
12;2025-12-10;23;254
12;2025-12-11;0;55
12;2025-12-11;1;4
12;2025-12-11;2;0
12;2025-12-11;3;0
12;2025-12-11;4;5
12;2025-12-11;5;336
12;2025-12-11;6;1413
12;2025-12-11;7;2717
12;2025-12-11;8;3559
12;2025-12-11;9;2496
12;2025-12-11;10;2065
12;2025-12-11;11;1980
12;2025-12-11;12;2056
12;2025-12-11;13;2067
12;2025-12-11;14;2016
12;2025-12-11;15;2282
12;2025-12-11;16;2782
12;2025-12-11;17;3056
12;2025-12-11;18;3224
12;2025-12-11;19;2484
12;2025-12-11;20;1569
12;2025-12-11;21;985
12;2025-12-11;22;498
12;2025-12-11;23;258
12;2025-12-12;0;63
12;2025-12-12;1;3
12;2025-12-12;2;0
12;2025-12-12;3;0
12;2025-12-12;4;6
12;2025-12-12;5;323
12;2025-12-12;6;1400
12;2025-12-12;7;2647
12;2025-12-12;8;3472
12;2025-12-12;9;2452
12;2025-12-12;10;2006
12;2025-12-12;11;1950
12;2025-12-12;12;2041
12;2025-12-12;13;2049
12;2025-12-12;14;2021
12;2025-12-12;15;2348
12;2025-12-12;16;2805
12;2025-12-12;17;2984
12;2025-12-12;18;2780
12;2025-12-12;19;2379
12;2025-12-12;20;1504
12;2025-12-12;21;992
12;2025-12-12;22;515
12;2025-12-12;23;293
12;2025-12-13;0;87
12;2025-12-13;1;5
12;2025-12-13;2;0
12;2025-12-13;3;0
12;2025-12-13;4;3
12;2025-12-13;5;245
12;2025-12-13;6;786
12;2025-12-13;7;903
12;2025-12-13;8;987
12;2025-12-13;9;1123
12;2025-12-13;10;1365
12;2025-12-13;11;1429
12;2025-12-13;12;1494
12;2025-12-13;13;1730
12;2025-12-13;14;1550
12;2025-12-13;15;1520
12;2025-12-13;16;1622
12;2025-12-13;17;1526
12;2025-12-13;18;1423
12;2025-12-13;19;1314
12;2025-12-13;20;955
12;2025-12-13;21;704
12;2025-12-13;22;408
12;2025-12-13;23;266
12;2025-12-14;0;97
12;2025-12-14;1;8
12;2025-12-14;2;0
12;2025-12-14;3;0
12;2025-12-14;4;2
12;2025-12-14;5;141
12;2025-12-14;6;424
12;2025-12-14;7;608
12;2025-12-14;8;731
12;2025-12-14;9;919
12;2025-12-14;10;1177
12;2025-12-14;11;1309
12;2025-12-14;12;1402
12;2025-12-14;13;1663
12;2025-12-14;14;1508
12;2025-12-14;15;1445
12;2025-12-14;16;1523
12;2025-12-14;17;1471
12;2025-12-14;18;1275
12;2025-12-14;19;1058
12;2025-12-14;20;791
12;2025-12-14;21;537
12;2025-12-14;22;378
12;2025-12-14;23;218
12;2025-12-15;0;66
12;2025-12-15;1;4
12;2025-12-15;2;0
12;2025-12-15;3;0
12;2025-12-15;4;5
12;2025-12-15;5;315
12;2025-12-15;6;1362
12;2025-12-15;7;2658
12;2025-12-15;8;3540
12;2025-12-15;9;2433
12;2025-12-15;10;1979
12;2025-12-15;11;1900
12;2025-12-15;12;2002
12;2025-12-15;13;2008
12;2025-12-15;14;1965
12;2025-12-15;15;2226
12;2025-12-15;16;2739
12;2025-12-15;17;3017
12;2025-12-15;18;3162
12;2025-12-15;19;2397
12;2025-12-15;20;1525
12;2025-12-15;21;941
12;2025-12-15;22;444
12;2025-12-15;23;226
12;2025-12-16;0;49
12;2025-12-16;1;3
12;2025-12-16;2;0
12;2025-12-16;3;0
12;2025-12-16;4;5
12;2025-12-16;5;335
12;2025-12-16;6;1411
12;2025-12-16;7;2721
12;2025-12-16;8;3565
12;2025-12-16;9;2503
12;2025-12-16;10;2069
12;2025-12-16;11;1983
12;2025-12-16;12;2061
12;2025-12-16;13;2071
12;2025-12-16;14;2017
12;2025-12-16;15;2273
12;2025-12-16;16;2778
12;2025-12-16;17;3068
12;2025-12-16;18;3225
12;2025-12-16;19;2481
12;2025-12-16;20;1558
12;2025-12-16;21;982
12;2025-12-16;22;500
12;2025-12-16;23;242
12;2025-12-17;0;56
12;2025-12-17;1;3
12;2025-12-17;2;0
12;2025-12-17;3;0
12;2025-12-17;4;6
12;2025-12-17;5;336
12;2025-12-17;6;1415
12;2025-12-17;7;2704
12;2025-12-17;8;3552
12;2025-12-17;9;2499
12;2025-12-17;10;2070
12;2025-12-17;11;1977
12;2025-12-17;12;2064
12;2025-12-17;13;2066
12;2025-12-17;14;2011
12;2025-12-17;15;2271
12;2025-12-17;16;2769
12;2025-12-17;17;3062
12;2025-12-17;18;3217
12;2025-12-17;19;2475
12;2025-12-17;20;1557
12;2025-12-17;21;986
12;2025-12-17;22;497
12;2025-12-17;23;254
12;2025-12-18;0;55
12;2025-12-18;1;4
12;2025-12-18;2;0
12;2025-12-18;3;0
12;2025-12-18;4;5
12;2025-12-18;5;336
12;2025-12-18;6;1413
12;2025-12-18;7;2717
12;2025-12-18;8;3559
12;2025-12-18;9;2496
12;2025-12-18;10;2065
12;2025-12-18;11;1980
12;2025-12-18;12;2056
12;2025-12-18;13;2067
12;2025-12-18;14;2016
12;2025-12-18;15;2282
12;2025-12-18;16;2782
12;2025-12-18;17;3056
12;2025-12-18;18;3224
12;2025-12-18;19;2484
12;2025-12-18;20;1569
12;2025-12-18;21;985
12;2025-12-18;22;498
12;2025-12-18;23;258
12;2025-12-19;0;63
12;2025-12-19;1;3
12;2025-12-19;2;0
12;2025-12-19;3;0
12;2025-12-19;4;6
12;2025-12-19;5;323
12;2025-12-19;6;1400
12;2025-12-19;7;2647
12;2025-12-19;8;3472
12;2025-12-19;9;2452
12;2025-12-19;10;2006
12;2025-12-19;11;1950
12;2025-12-19;12;2041
12;2025-12-19;13;2049
12;2025-12-19;14;2021
12;2025-12-19;15;2348
12;2025-12-19;16;2805
12;2025-12-19;17;2984
12;2025-12-19;18;2780
12;2025-12-19;19;2379
12;2025-12-19;20;1504
12;2025-12-19;21;992
12;2025-12-19;22;515
12;2025-12-19;23;293
12;2025-12-20;0;87
12;2025-12-20;1;5
12;2025-12-20;2;0
12;2025-12-20;3;0
12;2025-12-20;4;3
12;2025-12-20;5;245
12;2025-12-20;6;786
12;2025-12-20;7;903
12;2025-12-20;8;987
12;2025-12-20;9;1123
12;2025-12-20;10;1365
12;2025-12-20;11;1429
12;2025-12-20;12;1494
12;2025-12-20;13;1730
12;2025-12-20;14;1550
12;2025-12-20;15;1520
12;2025-12-20;16;1622
12;2025-12-20;17;1526
12;2025-12-20;18;1423
12;2025-12-20;19;1314
12;2025-12-20;20;955
12;2025-12-20;21;704
12;2025-12-20;22;408
12;2025-12-20;23;266
12;2025-12-21;0;97
12;2025-12-21;1;8
12;2025-12-21;2;0
12;2025-12-21;3;0
12;2025-12-21;4;2
12;2025-12-21;5;141
12;2025-12-21;6;424
12;2025-12-21;7;608
12;2025-12-21;8;731
12;2025-12-21;9;919
12;2025-12-21;10;1177
12;2025-12-21;11;1309
12;2025-12-21;12;1402
12;2025-12-21;13;1663
12;2025-12-21;14;1508
12;2025-12-21;15;1445
12;2025-12-21;16;1523
12;2025-12-21;17;1471
12;2025-12-21;18;1275
12;2025-12-21;19;1058
12;2025-12-21;20;791
12;2025-12-21;21;537
12;2025-12-21;22;378
12;2025-12-21;23;218
12;2025-12-22;0;66
12;2025-12-22;1;4
12;2025-12-22;2;0
12;2025-12-22;3;0
12;2025-12-22;4;5
12;2025-12-22;5;315
12;2025-12-22;6;1362
12;2025-12-22;7;2658
12;2025-12-22;8;3540
12;2025-12-22;9;2433
12;2025-12-22;10;1979
12;2025-12-22;11;1900
12;2025-12-22;12;2002
12;2025-12-22;13;2008
12;2025-12-22;14;1965
12;2025-12-22;15;2226
12;2025-12-22;16;2739
12;2025-12-22;17;3017
12;2025-12-22;18;3162
12;2025-12-22;19;2397
12;2025-12-22;20;1525
12;2025-12-22;21;941
12;2025-12-22;22;444
12;2025-12-22;23;226
12;2025-12-23;0;49
12;2025-12-23;1;3
12;2025-12-23;2;0
12;2025-12-23;3;0
12;2025-12-23;4;5
12;2025-12-23;5;335
12;2025-12-23;6;1411
12;2025-12-23;7;2721
12;2025-12-23;8;3565
12;2025-12-23;9;2503
12;2025-12-23;10;2069
12;2025-12-23;11;1983
12;2025-12-23;12;2061
12;2025-12-23;13;2071
12;2025-12-23;14;2017
12;2025-12-23;15;2273
12;2025-12-23;16;2778
12;2025-12-23;17;3068
12;2025-12-23;18;3225
12;2025-12-23;19;2481
12;2025-12-23;20;1558
12;2025-12-23;21;982
12;2025-12-23;22;500
12;2025-12-23;23;242
12;2025-12-24;0;56
12;2025-12-24;1;3
12;2025-12-24;2;0
12;2025-12-24;3;0
12;2025-12-24;4;6
12;2025-12-24;5;336
12;2025-12-24;6;1415
12;2025-12-24;7;2704
12;2025-12-24;8;3552
12;2025-12-24;9;2499
12;2025-12-24;10;2070
12;2025-12-24;11;1977
12;2025-12-24;12;2064
12;2025-12-24;13;2066
12;2025-12-24;14;2011
12;2025-12-24;15;2271
12;2025-12-24;16;2769
12;2025-12-24;17;3062
12;2025-12-24;18;3217
12;2025-12-24;19;2475
12;2025-12-24;20;1557
12;2025-12-24;21;986
12;2025-12-24;22;497
12;2025-12-24;23;254
12;2025-12-25;0;55
12;2025-12-25;1;4
12;2025-12-25;2;0
12;2025-12-25;3;0
12;2025-12-25;4;5
12;2025-12-25;5;336
12;2025-12-25;6;1413
12;2025-12-25;7;2717
12;2025-12-25;8;3559
12;2025-12-25;9;2496
12;2025-12-25;10;2065
12;2025-12-25;11;1980
12;2025-12-25;12;2056
12;2025-12-25;13;2067
12;2025-12-25;14;2016
12;2025-12-25;15;2282
12;2025-12-25;16;2782
12;2025-12-25;17;3056
12;2025-12-25;18;3224
12;2025-12-25;19;2484
12;2025-12-25;20;1569
12;2025-12-25;21;985
12;2025-12-25;22;498
12;2025-12-25;23;258
12;2025-12-26;0;63
12;2025-12-26;1;3
12;2025-12-26;2;0
12;2025-12-26;3;0
12;2025-12-26;4;6
12;2025-12-26;5;323
12;2025-12-26;6;1400
12;2025-12-26;7;2647
12;2025-12-26;8;3472
12;2025-12-26;9;2452
12;2025-12-26;10;2006
12;2025-12-26;11;1950
12;2025-12-26;12;2041
12;2025-12-26;13;2049
12;2025-12-26;14;2021
12;2025-12-26;15;2348
12;2025-12-26;16;2805
12;2025-12-26;17;2984
12;2025-12-26;18;2780
12;2025-12-26;19;2379
12;2025-12-26;20;1504
12;2025-12-26;21;992
12;2025-12-26;22;515
12;2025-12-26;23;293
12;2025-12-27;0;87
12;2025-12-27;1;5
12;2025-12-27;2;0
12;2025-12-27;3;0
12;2025-12-27;4;3
12;2025-12-27;5;245
12;2025-12-27;6;786
12;2025-12-27;7;903
12;2025-12-27;8;987
12;2025-12-27;9;1123
12;2025-12-27;10;1365
12;2025-12-27;11;1429
12;2025-12-27;12;1494
12;2025-12-27;13;1730
12;2025-12-27;14;1550
12;2025-12-27;15;1520
12;2025-12-27;16;1622
12;2025-12-27;17;1526
12;2025-12-27;18;1423
12;2025-12-27;19;1314
12;2025-12-27;20;955
12;2025-12-27;21;704
12;2025-12-27;22;408
12;2025-12-27;23;266
12;2025-12-28;0;97
12;2025-12-28;1;8
12;2025-12-28;2;0
12;2025-12-28;3;0
12;2025-12-28;4;2
12;2025-12-28;5;141
12;2025-12-28;6;424
12;2025-12-28;7;608
12;2025-12-28;8;731
12;2025-12-28;9;919
12;2025-12-28;10;1177
12;2025-12-28;11;1309
12;2025-12-28;12;1402
12;2025-12-28;13;1663
12;2025-12-28;14;1508
12;2025-12-28;15;1445
12;2025-12-28;16;1523
12;2025-12-28;17;1471
12;2025-12-28;18;1275
12;2025-12-28;19;1058
12;2025-12-28;20;791
12;2025-12-28;21;537
12;2025-12-28;22;378
12;2025-12-28;23;218
12;2025-12-29;0;66
12;2025-12-29;1;4
12;2025-12-29;2;0
12;2025-12-29;3;0
12;2025-12-29;4;5
12;2025-12-29;5;315
12;2025-12-29;6;1362
12;2025-12-29;7;2658
12;2025-12-29;8;3540
12;2025-12-29;9;2433
12;2025-12-29;10;1979
12;2025-12-29;11;1900
12;2025-12-29;12;2002
12;2025-12-29;13;2008
12;2025-12-29;14;1965
12;2025-12-29;15;2226
12;2025-12-29;16;2739
12;2025-12-29;17;3017
12;2025-12-29;18;3162
12;2025-12-29;19;2397
12;2025-12-29;20;1525
12;2025-12-29;21;941
12;2025-12-29;22;444
12;2025-12-29;23;226
12;2025-12-30;0;49
12;2025-12-30;1;3
12;2025-12-30;2;0
12;2025-12-30;3;0
12;2025-12-30;4;5
12;2025-12-30;5;335
12;2025-12-30;6;1411
12;2025-12-30;7;2721
12;2025-12-30;8;3565
12;2025-12-30;9;2503
12;2025-12-30;10;2069
12;2025-12-30;11;1983
12;2025-12-30;12;2061
12;2025-12-30;13;2071
12;2025-12-30;14;2017
12;2025-12-30;15;2273
12;2025-12-30;16;2778
12;2025-12-30;17;3068
12;2025-12-30;18;3225
12;2025-12-30;19;2481
12;2025-12-30;20;1558
12;2025-12-30;21;982
12;2025-12-30;22;500
12;2025-12-30;23;242
12;2025-12-31;0;52
12;2025-12-31;1;10
12;2025-12-31;2;0
12;2025-12-31;3;0
12;2025-12-31;4;4
12;2025-12-31;5;329
12;2025-12-31;6;663
12;2025-12-31;7;1003
12;2025-12-31;8;1643
12;2025-12-31;9;1059
12;2025-12-31;10;1135
12;2025-12-31;11;1209
12;2025-12-31;12;1241
12;2025-12-31;13;1388
12;2025-12-31;14;1277
12;2025-12-31;15;1260
12;2025-12-31;16;1493
12;2025-12-31;17;1673
12;2025-12-31;18;1767
12;2025-12-31;19;1147
12;2025-12-31;20;868
12;2025-12-31;21;643
12;2025-12-31;22;454
12;2025-12-31;23;249
17;2025-11-01;0;213
17;2025-11-01;1;35
17;2025-11-01;2;0
17;2025-11-01;3;0
17;2025-11-01;4;1
17;2025-11-01;5;184
17;2025-11-01;6;607
17;2025-11-01;7;1671
17;2025-11-01;8;3265
17;2025-11-01;9;2923
17;2025-11-01;10;2968
17;2025-11-01;11;3386
17;2025-11-01;12;3735
17;2025-11-01;13;3937
17;2025-11-01;14;3973
17;2025-11-01;15;4014
17;2025-11-01;16;3988
17;2025-11-01;17;4029
17;2025-11-01;18;3786
17;2025-11-01;19;2855
17;2025-11-01;20;2470
17;2025-11-01;21;1278
17;2025-11-01;22;890
17;2025-11-01;23;473
17;2025-11-02;0;171
17;2025-11-02;1;19
17;2025-11-02;2;0
17;2025-11-02;3;0
17;2025-11-02;4;5
17;2025-11-02;5;83
17;2025-11-02;6;377
17;2025-11-02;7;720
17;2025-11-02;8;1203
17;2025-11-02;9;1584
17;2025-11-02;10;1831
17;2025-11-02;11;2214
17;2025-11-02;12;2339
17;2025-11-02;13;2538
17;2025-11-02;14;2509
17;2025-11-02;15;2624
17;2025-11-02;16;2573
17;2025-11-02;17;2607
17;2025-11-02;18;2459
17;2025-11-02;19;2046
17;2025-11-02;20;1672
17;2025-11-02;21;1070
17;2025-11-02;22;680
17;2025-11-02;23;282
17;2025-11-03;0;143
17;2025-11-03;1;10
17;2025-11-03;2;0
17;2025-11-03;3;0
17;2025-11-03;4;16
17;2025-11-03;5;172
17;2025-11-03;6;544
17;2025-11-03;7;1127
17;2025-11-03;8;1619
17;2025-11-03;9;1637
17;2025-11-03;10;1724
17;2025-11-03;11;2122
17;2025-11-03;12;2180
17;2025-11-03;13;2270
17;2025-11-03;14;2283
17;2025-11-03;15;2415
17;2025-11-03;16;2419
17;2025-11-03;17;2488
17;2025-11-03;18;2517
17;2025-11-03;19;2125
17;2025-11-03;20;1614
17;2025-11-03;21;1215
17;2025-11-03;22;652
17;2025-11-03;23;274
17;2025-11-04;0;126
17;2025-11-04;1;10
17;2025-11-04;2;0
17;2025-11-04;3;0
17;2025-11-04;4;5
17;2025-11-04;5;117
17;2025-11-04;6;458
17;2025-11-04;7;912
17;2025-11-04;8;1473
17;2025-11-04;9;1514
17;2025-11-04;10;1630
17;2025-11-04;11;2069
17;2025-11-04;12;2193
17;2025-11-04;13;2279
17;2025-11-04;14;2277
17;2025-11-04;15;2340
17;2025-11-04;16;2320
17;2025-11-04;17;2395
17;2025-11-04;18;2420
17;2025-11-04;19;1997
17;2025-11-04;20;1630
17;2025-11-04;21;1248
17;2025-11-04;22;717
17;2025-11-04;23;325
17;2025-11-05;0;128
17;2025-11-05;1;11
17;2025-11-05;2;0
17;2025-11-05;3;0
17;2025-11-05;4;27
17;2025-11-05;5;309
17;2025-11-05;6;1517
17;2025-11-05;7;3981
17;2025-11-05;8;5242
17;2025-11-05;9;3836
17;2025-11-05;10;3015
17;2025-11-05;11;2963
17;2025-11-05;12;3033
17;2025-11-05;13;3084
17;2025-11-05;14;3148
17;2025-11-05;15;3302
17;2025-11-05;16;3697
17;2025-11-05;17;4511
17;2025-11-05;18;4851
17;2025-11-05;19;3439
17;2025-11-05;20;2376
17;2025-11-05;21;1486
17;2025-11-05;22;812
17;2025-11-05;23;391
17;2025-11-06;0;140
17;2025-11-06;1;11
17;2025-11-06;2;0
17;2025-11-06;3;0
17;2025-11-06;4;25
17;2025-11-06;5;313
17;2025-11-06;6;1512
17;2025-11-06;7;3994
17;2025-11-06;8;5266
17;2025-11-06;9;3847
17;2025-11-06;10;3046
17;2025-11-06;11;2973
17;2025-11-06;12;3053
17;2025-11-06;13;3106
17;2025-11-06;14;3169
17;2025-11-06;15;3355
17;2025-11-06;16;3755
17;2025-11-06;17;4513
17;2025-11-06;18;4854
17;2025-11-06;19;3459
17;2025-11-06;20;2404
17;2025-11-06;21;1513
17;2025-11-06;22;848
17;2025-11-06;23;410
17;2025-11-07;0;146
17;2025-11-07;1;15
17;2025-11-07;2;0
17;2025-11-07;3;0
17;2025-11-07;4;24
17;2025-11-07;5;303
17;2025-11-07;6;1499
17;2025-11-07;7;3940
17;2025-11-07;8;5144
17;2025-11-07;9;3789
17;2025-11-07;10;3000
17;2025-11-07;11;3021
17;2025-11-07;12;3044
17;2025-11-07;13;3119
17;2025-11-07;14;3211
17;2025-11-07;15;3482
17;2025-11-07;16;3833
17;2025-11-07;17;4566
17;2025-11-07;18;4452
17;2025-11-07;19;3324
17;2025-11-07;20;2351
17;2025-11-07;21;1540
17;2025-11-07;22;859
17;2025-11-07;23;456
17;2025-11-08;0;206
17;2025-11-08;1;24
17;2025-11-08;2;0
17;2025-11-08;3;0
17;2025-11-08;4;5
17;2025-11-08;5;136
17;2025-11-08;6;578
17;2025-11-08;7;1164
17;2025-11-08;8;1726
17;2025-11-08;9;1970
17;2025-11-08;10;2179
17;2025-11-08;11;2772
17;2025-11-08;12;3112
17;2025-11-08;13;3304
17;2025-11-08;14;3396
17;2025-11-08;15;3403
17;2025-11-08;16;3288
17;2025-11-08;17;3232
17;2025-11-08;18;2932
17;2025-11-08;19;2345
17;2025-11-08;20;1802
17;2025-11-08;21;1324
17;2025-11-08;22;839
17;2025-11-08;23;442
17;2025-11-09;0;202
17;2025-11-09;1;25
17;2025-11-09;2;0
17;2025-11-09;3;0
17;2025-11-09;4;3
17;2025-11-09;5;112
17;2025-11-09;6;420
17;2025-11-09;7;797
17;2025-11-09;8;1231
17;2025-11-09;9;1690
17;2025-11-09;10;1977
17;2025-11-09;11;2580
17;2025-11-09;12;2935
17;2025-11-09;13;3194
17;2025-11-09;14;3257
17;2025-11-09;15;3273
17;2025-11-09;16;3157
17;2025-11-09;17;2999
17;2025-11-09;18;2615
17;2025-11-09;19;2116
17;2025-11-09;20;1651
17;2025-11-09;21;1191
17;2025-11-09;22;694
17;2025-11-09;23;328
17;2025-11-10;0;114
17;2025-11-10;1;13
17;2025-11-10;2;0
17;2025-11-10;3;0
17;2025-11-10;4;24
17;2025-11-10;5;300
17;2025-11-10;6;1488
17;2025-11-10;7;3991
17;2025-11-10;8;5253
17;2025-11-10;9;3789
17;2025-11-10;10;2941
17;2025-11-10;11;2885
17;2025-11-10;12;2909
17;2025-11-10;13;2958
17;2025-11-10;14;3060
17;2025-11-10;15;3224
17;2025-11-10;16;3656
17;2025-11-10;17;4464
17;2025-11-10;18;4817
17;2025-11-10;19;3380
17;2025-11-10;20;2299
17;2025-11-10;21;1435
17;2025-11-10;22;677
17;2025-11-10;23;323
17;2025-11-11;0;117
17;2025-11-11;1;10
17;2025-11-11;2;0
17;2025-11-11;3;0
17;2025-11-11;4;25
17;2025-11-11;5;305
17;2025-11-11;6;1519
17;2025-11-11;7;3996
17;2025-11-11;8;5320
17;2025-11-11;9;3842
17;2025-11-11;10;3017
17;2025-11-11;11;2947
17;2025-11-11;12;3035
17;2025-11-11;13;3084
17;2025-11-11;14;3156
17;2025-11-11;15;3308
17;2025-11-11;16;3707
17;2025-11-11;17;4519
17;2025-11-11;18;4877
17;2025-11-11;19;3447
17;2025-11-11;20;2379
17;2025-11-11;21;1487
17;2025-11-11;22;750
17;2025-11-11;23;367
17;2025-11-12;0;128
17;2025-11-12;1;11
17;2025-11-12;2;0
17;2025-11-12;3;0
17;2025-11-12;4;27
17;2025-11-12;5;309
17;2025-11-12;6;1517
17;2025-11-12;7;3981
17;2025-11-12;8;5242
17;2025-11-12;9;3836
17;2025-11-12;10;3015
17;2025-11-12;11;2963
17;2025-11-12;12;3033
17;2025-11-12;13;3084
17;2025-11-12;14;3148
17;2025-11-12;15;3302
17;2025-11-12;16;3697
17;2025-11-12;17;4511
17;2025-11-12;18;4851
17;2025-11-12;19;3439
17;2025-11-12;20;2376
17;2025-11-12;21;1486
17;2025-11-12;22;812
17;2025-11-12;23;391
17;2025-11-13;0;140
17;2025-11-13;1;11
17;2025-11-13;2;0
17;2025-11-13;3;0
17;2025-11-13;4;25
17;2025-11-13;5;313
17;2025-11-13;6;1512
17;2025-11-13;7;3994
17;2025-11-13;8;5266
17;2025-11-13;9;3847
17;2025-11-13;10;3046
17;2025-11-13;11;2973
17;2025-11-13;12;3053
17;2025-11-13;13;3106
17;2025-11-13;14;3169
17;2025-11-13;15;3355
17;2025-11-13;16;3755
17;2025-11-13;17;4513
17;2025-11-13;18;4854
17;2025-11-13;19;3459
17;2025-11-13;20;2404
17;2025-11-13;21;1513
17;2025-11-13;22;848
17;2025-11-13;23;410
17;2025-11-14;0;146
17;2025-11-14;1;15
17;2025-11-14;2;0
17;2025-11-14;3;0
17;2025-11-14;4;24
17;2025-11-14;5;303
17;2025-11-14;6;1499
17;2025-11-14;7;3940
17;2025-11-14;8;5144
17;2025-11-14;9;3789
17;2025-11-14;10;3000
17;2025-11-14;11;3021
17;2025-11-14;12;3044
17;2025-11-14;13;3119
17;2025-11-14;14;3211
17;2025-11-14;15;3482
17;2025-11-14;16;3833
17;2025-11-14;17;4566
17;2025-11-14;18;4452
17;2025-11-14;19;3324
17;2025-11-14;20;2351
17;2025-11-14;21;1540
17;2025-11-14;22;859
17;2025-11-14;23;456
17;2025-11-15;0;206
17;2025-11-15;1;24
17;2025-11-15;2;0
17;2025-11-15;3;0
17;2025-11-15;4;5
17;2025-11-15;5;136
17;2025-11-15;6;578
17;2025-11-15;7;1164
17;2025-11-15;8;1726
17;2025-11-15;9;1970
17;2025-11-15;10;2179
17;2025-11-15;11;2772
17;2025-11-15;12;3112
17;2025-11-15;13;3304
17;2025-11-15;14;3396
17;2025-11-15;15;3403
17;2025-11-15;16;3288
17;2025-11-15;17;3232
17;2025-11-15;18;2932
17;2025-11-15;19;2345
17;2025-11-15;20;1802
17;2025-11-15;21;1324
17;2025-11-15;22;839
17;2025-11-15;23;442
17;2025-11-16;0;202
17;2025-11-16;1;25
17;2025-11-16;2;0
17;2025-11-16;3;0
17;2025-11-16;4;3
17;2025-11-16;5;112
17;2025-11-16;6;420
17;2025-11-16;7;797
17;2025-11-16;8;1231
17;2025-11-16;9;1690
17;2025-11-16;10;1977
17;2025-11-16;11;2580
17;2025-11-16;12;2935
17;2025-11-16;13;3194
17;2025-11-16;14;3257
17;2025-11-16;15;3273
17;2025-11-16;16;3157
17;2025-11-16;17;2999
17;2025-11-16;18;2615
17;2025-11-16;19;2116
17;2025-11-16;20;1651
17;2025-11-16;21;1191
17;2025-11-16;22;694
17;2025-11-16;23;328
17;2025-11-17;0;114
17;2025-11-17;1;13
17;2025-11-17;2;0
17;2025-11-17;3;0
17;2025-11-17;4;24
17;2025-11-17;5;300
17;2025-11-17;6;1488
17;2025-11-17;7;3991
17;2025-11-17;8;5253
17;2025-11-17;9;3789
17;2025-11-17;10;2941
17;2025-11-17;11;2885
17;2025-11-17;12;2909
17;2025-11-17;13;2958
17;2025-11-17;14;3060
17;2025-11-17;15;3224
17;2025-11-17;16;3656
17;2025-11-17;17;4464
17;2025-11-17;18;4817
17;2025-11-17;19;3380
17;2025-11-17;20;2299
17;2025-11-17;21;1435
17;2025-11-17;22;677
17;2025-11-17;23;323
17;2025-11-18;0;117
17;2025-11-18;1;10
17;2025-11-18;2;0
17;2025-11-18;3;0
17;2025-11-18;4;25
17;2025-11-18;5;305
17;2025-11-18;6;1519
17;2025-11-18;7;3996
17;2025-11-18;8;5320
17;2025-11-18;9;3842
17;2025-11-18;10;3017
17;2025-11-18;11;2947
17;2025-11-18;12;3035
17;2025-11-18;13;3084
17;2025-11-18;14;3156
17;2025-11-18;15;3308
17;2025-11-18;16;3707
17;2025-11-18;17;4519
17;2025-11-18;18;4877
17;2025-11-18;19;3447
17;2025-11-18;20;2379
17;2025-11-18;21;1487
17;2025-11-18;22;750
17;2025-11-18;23;367
17;2025-11-19;0;128
17;2025-11-19;1;11
17;2025-11-19;2;0
17;2025-11-19;3;0
17;2025-11-19;4;27
17;2025-11-19;5;309
17;2025-11-19;6;1517
17;2025-11-19;7;3981
17;2025-11-19;8;5242
17;2025-11-19;9;3836
17;2025-11-19;10;3015
17;2025-11-19;11;2963
17;2025-11-19;12;3033
17;2025-11-19;13;3084
17;2025-11-19;14;3148
17;2025-11-19;15;3302
17;2025-11-19;16;3697
17;2025-11-19;17;4511
17;2025-11-19;18;4851
17;2025-11-19;19;3439
17;2025-11-19;20;2376
17;2025-11-19;21;1486
17;2025-11-19;22;812
17;2025-11-19;23;391
17;2025-11-20;0;140
17;2025-11-20;1;11
17;2025-11-20;2;0
17;2025-11-20;3;0
17;2025-11-20;4;25
17;2025-11-20;5;313
17;2025-11-20;6;1512
17;2025-11-20;7;3994
17;2025-11-20;8;5266
17;2025-11-20;9;3847
17;2025-11-20;10;3046
17;2025-11-20;11;2973
17;2025-11-20;12;3053
17;2025-11-20;13;3106
17;2025-11-20;14;3169
17;2025-11-20;15;3355
17;2025-11-20;16;3755
17;2025-11-20;17;4513
17;2025-11-20;18;4854
17;2025-11-20;19;3459
17;2025-11-20;20;2404
17;2025-11-20;21;1513
17;2025-11-20;22;848
17;2025-11-20;23;410
17;2025-11-21;0;146
17;2025-11-21;1;15
17;2025-11-21;2;0
17;2025-11-21;3;0
17;2025-11-21;4;24
17;2025-11-21;5;303
17;2025-11-21;6;1499
17;2025-11-21;7;3940
17;2025-11-21;8;5144
17;2025-11-21;9;3789
17;2025-11-21;10;3000
17;2025-11-21;11;3021
17;2025-11-21;12;3044
17;2025-11-21;13;3119
17;2025-11-21;14;3211
17;2025-11-21;15;3482
17;2025-11-21;16;3833
17;2025-11-21;17;4566
17;2025-11-21;18;4452
17;2025-11-21;19;3324
17;2025-11-21;20;2351
17;2025-11-21;21;1540
17;2025-11-21;22;859
17;2025-11-21;23;456
17;2025-11-22;0;206
17;2025-11-22;1;24
17;2025-11-22;2;0
17;2025-11-22;3;0
17;2025-11-22;4;5
17;2025-11-22;5;136
17;2025-11-22;6;578
17;2025-11-22;7;1164
17;2025-11-22;8;1726
17;2025-11-22;9;1970
17;2025-11-22;10;2179
17;2025-11-22;11;2772
17;2025-11-22;12;3112
17;2025-11-22;13;3304
17;2025-11-22;14;3396
17;2025-11-22;15;3403
17;2025-11-22;16;3288
17;2025-11-22;17;3232
17;2025-11-22;18;2932
17;2025-11-22;19;2345
17;2025-11-22;20;1802
17;2025-11-22;21;1324
17;2025-11-22;22;839
17;2025-11-22;23;442
17;2025-11-23;0;202
17;2025-11-23;1;25
17;2025-11-23;2;0
17;2025-11-23;3;0
17;2025-11-23;4;3
17;2025-11-23;5;112
17;2025-11-23;6;420
17;2025-11-23;7;797
17;2025-11-23;8;1231
17;2025-11-23;9;1690
17;2025-11-23;10;1977
17;2025-11-23;11;2580
17;2025-11-23;12;2935
17;2025-11-23;13;3194
17;2025-11-23;14;3257
17;2025-11-23;15;3273
17;2025-11-23;16;3157
17;2025-11-23;17;2999
17;2025-11-23;18;2615
17;2025-11-23;19;2116
17;2025-11-23;20;1651
17;2025-11-23;21;1191
17;2025-11-23;22;694
17;2025-11-23;23;328
17;2025-11-24;0;114
17;2025-11-24;1;13
17;2025-11-24;2;0
17;2025-11-24;3;0
17;2025-11-24;4;24
17;2025-11-24;5;300
17;2025-11-24;6;1488
17;2025-11-24;7;3991
17;2025-11-24;8;5253
17;2025-11-24;9;3789
17;2025-11-24;10;2941
17;2025-11-24;11;2885
17;2025-11-24;12;2909
17;2025-11-24;13;2958
17;2025-11-24;14;3060
17;2025-11-24;15;3224
17;2025-11-24;16;3656
17;2025-11-24;17;4464
17;2025-11-24;18;4817
17;2025-11-24;19;3380
17;2025-11-24;20;2299
17;2025-11-24;21;1435
17;2025-11-24;22;677
17;2025-11-24;23;323
17;2025-11-25;0;117
17;2025-11-25;1;10
17;2025-11-25;2;0
17;2025-11-25;3;0
17;2025-11-25;4;25
17;2025-11-25;5;305
17;2025-11-25;6;1519
17;2025-11-25;7;3996
17;2025-11-25;8;5320
17;2025-11-25;9;3842
17;2025-11-25;10;3017
17;2025-11-25;11;2947
17;2025-11-25;12;3035
17;2025-11-25;13;3084
17;2025-11-25;14;3156
17;2025-11-25;15;3308
17;2025-11-25;16;3707
17;2025-11-25;17;4519
17;2025-11-25;18;4877
17;2025-11-25;19;3447
17;2025-11-25;20;2379
17;2025-11-25;21;1487
17;2025-11-25;22;750
17;2025-11-25;23;367
17;2025-11-26;0;128
17;2025-11-26;1;11
17;2025-11-26;2;0
17;2025-11-26;3;0
17;2025-11-26;4;27
17;2025-11-26;5;309
17;2025-11-26;6;1517
17;2025-11-26;7;3981
17;2025-11-26;8;5242
17;2025-11-26;9;3836
17;2025-11-26;10;3015
17;2025-11-26;11;2963
17;2025-11-26;12;3033
17;2025-11-26;13;3084
17;2025-11-26;14;3148
17;2025-11-26;15;3302
17;2025-11-26;16;3697
17;2025-11-26;17;4511
17;2025-11-26;18;4851
17;2025-11-26;19;3439
17;2025-11-26;20;2376
17;2025-11-26;21;1486
17;2025-11-26;22;812
17;2025-11-26;23;391
17;2025-11-27;0;140
17;2025-11-27;1;11
17;2025-11-27;2;0
17;2025-11-27;3;0
17;2025-11-27;4;25
17;2025-11-27;5;313
17;2025-11-27;6;1512
17;2025-11-27;7;3994
17;2025-11-27;8;5266
17;2025-11-27;9;3847
17;2025-11-27;10;3046
17;2025-11-27;11;2973
17;2025-11-27;12;3053
17;2025-11-27;13;3106
17;2025-11-27;14;3169
17;2025-11-27;15;3355
17;2025-11-27;16;3755
17;2025-11-27;17;4513
17;2025-11-27;18;4854
17;2025-11-27;19;3459
17;2025-11-27;20;2404
17;2025-11-27;21;1513
17;2025-11-27;22;848
17;2025-11-27;23;410
17;2025-11-28;0;146
17;2025-11-28;1;15
17;2025-11-28;2;0
17;2025-11-28;3;0
17;2025-11-28;4;24
17;2025-11-28;5;303
17;2025-11-28;6;1499
17;2025-11-28;7;3940
17;2025-11-28;8;5144
17;2025-11-28;9;3789
17;2025-11-28;10;3000
17;2025-11-28;11;3021
17;2025-11-28;12;3044
17;2025-11-28;13;3119
17;2025-11-28;14;3211
17;2025-11-28;15;3482
17;2025-11-28;16;3833
17;2025-11-28;17;4566
17;2025-11-28;18;4452
17;2025-11-28;19;3324
17;2025-11-28;20;2351
17;2025-11-28;21;1540
17;2025-11-28;22;859
17;2025-11-28;23;456
17;2025-11-29;0;206
17;2025-11-29;1;24
17;2025-11-29;2;0
17;2025-11-29;3;0
17;2025-11-29;4;5
17;2025-11-29;5;136
17;2025-11-29;6;578
17;2025-11-29;7;1164
17;2025-11-29;8;1726
17;2025-11-29;9;1970
17;2025-11-29;10;2179
17;2025-11-29;11;2772
17;2025-11-29;12;3112
17;2025-11-29;13;3304
17;2025-11-29;14;3396
17;2025-11-29;15;3403
17;2025-11-29;16;3288
17;2025-11-29;17;3232
17;2025-11-29;18;2932
17;2025-11-29;19;2345
17;2025-11-29;20;1802
17;2025-11-29;21;1324
17;2025-11-29;22;839
17;2025-11-29;23;442
17;2025-11-30;0;202
17;2025-11-30;1;25
17;2025-11-30;2;0
17;2025-11-30;3;0
17;2025-11-30;4;3
17;2025-11-30;5;112
17;2025-11-30;6;420
17;2025-11-30;7;797
17;2025-11-30;8;1231
17;2025-11-30;9;1690
17;2025-11-30;10;1977
17;2025-11-30;11;2580
17;2025-11-30;12;2935
17;2025-11-30;13;3194
17;2025-11-30;14;3257
17;2025-11-30;15;3273
17;2025-11-30;16;3157
17;2025-11-30;17;2999
17;2025-11-30;18;2615
17;2025-11-30;19;2116
17;2025-11-30;20;1651
17;2025-11-30;21;1191
17;2025-11-30;22;694
17;2025-11-30;23;328
17;2025-12-01;0;101
17;2025-12-01;1;13
17;2025-12-01;2;0
17;2025-12-01;3;0
17;2025-12-01;4;27
17;2025-12-01;5;306
17;2025-12-01;6;1481
17;2025-12-01;7;3956
17;2025-12-01;8;5181
17;2025-12-01;9;3763
17;2025-12-01;10;2883
17;2025-12-01;11;2818
17;2025-12-01;12;2838
17;2025-12-01;13;2912
17;2025-12-01;14;3017
17;2025-12-01;15;3184
17;2025-12-01;16;3634
17;2025-12-01;17;4420
17;2025-12-01;18;4810
17;2025-12-01;19;3379
17;2025-12-01;20;2288
17;2025-12-01;21;1424
17;2025-12-01;22;731
17;2025-12-01;23;304
17;2025-12-02;0;102
17;2025-12-02;1;8
17;2025-12-02;2;0
17;2025-12-02;3;0
17;2025-12-02;4;27
17;2025-12-02;5;311
17;2025-12-02;6;1510
17;2025-12-02;7;3960
17;2025-12-02;8;5249
17;2025-12-02;9;3810
17;2025-12-02;10;2951
17;2025-12-02;11;2866
17;2025-12-02;12;2952
17;2025-12-02;13;3028
17;2025-12-02;14;3101
17;2025-12-02;15;3264
17;2025-12-02;16;3680
17;2025-12-02;17;4475
17;2025-12-02;18;4870
17;2025-12-02;19;3434
17;2025-12-02;20;2371
17;2025-12-02;21;1474
17;2025-12-02;22;788
17;2025-12-02;23;345
17;2025-12-03;0;113
17;2025-12-03;1;9
17;2025-12-03;2;0
17;2025-12-03;3;0
17;2025-12-03;4;29
17;2025-12-03;5;315
17;2025-12-03;6;1508
17;2025-12-03;7;3946
17;2025-12-03;8;5183
17;2025-12-03;9;3804
17;2025-12-03;10;2950
17;2025-12-03;11;2883
17;2025-12-03;12;2949
17;2025-12-03;13;3027
17;2025-12-03;14;3093
17;2025-12-03;15;3258
17;2025-12-03;16;3670
17;2025-12-03;17;4467
17;2025-12-03;18;4843
17;2025-12-03;19;3426
17;2025-12-03;20;2368
17;2025-12-03;21;1473
17;2025-12-03;22;823
17;2025-12-03;23;370
17;2025-12-04;0;121
17;2025-12-04;1;9
17;2025-12-04;2;0
17;2025-12-04;3;0
17;2025-12-04;4;27
17;2025-12-04;5;317
17;2025-12-04;6;1503
17;2025-12-04;7;3958
17;2025-12-04;8;5206
17;2025-12-04;9;3815
17;2025-12-04;10;2978
17;2025-12-04;11;2891
17;2025-12-04;12;2969
17;2025-12-04;13;3041
17;2025-12-04;14;3106
17;2025-12-04;15;3302
17;2025-12-04;16;3718
17;2025-12-04;17;4469
17;2025-12-04;18;4846
17;2025-12-04;19;3438
17;2025-12-04;20;2393
17;2025-12-04;21;1498
17;2025-12-04;22;857
17;2025-12-04;23;388
17;2025-12-05;0;135
17;2025-12-05;1;15
17;2025-12-05;2;0
17;2025-12-05;3;0
17;2025-12-05;4;27
17;2025-12-05;5;309
17;2025-12-05;6;1492
17;2025-12-05;7;3904
17;2025-12-05;8;5092
17;2025-12-05;9;3757
17;2025-12-05;10;2937
17;2025-12-05;11;2946
17;2025-12-05;12;2962
17;2025-12-05;13;3065
17;2025-12-05;14;3159
17;2025-12-05;15;3439
17;2025-12-05;16;3803
17;2025-12-05;17;4522
17;2025-12-05;18;4450
17;2025-12-05;19;3303
17;2025-12-05;20;2341
17;2025-12-05;21;1534
17;2025-12-05;22;873
17;2025-12-05;23;438
17;2025-12-06;0;181
17;2025-12-06;1;20
17;2025-12-06;2;0
17;2025-12-06;3;0
17;2025-12-06;4;5
17;2025-12-06;5;135
17;2025-12-06;6;549
17;2025-12-06;7;1113
17;2025-12-06;8;1687
17;2025-12-06;9;1898
17;2025-12-06;10;2139
17;2025-12-06;11;2726
17;2025-12-06;12;3073
17;2025-12-06;13;3255
17;2025-12-06;14;3363
17;2025-12-06;15;3345
17;2025-12-06;16;3230
17;2025-12-06;17;3130
17;2025-12-06;18;2852
17;2025-12-06;19;2293
17;2025-12-06;20;1779
17;2025-12-06;21;1297
17;2025-12-06;22;844
17;2025-12-06;23;426
17;2025-12-07;0;182
17;2025-12-07;1;23
17;2025-12-07;2;0
17;2025-12-07;3;0
17;2025-12-07;4;3
17;2025-12-07;5;113
17;2025-12-07;6;408
17;2025-12-07;7;742
17;2025-12-07;8;1178
17;2025-12-07;9;1616
17;2025-12-07;10;1942
17;2025-12-07;11;2541
17;2025-12-07;12;2899
17;2025-12-07;13;3145
17;2025-12-07;14;3225
17;2025-12-07;15;3217
17;2025-12-07;16;3102
17;2025-12-07;17;2886
17;2025-12-07;18;2537
17;2025-12-07;19;2078
17;2025-12-07;20;1633
17;2025-12-07;21;1188
17;2025-12-07;22;715
17;2025-12-07;23;312
17;2025-12-08;0;101
17;2025-12-08;1;13
17;2025-12-08;2;0
17;2025-12-08;3;0
17;2025-12-08;4;27
17;2025-12-08;5;306
17;2025-12-08;6;1481
17;2025-12-08;7;3956
17;2025-12-08;8;5181
17;2025-12-08;9;3763
17;2025-12-08;10;2883
17;2025-12-08;11;2818
17;2025-12-08;12;2838
17;2025-12-08;13;2912
17;2025-12-08;14;3017
17;2025-12-08;15;3184
17;2025-12-08;16;3634
17;2025-12-08;17;4420
17;2025-12-08;18;4810
17;2025-12-08;19;3379
17;2025-12-08;20;2288
17;2025-12-08;21;1424
17;2025-12-08;22;731
17;2025-12-08;23;304
17;2025-12-09;0;102
17;2025-12-09;1;8
17;2025-12-09;2;0
17;2025-12-09;3;0
17;2025-12-09;4;27
17;2025-12-09;5;311
17;2025-12-09;6;1510
17;2025-12-09;7;3960
17;2025-12-09;8;5249
17;2025-12-09;9;3810
17;2025-12-09;10;2951
17;2025-12-09;11;2866
17;2025-12-09;12;2952
17;2025-12-09;13;3028
17;2025-12-09;14;3101
17;2025-12-09;15;3264
17;2025-12-09;16;3680
17;2025-12-09;17;4475
17;2025-12-09;18;4870
17;2025-12-09;19;3434
17;2025-12-09;20;2371
17;2025-12-09;21;1474
17;2025-12-09;22;788
17;2025-12-09;23;345
17;2025-12-10;0;113
17;2025-12-10;1;9
17;2025-12-10;2;0
17;2025-12-10;3;0
17;2025-12-10;4;29
17;2025-12-10;5;315
17;2025-12-10;6;1508
17;2025-12-10;7;3946
17;2025-12-10;8;5183
17;2025-12-10;9;3804
17;2025-12-10;10;2950
17;2025-12-10;11;2883
17;2025-12-10;12;2949
17;2025-12-10;13;3027
17;2025-12-10;14;3093
17;2025-12-10;15;3258
17;2025-12-10;16;3670
17;2025-12-10;17;4467
17;2025-12-10;18;4843
17;2025-12-10;19;3426
17;2025-12-10;20;2368
17;2025-12-10;21;1473
17;2025-12-10;22;823
17;2025-12-10;23;370
17;2025-12-11;0;121
17;2025-12-11;1;9
17;2025-12-11;2;0
17;2025-12-11;3;0
17;2025-12-11;4;27
17;2025-12-11;5;317
17;2025-12-11;6;1503
17;2025-12-11;7;3958
17;2025-12-11;8;5206
17;2025-12-11;9;3815
17;2025-12-11;10;2978
17;2025-12-11;11;2891
17;2025-12-11;12;2969
17;2025-12-11;13;3041
17;2025-12-11;14;3106
17;2025-12-11;15;3302
17;2025-12-11;16;3718
17;2025-12-11;17;4469
17;2025-12-11;18;4846
17;2025-12-11;19;3438
17;2025-12-11;20;2393
17;2025-12-11;21;1498
17;2025-12-11;22;857
17;2025-12-11;23;388
17;2025-12-12;0;135
17;2025-12-12;1;15
17;2025-12-12;2;0
17;2025-12-12;3;0
17;2025-12-12;4;27
17;2025-12-12;5;309
17;2025-12-12;6;1492
17;2025-12-12;7;3904
17;2025-12-12;8;5092
17;2025-12-12;9;3757
17;2025-12-12;10;2937
17;2025-12-12;11;2946
17;2025-12-12;12;2962
17;2025-12-12;13;3065
17;2025-12-12;14;3159
17;2025-12-12;15;3439
17;2025-12-12;16;3803
17;2025-12-12;17;4522
17;2025-12-12;18;4450
17;2025-12-12;19;3303
17;2025-12-12;20;2341
17;2025-12-12;21;1534
17;2025-12-12;22;873
17;2025-12-12;23;438
17;2025-12-13;0;181
17;2025-12-13;1;20
17;2025-12-13;2;0
17;2025-12-13;3;0
17;2025-12-13;4;5
17;2025-12-13;5;135
17;2025-12-13;6;549
17;2025-12-13;7;1113
17;2025-12-13;8;1687
17;2025-12-13;9;1898
17;2025-12-13;10;2139
17;2025-12-13;11;2726
17;2025-12-13;12;3073
17;2025-12-13;13;3255
17;2025-12-13;14;3363
17;2025-12-13;15;3345
17;2025-12-13;16;3230
17;2025-12-13;17;3130
17;2025-12-13;18;2852
17;2025-12-13;19;2293
17;2025-12-13;20;1779
17;2025-12-13;21;1297
17;2025-12-13;22;844
17;2025-12-13;23;426
17;2025-12-14;0;182
17;2025-12-14;1;23
17;2025-12-14;2;0
17;2025-12-14;3;0
17;2025-12-14;4;3
17;2025-12-14;5;113
17;2025-12-14;6;408
17;2025-12-14;7;742
17;2025-12-14;8;1178
17;2025-12-14;9;1616
17;2025-12-14;10;1942
17;2025-12-14;11;2541
17;2025-12-14;12;2899
17;2025-12-14;13;3145
17;2025-12-14;14;3225
17;2025-12-14;15;3217
17;2025-12-14;16;3102
17;2025-12-14;17;2886
17;2025-12-14;18;2537
17;2025-12-14;19;2078
17;2025-12-14;20;1633
17;2025-12-14;21;1188
17;2025-12-14;22;715
17;2025-12-14;23;312
17;2025-12-15;0;101
17;2025-12-15;1;13
17;2025-12-15;2;0
17;2025-12-15;3;0
17;2025-12-15;4;27
17;2025-12-15;5;306
17;2025-12-15;6;1481
17;2025-12-15;7;3956
17;2025-12-15;8;5181
17;2025-12-15;9;3763
17;2025-12-15;10;2883
17;2025-12-15;11;2818
17;2025-12-15;12;2838
17;2025-12-15;13;2912
17;2025-12-15;14;3017
17;2025-12-15;15;3184
17;2025-12-15;16;3634
17;2025-12-15;17;4420
17;2025-12-15;18;4810
17;2025-12-15;19;3379
17;2025-12-15;20;2288
17;2025-12-15;21;1424
17;2025-12-15;22;731
17;2025-12-15;23;304
17;2025-12-16;0;102
17;2025-12-16;1;8
17;2025-12-16;2;0
17;2025-12-16;3;0
17;2025-12-16;4;27
17;2025-12-16;5;311
17;2025-12-16;6;1510
17;2025-12-16;7;3960
17;2025-12-16;8;5249
17;2025-12-16;9;3810
17;2025-12-16;10;2951
17;2025-12-16;11;2866
17;2025-12-16;12;2952
17;2025-12-16;13;3028
17;2025-12-16;14;3101
17;2025-12-16;15;3264
17;2025-12-16;16;3680
17;2025-12-16;17;4475
17;2025-12-16;18;4870
17;2025-12-16;19;3434
17;2025-12-16;20;2371
17;2025-12-16;21;1474
17;2025-12-16;22;788
17;2025-12-16;23;345
17;2025-12-17;0;113
17;2025-12-17;1;9
17;2025-12-17;2;0
17;2025-12-17;3;0
17;2025-12-17;4;29
17;2025-12-17;5;315
17;2025-12-17;6;1508
17;2025-12-17;7;3946
17;2025-12-17;8;5183
17;2025-12-17;9;3804
17;2025-12-17;10;2950
17;2025-12-17;11;2883
17;2025-12-17;12;2949
17;2025-12-17;13;3027
17;2025-12-17;14;3093
17;2025-12-17;15;3258
17;2025-12-17;16;3670
17;2025-12-17;17;4467
17;2025-12-17;18;4843
17;2025-12-17;19;3426
17;2025-12-17;20;2368
17;2025-12-17;21;1473
17;2025-12-17;22;823
17;2025-12-17;23;370
17;2025-12-18;0;121
17;2025-12-18;1;9
17;2025-12-18;2;0
17;2025-12-18;3;0
17;2025-12-18;4;27
17;2025-12-18;5;317
17;2025-12-18;6;1503
17;2025-12-18;7;3958
17;2025-12-18;8;5206
17;2025-12-18;9;3815
17;2025-12-18;10;2978
17;2025-12-18;11;2891
17;2025-12-18;12;2969
17;2025-12-18;13;3041
17;2025-12-18;14;3106
17;2025-12-18;15;3302
17;2025-12-18;16;3718
17;2025-12-18;17;4469
17;2025-12-18;18;4846
17;2025-12-18;19;3438
17;2025-12-18;20;2393
17;2025-12-18;21;1498
17;2025-12-18;22;857
17;2025-12-18;23;388
17;2025-12-19;0;135
17;2025-12-19;1;15
17;2025-12-19;2;0
17;2025-12-19;3;0
17;2025-12-19;4;27
17;2025-12-19;5;309
17;2025-12-19;6;1492
17;2025-12-19;7;3904
17;2025-12-19;8;5092
17;2025-12-19;9;3757
17;2025-12-19;10;2937
17;2025-12-19;11;2946
17;2025-12-19;12;2962
17;2025-12-19;13;3065
17;2025-12-19;14;3159
17;2025-12-19;15;3439
17;2025-12-19;16;3803
17;2025-12-19;17;4522
17;2025-12-19;18;4450
17;2025-12-19;19;3303
17;2025-12-19;20;2341
17;2025-12-19;21;1534
17;2025-12-19;22;873
17;2025-12-19;23;438
17;2025-12-20;0;181
17;2025-12-20;1;20
17;2025-12-20;2;0
17;2025-12-20;3;0
17;2025-12-20;4;5
17;2025-12-20;5;135
17;2025-12-20;6;549
17;2025-12-20;7;1113
17;2025-12-20;8;1687
17;2025-12-20;9;1898
17;2025-12-20;10;2139
17;2025-12-20;11;2726
17;2025-12-20;12;3073
17;2025-12-20;13;3255
17;2025-12-20;14;3363
17;2025-12-20;15;3345
17;2025-12-20;16;3230
17;2025-12-20;17;3130
17;2025-12-20;18;2852
17;2025-12-20;19;2293
17;2025-12-20;20;1779
17;2025-12-20;21;1297
17;2025-12-20;22;844
17;2025-12-20;23;426
17;2025-12-21;0;182
17;2025-12-21;1;23
17;2025-12-21;2;0
17;2025-12-21;3;0
17;2025-12-21;4;3
17;2025-12-21;5;113
17;2025-12-21;6;408
17;2025-12-21;7;742
17;2025-12-21;8;1178
17;2025-12-21;9;1616
17;2025-12-21;10;1942
17;2025-12-21;11;2541
17;2025-12-21;12;2899
17;2025-12-21;13;3145
17;2025-12-21;14;3225
17;2025-12-21;15;3217
17;2025-12-21;16;3102
17;2025-12-21;17;2886
17;2025-12-21;18;2537
17;2025-12-21;19;2078
17;2025-12-21;20;1633
17;2025-12-21;21;1188
17;2025-12-21;22;715
17;2025-12-21;23;312
17;2025-12-22;0;101
17;2025-12-22;1;13
17;2025-12-22;2;0
17;2025-12-22;3;0
17;2025-12-22;4;27
17;2025-12-22;5;306
17;2025-12-22;6;1481
17;2025-12-22;7;3956
17;2025-12-22;8;5181
17;2025-12-22;9;3763
17;2025-12-22;10;2883
17;2025-12-22;11;2818
17;2025-12-22;12;2838
17;2025-12-22;13;2912
17;2025-12-22;14;3017
17;2025-12-22;15;3184
17;2025-12-22;16;3634
17;2025-12-22;17;4420
17;2025-12-22;18;4810
17;2025-12-22;19;3379
17;2025-12-22;20;2288
17;2025-12-22;21;1424
17;2025-12-22;22;731
17;2025-12-22;23;304
17;2025-12-23;0;102
17;2025-12-23;1;8
17;2025-12-23;2;0
17;2025-12-23;3;0
17;2025-12-23;4;27
17;2025-12-23;5;311
17;2025-12-23;6;1510
17;2025-12-23;7;3960
17;2025-12-23;8;5249
17;2025-12-23;9;3810
17;2025-12-23;10;2951
17;2025-12-23;11;2866
17;2025-12-23;12;2952
17;2025-12-23;13;3028
17;2025-12-23;14;3101
17;2025-12-23;15;3264
17;2025-12-23;16;3680
17;2025-12-23;17;4475
17;2025-12-23;18;4870
17;2025-12-23;19;3434
17;2025-12-23;20;2371
17;2025-12-23;21;1474
17;2025-12-23;22;788
17;2025-12-23;23;345
17;2025-12-24;0;113
17;2025-12-24;1;9
17;2025-12-24;2;0
17;2025-12-24;3;0
17;2025-12-24;4;29
17;2025-12-24;5;315
17;2025-12-24;6;1508
17;2025-12-24;7;3946
17;2025-12-24;8;5183
17;2025-12-24;9;3804
17;2025-12-24;10;2950
17;2025-12-24;11;2883
17;2025-12-24;12;2949
17;2025-12-24;13;3027
17;2025-12-24;14;3093
17;2025-12-24;15;3258
17;2025-12-24;16;3670
17;2025-12-24;17;4467
17;2025-12-24;18;4843
17;2025-12-24;19;3426
17;2025-12-24;20;2368
17;2025-12-24;21;1473
17;2025-12-24;22;823
17;2025-12-24;23;370
17;2025-12-25;0;121
17;2025-12-25;1;9
17;2025-12-25;2;0
17;2025-12-25;3;0
17;2025-12-25;4;27
17;2025-12-25;5;317
17;2025-12-25;6;1503
17;2025-12-25;7;3958
17;2025-12-25;8;5206
17;2025-12-25;9;3815
17;2025-12-25;10;2978
17;2025-12-25;11;2891
17;2025-12-25;12;2969
17;2025-12-25;13;3041
17;2025-12-25;14;3106
17;2025-12-25;15;3302
17;2025-12-25;16;3718
17;2025-12-25;17;4469
17;2025-12-25;18;4846
17;2025-12-25;19;3438
17;2025-12-25;20;2393
17;2025-12-25;21;1498
17;2025-12-25;22;857
17;2025-12-25;23;388
17;2025-12-26;0;135
17;2025-12-26;1;15
17;2025-12-26;2;0
17;2025-12-26;3;0
17;2025-12-26;4;27
17;2025-12-26;5;309
17;2025-12-26;6;1492
17;2025-12-26;7;3904
17;2025-12-26;8;5092
17;2025-12-26;9;3757
17;2025-12-26;10;2937
17;2025-12-26;11;2946
17;2025-12-26;12;2962
17;2025-12-26;13;3065
17;2025-12-26;14;3159
17;2025-12-26;15;3439
17;2025-12-26;16;3803
17;2025-12-26;17;4522
17;2025-12-26;18;4450
17;2025-12-26;19;3303
17;2025-12-26;20;2341
17;2025-12-26;21;1534
17;2025-12-26;22;873
17;2025-12-26;23;438
17;2025-12-27;0;181
17;2025-12-27;1;20
17;2025-12-27;2;0
17;2025-12-27;3;0
17;2025-12-27;4;5
17;2025-12-27;5;135
17;2025-12-27;6;549
17;2025-12-27;7;1113
17;2025-12-27;8;1687
17;2025-12-27;9;1898
17;2025-12-27;10;2139
17;2025-12-27;11;2726
17;2025-12-27;12;3073
17;2025-12-27;13;3255
17;2025-12-27;14;3363
17;2025-12-27;15;3345
17;2025-12-27;16;3230
17;2025-12-27;17;3130
17;2025-12-27;18;2852
17;2025-12-27;19;2293
17;2025-12-27;20;1779
17;2025-12-27;21;1297
17;2025-12-27;22;844
17;2025-12-27;23;426
17;2025-12-28;0;182
17;2025-12-28;1;23
17;2025-12-28;2;0
17;2025-12-28;3;0
17;2025-12-28;4;3
17;2025-12-28;5;113
17;2025-12-28;6;408
17;2025-12-28;7;742
17;2025-12-28;8;1178
17;2025-12-28;9;1616
17;2025-12-28;10;1942
17;2025-12-28;11;2541
17;2025-12-28;12;2899
17;2025-12-28;13;3145
17;2025-12-28;14;3225
17;2025-12-28;15;3217
17;2025-12-28;16;3102
17;2025-12-28;17;2886
17;2025-12-28;18;2537
17;2025-12-28;19;2078
17;2025-12-28;20;1633
17;2025-12-28;21;1188
17;2025-12-28;22;715
17;2025-12-28;23;312
17;2025-12-29;0;101
17;2025-12-29;1;13
17;2025-12-29;2;0
17;2025-12-29;3;0
17;2025-12-29;4;27
17;2025-12-29;5;306
17;2025-12-29;6;1481
17;2025-12-29;7;3956
17;2025-12-29;8;5181
17;2025-12-29;9;3763
17;2025-12-29;10;2883
17;2025-12-29;11;2818
17;2025-12-29;12;2838
17;2025-12-29;13;2912
17;2025-12-29;14;3017
17;2025-12-29;15;3184
17;2025-12-29;16;3634
17;2025-12-29;17;4420
17;2025-12-29;18;4810
17;2025-12-29;19;3379
17;2025-12-29;20;2288
17;2025-12-29;21;1424
17;2025-12-29;22;731
17;2025-12-29;23;304
17;2025-12-30;0;102
17;2025-12-30;1;8
17;2025-12-30;2;0
17;2025-12-30;3;0
17;2025-12-30;4;27
17;2025-12-30;5;311
17;2025-12-30;6;1510
17;2025-12-30;7;3960
17;2025-12-30;8;5249
17;2025-12-30;9;3810
17;2025-12-30;10;2951
17;2025-12-30;11;2866
17;2025-12-30;12;2952
17;2025-12-30;13;3028
17;2025-12-30;14;3101
17;2025-12-30;15;3264
17;2025-12-30;16;3680
17;2025-12-30;17;4475
17;2025-12-30;18;4870
17;2025-12-30;19;3434
17;2025-12-30;20;2371
17;2025-12-30;21;1474
17;2025-12-30;22;788
17;2025-12-30;23;345
17;2025-12-31;0;136
17;2025-12-31;1;15
17;2025-12-31;2;0
17;2025-12-31;3;0
17;2025-12-31;4;32
17;2025-12-31;5;313
17;2025-12-31;6;627
17;2025-12-31;7;2086
17;2025-12-31;8;2642
17;2025-12-31;9;2471
17;2025-12-31;10;1840
17;2025-12-31;11;2087
17;2025-12-31;12;2176
17;2025-12-31;13;2340
17;2025-12-31;14;2381
17;2025-12-31;15;2590
17;2025-12-31;16;2866
17;2025-12-31;17;3060
17;2025-12-31;18;3315
17;2025-12-31;19;2573
17;2025-12-31;20;1534
17;2025-12-31;21;1140
17;2025-12-31;22;810
17;2025-12-31;23;361
25;2025-11-01;0;12
25;2025-11-01;1;0
25;2025-11-01;2;0
25;2025-11-01;3;0
25;2025-11-01;4;0
25;2025-11-01;5;3
25;2025-11-01;6;53
25;2025-11-01;7;168
25;2025-11-01;8;727
25;2025-11-01;9;358
25;2025-11-01;10;351
25;2025-11-01;11;412
25;2025-11-01;12;430
25;2025-11-01;13;606
25;2025-11-01;14;620
25;2025-11-01;15;693
25;2025-11-01;16;728
25;2025-11-01;17;723
25;2025-11-01;18;750
25;2025-11-01;19;459
25;2025-11-01;20;357
25;2025-11-01;21;257
25;2025-11-01;22;171
25;2025-11-01;23;60
25;2025-11-02;0;12
25;2025-11-02;1;0
25;2025-11-02;2;0
25;2025-11-02;3;0
25;2025-11-02;4;0
25;2025-11-02;5;3
25;2025-11-02;6;33
25;2025-11-02;7;79
25;2025-11-02;8;155
25;2025-11-02;9;185
25;2025-11-02;10;189
25;2025-11-02;11;290
25;2025-11-02;12;297
25;2025-11-02;13;400
25;2025-11-02;14;408
25;2025-11-02;15;532
25;2025-11-02;16;461
25;2025-11-02;17;394
25;2025-11-02;18;337
25;2025-11-02;19;269
25;2025-11-02;20;221
25;2025-11-02;21;173
25;2025-11-02;22;97
25;2025-11-02;23;35
25;2025-11-03;0;17
25;2025-11-03;1;0
25;2025-11-03;2;0
25;2025-11-03;3;0
25;2025-11-03;4;0
25;2025-11-03;5;7
25;2025-11-03;6;94
25;2025-11-03;7;199
25;2025-11-03;8;310
25;2025-11-03;9;274
25;2025-11-03;10;252
25;2025-11-03;11;293
25;2025-11-03;12;280
25;2025-11-03;13;403
25;2025-11-03;14;393
25;2025-11-03;15;444
25;2025-11-03;16;458
25;2025-11-03;17;401
25;2025-11-03;18;368
25;2025-11-03;19;375
25;2025-11-03;20;247
25;2025-11-03;21;170
25;2025-11-03;22;84
25;2025-11-03;23;29
25;2025-11-04;0;8
25;2025-11-04;1;0
25;2025-11-04;2;0
25;2025-11-04;3;0
25;2025-11-04;4;0
25;2025-11-04;5;3
25;2025-11-04;6;79
25;2025-11-04;7;159
25;2025-11-04;8;207
25;2025-11-04;9;188
25;2025-11-04;10;194
25;2025-11-04;11;246
25;2025-11-04;12;283
25;2025-11-04;13;380
25;2025-11-04;14;391
25;2025-11-04;15;426
25;2025-11-04;16;428
25;2025-11-04;17;367
25;2025-11-04;18;307
25;2025-11-04;19;403
25;2025-11-04;20;235
25;2025-11-04;21;175
25;2025-11-04;22;83
25;2025-11-04;23;21
25;2025-11-05;0;0
25;2025-11-05;1;0
25;2025-11-05;2;0
25;2025-11-05;3;0
25;2025-11-05;4;0
25;2025-11-05;5;7
25;2025-11-05;6;150
25;2025-11-05;7;511
25;2025-11-05;8;891
25;2025-11-05;9;482
25;2025-11-05;10;375
25;2025-11-05;11;436
25;2025-11-05;12;423
25;2025-11-05;13;519
25;2025-11-05;14;471
25;2025-11-05;15;560
25;2025-11-05;16;698
25;2025-11-05;17;744
25;2025-11-05;18;785
25;2025-11-05;19;553
25;2025-11-05;20;323
25;2025-11-05;21;210
25;2025-11-05;22;98
25;2025-11-05;23;6
25;2025-11-06;0;0
25;2025-11-06;1;0
25;2025-11-06;2;0
25;2025-11-06;3;0
25;2025-11-06;4;0
25;2025-11-06;5;7
25;2025-11-06;6;150
25;2025-11-06;7;516
25;2025-11-06;8;899
25;2025-11-06;9;485
25;2025-11-06;10;384
25;2025-11-06;11;439
25;2025-11-06;12;423
25;2025-11-06;13;522
25;2025-11-06;14;497
25;2025-11-06;15;583
25;2025-11-06;16;709
25;2025-11-06;17;746
25;2025-11-06;18;780
25;2025-11-06;19;563
25;2025-11-06;20;318
25;2025-11-06;21;212
25;2025-11-06;22;106
25;2025-11-06;23;8
25;2025-11-07;0;0
25;2025-11-07;1;0
25;2025-11-07;2;0
25;2025-11-07;3;0
25;2025-11-07;4;0
25;2025-11-07;5;8
25;2025-11-07;6;150
25;2025-11-07;7;506
25;2025-11-07;8;862
25;2025-11-07;9;468
25;2025-11-07;10;364
25;2025-11-07;11;445
25;2025-11-07;12;418
25;2025-11-07;13;522
25;2025-11-07;14;515
25;2025-11-07;15;606
25;2025-11-07;16;744
25;2025-11-07;17;749
25;2025-11-07;18;691
25;2025-11-07;19;499
25;2025-11-07;20;306
25;2025-11-07;21;210
25;2025-11-07;22;113
25;2025-11-07;23;9
25;2025-11-08;0;0
25;2025-11-08;1;0
25;2025-11-08;2;0
25;2025-11-08;3;0
25;2025-11-08;4;0
25;2025-11-08;5;3
25;2025-11-08;6;56
25;2025-11-08;7;133
25;2025-11-08;8;295
25;2025-11-08;9;293
25;2025-11-08;10;293
25;2025-11-08;11;394
25;2025-11-08;12;419
25;2025-11-08;13;552
25;2025-11-08;14;573
25;2025-11-08;15;656
25;2025-11-08;16;594
25;2025-11-08;17;476
25;2025-11-08;18;487
25;2025-11-08;19;436
25;2025-11-08;20;283
25;2025-11-08;21;214
25;2025-11-08;22;124
25;2025-11-08;23;54
25;2025-11-09;0;16
25;2025-11-09;1;0
25;2025-11-09;2;0
25;2025-11-09;3;0
25;2025-11-09;4;0
25;2025-11-09;5;4
25;2025-11-09;6;52
25;2025-11-09;7;105
25;2025-11-09;8;190
25;2025-11-09;9;219
25;2025-11-09;10;232
25;2025-11-09;11;339
25;2025-11-09;12;389
25;2025-11-09;13;500
25;2025-11-09;14;518
25;2025-11-09;15;608
25;2025-11-09;16;520
25;2025-11-09;17;443
25;2025-11-09;18;419
25;2025-11-09;19;340
25;2025-11-09;20;242
25;2025-11-09;21;185
25;2025-11-09;22;98
25;2025-11-09;23;39
25;2025-11-10;0;8
25;2025-11-10;1;0
25;2025-11-10;2;0
25;2025-11-10;3;0
25;2025-11-10;4;0
25;2025-11-10;5;7
25;2025-11-10;6;149
25;2025-11-10;7;505
25;2025-11-10;8;877
25;2025-11-10;9;470
25;2025-11-10;10;345
25;2025-11-10;11;407
25;2025-11-10;12;391
25;2025-11-10;13;497
25;2025-11-10;14;445
25;2025-11-10;15;513
25;2025-11-10;16;687
25;2025-11-10;17;723
25;2025-11-10;18;766
25;2025-11-10;19;506
25;2025-11-10;20;297
25;2025-11-10;21;191
25;2025-11-10;22;85
25;2025-11-10;23;4
25;2025-11-11;0;1
25;2025-11-11;1;0
25;2025-11-11;2;0
25;2025-11-11;3;0
25;2025-11-11;4;0
25;2025-11-11;5;6
25;2025-11-11;6;150
25;2025-11-11;7;513
25;2025-11-11;8;890
25;2025-11-11;9;484
25;2025-11-11;10;374
25;2025-11-11;11;436
25;2025-11-11;12;420
25;2025-11-11;13;510
25;2025-11-11;14;473
25;2025-11-11;15;559
25;2025-11-11;16;703
25;2025-11-11;17;738
25;2025-11-11;18;779
25;2025-11-11;19;552
25;2025-11-11;20;320
25;2025-11-11;21;200
25;2025-11-11;22;91
25;2025-11-11;23;6
25;2025-11-12;0;0
25;2025-11-12;1;0
25;2025-11-12;2;0
25;2025-11-12;3;0
25;2025-11-12;4;0
25;2025-11-12;5;7
25;2025-11-12;6;150
25;2025-11-12;7;511
25;2025-11-12;8;891
25;2025-11-12;9;482
25;2025-11-12;10;375
25;2025-11-12;11;436
25;2025-11-12;12;423
25;2025-11-12;13;519
25;2025-11-12;14;471
25;2025-11-12;15;560
25;2025-11-12;16;698
25;2025-11-12;17;744
25;2025-11-12;18;785
25;2025-11-12;19;553
25;2025-11-12;20;323
25;2025-11-12;21;210
25;2025-11-12;22;98
25;2025-11-12;23;6
25;2025-11-13;0;0
25;2025-11-13;1;0
25;2025-11-13;2;0
25;2025-11-13;3;0
25;2025-11-13;4;0
25;2025-11-13;5;7
25;2025-11-13;6;150
25;2025-11-13;7;516
25;2025-11-13;8;899
25;2025-11-13;9;485
25;2025-11-13;10;384
25;2025-11-13;11;439
25;2025-11-13;12;423
25;2025-11-13;13;522
25;2025-11-13;14;497
25;2025-11-13;15;583
25;2025-11-13;16;709
25;2025-11-13;17;746
25;2025-11-13;18;780
25;2025-11-13;19;563
25;2025-11-13;20;318
25;2025-11-13;21;212
25;2025-11-13;22;106
25;2025-11-13;23;8
25;2025-11-14;0;0
25;2025-11-14;1;0
25;2025-11-14;2;0
25;2025-11-14;3;0
25;2025-11-14;4;0
25;2025-11-14;5;8
25;2025-11-14;6;150
25;2025-11-14;7;506
25;2025-11-14;8;862
25;2025-11-14;9;468
25;2025-11-14;10;364
25;2025-11-14;11;445
25;2025-11-14;12;418
25;2025-11-14;13;522
25;2025-11-14;14;515
25;2025-11-14;15;606
25;2025-11-14;16;744
25;2025-11-14;17;749
25;2025-11-14;18;691
25;2025-11-14;19;499
25;2025-11-14;20;306
25;2025-11-14;21;210
25;2025-11-14;22;113
25;2025-11-14;23;9
25;2025-11-15;0;0
25;2025-11-15;1;0
25;2025-11-15;2;0
25;2025-11-15;3;0
25;2025-11-15;4;0
25;2025-11-15;5;3
25;2025-11-15;6;56
25;2025-11-15;7;133
25;2025-11-15;8;295
25;2025-11-15;9;293
25;2025-11-15;10;293
25;2025-11-15;11;394
25;2025-11-15;12;419
25;2025-11-15;13;552
25;2025-11-15;14;573
25;2025-11-15;15;656
25;2025-11-15;16;594
25;2025-11-15;17;476
25;2025-11-15;18;487
25;2025-11-15;19;436
25;2025-11-15;20;283
25;2025-11-15;21;214
25;2025-11-15;22;124
25;2025-11-15;23;54
25;2025-11-16;0;16
25;2025-11-16;1;0
25;2025-11-16;2;0
25;2025-11-16;3;0
25;2025-11-16;4;0
25;2025-11-16;5;4
25;2025-11-16;6;52
25;2025-11-16;7;105
25;2025-11-16;8;190
25;2025-11-16;9;219
25;2025-11-16;10;232
25;2025-11-16;11;339
25;2025-11-16;12;389
25;2025-11-16;13;500
25;2025-11-16;14;518
25;2025-11-16;15;608
25;2025-11-16;16;520
25;2025-11-16;17;443
25;2025-11-16;18;419
25;2025-11-16;19;340
25;2025-11-16;20;242
25;2025-11-16;21;185
25;2025-11-16;22;98
25;2025-11-16;23;39
25;2025-11-17;0;8
25;2025-11-17;1;0
25;2025-11-17;2;0
25;2025-11-17;3;0
25;2025-11-17;4;0
25;2025-11-17;5;7
25;2025-11-17;6;149
25;2025-11-17;7;505
25;2025-11-17;8;877
25;2025-11-17;9;470
25;2025-11-17;10;345
25;2025-11-17;11;407
25;2025-11-17;12;391
25;2025-11-17;13;497
25;2025-11-17;14;445
25;2025-11-17;15;513
25;2025-11-17;16;687
25;2025-11-17;17;723
25;2025-11-17;18;766
25;2025-11-17;19;506
25;2025-11-17;20;297
25;2025-11-17;21;191
25;2025-11-17;22;85
25;2025-11-17;23;4
25;2025-11-18;0;1
25;2025-11-18;1;0
25;2025-11-18;2;0
25;2025-11-18;3;0
25;2025-11-18;4;0
25;2025-11-18;5;6
25;2025-11-18;6;150
25;2025-11-18;7;513
25;2025-11-18;8;890
25;2025-11-18;9;484
25;2025-11-18;10;374
25;2025-11-18;11;436
25;2025-11-18;12;420
25;2025-11-18;13;510
25;2025-11-18;14;473
25;2025-11-18;15;559
25;2025-11-18;16;703
25;2025-11-18;17;738
25;2025-11-18;18;779
25;2025-11-18;19;552
25;2025-11-18;20;320
25;2025-11-18;21;200
25;2025-11-18;22;91
25;2025-11-18;23;6
25;2025-11-19;0;0
25;2025-11-19;1;0
25;2025-11-19;2;0
25;2025-11-19;3;0
25;2025-11-19;4;0
25;2025-11-19;5;7
25;2025-11-19;6;150
25;2025-11-19;7;511
25;2025-11-19;8;891
25;2025-11-19;9;482
25;2025-11-19;10;375
25;2025-11-19;11;436
25;2025-11-19;12;423
25;2025-11-19;13;519
25;2025-11-19;14;471
25;2025-11-19;15;560
25;2025-11-19;16;698
25;2025-11-19;17;744
25;2025-11-19;18;785
25;2025-11-19;19;553
25;2025-11-19;20;323
25;2025-11-19;21;210
25;2025-11-19;22;98
25;2025-11-19;23;6
25;2025-11-20;0;0
25;2025-11-20;1;0
25;2025-11-20;2;0
25;2025-11-20;3;0
25;2025-11-20;4;0
25;2025-11-20;5;7
25;2025-11-20;6;150
25;2025-11-20;7;516
25;2025-11-20;8;899
25;2025-11-20;9;485
25;2025-11-20;10;384
25;2025-11-20;11;439
25;2025-11-20;12;423
25;2025-11-20;13;522
25;2025-11-20;14;497
25;2025-11-20;15;583
25;2025-11-20;16;709
25;2025-11-20;17;746
25;2025-11-20;18;780
25;2025-11-20;19;563
25;2025-11-20;20;318
25;2025-11-20;21;212
25;2025-11-20;22;106
25;2025-11-20;23;8
25;2025-11-21;0;0
25;2025-11-21;1;0
25;2025-11-21;2;0
25;2025-11-21;3;0
25;2025-11-21;4;0
25;2025-11-21;5;8
25;2025-11-21;6;150
25;2025-11-21;7;506
25;2025-11-21;8;862
25;2025-11-21;9;468
25;2025-11-21;10;364
25;2025-11-21;11;445
25;2025-11-21;12;418
25;2025-11-21;13;522
25;2025-11-21;14;515
25;2025-11-21;15;606
25;2025-11-21;16;744
25;2025-11-21;17;749
25;2025-11-21;18;691
25;2025-11-21;19;499
25;2025-11-21;20;306
25;2025-11-21;21;210
25;2025-11-21;22;113
25;2025-11-21;23;9
25;2025-11-22;0;0
25;2025-11-22;1;0
25;2025-11-22;2;0
25;2025-11-22;3;0
25;2025-11-22;4;0
25;2025-11-22;5;3
25;2025-11-22;6;56
25;2025-11-22;7;133
25;2025-11-22;8;295
25;2025-11-22;9;293
25;2025-11-22;10;293
25;2025-11-22;11;394
25;2025-11-22;12;419
25;2025-11-22;13;552
25;2025-11-22;14;573
25;2025-11-22;15;656
25;2025-11-22;16;594
25;2025-11-22;17;476
25;2025-11-22;18;487
25;2025-11-22;19;436
25;2025-11-22;20;283
25;2025-11-22;21;214
25;2025-11-22;22;124
25;2025-11-22;23;54
25;2025-11-23;0;16
25;2025-11-23;1;0
25;2025-11-23;2;0
25;2025-11-23;3;0
25;2025-11-23;4;0
25;2025-11-23;5;4
25;2025-11-23;6;52
25;2025-11-23;7;105
25;2025-11-23;8;190
25;2025-11-23;9;219
25;2025-11-23;10;232
25;2025-11-23;11;339
25;2025-11-23;12;389
25;2025-11-23;13;500
25;2025-11-23;14;518
25;2025-11-23;15;608
25;2025-11-23;16;520
25;2025-11-23;17;443
25;2025-11-23;18;419
25;2025-11-23;19;340
25;2025-11-23;20;242
25;2025-11-23;21;185
25;2025-11-23;22;98
25;2025-11-23;23;39
25;2025-11-24;0;8
25;2025-11-24;1;0
25;2025-11-24;2;0
25;2025-11-24;3;0
25;2025-11-24;4;0
25;2025-11-24;5;7
25;2025-11-24;6;149
25;2025-11-24;7;505
25;2025-11-24;8;877
25;2025-11-24;9;470
25;2025-11-24;10;345
25;2025-11-24;11;407
25;2025-11-24;12;391
25;2025-11-24;13;497
25;2025-11-24;14;445
25;2025-11-24;15;513
25;2025-11-24;16;687
25;2025-11-24;17;723
25;2025-11-24;18;766
25;2025-11-24;19;506
25;2025-11-24;20;297
25;2025-11-24;21;191
25;2025-11-24;22;85
25;2025-11-24;23;4
25;2025-11-25;0;1
25;2025-11-25;1;0
25;2025-11-25;2;0
25;2025-11-25;3;0
25;2025-11-25;4;0
25;2025-11-25;5;6
25;2025-11-25;6;150
25;2025-11-25;7;513
25;2025-11-25;8;890
25;2025-11-25;9;484
25;2025-11-25;10;374
25;2025-11-25;11;436
25;2025-11-25;12;420
25;2025-11-25;13;510
25;2025-11-25;14;473
25;2025-11-25;15;559
25;2025-11-25;16;703
25;2025-11-25;17;738
25;2025-11-25;18;779
25;2025-11-25;19;552
25;2025-11-25;20;320
25;2025-11-25;21;200
25;2025-11-25;22;91
25;2025-11-25;23;6
25;2025-11-26;0;0
25;2025-11-26;1;0
25;2025-11-26;2;0
25;2025-11-26;3;0
25;2025-11-26;4;0
25;2025-11-26;5;7
25;2025-11-26;6;150
25;2025-11-26;7;511
25;2025-11-26;8;891
25;2025-11-26;9;482
25;2025-11-26;10;375
25;2025-11-26;11;436
25;2025-11-26;12;423
25;2025-11-26;13;519
25;2025-11-26;14;471
25;2025-11-26;15;560
25;2025-11-26;16;698
25;2025-11-26;17;744
25;2025-11-26;18;785
25;2025-11-26;19;553
25;2025-11-26;20;323
25;2025-11-26;21;210
25;2025-11-26;22;98
25;2025-11-26;23;6
25;2025-11-27;0;0
25;2025-11-27;1;0
25;2025-11-27;2;0
25;2025-11-27;3;0
25;2025-11-27;4;0
25;2025-11-27;5;7
25;2025-11-27;6;150
25;2025-11-27;7;516
25;2025-11-27;8;899
25;2025-11-27;9;485
25;2025-11-27;10;384
25;2025-11-27;11;439
25;2025-11-27;12;423
25;2025-11-27;13;522
25;2025-11-27;14;497
25;2025-11-27;15;583
25;2025-11-27;16;709
25;2025-11-27;17;746
25;2025-11-27;18;780
25;2025-11-27;19;563
25;2025-11-27;20;318
25;2025-11-27;21;212
25;2025-11-27;22;106
25;2025-11-27;23;8
25;2025-11-28;0;0
25;2025-11-28;1;0
25;2025-11-28;2;0
25;2025-11-28;3;0
25;2025-11-28;4;0
25;2025-11-28;5;8
25;2025-11-28;6;150
25;2025-11-28;7;506
25;2025-11-28;8;862
25;2025-11-28;9;468
25;2025-11-28;10;364
25;2025-11-28;11;445
25;2025-11-28;12;418
25;2025-11-28;13;522
25;2025-11-28;14;515
25;2025-11-28;15;606
25;2025-11-28;16;744
25;2025-11-28;17;749
25;2025-11-28;18;691
25;2025-11-28;19;499
25;2025-11-28;20;306
25;2025-11-28;21;210
25;2025-11-28;22;113
25;2025-11-28;23;9
25;2025-11-29;0;0
25;2025-11-29;1;0
25;2025-11-29;2;0
25;2025-11-29;3;0
25;2025-11-29;4;0
25;2025-11-29;5;3
25;2025-11-29;6;56
25;2025-11-29;7;133
25;2025-11-29;8;295
25;2025-11-29;9;293
25;2025-11-29;10;293
25;2025-11-29;11;394
25;2025-11-29;12;419
25;2025-11-29;13;552
25;2025-11-29;14;573
25;2025-11-29;15;656
25;2025-11-29;16;594
25;2025-11-29;17;476
25;2025-11-29;18;487
25;2025-11-29;19;436
25;2025-11-29;20;283
25;2025-11-29;21;214
25;2025-11-29;22;124
25;2025-11-29;23;54
25;2025-11-30;0;16
25;2025-11-30;1;0
25;2025-11-30;2;0
25;2025-11-30;3;0
25;2025-11-30;4;0
25;2025-11-30;5;4
25;2025-11-30;6;52
25;2025-11-30;7;105
25;2025-11-30;8;190
25;2025-11-30;9;219
25;2025-11-30;10;232
25;2025-11-30;11;339
25;2025-11-30;12;389
25;2025-11-30;13;500
25;2025-11-30;14;518
25;2025-11-30;15;608
25;2025-11-30;16;520
25;2025-11-30;17;443
25;2025-11-30;18;419
25;2025-11-30;19;340
25;2025-11-30;20;242
25;2025-11-30;21;185
25;2025-11-30;22;98
25;2025-11-30;23;39
25;2025-12-01;0;9
25;2025-12-01;1;0
25;2025-12-01;2;0
25;2025-12-01;3;0
25;2025-12-01;4;0
25;2025-12-01;5;0
25;2025-12-01;6;144
25;2025-12-01;7;470
25;2025-12-01;8;831
25;2025-12-01;9;417
25;2025-12-01;10;292
25;2025-12-01;11;307
25;2025-12-01;12;322
25;2025-12-01;13;390
25;2025-12-01;14;334
25;2025-12-01;15;439
25;2025-12-01;16;597
25;2025-12-01;17;673
25;2025-12-01;18;741
25;2025-12-01;19;415
25;2025-12-01;20;247
25;2025-12-01;21;163
25;2025-12-01;22;106
25;2025-12-01;23;3
25;2025-12-02;0;0
25;2025-12-02;1;0
25;2025-12-02;2;0
25;2025-12-02;3;0
25;2025-12-02;4;0
25;2025-12-02;5;1
25;2025-12-02;6;145
25;2025-12-02;7;478
25;2025-12-02;8;842
25;2025-12-02;9;429
25;2025-12-02;10;317
25;2025-12-02;11;333
25;2025-12-02;12;349
25;2025-12-02;13;403
25;2025-12-02;14;362
25;2025-12-02;15;479
25;2025-12-02;16;613
25;2025-12-02;17;683
25;2025-12-02;18;754
25;2025-12-02;19;458
25;2025-12-02;20;268
25;2025-12-02;21;172
25;2025-12-02;22;111
25;2025-12-02;23;5
25;2025-12-03;0;0
25;2025-12-03;1;0
25;2025-12-03;2;0
25;2025-12-03;3;0
25;2025-12-03;4;0
25;2025-12-03;5;1
25;2025-12-03;6;146
25;2025-12-03;7;473
25;2025-12-03;8;843
25;2025-12-03;9;424
25;2025-12-03;10;318
25;2025-12-03;11;332
25;2025-12-03;12;352
25;2025-12-03;13;408
25;2025-12-03;14;355
25;2025-12-03;15;476
25;2025-12-03;16;608
25;2025-12-03;17;689
25;2025-12-03;18;760
25;2025-12-03;19;455
25;2025-12-03;20;272
25;2025-12-03;21;182
25;2025-12-03;22;117
25;2025-12-03;23;5
25;2025-12-04;0;0
25;2025-12-04;1;0
25;2025-12-04;2;0
25;2025-12-04;3;0
25;2025-12-04;4;0
25;2025-12-04;5;1
25;2025-12-04;6;146
25;2025-12-04;7;476
25;2025-12-04;8;848
25;2025-12-04;9;425
25;2025-12-04;10;325
25;2025-12-04;11;334
25;2025-12-04;12;349
25;2025-12-04;13;409
25;2025-12-04;14;379
25;2025-12-04;15;497
25;2025-12-04;16;618
25;2025-12-04;17;691
25;2025-12-04;18;753
25;2025-12-04;19;463
25;2025-12-04;20;267
25;2025-12-04;21;183
25;2025-12-04;22;125
25;2025-12-04;23;6
25;2025-12-05;0;0
25;2025-12-05;1;1
25;2025-12-05;2;0
25;2025-12-05;3;0
25;2025-12-05;4;0
25;2025-12-05;5;1
25;2025-12-05;6;145
25;2025-12-05;7;472
25;2025-12-05;8;815
25;2025-12-05;9;415
25;2025-12-05;10;309
25;2025-12-05;11;341
25;2025-12-05;12;347
25;2025-12-05;13;415
25;2025-12-05;14;403
25;2025-12-05;15;531
25;2025-12-05;16;654
25;2025-12-05;17;699
25;2025-12-05;18;671
25;2025-12-05;19;414
25;2025-12-05;20;257
25;2025-12-05;21;182
25;2025-12-05;22;134
25;2025-12-05;23;8
25;2025-12-06;0;1
25;2025-12-06;1;0
25;2025-12-06;2;0
25;2025-12-06;3;0
25;2025-12-06;4;0
25;2025-12-06;5;1
25;2025-12-06;6;49
25;2025-12-06;7;129
25;2025-12-06;8;254
25;2025-12-06;9;238
25;2025-12-06;10;250
25;2025-12-06;11;291
25;2025-12-06;12;336
25;2025-12-06;13;432
25;2025-12-06;14;463
25;2025-12-06;15;535
25;2025-12-06;16;487
25;2025-12-06;17;404
25;2025-12-06;18;432
25;2025-12-06;19;379
25;2025-12-06;20;224
25;2025-12-06;21;181
25;2025-12-06;22;136
25;2025-12-06;23;52
25;2025-12-07;0;15
25;2025-12-07;1;0
25;2025-12-07;2;0
25;2025-12-07;3;0
25;2025-12-07;4;0
25;2025-12-07;5;1
25;2025-12-07;6;45
25;2025-12-07;7;103
25;2025-12-07;8;159
25;2025-12-07;9;170
25;2025-12-07;10;198
25;2025-12-07;11;242
25;2025-12-07;12;317
25;2025-12-07;13;383
25;2025-12-07;14;411
25;2025-12-07;15;496
25;2025-12-07;16;414
25;2025-12-07;17;371
25;2025-12-07;18;370
25;2025-12-07;19;292
25;2025-12-07;20;193
25;2025-12-07;21;161
25;2025-12-07;22;111
25;2025-12-07;23;38
25;2025-12-08;0;9
25;2025-12-08;1;0
25;2025-12-08;2;0
25;2025-12-08;3;0
25;2025-12-08;4;0
25;2025-12-08;5;0
25;2025-12-08;6;144
25;2025-12-08;7;470
25;2025-12-08;8;831
25;2025-12-08;9;417
25;2025-12-08;10;292
25;2025-12-08;11;307
25;2025-12-08;12;322
25;2025-12-08;13;390
25;2025-12-08;14;334
25;2025-12-08;15;439
25;2025-12-08;16;597
25;2025-12-08;17;673
25;2025-12-08;18;741
25;2025-12-08;19;415
25;2025-12-08;20;247
25;2025-12-08;21;163
25;2025-12-08;22;106
25;2025-12-08;23;3
25;2025-12-09;0;0
25;2025-12-09;1;0
25;2025-12-09;2;0
25;2025-12-09;3;0
25;2025-12-09;4;0
25;2025-12-09;5;1
25;2025-12-09;6;145
25;2025-12-09;7;478
25;2025-12-09;8;842
25;2025-12-09;9;429
25;2025-12-09;10;317
25;2025-12-09;11;333
25;2025-12-09;12;349
25;2025-12-09;13;403
25;2025-12-09;14;362
25;2025-12-09;15;479
25;2025-12-09;16;613
25;2025-12-09;17;683
25;2025-12-09;18;754
25;2025-12-09;19;458
25;2025-12-09;20;268
25;2025-12-09;21;172
25;2025-12-09;22;111
25;2025-12-09;23;5
25;2025-12-10;0;0
25;2025-12-10;1;0
25;2025-12-10;2;0
25;2025-12-10;3;0
25;2025-12-10;4;0
25;2025-12-10;5;1
25;2025-12-10;6;146
25;2025-12-10;7;473
25;2025-12-10;8;843
25;2025-12-10;9;424
25;2025-12-10;10;318
25;2025-12-10;11;332
25;2025-12-10;12;352
25;2025-12-10;13;408
25;2025-12-10;14;355
25;2025-12-10;15;476
25;2025-12-10;16;608
25;2025-12-10;17;689
25;2025-12-10;18;760
25;2025-12-10;19;455
25;2025-12-10;20;272
25;2025-12-10;21;182
25;2025-12-10;22;117
25;2025-12-10;23;5
25;2025-12-11;0;0
25;2025-12-11;1;0
25;2025-12-11;2;0
25;2025-12-11;3;0
25;2025-12-11;4;0
25;2025-12-11;5;1
25;2025-12-11;6;146
25;2025-12-11;7;476
25;2025-12-11;8;848
25;2025-12-11;9;425
25;2025-12-11;10;325
25;2025-12-11;11;334
25;2025-12-11;12;349
25;2025-12-11;13;409
25;2025-12-11;14;379
25;2025-12-11;15;497
25;2025-12-11;16;618
25;2025-12-11;17;691
25;2025-12-11;18;753
25;2025-12-11;19;463
25;2025-12-11;20;267
25;2025-12-11;21;183
25;2025-12-11;22;125
25;2025-12-11;23;6
25;2025-12-12;0;0
25;2025-12-12;1;1
25;2025-12-12;2;0
25;2025-12-12;3;0
25;2025-12-12;4;0
25;2025-12-12;5;1
25;2025-12-12;6;145
25;2025-12-12;7;472
25;2025-12-12;8;815
25;2025-12-12;9;415
25;2025-12-12;10;309
25;2025-12-12;11;341
25;2025-12-12;12;347
25;2025-12-12;13;415
25;2025-12-12;14;403
25;2025-12-12;15;531
25;2025-12-12;16;654
25;2025-12-12;17;699
25;2025-12-12;18;671
25;2025-12-12;19;414
25;2025-12-12;20;257
25;2025-12-12;21;182
25;2025-12-12;22;134
25;2025-12-12;23;8
25;2025-12-13;0;1
25;2025-12-13;1;0
25;2025-12-13;2;0
25;2025-12-13;3;0
25;2025-12-13;4;0
25;2025-12-13;5;1
25;2025-12-13;6;49
25;2025-12-13;7;129
25;2025-12-13;8;254
25;2025-12-13;9;238
25;2025-12-13;10;250
25;2025-12-13;11;291
25;2025-12-13;12;336
25;2025-12-13;13;432
25;2025-12-13;14;463
25;2025-12-13;15;535
25;2025-12-13;16;487
25;2025-12-13;17;404
25;2025-12-13;18;432
25;2025-12-13;19;379
25;2025-12-13;20;224
25;2025-12-13;21;181
25;2025-12-13;22;136
25;2025-12-13;23;52
25;2025-12-14;0;15
25;2025-12-14;1;0
25;2025-12-14;2;0
25;2025-12-14;3;0
25;2025-12-14;4;0
25;2025-12-14;5;1
25;2025-12-14;6;45
25;2025-12-14;7;103
25;2025-12-14;8;159
25;2025-12-14;9;170
25;2025-12-14;10;198
25;2025-12-14;11;242
25;2025-12-14;12;317
25;2025-12-14;13;383
25;2025-12-14;14;411
25;2025-12-14;15;496
25;2025-12-14;16;414
25;2025-12-14;17;371
25;2025-12-14;18;370
25;2025-12-14;19;292
25;2025-12-14;20;193
25;2025-12-14;21;161
25;2025-12-14;22;111
25;2025-12-14;23;38
25;2025-12-15;0;9
25;2025-12-15;1;0
25;2025-12-15;2;0
25;2025-12-15;3;0
25;2025-12-15;4;0
25;2025-12-15;5;0
25;2025-12-15;6;144
25;2025-12-15;7;470
25;2025-12-15;8;831
25;2025-12-15;9;417
25;2025-12-15;10;292
25;2025-12-15;11;307
25;2025-12-15;12;322
25;2025-12-15;13;390
25;2025-12-15;14;334
25;2025-12-15;15;439
25;2025-12-15;16;597
25;2025-12-15;17;673
25;2025-12-15;18;741
25;2025-12-15;19;415
25;2025-12-15;20;247
25;2025-12-15;21;163
25;2025-12-15;22;106
25;2025-12-15;23;3
25;2025-12-16;0;0
25;2025-12-16;1;0
25;2025-12-16;2;0
25;2025-12-16;3;0
25;2025-12-16;4;0
25;2025-12-16;5;1
25;2025-12-16;6;145
25;2025-12-16;7;478
25;2025-12-16;8;842
25;2025-12-16;9;429
25;2025-12-16;10;317
25;2025-12-16;11;333
25;2025-12-16;12;349
25;2025-12-16;13;403
25;2025-12-16;14;362
25;2025-12-16;15;479
25;2025-12-16;16;613
25;2025-12-16;17;683
25;2025-12-16;18;754
25;2025-12-16;19;458
25;2025-12-16;20;268
25;2025-12-16;21;172
25;2025-12-16;22;111
25;2025-12-16;23;5
25;2025-12-17;0;0
25;2025-12-17;1;0
25;2025-12-17;2;0
25;2025-12-17;3;0
25;2025-12-17;4;0
25;2025-12-17;5;1
25;2025-12-17;6;146
25;2025-12-17;7;473
25;2025-12-17;8;843
25;2025-12-17;9;424
25;2025-12-17;10;318
25;2025-12-17;11;332
25;2025-12-17;12;352
25;2025-12-17;13;408
25;2025-12-17;14;355
25;2025-12-17;15;476
25;2025-12-17;16;608
25;2025-12-17;17;689
25;2025-12-17;18;760
25;2025-12-17;19;455
25;2025-12-17;20;272
25;2025-12-17;21;182
25;2025-12-17;22;117
25;2025-12-17;23;5
25;2025-12-18;0;0
25;2025-12-18;1;0
25;2025-12-18;2;0
25;2025-12-18;3;0
25;2025-12-18;4;0
25;2025-12-18;5;1
25;2025-12-18;6;146
25;2025-12-18;7;476
25;2025-12-18;8;848
25;2025-12-18;9;425
25;2025-12-18;10;325
25;2025-12-18;11;334
25;2025-12-18;12;349
25;2025-12-18;13;409
25;2025-12-18;14;379
25;2025-12-18;15;497
25;2025-12-18;16;618
25;2025-12-18;17;691
25;2025-12-18;18;753
25;2025-12-18;19;463
25;2025-12-18;20;267
25;2025-12-18;21;183
25;2025-12-18;22;125
25;2025-12-18;23;6
25;2025-12-19;0;0
25;2025-12-19;1;1
25;2025-12-19;2;0
25;2025-12-19;3;0
25;2025-12-19;4;0
25;2025-12-19;5;1
25;2025-12-19;6;145
25;2025-12-19;7;472
25;2025-12-19;8;815
25;2025-12-19;9;415
25;2025-12-19;10;309
25;2025-12-19;11;341
25;2025-12-19;12;347
25;2025-12-19;13;415
25;2025-12-19;14;403
25;2025-12-19;15;531
25;2025-12-19;16;654
25;2025-12-19;17;699
25;2025-12-19;18;671
25;2025-12-19;19;414
25;2025-12-19;20;257
25;2025-12-19;21;182
25;2025-12-19;22;134
25;2025-12-19;23;8
25;2025-12-20;0;1
25;2025-12-20;1;0
25;2025-12-20;2;0
25;2025-12-20;3;0
25;2025-12-20;4;0
25;2025-12-20;5;1
25;2025-12-20;6;49
25;2025-12-20;7;129
25;2025-12-20;8;254
25;2025-12-20;9;238
25;2025-12-20;10;250
25;2025-12-20;11;291
25;2025-12-20;12;336
25;2025-12-20;13;432
25;2025-12-20;14;463
25;2025-12-20;15;535
25;2025-12-20;16;487
25;2025-12-20;17;404
25;2025-12-20;18;432
25;2025-12-20;19;379
25;2025-12-20;20;224
25;2025-12-20;21;181
25;2025-12-20;22;136
25;2025-12-20;23;52
25;2025-12-21;0;15
25;2025-12-21;1;0
25;2025-12-21;2;0
25;2025-12-21;3;0
25;2025-12-21;4;0
25;2025-12-21;5;1
25;2025-12-21;6;45
25;2025-12-21;7;103
25;2025-12-21;8;159
25;2025-12-21;9;170
25;2025-12-21;10;198
25;2025-12-21;11;242
25;2025-12-21;12;317
25;2025-12-21;13;383
25;2025-12-21;14;411
25;2025-12-21;15;496
25;2025-12-21;16;414
25;2025-12-21;17;371
25;2025-12-21;18;370
25;2025-12-21;19;292
25;2025-12-21;20;193
25;2025-12-21;21;161
25;2025-12-21;22;111
25;2025-12-21;23;38
25;2025-12-22;0;9
25;2025-12-22;1;0
25;2025-12-22;2;0
25;2025-12-22;3;0
25;2025-12-22;4;0
25;2025-12-22;5;0
25;2025-12-22;6;144
25;2025-12-22;7;470
25;2025-12-22;8;831
25;2025-12-22;9;417
25;2025-12-22;10;292
25;2025-12-22;11;307
25;2025-12-22;12;322
25;2025-12-22;13;390
25;2025-12-22;14;334
25;2025-12-22;15;439
25;2025-12-22;16;597
25;2025-12-22;17;673
25;2025-12-22;18;741
25;2025-12-22;19;415
25;2025-12-22;20;247
25;2025-12-22;21;163
25;2025-12-22;22;106
25;2025-12-22;23;3
25;2025-12-23;0;0
25;2025-12-23;1;0
25;2025-12-23;2;0
25;2025-12-23;3;0
25;2025-12-23;4;0
25;2025-12-23;5;1
25;2025-12-23;6;145
25;2025-12-23;7;478
25;2025-12-23;8;842
25;2025-12-23;9;429
25;2025-12-23;10;317
25;2025-12-23;11;333
25;2025-12-23;12;349
25;2025-12-23;13;403
25;2025-12-23;14;362
25;2025-12-23;15;479
25;2025-12-23;16;613
25;2025-12-23;17;683
25;2025-12-23;18;754
25;2025-12-23;19;458
25;2025-12-23;20;268
25;2025-12-23;21;172
25;2025-12-23;22;111
25;2025-12-23;23;5
25;2025-12-24;0;0
25;2025-12-24;1;0
25;2025-12-24;2;0
25;2025-12-24;3;0
25;2025-12-24;4;0
25;2025-12-24;5;1
25;2025-12-24;6;146
25;2025-12-24;7;473
25;2025-12-24;8;843
25;2025-12-24;9;424
25;2025-12-24;10;318
25;2025-12-24;11;332
25;2025-12-24;12;352
25;2025-12-24;13;408
25;2025-12-24;14;355
25;2025-12-24;15;476
25;2025-12-24;16;608
25;2025-12-24;17;689
25;2025-12-24;18;760
25;2025-12-24;19;455
25;2025-12-24;20;272
25;2025-12-24;21;182
25;2025-12-24;22;117
25;2025-12-24;23;5
25;2025-12-25;0;0
25;2025-12-25;1;0
25;2025-12-25;2;0
25;2025-12-25;3;0
25;2025-12-25;4;0
25;2025-12-25;5;1
25;2025-12-25;6;146
25;2025-12-25;7;476
25;2025-12-25;8;848
25;2025-12-25;9;425
25;2025-12-25;10;325
25;2025-12-25;11;334
25;2025-12-25;12;349
25;2025-12-25;13;409
25;2025-12-25;14;379
25;2025-12-25;15;497
25;2025-12-25;16;618
25;2025-12-25;17;691
25;2025-12-25;18;753
25;2025-12-25;19;463
25;2025-12-25;20;267
25;2025-12-25;21;183
25;2025-12-25;22;125
25;2025-12-25;23;6
25;2025-12-26;0;0
25;2025-12-26;1;1
25;2025-12-26;2;0
25;2025-12-26;3;0
25;2025-12-26;4;0
25;2025-12-26;5;1
25;2025-12-26;6;145
25;2025-12-26;7;472
25;2025-12-26;8;815
25;2025-12-26;9;415
25;2025-12-26;10;309
25;2025-12-26;11;341
25;2025-12-26;12;347
25;2025-12-26;13;415
25;2025-12-26;14;403
25;2025-12-26;15;531
25;2025-12-26;16;654
25;2025-12-26;17;699
25;2025-12-26;18;671
25;2025-12-26;19;414
25;2025-12-26;20;257
25;2025-12-26;21;182
25;2025-12-26;22;134
25;2025-12-26;23;8
25;2025-12-27;0;1
25;2025-12-27;1;0
25;2025-12-27;2;0
25;2025-12-27;3;0
25;2025-12-27;4;0
25;2025-12-27;5;1
25;2025-12-27;6;49
25;2025-12-27;7;129
25;2025-12-27;8;254
25;2025-12-27;9;238
25;2025-12-27;10;250
25;2025-12-27;11;291
25;2025-12-27;12;336
25;2025-12-27;13;432
25;2025-12-27;14;463
25;2025-12-27;15;535
25;2025-12-27;16;487
25;2025-12-27;17;404
25;2025-12-27;18;432
25;2025-12-27;19;379
25;2025-12-27;20;224
25;2025-12-27;21;181
25;2025-12-27;22;136
25;2025-12-27;23;52
25;2025-12-28;0;15
25;2025-12-28;1;0
25;2025-12-28;2;0
25;2025-12-28;3;0
25;2025-12-28;4;0
25;2025-12-28;5;1
25;2025-12-28;6;45
25;2025-12-28;7;103
25;2025-12-28;8;159
25;2025-12-28;9;170
25;2025-12-28;10;198
25;2025-12-28;11;242
25;2025-12-28;12;317
25;2025-12-28;13;383
25;2025-12-28;14;411
25;2025-12-28;15;496
25;2025-12-28;16;414
25;2025-12-28;17;371
25;2025-12-28;18;370
25;2025-12-28;19;292
25;2025-12-28;20;193
25;2025-12-28;21;161
25;2025-12-28;22;111
25;2025-12-28;23;38
25;2025-12-29;0;9
25;2025-12-29;1;0
25;2025-12-29;2;0
25;2025-12-29;3;0
25;2025-12-29;4;0
25;2025-12-29;5;0
25;2025-12-29;6;144
25;2025-12-29;7;470
25;2025-12-29;8;831
25;2025-12-29;9;417
25;2025-12-29;10;292
25;2025-12-29;11;307
25;2025-12-29;12;322
25;2025-12-29;13;390
25;2025-12-29;14;334
25;2025-12-29;15;439
25;2025-12-29;16;597
25;2025-12-29;17;673
25;2025-12-29;18;741
25;2025-12-29;19;415
25;2025-12-29;20;247
25;2025-12-29;21;163
25;2025-12-29;22;106
25;2025-12-29;23;3
25;2025-12-30;0;0
25;2025-12-30;1;0
25;2025-12-30;2;0
25;2025-12-30;3;0
25;2025-12-30;4;0
25;2025-12-30;5;1
25;2025-12-30;6;145
25;2025-12-30;7;478
25;2025-12-30;8;842
25;2025-12-30;9;429
25;2025-12-30;10;317
25;2025-12-30;11;333
25;2025-12-30;12;349
25;2025-12-30;13;403
25;2025-12-30;14;362
25;2025-12-30;15;479
25;2025-12-30;16;613
25;2025-12-30;17;683
25;2025-12-30;18;754
25;2025-12-30;19;458
25;2025-12-30;20;268
25;2025-12-30;21;172
25;2025-12-30;22;111
25;2025-12-30;23;5
25;2025-12-31;0;14
25;2025-12-31;1;0
25;2025-12-31;2;0
25;2025-12-31;3;0
25;2025-12-31;4;0
25;2025-12-31;5;3
25;2025-12-31;6;127
25;2025-12-31;7;379
25;2025-12-31;8;415
25;2025-12-31;9;389
25;2025-12-31;10;295
25;2025-12-31;11;294
25;2025-12-31;12;319
25;2025-12-31;13;415
25;2025-12-31;14;359
25;2025-12-31;15;443
25;2025-12-31;16;420
25;2025-12-31;17;409
25;2025-12-31;18;432
25;2025-12-31;19;450
25;2025-12-31;20;250
25;2025-12-31;21;174
25;2025-12-31;22;111
25;2025-12-31;23;21
26;2025-11-01;0;92
26;2025-11-01;1;5
26;2025-11-01;2;0
26;2025-11-01;3;6
26;2025-11-01;4;0
26;2025-11-01;5;55
26;2025-11-01;6;304
26;2025-11-01;7;403
26;2025-11-01;8;1521
26;2025-11-01;9;1228
26;2025-11-01;10;1119
26;2025-11-01;11;1256
26;2025-11-01;12;1360
26;2025-11-01;13;1413
26;2025-11-01;14;1447
26;2025-11-01;15;1525
26;2025-11-01;16;1597
26;2025-11-01;17;1749
26;2025-11-01;18;1675
26;2025-11-01;19;1108
26;2025-11-01;20;609
26;2025-11-01;21;396
26;2025-11-01;22;238
26;2025-11-01;23;195
26;2025-11-02;0;37
26;2025-11-02;1;2
26;2025-11-02;2;0
26;2025-11-02;3;6
26;2025-11-02;4;1
26;2025-11-02;5;31
26;2025-11-02;6;153
26;2025-11-02;7;235
26;2025-11-02;8;315
26;2025-11-02;9;454
26;2025-11-02;10;556
26;2025-11-02;11;740
26;2025-11-02;12;741
26;2025-11-02;13;792
26;2025-11-02;14;772
26;2025-11-02;15;753
26;2025-11-02;16;699
26;2025-11-02;17;708
26;2025-11-02;18;614
26;2025-11-02;19;570
26;2025-11-02;20;377
26;2025-11-02;21;237
26;2025-11-02;22;174
26;2025-11-02;23;98
26;2025-11-03;0;35
26;2025-11-03;1;6
26;2025-11-03;2;0
26;2025-11-03;3;6
26;2025-11-03;4;3
26;2025-11-03;5;57
26;2025-11-03;6;263
26;2025-11-03;7;387
26;2025-11-03;8;405
26;2025-11-03;9;592
26;2025-11-03;10;610
26;2025-11-03;11;743
26;2025-11-03;12;736
26;2025-11-03;13;763
26;2025-11-03;14;810
26;2025-11-03;15;784
26;2025-11-03;16;775
26;2025-11-03;17;762
26;2025-11-03;18;798
26;2025-11-03;19;675
26;2025-11-03;20;402
26;2025-11-03;21;327
26;2025-11-03;22;199
26;2025-11-03;23;94
26;2025-11-04;0;36
26;2025-11-04;1;7
26;2025-11-04;2;0
26;2025-11-04;3;6
26;2025-11-04;4;1
26;2025-11-04;5;38
26;2025-11-04;6;200
26;2025-11-04;7;325
26;2025-11-04;8;363
26;2025-11-04;9;476
26;2025-11-04;10;516
26;2025-11-04;11;645
26;2025-11-04;12;674
26;2025-11-04;13;669
26;2025-11-04;14;733
26;2025-11-04;15;667
26;2025-11-04;16;658
26;2025-11-04;17;699
26;2025-11-04;18;680
26;2025-11-04;19;618
26;2025-11-04;20;392
26;2025-11-04;21;300
26;2025-11-04;22;182
26;2025-11-04;23;102
26;2025-11-05;0;31
26;2025-11-05;1;1
26;2025-11-05;2;0
26;2025-11-05;3;6
26;2025-11-05;4;3
26;2025-11-05;5;91
26;2025-11-05;6;492
26;2025-11-05;7;1045
26;2025-11-05;8;2219
26;2025-11-05;9;1490
26;2025-11-05;10;1251
26;2025-11-05;11;1146
26;2025-11-05;12;1164
26;2025-11-05;13;1204
26;2025-11-05;14;1297
26;2025-11-05;15;1371
26;2025-11-05;16;1519
26;2025-11-05;17;1741
26;2025-11-05;18;1858
26;2025-11-05;19;1268
26;2025-11-05;20;778
26;2025-11-05;21;493
26;2025-11-05;22;237
26;2025-11-05;23;132
26;2025-11-06;0;35
26;2025-11-06;1;1
26;2025-11-06;2;0
26;2025-11-06;3;6
26;2025-11-06;4;2
26;2025-11-06;5;91
26;2025-11-06;6;495
26;2025-11-06;7;1048
26;2025-11-06;8;2218
26;2025-11-06;9;1490
26;2025-11-06;10;1259
26;2025-11-06;11;1158
26;2025-11-06;12;1174
26;2025-11-06;13;1216
26;2025-11-06;14;1307
26;2025-11-06;15;1383
26;2025-11-06;16;1535
26;2025-11-06;17;1751
26;2025-11-06;18;1854
26;2025-11-06;19;1270
26;2025-11-06;20;781
26;2025-11-06;21;489
26;2025-11-06;22;247
26;2025-11-06;23;138
26;2025-11-07;0;36
26;2025-11-07;1;2
26;2025-11-07;2;0
26;2025-11-07;3;6
26;2025-11-07;4;2
26;2025-11-07;5;85
26;2025-11-07;6;490
26;2025-11-07;7;1031
26;2025-11-07;8;2113
26;2025-11-07;9;1426
26;2025-11-07;10;1228
26;2025-11-07;11;1124
26;2025-11-07;12;1158
26;2025-11-07;13;1217
26;2025-11-07;14;1292
26;2025-11-07;15;1411
26;2025-11-07;16;1581
26;2025-11-07;17;1719
26;2025-11-07;18;1637
26;2025-11-07;19;1149
26;2025-11-07;20;711
26;2025-11-07;21;473
26;2025-11-07;22;242
26;2025-11-07;23;160
26;2025-11-08;0;48
26;2025-11-08;1;1
26;2025-11-08;2;0
26;2025-11-08;3;6
26;2025-11-08;4;2
26;2025-11-08;5;49
26;2025-11-08;6;254
26;2025-11-08;7;376
26;2025-11-08;8;593
26;2025-11-08;9;668
26;2025-11-08;10;798
26;2025-11-08;11;990
26;2025-11-08;12;1032
26;2025-11-08;13;1027
26;2025-11-08;14;1064
26;2025-11-08;15;998
26;2025-11-08;16;989
26;2025-11-08;17;938
26;2025-11-08;18;867
26;2025-11-08;19;762
26;2025-11-08;20;530
26;2025-11-08;21;375
26;2025-11-08;22;224
26;2025-11-08;23;152
26;2025-11-09;0;49
26;2025-11-09;1;5
26;2025-11-09;2;0
26;2025-11-09;3;6
26;2025-11-09;4;1
26;2025-11-09;5;27
26;2025-11-09;6;153
26;2025-11-09;7;262
26;2025-11-09;8;424
26;2025-11-09;9;523
26;2025-11-09;10;623
26;2025-11-09;11;843
26;2025-11-09;12;883
26;2025-11-09;13;894
26;2025-11-09;14;936
26;2025-11-09;15;872
26;2025-11-09;16;854
26;2025-11-09;17;828
26;2025-11-09;18;717
26;2025-11-09;19;610
26;2025-11-09;20;419
26;2025-11-09;21;304
26;2025-11-09;22;193
26;2025-11-09;23;112
26;2025-11-10;0;28
26;2025-11-10;1;2
26;2025-11-10;2;0
26;2025-11-10;3;6
26;2025-11-10;4;2
26;2025-11-10;5;86
26;2025-11-10;6;486
26;2025-11-10;7;1038
26;2025-11-10;8;2189
26;2025-11-10;9;1450
26;2025-11-10;10;1222
26;2025-11-10;11;1109
26;2025-11-10;12;1121
26;2025-11-10;13;1193
26;2025-11-10;14;1240
26;2025-11-10;15;1339
26;2025-11-10;16;1494
26;2025-11-10;17;1717
26;2025-11-10;18;1811
26;2025-11-10;19;1233
26;2025-11-10;20;746
26;2025-11-10;21;453
26;2025-11-10;22;213
26;2025-11-10;23;109
26;2025-11-11;0;29
26;2025-11-11;1;1
26;2025-11-11;2;0
26;2025-11-11;3;6
26;2025-11-11;4;1
26;2025-11-11;5;89
26;2025-11-11;6;497
26;2025-11-11;7;1049
26;2025-11-11;8;2226
26;2025-11-11;9;1493
26;2025-11-11;10;1256
26;2025-11-11;11;1148
26;2025-11-11;12;1169
26;2025-11-11;13;1204
26;2025-11-11;14;1293
26;2025-11-11;15;1374
26;2025-11-11;16;1524
26;2025-11-11;17;1752
26;2025-11-11;18;1861
26;2025-11-11;19;1274
26;2025-11-11;20;777
26;2025-11-11;21;483
26;2025-11-11;22;228
26;2025-11-11;23;125
26;2025-11-12;0;31
26;2025-11-12;1;1
26;2025-11-12;2;0
26;2025-11-12;3;6
26;2025-11-12;4;3
26;2025-11-12;5;91
26;2025-11-12;6;492
26;2025-11-12;7;1045
26;2025-11-12;8;2219
26;2025-11-12;9;1490
26;2025-11-12;10;1251
26;2025-11-12;11;1146
26;2025-11-12;12;1164
26;2025-11-12;13;1204
26;2025-11-12;14;1297
26;2025-11-12;15;1371
26;2025-11-12;16;1519
26;2025-11-12;17;1741
26;2025-11-12;18;1858
26;2025-11-12;19;1268
26;2025-11-12;20;778
26;2025-11-12;21;493
26;2025-11-12;22;237
26;2025-11-12;23;132
26;2025-11-13;0;35
26;2025-11-13;1;1
26;2025-11-13;2;0
26;2025-11-13;3;6
26;2025-11-13;4;2
26;2025-11-13;5;91
26;2025-11-13;6;495
26;2025-11-13;7;1048
26;2025-11-13;8;2218
26;2025-11-13;9;1490
26;2025-11-13;10;1259
26;2025-11-13;11;1158
26;2025-11-13;12;1174
26;2025-11-13;13;1216
26;2025-11-13;14;1307
26;2025-11-13;15;1383
26;2025-11-13;16;1535
26;2025-11-13;17;1751
26;2025-11-13;18;1854
26;2025-11-13;19;1270
26;2025-11-13;20;781
26;2025-11-13;21;489
26;2025-11-13;22;247
26;2025-11-13;23;138
26;2025-11-14;0;36
26;2025-11-14;1;2
26;2025-11-14;2;0
26;2025-11-14;3;6
26;2025-11-14;4;2
26;2025-11-14;5;85
26;2025-11-14;6;490
26;2025-11-14;7;1031
26;2025-11-14;8;2113
26;2025-11-14;9;1426
26;2025-11-14;10;1228
26;2025-11-14;11;1124
26;2025-11-14;12;1158
26;2025-11-14;13;1217
26;2025-11-14;14;1292
26;2025-11-14;15;1411
26;2025-11-14;16;1581
26;2025-11-14;17;1719
26;2025-11-14;18;1637
26;2025-11-14;19;1149
26;2025-11-14;20;711
26;2025-11-14;21;473
26;2025-11-14;22;242
26;2025-11-14;23;160
26;2025-11-15;0;48
26;2025-11-15;1;1
26;2025-11-15;2;0
26;2025-11-15;3;6
26;2025-11-15;4;2
26;2025-11-15;5;49
26;2025-11-15;6;254
26;2025-11-15;7;376
26;2025-11-15;8;593
26;2025-11-15;9;668
26;2025-11-15;10;798
26;2025-11-15;11;990
26;2025-11-15;12;1032
26;2025-11-15;13;1027
26;2025-11-15;14;1064
26;2025-11-15;15;998
26;2025-11-15;16;989
26;2025-11-15;17;938
26;2025-11-15;18;867
26;2025-11-15;19;762
26;2025-11-15;20;530
26;2025-11-15;21;375
26;2025-11-15;22;224
26;2025-11-15;23;152
26;2025-11-16;0;49
26;2025-11-16;1;5
26;2025-11-16;2;0
26;2025-11-16;3;6
26;2025-11-16;4;1
26;2025-11-16;5;27
26;2025-11-16;6;153
26;2025-11-16;7;262
26;2025-11-16;8;424
26;2025-11-16;9;523
26;2025-11-16;10;623
26;2025-11-16;11;843
26;2025-11-16;12;883
26;2025-11-16;13;894
26;2025-11-16;14;936
26;2025-11-16;15;872
26;2025-11-16;16;854
26;2025-11-16;17;828
26;2025-11-16;18;717
26;2025-11-16;19;610
26;2025-11-16;20;419
26;2025-11-16;21;304
26;2025-11-16;22;193
26;2025-11-16;23;112
26;2025-11-17;0;28
26;2025-11-17;1;2
26;2025-11-17;2;0
26;2025-11-17;3;6
26;2025-11-17;4;2
26;2025-11-17;5;86
26;2025-11-17;6;486
26;2025-11-17;7;1038
26;2025-11-17;8;2189
26;2025-11-17;9;1450
26;2025-11-17;10;1222
26;2025-11-17;11;1109
26;2025-11-17;12;1121
26;2025-11-17;13;1193
26;2025-11-17;14;1240
26;2025-11-17;15;1339
26;2025-11-17;16;1494
26;2025-11-17;17;1717
26;2025-11-17;18;1811
26;2025-11-17;19;1233
26;2025-11-17;20;746
26;2025-11-17;21;453
26;2025-11-17;22;213
26;2025-11-17;23;109
26;2025-11-18;0;29
26;2025-11-18;1;1
26;2025-11-18;2;0
26;2025-11-18;3;6
26;2025-11-18;4;1
26;2025-11-18;5;89
26;2025-11-18;6;497
26;2025-11-18;7;1049
26;2025-11-18;8;2226
26;2025-11-18;9;1493
26;2025-11-18;10;1256
26;2025-11-18;11;1148
26;2025-11-18;12;1169
26;2025-11-18;13;1204
26;2025-11-18;14;1293
26;2025-11-18;15;1374
26;2025-11-18;16;1524
26;2025-11-18;17;1752
26;2025-11-18;18;1861
26;2025-11-18;19;1274
26;2025-11-18;20;777
26;2025-11-18;21;483
26;2025-11-18;22;228
26;2025-11-18;23;125
26;2025-11-19;0;31
26;2025-11-19;1;1
26;2025-11-19;2;0
26;2025-11-19;3;6
26;2025-11-19;4;3
26;2025-11-19;5;91
26;2025-11-19;6;492
26;2025-11-19;7;1045
26;2025-11-19;8;2219
26;2025-11-19;9;1490
26;2025-11-19;10;1251
26;2025-11-19;11;1146
26;2025-11-19;12;1164
26;2025-11-19;13;1204
26;2025-11-19;14;1297
26;2025-11-19;15;1371
26;2025-11-19;16;1519
26;2025-11-19;17;1741
26;2025-11-19;18;1858
26;2025-11-19;19;1268
26;2025-11-19;20;778
26;2025-11-19;21;493
26;2025-11-19;22;237
26;2025-11-19;23;132
26;2025-11-20;0;35
26;2025-11-20;1;1
26;2025-11-20;2;0
26;2025-11-20;3;6
26;2025-11-20;4;2
26;2025-11-20;5;91
26;2025-11-20;6;495
26;2025-11-20;7;1048
26;2025-11-20;8;2218
26;2025-11-20;9;1490
26;2025-11-20;10;1259
26;2025-11-20;11;1158
26;2025-11-20;12;1174
26;2025-11-20;13;1216
26;2025-11-20;14;1307
26;2025-11-20;15;1383
26;2025-11-20;16;1535
26;2025-11-20;17;1751
26;2025-11-20;18;1854
26;2025-11-20;19;1270
26;2025-11-20;20;781
26;2025-11-20;21;489
26;2025-11-20;22;247
26;2025-11-20;23;138
26;2025-11-21;0;36
26;2025-11-21;1;2
26;2025-11-21;2;0
26;2025-11-21;3;6
26;2025-11-21;4;2
26;2025-11-21;5;85
26;2025-11-21;6;490
26;2025-11-21;7;1031
26;2025-11-21;8;2113
26;2025-11-21;9;1426
26;2025-11-21;10;1228
26;2025-11-21;11;1124
26;2025-11-21;12;1158
26;2025-11-21;13;1217
26;2025-11-21;14;1292
26;2025-11-21;15;1411
26;2025-11-21;16;1581
26;2025-11-21;17;1719
26;2025-11-21;18;1637
26;2025-11-21;19;1149
26;2025-11-21;20;711
26;2025-11-21;21;473
26;2025-11-21;22;242
26;2025-11-21;23;160
26;2025-11-22;0;48
26;2025-11-22;1;1
26;2025-11-22;2;0
26;2025-11-22;3;6
26;2025-11-22;4;2
26;2025-11-22;5;49
26;2025-11-22;6;254
26;2025-11-22;7;376
26;2025-11-22;8;593
26;2025-11-22;9;668
26;2025-11-22;10;798
26;2025-11-22;11;990
26;2025-11-22;12;1032
26;2025-11-22;13;1027
26;2025-11-22;14;1064
26;2025-11-22;15;998
26;2025-11-22;16;989
26;2025-11-22;17;938
26;2025-11-22;18;867
26;2025-11-22;19;762
26;2025-11-22;20;530
26;2025-11-22;21;375
26;2025-11-22;22;224
26;2025-11-22;23;152
26;2025-11-23;0;49
26;2025-11-23;1;5
26;2025-11-23;2;0
26;2025-11-23;3;6
26;2025-11-23;4;1
26;2025-11-23;5;27
26;2025-11-23;6;153
26;2025-11-23;7;262
26;2025-11-23;8;424
26;2025-11-23;9;523
26;2025-11-23;10;623
26;2025-11-23;11;843
26;2025-11-23;12;883
26;2025-11-23;13;894
26;2025-11-23;14;936
26;2025-11-23;15;872
26;2025-11-23;16;854
26;2025-11-23;17;828
26;2025-11-23;18;717
26;2025-11-23;19;610
26;2025-11-23;20;419
26;2025-11-23;21;304
26;2025-11-23;22;193
26;2025-11-23;23;112
26;2025-11-24;0;28
26;2025-11-24;1;2
26;2025-11-24;2;0
26;2025-11-24;3;6
26;2025-11-24;4;2
26;2025-11-24;5;86
26;2025-11-24;6;486
26;2025-11-24;7;1038
26;2025-11-24;8;2189
26;2025-11-24;9;1450
26;2025-11-24;10;1222
26;2025-11-24;11;1109
26;2025-11-24;12;1121
26;2025-11-24;13;1193
26;2025-11-24;14;1240
26;2025-11-24;15;1339
26;2025-11-24;16;1494
26;2025-11-24;17;1717
26;2025-11-24;18;1811
26;2025-11-24;19;1233
26;2025-11-24;20;746
26;2025-11-24;21;453
26;2025-11-24;22;213
26;2025-11-24;23;109
26;2025-11-25;0;29
26;2025-11-25;1;1
26;2025-11-25;2;0
26;2025-11-25;3;6
26;2025-11-25;4;1
26;2025-11-25;5;89
26;2025-11-25;6;497
26;2025-11-25;7;1049
26;2025-11-25;8;2226
26;2025-11-25;9;1493
26;2025-11-25;10;1256
26;2025-11-25;11;1148
26;2025-11-25;12;1169
26;2025-11-25;13;1204
26;2025-11-25;14;1293
26;2025-11-25;15;1374
26;2025-11-25;16;1524
26;2025-11-25;17;1752
26;2025-11-25;18;1861
26;2025-11-25;19;1274
26;2025-11-25;20;777
26;2025-11-25;21;483
26;2025-11-25;22;228
26;2025-11-25;23;125
26;2025-11-26;0;31
26;2025-11-26;1;1
26;2025-11-26;2;0
26;2025-11-26;3;6
26;2025-11-26;4;3
26;2025-11-26;5;91
26;2025-11-26;6;492
26;2025-11-26;7;1045
26;2025-11-26;8;2219
26;2025-11-26;9;1490
26;2025-11-26;10;1251
26;2025-11-26;11;1146
26;2025-11-26;12;1164
26;2025-11-26;13;1204
26;2025-11-26;14;1297
26;2025-11-26;15;1371
26;2025-11-26;16;1519
26;2025-11-26;17;1741
26;2025-11-26;18;1858
26;2025-11-26;19;1268
26;2025-11-26;20;778
26;2025-11-26;21;493
26;2025-11-26;22;237
26;2025-11-26;23;132
26;2025-11-27;0;35
26;2025-11-27;1;1
26;2025-11-27;2;0
26;2025-11-27;3;6
26;2025-11-27;4;2
26;2025-11-27;5;91
26;2025-11-27;6;495
26;2025-11-27;7;1048
26;2025-11-27;8;2218
26;2025-11-27;9;1490
26;2025-11-27;10;1259
26;2025-11-27;11;1158
26;2025-11-27;12;1174
26;2025-11-27;13;1216
26;2025-11-27;14;1307
26;2025-11-27;15;1383
26;2025-11-27;16;1535
26;2025-11-27;17;1751
26;2025-11-27;18;1854
26;2025-11-27;19;1270
26;2025-11-27;20;781
26;2025-11-27;21;489
26;2025-11-27;22;247
26;2025-11-27;23;138
26;2025-11-28;0;36
26;2025-11-28;1;2
26;2025-11-28;2;0
26;2025-11-28;3;6
26;2025-11-28;4;2
26;2025-11-28;5;85
26;2025-11-28;6;490
26;2025-11-28;7;1031
26;2025-11-28;8;2113
26;2025-11-28;9;1426
26;2025-11-28;10;1228
26;2025-11-28;11;1124
26;2025-11-28;12;1158
26;2025-11-28;13;1217
26;2025-11-28;14;1292
26;2025-11-28;15;1411
26;2025-11-28;16;1581
26;2025-11-28;17;1719
26;2025-11-28;18;1637
26;2025-11-28;19;1149
26;2025-11-28;20;711
26;2025-11-28;21;473
26;2025-11-28;22;242
26;2025-11-28;23;160
26;2025-11-29;0;48
26;2025-11-29;1;1
26;2025-11-29;2;0
26;2025-11-29;3;6
26;2025-11-29;4;2
26;2025-11-29;5;49
26;2025-11-29;6;254
26;2025-11-29;7;376
26;2025-11-29;8;593
26;2025-11-29;9;668
26;2025-11-29;10;798
26;2025-11-29;11;990
26;2025-11-29;12;1032
26;2025-11-29;13;1027
26;2025-11-29;14;1064
26;2025-11-29;15;998
26;2025-11-29;16;989
26;2025-11-29;17;938
26;2025-11-29;18;867
26;2025-11-29;19;762
26;2025-11-29;20;530
26;2025-11-29;21;375
26;2025-11-29;22;224
26;2025-11-29;23;152
26;2025-11-30;0;49
26;2025-11-30;1;5
26;2025-11-30;2;0
26;2025-11-30;3;6
26;2025-11-30;4;1
26;2025-11-30;5;27
26;2025-11-30;6;153
26;2025-11-30;7;262
26;2025-11-30;8;424
26;2025-11-30;9;523
26;2025-11-30;10;623
26;2025-11-30;11;843
26;2025-11-30;12;883
26;2025-11-30;13;894
26;2025-11-30;14;936
26;2025-11-30;15;872
26;2025-11-30;16;854
26;2025-11-30;17;828
26;2025-11-30;18;717
26;2025-11-30;19;610
26;2025-11-30;20;419
26;2025-11-30;21;304
26;2025-11-30;22;193
26;2025-11-30;23;112
26;2025-12-01;0;24
26;2025-12-01;1;1
26;2025-12-01;2;0
26;2025-12-01;3;6
26;2025-12-01;4;0
26;2025-12-01;5;87
26;2025-12-01;6;504
26;2025-12-01;7;1007
26;2025-12-01;8;2120
26;2025-12-01;9;1412
26;2025-12-01;10;1141
26;2025-12-01;11;1007
26;2025-12-01;12;1042
26;2025-12-01;13;1114
26;2025-12-01;14;1139
26;2025-12-01;15;1251
26;2025-12-01;16;1433
26;2025-12-01;17;1623
26;2025-12-01;18;1760
26;2025-12-01;19;1220
26;2025-12-01;20;723
26;2025-12-01;21;401
26;2025-12-01;22;202
26;2025-12-01;23;91
26;2025-12-02;0;25
26;2025-12-02;1;1
26;2025-12-02;2;0
26;2025-12-02;3;6
26;2025-12-02;4;1
26;2025-12-02;5;87
26;2025-12-02;6;513
26;2025-12-02;7;1021
26;2025-12-02;8;2162
26;2025-12-02;9;1451
26;2025-12-02;10;1171
26;2025-12-02;11;1045
26;2025-12-02;12;1088
26;2025-12-02;13;1126
26;2025-12-02;14;1194
26;2025-12-02;15;1280
26;2025-12-02;16;1461
26;2025-12-02;17;1654
26;2025-12-02;18;1814
26;2025-12-02;19;1257
26;2025-12-02;20;748
26;2025-12-02;21;429
26;2025-12-02;22;215
26;2025-12-02;23;105
26;2025-12-03;0;27
26;2025-12-03;1;1
26;2025-12-03;2;0
26;2025-12-03;3;6
26;2025-12-03;4;2
26;2025-12-03;5;89
26;2025-12-03;6;508
26;2025-12-03;7;1017
26;2025-12-03;8;2155
26;2025-12-03;9;1448
26;2025-12-03;10;1165
26;2025-12-03;11;1043
26;2025-12-03;12;1084
26;2025-12-03;13;1127
26;2025-12-03;14;1198
26;2025-12-03;15;1277
26;2025-12-03;16;1456
26;2025-12-03;17;1644
26;2025-12-03;18;1812
26;2025-12-03;19;1251
26;2025-12-03;20;748
26;2025-12-03;21;435
26;2025-12-03;22;224
26;2025-12-03;23;112
26;2025-12-04;0;30
26;2025-12-04;1;2
26;2025-12-04;2;0
26;2025-12-04;3;6
26;2025-12-04;4;1
26;2025-12-04;5;88
26;2025-12-04;6;511
26;2025-12-04;7;1020
26;2025-12-04;8;2154
26;2025-12-04;9;1446
26;2025-12-04;10;1171
26;2025-12-04;11;1051
26;2025-12-04;12;1090
26;2025-12-04;13;1136
26;2025-12-04;14;1206
26;2025-12-04;15;1287
26;2025-12-04;16;1471
26;2025-12-04;17;1651
26;2025-12-04;18;1807
26;2025-12-04;19;1250
26;2025-12-04;20;748
26;2025-12-04;21;432
26;2025-12-04;22;232
26;2025-12-04;23;118
26;2025-12-05;0;31
26;2025-12-05;1;2
26;2025-12-05;2;0
26;2025-12-05;3;6
26;2025-12-05;4;1
26;2025-12-05;5;86
26;2025-12-05;6;508
26;2025-12-05;7;1001
26;2025-12-05;8;2045
26;2025-12-05;9;1390
26;2025-12-05;10;1146
26;2025-12-05;11;1022
26;2025-12-05;12;1079
26;2025-12-05;13;1138
26;2025-12-05;14;1191
26;2025-12-05;15;1323
26;2025-12-05;16;1520
26;2025-12-05;17;1625
26;2025-12-05;18;1587
26;2025-12-05;19;1143
26;2025-12-05;20;695
26;2025-12-05;21;422
26;2025-12-05;22;230
26;2025-12-05;23;143
26;2025-12-06;0;42
26;2025-12-06;1;3
26;2025-12-06;2;0
26;2025-12-06;3;6
26;2025-12-06;4;2
26;2025-12-06;5;44
26;2025-12-06;6;252
26;2025-12-06;7;351
26;2025-12-06;8;530
26;2025-12-06;9;637
26;2025-12-06;10;733
26;2025-12-06;11;862
26;2025-12-06;12;935
26;2025-12-06;13;927
26;2025-12-06;14;951
26;2025-12-06;15;887
26;2025-12-06;16;924
26;2025-12-06;17;842
26;2025-12-06;18;832
26;2025-12-06;19;729
26;2025-12-06;20;488
26;2025-12-06;21;345
26;2025-12-06;22;211
26;2025-12-06;23;138
26;2025-12-07;0;45
26;2025-12-07;1;4
26;2025-12-07;2;0
26;2025-12-07;3;6
26;2025-12-07;4;2
26;2025-12-07;5;28
26;2025-12-07;6;152
26;2025-12-07;7;250
26;2025-12-07;8;379
26;2025-12-07;9;505
26;2025-12-07;10;573
26;2025-12-07;11;732
26;2025-12-07;12;803
26;2025-12-07;13;813
26;2025-12-07;14;836
26;2025-12-07;15;779
26;2025-12-07;16;802
26;2025-12-07;17;747
26;2025-12-07;18;689
26;2025-12-07;19;585
26;2025-12-07;20;390
26;2025-12-07;21;284
26;2025-12-07;22;183
26;2025-12-07;23;98
26;2025-12-08;0;24
26;2025-12-08;1;1
26;2025-12-08;2;0
26;2025-12-08;3;6
26;2025-12-08;4;0
26;2025-12-08;5;87
26;2025-12-08;6;504
26;2025-12-08;7;1007
26;2025-12-08;8;2120
26;2025-12-08;9;1412
26;2025-12-08;10;1141
26;2025-12-08;11;1007
26;2025-12-08;12;1042
26;2025-12-08;13;1114
26;2025-12-08;14;1139
26;2025-12-08;15;1251
26;2025-12-08;16;1433
26;2025-12-08;17;1623
26;2025-12-08;18;1760
26;2025-12-08;19;1220
26;2025-12-08;20;723
26;2025-12-08;21;401
26;2025-12-08;22;202
26;2025-12-08;23;91
26;2025-12-09;0;25
26;2025-12-09;1;1
26;2025-12-09;2;0
26;2025-12-09;3;6
26;2025-12-09;4;1
26;2025-12-09;5;87
26;2025-12-09;6;513
26;2025-12-09;7;1021
26;2025-12-09;8;2162
26;2025-12-09;9;1451
26;2025-12-09;10;1171
26;2025-12-09;11;1045
26;2025-12-09;12;1088
26;2025-12-09;13;1126
26;2025-12-09;14;1194
26;2025-12-09;15;1280
26;2025-12-09;16;1461
26;2025-12-09;17;1654
26;2025-12-09;18;1814
26;2025-12-09;19;1257
26;2025-12-09;20;748
26;2025-12-09;21;429
26;2025-12-09;22;215
26;2025-12-09;23;105
26;2025-12-10;0;27
26;2025-12-10;1;1
26;2025-12-10;2;0
26;2025-12-10;3;6
26;2025-12-10;4;2
26;2025-12-10;5;89
26;2025-12-10;6;508
26;2025-12-10;7;1017
26;2025-12-10;8;2155
26;2025-12-10;9;1448
26;2025-12-10;10;1165
26;2025-12-10;11;1043
26;2025-12-10;12;1084
26;2025-12-10;13;1127
26;2025-12-10;14;1198
26;2025-12-10;15;1277
26;2025-12-10;16;1456
26;2025-12-10;17;1644
26;2025-12-10;18;1812
26;2025-12-10;19;1251
26;2025-12-10;20;748
26;2025-12-10;21;435
26;2025-12-10;22;224
26;2025-12-10;23;112
26;2025-12-11;0;30
26;2025-12-11;1;2
26;2025-12-11;2;0
26;2025-12-11;3;6
26;2025-12-11;4;1
26;2025-12-11;5;88
26;2025-12-11;6;511
26;2025-12-11;7;1020
26;2025-12-11;8;2154
26;2025-12-11;9;1446
26;2025-12-11;10;1171
26;2025-12-11;11;1051
26;2025-12-11;12;1090
26;2025-12-11;13;1136
26;2025-12-11;14;1206
26;2025-12-11;15;1287
26;2025-12-11;16;1471
26;2025-12-11;17;1651
26;2025-12-11;18;1807
26;2025-12-11;19;1250
26;2025-12-11;20;748
26;2025-12-11;21;432
26;2025-12-11;22;232
26;2025-12-11;23;118
26;2025-12-12;0;31
26;2025-12-12;1;2
26;2025-12-12;2;0
26;2025-12-12;3;6
26;2025-12-12;4;1
26;2025-12-12;5;86
26;2025-12-12;6;508
26;2025-12-12;7;1001
26;2025-12-12;8;2045
26;2025-12-12;9;1390
26;2025-12-12;10;1146
26;2025-12-12;11;1022
26;2025-12-12;12;1079
26;2025-12-12;13;1138
26;2025-12-12;14;1191
26;2025-12-12;15;1323
26;2025-12-12;16;1520
26;2025-12-12;17;1625
26;2025-12-12;18;1587
26;2025-12-12;19;1143
26;2025-12-12;20;695
26;2025-12-12;21;422
26;2025-12-12;22;230
26;2025-12-12;23;143
26;2025-12-13;0;42
26;2025-12-13;1;3
26;2025-12-13;2;0
26;2025-12-13;3;6
26;2025-12-13;4;2
26;2025-12-13;5;44
26;2025-12-13;6;252
26;2025-12-13;7;351
26;2025-12-13;8;530
26;2025-12-13;9;637
26;2025-12-13;10;733
26;2025-12-13;11;862
26;2025-12-13;12;935
26;2025-12-13;13;927
26;2025-12-13;14;951
26;2025-12-13;15;887
26;2025-12-13;16;924
26;2025-12-13;17;842
26;2025-12-13;18;832
26;2025-12-13;19;729
26;2025-12-13;20;488
26;2025-12-13;21;345
26;2025-12-13;22;211
26;2025-12-13;23;138
26;2025-12-14;0;45
26;2025-12-14;1;4
26;2025-12-14;2;0
26;2025-12-14;3;6
26;2025-12-14;4;2
26;2025-12-14;5;28
26;2025-12-14;6;152
26;2025-12-14;7;250
26;2025-12-14;8;379
26;2025-12-14;9;505
26;2025-12-14;10;573
26;2025-12-14;11;732
26;2025-12-14;12;803
26;2025-12-14;13;813
26;2025-12-14;14;836
26;2025-12-14;15;779
26;2025-12-14;16;802
26;2025-12-14;17;747
26;2025-12-14;18;689
26;2025-12-14;19;585
26;2025-12-14;20;390
26;2025-12-14;21;284
26;2025-12-14;22;183
26;2025-12-14;23;98
26;2025-12-15;0;24
26;2025-12-15;1;1
26;2025-12-15;2;0
26;2025-12-15;3;6
26;2025-12-15;4;0
26;2025-12-15;5;87
26;2025-12-15;6;504
26;2025-12-15;7;1007
26;2025-12-15;8;2120
26;2025-12-15;9;1412
26;2025-12-15;10;1141
26;2025-12-15;11;1007
26;2025-12-15;12;1042
26;2025-12-15;13;1114
26;2025-12-15;14;1139
26;2025-12-15;15;1251
26;2025-12-15;16;1433
26;2025-12-15;17;1623
26;2025-12-15;18;1760
26;2025-12-15;19;1220
26;2025-12-15;20;723
26;2025-12-15;21;401
26;2025-12-15;22;202
26;2025-12-15;23;91
26;2025-12-16;0;25
26;2025-12-16;1;1
26;2025-12-16;2;0
26;2025-12-16;3;6
26;2025-12-16;4;1
26;2025-12-16;5;87
26;2025-12-16;6;513
26;2025-12-16;7;1021
26;2025-12-16;8;2162
26;2025-12-16;9;1451
26;2025-12-16;10;1171
26;2025-12-16;11;1045
26;2025-12-16;12;1088
26;2025-12-16;13;1126
26;2025-12-16;14;1194
26;2025-12-16;15;1280
26;2025-12-16;16;1461
26;2025-12-16;17;1654
26;2025-12-16;18;1814
26;2025-12-16;19;1257
26;2025-12-16;20;748
26;2025-12-16;21;429
26;2025-12-16;22;215
26;2025-12-16;23;105
26;2025-12-17;0;27
26;2025-12-17;1;1
26;2025-12-17;2;0
26;2025-12-17;3;6
26;2025-12-17;4;2
26;2025-12-17;5;89
26;2025-12-17;6;508
26;2025-12-17;7;1017
26;2025-12-17;8;2155
26;2025-12-17;9;1448
26;2025-12-17;10;1165
26;2025-12-17;11;1043
26;2025-12-17;12;1084
26;2025-12-17;13;1127
26;2025-12-17;14;1198
26;2025-12-17;15;1277
26;2025-12-17;16;1456
26;2025-12-17;17;1644
26;2025-12-17;18;1812
26;2025-12-17;19;1251
26;2025-12-17;20;748
26;2025-12-17;21;435
26;2025-12-17;22;224
26;2025-12-17;23;112
26;2025-12-18;0;30
26;2025-12-18;1;2
26;2025-12-18;2;0
26;2025-12-18;3;6
26;2025-12-18;4;1
26;2025-12-18;5;88
26;2025-12-18;6;511
26;2025-12-18;7;1020
26;2025-12-18;8;2154
26;2025-12-18;9;1446
26;2025-12-18;10;1171
26;2025-12-18;11;1051
26;2025-12-18;12;1090
26;2025-12-18;13;1136
26;2025-12-18;14;1206
26;2025-12-18;15;1287
26;2025-12-18;16;1471
26;2025-12-18;17;1651
26;2025-12-18;18;1807
26;2025-12-18;19;1250
26;2025-12-18;20;748
26;2025-12-18;21;432
26;2025-12-18;22;232
26;2025-12-18;23;118
26;2025-12-19;0;31
26;2025-12-19;1;2
26;2025-12-19;2;0
26;2025-12-19;3;6
26;2025-12-19;4;1
26;2025-12-19;5;86
26;2025-12-19;6;508
26;2025-12-19;7;1001
26;2025-12-19;8;2045
26;2025-12-19;9;1390
26;2025-12-19;10;1146
26;2025-12-19;11;1022
26;2025-12-19;12;1079
26;2025-12-19;13;1138
26;2025-12-19;14;1191
26;2025-12-19;15;1323
26;2025-12-19;16;1520
26;2025-12-19;17;1625
26;2025-12-19;18;1587
26;2025-12-19;19;1143
26;2025-12-19;20;695
26;2025-12-19;21;422
26;2025-12-19;22;230
26;2025-12-19;23;143
26;2025-12-20;0;42
26;2025-12-20;1;3
26;2025-12-20;2;0
26;2025-12-20;3;6
26;2025-12-20;4;2
26;2025-12-20;5;44
26;2025-12-20;6;252
26;2025-12-20;7;351
26;2025-12-20;8;530
26;2025-12-20;9;637
26;2025-12-20;10;733
26;2025-12-20;11;862
26;2025-12-20;12;935
26;2025-12-20;13;927
26;2025-12-20;14;951
26;2025-12-20;15;887
26;2025-12-20;16;924
26;2025-12-20;17;842
26;2025-12-20;18;832
26;2025-12-20;19;729
26;2025-12-20;20;488
26;2025-12-20;21;345
26;2025-12-20;22;211
26;2025-12-20;23;138
26;2025-12-21;0;45
26;2025-12-21;1;4
26;2025-12-21;2;0
26;2025-12-21;3;6
26;2025-12-21;4;2
26;2025-12-21;5;28
26;2025-12-21;6;152
26;2025-12-21;7;250
26;2025-12-21;8;379
26;2025-12-21;9;505
26;2025-12-21;10;573
26;2025-12-21;11;732
26;2025-12-21;12;803
26;2025-12-21;13;813
26;2025-12-21;14;836
26;2025-12-21;15;779
26;2025-12-21;16;802
26;2025-12-21;17;747
26;2025-12-21;18;689
26;2025-12-21;19;585
26;2025-12-21;20;390
26;2025-12-21;21;284
26;2025-12-21;22;183
26;2025-12-21;23;98
26;2025-12-22;0;24
26;2025-12-22;1;1
26;2025-12-22;2;0
26;2025-12-22;3;6
26;2025-12-22;4;0
26;2025-12-22;5;87
26;2025-12-22;6;504
26;2025-12-22;7;1007
26;2025-12-22;8;2120
26;2025-12-22;9;1412
26;2025-12-22;10;1141
26;2025-12-22;11;1007
26;2025-12-22;12;1042
26;2025-12-22;13;1114
26;2025-12-22;14;1139
26;2025-12-22;15;1251
26;2025-12-22;16;1433
26;2025-12-22;17;1623
26;2025-12-22;18;1760
26;2025-12-22;19;1220
26;2025-12-22;20;723
26;2025-12-22;21;401
26;2025-12-22;22;202
26;2025-12-22;23;91
26;2025-12-23;0;25
26;2025-12-23;1;1
26;2025-12-23;2;0
26;2025-12-23;3;6
26;2025-12-23;4;1
26;2025-12-23;5;87
26;2025-12-23;6;513
26;2025-12-23;7;1021
26;2025-12-23;8;2162
26;2025-12-23;9;1451
26;2025-12-23;10;1171
26;2025-12-23;11;1045
26;2025-12-23;12;1088
26;2025-12-23;13;1126
26;2025-12-23;14;1194
26;2025-12-23;15;1280
26;2025-12-23;16;1461
26;2025-12-23;17;1654
26;2025-12-23;18;1814
26;2025-12-23;19;1257
26;2025-12-23;20;748
26;2025-12-23;21;429
26;2025-12-23;22;215
26;2025-12-23;23;105
26;2025-12-24;0;27
26;2025-12-24;1;1
26;2025-12-24;2;0
26;2025-12-24;3;6
26;2025-12-24;4;2
26;2025-12-24;5;89
26;2025-12-24;6;508
26;2025-12-24;7;1017
26;2025-12-24;8;2155
26;2025-12-24;9;1448
26;2025-12-24;10;1165
26;2025-12-24;11;1043
26;2025-12-24;12;1084
26;2025-12-24;13;1127
26;2025-12-24;14;1198
26;2025-12-24;15;1277
26;2025-12-24;16;1456
26;2025-12-24;17;1644
26;2025-12-24;18;1812
26;2025-12-24;19;1251
26;2025-12-24;20;748
26;2025-12-24;21;435
26;2025-12-24;22;224
26;2025-12-24;23;112
26;2025-12-25;0;30
26;2025-12-25;1;2
26;2025-12-25;2;0
26;2025-12-25;3;6
26;2025-12-25;4;1
26;2025-12-25;5;88
26;2025-12-25;6;511
26;2025-12-25;7;1020
26;2025-12-25;8;2154
26;2025-12-25;9;1446
26;2025-12-25;10;1171
26;2025-12-25;11;1051
26;2025-12-25;12;1090
26;2025-12-25;13;1136
26;2025-12-25;14;1206
26;2025-12-25;15;1287
26;2025-12-25;16;1471
26;2025-12-25;17;1651
26;2025-12-25;18;1807
26;2025-12-25;19;1250
26;2025-12-25;20;748
26;2025-12-25;21;432
26;2025-12-25;22;232
26;2025-12-25;23;118
26;2025-12-26;0;31
26;2025-12-26;1;2
26;2025-12-26;2;0
26;2025-12-26;3;6
26;2025-12-26;4;1
26;2025-12-26;5;86
26;2025-12-26;6;508
26;2025-12-26;7;1001
26;2025-12-26;8;2045
26;2025-12-26;9;1390
26;2025-12-26;10;1146
26;2025-12-26;11;1022
26;2025-12-26;12;1079
26;2025-12-26;13;1138
26;2025-12-26;14;1191
26;2025-12-26;15;1323
26;2025-12-26;16;1520
26;2025-12-26;17;1625
26;2025-12-26;18;1587
26;2025-12-26;19;1143
26;2025-12-26;20;695
26;2025-12-26;21;422
26;2025-12-26;22;230
26;2025-12-26;23;143
26;2025-12-27;0;42
26;2025-12-27;1;3
26;2025-12-27;2;0
26;2025-12-27;3;6
26;2025-12-27;4;2
26;2025-12-27;5;44
26;2025-12-27;6;252
26;2025-12-27;7;351
26;2025-12-27;8;530
26;2025-12-27;9;637
26;2025-12-27;10;733
26;2025-12-27;11;862
26;2025-12-27;12;935
26;2025-12-27;13;927
26;2025-12-27;14;951
26;2025-12-27;15;887
26;2025-12-27;16;924
26;2025-12-27;17;842
26;2025-12-27;18;832
26;2025-12-27;19;729
26;2025-12-27;20;488
26;2025-12-27;21;345
26;2025-12-27;22;211
26;2025-12-27;23;138
26;2025-12-28;0;45
26;2025-12-28;1;4
26;2025-12-28;2;0
26;2025-12-28;3;6
26;2025-12-28;4;2
26;2025-12-28;5;28
26;2025-12-28;6;152
26;2025-12-28;7;250
26;2025-12-28;8;379
26;2025-12-28;9;505
26;2025-12-28;10;573
26;2025-12-28;11;732
26;2025-12-28;12;803
26;2025-12-28;13;813
26;2025-12-28;14;836
26;2025-12-28;15;779
26;2025-12-28;16;802
26;2025-12-28;17;747
26;2025-12-28;18;689
26;2025-12-28;19;585
26;2025-12-28;20;390
26;2025-12-28;21;284
26;2025-12-28;22;183
26;2025-12-28;23;98
26;2025-12-29;0;24
26;2025-12-29;1;1
26;2025-12-29;2;0
26;2025-12-29;3;6
26;2025-12-29;4;0
26;2025-12-29;5;87
26;2025-12-29;6;504
26;2025-12-29;7;1007
26;2025-12-29;8;2120
26;2025-12-29;9;1412
26;2025-12-29;10;1141
26;2025-12-29;11;1007
26;2025-12-29;12;1042
26;2025-12-29;13;1114
26;2025-12-29;14;1139
26;2025-12-29;15;1251
26;2025-12-29;16;1433
26;2025-12-29;17;1623
26;2025-12-29;18;1760
26;2025-12-29;19;1220
26;2025-12-29;20;723
26;2025-12-29;21;401
26;2025-12-29;22;202
26;2025-12-29;23;91
26;2025-12-30;0;25
26;2025-12-30;1;1
26;2025-12-30;2;0
26;2025-12-30;3;6
26;2025-12-30;4;1
26;2025-12-30;5;87
26;2025-12-30;6;513
26;2025-12-30;7;1021
26;2025-12-30;8;2162
26;2025-12-30;9;1451
26;2025-12-30;10;1171
26;2025-12-30;11;1045
26;2025-12-30;12;1088
26;2025-12-30;13;1126
26;2025-12-30;14;1194
26;2025-12-30;15;1280
26;2025-12-30;16;1461
26;2025-12-30;17;1654
26;2025-12-30;18;1814
26;2025-12-30;19;1257
26;2025-12-30;20;748
26;2025-12-30;21;429
26;2025-12-30;22;215
26;2025-12-30;23;105
26;2025-12-31;0;29
26;2025-12-31;1;4
26;2025-12-31;2;0
26;2025-12-31;3;6
26;2025-12-31;4;5
26;2025-12-31;5;86
26;2025-12-31;6;445
26;2025-12-31;7;457
26;2025-12-31;8;1003
26;2025-12-31;9;650
26;2025-12-31;10;598
26;2025-12-31;11;772
26;2025-12-31;12;783
26;2025-12-31;13;775
26;2025-12-31;14;836
26;2025-12-31;15;796
26;2025-12-31;16;833
26;2025-12-31;17;817
26;2025-12-31;18;902
26;2025-12-31;19;685
26;2025-12-31;20;480
26;2025-12-31;21;442
26;2025-12-31;22;234
26;2025-12-31;23;111
28;2025-11-01;0;4
28;2025-11-01;1;0
28;2025-11-01;2;0
28;2025-11-01;3;0
28;2025-11-01;4;1
28;2025-11-01;5;64
28;2025-11-01;6;108
28;2025-11-01;7;290
28;2025-11-01;8;1080
28;2025-11-01;9;820
28;2025-11-01;10;643
28;2025-11-01;11;625
28;2025-11-01;12;808
28;2025-11-01;13;786
28;2025-11-01;14;745
28;2025-11-01;15;743
28;2025-11-01;16;962
28;2025-11-01;17;1013
28;2025-11-01;18;968
28;2025-11-01;19;719
28;2025-11-01;20;343
28;2025-11-01;21;316
28;2025-11-01;22;163
28;2025-11-01;23;32
28;2025-11-02;0;3
28;2025-11-02;1;0
28;2025-11-02;2;0
28;2025-11-02;3;0
28;2025-11-02;4;2
28;2025-11-02;5;30
28;2025-11-02;6;82
28;2025-11-02;7;136
28;2025-11-02;8;217
28;2025-11-02;9;297
28;2025-11-02;10;283
28;2025-11-02;11;367
28;2025-11-02;12;411
28;2025-11-02;13;399
28;2025-11-02;14;451
28;2025-11-02;15;460
28;2025-11-02;16;420
28;2025-11-02;17;449
28;2025-11-02;18;382
28;2025-11-02;19;293
28;2025-11-02;20;245
28;2025-11-02;21;221
28;2025-11-02;22;98
28;2025-11-02;23;9
28;2025-11-03;0;0
28;2025-11-03;1;0
28;2025-11-03;2;0
28;2025-11-03;3;0
28;2025-11-03;4;2
28;2025-11-03;5;56
28;2025-11-03;6;91
28;2025-11-03;7;236
28;2025-11-03;8;360
28;2025-11-03;9;377
28;2025-11-03;10;351
28;2025-11-03;11;345
28;2025-11-03;12;390
28;2025-11-03;13;430
28;2025-11-03;14;417
28;2025-11-03;15;436
28;2025-11-03;16;411
28;2025-11-03;17;472
28;2025-11-03;18;382
28;2025-11-03;19;332
28;2025-11-03;20;333
28;2025-11-03;21;234
28;2025-11-03;22;86
28;2025-11-03;23;14
28;2025-11-04;0;2
28;2025-11-04;1;1
28;2025-11-04;2;0
28;2025-11-04;3;0
28;2025-11-04;4;1
28;2025-11-04;5;20
28;2025-11-04;6;76
28;2025-11-04;7;165
28;2025-11-04;8;276
28;2025-11-04;9;287
28;2025-11-04;10;327
28;2025-11-04;11;320
28;2025-11-04;12;386
28;2025-11-04;13;369
28;2025-11-04;14;401
28;2025-11-04;15;388
28;2025-11-04;16;368
28;2025-11-04;17;441
28;2025-11-04;18;348
28;2025-11-04;19;315
28;2025-11-04;20;304
28;2025-11-04;21;238
28;2025-11-04;22;99
28;2025-11-04;23;0
28;2025-11-05;0;0
28;2025-11-05;1;0
28;2025-11-05;2;0
28;2025-11-05;3;0
28;2025-11-05;4;2
28;2025-11-05;5;82
28;2025-11-05;6;266
28;2025-11-05;7;746
28;2025-11-05;8;1229
28;2025-11-05;9;849
28;2025-11-05;10;638
28;2025-11-05;11;589
28;2025-11-05;12;709
28;2025-11-05;13;744
28;2025-11-05;14;678
28;2025-11-05;15;698
28;2025-11-05;16;877
28;2025-11-05;17;1045
28;2025-11-05;18;987
28;2025-11-05;19;755
28;2025-11-05;20;499
28;2025-11-05;21;313
28;2025-11-05;22;133
28;2025-11-05;23;9
28;2025-11-06;0;0
28;2025-11-06;1;0
28;2025-11-06;2;0
28;2025-11-06;3;0
28;2025-11-06;4;2
28;2025-11-06;5;80
28;2025-11-06;6;273
28;2025-11-06;7;753
28;2025-11-06;8;1230
28;2025-11-06;9;854
28;2025-11-06;10;650
28;2025-11-06;11;590
28;2025-11-06;12;716
28;2025-11-06;13;739
28;2025-11-06;14;685
28;2025-11-06;15;713
28;2025-11-06;16;882
28;2025-11-06;17;1046
28;2025-11-06;18;996
28;2025-11-06;19;753
28;2025-11-06;20;500
28;2025-11-06;21;324
28;2025-11-06;22;137
28;2025-11-06;23;9
28;2025-11-07;0;0
28;2025-11-07;1;0
28;2025-11-07;2;0
28;2025-11-07;3;0
28;2025-11-07;4;2
28;2025-11-07;5;76
28;2025-11-07;6;257
28;2025-11-07;7;734
28;2025-11-07;8;1170
28;2025-11-07;9;822
28;2025-11-07;10;617
28;2025-11-07;11;572
28;2025-11-07;12;715
28;2025-11-07;13;715
28;2025-11-07;14;684
28;2025-11-07;15;721
28;2025-11-07;16;919
28;2025-11-07;17;1006
28;2025-11-07;18;884
28;2025-11-07;19;690
28;2025-11-07;20;457
28;2025-11-07;21;323
28;2025-11-07;22;132
28;2025-11-07;23;13
28;2025-11-08;0;1
28;2025-11-08;1;0
28;2025-11-08;2;0
28;2025-11-08;3;0
28;2025-11-08;4;0
28;2025-11-08;5;39
28;2025-11-08;6;107
28;2025-11-08;7;228
28;2025-11-08;8;389
28;2025-11-08;9;462
28;2025-11-08;10;490
28;2025-11-08;11;502
28;2025-11-08;12;585
28;2025-11-08;13;598
28;2025-11-08;14;582
28;2025-11-08;15;572
28;2025-11-08;16;546
28;2025-11-08;17;560
28;2025-11-08;18;496
28;2025-11-08;19;406
28;2025-11-08;20;324
28;2025-11-08;21;278
28;2025-11-08;22;128
28;2025-11-08;23;15
28;2025-11-09;0;3
28;2025-11-09;1;0
28;2025-11-09;2;0
28;2025-11-09;3;0
28;2025-11-09;4;0
28;2025-11-09;5;30
28;2025-11-09;6;87
28;2025-11-09;7;157
28;2025-11-09;8;255
28;2025-11-09;9;320
28;2025-11-09;10;369
28;2025-11-09;11;431
28;2025-11-09;12;466
28;2025-11-09;13;506
28;2025-11-09;14;505
28;2025-11-09;15;506
28;2025-11-09;16;487
28;2025-11-09;17;497
28;2025-11-09;18;420
28;2025-11-09;19;334
28;2025-11-09;20;293
28;2025-11-09;21;238
28;2025-11-09;22;110
28;2025-11-09;23;13
28;2025-11-10;0;0
28;2025-11-10;1;0
28;2025-11-10;2;0
28;2025-11-10;3;0
28;2025-11-10;4;2
28;2025-11-10;5;74
28;2025-11-10;6;252
28;2025-11-10;7;721
28;2025-11-10;8;1193
28;2025-11-10;9;841
28;2025-11-10;10;603
28;2025-11-10;11;550
28;2025-11-10;12;668
28;2025-11-10;13;696
28;2025-11-10;14;640
28;2025-11-10;15;666
28;2025-11-10;16;863
28;2025-11-10;17;1014
28;2025-11-10;18;962
28;2025-11-10;19;747
28;2025-11-10;20;480
28;2025-11-10;21;297
28;2025-11-10;22;112
28;2025-11-10;23;7
28;2025-11-11;0;0
28;2025-11-11;1;0
28;2025-11-11;2;0
28;2025-11-11;3;0
28;2025-11-11;4;2
28;2025-11-11;5;78
28;2025-11-11;6;266
28;2025-11-11;7;749
28;2025-11-11;8;1239
28;2025-11-11;9;850
28;2025-11-11;10;647
28;2025-11-11;11;589
28;2025-11-11;12;709
28;2025-11-11;13;743
28;2025-11-11;14;680
28;2025-11-11;15;702
28;2025-11-11;16;876
28;2025-11-11;17;1043
28;2025-11-11;18;989
28;2025-11-11;19;756
28;2025-11-11;20;498
28;2025-11-11;21;315
28;2025-11-11;22;128
28;2025-11-11;23;12
28;2025-11-12;0;0
28;2025-11-12;1;0
28;2025-11-12;2;0
28;2025-11-12;3;0
28;2025-11-12;4;2
28;2025-11-12;5;82
28;2025-11-12;6;266
28;2025-11-12;7;746
28;2025-11-12;8;1229
28;2025-11-12;9;849
28;2025-11-12;10;638
28;2025-11-12;11;589
28;2025-11-12;12;709
28;2025-11-12;13;744
28;2025-11-12;14;678
28;2025-11-12;15;698
28;2025-11-12;16;877
28;2025-11-12;17;1045
28;2025-11-12;18;987
28;2025-11-12;19;755
28;2025-11-12;20;499
28;2025-11-12;21;313
28;2025-11-12;22;133
28;2025-11-12;23;9
28;2025-11-13;0;0
28;2025-11-13;1;0
28;2025-11-13;2;0
28;2025-11-13;3;0
28;2025-11-13;4;2
28;2025-11-13;5;80
28;2025-11-13;6;273
28;2025-11-13;7;753
28;2025-11-13;8;1230
28;2025-11-13;9;854
28;2025-11-13;10;650
28;2025-11-13;11;590
28;2025-11-13;12;716
28;2025-11-13;13;739
28;2025-11-13;14;685
28;2025-11-13;15;713
28;2025-11-13;16;882
28;2025-11-13;17;1046
28;2025-11-13;18;996
28;2025-11-13;19;753
28;2025-11-13;20;500
28;2025-11-13;21;324
28;2025-11-13;22;137
28;2025-11-13;23;9
28;2025-11-14;0;0
28;2025-11-14;1;0
28;2025-11-14;2;0
28;2025-11-14;3;0
28;2025-11-14;4;2
28;2025-11-14;5;76
28;2025-11-14;6;257
28;2025-11-14;7;734
28;2025-11-14;8;1170
28;2025-11-14;9;822
28;2025-11-14;10;617
28;2025-11-14;11;572
28;2025-11-14;12;715
28;2025-11-14;13;715
28;2025-11-14;14;684
28;2025-11-14;15;721
28;2025-11-14;16;919
28;2025-11-14;17;1006
28;2025-11-14;18;884
28;2025-11-14;19;690
28;2025-11-14;20;457
28;2025-11-14;21;323
28;2025-11-14;22;132
28;2025-11-14;23;13
28;2025-11-15;0;1
28;2025-11-15;1;0
28;2025-11-15;2;0
28;2025-11-15;3;0
28;2025-11-15;4;0
28;2025-11-15;5;39
28;2025-11-15;6;107
28;2025-11-15;7;228
28;2025-11-15;8;389
28;2025-11-15;9;462
28;2025-11-15;10;490
28;2025-11-15;11;502
28;2025-11-15;12;585
28;2025-11-15;13;598
28;2025-11-15;14;582
28;2025-11-15;15;572
28;2025-11-15;16;546
28;2025-11-15;17;560
28;2025-11-15;18;496
28;2025-11-15;19;406
28;2025-11-15;20;324
28;2025-11-15;21;278
28;2025-11-15;22;128
28;2025-11-15;23;15
28;2025-11-16;0;3
28;2025-11-16;1;0
28;2025-11-16;2;0
28;2025-11-16;3;0
28;2025-11-16;4;0
28;2025-11-16;5;30
28;2025-11-16;6;87
28;2025-11-16;7;157
28;2025-11-16;8;255
28;2025-11-16;9;320
28;2025-11-16;10;369
28;2025-11-16;11;431
28;2025-11-16;12;466
28;2025-11-16;13;506
28;2025-11-16;14;505
28;2025-11-16;15;506
28;2025-11-16;16;487
28;2025-11-16;17;497
28;2025-11-16;18;420
28;2025-11-16;19;334
28;2025-11-16;20;293
28;2025-11-16;21;238
28;2025-11-16;22;110
28;2025-11-16;23;13
28;2025-11-17;0;0
28;2025-11-17;1;0
28;2025-11-17;2;0
28;2025-11-17;3;0
28;2025-11-17;4;2
28;2025-11-17;5;74
28;2025-11-17;6;252
28;2025-11-17;7;721
28;2025-11-17;8;1193
28;2025-11-17;9;841
28;2025-11-17;10;603
28;2025-11-17;11;550
28;2025-11-17;12;668
28;2025-11-17;13;696
28;2025-11-17;14;640
28;2025-11-17;15;666
28;2025-11-17;16;863
28;2025-11-17;17;1014
28;2025-11-17;18;962
28;2025-11-17;19;747
28;2025-11-17;20;480
28;2025-11-17;21;297
28;2025-11-17;22;112
28;2025-11-17;23;7
28;2025-11-18;0;0
28;2025-11-18;1;0
28;2025-11-18;2;0
28;2025-11-18;3;0
28;2025-11-18;4;2
28;2025-11-18;5;78
28;2025-11-18;6;266
28;2025-11-18;7;749
28;2025-11-18;8;1239
28;2025-11-18;9;850
28;2025-11-18;10;647
28;2025-11-18;11;589
28;2025-11-18;12;709
28;2025-11-18;13;743
28;2025-11-18;14;680
28;2025-11-18;15;702
28;2025-11-18;16;876
28;2025-11-18;17;1043
28;2025-11-18;18;989
28;2025-11-18;19;756
28;2025-11-18;20;498
28;2025-11-18;21;315
28;2025-11-18;22;128
28;2025-11-18;23;12
28;2025-11-19;0;0
28;2025-11-19;1;0
28;2025-11-19;2;0
28;2025-11-19;3;0
28;2025-11-19;4;2
28;2025-11-19;5;82
28;2025-11-19;6;266
28;2025-11-19;7;746
28;2025-11-19;8;1229
28;2025-11-19;9;849
28;2025-11-19;10;638
28;2025-11-19;11;589
28;2025-11-19;12;709
28;2025-11-19;13;744
28;2025-11-19;14;678
28;2025-11-19;15;698
28;2025-11-19;16;877
28;2025-11-19;17;1045
28;2025-11-19;18;987
28;2025-11-19;19;755
28;2025-11-19;20;499
28;2025-11-19;21;313
28;2025-11-19;22;133
28;2025-11-19;23;9
28;2025-11-20;0;0
28;2025-11-20;1;0
28;2025-11-20;2;0
28;2025-11-20;3;0
28;2025-11-20;4;2
28;2025-11-20;5;80
28;2025-11-20;6;273
28;2025-11-20;7;753
28;2025-11-20;8;1230
28;2025-11-20;9;854
28;2025-11-20;10;650
28;2025-11-20;11;590
28;2025-11-20;12;716
28;2025-11-20;13;739
28;2025-11-20;14;685
28;2025-11-20;15;713
28;2025-11-20;16;882
28;2025-11-20;17;1046
28;2025-11-20;18;996
28;2025-11-20;19;753
28;2025-11-20;20;500
28;2025-11-20;21;324
28;2025-11-20;22;137
28;2025-11-20;23;9
28;2025-11-21;0;0
28;2025-11-21;1;0
28;2025-11-21;2;0
28;2025-11-21;3;0
28;2025-11-21;4;2
28;2025-11-21;5;76
28;2025-11-21;6;257
28;2025-11-21;7;734
28;2025-11-21;8;1170
28;2025-11-21;9;822
28;2025-11-21;10;617
28;2025-11-21;11;572
28;2025-11-21;12;715
28;2025-11-21;13;715
28;2025-11-21;14;684
28;2025-11-21;15;721
28;2025-11-21;16;919
28;2025-11-21;17;1006
28;2025-11-21;18;884
28;2025-11-21;19;690
28;2025-11-21;20;457
28;2025-11-21;21;323
28;2025-11-21;22;132
28;2025-11-21;23;13
28;2025-11-22;0;1
28;2025-11-22;1;0
28;2025-11-22;2;0
28;2025-11-22;3;0
28;2025-11-22;4;0
28;2025-11-22;5;39
28;2025-11-22;6;107
28;2025-11-22;7;228
28;2025-11-22;8;389
28;2025-11-22;9;462
28;2025-11-22;10;490
28;2025-11-22;11;502
28;2025-11-22;12;585
28;2025-11-22;13;598
28;2025-11-22;14;582
28;2025-11-22;15;572
28;2025-11-22;16;546
28;2025-11-22;17;560
28;2025-11-22;18;496
28;2025-11-22;19;406
28;2025-11-22;20;324
28;2025-11-22;21;278
28;2025-11-22;22;128
28;2025-11-22;23;15
28;2025-11-23;0;3
28;2025-11-23;1;0
28;2025-11-23;2;0
28;2025-11-23;3;0
28;2025-11-23;4;0
28;2025-11-23;5;30
28;2025-11-23;6;87
28;2025-11-23;7;157
28;2025-11-23;8;255
28;2025-11-23;9;320
28;2025-11-23;10;369
28;2025-11-23;11;431
28;2025-11-23;12;466
28;2025-11-23;13;506
28;2025-11-23;14;505
28;2025-11-23;15;506
28;2025-11-23;16;487
28;2025-11-23;17;497
28;2025-11-23;18;420
28;2025-11-23;19;334
28;2025-11-23;20;293
28;2025-11-23;21;238
28;2025-11-23;22;110
28;2025-11-23;23;13
28;2025-11-24;0;0
28;2025-11-24;1;0
28;2025-11-24;2;0
28;2025-11-24;3;0
28;2025-11-24;4;2
28;2025-11-24;5;74
28;2025-11-24;6;252
28;2025-11-24;7;721
28;2025-11-24;8;1193
28;2025-11-24;9;841
28;2025-11-24;10;603
28;2025-11-24;11;550
28;2025-11-24;12;668
28;2025-11-24;13;696
28;2025-11-24;14;640
28;2025-11-24;15;666
28;2025-11-24;16;863
28;2025-11-24;17;1014
28;2025-11-24;18;962
28;2025-11-24;19;747
28;2025-11-24;20;480
28;2025-11-24;21;297
28;2025-11-24;22;112
28;2025-11-24;23;7
28;2025-11-25;0;0
28;2025-11-25;1;0
28;2025-11-25;2;0
28;2025-11-25;3;0
28;2025-11-25;4;2
28;2025-11-25;5;78
28;2025-11-25;6;266
28;2025-11-25;7;749
28;2025-11-25;8;1239
28;2025-11-25;9;850
28;2025-11-25;10;647
28;2025-11-25;11;589
28;2025-11-25;12;709
28;2025-11-25;13;743
28;2025-11-25;14;680
28;2025-11-25;15;702
28;2025-11-25;16;876
28;2025-11-25;17;1043
28;2025-11-25;18;989
28;2025-11-25;19;756
28;2025-11-25;20;498
28;2025-11-25;21;315
28;2025-11-25;22;128
28;2025-11-25;23;12
28;2025-11-26;0;0
28;2025-11-26;1;0
28;2025-11-26;2;0
28;2025-11-26;3;0
28;2025-11-26;4;2
28;2025-11-26;5;82
28;2025-11-26;6;266
28;2025-11-26;7;746
28;2025-11-26;8;1229
28;2025-11-26;9;849
28;2025-11-26;10;638
28;2025-11-26;11;589
28;2025-11-26;12;709
28;2025-11-26;13;744
28;2025-11-26;14;678
28;2025-11-26;15;698
28;2025-11-26;16;877
28;2025-11-26;17;1045
28;2025-11-26;18;987
28;2025-11-26;19;755
28;2025-11-26;20;499
28;2025-11-26;21;313
28;2025-11-26;22;133
28;2025-11-26;23;9
28;2025-11-27;0;0
28;2025-11-27;1;0
28;2025-11-27;2;0
28;2025-11-27;3;0
28;2025-11-27;4;2
28;2025-11-27;5;80
28;2025-11-27;6;273
28;2025-11-27;7;753
28;2025-11-27;8;1230
28;2025-11-27;9;854
28;2025-11-27;10;650
28;2025-11-27;11;590
28;2025-11-27;12;716
28;2025-11-27;13;739
28;2025-11-27;14;685
28;2025-11-27;15;713
28;2025-11-27;16;882
28;2025-11-27;17;1046
28;2025-11-27;18;996
28;2025-11-27;19;753
28;2025-11-27;20;500
28;2025-11-27;21;324
28;2025-11-27;22;137
28;2025-11-27;23;9
28;2025-11-28;0;0
28;2025-11-28;1;0
28;2025-11-28;2;0
28;2025-11-28;3;0
28;2025-11-28;4;2
28;2025-11-28;5;76
28;2025-11-28;6;257
28;2025-11-28;7;734
28;2025-11-28;8;1170
28;2025-11-28;9;822
28;2025-11-28;10;617
28;2025-11-28;11;572
28;2025-11-28;12;715
28;2025-11-28;13;715
28;2025-11-28;14;684
28;2025-11-28;15;721
28;2025-11-28;16;919
28;2025-11-28;17;1006
28;2025-11-28;18;884
28;2025-11-28;19;690
28;2025-11-28;20;457
28;2025-11-28;21;323
28;2025-11-28;22;132
28;2025-11-28;23;13
28;2025-11-29;0;1
28;2025-11-29;1;0
28;2025-11-29;2;0
28;2025-11-29;3;0
28;2025-11-29;4;0
28;2025-11-29;5;39
28;2025-11-29;6;107
28;2025-11-29;7;228
28;2025-11-29;8;389
28;2025-11-29;9;462
28;2025-11-29;10;490
28;2025-11-29;11;502
28;2025-11-29;12;585
28;2025-11-29;13;598
28;2025-11-29;14;582
28;2025-11-29;15;572
28;2025-11-29;16;546
28;2025-11-29;17;560
28;2025-11-29;18;496
28;2025-11-29;19;406
28;2025-11-29;20;324
28;2025-11-29;21;278
28;2025-11-29;22;128
28;2025-11-29;23;15
28;2025-11-30;0;3
28;2025-11-30;1;0
28;2025-11-30;2;0
28;2025-11-30;3;0
28;2025-11-30;4;0
28;2025-11-30;5;30
28;2025-11-30;6;87
28;2025-11-30;7;157
28;2025-11-30;8;255
28;2025-11-30;9;320
28;2025-11-30;10;369
28;2025-11-30;11;431
28;2025-11-30;12;466
28;2025-11-30;13;506
28;2025-11-30;14;505
28;2025-11-30;15;506
28;2025-11-30;16;487
28;2025-11-30;17;497
28;2025-11-30;18;420
28;2025-11-30;19;334
28;2025-11-30;20;293
28;2025-11-30;21;238
28;2025-11-30;22;110
28;2025-11-30;23;13
28;2025-12-01;0;0
28;2025-12-01;1;0
28;2025-12-01;2;0
28;2025-12-01;3;0
28;2025-12-01;4;1
28;2025-12-01;5;73
28;2025-12-01;6;245
28;2025-12-01;7;727
28;2025-12-01;8;1148
28;2025-12-01;9;817
28;2025-12-01;10;583
28;2025-12-01;11;503
28;2025-12-01;12;622
28;2025-12-01;13;673
28;2025-12-01;14;612
28;2025-12-01;15;653
28;2025-12-01;16;842
28;2025-12-01;17;958
28;2025-12-01;18;969
28;2025-12-01;19;751
28;2025-12-01;20;466
28;2025-12-01;21;287
28;2025-12-01;22;123
28;2025-12-01;23;17
28;2025-12-02;0;0
28;2025-12-02;1;0
28;2025-12-02;2;0
28;2025-12-02;3;0
28;2025-12-02;4;1
28;2025-12-02;5;74
28;2025-12-02;6;259
28;2025-12-02;7;749
28;2025-12-02;8;1187
28;2025-12-02;9;820
28;2025-12-02;10;621
28;2025-12-02;11;541
28;2025-12-02;12;659
28;2025-12-02;13;718
28;2025-12-02;14;649
28;2025-12-02;15;685
28;2025-12-02;16;848
28;2025-12-02;17;983
28;2025-12-02;18;991
28;2025-12-02;19;750
28;2025-12-02;20;477
28;2025-12-02;21;303
28;2025-12-02;22;135
28;2025-12-02;23;22
28;2025-12-03;0;0
28;2025-12-03;1;0
28;2025-12-03;2;0
28;2025-12-03;3;0
28;2025-12-03;4;1
28;2025-12-03;5;78
28;2025-12-03;6;259
28;2025-12-03;7;746
28;2025-12-03;8;1177
28;2025-12-03;9;819
28;2025-12-03;10;612
28;2025-12-03;11;541
28;2025-12-03;12;659
28;2025-12-03;13;719
28;2025-12-03;14;646
28;2025-12-03;15;681
28;2025-12-03;16;850
28;2025-12-03;17;985
28;2025-12-03;18;988
28;2025-12-03;19;749
28;2025-12-03;20;475
28;2025-12-03;21;301
28;2025-12-03;22;140
28;2025-12-03;23;19
28;2025-12-04;0;0
28;2025-12-04;1;0
28;2025-12-04;2;0
28;2025-12-04;3;0
28;2025-12-04;4;1
28;2025-12-04;5;76
28;2025-12-04;6;265
28;2025-12-04;7;752
28;2025-12-04;8;1178
28;2025-12-04;9;823
28;2025-12-04;10;623
28;2025-12-04;11;540
28;2025-12-04;12;664
28;2025-12-04;13;714
28;2025-12-04;14;652
28;2025-12-04;15;695
28;2025-12-04;16;853
28;2025-12-04;17;984
28;2025-12-04;18;995
28;2025-12-04;19;747
28;2025-12-04;20;476
28;2025-12-04;21;310
28;2025-12-04;22;144
28;2025-12-04;23;19
28;2025-12-05;0;0
28;2025-12-05;1;0
28;2025-12-05;2;0
28;2025-12-05;3;0
28;2025-12-05;4;2
28;2025-12-05;5;75
28;2025-12-05;6;250
28;2025-12-05;7;740
28;2025-12-05;8;1125
28;2025-12-05;9;799
28;2025-12-05;10;597
28;2025-12-05;11;525
28;2025-12-05;12;669
28;2025-12-05;13;692
28;2025-12-05;14;656
28;2025-12-05;15;708
28;2025-12-05;16;898
28;2025-12-05;17;949
28;2025-12-05;18;896
28;2025-12-05;19;698
28;2025-12-05;20;442
28;2025-12-05;21;313
28;2025-12-05;22;143
28;2025-12-05;23;23
28;2025-12-06;0;0
28;2025-12-06;1;0
28;2025-12-06;2;0
28;2025-12-06;3;0
28;2025-12-06;4;1
28;2025-12-06;5;30
28;2025-12-06;6;95
28;2025-12-06;7;214
28;2025-12-06;8;343
28;2025-12-06;9;434
28;2025-12-06;10;453
28;2025-12-06;11;431
28;2025-12-06;12;510
28;2025-12-06;13;551
28;2025-12-06;14;518
28;2025-12-06;15;526
28;2025-12-06;16;499
28;2025-12-06;17;486
28;2025-12-06;18;455
28;2025-12-06;19;390
28;2025-12-06;20;309
28;2025-12-06;21;252
28;2025-12-06;22;123
28;2025-12-06;23;18
28;2025-12-07;0;1
28;2025-12-07;1;0
28;2025-12-07;2;0
28;2025-12-07;3;0
28;2025-12-07;4;1
28;2025-12-07;5;25
28;2025-12-07;6;77
28;2025-12-07;7;150
28;2025-12-07;8;230
28;2025-12-07;9;306
28;2025-12-07;10;349
28;2025-12-07;11;364
28;2025-12-07;12;399
28;2025-12-07;13;464
28;2025-12-07;14;450
28;2025-12-07;15;466
28;2025-12-07;16;448
28;2025-12-07;17;436
28;2025-12-07;18;390
28;2025-12-07;19;329
28;2025-12-07;20;288
28;2025-12-07;21;224
28;2025-12-07;22;108
28;2025-12-07;23;16
28;2025-12-08;0;0
28;2025-12-08;1;0
28;2025-12-08;2;0
28;2025-12-08;3;0
28;2025-12-08;4;1
28;2025-12-08;5;73
28;2025-12-08;6;245
28;2025-12-08;7;727
28;2025-12-08;8;1148
28;2025-12-08;9;817
28;2025-12-08;10;583
28;2025-12-08;11;503
28;2025-12-08;12;622
28;2025-12-08;13;673
28;2025-12-08;14;612
28;2025-12-08;15;653
28;2025-12-08;16;842
28;2025-12-08;17;958
28;2025-12-08;18;969
28;2025-12-08;19;751
28;2025-12-08;20;466
28;2025-12-08;21;287
28;2025-12-08;22;123
28;2025-12-08;23;17
28;2025-12-09;0;0
28;2025-12-09;1;0
28;2025-12-09;2;0
28;2025-12-09;3;0
28;2025-12-09;4;1
28;2025-12-09;5;74
28;2025-12-09;6;259
28;2025-12-09;7;749
28;2025-12-09;8;1187
28;2025-12-09;9;820
28;2025-12-09;10;621
28;2025-12-09;11;541
28;2025-12-09;12;659
28;2025-12-09;13;718
28;2025-12-09;14;649
28;2025-12-09;15;685
28;2025-12-09;16;848
28;2025-12-09;17;983
28;2025-12-09;18;991
28;2025-12-09;19;750
28;2025-12-09;20;477
28;2025-12-09;21;303
28;2025-12-09;22;135
28;2025-12-09;23;22
28;2025-12-10;0;0
28;2025-12-10;1;0
28;2025-12-10;2;0
28;2025-12-10;3;0
28;2025-12-10;4;1
28;2025-12-10;5;78
28;2025-12-10;6;259
28;2025-12-10;7;746
28;2025-12-10;8;1177
28;2025-12-10;9;819
28;2025-12-10;10;612
28;2025-12-10;11;541
28;2025-12-10;12;659
28;2025-12-10;13;719
28;2025-12-10;14;646
28;2025-12-10;15;681
28;2025-12-10;16;850
28;2025-12-10;17;985
28;2025-12-10;18;988
28;2025-12-10;19;749
28;2025-12-10;20;475
28;2025-12-10;21;301
28;2025-12-10;22;140
28;2025-12-10;23;19
28;2025-12-11;0;0
28;2025-12-11;1;0
28;2025-12-11;2;0
28;2025-12-11;3;0
28;2025-12-11;4;1
28;2025-12-11;5;76
28;2025-12-11;6;265
28;2025-12-11;7;752
28;2025-12-11;8;1178
28;2025-12-11;9;823
28;2025-12-11;10;623
28;2025-12-11;11;540
28;2025-12-11;12;664
28;2025-12-11;13;714
28;2025-12-11;14;652
28;2025-12-11;15;695
28;2025-12-11;16;853
28;2025-12-11;17;984
28;2025-12-11;18;995
28;2025-12-11;19;747
28;2025-12-11;20;476
28;2025-12-11;21;310
28;2025-12-11;22;144
28;2025-12-11;23;19
28;2025-12-12;0;0
28;2025-12-12;1;0
28;2025-12-12;2;0
28;2025-12-12;3;0
28;2025-12-12;4;2
28;2025-12-12;5;75
28;2025-12-12;6;250
28;2025-12-12;7;740
28;2025-12-12;8;1125
28;2025-12-12;9;799
28;2025-12-12;10;597
28;2025-12-12;11;525
28;2025-12-12;12;669
28;2025-12-12;13;692
28;2025-12-12;14;656
28;2025-12-12;15;708
28;2025-12-12;16;898
28;2025-12-12;17;949
28;2025-12-12;18;896
28;2025-12-12;19;698
28;2025-12-12;20;442
28;2025-12-12;21;313
28;2025-12-12;22;143
28;2025-12-12;23;23
28;2025-12-13;0;0
28;2025-12-13;1;0
28;2025-12-13;2;0
28;2025-12-13;3;0
28;2025-12-13;4;1
28;2025-12-13;5;30
28;2025-12-13;6;95
28;2025-12-13;7;214
28;2025-12-13;8;343
28;2025-12-13;9;434
28;2025-12-13;10;453
28;2025-12-13;11;431
28;2025-12-13;12;510
28;2025-12-13;13;551
28;2025-12-13;14;518
28;2025-12-13;15;526
28;2025-12-13;16;499
28;2025-12-13;17;486
28;2025-12-13;18;455
28;2025-12-13;19;390
28;2025-12-13;20;309
28;2025-12-13;21;252
28;2025-12-13;22;123
28;2025-12-13;23;18
28;2025-12-14;0;1
28;2025-12-14;1;0
28;2025-12-14;2;0
28;2025-12-14;3;0
28;2025-12-14;4;1
28;2025-12-14;5;25
28;2025-12-14;6;77
28;2025-12-14;7;150
28;2025-12-14;8;230
28;2025-12-14;9;306
28;2025-12-14;10;349
28;2025-12-14;11;364
28;2025-12-14;12;399
28;2025-12-14;13;464
28;2025-12-14;14;450
28;2025-12-14;15;466
28;2025-12-14;16;448
28;2025-12-14;17;436
28;2025-12-14;18;390
28;2025-12-14;19;329
28;2025-12-14;20;288
28;2025-12-14;21;224
28;2025-12-14;22;108
28;2025-12-14;23;16
28;2025-12-15;0;0
28;2025-12-15;1;0
28;2025-12-15;2;0
28;2025-12-15;3;0
28;2025-12-15;4;1
28;2025-12-15;5;73
28;2025-12-15;6;245
28;2025-12-15;7;727
28;2025-12-15;8;1148
28;2025-12-15;9;817
28;2025-12-15;10;583
28;2025-12-15;11;503
28;2025-12-15;12;622
28;2025-12-15;13;673
28;2025-12-15;14;612
28;2025-12-15;15;653
28;2025-12-15;16;842
28;2025-12-15;17;958
28;2025-12-15;18;969
28;2025-12-15;19;751
28;2025-12-15;20;466
28;2025-12-15;21;287
28;2025-12-15;22;123
28;2025-12-15;23;17
28;2025-12-16;0;0
28;2025-12-16;1;0
28;2025-12-16;2;0
28;2025-12-16;3;0
28;2025-12-16;4;1
28;2025-12-16;5;74
28;2025-12-16;6;259
28;2025-12-16;7;749
28;2025-12-16;8;1187
28;2025-12-16;9;820
28;2025-12-16;10;621
28;2025-12-16;11;541
28;2025-12-16;12;659
28;2025-12-16;13;718
28;2025-12-16;14;649
28;2025-12-16;15;685
28;2025-12-16;16;848
28;2025-12-16;17;983
28;2025-12-16;18;991
28;2025-12-16;19;750
28;2025-12-16;20;477
28;2025-12-16;21;303
28;2025-12-16;22;135
28;2025-12-16;23;22
28;2025-12-17;0;0
28;2025-12-17;1;0
28;2025-12-17;2;0
28;2025-12-17;3;0
28;2025-12-17;4;1
28;2025-12-17;5;78
28;2025-12-17;6;259
28;2025-12-17;7;746
28;2025-12-17;8;1177
28;2025-12-17;9;819
28;2025-12-17;10;612
28;2025-12-17;11;541
28;2025-12-17;12;659
28;2025-12-17;13;719
28;2025-12-17;14;646
28;2025-12-17;15;681
28;2025-12-17;16;850
28;2025-12-17;17;985
28;2025-12-17;18;988
28;2025-12-17;19;749
28;2025-12-17;20;475
28;2025-12-17;21;301
28;2025-12-17;22;140
28;2025-12-17;23;19
28;2025-12-18;0;0
28;2025-12-18;1;0
28;2025-12-18;2;0
28;2025-12-18;3;0
28;2025-12-18;4;1
28;2025-12-18;5;76
28;2025-12-18;6;265
28;2025-12-18;7;752
28;2025-12-18;8;1178
28;2025-12-18;9;823
28;2025-12-18;10;623
28;2025-12-18;11;540
28;2025-12-18;12;664
28;2025-12-18;13;714
28;2025-12-18;14;652
28;2025-12-18;15;695
28;2025-12-18;16;853
28;2025-12-18;17;984
28;2025-12-18;18;995
28;2025-12-18;19;747
28;2025-12-18;20;476
28;2025-12-18;21;310
28;2025-12-18;22;144
28;2025-12-18;23;19
28;2025-12-19;0;0
28;2025-12-19;1;0
28;2025-12-19;2;0
28;2025-12-19;3;0
28;2025-12-19;4;2
28;2025-12-19;5;75
28;2025-12-19;6;250
28;2025-12-19;7;740
28;2025-12-19;8;1125
28;2025-12-19;9;799
28;2025-12-19;10;597
28;2025-12-19;11;525
28;2025-12-19;12;669
28;2025-12-19;13;692
28;2025-12-19;14;656
28;2025-12-19;15;708
28;2025-12-19;16;898
28;2025-12-19;17;949
28;2025-12-19;18;896
28;2025-12-19;19;698
28;2025-12-19;20;442
28;2025-12-19;21;313
28;2025-12-19;22;143
28;2025-12-19;23;23
28;2025-12-20;0;0
28;2025-12-20;1;0
28;2025-12-20;2;0
28;2025-12-20;3;0
28;2025-12-20;4;1
28;2025-12-20;5;30
28;2025-12-20;6;95
28;2025-12-20;7;214
28;2025-12-20;8;343
28;2025-12-20;9;434
28;2025-12-20;10;453
28;2025-12-20;11;431
28;2025-12-20;12;510
28;2025-12-20;13;551
28;2025-12-20;14;518
28;2025-12-20;15;526
28;2025-12-20;16;499
28;2025-12-20;17;486
28;2025-12-20;18;455
28;2025-12-20;19;390
28;2025-12-20;20;309
28;2025-12-20;21;252
28;2025-12-20;22;123
28;2025-12-20;23;18
28;2025-12-21;0;1
28;2025-12-21;1;0
28;2025-12-21;2;0
28;2025-12-21;3;0
28;2025-12-21;4;1
28;2025-12-21;5;25
28;2025-12-21;6;77
28;2025-12-21;7;150
28;2025-12-21;8;230
28;2025-12-21;9;306
28;2025-12-21;10;349
28;2025-12-21;11;364
28;2025-12-21;12;399
28;2025-12-21;13;464
28;2025-12-21;14;450
28;2025-12-21;15;466
28;2025-12-21;16;448
28;2025-12-21;17;436
28;2025-12-21;18;390
28;2025-12-21;19;329
28;2025-12-21;20;288
28;2025-12-21;21;224
28;2025-12-21;22;108
28;2025-12-21;23;16
28;2025-12-22;0;0
28;2025-12-22;1;0
28;2025-12-22;2;0
28;2025-12-22;3;0
28;2025-12-22;4;1
28;2025-12-22;5;73
28;2025-12-22;6;245
28;2025-12-22;7;727
28;2025-12-22;8;1148
28;2025-12-22;9;817
28;2025-12-22;10;583
28;2025-12-22;11;503
28;2025-12-22;12;622
28;2025-12-22;13;673
28;2025-12-22;14;612
28;2025-12-22;15;653
28;2025-12-22;16;842
28;2025-12-22;17;958
28;2025-12-22;18;969
28;2025-12-22;19;751
28;2025-12-22;20;466
28;2025-12-22;21;287
28;2025-12-22;22;123
28;2025-12-22;23;17
28;2025-12-23;0;0
28;2025-12-23;1;0
28;2025-12-23;2;0
28;2025-12-23;3;0
28;2025-12-23;4;1
28;2025-12-23;5;74
28;2025-12-23;6;259
28;2025-12-23;7;749
28;2025-12-23;8;1187
28;2025-12-23;9;820
28;2025-12-23;10;621
28;2025-12-23;11;541
28;2025-12-23;12;659
28;2025-12-23;13;718
28;2025-12-23;14;649
28;2025-12-23;15;685
28;2025-12-23;16;848
28;2025-12-23;17;983
28;2025-12-23;18;991
28;2025-12-23;19;750
28;2025-12-23;20;477
28;2025-12-23;21;303
28;2025-12-23;22;135
28;2025-12-23;23;22
28;2025-12-24;0;0
28;2025-12-24;1;0
28;2025-12-24;2;0
28;2025-12-24;3;0
28;2025-12-24;4;1
28;2025-12-24;5;78
28;2025-12-24;6;259
28;2025-12-24;7;746
28;2025-12-24;8;1177
28;2025-12-24;9;819
28;2025-12-24;10;612
28;2025-12-24;11;541
28;2025-12-24;12;659
28;2025-12-24;13;719
28;2025-12-24;14;646
28;2025-12-24;15;681
28;2025-12-24;16;850
28;2025-12-24;17;985
28;2025-12-24;18;988
28;2025-12-24;19;749
28;2025-12-24;20;475
28;2025-12-24;21;301
28;2025-12-24;22;140
28;2025-12-24;23;19
28;2025-12-25;0;0
28;2025-12-25;1;0
28;2025-12-25;2;0
28;2025-12-25;3;0
28;2025-12-25;4;1
28;2025-12-25;5;76
28;2025-12-25;6;265
28;2025-12-25;7;752
28;2025-12-25;8;1178
28;2025-12-25;9;823
28;2025-12-25;10;623
28;2025-12-25;11;540
28;2025-12-25;12;664
28;2025-12-25;13;714
28;2025-12-25;14;652
28;2025-12-25;15;695
28;2025-12-25;16;853
28;2025-12-25;17;984
28;2025-12-25;18;995
28;2025-12-25;19;747
28;2025-12-25;20;476
28;2025-12-25;21;310
28;2025-12-25;22;144
28;2025-12-25;23;19
28;2025-12-26;0;0
28;2025-12-26;1;0
28;2025-12-26;2;0
28;2025-12-26;3;0
28;2025-12-26;4;2
28;2025-12-26;5;75
28;2025-12-26;6;250
28;2025-12-26;7;740
28;2025-12-26;8;1125
28;2025-12-26;9;799
28;2025-12-26;10;597
28;2025-12-26;11;525
28;2025-12-26;12;669
28;2025-12-26;13;692
28;2025-12-26;14;656
28;2025-12-26;15;708
28;2025-12-26;16;898
28;2025-12-26;17;949
28;2025-12-26;18;896
28;2025-12-26;19;698
28;2025-12-26;20;442
28;2025-12-26;21;313
28;2025-12-26;22;143
28;2025-12-26;23;23
28;2025-12-27;0;0
28;2025-12-27;1;0
28;2025-12-27;2;0
28;2025-12-27;3;0
28;2025-12-27;4;1
28;2025-12-27;5;30
28;2025-12-27;6;95
28;2025-12-27;7;214
28;2025-12-27;8;343
28;2025-12-27;9;434
28;2025-12-27;10;453
28;2025-12-27;11;431
28;2025-12-27;12;510
28;2025-12-27;13;551
28;2025-12-27;14;518
28;2025-12-27;15;526
28;2025-12-27;16;499
28;2025-12-27;17;486
28;2025-12-27;18;455
28;2025-12-27;19;390
28;2025-12-27;20;309
28;2025-12-27;21;252
28;2025-12-27;22;123
28;2025-12-27;23;18
28;2025-12-28;0;1
28;2025-12-28;1;0
28;2025-12-28;2;0
28;2025-12-28;3;0
28;2025-12-28;4;1
28;2025-12-28;5;25
28;2025-12-28;6;77
28;2025-12-28;7;150
28;2025-12-28;8;230
28;2025-12-28;9;306
28;2025-12-28;10;349
28;2025-12-28;11;364
28;2025-12-28;12;399
28;2025-12-28;13;464
28;2025-12-28;14;450
28;2025-12-28;15;466
28;2025-12-28;16;448
28;2025-12-28;17;436
28;2025-12-28;18;390
28;2025-12-28;19;329
28;2025-12-28;20;288
28;2025-12-28;21;224
28;2025-12-28;22;108
28;2025-12-28;23;16
28;2025-12-29;0;0
28;2025-12-29;1;0
28;2025-12-29;2;0
28;2025-12-29;3;0
28;2025-12-29;4;1
28;2025-12-29;5;73
28;2025-12-29;6;245
28;2025-12-29;7;727
28;2025-12-29;8;1148
28;2025-12-29;9;817
28;2025-12-29;10;583
28;2025-12-29;11;503
28;2025-12-29;12;622
28;2025-12-29;13;673
28;2025-12-29;14;612
28;2025-12-29;15;653
28;2025-12-29;16;842
28;2025-12-29;17;958
28;2025-12-29;18;969
28;2025-12-29;19;751
28;2025-12-29;20;466
28;2025-12-29;21;287
28;2025-12-29;22;123
28;2025-12-29;23;17
28;2025-12-30;0;0
28;2025-12-30;1;0
28;2025-12-30;2;0
28;2025-12-30;3;0
28;2025-12-30;4;1
28;2025-12-30;5;74
28;2025-12-30;6;259
28;2025-12-30;7;749
28;2025-12-30;8;1187
28;2025-12-30;9;820
28;2025-12-30;10;621
28;2025-12-30;11;541
28;2025-12-30;12;659
28;2025-12-30;13;718
28;2025-12-30;14;649
28;2025-12-30;15;685
28;2025-12-30;16;848
28;2025-12-30;17;983
28;2025-12-30;18;991
28;2025-12-30;19;750
28;2025-12-30;20;477
28;2025-12-30;21;303
28;2025-12-30;22;135
28;2025-12-30;23;22
28;2025-12-31;0;4
28;2025-12-31;1;1
28;2025-12-31;2;0
28;2025-12-31;3;0
28;2025-12-31;4;2
28;2025-12-31;5;88
28;2025-12-31;6;202
28;2025-12-31;7;399
28;2025-12-31;8;477
28;2025-12-31;9;400
28;2025-12-31;10;398
28;2025-12-31;11;405
28;2025-12-31;12;413
28;2025-12-31;13;492
28;2025-12-31;14;442
28;2025-12-31;15;460
28;2025-12-31;16;448
28;2025-12-31;17;472
28;2025-12-31;18;443
28;2025-12-31;19;356
28;2025-12-31;20;444
28;2025-12-31;21;251
28;2025-12-31;22;119
28;2025-12-31;23;31
50;2025-11-01;0;69
50;2025-11-01;1;14
50;2025-11-01;2;27
50;2025-11-01;3;27
50;2025-11-01;4;55
50;2025-11-01;5;20
50;2025-11-01;6;180
50;2025-11-01;7;506
50;2025-11-01;8;1993
50;2025-11-01;9;1686
50;2025-11-01;10;1354
50;2025-11-01;11;1539
50;2025-11-01;12;1522
50;2025-11-01;13;1604
50;2025-11-01;14;1468
50;2025-11-01;15;1753
50;2025-11-01;16;1824
50;2025-11-01;17;2153
50;2025-11-01;18;2037
50;2025-11-01;19;1124
50;2025-11-01;20;664
50;2025-11-01;21;421
50;2025-11-01;22;219
50;2025-11-01;23;156
50;2025-11-02;0;42
50;2025-11-02;1;14
50;2025-11-02;2;27
50;2025-11-02;3;27
50;2025-11-02;4;55
50;2025-11-02;5;16
50;2025-11-02;6;101
50;2025-11-02;7;186
50;2025-11-02;8;281
50;2025-11-02;9;407
50;2025-11-02;10;444
50;2025-11-02;11;605
50;2025-11-02;12;621
50;2025-11-02;13;683
50;2025-11-02;14;671
50;2025-11-02;15;594
50;2025-11-02;16;583
50;2025-11-02;17;643
50;2025-11-02;18;568
50;2025-11-02;19;507
50;2025-11-02;20;376
50;2025-11-02;21;302
50;2025-11-02;22;183
50;2025-11-02;23;112
50;2025-11-03;0;38
50;2025-11-03;1;14
50;2025-11-03;2;27
50;2025-11-03;3;27
50;2025-11-03;4;55
50;2025-11-03;5;48
50;2025-11-03;6;235
50;2025-11-03;7;474
50;2025-11-03;8;430
50;2025-11-03;9;574
50;2025-11-03;10;552
50;2025-11-03;11;683
50;2025-11-03;12;678
50;2025-11-03;13;750
50;2025-11-03;14;725
50;2025-11-03;15;690
50;2025-11-03;16;674
50;2025-11-03;17;775
50;2025-11-03;18;781
50;2025-11-03;19;628
50;2025-11-03;20;428
50;2025-11-03;21;364
50;2025-11-03;22;228
50;2025-11-03;23;123
50;2025-11-04;0;37
50;2025-11-04;1;14
50;2025-11-04;2;27
50;2025-11-04;3;27
50;2025-11-04;4;55
50;2025-11-04;5;33
50;2025-11-04;6;199
50;2025-11-04;7;381
50;2025-11-04;8;342
50;2025-11-04;9;462
50;2025-11-04;10;495
50;2025-11-04;11;582
50;2025-11-04;12;610
50;2025-11-04;13;659
50;2025-11-04;14;653
50;2025-11-04;15;650
50;2025-11-04;16;578
50;2025-11-04;17;667
50;2025-11-04;18;695
50;2025-11-04;19;572
50;2025-11-04;20;432
50;2025-11-04;21;339
50;2025-11-04;22;225
50;2025-11-04;23;121
50;2025-11-05;0;31
50;2025-11-05;1;14
50;2025-11-05;2;27
50;2025-11-05;3;27
50;2025-11-05;4;55
50;2025-11-05;5;68
50;2025-11-05;6;539
50;2025-11-05;7;1737
50;2025-11-05;8;2790
50;2025-11-05;9;2162
50;2025-11-05;10;1684
50;2025-11-05;11;1550
50;2025-11-05;12;1469
50;2025-11-05;13;1484
50;2025-11-05;14;1414
50;2025-11-05;15;1684
50;2025-11-05;16;1743
50;2025-11-05;17;2363
50;2025-11-05;18;2439
50;2025-11-05;19;1429
50;2025-11-05;20;924
50;2025-11-05;21;627
50;2025-11-05;22;276
50;2025-11-05;23;149
50;2025-11-06;0;39
50;2025-11-06;1;14
50;2025-11-06;2;27
50;2025-11-06;3;27
50;2025-11-06;4;55
50;2025-11-06;5;66
50;2025-11-06;6;542
50;2025-11-06;7;1740
50;2025-11-06;8;2786
50;2025-11-06;9;2163
50;2025-11-06;10;1679
50;2025-11-06;11;1545
50;2025-11-06;12;1473
50;2025-11-06;13;1482
50;2025-11-06;14;1412
50;2025-11-06;15;1689
50;2025-11-06;16;1765
50;2025-11-06;17;2352
50;2025-11-06;18;2439
50;2025-11-06;19;1425
50;2025-11-06;20;929
50;2025-11-06;21;638
50;2025-11-06;22;278
50;2025-11-06;23;153
50;2025-11-07;0;39
50;2025-11-07;1;14
50;2025-11-07;2;27
50;2025-11-07;3;27
50;2025-11-07;4;55
50;2025-11-07;5;66
50;2025-11-07;6;528
50;2025-11-07;7;1687
50;2025-11-07;8;2736
50;2025-11-07;9;2123
50;2025-11-07;10;1603
50;2025-11-07;11;1564
50;2025-11-07;12;1486
50;2025-11-07;13;1504
50;2025-11-07;14;1428
50;2025-11-07;15;1720
50;2025-11-07;16;1835
50;2025-11-07;17;2277
50;2025-11-07;18;1994
50;2025-11-07;19;1314
50;2025-11-07;20;860
50;2025-11-07;21;601
50;2025-11-07;22;283
50;2025-11-07;23;171
50;2025-11-08;0;55
50;2025-11-08;1;14
50;2025-11-08;2;27
50;2025-11-08;3;27
50;2025-11-08;4;55
50;2025-11-08;5;23
50;2025-11-08;6;156
50;2025-11-08;7;390
50;2025-11-08;8;541
50;2025-11-08;9;608
50;2025-11-08;10;642
50;2025-11-08;11;751
50;2025-11-08;12;752
50;2025-11-08;13;832
50;2025-11-08;14;789
50;2025-11-08;15;856
50;2025-11-08;16;793
50;2025-11-08;17;806
50;2025-11-08;18;748
50;2025-11-08;19;634
50;2025-11-08;20;484
50;2025-11-08;21;419
50;2025-11-08;22;222
50;2025-11-08;23;134
50;2025-11-09;0;48
50;2025-11-09;1;14
50;2025-11-09;2;27
50;2025-11-09;3;27
50;2025-11-09;4;55
50;2025-11-09;5;16
50;2025-11-09;6;116
50;2025-11-09;7;243
50;2025-11-09;8;347
50;2025-11-09;9;441
50;2025-11-09;10;483
50;2025-11-09;11;628
50;2025-11-09;12;639
50;2025-11-09;13;707
50;2025-11-09;14;685
50;2025-11-09;15;713
50;2025-11-09;16;641
50;2025-11-09;17;688
50;2025-11-09;18;602
50;2025-11-09;19;519
50;2025-11-09;20;402
50;2025-11-09;21;350
50;2025-11-09;22;178
50;2025-11-09;23;112
50;2025-11-10;0;31
50;2025-11-10;1;14
50;2025-11-10;2;27
50;2025-11-10;3;27
50;2025-11-10;4;55
50;2025-11-10;5;65
50;2025-11-10;6;527
50;2025-11-10;7;1693
50;2025-11-10;8;2781
50;2025-11-10;9;2120
50;2025-11-10;10;1605
50;2025-11-10;11;1516
50;2025-11-10;12;1423
50;2025-11-10;13;1454
50;2025-11-10;14;1385
50;2025-11-10;15;1639
50;2025-11-10;16;1713
50;2025-11-10;17;2325
50;2025-11-10;18;2397
50;2025-11-10;19;1395
50;2025-11-10;20;896
50;2025-11-10;21;598
50;2025-11-10;22;255
50;2025-11-10;23;126
50;2025-11-11;0;32
50;2025-11-11;1;14
50;2025-11-11;2;27
50;2025-11-11;3;27
50;2025-11-11;4;55
50;2025-11-11;5;67
50;2025-11-11;6;544
50;2025-11-11;7;1754
50;2025-11-11;8;2796
50;2025-11-11;9;2165
50;2025-11-11;10;1684
50;2025-11-11;11;1549
50;2025-11-11;12;1468
50;2025-11-11;13;1480
50;2025-11-11;14;1410
50;2025-11-11;15;1683
50;2025-11-11;16;1754
50;2025-11-11;17;2362
50;2025-11-11;18;2454
50;2025-11-11;19;1434
50;2025-11-11;20;931
50;2025-11-11;21;625
50;2025-11-11;22;268
50;2025-11-11;23;138
50;2025-11-12;0;31
50;2025-11-12;1;14
50;2025-11-12;2;27
50;2025-11-12;3;27
50;2025-11-12;4;55
50;2025-11-12;5;68
50;2025-11-12;6;539
50;2025-11-12;7;1737
50;2025-11-12;8;2790
50;2025-11-12;9;2162
50;2025-11-12;10;1684
50;2025-11-12;11;1550
50;2025-11-12;12;1469
50;2025-11-12;13;1484
50;2025-11-12;14;1414
50;2025-11-12;15;1684
50;2025-11-12;16;1743
50;2025-11-12;17;2363
50;2025-11-12;18;2439
50;2025-11-12;19;1429
50;2025-11-12;20;924
50;2025-11-12;21;627
50;2025-11-12;22;276
50;2025-11-12;23;149
50;2025-11-13;0;39
50;2025-11-13;1;14
50;2025-11-13;2;27
50;2025-11-13;3;27
50;2025-11-13;4;55
50;2025-11-13;5;66
50;2025-11-13;6;542
50;2025-11-13;7;1740
50;2025-11-13;8;2786
50;2025-11-13;9;2163
50;2025-11-13;10;1679
50;2025-11-13;11;1545
50;2025-11-13;12;1473
50;2025-11-13;13;1482
50;2025-11-13;14;1412
50;2025-11-13;15;1689
50;2025-11-13;16;1765
50;2025-11-13;17;2352
50;2025-11-13;18;2439
50;2025-11-13;19;1425
50;2025-11-13;20;929
50;2025-11-13;21;638
50;2025-11-13;22;278
50;2025-11-13;23;153
50;2025-11-14;0;39
50;2025-11-14;1;14
50;2025-11-14;2;27
50;2025-11-14;3;27
50;2025-11-14;4;55
50;2025-11-14;5;66
50;2025-11-14;6;528
50;2025-11-14;7;1687
50;2025-11-14;8;2736
50;2025-11-14;9;2123
50;2025-11-14;10;1603
50;2025-11-14;11;1564
50;2025-11-14;12;1486
50;2025-11-14;13;1504
50;2025-11-14;14;1428
50;2025-11-14;15;1720
50;2025-11-14;16;1835
50;2025-11-14;17;2277
50;2025-11-14;18;1994
50;2025-11-14;19;1314
50;2025-11-14;20;860
50;2025-11-14;21;601
50;2025-11-14;22;283
50;2025-11-14;23;171
50;2025-11-15;0;55
50;2025-11-15;1;14
50;2025-11-15;2;27
50;2025-11-15;3;27
50;2025-11-15;4;55
50;2025-11-15;5;23
50;2025-11-15;6;156
50;2025-11-15;7;390
50;2025-11-15;8;541
50;2025-11-15;9;608
50;2025-11-15;10;642
50;2025-11-15;11;751
50;2025-11-15;12;752
50;2025-11-15;13;832
50;2025-11-15;14;789
50;2025-11-15;15;856
50;2025-11-15;16;793
50;2025-11-15;17;806
50;2025-11-15;18;748
50;2025-11-15;19;634
50;2025-11-15;20;484
50;2025-11-15;21;419
50;2025-11-15;22;222
50;2025-11-15;23;134
50;2025-11-16;0;48
50;2025-11-16;1;14
50;2025-11-16;2;27
50;2025-11-16;3;27
50;2025-11-16;4;55
50;2025-11-16;5;16
50;2025-11-16;6;116
50;2025-11-16;7;243
50;2025-11-16;8;347
50;2025-11-16;9;441
50;2025-11-16;10;483
50;2025-11-16;11;628
50;2025-11-16;12;639
50;2025-11-16;13;707
50;2025-11-16;14;685
50;2025-11-16;15;713
50;2025-11-16;16;641
50;2025-11-16;17;688
50;2025-11-16;18;602
50;2025-11-16;19;519
50;2025-11-16;20;402
50;2025-11-16;21;350
50;2025-11-16;22;178
50;2025-11-16;23;112
50;2025-11-17;0;31
50;2025-11-17;1;14
50;2025-11-17;2;27
50;2025-11-17;3;27
50;2025-11-17;4;55
50;2025-11-17;5;65
50;2025-11-17;6;527
50;2025-11-17;7;1693
50;2025-11-17;8;2781
50;2025-11-17;9;2120
50;2025-11-17;10;1605
50;2025-11-17;11;1516
50;2025-11-17;12;1423
50;2025-11-17;13;1454
50;2025-11-17;14;1385
50;2025-11-17;15;1639
50;2025-11-17;16;1713
50;2025-11-17;17;2325
50;2025-11-17;18;2397
50;2025-11-17;19;1395
50;2025-11-17;20;896
50;2025-11-17;21;598
50;2025-11-17;22;255
50;2025-11-17;23;126
50;2025-11-18;0;32
50;2025-11-18;1;14
50;2025-11-18;2;27
50;2025-11-18;3;27
50;2025-11-18;4;55
50;2025-11-18;5;67
50;2025-11-18;6;544
50;2025-11-18;7;1754
50;2025-11-18;8;2796
50;2025-11-18;9;2165
50;2025-11-18;10;1684
50;2025-11-18;11;1549
50;2025-11-18;12;1468
50;2025-11-18;13;1480
50;2025-11-18;14;1410
50;2025-11-18;15;1683
50;2025-11-18;16;1754
50;2025-11-18;17;2362
50;2025-11-18;18;2454
50;2025-11-18;19;1434
50;2025-11-18;20;931
50;2025-11-18;21;625
50;2025-11-18;22;268
50;2025-11-18;23;138
50;2025-11-19;0;31
50;2025-11-19;1;14
50;2025-11-19;2;27
50;2025-11-19;3;27
50;2025-11-19;4;55
50;2025-11-19;5;68
50;2025-11-19;6;539
50;2025-11-19;7;1737
50;2025-11-19;8;2790
50;2025-11-19;9;2162
50;2025-11-19;10;1684
50;2025-11-19;11;1550
50;2025-11-19;12;1469
50;2025-11-19;13;1484
50;2025-11-19;14;1414
50;2025-11-19;15;1684
50;2025-11-19;16;1743
50;2025-11-19;17;2363
50;2025-11-19;18;2439
50;2025-11-19;19;1429
50;2025-11-19;20;924
50;2025-11-19;21;627
50;2025-11-19;22;276
50;2025-11-19;23;149
50;2025-11-20;0;39
50;2025-11-20;1;14
50;2025-11-20;2;27
50;2025-11-20;3;27
50;2025-11-20;4;55
50;2025-11-20;5;66
50;2025-11-20;6;542
50;2025-11-20;7;1740
50;2025-11-20;8;2786
50;2025-11-20;9;2163
50;2025-11-20;10;1679
50;2025-11-20;11;1545
50;2025-11-20;12;1473
50;2025-11-20;13;1482
50;2025-11-20;14;1412
50;2025-11-20;15;1689
50;2025-11-20;16;1765
50;2025-11-20;17;2352
50;2025-11-20;18;2439
50;2025-11-20;19;1425
50;2025-11-20;20;929
50;2025-11-20;21;638
50;2025-11-20;22;278
50;2025-11-20;23;153
50;2025-11-21;0;39
50;2025-11-21;1;14
50;2025-11-21;2;27
50;2025-11-21;3;27
50;2025-11-21;4;55
50;2025-11-21;5;66
50;2025-11-21;6;528
50;2025-11-21;7;1687
50;2025-11-21;8;2736
50;2025-11-21;9;2123
50;2025-11-21;10;1603
50;2025-11-21;11;1564
50;2025-11-21;12;1486
50;2025-11-21;13;1504
50;2025-11-21;14;1428
50;2025-11-21;15;1720
50;2025-11-21;16;1835
50;2025-11-21;17;2277
50;2025-11-21;18;1994
50;2025-11-21;19;1314
50;2025-11-21;20;860
50;2025-11-21;21;601
50;2025-11-21;22;283
50;2025-11-21;23;171
50;2025-11-22;0;55
50;2025-11-22;1;14
50;2025-11-22;2;27
50;2025-11-22;3;27
50;2025-11-22;4;55
50;2025-11-22;5;23
50;2025-11-22;6;156
50;2025-11-22;7;390
50;2025-11-22;8;541
50;2025-11-22;9;608
50;2025-11-22;10;642
50;2025-11-22;11;751
50;2025-11-22;12;752
50;2025-11-22;13;832
50;2025-11-22;14;789
50;2025-11-22;15;856
50;2025-11-22;16;793
50;2025-11-22;17;806
50;2025-11-22;18;748
50;2025-11-22;19;634
50;2025-11-22;20;484
50;2025-11-22;21;419
50;2025-11-22;22;222
50;2025-11-22;23;134
50;2025-11-23;0;48
50;2025-11-23;1;14
50;2025-11-23;2;27
50;2025-11-23;3;27
50;2025-11-23;4;55
50;2025-11-23;5;16
50;2025-11-23;6;116
50;2025-11-23;7;243
50;2025-11-23;8;347
50;2025-11-23;9;441
50;2025-11-23;10;483
50;2025-11-23;11;628
50;2025-11-23;12;639
50;2025-11-23;13;707
50;2025-11-23;14;685
50;2025-11-23;15;713
50;2025-11-23;16;641
50;2025-11-23;17;688
50;2025-11-23;18;602
50;2025-11-23;19;519
50;2025-11-23;20;402
50;2025-11-23;21;350
50;2025-11-23;22;178
50;2025-11-23;23;112
50;2025-11-24;0;31
50;2025-11-24;1;14
50;2025-11-24;2;27
50;2025-11-24;3;27
50;2025-11-24;4;55
50;2025-11-24;5;65
50;2025-11-24;6;527
50;2025-11-24;7;1693
50;2025-11-24;8;2781
50;2025-11-24;9;2120
50;2025-11-24;10;1605
50;2025-11-24;11;1516
50;2025-11-24;12;1423
50;2025-11-24;13;1454
50;2025-11-24;14;1385
50;2025-11-24;15;1639
50;2025-11-24;16;1713
50;2025-11-24;17;2325
50;2025-11-24;18;2397
50;2025-11-24;19;1395
50;2025-11-24;20;896
50;2025-11-24;21;598
50;2025-11-24;22;255
50;2025-11-24;23;126
50;2025-11-25;0;32
50;2025-11-25;1;14
50;2025-11-25;2;27
50;2025-11-25;3;27
50;2025-11-25;4;55
50;2025-11-25;5;67
50;2025-11-25;6;544
50;2025-11-25;7;1754
50;2025-11-25;8;2796
50;2025-11-25;9;2165
50;2025-11-25;10;1684
50;2025-11-25;11;1549
50;2025-11-25;12;1468
50;2025-11-25;13;1480
50;2025-11-25;14;1410
50;2025-11-25;15;1683
50;2025-11-25;16;1754
50;2025-11-25;17;2362
50;2025-11-25;18;2454
50;2025-11-25;19;1434
50;2025-11-25;20;931
50;2025-11-25;21;625
50;2025-11-25;22;268
50;2025-11-25;23;138
50;2025-11-26;0;31
50;2025-11-26;1;14
50;2025-11-26;2;27
50;2025-11-26;3;27
50;2025-11-26;4;55
50;2025-11-26;5;68
50;2025-11-26;6;539
50;2025-11-26;7;1737
50;2025-11-26;8;2790
50;2025-11-26;9;2162
50;2025-11-26;10;1684
50;2025-11-26;11;1550
50;2025-11-26;12;1469
50;2025-11-26;13;1484
50;2025-11-26;14;1414
50;2025-11-26;15;1684
50;2025-11-26;16;1743
50;2025-11-26;17;2363
50;2025-11-26;18;2439
50;2025-11-26;19;1429
50;2025-11-26;20;924
50;2025-11-26;21;627
50;2025-11-26;22;276
50;2025-11-26;23;149
50;2025-11-27;0;39
50;2025-11-27;1;14
50;2025-11-27;2;27
50;2025-11-27;3;27
50;2025-11-27;4;55
50;2025-11-27;5;66
50;2025-11-27;6;542
50;2025-11-27;7;1740
50;2025-11-27;8;2786
50;2025-11-27;9;2163
50;2025-11-27;10;1679
50;2025-11-27;11;1545
50;2025-11-27;12;1473
50;2025-11-27;13;1482
50;2025-11-27;14;1412
50;2025-11-27;15;1689
50;2025-11-27;16;1765
50;2025-11-27;17;2352
50;2025-11-27;18;2439
50;2025-11-27;19;1425
50;2025-11-27;20;929
50;2025-11-27;21;638
50;2025-11-27;22;278
50;2025-11-27;23;153
50;2025-11-28;0;39
50;2025-11-28;1;14
50;2025-11-28;2;27
50;2025-11-28;3;27
50;2025-11-28;4;55
50;2025-11-28;5;66
50;2025-11-28;6;528
50;2025-11-28;7;1687
50;2025-11-28;8;2736
50;2025-11-28;9;2123
50;2025-11-28;10;1603
50;2025-11-28;11;1564
50;2025-11-28;12;1486
50;2025-11-28;13;1504
50;2025-11-28;14;1428
50;2025-11-28;15;1720
50;2025-11-28;16;1835
50;2025-11-28;17;2277
50;2025-11-28;18;1994
50;2025-11-28;19;1314
50;2025-11-28;20;860
50;2025-11-28;21;601
50;2025-11-28;22;283
50;2025-11-28;23;171
50;2025-11-29;0;55
50;2025-11-29;1;14
50;2025-11-29;2;27
50;2025-11-29;3;27
50;2025-11-29;4;55
50;2025-11-29;5;23
50;2025-11-29;6;156
50;2025-11-29;7;390
50;2025-11-29;8;541
50;2025-11-29;9;608
50;2025-11-29;10;642
50;2025-11-29;11;751
50;2025-11-29;12;752
50;2025-11-29;13;832
50;2025-11-29;14;789
50;2025-11-29;15;856
50;2025-11-29;16;793
50;2025-11-29;17;806
50;2025-11-29;18;748
50;2025-11-29;19;634
50;2025-11-29;20;484
50;2025-11-29;21;419
50;2025-11-29;22;222
50;2025-11-29;23;134
50;2025-11-30;0;48
50;2025-11-30;1;14
50;2025-11-30;2;27
50;2025-11-30;3;27
50;2025-11-30;4;55
50;2025-11-30;5;16
50;2025-11-30;6;116
50;2025-11-30;7;243
50;2025-11-30;8;347
50;2025-11-30;9;441
50;2025-11-30;10;483
50;2025-11-30;11;628
50;2025-11-30;12;639
50;2025-11-30;13;707
50;2025-11-30;14;685
50;2025-11-30;15;713
50;2025-11-30;16;641
50;2025-11-30;17;688
50;2025-11-30;18;602
50;2025-11-30;19;519
50;2025-11-30;20;402
50;2025-11-30;21;350
50;2025-11-30;22;178
50;2025-11-30;23;112
50;2025-12-01;0;36
50;2025-12-01;1;14
50;2025-12-01;2;27
50;2025-12-01;3;27
50;2025-12-01;4;55
50;2025-12-01;5;69
50;2025-12-01;6;544
50;2025-12-01;7;1702
50;2025-12-01;8;2787
50;2025-12-01;9;2103
50;2025-12-01;10;1589
50;2025-12-01;11;1535
50;2025-12-01;12;1451
50;2025-12-01;13;1447
50;2025-12-01;14;1378
50;2025-12-01;15;1628
50;2025-12-01;16;1712
50;2025-12-01;17;2315
50;2025-12-01;18;2402
50;2025-12-01;19;1407
50;2025-12-01;20;878
50;2025-12-01;21;570
50;2025-12-01;22;272
50;2025-12-01;23;125
50;2025-12-02;0;36
50;2025-12-02;1;14
50;2025-12-02;2;27
50;2025-12-02;3;27
50;2025-12-02;4;55
50;2025-12-02;5;70
50;2025-12-02;6;561
50;2025-12-02;7;1757
50;2025-12-02;8;2802
50;2025-12-02;9;2148
50;2025-12-02;10;1668
50;2025-12-02;11;1564
50;2025-12-02;12;1492
50;2025-12-02;13;1471
50;2025-12-02;14;1400
50;2025-12-02;15;1670
50;2025-12-02;16;1756
50;2025-12-02;17;2353
50;2025-12-02;18;2459
50;2025-12-02;19;1446
50;2025-12-02;20;901
50;2025-12-02;21;595
50;2025-12-02;22;285
50;2025-12-02;23;134
50;2025-12-03;0;35
50;2025-12-03;1;14
50;2025-12-03;2;27
50;2025-12-03;3;27
50;2025-12-03;4;55
50;2025-12-03;5;70
50;2025-12-03;6;556
50;2025-12-03;7;1741
50;2025-12-03;8;2796
50;2025-12-03;9;2145
50;2025-12-03;10;1668
50;2025-12-03;11;1565
50;2025-12-03;12;1494
50;2025-12-03;13;1475
50;2025-12-03;14;1404
50;2025-12-03;15;1671
50;2025-12-03;16;1745
50;2025-12-03;17;2353
50;2025-12-03;18;2445
50;2025-12-03;19;1441
50;2025-12-03;20;894
50;2025-12-03;21;593
50;2025-12-03;22;294
50;2025-12-03;23;146
50;2025-12-04;0;42
50;2025-12-04;1;14
50;2025-12-04;2;27
50;2025-12-04;3;27
50;2025-12-04;4;55
50;2025-12-04;5;73
50;2025-12-04;6;559
50;2025-12-04;7;1744
50;2025-12-04;8;2793
50;2025-12-04;9;2146
50;2025-12-04;10;1663
50;2025-12-04;11;1561
50;2025-12-04;12;1498
50;2025-12-04;13;1473
50;2025-12-04;14;1403
50;2025-12-04;15;1676
50;2025-12-04;16;1767
50;2025-12-04;17;2343
50;2025-12-04;18;2445
50;2025-12-04;19;1436
50;2025-12-04;20;898
50;2025-12-04;21;601
50;2025-12-04;22;297
50;2025-12-04;23;154
50;2025-12-05;0;43
50;2025-12-05;1;14
50;2025-12-05;2;27
50;2025-12-05;3;27
50;2025-12-05;4;55
50;2025-12-05;5;68
50;2025-12-05;6;545
50;2025-12-05;7;1696
50;2025-12-05;8;2742
50;2025-12-05;9;2105
50;2025-12-05;10;1589
50;2025-12-05;11;1582
50;2025-12-05;12;1513
50;2025-12-05;13;1497
50;2025-12-05;14;1421
50;2025-12-05;15;1710
50;2025-12-05;16;1833
50;2025-12-05;17;2267
50;2025-12-05;18;2005
50;2025-12-05;19;1333
50;2025-12-05;20;847
50;2025-12-05;21;573
50;2025-12-05;22;300
50;2025-12-05;23;170
50;2025-12-06;0;58
50;2025-12-06;1;14
50;2025-12-06;2;27
50;2025-12-06;3;27
50;2025-12-06;4;55
50;2025-12-06;5;26
50;2025-12-06;6;166
50;2025-12-06;7;390
50;2025-12-06;8;546
50;2025-12-06;9;597
50;2025-12-06;10;637
50;2025-12-06;11;743
50;2025-12-06;12;768
50;2025-12-06;13;816
50;2025-12-06;14;771
50;2025-12-06;15;828
50;2025-12-06;16;794
50;2025-12-06;17;803
50;2025-12-06;18;743
50;2025-12-06;19;630
50;2025-12-06;20;469
50;2025-12-06;21;380
50;2025-12-06;22;239
50;2025-12-06;23;132
50;2025-12-07;0;52
50;2025-12-07;1;14
50;2025-12-07;2;27
50;2025-12-07;3;27
50;2025-12-07;4;55
50;2025-12-07;5;20
50;2025-12-07;6;127
50;2025-12-07;7;251
50;2025-12-07;8;346
50;2025-12-07;9;441
50;2025-12-07;10;493
50;2025-12-07;11;630
50;2025-12-07;12;666
50;2025-12-07;13;710
50;2025-12-07;14;689
50;2025-12-07;15;702
50;2025-12-07;16;643
50;2025-12-07;17;697
50;2025-12-07;18;609
50;2025-12-07;19;524
50;2025-12-07;20;404
50;2025-12-07;21;323
50;2025-12-07;22;209
50;2025-12-07;23;107
50;2025-12-08;0;36
50;2025-12-08;1;14
50;2025-12-08;2;27
50;2025-12-08;3;27
50;2025-12-08;4;55
50;2025-12-08;5;69
50;2025-12-08;6;544
50;2025-12-08;7;1702
50;2025-12-08;8;2787
50;2025-12-08;9;2103
50;2025-12-08;10;1589
50;2025-12-08;11;1535
50;2025-12-08;12;1451
50;2025-12-08;13;1447
50;2025-12-08;14;1378
50;2025-12-08;15;1628
50;2025-12-08;16;1712
50;2025-12-08;17;2315
50;2025-12-08;18;2402
50;2025-12-08;19;1407
50;2025-12-08;20;878
50;2025-12-08;21;570
50;2025-12-08;22;272
50;2025-12-08;23;125
50;2025-12-09;0;36
50;2025-12-09;1;14
50;2025-12-09;2;27
50;2025-12-09;3;27
50;2025-12-09;4;55
50;2025-12-09;5;70
50;2025-12-09;6;561
50;2025-12-09;7;1757
50;2025-12-09;8;2802
50;2025-12-09;9;2148
50;2025-12-09;10;1668
50;2025-12-09;11;1564
50;2025-12-09;12;1492
50;2025-12-09;13;1471
50;2025-12-09;14;1400
50;2025-12-09;15;1670
50;2025-12-09;16;1756
50;2025-12-09;17;2353
50;2025-12-09;18;2459
50;2025-12-09;19;1446
50;2025-12-09;20;901
50;2025-12-09;21;595
50;2025-12-09;22;285
50;2025-12-09;23;134
50;2025-12-10;0;35
50;2025-12-10;1;14
50;2025-12-10;2;27
50;2025-12-10;3;27
50;2025-12-10;4;55
50;2025-12-10;5;70
50;2025-12-10;6;556
50;2025-12-10;7;1741
50;2025-12-10;8;2796
50;2025-12-10;9;2145
50;2025-12-10;10;1668
50;2025-12-10;11;1565
50;2025-12-10;12;1494
50;2025-12-10;13;1475
50;2025-12-10;14;1404
50;2025-12-10;15;1671
50;2025-12-10;16;1745
50;2025-12-10;17;2353
50;2025-12-10;18;2445
50;2025-12-10;19;1441
50;2025-12-10;20;894
50;2025-12-10;21;593
50;2025-12-10;22;294
50;2025-12-10;23;146
50;2025-12-11;0;42
50;2025-12-11;1;14
50;2025-12-11;2;27
50;2025-12-11;3;27
50;2025-12-11;4;55
50;2025-12-11;5;73
50;2025-12-11;6;559
50;2025-12-11;7;1744
50;2025-12-11;8;2793
50;2025-12-11;9;2146
50;2025-12-11;10;1663
50;2025-12-11;11;1561
50;2025-12-11;12;1498
50;2025-12-11;13;1473
50;2025-12-11;14;1403
50;2025-12-11;15;1676
50;2025-12-11;16;1767
50;2025-12-11;17;2343
50;2025-12-11;18;2445
50;2025-12-11;19;1436
50;2025-12-11;20;898
50;2025-12-11;21;601
50;2025-12-11;22;297
50;2025-12-11;23;154
50;2025-12-12;0;43
50;2025-12-12;1;14
50;2025-12-12;2;27
50;2025-12-12;3;27
50;2025-12-12;4;55
50;2025-12-12;5;68
50;2025-12-12;6;545
50;2025-12-12;7;1696
50;2025-12-12;8;2742
50;2025-12-12;9;2105
50;2025-12-12;10;1589
50;2025-12-12;11;1582
50;2025-12-12;12;1513
50;2025-12-12;13;1497
50;2025-12-12;14;1421
50;2025-12-12;15;1710
50;2025-12-12;16;1833
50;2025-12-12;17;2267
50;2025-12-12;18;2005
50;2025-12-12;19;1333
50;2025-12-12;20;847
50;2025-12-12;21;573
50;2025-12-12;22;300
50;2025-12-12;23;170
50;2025-12-13;0;58
50;2025-12-13;1;14
50;2025-12-13;2;27
50;2025-12-13;3;27
50;2025-12-13;4;55
50;2025-12-13;5;26
50;2025-12-13;6;166
50;2025-12-13;7;390
50;2025-12-13;8;546
50;2025-12-13;9;597
50;2025-12-13;10;637
50;2025-12-13;11;743
50;2025-12-13;12;768
50;2025-12-13;13;816
50;2025-12-13;14;771
50;2025-12-13;15;828
50;2025-12-13;16;794
50;2025-12-13;17;803
50;2025-12-13;18;743
50;2025-12-13;19;630
50;2025-12-13;20;469
50;2025-12-13;21;380
50;2025-12-13;22;239
50;2025-12-13;23;132
50;2025-12-14;0;52
50;2025-12-14;1;14
50;2025-12-14;2;27
50;2025-12-14;3;27
50;2025-12-14;4;55
50;2025-12-14;5;20
50;2025-12-14;6;127
50;2025-12-14;7;251
50;2025-12-14;8;346
50;2025-12-14;9;441
50;2025-12-14;10;493
50;2025-12-14;11;630
50;2025-12-14;12;666
50;2025-12-14;13;710
50;2025-12-14;14;689
50;2025-12-14;15;702
50;2025-12-14;16;643
50;2025-12-14;17;697
50;2025-12-14;18;609
50;2025-12-14;19;524
50;2025-12-14;20;404
50;2025-12-14;21;323
50;2025-12-14;22;209
50;2025-12-14;23;107
50;2025-12-15;0;36
50;2025-12-15;1;14
50;2025-12-15;2;27
50;2025-12-15;3;27
50;2025-12-15;4;55
50;2025-12-15;5;69
50;2025-12-15;6;544
50;2025-12-15;7;1702
50;2025-12-15;8;2787
50;2025-12-15;9;2103
50;2025-12-15;10;1589
50;2025-12-15;11;1535
50;2025-12-15;12;1451
50;2025-12-15;13;1447
50;2025-12-15;14;1378
50;2025-12-15;15;1628
50;2025-12-15;16;1712
50;2025-12-15;17;2315
50;2025-12-15;18;2402
50;2025-12-15;19;1407
50;2025-12-15;20;878
50;2025-12-15;21;570
50;2025-12-15;22;272
50;2025-12-15;23;125
50;2025-12-16;0;36
50;2025-12-16;1;14
50;2025-12-16;2;27
50;2025-12-16;3;27
50;2025-12-16;4;55
50;2025-12-16;5;70
50;2025-12-16;6;561
50;2025-12-16;7;1757
50;2025-12-16;8;2802
50;2025-12-16;9;2148
50;2025-12-16;10;1668
50;2025-12-16;11;1564
50;2025-12-16;12;1492
50;2025-12-16;13;1471
50;2025-12-16;14;1400
50;2025-12-16;15;1670
50;2025-12-16;16;1756
50;2025-12-16;17;2353
50;2025-12-16;18;2459
50;2025-12-16;19;1446
50;2025-12-16;20;901
50;2025-12-16;21;595
50;2025-12-16;22;285
50;2025-12-16;23;134
50;2025-12-17;0;35
50;2025-12-17;1;14
50;2025-12-17;2;27
50;2025-12-17;3;27
50;2025-12-17;4;55
50;2025-12-17;5;70
50;2025-12-17;6;556
50;2025-12-17;7;1741
50;2025-12-17;8;2796
50;2025-12-17;9;2145
50;2025-12-17;10;1668
50;2025-12-17;11;1565
50;2025-12-17;12;1494
50;2025-12-17;13;1475
50;2025-12-17;14;1404
50;2025-12-17;15;1671
50;2025-12-17;16;1745
50;2025-12-17;17;2353
50;2025-12-17;18;2445
50;2025-12-17;19;1441
50;2025-12-17;20;894
50;2025-12-17;21;593
50;2025-12-17;22;294
50;2025-12-17;23;146
50;2025-12-18;0;42
50;2025-12-18;1;14
50;2025-12-18;2;27
50;2025-12-18;3;27
50;2025-12-18;4;55
50;2025-12-18;5;73
50;2025-12-18;6;559
50;2025-12-18;7;1744
50;2025-12-18;8;2793
50;2025-12-18;9;2146
50;2025-12-18;10;1663
50;2025-12-18;11;1561
50;2025-12-18;12;1498
50;2025-12-18;13;1473
50;2025-12-18;14;1403
50;2025-12-18;15;1676
50;2025-12-18;16;1767
50;2025-12-18;17;2343
50;2025-12-18;18;2445
50;2025-12-18;19;1436
50;2025-12-18;20;898
50;2025-12-18;21;601
50;2025-12-18;22;297
50;2025-12-18;23;154
50;2025-12-19;0;43
50;2025-12-19;1;14
50;2025-12-19;2;27
50;2025-12-19;3;27
50;2025-12-19;4;55
50;2025-12-19;5;68
50;2025-12-19;6;545
50;2025-12-19;7;1696
50;2025-12-19;8;2742
50;2025-12-19;9;2105
50;2025-12-19;10;1589
50;2025-12-19;11;1582
50;2025-12-19;12;1513
50;2025-12-19;13;1497
50;2025-12-19;14;1421
50;2025-12-19;15;1710
50;2025-12-19;16;1833
50;2025-12-19;17;2267
50;2025-12-19;18;2005
50;2025-12-19;19;1333
50;2025-12-19;20;847
50;2025-12-19;21;573
50;2025-12-19;22;300
50;2025-12-19;23;170
50;2025-12-20;0;58
50;2025-12-20;1;14
50;2025-12-20;2;27
50;2025-12-20;3;27
50;2025-12-20;4;55
50;2025-12-20;5;26
50;2025-12-20;6;166
50;2025-12-20;7;390
50;2025-12-20;8;546
50;2025-12-20;9;597
50;2025-12-20;10;637
50;2025-12-20;11;743
50;2025-12-20;12;768
50;2025-12-20;13;816
50;2025-12-20;14;771
50;2025-12-20;15;828
50;2025-12-20;16;794
50;2025-12-20;17;803
50;2025-12-20;18;743
50;2025-12-20;19;630
50;2025-12-20;20;469
50;2025-12-20;21;380
50;2025-12-20;22;239
50;2025-12-20;23;132
50;2025-12-21;0;52
50;2025-12-21;1;14
50;2025-12-21;2;27
50;2025-12-21;3;27
50;2025-12-21;4;55
50;2025-12-21;5;20
50;2025-12-21;6;127
50;2025-12-21;7;251
50;2025-12-21;8;346
50;2025-12-21;9;441
50;2025-12-21;10;493
50;2025-12-21;11;630
50;2025-12-21;12;666
50;2025-12-21;13;710
50;2025-12-21;14;689
50;2025-12-21;15;702
50;2025-12-21;16;643
50;2025-12-21;17;697
50;2025-12-21;18;609
50;2025-12-21;19;524
50;2025-12-21;20;404
50;2025-12-21;21;323
50;2025-12-21;22;209
50;2025-12-21;23;107
50;2025-12-22;0;36
50;2025-12-22;1;14
50;2025-12-22;2;27
50;2025-12-22;3;27
50;2025-12-22;4;55
50;2025-12-22;5;69
50;2025-12-22;6;544
50;2025-12-22;7;1702
50;2025-12-22;8;2787
50;2025-12-22;9;2103
50;2025-12-22;10;1589
50;2025-12-22;11;1535
50;2025-12-22;12;1451
50;2025-12-22;13;1447
50;2025-12-22;14;1378
50;2025-12-22;15;1628
50;2025-12-22;16;1712
50;2025-12-22;17;2315
50;2025-12-22;18;2402
50;2025-12-22;19;1407
50;2025-12-22;20;878
50;2025-12-22;21;570
50;2025-12-22;22;272
50;2025-12-22;23;125
50;2025-12-23;0;36
50;2025-12-23;1;14
50;2025-12-23;2;27
50;2025-12-23;3;27
50;2025-12-23;4;55
50;2025-12-23;5;70
50;2025-12-23;6;561
50;2025-12-23;7;1757
50;2025-12-23;8;2802
50;2025-12-23;9;2148
50;2025-12-23;10;1668
50;2025-12-23;11;1564
50;2025-12-23;12;1492
50;2025-12-23;13;1471
50;2025-12-23;14;1400
50;2025-12-23;15;1670
50;2025-12-23;16;1756
50;2025-12-23;17;2353
50;2025-12-23;18;2459
50;2025-12-23;19;1446
50;2025-12-23;20;901
50;2025-12-23;21;595
50;2025-12-23;22;285
50;2025-12-23;23;134
50;2025-12-24;0;35
50;2025-12-24;1;14
50;2025-12-24;2;27
50;2025-12-24;3;27
50;2025-12-24;4;55
50;2025-12-24;5;70
50;2025-12-24;6;556
50;2025-12-24;7;1741
50;2025-12-24;8;2796
50;2025-12-24;9;2145
50;2025-12-24;10;1668
50;2025-12-24;11;1565
50;2025-12-24;12;1494
50;2025-12-24;13;1475
50;2025-12-24;14;1404
50;2025-12-24;15;1671
50;2025-12-24;16;1745
50;2025-12-24;17;2353
50;2025-12-24;18;2445
50;2025-12-24;19;1441
50;2025-12-24;20;894
50;2025-12-24;21;593
50;2025-12-24;22;294
50;2025-12-24;23;146
50;2025-12-25;0;42
50;2025-12-25;1;14
50;2025-12-25;2;27
50;2025-12-25;3;27
50;2025-12-25;4;55
50;2025-12-25;5;73
50;2025-12-25;6;559
50;2025-12-25;7;1744
50;2025-12-25;8;2793
50;2025-12-25;9;2146
50;2025-12-25;10;1663
50;2025-12-25;11;1561
50;2025-12-25;12;1498
50;2025-12-25;13;1473
50;2025-12-25;14;1403
50;2025-12-25;15;1676
50;2025-12-25;16;1767
50;2025-12-25;17;2343
50;2025-12-25;18;2445
50;2025-12-25;19;1436
50;2025-12-25;20;898
50;2025-12-25;21;601
50;2025-12-25;22;297
50;2025-12-25;23;154
50;2025-12-26;0;43
50;2025-12-26;1;14
50;2025-12-26;2;27
50;2025-12-26;3;27
50;2025-12-26;4;55
50;2025-12-26;5;68
50;2025-12-26;6;545
50;2025-12-26;7;1696
50;2025-12-26;8;2742
50;2025-12-26;9;2105
50;2025-12-26;10;1589
50;2025-12-26;11;1582
50;2025-12-26;12;1513
50;2025-12-26;13;1497
50;2025-12-26;14;1421
50;2025-12-26;15;1710
50;2025-12-26;16;1833
50;2025-12-26;17;2267
50;2025-12-26;18;2005
50;2025-12-26;19;1333
50;2025-12-26;20;847
50;2025-12-26;21;573
50;2025-12-26;22;300
50;2025-12-26;23;170
50;2025-12-27;0;58
50;2025-12-27;1;14
50;2025-12-27;2;27
50;2025-12-27;3;27
50;2025-12-27;4;55
50;2025-12-27;5;26
50;2025-12-27;6;166
50;2025-12-27;7;390
50;2025-12-27;8;546
50;2025-12-27;9;597
50;2025-12-27;10;637
50;2025-12-27;11;743
50;2025-12-27;12;768
50;2025-12-27;13;816
50;2025-12-27;14;771
50;2025-12-27;15;828
50;2025-12-27;16;794
50;2025-12-27;17;803
50;2025-12-27;18;743
50;2025-12-27;19;630
50;2025-12-27;20;469
50;2025-12-27;21;380
50;2025-12-27;22;239
50;2025-12-27;23;132
50;2025-12-28;0;52
50;2025-12-28;1;14
50;2025-12-28;2;27
50;2025-12-28;3;27
50;2025-12-28;4;55
50;2025-12-28;5;20
50;2025-12-28;6;127
50;2025-12-28;7;251
50;2025-12-28;8;346
50;2025-12-28;9;441
50;2025-12-28;10;493
50;2025-12-28;11;630
50;2025-12-28;12;666
50;2025-12-28;13;710
50;2025-12-28;14;689
50;2025-12-28;15;702
50;2025-12-28;16;643
50;2025-12-28;17;697
50;2025-12-28;18;609
50;2025-12-28;19;524
50;2025-12-28;20;404
50;2025-12-28;21;323
50;2025-12-28;22;209
50;2025-12-28;23;107
50;2025-12-29;0;36
50;2025-12-29;1;14
50;2025-12-29;2;27
50;2025-12-29;3;27
50;2025-12-29;4;55
50;2025-12-29;5;69
50;2025-12-29;6;544
50;2025-12-29;7;1702
50;2025-12-29;8;2787
50;2025-12-29;9;2103
50;2025-12-29;10;1589
50;2025-12-29;11;1535
50;2025-12-29;12;1451
50;2025-12-29;13;1447
50;2025-12-29;14;1378
50;2025-12-29;15;1628
50;2025-12-29;16;1712
50;2025-12-29;17;2315
50;2025-12-29;18;2402
50;2025-12-29;19;1407
50;2025-12-29;20;878
50;2025-12-29;21;570
50;2025-12-29;22;272
50;2025-12-29;23;125
50;2025-12-30;0;36
50;2025-12-30;1;14
50;2025-12-30;2;27
50;2025-12-30;3;27
50;2025-12-30;4;55
50;2025-12-30;5;70
50;2025-12-30;6;561
50;2025-12-30;7;1757
50;2025-12-30;8;2802
50;2025-12-30;9;2148
50;2025-12-30;10;1668
50;2025-12-30;11;1564
50;2025-12-30;12;1492
50;2025-12-30;13;1471
50;2025-12-30;14;1400
50;2025-12-30;15;1670
50;2025-12-30;16;1756
50;2025-12-30;17;2353
50;2025-12-30;18;2459
50;2025-12-30;19;1446
50;2025-12-30;20;901
50;2025-12-30;21;595
50;2025-12-30;22;285
50;2025-12-30;23;134
50;2025-12-31;0;39
50;2025-12-31;1;14
50;2025-12-31;2;27
50;2025-12-31;3;27
50;2025-12-31;4;55
50;2025-12-31;5;72
50;2025-12-31;6;414
50;2025-12-31;7;584
50;2025-12-31;8;1062
50;2025-12-31;9;758
50;2025-12-31;10;706
50;2025-12-31;11;673
50;2025-12-31;12;698
50;2025-12-31;13;713
50;2025-12-31;14;673
50;2025-12-31;15;671
50;2025-12-31;16;678
50;2025-12-31;17;850
50;2025-12-31;18;1102
50;2025-12-31;19;642
50;2025-12-31;20;458
50;2025-12-31;21;472
50;2025-12-31;22;283
50;2025-12-31;23;149
