route;date;hour;prediction
1;2025-11-01;0;8
1;2025-11-01;1;0
1;2025-11-01;2;0
1;2025-11-01;3;0
1;2025-11-01;4;42
1;2025-11-01;5;39
1;2025-11-01;6;185
1;2025-11-01;7;423
1;2025-11-01;8;1208
1;2025-11-01;9;1446
1;2025-11-01;10;1384
1;2025-11-01;11;1360
1;2025-11-01;12;1508
1;2025-11-01;13;1570
1;2025-11-01;14;1492
1;2025-11-01;15;1541
1;2025-11-01;16;1513
1;2025-11-01;17;1631
1;2025-11-01;18;1582
1;2025-11-01;19;1278
1;2025-11-01;20;821
1;2025-11-01;21;358
1;2025-11-01;22;166
1;2025-11-01;23;56
1;2025-11-02;0;6
1;2025-11-02;1;0
1;2025-11-02;2;0
1;2025-11-02;3;0
1;2025-11-02;4;0
1;2025-11-02;5;23
1;2025-11-02;6;119
1;2025-11-02;7;257
1;2025-11-02;8;363
1;2025-11-02;9;570
1;2025-11-02;10;682
1;2025-11-02;11;679
1;2025-11-02;12;859
1;2025-11-02;13;907
1;2025-11-02;14;873
1;2025-11-02;15;734
1;2025-11-02;16;663
1;2025-11-02;17;617
1;2025-11-02;18;528
1;2025-11-02;19;465
1;2025-11-02;20;371
1;2025-11-02;21;264
1;2025-11-02;22;105
1;2025-11-02;23;26
1;2025-11-03;0;0
1;2025-11-03;1;0
1;2025-11-03;2;0
1;2025-11-03;3;0
1;2025-11-03;4;0
1;2025-11-03;5;33
1;2025-11-03;6;216
1;2025-11-03;7;775
1;2025-11-03;8;657
1;2025-11-03;9;561
1;2025-11-03;10;666
1;2025-11-03;11;635
1;2025-11-03;12;805
1;2025-11-03;13;819
1;2025-11-03;14;826
1;2025-11-03;15;736
1;2025-11-03;16;683
1;2025-11-03;17;724
1;2025-11-03;18;677
1;2025-11-03;19;548
1;2025-11-03;20;440
1;2025-11-03;21;351
1;2025-11-03;22;161
1;2025-11-03;23;9
1;2025-11-04;0;0
1;2025-11-04;1;0
1;2025-11-04;2;0
1;2025-11-04;3;0
1;2025-11-04;4;0
1;2025-11-04;5;33
1;2025-11-04;6;222
1;2025-11-04;7;420
1;2025-11-04;8;340
1;2025-11-04;9;524
1;2025-11-04;10;642
1;2025-11-04;11;554
1;2025-11-04;12;695
1;2025-11-04;13;696
1;2025-11-04;14;707
1;2025-11-04;15;602
1;2025-11-04;16;588
1;2025-11-04;17;593
1;2025-11-04;18;448
1;2025-11-04;19;431
1;2025-11-04;20;364
1;2025-11-04;21;344
1;2025-11-04;22;171
1;2025-11-04;23;1
1;2025-11-05;0;4
1;2025-11-05;1;0
1;2025-11-05;2;0
1;2025-11-05;3;0
1;2025-11-05;4;9
1;2025-11-05;5;131
1;2025-11-05;6;517
1;2025-11-05;7;1526
1;2025-11-05;8;1931
1;2025-11-05;9;1482
1;2025-11-05;10;1369
1;2025-11-05;11;1355
1;2025-11-05;12;1408
1;2025-11-05;13;1429
1;2025-11-05;14;1393
1;2025-11-05;15;1523
1;2025-11-05;16;1513
1;2025-11-05;17;1791
1;2025-11-05;18;1799
1;2025-11-05;19;1372
1;2025-11-05;20;874
1;2025-11-05;21;488
1;2025-11-05;22;241
1;2025-11-05;23;45
1;2025-11-06;0;4
1;2025-11-06;1;0
1;2025-11-06;2;0
1;2025-11-06;3;0
1;2025-11-06;4;8
1;2025-11-06;5;129
1;2025-11-06;6;517
1;2025-11-06;7;1528
1;2025-11-06;8;1932
1;2025-11-06;9;1484
1;2025-11-06;10;1370
1;2025-11-06;11;1359
1;2025-11-06;12;1409
1;2025-11-06;13;1431
1;2025-11-06;14;1394
1;2025-11-06;15;1524
1;2025-11-06;16;1515
1;2025-11-06;17;1791
1;2025-11-06;18;1798
1;2025-11-06;19;1371
1;2025-11-06;20;876
1;2025-11-06;21;491
1;2025-11-06;22;240
1;2025-11-06;23;46
1;2025-11-07;0;4
1;2025-11-07;1;0
1;2025-11-07;2;0
1;2025-11-07;3;0
1;2025-11-07;4;8
1;2025-11-07;5;131
1;2025-11-07;6;508
1;2025-11-07;7;1498
1;2025-11-07;8;1884
1;2025-11-07;9;1453
1;2025-11-07;10;1339
1;2025-11-07;11;1351
1;2025-11-07;12;1388
1;2025-11-07;13;1414
1;2025-11-07;14;1389
1;2025-11-07;15;1528
1;2025-11-07;16;1551
1;2025-11-07;17;1764
1;2025-11-07;18;1636
1;2025-11-07;19;1316
1;2025-11-07;20;839
1;2025-11-07;21;483
1;2025-11-07;22;238
1;2025-11-07;23;52
1;2025-11-08;0;6
1;2025-11-08;1;0
1;2025-11-08;2;0
1;2025-11-08;3;0
1;2025-11-08;4;4
1;2025-11-08;5;33
1;2025-11-08;6;171
1;2025-11-08;7;378
1;2025-11-08;8;476
1;2025-11-08;9;726
1;2025-11-08;10;850
1;2025-11-08;11;777
1;2025-11-08;12;964
1;2025-11-08;13;1005
1;2025-11-08;14;977
1;2025-11-08;15;849
1;2025-11-08;16;797
1;2025-11-08;17;740
1;2025-11-08;18;643
1;2025-11-08;19;563
1;2025-11-08;20;431
1;2025-11-08;21;313
1;2025-11-08;22;130
1;2025-11-08;23;31
1;2025-11-09;0;6
1;2025-11-09;1;0
1;2025-11-09;2;0
1;2025-11-09;3;0
1;2025-11-09;4;0
1;2025-11-09;5;23
1;2025-11-09;6;119
1;2025-11-09;7;257
1;2025-11-09;8;363
1;2025-11-09;9;570
1;2025-11-09;10;682
1;2025-11-09;11;679
1;2025-11-09;12;859
1;2025-11-09;13;907
1;2025-11-09;14;873
1;2025-11-09;15;734
1;2025-11-09;16;663
1;2025-11-09;17;617
1;2025-11-09;18;528
1;2025-11-09;19;465
1;2025-11-09;20;371
1;2025-11-09;21;264
1;2025-11-09;22;105
1;2025-11-09;23;26
1;2025-11-10;0;0
1;2025-11-10;1;0
1;2025-11-10;2;0
1;2025-11-10;3;0
1;2025-11-10;4;9
1;2025-11-10;5;129
1;2025-11-10;6;506
1;2025-11-10;7;1501
1;2025-11-10;8;1895
1;2025-11-10;9;1431
1;2025-11-10;10;1306
1;2025-11-10;11;1314
1;2025-11-10;12;1366
1;2025-11-10;13;1386
1;2025-11-10;14;1359
1;2025-11-10;15;1482
1;2025-11-10;16;1503
1;2025-11-10;17;1761
1;2025-11-10;18;1772
1;2025-11-10;19;1352
1;2025-11-10;20;862
1;2025-11-10;21;466
1;2025-11-10;22;218
1;2025-11-10;23;40
1;2025-11-11;0;2
1;2025-11-11;1;0
1;2025-11-11;2;0
1;2025-11-11;3;0
1;2025-11-11;4;8
1;2025-11-11;5;131
1;2025-11-11;6;517
1;2025-11-11;7;1528
1;2025-11-11;8;1939
1;2025-11-11;9;1485
1;2025-11-11;10;1375
1;2025-11-11;11;1358
1;2025-11-11;12;1409
1;2025-11-11;13;1428
1;2025-11-11;14;1396
1;2025-11-11;15;1529
1;2025-11-11;16;1516
1;2025-11-11;17;1790
1;2025-11-11;18;1799
1;2025-11-11;19;1373
1;2025-11-11;20;877
1;2025-11-11;21;489
1;2025-11-11;22;239
1;2025-11-11;23;45
1;2025-11-12;0;4
1;2025-11-12;1;0
1;2025-11-12;2;0
1;2025-11-12;3;0
1;2025-11-12;4;9
1;2025-11-12;5;131
1;2025-11-12;6;517
1;2025-11-12;7;1526
1;2025-11-12;8;1931
1;2025-11-12;9;1482
1;2025-11-12;10;1369
1;2025-11-12;11;1355
1;2025-11-12;12;1408
1;2025-11-12;13;1429
1;2025-11-12;14;1393
1;2025-11-12;15;1523
1;2025-11-12;16;1513
1;2025-11-12;17;1791
1;2025-11-12;18;1799
1;2025-11-12;19;1372
1;2025-11-12;20;874
1;2025-11-12;21;488
1;2025-11-12;22;241
1;2025-11-12;23;45
1;2025-11-13;0;4
1;2025-11-13;1;0
1;2025-11-13;2;0
1;2025-11-13;3;0
1;2025-11-13;4;8
1;2025-11-13;5;129
1;2025-11-13;6;517
1;2025-11-13;7;1528
1;2025-11-13;8;1932
1;2025-11-13;9;1484
1;2025-11-13;10;1370
1;2025-11-13;11;1359
1;2025-11-13;12;1409
1;2025-11-13;13;1431
1;2025-11-13;14;1394
1;2025-11-13;15;1524
1;2025-11-13;16;1515
1;2025-11-13;17;1791
1;2025-11-13;18;1798
1;2025-11-13;19;1371
1;2025-11-13;20;876
1;2025-11-13;21;491
1;2025-11-13;22;240
1;2025-11-13;23;46
1;2025-11-14;0;4
1;2025-11-14;1;0
1;2025-11-14;2;0
1;2025-11-14;3;0
1;2025-11-14;4;8
1;2025-11-14;5;131
1;2025-11-14;6;508
1;2025-11-14;7;1498
1;2025-11-14;8;1884
1;2025-11-14;9;1453
1;2025-11-14;10;1339
1;2025-11-14;11;1351
1;2025-11-14;12;1388
1;2025-11-14;13;1414
1;2025-11-14;14;1389
1;2025-11-14;15;1528
1;2025-11-14;16;1551
1;2025-11-14;17;1764
1;2025-11-14;18;1636
1;2025-11-14;19;1316
1;2025-11-14;20;839
1;2025-11-14;21;483
1;2025-11-14;22;238
1;2025-11-14;23;52
1;2025-11-15;0;6
1;2025-11-15;1;0
1;2025-11-15;2;0
1;2025-11-15;3;0
1;2025-11-15;4;4
1;2025-11-15;5;33
1;2025-11-15;6;171
1;2025-11-15;7;378
1;2025-11-15;8;476
1;2025-11-15;9;726
1;2025-11-15;10;850
1;2025-11-15;11;777
1;2025-11-15;12;964
1;2025-11-15;13;1005
1;2025-11-15;14;977
1;2025-11-15;15;849
1;2025-11-15;16;797
1;2025-11-15;17;740
1;2025-11-15;18;643
1;2025-11-15;19;563
1;2025-11-15;20;431
1;2025-11-15;21;313
1;2025-11-15;22;130
1;2025-11-15;23;31
1;2025-11-16;0;6
1;2025-11-16;1;0
1;2025-11-16;2;0
1;2025-11-16;3;0
1;2025-11-16;4;0
1;2025-11-16;5;23
1;2025-11-16;6;119
1;2025-11-16;7;257
1;2025-11-16;8;363
1;2025-11-16;9;570
1;2025-11-16;10;682
1;2025-11-16;11;679
1;2025-11-16;12;859
1;2025-11-16;13;907
1;2025-11-16;14;873
1;2025-11-16;15;734
1;2025-11-16;16;663
1;2025-11-16;17;617
1;2025-11-16;18;528
1;2025-11-16;19;465
1;2025-11-16;20;371
1;2025-11-16;21;264
1;2025-11-16;22;105
1;2025-11-16;23;26
1;2025-11-17;0;0
1;2025-11-17;1;0
1;2025-11-17;2;0
1;2025-11-17;3;0
1;2025-11-17;4;9
1;2025-11-17;5;129
1;2025-11-17;6;506
1;2025-11-17;7;1501
1;2025-11-17;8;1895
1;2025-11-17;9;1431
1;2025-11-17;10;1306
1;2025-11-17;11;1314
1;2025-11-17;12;1366
1;2025-11-17;13;1386
1;2025-11-17;14;1359
1;2025-11-17;15;1482
1;2025-11-17;16;1503
1;2025-11-17;17;1761
1;2025-11-17;18;1772
1;2025-11-17;19;1352
1;2025-11-17;20;862
1;2025-11-17;21;466
1;2025-11-17;22;218
1;2025-11-17;23;40
1;2025-11-18;0;2
1;2025-11-18;1;0
1;2025-11-18;2;0
1;2025-11-18;3;0
1;2025-11-18;4;8
1;2025-11-18;5;131
1;2025-11-18;6;517
1;2025-11-18;7;1528
1;2025-11-18;8;1939
1;2025-11-18;9;1485
1;2025-11-18;10;1375
1;2025-11-18;11;1358
1;2025-11-18;12;1409
1;2025-11-18;13;1428
1;2025-11-18;14;1396
1;2025-11-18;15;1529
1;2025-11-18;16;1516
1;2025-11-18;17;1790
1;2025-11-18;18;1799
1;2025-11-18;19;1373
1;2025-11-18;20;877
1;2025-11-18;21;489
1;2025-11-18;22;239
1;2025-11-18;23;45
1;2025-11-19;0;4
1;2025-11-19;1;0
1;2025-11-19;2;0
1;2025-11-19;3;0
1;2025-11-19;4;9
1;2025-11-19;5;131
1;2025-11-19;6;517
1;2025-11-19;7;1526
1;2025-11-19;8;1931
1;2025-11-19;9;1482
1;2025-11-19;10;1369
1;2025-11-19;11;1355
1;2025-11-19;12;1408
1;2025-11-19;13;1429
1;2025-11-19;14;1393
1;2025-11-19;15;1523
1;2025-11-19;16;1513
1;2025-11-19;17;1791
1;2025-11-19;18;1799
1;2025-11-19;19;1372
1;2025-11-19;20;874
1;2025-11-19;21;488
1;2025-11-19;22;241
1;2025-11-19;23;45
1;2025-11-20;0;4
1;2025-11-20;1;0
1;2025-11-20;2;0
1;2025-11-20;3;0
1;2025-11-20;4;8
1;2025-11-20;5;129
1;2025-11-20;6;517
1;2025-11-20;7;1528
1;2025-11-20;8;1932
1;2025-11-20;9;1484
1;2025-11-20;10;1370
1;2025-11-20;11;1359
1;2025-11-20;12;1409
1;2025-11-20;13;1431
1;2025-11-20;14;1394
1;2025-11-20;15;1524
1;2025-11-20;16;1515
1;2025-11-20;17;1791
1;2025-11-20;18;1798
1;2025-11-20;19;1371
1;2025-11-20;20;876
1;2025-11-20;21;491
1;2025-11-20;22;240
1;2025-11-20;23;46
1;2025-11-21;0;4
1;2025-11-21;1;0
1;2025-11-21;2;0
1;2025-11-21;3;0
1;2025-11-21;4;8
1;2025-11-21;5;131
1;2025-11-21;6;508
1;2025-11-21;7;1498
1;2025-11-21;8;1884
1;2025-11-21;9;1453
1;2025-11-21;10;1339
1;2025-11-21;11;1351
1;2025-11-21;12;1388
1;2025-11-21;13;1414
1;2025-11-21;14;1389
1;2025-11-21;15;1528
1;2025-11-21;16;1551
1;2025-11-21;17;1764
1;2025-11-21;18;1636
1;2025-11-21;19;1316
1;2025-11-21;20;839
1;2025-11-21;21;483
1;2025-11-21;22;238
1;2025-11-21;23;52
1;2025-11-22;0;6
1;2025-11-22;1;0
1;2025-11-22;2;0
1;2025-11-22;3;0
1;2025-11-22;4;4
1;2025-11-22;5;33
1;2025-11-22;6;171
1;2025-11-22;7;378
1;2025-11-22;8;476
1;2025-11-22;9;726
1;2025-11-22;10;850
1;2025-11-22;11;777
1;2025-11-22;12;964
1;2025-11-22;13;1005
1;2025-11-22;14;977
1;2025-11-22;15;849
1;2025-11-22;16;797
1;2025-11-22;17;740
1;2025-11-22;18;643
1;2025-11-22;19;563
1;2025-11-22;20;431
1;2025-11-22;21;313
1;2025-11-22;22;130
1;2025-11-22;23;31
1;2025-11-23;0;6
1;2025-11-23;1;0
1;2025-11-23;2;0
1;2025-11-23;3;0
1;2025-11-23;4;0
1;2025-11-23;5;23
1;2025-11-23;6;119
1;2025-11-23;7;257
1;2025-11-23;8;363
1;2025-11-23;9;570
1;2025-11-23;10;682
1;2025-11-23;11;679
1;2025-11-23;12;859
1;2025-11-23;13;907
1;2025-11-23;14;873
1;2025-11-23;15;734
1;2025-11-23;16;663
1;2025-11-23;17;617
1;2025-11-23;18;528
1;2025-11-23;19;465
1;2025-11-23;20;371
1;2025-11-23;21;264
1;2025-11-23;22;105
1;2025-11-23;23;26
1;2025-11-24;0;0
1;2025-11-24;1;0
1;2025-11-24;2;0
1;2025-11-24;3;0
1;2025-11-24;4;9
1;2025-11-24;5;129
1;2025-11-24;6;506
1;2025-11-24;7;1501
1;2025-11-24;8;1895
1;2025-11-24;9;1431
1;2025-11-24;10;1306
1;2025-11-24;11;1314
1;2025-11-24;12;1366
1;2025-11-24;13;1386
1;2025-11-24;14;1359
1;2025-11-24;15;1482
1;2025-11-24;16;1503
1;2025-11-24;17;1761
1;2025-11-24;18;1772
1;2025-11-24;19;1352
1;2025-11-24;20;862
1;2025-11-24;21;466
1;2025-11-24;22;218
1;2025-11-24;23;40
1;2025-11-25;0;2
1;2025-11-25;1;0
1;2025-11-25;2;0
1;2025-11-25;3;0
1;2025-11-25;4;8
1;2025-11-25;5;131
1;2025-11-25;6;517
1;2025-11-25;7;1528
1;2025-11-25;8;1939
1;2025-11-25;9;1485
1;2025-11-25;10;1375
1;2025-11-25;11;1358
1;2025-11-25;12;1409
1;2025-11-25;13;1428
1;2025-11-25;14;1396
1;2025-11-25;15;1529
1;2025-11-25;16;1516
1;2025-11-25;17;1790
1;2025-11-25;18;1799
1;2025-11-25;19;1373
1;2025-11-25;20;877
1;2025-11-25;21;489
1;2025-11-25;22;239
1;2025-11-25;23;45
1;2025-11-26;0;4
1;2025-11-26;1;0
1;2025-11-26;2;0
1;2025-11-26;3;0
1;2025-11-26;4;9
1;2025-11-26;5;131
1;2025-11-26;6;517
1;2025-11-26;7;1526
1;2025-11-26;8;1931
1;2025-11-26;9;1482
1;2025-11-26;10;1369
1;2025-11-26;11;1355
1;2025-11-26;12;1408
1;2025-11-26;13;1429
1;2025-11-26;14;1393
1;2025-11-26;15;1523
1;2025-11-26;16;1513
1;2025-11-26;17;1791
1;2025-11-26;18;1799
1;2025-11-26;19;1372
1;2025-11-26;20;874
1;2025-11-26;21;488
1;2025-11-26;22;241
1;2025-11-26;23;45
1;2025-11-27;0;4
1;2025-11-27;1;0
1;2025-11-27;2;0
1;2025-11-27;3;0
1;2025-11-27;4;8
1;2025-11-27;5;129
1;2025-11-27;6;517
1;2025-11-27;7;1528
1;2025-11-27;8;1932
1;2025-11-27;9;1484
1;2025-11-27;10;1370
1;2025-11-27;11;1359
1;2025-11-27;12;1409
1;2025-11-27;13;1431
1;2025-11-27;14;1394
1;2025-11-27;15;1524
1;2025-11-27;16;1515
1;2025-11-27;17;1791
1;2025-11-27;18;1798
1;2025-11-27;19;1371
1;2025-11-27;20;876
1;2025-11-27;21;491
1;2025-11-27;22;240
1;2025-11-27;23;46
1;2025-11-28;0;4
1;2025-11-28;1;0
1;2025-11-28;2;0
1;2025-11-28;3;0
1;2025-11-28;4;8
1;2025-11-28;5;131
1;2025-11-28;6;508
1;2025-11-28;7;1498
1;2025-11-28;8;1884
1;2025-11-28;9;1453
1;2025-11-28;10;1339
1;2025-11-28;11;1351
1;2025-11-28;12;1388
1;2025-11-28;13;1414
1;2025-11-28;14;1389
1;2025-11-28;15;1528
1;2025-11-28;16;1551
1;2025-11-28;17;1764
1;2025-11-28;18;1636
1;2025-11-28;19;1316
1;2025-11-28;20;839
1;2025-11-28;21;483
1;2025-11-28;22;238
1;2025-11-28;23;52
1;2025-11-29;0;6
1;2025-11-29;1;0
1;2025-11-29;2;0
1;2025-11-29;3;0
1;2025-11-29;4;4
1;2025-11-29;5;33
1;2025-11-29;6;171
1;2025-11-29;7;378
1;2025-11-29;8;476
1;2025-11-29;9;726
1;2025-11-29;10;850
1;2025-11-29;11;777
1;2025-11-29;12;964
1;2025-11-29;13;1005
1;2025-11-29;14;977
1;2025-11-29;15;849
1;2025-11-29;16;797
1;2025-11-29;17;740
1;2025-11-29;18;643
1;2025-11-29;19;563
1;2025-11-29;20;431
1;2025-11-29;21;313
1;2025-11-29;22;130
1;2025-11-29;23;31
1;2025-11-30;0;6
1;2025-11-30;1;0
1;2025-11-30;2;0
1;2025-11-30;3;0
1;2025-11-30;4;0
1;2025-11-30;5;23
1;2025-11-30;6;119
1;2025-11-30;7;257
1;2025-11-30;8;363
1;2025-11-30;9;570
1;2025-11-30;10;682
1;2025-11-30;11;679
1;2025-11-30;12;859
1;2025-11-30;13;907
1;2025-11-30;14;873
1;2025-11-30;15;734
1;2025-11-30;16;663
1;2025-11-30;17;617
1;2025-11-30;18;528
1;2025-11-30;19;465
1;2025-11-30;20;371
1;2025-11-30;21;264
1;2025-11-30;22;105
1;2025-11-30;23;26
1;2025-12-01;0;2
1;2025-12-01;1;0
1;2025-12-01;2;0
1;2025-12-01;3;0
1;2025-12-01;4;7
1;2025-12-01;5;132
1;2025-12-01;6;513
1;2025-12-01;7;1451
1;2025-12-01;8;1844
1;2025-12-01;9;1389
1;2025-12-01;10;1242
1;2025-12-01;11;1294
1;2025-12-01;12;1335
1;2025-12-01;13;1358
1;2025-12-01;14;1312
1;2025-12-01;15;1451
1;2025-12-01;16;1473
1;2025-12-01;17;1722
1;2025-12-01;18;1744
1;2025-12-01;19;1331
1;2025-12-01;20;831
1;2025-12-01;21;443
1;2025-12-01;22;223
1;2025-12-01;23;48
1;2025-12-02;0;4
1;2025-12-02;1;0
1;2025-12-02;2;0
1;2025-12-02;3;0
1;2025-12-02;4;6
1;2025-12-02;5;134
1;2025-12-02;6;524
1;2025-12-02;7;1467
1;2025-12-02;8;1878
1;2025-12-02;9;1435
1;2025-12-02;10;1296
1;2025-12-02;11;1338
1;2025-12-02;12;1368
1;2025-12-02;13;1400
1;2025-12-02;14;1340
1;2025-12-02;15;1485
1;2025-12-02;16;1486
1;2025-12-02;17;1742
1;2025-12-02;18;1763
1;2025-12-02;19;1353
1;2025-12-02;20;847
1;2025-12-02;21;464
1;2025-12-02;22;244
1;2025-12-02;23;54
1;2025-12-03;0;6
1;2025-12-03;1;0
1;2025-12-03;2;0
1;2025-12-03;3;0
1;2025-12-03;4;7
1;2025-12-03;5;134
1;2025-12-03;6;525
1;2025-12-03;7;1466
1;2025-12-03;8;1870
1;2025-12-03;9;1431
1;2025-12-03;10;1290
1;2025-12-03;11;1335
1;2025-12-03;12;1367
1;2025-12-03;13;1402
1;2025-12-03;14;1337
1;2025-12-03;15;1478
1;2025-12-03;16;1483
1;2025-12-03;17;1743
1;2025-12-03;18;1763
1;2025-12-03;19;1352
1;2025-12-03;20;844
1;2025-12-03;21;464
1;2025-12-03;22;246
1;2025-12-03;23;54
1;2025-12-04;0;6
1;2025-12-04;1;0
1;2025-12-04;2;0
1;2025-12-04;3;0
1;2025-12-04;4;6
1;2025-12-04;5;132
1;2025-12-04;6;525
1;2025-12-04;7;1469
1;2025-12-04;8;1872
1;2025-12-04;9;1434
1;2025-12-04;10;1292
1;2025-12-04;11;1338
1;2025-12-04;12;1369
1;2025-12-04;13;1404
1;2025-12-04;14;1338
1;2025-12-04;15;1479
1;2025-12-04;16;1485
1;2025-12-04;17;1742
1;2025-12-04;18;1762
1;2025-12-04;19;1352
1;2025-12-04;20;846
1;2025-12-04;21;466
1;2025-12-04;22;246
1;2025-12-04;23;55
1;2025-12-05;0;6
1;2025-12-05;1;0
1;2025-12-05;2;0
1;2025-12-05;3;0
1;2025-12-05;4;6
1;2025-12-05;5;134
1;2025-12-05;6;514
1;2025-12-05;7;1447
1;2025-12-05;8;1831
1;2025-12-05;9;1410
1;2025-12-05;10;1268
1;2025-12-05;11;1330
1;2025-12-05;12;1355
1;2025-12-05;13;1385
1;2025-12-05;14;1341
1;2025-12-05;15;1491
1;2025-12-05;16;1520
1;2025-12-05;17;1723
1;2025-12-05;18;1607
1;2025-12-05;19;1295
1;2025-12-05;20;808
1;2025-12-05;21;459
1;2025-12-05;22;242
1;2025-12-05;23;60
1;2025-12-06;0;8
1;2025-12-06;1;0
1;2025-12-06;2;0
1;2025-12-06;3;0
1;2025-12-06;4;2
1;2025-12-06;5;35
1;2025-12-06;6;181
1;2025-12-06;7;349
1;2025-12-06;8;449
1;2025-12-06;9;703
1;2025-12-06;10;811
1;2025-12-06;11;759
1;2025-12-06;12;921
1;2025-12-06;13;976
1;2025-12-06;14;910
1;2025-12-06;15;809
1;2025-12-06;16;766
1;2025-12-06;17;692
1;2025-12-06;18;616
1;2025-12-06;19;546
1;2025-12-06;20;414
1;2025-12-06;21;305
1;2025-12-06;22;140
1;2025-12-06;23;38
1;2025-12-07;0;6
1;2025-12-07;1;0
1;2025-12-07;2;0
1;2025-12-07;3;0
1;2025-12-07;4;0
1;2025-12-07;5;25
1;2025-12-07;6;127
1;2025-12-07;7;247
1;2025-12-07;8;345
1;2025-12-07;9;559
1;2025-12-07;10;661
1;2025-12-07;11;664
1;2025-12-07;12;828
1;2025-12-07;13;882
1;2025-12-07;14;818
1;2025-12-07;15;706
1;2025-12-07;16;640
1;2025-12-07;17;578
1;2025-12-07;18;515
1;2025-12-07;19;453
1;2025-12-07;20;356
1;2025-12-07;21;266
1;2025-12-07;22;113
1;2025-12-07;23;33
1;2025-12-08;0;2
1;2025-12-08;1;0
1;2025-12-08;2;0
1;2025-12-08;3;0
1;2025-12-08;4;7
1;2025-12-08;5;132
1;2025-12-08;6;513
1;2025-12-08;7;1451
1;2025-12-08;8;1844
1;2025-12-08;9;1389
1;2025-12-08;10;1242
1;2025-12-08;11;1294
1;2025-12-08;12;1335
1;2025-12-08;13;1358
1;2025-12-08;14;1312
1;2025-12-08;15;1451
1;2025-12-08;16;1473
1;2025-12-08;17;1722
1;2025-12-08;18;1744
1;2025-12-08;19;1331
1;2025-12-08;20;831
1;2025-12-08;21;443
1;2025-12-08;22;223
1;2025-12-08;23;48
1;2025-12-09;0;4
1;2025-12-09;1;0
1;2025-12-09;2;0
1;2025-12-09;3;0
1;2025-12-09;4;6
1;2025-12-09;5;134
1;2025-12-09;6;524
1;2025-12-09;7;1467
1;2025-12-09;8;1878
1;2025-12-09;9;1435
1;2025-12-09;10;1296
1;2025-12-09;11;1338
1;2025-12-09;12;1368
1;2025-12-09;13;1400
1;2025-12-09;14;1340
1;2025-12-09;15;1485
1;2025-12-09;16;1486
1;2025-12-09;17;1742
1;2025-12-09;18;1763
1;2025-12-09;19;1353
1;2025-12-09;20;847
1;2025-12-09;21;464
1;2025-12-09;22;244
1;2025-12-09;23;54
1;2025-12-10;0;6
1;2025-12-10;1;0
1;2025-12-10;2;0
1;2025-12-10;3;0
1;2025-12-10;4;7
1;2025-12-10;5;134
1;2025-12-10;6;525
1;2025-12-10;7;1466
1;2025-12-10;8;1870
1;2025-12-10;9;1431
1;2025-12-10;10;1290
1;2025-12-10;11;1335
1;2025-12-10;12;1367
1;2025-12-10;13;1402
1;2025-12-10;14;1337
1;2025-12-10;15;1478
1;2025-12-10;16;1483
1;2025-12-10;17;1743
1;2025-12-10;18;1763
1;2025-12-10;19;1352
1;2025-12-10;20;844
1;2025-12-10;21;464
1;2025-12-10;22;246
1;2025-12-10;23;54
1;2025-12-11;0;6
1;2025-12-11;1;0
1;2025-12-11;2;0
1;2025-12-11;3;0
1;2025-12-11;4;6
1;2025-12-11;5;132
1;2025-12-11;6;525
1;2025-12-11;7;1469
1;2025-12-11;8;1872
1;2025-12-11;9;1434
1;2025-12-11;10;1292
1;2025-12-11;11;1338
1;2025-12-11;12;1369
1;2025-12-11;13;1404
1;2025-12-11;14;1338
1;2025-12-11;15;1479
1;2025-12-11;16;1485
1;2025-12-11;17;1742
1;2025-12-11;18;1762
1;2025-12-11;19;1352
1;2025-12-11;20;846
1;2025-12-11;21;466
1;2025-12-11;22;246
1;2025-12-11;23;55
1;2025-12-12;0;6
1;2025-12-12;1;0
1;2025-12-12;2;0
1;2025-12-12;3;0
1;2025-12-12;4;6
1;2025-12-12;5;134
1;2025-12-12;6;514
1;2025-12-12;7;1447
1;2025-12-12;8;1831
1;2025-12-12;9;1410
1;2025-12-12;10;1268
1;2025-12-12;11;1330
1;2025-12-12;12;1355
1;2025-12-12;13;1385
1;2025-12-12;14;1341
1;2025-12-12;15;1491
1;2025-12-12;16;1520
1;2025-12-12;17;1723
1;2025-12-12;18;1607
1;2025-12-12;19;1295
1;2025-12-12;20;808
1;2025-12-12;21;459
1;2025-12-12;22;242
1;2025-12-12;23;60
1;2025-12-13;0;8
1;2025-12-13;1;0
1;2025-12-13;2;0
1;2025-12-13;3;0
1;2025-12-13;4;2
1;2025-12-13;5;35
1;2025-12-13;6;181
1;2025-12-13;7;349
1;2025-12-13;8;449
1;2025-12-13;9;703
1;2025-12-13;10;811
1;2025-12-13;11;759
1;2025-12-13;12;921
1;2025-12-13;13;976
1;2025-12-13;14;910
1;2025-12-13;15;809
1;2025-12-13;16;766
1;2025-12-13;17;692
1;2025-12-13;18;616
1;2025-12-13;19;546
1;2025-12-13;20;414
1;2025-12-13;21;305
1;2025-12-13;22;140
1;2025-12-13;23;38
1;2025-12-14;0;6
1;2025-12-14;1;0
1;2025-12-14;2;0
1;2025-12-14;3;0
1;2025-12-14;4;0
1;2025-12-14;5;25
1;2025-12-14;6;127
1;2025-12-14;7;247
1;2025-12-14;8;345
1;2025-12-14;9;559
1;2025-12-14;10;661
1;2025-12-14;11;664
1;2025-12-14;12;828
1;2025-12-14;13;882
1;2025-12-14;14;818
1;2025-12-14;15;706
1;2025-12-14;16;640
1;2025-12-14;17;578
1;2025-12-14;18;515
1;2025-12-14;19;453
1;2025-12-14;20;356
1;2025-12-14;21;266
1;2025-12-14;22;113
1;2025-12-14;23;33
1;2025-12-15;0;2
1;2025-12-15;1;0
1;2025-12-15;2;0
1;2025-12-15;3;0
1;2025-12-15;4;7
1;2025-12-15;5;132
1;2025-12-15;6;513
1;2025-12-15;7;1451
1;2025-12-15;8;1844
1;2025-12-15;9;1389
1;2025-12-15;10;1242
1;2025-12-15;11;1294
1;2025-12-15;12;1335
1;2025-12-15;13;1358
1;2025-12-15;14;1312
1;2025-12-15;15;1451
1;2025-12-15;16;1473
1;2025-12-15;17;1722
1;2025-12-15;18;1744
1;2025-12-15;19;1331
1;2025-12-15;20;831
1;2025-12-15;21;443
1;2025-12-15;22;223
1;2025-12-15;23;48
1;2025-12-16;0;4
1;2025-12-16;1;0
1;2025-12-16;2;0
1;2025-12-16;3;0
1;2025-12-16;4;6
1;2025-12-16;5;134
1;2025-12-16;6;524
1;2025-12-16;7;1467
1;2025-12-16;8;1878
1;2025-12-16;9;1435
1;2025-12-16;10;1296
1;2025-12-16;11;1338
1;2025-12-16;12;1368
1;2025-12-16;13;1400
1;2025-12-16;14;1340
1;2025-12-16;15;1485
1;2025-12-16;16;1486
1;2025-12-16;17;1742
1;2025-12-16;18;1763
1;2025-12-16;19;1353
1;2025-12-16;20;847
1;2025-12-16;21;464
1;2025-12-16;22;244
1;2025-12-16;23;54
1;2025-12-17;0;6
1;2025-12-17;1;0
1;2025-12-17;2;0
1;2025-12-17;3;0
1;2025-12-17;4;7
1;2025-12-17;5;134
1;2025-12-17;6;525
1;2025-12-17;7;1466
1;2025-12-17;8;1870
1;2025-12-17;9;1431
1;2025-12-17;10;1290
1;2025-12-17;11;1335
1;2025-12-17;12;1367
1;2025-12-17;13;1402
1;2025-12-17;14;1337
1;2025-12-17;15;1478
1;2025-12-17;16;1483
1;2025-12-17;17;1743
1;2025-12-17;18;1763
1;2025-12-17;19;1352
1;2025-12-17;20;844
1;2025-12-17;21;464
1;2025-12-17;22;246
1;2025-12-17;23;54
1;2025-12-18;0;6
1;2025-12-18;1;0
1;2025-12-18;2;0
1;2025-12-18;3;0
1;2025-12-18;4;6
1;2025-12-18;5;132
1;2025-12-18;6;525
1;2025-12-18;7;1469
1;2025-12-18;8;1872
1;2025-12-18;9;1434
1;2025-12-18;10;1292
1;2025-12-18;11;1338
1;2025-12-18;12;1369
1;2025-12-18;13;1404
1;2025-12-18;14;1338
1;2025-12-18;15;1479
1;2025-12-18;16;1485
1;2025-12-18;17;1742
1;2025-12-18;18;1762
1;2025-12-18;19;1352
1;2025-12-18;20;846
1;2025-12-18;21;466
1;2025-12-18;22;246
1;2025-12-18;23;55
1;2025-12-19;0;6
1;2025-12-19;1;0
1;2025-12-19;2;0
1;2025-12-19;3;0
1;2025-12-19;4;6
1;2025-12-19;5;134
1;2025-12-19;6;514
1;2025-12-19;7;1447
1;2025-12-19;8;1831
1;2025-12-19;9;1410
1;2025-12-19;10;1268
1;2025-12-19;11;1330
1;2025-12-19;12;1355
1;2025-12-19;13;1385
1;2025-12-19;14;1341
1;2025-12-19;15;1491
1;2025-12-19;16;1520
1;2025-12-19;17;1723
1;2025-12-19;18;1607
1;2025-12-19;19;1295
1;2025-12-19;20;808
1;2025-12-19;21;459
1;2025-12-19;22;242
1;2025-12-19;23;60
1;2025-12-20;0;8
1;2025-12-20;1;0
1;2025-12-20;2;0
1;2025-12-20;3;0
1;2025-12-20;4;2
1;2025-12-20;5;35
1;2025-12-20;6;181
1;2025-12-20;7;349
1;2025-12-20;8;449
1;2025-12-20;9;703
1;2025-12-20;10;811
1;2025-12-20;11;759
1;2025-12-20;12;921
1;2025-12-20;13;976
1;2025-12-20;14;910
1;2025-12-20;15;809
1;2025-12-20;16;766
1;2025-12-20;17;692
1;2025-12-20;18;616
1;2025-12-20;19;546
1;2025-12-20;20;414
1;2025-12-20;21;305
1;2025-12-20;22;140
1;2025-12-20;23;38
1;2025-12-21;0;6
1;2025-12-21;1;0
1;2025-12-21;2;0
1;2025-12-21;3;0
1;2025-12-21;4;0
1;2025-12-21;5;25
1;2025-12-21;6;127
1;2025-12-21;7;247
1;2025-12-21;8;345
1;2025-12-21;9;559
1;2025-12-21;10;661
1;2025-12-21;11;664
1;2025-12-21;12;828
1;2025-12-21;13;882
1;2025-12-21;14;818
1;2025-12-21;15;706
1;2025-12-21;16;640
1;2025-12-21;17;578
1;2025-12-21;18;515
1;2025-12-21;19;453
1;2025-12-21;20;356
1;2025-12-21;21;266
1;2025-12-21;22;113
1;2025-12-21;23;33
1;2025-12-22;0;2
1;2025-12-22;1;0
1;2025-12-22;2;0
1;2025-12-22;3;0
1;2025-12-22;4;7
1;2025-12-22;5;132
1;2025-12-22;6;513
1;2025-12-22;7;1451
1;2025-12-22;8;1844
1;2025-12-22;9;1389
1;2025-12-22;10;1242
1;2025-12-22;11;1294
1;2025-12-22;12;1335
1;2025-12-22;13;1358
1;2025-12-22;14;1312
1;2025-12-22;15;1451
1;2025-12-22;16;1473
1;2025-12-22;17;1722
1;2025-12-22;18;1744
1;2025-12-22;19;1331
1;2025-12-22;20;831
1;2025-12-22;21;443
1;2025-12-22;22;223
1;2025-12-22;23;48
1;2025-12-23;0;4
1;2025-12-23;1;0
1;2025-12-23;2;0
1;2025-12-23;3;0
1;2025-12-23;4;6
1;2025-12-23;5;134
1;2025-12-23;6;524
1;2025-12-23;7;1467
1;2025-12-23;8;1878
1;2025-12-23;9;1435
1;2025-12-23;10;1296
1;2025-12-23;11;1338
1;2025-12-23;12;1368
1;2025-12-23;13;1400
1;2025-12-23;14;1340
1;2025-12-23;15;1485
1;2025-12-23;16;1486
1;2025-12-23;17;1742
1;2025-12-23;18;1763
1;2025-12-23;19;1353
1;2025-12-23;20;847
1;2025-12-23;21;464
1;2025-12-23;22;244
1;2025-12-23;23;54
1;2025-12-24;0;6
1;2025-12-24;1;0
1;2025-12-24;2;0
1;2025-12-24;3;0
1;2025-12-24;4;7
1;2025-12-24;5;134
1;2025-12-24;6;525
1;2025-12-24;7;1466
1;2025-12-24;8;1870
1;2025-12-24;9;1431
1;2025-12-24;10;1290
1;2025-12-24;11;1335
1;2025-12-24;12;1367
1;2025-12-24;13;1402
1;2025-12-24;14;1337
1;2025-12-24;15;1478
1;2025-12-24;16;1483
1;2025-12-24;17;1743
1;2025-12-24;18;1763
1;2025-12-24;19;1352
1;2025-12-24;20;844
1;2025-12-24;21;464
1;2025-12-24;22;246
1;2025-12-24;23;54
1;2025-12-25;0;6
1;2025-12-25;1;0
1;2025-12-25;2;0
1;2025-12-25;3;0
1;2025-12-25;4;6
1;2025-12-25;5;132
1;2025-12-25;6;525
1;2025-12-25;7;1469
1;2025-12-25;8;1872
1;2025-12-25;9;1434
1;2025-12-25;10;1292
1;2025-12-25;11;1338
1;2025-12-25;12;1369
1;2025-12-25;13;1404
1;2025-12-25;14;1338
1;2025-12-25;15;1479
1;2025-12-25;16;1485
1;2025-12-25;17;1742
1;2025-12-25;18;1762
1;2025-12-25;19;1352
1;2025-12-25;20;846
1;2025-12-25;21;466
1;2025-12-25;22;246
1;2025-12-25;23;55
1;2025-12-26;0;6
1;2025-12-26;1;0
1;2025-12-26;2;0
1;2025-12-26;3;0
1;2025-12-26;4;6
1;2025-12-26;5;134
1;2025-12-26;6;514
1;2025-12-26;7;1447
1;2025-12-26;8;1831
1;2025-12-26;9;1410
1;2025-12-26;10;1268
1;2025-12-26;11;1330
1;2025-12-26;12;1355
1;2025-12-26;13;1385
1;2025-12-26;14;1341
1;2025-12-26;15;1491
1;2025-12-26;16;1520
1;2025-12-26;17;1723
1;2025-12-26;18;1607
1;2025-12-26;19;1295
1;2025-12-26;20;808
1;2025-12-26;21;459
1;2025-12-26;22;242
1;2025-12-26;23;60
1;2025-12-27;0;8
1;2025-12-27;1;0
1;2025-12-27;2;0
1;2025-12-27;3;0
1;2025-12-27;4;2
1;2025-12-27;5;35
1;2025-12-27;6;181
1;2025-12-27;7;349
1;2025-12-27;8;449
1;2025-12-27;9;703
1;2025-12-27;10;811
1;2025-12-27;11;759
1;2025-12-27;12;921
1;2025-12-27;13;976
1;2025-12-27;14;910
1;2025-12-27;15;809
1;2025-12-27;16;766
1;2025-12-27;17;692
1;2025-12-27;18;616
1;2025-12-27;19;546
1;2025-12-27;20;414
1;2025-12-27;21;305
1;2025-12-27;22;140
1;2025-12-27;23;38
1;2025-12-28;0;6
1;2025-12-28;1;0
1;2025-12-28;2;0
1;2025-12-28;3;0
1;2025-12-28;4;0
1;2025-12-28;5;25
1;2025-12-28;6;127
1;2025-12-28;7;247
1;2025-12-28;8;345
1;2025-12-28;9;559
1;2025-12-28;10;661
1;2025-12-28;11;664
1;2025-12-28;12;828
1;2025-12-28;13;882
1;2025-12-28;14;818
1;2025-12-28;15;706
1;2025-12-28;16;640
1;2025-12-28;17;578
1;2025-12-28;18;515
1;2025-12-28;19;453
1;2025-12-28;20;356
1;2025-12-28;21;266
1;2025-12-28;22;113
1;2025-12-28;23;33
1;2025-12-29;0;2
1;2025-12-29;1;0
1;2025-12-29;2;0
1;2025-12-29;3;0
1;2025-12-29;4;7
1;2025-12-29;5;132
1;2025-12-29;6;513
1;2025-12-29;7;1451
1;2025-12-29;8;1844
1;2025-12-29;9;1389
1;2025-12-29;10;1242
1;2025-12-29;11;1294
1;2025-12-29;12;1335
1;2025-12-29;13;1358
1;2025-12-29;14;1312
1;2025-12-29;15;1451
1;2025-12-29;16;1473
1;2025-12-29;17;1722
1;2025-12-29;18;1744
1;2025-12-29;19;1331
1;2025-12-29;20;831
1;2025-12-29;21;443
1;2025-12-29;22;223
1;2025-12-29;23;48
1;2025-12-30;0;4
1;2025-12-30;1;0
1;2025-12-30;2;0
1;2025-12-30;3;0
1;2025-12-30;4;6
1;2025-12-30;5;134
1;2025-12-30;6;524
1;2025-12-30;7;1467
1;2025-12-30;8;1878
1;2025-12-30;9;1435
1;2025-12-30;10;1296
1;2025-12-30;11;1338
1;2025-12-30;12;1368
1;2025-12-30;13;1400
1;2025-12-30;14;1340
1;2025-12-30;15;1485
1;2025-12-30;16;1486
1;2025-12-30;17;1742
1;2025-12-30;18;1763
1;2025-12-30;19;1353
1;2025-12-30;20;847
1;2025-12-30;21;464
1;2025-12-30;22;244
1;2025-12-30;23;54
1;2025-12-31;0;0
1;2025-12-31;1;0
1;2025-12-31;2;0
1;2025-12-31;3;0
1;2025-12-31;4;0
1;2025-12-31;5;37
1;2025-12-31;6;234
1;2025-12-31;7;720
1;2025-12-31;8;632
1;2025-12-31;9;561
1;2025-12-31;10;649
1;2025-12-31;11;657
1;2025-12-31;12;806
1;2025-12-31;13;836
1;2025-12-31;14;805
1;2025-12-31;15;732
1;2025-12-31;16;663
1;2025-12-31;17;705
1;2025-12-31;18;668
1;2025-12-31;19;549
1;2025-12-31;20;422
1;2025-12-31;21;348
1;2025-12-31;22;190
1;2025-12-31;23;23
5;2025-11-01;0;0
5;2025-11-01;1;0
5;2025-11-01;2;0
5;2025-11-01;3;0
5;2025-11-01;4;0
5;2025-11-01;5;0
5;2025-11-01;6;0
5;2025-11-01;7;0
5;2025-11-01;8;0
5;2025-11-01;9;0
5;2025-11-01;10;0
5;2025-11-01;11;0
5;2025-11-01;12;0
5;2025-11-01;13;0
5;2025-11-01;14;0
5;2025-11-01;15;0
5;2025-11-01;16;0
5;2025-11-01;17;0
5;2025-11-01;18;0
5;2025-11-01;19;0
5;2025-11-01;20;0
5;2025-11-01;21;0
5;2025-11-01;22;0
5;2025-11-01;23;0
5;2025-11-02;0;0
5;2025-11-02;1;0
5;2025-11-02;2;0
5;2025-11-02;3;0
5;2025-11-02;4;0
5;2025-11-02;5;0
5;2025-11-02;6;0
5;2025-11-02;7;0
5;2025-11-02;8;0
5;2025-11-02;9;0
5;2025-11-02;10;0
5;2025-11-02;11;0
5;2025-11-02;12;0
5;2025-11-02;13;0
5;2025-11-02;14;0
5;2025-11-02;15;0
5;2025-11-02;16;0
5;2025-11-02;17;0
5;2025-11-02;18;0
5;2025-11-02;19;0
5;2025-11-02;20;0
5;2025-11-02;21;0
5;2025-11-02;22;0
5;2025-11-02;23;0
5;2025-11-03;0;0
5;2025-11-03;1;0
5;2025-11-03;2;0
5;2025-11-03;3;0
5;2025-11-03;4;0
5;2025-11-03;5;0
5;2025-11-03;6;0
5;2025-11-03;7;0
5;2025-11-03;8;0
5;2025-11-03;9;0
5;2025-11-03;10;0
5;2025-11-03;11;0
5;2025-11-03;12;0
5;2025-11-03;13;0
5;2025-11-03;14;0
5;2025-11-03;15;0
5;2025-11-03;16;0
5;2025-11-03;17;0
5;2025-11-03;18;0
5;2025-11-03;19;0
5;2025-11-03;20;0
5;2025-11-03;21;0
5;2025-11-03;22;0
5;2025-11-03;23;0
5;2025-11-04;0;0
5;2025-11-04;1;0
5;2025-11-04;2;0
5;2025-11-04;3;0
5;2025-11-04;4;0
5;2025-11-04;5;0
5;2025-11-04;6;0
5;2025-11-04;7;0
5;2025-11-04;8;0
5;2025-11-04;9;0
5;2025-11-04;10;0
5;2025-11-04;11;0
5;2025-11-04;12;0
5;2025-11-04;13;0
5;2025-11-04;14;0
5;2025-11-04;15;0
5;2025-11-04;16;0
5;2025-11-04;17;0
5;2025-11-04;18;0
5;2025-11-04;19;0
5;2025-11-04;20;0
5;2025-11-04;21;0
5;2025-11-04;22;0
5;2025-11-04;23;0
5;2025-11-05;0;0
5;2025-11-05;1;0
5;2025-11-05;2;0
5;2025-11-05;3;0
5;2025-11-05;4;0
5;2025-11-05;5;0
5;2025-11-05;6;0
5;2025-11-05;7;0
5;2025-11-05;8;0
5;2025-11-05;9;0
5;2025-11-05;10;0
5;2025-11-05;11;0
5;2025-11-05;12;0
5;2025-11-05;13;0
5;2025-11-05;14;0
5;2025-11-05;15;0
5;2025-11-05;16;0
5;2025-11-05;17;0
5;2025-11-05;18;0
5;2025-11-05;19;0
5;2025-11-05;20;0
5;2025-11-05;21;0
5;2025-11-05;22;0
5;2025-11-05;23;0
5;2025-11-06;0;0
5;2025-11-06;1;0
5;2025-11-06;2;0
5;2025-11-06;3;0
5;2025-11-06;4;0
5;2025-11-06;5;0
5;2025-11-06;6;0
5;2025-11-06;7;0
5;2025-11-06;8;0
5;2025-11-06;9;0
5;2025-11-06;10;0
5;2025-11-06;11;0
5;2025-11-06;12;0
5;2025-11-06;13;0
5;2025-11-06;14;0
5;2025-11-06;15;0
5;2025-11-06;16;0
5;2025-11-06;17;0
5;2025-11-06;18;0
5;2025-11-06;19;0
5;2025-11-06;20;0
5;2025-11-06;21;0
5;2025-11-06;22;0
5;2025-11-06;23;0
5;2025-11-07;0;0
5;2025-11-07;1;0
5;2025-11-07;2;0
5;2025-11-07;3;0
5;2025-11-07;4;0
5;2025-11-07;5;0
5;2025-11-07;6;0
5;2025-11-07;7;0
5;2025-11-07;8;0
5;2025-11-07;9;0
5;2025-11-07;10;0
5;2025-11-07;11;0
5;2025-11-07;12;0
5;2025-11-07;13;0
5;2025-11-07;14;0
5;2025-11-07;15;0
5;2025-11-07;16;0
5;2025-11-07;17;0
5;2025-11-07;18;0
5;2025-11-07;19;0
5;2025-11-07;20;0
5;2025-11-07;21;0
5;2025-11-07;22;0
5;2025-11-07;23;0
5;2025-11-08;0;0
5;2025-11-08;1;0
5;2025-11-08;2;0
5;2025-11-08;3;0
5;2025-11-08;4;0
5;2025-11-08;5;0
5;2025-11-08;6;0
5;2025-11-08;7;0
5;2025-11-08;8;0
5;2025-11-08;9;0
5;2025-11-08;10;0
5;2025-11-08;11;0
5;2025-11-08;12;0
5;2025-11-08;13;0
5;2025-11-08;14;0
5;2025-11-08;15;0
5;2025-11-08;16;0
5;2025-11-08;17;0
5;2025-11-08;18;0
5;2025-11-08;19;0
5;2025-11-08;20;0
5;2025-11-08;21;0
5;2025-11-08;22;0
5;2025-11-08;23;0
5;2025-11-09;0;0
5;2025-11-09;1;0
5;2025-11-09;2;0
5;2025-11-09;3;0
5;2025-11-09;4;0
5;2025-11-09;5;0
5;2025-11-09;6;0
5;2025-11-09;7;0
5;2025-11-09;8;0
5;2025-11-09;9;0
5;2025-11-09;10;0
5;2025-11-09;11;0
5;2025-11-09;12;0
5;2025-11-09;13;0
5;2025-11-09;14;0
5;2025-11-09;15;0
5;2025-11-09;16;0
5;2025-11-09;17;0
5;2025-11-09;18;0
5;2025-11-09;19;0
5;2025-11-09;20;0
5;2025-11-09;21;0
5;2025-11-09;22;0
5;2025-11-09;23;0
5;2025-11-10;0;0
5;2025-11-10;1;0
5;2025-11-10;2;0
5;2025-11-10;3;0
5;2025-11-10;4;0
5;2025-11-10;5;0
5;2025-11-10;6;0
5;2025-11-10;7;0
5;2025-11-10;8;0
5;2025-11-10;9;0
5;2025-11-10;10;0
5;2025-11-10;11;0
5;2025-11-10;12;0
5;2025-11-10;13;0
5;2025-11-10;14;0
5;2025-11-10;15;0
5;2025-11-10;16;0
5;2025-11-10;17;0
5;2025-11-10;18;0
5;2025-11-10;19;0
5;2025-11-10;20;0
5;2025-11-10;21;0
5;2025-11-10;22;0
5;2025-11-10;23;0
5;2025-11-11;0;0
5;2025-11-11;1;0
5;2025-11-11;2;0
5;2025-11-11;3;0
5;2025-11-11;4;0
5;2025-11-11;5;0
5;2025-11-11;6;0
5;2025-11-11;7;0
5;2025-11-11;8;0
5;2025-11-11;9;0
5;2025-11-11;10;0
5;2025-11-11;11;0
5;2025-11-11;12;0
5;2025-11-11;13;0
5;2025-11-11;14;0
5;2025-11-11;15;0
5;2025-11-11;16;0
5;2025-11-11;17;0
5;2025-11-11;18;0
5;2025-11-11;19;0
5;2025-11-11;20;0
5;2025-11-11;21;0
5;2025-11-11;22;0
5;2025-11-11;23;0
5;2025-11-12;0;0
5;2025-11-12;1;0
5;2025-11-12;2;0
5;2025-11-12;3;0
5;2025-11-12;4;0
5;2025-11-12;5;0
5;2025-11-12;6;0
5;2025-11-12;7;0
5;2025-11-12;8;0
5;2025-11-12;9;0
5;2025-11-12;10;0
5;2025-11-12;11;0
5;2025-11-12;12;0
5;2025-11-12;13;0
5;2025-11-12;14;0
5;2025-11-12;15;0
5;2025-11-12;16;0
5;2025-11-12;17;0
5;2025-11-12;18;0
5;2025-11-12;19;0
5;2025-11-12;20;0
5;2025-11-12;21;0
5;2025-11-12;22;0
5;2025-11-12;23;0
5;2025-11-13;0;0
5;2025-11-13;1;0
5;2025-11-13;2;0
5;2025-11-13;3;0
5;2025-11-13;4;0
5;2025-11-13;5;0
5;2025-11-13;6;0
5;2025-11-13;7;0
5;2025-11-13;8;0
5;2025-11-13;9;0
5;2025-11-13;10;0
5;2025-11-13;11;0
5;2025-11-13;12;0
5;2025-11-13;13;0
5;2025-11-13;14;0
5;2025-11-13;15;0
5;2025-11-13;16;0
5;2025-11-13;17;0
5;2025-11-13;18;0
5;2025-11-13;19;0
5;2025-11-13;20;0
5;2025-11-13;21;0
5;2025-11-13;22;0
5;2025-11-13;23;0
5;2025-11-14;0;0
5;2025-11-14;1;0
5;2025-11-14;2;0
5;2025-11-14;3;0
5;2025-11-14;4;0
5;2025-11-14;5;0
5;2025-11-14;6;0
5;2025-11-14;7;0
5;2025-11-14;8;0
5;2025-11-14;9;0
5;2025-11-14;10;0
5;2025-11-14;11;0
5;2025-11-14;12;0
5;2025-11-14;13;0
5;2025-11-14;14;0
5;2025-11-14;15;0
5;2025-11-14;16;0
5;2025-11-14;17;0
5;2025-11-14;18;0
5;2025-11-14;19;0
5;2025-11-14;20;0
5;2025-11-14;21;0
5;2025-11-14;22;0
5;2025-11-14;23;0
5;2025-11-15;0;0
5;2025-11-15;1;0
5;2025-11-15;2;0
5;2025-11-15;3;0
5;2025-11-15;4;0
5;2025-11-15;5;0
5;2025-11-15;6;0
5;2025-11-15;7;0
5;2025-11-15;8;0
5;2025-11-15;9;0
5;2025-11-15;10;0
5;2025-11-15;11;0
5;2025-11-15;12;0
5;2025-11-15;13;0
5;2025-11-15;14;0
5;2025-11-15;15;0
5;2025-11-15;16;0
5;2025-11-15;17;0
5;2025-11-15;18;0
5;2025-11-15;19;0
5;2025-11-15;20;0
5;2025-11-15;21;0
5;2025-11-15;22;0
5;2025-11-15;23;0
5;2025-11-16;0;0
5;2025-11-16;1;0
5;2025-11-16;2;0
5;2025-11-16;3;0
5;2025-11-16;4;0
5;2025-11-16;5;0
5;2025-11-16;6;0
5;2025-11-16;7;0
5;2025-11-16;8;0
5;2025-11-16;9;0
5;2025-11-16;10;0
5;2025-11-16;11;0
5;2025-11-16;12;0
5;2025-11-16;13;0
5;2025-11-16;14;0
5;2025-11-16;15;0
5;2025-11-16;16;0
5;2025-11-16;17;0
5;2025-11-16;18;0
5;2025-11-16;19;0
5;2025-11-16;20;0
5;2025-11-16;21;0
5;2025-11-16;22;0
5;2025-11-16;23;0
5;2025-11-17;0;0
5;2025-11-17;1;0
5;2025-11-17;2;0
5;2025-11-17;3;0
5;2025-11-17;4;0
5;2025-11-17;5;0
5;2025-11-17;6;0
5;2025-11-17;7;0
5;2025-11-17;8;0
5;2025-11-17;9;0
5;2025-11-17;10;0
5;2025-11-17;11;0
5;2025-11-17;12;0
5;2025-11-17;13;0
5;2025-11-17;14;0
5;2025-11-17;15;0
5;2025-11-17;16;0
5;2025-11-17;17;0
5;2025-11-17;18;0
5;2025-11-17;19;0
5;2025-11-17;20;0
5;2025-11-17;21;0
5;2025-11-17;22;0
5;2025-11-17;23;0
5;2025-11-18;0;0
5;2025-11-18;1;0
5;2025-11-18;2;0
5;2025-11-18;3;0
5;2025-11-18;4;0
5;2025-11-18;5;0
5;2025-11-18;6;0
5;2025-11-18;7;0
5;2025-11-18;8;0
5;2025-11-18;9;0
5;2025-11-18;10;0
5;2025-11-18;11;0
5;2025-11-18;12;0
5;2025-11-18;13;0
5;2025-11-18;14;0
5;2025-11-18;15;0
5;2025-11-18;16;0
5;2025-11-18;17;0
5;2025-11-18;18;0
5;2025-11-18;19;0
5;2025-11-18;20;0
5;2025-11-18;21;0
5;2025-11-18;22;0
5;2025-11-18;23;0
5;2025-11-19;0;0
5;2025-11-19;1;0
5;2025-11-19;2;0
5;2025-11-19;3;0
5;2025-11-19;4;0
5;2025-11-19;5;0
5;2025-11-19;6;0
5;2025-11-19;7;0
5;2025-11-19;8;0
5;2025-11-19;9;0
5;2025-11-19;10;0
5;2025-11-19;11;0
5;2025-11-19;12;0
5;2025-11-19;13;0
5;2025-11-19;14;0
5;2025-11-19;15;0
5;2025-11-19;16;0
5;2025-11-19;17;0
5;2025-11-19;18;0
5;2025-11-19;19;0
5;2025-11-19;20;0
5;2025-11-19;21;0
5;2025-11-19;22;0
5;2025-11-19;23;0
5;2025-11-20;0;0
5;2025-11-20;1;0
5;2025-11-20;2;0
5;2025-11-20;3;0
5;2025-11-20;4;0
5;2025-11-20;5;0
5;2025-11-20;6;0
5;2025-11-20;7;0
5;2025-11-20;8;0
5;2025-11-20;9;0
5;2025-11-20;10;0
5;2025-11-20;11;0
5;2025-11-20;12;0
5;2025-11-20;13;0
5;2025-11-20;14;0
5;2025-11-20;15;0
5;2025-11-20;16;0
5;2025-11-20;17;0
5;2025-11-20;18;0
5;2025-11-20;19;0
5;2025-11-20;20;0
5;2025-11-20;21;0
5;2025-11-20;22;0
5;2025-11-20;23;0
5;2025-11-21;0;0
5;2025-11-21;1;0
5;2025-11-21;2;0
5;2025-11-21;3;0
5;2025-11-21;4;0
5;2025-11-21;5;0
5;2025-11-21;6;0
5;2025-11-21;7;0
5;2025-11-21;8;0
5;2025-11-21;9;0
5;2025-11-21;10;0
5;2025-11-21;11;0
5;2025-11-21;12;0
5;2025-11-21;13;0
5;2025-11-21;14;0
5;2025-11-21;15;0
5;2025-11-21;16;0
5;2025-11-21;17;0
5;2025-11-21;18;0
5;2025-11-21;19;0
5;2025-11-21;20;0
5;2025-11-21;21;0
5;2025-11-21;22;0
5;2025-11-21;23;0
5;2025-11-22;0;0
5;2025-11-22;1;0
5;2025-11-22;2;0
5;2025-11-22;3;0
5;2025-11-22;4;0
5;2025-11-22;5;0
5;2025-11-22;6;0
5;2025-11-22;7;0
5;2025-11-22;8;0
5;2025-11-22;9;0
5;2025-11-22;10;0
5;2025-11-22;11;0
5;2025-11-22;12;0
5;2025-11-22;13;0
5;2025-11-22;14;0
5;2025-11-22;15;0
5;2025-11-22;16;0
5;2025-11-22;17;0
5;2025-11-22;18;0
5;2025-11-22;19;0
5;2025-11-22;20;0
5;2025-11-22;21;0
5;2025-11-22;22;0
5;2025-11-22;23;0
5;2025-11-23;0;0
5;2025-11-23;1;0
5;2025-11-23;2;0
5;2025-11-23;3;0
5;2025-11-23;4;0
5;2025-11-23;5;0
5;2025-11-23;6;0
5;2025-11-23;7;0
5;2025-11-23;8;0
5;2025-11-23;9;0
5;2025-11-23;10;0
5;2025-11-23;11;0
5;2025-11-23;12;0
5;2025-11-23;13;0
5;2025-11-23;14;0
5;2025-11-23;15;0
5;2025-11-23;16;0
5;2025-11-23;17;0
5;2025-11-23;18;0
5;2025-11-23;19;0
5;2025-11-23;20;0
5;2025-11-23;21;0
5;2025-11-23;22;0
5;2025-11-23;23;0
5;2025-11-24;0;0
5;2025-11-24;1;0
5;2025-11-24;2;0
5;2025-11-24;3;0
5;2025-11-24;4;0
5;2025-11-24;5;0
5;2025-11-24;6;0
5;2025-11-24;7;0
5;2025-11-24;8;0
5;2025-11-24;9;0
5;2025-11-24;10;0
5;2025-11-24;11;0
5;2025-11-24;12;0
5;2025-11-24;13;0
5;2025-11-24;14;0
5;2025-11-24;15;0
5;2025-11-24;16;0
5;2025-11-24;17;0
5;2025-11-24;18;0
5;2025-11-24;19;0
5;2025-11-24;20;0
5;2025-11-24;21;0
5;2025-11-24;22;0
5;2025-11-24;23;0
5;2025-11-25;0;0
5;2025-11-25;1;0
5;2025-11-25;2;0
5;2025-11-25;3;0
5;2025-11-25;4;0
5;2025-11-25;5;0
5;2025-11-25;6;0
5;2025-11-25;7;0
5;2025-11-25;8;0
5;2025-11-25;9;0
5;2025-11-25;10;0
5;2025-11-25;11;0
5;2025-11-25;12;0
5;2025-11-25;13;0
5;2025-11-25;14;0
5;2025-11-25;15;0
5;2025-11-25;16;0
5;2025-11-25;17;0
5;2025-11-25;18;0
5;2025-11-25;19;0
5;2025-11-25;20;0
5;2025-11-25;21;0
5;2025-11-25;22;0
5;2025-11-25;23;0
5;2025-11-26;0;0
5;2025-11-26;1;0
5;2025-11-26;2;0
5;2025-11-26;3;0
5;2025-11-26;4;0
5;2025-11-26;5;0
5;2025-11-26;6;0
5;2025-11-26;7;0
5;2025-11-26;8;0
5;2025-11-26;9;0
5;2025-11-26;10;0
5;2025-11-26;11;0
5;2025-11-26;12;0
5;2025-11-26;13;0
5;2025-11-26;14;0
5;2025-11-26;15;0
5;2025-11-26;16;0
5;2025-11-26;17;0
5;2025-11-26;18;0
5;2025-11-26;19;0
5;2025-11-26;20;0
5;2025-11-26;21;0
5;2025-11-26;22;0
5;2025-11-26;23;0
5;2025-11-27;0;0
5;2025-11-27;1;0
5;2025-11-27;2;0
5;2025-11-27;3;0
5;2025-11-27;4;0
5;2025-11-27;5;0
5;2025-11-27;6;0
5;2025-11-27;7;0
5;2025-11-27;8;0
5;2025-11-27;9;0
5;2025-11-27;10;0
5;2025-11-27;11;0
5;2025-11-27;12;0
5;2025-11-27;13;0
5;2025-11-27;14;0
5;2025-11-27;15;0
5;2025-11-27;16;0
5;2025-11-27;17;0
5;2025-11-27;18;0
5;2025-11-27;19;0
5;2025-11-27;20;0
5;2025-11-27;21;0
5;2025-11-27;22;0
5;2025-11-27;23;0
5;2025-11-28;0;0
5;2025-11-28;1;0
5;2025-11-28;2;0
5;2025-11-28;3;0
5;2025-11-28;4;0
5;2025-11-28;5;0
5;2025-11-28;6;0
5;2025-11-28;7;0
5;2025-11-28;8;0
5;2025-11-28;9;0
5;2025-11-28;10;0
5;2025-11-28;11;0
5;2025-11-28;12;0
5;2025-11-28;13;0
5;2025-11-28;14;0
5;2025-11-28;15;0
5;2025-11-28;16;0
5;2025-11-28;17;0
5;2025-11-28;18;0
5;2025-11-28;19;0
5;2025-11-28;20;0
5;2025-11-28;21;0
5;2025-11-28;22;0
5;2025-11-28;23;0
5;2025-11-29;0;0
5;2025-11-29;1;0
5;2025-11-29;2;0
5;2025-11-29;3;0
5;2025-11-29;4;0
5;2025-11-29;5;0
5;2025-11-29;6;0
5;2025-11-29;7;0
5;2025-11-29;8;0
5;2025-11-29;9;0
5;2025-11-29;10;0
5;2025-11-29;11;0
5;2025-11-29;12;0
5;2025-11-29;13;0
5;2025-11-29;14;0
5;2025-11-29;15;0
5;2025-11-29;16;0
5;2025-11-29;17;0
5;2025-11-29;18;0
5;2025-11-29;19;0
5;2025-11-29;20;0
5;2025-11-29;21;0
5;2025-11-29;22;0
5;2025-11-29;23;0
5;2025-11-30;0;0
5;2025-11-30;1;0
5;2025-11-30;2;0
5;2025-11-30;3;0
5;2025-11-30;4;0
5;2025-11-30;5;0
5;2025-11-30;6;0
5;2025-11-30;7;0
5;2025-11-30;8;0
5;2025-11-30;9;0
5;2025-11-30;10;0
5;2025-11-30;11;0
5;2025-11-30;12;0
5;2025-11-30;13;0
5;2025-11-30;14;0
5;2025-11-30;15;0
5;2025-11-30;16;0
5;2025-11-30;17;0
5;2025-11-30;18;0
5;2025-11-30;19;0
5;2025-11-30;20;0
5;2025-11-30;21;0
5;2025-11-30;22;0
5;2025-11-30;23;0
5;2025-12-01;0;0
5;2025-12-01;1;0
5;2025-12-01;2;0
5;2025-12-01;3;0
5;2025-12-01;4;0
5;2025-12-01;5;0
5;2025-12-01;6;0
5;2025-12-01;7;0
5;2025-12-01;8;0
5;2025-12-01;9;0
5;2025-12-01;10;0
5;2025-12-01;11;0
5;2025-12-01;12;0
5;2025-12-01;13;0
5;2025-12-01;14;0
5;2025-12-01;15;0
5;2025-12-01;16;0
5;2025-12-01;17;0
5;2025-12-01;18;0
5;2025-12-01;19;0
5;2025-12-01;20;0
5;2025-12-01;21;0
5;2025-12-01;22;0
5;2025-12-01;23;0
5;2025-12-02;0;0
5;2025-12-02;1;0
5;2025-12-02;2;0
5;2025-12-02;3;0
5;2025-12-02;4;0
5;2025-12-02;5;0
5;2025-12-02;6;0
5;2025-12-02;7;0
5;2025-12-02;8;0
5;2025-12-02;9;0
5;2025-12-02;10;0
5;2025-12-02;11;0
5;2025-12-02;12;0
5;2025-12-02;13;0
5;2025-12-02;14;0
5;2025-12-02;15;0
5;2025-12-02;16;0
5;2025-12-02;17;0
5;2025-12-02;18;0
5;2025-12-02;19;0
5;2025-12-02;20;0
5;2025-12-02;21;0
5;2025-12-02;22;0
5;2025-12-02;23;0
5;2025-12-03;0;0
5;2025-12-03;1;0
5;2025-12-03;2;0
5;2025-12-03;3;0
5;2025-12-03;4;0
5;2025-12-03;5;0
5;2025-12-03;6;0
5;2025-12-03;7;0
5;2025-12-03;8;0
5;2025-12-03;9;0
5;2025-12-03;10;0
5;2025-12-03;11;0
5;2025-12-03;12;0
5;2025-12-03;13;0
5;2025-12-03;14;0
5;2025-12-03;15;0
5;2025-12-03;16;0
5;2025-12-03;17;0
5;2025-12-03;18;0
5;2025-12-03;19;0
5;2025-12-03;20;0
5;2025-12-03;21;0
5;2025-12-03;22;0
5;2025-12-03;23;0
5;2025-12-04;0;0
5;2025-12-04;1;0
5;2025-12-04;2;0
5;2025-12-04;3;0
5;2025-12-04;4;0
5;2025-12-04;5;0
5;2025-12-04;6;0
5;2025-12-04;7;0
5;2025-12-04;8;0
5;2025-12-04;9;0
5;2025-12-04;10;0
5;2025-12-04;11;0
5;2025-12-04;12;0
5;2025-12-04;13;0
5;2025-12-04;14;0
5;2025-12-04;15;0
5;2025-12-04;16;0
5;2025-12-04;17;0
5;2025-12-04;18;0
5;2025-12-04;19;0
5;2025-12-04;20;0
5;2025-12-04;21;0
5;2025-12-04;22;0
5;2025-12-04;23;0
5;2025-12-05;0;0
5;2025-12-05;1;0
5;2025-12-05;2;0
5;2025-12-05;3;0
5;2025-12-05;4;0
5;2025-12-05;5;0
5;2025-12-05;6;0
5;2025-12-05;7;0
5;2025-12-05;8;0
5;2025-12-05;9;0
5;2025-12-05;10;0
5;2025-12-05;11;0
5;2025-12-05;12;0
5;2025-12-05;13;0
5;2025-12-05;14;0
5;2025-12-05;15;0
5;2025-12-05;16;0
5;2025-12-05;17;0
5;2025-12-05;18;0
5;2025-12-05;19;0
5;2025-12-05;20;0
5;2025-12-05;21;0
5;2025-12-05;22;0
5;2025-12-05;23;0
5;2025-12-06;0;0
5;2025-12-06;1;0
5;2025-12-06;2;0
5;2025-12-06;3;0
5;2025-12-06;4;0
5;2025-12-06;5;0
5;2025-12-06;6;0
5;2025-12-06;7;0
5;2025-12-06;8;0
5;2025-12-06;9;0
5;2025-12-06;10;0
5;2025-12-06;11;0
5;2025-12-06;12;0
5;2025-12-06;13;0
5;2025-12-06;14;0
5;2025-12-06;15;0
5;2025-12-06;16;0
5;2025-12-06;17;0
5;2025-12-06;18;0
5;2025-12-06;19;0
5;2025-12-06;20;0
5;2025-12-06;21;0
5;2025-12-06;22;0
5;2025-12-06;23;0
5;2025-12-07;0;0
5;2025-12-07;1;0
5;2025-12-07;2;0
5;2025-12-07;3;0
5;2025-12-07;4;0
5;2025-12-07;5;0
5;2025-12-07;6;0
5;2025-12-07;7;0
5;2025-12-07;8;0
5;2025-12-07;9;0
5;2025-12-07;10;0
5;2025-12-07;11;0
5;2025-12-07;12;0
5;2025-12-07;13;0
5;2025-12-07;14;0
5;2025-12-07;15;0
5;2025-12-07;16;0
5;2025-12-07;17;0
5;2025-12-07;18;0
5;2025-12-07;19;0
5;2025-12-07;20;0
5;2025-12-07;21;0
5;2025-12-07;22;0
5;2025-12-07;23;0
5;2025-12-08;0;0
5;2025-12-08;1;0
5;2025-12-08;2;0
5;2025-12-08;3;0
5;2025-12-08;4;0
5;2025-12-08;5;0
5;2025-12-08;6;0
5;2025-12-08;7;0
5;2025-12-08;8;0
5;2025-12-08;9;0
5;2025-12-08;10;0
5;2025-12-08;11;0
5;2025-12-08;12;0
5;2025-12-08;13;0
5;2025-12-08;14;0
5;2025-12-08;15;0
5;2025-12-08;16;0
5;2025-12-08;17;0
5;2025-12-08;18;0
5;2025-12-08;19;0
5;2025-12-08;20;0
5;2025-12-08;21;0
5;2025-12-08;22;0
5;2025-12-08;23;0
5;2025-12-09;0;0
5;2025-12-09;1;0
5;2025-12-09;2;0
5;2025-12-09;3;0
5;2025-12-09;4;0
5;2025-12-09;5;0
5;2025-12-09;6;0
5;2025-12-09;7;0
5;2025-12-09;8;0
5;2025-12-09;9;0
5;2025-12-09;10;0
5;2025-12-09;11;0
5;2025-12-09;12;0
5;2025-12-09;13;0
5;2025-12-09;14;0
5;2025-12-09;15;0
5;2025-12-09;16;0
5;2025-12-09;17;0
5;2025-12-09;18;0
5;2025-12-09;19;0
5;2025-12-09;20;0
5;2025-12-09;21;0
5;2025-12-09;22;0
5;2025-12-09;23;0
5;2025-12-10;0;0
5;2025-12-10;1;0
5;2025-12-10;2;0
5;2025-12-10;3;0
5;2025-12-10;4;0
5;2025-12-10;5;0
5;2025-12-10;6;0
5;2025-12-10;7;0
5;2025-12-10;8;0
5;2025-12-10;9;0
5;2025-12-10;10;0
5;2025-12-10;11;0
5;2025-12-10;12;0
5;2025-12-10;13;0
5;2025-12-10;14;0
5;2025-12-10;15;0
5;2025-12-10;16;0
5;2025-12-10;17;0
5;2025-12-10;18;0
5;2025-12-10;19;0
5;2025-12-10;20;0
5;2025-12-10;21;0
5;2025-12-10;22;0
5;2025-12-10;23;0
5;2025-12-11;0;0
5;2025-12-11;1;0
5;2025-12-11;2;0
5;2025-12-11;3;0
5;2025-12-11;4;0
5;2025-12-11;5;0
5;2025-12-11;6;0
5;2025-12-11;7;0
5;2025-12-11;8;0
5;2025-12-11;9;0
5;2025-12-11;10;0
5;2025-12-11;11;0
5;2025-12-11;12;0
5;2025-12-11;13;0
5;2025-12-11;14;0
5;2025-12-11;15;0
5;2025-12-11;16;0
5;2025-12-11;17;0
5;2025-12-11;18;0
5;2025-12-11;19;0
5;2025-12-11;20;0
5;2025-12-11;21;0
5;2025-12-11;22;0
5;2025-12-11;23;0
5;2025-12-12;0;0
5;2025-12-12;1;0
5;2025-12-12;2;0
5;2025-12-12;3;0
5;2025-12-12;4;0
5;2025-12-12;5;0
5;2025-12-12;6;0
5;2025-12-12;7;0
5;2025-12-12;8;0
5;2025-12-12;9;0
5;2025-12-12;10;0
5;2025-12-12;11;0
5;2025-12-12;12;0
5;2025-12-12;13;0
5;2025-12-12;14;0
5;2025-12-12;15;0
5;2025-12-12;16;0
5;2025-12-12;17;0
5;2025-12-12;18;0
5;2025-12-12;19;0
5;2025-12-12;20;0
5;2025-12-12;21;0
5;2025-12-12;22;0
5;2025-12-12;23;0
5;2025-12-13;0;0
5;2025-12-13;1;0
5;2025-12-13;2;0
5;2025-12-13;3;0
5;2025-12-13;4;0
5;2025-12-13;5;0
5;2025-12-13;6;0
5;2025-12-13;7;0
5;2025-12-13;8;0
5;2025-12-13;9;0
5;2025-12-13;10;0
5;2025-12-13;11;0
5;2025-12-13;12;0
5;2025-12-13;13;0
5;2025-12-13;14;0
5;2025-12-13;15;0
5;2025-12-13;16;0
5;2025-12-13;17;0
5;2025-12-13;18;0
5;2025-12-13;19;0
5;2025-12-13;20;0
5;2025-12-13;21;0
5;2025-12-13;22;0
5;2025-12-13;23;0
5;2025-12-14;0;0
5;2025-12-14;1;0
5;2025-12-14;2;0
5;2025-12-14;3;0
5;2025-12-14;4;0
5;2025-12-14;5;0
5;2025-12-14;6;0
5;2025-12-14;7;0
5;2025-12-14;8;0
5;2025-12-14;9;0
5;2025-12-14;10;0
5;2025-12-14;11;0
5;2025-12-14;12;0
5;2025-12-14;13;0
5;2025-12-14;14;0
5;2025-12-14;15;0
5;2025-12-14;16;0
5;2025-12-14;17;0
5;2025-12-14;18;0
5;2025-12-14;19;0
5;2025-12-14;20;0
5;2025-12-14;21;0
5;2025-12-14;22;0
5;2025-12-14;23;0
5;2025-12-15;0;0
5;2025-12-15;1;0
5;2025-12-15;2;0
5;2025-12-15;3;0
5;2025-12-15;4;0
5;2025-12-15;5;0
5;2025-12-15;6;0
5;2025-12-15;7;0
5;2025-12-15;8;0
5;2025-12-15;9;0
5;2025-12-15;10;0
5;2025-12-15;11;0
5;2025-12-15;12;0
5;2025-12-15;13;0
5;2025-12-15;14;0
5;2025-12-15;15;0
5;2025-12-15;16;0
5;2025-12-15;17;0
5;2025-12-15;18;0
5;2025-12-15;19;0
5;2025-12-15;20;0
5;2025-12-15;21;0
5;2025-12-15;22;0
5;2025-12-15;23;0
5;2025-12-16;0;0
5;2025-12-16;1;0
5;2025-12-16;2;0
5;2025-12-16;3;0
5;2025-12-16;4;0
5;2025-12-16;5;0
5;2025-12-16;6;0
5;2025-12-16;7;0
5;2025-12-16;8;0
5;2025-12-16;9;0
5;2025-12-16;10;0
5;2025-12-16;11;0
5;2025-12-16;12;0
5;2025-12-16;13;0
5;2025-12-16;14;0
5;2025-12-16;15;0
5;2025-12-16;16;0
5;2025-12-16;17;0
5;2025-12-16;18;0
5;2025-12-16;19;0
5;2025-12-16;20;0
5;2025-12-16;21;0
5;2025-12-16;22;0
5;2025-12-16;23;0
5;2025-12-17;0;0
5;2025-12-17;1;0
5;2025-12-17;2;0
5;2025-12-17;3;0
5;2025-12-17;4;0
5;2025-12-17;5;0
5;2025-12-17;6;0
5;2025-12-17;7;0
5;2025-12-17;8;0
5;2025-12-17;9;0
5;2025-12-17;10;0
5;2025-12-17;11;0
5;2025-12-17;12;0
5;2025-12-17;13;0
5;2025-12-17;14;0
5;2025-12-17;15;0
5;2025-12-17;16;0
5;2025-12-17;17;0
5;2025-12-17;18;0
5;2025-12-17;19;0
5;2025-12-17;20;0
5;2025-12-17;21;0
5;2025-12-17;22;0
5;2025-12-17;23;0
5;2025-12-18;0;0
5;2025-12-18;1;0
5;2025-12-18;2;0
5;2025-12-18;3;0
5;2025-12-18;4;0
5;2025-12-18;5;0
5;2025-12-18;6;0
5;2025-12-18;7;0
5;2025-12-18;8;0
5;2025-12-18;9;0
5;2025-12-18;10;0
5;2025-12-18;11;0
5;2025-12-18;12;0
5;2025-12-18;13;0
5;2025-12-18;14;0
5;2025-12-18;15;0
5;2025-12-18;16;0
5;2025-12-18;17;0
5;2025-12-18;18;0
5;2025-12-18;19;0
5;2025-12-18;20;0
5;2025-12-18;21;0
5;2025-12-18;22;0
5;2025-12-18;23;0
5;2025-12-19;0;0
5;2025-12-19;1;0
5;2025-12-19;2;0
5;2025-12-19;3;0
5;2025-12-19;4;0
5;2025-12-19;5;0
5;2025-12-19;6;0
5;2025-12-19;7;0
5;2025-12-19;8;0
5;2025-12-19;9;0
5;2025-12-19;10;0
5;2025-12-19;11;0
5;2025-12-19;12;0
5;2025-12-19;13;0
5;2025-12-19;14;0
5;2025-12-19;15;0
5;2025-12-19;16;0
5;2025-12-19;17;0
5;2025-12-19;18;0
5;2025-12-19;19;0
5;2025-12-19;20;0
5;2025-12-19;21;0
5;2025-12-19;22;0
5;2025-12-19;23;0
5;2025-12-20;0;0
5;2025-12-20;1;0
5;2025-12-20;2;0
5;2025-12-20;3;0
5;2025-12-20;4;0
5;2025-12-20;5;0
5;2025-12-20;6;0
5;2025-12-20;7;0
5;2025-12-20;8;0
5;2025-12-20;9;0
5;2025-12-20;10;0
5;2025-12-20;11;0
5;2025-12-20;12;0
5;2025-12-20;13;0
5;2025-12-20;14;0
5;2025-12-20;15;0
5;2025-12-20;16;0
5;2025-12-20;17;0
5;2025-12-20;18;0
5;2025-12-20;19;0
5;2025-12-20;20;0
5;2025-12-20;21;0
5;2025-12-20;22;0
5;2025-12-20;23;0
5;2025-12-21;0;0
5;2025-12-21;1;0
5;2025-12-21;2;0
5;2025-12-21;3;0
5;2025-12-21;4;0
5;2025-12-21;5;0
5;2025-12-21;6;0
5;2025-12-21;7;0
5;2025-12-21;8;0
5;2025-12-21;9;0
5;2025-12-21;10;0
5;2025-12-21;11;0
5;2025-12-21;12;0
5;2025-12-21;13;0
5;2025-12-21;14;0
5;2025-12-21;15;0
5;2025-12-21;16;0
5;2025-12-21;17;0
5;2025-12-21;18;0
5;2025-12-21;19;0
5;2025-12-21;20;0
5;2025-12-21;21;0
5;2025-12-21;22;0
5;2025-12-21;23;0
5;2025-12-22;0;0
5;2025-12-22;1;0
5;2025-12-22;2;0
5;2025-12-22;3;0
5;2025-12-22;4;0
5;2025-12-22;5;0
5;2025-12-22;6;0
5;2025-12-22;7;0
5;2025-12-22;8;0
5;2025-12-22;9;0
5;2025-12-22;10;0
5;2025-12-22;11;0
5;2025-12-22;12;0
5;2025-12-22;13;0
5;2025-12-22;14;0
5;2025-12-22;15;0
5;2025-12-22;16;0
5;2025-12-22;17;0
5;2025-12-22;18;0
5;2025-12-22;19;0
5;2025-12-22;20;0
5;2025-12-22;21;0
5;2025-12-22;22;0
5;2025-12-22;23;0
5;2025-12-23;0;0
5;2025-12-23;1;0
5;2025-12-23;2;0
5;2025-12-23;3;0
5;2025-12-23;4;0
5;2025-12-23;5;0
5;2025-12-23;6;0
5;2025-12-23;7;0
5;2025-12-23;8;0
5;2025-12-23;9;0
5;2025-12-23;10;0
5;2025-12-23;11;0
5;2025-12-23;12;0
5;2025-12-23;13;0
5;2025-12-23;14;0
5;2025-12-23;15;0
5;2025-12-23;16;0
5;2025-12-23;17;0
5;2025-12-23;18;0
5;2025-12-23;19;0
5;2025-12-23;20;0
5;2025-12-23;21;0
5;2025-12-23;22;0
5;2025-12-23;23;0
5;2025-12-24;0;0
5;2025-12-24;1;0
5;2025-12-24;2;0
5;2025-12-24;3;0
5;2025-12-24;4;0
5;2025-12-24;5;0
5;2025-12-24;6;0
5;2025-12-24;7;0
5;2025-12-24;8;0
5;2025-12-24;9;0
5;2025-12-24;10;0
5;2025-12-24;11;0
5;2025-12-24;12;0
5;2025-12-24;13;0
5;2025-12-24;14;0
5;2025-12-24;15;0
5;2025-12-24;16;0
5;2025-12-24;17;0
5;2025-12-24;18;0
5;2025-12-24;19;0
5;2025-12-24;20;0
5;2025-12-24;21;0
5;2025-12-24;22;0
5;2025-12-24;23;0
5;2025-12-25;0;0
5;2025-12-25;1;0
5;2025-12-25;2;0
5;2025-12-25;3;0
5;2025-12-25;4;0
5;2025-12-25;5;0
5;2025-12-25;6;0
5;2025-12-25;7;0
5;2025-12-25;8;0
5;2025-12-25;9;0
5;2025-12-25;10;0
5;2025-12-25;11;0
5;2025-12-25;12;0
5;2025-12-25;13;0
5;2025-12-25;14;0
5;2025-12-25;15;0
5;2025-12-25;16;0
5;2025-12-25;17;0
5;2025-12-25;18;0
5;2025-12-25;19;0
5;2025-12-25;20;0
5;2025-12-25;21;0
5;2025-12-25;22;0
5;2025-12-25;23;0
5;2025-12-26;0;0
5;2025-12-26;1;0
5;2025-12-26;2;0
5;2025-12-26;3;0
5;2025-12-26;4;0
5;2025-12-26;5;0
5;2025-12-26;6;0
5;2025-12-26;7;0
5;2025-12-26;8;0
5;2025-12-26;9;0
5;2025-12-26;10;0
5;2025-12-26;11;0
5;2025-12-26;12;0
5;2025-12-26;13;0
5;2025-12-26;14;0
5;2025-12-26;15;0
5;2025-12-26;16;0
5;2025-12-26;17;0
5;2025-12-26;18;0
5;2025-12-26;19;0
5;2025-12-26;20;0
5;2025-12-26;21;0
5;2025-12-26;22;0
5;2025-12-26;23;0
5;2025-12-27;0;0
5;2025-12-27;1;0
5;2025-12-27;2;0
5;2025-12-27;3;0
5;2025-12-27;4;0
5;2025-12-27;5;0
5;2025-12-27;6;0
5;2025-12-27;7;0
5;2025-12-27;8;0
5;2025-12-27;9;0
5;2025-12-27;10;0
5;2025-12-27;11;0
5;2025-12-27;12;0
5;2025-12-27;13;0
5;2025-12-27;14;0
5;2025-12-27;15;0
5;2025-12-27;16;0
5;2025-12-27;17;0
5;2025-12-27;18;0
5;2025-12-27;19;0
5;2025-12-27;20;0
5;2025-12-27;21;0
5;2025-12-27;22;0
5;2025-12-27;23;0
5;2025-12-28;0;0
5;2025-12-28;1;0
5;2025-12-28;2;0
5;2025-12-28;3;0
5;2025-12-28;4;0
5;2025-12-28;5;0
5;2025-12-28;6;0
5;2025-12-28;7;0
5;2025-12-28;8;0
5;2025-12-28;9;0
5;2025-12-28;10;0
5;2025-12-28;11;0
5;2025-12-28;12;0
5;2025-12-28;13;0
5;2025-12-28;14;0
5;2025-12-28;15;0
5;2025-12-28;16;0
5;2025-12-28;17;0
5;2025-12-28;18;0
5;2025-12-28;19;0
5;2025-12-28;20;0
5;2025-12-28;21;0
5;2025-12-28;22;0
5;2025-12-28;23;0
5;2025-12-29;0;0
5;2025-12-29;1;0
5;2025-12-29;2;0
5;2025-12-29;3;0
5;2025-12-29;4;0
5;2025-12-29;5;0
5;2025-12-29;6;0
5;2025-12-29;7;0
5;2025-12-29;8;0
5;2025-12-29;9;0
5;2025-12-29;10;0
5;2025-12-29;11;0
5;2025-12-29;12;0
5;2025-12-29;13;0
5;2025-12-29;14;0
5;2025-12-29;15;0
5;2025-12-29;16;0
5;2025-12-29;17;0
5;2025-12-29;18;0
5;2025-12-29;19;0
5;2025-12-29;20;0
5;2025-12-29;21;0
5;2025-12-29;22;0
5;2025-12-29;23;0
5;2025-12-30;0;0
5;2025-12-30;1;0
5;2025-12-30;2;0
5;2025-12-30;3;0
5;2025-12-30;4;0
5;2025-12-30;5;0
5;2025-12-30;6;0
5;2025-12-30;7;0
5;2025-12-30;8;0
5;2025-12-30;9;0
5;2025-12-30;10;0
5;2025-12-30;11;0
5;2025-12-30;12;0
5;2025-12-30;13;0
5;2025-12-30;14;0
5;2025-12-30;15;0
5;2025-12-30;16;0
5;2025-12-30;17;0
5;2025-12-30;18;0
5;2025-12-30;19;0
5;2025-12-30;20;0
5;2025-12-30;21;0
5;2025-12-30;22;0
5;2025-12-30;23;0
5;2025-12-31;0;0
5;2025-12-31;1;0
5;2025-12-31;2;0
5;2025-12-31;3;0
5;2025-12-31;4;0
5;2025-12-31;5;0
5;2025-12-31;6;0
5;2025-12-31;7;0
5;2025-12-31;8;0
5;2025-12-31;9;0
5;2025-12-31;10;0
5;2025-12-31;11;0
5;2025-12-31;12;0
5;2025-12-31;13;0
5;2025-12-31;14;0
5;2025-12-31;15;0
5;2025-12-31;16;0
5;2025-12-31;17;0
5;2025-12-31;18;0
5;2025-12-31;19;0
5;2025-12-31;20;0
5;2025-12-31;21;0
5;2025-12-31;22;0
5;2025-12-31;23;0
7;2025-11-01;0;132
7;2025-11-01;1;28
7;2025-11-01;2;0
7;2025-11-01;3;0
7;2025-11-01;4;12
7;2025-11-01;5;72
7;2025-11-01;6;291
7;2025-11-01;7;555
7;2025-11-01;8;1963
7;2025-11-01;9;1491
7;2025-11-01;10;1516
7;2025-11-01;11;1543
7;2025-11-01;12;1736
7;2025-11-01;13;1699
7;2025-11-01;14;1777
7;2025-11-01;15;1816
7;2025-11-01;16;1803
7;2025-11-01;17;2335
7;2025-11-01;18;2367
7;2025-11-01;19;1621
7;2025-11-01;20;1139
7;2025-11-01;21;625
7;2025-11-01;22;340
7;2025-11-01;23;242
7;2025-11-02;0;109
7;2025-11-02;1;19
7;2025-11-02;2;0
7;2025-11-02;3;0
7;2025-11-02;4;1
7;2025-11-02;5;34
7;2025-11-02;6;184
7;2025-11-02;7;312
7;2025-11-02;8;518
7;2025-11-02;9;566
7;2025-11-02;10;608
7;2025-11-02;11;764
7;2025-11-02;12;1000
7;2025-11-02;13;1019
7;2025-11-02;14;998
7;2025-11-02;15;917
7;2025-11-02;16;833
7;2025-11-02;17;907
7;2025-11-02;18;836
7;2025-11-02;19;697
7;2025-11-02;20;574
7;2025-11-02;21;460
7;2025-11-02;22;269
7;2025-11-02;23;160
7;2025-11-03;0;52
7;2025-11-03;1;0
7;2025-11-03;2;0
7;2025-11-03;3;0
7;2025-11-03;4;0
7;2025-11-03;5;109
7;2025-11-03;6;231
7;2025-11-03;7;744
7;2025-11-03;8;811
7;2025-11-03;9;854
7;2025-11-03;10;776
7;2025-11-03;11;835
7;2025-11-03;12;1013
7;2025-11-03;13;1005
7;2025-11-03;14;991
7;2025-11-03;15;928
7;2025-11-03;16;881
7;2025-11-03;17;889
7;2025-11-03;18;994
7;2025-11-03;19;916
7;2025-11-03;20;591
7;2025-11-03;21;391
7;2025-11-03;22;250
7;2025-11-03;23;126
7;2025-11-04;0;68
7;2025-11-04;1;15
7;2025-11-04;2;0
7;2025-11-04;3;0
7;2025-11-04;4;0
7;2025-11-04;5;95
7;2025-11-04;6;246
7;2025-11-04;7;392
7;2025-11-04;8;560
7;2025-11-04;9;617
7;2025-11-04;10;642
7;2025-11-04;11;742
7;2025-11-04;12;944
7;2025-11-04;13;911
7;2025-11-04;14;919
7;2025-11-04;15;852
7;2025-11-04;16;822
7;2025-11-04;17;768
7;2025-11-04;18;799
7;2025-11-04;19;781
7;2025-11-04;20;551
7;2025-11-04;21;409
7;2025-11-04;22;301
7;2025-11-04;23;178
7;2025-11-05;0;63
7;2025-11-05;1;12
7;2025-11-05;2;0
7;2025-11-05;3;0
7;2025-11-05;4;3
7;2025-11-05;5;197
7;2025-11-05;6;645
7;2025-11-05;7;1608
7;2025-11-05;8;2525
7;2025-11-05;9;1851
7;2025-11-05;10;1665
7;2025-11-05;11;1551
7;2025-11-05;12;1654
7;2025-11-05;13;1620
7;2025-11-05;14;1690
7;2025-11-05;15;1784
7;2025-11-05;16;1887
7;2025-11-05;17;2401
7;2025-11-05;18;2611
7;2025-11-05;19;1786
7;2025-11-05;20;1117
7;2025-11-05;21;641
7;2025-11-05;22;337
7;2025-11-05;23;214
7;2025-11-06;0;68
7;2025-11-06;1;16
7;2025-11-06;2;0
7;2025-11-06;3;0
7;2025-11-06;4;2
7;2025-11-06;5;196
7;2025-11-06;6;645
7;2025-11-06;7;1611
7;2025-11-06;8;2527
7;2025-11-06;9;1851
7;2025-11-06;10;1665
7;2025-11-06;11;1545
7;2025-11-06;12;1653
7;2025-11-06;13;1615
7;2025-11-06;14;1696
7;2025-11-06;15;1790
7;2025-11-06;16;1888
7;2025-11-06;17;2403
7;2025-11-06;18;2619
7;2025-11-06;19;1788
7;2025-11-06;20;1119
7;2025-11-06;21;643
7;2025-11-06;22;337
7;2025-11-06;23;215
7;2025-11-07;0;71
7;2025-11-07;1;13
7;2025-11-07;2;0
7;2025-11-07;3;0
7;2025-11-07;4;1
7;2025-11-07;5;194
7;2025-11-07;6;629
7;2025-11-07;7;1577
7;2025-11-07;8;2479
7;2025-11-07;9;1818
7;2025-11-07;10;1624
7;2025-11-07;11;1526
7;2025-11-07;12;1630
7;2025-11-07;13;1631
7;2025-11-07;14;1709
7;2025-11-07;15;1818
7;2025-11-07;16;1913
7;2025-11-07;17;2371
7;2025-11-07;18;2304
7;2025-11-07;19;1696
7;2025-11-07;20;1088
7;2025-11-07;21;625
7;2025-11-07;22;331
7;2025-11-07;23;231
7;2025-11-08;0;114
7;2025-11-08;1;22
7;2025-11-08;2;0
7;2025-11-08;3;0
7;2025-11-08;4;0
7;2025-11-08;5;56
7;2025-11-08;6;277
7;2025-11-08;7;464
7;2025-11-08;8;692
7;2025-11-08;9;703
7;2025-11-08;10;755
7;2025-11-08;11;918
7;2025-11-08;12;1136
7;2025-11-08;13;1123
7;2025-11-08;14;1114
7;2025-11-08;15;1019
7;2025-11-08;16;923
7;2025-11-08;17;993
7;2025-11-08;18;956
7;2025-11-08;19;846
7;2025-11-08;20;673
7;2025-11-08;21;563
7;2025-11-08;22;321
7;2025-11-08;23;219
7;2025-11-09;0;109
7;2025-11-09;1;19
7;2025-11-09;2;0
7;2025-11-09;3;0
7;2025-11-09;4;1
7;2025-11-09;5;34
7;2025-11-09;6;184
7;2025-11-09;7;312
7;2025-11-09;8;518
7;2025-11-09;9;566
7;2025-11-09;10;608
7;2025-11-09;11;764
7;2025-11-09;12;1000
7;2025-11-09;13;1019
7;2025-11-09;14;998
7;2025-11-09;15;917
7;2025-11-09;16;833
7;2025-11-09;17;907
7;2025-11-09;18;836
7;2025-11-09;19;697
7;2025-11-09;20;574
7;2025-11-09;21;460
7;2025-11-09;22;269
7;2025-11-09;23;160
7;2025-11-10;0;68
7;2025-11-10;1;10
7;2025-11-10;2;0
7;2025-11-10;3;0
7;2025-11-10;4;2
7;2025-11-10;5;184
7;2025-11-10;6;625
7;2025-11-10;7;1574
7;2025-11-10;8;2497
7;2025-11-10;9;1818
7;2025-11-10;10;1611
7;2025-11-10;11;1483
7;2025-11-10;12;1600
7;2025-11-10;13;1578
7;2025-11-10;14;1639
7;2025-11-10;15;1768
7;2025-11-10;16;1872
7;2025-11-10;17;2361
7;2025-11-10;18;2539
7;2025-11-10;19;1737
7;2025-11-10;20;1085
7;2025-11-10;21;594
7;2025-11-10;22;309
7;2025-11-10;23;177
7;2025-11-11;0;61
7;2025-11-11;1;12
7;2025-11-11;2;0
7;2025-11-11;3;0
7;2025-11-11;4;3
7;2025-11-11;5;192
7;2025-11-11;6;650
7;2025-11-11;7;1612
7;2025-11-11;8;2526
7;2025-11-11;9;1851
7;2025-11-11;10;1665
7;2025-11-11;11;1554
7;2025-11-11;12;1656
7;2025-11-11;13;1617
7;2025-11-11;14;1697
7;2025-11-11;15;1786
7;2025-11-11;16;1888
7;2025-11-11;17;2401
7;2025-11-11;18;2610
7;2025-11-11;19;1795
7;2025-11-11;20;1120
7;2025-11-11;21;638
7;2025-11-11;22;337
7;2025-11-11;23;207
7;2025-11-12;0;63
7;2025-11-12;1;12
7;2025-11-12;2;0
7;2025-11-12;3;0
7;2025-11-12;4;3
7;2025-11-12;5;197
7;2025-11-12;6;645
7;2025-11-12;7;1608
7;2025-11-12;8;2525
7;2025-11-12;9;1851
7;2025-11-12;10;1665
7;2025-11-12;11;1551
7;2025-11-12;12;1654
7;2025-11-12;13;1620
7;2025-11-12;14;1690
7;2025-11-12;15;1784
7;2025-11-12;16;1887
7;2025-11-12;17;2401
7;2025-11-12;18;2611
7;2025-11-12;19;1786
7;2025-11-12;20;1117
7;2025-11-12;21;641
7;2025-11-12;22;337
7;2025-11-12;23;214
7;2025-11-13;0;68
7;2025-11-13;1;16
7;2025-11-13;2;0
7;2025-11-13;3;0
7;2025-11-13;4;2
7;2025-11-13;5;196
7;2025-11-13;6;645
7;2025-11-13;7;1611
7;2025-11-13;8;2527
7;2025-11-13;9;1851
7;2025-11-13;10;1665
7;2025-11-13;11;1545
7;2025-11-13;12;1653
7;2025-11-13;13;1615
7;2025-11-13;14;1696
7;2025-11-13;15;1790
7;2025-11-13;16;1888
7;2025-11-13;17;2403
7;2025-11-13;18;2619
7;2025-11-13;19;1788
7;2025-11-13;20;1119
7;2025-11-13;21;643
7;2025-11-13;22;337
7;2025-11-13;23;215
7;2025-11-14;0;71
7;2025-11-14;1;13
7;2025-11-14;2;0
7;2025-11-14;3;0
7;2025-11-14;4;1
7;2025-11-14;5;194
7;2025-11-14;6;629
7;2025-11-14;7;1577
7;2025-11-14;8;2479
7;2025-11-14;9;1818
7;2025-11-14;10;1624
7;2025-11-14;11;1526
7;2025-11-14;12;1630
7;2025-11-14;13;1631
7;2025-11-14;14;1709
7;2025-11-14;15;1818
7;2025-11-14;16;1913
7;2025-11-14;17;2371
7;2025-11-14;18;2304
7;2025-11-14;19;1696
7;2025-11-14;20;1088
7;2025-11-14;21;625
7;2025-11-14;22;331
7;2025-11-14;23;231
7;2025-11-15;0;114
7;2025-11-15;1;22
7;2025-11-15;2;0
7;2025-11-15;3;0
7;2025-11-15;4;0
7;2025-11-15;5;56
7;2025-11-15;6;277
7;2025-11-15;7;464
7;2025-11-15;8;692
7;2025-11-15;9;703
7;2025-11-15;10;755
7;2025-11-15;11;918
7;2025-11-15;12;1136
7;2025-11-15;13;1123
7;2025-11-15;14;1114
7;2025-11-15;15;1019
7;2025-11-15;16;923
7;2025-11-15;17;993
7;2025-11-15;18;956
7;2025-11-15;19;846
7;2025-11-15;20;673
7;2025-11-15;21;563
7;2025-11-15;22;321
7;2025-11-15;23;219
7;2025-11-16;0;109
7;2025-11-16;1;19
7;2025-11-16;2;0
7;2025-11-16;3;0
7;2025-11-16;4;1
7;2025-11-16;5;34
7;2025-11-16;6;184
7;2025-11-16;7;312
7;2025-11-16;8;518
7;2025-11-16;9;566
7;2025-11-16;10;608
7;2025-11-16;11;764
7;2025-11-16;12;1000
7;2025-11-16;13;1019
7;2025-11-16;14;998
7;2025-11-16;15;917
7;2025-11-16;16;833
7;2025-11-16;17;907
7;2025-11-16;18;836
7;2025-11-16;19;697
7;2025-11-16;20;574
7;2025-11-16;21;460
7;2025-11-16;22;269
7;2025-11-16;23;160
7;2025-11-17;0;68
7;2025-11-17;1;10
7;2025-11-17;2;0
7;2025-11-17;3;0
7;2025-11-17;4;2
7;2025-11-17;5;184
7;2025-11-17;6;625
7;2025-11-17;7;1574
7;2025-11-17;8;2497
7;2025-11-17;9;1818
7;2025-11-17;10;1611
7;2025-11-17;11;1483
7;2025-11-17;12;1600
7;2025-11-17;13;1578
7;2025-11-17;14;1639
7;2025-11-17;15;1768
7;2025-11-17;16;1872
7;2025-11-17;17;2361
7;2025-11-17;18;2539
7;2025-11-17;19;1737
7;2025-11-17;20;1085
7;2025-11-17;21;594
7;2025-11-17;22;309
7;2025-11-17;23;177
7;2025-11-18;0;61
7;2025-11-18;1;12
7;2025-11-18;2;0
7;2025-11-18;3;0
7;2025-11-18;4;3
7;2025-11-18;5;192
7;2025-11-18;6;650
7;2025-11-18;7;1612
7;2025-11-18;8;2526
7;2025-11-18;9;1851
7;2025-11-18;10;1665
7;2025-11-18;11;1554
7;2025-11-18;12;1656
7;2025-11-18;13;1617
7;2025-11-18;14;1697
7;2025-11-18;15;1786
7;2025-11-18;16;1888
7;2025-11-18;17;2401
7;2025-11-18;18;2610
7;2025-11-18;19;1795
7;2025-11-18;20;1120
7;2025-11-18;21;638
7;2025-11-18;22;337
7;2025-11-18;23;207
7;2025-11-19;0;63
7;2025-11-19;1;12
7;2025-11-19;2;0
7;2025-11-19;3;0
7;2025-11-19;4;3
7;2025-11-19;5;197
7;2025-11-19;6;645
7;2025-11-19;7;1608
7;2025-11-19;8;2525
7;2025-11-19;9;1851
7;2025-11-19;10;1665
7;2025-11-19;11;1551
7;2025-11-19;12;1654
7;2025-11-19;13;1620
7;2025-11-19;14;1690
7;2025-11-19;15;1784
7;2025-11-19;16;1887
7;2025-11-19;17;2401
7;2025-11-19;18;2611
7;2025-11-19;19;1786
7;2025-11-19;20;1117
7;2025-11-19;21;641
7;2025-11-19;22;337
7;2025-11-19;23;214
7;2025-11-20;0;68
7;2025-11-20;1;16
7;2025-11-20;2;0
7;2025-11-20;3;0
7;2025-11-20;4;2
7;2025-11-20;5;196
7;2025-11-20;6;645
7;2025-11-20;7;1611
7;2025-11-20;8;2527
7;2025-11-20;9;1851
7;2025-11-20;10;1665
7;2025-11-20;11;1545
7;2025-11-20;12;1653
7;2025-11-20;13;1615
7;2025-11-20;14;1696
7;2025-11-20;15;1790
7;2025-11-20;16;1888
7;2025-11-20;17;2403
7;2025-11-20;18;2619
7;2025-11-20;19;1788
7;2025-11-20;20;1119
7;2025-11-20;21;643
7;2025-11-20;22;337
7;2025-11-20;23;215
7;2025-11-21;0;71
7;2025-11-21;1;13
7;2025-11-21;2;0
7;2025-11-21;3;0
7;2025-11-21;4;1
7;2025-11-21;5;194
7;2025-11-21;6;629
7;2025-11-21;7;1577
7;2025-11-21;8;2479
7;2025-11-21;9;1818
7;2025-11-21;10;1624
7;2025-11-21;11;1526
7;2025-11-21;12;1630
7;2025-11-21;13;1631
7;2025-11-21;14;1709
7;2025-11-21;15;1818
7;2025-11-21;16;1913
7;2025-11-21;17;2371
7;2025-11-21;18;2304
7;2025-11-21;19;1696
7;2025-11-21;20;1088
7;2025-11-21;21;625
7;2025-11-21;22;331
7;2025-11-21;23;231
7;2025-11-22;0;114
7;2025-11-22;1;22
7;2025-11-22;2;0
7;2025-11-22;3;0
7;2025-11-22;4;0
7;2025-11-22;5;56
7;2025-11-22;6;277
7;2025-11-22;7;464
7;2025-11-22;8;692
7;2025-11-22;9;703
7;2025-11-22;10;755
7;2025-11-22;11;918
7;2025-11-22;12;1136
7;2025-11-22;13;1123
7;2025-11-22;14;1114
7;2025-11-22;15;1019
7;2025-11-22;16;923
7;2025-11-22;17;993
7;2025-11-22;18;956
7;2025-11-22;19;846
7;2025-11-22;20;673
7;2025-11-22;21;563
7;2025-11-22;22;321
7;2025-11-22;23;219
7;2025-11-23;0;109
7;2025-11-23;1;19
7;2025-11-23;2;0
7;2025-11-23;3;0
7;2025-11-23;4;1
7;2025-11-23;5;34
7;2025-11-23;6;184
7;2025-11-23;7;312
7;2025-11-23;8;518
7;2025-11-23;9;566
7;2025-11-23;10;608
7;2025-11-23;11;764
7;2025-11-23;12;1000
7;2025-11-23;13;1019
7;2025-11-23;14;998
7;2025-11-23;15;917
7;2025-11-23;16;833
7;2025-11-23;17;907
7;2025-11-23;18;836
7;2025-11-23;19;697
7;2025-11-23;20;574
7;2025-11-23;21;460
7;2025-11-23;22;269
7;2025-11-23;23;160
7;2025-11-24;0;68
7;2025-11-24;1;10
7;2025-11-24;2;0
7;2025-11-24;3;0
7;2025-11-24;4;2
7;2025-11-24;5;184
7;2025-11-24;6;625
7;2025-11-24;7;1574
7;2025-11-24;8;2497
7;2025-11-24;9;1818
7;2025-11-24;10;1611
7;2025-11-24;11;1483
7;2025-11-24;12;1600
7;2025-11-24;13;1578
7;2025-11-24;14;1639
7;2025-11-24;15;1768
7;2025-11-24;16;1872
7;2025-11-24;17;2361
7;2025-11-24;18;2539
7;2025-11-24;19;1737
7;2025-11-24;20;1085
7;2025-11-24;21;594
7;2025-11-24;22;309
7;2025-11-24;23;177
7;2025-11-25;0;61
7;2025-11-25;1;12
7;2025-11-25;2;0
7;2025-11-25;3;0
7;2025-11-25;4;3
7;2025-11-25;5;192
7;2025-11-25;6;650
7;2025-11-25;7;1612
7;2025-11-25;8;2526
7;2025-11-25;9;1851
7;2025-11-25;10;1665
7;2025-11-25;11;1554
7;2025-11-25;12;1656
7;2025-11-25;13;1617
7;2025-11-25;14;1697
7;2025-11-25;15;1786
7;2025-11-25;16;1888
7;2025-11-25;17;2401
7;2025-11-25;18;2610
7;2025-11-25;19;1795
7;2025-11-25;20;1120
7;2025-11-25;21;638
7;2025-11-25;22;337
7;2025-11-25;23;207
7;2025-11-26;0;63
7;2025-11-26;1;12
7;2025-11-26;2;0
7;2025-11-26;3;0
7;2025-11-26;4;3
7;2025-11-26;5;197
7;2025-11-26;6;645
7;2025-11-26;7;1608
7;2025-11-26;8;2525
7;2025-11-26;9;1851
7;2025-11-26;10;1665
7;2025-11-26;11;1551
7;2025-11-26;12;1654
7;2025-11-26;13;1620
7;2025-11-26;14;1690
7;2025-11-26;15;1784
7;2025-11-26;16;1887
7;2025-11-26;17;2401
7;2025-11-26;18;2611
7;2025-11-26;19;1786
7;2025-11-26;20;1117
7;2025-11-26;21;641
7;2025-11-26;22;337
7;2025-11-26;23;214
7;2025-11-27;0;68
7;2025-11-27;1;16
7;2025-11-27;2;0
7;2025-11-27;3;0
7;2025-11-27;4;2
7;2025-11-27;5;196
7;2025-11-27;6;645
7;2025-11-27;7;1611
7;2025-11-27;8;2527
7;2025-11-27;9;1851
7;2025-11-27;10;1665
7;2025-11-27;11;1545
7;2025-11-27;12;1653
7;2025-11-27;13;1615
7;2025-11-27;14;1696
7;2025-11-27;15;1790
7;2025-11-27;16;1888
7;2025-11-27;17;2403
7;2025-11-27;18;2619
7;2025-11-27;19;1788
7;2025-11-27;20;1119
7;2025-11-27;21;643
7;2025-11-27;22;337
7;2025-11-27;23;215
7;2025-11-28;0;71
7;2025-11-28;1;13
7;2025-11-28;2;0
7;2025-11-28;3;0
7;2025-11-28;4;1
7;2025-11-28;5;194
7;2025-11-28;6;629
7;2025-11-28;7;1577
7;2025-11-28;8;2479
7;2025-11-28;9;1818
7;2025-11-28;10;1624
7;2025-11-28;11;1526
7;2025-11-28;12;1630
7;2025-11-28;13;1631
7;2025-11-28;14;1709
7;2025-11-28;15;1818
7;2025-11-28;16;1913
7;2025-11-28;17;2371
7;2025-11-28;18;2304
7;2025-11-28;19;1696
7;2025-11-28;20;1088
7;2025-11-28;21;625
7;2025-11-28;22;331
7;2025-11-28;23;231
7;2025-11-29;0;114
7;2025-11-29;1;22
7;2025-11-29;2;0
7;2025-11-29;3;0
7;2025-11-29;4;0
7;2025-11-29;5;56
7;2025-11-29;6;277
7;2025-11-29;7;464
7;2025-11-29;8;692
7;2025-11-29;9;703
7;2025-11-29;10;755
7;2025-11-29;11;918
7;2025-11-29;12;1136
7;2025-11-29;13;1123
7;2025-11-29;14;1114
7;2025-11-29;15;1019
7;2025-11-29;16;923
7;2025-11-29;17;993
7;2025-11-29;18;956
7;2025-11-29;19;846
7;2025-11-29;20;673
7;2025-11-29;21;563
7;2025-11-29;22;321
7;2025-11-29;23;219
7;2025-11-30;0;109
7;2025-11-30;1;19
7;2025-11-30;2;0
7;2025-11-30;3;0
7;2025-11-30;4;1
7;2025-11-30;5;34
7;2025-11-30;6;184
7;2025-11-30;7;312
7;2025-11-30;8;518
7;2025-11-30;9;566
7;2025-11-30;10;608
7;2025-11-30;11;764
7;2025-11-30;12;1000
7;2025-11-30;13;1019
7;2025-11-30;14;998
7;2025-11-30;15;917
7;2025-11-30;16;833
7;2025-11-30;17;907
7;2025-11-30;18;836
7;2025-11-30;19;697
7;2025-11-30;20;574
7;2025-11-30;21;460
7;2025-11-30;22;269
7;2025-11-30;23;160
7;2025-12-01;0;63
7;2025-12-01;1;9
7;2025-12-01;2;0
7;2025-12-01;3;0
7;2025-12-01;4;1
7;2025-12-01;5;187
7;2025-12-01;6;641
7;2025-12-01;7;1565
7;2025-12-01;8;2490
7;2025-12-01;9;1832
7;2025-12-01;10;1562
7;2025-12-01;11;1459
7;2025-12-01;12;1585
7;2025-12-01;13;1571
7;2025-12-01;14;1627
7;2025-12-01;15;1757
7;2025-12-01;16;1873
7;2025-12-01;17;2359
7;2025-12-01;18;2539
7;2025-12-01;19;1749
7;2025-12-01;20;1071
7;2025-12-01;21;602
7;2025-12-01;22;300
7;2025-12-01;23;163
7;2025-12-02;0;55
7;2025-12-02;1;10
7;2025-12-02;2;0
7;2025-12-02;3;0
7;2025-12-02;4;1
7;2025-12-02;5;193
7;2025-12-02;6;667
7;2025-12-02;7;1594
7;2025-12-02;8;2519
7;2025-12-02;9;1856
7;2025-12-02;10;1607
7;2025-12-02;11;1517
7;2025-12-02;12;1632
7;2025-12-02;13;1605
7;2025-12-02;14;1679
7;2025-12-02;15;1775
7;2025-12-02;16;1889
7;2025-12-02;17;2390
7;2025-12-02;18;2601
7;2025-12-02;19;1807
7;2025-12-02;20;1096
7;2025-12-02;21;637
7;2025-12-02;22;327
7;2025-12-02;23;192
7;2025-12-03;0;56
7;2025-12-03;1;10
7;2025-12-03;2;0
7;2025-12-03;3;0
7;2025-12-03;4;0
7;2025-12-03;5;198
7;2025-12-03;6;661
7;2025-12-03;7;1590
7;2025-12-03;8;2517
7;2025-12-03;9;1857
7;2025-12-03;10;1607
7;2025-12-03;11;1514
7;2025-12-03;12;1630
7;2025-12-03;13;1607
7;2025-12-03;14;1669
7;2025-12-03;15;1773
7;2025-12-03;16;1888
7;2025-12-03;17;2389
7;2025-12-03;18;2599
7;2025-12-03;19;1798
7;2025-12-03;20;1093
7;2025-12-03;21;640
7;2025-12-03;22;327
7;2025-12-03;23;199
7;2025-12-04;0;62
7;2025-12-04;1;14
7;2025-12-04;2;0
7;2025-12-04;3;0
7;2025-12-04;4;1
7;2025-12-04;5;199
7;2025-12-04;6;661
7;2025-12-04;7;1592
7;2025-12-04;8;2519
7;2025-12-04;9;1857
7;2025-12-04;10;1607
7;2025-12-04;11;1508
7;2025-12-04;12;1630
7;2025-12-04;13;1603
7;2025-12-04;14;1678
7;2025-12-04;15;1779
7;2025-12-04;16;1890
7;2025-12-04;17;2391
7;2025-12-04;18;2610
7;2025-12-04;19;1800
7;2025-12-04;20;1095
7;2025-12-04;21;642
7;2025-12-04;22;327
7;2025-12-04;23;200
7;2025-12-05;0;64
7;2025-12-05;1;10
7;2025-12-05;2;0
7;2025-12-05;3;0
7;2025-12-05;4;0
7;2025-12-05;5;197
7;2025-12-05;6;644
7;2025-12-05;7;1566
7;2025-12-05;8;2470
7;2025-12-05;9;1831
7;2025-12-05;10;1574
7;2025-12-05;11;1496
7;2025-12-05;12;1614
7;2025-12-05;13;1618
7;2025-12-05;14;1691
7;2025-12-05;15;1806
7;2025-12-05;16;1913
7;2025-12-05;17;2367
7;2025-12-05;18;2302
7;2025-12-05;19;1706
7;2025-12-05;20;1072
7;2025-12-05;21;632
7;2025-12-05;22;322
7;2025-12-05;23;216
7;2025-12-06;0;97
7;2025-12-06;1;24
7;2025-12-06;2;0
7;2025-12-06;3;0
7;2025-12-06;4;0
7;2025-12-06;5;55
7;2025-12-06;6;291
7;2025-12-06;7;461
7;2025-12-06;8;686
7;2025-12-06;9;713
7;2025-12-06;10;729
7;2025-12-06;11;901
7;2025-12-06;12;1111
7;2025-12-06;13;1130
7;2025-12-06;14;1115
7;2025-12-06;15;1005
7;2025-12-06;16;928
7;2025-12-06;17;986
7;2025-12-06;18;958
7;2025-12-06;19;870
7;2025-12-06;20;682
7;2025-12-06;21;569
7;2025-12-06;22;323
7;2025-12-06;23;207
7;2025-12-07;0;99
7;2025-12-07;1;20
7;2025-12-07;2;0
7;2025-12-07;3;0
7;2025-12-07;4;1
7;2025-12-07;5;33
7;2025-12-07;6;196
7;2025-12-07;7;321
7;2025-12-07;8;513
7;2025-12-07;9;584
7;2025-12-07;10;594
7;2025-12-07;11;759
7;2025-12-07;12;989
7;2025-12-07;13;1026
7;2025-12-07;14;999
7;2025-12-07;15;906
7;2025-12-07;16;839
7;2025-12-07;17;909
7;2025-12-07;18;847
7;2025-12-07;19;721
7;2025-12-07;20;594
7;2025-12-07;21;478
7;2025-12-07;22;272
7;2025-12-07;23;153
7;2025-12-08;0;63
7;2025-12-08;1;9
7;2025-12-08;2;0
7;2025-12-08;3;0
7;2025-12-08;4;1
7;2025-12-08;5;187
7;2025-12-08;6;641
7;2025-12-08;7;1565
7;2025-12-08;8;2490
7;2025-12-08;9;1832
7;2025-12-08;10;1562
7;2025-12-08;11;1459
7;2025-12-08;12;1585
7;2025-12-08;13;1571
7;2025-12-08;14;1627
7;2025-12-08;15;1757
7;2025-12-08;16;1873
7;2025-12-08;17;2359
7;2025-12-08;18;2539
7;2025-12-08;19;1749
7;2025-12-08;20;1071
7;2025-12-08;21;602
7;2025-12-08;22;300
7;2025-12-08;23;163
7;2025-12-09;0;55
7;2025-12-09;1;10
7;2025-12-09;2;0
7;2025-12-09;3;0
7;2025-12-09;4;1
7;2025-12-09;5;193
7;2025-12-09;6;667
7;2025-12-09;7;1594
7;2025-12-09;8;2519
7;2025-12-09;9;1856
7;2025-12-09;10;1607
7;2025-12-09;11;1517
7;2025-12-09;12;1632
7;2025-12-09;13;1605
7;2025-12-09;14;1679
7;2025-12-09;15;1775
7;2025-12-09;16;1889
7;2025-12-09;17;2390
7;2025-12-09;18;2601
7;2025-12-09;19;1807
7;2025-12-09;20;1096
7;2025-12-09;21;637
7;2025-12-09;22;327
7;2025-12-09;23;192
7;2025-12-10;0;56
7;2025-12-10;1;10
7;2025-12-10;2;0
7;2025-12-10;3;0
7;2025-12-10;4;0
7;2025-12-10;5;198
7;2025-12-10;6;661
7;2025-12-10;7;1590
7;2025-12-10;8;2517
7;2025-12-10;9;1857
7;2025-12-10;10;1607
7;2025-12-10;11;1514
7;2025-12-10;12;1630
7;2025-12-10;13;1607
7;2025-12-10;14;1669
7;2025-12-10;15;1773
7;2025-12-10;16;1888
7;2025-12-10;17;2389
7;2025-12-10;18;2599
7;2025-12-10;19;1798
7;2025-12-10;20;1093
7;2025-12-10;21;640
7;2025-12-10;22;327
7;2025-12-10;23;199
7;2025-12-11;0;62
7;2025-12-11;1;14
7;2025-12-11;2;0
7;2025-12-11;3;0
7;2025-12-11;4;1
7;2025-12-11;5;199
7;2025-12-11;6;661
7;2025-12-11;7;1592
7;2025-12-11;8;2519
7;2025-12-11;9;1857
7;2025-12-11;10;1607
7;2025-12-11;11;1508
7;2025-12-11;12;1630
7;2025-12-11;13;1603
7;2025-12-11;14;1678
7;2025-12-11;15;1779
7;2025-12-11;16;1890
7;2025-12-11;17;2391
7;2025-12-11;18;2610
7;2025-12-11;19;1800
7;2025-12-11;20;1095
7;2025-12-11;21;642
7;2025-12-11;22;327
7;2025-12-11;23;200
7;2025-12-12;0;64
7;2025-12-12;1;10
7;2025-12-12;2;0
7;2025-12-12;3;0
7;2025-12-12;4;0
7;2025-12-12;5;197
7;2025-12-12;6;644
7;2025-12-12;7;1566
7;2025-12-12;8;2470
7;2025-12-12;9;1831
7;2025-12-12;10;1574
7;2025-12-12;11;1496
7;2025-12-12;12;1614
7;2025-12-12;13;1618
7;2025-12-12;14;1691
7;2025-12-12;15;1806
7;2025-12-12;16;1913
7;2025-12-12;17;2367
7;2025-12-12;18;2302
7;2025-12-12;19;1706
7;2025-12-12;20;1072
7;2025-12-12;21;632
7;2025-12-12;22;322
7;2025-12-12;23;216
7;2025-12-13;0;97
7;2025-12-13;1;24
7;2025-12-13;2;0
7;2025-12-13;3;0
7;2025-12-13;4;0
7;2025-12-13;5;55
7;2025-12-13;6;291
7;2025-12-13;7;461
7;2025-12-13;8;686
7;2025-12-13;9;713
7;2025-12-13;10;729
7;2025-12-13;11;901
7;2025-12-13;12;1111
7;2025-12-13;13;1130
7;2025-12-13;14;1115
7;2025-12-13;15;1005
7;2025-12-13;16;928
7;2025-12-13;17;986
7;2025-12-13;18;958
7;2025-12-13;19;870
7;2025-12-13;20;682
7;2025-12-13;21;569
7;2025-12-13;22;323
7;2025-12-13;23;207
7;2025-12-14;0;99
7;2025-12-14;1;20
7;2025-12-14;2;0
7;2025-12-14;3;0
7;2025-12-14;4;1
7;2025-12-14;5;33
7;2025-12-14;6;196
7;2025-12-14;7;321
7;2025-12-14;8;513
7;2025-12-14;9;584
7;2025-12-14;10;594
7;2025-12-14;11;759
7;2025-12-14;12;989
7;2025-12-14;13;1026
7;2025-12-14;14;999
7;2025-12-14;15;906
7;2025-12-14;16;839
7;2025-12-14;17;909
7;2025-12-14;18;847
7;2025-12-14;19;721
7;2025-12-14;20;594
7;2025-12-14;21;478
7;2025-12-14;22;272
7;2025-12-14;23;153
7;2025-12-15;0;63
7;2025-12-15;1;9
7;2025-12-15;2;0
7;2025-12-15;3;0
7;2025-12-15;4;1
7;2025-12-15;5;187
7;2025-12-15;6;641
7;2025-12-15;7;1565
7;2025-12-15;8;2490
7;2025-12-15;9;1832
7;2025-12-15;10;1562
7;2025-12-15;11;1459
7;2025-12-15;12;1585
7;2025-12-15;13;1571
7;2025-12-15;14;1627
7;2025-12-15;15;1757
7;2025-12-15;16;1873
7;2025-12-15;17;2359
7;2025-12-15;18;2539
7;2025-12-15;19;1749
7;2025-12-15;20;1071
7;2025-12-15;21;602
7;2025-12-15;22;300
7;2025-12-15;23;163
7;2025-12-16;0;55
7;2025-12-16;1;10
7;2025-12-16;2;0
7;2025-12-16;3;0
7;2025-12-16;4;1
7;2025-12-16;5;193
7;2025-12-16;6;667
7;2025-12-16;7;1594
7;2025-12-16;8;2519
7;2025-12-16;9;1856
7;2025-12-16;10;1607
7;2025-12-16;11;1517
7;2025-12-16;12;1632
7;2025-12-16;13;1605
7;2025-12-16;14;1679
7;2025-12-16;15;1775
7;2025-12-16;16;1889
7;2025-12-16;17;2390
7;2025-12-16;18;2601
7;2025-12-16;19;1807
7;2025-12-16;20;1096
7;2025-12-16;21;637
7;2025-12-16;22;327
7;2025-12-16;23;192
7;2025-12-17;0;56
7;2025-12-17;1;10
7;2025-12-17;2;0
7;2025-12-17;3;0
7;2025-12-17;4;0
7;2025-12-17;5;198
7;2025-12-17;6;661
7;2025-12-17;7;1590
7;2025-12-17;8;2517
7;2025-12-17;9;1857
7;2025-12-17;10;1607
7;2025-12-17;11;1514
7;2025-12-17;12;1630
7;2025-12-17;13;1607
7;2025-12-17;14;1669
7;2025-12-17;15;1773
7;2025-12-17;16;1888
7;2025-12-17;17;2389
7;2025-12-17;18;2599
7;2025-12-17;19;1798
7;2025-12-17;20;1093
7;2025-12-17;21;640
7;2025-12-17;22;327
7;2025-12-17;23;199
7;2025-12-18;0;62
7;2025-12-18;1;14
7;2025-12-18;2;0
7;2025-12-18;3;0
7;2025-12-18;4;1
7;2025-12-18;5;199
7;2025-12-18;6;661
7;2025-12-18;7;1592
7;2025-12-18;8;2519
7;2025-12-18;9;1857
7;2025-12-18;10;1607
7;2025-12-18;11;1508
7;2025-12-18;12;1630
7;2025-12-18;13;1603
7;2025-12-18;14;1678
7;2025-12-18;15;1779
7;2025-12-18;16;1890
7;2025-12-18;17;2391
7;2025-12-18;18;2610
7;2025-12-18;19;1800
7;2025-12-18;20;1095
7;2025-12-18;21;642
7;2025-12-18;22;327
7;2025-12-18;23;200
7;2025-12-19;0;64
7;2025-12-19;1;10
7;2025-12-19;2;0
7;2025-12-19;3;0
7;2025-12-19;4;0
7;2025-12-19;5;197
7;2025-12-19;6;644
7;2025-12-19;7;1566
7;2025-12-19;8;2470
7;2025-12-19;9;1831
7;2025-12-19;10;1574
7;2025-12-19;11;1496
7;2025-12-19;12;1614
7;2025-12-19;13;1618
7;2025-12-19;14;1691
7;2025-12-19;15;1806
7;2025-12-19;16;1913
7;2025-12-19;17;2367
7;2025-12-19;18;2302
7;2025-12-19;19;1706
7;2025-12-19;20;1072
7;2025-12-19;21;632
7;2025-12-19;22;322
7;2025-12-19;23;216
7;2025-12-20;0;97
7;2025-12-20;1;24
7;2025-12-20;2;0
7;2025-12-20;3;0
7;2025-12-20;4;0
7;2025-12-20;5;55
7;2025-12-20;6;291
7;2025-12-20;7;461
7;2025-12-20;8;686
7;2025-12-20;9;713
7;2025-12-20;10;729
7;2025-12-20;11;901
7;2025-12-20;12;1111
7;2025-12-20;13;1130
7;2025-12-20;14;1115
7;2025-12-20;15;1005
7;2025-12-20;16;928
7;2025-12-20;17;986
7;2025-12-20;18;958
7;2025-12-20;19;870
7;2025-12-20;20;682
7;2025-12-20;21;569
7;2025-12-20;22;323
7;2025-12-20;23;207
7;2025-12-21;0;99
7;2025-12-21;1;20
7;2025-12-21;2;0
7;2025-12-21;3;0
7;2025-12-21;4;1
7;2025-12-21;5;33
7;2025-12-21;6;196
7;2025-12-21;7;321
7;2025-12-21;8;513
7;2025-12-21;9;584
7;2025-12-21;10;594
7;2025-12-21;11;759
7;2025-12-21;12;989
7;2025-12-21;13;1026
7;2025-12-21;14;999
7;2025-12-21;15;906
7;2025-12-21;16;839
7;2025-12-21;17;909
7;2025-12-21;18;847
7;2025-12-21;19;721
7;2025-12-21;20;594
7;2025-12-21;21;478
7;2025-12-21;22;272
7;2025-12-21;23;153
7;2025-12-22;0;63
7;2025-12-22;1;9
7;2025-12-22;2;0
7;2025-12-22;3;0
7;2025-12-22;4;1
7;2025-12-22;5;187
7;2025-12-22;6;641
7;2025-12-22;7;1565
7;2025-12-22;8;2490
7;2025-12-22;9;1832
7;2025-12-22;10;1562
7;2025-12-22;11;1459
7;2025-12-22;12;1585
7;2025-12-22;13;1571
7;2025-12-22;14;1627
7;2025-12-22;15;1757
7;2025-12-22;16;1873
7;2025-12-22;17;2359
7;2025-12-22;18;2539
7;2025-12-22;19;1749
7;2025-12-22;20;1071
7;2025-12-22;21;602
7;2025-12-22;22;300
7;2025-12-22;23;163
7;2025-12-23;0;55
7;2025-12-23;1;10
7;2025-12-23;2;0
7;2025-12-23;3;0
7;2025-12-23;4;1
7;2025-12-23;5;193
7;2025-12-23;6;667
7;2025-12-23;7;1594
7;2025-12-23;8;2519
7;2025-12-23;9;1856
7;2025-12-23;10;1607
7;2025-12-23;11;1517
7;2025-12-23;12;1632
7;2025-12-23;13;1605
7;2025-12-23;14;1679
7;2025-12-23;15;1775
7;2025-12-23;16;1889
7;2025-12-23;17;2390
7;2025-12-23;18;2601
7;2025-12-23;19;1807
7;2025-12-23;20;1096
7;2025-12-23;21;637
7;2025-12-23;22;327
7;2025-12-23;23;192
7;2025-12-24;0;56
7;2025-12-24;1;10
7;2025-12-24;2;0
7;2025-12-24;3;0
7;2025-12-24;4;0
7;2025-12-24;5;198
7;2025-12-24;6;661
7;2025-12-24;7;1590
7;2025-12-24;8;2517
7;2025-12-24;9;1857
7;2025-12-24;10;1607
7;2025-12-24;11;1514
7;2025-12-24;12;1630
7;2025-12-24;13;1607
7;2025-12-24;14;1669
7;2025-12-24;15;1773
7;2025-12-24;16;1888
7;2025-12-24;17;2389
7;2025-12-24;18;2599
7;2025-12-24;19;1798
7;2025-12-24;20;1093
7;2025-12-24;21;640
7;2025-12-24;22;327
7;2025-12-24;23;199
7;2025-12-25;0;62
7;2025-12-25;1;14
7;2025-12-25;2;0
7;2025-12-25;3;0
7;2025-12-25;4;1
7;2025-12-25;5;199
7;2025-12-25;6;661
7;2025-12-25;7;1592
7;2025-12-25;8;2519
7;2025-12-25;9;1857
7;2025-12-25;10;1607
7;2025-12-25;11;1508
7;2025-12-25;12;1630
7;2025-12-25;13;1603
7;2025-12-25;14;1678
7;2025-12-25;15;1779
7;2025-12-25;16;1890
7;2025-12-25;17;2391
7;2025-12-25;18;2610
7;2025-12-25;19;1800
7;2025-12-25;20;1095
7;2025-12-25;21;642
7;2025-12-25;22;327
7;2025-12-25;23;200
7;2025-12-26;0;64
7;2025-12-26;1;10
7;2025-12-26;2;0
7;2025-12-26;3;0
7;2025-12-26;4;0
7;2025-12-26;5;197
7;2025-12-26;6;644
7;2025-12-26;7;1566
7;2025-12-26;8;2470
7;2025-12-26;9;1831
7;2025-12-26;10;1574
7;2025-12-26;11;1496
7;2025-12-26;12;1614
7;2025-12-26;13;1618
7;2025-12-26;14;1691
7;2025-12-26;15;1806
7;2025-12-26;16;1913
7;2025-12-26;17;2367
7;2025-12-26;18;2302
7;2025-12-26;19;1706
7;2025-12-26;20;1072
7;2025-12-26;21;632
7;2025-12-26;22;322
7;2025-12-26;23;216
7;2025-12-27;0;97
7;2025-12-27;1;24
7;2025-12-27;2;0
7;2025-12-27;3;0
7;2025-12-27;4;0
7;2025-12-27;5;55
7;2025-12-27;6;291
7;2025-12-27;7;461
7;2025-12-27;8;686
7;2025-12-27;9;713
7;2025-12-27;10;729
7;2025-12-27;11;901
7;2025-12-27;12;1111
7;2025-12-27;13;1130
7;2025-12-27;14;1115
7;2025-12-27;15;1005
7;2025-12-27;16;928
7;2025-12-27;17;986
7;2025-12-27;18;958
7;2025-12-27;19;870
7;2025-12-27;20;682
7;2025-12-27;21;569
7;2025-12-27;22;323
7;2025-12-27;23;207
7;2025-12-28;0;99
7;2025-12-28;1;20
7;2025-12-28;2;0
7;2025-12-28;3;0
7;2025-12-28;4;1
7;2025-12-28;5;33
7;2025-12-28;6;196
7;2025-12-28;7;321
7;2025-12-28;8;513
7;2025-12-28;9;584
7;2025-12-28;10;594
7;2025-12-28;11;759
7;2025-12-28;12;989
7;2025-12-28;13;1026
7;2025-12-28;14;999
7;2025-12-28;15;906
7;2025-12-28;16;839
7;2025-12-28;17;909
7;2025-12-28;18;847
7;2025-12-28;19;721
7;2025-12-28;20;594
7;2025-12-28;21;478
7;2025-12-28;22;272
7;2025-12-28;23;153
7;2025-12-29;0;63
7;2025-12-29;1;9
7;2025-12-29;2;0
7;2025-12-29;3;0
7;2025-12-29;4;1
7;2025-12-29;5;187
7;2025-12-29;6;641
7;2025-12-29;7;1565
7;2025-12-29;8;2490
7;2025-12-29;9;1832
7;2025-12-29;10;1562
7;2025-12-29;11;1459
7;2025-12-29;12;1585
7;2025-12-29;13;1571
7;2025-12-29;14;1627
7;2025-12-29;15;1757
7;2025-12-29;16;1873
7;2025-12-29;17;2359
7;2025-12-29;18;2539
7;2025-12-29;19;1749
7;2025-12-29;20;1071
7;2025-12-29;21;602
7;2025-12-29;22;300
7;2025-12-29;23;163
7;2025-12-30;0;55
7;2025-12-30;1;10
7;2025-12-30;2;0
7;2025-12-30;3;0
7;2025-12-30;4;1
7;2025-12-30;5;193
7;2025-12-30;6;667
7;2025-12-30;7;1594
7;2025-12-30;8;2519
7;2025-12-30;9;1856
7;2025-12-30;10;1607
7;2025-12-30;11;1517
7;2025-12-30;12;1632
7;2025-12-30;13;1605
7;2025-12-30;14;1679
7;2025-12-30;15;1775
7;2025-12-30;16;1889
7;2025-12-30;17;2390
7;2025-12-30;18;2601
7;2025-12-30;19;1807
7;2025-12-30;20;1096
7;2025-12-30;21;637
7;2025-12-30;22;327
7;2025-12-30;23;192
7;2025-12-31;0;39
7;2025-12-31;1;0
7;2025-12-31;2;0
7;2025-12-31;3;0
7;2025-12-31;4;0
7;2025-12-31;5;124
7;2025-12-31;6;268
7;2025-12-31;7;760
7;2025-12-31;8;832
7;2025-12-31;9;893
7;2025-12-31;10;767
7;2025-12-31;11;861
7;2025-12-31;12;1044
7;2025-12-31;13;1033
7;2025-12-31;14;1015
7;2025-12-31;15;928
7;2025-12-31;16;892
7;2025-12-31;17;917
7;2025-12-31;18;1048
7;2025-12-31;19;972
7;2025-12-31;20;593
7;2025-12-31;21;438
7;2025-12-31;22;269
7;2025-12-31;23;148
11;2025-11-01;0;107
11;2025-11-01;1;6
11;2025-11-01;2;0
11;2025-11-01;3;0
11;2025-11-01;4;37
11;2025-11-01;5;213
11;2025-11-01;6;771
11;2025-11-01;7;1203
11;2025-11-01;8;2395
11;2025-11-01;9;2063
11;2025-11-01;10;1854
11;2025-11-01;11;2063
11;2025-11-01;12;2297
11;2025-11-01;13;2202
11;2025-11-01;14;2299
11;2025-11-01;15;2265
11;2025-11-01;16;2287
11;2025-11-01;17;2823
11;2025-11-01;18;2895
11;2025-11-01;19;2174
11;2025-11-01;20;1544
11;2025-11-01;21;786
11;2025-11-01;22;454
11;2025-11-01;23;327
11;2025-11-02;0;114
11;2025-11-02;1;10
11;2025-11-02;2;0
11;2025-11-02;3;0
11;2025-11-02;4;0
11;2025-11-02;5;119
11;2025-11-02;6;580
11;2025-11-02;7;542
11;2025-11-02;8;718
11;2025-11-02;9;934
11;2025-11-02;10;1055
11;2025-11-02;11;1527
11;2025-11-02;12;1707
11;2025-11-02;13;1616
11;2025-11-02;14;1722
11;2025-11-02;15;1708
11;2025-11-02;16;1692
11;2025-11-02;17;1772
11;2025-11-02;18;1407
11;2025-11-02;19;1250
11;2025-11-02;20;945
11;2025-11-02;21;687
11;2025-11-02;22;391
11;2025-11-02;23;255
11;2025-11-03;0;55
11;2025-11-03;1;6
11;2025-11-03;2;0
11;2025-11-03;3;0
11;2025-11-03;4;2
11;2025-11-03;5;171
11;2025-11-03;6;635
11;2025-11-03;7;1089
11;2025-11-03;8;1147
11;2025-11-03;9;1208
11;2025-11-03;10;1125
11;2025-11-03;11;1412
11;2025-11-03;12;1437
11;2025-11-03;13;1511
11;2025-11-03;14;1514
11;2025-11-03;15;1572
11;2025-11-03;16;1776
11;2025-11-03;17;1719
11;2025-11-03;18;1479
11;2025-11-03;19;1517
11;2025-11-03;20;1019
11;2025-11-03;21;637
11;2025-11-03;22;374
11;2025-11-03;23;196
11;2025-11-04;0;68
11;2025-11-04;1;1
11;2025-11-04;2;0
11;2025-11-04;3;0
11;2025-11-04;4;6
11;2025-11-04;5;175
11;2025-11-04;6;594
11;2025-11-04;7;710
11;2025-11-04;8;914
11;2025-11-04;9;806
11;2025-11-04;10;959
11;2025-11-04;11;1256
11;2025-11-04;12;1304
11;2025-11-04;13;1337
11;2025-11-04;14;1428
11;2025-11-04;15;1464
11;2025-11-04;16;1520
11;2025-11-04;17;1630
11;2025-11-04;18;1386
11;2025-11-04;19;1423
11;2025-11-04;20;870
11;2025-11-04;21;662
11;2025-11-04;22;380
11;2025-11-04;23;253
11;2025-11-05;0;63
11;2025-11-05;1;0
11;2025-11-05;2;0
11;2025-11-05;3;0
11;2025-11-05;4;0
11;2025-11-05;5;282
11;2025-11-05;6;1359
11;2025-11-05;7;2372
11;2025-11-05;8;3165
11;2025-11-05;9;2453
11;2025-11-05;10;1909
11;2025-11-05;11;1917
11;2025-11-05;12;1932
11;2025-11-05;13;2027
11;2025-11-05;14;2045
11;2025-11-05;15;2078
11;2025-11-05;16;2317
11;2025-11-05;17;2861
11;2025-11-05;18;3067
11;2025-11-05;19;2353
11;2025-11-05;20;1552
11;2025-11-05;21;915
11;2025-11-05;22;457
11;2025-11-05;23;263
11;2025-11-06;0;68
11;2025-11-06;1;1
11;2025-11-06;2;0
11;2025-11-06;3;0
11;2025-11-06;4;0
11;2025-11-06;5;281
11;2025-11-06;6;1366
11;2025-11-06;7;2372
11;2025-11-06;8;3170
11;2025-11-06;9;2462
11;2025-11-06;10;1921
11;2025-11-06;11;1919
11;2025-11-06;12;1941
11;2025-11-06;13;2028
11;2025-11-06;14;2047
11;2025-11-06;15;2085
11;2025-11-06;16;2325
11;2025-11-06;17;2861
11;2025-11-06;18;3068
11;2025-11-06;19;2355
11;2025-11-06;20;1554
11;2025-11-06;21;918
11;2025-11-06;22;461
11;2025-11-06;23;266
11;2025-11-07;0;72
11;2025-11-07;1;1
11;2025-11-07;2;0
11;2025-11-07;3;0
11;2025-11-07;4;0
11;2025-11-07;5;278
11;2025-11-07;6;1357
11;2025-11-07;7;2325
11;2025-11-07;8;3119
11;2025-11-07;9;2397
11;2025-11-07;10;1872
11;2025-11-07;11;1887
11;2025-11-07;12;1908
11;2025-11-07;13;2004
11;2025-11-07;14;2039
11;2025-11-07;15;2121
11;2025-11-07;16;2387
11;2025-11-07;17;2838
11;2025-11-07;18;2785
11;2025-11-07;19;2201
11;2025-11-07;20;1504
11;2025-11-07;21;911
11;2025-11-07;22;460
11;2025-11-07;23;280
11;2025-11-08;0;107
11;2025-11-08;1;1
11;2025-11-08;2;0
11;2025-11-08;3;0
11;2025-11-08;4;2
11;2025-11-08;5;194
11;2025-11-08;6;766
11;2025-11-08;7;737
11;2025-11-08;8;928
11;2025-11-08;9;1119
11;2025-11-08;10;1247
11;2025-11-08;11;1680
11;2025-11-08;12;1870
11;2025-11-08;13;1778
11;2025-11-08;14;1852
11;2025-11-08;15;1795
11;2025-11-08;16;1840
11;2025-11-08;17;1857
11;2025-11-08;18;1532
11;2025-11-08;19;1467
11;2025-11-08;20;1103
11;2025-11-08;21;759
11;2025-11-08;22;435
11;2025-11-08;23;309
11;2025-11-09;0;114
11;2025-11-09;1;10
11;2025-11-09;2;0
11;2025-11-09;3;0
11;2025-11-09;4;0
11;2025-11-09;5;119
11;2025-11-09;6;580
11;2025-11-09;7;542
11;2025-11-09;8;718
11;2025-11-09;9;934
11;2025-11-09;10;1055
11;2025-11-09;11;1527
11;2025-11-09;12;1707
11;2025-11-09;13;1616
11;2025-11-09;14;1722
11;2025-11-09;15;1708
11;2025-11-09;16;1692
11;2025-11-09;17;1772
11;2025-11-09;18;1407
11;2025-11-09;19;1250
11;2025-11-09;20;945
11;2025-11-09;21;687
11;2025-11-09;22;391
11;2025-11-09;23;255
11;2025-11-10;0;73
11;2025-11-10;1;8
11;2025-11-10;2;0
11;2025-11-10;3;0
11;2025-11-10;4;0
11;2025-11-10;5;261
11;2025-11-10;6;1331
11;2025-11-10;7;2326
11;2025-11-10;8;3129
11;2025-11-10;9;2411
11;2025-11-10;10;1835
11;2025-11-10;11;1852
11;2025-11-10;12;1844
11;2025-11-10;13;1957
11;2025-11-10;14;1987
11;2025-11-10;15;2058
11;2025-11-10;16;2288
11;2025-11-10;17;2819
11;2025-11-10;18;3016
11;2025-11-10;19;2297
11;2025-11-10;20;1505
11;2025-11-10;21;878
11;2025-11-10;22;437
11;2025-11-10;23;223
11;2025-11-11;0;64
11;2025-11-11;1;0
11;2025-11-11;2;0
11;2025-11-11;3;0
11;2025-11-11;4;0
11;2025-11-11;5;273
11;2025-11-11;6;1363
11;2025-11-11;7;2373
11;2025-11-11;8;3171
11;2025-11-11;9;2464
11;2025-11-11;10;1919
11;2025-11-11;11;1911
11;2025-11-11;12;1931
11;2025-11-11;13;2024
11;2025-11-11;14;2047
11;2025-11-11;15;2082
11;2025-11-11;16;2330
11;2025-11-11;17;2864
11;2025-11-11;18;3070
11;2025-11-11;19;2358
11;2025-11-11;20;1554
11;2025-11-11;21;908
11;2025-11-11;22;457
11;2025-11-11;23;257
11;2025-11-12;0;63
11;2025-11-12;1;0
11;2025-11-12;2;0
11;2025-11-12;3;0
11;2025-11-12;4;0
11;2025-11-12;5;282
11;2025-11-12;6;1359
11;2025-11-12;7;2372
11;2025-11-12;8;3165
11;2025-11-12;9;2453
11;2025-11-12;10;1909
11;2025-11-12;11;1917
11;2025-11-12;12;1932
11;2025-11-12;13;2027
11;2025-11-12;14;2045
11;2025-11-12;15;2078
11;2025-11-12;16;2317
11;2025-11-12;17;2861
11;2025-11-12;18;3067
11;2025-11-12;19;2353
11;2025-11-12;20;1552
11;2025-11-12;21;915
11;2025-11-12;22;457
11;2025-11-12;23;263
11;2025-11-13;0;68
11;2025-11-13;1;1
11;2025-11-13;2;0
11;2025-11-13;3;0
11;2025-11-13;4;0
11;2025-11-13;5;281
11;2025-11-13;6;1366
11;2025-11-13;7;2372
11;2025-11-13;8;3170
11;2025-11-13;9;2462
11;2025-11-13;10;1921
11;2025-11-13;11;1919
11;2025-11-13;12;1941
11;2025-11-13;13;2028
11;2025-11-13;14;2047
11;2025-11-13;15;2085
11;2025-11-13;16;2325
11;2025-11-13;17;2861
11;2025-11-13;18;3068
11;2025-11-13;19;2355
11;2025-11-13;20;1554
11;2025-11-13;21;918
11;2025-11-13;22;461
11;2025-11-13;23;266
11;2025-11-14;0;72
11;2025-11-14;1;1
11;2025-11-14;2;0
11;2025-11-14;3;0
11;2025-11-14;4;0
11;2025-11-14;5;278
11;2025-11-14;6;1357
11;2025-11-14;7;2325
11;2025-11-14;8;3119
11;2025-11-14;9;2397
11;2025-11-14;10;1872
11;2025-11-14;11;1887
11;2025-11-14;12;1908
11;2025-11-14;13;2004
11;2025-11-14;14;2039
11;2025-11-14;15;2121
11;2025-11-14;16;2387
11;2025-11-14;17;2838
11;2025-11-14;18;2785
11;2025-11-14;19;2201
11;2025-11-14;20;1504
11;2025-11-14;21;911
11;2025-11-14;22;460
11;2025-11-14;23;280
11;2025-11-15;0;107
11;2025-11-15;1;1
11;2025-11-15;2;0
11;2025-11-15;3;0
11;2025-11-15;4;2
11;2025-11-15;5;194
11;2025-11-15;6;766
11;2025-11-15;7;737
11;2025-11-15;8;928
11;2025-11-15;9;1119
11;2025-11-15;10;1247
11;2025-11-15;11;1680
11;2025-11-15;12;1870
11;2025-11-15;13;1778
11;2025-11-15;14;1852
11;2025-11-15;15;1795
11;2025-11-15;16;1840
11;2025-11-15;17;1857
11;2025-11-15;18;1532
11;2025-11-15;19;1467
11;2025-11-15;20;1103
11;2025-11-15;21;759
11;2025-11-15;22;435
11;2025-11-15;23;309
11;2025-11-16;0;114
11;2025-11-16;1;10
11;2025-11-16;2;0
11;2025-11-16;3;0
11;2025-11-16;4;0
11;2025-11-16;5;119
11;2025-11-16;6;580
11;2025-11-16;7;542
11;2025-11-16;8;718
11;2025-11-16;9;934
11;2025-11-16;10;1055
11;2025-11-16;11;1527
11;2025-11-16;12;1707
11;2025-11-16;13;1616
11;2025-11-16;14;1722
11;2025-11-16;15;1708
11;2025-11-16;16;1692
11;2025-11-16;17;1772
11;2025-11-16;18;1407
11;2025-11-16;19;1250
11;2025-11-16;20;945
11;2025-11-16;21;687
11;2025-11-16;22;391
11;2025-11-16;23;255
11;2025-11-17;0;73
11;2025-11-17;1;8
11;2025-11-17;2;0
11;2025-11-17;3;0
11;2025-11-17;4;0
11;2025-11-17;5;261
11;2025-11-17;6;1331
11;2025-11-17;7;2326
11;2025-11-17;8;3129
11;2025-11-17;9;2411
11;2025-11-17;10;1835
11;2025-11-17;11;1852
11;2025-11-17;12;1844
11;2025-11-17;13;1957
11;2025-11-17;14;1987
11;2025-11-17;15;2058
11;2025-11-17;16;2288
11;2025-11-17;17;2819
11;2025-11-17;18;3016
11;2025-11-17;19;2297
11;2025-11-17;20;1505
11;2025-11-17;21;878
11;2025-11-17;22;437
11;2025-11-17;23;223
11;2025-11-18;0;64
11;2025-11-18;1;0
11;2025-11-18;2;0
11;2025-11-18;3;0
11;2025-11-18;4;0
11;2025-11-18;5;273
11;2025-11-18;6;1363
11;2025-11-18;7;2373
11;2025-11-18;8;3171
11;2025-11-18;9;2464
11;2025-11-18;10;1919
11;2025-11-18;11;1911
11;2025-11-18;12;1931
11;2025-11-18;13;2024
11;2025-11-18;14;2047
11;2025-11-18;15;2082
11;2025-11-18;16;2330
11;2025-11-18;17;2864
11;2025-11-18;18;3070
11;2025-11-18;19;2358
11;2025-11-18;20;1554
11;2025-11-18;21;908
11;2025-11-18;22;457
11;2025-11-18;23;257
11;2025-11-19;0;63
11;2025-11-19;1;0
11;2025-11-19;2;0
11;2025-11-19;3;0
11;2025-11-19;4;0
11;2025-11-19;5;282
11;2025-11-19;6;1359
11;2025-11-19;7;2372
11;2025-11-19;8;3165
11;2025-11-19;9;2453
11;2025-11-19;10;1909
11;2025-11-19;11;1917
11;2025-11-19;12;1932
11;2025-11-19;13;2027
11;2025-11-19;14;2045
11;2025-11-19;15;2078
11;2025-11-19;16;2317
11;2025-11-19;17;2861
11;2025-11-19;18;3067
11;2025-11-19;19;2353
11;2025-11-19;20;1552
11;2025-11-19;21;915
11;2025-11-19;22;457
11;2025-11-19;23;263
11;2025-11-20;0;68
11;2025-11-20;1;1
11;2025-11-20;2;0
11;2025-11-20;3;0
11;2025-11-20;4;0
11;2025-11-20;5;281
11;2025-11-20;6;1366
11;2025-11-20;7;2372
11;2025-11-20;8;3170
11;2025-11-20;9;2462
11;2025-11-20;10;1921
11;2025-11-20;11;1919
11;2025-11-20;12;1941
11;2025-11-20;13;2028
11;2025-11-20;14;2047
11;2025-11-20;15;2085
11;2025-11-20;16;2325
11;2025-11-20;17;2861
11;2025-11-20;18;3068
11;2025-11-20;19;2355
11;2025-11-20;20;1554
11;2025-11-20;21;918
11;2025-11-20;22;461
11;2025-11-20;23;266
11;2025-11-21;0;72
11;2025-11-21;1;1
11;2025-11-21;2;0
11;2025-11-21;3;0
11;2025-11-21;4;0
11;2025-11-21;5;278
11;2025-11-21;6;1357
11;2025-11-21;7;2325
11;2025-11-21;8;3119
11;2025-11-21;9;2397
11;2025-11-21;10;1872
11;2025-11-21;11;1887
11;2025-11-21;12;1908
11;2025-11-21;13;2004
11;2025-11-21;14;2039
11;2025-11-21;15;2121
11;2025-11-21;16;2387
11;2025-11-21;17;2838
11;2025-11-21;18;2785
11;2025-11-21;19;2201
11;2025-11-21;20;1504
11;2025-11-21;21;911
11;2025-11-21;22;460
11;2025-11-21;23;280
11;2025-11-22;0;107
11;2025-11-22;1;1
11;2025-11-22;2;0
11;2025-11-22;3;0
11;2025-11-22;4;2
11;2025-11-22;5;194
11;2025-11-22;6;766
11;2025-11-22;7;737
11;2025-11-22;8;928
11;2025-11-22;9;1119
11;2025-11-22;10;1247
11;2025-11-22;11;1680
11;2025-11-22;12;1870
11;2025-11-22;13;1778
11;2025-11-22;14;1852
11;2025-11-22;15;1795
11;2025-11-22;16;1840
11;2025-11-22;17;1857
11;2025-11-22;18;1532
11;2025-11-22;19;1467
11;2025-11-22;20;1103
11;2025-11-22;21;759
11;2025-11-22;22;435
11;2025-11-22;23;309
11;2025-11-23;0;114
11;2025-11-23;1;10
11;2025-11-23;2;0
11;2025-11-23;3;0
11;2025-11-23;4;0
11;2025-11-23;5;119
11;2025-11-23;6;580
11;2025-11-23;7;542
11;2025-11-23;8;718
11;2025-11-23;9;934
11;2025-11-23;10;1055
11;2025-11-23;11;1527
11;2025-11-23;12;1707
11;2025-11-23;13;1616
11;2025-11-23;14;1722
11;2025-11-23;15;1708
11;2025-11-23;16;1692
11;2025-11-23;17;1772
11;2025-11-23;18;1407
11;2025-11-23;19;1250
11;2025-11-23;20;945
11;2025-11-23;21;687
11;2025-11-23;22;391
11;2025-11-23;23;255
11;2025-11-24;0;73
11;2025-11-24;1;8
11;2025-11-24;2;0
11;2025-11-24;3;0
11;2025-11-24;4;0
11;2025-11-24;5;261
11;2025-11-24;6;1331
11;2025-11-24;7;2326
11;2025-11-24;8;3129
11;2025-11-24;9;2411
11;2025-11-24;10;1835
11;2025-11-24;11;1852
11;2025-11-24;12;1844
11;2025-11-24;13;1957
11;2025-11-24;14;1987
11;2025-11-24;15;2058
11;2025-11-24;16;2288
11;2025-11-24;17;2819
11;2025-11-24;18;3016
11;2025-11-24;19;2297
11;2025-11-24;20;1505
11;2025-11-24;21;878
11;2025-11-24;22;437
11;2025-11-24;23;223
11;2025-11-25;0;64
11;2025-11-25;1;0
11;2025-11-25;2;0
11;2025-11-25;3;0
11;2025-11-25;4;0
11;2025-11-25;5;273
11;2025-11-25;6;1363
11;2025-11-25;7;2373
11;2025-11-25;8;3171
11;2025-11-25;9;2464
11;2025-11-25;10;1919
11;2025-11-25;11;1911
11;2025-11-25;12;1931
11;2025-11-25;13;2024
11;2025-11-25;14;2047
11;2025-11-25;15;2082
11;2025-11-25;16;2330
11;2025-11-25;17;2864
11;2025-11-25;18;3070
11;2025-11-25;19;2358
11;2025-11-25;20;1554
11;2025-11-25;21;908
11;2025-11-25;22;457
11;2025-11-25;23;257
11;2025-11-26;0;63
11;2025-11-26;1;0
11;2025-11-26;2;0
11;2025-11-26;3;0
11;2025-11-26;4;0
11;2025-11-26;5;282
11;2025-11-26;6;1359
11;2025-11-26;7;2372
11;2025-11-26;8;3165
11;2025-11-26;9;2453
11;2025-11-26;10;1909
11;2025-11-26;11;1917
11;2025-11-26;12;1932
11;2025-11-26;13;2027
11;2025-11-26;14;2045
11;2025-11-26;15;2078
11;2025-11-26;16;2317
11;2025-11-26;17;2861
11;2025-11-26;18;3067
11;2025-11-26;19;2353
11;2025-11-26;20;1552
11;2025-11-26;21;915
11;2025-11-26;22;457
11;2025-11-26;23;263
11;2025-11-27;0;68
11;2025-11-27;1;1
11;2025-11-27;2;0
11;2025-11-27;3;0
11;2025-11-27;4;0
11;2025-11-27;5;281
11;2025-11-27;6;1366
11;2025-11-27;7;2372
11;2025-11-27;8;3170
11;2025-11-27;9;2462
11;2025-11-27;10;1921
11;2025-11-27;11;1919
11;2025-11-27;12;1941
11;2025-11-27;13;2028
11;2025-11-27;14;2047
11;2025-11-27;15;2085
11;2025-11-27;16;2325
11;2025-11-27;17;2861
11;2025-11-27;18;3068
11;2025-11-27;19;2355
11;2025-11-27;20;1554
11;2025-11-27;21;918
11;2025-11-27;22;461
11;2025-11-27;23;266
11;2025-11-28;0;72
11;2025-11-28;1;1
11;2025-11-28;2;0
11;2025-11-28;3;0
11;2025-11-28;4;0
11;2025-11-28;5;278
11;2025-11-28;6;1357
11;2025-11-28;7;2325
11;2025-11-28;8;3119
11;2025-11-28;9;2397
11;2025-11-28;10;1872
11;2025-11-28;11;1887
11;2025-11-28;12;1908
11;2025-11-28;13;2004
11;2025-11-28;14;2039
11;2025-11-28;15;2121
11;2025-11-28;16;2387
11;2025-11-28;17;2838
11;2025-11-28;18;2785
11;2025-11-28;19;2201
11;2025-11-28;20;1504
11;2025-11-28;21;911
11;2025-11-28;22;460
11;2025-11-28;23;280
11;2025-11-29;0;107
11;2025-11-29;1;1
11;2025-11-29;2;0
11;2025-11-29;3;0
11;2025-11-29;4;2
11;2025-11-29;5;194
11;2025-11-29;6;766
11;2025-11-29;7;737
11;2025-11-29;8;928
11;2025-11-29;9;1119
11;2025-11-29;10;1247
11;2025-11-29;11;1680
11;2025-11-29;12;1870
11;2025-11-29;13;1778
11;2025-11-29;14;1852
11;2025-11-29;15;1795
11;2025-11-29;16;1840
11;2025-11-29;17;1857
11;2025-11-29;18;1532
11;2025-11-29;19;1467
11;2025-11-29;20;1103
11;2025-11-29;21;759
11;2025-11-29;22;435
11;2025-11-29;23;309
11;2025-11-30;0;114
11;2025-11-30;1;10
11;2025-11-30;2;0
11;2025-11-30;3;0
11;2025-11-30;4;0
11;2025-11-30;5;119
11;2025-11-30;6;580
11;2025-11-30;7;542
11;2025-11-30;8;718
11;2025-11-30;9;934
11;2025-11-30;10;1055
11;2025-11-30;11;1527
11;2025-11-30;12;1707
11;2025-11-30;13;1616
11;2025-11-30;14;1722
11;2025-11-30;15;1708
11;2025-11-30;16;1692
11;2025-11-30;17;1772
11;2025-11-30;18;1407
11;2025-11-30;19;1250
11;2025-11-30;20;945
11;2025-11-30;21;687
11;2025-11-30;22;391
11;2025-11-30;23;255
11;2025-12-01;0;76
11;2025-12-01;1;8
11;2025-12-01;2;0
11;2025-12-01;3;0
11;2025-12-01;4;5
11;2025-12-01;5;280
11;2025-12-01;6;1310
11;2025-12-01;7;2322
11;2025-12-01;8;3106
11;2025-12-01;9;2407
11;2025-12-01;10;1808
11;2025-12-01;11;1819
11;2025-12-01;12;1823
11;2025-12-01;13;1947
11;2025-12-01;14;1949
11;2025-12-01;15;2047
11;2025-12-01;16;2288
11;2025-12-01;17;2815
11;2025-12-01;18;3013
11;2025-12-01;19;2303
11;2025-12-01;20;1482
11;2025-12-01;21;873
11;2025-12-01;22;440
11;2025-12-01;23;212
11;2025-12-02;0;67
11;2025-12-02;1;1
11;2025-12-02;2;0
11;2025-12-02;3;0
11;2025-12-02;4;6
11;2025-12-02;5;291
11;2025-12-02;6;1342
11;2025-12-02;7;2361
11;2025-12-02;8;3147
11;2025-12-02;9;2458
11;2025-12-02;10;1883
11;2025-12-02;11;1869
11;2025-12-02;12;1901
11;2025-12-02;13;2005
11;2025-12-02;14;2000
11;2025-12-02;15;2071
11;2025-12-02;16;2331
11;2025-12-02;17;2851
11;2025-12-02;18;3066
11;2025-12-02;19;2364
11;2025-12-02;20;1531
11;2025-12-02;21;902
11;2025-12-02;22;459
11;2025-12-02;23;245
11;2025-12-03;0;66
11;2025-12-03;1;1
11;2025-12-03;2;0
11;2025-12-03;3;0
11;2025-12-03;4;6
11;2025-12-03;5;300
11;2025-12-03;6;1339
11;2025-12-03;7;2359
11;2025-12-03;8;3141
11;2025-12-03;9;2447
11;2025-12-03;10;1873
11;2025-12-03;11;1876
11;2025-12-03;12;1902
11;2025-12-03;13;2008
11;2025-12-03;14;1998
11;2025-12-03;15;2067
11;2025-12-03;16;2314
11;2025-12-03;17;2848
11;2025-12-03;18;3063
11;2025-12-03;19;2360
11;2025-12-03;20;1529
11;2025-12-03;21;909
11;2025-12-03;22;459
11;2025-12-03;23;251
11;2025-12-04;0;70
11;2025-12-04;1;1
11;2025-12-04;2;0
11;2025-12-04;3;0
11;2025-12-04;4;6
11;2025-12-04;5;299
11;2025-12-04;6;1346
11;2025-12-04;7;2359
11;2025-12-04;8;3146
11;2025-12-04;9;2457
11;2025-12-04;10;1885
11;2025-12-04;11;1877
11;2025-12-04;12;1911
11;2025-12-04;13;2009
11;2025-12-04;14;2000
11;2025-12-04;15;2074
11;2025-12-04;16;2325
11;2025-12-04;17;2847
11;2025-12-04;18;3064
11;2025-12-04;19;2361
11;2025-12-04;20;1531
11;2025-12-04;21;913
11;2025-12-04;22;463
11;2025-12-04;23;254
11;2025-12-05;0;74
11;2025-12-05;1;2
11;2025-12-05;2;0
11;2025-12-05;3;0
11;2025-12-05;4;6
11;2025-12-05;5;296
11;2025-12-05;6;1335
11;2025-12-05;7;2320
11;2025-12-05;8;3094
11;2025-12-05;9;2391
11;2025-12-05;10;1844
11;2025-12-05;11;1853
11;2025-12-05;12;1885
11;2025-12-05;13;1993
11;2025-12-05;14;2000
11;2025-12-05;15;2108
11;2025-12-05;16;2386
11;2025-12-05;17;2833
11;2025-12-05;18;2780
11;2025-12-05;19;2205
11;2025-12-05;20;1480
11;2025-12-05;21;905
11;2025-12-05;22;462
11;2025-12-05;23;268
11;2025-12-06;0;105
11;2025-12-06;1;2
11;2025-12-06;2;0
11;2025-12-06;3;0
11;2025-12-06;4;4
11;2025-12-06;5;205
11;2025-12-06;6;742
11;2025-12-06;7;728
11;2025-12-06;8;917
11;2025-12-06;9;1112
11;2025-12-06;10;1227
11;2025-12-06;11;1633
11;2025-12-06;12;1833
11;2025-12-06;13;1744
11;2025-12-06;14;1805
11;2025-12-06;15;1785
11;2025-12-06;16;1829
11;2025-12-06;17;1818
11;2025-12-06;18;1526
11;2025-12-06;19;1471
11;2025-12-06;20;1082
11;2025-12-06;21;748
11;2025-12-06;22;440
11;2025-12-06;23;293
11;2025-12-07;0;111
11;2025-12-07;1;10
11;2025-12-07;2;0
11;2025-12-07;3;0
11;2025-12-07;4;2
11;2025-12-07;5;131
11;2025-12-07;6;559
11;2025-12-07;7;543
11;2025-12-07;8;708
11;2025-12-07;9;927
11;2025-12-07;10;1044
11;2025-12-07;11;1496
11;2025-12-07;12;1686
11;2025-12-07;13;1591
11;2025-12-07;14;1684
11;2025-12-07;15;1701
11;2025-12-07;16;1686
11;2025-12-07;17;1741
11;2025-12-07;18;1402
11;2025-12-07;19;1255
11;2025-12-07;20;928
11;2025-12-07;21;682
11;2025-12-07;22;395
11;2025-12-07;23;240
11;2025-12-08;0;76
11;2025-12-08;1;8
11;2025-12-08;2;0
11;2025-12-08;3;0
11;2025-12-08;4;5
11;2025-12-08;5;280
11;2025-12-08;6;1310
11;2025-12-08;7;2322
11;2025-12-08;8;3106
11;2025-12-08;9;2407
11;2025-12-08;10;1808
11;2025-12-08;11;1819
11;2025-12-08;12;1823
11;2025-12-08;13;1947
11;2025-12-08;14;1949
11;2025-12-08;15;2047
11;2025-12-08;16;2288
11;2025-12-08;17;2815
11;2025-12-08;18;3013
11;2025-12-08;19;2303
11;2025-12-08;20;1482
11;2025-12-08;21;873
11;2025-12-08;22;440
11;2025-12-08;23;212
11;2025-12-09;0;67
11;2025-12-09;1;1
11;2025-12-09;2;0
11;2025-12-09;3;0
11;2025-12-09;4;6
11;2025-12-09;5;291
11;2025-12-09;6;1342
11;2025-12-09;7;2361
11;2025-12-09;8;3147
11;2025-12-09;9;2458
11;2025-12-09;10;1883
11;2025-12-09;11;1869
11;2025-12-09;12;1901
11;2025-12-09;13;2005
11;2025-12-09;14;2000
11;2025-12-09;15;2071
11;2025-12-09;16;2331
11;2025-12-09;17;2851
11;2025-12-09;18;3066
11;2025-12-09;19;2364
11;2025-12-09;20;1531
11;2025-12-09;21;902
11;2025-12-09;22;459
11;2025-12-09;23;245
11;2025-12-10;0;66
11;2025-12-10;1;1
11;2025-12-10;2;0
11;2025-12-10;3;0
11;2025-12-10;4;6
11;2025-12-10;5;300
11;2025-12-10;6;1339
11;2025-12-10;7;2359
11;2025-12-10;8;3141
11;2025-12-10;9;2447
11;2025-12-10;10;1873
11;2025-12-10;11;1876
11;2025-12-10;12;1902
11;2025-12-10;13;2008
11;2025-12-10;14;1998
11;2025-12-10;15;2067
11;2025-12-10;16;2314
11;2025-12-10;17;2848
11;2025-12-10;18;3063
11;2025-12-10;19;2360
11;2025-12-10;20;1529
11;2025-12-10;21;909
11;2025-12-10;22;459
11;2025-12-10;23;251
11;2025-12-11;0;70
11;2025-12-11;1;1
11;2025-12-11;2;0
11;2025-12-11;3;0
11;2025-12-11;4;6
11;2025-12-11;5;299
11;2025-12-11;6;1346
11;2025-12-11;7;2359
11;2025-12-11;8;3146
11;2025-12-11;9;2457
11;2025-12-11;10;1885
11;2025-12-11;11;1877
11;2025-12-11;12;1911
11;2025-12-11;13;2009
11;2025-12-11;14;2000
11;2025-12-11;15;2074
11;2025-12-11;16;2325
11;2025-12-11;17;2847
11;2025-12-11;18;3064
11;2025-12-11;19;2361
11;2025-12-11;20;1531
11;2025-12-11;21;913
11;2025-12-11;22;463
11;2025-12-11;23;254
11;2025-12-12;0;74
11;2025-12-12;1;2
11;2025-12-12;2;0
11;2025-12-12;3;0
11;2025-12-12;4;6
11;2025-12-12;5;296
11;2025-12-12;6;1335
11;2025-12-12;7;2320
11;2025-12-12;8;3094
11;2025-12-12;9;2391
11;2025-12-12;10;1844
11;2025-12-12;11;1853
11;2025-12-12;12;1885
11;2025-12-12;13;1993
11;2025-12-12;14;2000
11;2025-12-12;15;2108
11;2025-12-12;16;2386
11;2025-12-12;17;2833
11;2025-12-12;18;2780
11;2025-12-12;19;2205
11;2025-12-12;20;1480
11;2025-12-12;21;905
11;2025-12-12;22;462
11;2025-12-12;23;268
11;2025-12-13;0;105
11;2025-12-13;1;2
11;2025-12-13;2;0
11;2025-12-13;3;0
11;2025-12-13;4;4
11;2025-12-13;5;205
11;2025-12-13;6;742
11;2025-12-13;7;728
11;2025-12-13;8;917
11;2025-12-13;9;1112
11;2025-12-13;10;1227
11;2025-12-13;11;1633
11;2025-12-13;12;1833
11;2025-12-13;13;1744
11;2025-12-13;14;1805
11;2025-12-13;15;1785
11;2025-12-13;16;1829
11;2025-12-13;17;1818
11;2025-12-13;18;1526
11;2025-12-13;19;1471
11;2025-12-13;20;1082
11;2025-12-13;21;748
11;2025-12-13;22;440
11;2025-12-13;23;293
11;2025-12-14;0;111
11;2025-12-14;1;10
11;2025-12-14;2;0
11;2025-12-14;3;0
11;2025-12-14;4;2
11;2025-12-14;5;131
11;2025-12-14;6;559
11;2025-12-14;7;543
11;2025-12-14;8;708
11;2025-12-14;9;927
11;2025-12-14;10;1044
11;2025-12-14;11;1496
11;2025-12-14;12;1686
11;2025-12-14;13;1591
11;2025-12-14;14;1684
11;2025-12-14;15;1701
11;2025-12-14;16;1686
11;2025-12-14;17;1741
11;2025-12-14;18;1402
11;2025-12-14;19;1255
11;2025-12-14;20;928
11;2025-12-14;21;682
11;2025-12-14;22;395
11;2025-12-14;23;240
11;2025-12-15;0;76
11;2025-12-15;1;8
11;2025-12-15;2;0
11;2025-12-15;3;0
11;2025-12-15;4;5
11;2025-12-15;5;280
11;2025-12-15;6;1310
11;2025-12-15;7;2322
11;2025-12-15;8;3106
11;2025-12-15;9;2407
11;2025-12-15;10;1808
11;2025-12-15;11;1819
11;2025-12-15;12;1823
11;2025-12-15;13;1947
11;2025-12-15;14;1949
11;2025-12-15;15;2047
11;2025-12-15;16;2288
11;2025-12-15;17;2815
11;2025-12-15;18;3013
11;2025-12-15;19;2303
11;2025-12-15;20;1482
11;2025-12-15;21;873
11;2025-12-15;22;440
11;2025-12-15;23;212
11;2025-12-16;0;67
11;2025-12-16;1;1
11;2025-12-16;2;0
11;2025-12-16;3;0
11;2025-12-16;4;6
11;2025-12-16;5;291
11;2025-12-16;6;1342
11;2025-12-16;7;2361
11;2025-12-16;8;3147
11;2025-12-16;9;2458
11;2025-12-16;10;1883
11;2025-12-16;11;1869
11;2025-12-16;12;1901
11;2025-12-16;13;2005
11;2025-12-16;14;2000
11;2025-12-16;15;2071
11;2025-12-16;16;2331
11;2025-12-16;17;2851
11;2025-12-16;18;3066
11;2025-12-16;19;2364
11;2025-12-16;20;1531
11;2025-12-16;21;902
11;2025-12-16;22;459
11;2025-12-16;23;245
11;2025-12-17;0;66
11;2025-12-17;1;1
11;2025-12-17;2;0
11;2025-12-17;3;0
11;2025-12-17;4;6
11;2025-12-17;5;300
11;2025-12-17;6;1339
11;2025-12-17;7;2359
11;2025-12-17;8;3141
11;2025-12-17;9;2447
11;2025-12-17;10;1873
11;2025-12-17;11;1876
11;2025-12-17;12;1902
11;2025-12-17;13;2008
11;2025-12-17;14;1998
11;2025-12-17;15;2067
11;2025-12-17;16;2314
11;2025-12-17;17;2848
11;2025-12-17;18;3063
11;2025-12-17;19;2360
11;2025-12-17;20;1529
11;2025-12-17;21;909
11;2025-12-17;22;459
11;2025-12-17;23;251
11;2025-12-18;0;70
11;2025-12-18;1;1
11;2025-12-18;2;0
11;2025-12-18;3;0
11;2025-12-18;4;6
11;2025-12-18;5;299
11;2025-12-18;6;1346
11;2025-12-18;7;2359
11;2025-12-18;8;3146
11;2025-12-18;9;2457
11;2025-12-18;10;1885
11;2025-12-18;11;1877
11;2025-12-18;12;1911
11;2025-12-18;13;2009
11;2025-12-18;14;2000
11;2025-12-18;15;2074
11;2025-12-18;16;2325
11;2025-12-18;17;2847
11;2025-12-18;18;3064
11;2025-12-18;19;2361
11;2025-12-18;20;1531
11;2025-12-18;21;913
11;2025-12-18;22;463
11;2025-12-18;23;254
11;2025-12-19;0;74
11;2025-12-19;1;2
11;2025-12-19;2;0
11;2025-12-19;3;0
11;2025-12-19;4;6
11;2025-12-19;5;296
11;2025-12-19;6;1335
11;2025-12-19;7;2320
11;2025-12-19;8;3094
11;2025-12-19;9;2391
11;2025-12-19;10;1844
11;2025-12-19;11;1853
11;2025-12-19;12;1885
11;2025-12-19;13;1993
11;2025-12-19;14;2000
11;2025-12-19;15;2108
11;2025-12-19;16;2386
11;2025-12-19;17;2833
11;2025-12-19;18;2780
11;2025-12-19;19;2205
11;2025-12-19;20;1480
11;2025-12-19;21;905
11;2025-12-19;22;462
11;2025-12-19;23;268
11;2025-12-20;0;105
11;2025-12-20;1;2
11;2025-12-20;2;0
11;2025-12-20;3;0
11;2025-12-20;4;4
11;2025-12-20;5;205
11;2025-12-20;6;742
11;2025-12-20;7;728
11;2025-12-20;8;917
11;2025-12-20;9;1112
11;2025-12-20;10;1227
11;2025-12-20;11;1633
11;2025-12-20;12;1833
11;2025-12-20;13;1744
11;2025-12-20;14;1805
11;2025-12-20;15;1785
11;2025-12-20;16;1829
11;2025-12-20;17;1818
11;2025-12-20;18;1526
11;2025-12-20;19;1471
11;2025-12-20;20;1082
11;2025-12-20;21;748
11;2025-12-20;22;440
11;2025-12-20;23;293
11;2025-12-21;0;111
11;2025-12-21;1;10
11;2025-12-21;2;0
11;2025-12-21;3;0
11;2025-12-21;4;2
11;2025-12-21;5;131
11;2025-12-21;6;559
11;2025-12-21;7;543
11;2025-12-21;8;708
11;2025-12-21;9;927
11;2025-12-21;10;1044
11;2025-12-21;11;1496
11;2025-12-21;12;1686
11;2025-12-21;13;1591
11;2025-12-21;14;1684
11;2025-12-21;15;1701
11;2025-12-21;16;1686
11;2025-12-21;17;1741
11;2025-12-21;18;1402
11;2025-12-21;19;1255
11;2025-12-21;20;928
11;2025-12-21;21;682
11;2025-12-21;22;395
11;2025-12-21;23;240
11;2025-12-22;0;76
11;2025-12-22;1;8
11;2025-12-22;2;0
11;2025-12-22;3;0
11;2025-12-22;4;5
11;2025-12-22;5;280
11;2025-12-22;6;1310
11;2025-12-22;7;2322
11;2025-12-22;8;3106
11;2025-12-22;9;2407
11;2025-12-22;10;1808
11;2025-12-22;11;1819
11;2025-12-22;12;1823
11;2025-12-22;13;1947
11;2025-12-22;14;1949
11;2025-12-22;15;2047
11;2025-12-22;16;2288
11;2025-12-22;17;2815
11;2025-12-22;18;3013
11;2025-12-22;19;2303
11;2025-12-22;20;1482
11;2025-12-22;21;873
11;2025-12-22;22;440
11;2025-12-22;23;212
11;2025-12-23;0;67
11;2025-12-23;1;1
11;2025-12-23;2;0
11;2025-12-23;3;0
11;2025-12-23;4;6
11;2025-12-23;5;291
11;2025-12-23;6;1342
11;2025-12-23;7;2361
11;2025-12-23;8;3147
11;2025-12-23;9;2458
11;2025-12-23;10;1883
11;2025-12-23;11;1869
11;2025-12-23;12;1901
11;2025-12-23;13;2005
11;2025-12-23;14;2000
11;2025-12-23;15;2071
11;2025-12-23;16;2331
11;2025-12-23;17;2851
11;2025-12-23;18;3066
11;2025-12-23;19;2364
11;2025-12-23;20;1531
11;2025-12-23;21;902
11;2025-12-23;22;459
11;2025-12-23;23;245
11;2025-12-24;0;66
11;2025-12-24;1;1
11;2025-12-24;2;0
11;2025-12-24;3;0
11;2025-12-24;4;6
11;2025-12-24;5;300
11;2025-12-24;6;1339
11;2025-12-24;7;2359
11;2025-12-24;8;3141
11;2025-12-24;9;2447
11;2025-12-24;10;1873
11;2025-12-24;11;1876
11;2025-12-24;12;1902
11;2025-12-24;13;2008
11;2025-12-24;14;1998
11;2025-12-24;15;2067
11;2025-12-24;16;2314
11;2025-12-24;17;2848
11;2025-12-24;18;3063
11;2025-12-24;19;2360
11;2025-12-24;20;1529
11;2025-12-24;21;909
11;2025-12-24;22;459
11;2025-12-24;23;251
11;2025-12-25;0;70
11;2025-12-25;1;1
11;2025-12-25;2;0
11;2025-12-25;3;0
11;2025-12-25;4;6
11;2025-12-25;5;299
11;2025-12-25;6;1346
11;2025-12-25;7;2359
11;2025-12-25;8;3146
11;2025-12-25;9;2457
11;2025-12-25;10;1885
11;2025-12-25;11;1877
11;2025-12-25;12;1911
11;2025-12-25;13;2009
11;2025-12-25;14;2000
11;2025-12-25;15;2074
11;2025-12-25;16;2325
11;2025-12-25;17;2847
11;2025-12-25;18;3064
11;2025-12-25;19;2361
11;2025-12-25;20;1531
11;2025-12-25;21;913
11;2025-12-25;22;463
11;2025-12-25;23;254
11;2025-12-26;0;74
11;2025-12-26;1;2
11;2025-12-26;2;0
11;2025-12-26;3;0
11;2025-12-26;4;6
11;2025-12-26;5;296
11;2025-12-26;6;1335
11;2025-12-26;7;2320
11;2025-12-26;8;3094
11;2025-12-26;9;2391
11;2025-12-26;10;1844
11;2025-12-26;11;1853
11;2025-12-26;12;1885
11;2025-12-26;13;1993
11;2025-12-26;14;2000
11;2025-12-26;15;2108
11;2025-12-26;16;2386
11;2025-12-26;17;2833
11;2025-12-26;18;2780
11;2025-12-26;19;2205
11;2025-12-26;20;1480
11;2025-12-26;21;905
11;2025-12-26;22;462
11;2025-12-26;23;268
11;2025-12-27;0;105
11;2025-12-27;1;2
11;2025-12-27;2;0
11;2025-12-27;3;0
11;2025-12-27;4;4
11;2025-12-27;5;205
11;2025-12-27;6;742
11;2025-12-27;7;728
11;2025-12-27;8;917
11;2025-12-27;9;1112
11;2025-12-27;10;1227
11;2025-12-27;11;1633
11;2025-12-27;12;1833
11;2025-12-27;13;1744
11;2025-12-27;14;1805
11;2025-12-27;15;1785
11;2025-12-27;16;1829
11;2025-12-27;17;1818
11;2025-12-27;18;1526
11;2025-12-27;19;1471
11;2025-12-27;20;1082
11;2025-12-27;21;748
11;2025-12-27;22;440
11;2025-12-27;23;293
11;2025-12-28;0;111
11;2025-12-28;1;10
11;2025-12-28;2;0
11;2025-12-28;3;0
11;2025-12-28;4;2
11;2025-12-28;5;131
11;2025-12-28;6;559
11;2025-12-28;7;543
11;2025-12-28;8;708
11;2025-12-28;9;927
11;2025-12-28;10;1044
11;2025-12-28;11;1496
11;2025-12-28;12;1686
11;2025-12-28;13;1591
11;2025-12-28;14;1684
11;2025-12-28;15;1701
11;2025-12-28;16;1686
11;2025-12-28;17;1741
11;2025-12-28;18;1402
11;2025-12-28;19;1255
11;2025-12-28;20;928
11;2025-12-28;21;682
11;2025-12-28;22;395
11;2025-12-28;23;240
11;2025-12-29;0;76
11;2025-12-29;1;8
11;2025-12-29;2;0
11;2025-12-29;3;0
11;2025-12-29;4;5
11;2025-12-29;5;280
11;2025-12-29;6;1310
11;2025-12-29;7;2322
11;2025-12-29;8;3106
11;2025-12-29;9;2407
11;2025-12-29;10;1808
11;2025-12-29;11;1819
11;2025-12-29;12;1823
11;2025-12-29;13;1947
11;2025-12-29;14;1949
11;2025-12-29;15;2047
11;2025-12-29;16;2288
11;2025-12-29;17;2815
11;2025-12-29;18;3013
11;2025-12-29;19;2303
11;2025-12-29;20;1482
11;2025-12-29;21;873
11;2025-12-29;22;440
11;2025-12-29;23;212
11;2025-12-30;0;67
11;2025-12-30;1;1
11;2025-12-30;2;0
11;2025-12-30;3;0
11;2025-12-30;4;6
11;2025-12-30;5;291
11;2025-12-30;6;1342
11;2025-12-30;7;2361
11;2025-12-30;8;3147
11;2025-12-30;9;2458
11;2025-12-30;10;1883
11;2025-12-30;11;1869
11;2025-12-30;12;1901
11;2025-12-30;13;2005
11;2025-12-30;14;2000
11;2025-12-30;15;2071
11;2025-12-30;16;2331
11;2025-12-30;17;2851
11;2025-12-30;18;3066
11;2025-12-30;19;2364
11;2025-12-30;20;1531
11;2025-12-30;21;902
11;2025-12-30;22;459
11;2025-12-30;23;245
11;2025-12-31;0;48
11;2025-12-31;1;0
11;2025-12-31;2;0
11;2025-12-31;3;0
11;2025-12-31;4;7
11;2025-12-31;5;210
11;2025-12-31;6;643
11;2025-12-31;7;1122
11;2025-12-31;8;1158
11;2025-12-31;9;1243
11;2025-12-31;10;1163
11;2025-12-31;11;1431
11;2025-12-31;12;1488
11;2025-12-31;13;1563
11;2025-12-31;14;1525
11;2025-12-31;15;1576
11;2025-12-31;16;1802
11;2025-12-31;17;1747
11;2025-12-31;18;1525
11;2025-12-31;19;1580
11;2025-12-31;20;1038
11;2025-12-31;21;668
11;2025-12-31;22;396
11;2025-12-31;23;219
12;2025-11-01;0;91
12;2025-11-01;1;8
12;2025-11-01;2;0
12;2025-11-01;3;0
12;2025-11-01;4;5
12;2025-11-01;5;283
12;2025-11-01;6;798
12;2025-11-01;7;1702
12;2025-11-01;8;2458
12;2025-11-01;9;2316
12;2025-11-01;10;1908
12;2025-11-01;11;1972
12;2025-11-01;12;2044
12;2025-11-01;13;2324
12;2025-11-01;14;2140
12;2025-11-01;15;2232
12;2025-11-01;16;2790
12;2025-11-01;17;2994
12;2025-11-01;18;2896
12;2025-11-01;19;2456
12;2025-11-01;20;1546
12;2025-11-01;21;735
12;2025-11-01;22;473
12;2025-11-01;23;310
12;2025-11-02;0;91
12;2025-11-02;1;6
12;2025-11-02;2;0
12;2025-11-02;3;0
12;2025-11-02;4;2
12;2025-11-02;5;183
12;2025-11-02;6;567
12;2025-11-02;7;701
12;2025-11-02;8;757
12;2025-11-02;9;952
12;2025-11-02;10;1130
12;2025-11-02;11;1320
12;2025-11-02;12;1452
12;2025-11-02;13;1667
12;2025-11-02;14;1560
12;2025-11-02;15;1457
12;2025-11-02;16;1556
12;2025-11-02;17;1504
12;2025-11-02;18;1314
12;2025-11-02;19;1113
12;2025-11-02;20;832
12;2025-11-02;21;612
12;2025-11-02;22;394
12;2025-11-02;23;227
12;2025-11-03;0;40
12;2025-11-03;1;0
12;2025-11-03;2;0
12;2025-11-03;3;0
12;2025-11-03;4;0
12;2025-11-03;5;240
12;2025-11-03;6;658
12;2025-11-03;7;1083
12;2025-11-03;8;1459
12;2025-11-03;9;1069
12;2025-11-03;10;1310
12;2025-11-03;11;1390
12;2025-11-03;12;1549
12;2025-11-03;13;1444
12;2025-11-03;14;1484
12;2025-11-03;15;1511
12;2025-11-03;16;1463
12;2025-11-03;17;1447
12;2025-11-03;18;1542
12;2025-11-03;19;1253
12;2025-11-03;20;922
12;2025-11-03;21;638
12;2025-11-03;22;400
12;2025-11-03;23;202
12;2025-11-04;0;50
12;2025-11-04;1;5
12;2025-11-04;2;0
12;2025-11-04;3;0
12;2025-11-04;4;0
12;2025-11-04;5;220
12;2025-11-04;6;589
12;2025-11-04;7;908
12;2025-11-04;8;1107
12;2025-11-04;9;778
12;2025-11-04;10;1041
12;2025-11-04;11;1260
12;2025-11-04;12;1217
12;2025-11-04;13;1360
12;2025-11-04;14;1379
12;2025-11-04;15;1324
12;2025-11-04;16;1278
12;2025-11-04;17;1274
12;2025-11-04;18;1288
12;2025-11-04;19;1137
12;2025-11-04;20;775
12;2025-11-04;21;657
12;2025-11-04;22;366
12;2025-11-04;23;215
12;2025-11-05;0;54
12;2025-11-05;1;1
12;2025-11-05;2;0
12;2025-11-05;3;0
12;2025-11-05;4;7
12;2025-11-05;5;361
12;2025-11-05;6;1490
12;2025-11-05;7;2694
12;2025-11-05;8;3509
12;2025-11-05;9;2534
12;2025-11-05;10;2065
12;2025-11-05;11;2002
12;2025-11-05;12;2055
12;2025-11-05;13;2058
12;2025-11-05;14;2000
12;2025-11-05;15;2256
12;2025-11-05;16;2779
12;2025-11-05;17;3076
12;2025-11-05;18;3223
12;2025-11-05;19;2500
12;2025-11-05;20;1586
12;2025-11-05;21;994
12;2025-11-05;22;519
12;2025-11-05;23;274
12;2025-11-06;0;55
12;2025-11-06;1;1
12;2025-11-06;2;0
12;2025-11-06;3;0
12;2025-11-06;4;8
12;2025-11-06;5;363
12;2025-11-06;6;1490
12;2025-11-06;7;2701
12;2025-11-06;8;3502
12;2025-11-06;9;2534
12;2025-11-06;10;2065
12;2025-11-06;11;1998
12;2025-11-06;12;2049
12;2025-11-06;13;2059
12;2025-11-06;14;2002
12;2025-11-06;15;2264
12;2025-11-06;16;2791
12;2025-11-06;17;3075
12;2025-11-06;18;3225
12;2025-11-06;19;2510
12;2025-11-06;20;1594
12;2025-11-06;21;995
12;2025-11-06;22;526
12;2025-11-06;23;278
12;2025-11-07;0;58
12;2025-11-07;1;1
12;2025-11-07;2;0
12;2025-11-07;3;0
12;2025-11-07;4;8
12;2025-11-07;5;354
12;2025-11-07;6;1456
12;2025-11-07;7;2649
12;2025-11-07;8;3457
12;2025-11-07;9;2487
12;2025-11-07;10;1971
12;2025-11-07;11;1973
12;2025-11-07;12;2010
12;2025-11-07;13;2041
12;2025-11-07;14;1995
12;2025-11-07;15;2276
12;2025-11-07;16;2853
12;2025-11-07;17;3010
12;2025-11-07;18;2895
12;2025-11-07;19;2381
12;2025-11-07;20;1539
12;2025-11-07;21;999
12;2025-11-07;22;532
12;2025-11-07;23;299
12;2025-11-08;0;85
12;2025-11-08;1;5
12;2025-11-08;2;0
12;2025-11-08;3;0
12;2025-11-08;4;3
12;2025-11-08;5;264
12;2025-11-08;6;793
12;2025-11-08;7;907
12;2025-11-08;8;994
12;2025-11-08;9;1129
12;2025-11-08;10;1371
12;2025-11-08;11;1469
12;2025-11-08;12;1609
12;2025-11-08;13;1762
12;2025-11-08;14;1646
12;2025-11-08;15;1576
12;2025-11-08;16;1633
12;2025-11-08;17;1579
12;2025-11-08;18;1463
12;2025-11-08;19;1394
12;2025-11-08;20;993
12;2025-11-08;21;711
12;2025-11-08;22;436
12;2025-11-08;23;287
12;2025-11-09;0;91
12;2025-11-09;1;6
12;2025-11-09;2;0
12;2025-11-09;3;0
12;2025-11-09;4;2
12;2025-11-09;5;183
12;2025-11-09;6;567
12;2025-11-09;7;701
12;2025-11-09;8;757
12;2025-11-09;9;952
12;2025-11-09;10;1130
12;2025-11-09;11;1320
12;2025-11-09;12;1452
12;2025-11-09;13;1667
12;2025-11-09;14;1560
12;2025-11-09;15;1457
12;2025-11-09;16;1556
12;2025-11-09;17;1504
12;2025-11-09;18;1314
12;2025-11-09;19;1113
12;2025-11-09;20;832
12;2025-11-09;21;612
12;2025-11-09;22;394
12;2025-11-09;23;227
12;2025-11-10;0;62
12;2025-11-10;1;3
12;2025-11-10;2;0
12;2025-11-10;3;0
12;2025-11-10;4;6
12;2025-11-10;5;336
12;2025-11-10;6;1419
12;2025-11-10;7;2639
12;2025-11-10;8;3490
12;2025-11-10;9;2479
12;2025-11-10;10;1959
12;2025-11-10;11;1939
12;2025-11-10;12;1980
12;2025-11-10;13;2009
12;2025-11-10;14;1968
12;2025-11-10;15;2226
12;2025-11-10;16;2731
12;2025-11-10;17;3050
12;2025-11-10;18;3158
12;2025-11-10;19;2397
12;2025-11-10;20;1537
12;2025-11-10;21;961
12;2025-11-10;22;484
12;2025-11-10;23;240
12;2025-11-11;0;50
12;2025-11-11;1;1
12;2025-11-11;2;0
12;2025-11-11;3;0
12;2025-11-11;4;8
12;2025-11-11;5;353
12;2025-11-11;6;1478
12;2025-11-11;7;2703
12;2025-11-11;8;3512
12;2025-11-11;9;2537
12;2025-11-11;10;2065
12;2025-11-11;11;2006
12;2025-11-11;12;2053
12;2025-11-11;13;2058
12;2025-11-11;14;2004
12;2025-11-11;15;2265
12;2025-11-11;16;2774
12;2025-11-11;17;3078
12;2025-11-11;18;3226
12;2025-11-11;19;2514
12;2025-11-11;20;1587
12;2025-11-11;21;985
12;2025-11-11;22;515
12;2025-11-11;23;260
12;2025-11-12;0;54
12;2025-11-12;1;1
12;2025-11-12;2;0
12;2025-11-12;3;0
12;2025-11-12;4;7
12;2025-11-12;5;361
12;2025-11-12;6;1490
12;2025-11-12;7;2694
12;2025-11-12;8;3509
12;2025-11-12;9;2534
12;2025-11-12;10;2065
12;2025-11-12;11;2002
12;2025-11-12;12;2055
12;2025-11-12;13;2058
12;2025-11-12;14;2000
12;2025-11-12;15;2256
12;2025-11-12;16;2779
12;2025-11-12;17;3076
12;2025-11-12;18;3223
12;2025-11-12;19;2500
12;2025-11-12;20;1586
12;2025-11-12;21;994
12;2025-11-12;22;519
12;2025-11-12;23;274
12;2025-11-13;0;55
12;2025-11-13;1;1
12;2025-11-13;2;0
12;2025-11-13;3;0
12;2025-11-13;4;8
12;2025-11-13;5;363
12;2025-11-13;6;1490
12;2025-11-13;7;2701
12;2025-11-13;8;3502
12;2025-11-13;9;2534
12;2025-11-13;10;2065
12;2025-11-13;11;1998
12;2025-11-13;12;2049
12;2025-11-13;13;2059
12;2025-11-13;14;2002
12;2025-11-13;15;2264
12;2025-11-13;16;2791
12;2025-11-13;17;3075
12;2025-11-13;18;3225
12;2025-11-13;19;2510
12;2025-11-13;20;1594
12;2025-11-13;21;995
12;2025-11-13;22;526
12;2025-11-13;23;278
12;2025-11-14;0;58
12;2025-11-14;1;1
12;2025-11-14;2;0
12;2025-11-14;3;0
12;2025-11-14;4;8
12;2025-11-14;5;354
12;2025-11-14;6;1456
12;2025-11-14;7;2649
12;2025-11-14;8;3457
12;2025-11-14;9;2487
12;2025-11-14;10;1971
12;2025-11-14;11;1973
12;2025-11-14;12;2010
12;2025-11-14;13;2041
12;2025-11-14;14;1995
12;2025-11-14;15;2276
12;2025-11-14;16;2853
12;2025-11-14;17;3010
12;2025-11-14;18;2895
12;2025-11-14;19;2381
12;2025-11-14;20;1539
12;2025-11-14;21;999
12;2025-11-14;22;532
12;2025-11-14;23;299
12;2025-11-15;0;85
12;2025-11-15;1;5
12;2025-11-15;2;0
12;2025-11-15;3;0
12;2025-11-15;4;3
12;2025-11-15;5;264
12;2025-11-15;6;793
12;2025-11-15;7;907
12;2025-11-15;8;994
12;2025-11-15;9;1129
12;2025-11-15;10;1371
12;2025-11-15;11;1469
12;2025-11-15;12;1609
12;2025-11-15;13;1762
12;2025-11-15;14;1646
12;2025-11-15;15;1576
12;2025-11-15;16;1633
12;2025-11-15;17;1579
12;2025-11-15;18;1463
12;2025-11-15;19;1394
12;2025-11-15;20;993
12;2025-11-15;21;711
12;2025-11-15;22;436
12;2025-11-15;23;287
12;2025-11-16;0;91
12;2025-11-16;1;6
12;2025-11-16;2;0
12;2025-11-16;3;0
12;2025-11-16;4;2
12;2025-11-16;5;183
12;2025-11-16;6;567
12;2025-11-16;7;701
12;2025-11-16;8;757
12;2025-11-16;9;952
12;2025-11-16;10;1130
12;2025-11-16;11;1320
12;2025-11-16;12;1452
12;2025-11-16;13;1667
12;2025-11-16;14;1560
12;2025-11-16;15;1457
12;2025-11-16;16;1556
12;2025-11-16;17;1504
12;2025-11-16;18;1314
12;2025-11-16;19;1113
12;2025-11-16;20;832
12;2025-11-16;21;612
12;2025-11-16;22;394
12;2025-11-16;23;227
12;2025-11-17;0;62
12;2025-11-17;1;3
12;2025-11-17;2;0
12;2025-11-17;3;0
12;2025-11-17;4;6
12;2025-11-17;5;336
12;2025-11-17;6;1419
12;2025-11-17;7;2639
12;2025-11-17;8;3490
12;2025-11-17;9;2479
12;2025-11-17;10;1959
12;2025-11-17;11;1939
12;2025-11-17;12;1980
12;2025-11-17;13;2009
12;2025-11-17;14;1968
12;2025-11-17;15;2226
12;2025-11-17;16;2731
12;2025-11-17;17;3050
12;2025-11-17;18;3158
12;2025-11-17;19;2397
12;2025-11-17;20;1537
12;2025-11-17;21;961
12;2025-11-17;22;484
12;2025-11-17;23;240
12;2025-11-18;0;50
12;2025-11-18;1;1
12;2025-11-18;2;0
12;2025-11-18;3;0
12;2025-11-18;4;8
12;2025-11-18;5;353
12;2025-11-18;6;1478
12;2025-11-18;7;2703
12;2025-11-18;8;3512
12;2025-11-18;9;2537
12;2025-11-18;10;2065
12;2025-11-18;11;2006
12;2025-11-18;12;2053
12;2025-11-18;13;2058
12;2025-11-18;14;2004
12;2025-11-18;15;2265
12;2025-11-18;16;2774
12;2025-11-18;17;3078
12;2025-11-18;18;3226
12;2025-11-18;19;2514
12;2025-11-18;20;1587
12;2025-11-18;21;985
12;2025-11-18;22;515
12;2025-11-18;23;260
12;2025-11-19;0;54
12;2025-11-19;1;1
12;2025-11-19;2;0
12;2025-11-19;3;0
12;2025-11-19;4;7
12;2025-11-19;5;361
12;2025-11-19;6;1490
12;2025-11-19;7;2694
12;2025-11-19;8;3509
12;2025-11-19;9;2534
12;2025-11-19;10;2065
12;2025-11-19;11;2002
12;2025-11-19;12;2055
12;2025-11-19;13;2058
12;2025-11-19;14;2000
12;2025-11-19;15;2256
12;2025-11-19;16;2779
12;2025-11-19;17;3076
12;2025-11-19;18;3223
12;2025-11-19;19;2500
12;2025-11-19;20;1586
12;2025-11-19;21;994
12;2025-11-19;22;519
12;2025-11-19;23;274
12;2025-11-20;0;55
12;2025-11-20;1;1
12;2025-11-20;2;0
12;2025-11-20;3;0
12;2025-11-20;4;8
12;2025-11-20;5;363
12;2025-11-20;6;1490
12;2025-11-20;7;2701
12;2025-11-20;8;3502
12;2025-11-20;9;2534
12;2025-11-20;10;2065
12;2025-11-20;11;1998
12;2025-11-20;12;2049
12;2025-11-20;13;2059
12;2025-11-20;14;2002
12;2025-11-20;15;2264
12;2025-11-20;16;2791
12;2025-11-20;17;3075
12;2025-11-20;18;3225
12;2025-11-20;19;2510
12;2025-11-20;20;1594
12;2025-11-20;21;995
12;2025-11-20;22;526
12;2025-11-20;23;278
12;2025-11-21;0;58
12;2025-11-21;1;1
12;2025-11-21;2;0
12;2025-11-21;3;0
12;2025-11-21;4;8
12;2025-11-21;5;354
12;2025-11-21;6;1456
12;2025-11-21;7;2649
12;2025-11-21;8;3457
12;2025-11-21;9;2487
12;2025-11-21;10;1971
12;2025-11-21;11;1973
12;2025-11-21;12;2010
12;2025-11-21;13;2041
12;2025-11-21;14;1995
12;2025-11-21;15;2276
12;2025-11-21;16;2853
12;2025-11-21;17;3010
12;2025-11-21;18;2895
12;2025-11-21;19;2381
12;2025-11-21;20;1539
12;2025-11-21;21;999
12;2025-11-21;22;532
12;2025-11-21;23;299
12;2025-11-22;0;85
12;2025-11-22;1;5
12;2025-11-22;2;0
12;2025-11-22;3;0
12;2025-11-22;4;3
12;2025-11-22;5;264
12;2025-11-22;6;793
12;2025-11-22;7;907
12;2025-11-22;8;994
12;2025-11-22;9;1129
12;2025-11-22;10;1371
12;2025-11-22;11;1469
12;2025-11-22;12;1609
12;2025-11-22;13;1762
12;2025-11-22;14;1646
12;2025-11-22;15;1576
12;2025-11-22;16;1633
12;2025-11-22;17;1579
12;2025-11-22;18;1463
12;2025-11-22;19;1394
12;2025-11-22;20;993
12;2025-11-22;21;711
12;2025-11-22;22;436
12;2025-11-22;23;287
12;2025-11-23;0;91
12;2025-11-23;1;6
12;2025-11-23;2;0
12;2025-11-23;3;0
12;2025-11-23;4;2
12;2025-11-23;5;183
12;2025-11-23;6;567
12;2025-11-23;7;701
12;2025-11-23;8;757
12;2025-11-23;9;952
12;2025-11-23;10;1130
12;2025-11-23;11;1320
12;2025-11-23;12;1452
12;2025-11-23;13;1667
12;2025-11-23;14;1560
12;2025-11-23;15;1457
12;2025-11-23;16;1556
12;2025-11-23;17;1504
12;2025-11-23;18;1314
12;2025-11-23;19;1113
12;2025-11-23;20;832
12;2025-11-23;21;612
12;2025-11-23;22;394
12;2025-11-23;23;227
12;2025-11-24;0;62
12;2025-11-24;1;3
12;2025-11-24;2;0
12;2025-11-24;3;0
12;2025-11-24;4;6
12;2025-11-24;5;336
12;2025-11-24;6;1419
12;2025-11-24;7;2639
12;2025-11-24;8;3490
12;2025-11-24;9;2479
12;2025-11-24;10;1959
12;2025-11-24;11;1939
12;2025-11-24;12;1980
12;2025-11-24;13;2009
12;2025-11-24;14;1968
12;2025-11-24;15;2226
12;2025-11-24;16;2731
12;2025-11-24;17;3050
12;2025-11-24;18;3158
12;2025-11-24;19;2397
12;2025-11-24;20;1537
12;2025-11-24;21;961
12;2025-11-24;22;484
12;2025-11-24;23;240
12;2025-11-25;0;50
12;2025-11-25;1;1
12;2025-11-25;2;0
12;2025-11-25;3;0
12;2025-11-25;4;8
12;2025-11-25;5;353
12;2025-11-25;6;1478
12;2025-11-25;7;2703
12;2025-11-25;8;3512
12;2025-11-25;9;2537
12;2025-11-25;10;2065
12;2025-11-25;11;2006
12;2025-11-25;12;2053
12;2025-11-25;13;2058
12;2025-11-25;14;2004
12;2025-11-25;15;2265
12;2025-11-25;16;2774
12;2025-11-25;17;3078
12;2025-11-25;18;3226
12;2025-11-25;19;2514
12;2025-11-25;20;1587
12;2025-11-25;21;985
12;2025-11-25;22;515
12;2025-11-25;23;260
12;2025-11-26;0;54
12;2025-11-26;1;1
12;2025-11-26;2;0
12;2025-11-26;3;0
12;2025-11-26;4;7
12;2025-11-26;5;361
12;2025-11-26;6;1490
12;2025-11-26;7;2694
12;2025-11-26;8;3509
12;2025-11-26;9;2534
12;2025-11-26;10;2065
12;2025-11-26;11;2002
12;2025-11-26;12;2055
12;2025-11-26;13;2058
12;2025-11-26;14;2000
12;2025-11-26;15;2256
12;2025-11-26;16;2779
12;2025-11-26;17;3076
12;2025-11-26;18;3223
12;2025-11-26;19;2500
12;2025-11-26;20;1586
12;2025-11-26;21;994
12;2025-11-26;22;519
12;2025-11-26;23;274
12;2025-11-27;0;55
12;2025-11-27;1;1
12;2025-11-27;2;0
12;2025-11-27;3;0
12;2025-11-27;4;8
12;2025-11-27;5;363
12;2025-11-27;6;1490
12;2025-11-27;7;2701
12;2025-11-27;8;3502
12;2025-11-27;9;2534
12;2025-11-27;10;2065
12;2025-11-27;11;1998
12;2025-11-27;12;2049
12;2025-11-27;13;2059
12;2025-11-27;14;2002
12;2025-11-27;15;2264
12;2025-11-27;16;2791
12;2025-11-27;17;3075
12;2025-11-27;18;3225
12;2025-11-27;19;2510
12;2025-11-27;20;1594
12;2025-11-27;21;995
12;2025-11-27;22;526
12;2025-11-27;23;278
12;2025-11-28;0;58
12;2025-11-28;1;1
12;2025-11-28;2;0
12;2025-11-28;3;0
12;2025-11-28;4;8
12;2025-11-28;5;354
12;2025-11-28;6;1456
12;2025-11-28;7;2649
12;2025-11-28;8;3457
12;2025-11-28;9;2487
12;2025-11-28;10;1971
12;2025-11-28;11;1973
12;2025-11-28;12;2010
12;2025-11-28;13;2041
12;2025-11-28;14;1995
12;2025-11-28;15;2276
12;2025-11-28;16;2853
12;2025-11-28;17;3010
12;2025-11-28;18;2895
12;2025-11-28;19;2381
12;2025-11-28;20;1539
12;2025-11-28;21;999
12;2025-11-28;22;532
12;2025-11-28;23;299
12;2025-11-29;0;85
12;2025-11-29;1;5
12;2025-11-29;2;0
12;2025-11-29;3;0
12;2025-11-29;4;3
12;2025-11-29;5;264
12;2025-11-29;6;793
12;2025-11-29;7;907
12;2025-11-29;8;994
12;2025-11-29;9;1129
12;2025-11-29;10;1371
12;2025-11-29;11;1469
12;2025-11-29;12;1609
12;2025-11-29;13;1762
12;2025-11-29;14;1646
12;2025-11-29;15;1576
12;2025-11-29;16;1633
12;2025-11-29;17;1579
12;2025-11-29;18;1463
12;2025-11-29;19;1394
12;2025-11-29;20;993
12;2025-11-29;21;711
12;2025-11-29;22;436
12;2025-11-29;23;287
12;2025-11-30;0;91
12;2025-11-30;1;6
12;2025-11-30;2;0
12;2025-11-30;3;0
12;2025-11-30;4;2
12;2025-11-30;5;183
12;2025-11-30;6;567
12;2025-11-30;7;701
12;2025-11-30;8;757
12;2025-11-30;9;952
12;2025-11-30;10;1130
12;2025-11-30;11;1320
12;2025-11-30;12;1452
12;2025-11-30;13;1667
12;2025-11-30;14;1560
12;2025-11-30;15;1457
12;2025-11-30;16;1556
12;2025-11-30;17;1504
12;2025-11-30;18;1314
12;2025-11-30;19;1113
12;2025-11-30;20;832
12;2025-11-30;21;612
12;2025-11-30;22;394
12;2025-11-30;23;227
12;2025-12-01;0;64
12;2025-12-01;1;4
12;2025-12-01;2;0
12;2025-12-01;3;0
12;2025-12-01;4;2
12;2025-12-01;5;314
12;2025-12-01;6;1388
12;2025-12-01;7;2611
12;2025-12-01;8;3474
12;2025-12-01;9;2452
12;2025-12-01;10;1969
12;2025-12-01;11;1916
12;2025-12-01;12;1972
12;2025-12-01;13;2004
12;2025-12-01;14;1961
12;2025-12-01;15;2219
12;2025-12-01;16;2726
12;2025-12-01;17;3043
12;2025-12-01;18;3144
12;2025-12-01;19;2390
12;2025-12-01;20;1505
12;2025-12-01;21;945
12;2025-12-01;22;472
12;2025-12-01;23;227
12;2025-12-02;0;52
12;2025-12-02;1;2
12;2025-12-02;2;0
12;2025-12-02;3;0
12;2025-12-02;4;5
12;2025-12-02;5;330
12;2025-12-02;6;1438
12;2025-12-02;7;2664
12;2025-12-02;8;3495
12;2025-12-02;9;2501
12;2025-12-02;10;2065
12;2025-12-02;11;1973
12;2025-12-02;12;2037
12;2025-12-02;13;2044
12;2025-12-02;14;1988
12;2025-12-02;15;2250
12;2025-12-02;16;2761
12;2025-12-02;17;3069
12;2025-12-02;18;3210
12;2025-12-02;19;2499
12;2025-12-02;20;1555
12;2025-12-02;21;968
12;2025-12-02;22;501
12;2025-12-02;23;246
12;2025-12-03;0;56
12;2025-12-03;1;2
12;2025-12-03;2;0
12;2025-12-03;3;0
12;2025-12-03;4;4
12;2025-12-03;5;338
12;2025-12-03;6;1450
12;2025-12-03;7;2655
12;2025-12-03;8;3492
12;2025-12-03;9;2498
12;2025-12-03;10;2065
12;2025-12-03;11;1970
12;2025-12-03;12;2039
12;2025-12-03;13;2044
12;2025-12-03;14;1984
12;2025-12-03;15;2241
12;2025-12-03;16;2765
12;2025-12-03;17;3067
12;2025-12-03;18;3207
12;2025-12-03;19;2484
12;2025-12-03;20;1553
12;2025-12-03;21;977
12;2025-12-03;22;505
12;2025-12-03;23;260
12;2025-12-04;0;57
12;2025-12-04;1;3
12;2025-12-04;2;0
12;2025-12-04;3;0
12;2025-12-04;4;5
12;2025-12-04;5;340
12;2025-12-04;6;1450
12;2025-12-04;7;2664
12;2025-12-04;8;3484
12;2025-12-04;9;2498
12;2025-12-04;10;2065
12;2025-12-04;11;1965
12;2025-12-04;12;2032
12;2025-12-04;13;2045
12;2025-12-04;14;1986
12;2025-12-04;15;2248
12;2025-12-04;16;2777
12;2025-12-04;17;3066
12;2025-12-04;18;3209
12;2025-12-04;19;2495
12;2025-12-04;20;1562
12;2025-12-04;21;978
12;2025-12-04;22;512
12;2025-12-04;23;264
12;2025-12-05;0;59
12;2025-12-05;1;2
12;2025-12-05;2;0
12;2025-12-05;3;0
12;2025-12-05;4;5
12;2025-12-05;5;331
12;2025-12-05;6;1423
12;2025-12-05;7;2620
12;2025-12-05;8;3438
12;2025-12-05;9;2459
12;2025-12-05;10;1980
12;2025-12-05;11;1949
12;2025-12-05;12;2002
12;2025-12-05;13;2035
12;2025-12-05;14;1987
12;2025-12-05;15;2269
12;2025-12-05;16;2847
12;2025-12-05;17;3002
12;2025-12-05;18;2877
12;2025-12-05;19;2372
12;2025-12-05;20;1506
12;2025-12-05;21;982
12;2025-12-05;22;518
12;2025-12-05;23;285
12;2025-12-06;0;88
12;2025-12-06;1;7
12;2025-12-06;2;0
12;2025-12-06;3;0
12;2025-12-06;4;7
12;2025-12-06;5;242
12;2025-12-06;6;748
12;2025-12-06;7;874
12;2025-12-06;8;977
12;2025-12-06;9;1102
12;2025-12-06;10;1368
12;2025-12-06;11;1447
12;2025-12-06;12;1595
12;2025-12-06;13;1740
12;2025-12-06;14;1629
12;2025-12-06;15;1561
12;2025-12-06;16;1606
12;2025-12-06;17;1569
12;2025-12-06;18;1457
12;2025-12-06;19;1368
12;2025-12-06;20;966
12;2025-12-06;21;688
12;2025-12-06;22;416
12;2025-12-06;23;273
12;2025-12-07;0;92
12;2025-12-07;1;8
12;2025-12-07;2;0
12;2025-12-07;3;0
12;2025-12-07;4;7
12;2025-12-07;5;165
12;2025-12-07;6;537
12;2025-12-07;7;678
12;2025-12-07;8;740
12;2025-12-07;9;934
12;2025-12-07;10;1139
12;2025-12-07;11;1307
12;2025-12-07;12;1447
12;2025-12-07;13;1654
12;2025-12-07;14;1552
12;2025-12-07;15;1451
12;2025-12-07;16;1543
12;2025-12-07;17;1495
12;2025-12-07;18;1308
12;2025-12-07;19;1105
12;2025-12-07;20;812
12;2025-12-07;21;593
12;2025-12-07;22;373
12;2025-12-07;23;218
12;2025-12-08;0;64
12;2025-12-08;1;4
12;2025-12-08;2;0
12;2025-12-08;3;0
12;2025-12-08;4;2
12;2025-12-08;5;314
12;2025-12-08;6;1388
12;2025-12-08;7;2611
12;2025-12-08;8;3474
12;2025-12-08;9;2452
12;2025-12-08;10;1969
12;2025-12-08;11;1916
12;2025-12-08;12;1972
12;2025-12-08;13;2004
12;2025-12-08;14;1961
12;2025-12-08;15;2219
12;2025-12-08;16;2726
12;2025-12-08;17;3043
12;2025-12-08;18;3144
12;2025-12-08;19;2390
12;2025-12-08;20;1505
12;2025-12-08;21;945
12;2025-12-08;22;472
12;2025-12-08;23;227
12;2025-12-09;0;52
12;2025-12-09;1;2
12;2025-12-09;2;0
12;2025-12-09;3;0
12;2025-12-09;4;5
12;2025-12-09;5;330
12;2025-12-09;6;1438
12;2025-12-09;7;2664
12;2025-12-09;8;3495
12;2025-12-09;9;2501
12;2025-12-09;10;2065
12;2025-12-09;11;1973
12;2025-12-09;12;2037
12;2025-12-09;13;2044
12;2025-12-09;14;1988
12;2025-12-09;15;2250
12;2025-12-09;16;2761
12;2025-12-09;17;3069
12;2025-12-09;18;3210
12;2025-12-09;19;2499
12;2025-12-09;20;1555
12;2025-12-09;21;968
12;2025-12-09;22;501
12;2025-12-09;23;246
12;2025-12-10;0;56
12;2025-12-10;1;2
12;2025-12-10;2;0
12;2025-12-10;3;0
12;2025-12-10;4;4
12;2025-12-10;5;338
12;2025-12-10;6;1450
12;2025-12-10;7;2655
12;2025-12-10;8;3492
12;2025-12-10;9;2498
12;2025-12-10;10;2065
12;2025-12-10;11;1970
12;2025-12-10;12;2039
12;2025-12-10;13;2044
12;2025-12-10;14;1984
12;2025-12-10;15;2241
12;2025-12-10;16;2765
12;2025-12-10;17;3067
12;2025-12-10;18;3207
12;2025-12-10;19;2484
12;2025-12-10;20;1553
12;2025-12-10;21;977
12;2025-12-10;22;505
12;2025-12-10;23;260
12;2025-12-11;0;57
12;2025-12-11;1;3
12;2025-12-11;2;0
12;2025-12-11;3;0
12;2025-12-11;4;5
12;2025-12-11;5;340
12;2025-12-11;6;1450
12;2025-12-11;7;2664
12;2025-12-11;8;3484
12;2025-12-11;9;2498
12;2025-12-11;10;2065
12;2025-12-11;11;1965
12;2025-12-11;12;2032
12;2025-12-11;13;2045
12;2025-12-11;14;1986
12;2025-12-11;15;2248
12;2025-12-11;16;2777
12;2025-12-11;17;3066
12;2025-12-11;18;3209
12;2025-12-11;19;2495
12;2025-12-11;20;1562
12;2025-12-11;21;978
12;2025-12-11;22;512
12;2025-12-11;23;264
12;2025-12-12;0;59
12;2025-12-12;1;2
12;2025-12-12;2;0
12;2025-12-12;3;0
12;2025-12-12;4;5
12;2025-12-12;5;331
12;2025-12-12;6;1423
12;2025-12-12;7;2620
12;2025-12-12;8;3438
12;2025-12-12;9;2459
12;2025-12-12;10;1980
12;2025-12-12;11;1949
12;2025-12-12;12;2002
12;2025-12-12;13;2035
12;2025-12-12;14;1987
12;2025-12-12;15;2269
12;2025-12-12;16;2847
12;2025-12-12;17;3002
12;2025-12-12;18;2877
12;2025-12-12;19;2372
12;2025-12-12;20;1506
12;2025-12-12;21;982
12;2025-12-12;22;518
12;2025-12-12;23;285
12;2025-12-13;0;88
12;2025-12-13;1;7
12;2025-12-13;2;0
12;2025-12-13;3;0
12;2025-12-13;4;7
12;2025-12-13;5;242
12;2025-12-13;6;748
12;2025-12-13;7;874
12;2025-12-13;8;977
12;2025-12-13;9;1102
12;2025-12-13;10;1368
12;2025-12-13;11;1447
12;2025-12-13;12;1595
12;2025-12-13;13;1740
12;2025-12-13;14;1629
12;2025-12-13;15;1561
12;2025-12-13;16;1606
12;2025-12-13;17;1569
12;2025-12-13;18;1457
12;2025-12-13;19;1368
12;2025-12-13;20;966
12;2025-12-13;21;688
12;2025-12-13;22;416
12;2025-12-13;23;273
12;2025-12-14;0;92
12;2025-12-14;1;8
12;2025-12-14;2;0
12;2025-12-14;3;0
12;2025-12-14;4;7
12;2025-12-14;5;165
12;2025-12-14;6;537
12;2025-12-14;7;678
12;2025-12-14;8;740
12;2025-12-14;9;934
12;2025-12-14;10;1139
12;2025-12-14;11;1307
12;2025-12-14;12;1447
12;2025-12-14;13;1654
12;2025-12-14;14;1552
12;2025-12-14;15;1451
12;2025-12-14;16;1543
12;2025-12-14;17;1495
12;2025-12-14;18;1308
12;2025-12-14;19;1105
12;2025-12-14;20;812
12;2025-12-14;21;593
12;2025-12-14;22;373
12;2025-12-14;23;218
12;2025-12-15;0;64
12;2025-12-15;1;4
12;2025-12-15;2;0
12;2025-12-15;3;0
12;2025-12-15;4;2
12;2025-12-15;5;314
12;2025-12-15;6;1388
12;2025-12-15;7;2611
12;2025-12-15;8;3474
12;2025-12-15;9;2452
12;2025-12-15;10;1969
12;2025-12-15;11;1916
12;2025-12-15;12;1972
12;2025-12-15;13;2004
12;2025-12-15;14;1961
12;2025-12-15;15;2219
12;2025-12-15;16;2726
12;2025-12-15;17;3043
12;2025-12-15;18;3144
12;2025-12-15;19;2390
12;2025-12-15;20;1505
12;2025-12-15;21;945
12;2025-12-15;22;472
12;2025-12-15;23;227
12;2025-12-16;0;52
12;2025-12-16;1;2
12;2025-12-16;2;0
12;2025-12-16;3;0
12;2025-12-16;4;5
12;2025-12-16;5;330
12;2025-12-16;6;1438
12;2025-12-16;7;2664
12;2025-12-16;8;3495
12;2025-12-16;9;2501
12;2025-12-16;10;2065
12;2025-12-16;11;1973
12;2025-12-16;12;2037
12;2025-12-16;13;2044
12;2025-12-16;14;1988
12;2025-12-16;15;2250
12;2025-12-16;16;2761
12;2025-12-16;17;3069
12;2025-12-16;18;3210
12;2025-12-16;19;2499
12;2025-12-16;20;1555
12;2025-12-16;21;968
12;2025-12-16;22;501
12;2025-12-16;23;246
12;2025-12-17;0;56
12;2025-12-17;1;2
12;2025-12-17;2;0
12;2025-12-17;3;0
12;2025-12-17;4;4
12;2025-12-17;5;338
12;2025-12-17;6;1450
12;2025-12-17;7;2655
12;2025-12-17;8;3492
12;2025-12-17;9;2498
12;2025-12-17;10;2065
12;2025-12-17;11;1970
12;2025-12-17;12;2039
12;2025-12-17;13;2044
12;2025-12-17;14;1984
12;2025-12-17;15;2241
12;2025-12-17;16;2765
12;2025-12-17;17;3067
12;2025-12-17;18;3207
12;2025-12-17;19;2484
12;2025-12-17;20;1553
12;2025-12-17;21;977
12;2025-12-17;22;505
12;2025-12-17;23;260
12;2025-12-18;0;57
12;2025-12-18;1;3
12;2025-12-18;2;0
12;2025-12-18;3;0
12;2025-12-18;4;5
12;2025-12-18;5;340
12;2025-12-18;6;1450
12;2025-12-18;7;2664
12;2025-12-18;8;3484
12;2025-12-18;9;2498
12;2025-12-18;10;2065
12;2025-12-18;11;1965
12;2025-12-18;12;2032
12;2025-12-18;13;2045
12;2025-12-18;14;1986
12;2025-12-18;15;2248
12;2025-12-18;16;2777
12;2025-12-18;17;3066
12;2025-12-18;18;3209
12;2025-12-18;19;2495
12;2025-12-18;20;1562
12;2025-12-18;21;978
12;2025-12-18;22;512
12;2025-12-18;23;264
12;2025-12-19;0;59
12;2025-12-19;1;2
12;2025-12-19;2;0
12;2025-12-19;3;0
12;2025-12-19;4;5
12;2025-12-19;5;331
12;2025-12-19;6;1423
12;2025-12-19;7;2620
12;2025-12-19;8;3438
12;2025-12-19;9;2459
12;2025-12-19;10;1980
12;2025-12-19;11;1949
12;2025-12-19;12;2002
12;2025-12-19;13;2035
12;2025-12-19;14;1987
12;2025-12-19;15;2269
12;2025-12-19;16;2847
12;2025-12-19;17;3002
12;2025-12-19;18;2877
12;2025-12-19;19;2372
12;2025-12-19;20;1506
12;2025-12-19;21;982
12;2025-12-19;22;518
12;2025-12-19;23;285
12;2025-12-20;0;88
12;2025-12-20;1;7
12;2025-12-20;2;0
12;2025-12-20;3;0
12;2025-12-20;4;7
12;2025-12-20;5;242
12;2025-12-20;6;748
12;2025-12-20;7;874
12;2025-12-20;8;977
12;2025-12-20;9;1102
12;2025-12-20;10;1368
12;2025-12-20;11;1447
12;2025-12-20;12;1595
12;2025-12-20;13;1740
12;2025-12-20;14;1629
12;2025-12-20;15;1561
12;2025-12-20;16;1606
12;2025-12-20;17;1569
12;2025-12-20;18;1457
12;2025-12-20;19;1368
12;2025-12-20;20;966
12;2025-12-20;21;688
12;2025-12-20;22;416
12;2025-12-20;23;273
12;2025-12-21;0;92
12;2025-12-21;1;8
12;2025-12-21;2;0
12;2025-12-21;3;0
12;2025-12-21;4;7
12;2025-12-21;5;165
12;2025-12-21;6;537
12;2025-12-21;7;678
12;2025-12-21;8;740
12;2025-12-21;9;934
12;2025-12-21;10;1139
12;2025-12-21;11;1307
12;2025-12-21;12;1447
12;2025-12-21;13;1654
12;2025-12-21;14;1552
12;2025-12-21;15;1451
12;2025-12-21;16;1543
12;2025-12-21;17;1495
12;2025-12-21;18;1308
12;2025-12-21;19;1105
12;2025-12-21;20;812
12;2025-12-21;21;593
12;2025-12-21;22;373
12;2025-12-21;23;218
12;2025-12-22;0;64
12;2025-12-22;1;4
12;2025-12-22;2;0
12;2025-12-22;3;0
12;2025-12-22;4;2
12;2025-12-22;5;314
12;2025-12-22;6;1388
12;2025-12-22;7;2611
12;2025-12-22;8;3474
12;2025-12-22;9;2452
12;2025-12-22;10;1969
12;2025-12-22;11;1916
12;2025-12-22;12;1972
12;2025-12-22;13;2004
12;2025-12-22;14;1961
12;2025-12-22;15;2219
12;2025-12-22;16;2726
12;2025-12-22;17;3043
12;2025-12-22;18;3144
12;2025-12-22;19;2390
12;2025-12-22;20;1505
12;2025-12-22;21;945
12;2025-12-22;22;472
12;2025-12-22;23;227
12;2025-12-23;0;52
12;2025-12-23;1;2
12;2025-12-23;2;0
12;2025-12-23;3;0
12;2025-12-23;4;5
12;2025-12-23;5;330
12;2025-12-23;6;1438
12;2025-12-23;7;2664
12;2025-12-23;8;3495
12;2025-12-23;9;2501
12;2025-12-23;10;2065
12;2025-12-23;11;1973
12;2025-12-23;12;2037
12;2025-12-23;13;2044
12;2025-12-23;14;1988
12;2025-12-23;15;2250
12;2025-12-23;16;2761
12;2025-12-23;17;3069
12;2025-12-23;18;3210
12;2025-12-23;19;2499
12;2025-12-23;20;1555
12;2025-12-23;21;968
12;2025-12-23;22;501
12;2025-12-23;23;246
12;2025-12-24;0;56
12;2025-12-24;1;2
12;2025-12-24;2;0
12;2025-12-24;3;0
12;2025-12-24;4;4
12;2025-12-24;5;338
12;2025-12-24;6;1450
12;2025-12-24;7;2655
12;2025-12-24;8;3492
12;2025-12-24;9;2498
12;2025-12-24;10;2065
12;2025-12-24;11;1970
12;2025-12-24;12;2039
12;2025-12-24;13;2044
12;2025-12-24;14;1984
12;2025-12-24;15;2241
12;2025-12-24;16;2765
12;2025-12-24;17;3067
12;2025-12-24;18;3207
12;2025-12-24;19;2484
12;2025-12-24;20;1553
12;2025-12-24;21;977
12;2025-12-24;22;505
12;2025-12-24;23;260
12;2025-12-25;0;57
12;2025-12-25;1;3
12;2025-12-25;2;0
12;2025-12-25;3;0
12;2025-12-25;4;5
12;2025-12-25;5;340
12;2025-12-25;6;1450
12;2025-12-25;7;2664
12;2025-12-25;8;3484
12;2025-12-25;9;2498
12;2025-12-25;10;2065
12;2025-12-25;11;1965
12;2025-12-25;12;2032
12;2025-12-25;13;2045
12;2025-12-25;14;1986
12;2025-12-25;15;2248
12;2025-12-25;16;2777
12;2025-12-25;17;3066
12;2025-12-25;18;3209
12;2025-12-25;19;2495
12;2025-12-25;20;1562
12;2025-12-25;21;978
12;2025-12-25;22;512
12;2025-12-25;23;264
12;2025-12-26;0;59
12;2025-12-26;1;2
12;2025-12-26;2;0
12;2025-12-26;3;0
12;2025-12-26;4;5
12;2025-12-26;5;331
12;2025-12-26;6;1423
12;2025-12-26;7;2620
12;2025-12-26;8;3438
12;2025-12-26;9;2459
12;2025-12-26;10;1980
12;2025-12-26;11;1949
12;2025-12-26;12;2002
12;2025-12-26;13;2035
12;2025-12-26;14;1987
12;2025-12-26;15;2269
12;2025-12-26;16;2847
12;2025-12-26;17;3002
12;2025-12-26;18;2877
12;2025-12-26;19;2372
12;2025-12-26;20;1506
12;2025-12-26;21;982
12;2025-12-26;22;518
12;2025-12-26;23;285
12;2025-12-27;0;88
12;2025-12-27;1;7
12;2025-12-27;2;0
12;2025-12-27;3;0
12;2025-12-27;4;7
12;2025-12-27;5;242
12;2025-12-27;6;748
12;2025-12-27;7;874
12;2025-12-27;8;977
12;2025-12-27;9;1102
12;2025-12-27;10;1368
12;2025-12-27;11;1447
12;2025-12-27;12;1595
12;2025-12-27;13;1740
12;2025-12-27;14;1629
12;2025-12-27;15;1561
12;2025-12-27;16;1606
12;2025-12-27;17;1569
12;2025-12-27;18;1457
12;2025-12-27;19;1368
12;2025-12-27;20;966
12;2025-12-27;21;688
12;2025-12-27;22;416
12;2025-12-27;23;273
12;2025-12-28;0;92
12;2025-12-28;1;8
12;2025-12-28;2;0
12;2025-12-28;3;0
12;2025-12-28;4;7
12;2025-12-28;5;165
12;2025-12-28;6;537
12;2025-12-28;7;678
12;2025-12-28;8;740
12;2025-12-28;9;934
12;2025-12-28;10;1139
12;2025-12-28;11;1307
12;2025-12-28;12;1447
12;2025-12-28;13;1654
12;2025-12-28;14;1552
12;2025-12-28;15;1451
12;2025-12-28;16;1543
12;2025-12-28;17;1495
12;2025-12-28;18;1308
12;2025-12-28;19;1105
12;2025-12-28;20;812
12;2025-12-28;21;593
12;2025-12-28;22;373
12;2025-12-28;23;218
12;2025-12-29;0;64
12;2025-12-29;1;4
12;2025-12-29;2;0
12;2025-12-29;3;0
12;2025-12-29;4;2
12;2025-12-29;5;314
12;2025-12-29;6;1388
12;2025-12-29;7;2611
12;2025-12-29;8;3474
12;2025-12-29;9;2452
12;2025-12-29;10;1969
12;2025-12-29;11;1916
12;2025-12-29;12;1972
12;2025-12-29;13;2004
12;2025-12-29;14;1961
12;2025-12-29;15;2219
12;2025-12-29;16;2726
12;2025-12-29;17;3043
12;2025-12-29;18;3144
12;2025-12-29;19;2390
12;2025-12-29;20;1505
12;2025-12-29;21;945
12;2025-12-29;22;472
12;2025-12-29;23;227
12;2025-12-30;0;52
12;2025-12-30;1;2
12;2025-12-30;2;0
12;2025-12-30;3;0
12;2025-12-30;4;5
12;2025-12-30;5;330
12;2025-12-30;6;1438
12;2025-12-30;7;2664
12;2025-12-30;8;3495
12;2025-12-30;9;2501
12;2025-12-30;10;2065
12;2025-12-30;11;1973
12;2025-12-30;12;2037
12;2025-12-30;13;2044
12;2025-12-30;14;1988
12;2025-12-30;15;2250
12;2025-12-30;16;2761
12;2025-12-30;17;3069
12;2025-12-30;18;3210
12;2025-12-30;19;2499
12;2025-12-30;20;1555
12;2025-12-30;21;968
12;2025-12-30;22;501
12;2025-12-30;23;246
12;2025-12-31;0;34
12;2025-12-31;1;0
12;2025-12-31;2;0
12;2025-12-31;3;0
12;2025-12-31;4;0
12;2025-12-31;5;242
12;2025-12-31;6;689
12;2025-12-31;7;1079
12;2025-12-31;8;1460
12;2025-12-31;9;1088
12;2025-12-31;10;1416
12;2025-12-31;11;1421
12;2025-12-31;12;1607
12;2025-12-31;13;1479
12;2025-12-31;14;1500
12;2025-12-31;15;1526
12;2025-12-31;16;1497
12;2025-12-31;17;1464
12;2025-12-31;18;1590
12;2025-12-31;19;1340
12;2025-12-31;20;938
12;2025-12-31;21;653
12;2025-12-31;22;420
12;2025-12-31;23;222
17;2025-11-01;0;224
17;2025-11-01;1;29
17;2025-11-01;2;0
17;2025-11-01;3;0
17;2025-11-01;4;7
17;2025-11-01;5;139
17;2025-11-01;6;596
17;2025-11-01;7;2483
17;2025-11-01;8;3582
17;2025-11-01;9;3359
17;2025-11-01;10;2966
17;2025-11-01;11;3208
17;2025-11-01;12;3396
17;2025-11-01;13;3792
17;2025-11-01;14;3809
17;2025-11-01;15;3766
17;2025-11-01;16;3828
17;2025-11-01;17;4325
17;2025-11-01;18;4209
17;2025-11-01;19;3151
17;2025-11-01;20;2438
17;2025-11-01;21;1516
17;2025-11-01;22;880
17;2025-11-01;23;450
17;2025-11-02;0;184
17;2025-11-02;1;24
17;2025-11-02;2;0
17;2025-11-02;3;0
17;2025-11-02;4;3
17;2025-11-02;5;102
17;2025-11-02;6;420
17;2025-11-02;7;841
17;2025-11-02;8;1229
17;2025-11-02;9;1661
17;2025-11-02;10;1913
17;2025-11-02;11;2469
17;2025-11-02;12;2767
17;2025-11-02;13;3104
17;2025-11-02;14;3147
17;2025-11-02;15;3093
17;2025-11-02;16;2993
17;2025-11-02;17;2984
17;2025-11-02;18;2601
17;2025-11-02;19;2127
17;2025-11-02;20;1670
17;2025-11-02;21;1164
17;2025-11-02;22;752
17;2025-11-02;23;338
17;2025-11-03;0;97
17;2025-11-03;1;0
17;2025-11-03;2;0
17;2025-11-03;3;0
17;2025-11-03;4;6
17;2025-11-03;5;229
17;2025-11-03;6;719
17;2025-11-03;7;1761
17;2025-11-03;8;2558
17;2025-11-03;9;2084
17;2025-11-03;10;1942
17;2025-11-03;11;2252
17;2025-11-03;12;2446
17;2025-11-03;13;2520
17;2025-11-03;14;2579
17;2025-11-03;15;2769
17;2025-11-03;16;2891
17;2025-11-03;17;3121
17;2025-11-03;18;3384
17;2025-11-03;19;2454
17;2025-11-03;20;1657
17;2025-11-03;21;953
17;2025-11-03;22;657
17;2025-11-03;23;297
17;2025-11-04;0;125
17;2025-11-04;1;14
17;2025-11-04;2;0
17;2025-11-04;3;0
17;2025-11-04;4;0
17;2025-11-04;5;171
17;2025-11-04;6;638
17;2025-11-04;7;1690
17;2025-11-04;8;2564
17;2025-11-04;9;1976
17;2025-11-04;10;1720
17;2025-11-04;11;2236
17;2025-11-04;12;2410
17;2025-11-04;13;2569
17;2025-11-04;14;2598
17;2025-11-04;15;2693
17;2025-11-04;16;2889
17;2025-11-04;17;3120
17;2025-11-04;18;3268
17;2025-11-04;19;2347
17;2025-11-04;20;1607
17;2025-11-04;21;997
17;2025-11-04;22;666
17;2025-11-04;23;355
17;2025-11-05;0;131
17;2025-11-05;1;10
17;2025-11-05;2;0
17;2025-11-05;3;0
17;2025-11-05;4;26
17;2025-11-05;5;314
17;2025-11-05;6;1532
17;2025-11-05;7;3913
17;2025-11-05;8;5282
17;2025-11-05;9;3803
17;2025-11-05;10;2999
17;2025-11-05;11;2953
17;2025-11-05;12;2993
17;2025-11-05;13;3091
17;2025-11-05;14;3143
17;2025-11-05;15;3351
17;2025-11-05;16;3676
17;2025-11-05;17;4497
17;2025-11-05;18;4837
17;2025-11-05;19;3427
17;2025-11-05;20;2386
17;2025-11-05;21;1521
17;2025-11-05;22;859
17;2025-11-05;23;402
17;2025-11-06;0;137
17;2025-11-06;1;12
17;2025-11-06;2;0
17;2025-11-06;3;0
17;2025-11-06;4;26
17;2025-11-06;5;314
17;2025-11-06;6;1527
17;2025-11-06;7;3916
17;2025-11-06;8;5281
17;2025-11-06;9;3813
17;2025-11-06;10;3004
17;2025-11-06;11;2958
17;2025-11-06;12;3000
17;2025-11-06;13;3093
17;2025-11-06;14;3145
17;2025-11-06;15;3360
17;2025-11-06;16;3694
17;2025-11-06;17;4511
17;2025-11-06;18;4875
17;2025-11-06;19;3439
17;2025-11-06;20;2394
17;2025-11-06;21;1524
17;2025-11-06;22;866
17;2025-11-06;23;408
17;2025-11-07;0;147
17;2025-11-07;1;16
17;2025-11-07;2;0
17;2025-11-07;3;0
17;2025-11-07;4;25
17;2025-11-07;5;307
17;2025-11-07;6;1511
17;2025-11-07;7;3859
17;2025-11-07;8;5054
17;2025-11-07;9;3787
17;2025-11-07;10;2966
17;2025-11-07;11;2944
17;2025-11-07;12;2984
17;2025-11-07;13;3082
17;2025-11-07;14;3155
17;2025-11-07;15;3457
17;2025-11-07;16;3775
17;2025-11-07;17;4513
17;2025-11-07;18;4499
17;2025-11-07;19;3310
17;2025-11-07;20;2347
17;2025-11-07;21;1525
17;2025-11-07;22;873
17;2025-11-07;23;426
17;2025-11-08;0;208
17;2025-11-08;1;23
17;2025-11-08;2;0
17;2025-11-08;3;0
17;2025-11-08;4;6
17;2025-11-08;5;127
17;2025-11-08;6;581
17;2025-11-08;7;1120
17;2025-11-08;8;1611
17;2025-11-08;9;1904
17;2025-11-08;10;2140
17;2025-11-08;11;2608
17;2025-11-08;12;2904
17;2025-11-08;13;3260
17;2025-11-08;14;3276
17;2025-11-08;15;3257
17;2025-11-08;16;3126
17;2025-11-08;17;3108
17;2025-11-08;18;2847
17;2025-11-08;19;2334
17;2025-11-08;20;1824
17;2025-11-08;21;1270
17;2025-11-08;22;854
17;2025-11-08;23;427
17;2025-11-09;0;184
17;2025-11-09;1;24
17;2025-11-09;2;0
17;2025-11-09;3;0
17;2025-11-09;4;3
17;2025-11-09;5;102
17;2025-11-09;6;420
17;2025-11-09;7;841
17;2025-11-09;8;1229
17;2025-11-09;9;1661
17;2025-11-09;10;1913
17;2025-11-09;11;2469
17;2025-11-09;12;2767
17;2025-11-09;13;3104
17;2025-11-09;14;3147
17;2025-11-09;15;3093
17;2025-11-09;16;2993
17;2025-11-09;17;2984
17;2025-11-09;18;2601
17;2025-11-09;19;2127
17;2025-11-09;20;1670
17;2025-11-09;21;1164
17;2025-11-09;22;752
17;2025-11-09;23;338
17;2025-11-10;0;116
17;2025-11-10;1;13
17;2025-11-10;2;0
17;2025-11-10;3;0
17;2025-11-10;4;23
17;2025-11-10;5;298
17;2025-11-10;6;1487
17;2025-11-10;7;3861
17;2025-11-10;8;5149
17;2025-11-10;9;3765
17;2025-11-10;10;2916
17;2025-11-10;11;2898
17;2025-11-10;12;2934
17;2025-11-10;13;3014
17;2025-11-10;14;3078
17;2025-11-10;15;3280
17;2025-11-10;16;3642
17;2025-11-10;17;4465
17;2025-11-10;18;4813
17;2025-11-10;19;3368
17;2025-11-10;20;2333
17;2025-11-10;21;1474
17;2025-11-10;22;795
17;2025-11-10;23;330
17;2025-11-11;0;117
17;2025-11-11;1;10
17;2025-11-11;2;0
17;2025-11-11;3;0
17;2025-11-11;4;25
17;2025-11-11;5;306
17;2025-11-11;6;1518
17;2025-11-11;7;3919
17;2025-11-11;8;5299
17;2025-11-11;9;3814
17;2025-11-11;10;3006
17;2025-11-11;11;2951
17;2025-11-11;12;2992
17;2025-11-11;13;3070
17;2025-11-11;14;3132
17;2025-11-11;15;3339
17;2025-11-11;16;3674
17;2025-11-11;17;4522
17;2025-11-11;18;4891
17;2025-11-11;19;3436
17;2025-11-11;20;2392
17;2025-11-11;21;1508
17;2025-11-11;22;853
17;2025-11-11;23;383
17;2025-11-12;0;131
17;2025-11-12;1;10
17;2025-11-12;2;0
17;2025-11-12;3;0
17;2025-11-12;4;26
17;2025-11-12;5;314
17;2025-11-12;6;1532
17;2025-11-12;7;3913
17;2025-11-12;8;5282
17;2025-11-12;9;3803
17;2025-11-12;10;2999
17;2025-11-12;11;2953
17;2025-11-12;12;2993
17;2025-11-12;13;3091
17;2025-11-12;14;3143
17;2025-11-12;15;3351
17;2025-11-12;16;3676
17;2025-11-12;17;4497
17;2025-11-12;18;4837
17;2025-11-12;19;3427
17;2025-11-12;20;2386
17;2025-11-12;21;1521
17;2025-11-12;22;859
17;2025-11-12;23;402
17;2025-11-13;0;137
17;2025-11-13;1;12
17;2025-11-13;2;0
17;2025-11-13;3;0
17;2025-11-13;4;26
17;2025-11-13;5;314
17;2025-11-13;6;1527
17;2025-11-13;7;3916
17;2025-11-13;8;5281
17;2025-11-13;9;3813
17;2025-11-13;10;3004
17;2025-11-13;11;2958
17;2025-11-13;12;3000
17;2025-11-13;13;3093
17;2025-11-13;14;3145
17;2025-11-13;15;3360
17;2025-11-13;16;3694
17;2025-11-13;17;4511
17;2025-11-13;18;4875
17;2025-11-13;19;3439
17;2025-11-13;20;2394
17;2025-11-13;21;1524
17;2025-11-13;22;866
17;2025-11-13;23;408
17;2025-11-14;0;147
17;2025-11-14;1;16
17;2025-11-14;2;0
17;2025-11-14;3;0
17;2025-11-14;4;25
17;2025-11-14;5;307
17;2025-11-14;6;1511
17;2025-11-14;7;3859
17;2025-11-14;8;5054
17;2025-11-14;9;3787
17;2025-11-14;10;2966
17;2025-11-14;11;2944
17;2025-11-14;12;2984
17;2025-11-14;13;3082
17;2025-11-14;14;3155
17;2025-11-14;15;3457
17;2025-11-14;16;3775
17;2025-11-14;17;4513
17;2025-11-14;18;4499
17;2025-11-14;19;3310
17;2025-11-14;20;2347
17;2025-11-14;21;1525
17;2025-11-14;22;873
17;2025-11-14;23;426
17;2025-11-15;0;208
17;2025-11-15;1;23
17;2025-11-15;2;0
17;2025-11-15;3;0
17;2025-11-15;4;6
17;2025-11-15;5;127
17;2025-11-15;6;581
17;2025-11-15;7;1120
17;2025-11-15;8;1611
17;2025-11-15;9;1904
17;2025-11-15;10;2140
17;2025-11-15;11;2608
17;2025-11-15;12;2904
17;2025-11-15;13;3260
17;2025-11-15;14;3276
17;2025-11-15;15;3257
17;2025-11-15;16;3126
17;2025-11-15;17;3108
17;2025-11-15;18;2847
17;2025-11-15;19;2334
17;2025-11-15;20;1824
17;2025-11-15;21;1270
17;2025-11-15;22;854
17;2025-11-15;23;427
17;2025-11-16;0;184
17;2025-11-16;1;24
17;2025-11-16;2;0
17;2025-11-16;3;0
17;2025-11-16;4;3
17;2025-11-16;5;102
17;2025-11-16;6;420
17;2025-11-16;7;841
17;2025-11-16;8;1229
17;2025-11-16;9;1661
17;2025-11-16;10;1913
17;2025-11-16;11;2469
17;2025-11-16;12;2767
17;2025-11-16;13;3104
17;2025-11-16;14;3147
17;2025-11-16;15;3093
17;2025-11-16;16;2993
17;2025-11-16;17;2984
17;2025-11-16;18;2601
17;2025-11-16;19;2127
17;2025-11-16;20;1670
17;2025-11-16;21;1164
17;2025-11-16;22;752
17;2025-11-16;23;338
17;2025-11-17;0;116
17;2025-11-17;1;13
17;2025-11-17;2;0
17;2025-11-17;3;0
17;2025-11-17;4;23
17;2025-11-17;5;298
17;2025-11-17;6;1487
17;2025-11-17;7;3861
17;2025-11-17;8;5149
17;2025-11-17;9;3765
17;2025-11-17;10;2916
17;2025-11-17;11;2898
17;2025-11-17;12;2934
17;2025-11-17;13;3014
17;2025-11-17;14;3078
17;2025-11-17;15;3280
17;2025-11-17;16;3642
17;2025-11-17;17;4465
17;2025-11-17;18;4813
17;2025-11-17;19;3368
17;2025-11-17;20;2333
17;2025-11-17;21;1474
17;2025-11-17;22;795
17;2025-11-17;23;330
17;2025-11-18;0;117
17;2025-11-18;1;10
17;2025-11-18;2;0
17;2025-11-18;3;0
17;2025-11-18;4;25
17;2025-11-18;5;306
17;2025-11-18;6;1518
17;2025-11-18;7;3919
17;2025-11-18;8;5299
17;2025-11-18;9;3814
17;2025-11-18;10;3006
17;2025-11-18;11;2951
17;2025-11-18;12;2992
17;2025-11-18;13;3070
17;2025-11-18;14;3132
17;2025-11-18;15;3339
17;2025-11-18;16;3674
17;2025-11-18;17;4522
17;2025-11-18;18;4891
17;2025-11-18;19;3436
17;2025-11-18;20;2392
17;2025-11-18;21;1508
17;2025-11-18;22;853
17;2025-11-18;23;383
17;2025-11-19;0;131
17;2025-11-19;1;10
17;2025-11-19;2;0
17;2025-11-19;3;0
17;2025-11-19;4;26
17;2025-11-19;5;314
17;2025-11-19;6;1532
17;2025-11-19;7;3913
17;2025-11-19;8;5282
17;2025-11-19;9;3803
17;2025-11-19;10;2999
17;2025-11-19;11;2953
17;2025-11-19;12;2993
17;2025-11-19;13;3091
17;2025-11-19;14;3143
17;2025-11-19;15;3351
17;2025-11-19;16;3676
17;2025-11-19;17;4497
17;2025-11-19;18;4837
17;2025-11-19;19;3427
17;2025-11-19;20;2386
17;2025-11-19;21;1521
17;2025-11-19;22;859
17;2025-11-19;23;402
17;2025-11-20;0;137
17;2025-11-20;1;12
17;2025-11-20;2;0
17;2025-11-20;3;0
17;2025-11-20;4;26
17;2025-11-20;5;314
17;2025-11-20;6;1527
17;2025-11-20;7;3916
17;2025-11-20;8;5281
17;2025-11-20;9;3813
17;2025-11-20;10;3004
17;2025-11-20;11;2958
17;2025-11-20;12;3000
17;2025-11-20;13;3093
17;2025-11-20;14;3145
17;2025-11-20;15;3360
17;2025-11-20;16;3694
17;2025-11-20;17;4511
17;2025-11-20;18;4875
17;2025-11-20;19;3439
17;2025-11-20;20;2394
17;2025-11-20;21;1524
17;2025-11-20;22;866
17;2025-11-20;23;408
17;2025-11-21;0;147
17;2025-11-21;1;16
17;2025-11-21;2;0
17;2025-11-21;3;0
17;2025-11-21;4;25
17;2025-11-21;5;307
17;2025-11-21;6;1511
17;2025-11-21;7;3859
17;2025-11-21;8;5054
17;2025-11-21;9;3787
17;2025-11-21;10;2966
17;2025-11-21;11;2944
17;2025-11-21;12;2984
17;2025-11-21;13;3082
17;2025-11-21;14;3155
17;2025-11-21;15;3457
17;2025-11-21;16;3775
17;2025-11-21;17;4513
17;2025-11-21;18;4499
17;2025-11-21;19;3310
17;2025-11-21;20;2347
17;2025-11-21;21;1525
17;2025-11-21;22;873
17;2025-11-21;23;426
17;2025-11-22;0;208
17;2025-11-22;1;23
17;2025-11-22;2;0
17;2025-11-22;3;0
17;2025-11-22;4;6
17;2025-11-22;5;127
17;2025-11-22;6;581
17;2025-11-22;7;1120
17;2025-11-22;8;1611
17;2025-11-22;9;1904
17;2025-11-22;10;2140
17;2025-11-22;11;2608
17;2025-11-22;12;2904
17;2025-11-22;13;3260
17;2025-11-22;14;3276
17;2025-11-22;15;3257
17;2025-11-22;16;3126
17;2025-11-22;17;3108
17;2025-11-22;18;2847
17;2025-11-22;19;2334
17;2025-11-22;20;1824
17;2025-11-22;21;1270
17;2025-11-22;22;854
17;2025-11-22;23;427
17;2025-11-23;0;184
17;2025-11-23;1;24
17;2025-11-23;2;0
17;2025-11-23;3;0
17;2025-11-23;4;3
17;2025-11-23;5;102
17;2025-11-23;6;420
17;2025-11-23;7;841
17;2025-11-23;8;1229
17;2025-11-23;9;1661
17;2025-11-23;10;1913
17;2025-11-23;11;2469
17;2025-11-23;12;2767
17;2025-11-23;13;3104
17;2025-11-23;14;3147
17;2025-11-23;15;3093
17;2025-11-23;16;2993
17;2025-11-23;17;2984
17;2025-11-23;18;2601
17;2025-11-23;19;2127
17;2025-11-23;20;1670
17;2025-11-23;21;1164
17;2025-11-23;22;752
17;2025-11-23;23;338
17;2025-11-24;0;116
17;2025-11-24;1;13
17;2025-11-24;2;0
17;2025-11-24;3;0
17;2025-11-24;4;23
17;2025-11-24;5;298
17;2025-11-24;6;1487
17;2025-11-24;7;3861
17;2025-11-24;8;5149
17;2025-11-24;9;3765
17;2025-11-24;10;2916
17;2025-11-24;11;2898
17;2025-11-24;12;2934
17;2025-11-24;13;3014
17;2025-11-24;14;3078
17;2025-11-24;15;3280
17;2025-11-24;16;3642
17;2025-11-24;17;4465
17;2025-11-24;18;4813
17;2025-11-24;19;3368
17;2025-11-24;20;2333
17;2025-11-24;21;1474
17;2025-11-24;22;795
17;2025-11-24;23;330
17;2025-11-25;0;117
17;2025-11-25;1;10
17;2025-11-25;2;0
17;2025-11-25;3;0
17;2025-11-25;4;25
17;2025-11-25;5;306
17;2025-11-25;6;1518
17;2025-11-25;7;3919
17;2025-11-25;8;5299
17;2025-11-25;9;3814
17;2025-11-25;10;3006
17;2025-11-25;11;2951
17;2025-11-25;12;2992
17;2025-11-25;13;3070
17;2025-11-25;14;3132
17;2025-11-25;15;3339
17;2025-11-25;16;3674
17;2025-11-25;17;4522
17;2025-11-25;18;4891
17;2025-11-25;19;3436
17;2025-11-25;20;2392
17;2025-11-25;21;1508
17;2025-11-25;22;853
17;2025-11-25;23;383
17;2025-11-26;0;131
17;2025-11-26;1;10
17;2025-11-26;2;0
17;2025-11-26;3;0
17;2025-11-26;4;26
17;2025-11-26;5;314
17;2025-11-26;6;1532
17;2025-11-26;7;3913
17;2025-11-26;8;5282
17;2025-11-26;9;3803
17;2025-11-26;10;2999
17;2025-11-26;11;2953
17;2025-11-26;12;2993
17;2025-11-26;13;3091
17;2025-11-26;14;3143
17;2025-11-26;15;3351
17;2025-11-26;16;3676
17;2025-11-26;17;4497
17;2025-11-26;18;4837
17;2025-11-26;19;3427
17;2025-11-26;20;2386
17;2025-11-26;21;1521
17;2025-11-26;22;859
17;2025-11-26;23;402
17;2025-11-27;0;137
17;2025-11-27;1;12
17;2025-11-27;2;0
17;2025-11-27;3;0
17;2025-11-27;4;26
17;2025-11-27;5;314
17;2025-11-27;6;1527
17;2025-11-27;7;3916
17;2025-11-27;8;5281
17;2025-11-27;9;3813
17;2025-11-27;10;3004
17;2025-11-27;11;2958
17;2025-11-27;12;3000
17;2025-11-27;13;3093
17;2025-11-27;14;3145
17;2025-11-27;15;3360
17;2025-11-27;16;3694
17;2025-11-27;17;4511
17;2025-11-27;18;4875
17;2025-11-27;19;3439
17;2025-11-27;20;2394
17;2025-11-27;21;1524
17;2025-11-27;22;866
17;2025-11-27;23;408
17;2025-11-28;0;147
17;2025-11-28;1;16
17;2025-11-28;2;0
17;2025-11-28;3;0
17;2025-11-28;4;25
17;2025-11-28;5;307
17;2025-11-28;6;1511
17;2025-11-28;7;3859
17;2025-11-28;8;5054
17;2025-11-28;9;3787
17;2025-11-28;10;2966
17;2025-11-28;11;2944
17;2025-11-28;12;2984
17;2025-11-28;13;3082
17;2025-11-28;14;3155
17;2025-11-28;15;3457
17;2025-11-28;16;3775
17;2025-11-28;17;4513
17;2025-11-28;18;4499
17;2025-11-28;19;3310
17;2025-11-28;20;2347
17;2025-11-28;21;1525
17;2025-11-28;22;873
17;2025-11-28;23;426
17;2025-11-29;0;208
17;2025-11-29;1;23
17;2025-11-29;2;0
17;2025-11-29;3;0
17;2025-11-29;4;6
17;2025-11-29;5;127
17;2025-11-29;6;581
17;2025-11-29;7;1120
17;2025-11-29;8;1611
17;2025-11-29;9;1904
17;2025-11-29;10;2140
17;2025-11-29;11;2608
17;2025-11-29;12;2904
17;2025-11-29;13;3260
17;2025-11-29;14;3276
17;2025-11-29;15;3257
17;2025-11-29;16;3126
17;2025-11-29;17;3108
17;2025-11-29;18;2847
17;2025-11-29;19;2334
17;2025-11-29;20;1824
17;2025-11-29;21;1270
17;2025-11-29;22;854
17;2025-11-29;23;427
17;2025-11-30;0;184
17;2025-11-30;1;24
17;2025-11-30;2;0
17;2025-11-30;3;0
17;2025-11-30;4;3
17;2025-11-30;5;102
17;2025-11-30;6;420
17;2025-11-30;7;841
17;2025-11-30;8;1229
17;2025-11-30;9;1661
17;2025-11-30;10;1913
17;2025-11-30;11;2469
17;2025-11-30;12;2767
17;2025-11-30;13;3104
17;2025-11-30;14;3147
17;2025-11-30;15;3093
17;2025-11-30;16;2993
17;2025-11-30;17;2984
17;2025-11-30;18;2601
17;2025-11-30;19;2127
17;2025-11-30;20;1670
17;2025-11-30;21;1164
17;2025-11-30;22;752
17;2025-11-30;23;338
17;2025-12-01;0;101
17;2025-12-01;1;12
17;2025-12-01;2;0
17;2025-12-01;3;0
17;2025-12-01;4;27
17;2025-12-01;5;301
17;2025-12-01;6;1459
17;2025-12-01;7;3834
17;2025-12-01;8;5110
17;2025-12-01;9;3718
17;2025-12-01;10;2866
17;2025-12-01;11;2862
17;2025-12-01;12;2901
17;2025-12-01;13;2989
17;2025-12-01;14;3043
17;2025-12-01;15;3255
17;2025-12-01;16;3604
17;2025-12-01;17;4433
17;2025-12-01;18;4800
17;2025-12-01;19;3360
17;2025-12-01;20;2331
17;2025-12-01;21;1466
17;2025-12-01;22;783
17;2025-12-01;23;319
17;2025-12-02;0;105
17;2025-12-02;1;9
17;2025-12-02;2;0
17;2025-12-02;3;0
17;2025-12-02;4;28
17;2025-12-02;5;310
17;2025-12-02;6;1481
17;2025-12-02;7;3891
17;2025-12-02;8;5260
17;2025-12-02;9;3765
17;2025-12-02;10;2942
17;2025-12-02;11;2906
17;2025-12-02;12;2950
17;2025-12-02;13;3040
17;2025-12-02;14;3096
17;2025-12-02;15;3309
17;2025-12-02;16;3635
17;2025-12-02;17;4490
17;2025-12-02;18;4878
17;2025-12-02;19;3427
17;2025-12-02;20;2391
17;2025-12-02;21;1499
17;2025-12-02;22;841
17;2025-12-02;23;370
17;2025-12-03;0;118
17;2025-12-03;1;9
17;2025-12-03;2;0
17;2025-12-03;3;0
17;2025-12-03;4;29
17;2025-12-03;5;317
17;2025-12-03;6;1494
17;2025-12-03;7;3885
17;2025-12-03;8;5242
17;2025-12-03;9;3754
17;2025-12-03;10;2935
17;2025-12-03;11;2908
17;2025-12-03;12;2950
17;2025-12-03;13;3060
17;2025-12-03;14;3107
17;2025-12-03;15;3316
17;2025-12-03;16;3638
17;2025-12-03;17;4465
17;2025-12-03;18;4825
17;2025-12-03;19;3418
17;2025-12-03;20;2385
17;2025-12-03;21;1512
17;2025-12-03;22;847
17;2025-12-03;23;389
17;2025-12-04;0;124
17;2025-12-04;1;11
17;2025-12-04;2;0
17;2025-12-04;3;0
17;2025-12-04;4;28
17;2025-12-04;5;317
17;2025-12-04;6;1492
17;2025-12-04;7;3888
17;2025-12-04;8;5242
17;2025-12-04;9;3765
17;2025-12-04;10;2940
17;2025-12-04;11;2913
17;2025-12-04;12;2957
17;2025-12-04;13;3062
17;2025-12-04;14;3108
17;2025-12-04;15;3328
17;2025-12-04;16;3655
17;2025-12-04;17;4479
17;2025-12-04;18;4862
17;2025-12-04;19;3430
17;2025-12-04;20;2393
17;2025-12-04;21;1516
17;2025-12-04;22;855
17;2025-12-04;23;395
17;2025-12-05;0;132
17;2025-12-05;1;14
17;2025-12-05;2;0
17;2025-12-05;3;0
17;2025-12-05;4;28
17;2025-12-05;5;311
17;2025-12-05;6;1483
17;2025-12-05;7;3830
17;2025-12-05;8;5014
17;2025-12-05;9;3739
17;2025-12-05;10;2910
17;2025-12-05;11;2907
17;2025-12-05;12;2949
17;2025-12-05;13;3051
17;2025-12-05;14;3119
17;2025-12-05;15;3427
17;2025-12-05;16;3737
17;2025-12-05;17;4480
17;2025-12-05;18;4485
17;2025-12-05;19;3300
17;2025-12-05;20;2345
17;2025-12-05;21;1515
17;2025-12-05;22;859
17;2025-12-05;23;413
17;2025-12-06;0;186
17;2025-12-06;1;19
17;2025-12-06;2;0
17;2025-12-06;3;0
17;2025-12-06;4;8
17;2025-12-06;5;130
17;2025-12-06;6;555
17;2025-12-06;7;1102
17;2025-12-06;8;1581
17;2025-12-06;9;1872
17;2025-12-06;10;2114
17;2025-12-06;11;2558
17;2025-12-06;12;2857
17;2025-12-06;13;3236
17;2025-12-06;14;3213
17;2025-12-06;15;3184
17;2025-12-06;16;3054
17;2025-12-06;17;3070
17;2025-12-06;18;2835
17;2025-12-06;19;2315
17;2025-12-06;20;1821
17;2025-12-06;21;1261
17;2025-12-06;22;835
17;2025-12-06;23;413
17;2025-12-07;0;164
17;2025-12-07;1;20
17;2025-12-07;2;0
17;2025-12-07;3;0
17;2025-12-07;4;6
17;2025-12-07;5;106
17;2025-12-07;6;410
17;2025-12-07;7;825
17;2025-12-07;8;1207
17;2025-12-07;9;1634
17;2025-12-07;10;1896
17;2025-12-07;11;2431
17;2025-12-07;12;2733
17;2025-12-07;13;3086
17;2025-12-07;14;3089
17;2025-12-07;15;3024
17;2025-12-07;16;2925
17;2025-12-07;17;2950
17;2025-12-07;18;2593
17;2025-12-07;19;2114
17;2025-12-07;20;1668
17;2025-12-07;21;1154
17;2025-12-07;22;736
17;2025-12-07;23;324
17;2025-12-08;0;101
17;2025-12-08;1;12
17;2025-12-08;2;0
17;2025-12-08;3;0
17;2025-12-08;4;27
17;2025-12-08;5;301
17;2025-12-08;6;1459
17;2025-12-08;7;3834
17;2025-12-08;8;5110
17;2025-12-08;9;3718
17;2025-12-08;10;2866
17;2025-12-08;11;2862
17;2025-12-08;12;2901
17;2025-12-08;13;2989
17;2025-12-08;14;3043
17;2025-12-08;15;3255
17;2025-12-08;16;3604
17;2025-12-08;17;4433
17;2025-12-08;18;4800
17;2025-12-08;19;3360
17;2025-12-08;20;2331
17;2025-12-08;21;1466
17;2025-12-08;22;783
17;2025-12-08;23;319
17;2025-12-09;0;105
17;2025-12-09;1;9
17;2025-12-09;2;0
17;2025-12-09;3;0
17;2025-12-09;4;28
17;2025-12-09;5;310
17;2025-12-09;6;1481
17;2025-12-09;7;3891
17;2025-12-09;8;5260
17;2025-12-09;9;3765
17;2025-12-09;10;2942
17;2025-12-09;11;2906
17;2025-12-09;12;2950
17;2025-12-09;13;3040
17;2025-12-09;14;3096
17;2025-12-09;15;3309
17;2025-12-09;16;3635
17;2025-12-09;17;4490
17;2025-12-09;18;4878
17;2025-12-09;19;3427
17;2025-12-09;20;2391
17;2025-12-09;21;1499
17;2025-12-09;22;841
17;2025-12-09;23;370
17;2025-12-10;0;118
17;2025-12-10;1;9
17;2025-12-10;2;0
17;2025-12-10;3;0
17;2025-12-10;4;29
17;2025-12-10;5;317
17;2025-12-10;6;1494
17;2025-12-10;7;3885
17;2025-12-10;8;5242
17;2025-12-10;9;3754
17;2025-12-10;10;2935
17;2025-12-10;11;2908
17;2025-12-10;12;2950
17;2025-12-10;13;3060
17;2025-12-10;14;3107
17;2025-12-10;15;3316
17;2025-12-10;16;3638
17;2025-12-10;17;4465
17;2025-12-10;18;4825
17;2025-12-10;19;3418
17;2025-12-10;20;2385
17;2025-12-10;21;1512
17;2025-12-10;22;847
17;2025-12-10;23;389
17;2025-12-11;0;124
17;2025-12-11;1;11
17;2025-12-11;2;0
17;2025-12-11;3;0
17;2025-12-11;4;28
17;2025-12-11;5;317
17;2025-12-11;6;1492
17;2025-12-11;7;3888
17;2025-12-11;8;5242
17;2025-12-11;9;3765
17;2025-12-11;10;2940
17;2025-12-11;11;2913
17;2025-12-11;12;2957
17;2025-12-11;13;3062
17;2025-12-11;14;3108
17;2025-12-11;15;3328
17;2025-12-11;16;3655
17;2025-12-11;17;4479
17;2025-12-11;18;4862
17;2025-12-11;19;3430
17;2025-12-11;20;2393
17;2025-12-11;21;1516
17;2025-12-11;22;855
17;2025-12-11;23;395
17;2025-12-12;0;132
17;2025-12-12;1;14
17;2025-12-12;2;0
17;2025-12-12;3;0
17;2025-12-12;4;28
17;2025-12-12;5;311
17;2025-12-12;6;1483
17;2025-12-12;7;3830
17;2025-12-12;8;5014
17;2025-12-12;9;3739
17;2025-12-12;10;2910
17;2025-12-12;11;2907
17;2025-12-12;12;2949
17;2025-12-12;13;3051
17;2025-12-12;14;3119
17;2025-12-12;15;3427
17;2025-12-12;16;3737
17;2025-12-12;17;4480
17;2025-12-12;18;4485
17;2025-12-12;19;3300
17;2025-12-12;20;2345
17;2025-12-12;21;1515
17;2025-12-12;22;859
17;2025-12-12;23;413
17;2025-12-13;0;186
17;2025-12-13;1;19
17;2025-12-13;2;0
17;2025-12-13;3;0
17;2025-12-13;4;8
17;2025-12-13;5;130
17;2025-12-13;6;555
17;2025-12-13;7;1102
17;2025-12-13;8;1581
17;2025-12-13;9;1872
17;2025-12-13;10;2114
17;2025-12-13;11;2558
17;2025-12-13;12;2857
17;2025-12-13;13;3236
17;2025-12-13;14;3213
17;2025-12-13;15;3184
17;2025-12-13;16;3054
17;2025-12-13;17;3070
17;2025-12-13;18;2835
17;2025-12-13;19;2315
17;2025-12-13;20;1821
17;2025-12-13;21;1261
17;2025-12-13;22;835
17;2025-12-13;23;413
17;2025-12-14;0;164
17;2025-12-14;1;20
17;2025-12-14;2;0
17;2025-12-14;3;0
17;2025-12-14;4;6
17;2025-12-14;5;106
17;2025-12-14;6;410
17;2025-12-14;7;825
17;2025-12-14;8;1207
17;2025-12-14;9;1634
17;2025-12-14;10;1896
17;2025-12-14;11;2431
17;2025-12-14;12;2733
17;2025-12-14;13;3086
17;2025-12-14;14;3089
17;2025-12-14;15;3024
17;2025-12-14;16;2925
17;2025-12-14;17;2950
17;2025-12-14;18;2593
17;2025-12-14;19;2114
17;2025-12-14;20;1668
17;2025-12-14;21;1154
17;2025-12-14;22;736
17;2025-12-14;23;324
17;2025-12-15;0;101
17;2025-12-15;1;12
17;2025-12-15;2;0
17;2025-12-15;3;0
17;2025-12-15;4;27
17;2025-12-15;5;301
17;2025-12-15;6;1459
17;2025-12-15;7;3834
17;2025-12-15;8;5110
17;2025-12-15;9;3718
17;2025-12-15;10;2866
17;2025-12-15;11;2862
17;2025-12-15;12;2901
17;2025-12-15;13;2989
17;2025-12-15;14;3043
17;2025-12-15;15;3255
17;2025-12-15;16;3604
17;2025-12-15;17;4433
17;2025-12-15;18;4800
17;2025-12-15;19;3360
17;2025-12-15;20;2331
17;2025-12-15;21;1466
17;2025-12-15;22;783
17;2025-12-15;23;319
17;2025-12-16;0;105
17;2025-12-16;1;9
17;2025-12-16;2;0
17;2025-12-16;3;0
17;2025-12-16;4;28
17;2025-12-16;5;310
17;2025-12-16;6;1481
17;2025-12-16;7;3891
17;2025-12-16;8;5260
17;2025-12-16;9;3765
17;2025-12-16;10;2942
17;2025-12-16;11;2906
17;2025-12-16;12;2950
17;2025-12-16;13;3040
17;2025-12-16;14;3096
17;2025-12-16;15;3309
17;2025-12-16;16;3635
17;2025-12-16;17;4490
17;2025-12-16;18;4878
17;2025-12-16;19;3427
17;2025-12-16;20;2391
17;2025-12-16;21;1499
17;2025-12-16;22;841
17;2025-12-16;23;370
17;2025-12-17;0;118
17;2025-12-17;1;9
17;2025-12-17;2;0
17;2025-12-17;3;0
17;2025-12-17;4;29
17;2025-12-17;5;317
17;2025-12-17;6;1494
17;2025-12-17;7;3885
17;2025-12-17;8;5242
17;2025-12-17;9;3754
17;2025-12-17;10;2935
17;2025-12-17;11;2908
17;2025-12-17;12;2950
17;2025-12-17;13;3060
17;2025-12-17;14;3107
17;2025-12-17;15;3316
17;2025-12-17;16;3638
17;2025-12-17;17;4465
17;2025-12-17;18;4825
17;2025-12-17;19;3418
17;2025-12-17;20;2385
17;2025-12-17;21;1512
17;2025-12-17;22;847
17;2025-12-17;23;389
17;2025-12-18;0;124
17;2025-12-18;1;11
17;2025-12-18;2;0
17;2025-12-18;3;0
17;2025-12-18;4;28
17;2025-12-18;5;317
17;2025-12-18;6;1492
17;2025-12-18;7;3888
17;2025-12-18;8;5242
17;2025-12-18;9;3765
17;2025-12-18;10;2940
17;2025-12-18;11;2913
17;2025-12-18;12;2957
17;2025-12-18;13;3062
17;2025-12-18;14;3108
17;2025-12-18;15;3328
17;2025-12-18;16;3655
17;2025-12-18;17;4479
17;2025-12-18;18;4862
17;2025-12-18;19;3430
17;2025-12-18;20;2393
17;2025-12-18;21;1516
17;2025-12-18;22;855
17;2025-12-18;23;395
17;2025-12-19;0;132
17;2025-12-19;1;14
17;2025-12-19;2;0
17;2025-12-19;3;0
17;2025-12-19;4;28
17;2025-12-19;5;311
17;2025-12-19;6;1483
17;2025-12-19;7;3830
17;2025-12-19;8;5014
17;2025-12-19;9;3739
17;2025-12-19;10;2910
17;2025-12-19;11;2907
17;2025-12-19;12;2949
17;2025-12-19;13;3051
17;2025-12-19;14;3119
17;2025-12-19;15;3427
17;2025-12-19;16;3737
17;2025-12-19;17;4480
17;2025-12-19;18;4485
17;2025-12-19;19;3300
17;2025-12-19;20;2345
17;2025-12-19;21;1515
17;2025-12-19;22;859
17;2025-12-19;23;413
17;2025-12-20;0;186
17;2025-12-20;1;19
17;2025-12-20;2;0
17;2025-12-20;3;0
17;2025-12-20;4;8
17;2025-12-20;5;130
17;2025-12-20;6;555
17;2025-12-20;7;1102
17;2025-12-20;8;1581
17;2025-12-20;9;1872
17;2025-12-20;10;2114
17;2025-12-20;11;2558
17;2025-12-20;12;2857
17;2025-12-20;13;3236
17;2025-12-20;14;3213
17;2025-12-20;15;3184
17;2025-12-20;16;3054
17;2025-12-20;17;3070
17;2025-12-20;18;2835
17;2025-12-20;19;2315
17;2025-12-20;20;1821
17;2025-12-20;21;1261
17;2025-12-20;22;835
17;2025-12-20;23;413
17;2025-12-21;0;164
17;2025-12-21;1;20
17;2025-12-21;2;0
17;2025-12-21;3;0
17;2025-12-21;4;6
17;2025-12-21;5;106
17;2025-12-21;6;410
17;2025-12-21;7;825
17;2025-12-21;8;1207
17;2025-12-21;9;1634
17;2025-12-21;10;1896
17;2025-12-21;11;2431
17;2025-12-21;12;2733
17;2025-12-21;13;3086
17;2025-12-21;14;3089
17;2025-12-21;15;3024
17;2025-12-21;16;2925
17;2025-12-21;17;2950
17;2025-12-21;18;2593
17;2025-12-21;19;2114
17;2025-12-21;20;1668
17;2025-12-21;21;1154
17;2025-12-21;22;736
17;2025-12-21;23;324
17;2025-12-22;0;101
17;2025-12-22;1;12
17;2025-12-22;2;0
17;2025-12-22;3;0
17;2025-12-22;4;27
17;2025-12-22;5;301
17;2025-12-22;6;1459
17;2025-12-22;7;3834
17;2025-12-22;8;5110
17;2025-12-22;9;3718
17;2025-12-22;10;2866
17;2025-12-22;11;2862
17;2025-12-22;12;2901
17;2025-12-22;13;2989
17;2025-12-22;14;3043
17;2025-12-22;15;3255
17;2025-12-22;16;3604
17;2025-12-22;17;4433
17;2025-12-22;18;4800
17;2025-12-22;19;3360
17;2025-12-22;20;2331
17;2025-12-22;21;1466
17;2025-12-22;22;783
17;2025-12-22;23;319
17;2025-12-23;0;105
17;2025-12-23;1;9
17;2025-12-23;2;0
17;2025-12-23;3;0
17;2025-12-23;4;28
17;2025-12-23;5;310
17;2025-12-23;6;1481
17;2025-12-23;7;3891
17;2025-12-23;8;5260
17;2025-12-23;9;3765
17;2025-12-23;10;2942
17;2025-12-23;11;2906
17;2025-12-23;12;2950
17;2025-12-23;13;3040
17;2025-12-23;14;3096
17;2025-12-23;15;3309
17;2025-12-23;16;3635
17;2025-12-23;17;4490
17;2025-12-23;18;4878
17;2025-12-23;19;3427
17;2025-12-23;20;2391
17;2025-12-23;21;1499
17;2025-12-23;22;841
17;2025-12-23;23;370
17;2025-12-24;0;118
17;2025-12-24;1;9
17;2025-12-24;2;0
17;2025-12-24;3;0
17;2025-12-24;4;29
17;2025-12-24;5;317
17;2025-12-24;6;1494
17;2025-12-24;7;3885
17;2025-12-24;8;5242
17;2025-12-24;9;3754
17;2025-12-24;10;2935
17;2025-12-24;11;2908
17;2025-12-24;12;2950
17;2025-12-24;13;3060
17;2025-12-24;14;3107
17;2025-12-24;15;3316
17;2025-12-24;16;3638
17;2025-12-24;17;4465
17;2025-12-24;18;4825
17;2025-12-24;19;3418
17;2025-12-24;20;2385
17;2025-12-24;21;1512
17;2025-12-24;22;847
17;2025-12-24;23;389
17;2025-12-25;0;124
17;2025-12-25;1;11
17;2025-12-25;2;0
17;2025-12-25;3;0
17;2025-12-25;4;28
17;2025-12-25;5;317
17;2025-12-25;6;1492
17;2025-12-25;7;3888
17;2025-12-25;8;5242
17;2025-12-25;9;3765
17;2025-12-25;10;2940
17;2025-12-25;11;2913
17;2025-12-25;12;2957
17;2025-12-25;13;3062
17;2025-12-25;14;3108
17;2025-12-25;15;3328
17;2025-12-25;16;3655
17;2025-12-25;17;4479
17;2025-12-25;18;4862
17;2025-12-25;19;3430
17;2025-12-25;20;2393
17;2025-12-25;21;1516
17;2025-12-25;22;855
17;2025-12-25;23;395
17;2025-12-26;0;132
17;2025-12-26;1;14
17;2025-12-26;2;0
17;2025-12-26;3;0
17;2025-12-26;4;28
17;2025-12-26;5;311
17;2025-12-26;6;1483
17;2025-12-26;7;3830
17;2025-12-26;8;5014
17;2025-12-26;9;3739
17;2025-12-26;10;2910
17;2025-12-26;11;2907
17;2025-12-26;12;2949
17;2025-12-26;13;3051
17;2025-12-26;14;3119
17;2025-12-26;15;3427
17;2025-12-26;16;3737
17;2025-12-26;17;4480
17;2025-12-26;18;4485
17;2025-12-26;19;3300
17;2025-12-26;20;2345
17;2025-12-26;21;1515
17;2025-12-26;22;859
17;2025-12-26;23;413
17;2025-12-27;0;186
17;2025-12-27;1;19
17;2025-12-27;2;0
17;2025-12-27;3;0
17;2025-12-27;4;8
17;2025-12-27;5;130
17;2025-12-27;6;555
17;2025-12-27;7;1102
17;2025-12-27;8;1581
17;2025-12-27;9;1872
17;2025-12-27;10;2114
17;2025-12-27;11;2558
17;2025-12-27;12;2857
17;2025-12-27;13;3236
17;2025-12-27;14;3213
17;2025-12-27;15;3184
17;2025-12-27;16;3054
17;2025-12-27;17;3070
17;2025-12-27;18;2835
17;2025-12-27;19;2315
17;2025-12-27;20;1821
17;2025-12-27;21;1261
17;2025-12-27;22;835
17;2025-12-27;23;413
17;2025-12-28;0;164
17;2025-12-28;1;20
17;2025-12-28;2;0
17;2025-12-28;3;0
17;2025-12-28;4;6
17;2025-12-28;5;106
17;2025-12-28;6;410
17;2025-12-28;7;825
17;2025-12-28;8;1207
17;2025-12-28;9;1634
17;2025-12-28;10;1896
17;2025-12-28;11;2431
17;2025-12-28;12;2733
17;2025-12-28;13;3086
17;2025-12-28;14;3089
17;2025-12-28;15;3024
17;2025-12-28;16;2925
17;2025-12-28;17;2950
17;2025-12-28;18;2593
17;2025-12-28;19;2114
17;2025-12-28;20;1668
17;2025-12-28;21;1154
17;2025-12-28;22;736
17;2025-12-28;23;324
17;2025-12-29;0;101
17;2025-12-29;1;12
17;2025-12-29;2;0
17;2025-12-29;3;0
17;2025-12-29;4;27
17;2025-12-29;5;301
17;2025-12-29;6;1459
17;2025-12-29;7;3834
17;2025-12-29;8;5110
17;2025-12-29;9;3718
17;2025-12-29;10;2866
17;2025-12-29;11;2862
17;2025-12-29;12;2901
17;2025-12-29;13;2989
17;2025-12-29;14;3043
17;2025-12-29;15;3255
17;2025-12-29;16;3604
17;2025-12-29;17;4433
17;2025-12-29;18;4800
17;2025-12-29;19;3360
17;2025-12-29;20;2331
17;2025-12-29;21;1466
17;2025-12-29;22;783
17;2025-12-29;23;319
17;2025-12-30;0;105
17;2025-12-30;1;9
17;2025-12-30;2;0
17;2025-12-30;3;0
17;2025-12-30;4;28
17;2025-12-30;5;310
17;2025-12-30;6;1481
17;2025-12-30;7;3891
17;2025-12-30;8;5260
17;2025-12-30;9;3765
17;2025-12-30;10;2942
17;2025-12-30;11;2906
17;2025-12-30;12;2950
17;2025-12-30;13;3040
17;2025-12-30;14;3096
17;2025-12-30;15;3309
17;2025-12-30;16;3635
17;2025-12-30;17;4490
17;2025-12-30;18;4878
17;2025-12-30;19;3427
17;2025-12-30;20;2391
17;2025-12-30;21;1499
17;2025-12-30;22;841
17;2025-12-30;23;370
17;2025-12-31;0;100
17;2025-12-31;1;0
17;2025-12-31;2;0
17;2025-12-31;3;0
17;2025-12-31;4;12
17;2025-12-31;5;248
17;2025-12-31;6;707
17;2025-12-31;7;1763
17;2025-12-31;8;2649
17;2025-12-31;9;2073
17;2025-12-31;10;1961
17;2025-12-31;11;2257
17;2025-12-31;12;2457
17;2025-12-31;13;2561
17;2025-12-31;14;2603
17;2025-12-31;15;2787
17;2025-12-31;16;2869
17;2025-12-31;17;3122
17;2025-12-31;18;3395
17;2025-12-31;19;2504
17;2025-12-31;20;1709
17;2025-12-31;21;986
17;2025-12-31;22;704
17;2025-12-31;23;356
25;2025-11-01;0;0
25;2025-11-01;1;0
25;2025-11-01;2;0
25;2025-11-01;3;0
25;2025-11-01;4;0
25;2025-11-01;5;12
25;2025-11-01;6;82
25;2025-11-01;7;161
25;2025-11-01;8;536
25;2025-11-01;9;308
25;2025-11-01;10;317
25;2025-11-01;11;439
25;2025-11-01;12;464
25;2025-11-01;13;624
25;2025-11-01;14;609
25;2025-11-01;15;743
25;2025-11-01;16;717
25;2025-11-01;17;713
25;2025-11-01;18;684
25;2025-11-01;19;463
25;2025-11-01;20;287
25;2025-11-01;21;244
25;2025-11-01;22;163
25;2025-11-01;23;68
25;2025-11-02;0;16
25;2025-11-02;1;0
25;2025-11-02;2;0
25;2025-11-02;3;0
25;2025-11-02;4;0
25;2025-11-02;5;5
25;2025-11-02;6;48
25;2025-11-02;7;94
25;2025-11-02;8;184
25;2025-11-02;9;207
25;2025-11-02;10;211
25;2025-11-02;11;323
25;2025-11-02;12;375
25;2025-11-02;13;510
25;2025-11-02;14;521
25;2025-11-02;15;601
25;2025-11-02;16;492
25;2025-11-02;17;437
25;2025-11-02;18;416
25;2025-11-02;19;339
25;2025-11-02;20;227
25;2025-11-02;21;186
25;2025-11-02;22;101
25;2025-11-02;23;40
25;2025-11-03;0;0
25;2025-11-03;1;0
25;2025-11-03;2;0
25;2025-11-03;3;0
25;2025-11-03;4;0
25;2025-11-03;5;0
25;2025-11-03;6;17
25;2025-11-03;7;277
25;2025-11-03;8;440
25;2025-11-03;9;280
25;2025-11-03;10;225
25;2025-11-03;11;296
25;2025-11-03;12;324
25;2025-11-03;13;427
25;2025-11-03;14;370
25;2025-11-03;15;429
25;2025-11-03;16;436
25;2025-11-03;17;384
25;2025-11-03;18;437
25;2025-11-03;19;417
25;2025-11-03;20;247
25;2025-11-03;21;114
25;2025-11-03;22;43
25;2025-11-03;23;0
25;2025-11-04;0;0
25;2025-11-04;1;0
25;2025-11-04;2;0
25;2025-11-04;3;0
25;2025-11-04;4;0
25;2025-11-04;5;5
25;2025-11-04;6;21
25;2025-11-04;7;287
25;2025-11-04;8;269
25;2025-11-04;9;244
25;2025-11-04;10;197
25;2025-11-04;11;294
25;2025-11-04;12;315
25;2025-11-04;13;414
25;2025-11-04;14;405
25;2025-11-04;15;415
25;2025-11-04;16;364
25;2025-11-04;17;294
25;2025-11-04;18;322
25;2025-11-04;19;391
25;2025-11-04;20;246
25;2025-11-04;21;152
25;2025-11-04;22;68
25;2025-11-04;23;6
25;2025-11-05;0;0
25;2025-11-05;1;0
25;2025-11-05;2;0
25;2025-11-05;3;0
25;2025-11-05;4;0
25;2025-11-05;5;7
25;2025-11-05;6;153
25;2025-11-05;7;518
25;2025-11-05;8;904
25;2025-11-05;9;477
25;2025-11-05;10;375
25;2025-11-05;11;430
25;2025-11-05;12;413
25;2025-11-05;13;523
25;2025-11-05;14;475
25;2025-11-05;15;567
25;2025-11-05;16;700
25;2025-11-05;17;751
25;2025-11-05;18;794
25;2025-11-05;19;538
25;2025-11-05;20;320
25;2025-11-05;21;212
25;2025-11-05;22;105
25;2025-11-05;23;6
25;2025-11-06;0;1
25;2025-11-06;1;0
25;2025-11-06;2;0
25;2025-11-06;3;0
25;2025-11-06;4;0
25;2025-11-06;5;7
25;2025-11-06;6;153
25;2025-11-06;7;519
25;2025-11-06;8;908
25;2025-11-06;9;483
25;2025-11-06;10;380
25;2025-11-06;11;429
25;2025-11-06;12;414
25;2025-11-06;13;523
25;2025-11-06;14;484
25;2025-11-06;15;575
25;2025-11-06;16;707
25;2025-11-06;17;751
25;2025-11-06;18;792
25;2025-11-06;19;548
25;2025-11-06;20;320
25;2025-11-06;21;212
25;2025-11-06;22;109
25;2025-11-06;23;8
25;2025-11-07;0;1
25;2025-11-07;1;0
25;2025-11-07;2;0
25;2025-11-07;3;0
25;2025-11-07;4;0
25;2025-11-07;5;8
25;2025-11-07;6;154
25;2025-11-07;7;518
25;2025-11-07;8;874
25;2025-11-07;9;475
25;2025-11-07;10;374
25;2025-11-07;11;433
25;2025-11-07;12;414
25;2025-11-07;13;524
25;2025-11-07;14;499
25;2025-11-07;15;596
25;2025-11-07;16;736
25;2025-11-07;17;754
25;2025-11-07;18;686
25;2025-11-07;19;527
25;2025-11-07;20;314
25;2025-11-07;21;213
25;2025-11-07;22;114
25;2025-11-07;23;10
25;2025-11-08;0;2
25;2025-11-08;1;0
25;2025-11-08;2;0
25;2025-11-08;3;0
25;2025-11-08;4;0
25;2025-11-08;5;4
25;2025-11-08;6;68
25;2025-11-08;7;131
25;2025-11-08;8;298
25;2025-11-08;9;270
25;2025-11-08;10;269
25;2025-11-08;11;385
25;2025-11-08;12;405
25;2025-11-08;13;555
25;2025-11-08;14;571
25;2025-11-08;15;669
25;2025-11-08;16;581
25;2025-11-08;17;501
25;2025-11-08;18;479
25;2025-11-08;19;444
25;2025-11-08;20;264
25;2025-11-08;21;217
25;2025-11-08;22;131
25;2025-11-08;23;53
25;2025-11-09;0;16
25;2025-11-09;1;0
25;2025-11-09;2;0
25;2025-11-09;3;0
25;2025-11-09;4;0
25;2025-11-09;5;5
25;2025-11-09;6;48
25;2025-11-09;7;94
25;2025-11-09;8;184
25;2025-11-09;9;207
25;2025-11-09;10;211
25;2025-11-09;11;323
25;2025-11-09;12;375
25;2025-11-09;13;510
25;2025-11-09;14;521
25;2025-11-09;15;601
25;2025-11-09;16;492
25;2025-11-09;17;437
25;2025-11-09;18;416
25;2025-11-09;19;339
25;2025-11-09;20;227
25;2025-11-09;21;186
25;2025-11-09;22;101
25;2025-11-09;23;40
25;2025-11-10;0;8
25;2025-11-10;1;0
25;2025-11-10;2;0
25;2025-11-10;3;0
25;2025-11-10;4;0
25;2025-11-10;5;6
25;2025-11-10;6;154
25;2025-11-10;7;522
25;2025-11-10;8;892
25;2025-11-10;9;472
25;2025-11-10;10;356
25;2025-11-10;11;394
25;2025-11-10;12;390
25;2025-11-10;13;508
25;2025-11-10;14;431
25;2025-11-10;15;534
25;2025-11-10;16;688
25;2025-11-10;17;739
25;2025-11-10;18;774
25;2025-11-10;19;511
25;2025-11-10;20;303
25;2025-11-10;21;188
25;2025-11-10;22;84
25;2025-11-10;23;5
25;2025-11-11;0;0
25;2025-11-11;1;0
25;2025-11-11;2;0
25;2025-11-11;3;0
25;2025-11-11;4;0
25;2025-11-11;5;8
25;2025-11-11;6;152
25;2025-11-11;7;520
25;2025-11-11;8;907
25;2025-11-11;9;484
25;2025-11-11;10;378
25;2025-11-11;11;433
25;2025-11-11;12;414
25;2025-11-11;13;522
25;2025-11-11;14;485
25;2025-11-11;15;574
25;2025-11-11;16;706
25;2025-11-11;17;751
25;2025-11-11;18;793
25;2025-11-11;19;543
25;2025-11-11;20;320
25;2025-11-11;21;207
25;2025-11-11;22;105
25;2025-11-11;23;6
25;2025-11-12;0;0
25;2025-11-12;1;0
25;2025-11-12;2;0
25;2025-11-12;3;0
25;2025-11-12;4;0
25;2025-11-12;5;7
25;2025-11-12;6;153
25;2025-11-12;7;518
25;2025-11-12;8;904
25;2025-11-12;9;477
25;2025-11-12;10;375
25;2025-11-12;11;430
25;2025-11-12;12;413
25;2025-11-12;13;523
25;2025-11-12;14;475
25;2025-11-12;15;567
25;2025-11-12;16;700
25;2025-11-12;17;751
25;2025-11-12;18;794
25;2025-11-12;19;538
25;2025-11-12;20;320
25;2025-11-12;21;212
25;2025-11-12;22;105
25;2025-11-12;23;6
25;2025-11-13;0;1
25;2025-11-13;1;0
25;2025-11-13;2;0
25;2025-11-13;3;0
25;2025-11-13;4;0
25;2025-11-13;5;7
25;2025-11-13;6;153
25;2025-11-13;7;519
25;2025-11-13;8;908
25;2025-11-13;9;483
25;2025-11-13;10;380
25;2025-11-13;11;429
25;2025-11-13;12;414
25;2025-11-13;13;523
25;2025-11-13;14;484
25;2025-11-13;15;575
25;2025-11-13;16;707
25;2025-11-13;17;751
25;2025-11-13;18;792
25;2025-11-13;19;548
25;2025-11-13;20;320
25;2025-11-13;21;212
25;2025-11-13;22;109
25;2025-11-13;23;8
25;2025-11-14;0;1
25;2025-11-14;1;0
25;2025-11-14;2;0
25;2025-11-14;3;0
25;2025-11-14;4;0
25;2025-11-14;5;8
25;2025-11-14;6;154
25;2025-11-14;7;518
25;2025-11-14;8;874
25;2025-11-14;9;475
25;2025-11-14;10;374
25;2025-11-14;11;433
25;2025-11-14;12;414
25;2025-11-14;13;524
25;2025-11-14;14;499
25;2025-11-14;15;596
25;2025-11-14;16;736
25;2025-11-14;17;754
25;2025-11-14;18;686
25;2025-11-14;19;527
25;2025-11-14;20;314
25;2025-11-14;21;213
25;2025-11-14;22;114
25;2025-11-14;23;10
25;2025-11-15;0;2
25;2025-11-15;1;0
25;2025-11-15;2;0
25;2025-11-15;3;0
25;2025-11-15;4;0
25;2025-11-15;5;4
25;2025-11-15;6;68
25;2025-11-15;7;131
25;2025-11-15;8;298
25;2025-11-15;9;270
25;2025-11-15;10;269
25;2025-11-15;11;385
25;2025-11-15;12;405
25;2025-11-15;13;555
25;2025-11-15;14;571
25;2025-11-15;15;669
25;2025-11-15;16;581
25;2025-11-15;17;501
25;2025-11-15;18;479
25;2025-11-15;19;444
25;2025-11-15;20;264
25;2025-11-15;21;217
25;2025-11-15;22;131
25;2025-11-15;23;53
25;2025-11-16;0;16
25;2025-11-16;1;0
25;2025-11-16;2;0
25;2025-11-16;3;0
25;2025-11-16;4;0
25;2025-11-16;5;5
25;2025-11-16;6;48
25;2025-11-16;7;94
25;2025-11-16;8;184
25;2025-11-16;9;207
25;2025-11-16;10;211
25;2025-11-16;11;323
25;2025-11-16;12;375
25;2025-11-16;13;510
25;2025-11-16;14;521
25;2025-11-16;15;601
25;2025-11-16;16;492
25;2025-11-16;17;437
25;2025-11-16;18;416
25;2025-11-16;19;339
25;2025-11-16;20;227
25;2025-11-16;21;186
25;2025-11-16;22;101
25;2025-11-16;23;40
25;2025-11-17;0;8
25;2025-11-17;1;0
25;2025-11-17;2;0
25;2025-11-17;3;0
25;2025-11-17;4;0
25;2025-11-17;5;6
25;2025-11-17;6;154
25;2025-11-17;7;522
25;2025-11-17;8;892
25;2025-11-17;9;472
25;2025-11-17;10;356
25;2025-11-17;11;394
25;2025-11-17;12;390
25;2025-11-17;13;508
25;2025-11-17;14;431
25;2025-11-17;15;534
25;2025-11-17;16;688
25;2025-11-17;17;739
25;2025-11-17;18;774
25;2025-11-17;19;511
25;2025-11-17;20;303
25;2025-11-17;21;188
25;2025-11-17;22;84
25;2025-11-17;23;5
25;2025-11-18;0;0
25;2025-11-18;1;0
25;2025-11-18;2;0
25;2025-11-18;3;0
25;2025-11-18;4;0
25;2025-11-18;5;8
25;2025-11-18;6;152
25;2025-11-18;7;520
25;2025-11-18;8;907
25;2025-11-18;9;484
25;2025-11-18;10;378
25;2025-11-18;11;433
25;2025-11-18;12;414
25;2025-11-18;13;522
25;2025-11-18;14;485
25;2025-11-18;15;574
25;2025-11-18;16;706
25;2025-11-18;17;751
25;2025-11-18;18;793
25;2025-11-18;19;543
25;2025-11-18;20;320
25;2025-11-18;21;207
25;2025-11-18;22;105
25;2025-11-18;23;6
25;2025-11-19;0;0
25;2025-11-19;1;0
25;2025-11-19;2;0
25;2025-11-19;3;0
25;2025-11-19;4;0
25;2025-11-19;5;7
25;2025-11-19;6;153
25;2025-11-19;7;518
25;2025-11-19;8;904
25;2025-11-19;9;477
25;2025-11-19;10;375
25;2025-11-19;11;430
25;2025-11-19;12;413
25;2025-11-19;13;523
25;2025-11-19;14;475
25;2025-11-19;15;567
25;2025-11-19;16;700
25;2025-11-19;17;751
25;2025-11-19;18;794
25;2025-11-19;19;538
25;2025-11-19;20;320
25;2025-11-19;21;212
25;2025-11-19;22;105
25;2025-11-19;23;6
25;2025-11-20;0;1
25;2025-11-20;1;0
25;2025-11-20;2;0
25;2025-11-20;3;0
25;2025-11-20;4;0
25;2025-11-20;5;7
25;2025-11-20;6;153
25;2025-11-20;7;519
25;2025-11-20;8;908
25;2025-11-20;9;483
25;2025-11-20;10;380
25;2025-11-20;11;429
25;2025-11-20;12;414
25;2025-11-20;13;523
25;2025-11-20;14;484
25;2025-11-20;15;575
25;2025-11-20;16;707
25;2025-11-20;17;751
25;2025-11-20;18;792
25;2025-11-20;19;548
25;2025-11-20;20;320
25;2025-11-20;21;212
25;2025-11-20;22;109
25;2025-11-20;23;8
25;2025-11-21;0;1
25;2025-11-21;1;0
25;2025-11-21;2;0
25;2025-11-21;3;0
25;2025-11-21;4;0
25;2025-11-21;5;8
25;2025-11-21;6;154
25;2025-11-21;7;518
25;2025-11-21;8;874
25;2025-11-21;9;475
25;2025-11-21;10;374
25;2025-11-21;11;433
25;2025-11-21;12;414
25;2025-11-21;13;524
25;2025-11-21;14;499
25;2025-11-21;15;596
25;2025-11-21;16;736
25;2025-11-21;17;754
25;2025-11-21;18;686
25;2025-11-21;19;527
25;2025-11-21;20;314
25;2025-11-21;21;213
25;2025-11-21;22;114
25;2025-11-21;23;10
25;2025-11-22;0;2
25;2025-11-22;1;0
25;2025-11-22;2;0
25;2025-11-22;3;0
25;2025-11-22;4;0
25;2025-11-22;5;4
25;2025-11-22;6;68
25;2025-11-22;7;131
25;2025-11-22;8;298
25;2025-11-22;9;270
25;2025-11-22;10;269
25;2025-11-22;11;385
25;2025-11-22;12;405
25;2025-11-22;13;555
25;2025-11-22;14;571
25;2025-11-22;15;669
25;2025-11-22;16;581
25;2025-11-22;17;501
25;2025-11-22;18;479
25;2025-11-22;19;444
25;2025-11-22;20;264
25;2025-11-22;21;217
25;2025-11-22;22;131
25;2025-11-22;23;53
25;2025-11-23;0;16
25;2025-11-23;1;0
25;2025-11-23;2;0
25;2025-11-23;3;0
25;2025-11-23;4;0
25;2025-11-23;5;5
25;2025-11-23;6;48
25;2025-11-23;7;94
25;2025-11-23;8;184
25;2025-11-23;9;207
25;2025-11-23;10;211
25;2025-11-23;11;323
25;2025-11-23;12;375
25;2025-11-23;13;510
25;2025-11-23;14;521
25;2025-11-23;15;601
25;2025-11-23;16;492
25;2025-11-23;17;437
25;2025-11-23;18;416
25;2025-11-23;19;339
25;2025-11-23;20;227
25;2025-11-23;21;186
25;2025-11-23;22;101
25;2025-11-23;23;40
25;2025-11-24;0;8
25;2025-11-24;1;0
25;2025-11-24;2;0
25;2025-11-24;3;0
25;2025-11-24;4;0
25;2025-11-24;5;6
25;2025-11-24;6;154
25;2025-11-24;7;522
25;2025-11-24;8;892
25;2025-11-24;9;472
25;2025-11-24;10;356
25;2025-11-24;11;394
25;2025-11-24;12;390
25;2025-11-24;13;508
25;2025-11-24;14;431
25;2025-11-24;15;534
25;2025-11-24;16;688
25;2025-11-24;17;739
25;2025-11-24;18;774
25;2025-11-24;19;511
25;2025-11-24;20;303
25;2025-11-24;21;188
25;2025-11-24;22;84
25;2025-11-24;23;5
25;2025-11-25;0;0
25;2025-11-25;1;0
25;2025-11-25;2;0
25;2025-11-25;3;0
25;2025-11-25;4;0
25;2025-11-25;5;8
25;2025-11-25;6;152
25;2025-11-25;7;520
25;2025-11-25;8;907
25;2025-11-25;9;484
25;2025-11-25;10;378
25;2025-11-25;11;433
25;2025-11-25;12;414
25;2025-11-25;13;522
25;2025-11-25;14;485
25;2025-11-25;15;574
25;2025-11-25;16;706
25;2025-11-25;17;751
25;2025-11-25;18;793
25;2025-11-25;19;543
25;2025-11-25;20;320
25;2025-11-25;21;207
25;2025-11-25;22;105
25;2025-11-25;23;6
25;2025-11-26;0;0
25;2025-11-26;1;0
25;2025-11-26;2;0
25;2025-11-26;3;0
25;2025-11-26;4;0
25;2025-11-26;5;7
25;2025-11-26;6;153
25;2025-11-26;7;518
25;2025-11-26;8;904
25;2025-11-26;9;477
25;2025-11-26;10;375
25;2025-11-26;11;430
25;2025-11-26;12;413
25;2025-11-26;13;523
25;2025-11-26;14;475
25;2025-11-26;15;567
25;2025-11-26;16;700
25;2025-11-26;17;751
25;2025-11-26;18;794
25;2025-11-26;19;538
25;2025-11-26;20;320
25;2025-11-26;21;212
25;2025-11-26;22;105
25;2025-11-26;23;6
25;2025-11-27;0;1
25;2025-11-27;1;0
25;2025-11-27;2;0
25;2025-11-27;3;0
25;2025-11-27;4;0
25;2025-11-27;5;7
25;2025-11-27;6;153
25;2025-11-27;7;519
25;2025-11-27;8;908
25;2025-11-27;9;483
25;2025-11-27;10;380
25;2025-11-27;11;429
25;2025-11-27;12;414
25;2025-11-27;13;523
25;2025-11-27;14;484
25;2025-11-27;15;575
25;2025-11-27;16;707
25;2025-11-27;17;751
25;2025-11-27;18;792
25;2025-11-27;19;548
25;2025-11-27;20;320
25;2025-11-27;21;212
25;2025-11-27;22;109
25;2025-11-27;23;8
25;2025-11-28;0;1
25;2025-11-28;1;0
25;2025-11-28;2;0
25;2025-11-28;3;0
25;2025-11-28;4;0
25;2025-11-28;5;8
25;2025-11-28;6;154
25;2025-11-28;7;518
25;2025-11-28;8;874
25;2025-11-28;9;475
25;2025-11-28;10;374
25;2025-11-28;11;433
25;2025-11-28;12;414
25;2025-11-28;13;524
25;2025-11-28;14;499
25;2025-11-28;15;596
25;2025-11-28;16;736
25;2025-11-28;17;754
25;2025-11-28;18;686
25;2025-11-28;19;527
25;2025-11-28;20;314
25;2025-11-28;21;213
25;2025-11-28;22;114
25;2025-11-28;23;10
25;2025-11-29;0;2
25;2025-11-29;1;0
25;2025-11-29;2;0
25;2025-11-29;3;0
25;2025-11-29;4;0
25;2025-11-29;5;4
25;2025-11-29;6;68
25;2025-11-29;7;131
25;2025-11-29;8;298
25;2025-11-29;9;270
25;2025-11-29;10;269
25;2025-11-29;11;385
25;2025-11-29;12;405
25;2025-11-29;13;555
25;2025-11-29;14;571
25;2025-11-29;15;669
25;2025-11-29;16;581
25;2025-11-29;17;501
25;2025-11-29;18;479
25;2025-11-29;19;444
25;2025-11-29;20;264
25;2025-11-29;21;217
25;2025-11-29;22;131
25;2025-11-29;23;53
25;2025-11-30;0;16
25;2025-11-30;1;0
25;2025-11-30;2;0
25;2025-11-30;3;0
25;2025-11-30;4;0
25;2025-11-30;5;5
25;2025-11-30;6;48
25;2025-11-30;7;94
25;2025-11-30;8;184
25;2025-11-30;9;207
25;2025-11-30;10;211
25;2025-11-30;11;323
25;2025-11-30;12;375
25;2025-11-30;13;510
25;2025-11-30;14;521
25;2025-11-30;15;601
25;2025-11-30;16;492
25;2025-11-30;17;437
25;2025-11-30;18;416
25;2025-11-30;19;339
25;2025-11-30;20;227
25;2025-11-30;21;186
25;2025-11-30;22;101
25;2025-11-30;23;40
25;2025-12-01;0;9
25;2025-12-01;1;0
25;2025-12-01;2;0
25;2025-12-01;3;0
25;2025-12-01;4;0
25;2025-12-01;5;1
25;2025-12-01;6;145
25;2025-12-01;7;485
25;2025-12-01;8;837
25;2025-12-01;9;421
25;2025-12-01;10;311
25;2025-12-01;11;353
25;2025-12-01;12;349
25;2025-12-01;13;428
25;2025-12-01;14;356
25;2025-12-01;15;471
25;2025-12-01;16;633
25;2025-12-01;17;689
25;2025-12-01;18;731
25;2025-12-01;19;453
25;2025-12-01;20;272
25;2025-12-01;21;166
25;2025-12-01;22;98
25;2025-12-01;23;3
25;2025-12-02;0;0
25;2025-12-02;1;0
25;2025-12-02;2;0
25;2025-12-02;3;0
25;2025-12-02;4;0
25;2025-12-02;5;3
25;2025-12-02;6;143
25;2025-12-02;7;482
25;2025-12-02;8;851
25;2025-12-02;9;433
25;2025-12-02;10;333
25;2025-12-02;11;391
25;2025-12-02;12;372
25;2025-12-02;13;442
25;2025-12-02;14;409
25;2025-12-02;15;510
25;2025-12-02;16;650
25;2025-12-02;17;701
25;2025-12-02;18;742
25;2025-12-02;19;484
25;2025-12-02;20;289
25;2025-12-02;21;183
25;2025-12-02;22;117
25;2025-12-02;23;4
25;2025-12-03;0;0
25;2025-12-03;1;0
25;2025-12-03;2;0
25;2025-12-03;3;0
25;2025-12-03;4;0
25;2025-12-03;5;1
25;2025-12-03;6;144
25;2025-12-03;7;480
25;2025-12-03;8;849
25;2025-12-03;9;426
25;2025-12-03;10;330
25;2025-12-03;11;387
25;2025-12-03;12;371
25;2025-12-03;13;443
25;2025-12-03;14;399
25;2025-12-03;15;504
25;2025-12-03;16;644
25;2025-12-03;17;700
25;2025-12-03;18;744
25;2025-12-03;19;479
25;2025-12-03;20;289
25;2025-12-03;21;189
25;2025-12-03;22;118
25;2025-12-03;23;4
25;2025-12-04;0;0
25;2025-12-04;1;0
25;2025-12-04;2;0
25;2025-12-04;3;0
25;2025-12-04;4;0
25;2025-12-04;5;2
25;2025-12-04;6;144
25;2025-12-04;7;483
25;2025-12-04;8;852
25;2025-12-04;9;432
25;2025-12-04;10;335
25;2025-12-04;11;387
25;2025-12-04;12;372
25;2025-12-04;13;443
25;2025-12-04;14;408
25;2025-12-04;15;511
25;2025-12-04;16;651
25;2025-12-04;17;700
25;2025-12-04;18;742
25;2025-12-04;19;489
25;2025-12-04;20;289
25;2025-12-04;21;189
25;2025-12-04;22;121
25;2025-12-04;23;6
25;2025-12-05;0;1
25;2025-12-05;1;0
25;2025-12-05;2;0
25;2025-12-05;3;0
25;2025-12-05;4;0
25;2025-12-05;5;2
25;2025-12-05;6;145
25;2025-12-05;7;482
25;2025-12-05;8;819
25;2025-12-05;9;424
25;2025-12-05;10;329
25;2025-12-05;11;391
25;2025-12-05;12;372
25;2025-12-05;13;444
25;2025-12-05;14;423
25;2025-12-05;15;532
25;2025-12-05;16;680
25;2025-12-05;17;703
25;2025-12-05;18;642
25;2025-12-05;19;468
25;2025-12-05;20;283
25;2025-12-05;21;189
25;2025-12-05;22;126
25;2025-12-05;23;8
25;2025-12-06;0;0
25;2025-12-06;1;0
25;2025-12-06;2;0
25;2025-12-06;3;0
25;2025-12-06;4;0
25;2025-12-06;5;1
25;2025-12-06;6;56
25;2025-12-06;7;121
25;2025-12-06;8;273
25;2025-12-06;9;246
25;2025-12-06;10;244
25;2025-12-06;11;343
25;2025-12-06;12;363
25;2025-12-06;13;461
25;2025-12-06;14;466
25;2025-12-06;15;609
25;2025-12-06;16;536
25;2025-12-06;17;459
25;2025-12-06;18;461
25;2025-12-06;19;382
25;2025-12-06;20;242
25;2025-12-06;21;192
25;2025-12-06;22;139
25;2025-12-06;23;50
25;2025-12-07;0;13
25;2025-12-07;1;0
25;2025-12-07;2;0
25;2025-12-07;3;0
25;2025-12-07;4;0
25;2025-12-07;5;1
25;2025-12-07;6;41
25;2025-12-07;7;89
25;2025-12-07;8;172
25;2025-12-07;9;189
25;2025-12-07;10;191
25;2025-12-07;11;291
25;2025-12-07;12;340
25;2025-12-07;13;430
25;2025-12-07;14;427
25;2025-12-07;15;552
25;2025-12-07;16;456
25;2025-12-07;17;404
25;2025-12-07;18;414
25;2025-12-07;19;293
25;2025-12-07;20;205
25;2025-12-07;21;167
25;2025-12-07;22;108
25;2025-12-07;23;36
25;2025-12-08;0;9
25;2025-12-08;1;0
25;2025-12-08;2;0
25;2025-12-08;3;0
25;2025-12-08;4;0
25;2025-12-08;5;1
25;2025-12-08;6;145
25;2025-12-08;7;485
25;2025-12-08;8;837
25;2025-12-08;9;421
25;2025-12-08;10;311
25;2025-12-08;11;353
25;2025-12-08;12;349
25;2025-12-08;13;428
25;2025-12-08;14;356
25;2025-12-08;15;471
25;2025-12-08;16;633
25;2025-12-08;17;689
25;2025-12-08;18;731
25;2025-12-08;19;453
25;2025-12-08;20;272
25;2025-12-08;21;166
25;2025-12-08;22;98
25;2025-12-08;23;3
25;2025-12-09;0;0
25;2025-12-09;1;0
25;2025-12-09;2;0
25;2025-12-09;3;0
25;2025-12-09;4;0
25;2025-12-09;5;3
25;2025-12-09;6;143
25;2025-12-09;7;482
25;2025-12-09;8;851
25;2025-12-09;9;433
25;2025-12-09;10;333
25;2025-12-09;11;391
25;2025-12-09;12;372
25;2025-12-09;13;442
25;2025-12-09;14;409
25;2025-12-09;15;510
25;2025-12-09;16;650
25;2025-12-09;17;701
25;2025-12-09;18;742
25;2025-12-09;19;484
25;2025-12-09;20;289
25;2025-12-09;21;183
25;2025-12-09;22;117
25;2025-12-09;23;4
25;2025-12-10;0;0
25;2025-12-10;1;0
25;2025-12-10;2;0
25;2025-12-10;3;0
25;2025-12-10;4;0
25;2025-12-10;5;1
25;2025-12-10;6;144
25;2025-12-10;7;480
25;2025-12-10;8;849
25;2025-12-10;9;426
25;2025-12-10;10;330
25;2025-12-10;11;387
25;2025-12-10;12;371
25;2025-12-10;13;443
25;2025-12-10;14;399
25;2025-12-10;15;504
25;2025-12-10;16;644
25;2025-12-10;17;700
25;2025-12-10;18;744
25;2025-12-10;19;479
25;2025-12-10;20;289
25;2025-12-10;21;189
25;2025-12-10;22;118
25;2025-12-10;23;4
25;2025-12-11;0;0
25;2025-12-11;1;0
25;2025-12-11;2;0
25;2025-12-11;3;0
25;2025-12-11;4;0
25;2025-12-11;5;2
25;2025-12-11;6;144
25;2025-12-11;7;483
25;2025-12-11;8;852
25;2025-12-11;9;432
25;2025-12-11;10;335
25;2025-12-11;11;387
25;2025-12-11;12;372
25;2025-12-11;13;443
25;2025-12-11;14;408
25;2025-12-11;15;511
25;2025-12-11;16;651
25;2025-12-11;17;700
25;2025-12-11;18;742
25;2025-12-11;19;489
25;2025-12-11;20;289
25;2025-12-11;21;189
25;2025-12-11;22;121
25;2025-12-11;23;6
25;2025-12-12;0;1
25;2025-12-12;1;0
25;2025-12-12;2;0
25;2025-12-12;3;0
25;2025-12-12;4;0
25;2025-12-12;5;2
25;2025-12-12;6;145
25;2025-12-12;7;482
25;2025-12-12;8;819
25;2025-12-12;9;424
25;2025-12-12;10;329
25;2025-12-12;11;391
25;2025-12-12;12;372
25;2025-12-12;13;444
25;2025-12-12;14;423
25;2025-12-12;15;532
25;2025-12-12;16;680
25;2025-12-12;17;703
25;2025-12-12;18;642
25;2025-12-12;19;468
25;2025-12-12;20;283
25;2025-12-12;21;189
25;2025-12-12;22;126
25;2025-12-12;23;8
25;2025-12-13;0;0
25;2025-12-13;1;0
25;2025-12-13;2;0
25;2025-12-13;3;0
25;2025-12-13;4;0
25;2025-12-13;5;1
25;2025-12-13;6;56
25;2025-12-13;7;121
25;2025-12-13;8;273
25;2025-12-13;9;246
25;2025-12-13;10;244
25;2025-12-13;11;343
25;2025-12-13;12;363
25;2025-12-13;13;461
25;2025-12-13;14;466
25;2025-12-13;15;609
25;2025-12-13;16;536
25;2025-12-13;17;459
25;2025-12-13;18;461
25;2025-12-13;19;382
25;2025-12-13;20;242
25;2025-12-13;21;192
25;2025-12-13;22;139
25;2025-12-13;23;50
25;2025-12-14;0;13
25;2025-12-14;1;0
25;2025-12-14;2;0
25;2025-12-14;3;0
25;2025-12-14;4;0
25;2025-12-14;5;1
25;2025-12-14;6;41
25;2025-12-14;7;89
25;2025-12-14;8;172
25;2025-12-14;9;189
25;2025-12-14;10;191
25;2025-12-14;11;291
25;2025-12-14;12;340
25;2025-12-14;13;430
25;2025-12-14;14;427
25;2025-12-14;15;552
25;2025-12-14;16;456
25;2025-12-14;17;404
25;2025-12-14;18;414
25;2025-12-14;19;293
25;2025-12-14;20;205
25;2025-12-14;21;167
25;2025-12-14;22;108
25;2025-12-14;23;36
25;2025-12-15;0;9
25;2025-12-15;1;0
25;2025-12-15;2;0
25;2025-12-15;3;0
25;2025-12-15;4;0
25;2025-12-15;5;1
25;2025-12-15;6;145
25;2025-12-15;7;485
25;2025-12-15;8;837
25;2025-12-15;9;421
25;2025-12-15;10;311
25;2025-12-15;11;353
25;2025-12-15;12;349
25;2025-12-15;13;428
25;2025-12-15;14;356
25;2025-12-15;15;471
25;2025-12-15;16;633
25;2025-12-15;17;689
25;2025-12-15;18;731
25;2025-12-15;19;453
25;2025-12-15;20;272
25;2025-12-15;21;166
25;2025-12-15;22;98
25;2025-12-15;23;3
25;2025-12-16;0;0
25;2025-12-16;1;0
25;2025-12-16;2;0
25;2025-12-16;3;0
25;2025-12-16;4;0
25;2025-12-16;5;3
25;2025-12-16;6;143
25;2025-12-16;7;482
25;2025-12-16;8;851
25;2025-12-16;9;433
25;2025-12-16;10;333
25;2025-12-16;11;391
25;2025-12-16;12;372
25;2025-12-16;13;442
25;2025-12-16;14;409
25;2025-12-16;15;510
25;2025-12-16;16;650
25;2025-12-16;17;701
25;2025-12-16;18;742
25;2025-12-16;19;484
25;2025-12-16;20;289
25;2025-12-16;21;183
25;2025-12-16;22;117
25;2025-12-16;23;4
25;2025-12-17;0;0
25;2025-12-17;1;0
25;2025-12-17;2;0
25;2025-12-17;3;0
25;2025-12-17;4;0
25;2025-12-17;5;1
25;2025-12-17;6;144
25;2025-12-17;7;480
25;2025-12-17;8;849
25;2025-12-17;9;426
25;2025-12-17;10;330
25;2025-12-17;11;387
25;2025-12-17;12;371
25;2025-12-17;13;443
25;2025-12-17;14;399
25;2025-12-17;15;504
25;2025-12-17;16;644
25;2025-12-17;17;700
25;2025-12-17;18;744
25;2025-12-17;19;479
25;2025-12-17;20;289
25;2025-12-17;21;189
25;2025-12-17;22;118
25;2025-12-17;23;4
25;2025-12-18;0;0
25;2025-12-18;1;0
25;2025-12-18;2;0
25;2025-12-18;3;0
25;2025-12-18;4;0
25;2025-12-18;5;2
25;2025-12-18;6;144
25;2025-12-18;7;483
25;2025-12-18;8;852
25;2025-12-18;9;432
25;2025-12-18;10;335
25;2025-12-18;11;387
25;2025-12-18;12;372
25;2025-12-18;13;443
25;2025-12-18;14;408
25;2025-12-18;15;511
25;2025-12-18;16;651
25;2025-12-18;17;700
25;2025-12-18;18;742
25;2025-12-18;19;489
25;2025-12-18;20;289
25;2025-12-18;21;189
25;2025-12-18;22;121
25;2025-12-18;23;6
25;2025-12-19;0;1
25;2025-12-19;1;0
25;2025-12-19;2;0
25;2025-12-19;3;0
25;2025-12-19;4;0
25;2025-12-19;5;2
25;2025-12-19;6;145
25;2025-12-19;7;482
25;2025-12-19;8;819
25;2025-12-19;9;424
25;2025-12-19;10;329
25;2025-12-19;11;391
25;2025-12-19;12;372
25;2025-12-19;13;444
25;2025-12-19;14;423
25;2025-12-19;15;532
25;2025-12-19;16;680
25;2025-12-19;17;703
25;2025-12-19;18;642
25;2025-12-19;19;468
25;2025-12-19;20;283
25;2025-12-19;21;189
25;2025-12-19;22;126
25;2025-12-19;23;8
25;2025-12-20;0;0
25;2025-12-20;1;0
25;2025-12-20;2;0
25;2025-12-20;3;0
25;2025-12-20;4;0
25;2025-12-20;5;1
25;2025-12-20;6;56
25;2025-12-20;7;121
25;2025-12-20;8;273
25;2025-12-20;9;246
25;2025-12-20;10;244
25;2025-12-20;11;343
25;2025-12-20;12;363
25;2025-12-20;13;461
25;2025-12-20;14;466
25;2025-12-20;15;609
25;2025-12-20;16;536
25;2025-12-20;17;459
25;2025-12-20;18;461
25;2025-12-20;19;382
25;2025-12-20;20;242
25;2025-12-20;21;192
25;2025-12-20;22;139
25;2025-12-20;23;50
25;2025-12-21;0;13
25;2025-12-21;1;0
25;2025-12-21;2;0
25;2025-12-21;3;0
25;2025-12-21;4;0
25;2025-12-21;5;1
25;2025-12-21;6;41
25;2025-12-21;7;89
25;2025-12-21;8;172
25;2025-12-21;9;189
25;2025-12-21;10;191
25;2025-12-21;11;291
25;2025-12-21;12;340
25;2025-12-21;13;430
25;2025-12-21;14;427
25;2025-12-21;15;552
25;2025-12-21;16;456
25;2025-12-21;17;404
25;2025-12-21;18;414
25;2025-12-21;19;293
25;2025-12-21;20;205
25;2025-12-21;21;167
25;2025-12-21;22;108
25;2025-12-21;23;36
25;2025-12-22;0;9
25;2025-12-22;1;0
25;2025-12-22;2;0
25;2025-12-22;3;0
25;2025-12-22;4;0
25;2025-12-22;5;1
25;2025-12-22;6;145
25;2025-12-22;7;485
25;2025-12-22;8;837
25;2025-12-22;9;421
25;2025-12-22;10;311
25;2025-12-22;11;353
25;2025-12-22;12;349
25;2025-12-22;13;428
25;2025-12-22;14;356
25;2025-12-22;15;471
25;2025-12-22;16;633
25;2025-12-22;17;689
25;2025-12-22;18;731
25;2025-12-22;19;453
25;2025-12-22;20;272
25;2025-12-22;21;166
25;2025-12-22;22;98
25;2025-12-22;23;3
25;2025-12-23;0;0
25;2025-12-23;1;0
25;2025-12-23;2;0
25;2025-12-23;3;0
25;2025-12-23;4;0
25;2025-12-23;5;3
25;2025-12-23;6;143
25;2025-12-23;7;482
25;2025-12-23;8;851
25;2025-12-23;9;433
25;2025-12-23;10;333
25;2025-12-23;11;391
25;2025-12-23;12;372
25;2025-12-23;13;442
25;2025-12-23;14;409
25;2025-12-23;15;510
25;2025-12-23;16;650
25;2025-12-23;17;701
25;2025-12-23;18;742
25;2025-12-23;19;484
25;2025-12-23;20;289
25;2025-12-23;21;183
25;2025-12-23;22;117
25;2025-12-23;23;4
25;2025-12-24;0;0
25;2025-12-24;1;0
25;2025-12-24;2;0
25;2025-12-24;3;0
25;2025-12-24;4;0
25;2025-12-24;5;1
25;2025-12-24;6;144
25;2025-12-24;7;480
25;2025-12-24;8;849
25;2025-12-24;9;426
25;2025-12-24;10;330
25;2025-12-24;11;387
25;2025-12-24;12;371
25;2025-12-24;13;443
25;2025-12-24;14;399
25;2025-12-24;15;504
25;2025-12-24;16;644
25;2025-12-24;17;700
25;2025-12-24;18;744
25;2025-12-24;19;479
25;2025-12-24;20;289
25;2025-12-24;21;189
25;2025-12-24;22;118
25;2025-12-24;23;4
25;2025-12-25;0;0
25;2025-12-25;1;0
25;2025-12-25;2;0
25;2025-12-25;3;0
25;2025-12-25;4;0
25;2025-12-25;5;2
25;2025-12-25;6;144
25;2025-12-25;7;483
25;2025-12-25;8;852
25;2025-12-25;9;432
25;2025-12-25;10;335
25;2025-12-25;11;387
25;2025-12-25;12;372
25;2025-12-25;13;443
25;2025-12-25;14;408
25;2025-12-25;15;511
25;2025-12-25;16;651
25;2025-12-25;17;700
25;2025-12-25;18;742
25;2025-12-25;19;489
25;2025-12-25;20;289
25;2025-12-25;21;189
25;2025-12-25;22;121
25;2025-12-25;23;6
25;2025-12-26;0;1
25;2025-12-26;1;0
25;2025-12-26;2;0
25;2025-12-26;3;0
25;2025-12-26;4;0
25;2025-12-26;5;2
25;2025-12-26;6;145
25;2025-12-26;7;482
25;2025-12-26;8;819
25;2025-12-26;9;424
25;2025-12-26;10;329
25;2025-12-26;11;391
25;2025-12-26;12;372
25;2025-12-26;13;444
25;2025-12-26;14;423
25;2025-12-26;15;532
25;2025-12-26;16;680
25;2025-12-26;17;703
25;2025-12-26;18;642
25;2025-12-26;19;468
25;2025-12-26;20;283
25;2025-12-26;21;189
25;2025-12-26;22;126
25;2025-12-26;23;8
25;2025-12-27;0;0
25;2025-12-27;1;0
25;2025-12-27;2;0
25;2025-12-27;3;0
25;2025-12-27;4;0
25;2025-12-27;5;1
25;2025-12-27;6;56
25;2025-12-27;7;121
25;2025-12-27;8;273
25;2025-12-27;9;246
25;2025-12-27;10;244
25;2025-12-27;11;343
25;2025-12-27;12;363
25;2025-12-27;13;461
25;2025-12-27;14;466
25;2025-12-27;15;609
25;2025-12-27;16;536
25;2025-12-27;17;459
25;2025-12-27;18;461
25;2025-12-27;19;382
25;2025-12-27;20;242
25;2025-12-27;21;192
25;2025-12-27;22;139
25;2025-12-27;23;50
25;2025-12-28;0;13
25;2025-12-28;1;0
25;2025-12-28;2;0
25;2025-12-28;3;0
25;2025-12-28;4;0
25;2025-12-28;5;1
25;2025-12-28;6;41
25;2025-12-28;7;89
25;2025-12-28;8;172
25;2025-12-28;9;189
25;2025-12-28;10;191
25;2025-12-28;11;291
25;2025-12-28;12;340
25;2025-12-28;13;430
25;2025-12-28;14;427
25;2025-12-28;15;552
25;2025-12-28;16;456
25;2025-12-28;17;404
25;2025-12-28;18;414
25;2025-12-28;19;293
25;2025-12-28;20;205
25;2025-12-28;21;167
25;2025-12-28;22;108
25;2025-12-28;23;36
25;2025-12-29;0;9
25;2025-12-29;1;0
25;2025-12-29;2;0
25;2025-12-29;3;0
25;2025-12-29;4;0
25;2025-12-29;5;1
25;2025-12-29;6;145
25;2025-12-29;7;485
25;2025-12-29;8;837
25;2025-12-29;9;421
25;2025-12-29;10;311
25;2025-12-29;11;353
25;2025-12-29;12;349
25;2025-12-29;13;428
25;2025-12-29;14;356
25;2025-12-29;15;471
25;2025-12-29;16;633
25;2025-12-29;17;689
25;2025-12-29;18;731
25;2025-12-29;19;453
25;2025-12-29;20;272
25;2025-12-29;21;166
25;2025-12-29;22;98
25;2025-12-29;23;3
25;2025-12-30;0;0
25;2025-12-30;1;0
25;2025-12-30;2;0
25;2025-12-30;3;0
25;2025-12-30;4;0
25;2025-12-30;5;3
25;2025-12-30;6;143
25;2025-12-30;7;482
25;2025-12-30;8;851
25;2025-12-30;9;433
25;2025-12-30;10;333
25;2025-12-30;11;391
25;2025-12-30;12;372
25;2025-12-30;13;442
25;2025-12-30;14;409
25;2025-12-30;15;510
25;2025-12-30;16;650
25;2025-12-30;17;701
25;2025-12-30;18;742
25;2025-12-30;19;484
25;2025-12-30;20;289
25;2025-12-30;21;183
25;2025-12-30;22;117
25;2025-12-30;23;4
25;2025-12-31;0;0
25;2025-12-31;1;0
25;2025-12-31;2;0
25;2025-12-31;3;0
25;2025-12-31;4;0
25;2025-12-31;5;0
25;2025-12-31;6;7
25;2025-12-31;7;215
25;2025-12-31;8;396
25;2025-12-31;9;231
25;2025-12-31;10;198
25;2025-12-31;11;289
25;2025-12-31;12;307
25;2025-12-31;13;362
25;2025-12-31;14;338
25;2025-12-31;15;394
25;2025-12-31;16;392
25;2025-12-31;17;345
25;2025-12-31;18;402
25;2025-12-31;19;373
25;2025-12-31;20;233
25;2025-12-31;21;114
25;2025-12-31;22;77
25;2025-12-31;23;0
26;2025-11-01;0;64
26;2025-11-01;1;3
26;2025-11-01;2;0
26;2025-11-01;3;0
26;2025-11-01;4;5
26;2025-11-01;5;63
26;2025-11-01;6;271
26;2025-11-01;7;420
26;2025-11-01;8;1345
26;2025-11-01;9;1369
26;2025-11-01;10;1238
26;2025-11-01;11;1278
26;2025-11-01;12;1383
26;2025-11-01;13;1455
26;2025-11-01;14;1460
26;2025-11-01;15;1406
26;2025-11-01;16;1538
26;2025-11-01;17;1628
26;2025-11-01;18;1622
26;2025-11-01;19;1283
26;2025-11-01;20;761
26;2025-11-01;21;419
26;2025-11-01;22;261
26;2025-11-01;23;170
26;2025-11-02;0;49
26;2025-11-02;1;4
26;2025-11-02;2;0
26;2025-11-02;3;0
26;2025-11-02;4;2
26;2025-11-02;5;26
26;2025-11-02;6;154
26;2025-11-02;7;259
26;2025-11-02;8;396
26;2025-11-02;9;527
26;2025-11-02;10;611
26;2025-11-02;11;849
26;2025-11-02;12;874
26;2025-11-02;13;957
26;2025-11-02;14;914
26;2025-11-02;15;844
26;2025-11-02;16;802
26;2025-11-02;17;785
26;2025-11-02;18;715
26;2025-11-02;19;543
26;2025-11-02;20;417
26;2025-11-02;21;295
26;2025-11-02;22;193
26;2025-11-02;23;110
26;2025-11-03;0;13
26;2025-11-03;1;6
26;2025-11-03;2;0
26;2025-11-03;3;0
26;2025-11-03;4;0
26;2025-11-03;5;20
26;2025-11-03;6;227
26;2025-11-03;7;562
26;2025-11-03;8;938
26;2025-11-03;9;585
26;2025-11-03;10;677
26;2025-11-03;11;738
26;2025-11-03;12;737
26;2025-11-03;13;736
26;2025-11-03;14;835
26;2025-11-03;15;864
26;2025-11-03;16;814
26;2025-11-03;17;823
26;2025-11-03;18;905
26;2025-11-03;19;622
26;2025-11-03;20;472
26;2025-11-03;21;357
26;2025-11-03;22;169
26;2025-11-03;23;75
26;2025-11-04;0;37
26;2025-11-04;1;5
26;2025-11-04;2;0
26;2025-11-04;3;0
26;2025-11-04;4;0
26;2025-11-04;5;13
26;2025-11-04;6;243
26;2025-11-04;7;415
26;2025-11-04;8;505
26;2025-11-04;9;406
26;2025-11-04;10;492
26;2025-11-04;11;598
26;2025-11-04;12;649
26;2025-11-04;13;652
26;2025-11-04;14;678
26;2025-11-04;15;704
26;2025-11-04;16;699
26;2025-11-04;17;671
26;2025-11-04;18;722
26;2025-11-04;19;524
26;2025-11-04;20;399
26;2025-11-04;21;360
26;2025-11-04;22;171
26;2025-11-04;23;106
26;2025-11-05;0;34
26;2025-11-05;1;0
26;2025-11-05;2;0
26;2025-11-05;3;0
26;2025-11-05;4;2
26;2025-11-05;5;90
26;2025-11-05;6;502
26;2025-11-05;7;1064
26;2025-11-05;8;2216
26;2025-11-05;9;1484
26;2025-11-05;10;1262
26;2025-11-05;11;1150
26;2025-11-05;12;1172
26;2025-11-05;13;1182
26;2025-11-05;14;1309
26;2025-11-05;15;1359
26;2025-11-05;16;1522
26;2025-11-05;17;1717
26;2025-11-05;18;1846
26;2025-11-05;19;1281
26;2025-11-05;20;780
26;2025-11-05;21;490
26;2025-11-05;22;236
26;2025-11-05;23;134
26;2025-11-06;0;37
26;2025-11-06;1;1
26;2025-11-06;2;0
26;2025-11-06;3;0
26;2025-11-06;4;3
26;2025-11-06;5;91
26;2025-11-06;6;502
26;2025-11-06;7;1066
26;2025-11-06;8;2217
26;2025-11-06;9;1491
26;2025-11-06;10;1264
26;2025-11-06;11;1152
26;2025-11-06;12;1177
26;2025-11-06;13;1185
26;2025-11-06;14;1313
26;2025-11-06;15;1363
26;2025-11-06;16;1530
26;2025-11-06;17;1726
26;2025-11-06;18;1849
26;2025-11-06;19;1285
26;2025-11-06;20;781
26;2025-11-06;21;490
26;2025-11-06;22;239
26;2025-11-06;23;138
26;2025-11-07;0;38
26;2025-11-07;1;2
26;2025-11-07;2;0
26;2025-11-07;3;0
26;2025-11-07;4;2
26;2025-11-07;5;87
26;2025-11-07;6;499
26;2025-11-07;7;1054
26;2025-11-07;8;2130
26;2025-11-07;9;1436
26;2025-11-07;10;1229
26;2025-11-07;11;1122
26;2025-11-07;12;1160
26;2025-11-07;13;1183
26;2025-11-07;14;1296
26;2025-11-07;15;1376
26;2025-11-07;16;1562
26;2025-11-07;17;1710
26;2025-11-07;18;1601
26;2025-11-07;19;1199
26;2025-11-07;20;736
26;2025-11-07;21;481
26;2025-11-07;22;236
26;2025-11-07;23;152
26;2025-11-08;0;49
26;2025-11-08;1;1
26;2025-11-08;2;0
26;2025-11-08;3;0
26;2025-11-08;4;3
26;2025-11-08;5;51
26;2025-11-08;6;253
26;2025-11-08;7;378
26;2025-11-08;8;586
26;2025-11-08;9;676
26;2025-11-08;10;775
26;2025-11-08;11;987
26;2025-11-08;12;1007
26;2025-11-08;13;1034
26;2025-11-08;14;1060
26;2025-11-08;15;982
26;2025-11-08;16;952
26;2025-11-08;17;924
26;2025-11-08;18;869
26;2025-11-08;19;740
26;2025-11-08;20;535
26;2025-11-08;21;365
26;2025-11-08;22;229
26;2025-11-08;23;148
26;2025-11-09;0;49
26;2025-11-09;1;4
26;2025-11-09;2;0
26;2025-11-09;3;0
26;2025-11-09;4;2
26;2025-11-09;5;26
26;2025-11-09;6;154
26;2025-11-09;7;259
26;2025-11-09;8;396
26;2025-11-09;9;527
26;2025-11-09;10;611
26;2025-11-09;11;849
26;2025-11-09;12;874
26;2025-11-09;13;957
26;2025-11-09;14;914
26;2025-11-09;15;844
26;2025-11-09;16;802
26;2025-11-09;17;785
26;2025-11-09;18;715
26;2025-11-09;19;543
26;2025-11-09;20;417
26;2025-11-09;21;295
26;2025-11-09;22;193
26;2025-11-09;23;110
26;2025-11-10;0;29
26;2025-11-10;1;2
26;2025-11-10;2;0
26;2025-11-10;3;0
26;2025-11-10;4;2
26;2025-11-10;5;85
26;2025-11-10;6;488
26;2025-11-10;7;1062
26;2025-11-10;8;2181
26;2025-11-10;9;1449
26;2025-11-10;10;1228
26;2025-11-10;11;1108
26;2025-11-10;12;1130
26;2025-11-10;13;1161
26;2025-11-10;14;1253
26;2025-11-10;15;1345
26;2025-11-10;16;1506
26;2025-11-10;17;1700
26;2025-11-10;18;1801
26;2025-11-10;19;1231
26;2025-11-10;20;758
26;2025-11-10;21;455
26;2025-11-10;22;213
26;2025-11-10;23;111
26;2025-11-11;0;31
26;2025-11-11;1;0
26;2025-11-11;2;0
26;2025-11-11;3;0
26;2025-11-11;4;2
26;2025-11-11;5;89
26;2025-11-11;6;502
26;2025-11-11;7;1068
26;2025-11-11;8;2217
26;2025-11-11;9;1490
26;2025-11-11;10;1265
26;2025-11-11;11;1152
26;2025-11-11;12;1177
26;2025-11-11;13;1182
26;2025-11-11;14;1310
26;2025-11-11;15;1362
26;2025-11-11;16;1530
26;2025-11-11;17;1726
26;2025-11-11;18;1852
26;2025-11-11;19;1287
26;2025-11-11;20;779
26;2025-11-11;21;484
26;2025-11-11;22;236
26;2025-11-11;23;132
26;2025-11-12;0;34
26;2025-11-12;1;0
26;2025-11-12;2;0
26;2025-11-12;3;0
26;2025-11-12;4;2
26;2025-11-12;5;90
26;2025-11-12;6;502
26;2025-11-12;7;1064
26;2025-11-12;8;2216
26;2025-11-12;9;1484
26;2025-11-12;10;1262
26;2025-11-12;11;1150
26;2025-11-12;12;1172
26;2025-11-12;13;1182
26;2025-11-12;14;1309
26;2025-11-12;15;1359
26;2025-11-12;16;1522
26;2025-11-12;17;1717
26;2025-11-12;18;1846
26;2025-11-12;19;1281
26;2025-11-12;20;780
26;2025-11-12;21;490
26;2025-11-12;22;236
26;2025-11-12;23;134
26;2025-11-13;0;37
26;2025-11-13;1;1
26;2025-11-13;2;0
26;2025-11-13;3;0
26;2025-11-13;4;3
26;2025-11-13;5;91
26;2025-11-13;6;502
26;2025-11-13;7;1066
26;2025-11-13;8;2217
26;2025-11-13;9;1491
26;2025-11-13;10;1264
26;2025-11-13;11;1152
26;2025-11-13;12;1177
26;2025-11-13;13;1185
26;2025-11-13;14;1313
26;2025-11-13;15;1363
26;2025-11-13;16;1530
26;2025-11-13;17;1726
26;2025-11-13;18;1849
26;2025-11-13;19;1285
26;2025-11-13;20;781
26;2025-11-13;21;490
26;2025-11-13;22;239
26;2025-11-13;23;138
26;2025-11-14;0;38
26;2025-11-14;1;2
26;2025-11-14;2;0
26;2025-11-14;3;0
26;2025-11-14;4;2
26;2025-11-14;5;87
26;2025-11-14;6;499
26;2025-11-14;7;1054
26;2025-11-14;8;2130
26;2025-11-14;9;1436
26;2025-11-14;10;1229
26;2025-11-14;11;1122
26;2025-11-14;12;1160
26;2025-11-14;13;1183
26;2025-11-14;14;1296
26;2025-11-14;15;1376
26;2025-11-14;16;1562
26;2025-11-14;17;1710
26;2025-11-14;18;1601
26;2025-11-14;19;1199
26;2025-11-14;20;736
26;2025-11-14;21;481
26;2025-11-14;22;236
26;2025-11-14;23;152
26;2025-11-15;0;49
26;2025-11-15;1;1
26;2025-11-15;2;0
26;2025-11-15;3;0
26;2025-11-15;4;3
26;2025-11-15;5;51
26;2025-11-15;6;253
26;2025-11-15;7;378
26;2025-11-15;8;586
26;2025-11-15;9;676
26;2025-11-15;10;775
26;2025-11-15;11;987
26;2025-11-15;12;1007
26;2025-11-15;13;1034
26;2025-11-15;14;1060
26;2025-11-15;15;982
26;2025-11-15;16;952
26;2025-11-15;17;924
26;2025-11-15;18;869
26;2025-11-15;19;740
26;2025-11-15;20;535
26;2025-11-15;21;365
26;2025-11-15;22;229
26;2025-11-15;23;148
26;2025-11-16;0;49
26;2025-11-16;1;4
26;2025-11-16;2;0
26;2025-11-16;3;0
26;2025-11-16;4;2
26;2025-11-16;5;26
26;2025-11-16;6;154
26;2025-11-16;7;259
26;2025-11-16;8;396
26;2025-11-16;9;527
26;2025-11-16;10;611
26;2025-11-16;11;849
26;2025-11-16;12;874
26;2025-11-16;13;957
26;2025-11-16;14;914
26;2025-11-16;15;844
26;2025-11-16;16;802
26;2025-11-16;17;785
26;2025-11-16;18;715
26;2025-11-16;19;543
26;2025-11-16;20;417
26;2025-11-16;21;295
26;2025-11-16;22;193
26;2025-11-16;23;110
26;2025-11-17;0;29
26;2025-11-17;1;2
26;2025-11-17;2;0
26;2025-11-17;3;0
26;2025-11-17;4;2
26;2025-11-17;5;85
26;2025-11-17;6;488
26;2025-11-17;7;1062
26;2025-11-17;8;2181
26;2025-11-17;9;1449
26;2025-11-17;10;1228
26;2025-11-17;11;1108
26;2025-11-17;12;1130
26;2025-11-17;13;1161
26;2025-11-17;14;1253
26;2025-11-17;15;1345
26;2025-11-17;16;1506
26;2025-11-17;17;1700
26;2025-11-17;18;1801
26;2025-11-17;19;1231
26;2025-11-17;20;758
26;2025-11-17;21;455
26;2025-11-17;22;213
26;2025-11-17;23;111
26;2025-11-18;0;31
26;2025-11-18;1;0
26;2025-11-18;2;0
26;2025-11-18;3;0
26;2025-11-18;4;2
26;2025-11-18;5;89
26;2025-11-18;6;502
26;2025-11-18;7;1068
26;2025-11-18;8;2217
26;2025-11-18;9;1490
26;2025-11-18;10;1265
26;2025-11-18;11;1152
26;2025-11-18;12;1177
26;2025-11-18;13;1182
26;2025-11-18;14;1310
26;2025-11-18;15;1362
26;2025-11-18;16;1530
26;2025-11-18;17;1726
26;2025-11-18;18;1852
26;2025-11-18;19;1287
26;2025-11-18;20;779
26;2025-11-18;21;484
26;2025-11-18;22;236
26;2025-11-18;23;132
26;2025-11-19;0;34
26;2025-11-19;1;0
26;2025-11-19;2;0
26;2025-11-19;3;0
26;2025-11-19;4;2
26;2025-11-19;5;90
26;2025-11-19;6;502
26;2025-11-19;7;1064
26;2025-11-19;8;2216
26;2025-11-19;9;1484
26;2025-11-19;10;1262
26;2025-11-19;11;1150
26;2025-11-19;12;1172
26;2025-11-19;13;1182
26;2025-11-19;14;1309
26;2025-11-19;15;1359
26;2025-11-19;16;1522
26;2025-11-19;17;1717
26;2025-11-19;18;1846
26;2025-11-19;19;1281
26;2025-11-19;20;780
26;2025-11-19;21;490
26;2025-11-19;22;236
26;2025-11-19;23;134
26;2025-11-20;0;37
26;2025-11-20;1;1
26;2025-11-20;2;0
26;2025-11-20;3;0
26;2025-11-20;4;3
26;2025-11-20;5;91
26;2025-11-20;6;502
26;2025-11-20;7;1066
26;2025-11-20;8;2217
26;2025-11-20;9;1491
26;2025-11-20;10;1264
26;2025-11-20;11;1152
26;2025-11-20;12;1177
26;2025-11-20;13;1185
26;2025-11-20;14;1313
26;2025-11-20;15;1363
26;2025-11-20;16;1530
26;2025-11-20;17;1726
26;2025-11-20;18;1849
26;2025-11-20;19;1285
26;2025-11-20;20;781
26;2025-11-20;21;490
26;2025-11-20;22;239
26;2025-11-20;23;138
26;2025-11-21;0;38
26;2025-11-21;1;2
26;2025-11-21;2;0
26;2025-11-21;3;0
26;2025-11-21;4;2
26;2025-11-21;5;87
26;2025-11-21;6;499
26;2025-11-21;7;1054
26;2025-11-21;8;2130
26;2025-11-21;9;1436
26;2025-11-21;10;1229
26;2025-11-21;11;1122
26;2025-11-21;12;1160
26;2025-11-21;13;1183
26;2025-11-21;14;1296
26;2025-11-21;15;1376
26;2025-11-21;16;1562
26;2025-11-21;17;1710
26;2025-11-21;18;1601
26;2025-11-21;19;1199
26;2025-11-21;20;736
26;2025-11-21;21;481
26;2025-11-21;22;236
26;2025-11-21;23;152
26;2025-11-22;0;49
26;2025-11-22;1;1
26;2025-11-22;2;0
26;2025-11-22;3;0
26;2025-11-22;4;3
26;2025-11-22;5;51
26;2025-11-22;6;253
26;2025-11-22;7;378
26;2025-11-22;8;586
26;2025-11-22;9;676
26;2025-11-22;10;775
26;2025-11-22;11;987
26;2025-11-22;12;1007
26;2025-11-22;13;1034
26;2025-11-22;14;1060
26;2025-11-22;15;982
26;2025-11-22;16;952
26;2025-11-22;17;924
26;2025-11-22;18;869
26;2025-11-22;19;740
26;2025-11-22;20;535
26;2025-11-22;21;365
26;2025-11-22;22;229
26;2025-11-22;23;148
26;2025-11-23;0;49
26;2025-11-23;1;4
26;2025-11-23;2;0
26;2025-11-23;3;0
26;2025-11-23;4;2
26;2025-11-23;5;26
26;2025-11-23;6;154
26;2025-11-23;7;259
26;2025-11-23;8;396
26;2025-11-23;9;527
26;2025-11-23;10;611
26;2025-11-23;11;849
26;2025-11-23;12;874
26;2025-11-23;13;957
26;2025-11-23;14;914
26;2025-11-23;15;844
26;2025-11-23;16;802
26;2025-11-23;17;785
26;2025-11-23;18;715
26;2025-11-23;19;543
26;2025-11-23;20;417
26;2025-11-23;21;295
26;2025-11-23;22;193
26;2025-11-23;23;110
26;2025-11-24;0;29
26;2025-11-24;1;2
26;2025-11-24;2;0
26;2025-11-24;3;0
26;2025-11-24;4;2
26;2025-11-24;5;85
26;2025-11-24;6;488
26;2025-11-24;7;1062
26;2025-11-24;8;2181
26;2025-11-24;9;1449
26;2025-11-24;10;1228
26;2025-11-24;11;1108
26;2025-11-24;12;1130
26;2025-11-24;13;1161
26;2025-11-24;14;1253
26;2025-11-24;15;1345
26;2025-11-24;16;1506
26;2025-11-24;17;1700
26;2025-11-24;18;1801
26;2025-11-24;19;1231
26;2025-11-24;20;758
26;2025-11-24;21;455
26;2025-11-24;22;213
26;2025-11-24;23;111
26;2025-11-25;0;31
26;2025-11-25;1;0
26;2025-11-25;2;0
26;2025-11-25;3;0
26;2025-11-25;4;2
26;2025-11-25;5;89
26;2025-11-25;6;502
26;2025-11-25;7;1068
26;2025-11-25;8;2217
26;2025-11-25;9;1490
26;2025-11-25;10;1265
26;2025-11-25;11;1152
26;2025-11-25;12;1177
26;2025-11-25;13;1182
26;2025-11-25;14;1310
26;2025-11-25;15;1362
26;2025-11-25;16;1530
26;2025-11-25;17;1726
26;2025-11-25;18;1852
26;2025-11-25;19;1287
26;2025-11-25;20;779
26;2025-11-25;21;484
26;2025-11-25;22;236
26;2025-11-25;23;132
26;2025-11-26;0;34
26;2025-11-26;1;0
26;2025-11-26;2;0
26;2025-11-26;3;0
26;2025-11-26;4;2
26;2025-11-26;5;90
26;2025-11-26;6;502
26;2025-11-26;7;1064
26;2025-11-26;8;2216
26;2025-11-26;9;1484
26;2025-11-26;10;1262
26;2025-11-26;11;1150
26;2025-11-26;12;1172
26;2025-11-26;13;1182
26;2025-11-26;14;1309
26;2025-11-26;15;1359
26;2025-11-26;16;1522
26;2025-11-26;17;1717
26;2025-11-26;18;1846
26;2025-11-26;19;1281
26;2025-11-26;20;780
26;2025-11-26;21;490
26;2025-11-26;22;236
26;2025-11-26;23;134
26;2025-11-27;0;37
26;2025-11-27;1;1
26;2025-11-27;2;0
26;2025-11-27;3;0
26;2025-11-27;4;3
26;2025-11-27;5;91
26;2025-11-27;6;502
26;2025-11-27;7;1066
26;2025-11-27;8;2217
26;2025-11-27;9;1491
26;2025-11-27;10;1264
26;2025-11-27;11;1152
26;2025-11-27;12;1177
26;2025-11-27;13;1185
26;2025-11-27;14;1313
26;2025-11-27;15;1363
26;2025-11-27;16;1530
26;2025-11-27;17;1726
26;2025-11-27;18;1849
26;2025-11-27;19;1285
26;2025-11-27;20;781
26;2025-11-27;21;490
26;2025-11-27;22;239
26;2025-11-27;23;138
26;2025-11-28;0;38
26;2025-11-28;1;2
26;2025-11-28;2;0
26;2025-11-28;3;0
26;2025-11-28;4;2
26;2025-11-28;5;87
26;2025-11-28;6;499
26;2025-11-28;7;1054
26;2025-11-28;8;2130
26;2025-11-28;9;1436
26;2025-11-28;10;1229
26;2025-11-28;11;1122
26;2025-11-28;12;1160
26;2025-11-28;13;1183
26;2025-11-28;14;1296
26;2025-11-28;15;1376
26;2025-11-28;16;1562
26;2025-11-28;17;1710
26;2025-11-28;18;1601
26;2025-11-28;19;1199
26;2025-11-28;20;736
26;2025-11-28;21;481
26;2025-11-28;22;236
26;2025-11-28;23;152
26;2025-11-29;0;49
26;2025-11-29;1;1
26;2025-11-29;2;0
26;2025-11-29;3;0
26;2025-11-29;4;3
26;2025-11-29;5;51
26;2025-11-29;6;253
26;2025-11-29;7;378
26;2025-11-29;8;586
26;2025-11-29;9;676
26;2025-11-29;10;775
26;2025-11-29;11;987
26;2025-11-29;12;1007
26;2025-11-29;13;1034
26;2025-11-29;14;1060
26;2025-11-29;15;982
26;2025-11-29;16;952
26;2025-11-29;17;924
26;2025-11-29;18;869
26;2025-11-29;19;740
26;2025-11-29;20;535
26;2025-11-29;21;365
26;2025-11-29;22;229
26;2025-11-29;23;148
26;2025-11-30;0;49
26;2025-11-30;1;4
26;2025-11-30;2;0
26;2025-11-30;3;0
26;2025-11-30;4;2
26;2025-11-30;5;26
26;2025-11-30;6;154
26;2025-11-30;7;259
26;2025-11-30;8;396
26;2025-11-30;9;527
26;2025-11-30;10;611
26;2025-11-30;11;849
26;2025-11-30;12;874
26;2025-11-30;13;957
26;2025-11-30;14;914
26;2025-11-30;15;844
26;2025-11-30;16;802
26;2025-11-30;17;785
26;2025-11-30;18;715
26;2025-11-30;19;543
26;2025-11-30;20;417
26;2025-11-30;21;295
26;2025-11-30;22;193
26;2025-11-30;23;110
26;2025-12-01;0;24
26;2025-12-01;1;3
26;2025-12-01;2;0
26;2025-12-01;3;0
26;2025-12-01;4;1
26;2025-12-01;5;85
26;2025-12-01;6;493
26;2025-12-01;7;1019
26;2025-12-01;8;2138
26;2025-12-01;9;1415
26;2025-12-01;10;1155
26;2025-12-01;11;1051
26;2025-12-01;12;1075
26;2025-12-01;13;1107
26;2025-12-01;14;1195
26;2025-12-01;15;1306
26;2025-12-01;16;1472
26;2025-12-01;17;1656
26;2025-12-01;18;1771
26;2025-12-01;19;1205
26;2025-12-01;20;727
26;2025-12-01;21;403
26;2025-12-01;22;210
26;2025-12-01;23;96
26;2025-12-02;0;24
26;2025-12-02;1;1
26;2025-12-02;2;0
26;2025-12-02;3;0
26;2025-12-02;4;1
26;2025-12-02;5;88
26;2025-12-02;6;506
26;2025-12-02;7;1024
26;2025-12-02;8;2165
26;2025-12-02;9;1446
26;2025-12-02;10;1183
26;2025-12-02;11;1086
26;2025-12-02;12;1113
26;2025-12-02;13;1127
26;2025-12-02;14;1237
26;2025-12-02;15;1323
26;2025-12-02;16;1495
26;2025-12-02;17;1674
26;2025-12-02;18;1815
26;2025-12-02;19;1251
26;2025-12-02;20;750
26;2025-12-02;21;430
26;2025-12-02;22;232
26;2025-12-02;23;116
26;2025-12-03;0;27
26;2025-12-03;1;1
26;2025-12-03;2;0
26;2025-12-03;3;0
26;2025-12-03;4;2
26;2025-12-03;5;89
26;2025-12-03;6;506
26;2025-12-03;7;1019
26;2025-12-03;8;2163
26;2025-12-03;9;1441
26;2025-12-03;10;1181
26;2025-12-03;11;1084
26;2025-12-03;12;1107
26;2025-12-03;13;1127
26;2025-12-03;14;1236
26;2025-12-03;15;1319
26;2025-12-03;16;1487
26;2025-12-03;17;1665
26;2025-12-03;18;1809
26;2025-12-03;19;1246
26;2025-12-03;20;751
26;2025-12-03;21;436
26;2025-12-03;22;232
26;2025-12-03;23;118
26;2025-12-04;0;30
26;2025-12-04;1;3
26;2025-12-04;2;0
26;2025-12-04;3;0
26;2025-12-04;4;2
26;2025-12-04;5;90
26;2025-12-04;6;505
26;2025-12-04;7;1023
26;2025-12-04;8;2164
26;2025-12-04;9;1447
26;2025-12-04;10;1182
26;2025-12-04;11;1086
26;2025-12-04;12;1113
26;2025-12-04;13;1130
26;2025-12-04;14;1240
26;2025-12-04;15;1323
26;2025-12-04;16;1495
26;2025-12-04;17;1673
26;2025-12-04;18;1812
26;2025-12-04;19;1249
26;2025-12-04;20;752
26;2025-12-04;21;437
26;2025-12-04;22;235
26;2025-12-04;23;122
26;2025-12-05;0;31
26;2025-12-05;1;3
26;2025-12-05;2;0
26;2025-12-05;3;0
26;2025-12-05;4;1
26;2025-12-05;5;86
26;2025-12-05;6;503
26;2025-12-05;7;1012
26;2025-12-05;8;2086
26;2025-12-05;9;1400
26;2025-12-05;10;1155
26;2025-12-05;11;1064
26;2025-12-05;12;1102
26;2025-12-05;13;1129
26;2025-12-05;14;1232
26;2025-12-05;15;1336
26;2025-12-05;16;1527
26;2025-12-05;17;1665
26;2025-12-05;18;1572
26;2025-12-05;19;1171
26;2025-12-05;20;706
26;2025-12-05;21;428
26;2025-12-05;22;231
26;2025-12-05;23;135
26;2025-12-06;0;43
26;2025-12-06;1;2
26;2025-12-06;2;0
26;2025-12-06;3;0
26;2025-12-06;4;1
26;2025-12-06;5;50
26;2025-12-06;6;253
26;2025-12-06;7;361
26;2025-12-06;8;549
26;2025-12-06;9;641
26;2025-12-06;10;715
26;2025-12-06;11;933
26;2025-12-06;12;943
26;2025-12-06;13;969
26;2025-12-06;14;990
26;2025-12-06;15;939
26;2025-12-06;16;909
26;2025-12-06;17;868
26;2025-12-06;18;846
26;2025-12-06;19;726
26;2025-12-06;20;526
26;2025-12-06;21;332
26;2025-12-06;22;227
26;2025-12-06;23;132
26;2025-12-07;0;44
26;2025-12-07;1;4
26;2025-12-07;2;0
26;2025-12-07;3;0
26;2025-12-07;4;0
26;2025-12-07;5;27
26;2025-12-07;6;158
26;2025-12-07;7;253
26;2025-12-07;8;367
26;2025-12-07;9;505
26;2025-12-07;10;563
26;2025-12-07;11;809
26;2025-12-07;12;824
26;2025-12-07;13;898
26;2025-12-07;14;860
26;2025-12-07;15;809
26;2025-12-07;16;766
26;2025-12-07;17;745
26;2025-12-07;18;700
26;2025-12-07;19;542
26;2025-12-07;20;411
26;2025-12-07;21;274
26;2025-12-07;22;189
26;2025-12-07;23;97
26;2025-12-08;0;24
26;2025-12-08;1;3
26;2025-12-08;2;0
26;2025-12-08;3;0
26;2025-12-08;4;1
26;2025-12-08;5;85
26;2025-12-08;6;493
26;2025-12-08;7;1019
26;2025-12-08;8;2138
26;2025-12-08;9;1415
26;2025-12-08;10;1155
26;2025-12-08;11;1051
26;2025-12-08;12;1075
26;2025-12-08;13;1107
26;2025-12-08;14;1195
26;2025-12-08;15;1306
26;2025-12-08;16;1472
26;2025-12-08;17;1656
26;2025-12-08;18;1771
26;2025-12-08;19;1205
26;2025-12-08;20;727
26;2025-12-08;21;403
26;2025-12-08;22;210
26;2025-12-08;23;96
26;2025-12-09;0;24
26;2025-12-09;1;1
26;2025-12-09;2;0
26;2025-12-09;3;0
26;2025-12-09;4;1
26;2025-12-09;5;88
26;2025-12-09;6;506
26;2025-12-09;7;1024
26;2025-12-09;8;2165
26;2025-12-09;9;1446
26;2025-12-09;10;1183
26;2025-12-09;11;1086
26;2025-12-09;12;1113
26;2025-12-09;13;1127
26;2025-12-09;14;1237
26;2025-12-09;15;1323
26;2025-12-09;16;1495
26;2025-12-09;17;1674
26;2025-12-09;18;1815
26;2025-12-09;19;1251
26;2025-12-09;20;750
26;2025-12-09;21;430
26;2025-12-09;22;232
26;2025-12-09;23;116
26;2025-12-10;0;27
26;2025-12-10;1;1
26;2025-12-10;2;0
26;2025-12-10;3;0
26;2025-12-10;4;2
26;2025-12-10;5;89
26;2025-12-10;6;506
26;2025-12-10;7;1019
26;2025-12-10;8;2163
26;2025-12-10;9;1441
26;2025-12-10;10;1181
26;2025-12-10;11;1084
26;2025-12-10;12;1107
26;2025-12-10;13;1127
26;2025-12-10;14;1236
26;2025-12-10;15;1319
26;2025-12-10;16;1487
26;2025-12-10;17;1665
26;2025-12-10;18;1809
26;2025-12-10;19;1246
26;2025-12-10;20;751
26;2025-12-10;21;436
26;2025-12-10;22;232
26;2025-12-10;23;118
26;2025-12-11;0;30
26;2025-12-11;1;3
26;2025-12-11;2;0
26;2025-12-11;3;0
26;2025-12-11;4;2
26;2025-12-11;5;90
26;2025-12-11;6;505
26;2025-12-11;7;1023
26;2025-12-11;8;2164
26;2025-12-11;9;1447
26;2025-12-11;10;1182
26;2025-12-11;11;1086
26;2025-12-11;12;1113
26;2025-12-11;13;1130
26;2025-12-11;14;1240
26;2025-12-11;15;1323
26;2025-12-11;16;1495
26;2025-12-11;17;1673
26;2025-12-11;18;1812
26;2025-12-11;19;1249
26;2025-12-11;20;752
26;2025-12-11;21;437
26;2025-12-11;22;235
26;2025-12-11;23;122
26;2025-12-12;0;31
26;2025-12-12;1;3
26;2025-12-12;2;0
26;2025-12-12;3;0
26;2025-12-12;4;1
26;2025-12-12;5;86
26;2025-12-12;6;503
26;2025-12-12;7;1012
26;2025-12-12;8;2086
26;2025-12-12;9;1400
26;2025-12-12;10;1155
26;2025-12-12;11;1064
26;2025-12-12;12;1102
26;2025-12-12;13;1129
26;2025-12-12;14;1232
26;2025-12-12;15;1336
26;2025-12-12;16;1527
26;2025-12-12;17;1665
26;2025-12-12;18;1572
26;2025-12-12;19;1171
26;2025-12-12;20;706
26;2025-12-12;21;428
26;2025-12-12;22;231
26;2025-12-12;23;135
26;2025-12-13;0;43
26;2025-12-13;1;2
26;2025-12-13;2;0
26;2025-12-13;3;0
26;2025-12-13;4;1
26;2025-12-13;5;50
26;2025-12-13;6;253
26;2025-12-13;7;361
26;2025-12-13;8;549
26;2025-12-13;9;641
26;2025-12-13;10;715
26;2025-12-13;11;933
26;2025-12-13;12;943
26;2025-12-13;13;969
26;2025-12-13;14;990
26;2025-12-13;15;939
26;2025-12-13;16;909
26;2025-12-13;17;868
26;2025-12-13;18;846
26;2025-12-13;19;726
26;2025-12-13;20;526
26;2025-12-13;21;332
26;2025-12-13;22;227
26;2025-12-13;23;132
26;2025-12-14;0;44
26;2025-12-14;1;4
26;2025-12-14;2;0
26;2025-12-14;3;0
26;2025-12-14;4;0
26;2025-12-14;5;27
26;2025-12-14;6;158
26;2025-12-14;7;253
26;2025-12-14;8;367
26;2025-12-14;9;505
26;2025-12-14;10;563
26;2025-12-14;11;809
26;2025-12-14;12;824
26;2025-12-14;13;898
26;2025-12-14;14;860
26;2025-12-14;15;809
26;2025-12-14;16;766
26;2025-12-14;17;745
26;2025-12-14;18;700
26;2025-12-14;19;542
26;2025-12-14;20;411
26;2025-12-14;21;274
26;2025-12-14;22;189
26;2025-12-14;23;97
26;2025-12-15;0;24
26;2025-12-15;1;3
26;2025-12-15;2;0
26;2025-12-15;3;0
26;2025-12-15;4;1
26;2025-12-15;5;85
26;2025-12-15;6;493
26;2025-12-15;7;1019
26;2025-12-15;8;2138
26;2025-12-15;9;1415
26;2025-12-15;10;1155
26;2025-12-15;11;1051
26;2025-12-15;12;1075
26;2025-12-15;13;1107
26;2025-12-15;14;1195
26;2025-12-15;15;1306
26;2025-12-15;16;1472
26;2025-12-15;17;1656
26;2025-12-15;18;1771
26;2025-12-15;19;1205
26;2025-12-15;20;727
26;2025-12-15;21;403
26;2025-12-15;22;210
26;2025-12-15;23;96
26;2025-12-16;0;24
26;2025-12-16;1;1
26;2025-12-16;2;0
26;2025-12-16;3;0
26;2025-12-16;4;1
26;2025-12-16;5;88
26;2025-12-16;6;506
26;2025-12-16;7;1024
26;2025-12-16;8;2165
26;2025-12-16;9;1446
26;2025-12-16;10;1183
26;2025-12-16;11;1086
26;2025-12-16;12;1113
26;2025-12-16;13;1127
26;2025-12-16;14;1237
26;2025-12-16;15;1323
26;2025-12-16;16;1495
26;2025-12-16;17;1674
26;2025-12-16;18;1815
26;2025-12-16;19;1251
26;2025-12-16;20;750
26;2025-12-16;21;430
26;2025-12-16;22;232
26;2025-12-16;23;116
26;2025-12-17;0;27
26;2025-12-17;1;1
26;2025-12-17;2;0
26;2025-12-17;3;0
26;2025-12-17;4;2
26;2025-12-17;5;89
26;2025-12-17;6;506
26;2025-12-17;7;1019
26;2025-12-17;8;2163
26;2025-12-17;9;1441
26;2025-12-17;10;1181
26;2025-12-17;11;1084
26;2025-12-17;12;1107
26;2025-12-17;13;1127
26;2025-12-17;14;1236
26;2025-12-17;15;1319
26;2025-12-17;16;1487
26;2025-12-17;17;1665
26;2025-12-17;18;1809
26;2025-12-17;19;1246
26;2025-12-17;20;751
26;2025-12-17;21;436
26;2025-12-17;22;232
26;2025-12-17;23;118
26;2025-12-18;0;30
26;2025-12-18;1;3
26;2025-12-18;2;0
26;2025-12-18;3;0
26;2025-12-18;4;2
26;2025-12-18;5;90
26;2025-12-18;6;505
26;2025-12-18;7;1023
26;2025-12-18;8;2164
26;2025-12-18;9;1447
26;2025-12-18;10;1182
26;2025-12-18;11;1086
26;2025-12-18;12;1113
26;2025-12-18;13;1130
26;2025-12-18;14;1240
26;2025-12-18;15;1323
26;2025-12-18;16;1495
26;2025-12-18;17;1673
26;2025-12-18;18;1812
26;2025-12-18;19;1249
26;2025-12-18;20;752
26;2025-12-18;21;437
26;2025-12-18;22;235
26;2025-12-18;23;122
26;2025-12-19;0;31
26;2025-12-19;1;3
26;2025-12-19;2;0
26;2025-12-19;3;0
26;2025-12-19;4;1
26;2025-12-19;5;86
26;2025-12-19;6;503
26;2025-12-19;7;1012
26;2025-12-19;8;2086
26;2025-12-19;9;1400
26;2025-12-19;10;1155
26;2025-12-19;11;1064
26;2025-12-19;12;1102
26;2025-12-19;13;1129
26;2025-12-19;14;1232
26;2025-12-19;15;1336
26;2025-12-19;16;1527
26;2025-12-19;17;1665
26;2025-12-19;18;1572
26;2025-12-19;19;1171
26;2025-12-19;20;706
26;2025-12-19;21;428
26;2025-12-19;22;231
26;2025-12-19;23;135
26;2025-12-20;0;43
26;2025-12-20;1;2
26;2025-12-20;2;0
26;2025-12-20;3;0
26;2025-12-20;4;1
26;2025-12-20;5;50
26;2025-12-20;6;253
26;2025-12-20;7;361
26;2025-12-20;8;549
26;2025-12-20;9;641
26;2025-12-20;10;715
26;2025-12-20;11;933
26;2025-12-20;12;943
26;2025-12-20;13;969
26;2025-12-20;14;990
26;2025-12-20;15;939
26;2025-12-20;16;909
26;2025-12-20;17;868
26;2025-12-20;18;846
26;2025-12-20;19;726
26;2025-12-20;20;526
26;2025-12-20;21;332
26;2025-12-20;22;227
26;2025-12-20;23;132
26;2025-12-21;0;44
26;2025-12-21;1;4
26;2025-12-21;2;0
26;2025-12-21;3;0
26;2025-12-21;4;0
26;2025-12-21;5;27
26;2025-12-21;6;158
26;2025-12-21;7;253
26;2025-12-21;8;367
26;2025-12-21;9;505
26;2025-12-21;10;563
26;2025-12-21;11;809
26;2025-12-21;12;824
26;2025-12-21;13;898
26;2025-12-21;14;860
26;2025-12-21;15;809
26;2025-12-21;16;766
26;2025-12-21;17;745
26;2025-12-21;18;700
26;2025-12-21;19;542
26;2025-12-21;20;411
26;2025-12-21;21;274
26;2025-12-21;22;189
26;2025-12-21;23;97
26;2025-12-22;0;24
26;2025-12-22;1;3
26;2025-12-22;2;0
26;2025-12-22;3;0
26;2025-12-22;4;1
26;2025-12-22;5;85
26;2025-12-22;6;493
26;2025-12-22;7;1019
26;2025-12-22;8;2138
26;2025-12-22;9;1415
26;2025-12-22;10;1155
26;2025-12-22;11;1051
26;2025-12-22;12;1075
26;2025-12-22;13;1107
26;2025-12-22;14;1195
26;2025-12-22;15;1306
26;2025-12-22;16;1472
26;2025-12-22;17;1656
26;2025-12-22;18;1771
26;2025-12-22;19;1205
26;2025-12-22;20;727
26;2025-12-22;21;403
26;2025-12-22;22;210
26;2025-12-22;23;96
26;2025-12-23;0;24
26;2025-12-23;1;1
26;2025-12-23;2;0
26;2025-12-23;3;0
26;2025-12-23;4;1
26;2025-12-23;5;88
26;2025-12-23;6;506
26;2025-12-23;7;1024
26;2025-12-23;8;2165
26;2025-12-23;9;1446
26;2025-12-23;10;1183
26;2025-12-23;11;1086
26;2025-12-23;12;1113
26;2025-12-23;13;1127
26;2025-12-23;14;1237
26;2025-12-23;15;1323
26;2025-12-23;16;1495
26;2025-12-23;17;1674
26;2025-12-23;18;1815
26;2025-12-23;19;1251
26;2025-12-23;20;750
26;2025-12-23;21;430
26;2025-12-23;22;232
26;2025-12-23;23;116
26;2025-12-24;0;27
26;2025-12-24;1;1
26;2025-12-24;2;0
26;2025-12-24;3;0
26;2025-12-24;4;2
26;2025-12-24;5;89
26;2025-12-24;6;506
26;2025-12-24;7;1019
26;2025-12-24;8;2163
26;2025-12-24;9;1441
26;2025-12-24;10;1181
26;2025-12-24;11;1084
26;2025-12-24;12;1107
26;2025-12-24;13;1127
26;2025-12-24;14;1236
26;2025-12-24;15;1319
26;2025-12-24;16;1487
26;2025-12-24;17;1665
26;2025-12-24;18;1809
26;2025-12-24;19;1246
26;2025-12-24;20;751
26;2025-12-24;21;436
26;2025-12-24;22;232
26;2025-12-24;23;118
26;2025-12-25;0;30
26;2025-12-25;1;3
26;2025-12-25;2;0
26;2025-12-25;3;0
26;2025-12-25;4;2
26;2025-12-25;5;90
26;2025-12-25;6;505
26;2025-12-25;7;1023
26;2025-12-25;8;2164
26;2025-12-25;9;1447
26;2025-12-25;10;1182
26;2025-12-25;11;1086
26;2025-12-25;12;1113
26;2025-12-25;13;1130
26;2025-12-25;14;1240
26;2025-12-25;15;1323
26;2025-12-25;16;1495
26;2025-12-25;17;1673
26;2025-12-25;18;1812
26;2025-12-25;19;1249
26;2025-12-25;20;752
26;2025-12-25;21;437
26;2025-12-25;22;235
26;2025-12-25;23;122
26;2025-12-26;0;31
26;2025-12-26;1;3
26;2025-12-26;2;0
26;2025-12-26;3;0
26;2025-12-26;4;1
26;2025-12-26;5;86
26;2025-12-26;6;503
26;2025-12-26;7;1012
26;2025-12-26;8;2086
26;2025-12-26;9;1400
26;2025-12-26;10;1155
26;2025-12-26;11;1064
26;2025-12-26;12;1102
26;2025-12-26;13;1129
26;2025-12-26;14;1232
26;2025-12-26;15;1336
26;2025-12-26;16;1527
26;2025-12-26;17;1665
26;2025-12-26;18;1572
26;2025-12-26;19;1171
26;2025-12-26;20;706
26;2025-12-26;21;428
26;2025-12-26;22;231
26;2025-12-26;23;135
26;2025-12-27;0;43
26;2025-12-27;1;2
26;2025-12-27;2;0
26;2025-12-27;3;0
26;2025-12-27;4;1
26;2025-12-27;5;50
26;2025-12-27;6;253
26;2025-12-27;7;361
26;2025-12-27;8;549
26;2025-12-27;9;641
26;2025-12-27;10;715
26;2025-12-27;11;933
26;2025-12-27;12;943
26;2025-12-27;13;969
26;2025-12-27;14;990
26;2025-12-27;15;939
26;2025-12-27;16;909
26;2025-12-27;17;868
26;2025-12-27;18;846
26;2025-12-27;19;726
26;2025-12-27;20;526
26;2025-12-27;21;332
26;2025-12-27;22;227
26;2025-12-27;23;132
26;2025-12-28;0;44
26;2025-12-28;1;4
26;2025-12-28;2;0
26;2025-12-28;3;0
26;2025-12-28;4;0
26;2025-12-28;5;27
26;2025-12-28;6;158
26;2025-12-28;7;253
26;2025-12-28;8;367
26;2025-12-28;9;505
26;2025-12-28;10;563
26;2025-12-28;11;809
26;2025-12-28;12;824
26;2025-12-28;13;898
26;2025-12-28;14;860
26;2025-12-28;15;809
26;2025-12-28;16;766
26;2025-12-28;17;745
26;2025-12-28;18;700
26;2025-12-28;19;542
26;2025-12-28;20;411
26;2025-12-28;21;274
26;2025-12-28;22;189
26;2025-12-28;23;97
26;2025-12-29;0;24
26;2025-12-29;1;3
26;2025-12-29;2;0
26;2025-12-29;3;0
26;2025-12-29;4;1
26;2025-12-29;5;85
26;2025-12-29;6;493
26;2025-12-29;7;1019
26;2025-12-29;8;2138
26;2025-12-29;9;1415
26;2025-12-29;10;1155
26;2025-12-29;11;1051
26;2025-12-29;12;1075
26;2025-12-29;13;1107
26;2025-12-29;14;1195
26;2025-12-29;15;1306
26;2025-12-29;16;1472
26;2025-12-29;17;1656
26;2025-12-29;18;1771
26;2025-12-29;19;1205
26;2025-12-29;20;727
26;2025-12-29;21;403
26;2025-12-29;22;210
26;2025-12-29;23;96
26;2025-12-30;0;24
26;2025-12-30;1;1
26;2025-12-30;2;0
26;2025-12-30;3;0
26;2025-12-30;4;1
26;2025-12-30;5;88
26;2025-12-30;6;506
26;2025-12-30;7;1024
26;2025-12-30;8;2165
26;2025-12-30;9;1446
26;2025-12-30;10;1183
26;2025-12-30;11;1086
26;2025-12-30;12;1113
26;2025-12-30;13;1127
26;2025-12-30;14;1237
26;2025-12-30;15;1323
26;2025-12-30;16;1495
26;2025-12-30;17;1674
26;2025-12-30;18;1815
26;2025-12-30;19;1251
26;2025-12-30;20;750
26;2025-12-30;21;430
26;2025-12-30;22;232
26;2025-12-30;23;116
26;2025-12-31;0;11
26;2025-12-31;1;5
26;2025-12-31;2;0
26;2025-12-31;3;0
26;2025-12-31;4;0
26;2025-12-31;5;19
26;2025-12-31;6;245
26;2025-12-31;7;499
26;2025-12-31;8;920
26;2025-12-31;9;576
26;2025-12-31;10;629
26;2025-12-31;11;714
26;2025-12-31;12;714
26;2025-12-31;13;702
26;2025-12-31;14;818
26;2025-12-31;15;838
26;2025-12-31;16;796
26;2025-12-31;17;788
26;2025-12-31;18;914
26;2025-12-31;19;632
26;2025-12-31;20;466
26;2025-12-31;21;338
26;2025-12-31;22;187
26;2025-12-31;23;81
28;2025-11-01;0;2
28;2025-11-01;1;0
28;2025-11-01;2;0
28;2025-11-01;3;0
28;2025-11-01;4;0
28;2025-11-01;5;50
28;2025-11-01;6;128
28;2025-11-01;7;293
28;2025-11-01;8;622
28;2025-11-01;9;708
28;2025-11-01;10;636
28;2025-11-01;11;616
28;2025-11-01;12;776
28;2025-11-01;13;798
28;2025-11-01;14;748
28;2025-11-01;15;761
28;2025-11-01;16;839
28;2025-11-01;17;928
28;2025-11-01;18;829
28;2025-11-01;19;635
28;2025-11-01;20;383
28;2025-11-01;21;314
28;2025-11-01;22;159
28;2025-11-01;23;28
28;2025-11-02;0;0
28;2025-11-02;1;0
28;2025-11-02;2;0
28;2025-11-02;3;0
28;2025-11-02;4;0
28;2025-11-02;5;31
28;2025-11-02;6;78
28;2025-11-02;7;142
28;2025-11-02;8;254
28;2025-11-02;9;312
28;2025-11-02;10;360
28;2025-11-02;11;424
28;2025-11-02;12;481
28;2025-11-02;13;547
28;2025-11-02;14;525
28;2025-11-02;15;520
28;2025-11-02;16;479
28;2025-11-02;17;473
28;2025-11-02;18;404
28;2025-11-02;19;352
28;2025-11-02;20;288
28;2025-11-02;21;237
28;2025-11-02;22;107
28;2025-11-02;23;10
28;2025-11-03;0;0
28;2025-11-03;1;0
28;2025-11-03;2;0
28;2025-11-03;3;0
28;2025-11-03;4;0
28;2025-11-03;5;27
28;2025-11-03;6;87
28;2025-11-03;7;342
28;2025-11-03;8;596
28;2025-11-03;9;435
28;2025-11-03;10;423
28;2025-11-03;11;369
28;2025-11-03;12;469
28;2025-11-03;13;469
28;2025-11-03;14;480
28;2025-11-03;15;450
28;2025-11-03;16;461
28;2025-11-03;17;497
28;2025-11-03;18;478
28;2025-11-03;19;425
28;2025-11-03;20;398
28;2025-11-03;21;212
28;2025-11-03;22;60
28;2025-11-03;23;0
28;2025-11-04;0;2
28;2025-11-04;1;0
28;2025-11-04;2;0
28;2025-11-04;3;0
28;2025-11-04;4;0
28;2025-11-04;5;8
28;2025-11-04;6;110
28;2025-11-04;7;201
28;2025-11-04;8;182
28;2025-11-04;9;256
28;2025-11-04;10;329
28;2025-11-04;11;348
28;2025-11-04;12;402
28;2025-11-04;13;401
28;2025-11-04;14;414
28;2025-11-04;15;414
28;2025-11-04;16;338
28;2025-11-04;17;338
28;2025-11-04;18;317
28;2025-11-04;19;333
28;2025-11-04;20;372
28;2025-11-04;21;238
28;2025-11-04;22;86
28;2025-11-04;23;11
28;2025-11-05;0;0
28;2025-11-05;1;0
28;2025-11-05;2;0
28;2025-11-05;3;0
28;2025-11-05;4;2
28;2025-11-05;5;83
28;2025-11-05;6;266
28;2025-11-05;7;761
28;2025-11-05;8;1239
28;2025-11-05;9;867
28;2025-11-05;10;658
28;2025-11-05;11;593
28;2025-11-05;12;709
28;2025-11-05;13;725
28;2025-11-05;14;683
28;2025-11-05;15;709
28;2025-11-05;16;881
28;2025-11-05;17;1031
28;2025-11-05;18;1009
28;2025-11-05;19;728
28;2025-11-05;20;495
28;2025-11-05;21;317
28;2025-11-05;22;138
28;2025-11-05;23;11
28;2025-11-06;0;0
28;2025-11-06;1;0
28;2025-11-06;2;0
28;2025-11-06;3;0
28;2025-11-06;4;3
28;2025-11-06;5;83
28;2025-11-06;6;267
28;2025-11-06;7;764
28;2025-11-06;8;1240
28;2025-11-06;9;870
28;2025-11-06;10;660
28;2025-11-06;11;594
28;2025-11-06;12;711
28;2025-11-06;13;730
28;2025-11-06;14;686
28;2025-11-06;15;711
28;2025-11-06;16;882
28;2025-11-06;17;1033
28;2025-11-06;18;1012
28;2025-11-06;19;730
28;2025-11-06;20;497
28;2025-11-06;21;322
28;2025-11-06;22;139
28;2025-11-06;23;12
28;2025-11-07;0;1
28;2025-11-07;1;0
28;2025-11-07;2;0
28;2025-11-07;3;0
28;2025-11-07;4;2
28;2025-11-07;5;79
28;2025-11-07;6;263
28;2025-11-07;7;758
28;2025-11-07;8;1194
28;2025-11-07;9;824
28;2025-11-07;10;643
28;2025-11-07;11;584
28;2025-11-07;12;698
28;2025-11-07;13;719
28;2025-11-07;14;686
28;2025-11-07;15;711
28;2025-11-07;16;915
28;2025-11-07;17;1010
28;2025-11-07;18;883
28;2025-11-07;19;679
28;2025-11-07;20;467
28;2025-11-07;21;318
28;2025-11-07;22;137
28;2025-11-07;23;13
28;2025-11-08;0;3
28;2025-11-08;1;0
28;2025-11-08;2;0
28;2025-11-08;3;0
28;2025-11-08;4;0
28;2025-11-08;5;38
28;2025-11-08;6;113
28;2025-11-08;7;246
28;2025-11-08;8;383
28;2025-11-08;9;455
28;2025-11-08;10;490
28;2025-11-08;11;493
28;2025-11-08;12;587
28;2025-11-08;13;603
28;2025-11-08;14;602
28;2025-11-08;15;594
28;2025-11-08;16;550
28;2025-11-08;17;561
28;2025-11-08;18;485
28;2025-11-08;19;410
28;2025-11-08;20;333
28;2025-11-08;21;274
28;2025-11-08;22;130
28;2025-11-08;23;16
28;2025-11-09;0;0
28;2025-11-09;1;0
28;2025-11-09;2;0
28;2025-11-09;3;0
28;2025-11-09;4;0
28;2025-11-09;5;31
28;2025-11-09;6;78
28;2025-11-09;7;142
28;2025-11-09;8;254
28;2025-11-09;9;312
28;2025-11-09;10;360
28;2025-11-09;11;424
28;2025-11-09;12;481
28;2025-11-09;13;547
28;2025-11-09;14;525
28;2025-11-09;15;520
28;2025-11-09;16;479
28;2025-11-09;17;473
28;2025-11-09;18;404
28;2025-11-09;19;352
28;2025-11-09;20;288
28;2025-11-09;21;237
28;2025-11-09;22;107
28;2025-11-09;23;10
28;2025-11-10;0;0
28;2025-11-10;1;0
28;2025-11-10;2;0
28;2025-11-10;3;0
28;2025-11-10;4;2
28;2025-11-10;5;76
28;2025-11-10;6;254
28;2025-11-10;7;753
28;2025-11-10;8;1215
28;2025-11-10;9;845
28;2025-11-10;10;634
28;2025-11-10;11;560
28;2025-11-10;12;674
28;2025-11-10;13;692
28;2025-11-10;14;653
28;2025-11-10;15;688
28;2025-11-10;16;872
28;2025-11-10;17;1013
28;2025-11-10;18;976
28;2025-11-10;19;726
28;2025-11-10;20;490
28;2025-11-10;21;296
28;2025-11-10;22;113
28;2025-11-10;23;7
28;2025-11-11;0;0
28;2025-11-11;1;0
28;2025-11-11;2;0
28;2025-11-11;3;0
28;2025-11-11;4;3
28;2025-11-11;5;78
28;2025-11-11;6;264
28;2025-11-11;7;760
28;2025-11-11;8;1240
28;2025-11-11;9;868
28;2025-11-11;10;661
28;2025-11-11;11;594
28;2025-11-11;12;711
28;2025-11-11;13;727
28;2025-11-11;14;686
28;2025-11-11;15;711
28;2025-11-11;16;882
28;2025-11-11;17;1032
28;2025-11-11;18;1008
28;2025-11-11;19;734
28;2025-11-11;20;495
28;2025-11-11;21;316
28;2025-11-11;22;133
28;2025-11-11;23;12
28;2025-11-12;0;0
28;2025-11-12;1;0
28;2025-11-12;2;0
28;2025-11-12;3;0
28;2025-11-12;4;2
28;2025-11-12;5;83
28;2025-11-12;6;266
28;2025-11-12;7;761
28;2025-11-12;8;1239
28;2025-11-12;9;867
28;2025-11-12;10;658
28;2025-11-12;11;593
28;2025-11-12;12;709
28;2025-11-12;13;725
28;2025-11-12;14;683
28;2025-11-12;15;709
28;2025-11-12;16;881
28;2025-11-12;17;1031
28;2025-11-12;18;1009
28;2025-11-12;19;728
28;2025-11-12;20;495
28;2025-11-12;21;317
28;2025-11-12;22;138
28;2025-11-12;23;11
28;2025-11-13;0;0
28;2025-11-13;1;0
28;2025-11-13;2;0
28;2025-11-13;3;0
28;2025-11-13;4;3
28;2025-11-13;5;83
28;2025-11-13;6;267
28;2025-11-13;7;764
28;2025-11-13;8;1240
28;2025-11-13;9;870
28;2025-11-13;10;660
28;2025-11-13;11;594
28;2025-11-13;12;711
28;2025-11-13;13;730
28;2025-11-13;14;686
28;2025-11-13;15;711
28;2025-11-13;16;882
28;2025-11-13;17;1033
28;2025-11-13;18;1012
28;2025-11-13;19;730
28;2025-11-13;20;497
28;2025-11-13;21;322
28;2025-11-13;22;139
28;2025-11-13;23;12
28;2025-11-14;0;1
28;2025-11-14;1;0
28;2025-11-14;2;0
28;2025-11-14;3;0
28;2025-11-14;4;2
28;2025-11-14;5;79
28;2025-11-14;6;263
28;2025-11-14;7;758
28;2025-11-14;8;1194
28;2025-11-14;9;824
28;2025-11-14;10;643
28;2025-11-14;11;584
28;2025-11-14;12;698
28;2025-11-14;13;719
28;2025-11-14;14;686
28;2025-11-14;15;711
28;2025-11-14;16;915
28;2025-11-14;17;1010
28;2025-11-14;18;883
28;2025-11-14;19;679
28;2025-11-14;20;467
28;2025-11-14;21;318
28;2025-11-14;22;137
28;2025-11-14;23;13
28;2025-11-15;0;3
28;2025-11-15;1;0
28;2025-11-15;2;0
28;2025-11-15;3;0
28;2025-11-15;4;0
28;2025-11-15;5;38
28;2025-11-15;6;113
28;2025-11-15;7;246
28;2025-11-15;8;383
28;2025-11-15;9;455
28;2025-11-15;10;490
28;2025-11-15;11;493
28;2025-11-15;12;587
28;2025-11-15;13;603
28;2025-11-15;14;602
28;2025-11-15;15;594
28;2025-11-15;16;550
28;2025-11-15;17;561
28;2025-11-15;18;485
28;2025-11-15;19;410
28;2025-11-15;20;333
28;2025-11-15;21;274
28;2025-11-15;22;130
28;2025-11-15;23;16
28;2025-11-16;0;0
28;2025-11-16;1;0
28;2025-11-16;2;0
28;2025-11-16;3;0
28;2025-11-16;4;0
28;2025-11-16;5;31
28;2025-11-16;6;78
28;2025-11-16;7;142
28;2025-11-16;8;254
28;2025-11-16;9;312
28;2025-11-16;10;360
28;2025-11-16;11;424
28;2025-11-16;12;481
28;2025-11-16;13;547
28;2025-11-16;14;525
28;2025-11-16;15;520
28;2025-11-16;16;479
28;2025-11-16;17;473
28;2025-11-16;18;404
28;2025-11-16;19;352
28;2025-11-16;20;288
28;2025-11-16;21;237
28;2025-11-16;22;107
28;2025-11-16;23;10
28;2025-11-17;0;0
28;2025-11-17;1;0
28;2025-11-17;2;0
28;2025-11-17;3;0
28;2025-11-17;4;2
28;2025-11-17;5;76
28;2025-11-17;6;254
28;2025-11-17;7;753
28;2025-11-17;8;1215
28;2025-11-17;9;845
28;2025-11-17;10;634
28;2025-11-17;11;560
28;2025-11-17;12;674
28;2025-11-17;13;692
28;2025-11-17;14;653
28;2025-11-17;15;688
28;2025-11-17;16;872
28;2025-11-17;17;1013
28;2025-11-17;18;976
28;2025-11-17;19;726
28;2025-11-17;20;490
28;2025-11-17;21;296
28;2025-11-17;22;113
28;2025-11-17;23;7
28;2025-11-18;0;0
28;2025-11-18;1;0
28;2025-11-18;2;0
28;2025-11-18;3;0
28;2025-11-18;4;3
28;2025-11-18;5;78
28;2025-11-18;6;264
28;2025-11-18;7;760
28;2025-11-18;8;1240
28;2025-11-18;9;868
28;2025-11-18;10;661
28;2025-11-18;11;594
28;2025-11-18;12;711
28;2025-11-18;13;727
28;2025-11-18;14;686
28;2025-11-18;15;711
28;2025-11-18;16;882
28;2025-11-18;17;1032
28;2025-11-18;18;1008
28;2025-11-18;19;734
28;2025-11-18;20;495
28;2025-11-18;21;316
28;2025-11-18;22;133
28;2025-11-18;23;12
28;2025-11-19;0;0
28;2025-11-19;1;0
28;2025-11-19;2;0
28;2025-11-19;3;0
28;2025-11-19;4;2
28;2025-11-19;5;83
28;2025-11-19;6;266
28;2025-11-19;7;761
28;2025-11-19;8;1239
28;2025-11-19;9;867
28;2025-11-19;10;658
28;2025-11-19;11;593
28;2025-11-19;12;709
28;2025-11-19;13;725
28;2025-11-19;14;683
28;2025-11-19;15;709
28;2025-11-19;16;881
28;2025-11-19;17;1031
28;2025-11-19;18;1009
28;2025-11-19;19;728
28;2025-11-19;20;495
28;2025-11-19;21;317
28;2025-11-19;22;138
28;2025-11-19;23;11
28;2025-11-20;0;0
28;2025-11-20;1;0
28;2025-11-20;2;0
28;2025-11-20;3;0
28;2025-11-20;4;3
28;2025-11-20;5;83
28;2025-11-20;6;267
28;2025-11-20;7;764
28;2025-11-20;8;1240
28;2025-11-20;9;870
28;2025-11-20;10;660
28;2025-11-20;11;594
28;2025-11-20;12;711
28;2025-11-20;13;730
28;2025-11-20;14;686
28;2025-11-20;15;711
28;2025-11-20;16;882
28;2025-11-20;17;1033
28;2025-11-20;18;1012
28;2025-11-20;19;730
28;2025-11-20;20;497
28;2025-11-20;21;322
28;2025-11-20;22;139
28;2025-11-20;23;12
28;2025-11-21;0;1
28;2025-11-21;1;0
28;2025-11-21;2;0
28;2025-11-21;3;0
28;2025-11-21;4;2
28;2025-11-21;5;79
28;2025-11-21;6;263
28;2025-11-21;7;758
28;2025-11-21;8;1194
28;2025-11-21;9;824
28;2025-11-21;10;643
28;2025-11-21;11;584
28;2025-11-21;12;698
28;2025-11-21;13;719
28;2025-11-21;14;686
28;2025-11-21;15;711
28;2025-11-21;16;915
28;2025-11-21;17;1010
28;2025-11-21;18;883
28;2025-11-21;19;679
28;2025-11-21;20;467
28;2025-11-21;21;318
28;2025-11-21;22;137
28;2025-11-21;23;13
28;2025-11-22;0;3
28;2025-11-22;1;0
28;2025-11-22;2;0
28;2025-11-22;3;0
28;2025-11-22;4;0
28;2025-11-22;5;38
28;2025-11-22;6;113
28;2025-11-22;7;246
28;2025-11-22;8;383
28;2025-11-22;9;455
28;2025-11-22;10;490
28;2025-11-22;11;493
28;2025-11-22;12;587
28;2025-11-22;13;603
28;2025-11-22;14;602
28;2025-11-22;15;594
28;2025-11-22;16;550
28;2025-11-22;17;561
28;2025-11-22;18;485
28;2025-11-22;19;410
28;2025-11-22;20;333
28;2025-11-22;21;274
28;2025-11-22;22;130
28;2025-11-22;23;16
28;2025-11-23;0;0
28;2025-11-23;1;0
28;2025-11-23;2;0
28;2025-11-23;3;0
28;2025-11-23;4;0
28;2025-11-23;5;31
28;2025-11-23;6;78
28;2025-11-23;7;142
28;2025-11-23;8;254
28;2025-11-23;9;312
28;2025-11-23;10;360
28;2025-11-23;11;424
28;2025-11-23;12;481
28;2025-11-23;13;547
28;2025-11-23;14;525
28;2025-11-23;15;520
28;2025-11-23;16;479
28;2025-11-23;17;473
28;2025-11-23;18;404
28;2025-11-23;19;352
28;2025-11-23;20;288
28;2025-11-23;21;237
28;2025-11-23;22;107
28;2025-11-23;23;10
28;2025-11-24;0;0
28;2025-11-24;1;0
28;2025-11-24;2;0
28;2025-11-24;3;0
28;2025-11-24;4;2
28;2025-11-24;5;76
28;2025-11-24;6;254
28;2025-11-24;7;753
28;2025-11-24;8;1215
28;2025-11-24;9;845
28;2025-11-24;10;634
28;2025-11-24;11;560
28;2025-11-24;12;674
28;2025-11-24;13;692
28;2025-11-24;14;653
28;2025-11-24;15;688
28;2025-11-24;16;872
28;2025-11-24;17;1013
28;2025-11-24;18;976
28;2025-11-24;19;726
28;2025-11-24;20;490
28;2025-11-24;21;296
28;2025-11-24;22;113
28;2025-11-24;23;7
28;2025-11-25;0;0
28;2025-11-25;1;0
28;2025-11-25;2;0
28;2025-11-25;3;0
28;2025-11-25;4;3
28;2025-11-25;5;78
28;2025-11-25;6;264
28;2025-11-25;7;760
28;2025-11-25;8;1240
28;2025-11-25;9;868
28;2025-11-25;10;661
28;2025-11-25;11;594
28;2025-11-25;12;711
28;2025-11-25;13;727
28;2025-11-25;14;686
28;2025-11-25;15;711
28;2025-11-25;16;882
28;2025-11-25;17;1032
28;2025-11-25;18;1008
28;2025-11-25;19;734
28;2025-11-25;20;495
28;2025-11-25;21;316
28;2025-11-25;22;133
28;2025-11-25;23;12
28;2025-11-26;0;0
28;2025-11-26;1;0
28;2025-11-26;2;0
28;2025-11-26;3;0
28;2025-11-26;4;2
28;2025-11-26;5;83
28;2025-11-26;6;266
28;2025-11-26;7;761
28;2025-11-26;8;1239
28;2025-11-26;9;867
28;2025-11-26;10;658
28;2025-11-26;11;593
28;2025-11-26;12;709
28;2025-11-26;13;725
28;2025-11-26;14;683
28;2025-11-26;15;709
28;2025-11-26;16;881
28;2025-11-26;17;1031
28;2025-11-26;18;1009
28;2025-11-26;19;728
28;2025-11-26;20;495
28;2025-11-26;21;317
28;2025-11-26;22;138
28;2025-11-26;23;11
28;2025-11-27;0;0
28;2025-11-27;1;0
28;2025-11-27;2;0
28;2025-11-27;3;0
28;2025-11-27;4;3
28;2025-11-27;5;83
28;2025-11-27;6;267
28;2025-11-27;7;764
28;2025-11-27;8;1240
28;2025-11-27;9;870
28;2025-11-27;10;660
28;2025-11-27;11;594
28;2025-11-27;12;711
28;2025-11-27;13;730
28;2025-11-27;14;686
28;2025-11-27;15;711
28;2025-11-27;16;882
28;2025-11-27;17;1033
28;2025-11-27;18;1012
28;2025-11-27;19;730
28;2025-11-27;20;497
28;2025-11-27;21;322
28;2025-11-27;22;139
28;2025-11-27;23;12
28;2025-11-28;0;1
28;2025-11-28;1;0
28;2025-11-28;2;0
28;2025-11-28;3;0
28;2025-11-28;4;2
28;2025-11-28;5;79
28;2025-11-28;6;263
28;2025-11-28;7;758
28;2025-11-28;8;1194
28;2025-11-28;9;824
28;2025-11-28;10;643
28;2025-11-28;11;584
28;2025-11-28;12;698
28;2025-11-28;13;719
28;2025-11-28;14;686
28;2025-11-28;15;711
28;2025-11-28;16;915
28;2025-11-28;17;1010
28;2025-11-28;18;883
28;2025-11-28;19;679
28;2025-11-28;20;467
28;2025-11-28;21;318
28;2025-11-28;22;137
28;2025-11-28;23;13
28;2025-11-29;0;3
28;2025-11-29;1;0
28;2025-11-29;2;0
28;2025-11-29;3;0
28;2025-11-29;4;0
28;2025-11-29;5;38
28;2025-11-29;6;113
28;2025-11-29;7;246
28;2025-11-29;8;383
28;2025-11-29;9;455
28;2025-11-29;10;490
28;2025-11-29;11;493
28;2025-11-29;12;587
28;2025-11-29;13;603
28;2025-11-29;14;602
28;2025-11-29;15;594
28;2025-11-29;16;550
28;2025-11-29;17;561
28;2025-11-29;18;485
28;2025-11-29;19;410
28;2025-11-29;20;333
28;2025-11-29;21;274
28;2025-11-29;22;130
28;2025-11-29;23;16
28;2025-11-30;0;0
28;2025-11-30;1;0
28;2025-11-30;2;0
28;2025-11-30;3;0
28;2025-11-30;4;0
28;2025-11-30;5;31
28;2025-11-30;6;78
28;2025-11-30;7;142
28;2025-11-30;8;254
28;2025-11-30;9;312
28;2025-11-30;10;360
28;2025-11-30;11;424
28;2025-11-30;12;481
28;2025-11-30;13;547
28;2025-11-30;14;525
28;2025-11-30;15;520
28;2025-11-30;16;479
28;2025-11-30;17;473
28;2025-11-30;18;404
28;2025-11-30;19;352
28;2025-11-30;20;288
28;2025-11-30;21;237
28;2025-11-30;22;107
28;2025-11-30;23;10
28;2025-12-01;0;0
28;2025-12-01;1;0
28;2025-12-01;2;0
28;2025-12-01;3;0
28;2025-12-01;4;1
28;2025-12-01;5;71
28;2025-12-01;6;247
28;2025-12-01;7;719
28;2025-12-01;8;1164
28;2025-12-01;9;811
28;2025-12-01;10;596
28;2025-12-01;11;508
28;2025-12-01;12;621
28;2025-12-01;13;655
28;2025-12-01;14;609
28;2025-12-01;15;649
28;2025-12-01;16;845
28;2025-12-01;17;973
28;2025-12-01;18;937
28;2025-12-01;19;702
28;2025-12-01;20;457
28;2025-12-01;21;284
28;2025-12-01;22;117
28;2025-12-01;23;17
28;2025-12-02;0;0
28;2025-12-02;1;0
28;2025-12-02;2;0
28;2025-12-02;3;0
28;2025-12-02;4;2
28;2025-12-02;5;72
28;2025-12-02;6;257
28;2025-12-02;7;726
28;2025-12-02;8;1181
28;2025-12-02;9;826
28;2025-12-02;10;624
28;2025-12-02;11;541
28;2025-12-02;12;659
28;2025-12-02;13;689
28;2025-12-02;14;642
28;2025-12-02;15;670
28;2025-12-02;16;853
28;2025-12-02;17;983
28;2025-12-02;18;962
28;2025-12-02;19;712
28;2025-12-02;20;460
28;2025-12-02;21;304
28;2025-12-02;22;136
28;2025-12-02;23;21
28;2025-12-03;0;0
28;2025-12-03;1;0
28;2025-12-03;2;0
28;2025-12-03;3;0
28;2025-12-03;4;2
28;2025-12-03;5;76
28;2025-12-03;6;260
28;2025-12-03;7;727
28;2025-12-03;8;1179
28;2025-12-03;9;824
28;2025-12-03;10;621
28;2025-12-03;11;540
28;2025-12-03;12;657
28;2025-12-03;13;688
28;2025-12-03;14;640
28;2025-12-03;15;668
28;2025-12-03;16;853
28;2025-12-03;17;982
28;2025-12-03;18;963
28;2025-12-03;19;706
28;2025-12-03;20;460
28;2025-12-03;21;306
28;2025-12-03;22;141
28;2025-12-03;23;21
28;2025-12-04;0;0
28;2025-12-04;1;0
28;2025-12-04;2;0
28;2025-12-04;3;0
28;2025-12-04;4;2
28;2025-12-04;5;76
28;2025-12-04;6;260
28;2025-12-04;7;730
28;2025-12-04;8;1180
28;2025-12-04;9;827
28;2025-12-04;10;623
28;2025-12-04;11;540
28;2025-12-04;12;659
28;2025-12-04;13;692
28;2025-12-04;14;642
28;2025-12-04;15;670
28;2025-12-04;16;853
28;2025-12-04;17;984
28;2025-12-04;18;966
28;2025-12-04;19;708
28;2025-12-04;20;464
28;2025-12-04;21;310
28;2025-12-04;22;142
28;2025-12-04;23;21
28;2025-12-05;0;1
28;2025-12-05;1;0
28;2025-12-05;2;0
28;2025-12-05;3;0
28;2025-12-05;4;2
28;2025-12-05;5;73
28;2025-12-05;6;256
28;2025-12-05;7;725
28;2025-12-05;8;1142
28;2025-12-05;9;790
28;2025-12-05;10;605
28;2025-12-05;11;531
28;2025-12-05;12;645
28;2025-12-05;13;681
28;2025-12-05;14;641
28;2025-12-05;15;670
28;2025-12-05;16;886
28;2025-12-05;17;969
28;2025-12-05;18;844
28;2025-12-05;19;655
28;2025-12-05;20;434
28;2025-12-05;21;306
28;2025-12-05;22;139
28;2025-12-05;23;22
28;2025-12-06;0;0
28;2025-12-06;1;0
28;2025-12-06;2;0
28;2025-12-06;3;0
28;2025-12-06;4;1
28;2025-12-06;5;32
28;2025-12-06;6;108
28;2025-12-06;7;238
28;2025-12-06;8;346
28;2025-12-06;9;444
28;2025-12-06;10;465
28;2025-12-06;11;449
28;2025-12-06;12;541
28;2025-12-06;13;571
28;2025-12-06;14;564
28;2025-12-06;15;560
28;2025-12-06;16;524
28;2025-12-06;17;517
28;2025-12-06;18;469
28;2025-12-06;19;401
28;2025-12-06;20;307
28;2025-12-06;21;264
28;2025-12-06;22;131
28;2025-12-06;23;22
28;2025-12-07;0;0
28;2025-12-07;1;0
28;2025-12-07;2;0
28;2025-12-07;3;0
28;2025-12-07;4;1
28;2025-12-07;5;27
28;2025-12-07;6;77
28;2025-12-07;7;145
28;2025-12-07;8;234
28;2025-12-07;9;313
28;2025-12-07;10;343
28;2025-12-07;11;392
28;2025-12-07;12;442
28;2025-12-07;13;519
28;2025-12-07;14;496
28;2025-12-07;15;497
28;2025-12-07;16;458
28;2025-12-07;17;440
28;2025-12-07;18;399
28;2025-12-07;19;344
28;2025-12-07;20;272
28;2025-12-07;21;232
28;2025-12-07;22;108
28;2025-12-07;23;16
28;2025-12-08;0;0
28;2025-12-08;1;0
28;2025-12-08;2;0
28;2025-12-08;3;0
28;2025-12-08;4;1
28;2025-12-08;5;71
28;2025-12-08;6;247
28;2025-12-08;7;719
28;2025-12-08;8;1164
28;2025-12-08;9;811
28;2025-12-08;10;596
28;2025-12-08;11;508
28;2025-12-08;12;621
28;2025-12-08;13;655
28;2025-12-08;14;609
28;2025-12-08;15;649
28;2025-12-08;16;845
28;2025-12-08;17;973
28;2025-12-08;18;937
28;2025-12-08;19;702
28;2025-12-08;20;457
28;2025-12-08;21;284
28;2025-12-08;22;117
28;2025-12-08;23;17
28;2025-12-09;0;0
28;2025-12-09;1;0
28;2025-12-09;2;0
28;2025-12-09;3;0
28;2025-12-09;4;2
28;2025-12-09;5;72
28;2025-12-09;6;257
28;2025-12-09;7;726
28;2025-12-09;8;1181
28;2025-12-09;9;826
28;2025-12-09;10;624
28;2025-12-09;11;541
28;2025-12-09;12;659
28;2025-12-09;13;689
28;2025-12-09;14;642
28;2025-12-09;15;670
28;2025-12-09;16;853
28;2025-12-09;17;983
28;2025-12-09;18;962
28;2025-12-09;19;712
28;2025-12-09;20;460
28;2025-12-09;21;304
28;2025-12-09;22;136
28;2025-12-09;23;21
28;2025-12-10;0;0
28;2025-12-10;1;0
28;2025-12-10;2;0
28;2025-12-10;3;0
28;2025-12-10;4;2
28;2025-12-10;5;76
28;2025-12-10;6;260
28;2025-12-10;7;727
28;2025-12-10;8;1179
28;2025-12-10;9;824
28;2025-12-10;10;621
28;2025-12-10;11;540
28;2025-12-10;12;657
28;2025-12-10;13;688
28;2025-12-10;14;640
28;2025-12-10;15;668
28;2025-12-10;16;853
28;2025-12-10;17;982
28;2025-12-10;18;963
28;2025-12-10;19;706
28;2025-12-10;20;460
28;2025-12-10;21;306
28;2025-12-10;22;141
28;2025-12-10;23;21
28;2025-12-11;0;0
28;2025-12-11;1;0
28;2025-12-11;2;0
28;2025-12-11;3;0
28;2025-12-11;4;2
28;2025-12-11;5;76
28;2025-12-11;6;260
28;2025-12-11;7;730
28;2025-12-11;8;1180
28;2025-12-11;9;827
28;2025-12-11;10;623
28;2025-12-11;11;540
28;2025-12-11;12;659
28;2025-12-11;13;692
28;2025-12-11;14;642
28;2025-12-11;15;670
28;2025-12-11;16;853
28;2025-12-11;17;984
28;2025-12-11;18;966
28;2025-12-11;19;708
28;2025-12-11;20;464
28;2025-12-11;21;310
28;2025-12-11;22;142
28;2025-12-11;23;21
28;2025-12-12;0;1
28;2025-12-12;1;0
28;2025-12-12;2;0
28;2025-12-12;3;0
28;2025-12-12;4;2
28;2025-12-12;5;73
28;2025-12-12;6;256
28;2025-12-12;7;725
28;2025-12-12;8;1142
28;2025-12-12;9;790
28;2025-12-12;10;605
28;2025-12-12;11;531
28;2025-12-12;12;645
28;2025-12-12;13;681
28;2025-12-12;14;641
28;2025-12-12;15;670
28;2025-12-12;16;886
28;2025-12-12;17;969
28;2025-12-12;18;844
28;2025-12-12;19;655
28;2025-12-12;20;434
28;2025-12-12;21;306
28;2025-12-12;22;139
28;2025-12-12;23;22
28;2025-12-13;0;0
28;2025-12-13;1;0
28;2025-12-13;2;0
28;2025-12-13;3;0
28;2025-12-13;4;1
28;2025-12-13;5;32
28;2025-12-13;6;108
28;2025-12-13;7;238
28;2025-12-13;8;346
28;2025-12-13;9;444
28;2025-12-13;10;465
28;2025-12-13;11;449
28;2025-12-13;12;541
28;2025-12-13;13;571
28;2025-12-13;14;564
28;2025-12-13;15;560
28;2025-12-13;16;524
28;2025-12-13;17;517
28;2025-12-13;18;469
28;2025-12-13;19;401
28;2025-12-13;20;307
28;2025-12-13;21;264
28;2025-12-13;22;131
28;2025-12-13;23;22
28;2025-12-14;0;0
28;2025-12-14;1;0
28;2025-12-14;2;0
28;2025-12-14;3;0
28;2025-12-14;4;1
28;2025-12-14;5;27
28;2025-12-14;6;77
28;2025-12-14;7;145
28;2025-12-14;8;234
28;2025-12-14;9;313
28;2025-12-14;10;343
28;2025-12-14;11;392
28;2025-12-14;12;442
28;2025-12-14;13;519
28;2025-12-14;14;496
28;2025-12-14;15;497
28;2025-12-14;16;458
28;2025-12-14;17;440
28;2025-12-14;18;399
28;2025-12-14;19;344
28;2025-12-14;20;272
28;2025-12-14;21;232
28;2025-12-14;22;108
28;2025-12-14;23;16
28;2025-12-15;0;0
28;2025-12-15;1;0
28;2025-12-15;2;0
28;2025-12-15;3;0
28;2025-12-15;4;1
28;2025-12-15;5;71
28;2025-12-15;6;247
28;2025-12-15;7;719
28;2025-12-15;8;1164
28;2025-12-15;9;811
28;2025-12-15;10;596
28;2025-12-15;11;508
28;2025-12-15;12;621
28;2025-12-15;13;655
28;2025-12-15;14;609
28;2025-12-15;15;649
28;2025-12-15;16;845
28;2025-12-15;17;973
28;2025-12-15;18;937
28;2025-12-15;19;702
28;2025-12-15;20;457
28;2025-12-15;21;284
28;2025-12-15;22;117
28;2025-12-15;23;17
28;2025-12-16;0;0
28;2025-12-16;1;0
28;2025-12-16;2;0
28;2025-12-16;3;0
28;2025-12-16;4;2
28;2025-12-16;5;72
28;2025-12-16;6;257
28;2025-12-16;7;726
28;2025-12-16;8;1181
28;2025-12-16;9;826
28;2025-12-16;10;624
28;2025-12-16;11;541
28;2025-12-16;12;659
28;2025-12-16;13;689
28;2025-12-16;14;642
28;2025-12-16;15;670
28;2025-12-16;16;853
28;2025-12-16;17;983
28;2025-12-16;18;962
28;2025-12-16;19;712
28;2025-12-16;20;460
28;2025-12-16;21;304
28;2025-12-16;22;136
28;2025-12-16;23;21
28;2025-12-17;0;0
28;2025-12-17;1;0
28;2025-12-17;2;0
28;2025-12-17;3;0
28;2025-12-17;4;2
28;2025-12-17;5;76
28;2025-12-17;6;260
28;2025-12-17;7;727
28;2025-12-17;8;1179
28;2025-12-17;9;824
28;2025-12-17;10;621
28;2025-12-17;11;540
28;2025-12-17;12;657
28;2025-12-17;13;688
28;2025-12-17;14;640
28;2025-12-17;15;668
28;2025-12-17;16;853
28;2025-12-17;17;982
28;2025-12-17;18;963
28;2025-12-17;19;706
28;2025-12-17;20;460
28;2025-12-17;21;306
28;2025-12-17;22;141
28;2025-12-17;23;21
28;2025-12-18;0;0
28;2025-12-18;1;0
28;2025-12-18;2;0
28;2025-12-18;3;0
28;2025-12-18;4;2
28;2025-12-18;5;76
28;2025-12-18;6;260
28;2025-12-18;7;730
28;2025-12-18;8;1180
28;2025-12-18;9;827
28;2025-12-18;10;623
28;2025-12-18;11;540
28;2025-12-18;12;659
28;2025-12-18;13;692
28;2025-12-18;14;642
28;2025-12-18;15;670
28;2025-12-18;16;853
28;2025-12-18;17;984
28;2025-12-18;18;966
28;2025-12-18;19;708
28;2025-12-18;20;464
28;2025-12-18;21;310
28;2025-12-18;22;142
28;2025-12-18;23;21
28;2025-12-19;0;1
28;2025-12-19;1;0
28;2025-12-19;2;0
28;2025-12-19;3;0
28;2025-12-19;4;2
28;2025-12-19;5;73
28;2025-12-19;6;256
28;2025-12-19;7;725
28;2025-12-19;8;1142
28;2025-12-19;9;790
28;2025-12-19;10;605
28;2025-12-19;11;531
28;2025-12-19;12;645
28;2025-12-19;13;681
28;2025-12-19;14;641
28;2025-12-19;15;670
28;2025-12-19;16;886
28;2025-12-19;17;969
28;2025-12-19;18;844
28;2025-12-19;19;655
28;2025-12-19;20;434
28;2025-12-19;21;306
28;2025-12-19;22;139
28;2025-12-19;23;22
28;2025-12-20;0;0
28;2025-12-20;1;0
28;2025-12-20;2;0
28;2025-12-20;3;0
28;2025-12-20;4;1
28;2025-12-20;5;32
28;2025-12-20;6;108
28;2025-12-20;7;238
28;2025-12-20;8;346
28;2025-12-20;9;444
28;2025-12-20;10;465
28;2025-12-20;11;449
28;2025-12-20;12;541
28;2025-12-20;13;571
28;2025-12-20;14;564
28;2025-12-20;15;560
28;2025-12-20;16;524
28;2025-12-20;17;517
28;2025-12-20;18;469
28;2025-12-20;19;401
28;2025-12-20;20;307
28;2025-12-20;21;264
28;2025-12-20;22;131
28;2025-12-20;23;22
28;2025-12-21;0;0
28;2025-12-21;1;0
28;2025-12-21;2;0
28;2025-12-21;3;0
28;2025-12-21;4;1
28;2025-12-21;5;27
28;2025-12-21;6;77
28;2025-12-21;7;145
28;2025-12-21;8;234
28;2025-12-21;9;313
28;2025-12-21;10;343
28;2025-12-21;11;392
28;2025-12-21;12;442
28;2025-12-21;13;519
28;2025-12-21;14;496
28;2025-12-21;15;497
28;2025-12-21;16;458
28;2025-12-21;17;440
28;2025-12-21;18;399
28;2025-12-21;19;344
28;2025-12-21;20;272
28;2025-12-21;21;232
28;2025-12-21;22;108
28;2025-12-21;23;16
28;2025-12-22;0;0
28;2025-12-22;1;0
28;2025-12-22;2;0
28;2025-12-22;3;0
28;2025-12-22;4;1
28;2025-12-22;5;71
28;2025-12-22;6;247
28;2025-12-22;7;719
28;2025-12-22;8;1164
28;2025-12-22;9;811
28;2025-12-22;10;596
28;2025-12-22;11;508
28;2025-12-22;12;621
28;2025-12-22;13;655
28;2025-12-22;14;609
28;2025-12-22;15;649
28;2025-12-22;16;845
28;2025-12-22;17;973
28;2025-12-22;18;937
28;2025-12-22;19;702
28;2025-12-22;20;457
28;2025-12-22;21;284
28;2025-12-22;22;117
28;2025-12-22;23;17
28;2025-12-23;0;0
28;2025-12-23;1;0
28;2025-12-23;2;0
28;2025-12-23;3;0
28;2025-12-23;4;2
28;2025-12-23;5;72
28;2025-12-23;6;257
28;2025-12-23;7;726
28;2025-12-23;8;1181
28;2025-12-23;9;826
28;2025-12-23;10;624
28;2025-12-23;11;541
28;2025-12-23;12;659
28;2025-12-23;13;689
28;2025-12-23;14;642
28;2025-12-23;15;670
28;2025-12-23;16;853
28;2025-12-23;17;983
28;2025-12-23;18;962
28;2025-12-23;19;712
28;2025-12-23;20;460
28;2025-12-23;21;304
28;2025-12-23;22;136
28;2025-12-23;23;21
28;2025-12-24;0;0
28;2025-12-24;1;0
28;2025-12-24;2;0
28;2025-12-24;3;0
28;2025-12-24;4;2
28;2025-12-24;5;76
28;2025-12-24;6;260
28;2025-12-24;7;727
28;2025-12-24;8;1179
28;2025-12-24;9;824
28;2025-12-24;10;621
28;2025-12-24;11;540
28;2025-12-24;12;657
28;2025-12-24;13;688
28;2025-12-24;14;640
28;2025-12-24;15;668
28;2025-12-24;16;853
28;2025-12-24;17;982
28;2025-12-24;18;963
28;2025-12-24;19;706
28;2025-12-24;20;460
28;2025-12-24;21;306
28;2025-12-24;22;141
28;2025-12-24;23;21
28;2025-12-25;0;0
28;2025-12-25;1;0
28;2025-12-25;2;0
28;2025-12-25;3;0
28;2025-12-25;4;2
28;2025-12-25;5;76
28;2025-12-25;6;260
28;2025-12-25;7;730
28;2025-12-25;8;1180
28;2025-12-25;9;827
28;2025-12-25;10;623
28;2025-12-25;11;540
28;2025-12-25;12;659
28;2025-12-25;13;692
28;2025-12-25;14;642
28;2025-12-25;15;670
28;2025-12-25;16;853
28;2025-12-25;17;984
28;2025-12-25;18;966
28;2025-12-25;19;708
28;2025-12-25;20;464
28;2025-12-25;21;310
28;2025-12-25;22;142
28;2025-12-25;23;21
28;2025-12-26;0;1
28;2025-12-26;1;0
28;2025-12-26;2;0
28;2025-12-26;3;0
28;2025-12-26;4;2
28;2025-12-26;5;73
28;2025-12-26;6;256
28;2025-12-26;7;725
28;2025-12-26;8;1142
28;2025-12-26;9;790
28;2025-12-26;10;605
28;2025-12-26;11;531
28;2025-12-26;12;645
28;2025-12-26;13;681
28;2025-12-26;14;641
28;2025-12-26;15;670
28;2025-12-26;16;886
28;2025-12-26;17;969
28;2025-12-26;18;844
28;2025-12-26;19;655
28;2025-12-26;20;434
28;2025-12-26;21;306
28;2025-12-26;22;139
28;2025-12-26;23;22
28;2025-12-27;0;0
28;2025-12-27;1;0
28;2025-12-27;2;0
28;2025-12-27;3;0
28;2025-12-27;4;1
28;2025-12-27;5;32
28;2025-12-27;6;108
28;2025-12-27;7;238
28;2025-12-27;8;346
28;2025-12-27;9;444
28;2025-12-27;10;465
28;2025-12-27;11;449
28;2025-12-27;12;541
28;2025-12-27;13;571
28;2025-12-27;14;564
28;2025-12-27;15;560
28;2025-12-27;16;524
28;2025-12-27;17;517
28;2025-12-27;18;469
28;2025-12-27;19;401
28;2025-12-27;20;307
28;2025-12-27;21;264
28;2025-12-27;22;131
28;2025-12-27;23;22
28;2025-12-28;0;0
28;2025-12-28;1;0
28;2025-12-28;2;0
28;2025-12-28;3;0
28;2025-12-28;4;1
28;2025-12-28;5;27
28;2025-12-28;6;77
28;2025-12-28;7;145
28;2025-12-28;8;234
28;2025-12-28;9;313
28;2025-12-28;10;343
28;2025-12-28;11;392
28;2025-12-28;12;442
28;2025-12-28;13;519
28;2025-12-28;14;496
28;2025-12-28;15;497
28;2025-12-28;16;458
28;2025-12-28;17;440
28;2025-12-28;18;399
28;2025-12-28;19;344
28;2025-12-28;20;272
28;2025-12-28;21;232
28;2025-12-28;22;108
28;2025-12-28;23;16
28;2025-12-29;0;0
28;2025-12-29;1;0
28;2025-12-29;2;0
28;2025-12-29;3;0
28;2025-12-29;4;1
28;2025-12-29;5;71
28;2025-12-29;6;247
28;2025-12-29;7;719
28;2025-12-29;8;1164
28;2025-12-29;9;811
28;2025-12-29;10;596
28;2025-12-29;11;508
28;2025-12-29;12;621
28;2025-12-29;13;655
28;2025-12-29;14;609
28;2025-12-29;15;649
28;2025-12-29;16;845
28;2025-12-29;17;973
28;2025-12-29;18;937
28;2025-12-29;19;702
28;2025-12-29;20;457
28;2025-12-29;21;284
28;2025-12-29;22;117
28;2025-12-29;23;17
28;2025-12-30;0;0
28;2025-12-30;1;0
28;2025-12-30;2;0
28;2025-12-30;3;0
28;2025-12-30;4;2
28;2025-12-30;5;72
28;2025-12-30;6;257
28;2025-12-30;7;726
28;2025-12-30;8;1181
28;2025-12-30;9;826
28;2025-12-30;10;624
28;2025-12-30;11;541
28;2025-12-30;12;659
28;2025-12-30;13;689
28;2025-12-30;14;642
28;2025-12-30;15;670
28;2025-12-30;16;853
28;2025-12-30;17;983
28;2025-12-30;18;962
28;2025-12-30;19;712
28;2025-12-30;20;460
28;2025-12-30;21;304
28;2025-12-30;22;136
28;2025-12-30;23;21
28;2025-12-31;0;0
28;2025-12-31;1;0
28;2025-12-31;2;0
28;2025-12-31;3;0
28;2025-12-31;4;0
28;2025-12-31;5;21
28;2025-12-31;6;92
28;2025-12-31;7;295
28;2025-12-31;8;562
28;2025-12-31;9;415
28;2025-12-31;10;388
28;2025-12-31;11;349
28;2025-12-31;12;453
28;2025-12-31;13;465
28;2025-12-31;14;467
28;2025-12-31;15;430
28;2025-12-31;16;442
28;2025-12-31;17;465
28;2025-12-31;18;465
28;2025-12-31;19;406
28;2025-12-31;20;369
28;2025-12-31;21;222
28;2025-12-31;22;88
28;2025-12-31;23;0
50;2025-11-01;0;60
50;2025-11-01;1;9
50;2025-11-01;2;0
50;2025-11-01;3;0
50;2025-11-01;4;41
50;2025-11-01;5;40
50;2025-11-01;6;181
50;2025-11-01;7;524
50;2025-11-01;8;2035
50;2025-11-01;9;1847
50;2025-11-01;10;1505
50;2025-11-01;11;1546
50;2025-11-01;12;1538
50;2025-11-01;13;1595
50;2025-11-01;14;1493
50;2025-11-01;15;1690
50;2025-11-01;16;1738
50;2025-11-01;17;2036
50;2025-11-01;18;1980
50;2025-11-01;19;1296
50;2025-11-01;20;824
50;2025-11-01;21;447
50;2025-11-01;22;268
50;2025-11-01;23;175
50;2025-11-02;0;46
50;2025-11-02;1;1
50;2025-11-02;2;0
50;2025-11-02;3;0
50;2025-11-02;4;0
50;2025-11-02;5;15
50;2025-11-02;6;110
50;2025-11-02;7;242
50;2025-11-02;8;353
50;2025-11-02;9;439
50;2025-11-02;10;448
50;2025-11-02;11;628
50;2025-11-02;12;664
50;2025-11-02;13;711
50;2025-11-02;14;698
50;2025-11-02;15;769
50;2025-11-02;16;677
50;2025-11-02;17;691
50;2025-11-02;18;589
50;2025-11-02;19;524
50;2025-11-02;20;425
50;2025-11-02;21;337
50;2025-11-02;22;201
50;2025-11-02;23;94
50;2025-11-03;0;15
50;2025-11-03;1;0
50;2025-11-03;2;0
50;2025-11-03;3;0
50;2025-11-03;4;9
50;2025-11-03;5;0
50;2025-11-03;6;226
50;2025-11-03;7;649
50;2025-11-03;8;699
50;2025-11-03;9;672
50;2025-11-03;10;612
50;2025-11-03;11;654
50;2025-11-03;12;638
50;2025-11-03;13;685
50;2025-11-03;14;663
50;2025-11-03;15;757
50;2025-11-03;16;669
50;2025-11-03;17;861
50;2025-11-03;18;1043
50;2025-11-03;19;632
50;2025-11-03;20;519
50;2025-11-03;21;400
50;2025-11-03;22;210
50;2025-11-03;23;75
50;2025-11-04;0;32
50;2025-11-04;1;0
50;2025-11-04;2;0
50;2025-11-04;3;0
50;2025-11-04;4;5
50;2025-11-04;5;3
50;2025-11-04;6;216
50;2025-11-04;7;435
50;2025-11-04;8;424
50;2025-11-04;9;354
50;2025-11-04;10;357
50;2025-11-04;11;509
50;2025-11-04;12;544
50;2025-11-04;13;646
50;2025-11-04;14;585
50;2025-11-04;15;589
50;2025-11-04;16;529
50;2025-11-04;17;635
50;2025-11-04;18;597
50;2025-11-04;19;426
50;2025-11-04;20;418
50;2025-11-04;21;401
50;2025-11-04;22;216
50;2025-11-04;23;52
50;2025-11-05;0;33
50;2025-11-05;1;0
50;2025-11-05;2;0
50;2025-11-05;3;0
50;2025-11-05;4;2
50;2025-11-05;5;69
50;2025-11-05;6;539
50;2025-11-05;7;1719
50;2025-11-05;8;2755
50;2025-11-05;9;2156
50;2025-11-05;10;1673
50;2025-11-05;11;1556
50;2025-11-05;12;1463
50;2025-11-05;13;1491
50;2025-11-05;14;1412
50;2025-11-05;15;1648
50;2025-11-05;16;1733
50;2025-11-05;17;2349
50;2025-11-05;18;2483
50;2025-11-05;19;1427
50;2025-11-05;20;906
50;2025-11-05;21;626
50;2025-11-05;22;281
50;2025-11-05;23;158
50;2025-11-06;0;38
50;2025-11-06;1;2
50;2025-11-06;2;0
50;2025-11-06;3;0
50;2025-11-06;4;2
50;2025-11-06;5;71
50;2025-11-06;6;541
50;2025-11-06;7;1720
50;2025-11-06;8;2764
50;2025-11-06;9;2155
50;2025-11-06;10;1675
50;2025-11-06;11;1552
50;2025-11-06;12;1468
50;2025-11-06;13;1489
50;2025-11-06;14;1414
50;2025-11-06;15;1654
50;2025-11-06;16;1738
50;2025-11-06;17;2350
50;2025-11-06;18;2483
50;2025-11-06;19;1427
50;2025-11-06;20;911
50;2025-11-06;21;629
50;2025-11-06;22;283
50;2025-11-06;23;160
50;2025-11-07;0;39
50;2025-11-07;1;2
50;2025-11-07;2;0
50;2025-11-07;3;0
50;2025-11-07;4;2
50;2025-11-07;5;70
50;2025-11-07;6;538
50;2025-11-07;7;1700
50;2025-11-07;8;2725
50;2025-11-07;9;2119
50;2025-11-07;10;1615
50;2025-11-07;11;1527
50;2025-11-07;12;1453
50;2025-11-07;13;1475
50;2025-11-07;14;1416
50;2025-11-07;15;1676
50;2025-11-07;16;1807
50;2025-11-07;17;2255
50;2025-11-07;18;2149
50;2025-11-07;19;1357
50;2025-11-07;20;862
50;2025-11-07;21;611
50;2025-11-07;22;285
50;2025-11-07;23;147
50;2025-11-08;0;59
50;2025-11-08;1;3
50;2025-11-08;2;0
50;2025-11-08;3;0
50;2025-11-08;4;0
50;2025-11-08;5;27
50;2025-11-08;6;162
50;2025-11-08;7;396
50;2025-11-08;8;551
50;2025-11-08;9;572
50;2025-11-08;10;604
50;2025-11-08;11;756
50;2025-11-08;12;757
50;2025-11-08;13;823
50;2025-11-08;14;763
50;2025-11-08;15;881
50;2025-11-08;16;764
50;2025-11-08;17;788
50;2025-11-08;18;734
50;2025-11-08;19;632
50;2025-11-08;20;490
50;2025-11-08;21;395
50;2025-11-08;22;235
50;2025-11-08;23;151
50;2025-11-09;0;46
50;2025-11-09;1;1
50;2025-11-09;2;0
50;2025-11-09;3;0
50;2025-11-09;4;0
50;2025-11-09;5;15
50;2025-11-09;6;110
50;2025-11-09;7;242
50;2025-11-09;8;353
50;2025-11-09;9;439
50;2025-11-09;10;448
50;2025-11-09;11;628
50;2025-11-09;12;664
50;2025-11-09;13;711
50;2025-11-09;14;698
50;2025-11-09;15;769
50;2025-11-09;16;677
50;2025-11-09;17;691
50;2025-11-09;18;589
50;2025-11-09;19;524
50;2025-11-09;20;425
50;2025-11-09;21;337
50;2025-11-09;22;201
50;2025-11-09;23;94
50;2025-11-10;0;31
50;2025-11-10;1;1
50;2025-11-10;2;0
50;2025-11-10;3;0
50;2025-11-10;4;2
50;2025-11-10;5;65
50;2025-11-10;6;525
50;2025-11-10;7;1696
50;2025-11-10;8;2741
50;2025-11-10;9;2119
50;2025-11-10;10;1621
50;2025-11-10;11;1497
50;2025-11-10;12;1414
50;2025-11-10;13;1445
50;2025-11-10;14;1387
50;2025-11-10;15;1612
50;2025-11-10;16;1709
50;2025-11-10;17;2301
50;2025-11-10;18;2445
50;2025-11-10;19;1391
50;2025-11-10;20;883
50;2025-11-10;21;594
50;2025-11-10;22;254
50;2025-11-10;23;126
50;2025-11-11;0;32
50;2025-11-11;1;1
50;2025-11-11;2;0
50;2025-11-11;3;0
50;2025-11-11;4;3
50;2025-11-11;5;69
50;2025-11-11;6;540
50;2025-11-11;7;1728
50;2025-11-11;8;2770
50;2025-11-11;9;2157
50;2025-11-11;10;1672
50;2025-11-11;11;1556
50;2025-11-11;12;1466
50;2025-11-11;13;1491
50;2025-11-11;14;1414
50;2025-11-11;15;1662
50;2025-11-11;16;1741
50;2025-11-11;17;2349
50;2025-11-11;18;2506
50;2025-11-11;19;1430
50;2025-11-11;20;911
50;2025-11-11;21;626
50;2025-11-11;22;281
50;2025-11-11;23;154
50;2025-11-12;0;33
50;2025-11-12;1;0
50;2025-11-12;2;0
50;2025-11-12;3;0
50;2025-11-12;4;2
50;2025-11-12;5;69
50;2025-11-12;6;539
50;2025-11-12;7;1719
50;2025-11-12;8;2755
50;2025-11-12;9;2156
50;2025-11-12;10;1673
50;2025-11-12;11;1556
50;2025-11-12;12;1463
50;2025-11-12;13;1491
50;2025-11-12;14;1412
50;2025-11-12;15;1648
50;2025-11-12;16;1733
50;2025-11-12;17;2349
50;2025-11-12;18;2483
50;2025-11-12;19;1427
50;2025-11-12;20;906
50;2025-11-12;21;626
50;2025-11-12;22;281
50;2025-11-12;23;158
50;2025-11-13;0;38
50;2025-11-13;1;2
50;2025-11-13;2;0
50;2025-11-13;3;0
50;2025-11-13;4;2
50;2025-11-13;5;71
50;2025-11-13;6;541
50;2025-11-13;7;1720
50;2025-11-13;8;2764
50;2025-11-13;9;2155
50;2025-11-13;10;1675
50;2025-11-13;11;1552
50;2025-11-13;12;1468
50;2025-11-13;13;1489
50;2025-11-13;14;1414
50;2025-11-13;15;1654
50;2025-11-13;16;1738
50;2025-11-13;17;2350
50;2025-11-13;18;2483
50;2025-11-13;19;1427
50;2025-11-13;20;911
50;2025-11-13;21;629
50;2025-11-13;22;283
50;2025-11-13;23;160
50;2025-11-14;0;39
50;2025-11-14;1;2
50;2025-11-14;2;0
50;2025-11-14;3;0
50;2025-11-14;4;2
50;2025-11-14;5;70
50;2025-11-14;6;538
50;2025-11-14;7;1700
50;2025-11-14;8;2725
50;2025-11-14;9;2119
50;2025-11-14;10;1615
50;2025-11-14;11;1527
50;2025-11-14;12;1453
50;2025-11-14;13;1475
50;2025-11-14;14;1416
50;2025-11-14;15;1676
50;2025-11-14;16;1807
50;2025-11-14;17;2255
50;2025-11-14;18;2149
50;2025-11-14;19;1357
50;2025-11-14;20;862
50;2025-11-14;21;611
50;2025-11-14;22;285
50;2025-11-14;23;147
50;2025-11-15;0;59
50;2025-11-15;1;3
50;2025-11-15;2;0
50;2025-11-15;3;0
50;2025-11-15;4;0
50;2025-11-15;5;27
50;2025-11-15;6;162
50;2025-11-15;7;396
50;2025-11-15;8;551
50;2025-11-15;9;572
50;2025-11-15;10;604
50;2025-11-15;11;756
50;2025-11-15;12;757
50;2025-11-15;13;823
50;2025-11-15;14;763
50;2025-11-15;15;881
50;2025-11-15;16;764
50;2025-11-15;17;788
50;2025-11-15;18;734
50;2025-11-15;19;632
50;2025-11-15;20;490
50;2025-11-15;21;395
50;2025-11-15;22;235
50;2025-11-15;23;151
50;2025-11-16;0;46
50;2025-11-16;1;1
50;2025-11-16;2;0
50;2025-11-16;3;0
50;2025-11-16;4;0
50;2025-11-16;5;15
50;2025-11-16;6;110
50;2025-11-16;7;242
50;2025-11-16;8;353
50;2025-11-16;9;439
50;2025-11-16;10;448
50;2025-11-16;11;628
50;2025-11-16;12;664
50;2025-11-16;13;711
50;2025-11-16;14;698
50;2025-11-16;15;769
50;2025-11-16;16;677
50;2025-11-16;17;691
50;2025-11-16;18;589
50;2025-11-16;19;524
50;2025-11-16;20;425
50;2025-11-16;21;337
50;2025-11-16;22;201
50;2025-11-16;23;94
50;2025-11-17;0;31
50;2025-11-17;1;1
50;2025-11-17;2;0
50;2025-11-17;3;0
50;2025-11-17;4;2
50;2025-11-17;5;65
50;2025-11-17;6;525
50;2025-11-17;7;1696
50;2025-11-17;8;2741
50;2025-11-17;9;2119
50;2025-11-17;10;1621
50;2025-11-17;11;1497
50;2025-11-17;12;1414
50;2025-11-17;13;1445
50;2025-11-17;14;1387
50;2025-11-17;15;1612
50;2025-11-17;16;1709
50;2025-11-17;17;2301
50;2025-11-17;18;2445
50;2025-11-17;19;1391
50;2025-11-17;20;883
50;2025-11-17;21;594
50;2025-11-17;22;254
50;2025-11-17;23;126
50;2025-11-18;0;32
50;2025-11-18;1;1
50;2025-11-18;2;0
50;2025-11-18;3;0
50;2025-11-18;4;3
50;2025-11-18;5;69
50;2025-11-18;6;540
50;2025-11-18;7;1728
50;2025-11-18;8;2770
50;2025-11-18;9;2157
50;2025-11-18;10;1672
50;2025-11-18;11;1556
50;2025-11-18;12;1466
50;2025-11-18;13;1491
50;2025-11-18;14;1414
50;2025-11-18;15;1662
50;2025-11-18;16;1741
50;2025-11-18;17;2349
50;2025-11-18;18;2506
50;2025-11-18;19;1430
50;2025-11-18;20;911
50;2025-11-18;21;626
50;2025-11-18;22;281
50;2025-11-18;23;154
50;2025-11-19;0;33
50;2025-11-19;1;0
50;2025-11-19;2;0
50;2025-11-19;3;0
50;2025-11-19;4;2
50;2025-11-19;5;69
50;2025-11-19;6;539
50;2025-11-19;7;1719
50;2025-11-19;8;2755
50;2025-11-19;9;2156
50;2025-11-19;10;1673
50;2025-11-19;11;1556
50;2025-11-19;12;1463
50;2025-11-19;13;1491
50;2025-11-19;14;1412
50;2025-11-19;15;1648
50;2025-11-19;16;1733
50;2025-11-19;17;2349
50;2025-11-19;18;2483
50;2025-11-19;19;1427
50;2025-11-19;20;906
50;2025-11-19;21;626
50;2025-11-19;22;281
50;2025-11-19;23;158
50;2025-11-20;0;38
50;2025-11-20;1;2
50;2025-11-20;2;0
50;2025-11-20;3;0
50;2025-11-20;4;2
50;2025-11-20;5;71
50;2025-11-20;6;541
50;2025-11-20;7;1720
50;2025-11-20;8;2764
50;2025-11-20;9;2155
50;2025-11-20;10;1675
50;2025-11-20;11;1552
50;2025-11-20;12;1468
50;2025-11-20;13;1489
50;2025-11-20;14;1414
50;2025-11-20;15;1654
50;2025-11-20;16;1738
50;2025-11-20;17;2350
50;2025-11-20;18;2483
50;2025-11-20;19;1427
50;2025-11-20;20;911
50;2025-11-20;21;629
50;2025-11-20;22;283
50;2025-11-20;23;160
50;2025-11-21;0;39
50;2025-11-21;1;2
50;2025-11-21;2;0
50;2025-11-21;3;0
50;2025-11-21;4;2
50;2025-11-21;5;70
50;2025-11-21;6;538
50;2025-11-21;7;1700
50;2025-11-21;8;2725
50;2025-11-21;9;2119
50;2025-11-21;10;1615
50;2025-11-21;11;1527
50;2025-11-21;12;1453
50;2025-11-21;13;1475
50;2025-11-21;14;1416
50;2025-11-21;15;1676
50;2025-11-21;16;1807
50;2025-11-21;17;2255
50;2025-11-21;18;2149
50;2025-11-21;19;1357
50;2025-11-21;20;862
50;2025-11-21;21;611
50;2025-11-21;22;285
50;2025-11-21;23;147
50;2025-11-22;0;59
50;2025-11-22;1;3
50;2025-11-22;2;0
50;2025-11-22;3;0
50;2025-11-22;4;0
50;2025-11-22;5;27
50;2025-11-22;6;162
50;2025-11-22;7;396
50;2025-11-22;8;551
50;2025-11-22;9;572
50;2025-11-22;10;604
50;2025-11-22;11;756
50;2025-11-22;12;757
50;2025-11-22;13;823
50;2025-11-22;14;763
50;2025-11-22;15;881
50;2025-11-22;16;764
50;2025-11-22;17;788
50;2025-11-22;18;734
50;2025-11-22;19;632
50;2025-11-22;20;490
50;2025-11-22;21;395
50;2025-11-22;22;235
50;2025-11-22;23;151
50;2025-11-23;0;46
50;2025-11-23;1;1
50;2025-11-23;2;0
50;2025-11-23;3;0
50;2025-11-23;4;0
50;2025-11-23;5;15
50;2025-11-23;6;110
50;2025-11-23;7;242
50;2025-11-23;8;353
50;2025-11-23;9;439
50;2025-11-23;10;448
50;2025-11-23;11;628
50;2025-11-23;12;664
50;2025-11-23;13;711
50;2025-11-23;14;698
50;2025-11-23;15;769
50;2025-11-23;16;677
50;2025-11-23;17;691
50;2025-11-23;18;589
50;2025-11-23;19;524
50;2025-11-23;20;425
50;2025-11-23;21;337
50;2025-11-23;22;201
50;2025-11-23;23;94
50;2025-11-24;0;31
50;2025-11-24;1;1
50;2025-11-24;2;0
50;2025-11-24;3;0
50;2025-11-24;4;2
50;2025-11-24;5;65
50;2025-11-24;6;525
50;2025-11-24;7;1696
50;2025-11-24;8;2741
50;2025-11-24;9;2119
50;2025-11-24;10;1621
50;2025-11-24;11;1497
50;2025-11-24;12;1414
50;2025-11-24;13;1445
50;2025-11-24;14;1387
50;2025-11-24;15;1612
50;2025-11-24;16;1709
50;2025-11-24;17;2301
50;2025-11-24;18;2445
50;2025-11-24;19;1391
50;2025-11-24;20;883
50;2025-11-24;21;594
50;2025-11-24;22;254
50;2025-11-24;23;126
50;2025-11-25;0;32
50;2025-11-25;1;1
50;2025-11-25;2;0
50;2025-11-25;3;0
50;2025-11-25;4;3
50;2025-11-25;5;69
50;2025-11-25;6;540
50;2025-11-25;7;1728
50;2025-11-25;8;2770
50;2025-11-25;9;2157
50;2025-11-25;10;1672
50;2025-11-25;11;1556
50;2025-11-25;12;1466
50;2025-11-25;13;1491
50;2025-11-25;14;1414
50;2025-11-25;15;1662
50;2025-11-25;16;1741
50;2025-11-25;17;2349
50;2025-11-25;18;2506
50;2025-11-25;19;1430
50;2025-11-25;20;911
50;2025-11-25;21;626
50;2025-11-25;22;281
50;2025-11-25;23;154
50;2025-11-26;0;33
50;2025-11-26;1;0
50;2025-11-26;2;0
50;2025-11-26;3;0
50;2025-11-26;4;2
50;2025-11-26;5;69
50;2025-11-26;6;539
50;2025-11-26;7;1719
50;2025-11-26;8;2755
50;2025-11-26;9;2156
50;2025-11-26;10;1673
50;2025-11-26;11;1556
50;2025-11-26;12;1463
50;2025-11-26;13;1491
50;2025-11-26;14;1412
50;2025-11-26;15;1648
50;2025-11-26;16;1733
50;2025-11-26;17;2349
50;2025-11-26;18;2483
50;2025-11-26;19;1427
50;2025-11-26;20;906
50;2025-11-26;21;626
50;2025-11-26;22;281
50;2025-11-26;23;158
50;2025-11-27;0;38
50;2025-11-27;1;2
50;2025-11-27;2;0
50;2025-11-27;3;0
50;2025-11-27;4;2
50;2025-11-27;5;71
50;2025-11-27;6;541
50;2025-11-27;7;1720
50;2025-11-27;8;2764
50;2025-11-27;9;2155
50;2025-11-27;10;1675
50;2025-11-27;11;1552
50;2025-11-27;12;1468
50;2025-11-27;13;1489
50;2025-11-27;14;1414
50;2025-11-27;15;1654
50;2025-11-27;16;1738
50;2025-11-27;17;2350
50;2025-11-27;18;2483
50;2025-11-27;19;1427
50;2025-11-27;20;911
50;2025-11-27;21;629
50;2025-11-27;22;283
50;2025-11-27;23;160
50;2025-11-28;0;39
50;2025-11-28;1;2
50;2025-11-28;2;0
50;2025-11-28;3;0
50;2025-11-28;4;2
50;2025-11-28;5;70
50;2025-11-28;6;538
50;2025-11-28;7;1700
50;2025-11-28;8;2725
50;2025-11-28;9;2119
50;2025-11-28;10;1615
50;2025-11-28;11;1527
50;2025-11-28;12;1453
50;2025-11-28;13;1475
50;2025-11-28;14;1416
50;2025-11-28;15;1676
50;2025-11-28;16;1807
50;2025-11-28;17;2255
50;2025-11-28;18;2149
50;2025-11-28;19;1357
50;2025-11-28;20;862
50;2025-11-28;21;611
50;2025-11-28;22;285
50;2025-11-28;23;147
50;2025-11-29;0;59
50;2025-11-29;1;3
50;2025-11-29;2;0
50;2025-11-29;3;0
50;2025-11-29;4;0
50;2025-11-29;5;27
50;2025-11-29;6;162
50;2025-11-29;7;396
50;2025-11-29;8;551
50;2025-11-29;9;572
50;2025-11-29;10;604
50;2025-11-29;11;756
50;2025-11-29;12;757
50;2025-11-29;13;823
50;2025-11-29;14;763
50;2025-11-29;15;881
50;2025-11-29;16;764
50;2025-11-29;17;788
50;2025-11-29;18;734
50;2025-11-29;19;632
50;2025-11-29;20;490
50;2025-11-29;21;395
50;2025-11-29;22;235
50;2025-11-29;23;151
50;2025-11-30;0;46
50;2025-11-30;1;1
50;2025-11-30;2;0
50;2025-11-30;3;0
50;2025-11-30;4;0
50;2025-11-30;5;15
50;2025-11-30;6;110
50;2025-11-30;7;242
50;2025-11-30;8;353
50;2025-11-30;9;439
50;2025-11-30;10;448
50;2025-11-30;11;628
50;2025-11-30;12;664
50;2025-11-30;13;711
50;2025-11-30;14;698
50;2025-11-30;15;769
50;2025-11-30;16;677
50;2025-11-30;17;691
50;2025-11-30;18;589
50;2025-11-30;19;524
50;2025-11-30;20;425
50;2025-11-30;21;337
50;2025-11-30;22;201
50;2025-11-30;23;94
50;2025-12-01;0;35
50;2025-12-01;1;4
50;2025-12-01;2;0
50;2025-12-01;3;0
50;2025-12-01;4;2
50;2025-12-01;5;65
50;2025-12-01;6;540
50;2025-12-01;7;1691
50;2025-12-01;8;2733
50;2025-12-01;9;2115
50;2025-12-01;10;1616
50;2025-12-01;11;1499
50;2025-12-01;12;1396
50;2025-12-01;13;1411
50;2025-12-01;14;1357
50;2025-12-01;15;1609
50;2025-12-01;16;1700
50;2025-12-01;17;2299
50;2025-12-01;18;2461
50;2025-12-01;19;1393
50;2025-12-01;20;848
50;2025-12-01;21;569
50;2025-12-01;22;264
50;2025-12-01;23;116
50;2025-12-02;0;36
50;2025-12-02;1;3
50;2025-12-02;2;0
50;2025-12-02;3;0
50;2025-12-02;4;2
50;2025-12-02;5;68
50;2025-12-02;6;554
50;2025-12-02;7;1723
50;2025-12-02;8;2761
50;2025-12-02;9;2145
50;2025-12-02;10;1658
50;2025-12-02;11;1549
50;2025-12-02;12;1440
50;2025-12-02;13;1448
50;2025-12-02;14;1382
50;2025-12-02;15;1650
50;2025-12-02;16;1730
50;2025-12-02;17;2339
50;2025-12-02;18;2521
50;2025-12-02;19;1431
50;2025-12-02;20;876
50;2025-12-02;21;601
50;2025-12-02;22;290
50;2025-12-02;23;135
50;2025-12-03;0;38
50;2025-12-03;1;2
50;2025-12-03;2;0
50;2025-12-03;3;0
50;2025-12-03;4;1
50;2025-12-03;5;68
50;2025-12-03;6;554
50;2025-12-03;7;1714
50;2025-12-03;8;2745
50;2025-12-03;9;2143
50;2025-12-03;10;1659
50;2025-12-03;11;1549
50;2025-12-03;12;1437
50;2025-12-03;13;1448
50;2025-12-03;14;1380
50;2025-12-03;15;1636
50;2025-12-03;16;1722
50;2025-12-03;17;2338
50;2025-12-03;18;2498
50;2025-12-03;19;1428
50;2025-12-03;20;871
50;2025-12-03;21;601
50;2025-12-03;22;290
50;2025-12-03;23;139
50;2025-12-04;0;42
50;2025-12-04;1;4
50;2025-12-04;2;0
50;2025-12-04;3;0
50;2025-12-04;4;1
50;2025-12-04;5;70
50;2025-12-04;6;556
50;2025-12-04;7;1716
50;2025-12-04;8;2755
50;2025-12-04;9;2142
50;2025-12-04;10;1661
50;2025-12-04;11;1544
50;2025-12-04;12;1442
50;2025-12-04;13;1446
50;2025-12-04;14;1382
50;2025-12-04;15;1643
50;2025-12-04;16;1727
50;2025-12-04;17;2339
50;2025-12-04;18;2498
50;2025-12-04;19;1428
50;2025-12-04;20;875
50;2025-12-04;21;604
50;2025-12-04;22;291
50;2025-12-04;23;141
50;2025-12-05;0;43
50;2025-12-05;1;4
50;2025-12-05;2;0
50;2025-12-05;3;0
50;2025-12-05;4;1
50;2025-12-05;5;69
50;2025-12-05;6;552
50;2025-12-05;7;1694
50;2025-12-05;8;2714
50;2025-12-05;9;2114
50;2025-12-05;10;1609
50;2025-12-05;11;1527
50;2025-12-05;12;1435
50;2025-12-05;13;1440
50;2025-12-05;14;1384
50;2025-12-05;15;1672
50;2025-12-05;16;1796
50;2025-12-05;17;2252
50;2025-12-05;18;2163
50;2025-12-05;19;1356
50;2025-12-05;20;826
50;2025-12-05;21;585
50;2025-12-05;22;294
50;2025-12-05;23;135
50;2025-12-06;0;64
50;2025-12-06;1;5
50;2025-12-06;2;0
50;2025-12-06;3;0
50;2025-12-06;4;1
50;2025-12-06;5;30
50;2025-12-06;6;171
50;2025-12-06;7;405
50;2025-12-06;8;557
50;2025-12-06;9;580
50;2025-12-06;10;605
50;2025-12-06;11;753
50;2025-12-06;12;739
50;2025-12-06;13;789
50;2025-12-06;14;740
50;2025-12-06;15;873
50;2025-12-06;16;754
50;2025-12-06;17;777
50;2025-12-06;18;750
50;2025-12-06;19;652
50;2025-12-06;20;484
50;2025-12-06;21;373
50;2025-12-06;22;244
50;2025-12-06;23;130
50;2025-12-07;0;50
50;2025-12-07;1;3
50;2025-12-07;2;0
50;2025-12-07;3;0
50;2025-12-07;4;0
50;2025-12-07;5;20
50;2025-12-07;6;119
50;2025-12-07;7;254
50;2025-12-07;8;366
50;2025-12-07;9;456
50;2025-12-07;10;460
50;2025-12-07;11;637
50;2025-12-07;12;658
50;2025-12-07;13;689
50;2025-12-07;14;680
50;2025-12-07;15;773
50;2025-12-07;16;671
50;2025-12-07;17;689
50;2025-12-07;18;606
50;2025-12-07;19;546
50;2025-12-07;20;422
50;2025-12-07;21;318
50;2025-12-07;22;210
50;2025-12-07;23;84
50;2025-12-08;0;35
50;2025-12-08;1;4
50;2025-12-08;2;0
50;2025-12-08;3;0
50;2025-12-08;4;2
50;2025-12-08;5;65
50;2025-12-08;6;540
50;2025-12-08;7;1691
50;2025-12-08;8;2733
50;2025-12-08;9;2115
50;2025-12-08;10;1616
50;2025-12-08;11;1499
50;2025-12-08;12;1396
50;2025-12-08;13;1411
50;2025-12-08;14;1357
50;2025-12-08;15;1609
50;2025-12-08;16;1700
50;2025-12-08;17;2299
50;2025-12-08;18;2461
50;2025-12-08;19;1393
50;2025-12-08;20;848
50;2025-12-08;21;569
50;2025-12-08;22;264
50;2025-12-08;23;116
50;2025-12-09;0;36
50;2025-12-09;1;3
50;2025-12-09;2;0
50;2025-12-09;3;0
50;2025-12-09;4;2
50;2025-12-09;5;68
50;2025-12-09;6;554
50;2025-12-09;7;1723
50;2025-12-09;8;2761
50;2025-12-09;9;2145
50;2025-12-09;10;1658
50;2025-12-09;11;1549
50;2025-12-09;12;1440
50;2025-12-09;13;1448
50;2025-12-09;14;1382
50;2025-12-09;15;1650
50;2025-12-09;16;1730
50;2025-12-09;17;2339
50;2025-12-09;18;2521
50;2025-12-09;19;1431
50;2025-12-09;20;876
50;2025-12-09;21;601
50;2025-12-09;22;290
50;2025-12-09;23;135
50;2025-12-10;0;38
50;2025-12-10;1;2
50;2025-12-10;2;0
50;2025-12-10;3;0
50;2025-12-10;4;1
50;2025-12-10;5;68
50;2025-12-10;6;554
50;2025-12-10;7;1714
50;2025-12-10;8;2745
50;2025-12-10;9;2143
50;2025-12-10;10;1659
50;2025-12-10;11;1549
50;2025-12-10;12;1437
50;2025-12-10;13;1448
50;2025-12-10;14;1380
50;2025-12-10;15;1636
50;2025-12-10;16;1722
50;2025-12-10;17;2338
50;2025-12-10;18;2498
50;2025-12-10;19;1428
50;2025-12-10;20;871
50;2025-12-10;21;601
50;2025-12-10;22;290
50;2025-12-10;23;139
50;2025-12-11;0;42
50;2025-12-11;1;4
50;2025-12-11;2;0
50;2025-12-11;3;0
50;2025-12-11;4;1
50;2025-12-11;5;70
50;2025-12-11;6;556
50;2025-12-11;7;1716
50;2025-12-11;8;2755
50;2025-12-11;9;2142
50;2025-12-11;10;1661
50;2025-12-11;11;1544
50;2025-12-11;12;1442
50;2025-12-11;13;1446
50;2025-12-11;14;1382
50;2025-12-11;15;1643
50;2025-12-11;16;1727
50;2025-12-11;17;2339
50;2025-12-11;18;2498
50;2025-12-11;19;1428
50;2025-12-11;20;875
50;2025-12-11;21;604
50;2025-12-11;22;291
50;2025-12-11;23;141
50;2025-12-12;0;43
50;2025-12-12;1;4
50;2025-12-12;2;0
50;2025-12-12;3;0
50;2025-12-12;4;1
50;2025-12-12;5;69
50;2025-12-12;6;552
50;2025-12-12;7;1694
50;2025-12-12;8;2714
50;2025-12-12;9;2114
50;2025-12-12;10;1609
50;2025-12-12;11;1527
50;2025-12-12;12;1435
50;2025-12-12;13;1440
50;2025-12-12;14;1384
50;2025-12-12;15;1672
50;2025-12-12;16;1796
50;2025-12-12;17;2252
50;2025-12-12;18;2163
50;2025-12-12;19;1356
50;2025-12-12;20;826
50;2025-12-12;21;585
50;2025-12-12;22;294
50;2025-12-12;23;135
50;2025-12-13;0;64
50;2025-12-13;1;5
50;2025-12-13;2;0
50;2025-12-13;3;0
50;2025-12-13;4;1
50;2025-12-13;5;30
50;2025-12-13;6;171
50;2025-12-13;7;405
50;2025-12-13;8;557
50;2025-12-13;9;580
50;2025-12-13;10;605
50;2025-12-13;11;753
50;2025-12-13;12;739
50;2025-12-13;13;789
50;2025-12-13;14;740
50;2025-12-13;15;873
50;2025-12-13;16;754
50;2025-12-13;17;777
50;2025-12-13;18;750
50;2025-12-13;19;652
50;2025-12-13;20;484
50;2025-12-13;21;373
50;2025-12-13;22;244
50;2025-12-13;23;130
50;2025-12-14;0;50
50;2025-12-14;1;3
50;2025-12-14;2;0
50;2025-12-14;3;0
50;2025-12-14;4;0
50;2025-12-14;5;20
50;2025-12-14;6;119
50;2025-12-14;7;254
50;2025-12-14;8;366
50;2025-12-14;9;456
50;2025-12-14;10;460
50;2025-12-14;11;637
50;2025-12-14;12;658
50;2025-12-14;13;689
50;2025-12-14;14;680
50;2025-12-14;15;773
50;2025-12-14;16;671
50;2025-12-14;17;689
50;2025-12-14;18;606
50;2025-12-14;19;546
50;2025-12-14;20;422
50;2025-12-14;21;318
50;2025-12-14;22;210
50;2025-12-14;23;84
50;2025-12-15;0;35
50;2025-12-15;1;4
50;2025-12-15;2;0
50;2025-12-15;3;0
50;2025-12-15;4;2
50;2025-12-15;5;65
50;2025-12-15;6;540
50;2025-12-15;7;1691
50;2025-12-15;8;2733
50;2025-12-15;9;2115
50;2025-12-15;10;1616
50;2025-12-15;11;1499
50;2025-12-15;12;1396
50;2025-12-15;13;1411
50;2025-12-15;14;1357
50;2025-12-15;15;1609
50;2025-12-15;16;1700
50;2025-12-15;17;2299
50;2025-12-15;18;2461
50;2025-12-15;19;1393
50;2025-12-15;20;848
50;2025-12-15;21;569
50;2025-12-15;22;264
50;2025-12-15;23;116
50;2025-12-16;0;36
50;2025-12-16;1;3
50;2025-12-16;2;0
50;2025-12-16;3;0
50;2025-12-16;4;2
50;2025-12-16;5;68
50;2025-12-16;6;554
50;2025-12-16;7;1723
50;2025-12-16;8;2761
50;2025-12-16;9;2145
50;2025-12-16;10;1658
50;2025-12-16;11;1549
50;2025-12-16;12;1440
50;2025-12-16;13;1448
50;2025-12-16;14;1382
50;2025-12-16;15;1650
50;2025-12-16;16;1730
50;2025-12-16;17;2339
50;2025-12-16;18;2521
50;2025-12-16;19;1431
50;2025-12-16;20;876
50;2025-12-16;21;601
50;2025-12-16;22;290
50;2025-12-16;23;135
50;2025-12-17;0;38
50;2025-12-17;1;2
50;2025-12-17;2;0
50;2025-12-17;3;0
50;2025-12-17;4;1
50;2025-12-17;5;68
50;2025-12-17;6;554
50;2025-12-17;7;1714
50;2025-12-17;8;2745
50;2025-12-17;9;2143
50;2025-12-17;10;1659
50;2025-12-17;11;1549
50;2025-12-17;12;1437
50;2025-12-17;13;1448
50;2025-12-17;14;1380
50;2025-12-17;15;1636
50;2025-12-17;16;1722
50;2025-12-17;17;2338
50;2025-12-17;18;2498
50;2025-12-17;19;1428
50;2025-12-17;20;871
50;2025-12-17;21;601
50;2025-12-17;22;290
50;2025-12-17;23;139
50;2025-12-18;0;42
50;2025-12-18;1;4
50;2025-12-18;2;0
50;2025-12-18;3;0
50;2025-12-18;4;1
50;2025-12-18;5;70
50;2025-12-18;6;556
50;2025-12-18;7;1716
50;2025-12-18;8;2755
50;2025-12-18;9;2142
50;2025-12-18;10;1661
50;2025-12-18;11;1544
50;2025-12-18;12;1442
50;2025-12-18;13;1446
50;2025-12-18;14;1382
50;2025-12-18;15;1643
50;2025-12-18;16;1727
50;2025-12-18;17;2339
50;2025-12-18;18;2498
50;2025-12-18;19;1428
50;2025-12-18;20;875
50;2025-12-18;21;604
50;2025-12-18;22;291
50;2025-12-18;23;141
50;2025-12-19;0;43
50;2025-12-19;1;4
50;2025-12-19;2;0
50;2025-12-19;3;0
50;2025-12-19;4;1
50;2025-12-19;5;69
50;2025-12-19;6;552
50;2025-12-19;7;1694
50;2025-12-19;8;2714
50;2025-12-19;9;2114
50;2025-12-19;10;1609
50;2025-12-19;11;1527
50;2025-12-19;12;1435
50;2025-12-19;13;1440
50;2025-12-19;14;1384
50;2025-12-19;15;1672
50;2025-12-19;16;1796
50;2025-12-19;17;2252
50;2025-12-19;18;2163
50;2025-12-19;19;1356
50;2025-12-19;20;826
50;2025-12-19;21;585
50;2025-12-19;22;294
50;2025-12-19;23;135
50;2025-12-20;0;64
50;2025-12-20;1;5
50;2025-12-20;2;0
50;2025-12-20;3;0
50;2025-12-20;4;1
50;2025-12-20;5;30
50;2025-12-20;6;171
50;2025-12-20;7;405
50;2025-12-20;8;557
50;2025-12-20;9;580
50;2025-12-20;10;605
50;2025-12-20;11;753
50;2025-12-20;12;739
50;2025-12-20;13;789
50;2025-12-20;14;740
50;2025-12-20;15;873
50;2025-12-20;16;754
50;2025-12-20;17;777
50;2025-12-20;18;750
50;2025-12-20;19;652
50;2025-12-20;20;484
50;2025-12-20;21;373
50;2025-12-20;22;244
50;2025-12-20;23;130
50;2025-12-21;0;50
50;2025-12-21;1;3
50;2025-12-21;2;0
50;2025-12-21;3;0
50;2025-12-21;4;0
50;2025-12-21;5;20
50;2025-12-21;6;119
50;2025-12-21;7;254
50;2025-12-21;8;366
50;2025-12-21;9;456
50;2025-12-21;10;460
50;2025-12-21;11;637
50;2025-12-21;12;658
50;2025-12-21;13;689
50;2025-12-21;14;680
50;2025-12-21;15;773
50;2025-12-21;16;671
50;2025-12-21;17;689
50;2025-12-21;18;606
50;2025-12-21;19;546
50;2025-12-21;20;422
50;2025-12-21;21;318
50;2025-12-21;22;210
50;2025-12-21;23;84
50;2025-12-22;0;35
50;2025-12-22;1;4
50;2025-12-22;2;0
50;2025-12-22;3;0
50;2025-12-22;4;2
50;2025-12-22;5;65
50;2025-12-22;6;540
50;2025-12-22;7;1691
50;2025-12-22;8;2733
50;2025-12-22;9;2115
50;2025-12-22;10;1616
50;2025-12-22;11;1499
50;2025-12-22;12;1396
50;2025-12-22;13;1411
50;2025-12-22;14;1357
50;2025-12-22;15;1609
50;2025-12-22;16;1700
50;2025-12-22;17;2299
50;2025-12-22;18;2461
50;2025-12-22;19;1393
50;2025-12-22;20;848
50;2025-12-22;21;569
50;2025-12-22;22;264
50;2025-12-22;23;116
50;2025-12-23;0;36
50;2025-12-23;1;3
50;2025-12-23;2;0
50;2025-12-23;3;0
50;2025-12-23;4;2
50;2025-12-23;5;68
50;2025-12-23;6;554
50;2025-12-23;7;1723
50;2025-12-23;8;2761
50;2025-12-23;9;2145
50;2025-12-23;10;1658
50;2025-12-23;11;1549
50;2025-12-23;12;1440
50;2025-12-23;13;1448
50;2025-12-23;14;1382
50;2025-12-23;15;1650
50;2025-12-23;16;1730
50;2025-12-23;17;2339
50;2025-12-23;18;2521
50;2025-12-23;19;1431
50;2025-12-23;20;876
50;2025-12-23;21;601
50;2025-12-23;22;290
50;2025-12-23;23;135
50;2025-12-24;0;38
50;2025-12-24;1;2
50;2025-12-24;2;0
50;2025-12-24;3;0
50;2025-12-24;4;1
50;2025-12-24;5;68
50;2025-12-24;6;554
50;2025-12-24;7;1714
50;2025-12-24;8;2745
50;2025-12-24;9;2143
50;2025-12-24;10;1659
50;2025-12-24;11;1549
50;2025-12-24;12;1437
50;2025-12-24;13;1448
50;2025-12-24;14;1380
50;2025-12-24;15;1636
50;2025-12-24;16;1722
50;2025-12-24;17;2338
50;2025-12-24;18;2498
50;2025-12-24;19;1428
50;2025-12-24;20;871
50;2025-12-24;21;601
50;2025-12-24;22;290
50;2025-12-24;23;139
50;2025-12-25;0;42
50;2025-12-25;1;4
50;2025-12-25;2;0
50;2025-12-25;3;0
50;2025-12-25;4;1
50;2025-12-25;5;70
50;2025-12-25;6;556
50;2025-12-25;7;1716
50;2025-12-25;8;2755
50;2025-12-25;9;2142
50;2025-12-25;10;1661
50;2025-12-25;11;1544
50;2025-12-25;12;1442
50;2025-12-25;13;1446
50;2025-12-25;14;1382
50;2025-12-25;15;1643
50;2025-12-25;16;1727
50;2025-12-25;17;2339
50;2025-12-25;18;2498
50;2025-12-25;19;1428
50;2025-12-25;20;875
50;2025-12-25;21;604
50;2025-12-25;22;291
50;2025-12-25;23;141
50;2025-12-26;0;43
50;2025-12-26;1;4
50;2025-12-26;2;0
50;2025-12-26;3;0
50;2025-12-26;4;1
50;2025-12-26;5;69
50;2025-12-26;6;552
50;2025-12-26;7;1694
50;2025-12-26;8;2714
50;2025-12-26;9;2114
50;2025-12-26;10;1609
50;2025-12-26;11;1527
50;2025-12-26;12;1435
50;2025-12-26;13;1440
50;2025-12-26;14;1384
50;2025-12-26;15;1672
50;2025-12-26;16;1796
50;2025-12-26;17;2252
50;2025-12-26;18;2163
50;2025-12-26;19;1356
50;2025-12-26;20;826
50;2025-12-26;21;585
50;2025-12-26;22;294
50;2025-12-26;23;135
50;2025-12-27;0;64
50;2025-12-27;1;5
50;2025-12-27;2;0
50;2025-12-27;3;0
50;2025-12-27;4;1
50;2025-12-27;5;30
50;2025-12-27;6;171
50;2025-12-27;7;405
50;2025-12-27;8;557
50;2025-12-27;9;580
50;2025-12-27;10;605
50;2025-12-27;11;753
50;2025-12-27;12;739
50;2025-12-27;13;789
50;2025-12-27;14;740
50;2025-12-27;15;873
50;2025-12-27;16;754
50;2025-12-27;17;777
50;2025-12-27;18;750
50;2025-12-27;19;652
50;2025-12-27;20;484
50;2025-12-27;21;373
50;2025-12-27;22;244
50;2025-12-27;23;130
50;2025-12-28;0;50
50;2025-12-28;1;3
50;2025-12-28;2;0
50;2025-12-28;3;0
50;2025-12-28;4;0
50;2025-12-28;5;20
50;2025-12-28;6;119
50;2025-12-28;7;254
50;2025-12-28;8;366
50;2025-12-28;9;456
50;2025-12-28;10;460
50;2025-12-28;11;637
50;2025-12-28;12;658
50;2025-12-28;13;689
50;2025-12-28;14;680
50;2025-12-28;15;773
50;2025-12-28;16;671
50;2025-12-28;17;689
50;2025-12-28;18;606
50;2025-12-28;19;546
50;2025-12-28;20;422
50;2025-12-28;21;318
50;2025-12-28;22;210
50;2025-12-28;23;84
50;2025-12-29;0;35
50;2025-12-29;1;4
50;2025-12-29;2;0
50;2025-12-29;3;0
50;2025-12-29;4;2
50;2025-12-29;5;65
50;2025-12-29;6;540
50;2025-12-29;7;1691
50;2025-12-29;8;2733
50;2025-12-29;9;2115
50;2025-12-29;10;1616
50;2025-12-29;11;1499
50;2025-12-29;12;1396
50;2025-12-29;13;1411
50;2025-12-29;14;1357
50;2025-12-29;15;1609
50;2025-12-29;16;1700
50;2025-12-29;17;2299
50;2025-12-29;18;2461
50;2025-12-29;19;1393
50;2025-12-29;20;848
50;2025-12-29;21;569
50;2025-12-29;22;264
50;2025-12-29;23;116
50;2025-12-30;0;36
50;2025-12-30;1;3
50;2025-12-30;2;0
50;2025-12-30;3;0
50;2025-12-30;4;2
50;2025-12-30;5;68
50;2025-12-30;6;554
50;2025-12-30;7;1723
50;2025-12-30;8;2761
50;2025-12-30;9;2145
50;2025-12-30;10;1658
50;2025-12-30;11;1549
50;2025-12-30;12;1440
50;2025-12-30;13;1448
50;2025-12-30;14;1382
50;2025-12-30;15;1650
50;2025-12-30;16;1730
50;2025-12-30;17;2339
50;2025-12-30;18;2521
50;2025-12-30;19;1431
50;2025-12-30;20;876
50;2025-12-30;21;601
50;2025-12-30;22;290
50;2025-12-30;23;135
50;2025-12-31;0;21
50;2025-12-31;1;0
50;2025-12-31;2;0
50;2025-12-31;3;0
50;2025-12-31;4;8
50;2025-12-31;5;0
50;2025-12-31;6;255
50;2025-12-31;7;668
50;2025-12-31;8;703
50;2025-12-31;9;697
50;2025-12-31;10;651
50;2025-12-31;11;705
50;2025-12-31;12;661
50;2025-12-31;13;682
50;2025-12-31;14;652
50;2025-12-31;15;782
50;2025-12-31;16;682
50;2025-12-31;17;898
50;2025-12-31;18;1096
50;2025-12-31;19;669
50;2025-12-31;20;506
50;2025-12-31;21;407
50;2025-12-31;22;246
50;2025-12-31;23;88
