route;date;hour;prediction
1;2025-11-01;0;12
1;2025-11-01;1;0
1;2025-11-01;2;0
1;2025-11-01;3;0
1;2025-11-01;4;0
1;2025-11-01;5;48
1;2025-11-01;6;212
1;2025-11-01;7;434
1;2025-11-01;8;1356
1;2025-11-01;9;1433
1;2025-11-01;10;1362
1;2025-11-01;11;1410
1;2025-11-01;12;1507
1;2025-11-01;13;1510
1;2025-11-01;14;1462
1;2025-11-01;15;1602
1;2025-11-01;16;1539
1;2025-11-01;17;1611
1;2025-11-01;18;1587
1;2025-11-01;19;1286
1;2025-11-01;20;835
1;2025-11-01;21;369
1;2025-11-01;22;176
1;2025-11-01;23;70
1;2025-11-02;0;0
1;2025-11-02;1;0
1;2025-11-02;2;0
1;2025-11-02;3;0
1;2025-11-02;4;0
1;2025-11-02;5;26
1;2025-11-02;6;120
1;2025-11-02;7;260
1;2025-11-02;8;389
1;2025-11-02;9;599
1;2025-11-02;10;705
1;2025-11-02;11;679
1;2025-11-02;12;887
1;2025-11-02;13;912
1;2025-11-02;14;847
1;2025-11-02;15;746
1;2025-11-02;16;670
1;2025-11-02;17;642
1;2025-11-02;18;553
1;2025-11-02;19;453
1;2025-11-02;20;372
1;2025-11-02;21;266
1;2025-11-02;22;115
1;2025-11-02;23;33
1;2025-11-03;0;0
1;2025-11-03;1;0
1;2025-11-03;2;0
1;2025-11-03;3;0
1;2025-11-03;4;0
1;2025-11-03;5;40
1;2025-11-03;6;260
1;2025-11-03;7;585
1;2025-11-03;8;757
1;2025-11-03;9;603
1;2025-11-03;10;707
1;2025-11-03;11;631
1;2025-11-03;12;804
1;2025-11-03;13;875
1;2025-11-03;14;844
1;2025-11-03;15;722
1;2025-11-03;16;722
1;2025-11-03;17;774
1;2025-11-03;18;663
1;2025-11-03;19;586
1;2025-11-03;20;429
1;2025-11-03;21;361
1;2025-11-03;22;180
1;2025-11-03;23;10
1;2025-11-04;0;0
1;2025-11-04;1;0
1;2025-11-04;2;0
1;2025-11-04;3;0
1;2025-11-04;4;1
1;2025-11-04;5;36
1;2025-11-04;6;228
1;2025-11-04;7;279
1;2025-11-04;8;378
1;2025-11-04;9;528
1;2025-11-04;10;624
1;2025-11-04;11;554
1;2025-11-04;12;680
1;2025-11-04;13;736
1;2025-11-04;14;720
1;2025-11-04;15;591
1;2025-11-04;16;578
1;2025-11-04;17;551
1;2025-11-04;18;481
1;2025-11-04;19;413
1;2025-11-04;20;356
1;2025-11-04;21;352
1;2025-11-04;22;166
1;2025-11-04;23;19
1;2025-11-05;0;3
1;2025-11-05;1;0
1;2025-11-05;2;0
1;2025-11-05;3;0
1;2025-11-05;4;9
1;2025-11-05;5;136
1;2025-11-05;6;526
1;2025-11-05;7;1500
1;2025-11-05;8;1943
1;2025-11-05;9;1478
1;2025-11-05;10;1351
1;2025-11-05;11;1373
1;2025-11-05;12;1397
1;2025-11-05;13;1432
1;2025-11-05;14;1394
1;2025-11-05;15;1524
1;2025-11-05;16;1508
1;2025-11-05;17;1780
1;2025-11-05;18;1805
1;2025-11-05;19;1396
1;2025-11-05;20;884
1;2025-11-05;21;488
1;2025-11-05;22;248
1;2025-11-05;23;45
1;2025-11-06;0;5
1;2025-11-06;1;0
1;2025-11-06;2;0
1;2025-11-06;3;0
1;2025-11-06;4;9
1;2025-11-06;5;134
1;2025-11-06;6;525
1;2025-11-06;7;1504
1;2025-11-06;8;1944
1;2025-11-06;9;1482
1;2025-11-06;10;1357
1;2025-11-06;11;1377
1;2025-11-06;12;1401
1;2025-11-06;13;1434
1;2025-11-06;14;1397
1;2025-11-06;15;1527
1;2025-11-06;16;1511
1;2025-11-06;17;1780
1;2025-11-06;18;1807
1;2025-11-06;19;1394
1;2025-11-06;20;883
1;2025-11-06;21;490
1;2025-11-06;22;249
1;2025-11-06;23;47
1;2025-11-07;0;5
1;2025-11-07;1;0
1;2025-11-07;2;0
1;2025-11-07;3;0
1;2025-11-07;4;9
1;2025-11-07;5;132
1;2025-11-07;6;515
1;2025-11-07;7;1484
1;2025-11-07;8;1882
1;2025-11-07;9;1450
1;2025-11-07;10;1327
1;2025-11-07;11;1363
1;2025-11-07;12;1390
1;2025-11-07;13;1421
1;2025-11-07;14;1396
1;2025-11-07;15;1530
1;2025-11-07;16;1530
1;2025-11-07;17;1749
1;2025-11-07;18;1622
1;2025-11-07;19;1287
1;2025-11-07;20;854
1;2025-11-07;21;487
1;2025-11-07;22;248
1;2025-11-07;23;48
1;2025-11-08;0;10
1;2025-11-08;1;0
1;2025-11-08;2;0
1;2025-11-08;3;0
1;2025-11-08;4;0
1;2025-11-08;5;37
1;2025-11-08;6;179
1;2025-11-08;7;372
1;2025-11-08;8;517
1;2025-11-08;9;721
1;2025-11-08;10;852
1;2025-11-08;11;796
1;2025-11-08;12;977
1;2025-11-08;13;1010
1;2025-11-08;14;967
1;2025-11-08;15;867
1;2025-11-08;16;784
1;2025-11-08;17;740
1;2025-11-08;18;654
1;2025-11-08;19;590
1;2025-11-08;20;449
1;2025-11-08;21;314
1;2025-11-08;22;140
1;2025-11-08;23;41
1;2025-11-09;0;0
1;2025-11-09;1;0
1;2025-11-09;2;0
1;2025-11-09;3;0
1;2025-11-09;4;0
1;2025-11-09;5;26
1;2025-11-09;6;120
1;2025-11-09;7;260
1;2025-11-09;8;389
1;2025-11-09;9;599
1;2025-11-09;10;705
1;2025-11-09;11;679
1;2025-11-09;12;887
1;2025-11-09;13;912
1;2025-11-09;14;847
1;2025-11-09;15;746
1;2025-11-09;16;670
1;2025-11-09;17;642
1;2025-11-09;18;553
1;2025-11-09;19;453
1;2025-11-09;20;372
1;2025-11-09;21;266
1;2025-11-09;22;115
1;2025-11-09;23;33
1;2025-11-10;0;0
1;2025-11-10;1;0
1;2025-11-10;2;0
1;2025-11-10;3;0
1;2025-11-10;4;9
1;2025-11-10;5;129
1;2025-11-10;6;510
1;2025-11-10;7;1472
1;2025-11-10;8;1897
1;2025-11-10;9;1442
1;2025-11-10;10;1299
1;2025-11-10;11;1336
1;2025-11-10;12;1359
1;2025-11-10;13;1375
1;2025-11-10;14;1338
1;2025-11-10;15;1481
1;2025-11-10;16;1482
1;2025-11-10;17;1745
1;2025-11-10;18;1777
1;2025-11-10;19;1377
1;2025-11-10;20;861
1;2025-11-10;21;460
1;2025-11-10;22;227
1;2025-11-10;23;36
1;2025-11-11;0;3
1;2025-11-11;1;0
1;2025-11-11;2;0
1;2025-11-11;3;0
1;2025-11-11;4;10
1;2025-11-11;5;133
1;2025-11-11;6;526
1;2025-11-11;7;1505
1;2025-11-11;8;1943
1;2025-11-11;9;1481
1;2025-11-11;10;1356
1;2025-11-11;11;1375
1;2025-11-11;12;1399
1;2025-11-11;13;1430
1;2025-11-11;14;1382
1;2025-11-11;15;1518
1;2025-11-11;16;1510
1;2025-11-11;17;1780
1;2025-11-11;18;1807
1;2025-11-11;19;1397
1;2025-11-11;20;885
1;2025-11-11;21;486
1;2025-11-11;22;244
1;2025-11-11;23;43
1;2025-11-12;0;3
1;2025-11-12;1;0
1;2025-11-12;2;0
1;2025-11-12;3;0
1;2025-11-12;4;9
1;2025-11-12;5;136
1;2025-11-12;6;526
1;2025-11-12;7;1500
1;2025-11-12;8;1943
1;2025-11-12;9;1478
1;2025-11-12;10;1351
1;2025-11-12;11;1373
1;2025-11-12;12;1397
1;2025-11-12;13;1432
1;2025-11-12;14;1394
1;2025-11-12;15;1524
1;2025-11-12;16;1508
1;2025-11-12;17;1780
1;2025-11-12;18;1805
1;2025-11-12;19;1396
1;2025-11-12;20;884
1;2025-11-12;21;488
1;2025-11-12;22;248
1;2025-11-12;23;45
1;2025-11-13;0;5
1;2025-11-13;1;0
1;2025-11-13;2;0
1;2025-11-13;3;0
1;2025-11-13;4;9
1;2025-11-13;5;134
1;2025-11-13;6;525
1;2025-11-13;7;1504
1;2025-11-13;8;1944
1;2025-11-13;9;1482
1;2025-11-13;10;1357
1;2025-11-13;11;1377
1;2025-11-13;12;1401
1;2025-11-13;13;1434
1;2025-11-13;14;1397
1;2025-11-13;15;1527
1;2025-11-13;16;1511
1;2025-11-13;17;1780
1;2025-11-13;18;1807
1;2025-11-13;19;1394
1;2025-11-13;20;883
1;2025-11-13;21;490
1;2025-11-13;22;249
1;2025-11-13;23;47
1;2025-11-14;0;5
1;2025-11-14;1;0
1;2025-11-14;2;0
1;2025-11-14;3;0
1;2025-11-14;4;9
1;2025-11-14;5;132
1;2025-11-14;6;515
1;2025-11-14;7;1484
1;2025-11-14;8;1882
1;2025-11-14;9;1450
1;2025-11-14;10;1327
1;2025-11-14;11;1363
1;2025-11-14;12;1390
1;2025-11-14;13;1421
1;2025-11-14;14;1396
1;2025-11-14;15;1530
1;2025-11-14;16;1530
1;2025-11-14;17;1749
1;2025-11-14;18;1622
1;2025-11-14;19;1287
1;2025-11-14;20;854
1;2025-11-14;21;487
1;2025-11-14;22;248
1;2025-11-14;23;48
1;2025-11-15;0;10
1;2025-11-15;1;0
1;2025-11-15;2;0
1;2025-11-15;3;0
1;2025-11-15;4;0
1;2025-11-15;5;37
1;2025-11-15;6;179
1;2025-11-15;7;372
1;2025-11-15;8;517
1;2025-11-15;9;721
1;2025-11-15;10;852
1;2025-11-15;11;796
1;2025-11-15;12;977
1;2025-11-15;13;1010
1;2025-11-15;14;967
1;2025-11-15;15;867
1;2025-11-15;16;784
1;2025-11-15;17;740
1;2025-11-15;18;654
1;2025-11-15;19;590
1;2025-11-15;20;449
1;2025-11-15;21;314
1;2025-11-15;22;140
1;2025-11-15;23;41
1;2025-11-16;0;0
1;2025-11-16;1;0
1;2025-11-16;2;0
1;2025-11-16;3;0
1;2025-11-16;4;0
1;2025-11-16;5;26
1;2025-11-16;6;120
1;2025-11-16;7;260
1;2025-11-16;8;389
1;2025-11-16;9;599
1;2025-11-16;10;705
1;2025-11-16;11;679
1;2025-11-16;12;887
1;2025-11-16;13;912
1;2025-11-16;14;847
1;2025-11-16;15;746
1;2025-11-16;16;670
1;2025-11-16;17;642
1;2025-11-16;18;553
1;2025-11-16;19;453
1;2025-11-16;20;372
1;2025-11-16;21;266
1;2025-11-16;22;115
1;2025-11-16;23;33
1;2025-11-17;0;0
1;2025-11-17;1;0
1;2025-11-17;2;0
1;2025-11-17;3;0
1;2025-11-17;4;9
1;2025-11-17;5;129
1;2025-11-17;6;510
1;2025-11-17;7;1472
1;2025-11-17;8;1897
1;2025-11-17;9;1442
1;2025-11-17;10;1299
1;2025-11-17;11;1336
1;2025-11-17;12;1359
1;2025-11-17;13;1375
1;2025-11-17;14;1338
1;2025-11-17;15;1481
1;2025-11-17;16;1482
1;2025-11-17;17;1745
1;2025-11-17;18;1777
1;2025-11-17;19;1377
1;2025-11-17;20;861
1;2025-11-17;21;460
1;2025-11-17;22;227
1;2025-11-17;23;36
1;2025-11-18;0;3
1;2025-11-18;1;0
1;2025-11-18;2;0
1;2025-11-18;3;0
1;2025-11-18;4;10
1;2025-11-18;5;133
1;2025-11-18;6;526
1;2025-11-18;7;1505
1;2025-11-18;8;1943
1;2025-11-18;9;1481
1;2025-11-18;10;1356
1;2025-11-18;11;1375
1;2025-11-18;12;1399
1;2025-11-18;13;1430
1;2025-11-18;14;1382
1;2025-11-18;15;1518
1;2025-11-18;16;1510
1;2025-11-18;17;1780
1;2025-11-18;18;1807
1;2025-11-18;19;1397
1;2025-11-18;20;885
1;2025-11-18;21;486
1;2025-11-18;22;244
1;2025-11-18;23;43
1;2025-11-19;0;3
1;2025-11-19;1;0
1;2025-11-19;2;0
1;2025-11-19;3;0
1;2025-11-19;4;9
1;2025-11-19;5;136
1;2025-11-19;6;526
1;2025-11-19;7;1500
1;2025-11-19;8;1943
1;2025-11-19;9;1478
1;2025-11-19;10;1351
1;2025-11-19;11;1373
1;2025-11-19;12;1397
1;2025-11-19;13;1432
1;2025-11-19;14;1394
1;2025-11-19;15;1524
1;2025-11-19;16;1508
1;2025-11-19;17;1780
1;2025-11-19;18;1805
1;2025-11-19;19;1396
1;2025-11-19;20;884
1;2025-11-19;21;488
1;2025-11-19;22;248
1;2025-11-19;23;45
1;2025-11-20;0;5
1;2025-11-20;1;0
1;2025-11-20;2;0
1;2025-11-20;3;0
1;2025-11-20;4;9
1;2025-11-20;5;134
1;2025-11-20;6;525
1;2025-11-20;7;1504
1;2025-11-20;8;1944
1;2025-11-20;9;1482
1;2025-11-20;10;1357
1;2025-11-20;11;1377
1;2025-11-20;12;1401
1;2025-11-20;13;1434
1;2025-11-20;14;1397
1;2025-11-20;15;1527
1;2025-11-20;16;1511
1;2025-11-20;17;1780
1;2025-11-20;18;1807
1;2025-11-20;19;1394
1;2025-11-20;20;883
1;2025-11-20;21;490
1;2025-11-20;22;249
1;2025-11-20;23;47
1;2025-11-21;0;5
1;2025-11-21;1;0
1;2025-11-21;2;0
1;2025-11-21;3;0
1;2025-11-21;4;9
1;2025-11-21;5;132
1;2025-11-21;6;515
1;2025-11-21;7;1484
1;2025-11-21;8;1882
1;2025-11-21;9;1450
1;2025-11-21;10;1327
1;2025-11-21;11;1363
1;2025-11-21;12;1390
1;2025-11-21;13;1421
1;2025-11-21;14;1396
1;2025-11-21;15;1530
1;2025-11-21;16;1530
1;2025-11-21;17;1749
1;2025-11-21;18;1622
1;2025-11-21;19;1287
1;2025-11-21;20;854
1;2025-11-21;21;487
1;2025-11-21;22;248
1;2025-11-21;23;48
1;2025-11-22;0;10
1;2025-11-22;1;0
1;2025-11-22;2;0
1;2025-11-22;3;0
1;2025-11-22;4;0
1;2025-11-22;5;37
1;2025-11-22;6;179
1;2025-11-22;7;372
1;2025-11-22;8;517
1;2025-11-22;9;721
1;2025-11-22;10;852
1;2025-11-22;11;796
1;2025-11-22;12;977
1;2025-11-22;13;1010
1;2025-11-22;14;967
1;2025-11-22;15;867
1;2025-11-22;16;784
1;2025-11-22;17;740
1;2025-11-22;18;654
1;2025-11-22;19;590
1;2025-11-22;20;449
1;2025-11-22;21;314
1;2025-11-22;22;140
1;2025-11-22;23;41
1;2025-11-23;0;0
1;2025-11-23;1;0
1;2025-11-23;2;0
1;2025-11-23;3;0
1;2025-11-23;4;0
1;2025-11-23;5;26
1;2025-11-23;6;120
1;2025-11-23;7;260
1;2025-11-23;8;389
1;2025-11-23;9;599
1;2025-11-23;10;705
1;2025-11-23;11;679
1;2025-11-23;12;887
1;2025-11-23;13;912
1;2025-11-23;14;847
1;2025-11-23;15;746
1;2025-11-23;16;670
1;2025-11-23;17;642
1;2025-11-23;18;553
1;2025-11-23;19;453
1;2025-11-23;20;372
1;2025-11-23;21;266
1;2025-11-23;22;115
1;2025-11-23;23;33
1;2025-11-24;0;0
1;2025-11-24;1;0
1;2025-11-24;2;0
1;2025-11-24;3;0
1;2025-11-24;4;9
1;2025-11-24;5;129
1;2025-11-24;6;510
1;2025-11-24;7;1472
1;2025-11-24;8;1897
1;2025-11-24;9;1442
1;2025-11-24;10;1299
1;2025-11-24;11;1336
1;2025-11-24;12;1359
1;2025-11-24;13;1375
1;2025-11-24;14;1338
1;2025-11-24;15;1481
1;2025-11-24;16;1482
1;2025-11-24;17;1745
1;2025-11-24;18;1777
1;2025-11-24;19;1377
1;2025-11-24;20;861
1;2025-11-24;21;460
1;2025-11-24;22;227
1;2025-11-24;23;36
1;2025-11-25;0;3
1;2025-11-25;1;0
1;2025-11-25;2;0
1;2025-11-25;3;0
1;2025-11-25;4;10
1;2025-11-25;5;133
1;2025-11-25;6;526
1;2025-11-25;7;1505
1;2025-11-25;8;1943
1;2025-11-25;9;1481
1;2025-11-25;10;1356
1;2025-11-25;11;1375
1;2025-11-25;12;1399
1;2025-11-25;13;1430
1;2025-11-25;14;1382
1;2025-11-25;15;1518
1;2025-11-25;16;1510
1;2025-11-25;17;1780
1;2025-11-25;18;1807
1;2025-11-25;19;1397
1;2025-11-25;20;885
1;2025-11-25;21;486
1;2025-11-25;22;244
1;2025-11-25;23;43
1;2025-11-26;0;3
1;2025-11-26;1;0
1;2025-11-26;2;0
1;2025-11-26;3;0
1;2025-11-26;4;9
1;2025-11-26;5;136
1;2025-11-26;6;526
1;2025-11-26;7;1500
1;2025-11-26;8;1943
1;2025-11-26;9;1478
1;2025-11-26;10;1351
1;2025-11-26;11;1373
1;2025-11-26;12;1397
1;2025-11-26;13;1432
1;2025-11-26;14;1394
1;2025-11-26;15;1524
1;2025-11-26;16;1508
1;2025-11-26;17;1780
1;2025-11-26;18;1805
1;2025-11-26;19;1396
1;2025-11-26;20;884
1;2025-11-26;21;488
1;2025-11-26;22;248
1;2025-11-26;23;45
1;2025-11-27;0;5
1;2025-11-27;1;0
1;2025-11-27;2;0
1;2025-11-27;3;0
1;2025-11-27;4;9
1;2025-11-27;5;134
1;2025-11-27;6;525
1;2025-11-27;7;1504
1;2025-11-27;8;1944
1;2025-11-27;9;1482
1;2025-11-27;10;1357
1;2025-11-27;11;1377
1;2025-11-27;12;1401
1;2025-11-27;13;1434
1;2025-11-27;14;1397
1;2025-11-27;15;1527
1;2025-11-27;16;1511
1;2025-11-27;17;1780
1;2025-11-27;18;1807
1;2025-11-27;19;1394
1;2025-11-27;20;883
1;2025-11-27;21;490
1;2025-11-27;22;249
1;2025-11-27;23;47
1;2025-11-28;0;5
1;2025-11-28;1;0
1;2025-11-28;2;0
1;2025-11-28;3;0
1;2025-11-28;4;9
1;2025-11-28;5;132
1;2025-11-28;6;515
1;2025-11-28;7;1484
1;2025-11-28;8;1882
1;2025-11-28;9;1450
1;2025-11-28;10;1327
1;2025-11-28;11;1363
1;2025-11-28;12;1390
1;2025-11-28;13;1421
1;2025-11-28;14;1396
1;2025-11-28;15;1530
1;2025-11-28;16;1530
1;2025-11-28;17;1749
1;2025-11-28;18;1622
1;2025-11-28;19;1287
1;2025-11-28;20;854
1;2025-11-28;21;487
1;2025-11-28;22;248
1;2025-11-28;23;48
1;2025-11-29;0;10
1;2025-11-29;1;0
1;2025-11-29;2;0
1;2025-11-29;3;0
1;2025-11-29;4;0
1;2025-11-29;5;37
1;2025-11-29;6;179
1;2025-11-29;7;372
1;2025-11-29;8;517
1;2025-11-29;9;721
1;2025-11-29;10;852
1;2025-11-29;11;796
1;2025-11-29;12;977
1;2025-11-29;13;1010
1;2025-11-29;14;967
1;2025-11-29;15;867
1;2025-11-29;16;784
1;2025-11-29;17;740
1;2025-11-29;18;654
1;2025-11-29;19;590
1;2025-11-29;20;449
1;2025-11-29;21;314
1;2025-11-29;22;140
1;2025-11-29;23;41
1;2025-11-30;0;0
1;2025-11-30;1;0
1;2025-11-30;2;0
1;2025-11-30;3;0
1;2025-11-30;4;0
1;2025-11-30;5;26
1;2025-11-30;6;120
1;2025-11-30;7;260
1;2025-11-30;8;389
1;2025-11-30;9;599
1;2025-11-30;10;705
1;2025-11-30;11;679
1;2025-11-30;12;887
1;2025-11-30;13;912
1;2025-11-30;14;847
1;2025-11-30;15;746
1;2025-11-30;16;670
1;2025-11-30;17;642
1;2025-11-30;18;553
1;2025-11-30;19;453
1;2025-11-30;20;372
1;2025-11-30;21;266
1;2025-11-30;22;115
1;2025-11-30;23;33
1;2025-12-01;0;2
1;2025-12-01;1;0
1;2025-12-01;2;0
1;2025-12-01;3;0
1;2025-12-01;4;5
1;2025-12-01;5;126
1;2025-12-01;6;522
1;2025-12-01;7;1430
1;2025-12-01;8;1827
1;2025-12-01;9;1397
1;2025-12-01;10;1243
1;2025-12-01;11;1301
1;2025-12-01;12;1328
1;2025-12-01;13;1341
1;2025-12-01;14;1286
1;2025-12-01;15;1456
1;2025-12-01;16;1447
1;2025-12-01;17;1695
1;2025-12-01;18;1732
1;2025-12-01;19;1366
1;2025-12-01;20;826
1;2025-12-01;21;439
1;2025-12-01;22;223
1;2025-12-01;23;47
1;2025-12-02;0;4
1;2025-12-02;1;0
1;2025-12-02;2;0
1;2025-12-02;3;0
1;2025-12-02;4;5
1;2025-12-02;5;131
1;2025-12-02;6;531
1;2025-12-02;7;1452
1;2025-12-02;8;1857
1;2025-12-02;9;1425
1;2025-12-02;10;1278
1;2025-12-02;11;1330
1;2025-12-02;12;1357
1;2025-12-02;13;1387
1;2025-12-02;14;1309
1;2025-12-02;15;1481
1;2025-12-02;16;1463
1;2025-12-02;17;1723
1;2025-12-02;18;1757
1;2025-12-02;19;1379
1;2025-12-02;20;844
1;2025-12-02;21;458
1;2025-12-02;22;241
1;2025-12-02;23;54
1;2025-12-03;0;4
1;2025-12-03;1;0
1;2025-12-03;2;0
1;2025-12-03;3;0
1;2025-12-03;4;5
1;2025-12-03;5;134
1;2025-12-03;6;531
1;2025-12-03;7;1446
1;2025-12-03;8;1856
1;2025-12-03;9;1421
1;2025-12-03;10;1273
1;2025-12-03;11;1328
1;2025-12-03;12;1355
1;2025-12-03;13;1389
1;2025-12-03;14;1321
1;2025-12-03;15;1487
1;2025-12-03;16;1461
1;2025-12-03;17;1724
1;2025-12-03;18;1755
1;2025-12-03;19;1378
1;2025-12-03;20;843
1;2025-12-03;21;460
1;2025-12-03;22;244
1;2025-12-03;23;57
1;2025-12-04;0;6
1;2025-12-04;1;0
1;2025-12-04;2;0
1;2025-12-04;3;0
1;2025-12-04;4;5
1;2025-12-04;5;132
1;2025-12-04;6;531
1;2025-12-04;7;1451
1;2025-12-04;8;1857
1;2025-12-04;9;1425
1;2025-12-04;10;1279
1;2025-12-04;11;1332
1;2025-12-04;12;1359
1;2025-12-04;13;1391
1;2025-12-04;14;1323
1;2025-12-04;15;1490
1;2025-12-04;16;1465
1;2025-12-04;17;1724
1;2025-12-04;18;1758
1;2025-12-04;19;1377
1;2025-12-04;20;842
1;2025-12-04;21;462
1;2025-12-04;22;246
1;2025-12-04;23;59
1;2025-12-05;0;6
1;2025-12-05;1;0
1;2025-12-05;2;0
1;2025-12-05;3;0
1;2025-12-05;4;4
1;2025-12-05;5;129
1;2025-12-05;6;522
1;2025-12-05;7;1432
1;2025-12-05;8;1797
1;2025-12-05;9;1396
1;2025-12-05;10;1251
1;2025-12-05;11;1319
1;2025-12-05;12;1350
1;2025-12-05;13;1378
1;2025-12-05;14;1325
1;2025-12-05;15;1496
1;2025-12-05;16;1486
1;2025-12-05;17;1695
1;2025-12-05;18;1572
1;2025-12-05;19;1271
1;2025-12-05;20;815
1;2025-12-05;21;461
1;2025-12-05;22;245
1;2025-12-05;23;60
1;2025-12-06;0;10
1;2025-12-06;1;0
1;2025-12-06;2;0
1;2025-12-06;3;0
1;2025-12-06;4;0
1;2025-12-06;5;36
1;2025-12-06;6;176
1;2025-12-06;7;332
1;2025-12-06;8;447
1;2025-12-06;9;681
1;2025-12-06;10;779
1;2025-12-06;11;755
1;2025-12-06;12;934
1;2025-12-06;13;965
1;2025-12-06;14;892
1;2025-12-06;15;830
1;2025-12-06;16;739
1;2025-12-06;17;681
1;2025-12-06;18;607
1;2025-12-06;19;581
1;2025-12-06;20;426
1;2025-12-06;21;291
1;2025-12-06;22;135
1;2025-12-06;23;44
1;2025-12-07;0;0
1;2025-12-07;1;0
1;2025-12-07;2;0
1;2025-12-07;3;0
1;2025-12-07;4;0
1;2025-12-07;5;25
1;2025-12-07;6;123
1;2025-12-07;7;235
1;2025-12-07;8;334
1;2025-12-07;9;574
1;2025-12-07;10;659
1;2025-12-07;11;655
1;2025-12-07;12;860
1;2025-12-07;13;881
1;2025-12-07;14;799
1;2025-12-07;15;726
1;2025-12-07;16;642
1;2025-12-07;17;590
1;2025-12-07;18;515
1;2025-12-07;19;455
1;2025-12-07;20;360
1;2025-12-07;21;257
1;2025-12-07;22;109
1;2025-12-07;23;36
1;2025-12-08;0;2
1;2025-12-08;1;0
1;2025-12-08;2;0
1;2025-12-08;3;0
1;2025-12-08;4;5
1;2025-12-08;5;126
1;2025-12-08;6;522
1;2025-12-08;7;1430
1;2025-12-08;8;1827
1;2025-12-08;9;1397
1;2025-12-08;10;1243
1;2025-12-08;11;1301
1;2025-12-08;12;1328
1;2025-12-08;13;1341
1;2025-12-08;14;1286
1;2025-12-08;15;1456
1;2025-12-08;16;1447
1;2025-12-08;17;1695
1;2025-12-08;18;1732
1;2025-12-08;19;1366
1;2025-12-08;20;826
1;2025-12-08;21;439
1;2025-12-08;22;223
1;2025-12-08;23;47
1;2025-12-09;0;4
1;2025-12-09;1;0
1;2025-12-09;2;0
1;2025-12-09;3;0
1;2025-12-09;4;5
1;2025-12-09;5;131
1;2025-12-09;6;531
1;2025-12-09;7;1452
1;2025-12-09;8;1857
1;2025-12-09;9;1425
1;2025-12-09;10;1278
1;2025-12-09;11;1330
1;2025-12-09;12;1357
1;2025-12-09;13;1387
1;2025-12-09;14;1309
1;2025-12-09;15;1481
1;2025-12-09;16;1463
1;2025-12-09;17;1723
1;2025-12-09;18;1757
1;2025-12-09;19;1379
1;2025-12-09;20;844
1;2025-12-09;21;458
1;2025-12-09;22;241
1;2025-12-09;23;54
1;2025-12-10;0;4
1;2025-12-10;1;0
1;2025-12-10;2;0
1;2025-12-10;3;0
1;2025-12-10;4;5
1;2025-12-10;5;134
1;2025-12-10;6;531
1;2025-12-10;7;1446
1;2025-12-10;8;1856
1;2025-12-10;9;1421
1;2025-12-10;10;1273
1;2025-12-10;11;1328
1;2025-12-10;12;1355
1;2025-12-10;13;1389
1;2025-12-10;14;1321
1;2025-12-10;15;1487
1;2025-12-10;16;1461
1;2025-12-10;17;1724
1;2025-12-10;18;1755
1;2025-12-10;19;1378
1;2025-12-10;20;843
1;2025-12-10;21;460
1;2025-12-10;22;244
1;2025-12-10;23;57
1;2025-12-11;0;6
1;2025-12-11;1;0
1;2025-12-11;2;0
1;2025-12-11;3;0
1;2025-12-11;4;5
1;2025-12-11;5;132
1;2025-12-11;6;531
1;2025-12-11;7;1451
1;2025-12-11;8;1857
1;2025-12-11;9;1425
1;2025-12-11;10;1279
1;2025-12-11;11;1332
1;2025-12-11;12;1359
1;2025-12-11;13;1391
1;2025-12-11;14;1323
1;2025-12-11;15;1490
1;2025-12-11;16;1465
1;2025-12-11;17;1724
1;2025-12-11;18;1758
1;2025-12-11;19;1377
1;2025-12-11;20;842
1;2025-12-11;21;462
1;2025-12-11;22;246
1;2025-12-11;23;59
1;2025-12-12;0;6
1;2025-12-12;1;0
1;2025-12-12;2;0
1;2025-12-12;3;0
1;2025-12-12;4;4
1;2025-12-12;5;129
1;2025-12-12;6;522
1;2025-12-12;7;1432
1;2025-12-12;8;1797
1;2025-12-12;9;1396
1;2025-12-12;10;1251
1;2025-12-12;11;1319
1;2025-12-12;12;1350
1;2025-12-12;13;1378
1;2025-12-12;14;1325
1;2025-12-12;15;1496
1;2025-12-12;16;1486
1;2025-12-12;17;1695
1;2025-12-12;18;1572
1;2025-12-12;19;1271
1;2025-12-12;20;815
1;2025-12-12;21;461
1;2025-12-12;22;245
1;2025-12-12;23;60
1;2025-12-13;0;10
1;2025-12-13;1;0
1;2025-12-13;2;0
1;2025-12-13;3;0
1;2025-12-13;4;0
1;2025-12-13;5;36
1;2025-12-13;6;176
1;2025-12-13;7;332
1;2025-12-13;8;447
1;2025-12-13;9;681
1;2025-12-13;10;779
1;2025-12-13;11;755
1;2025-12-13;12;934
1;2025-12-13;13;965
1;2025-12-13;14;892
1;2025-12-13;15;830
1;2025-12-13;16;739
1;2025-12-13;17;681
1;2025-12-13;18;607
1;2025-12-13;19;581
1;2025-12-13;20;426
1;2025-12-13;21;291
1;2025-12-13;22;135
1;2025-12-13;23;44
1;2025-12-14;0;0
1;2025-12-14;1;0
1;2025-12-14;2;0
1;2025-12-14;3;0
1;2025-12-14;4;0
1;2025-12-14;5;25
1;2025-12-14;6;123
1;2025-12-14;7;235
1;2025-12-14;8;334
1;2025-12-14;9;574
1;2025-12-14;10;659
1;2025-12-14;11;655
1;2025-12-14;12;860
1;2025-12-14;13;881
1;2025-12-14;14;799
1;2025-12-14;15;726
1;2025-12-14;16;642
1;2025-12-14;17;590
1;2025-12-14;18;515
1;2025-12-14;19;455
1;2025-12-14;20;360
1;2025-12-14;21;257
1;2025-12-14;22;109
1;2025-12-14;23;36
1;2025-12-15;0;2
1;2025-12-15;1;0
1;2025-12-15;2;0
1;2025-12-15;3;0
1;2025-12-15;4;5
1;2025-12-15;5;126
1;2025-12-15;6;522
1;2025-12-15;7;1430
1;2025-12-15;8;1827
1;2025-12-15;9;1397
1;2025-12-15;10;1243
1;2025-12-15;11;1301
1;2025-12-15;12;1328
1;2025-12-15;13;1341
1;2025-12-15;14;1286
1;2025-12-15;15;1456
1;2025-12-15;16;1447
1;2025-12-15;17;1695
1;2025-12-15;18;1732
1;2025-12-15;19;1366
1;2025-12-15;20;826
1;2025-12-15;21;439
1;2025-12-15;22;223
1;2025-12-15;23;47
1;2025-12-16;0;4
1;2025-12-16;1;0
1;2025-12-16;2;0
1;2025-12-16;3;0
1;2025-12-16;4;5
1;2025-12-16;5;131
1;2025-12-16;6;531
1;2025-12-16;7;1452
1;2025-12-16;8;1857
1;2025-12-16;9;1425
1;2025-12-16;10;1278
1;2025-12-16;11;1330
1;2025-12-16;12;1357
1;2025-12-16;13;1387
1;2025-12-16;14;1309
1;2025-12-16;15;1481
1;2025-12-16;16;1463
1;2025-12-16;17;1723
1;2025-12-16;18;1757
1;2025-12-16;19;1379
1;2025-12-16;20;844
1;2025-12-16;21;458
1;2025-12-16;22;241
1;2025-12-16;23;54
1;2025-12-17;0;4
1;2025-12-17;1;0
1;2025-12-17;2;0
1;2025-12-17;3;0
1;2025-12-17;4;5
1;2025-12-17;5;134
1;2025-12-17;6;531
1;2025-12-17;7;1446
1;2025-12-17;8;1856
1;2025-12-17;9;1421
1;2025-12-17;10;1273
1;2025-12-17;11;1328
1;2025-12-17;12;1355
1;2025-12-17;13;1389
1;2025-12-17;14;1321
1;2025-12-17;15;1487
1;2025-12-17;16;1461
1;2025-12-17;17;1724
1;2025-12-17;18;1755
1;2025-12-17;19;1378
1;2025-12-17;20;843
1;2025-12-17;21;460
1;2025-12-17;22;244
1;2025-12-17;23;57
1;2025-12-18;0;6
1;2025-12-18;1;0
1;2025-12-18;2;0
1;2025-12-18;3;0
1;2025-12-18;4;5
1;2025-12-18;5;132
1;2025-12-18;6;531
1;2025-12-18;7;1451
1;2025-12-18;8;1857
1;2025-12-18;9;1425
1;2025-12-18;10;1279
1;2025-12-18;11;1332
1;2025-12-18;12;1359
1;2025-12-18;13;1391
1;2025-12-18;14;1323
1;2025-12-18;15;1490
1;2025-12-18;16;1465
1;2025-12-18;17;1724
1;2025-12-18;18;1758
1;2025-12-18;19;1377
1;2025-12-18;20;842
1;2025-12-18;21;462
1;2025-12-18;22;246
1;2025-12-18;23;59
1;2025-12-19;0;6
1;2025-12-19;1;0
1;2025-12-19;2;0
1;2025-12-19;3;0
1;2025-12-19;4;4
1;2025-12-19;5;129
1;2025-12-19;6;522
1;2025-12-19;7;1432
1;2025-12-19;8;1797
1;2025-12-19;9;1396
1;2025-12-19;10;1251
1;2025-12-19;11;1319
1;2025-12-19;12;1350
1;2025-12-19;13;1378
1;2025-12-19;14;1325
1;2025-12-19;15;1496
1;2025-12-19;16;1486
1;2025-12-19;17;1695
1;2025-12-19;18;1572
1;2025-12-19;19;1271
1;2025-12-19;20;815
1;2025-12-19;21;461
1;2025-12-19;22;245
1;2025-12-19;23;60
1;2025-12-20;0;10
1;2025-12-20;1;0
1;2025-12-20;2;0
1;2025-12-20;3;0
1;2025-12-20;4;0
1;2025-12-20;5;36
1;2025-12-20;6;176
1;2025-12-20;7;332
1;2025-12-20;8;447
1;2025-12-20;9;681
1;2025-12-20;10;779
1;2025-12-20;11;755
1;2025-12-20;12;934
1;2025-12-20;13;965
1;2025-12-20;14;892
1;2025-12-20;15;830
1;2025-12-20;16;739
1;2025-12-20;17;681
1;2025-12-20;18;607
1;2025-12-20;19;581
1;2025-12-20;20;426
1;2025-12-20;21;291
1;2025-12-20;22;135
1;2025-12-20;23;44
1;2025-12-21;0;0
1;2025-12-21;1;0
1;2025-12-21;2;0
1;2025-12-21;3;0
1;2025-12-21;4;0
1;2025-12-21;5;25
1;2025-12-21;6;123
1;2025-12-21;7;235
1;2025-12-21;8;334
1;2025-12-21;9;574
1;2025-12-21;10;659
1;2025-12-21;11;655
1;2025-12-21;12;860
1;2025-12-21;13;881
1;2025-12-21;14;799
1;2025-12-21;15;726
1;2025-12-21;16;642
1;2025-12-21;17;590
1;2025-12-21;18;515
1;2025-12-21;19;455
1;2025-12-21;20;360
1;2025-12-21;21;257
1;2025-12-21;22;109
1;2025-12-21;23;36
1;2025-12-22;0;2
1;2025-12-22;1;0
1;2025-12-22;2;0
1;2025-12-22;3;0
1;2025-12-22;4;5
1;2025-12-22;5;126
1;2025-12-22;6;522
1;2025-12-22;7;1430
1;2025-12-22;8;1827
1;2025-12-22;9;1397
1;2025-12-22;10;1243
1;2025-12-22;11;1301
1;2025-12-22;12;1328
1;2025-12-22;13;1341
1;2025-12-22;14;1286
1;2025-12-22;15;1456
1;2025-12-22;16;1447
1;2025-12-22;17;1695
1;2025-12-22;18;1732
1;2025-12-22;19;1366
1;2025-12-22;20;826
1;2025-12-22;21;439
1;2025-12-22;22;223
1;2025-12-22;23;47
1;2025-12-23;0;4
1;2025-12-23;1;0
1;2025-12-23;2;0
1;2025-12-23;3;0
1;2025-12-23;4;5
1;2025-12-23;5;131
1;2025-12-23;6;531
1;2025-12-23;7;1452
1;2025-12-23;8;1857
1;2025-12-23;9;1425
1;2025-12-23;10;1278
1;2025-12-23;11;1330
1;2025-12-23;12;1357
1;2025-12-23;13;1387
1;2025-12-23;14;1309
1;2025-12-23;15;1481
1;2025-12-23;16;1463
1;2025-12-23;17;1723
1;2025-12-23;18;1757
1;2025-12-23;19;1379
1;2025-12-23;20;844
1;2025-12-23;21;458
1;2025-12-23;22;241
1;2025-12-23;23;54
1;2025-12-24;0;4
1;2025-12-24;1;0
1;2025-12-24;2;0
1;2025-12-24;3;0
1;2025-12-24;4;5
1;2025-12-24;5;134
1;2025-12-24;6;531
1;2025-12-24;7;1446
1;2025-12-24;8;1856
1;2025-12-24;9;1421
1;2025-12-24;10;1273
1;2025-12-24;11;1328
1;2025-12-24;12;1355
1;2025-12-24;13;1389
1;2025-12-24;14;1321
1;2025-12-24;15;1487
1;2025-12-24;16;1461
1;2025-12-24;17;1724
1;2025-12-24;18;1755
1;2025-12-24;19;1378
1;2025-12-24;20;843
1;2025-12-24;21;460
1;2025-12-24;22;244
1;2025-12-24;23;57
1;2025-12-25;0;6
1;2025-12-25;1;0
1;2025-12-25;2;0
1;2025-12-25;3;0
1;2025-12-25;4;5
1;2025-12-25;5;132
1;2025-12-25;6;531
1;2025-12-25;7;1451
1;2025-12-25;8;1857
1;2025-12-25;9;1425
1;2025-12-25;10;1279
1;2025-12-25;11;1332
1;2025-12-25;12;1359
1;2025-12-25;13;1391
1;2025-12-25;14;1323
1;2025-12-25;15;1490
1;2025-12-25;16;1465
1;2025-12-25;17;1724
1;2025-12-25;18;1758
1;2025-12-25;19;1377
1;2025-12-25;20;842
1;2025-12-25;21;462
1;2025-12-25;22;246
1;2025-12-25;23;59
1;2025-12-26;0;6
1;2025-12-26;1;0
1;2025-12-26;2;0
1;2025-12-26;3;0
1;2025-12-26;4;4
1;2025-12-26;5;129
1;2025-12-26;6;522
1;2025-12-26;7;1432
1;2025-12-26;8;1797
1;2025-12-26;9;1396
1;2025-12-26;10;1251
1;2025-12-26;11;1319
1;2025-12-26;12;1350
1;2025-12-26;13;1378
1;2025-12-26;14;1325
1;2025-12-26;15;1496
1;2025-12-26;16;1486
1;2025-12-26;17;1695
1;2025-12-26;18;1572
1;2025-12-26;19;1271
1;2025-12-26;20;815
1;2025-12-26;21;461
1;2025-12-26;22;245
1;2025-12-26;23;60
1;2025-12-27;0;10
1;2025-12-27;1;0
1;2025-12-27;2;0
1;2025-12-27;3;0
1;2025-12-27;4;0
1;2025-12-27;5;36
1;2025-12-27;6;176
1;2025-12-27;7;332
1;2025-12-27;8;447
1;2025-12-27;9;681
1;2025-12-27;10;779
1;2025-12-27;11;755
1;2025-12-27;12;934
1;2025-12-27;13;965
1;2025-12-27;14;892
1;2025-12-27;15;830
1;2025-12-27;16;739
1;2025-12-27;17;681
1;2025-12-27;18;607
1;2025-12-27;19;581
1;2025-12-27;20;426
1;2025-12-27;21;291
1;2025-12-27;22;135
1;2025-12-27;23;44
1;2025-12-28;0;0
1;2025-12-28;1;0
1;2025-12-28;2;0
1;2025-12-28;3;0
1;2025-12-28;4;0
1;2025-12-28;5;25
1;2025-12-28;6;123
1;2025-12-28;7;235
1;2025-12-28;8;334
1;2025-12-28;9;574
1;2025-12-28;10;659
1;2025-12-28;11;655
1;2025-12-28;12;860
1;2025-12-28;13;881
1;2025-12-28;14;799
1;2025-12-28;15;726
1;2025-12-28;16;642
1;2025-12-28;17;590
1;2025-12-28;18;515
1;2025-12-28;19;455
1;2025-12-28;20;360
1;2025-12-28;21;257
1;2025-12-28;22;109
1;2025-12-28;23;36
1;2025-12-29;0;2
1;2025-12-29;1;0
1;2025-12-29;2;0
1;2025-12-29;3;0
1;2025-12-29;4;5
1;2025-12-29;5;126
1;2025-12-29;6;522
1;2025-12-29;7;1430
1;2025-12-29;8;1827
1;2025-12-29;9;1397
1;2025-12-29;10;1243
1;2025-12-29;11;1301
1;2025-12-29;12;1328
1;2025-12-29;13;1341
1;2025-12-29;14;1286
1;2025-12-29;15;1456
1;2025-12-29;16;1447
1;2025-12-29;17;1695
1;2025-12-29;18;1732
1;2025-12-29;19;1366
1;2025-12-29;20;826
1;2025-12-29;21;439
1;2025-12-29;22;223
1;2025-12-29;23;47
1;2025-12-30;0;4
1;2025-12-30;1;0
1;2025-12-30;2;0
1;2025-12-30;3;0
1;2025-12-30;4;5
1;2025-12-30;5;131
1;2025-12-30;6;531
1;2025-12-30;7;1452
1;2025-12-30;8;1857
1;2025-12-30;9;1425
1;2025-12-30;10;1278
1;2025-12-30;11;1330
1;2025-12-30;12;1357
1;2025-12-30;13;1387
1;2025-12-30;14;1309
1;2025-12-30;15;1481
1;2025-12-30;16;1463
1;2025-12-30;17;1723
1;2025-12-30;18;1757
1;2025-12-30;19;1379
1;2025-12-30;20;844
1;2025-12-30;21;458
1;2025-12-30;22;241
1;2025-12-30;23;54
1;2025-12-31;0;0
1;2025-12-31;1;0
1;2025-12-31;2;0
1;2025-12-31;3;0
1;2025-12-31;4;0
1;2025-12-31;5;40
1;2025-12-31;6;273
1;2025-12-31;7;557
1;2025-12-31;8;714
1;2025-12-31;9;581
1;2025-12-31;10;680
1;2025-12-31;11;620
1;2025-12-31;12;797
1;2025-12-31;13;889
1;2025-12-31;14;826
1;2025-12-31;15;727
1;2025-12-31;16;700
1;2025-12-31;17;754
1;2025-12-31;18;647
1;2025-12-31;19;589
1;2025-12-31;20;414
1;2025-12-31;21;359
1;2025-12-31;22;196
1;2025-12-31;23;19
5;2025-11-01;0;0
5;2025-11-01;1;0
5;2025-11-01;2;0
5;2025-11-01;3;0
5;2025-11-01;4;0
5;2025-11-01;5;0
5;2025-11-01;6;0
5;2025-11-01;7;0
5;2025-11-01;8;0
5;2025-11-01;9;0
5;2025-11-01;10;0
5;2025-11-01;11;0
5;2025-11-01;12;0
5;2025-11-01;13;0
5;2025-11-01;14;0
5;2025-11-01;15;0
5;2025-11-01;16;0
5;2025-11-01;17;0
5;2025-11-01;18;0
5;2025-11-01;19;0
5;2025-11-01;20;0
5;2025-11-01;21;0
5;2025-11-01;22;0
5;2025-11-01;23;0
5;2025-11-02;0;0
5;2025-11-02;1;0
5;2025-11-02;2;0
5;2025-11-02;3;0
5;2025-11-02;4;0
5;2025-11-02;5;0
5;2025-11-02;6;0
5;2025-11-02;7;0
5;2025-11-02;8;0
5;2025-11-02;9;0
5;2025-11-02;10;0
5;2025-11-02;11;0
5;2025-11-02;12;0
5;2025-11-02;13;0
5;2025-11-02;14;0
5;2025-11-02;15;0
5;2025-11-02;16;0
5;2025-11-02;17;0
5;2025-11-02;18;0
5;2025-11-02;19;0
5;2025-11-02;20;0
5;2025-11-02;21;0
5;2025-11-02;22;0
5;2025-11-02;23;0
5;2025-11-03;0;0
5;2025-11-03;1;0
5;2025-11-03;2;0
5;2025-11-03;3;0
5;2025-11-03;4;0
5;2025-11-03;5;0
5;2025-11-03;6;0
5;2025-11-03;7;0
5;2025-11-03;8;0
5;2025-11-03;9;0
5;2025-11-03;10;0
5;2025-11-03;11;0
5;2025-11-03;12;0
5;2025-11-03;13;0
5;2025-11-03;14;0
5;2025-11-03;15;0
5;2025-11-03;16;0
5;2025-11-03;17;0
5;2025-11-03;18;0
5;2025-11-03;19;0
5;2025-11-03;20;0
5;2025-11-03;21;0
5;2025-11-03;22;0
5;2025-11-03;23;0
5;2025-11-04;0;0
5;2025-11-04;1;0
5;2025-11-04;2;0
5;2025-11-04;3;0
5;2025-11-04;4;0
5;2025-11-04;5;0
5;2025-11-04;6;0
5;2025-11-04;7;0
5;2025-11-04;8;0
5;2025-11-04;9;0
5;2025-11-04;10;0
5;2025-11-04;11;0
5;2025-11-04;12;0
5;2025-11-04;13;0
5;2025-11-04;14;0
5;2025-11-04;15;0
5;2025-11-04;16;0
5;2025-11-04;17;0
5;2025-11-04;18;0
5;2025-11-04;19;0
5;2025-11-04;20;0
5;2025-11-04;21;0
5;2025-11-04;22;0
5;2025-11-04;23;0
5;2025-11-05;0;0
5;2025-11-05;1;0
5;2025-11-05;2;0
5;2025-11-05;3;0
5;2025-11-05;4;0
5;2025-11-05;5;0
5;2025-11-05;6;0
5;2025-11-05;7;0
5;2025-11-05;8;0
5;2025-11-05;9;0
5;2025-11-05;10;0
5;2025-11-05;11;0
5;2025-11-05;12;0
5;2025-11-05;13;0
5;2025-11-05;14;0
5;2025-11-05;15;0
5;2025-11-05;16;0
5;2025-11-05;17;0
5;2025-11-05;18;0
5;2025-11-05;19;0
5;2025-11-05;20;0
5;2025-11-05;21;0
5;2025-11-05;22;0
5;2025-11-05;23;0
5;2025-11-06;0;0
5;2025-11-06;1;0
5;2025-11-06;2;0
5;2025-11-06;3;0
5;2025-11-06;4;0
5;2025-11-06;5;0
5;2025-11-06;6;0
5;2025-11-06;7;0
5;2025-11-06;8;0
5;2025-11-06;9;0
5;2025-11-06;10;0
5;2025-11-06;11;0
5;2025-11-06;12;0
5;2025-11-06;13;0
5;2025-11-06;14;0
5;2025-11-06;15;0
5;2025-11-06;16;0
5;2025-11-06;17;0
5;2025-11-06;18;0
5;2025-11-06;19;0
5;2025-11-06;20;0
5;2025-11-06;21;0
5;2025-11-06;22;0
5;2025-11-06;23;0
5;2025-11-07;0;0
5;2025-11-07;1;0
5;2025-11-07;2;0
5;2025-11-07;3;0
5;2025-11-07;4;0
5;2025-11-07;5;0
5;2025-11-07;6;0
5;2025-11-07;7;0
5;2025-11-07;8;0
5;2025-11-07;9;0
5;2025-11-07;10;0
5;2025-11-07;11;0
5;2025-11-07;12;0
5;2025-11-07;13;0
5;2025-11-07;14;0
5;2025-11-07;15;0
5;2025-11-07;16;0
5;2025-11-07;17;0
5;2025-11-07;18;0
5;2025-11-07;19;0
5;2025-11-07;20;0
5;2025-11-07;21;0
5;2025-11-07;22;0
5;2025-11-07;23;0
5;2025-11-08;0;0
5;2025-11-08;1;0
5;2025-11-08;2;0
5;2025-11-08;3;0
5;2025-11-08;4;0
5;2025-11-08;5;0
5;2025-11-08;6;0
5;2025-11-08;7;0
5;2025-11-08;8;0
5;2025-11-08;9;0
5;2025-11-08;10;0
5;2025-11-08;11;0
5;2025-11-08;12;0
5;2025-11-08;13;0
5;2025-11-08;14;0
5;2025-11-08;15;0
5;2025-11-08;16;0
5;2025-11-08;17;0
5;2025-11-08;18;0
5;2025-11-08;19;0
5;2025-11-08;20;0
5;2025-11-08;21;0
5;2025-11-08;22;0
5;2025-11-08;23;0
5;2025-11-09;0;0
5;2025-11-09;1;0
5;2025-11-09;2;0
5;2025-11-09;3;0
5;2025-11-09;4;0
5;2025-11-09;5;0
5;2025-11-09;6;0
5;2025-11-09;7;0
5;2025-11-09;8;0
5;2025-11-09;9;0
5;2025-11-09;10;0
5;2025-11-09;11;0
5;2025-11-09;12;0
5;2025-11-09;13;0
5;2025-11-09;14;0
5;2025-11-09;15;0
5;2025-11-09;16;0
5;2025-11-09;17;0
5;2025-11-09;18;0
5;2025-11-09;19;0
5;2025-11-09;20;0
5;2025-11-09;21;0
5;2025-11-09;22;0
5;2025-11-09;23;0
5;2025-11-10;0;0
5;2025-11-10;1;0
5;2025-11-10;2;0
5;2025-11-10;3;0
5;2025-11-10;4;0
5;2025-11-10;5;0
5;2025-11-10;6;0
5;2025-11-10;7;0
5;2025-11-10;8;0
5;2025-11-10;9;0
5;2025-11-10;10;0
5;2025-11-10;11;0
5;2025-11-10;12;0
5;2025-11-10;13;0
5;2025-11-10;14;0
5;2025-11-10;15;0
5;2025-11-10;16;0
5;2025-11-10;17;0
5;2025-11-10;18;0
5;2025-11-10;19;0
5;2025-11-10;20;0
5;2025-11-10;21;0
5;2025-11-10;22;0
5;2025-11-10;23;0
5;2025-11-11;0;0
5;2025-11-11;1;0
5;2025-11-11;2;0
5;2025-11-11;3;0
5;2025-11-11;4;0
5;2025-11-11;5;0
5;2025-11-11;6;0
5;2025-11-11;7;0
5;2025-11-11;8;0
5;2025-11-11;9;0
5;2025-11-11;10;0
5;2025-11-11;11;0
5;2025-11-11;12;0
5;2025-11-11;13;0
5;2025-11-11;14;0
5;2025-11-11;15;0
5;2025-11-11;16;0
5;2025-11-11;17;0
5;2025-11-11;18;0
5;2025-11-11;19;0
5;2025-11-11;20;0
5;2025-11-11;21;0
5;2025-11-11;22;0
5;2025-11-11;23;0
5;2025-11-12;0;0
5;2025-11-12;1;0
5;2025-11-12;2;0
5;2025-11-12;3;0
5;2025-11-12;4;0
5;2025-11-12;5;0
5;2025-11-12;6;0
5;2025-11-12;7;0
5;2025-11-12;8;0
5;2025-11-12;9;0
5;2025-11-12;10;0
5;2025-11-12;11;0
5;2025-11-12;12;0
5;2025-11-12;13;0
5;2025-11-12;14;0
5;2025-11-12;15;0
5;2025-11-12;16;0
5;2025-11-12;17;0
5;2025-11-12;18;0
5;2025-11-12;19;0
5;2025-11-12;20;0
5;2025-11-12;21;0
5;2025-11-12;22;0
5;2025-11-12;23;0
5;2025-11-13;0;0
5;2025-11-13;1;0
5;2025-11-13;2;0
5;2025-11-13;3;0
5;2025-11-13;4;0
5;2025-11-13;5;0
5;2025-11-13;6;0
5;2025-11-13;7;0
5;2025-11-13;8;0
5;2025-11-13;9;0
5;2025-11-13;10;0
5;2025-11-13;11;0
5;2025-11-13;12;0
5;2025-11-13;13;0
5;2025-11-13;14;0
5;2025-11-13;15;0
5;2025-11-13;16;0
5;2025-11-13;17;0
5;2025-11-13;18;0
5;2025-11-13;19;0
5;2025-11-13;20;0
5;2025-11-13;21;0
5;2025-11-13;22;0
5;2025-11-13;23;0
5;2025-11-14;0;0
5;2025-11-14;1;0
5;2025-11-14;2;0
5;2025-11-14;3;0
5;2025-11-14;4;0
5;2025-11-14;5;0
5;2025-11-14;6;0
5;2025-11-14;7;0
5;2025-11-14;8;0
5;2025-11-14;9;0
5;2025-11-14;10;0
5;2025-11-14;11;0
5;2025-11-14;12;0
5;2025-11-14;13;0
5;2025-11-14;14;0
5;2025-11-14;15;0
5;2025-11-14;16;0
5;2025-11-14;17;0
5;2025-11-14;18;0
5;2025-11-14;19;0
5;2025-11-14;20;0
5;2025-11-14;21;0
5;2025-11-14;22;0
5;2025-11-14;23;0
5;2025-11-15;0;0
5;2025-11-15;1;0
5;2025-11-15;2;0
5;2025-11-15;3;0
5;2025-11-15;4;0
5;2025-11-15;5;0
5;2025-11-15;6;0
5;2025-11-15;7;0
5;2025-11-15;8;0
5;2025-11-15;9;0
5;2025-11-15;10;0
5;2025-11-15;11;0
5;2025-11-15;12;0
5;2025-11-15;13;0
5;2025-11-15;14;0
5;2025-11-15;15;0
5;2025-11-15;16;0
5;2025-11-15;17;0
5;2025-11-15;18;0
5;2025-11-15;19;0
5;2025-11-15;20;0
5;2025-11-15;21;0
5;2025-11-15;22;0
5;2025-11-15;23;0
5;2025-11-16;0;0
5;2025-11-16;1;0
5;2025-11-16;2;0
5;2025-11-16;3;0
5;2025-11-16;4;0
5;2025-11-16;5;0
5;2025-11-16;6;0
5;2025-11-16;7;0
5;2025-11-16;8;0
5;2025-11-16;9;0
5;2025-11-16;10;0
5;2025-11-16;11;0
5;2025-11-16;12;0
5;2025-11-16;13;0
5;2025-11-16;14;0
5;2025-11-16;15;0
5;2025-11-16;16;0
5;2025-11-16;17;0
5;2025-11-16;18;0
5;2025-11-16;19;0
5;2025-11-16;20;0
5;2025-11-16;21;0
5;2025-11-16;22;0
5;2025-11-16;23;0
5;2025-11-17;0;0
5;2025-11-17;1;0
5;2025-11-17;2;0
5;2025-11-17;3;0
5;2025-11-17;4;0
5;2025-11-17;5;0
5;2025-11-17;6;0
5;2025-11-17;7;0
5;2025-11-17;8;0
5;2025-11-17;9;0
5;2025-11-17;10;0
5;2025-11-17;11;0
5;2025-11-17;12;0
5;2025-11-17;13;0
5;2025-11-17;14;0
5;2025-11-17;15;0
5;2025-11-17;16;0
5;2025-11-17;17;0
5;2025-11-17;18;0
5;2025-11-17;19;0
5;2025-11-17;20;0
5;2025-11-17;21;0
5;2025-11-17;22;0
5;2025-11-17;23;0
5;2025-11-18;0;0
5;2025-11-18;1;0
5;2025-11-18;2;0
5;2025-11-18;3;0
5;2025-11-18;4;0
5;2025-11-18;5;0
5;2025-11-18;6;0
5;2025-11-18;7;0
5;2025-11-18;8;0
5;2025-11-18;9;0
5;2025-11-18;10;0
5;2025-11-18;11;0
5;2025-11-18;12;0
5;2025-11-18;13;0
5;2025-11-18;14;0
5;2025-11-18;15;0
5;2025-11-18;16;0
5;2025-11-18;17;0
5;2025-11-18;18;0
5;2025-11-18;19;0
5;2025-11-18;20;0
5;2025-11-18;21;0
5;2025-11-18;22;0
5;2025-11-18;23;0
5;2025-11-19;0;0
5;2025-11-19;1;0
5;2025-11-19;2;0
5;2025-11-19;3;0
5;2025-11-19;4;0
5;2025-11-19;5;0
5;2025-11-19;6;0
5;2025-11-19;7;0
5;2025-11-19;8;0
5;2025-11-19;9;0
5;2025-11-19;10;0
5;2025-11-19;11;0
5;2025-11-19;12;0
5;2025-11-19;13;0
5;2025-11-19;14;0
5;2025-11-19;15;0
5;2025-11-19;16;0
5;2025-11-19;17;0
5;2025-11-19;18;0
5;2025-11-19;19;0
5;2025-11-19;20;0
5;2025-11-19;21;0
5;2025-11-19;22;0
5;2025-11-19;23;0
5;2025-11-20;0;0
5;2025-11-20;1;0
5;2025-11-20;2;0
5;2025-11-20;3;0
5;2025-11-20;4;0
5;2025-11-20;5;0
5;2025-11-20;6;0
5;2025-11-20;7;0
5;2025-11-20;8;0
5;2025-11-20;9;0
5;2025-11-20;10;0
5;2025-11-20;11;0
5;2025-11-20;12;0
5;2025-11-20;13;0
5;2025-11-20;14;0
5;2025-11-20;15;0
5;2025-11-20;16;0
5;2025-11-20;17;0
5;2025-11-20;18;0
5;2025-11-20;19;0
5;2025-11-20;20;0
5;2025-11-20;21;0
5;2025-11-20;22;0
5;2025-11-20;23;0
5;2025-11-21;0;0
5;2025-11-21;1;0
5;2025-11-21;2;0
5;2025-11-21;3;0
5;2025-11-21;4;0
5;2025-11-21;5;0
5;2025-11-21;6;0
5;2025-11-21;7;0
5;2025-11-21;8;0
5;2025-11-21;9;0
5;2025-11-21;10;0
5;2025-11-21;11;0
5;2025-11-21;12;0
5;2025-11-21;13;0
5;2025-11-21;14;0
5;2025-11-21;15;0
5;2025-11-21;16;0
5;2025-11-21;17;0
5;2025-11-21;18;0
5;2025-11-21;19;0
5;2025-11-21;20;0
5;2025-11-21;21;0
5;2025-11-21;22;0
5;2025-11-21;23;0
5;2025-11-22;0;0
5;2025-11-22;1;0
5;2025-11-22;2;0
5;2025-11-22;3;0
5;2025-11-22;4;0
5;2025-11-22;5;0
5;2025-11-22;6;0
5;2025-11-22;7;0
5;2025-11-22;8;0
5;2025-11-22;9;0
5;2025-11-22;10;0
5;2025-11-22;11;0
5;2025-11-22;12;0
5;2025-11-22;13;0
5;2025-11-22;14;0
5;2025-11-22;15;0
5;2025-11-22;16;0
5;2025-11-22;17;0
5;2025-11-22;18;0
5;2025-11-22;19;0
5;2025-11-22;20;0
5;2025-11-22;21;0
5;2025-11-22;22;0
5;2025-11-22;23;0
5;2025-11-23;0;0
5;2025-11-23;1;0
5;2025-11-23;2;0
5;2025-11-23;3;0
5;2025-11-23;4;0
5;2025-11-23;5;0
5;2025-11-23;6;0
5;2025-11-23;7;0
5;2025-11-23;8;0
5;2025-11-23;9;0
5;2025-11-23;10;0
5;2025-11-23;11;0
5;2025-11-23;12;0
5;2025-11-23;13;0
5;2025-11-23;14;0
5;2025-11-23;15;0
5;2025-11-23;16;0
5;2025-11-23;17;0
5;2025-11-23;18;0
5;2025-11-23;19;0
5;2025-11-23;20;0
5;2025-11-23;21;0
5;2025-11-23;22;0
5;2025-11-23;23;0
5;2025-11-24;0;0
5;2025-11-24;1;0
5;2025-11-24;2;0
5;2025-11-24;3;0
5;2025-11-24;4;0
5;2025-11-24;5;0
5;2025-11-24;6;0
5;2025-11-24;7;0
5;2025-11-24;8;0
5;2025-11-24;9;0
5;2025-11-24;10;0
5;2025-11-24;11;0
5;2025-11-24;12;0
5;2025-11-24;13;0
5;2025-11-24;14;0
5;2025-11-24;15;0
5;2025-11-24;16;0
5;2025-11-24;17;0
5;2025-11-24;18;0
5;2025-11-24;19;0
5;2025-11-24;20;0
5;2025-11-24;21;0
5;2025-11-24;22;0
5;2025-11-24;23;0
5;2025-11-25;0;0
5;2025-11-25;1;0
5;2025-11-25;2;0
5;2025-11-25;3;0
5;2025-11-25;4;0
5;2025-11-25;5;0
5;2025-11-25;6;0
5;2025-11-25;7;0
5;2025-11-25;8;0
5;2025-11-25;9;0
5;2025-11-25;10;0
5;2025-11-25;11;0
5;2025-11-25;12;0
5;2025-11-25;13;0
5;2025-11-25;14;0
5;2025-11-25;15;0
5;2025-11-25;16;0
5;2025-11-25;17;0
5;2025-11-25;18;0
5;2025-11-25;19;0
5;2025-11-25;20;0
5;2025-11-25;21;0
5;2025-11-25;22;0
5;2025-11-25;23;0
5;2025-11-26;0;0
5;2025-11-26;1;0
5;2025-11-26;2;0
5;2025-11-26;3;0
5;2025-11-26;4;0
5;2025-11-26;5;0
5;2025-11-26;6;0
5;2025-11-26;7;0
5;2025-11-26;8;0
5;2025-11-26;9;0
5;2025-11-26;10;0
5;2025-11-26;11;0
5;2025-11-26;12;0
5;2025-11-26;13;0
5;2025-11-26;14;0
5;2025-11-26;15;0
5;2025-11-26;16;0
5;2025-11-26;17;0
5;2025-11-26;18;0
5;2025-11-26;19;0
5;2025-11-26;20;0
5;2025-11-26;21;0
5;2025-11-26;22;0
5;2025-11-26;23;0
5;2025-11-27;0;0
5;2025-11-27;1;0
5;2025-11-27;2;0
5;2025-11-27;3;0
5;2025-11-27;4;0
5;2025-11-27;5;0
5;2025-11-27;6;0
5;2025-11-27;7;0
5;2025-11-27;8;0
5;2025-11-27;9;0
5;2025-11-27;10;0
5;2025-11-27;11;0
5;2025-11-27;12;0
5;2025-11-27;13;0
5;2025-11-27;14;0
5;2025-11-27;15;0
5;2025-11-27;16;0
5;2025-11-27;17;0
5;2025-11-27;18;0
5;2025-11-27;19;0
5;2025-11-27;20;0
5;2025-11-27;21;0
5;2025-11-27;22;0
5;2025-11-27;23;0
5;2025-11-28;0;0
5;2025-11-28;1;0
5;2025-11-28;2;0
5;2025-11-28;3;0
5;2025-11-28;4;0
5;2025-11-28;5;0
5;2025-11-28;6;0
5;2025-11-28;7;0
5;2025-11-28;8;0
5;2025-11-28;9;0
5;2025-11-28;10;0
5;2025-11-28;11;0
5;2025-11-28;12;0
5;2025-11-28;13;0
5;2025-11-28;14;0
5;2025-11-28;15;0
5;2025-11-28;16;0
5;2025-11-28;17;0
5;2025-11-28;18;0
5;2025-11-28;19;0
5;2025-11-28;20;0
5;2025-11-28;21;0
5;2025-11-28;22;0
5;2025-11-28;23;0
5;2025-11-29;0;0
5;2025-11-29;1;0
5;2025-11-29;2;0
5;2025-11-29;3;0
5;2025-11-29;4;0
5;2025-11-29;5;0
5;2025-11-29;6;0
5;2025-11-29;7;0
5;2025-11-29;8;0
5;2025-11-29;9;0
5;2025-11-29;10;0
5;2025-11-29;11;0
5;2025-11-29;12;0
5;2025-11-29;13;0
5;2025-11-29;14;0
5;2025-11-29;15;0
5;2025-11-29;16;0
5;2025-11-29;17;0
5;2025-11-29;18;0
5;2025-11-29;19;0
5;2025-11-29;20;0
5;2025-11-29;21;0
5;2025-11-29;22;0
5;2025-11-29;23;0
5;2025-11-30;0;0
5;2025-11-30;1;0
5;2025-11-30;2;0
5;2025-11-30;3;0
5;2025-11-30;4;0
5;2025-11-30;5;0
5;2025-11-30;6;0
5;2025-11-30;7;0
5;2025-11-30;8;0
5;2025-11-30;9;0
5;2025-11-30;10;0
5;2025-11-30;11;0
5;2025-11-30;12;0
5;2025-11-30;13;0
5;2025-11-30;14;0
5;2025-11-30;15;0
5;2025-11-30;16;0
5;2025-11-30;17;0
5;2025-11-30;18;0
5;2025-11-30;19;0
5;2025-11-30;20;0
5;2025-11-30;21;0
5;2025-11-30;22;0
5;2025-11-30;23;0
5;2025-12-01;0;0
5;2025-12-01;1;0
5;2025-12-01;2;0
5;2025-12-01;3;0
5;2025-12-01;4;0
5;2025-12-01;5;0
5;2025-12-01;6;0
5;2025-12-01;7;0
5;2025-12-01;8;0
5;2025-12-01;9;0
5;2025-12-01;10;0
5;2025-12-01;11;0
5;2025-12-01;12;0
5;2025-12-01;13;0
5;2025-12-01;14;0
5;2025-12-01;15;0
5;2025-12-01;16;0
5;2025-12-01;17;0
5;2025-12-01;18;0
5;2025-12-01;19;0
5;2025-12-01;20;0
5;2025-12-01;21;0
5;2025-12-01;22;0
5;2025-12-01;23;0
5;2025-12-02;0;0
5;2025-12-02;1;0
5;2025-12-02;2;0
5;2025-12-02;3;0
5;2025-12-02;4;0
5;2025-12-02;5;0
5;2025-12-02;6;0
5;2025-12-02;7;0
5;2025-12-02;8;0
5;2025-12-02;9;0
5;2025-12-02;10;0
5;2025-12-02;11;0
5;2025-12-02;12;0
5;2025-12-02;13;0
5;2025-12-02;14;0
5;2025-12-02;15;0
5;2025-12-02;16;0
5;2025-12-02;17;0
5;2025-12-02;18;0
5;2025-12-02;19;0
5;2025-12-02;20;0
5;2025-12-02;21;0
5;2025-12-02;22;0
5;2025-12-02;23;0
5;2025-12-03;0;0
5;2025-12-03;1;0
5;2025-12-03;2;0
5;2025-12-03;3;0
5;2025-12-03;4;0
5;2025-12-03;5;0
5;2025-12-03;6;0
5;2025-12-03;7;0
5;2025-12-03;8;0
5;2025-12-03;9;0
5;2025-12-03;10;0
5;2025-12-03;11;0
5;2025-12-03;12;0
5;2025-12-03;13;0
5;2025-12-03;14;0
5;2025-12-03;15;0
5;2025-12-03;16;0
5;2025-12-03;17;0
5;2025-12-03;18;0
5;2025-12-03;19;0
5;2025-12-03;20;0
5;2025-12-03;21;0
5;2025-12-03;22;0
5;2025-12-03;23;0
5;2025-12-04;0;0
5;2025-12-04;1;0
5;2025-12-04;2;0
5;2025-12-04;3;0
5;2025-12-04;4;0
5;2025-12-04;5;0
5;2025-12-04;6;0
5;2025-12-04;7;0
5;2025-12-04;8;0
5;2025-12-04;9;0
5;2025-12-04;10;0
5;2025-12-04;11;0
5;2025-12-04;12;0
5;2025-12-04;13;0
5;2025-12-04;14;0
5;2025-12-04;15;0
5;2025-12-04;16;0
5;2025-12-04;17;0
5;2025-12-04;18;0
5;2025-12-04;19;0
5;2025-12-04;20;0
5;2025-12-04;21;0
5;2025-12-04;22;0
5;2025-12-04;23;0
5;2025-12-05;0;0
5;2025-12-05;1;0
5;2025-12-05;2;0
5;2025-12-05;3;0
5;2025-12-05;4;0
5;2025-12-05;5;0
5;2025-12-05;6;0
5;2025-12-05;7;0
5;2025-12-05;8;0
5;2025-12-05;9;0
5;2025-12-05;10;0
5;2025-12-05;11;0
5;2025-12-05;12;0
5;2025-12-05;13;0
5;2025-12-05;14;0
5;2025-12-05;15;0
5;2025-12-05;16;0
5;2025-12-05;17;0
5;2025-12-05;18;0
5;2025-12-05;19;0
5;2025-12-05;20;0
5;2025-12-05;21;0
5;2025-12-05;22;0
5;2025-12-05;23;0
5;2025-12-06;0;0
5;2025-12-06;1;0
5;2025-12-06;2;0
5;2025-12-06;3;0
5;2025-12-06;4;0
5;2025-12-06;5;0
5;2025-12-06;6;0
5;2025-12-06;7;0
5;2025-12-06;8;0
5;2025-12-06;9;0
5;2025-12-06;10;0
5;2025-12-06;11;0
5;2025-12-06;12;0
5;2025-12-06;13;0
5;2025-12-06;14;0
5;2025-12-06;15;0
5;2025-12-06;16;0
5;2025-12-06;17;0
5;2025-12-06;18;0
5;2025-12-06;19;0
5;2025-12-06;20;0
5;2025-12-06;21;0
5;2025-12-06;22;0
5;2025-12-06;23;0
5;2025-12-07;0;0
5;2025-12-07;1;0
5;2025-12-07;2;0
5;2025-12-07;3;0
5;2025-12-07;4;0
5;2025-12-07;5;0
5;2025-12-07;6;0
5;2025-12-07;7;0
5;2025-12-07;8;0
5;2025-12-07;9;0
5;2025-12-07;10;0
5;2025-12-07;11;0
5;2025-12-07;12;0
5;2025-12-07;13;0
5;2025-12-07;14;0
5;2025-12-07;15;0
5;2025-12-07;16;0
5;2025-12-07;17;0
5;2025-12-07;18;0
5;2025-12-07;19;0
5;2025-12-07;20;0
5;2025-12-07;21;0
5;2025-12-07;22;0
5;2025-12-07;23;0
5;2025-12-08;0;0
5;2025-12-08;1;0
5;2025-12-08;2;0
5;2025-12-08;3;0
5;2025-12-08;4;0
5;2025-12-08;5;0
5;2025-12-08;6;0
5;2025-12-08;7;0
5;2025-12-08;8;0
5;2025-12-08;9;0
5;2025-12-08;10;0
5;2025-12-08;11;0
5;2025-12-08;12;0
5;2025-12-08;13;0
5;2025-12-08;14;0
5;2025-12-08;15;0
5;2025-12-08;16;0
5;2025-12-08;17;0
5;2025-12-08;18;0
5;2025-12-08;19;0
5;2025-12-08;20;0
5;2025-12-08;21;0
5;2025-12-08;22;0
5;2025-12-08;23;0
5;2025-12-09;0;0
5;2025-12-09;1;0
5;2025-12-09;2;0
5;2025-12-09;3;0
5;2025-12-09;4;0
5;2025-12-09;5;0
5;2025-12-09;6;0
5;2025-12-09;7;0
5;2025-12-09;8;0
5;2025-12-09;9;0
5;2025-12-09;10;0
5;2025-12-09;11;0
5;2025-12-09;12;0
5;2025-12-09;13;0
5;2025-12-09;14;0
5;2025-12-09;15;0
5;2025-12-09;16;0
5;2025-12-09;17;0
5;2025-12-09;18;0
5;2025-12-09;19;0
5;2025-12-09;20;0
5;2025-12-09;21;0
5;2025-12-09;22;0
5;2025-12-09;23;0
5;2025-12-10;0;0
5;2025-12-10;1;0
5;2025-12-10;2;0
5;2025-12-10;3;0
5;2025-12-10;4;0
5;2025-12-10;5;0
5;2025-12-10;6;0
5;2025-12-10;7;0
5;2025-12-10;8;0
5;2025-12-10;9;0
5;2025-12-10;10;0
5;2025-12-10;11;0
5;2025-12-10;12;0
5;2025-12-10;13;0
5;2025-12-10;14;0
5;2025-12-10;15;0
5;2025-12-10;16;0
5;2025-12-10;17;0
5;2025-12-10;18;0
5;2025-12-10;19;0
5;2025-12-10;20;0
5;2025-12-10;21;0
5;2025-12-10;22;0
5;2025-12-10;23;0
5;2025-12-11;0;0
5;2025-12-11;1;0
5;2025-12-11;2;0
5;2025-12-11;3;0
5;2025-12-11;4;0
5;2025-12-11;5;0
5;2025-12-11;6;0
5;2025-12-11;7;0
5;2025-12-11;8;0
5;2025-12-11;9;0
5;2025-12-11;10;0
5;2025-12-11;11;0
5;2025-12-11;12;0
5;2025-12-11;13;0
5;2025-12-11;14;0
5;2025-12-11;15;0
5;2025-12-11;16;0
5;2025-12-11;17;0
5;2025-12-11;18;0
5;2025-12-11;19;0
5;2025-12-11;20;0
5;2025-12-11;21;0
5;2025-12-11;22;0
5;2025-12-11;23;0
5;2025-12-12;0;0
5;2025-12-12;1;0
5;2025-12-12;2;0
5;2025-12-12;3;0
5;2025-12-12;4;0
5;2025-12-12;5;0
5;2025-12-12;6;0
5;2025-12-12;7;0
5;2025-12-12;8;0
5;2025-12-12;9;0
5;2025-12-12;10;0
5;2025-12-12;11;0
5;2025-12-12;12;0
5;2025-12-12;13;0
5;2025-12-12;14;0
5;2025-12-12;15;0
5;2025-12-12;16;0
5;2025-12-12;17;0
5;2025-12-12;18;0
5;2025-12-12;19;0
5;2025-12-12;20;0
5;2025-12-12;21;0
5;2025-12-12;22;0
5;2025-12-12;23;0
5;2025-12-13;0;0
5;2025-12-13;1;0
5;2025-12-13;2;0
5;2025-12-13;3;0
5;2025-12-13;4;0
5;2025-12-13;5;0
5;2025-12-13;6;0
5;2025-12-13;7;0
5;2025-12-13;8;0
5;2025-12-13;9;0
5;2025-12-13;10;0
5;2025-12-13;11;0
5;2025-12-13;12;0
5;2025-12-13;13;0
5;2025-12-13;14;0
5;2025-12-13;15;0
5;2025-12-13;16;0
5;2025-12-13;17;0
5;2025-12-13;18;0
5;2025-12-13;19;0
5;2025-12-13;20;0
5;2025-12-13;21;0
5;2025-12-13;22;0
5;2025-12-13;23;0
5;2025-12-14;0;0
5;2025-12-14;1;0
5;2025-12-14;2;0
5;2025-12-14;3;0
5;2025-12-14;4;0
5;2025-12-14;5;0
5;2025-12-14;6;0
5;2025-12-14;7;0
5;2025-12-14;8;0
5;2025-12-14;9;0
5;2025-12-14;10;0
5;2025-12-14;11;0
5;2025-12-14;12;0
5;2025-12-14;13;0
5;2025-12-14;14;0
5;2025-12-14;15;0
5;2025-12-14;16;0
5;2025-12-14;17;0
5;2025-12-14;18;0
5;2025-12-14;19;0
5;2025-12-14;20;0
5;2025-12-14;21;0
5;2025-12-14;22;0
5;2025-12-14;23;0
5;2025-12-15;0;0
5;2025-12-15;1;0
5;2025-12-15;2;0
5;2025-12-15;3;0
5;2025-12-15;4;0
5;2025-12-15;5;0
5;2025-12-15;6;0
5;2025-12-15;7;0
5;2025-12-15;8;0
5;2025-12-15;9;0
5;2025-12-15;10;0
5;2025-12-15;11;0
5;2025-12-15;12;0
5;2025-12-15;13;0
5;2025-12-15;14;0
5;2025-12-15;15;0
5;2025-12-15;16;0
5;2025-12-15;17;0
5;2025-12-15;18;0
5;2025-12-15;19;0
5;2025-12-15;20;0
5;2025-12-15;21;0
5;2025-12-15;22;0
5;2025-12-15;23;0
5;2025-12-16;0;0
5;2025-12-16;1;0
5;2025-12-16;2;0
5;2025-12-16;3;0
5;2025-12-16;4;0
5;2025-12-16;5;0
5;2025-12-16;6;0
5;2025-12-16;7;0
5;2025-12-16;8;0
5;2025-12-16;9;0
5;2025-12-16;10;0
5;2025-12-16;11;0
5;2025-12-16;12;0
5;2025-12-16;13;0
5;2025-12-16;14;0
5;2025-12-16;15;0
5;2025-12-16;16;0
5;2025-12-16;17;0
5;2025-12-16;18;0
5;2025-12-16;19;0
5;2025-12-16;20;0
5;2025-12-16;21;0
5;2025-12-16;22;0
5;2025-12-16;23;0
5;2025-12-17;0;0
5;2025-12-17;1;0
5;2025-12-17;2;0
5;2025-12-17;3;0
5;2025-12-17;4;0
5;2025-12-17;5;0
5;2025-12-17;6;0
5;2025-12-17;7;0
5;2025-12-17;8;0
5;2025-12-17;9;0
5;2025-12-17;10;0
5;2025-12-17;11;0
5;2025-12-17;12;0
5;2025-12-17;13;0
5;2025-12-17;14;0
5;2025-12-17;15;0
5;2025-12-17;16;0
5;2025-12-17;17;0
5;2025-12-17;18;0
5;2025-12-17;19;0
5;2025-12-17;20;0
5;2025-12-17;21;0
5;2025-12-17;22;0
5;2025-12-17;23;0
5;2025-12-18;0;0
5;2025-12-18;1;0
5;2025-12-18;2;0
5;2025-12-18;3;0
5;2025-12-18;4;0
5;2025-12-18;5;0
5;2025-12-18;6;0
5;2025-12-18;7;0
5;2025-12-18;8;0
5;2025-12-18;9;0
5;2025-12-18;10;0
5;2025-12-18;11;0
5;2025-12-18;12;0
5;2025-12-18;13;0
5;2025-12-18;14;0
5;2025-12-18;15;0
5;2025-12-18;16;0
5;2025-12-18;17;0
5;2025-12-18;18;0
5;2025-12-18;19;0
5;2025-12-18;20;0
5;2025-12-18;21;0
5;2025-12-18;22;0
5;2025-12-18;23;0
5;2025-12-19;0;0
5;2025-12-19;1;0
5;2025-12-19;2;0
5;2025-12-19;3;0
5;2025-12-19;4;0
5;2025-12-19;5;0
5;2025-12-19;6;0
5;2025-12-19;7;0
5;2025-12-19;8;0
5;2025-12-19;9;0
5;2025-12-19;10;0
5;2025-12-19;11;0
5;2025-12-19;12;0
5;2025-12-19;13;0
5;2025-12-19;14;0
5;2025-12-19;15;0
5;2025-12-19;16;0
5;2025-12-19;17;0
5;2025-12-19;18;0
5;2025-12-19;19;0
5;2025-12-19;20;0
5;2025-12-19;21;0
5;2025-12-19;22;0
5;2025-12-19;23;0
5;2025-12-20;0;0
5;2025-12-20;1;0
5;2025-12-20;2;0
5;2025-12-20;3;0
5;2025-12-20;4;0
5;2025-12-20;5;0
5;2025-12-20;6;0
5;2025-12-20;7;0
5;2025-12-20;8;0
5;2025-12-20;9;0
5;2025-12-20;10;0
5;2025-12-20;11;0
5;2025-12-20;12;0
5;2025-12-20;13;0
5;2025-12-20;14;0
5;2025-12-20;15;0
5;2025-12-20;16;0
5;2025-12-20;17;0
5;2025-12-20;18;0
5;2025-12-20;19;0
5;2025-12-20;20;0
5;2025-12-20;21;0
5;2025-12-20;22;0
5;2025-12-20;23;0
5;2025-12-21;0;0
5;2025-12-21;1;0
5;2025-12-21;2;0
5;2025-12-21;3;0
5;2025-12-21;4;0
5;2025-12-21;5;0
5;2025-12-21;6;0
5;2025-12-21;7;0
5;2025-12-21;8;0
5;2025-12-21;9;0
5;2025-12-21;10;0
5;2025-12-21;11;0
5;2025-12-21;12;0
5;2025-12-21;13;0
5;2025-12-21;14;0
5;2025-12-21;15;0
5;2025-12-21;16;0
5;2025-12-21;17;0
5;2025-12-21;18;0
5;2025-12-21;19;0
5;2025-12-21;20;0
5;2025-12-21;21;0
5;2025-12-21;22;0
5;2025-12-21;23;0
5;2025-12-22;0;0
5;2025-12-22;1;0
5;2025-12-22;2;0
5;2025-12-22;3;0
5;2025-12-22;4;0
5;2025-12-22;5;0
5;2025-12-22;6;0
5;2025-12-22;7;0
5;2025-12-22;8;0
5;2025-12-22;9;0
5;2025-12-22;10;0
5;2025-12-22;11;0
5;2025-12-22;12;0
5;2025-12-22;13;0
5;2025-12-22;14;0
5;2025-12-22;15;0
5;2025-12-22;16;0
5;2025-12-22;17;0
5;2025-12-22;18;0
5;2025-12-22;19;0
5;2025-12-22;20;0
5;2025-12-22;21;0
5;2025-12-22;22;0
5;2025-12-22;23;0
5;2025-12-23;0;0
5;2025-12-23;1;0
5;2025-12-23;2;0
5;2025-12-23;3;0
5;2025-12-23;4;0
5;2025-12-23;5;0
5;2025-12-23;6;0
5;2025-12-23;7;0
5;2025-12-23;8;0
5;2025-12-23;9;0
5;2025-12-23;10;0
5;2025-12-23;11;0
5;2025-12-23;12;0
5;2025-12-23;13;0
5;2025-12-23;14;0
5;2025-12-23;15;0
5;2025-12-23;16;0
5;2025-12-23;17;0
5;2025-12-23;18;0
5;2025-12-23;19;0
5;2025-12-23;20;0
5;2025-12-23;21;0
5;2025-12-23;22;0
5;2025-12-23;23;0
5;2025-12-24;0;0
5;2025-12-24;1;0
5;2025-12-24;2;0
5;2025-12-24;3;0
5;2025-12-24;4;0
5;2025-12-24;5;0
5;2025-12-24;6;0
5;2025-12-24;7;0
5;2025-12-24;8;0
5;2025-12-24;9;0
5;2025-12-24;10;0
5;2025-12-24;11;0
5;2025-12-24;12;0
5;2025-12-24;13;0
5;2025-12-24;14;0
5;2025-12-24;15;0
5;2025-12-24;16;0
5;2025-12-24;17;0
5;2025-12-24;18;0
5;2025-12-24;19;0
5;2025-12-24;20;0
5;2025-12-24;21;0
5;2025-12-24;22;0
5;2025-12-24;23;0
5;2025-12-25;0;0
5;2025-12-25;1;0
5;2025-12-25;2;0
5;2025-12-25;3;0
5;2025-12-25;4;0
5;2025-12-25;5;0
5;2025-12-25;6;0
5;2025-12-25;7;0
5;2025-12-25;8;0
5;2025-12-25;9;0
5;2025-12-25;10;0
5;2025-12-25;11;0
5;2025-12-25;12;0
5;2025-12-25;13;0
5;2025-12-25;14;0
5;2025-12-25;15;0
5;2025-12-25;16;0
5;2025-12-25;17;0
5;2025-12-25;18;0
5;2025-12-25;19;0
5;2025-12-25;20;0
5;2025-12-25;21;0
5;2025-12-25;22;0
5;2025-12-25;23;0
5;2025-12-26;0;0
5;2025-12-26;1;0
5;2025-12-26;2;0
5;2025-12-26;3;0
5;2025-12-26;4;0
5;2025-12-26;5;0
5;2025-12-26;6;0
5;2025-12-26;7;0
5;2025-12-26;8;0
5;2025-12-26;9;0
5;2025-12-26;10;0
5;2025-12-26;11;0
5;2025-12-26;12;0
5;2025-12-26;13;0
5;2025-12-26;14;0
5;2025-12-26;15;0
5;2025-12-26;16;0
5;2025-12-26;17;0
5;2025-12-26;18;0
5;2025-12-26;19;0
5;2025-12-26;20;0
5;2025-12-26;21;0
5;2025-12-26;22;0
5;2025-12-26;23;0
5;2025-12-27;0;0
5;2025-12-27;1;0
5;2025-12-27;2;0
5;2025-12-27;3;0
5;2025-12-27;4;0
5;2025-12-27;5;0
5;2025-12-27;6;0
5;2025-12-27;7;0
5;2025-12-27;8;0
5;2025-12-27;9;0
5;2025-12-27;10;0
5;2025-12-27;11;0
5;2025-12-27;12;0
5;2025-12-27;13;0
5;2025-12-27;14;0
5;2025-12-27;15;0
5;2025-12-27;16;0
5;2025-12-27;17;0
5;2025-12-27;18;0
5;2025-12-27;19;0
5;2025-12-27;20;0
5;2025-12-27;21;0
5;2025-12-27;22;0
5;2025-12-27;23;0
5;2025-12-28;0;0
5;2025-12-28;1;0
5;2025-12-28;2;0
5;2025-12-28;3;0
5;2025-12-28;4;0
5;2025-12-28;5;0
5;2025-12-28;6;0
5;2025-12-28;7;0
5;2025-12-28;8;0
5;2025-12-28;9;0
5;2025-12-28;10;0
5;2025-12-28;11;0
5;2025-12-28;12;0
5;2025-12-28;13;0
5;2025-12-28;14;0
5;2025-12-28;15;0
5;2025-12-28;16;0
5;2025-12-28;17;0
5;2025-12-28;18;0
5;2025-12-28;19;0
5;2025-12-28;20;0
5;2025-12-28;21;0
5;2025-12-28;22;0
5;2025-12-28;23;0
5;2025-12-29;0;0
5;2025-12-29;1;0
5;2025-12-29;2;0
5;2025-12-29;3;0
5;2025-12-29;4;0
5;2025-12-29;5;0
5;2025-12-29;6;0
5;2025-12-29;7;0
5;2025-12-29;8;0
5;2025-12-29;9;0
5;2025-12-29;10;0
5;2025-12-29;11;0
5;2025-12-29;12;0
5;2025-12-29;13;0
5;2025-12-29;14;0
5;2025-12-29;15;0
5;2025-12-29;16;0
5;2025-12-29;17;0
5;2025-12-29;18;0
5;2025-12-29;19;0
5;2025-12-29;20;0
5;2025-12-29;21;0
5;2025-12-29;22;0
5;2025-12-29;23;0
5;2025-12-30;0;0
5;2025-12-30;1;0
5;2025-12-30;2;0
5;2025-12-30;3;0
5;2025-12-30;4;0
5;2025-12-30;5;0
5;2025-12-30;6;0
5;2025-12-30;7;0
5;2025-12-30;8;0
5;2025-12-30;9;0
5;2025-12-30;10;0
5;2025-12-30;11;0
5;2025-12-30;12;0
5;2025-12-30;13;0
5;2025-12-30;14;0
5;2025-12-30;15;0
5;2025-12-30;16;0
5;2025-12-30;17;0
5;2025-12-30;18;0
5;2025-12-30;19;0
5;2025-12-30;20;0
5;2025-12-30;21;0
5;2025-12-30;22;0
5;2025-12-30;23;0
5;2025-12-31;0;0
5;2025-12-31;1;0
5;2025-12-31;2;0
5;2025-12-31;3;0
5;2025-12-31;4;0
5;2025-12-31;5;0
5;2025-12-31;6;0
5;2025-12-31;7;0
5;2025-12-31;8;0
5;2025-12-31;9;0
5;2025-12-31;10;0
5;2025-12-31;11;0
5;2025-12-31;12;0
5;2025-12-31;13;0
5;2025-12-31;14;0
5;2025-12-31;15;0
5;2025-12-31;16;0
5;2025-12-31;17;0
5;2025-12-31;18;0
5;2025-12-31;19;0
5;2025-12-31;20;0
5;2025-12-31;21;0
5;2025-12-31;22;0
5;2025-12-31;23;0
7;2025-11-01;0;122
7;2025-11-01;1;35
7;2025-11-01;2;0
7;2025-11-01;3;0
7;2025-11-01;4;7
7;2025-11-01;5;71
7;2025-11-01;6;328
7;2025-11-01;7;687
7;2025-11-01;8;1974
7;2025-11-01;9;1661
7;2025-11-01;10;1686
7;2025-11-01;11;1614
7;2025-11-01;12;1850
7;2025-11-01;13;1880
7;2025-11-01;14;2034
7;2025-11-01;15;1999
7;2025-11-01;16;2020
7;2025-11-01;17;2345
7;2025-11-01;18;2429
7;2025-11-01;19;1727
7;2025-11-01;20;1152
7;2025-11-01;21;686
7;2025-11-01;22;388
7;2025-11-01;23;251
7;2025-11-02;0;110
7;2025-11-02;1;22
7;2025-11-02;2;0
7;2025-11-02;3;0
7;2025-11-02;4;0
7;2025-11-02;5;38
7;2025-11-02;6;197
7;2025-11-02;7;326
7;2025-11-02;8;543
7;2025-11-02;9;660
7;2025-11-02;10;770
7;2025-11-02;11;955
7;2025-11-02;12;1104
7;2025-11-02;13;1128
7;2025-11-02;14;1238
7;2025-11-02;15;1121
7;2025-11-02;16;1003
7;2025-11-02;17;912
7;2025-11-02;18;935
7;2025-11-02;19;784
7;2025-11-02;20;646
7;2025-11-02;21;526
7;2025-11-02;22;295
7;2025-11-02;23;176
7;2025-11-03;0;66
7;2025-11-03;1;6
7;2025-11-03;2;0
7;2025-11-03;3;0
7;2025-11-03;4;0
7;2025-11-03;5;108
7;2025-11-03;6;291
7;2025-11-03;7;600
7;2025-11-03;8;881
7;2025-11-03;9;871
7;2025-11-03;10;776
7;2025-11-03;11;883
7;2025-11-03;12;918
7;2025-11-03;13;920
7;2025-11-03;14;952
7;2025-11-03;15;995
7;2025-11-03;16;923
7;2025-11-03;17;956
7;2025-11-03;18;1004
7;2025-11-03;19;958
7;2025-11-03;20;655
7;2025-11-03;21;465
7;2025-11-03;22;278
7;2025-11-03;23;155
7;2025-11-04;0;77
7;2025-11-04;1;4
7;2025-11-04;2;0
7;2025-11-04;3;0
7;2025-11-04;4;0
7;2025-11-04;5;88
7;2025-11-04;6;249
7;2025-11-04;7;315
7;2025-11-04;8;567
7;2025-11-04;9;537
7;2025-11-04;10;684
7;2025-11-04;11;796
7;2025-11-04;12;817
7;2025-11-04;13;837
7;2025-11-04;14;864
7;2025-11-04;15;866
7;2025-11-04;16;823
7;2025-11-04;17;785
7;2025-11-04;18;881
7;2025-11-04;19;805
7;2025-11-04;20;627
7;2025-11-04;21;479
7;2025-11-04;22;329
7;2025-11-04;23;196
7;2025-11-05;0;62
7;2025-11-05;1;13
7;2025-11-05;2;0
7;2025-11-05;3;0
7;2025-11-05;4;4
7;2025-11-05;5;206
7;2025-11-05;6;692
7;2025-11-05;7;1635
7;2025-11-05;8;2563
7;2025-11-05;9;1916
7;2025-11-05;10;1674
7;2025-11-05;11;1534
7;2025-11-05;12;1636
7;2025-11-05;13;1615
7;2025-11-05;14;1699
7;2025-11-05;15;1816
7;2025-11-05;16;1905
7;2025-11-05;17;2428
7;2025-11-05;18;2607
7;2025-11-05;19;1798
7;2025-11-05;20;1122
7;2025-11-05;21;658
7;2025-11-05;22;355
7;2025-11-05;23;215
7;2025-11-06;0;68
7;2025-11-06;1;16
7;2025-11-06;2;0
7;2025-11-06;3;0
7;2025-11-06;4;3
7;2025-11-06;5;205
7;2025-11-06;6;692
7;2025-11-06;7;1636
7;2025-11-06;8;2563
7;2025-11-06;9;1916
7;2025-11-06;10;1677
7;2025-11-06;11;1536
7;2025-11-06;12;1642
7;2025-11-06;13;1621
7;2025-11-06;14;1704
7;2025-11-06;15;1819
7;2025-11-06;16;1910
7;2025-11-06;17;2428
7;2025-11-06;18;2611
7;2025-11-06;19;1802
7;2025-11-06;20;1124
7;2025-11-06;21;666
7;2025-11-06;22;357
7;2025-11-06;23;220
7;2025-11-07;0;71
7;2025-11-07;1;14
7;2025-11-07;2;0
7;2025-11-07;3;0
7;2025-11-07;4;2
7;2025-11-07;5;200
7;2025-11-07;6;667
7;2025-11-07;7;1619
7;2025-11-07;8;2499
7;2025-11-07;9;1881
7;2025-11-07;10;1653
7;2025-11-07;11;1533
7;2025-11-07;12;1642
7;2025-11-07;13;1627
7;2025-11-07;14;1711
7;2025-11-07;15;1822
7;2025-11-07;16;1934
7;2025-11-07;17;2404
7;2025-11-07;18;2368
7;2025-11-07;19;1703
7;2025-11-07;20;1102
7;2025-11-07;21;653
7;2025-11-07;22;353
7;2025-11-07;23;233
7;2025-11-08;0;119
7;2025-11-08;1;27
7;2025-11-08;2;0
7;2025-11-08;3;0
7;2025-11-08;4;8
7;2025-11-08;5;56
7;2025-11-08;6;294
7;2025-11-08;7;480
7;2025-11-08;8;727
7;2025-11-08;9;744
7;2025-11-08;10;915
7;2025-11-08;11;1045
7;2025-11-08;12;1244
7;2025-11-08;13;1209
7;2025-11-08;14;1359
7;2025-11-08;15;1217
7;2025-11-08;16;1074
7;2025-11-08;17;1061
7;2025-11-08;18;1079
7;2025-11-08;19;970
7;2025-11-08;20;784
7;2025-11-08;21;632
7;2025-11-08;22;355
7;2025-11-08;23;225
7;2025-11-09;0;110
7;2025-11-09;1;22
7;2025-11-09;2;0
7;2025-11-09;3;0
7;2025-11-09;4;0
7;2025-11-09;5;38
7;2025-11-09;6;197
7;2025-11-09;7;326
7;2025-11-09;8;543
7;2025-11-09;9;660
7;2025-11-09;10;770
7;2025-11-09;11;955
7;2025-11-09;12;1104
7;2025-11-09;13;1128
7;2025-11-09;14;1238
7;2025-11-09;15;1121
7;2025-11-09;16;1003
7;2025-11-09;17;912
7;2025-11-09;18;935
7;2025-11-09;19;784
7;2025-11-09;20;646
7;2025-11-09;21;526
7;2025-11-09;22;295
7;2025-11-09;23;176
7;2025-11-10;0;68
7;2025-11-10;1;11
7;2025-11-10;2;0
7;2025-11-10;3;0
7;2025-11-10;4;2
7;2025-11-10;5;193
7;2025-11-10;6;678
7;2025-11-10;7;1604
7;2025-11-10;8;2532
7;2025-11-10;9;1881
7;2025-11-10;10;1611
7;2025-11-10;11;1480
7;2025-11-10;12;1578
7;2025-11-10;13;1583
7;2025-11-10;14;1641
7;2025-11-10;15;1780
7;2025-11-10;16;1875
7;2025-11-10;17;2393
7;2025-11-10;18;2572
7;2025-11-10;19;1741
7;2025-11-10;20;1073
7;2025-11-10;21;616
7;2025-11-10;22;314
7;2025-11-10;23;180
7;2025-11-11;0;62
7;2025-11-11;1;12
7;2025-11-11;2;0
7;2025-11-11;3;0
7;2025-11-11;4;3
7;2025-11-11;5;197
7;2025-11-11;6;693
7;2025-11-11;7;1637
7;2025-11-11;8;2570
7;2025-11-11;9;1916
7;2025-11-11;10;1676
7;2025-11-11;11;1528
7;2025-11-11;12;1640
7;2025-11-11;13;1618
7;2025-11-11;14;1694
7;2025-11-11;15;1815
7;2025-11-11;16;1907
7;2025-11-11;17;2429
7;2025-11-11;18;2610
7;2025-11-11;19;1803
7;2025-11-11;20;1122
7;2025-11-11;21;661
7;2025-11-11;22;352
7;2025-11-11;23;205
7;2025-11-12;0;62
7;2025-11-12;1;13
7;2025-11-12;2;0
7;2025-11-12;3;0
7;2025-11-12;4;4
7;2025-11-12;5;206
7;2025-11-12;6;692
7;2025-11-12;7;1635
7;2025-11-12;8;2563
7;2025-11-12;9;1916
7;2025-11-12;10;1674
7;2025-11-12;11;1534
7;2025-11-12;12;1636
7;2025-11-12;13;1615
7;2025-11-12;14;1699
7;2025-11-12;15;1816
7;2025-11-12;16;1905
7;2025-11-12;17;2428
7;2025-11-12;18;2607
7;2025-11-12;19;1798
7;2025-11-12;20;1122
7;2025-11-12;21;658
7;2025-11-12;22;355
7;2025-11-12;23;215
7;2025-11-13;0;68
7;2025-11-13;1;16
7;2025-11-13;2;0
7;2025-11-13;3;0
7;2025-11-13;4;3
7;2025-11-13;5;205
7;2025-11-13;6;692
7;2025-11-13;7;1636
7;2025-11-13;8;2563
7;2025-11-13;9;1916
7;2025-11-13;10;1677
7;2025-11-13;11;1536
7;2025-11-13;12;1642
7;2025-11-13;13;1621
7;2025-11-13;14;1704
7;2025-11-13;15;1819
7;2025-11-13;16;1910
7;2025-11-13;17;2428
7;2025-11-13;18;2611
7;2025-11-13;19;1802
7;2025-11-13;20;1124
7;2025-11-13;21;666
7;2025-11-13;22;357
7;2025-11-13;23;220
7;2025-11-14;0;71
7;2025-11-14;1;14
7;2025-11-14;2;0
7;2025-11-14;3;0
7;2025-11-14;4;2
7;2025-11-14;5;200
7;2025-11-14;6;667
7;2025-11-14;7;1619
7;2025-11-14;8;2499
7;2025-11-14;9;1881
7;2025-11-14;10;1653
7;2025-11-14;11;1533
7;2025-11-14;12;1642
7;2025-11-14;13;1627
7;2025-11-14;14;1711
7;2025-11-14;15;1822
7;2025-11-14;16;1934
7;2025-11-14;17;2404
7;2025-11-14;18;2368
7;2025-11-14;19;1703
7;2025-11-14;20;1102
7;2025-11-14;21;653
7;2025-11-14;22;353
7;2025-11-14;23;233
7;2025-11-15;0;119
7;2025-11-15;1;27
7;2025-11-15;2;0
7;2025-11-15;3;0
7;2025-11-15;4;8
7;2025-11-15;5;56
7;2025-11-15;6;294
7;2025-11-15;7;480
7;2025-11-15;8;727
7;2025-11-15;9;744
7;2025-11-15;10;915
7;2025-11-15;11;1045
7;2025-11-15;12;1244
7;2025-11-15;13;1209
7;2025-11-15;14;1359
7;2025-11-15;15;1217
7;2025-11-15;16;1074
7;2025-11-15;17;1061
7;2025-11-15;18;1079
7;2025-11-15;19;970
7;2025-11-15;20;784
7;2025-11-15;21;632
7;2025-11-15;22;355
7;2025-11-15;23;225
7;2025-11-16;0;110
7;2025-11-16;1;22
7;2025-11-16;2;0
7;2025-11-16;3;0
7;2025-11-16;4;0
7;2025-11-16;5;38
7;2025-11-16;6;197
7;2025-11-16;7;326
7;2025-11-16;8;543
7;2025-11-16;9;660
7;2025-11-16;10;770
7;2025-11-16;11;955
7;2025-11-16;12;1104
7;2025-11-16;13;1128
7;2025-11-16;14;1238
7;2025-11-16;15;1121
7;2025-11-16;16;1003
7;2025-11-16;17;912
7;2025-11-16;18;935
7;2025-11-16;19;784
7;2025-11-16;20;646
7;2025-11-16;21;526
7;2025-11-16;22;295
7;2025-11-16;23;176
7;2025-11-17;0;68
7;2025-11-17;1;11
7;2025-11-17;2;0
7;2025-11-17;3;0
7;2025-11-17;4;2
7;2025-11-17;5;193
7;2025-11-17;6;678
7;2025-11-17;7;1604
7;2025-11-17;8;2532
7;2025-11-17;9;1881
7;2025-11-17;10;1611
7;2025-11-17;11;1480
7;2025-11-17;12;1578
7;2025-11-17;13;1583
7;2025-11-17;14;1641
7;2025-11-17;15;1780
7;2025-11-17;16;1875
7;2025-11-17;17;2393
7;2025-11-17;18;2572
7;2025-11-17;19;1741
7;2025-11-17;20;1073
7;2025-11-17;21;616
7;2025-11-17;22;314
7;2025-11-17;23;180
7;2025-11-18;0;62
7;2025-11-18;1;12
7;2025-11-18;2;0
7;2025-11-18;3;0
7;2025-11-18;4;3
7;2025-11-18;5;197
7;2025-11-18;6;693
7;2025-11-18;7;1637
7;2025-11-18;8;2570
7;2025-11-18;9;1916
7;2025-11-18;10;1676
7;2025-11-18;11;1528
7;2025-11-18;12;1640
7;2025-11-18;13;1618
7;2025-11-18;14;1694
7;2025-11-18;15;1815
7;2025-11-18;16;1907
7;2025-11-18;17;2429
7;2025-11-18;18;2610
7;2025-11-18;19;1803
7;2025-11-18;20;1122
7;2025-11-18;21;661
7;2025-11-18;22;352
7;2025-11-18;23;205
7;2025-11-19;0;62
7;2025-11-19;1;13
7;2025-11-19;2;0
7;2025-11-19;3;0
7;2025-11-19;4;4
7;2025-11-19;5;206
7;2025-11-19;6;692
7;2025-11-19;7;1635
7;2025-11-19;8;2563
7;2025-11-19;9;1916
7;2025-11-19;10;1674
7;2025-11-19;11;1534
7;2025-11-19;12;1636
7;2025-11-19;13;1615
7;2025-11-19;14;1699
7;2025-11-19;15;1816
7;2025-11-19;16;1905
7;2025-11-19;17;2428
7;2025-11-19;18;2607
7;2025-11-19;19;1798
7;2025-11-19;20;1122
7;2025-11-19;21;658
7;2025-11-19;22;355
7;2025-11-19;23;215
7;2025-11-20;0;68
7;2025-11-20;1;16
7;2025-11-20;2;0
7;2025-11-20;3;0
7;2025-11-20;4;3
7;2025-11-20;5;205
7;2025-11-20;6;692
7;2025-11-20;7;1636
7;2025-11-20;8;2563
7;2025-11-20;9;1916
7;2025-11-20;10;1677
7;2025-11-20;11;1536
7;2025-11-20;12;1642
7;2025-11-20;13;1621
7;2025-11-20;14;1704
7;2025-11-20;15;1819
7;2025-11-20;16;1910
7;2025-11-20;17;2428
7;2025-11-20;18;2611
7;2025-11-20;19;1802
7;2025-11-20;20;1124
7;2025-11-20;21;666
7;2025-11-20;22;357
7;2025-11-20;23;220
7;2025-11-21;0;71
7;2025-11-21;1;14
7;2025-11-21;2;0
7;2025-11-21;3;0
7;2025-11-21;4;2
7;2025-11-21;5;200
7;2025-11-21;6;667
7;2025-11-21;7;1619
7;2025-11-21;8;2499
7;2025-11-21;9;1881
7;2025-11-21;10;1653
7;2025-11-21;11;1533
7;2025-11-21;12;1642
7;2025-11-21;13;1627
7;2025-11-21;14;1711
7;2025-11-21;15;1822
7;2025-11-21;16;1934
7;2025-11-21;17;2404
7;2025-11-21;18;2368
7;2025-11-21;19;1703
7;2025-11-21;20;1102
7;2025-11-21;21;653
7;2025-11-21;22;353
7;2025-11-21;23;233
7;2025-11-22;0;119
7;2025-11-22;1;27
7;2025-11-22;2;0
7;2025-11-22;3;0
7;2025-11-22;4;8
7;2025-11-22;5;56
7;2025-11-22;6;294
7;2025-11-22;7;480
7;2025-11-22;8;727
7;2025-11-22;9;744
7;2025-11-22;10;915
7;2025-11-22;11;1045
7;2025-11-22;12;1244
7;2025-11-22;13;1209
7;2025-11-22;14;1359
7;2025-11-22;15;1217
7;2025-11-22;16;1074
7;2025-11-22;17;1061
7;2025-11-22;18;1079
7;2025-11-22;19;970
7;2025-11-22;20;784
7;2025-11-22;21;632
7;2025-11-22;22;355
7;2025-11-22;23;225
7;2025-11-23;0;110
7;2025-11-23;1;22
7;2025-11-23;2;0
7;2025-11-23;3;0
7;2025-11-23;4;0
7;2025-11-23;5;38
7;2025-11-23;6;197
7;2025-11-23;7;326
7;2025-11-23;8;543
7;2025-11-23;9;660
7;2025-11-23;10;770
7;2025-11-23;11;955
7;2025-11-23;12;1104
7;2025-11-23;13;1128
7;2025-11-23;14;1238
7;2025-11-23;15;1121
7;2025-11-23;16;1003
7;2025-11-23;17;912
7;2025-11-23;18;935
7;2025-11-23;19;784
7;2025-11-23;20;646
7;2025-11-23;21;526
7;2025-11-23;22;295
7;2025-11-23;23;176
7;2025-11-24;0;68
7;2025-11-24;1;11
7;2025-11-24;2;0
7;2025-11-24;3;0
7;2025-11-24;4;2
7;2025-11-24;5;193
7;2025-11-24;6;678
7;2025-11-24;7;1604
7;2025-11-24;8;2532
7;2025-11-24;9;1881
7;2025-11-24;10;1611
7;2025-11-24;11;1480
7;2025-11-24;12;1578
7;2025-11-24;13;1583
7;2025-11-24;14;1641
7;2025-11-24;15;1780
7;2025-11-24;16;1875
7;2025-11-24;17;2393
7;2025-11-24;18;2572
7;2025-11-24;19;1741
7;2025-11-24;20;1073
7;2025-11-24;21;616
7;2025-11-24;22;314
7;2025-11-24;23;180
7;2025-11-25;0;62
7;2025-11-25;1;12
7;2025-11-25;2;0
7;2025-11-25;3;0
7;2025-11-25;4;3
7;2025-11-25;5;197
7;2025-11-25;6;693
7;2025-11-25;7;1637
7;2025-11-25;8;2570
7;2025-11-25;9;1916
7;2025-11-25;10;1676
7;2025-11-25;11;1528
7;2025-11-25;12;1640
7;2025-11-25;13;1618
7;2025-11-25;14;1694
7;2025-11-25;15;1815
7;2025-11-25;16;1907
7;2025-11-25;17;2429
7;2025-11-25;18;2610
7;2025-11-25;19;1803
7;2025-11-25;20;1122
7;2025-11-25;21;661
7;2025-11-25;22;352
7;2025-11-25;23;205
7;2025-11-26;0;62
7;2025-11-26;1;13
7;2025-11-26;2;0
7;2025-11-26;3;0
7;2025-11-26;4;4
7;2025-11-26;5;206
7;2025-11-26;6;692
7;2025-11-26;7;1635
7;2025-11-26;8;2563
7;2025-11-26;9;1916
7;2025-11-26;10;1674
7;2025-11-26;11;1534
7;2025-11-26;12;1636
7;2025-11-26;13;1615
7;2025-11-26;14;1699
7;2025-11-26;15;1816
7;2025-11-26;16;1905
7;2025-11-26;17;2428
7;2025-11-26;18;2607
7;2025-11-26;19;1798
7;2025-11-26;20;1122
7;2025-11-26;21;658
7;2025-11-26;22;355
7;2025-11-26;23;215
7;2025-11-27;0;68
7;2025-11-27;1;16
7;2025-11-27;2;0
7;2025-11-27;3;0
7;2025-11-27;4;3
7;2025-11-27;5;205
7;2025-11-27;6;692
7;2025-11-27;7;1636
7;2025-11-27;8;2563
7;2025-11-27;9;1916
7;2025-11-27;10;1677
7;2025-11-27;11;1536
7;2025-11-27;12;1642
7;2025-11-27;13;1621
7;2025-11-27;14;1704
7;2025-11-27;15;1819
7;2025-11-27;16;1910
7;2025-11-27;17;2428
7;2025-11-27;18;2611
7;2025-11-27;19;1802
7;2025-11-27;20;1124
7;2025-11-27;21;666
7;2025-11-27;22;357
7;2025-11-27;23;220
7;2025-11-28;0;71
7;2025-11-28;1;14
7;2025-11-28;2;0
7;2025-11-28;3;0
7;2025-11-28;4;2
7;2025-11-28;5;200
7;2025-11-28;6;667
7;2025-11-28;7;1619
7;2025-11-28;8;2499
7;2025-11-28;9;1881
7;2025-11-28;10;1653
7;2025-11-28;11;1533
7;2025-11-28;12;1642
7;2025-11-28;13;1627
7;2025-11-28;14;1711
7;2025-11-28;15;1822
7;2025-11-28;16;1934
7;2025-11-28;17;2404
7;2025-11-28;18;2368
7;2025-11-28;19;1703
7;2025-11-28;20;1102
7;2025-11-28;21;653
7;2025-11-28;22;353
7;2025-11-28;23;233
7;2025-11-29;0;119
7;2025-11-29;1;27
7;2025-11-29;2;0
7;2025-11-29;3;0
7;2025-11-29;4;8
7;2025-11-29;5;56
7;2025-11-29;6;294
7;2025-11-29;7;480
7;2025-11-29;8;727
7;2025-11-29;9;744
7;2025-11-29;10;915
7;2025-11-29;11;1045
7;2025-11-29;12;1244
7;2025-11-29;13;1209
7;2025-11-29;14;1359
7;2025-11-29;15;1217
7;2025-11-29;16;1074
7;2025-11-29;17;1061
7;2025-11-29;18;1079
7;2025-11-29;19;970
7;2025-11-29;20;784
7;2025-11-29;21;632
7;2025-11-29;22;355
7;2025-11-29;23;225
7;2025-11-30;0;110
7;2025-11-30;1;22
7;2025-11-30;2;0
7;2025-11-30;3;0
7;2025-11-30;4;0
7;2025-11-30;5;38
7;2025-11-30;6;197
7;2025-11-30;7;326
7;2025-11-30;8;543
7;2025-11-30;9;660
7;2025-11-30;10;770
7;2025-11-30;11;955
7;2025-11-30;12;1104
7;2025-11-30;13;1128
7;2025-11-30;14;1238
7;2025-11-30;15;1121
7;2025-11-30;16;1003
7;2025-11-30;17;912
7;2025-11-30;18;935
7;2025-11-30;19;784
7;2025-11-30;20;646
7;2025-11-30;21;526
7;2025-11-30;22;295
7;2025-11-30;23;176
7;2025-12-01;0;61
7;2025-12-01;1;10
7;2025-12-01;2;0
7;2025-12-01;3;0
7;2025-12-01;4;0
7;2025-12-01;5;190
7;2025-12-01;6;693
7;2025-12-01;7;1595
7;2025-12-01;8;2503
7;2025-12-01;9;1866
7;2025-12-01;10;1535
7;2025-12-01;11;1446
7;2025-12-01;12;1560
7;2025-12-01;13;1587
7;2025-12-01;14;1631
7;2025-12-01;15;1778
7;2025-12-01;16;1877
7;2025-12-01;17;2396
7;2025-12-01;18;2566
7;2025-12-01;19;1748
7;2025-12-01;20;1039
7;2025-12-01;21;597
7;2025-12-01;22;301
7;2025-12-01;23;167
7;2025-12-02;0;54
7;2025-12-02;1;11
7;2025-12-02;2;0
7;2025-12-02;3;0
7;2025-12-02;4;1
7;2025-12-02;5;194
7;2025-12-02;6;706
7;2025-12-02;7;1617
7;2025-12-02;8;2537
7;2025-12-02;9;1899
7;2025-12-02;10;1586
7;2025-12-02;11;1487
7;2025-12-02;12;1605
7;2025-12-02;13;1621
7;2025-12-02;14;1678
7;2025-12-02;15;1806
7;2025-12-02;16;1908
7;2025-12-02;17;2426
7;2025-12-02;18;2604
7;2025-12-02;19;1811
7;2025-12-02;20;1077
7;2025-12-02;21;630
7;2025-12-02;22;327
7;2025-12-02;23;182
7;2025-12-03;0;55
7;2025-12-03;1;13
7;2025-12-03;2;0
7;2025-12-03;3;0
7;2025-12-03;4;2
7;2025-12-03;5;203
7;2025-12-03;6;705
7;2025-12-03;7;1615
7;2025-12-03;8;2529
7;2025-12-03;9;1899
7;2025-12-03;10;1584
7;2025-12-03;11;1493
7;2025-12-03;12;1602
7;2025-12-03;13;1617
7;2025-12-03;14;1683
7;2025-12-03;15;1808
7;2025-12-03;16;1906
7;2025-12-03;17;2425
7;2025-12-03;18;2601
7;2025-12-03;19;1805
7;2025-12-03;20;1076
7;2025-12-03;21;627
7;2025-12-03;22;330
7;2025-12-03;23;193
7;2025-12-04;0;61
7;2025-12-04;1;16
7;2025-12-04;2;0
7;2025-12-04;3;0
7;2025-12-04;4;1
7;2025-12-04;5;202
7;2025-12-04;6;706
7;2025-12-04;7;1616
7;2025-12-04;8;2530
7;2025-12-04;9;1899
7;2025-12-04;10;1587
7;2025-12-04;11;1495
7;2025-12-04;12;1607
7;2025-12-04;13;1624
7;2025-12-04;14;1688
7;2025-12-04;15;1810
7;2025-12-04;16;1911
7;2025-12-04;17;2425
7;2025-12-04;18;2605
7;2025-12-04;19;1810
7;2025-12-04;20;1079
7;2025-12-04;21;635
7;2025-12-04;22;332
7;2025-12-04;23;197
7;2025-12-05;0;63
7;2025-12-05;1;14
7;2025-12-05;2;0
7;2025-12-05;3;0
7;2025-12-05;4;0
7;2025-12-05;5;197
7;2025-12-05;6;684
7;2025-12-05;7;1601
7;2025-12-05;8;2466
7;2025-12-05;9;1866
7;2025-12-05;10;1563
7;2025-12-05;11;1494
7;2025-12-05;12;1610
7;2025-12-05;13;1632
7;2025-12-05;14;1697
7;2025-12-05;15;1816
7;2025-12-05;16;1937
7;2025-12-05;17;2403
7;2025-12-05;18;2362
7;2025-12-05;19;1710
7;2025-12-05;20;1058
7;2025-12-05;21;625
7;2025-12-05;22;330
7;2025-12-05;23;211
7;2025-12-06;0;100
7;2025-12-06;1;24
7;2025-12-06;2;0
7;2025-12-06;3;0
7;2025-12-06;4;9
7;2025-12-06;5;54
7;2025-12-06;6;303
7;2025-12-06;7;462
7;2025-12-06;8;700
7;2025-12-06;9;725
7;2025-12-06;10;829
7;2025-12-06;11;1009
7;2025-12-06;12;1208
7;2025-12-06;13;1211
7;2025-12-06;14;1349
7;2025-12-06;15;1209
7;2025-12-06;16;1075
7;2025-12-06;17;1066
7;2025-12-06;18;1062
7;2025-12-06;19;974
7;2025-12-06;20;752
7;2025-12-06;21;591
7;2025-12-06;22;328
7;2025-12-06;23;209
7;2025-12-07;0;96
7;2025-12-07;1;19
7;2025-12-07;2;0
7;2025-12-07;3;0
7;2025-12-07;4;0
7;2025-12-07;5;36
7;2025-12-07;6;207
7;2025-12-07;7;321
7;2025-12-07;8;520
7;2025-12-07;9;640
7;2025-12-07;10;704
7;2025-12-07;11;925
7;2025-12-07;12;1085
7;2025-12-07;13;1132
7;2025-12-07;14;1234
7;2025-12-07;15;1119
7;2025-12-07;16;1006
7;2025-12-07;17;925
7;2025-12-07;18;916
7;2025-12-07;19;787
7;2025-12-07;20;630
7;2025-12-07;21;501
7;2025-12-07;22;287
7;2025-12-07;23;169
7;2025-12-08;0;61
7;2025-12-08;1;10
7;2025-12-08;2;0
7;2025-12-08;3;0
7;2025-12-08;4;0
7;2025-12-08;5;190
7;2025-12-08;6;693
7;2025-12-08;7;1595
7;2025-12-08;8;2503
7;2025-12-08;9;1866
7;2025-12-08;10;1535
7;2025-12-08;11;1446
7;2025-12-08;12;1560
7;2025-12-08;13;1587
7;2025-12-08;14;1631
7;2025-12-08;15;1778
7;2025-12-08;16;1877
7;2025-12-08;17;2396
7;2025-12-08;18;2566
7;2025-12-08;19;1748
7;2025-12-08;20;1039
7;2025-12-08;21;597
7;2025-12-08;22;301
7;2025-12-08;23;167
7;2025-12-09;0;54
7;2025-12-09;1;11
7;2025-12-09;2;0
7;2025-12-09;3;0
7;2025-12-09;4;1
7;2025-12-09;5;194
7;2025-12-09;6;706
7;2025-12-09;7;1617
7;2025-12-09;8;2537
7;2025-12-09;9;1899
7;2025-12-09;10;1586
7;2025-12-09;11;1487
7;2025-12-09;12;1605
7;2025-12-09;13;1621
7;2025-12-09;14;1678
7;2025-12-09;15;1806
7;2025-12-09;16;1908
7;2025-12-09;17;2426
7;2025-12-09;18;2604
7;2025-12-09;19;1811
7;2025-12-09;20;1077
7;2025-12-09;21;630
7;2025-12-09;22;327
7;2025-12-09;23;182
7;2025-12-10;0;55
7;2025-12-10;1;13
7;2025-12-10;2;0
7;2025-12-10;3;0
7;2025-12-10;4;2
7;2025-12-10;5;203
7;2025-12-10;6;705
7;2025-12-10;7;1615
7;2025-12-10;8;2529
7;2025-12-10;9;1899
7;2025-12-10;10;1584
7;2025-12-10;11;1493
7;2025-12-10;12;1602
7;2025-12-10;13;1617
7;2025-12-10;14;1683
7;2025-12-10;15;1808
7;2025-12-10;16;1906
7;2025-12-10;17;2425
7;2025-12-10;18;2601
7;2025-12-10;19;1805
7;2025-12-10;20;1076
7;2025-12-10;21;627
7;2025-12-10;22;330
7;2025-12-10;23;193
7;2025-12-11;0;61
7;2025-12-11;1;16
7;2025-12-11;2;0
7;2025-12-11;3;0
7;2025-12-11;4;1
7;2025-12-11;5;202
7;2025-12-11;6;706
7;2025-12-11;7;1616
7;2025-12-11;8;2530
7;2025-12-11;9;1899
7;2025-12-11;10;1587
7;2025-12-11;11;1495
7;2025-12-11;12;1607
7;2025-12-11;13;1624
7;2025-12-11;14;1688
7;2025-12-11;15;1810
7;2025-12-11;16;1911
7;2025-12-11;17;2425
7;2025-12-11;18;2605
7;2025-12-11;19;1810
7;2025-12-11;20;1079
7;2025-12-11;21;635
7;2025-12-11;22;332
7;2025-12-11;23;197
7;2025-12-12;0;63
7;2025-12-12;1;14
7;2025-12-12;2;0
7;2025-12-12;3;0
7;2025-12-12;4;0
7;2025-12-12;5;197
7;2025-12-12;6;684
7;2025-12-12;7;1601
7;2025-12-12;8;2466
7;2025-12-12;9;1866
7;2025-12-12;10;1563
7;2025-12-12;11;1494
7;2025-12-12;12;1610
7;2025-12-12;13;1632
7;2025-12-12;14;1697
7;2025-12-12;15;1816
7;2025-12-12;16;1937
7;2025-12-12;17;2403
7;2025-12-12;18;2362
7;2025-12-12;19;1710
7;2025-12-12;20;1058
7;2025-12-12;21;625
7;2025-12-12;22;330
7;2025-12-12;23;211
7;2025-12-13;0;100
7;2025-12-13;1;24
7;2025-12-13;2;0
7;2025-12-13;3;0
7;2025-12-13;4;9
7;2025-12-13;5;54
7;2025-12-13;6;303
7;2025-12-13;7;462
7;2025-12-13;8;700
7;2025-12-13;9;725
7;2025-12-13;10;829
7;2025-12-13;11;1009
7;2025-12-13;12;1208
7;2025-12-13;13;1211
7;2025-12-13;14;1349
7;2025-12-13;15;1209
7;2025-12-13;16;1075
7;2025-12-13;17;1066
7;2025-12-13;18;1062
7;2025-12-13;19;974
7;2025-12-13;20;752
7;2025-12-13;21;591
7;2025-12-13;22;328
7;2025-12-13;23;209
7;2025-12-14;0;96
7;2025-12-14;1;19
7;2025-12-14;2;0
7;2025-12-14;3;0
7;2025-12-14;4;0
7;2025-12-14;5;36
7;2025-12-14;6;207
7;2025-12-14;7;321
7;2025-12-14;8;520
7;2025-12-14;9;640
7;2025-12-14;10;704
7;2025-12-14;11;925
7;2025-12-14;12;1085
7;2025-12-14;13;1132
7;2025-12-14;14;1234
7;2025-12-14;15;1119
7;2025-12-14;16;1006
7;2025-12-14;17;925
7;2025-12-14;18;916
7;2025-12-14;19;787
7;2025-12-14;20;630
7;2025-12-14;21;501
7;2025-12-14;22;287
7;2025-12-14;23;169
7;2025-12-15;0;61
7;2025-12-15;1;10
7;2025-12-15;2;0
7;2025-12-15;3;0
7;2025-12-15;4;0
7;2025-12-15;5;190
7;2025-12-15;6;693
7;2025-12-15;7;1595
7;2025-12-15;8;2503
7;2025-12-15;9;1866
7;2025-12-15;10;1535
7;2025-12-15;11;1446
7;2025-12-15;12;1560
7;2025-12-15;13;1587
7;2025-12-15;14;1631
7;2025-12-15;15;1778
7;2025-12-15;16;1877
7;2025-12-15;17;2396
7;2025-12-15;18;2566
7;2025-12-15;19;1748
7;2025-12-15;20;1039
7;2025-12-15;21;597
7;2025-12-15;22;301
7;2025-12-15;23;167
7;2025-12-16;0;54
7;2025-12-16;1;11
7;2025-12-16;2;0
7;2025-12-16;3;0
7;2025-12-16;4;1
7;2025-12-16;5;194
7;2025-12-16;6;706
7;2025-12-16;7;1617
7;2025-12-16;8;2537
7;2025-12-16;9;1899
7;2025-12-16;10;1586
7;2025-12-16;11;1487
7;2025-12-16;12;1605
7;2025-12-16;13;1621
7;2025-12-16;14;1678
7;2025-12-16;15;1806
7;2025-12-16;16;1908
7;2025-12-16;17;2426
7;2025-12-16;18;2604
7;2025-12-16;19;1811
7;2025-12-16;20;1077
7;2025-12-16;21;630
7;2025-12-16;22;327
7;2025-12-16;23;182
7;2025-12-17;0;55
7;2025-12-17;1;13
7;2025-12-17;2;0
7;2025-12-17;3;0
7;2025-12-17;4;2
7;2025-12-17;5;203
7;2025-12-17;6;705
7;2025-12-17;7;1615
7;2025-12-17;8;2529
7;2025-12-17;9;1899
7;2025-12-17;10;1584
7;2025-12-17;11;1493
7;2025-12-17;12;1602
7;2025-12-17;13;1617
7;2025-12-17;14;1683
7;2025-12-17;15;1808
7;2025-12-17;16;1906
7;2025-12-17;17;2425
7;2025-12-17;18;2601
7;2025-12-17;19;1805
7;2025-12-17;20;1076
7;2025-12-17;21;627
7;2025-12-17;22;330
7;2025-12-17;23;193
7;2025-12-18;0;61
7;2025-12-18;1;16
7;2025-12-18;2;0
7;2025-12-18;3;0
7;2025-12-18;4;1
7;2025-12-18;5;202
7;2025-12-18;6;706
7;2025-12-18;7;1616
7;2025-12-18;8;2530
7;2025-12-18;9;1899
7;2025-12-18;10;1587
7;2025-12-18;11;1495
7;2025-12-18;12;1607
7;2025-12-18;13;1624
7;2025-12-18;14;1688
7;2025-12-18;15;1810
7;2025-12-18;16;1911
7;2025-12-18;17;2425
7;2025-12-18;18;2605
7;2025-12-18;19;1810
7;2025-12-18;20;1079
7;2025-12-18;21;635
7;2025-12-18;22;332
7;2025-12-18;23;197
7;2025-12-19;0;63
7;2025-12-19;1;14
7;2025-12-19;2;0
7;2025-12-19;3;0
7;2025-12-19;4;0
7;2025-12-19;5;197
7;2025-12-19;6;684
7;2025-12-19;7;1601
7;2025-12-19;8;2466
7;2025-12-19;9;1866
7;2025-12-19;10;1563
7;2025-12-19;11;1494
7;2025-12-19;12;1610
7;2025-12-19;13;1632
7;2025-12-19;14;1697
7;2025-12-19;15;1816
7;2025-12-19;16;1937
7;2025-12-19;17;2403
7;2025-12-19;18;2362
7;2025-12-19;19;1710
7;2025-12-19;20;1058
7;2025-12-19;21;625
7;2025-12-19;22;330
7;2025-12-19;23;211
7;2025-12-20;0;100
7;2025-12-20;1;24
7;2025-12-20;2;0
7;2025-12-20;3;0
7;2025-12-20;4;9
7;2025-12-20;5;54
7;2025-12-20;6;303
7;2025-12-20;7;462
7;2025-12-20;8;700
7;2025-12-20;9;725
7;2025-12-20;10;829
7;2025-12-20;11;1009
7;2025-12-20;12;1208
7;2025-12-20;13;1211
7;2025-12-20;14;1349
7;2025-12-20;15;1209
7;2025-12-20;16;1075
7;2025-12-20;17;1066
7;2025-12-20;18;1062
7;2025-12-20;19;974
7;2025-12-20;20;752
7;2025-12-20;21;591
7;2025-12-20;22;328
7;2025-12-20;23;209
7;2025-12-21;0;96
7;2025-12-21;1;19
7;2025-12-21;2;0
7;2025-12-21;3;0
7;2025-12-21;4;0
7;2025-12-21;5;36
7;2025-12-21;6;207
7;2025-12-21;7;321
7;2025-12-21;8;520
7;2025-12-21;9;640
7;2025-12-21;10;704
7;2025-12-21;11;925
7;2025-12-21;12;1085
7;2025-12-21;13;1132
7;2025-12-21;14;1234
7;2025-12-21;15;1119
7;2025-12-21;16;1006
7;2025-12-21;17;925
7;2025-12-21;18;916
7;2025-12-21;19;787
7;2025-12-21;20;630
7;2025-12-21;21;501
7;2025-12-21;22;287
7;2025-12-21;23;169
7;2025-12-22;0;61
7;2025-12-22;1;10
7;2025-12-22;2;0
7;2025-12-22;3;0
7;2025-12-22;4;0
7;2025-12-22;5;190
7;2025-12-22;6;693
7;2025-12-22;7;1595
7;2025-12-22;8;2503
7;2025-12-22;9;1866
7;2025-12-22;10;1535
7;2025-12-22;11;1446
7;2025-12-22;12;1560
7;2025-12-22;13;1587
7;2025-12-22;14;1631
7;2025-12-22;15;1778
7;2025-12-22;16;1877
7;2025-12-22;17;2396
7;2025-12-22;18;2566
7;2025-12-22;19;1748
7;2025-12-22;20;1039
7;2025-12-22;21;597
7;2025-12-22;22;301
7;2025-12-22;23;167
7;2025-12-23;0;54
7;2025-12-23;1;11
7;2025-12-23;2;0
7;2025-12-23;3;0
7;2025-12-23;4;1
7;2025-12-23;5;194
7;2025-12-23;6;706
7;2025-12-23;7;1617
7;2025-12-23;8;2537
7;2025-12-23;9;1899
7;2025-12-23;10;1586
7;2025-12-23;11;1487
7;2025-12-23;12;1605
7;2025-12-23;13;1621
7;2025-12-23;14;1678
7;2025-12-23;15;1806
7;2025-12-23;16;1908
7;2025-12-23;17;2426
7;2025-12-23;18;2604
7;2025-12-23;19;1811
7;2025-12-23;20;1077
7;2025-12-23;21;630
7;2025-12-23;22;327
7;2025-12-23;23;182
7;2025-12-24;0;55
7;2025-12-24;1;13
7;2025-12-24;2;0
7;2025-12-24;3;0
7;2025-12-24;4;2
7;2025-12-24;5;203
7;2025-12-24;6;705
7;2025-12-24;7;1615
7;2025-12-24;8;2529
7;2025-12-24;9;1899
7;2025-12-24;10;1584
7;2025-12-24;11;1493
7;2025-12-24;12;1602
7;2025-12-24;13;1617
7;2025-12-24;14;1683
7;2025-12-24;15;1808
7;2025-12-24;16;1906
7;2025-12-24;17;2425
7;2025-12-24;18;2601
7;2025-12-24;19;1805
7;2025-12-24;20;1076
7;2025-12-24;21;627
7;2025-12-24;22;330
7;2025-12-24;23;193
7;2025-12-25;0;61
7;2025-12-25;1;16
7;2025-12-25;2;0
7;2025-12-25;3;0
7;2025-12-25;4;1
7;2025-12-25;5;202
7;2025-12-25;6;706
7;2025-12-25;7;1616
7;2025-12-25;8;2530
7;2025-12-25;9;1899
7;2025-12-25;10;1587
7;2025-12-25;11;1495
7;2025-12-25;12;1607
7;2025-12-25;13;1624
7;2025-12-25;14;1688
7;2025-12-25;15;1810
7;2025-12-25;16;1911
7;2025-12-25;17;2425
7;2025-12-25;18;2605
7;2025-12-25;19;1810
7;2025-12-25;20;1079
7;2025-12-25;21;635
7;2025-12-25;22;332
7;2025-12-25;23;197
7;2025-12-26;0;63
7;2025-12-26;1;14
7;2025-12-26;2;0
7;2025-12-26;3;0
7;2025-12-26;4;0
7;2025-12-26;5;197
7;2025-12-26;6;684
7;2025-12-26;7;1601
7;2025-12-26;8;2466
7;2025-12-26;9;1866
7;2025-12-26;10;1563
7;2025-12-26;11;1494
7;2025-12-26;12;1610
7;2025-12-26;13;1632
7;2025-12-26;14;1697
7;2025-12-26;15;1816
7;2025-12-26;16;1937
7;2025-12-26;17;2403
7;2025-12-26;18;2362
7;2025-12-26;19;1710
7;2025-12-26;20;1058
7;2025-12-26;21;625
7;2025-12-26;22;330
7;2025-12-26;23;211
7;2025-12-27;0;100
7;2025-12-27;1;24
7;2025-12-27;2;0
7;2025-12-27;3;0
7;2025-12-27;4;9
7;2025-12-27;5;54
7;2025-12-27;6;303
7;2025-12-27;7;462
7;2025-12-27;8;700
7;2025-12-27;9;725
7;2025-12-27;10;829
7;2025-12-27;11;1009
7;2025-12-27;12;1208
7;2025-12-27;13;1211
7;2025-12-27;14;1349
7;2025-12-27;15;1209
7;2025-12-27;16;1075
7;2025-12-27;17;1066
7;2025-12-27;18;1062
7;2025-12-27;19;974
7;2025-12-27;20;752
7;2025-12-27;21;591
7;2025-12-27;22;328
7;2025-12-27;23;209
7;2025-12-28;0;96
7;2025-12-28;1;19
7;2025-12-28;2;0
7;2025-12-28;3;0
7;2025-12-28;4;0
7;2025-12-28;5;36
7;2025-12-28;6;207
7;2025-12-28;7;321
7;2025-12-28;8;520
7;2025-12-28;9;640
7;2025-12-28;10;704
7;2025-12-28;11;925
7;2025-12-28;12;1085
7;2025-12-28;13;1132
7;2025-12-28;14;1234
7;2025-12-28;15;1119
7;2025-12-28;16;1006
7;2025-12-28;17;925
7;2025-12-28;18;916
7;2025-12-28;19;787
7;2025-12-28;20;630
7;2025-12-28;21;501
7;2025-12-28;22;287
7;2025-12-28;23;169
7;2025-12-29;0;61
7;2025-12-29;1;10
7;2025-12-29;2;0
7;2025-12-29;3;0
7;2025-12-29;4;0
7;2025-12-29;5;190
7;2025-12-29;6;693
7;2025-12-29;7;1595
7;2025-12-29;8;2503
7;2025-12-29;9;1866
7;2025-12-29;10;1535
7;2025-12-29;11;1446
7;2025-12-29;12;1560
7;2025-12-29;13;1587
7;2025-12-29;14;1631
7;2025-12-29;15;1778
7;2025-12-29;16;1877
7;2025-12-29;17;2396
7;2025-12-29;18;2566
7;2025-12-29;19;1748
7;2025-12-29;20;1039
7;2025-12-29;21;597
7;2025-12-29;22;301
7;2025-12-29;23;167
7;2025-12-30;0;54
7;2025-12-30;1;11
7;2025-12-30;2;0
7;2025-12-30;3;0
7;2025-12-30;4;1
7;2025-12-30;5;194
7;2025-12-30;6;706
7;2025-12-30;7;1617
7;2025-12-30;8;2537
7;2025-12-30;9;1899
7;2025-12-30;10;1586
7;2025-12-30;11;1487
7;2025-12-30;12;1605
7;2025-12-30;13;1621
7;2025-12-30;14;1678
7;2025-12-30;15;1806
7;2025-12-30;16;1908
7;2025-12-30;17;2426
7;2025-12-30;18;2604
7;2025-12-30;19;1811
7;2025-12-30;20;1077
7;2025-12-30;21;630
7;2025-12-30;22;327
7;2025-12-30;23;182
7;2025-12-31;0;54
7;2025-12-31;1;8
7;2025-12-31;2;0
7;2025-12-31;3;0
7;2025-12-31;4;0
7;2025-12-31;5;121
7;2025-12-31;6;315
7;2025-12-31;7;600
7;2025-12-31;8;878
7;2025-12-31;9;878
7;2025-12-31;10;749
7;2025-12-31;11;895
7;2025-12-31;12;941
7;2025-12-31;13;954
7;2025-12-31;14;993
7;2025-12-31;15;1022
7;2025-12-31;16;953
7;2025-12-31;17;988
7;2025-12-31;18;1034
7;2025-12-31;19;1023
7;2025-12-31;20;652
7;2025-12-31;21;468
7;2025-12-31;22;294
7;2025-12-31;23;167
11;2025-11-01;0;118
11;2025-11-01;1;6
11;2025-11-01;2;0
11;2025-11-01;3;0
11;2025-11-01;4;7
11;2025-11-01;5;201
11;2025-11-01;6;789
11;2025-11-01;7;1315
11;2025-11-01;8;2602
11;2025-11-01;9;2237
11;2025-11-01;10;1865
11;2025-11-01;11;1987
11;2025-11-01;12;2232
11;2025-11-01;13;2241
11;2025-11-01;14;2251
11;2025-11-01;15;2281
11;2025-11-01;16;2426
11;2025-11-01;17;2872
11;2025-11-01;18;2819
11;2025-11-01;19;2270
11;2025-11-01;20;1620
11;2025-11-01;21;800
11;2025-11-01;22;494
11;2025-11-01;23;329
11;2025-11-02;0;105
11;2025-11-02;1;10
11;2025-11-02;2;0
11;2025-11-02;3;0
11;2025-11-02;4;7
11;2025-11-02;5;142
11;2025-11-02;6;563
11;2025-11-02;7;542
11;2025-11-02;8;702
11;2025-11-02;9;934
11;2025-11-02;10;1072
11;2025-11-02;11;1490
11;2025-11-02;12;1709
11;2025-11-02;13;1664
11;2025-11-02;14;1739
11;2025-11-02;15;1765
11;2025-11-02;16;1702
11;2025-11-02;17;1705
11;2025-11-02;18;1425
11;2025-11-02;19;1188
11;2025-11-02;20;927
11;2025-11-02;21;688
11;2025-11-02;22;404
11;2025-11-02;23;251
11;2025-11-03;0;65
11;2025-11-03;1;5
11;2025-11-03;2;0
11;2025-11-03;3;0
11;2025-11-03;4;0
11;2025-11-03;5;170
11;2025-11-03;6;539
11;2025-11-03;7;852
11;2025-11-03;8;1117
11;2025-11-03;9;1030
11;2025-11-03;10;1120
11;2025-11-03;11;1402
11;2025-11-03;12;1428
11;2025-11-03;13;1560
11;2025-11-03;14;1614
11;2025-11-03;15;1675
11;2025-11-03;16;1702
11;2025-11-03;17;1660
11;2025-11-03;18;1577
11;2025-11-03;19;1341
11;2025-11-03;20;935
11;2025-11-03;21;601
11;2025-11-03;22;399
11;2025-11-03;23;217
11;2025-11-04;0;67
11;2025-11-04;1;6
11;2025-11-04;2;0
11;2025-11-04;3;0
11;2025-11-04;4;0
11;2025-11-04;5;132
11;2025-11-04;6;493
11;2025-11-04;7;572
11;2025-11-04;8;821
11;2025-11-04;9;780
11;2025-11-04;10;932
11;2025-11-04;11;1278
11;2025-11-04;12;1343
11;2025-11-04;13;1386
11;2025-11-04;14;1408
11;2025-11-04;15;1481
11;2025-11-04;16;1419
11;2025-11-04;17;1466
11;2025-11-04;18;1477
11;2025-11-04;19;1240
11;2025-11-04;20;908
11;2025-11-04;21;615
11;2025-11-04;22;378
11;2025-11-04;23;257
11;2025-11-05;0;68
11;2025-11-05;1;0
11;2025-11-05;2;0
11;2025-11-05;3;0
11;2025-11-05;4;0
11;2025-11-05;5;287
11;2025-11-05;6;1376
11;2025-11-05;7;2383
11;2025-11-05;8;3194
11;2025-11-05;9;2452
11;2025-11-05;10;1907
11;2025-11-05;11;1908
11;2025-11-05;12;1921
11;2025-11-05;13;2056
11;2025-11-05;14;2073
11;2025-11-05;15;2128
11;2025-11-05;16;2358
11;2025-11-05;17;2942
11;2025-11-05;18;3082
11;2025-11-05;19;2332
11;2025-11-05;20;1567
11;2025-11-05;21;933
11;2025-11-05;22;461
11;2025-11-05;23;261
11;2025-11-06;0;71
11;2025-11-06;1;1
11;2025-11-06;2;0
11;2025-11-06;3;0
11;2025-11-06;4;0
11;2025-11-06;5;289
11;2025-11-06;6;1385
11;2025-11-06;7;2384
11;2025-11-06;8;3193
11;2025-11-06;9;2456
11;2025-11-06;10;1915
11;2025-11-06;11;1910
11;2025-11-06;12;1927
11;2025-11-06;13;2057
11;2025-11-06;14;2079
11;2025-11-06;15;2136
11;2025-11-06;16;2364
11;2025-11-06;17;2943
11;2025-11-06;18;3089
11;2025-11-06;19;2324
11;2025-11-06;20;1566
11;2025-11-06;21;947
11;2025-11-06;22;467
11;2025-11-06;23;270
11;2025-11-07;0;73
11;2025-11-07;1;1
11;2025-11-07;2;0
11;2025-11-07;3;0
11;2025-11-07;4;0
11;2025-11-07;5;282
11;2025-11-07;6;1374
11;2025-11-07;7;2331
11;2025-11-07;8;3134
11;2025-11-07;9;2391
11;2025-11-07;10;1892
11;2025-11-07;11;1896
11;2025-11-07;12;1915
11;2025-11-07;13;2049
11;2025-11-07;14;2079
11;2025-11-07;15;2143
11;2025-11-07;16;2388
11;2025-11-07;17;2936
11;2025-11-07;18;2789
11;2025-11-07;19;2189
11;2025-11-07;20;1546
11;2025-11-07;21;946
11;2025-11-07;22;476
11;2025-11-07;23;292
11;2025-11-08;0;107
11;2025-11-08;1;2
11;2025-11-08;2;0
11;2025-11-08;3;0
11;2025-11-08;4;7
11;2025-11-08;5;187
11;2025-11-08;6;770
11;2025-11-08;7;716
11;2025-11-08;8;980
11;2025-11-08;9;1115
11;2025-11-08;10;1235
11;2025-11-08;11;1594
11;2025-11-08;12;1844
11;2025-11-08;13;1792
11;2025-11-08;14;1857
11;2025-11-08;15;1855
11;2025-11-08;16;1810
11;2025-11-08;17;1837
11;2025-11-08;18;1561
11;2025-11-08;19;1449
11;2025-11-08;20;1068
11;2025-11-08;21;784
11;2025-11-08;22;457
11;2025-11-08;23;318
11;2025-11-09;0;105
11;2025-11-09;1;10
11;2025-11-09;2;0
11;2025-11-09;3;0
11;2025-11-09;4;7
11;2025-11-09;5;142
11;2025-11-09;6;563
11;2025-11-09;7;542
11;2025-11-09;8;702
11;2025-11-09;9;934
11;2025-11-09;10;1072
11;2025-11-09;11;1490
11;2025-11-09;12;1709
11;2025-11-09;13;1664
11;2025-11-09;14;1739
11;2025-11-09;15;1765
11;2025-11-09;16;1702
11;2025-11-09;17;1705
11;2025-11-09;18;1425
11;2025-11-09;19;1188
11;2025-11-09;20;927
11;2025-11-09;21;688
11;2025-11-09;22;404
11;2025-11-09;23;251
11;2025-11-10;0;71
11;2025-11-10;1;5
11;2025-11-10;2;0
11;2025-11-10;3;0
11;2025-11-10;4;0
11;2025-11-10;5;270
11;2025-11-10;6;1344
11;2025-11-10;7;2341
11;2025-11-10;8;3147
11;2025-11-10;9;2415
11;2025-11-10;10;1846
11;2025-11-10;11;1852
11;2025-11-10;12;1852
11;2025-11-10;13;1992
11;2025-11-10;14;2018
11;2025-11-10;15;2088
11;2025-11-10;16;2313
11;2025-11-10;17;2916
11;2025-11-10;18;3052
11;2025-11-10;19;2287
11;2025-11-10;20;1531
11;2025-11-10;21;902
11;2025-11-10;22;441
11;2025-11-10;23;225
11;2025-11-11;0;66
11;2025-11-11;1;0
11;2025-11-11;2;0
11;2025-11-11;3;0
11;2025-11-11;4;0
11;2025-11-11;5;276
11;2025-11-11;6;1380
11;2025-11-11;7;2386
11;2025-11-11;8;3194
11;2025-11-11;9;2456
11;2025-11-11;10;1913
11;2025-11-11;11;1896
11;2025-11-11;12;1917
11;2025-11-11;13;2050
11;2025-11-11;14;2076
11;2025-11-11;15;2133
11;2025-11-11;16;2362
11;2025-11-11;17;2942
11;2025-11-11;18;3091
11;2025-11-11;19;2340
11;2025-11-11;20;1567
11;2025-11-11;21;934
11;2025-11-11;22;458
11;2025-11-11;23;247
11;2025-11-12;0;68
11;2025-11-12;1;0
11;2025-11-12;2;0
11;2025-11-12;3;0
11;2025-11-12;4;0
11;2025-11-12;5;287
11;2025-11-12;6;1376
11;2025-11-12;7;2383
11;2025-11-12;8;3194
11;2025-11-12;9;2452
11;2025-11-12;10;1907
11;2025-11-12;11;1908
11;2025-11-12;12;1921
11;2025-11-12;13;2056
11;2025-11-12;14;2073
11;2025-11-12;15;2128
11;2025-11-12;16;2358
11;2025-11-12;17;2942
11;2025-11-12;18;3082
11;2025-11-12;19;2332
11;2025-11-12;20;1567
11;2025-11-12;21;933
11;2025-11-12;22;461
11;2025-11-12;23;261
11;2025-11-13;0;71
11;2025-11-13;1;1
11;2025-11-13;2;0
11;2025-11-13;3;0
11;2025-11-13;4;0
11;2025-11-13;5;289
11;2025-11-13;6;1385
11;2025-11-13;7;2384
11;2025-11-13;8;3193
11;2025-11-13;9;2456
11;2025-11-13;10;1915
11;2025-11-13;11;1910
11;2025-11-13;12;1927
11;2025-11-13;13;2057
11;2025-11-13;14;2079
11;2025-11-13;15;2136
11;2025-11-13;16;2364
11;2025-11-13;17;2943
11;2025-11-13;18;3089
11;2025-11-13;19;2324
11;2025-11-13;20;1566
11;2025-11-13;21;947
11;2025-11-13;22;467
11;2025-11-13;23;270
11;2025-11-14;0;73
11;2025-11-14;1;1
11;2025-11-14;2;0
11;2025-11-14;3;0
11;2025-11-14;4;0
11;2025-11-14;5;282
11;2025-11-14;6;1374
11;2025-11-14;7;2331
11;2025-11-14;8;3134
11;2025-11-14;9;2391
11;2025-11-14;10;1892
11;2025-11-14;11;1896
11;2025-11-14;12;1915
11;2025-11-14;13;2049
11;2025-11-14;14;2079
11;2025-11-14;15;2143
11;2025-11-14;16;2388
11;2025-11-14;17;2936
11;2025-11-14;18;2789
11;2025-11-14;19;2189
11;2025-11-14;20;1546
11;2025-11-14;21;946
11;2025-11-14;22;476
11;2025-11-14;23;292
11;2025-11-15;0;107
11;2025-11-15;1;2
11;2025-11-15;2;0
11;2025-11-15;3;0
11;2025-11-15;4;7
11;2025-11-15;5;187
11;2025-11-15;6;770
11;2025-11-15;7;716
11;2025-11-15;8;980
11;2025-11-15;9;1115
11;2025-11-15;10;1235
11;2025-11-15;11;1594
11;2025-11-15;12;1844
11;2025-11-15;13;1792
11;2025-11-15;14;1857
11;2025-11-15;15;1855
11;2025-11-15;16;1810
11;2025-11-15;17;1837
11;2025-11-15;18;1561
11;2025-11-15;19;1449
11;2025-11-15;20;1068
11;2025-11-15;21;784
11;2025-11-15;22;457
11;2025-11-15;23;318
11;2025-11-16;0;105
11;2025-11-16;1;10
11;2025-11-16;2;0
11;2025-11-16;3;0
11;2025-11-16;4;7
11;2025-11-16;5;142
11;2025-11-16;6;563
11;2025-11-16;7;542
11;2025-11-16;8;702
11;2025-11-16;9;934
11;2025-11-16;10;1072
11;2025-11-16;11;1490
11;2025-11-16;12;1709
11;2025-11-16;13;1664
11;2025-11-16;14;1739
11;2025-11-16;15;1765
11;2025-11-16;16;1702
11;2025-11-16;17;1705
11;2025-11-16;18;1425
11;2025-11-16;19;1188
11;2025-11-16;20;927
11;2025-11-16;21;688
11;2025-11-16;22;404
11;2025-11-16;23;251
11;2025-11-17;0;71
11;2025-11-17;1;5
11;2025-11-17;2;0
11;2025-11-17;3;0
11;2025-11-17;4;0
11;2025-11-17;5;270
11;2025-11-17;6;1344
11;2025-11-17;7;2341
11;2025-11-17;8;3147
11;2025-11-17;9;2415
11;2025-11-17;10;1846
11;2025-11-17;11;1852
11;2025-11-17;12;1852
11;2025-11-17;13;1992
11;2025-11-17;14;2018
11;2025-11-17;15;2088
11;2025-11-17;16;2313
11;2025-11-17;17;2916
11;2025-11-17;18;3052
11;2025-11-17;19;2287
11;2025-11-17;20;1531
11;2025-11-17;21;902
11;2025-11-17;22;441
11;2025-11-17;23;225
11;2025-11-18;0;66
11;2025-11-18;1;0
11;2025-11-18;2;0
11;2025-11-18;3;0
11;2025-11-18;4;0
11;2025-11-18;5;276
11;2025-11-18;6;1380
11;2025-11-18;7;2386
11;2025-11-18;8;3194
11;2025-11-18;9;2456
11;2025-11-18;10;1913
11;2025-11-18;11;1896
11;2025-11-18;12;1917
11;2025-11-18;13;2050
11;2025-11-18;14;2076
11;2025-11-18;15;2133
11;2025-11-18;16;2362
11;2025-11-18;17;2942
11;2025-11-18;18;3091
11;2025-11-18;19;2340
11;2025-11-18;20;1567
11;2025-11-18;21;934
11;2025-11-18;22;458
11;2025-11-18;23;247
11;2025-11-19;0;68
11;2025-11-19;1;0
11;2025-11-19;2;0
11;2025-11-19;3;0
11;2025-11-19;4;0
11;2025-11-19;5;287
11;2025-11-19;6;1376
11;2025-11-19;7;2383
11;2025-11-19;8;3194
11;2025-11-19;9;2452
11;2025-11-19;10;1907
11;2025-11-19;11;1908
11;2025-11-19;12;1921
11;2025-11-19;13;2056
11;2025-11-19;14;2073
11;2025-11-19;15;2128
11;2025-11-19;16;2358
11;2025-11-19;17;2942
11;2025-11-19;18;3082
11;2025-11-19;19;2332
11;2025-11-19;20;1567
11;2025-11-19;21;933
11;2025-11-19;22;461
11;2025-11-19;23;261
11;2025-11-20;0;71
11;2025-11-20;1;1
11;2025-11-20;2;0
11;2025-11-20;3;0
11;2025-11-20;4;0
11;2025-11-20;5;289
11;2025-11-20;6;1385
11;2025-11-20;7;2384
11;2025-11-20;8;3193
11;2025-11-20;9;2456
11;2025-11-20;10;1915
11;2025-11-20;11;1910
11;2025-11-20;12;1927
11;2025-11-20;13;2057
11;2025-11-20;14;2079
11;2025-11-20;15;2136
11;2025-11-20;16;2364
11;2025-11-20;17;2943
11;2025-11-20;18;3089
11;2025-11-20;19;2324
11;2025-11-20;20;1566
11;2025-11-20;21;947
11;2025-11-20;22;467
11;2025-11-20;23;270
11;2025-11-21;0;73
11;2025-11-21;1;1
11;2025-11-21;2;0
11;2025-11-21;3;0
11;2025-11-21;4;0
11;2025-11-21;5;282
11;2025-11-21;6;1374
11;2025-11-21;7;2331
11;2025-11-21;8;3134
11;2025-11-21;9;2391
11;2025-11-21;10;1892
11;2025-11-21;11;1896
11;2025-11-21;12;1915
11;2025-11-21;13;2049
11;2025-11-21;14;2079
11;2025-11-21;15;2143
11;2025-11-21;16;2388
11;2025-11-21;17;2936
11;2025-11-21;18;2789
11;2025-11-21;19;2189
11;2025-11-21;20;1546
11;2025-11-21;21;946
11;2025-11-21;22;476
11;2025-11-21;23;292
11;2025-11-22;0;107
11;2025-11-22;1;2
11;2025-11-22;2;0
11;2025-11-22;3;0
11;2025-11-22;4;7
11;2025-11-22;5;187
11;2025-11-22;6;770
11;2025-11-22;7;716
11;2025-11-22;8;980
11;2025-11-22;9;1115
11;2025-11-22;10;1235
11;2025-11-22;11;1594
11;2025-11-22;12;1844
11;2025-11-22;13;1792
11;2025-11-22;14;1857
11;2025-11-22;15;1855
11;2025-11-22;16;1810
11;2025-11-22;17;1837
11;2025-11-22;18;1561
11;2025-11-22;19;1449
11;2025-11-22;20;1068
11;2025-11-22;21;784
11;2025-11-22;22;457
11;2025-11-22;23;318
11;2025-11-23;0;105
11;2025-11-23;1;10
11;2025-11-23;2;0
11;2025-11-23;3;0
11;2025-11-23;4;7
11;2025-11-23;5;142
11;2025-11-23;6;563
11;2025-11-23;7;542
11;2025-11-23;8;702
11;2025-11-23;9;934
11;2025-11-23;10;1072
11;2025-11-23;11;1490
11;2025-11-23;12;1709
11;2025-11-23;13;1664
11;2025-11-23;14;1739
11;2025-11-23;15;1765
11;2025-11-23;16;1702
11;2025-11-23;17;1705
11;2025-11-23;18;1425
11;2025-11-23;19;1188
11;2025-11-23;20;927
11;2025-11-23;21;688
11;2025-11-23;22;404
11;2025-11-23;23;251
11;2025-11-24;0;71
11;2025-11-24;1;5
11;2025-11-24;2;0
11;2025-11-24;3;0
11;2025-11-24;4;0
11;2025-11-24;5;270
11;2025-11-24;6;1344
11;2025-11-24;7;2341
11;2025-11-24;8;3147
11;2025-11-24;9;2415
11;2025-11-24;10;1846
11;2025-11-24;11;1852
11;2025-11-24;12;1852
11;2025-11-24;13;1992
11;2025-11-24;14;2018
11;2025-11-24;15;2088
11;2025-11-24;16;2313
11;2025-11-24;17;2916
11;2025-11-24;18;3052
11;2025-11-24;19;2287
11;2025-11-24;20;1531
11;2025-11-24;21;902
11;2025-11-24;22;441
11;2025-11-24;23;225
11;2025-11-25;0;66
11;2025-11-25;1;0
11;2025-11-25;2;0
11;2025-11-25;3;0
11;2025-11-25;4;0
11;2025-11-25;5;276
11;2025-11-25;6;1380
11;2025-11-25;7;2386
11;2025-11-25;8;3194
11;2025-11-25;9;2456
11;2025-11-25;10;1913
11;2025-11-25;11;1896
11;2025-11-25;12;1917
11;2025-11-25;13;2050
11;2025-11-25;14;2076
11;2025-11-25;15;2133
11;2025-11-25;16;2362
11;2025-11-25;17;2942
11;2025-11-25;18;3091
11;2025-11-25;19;2340
11;2025-11-25;20;1567
11;2025-11-25;21;934
11;2025-11-25;22;458
11;2025-11-25;23;247
11;2025-11-26;0;68
11;2025-11-26;1;0
11;2025-11-26;2;0
11;2025-11-26;3;0
11;2025-11-26;4;0
11;2025-11-26;5;287
11;2025-11-26;6;1376
11;2025-11-26;7;2383
11;2025-11-26;8;3194
11;2025-11-26;9;2452
11;2025-11-26;10;1907
11;2025-11-26;11;1908
11;2025-11-26;12;1921
11;2025-11-26;13;2056
11;2025-11-26;14;2073
11;2025-11-26;15;2128
11;2025-11-26;16;2358
11;2025-11-26;17;2942
11;2025-11-26;18;3082
11;2025-11-26;19;2332
11;2025-11-26;20;1567
11;2025-11-26;21;933
11;2025-11-26;22;461
11;2025-11-26;23;261
11;2025-11-27;0;71
11;2025-11-27;1;1
11;2025-11-27;2;0
11;2025-11-27;3;0
11;2025-11-27;4;0
11;2025-11-27;5;289
11;2025-11-27;6;1385
11;2025-11-27;7;2384
11;2025-11-27;8;3193
11;2025-11-27;9;2456
11;2025-11-27;10;1915
11;2025-11-27;11;1910
11;2025-11-27;12;1927
11;2025-11-27;13;2057
11;2025-11-27;14;2079
11;2025-11-27;15;2136
11;2025-11-27;16;2364
11;2025-11-27;17;2943
11;2025-11-27;18;3089
11;2025-11-27;19;2324
11;2025-11-27;20;1566
11;2025-11-27;21;947
11;2025-11-27;22;467
11;2025-11-27;23;270
11;2025-11-28;0;73
11;2025-11-28;1;1
11;2025-11-28;2;0
11;2025-11-28;3;0
11;2025-11-28;4;0
11;2025-11-28;5;282
11;2025-11-28;6;1374
11;2025-11-28;7;2331
11;2025-11-28;8;3134
11;2025-11-28;9;2391
11;2025-11-28;10;1892
11;2025-11-28;11;1896
11;2025-11-28;12;1915
11;2025-11-28;13;2049
11;2025-11-28;14;2079
11;2025-11-28;15;2143
11;2025-11-28;16;2388
11;2025-11-28;17;2936
11;2025-11-28;18;2789
11;2025-11-28;19;2189
11;2025-11-28;20;1546
11;2025-11-28;21;946
11;2025-11-28;22;476
11;2025-11-28;23;292
11;2025-11-29;0;107
11;2025-11-29;1;2
11;2025-11-29;2;0
11;2025-11-29;3;0
11;2025-11-29;4;7
11;2025-11-29;5;187
11;2025-11-29;6;770
11;2025-11-29;7;716
11;2025-11-29;8;980
11;2025-11-29;9;1115
11;2025-11-29;10;1235
11;2025-11-29;11;1594
11;2025-11-29;12;1844
11;2025-11-29;13;1792
11;2025-11-29;14;1857
11;2025-11-29;15;1855
11;2025-11-29;16;1810
11;2025-11-29;17;1837
11;2025-11-29;18;1561
11;2025-11-29;19;1449
11;2025-11-29;20;1068
11;2025-11-29;21;784
11;2025-11-29;22;457
11;2025-11-29;23;318
11;2025-11-30;0;105
11;2025-11-30;1;10
11;2025-11-30;2;0
11;2025-11-30;3;0
11;2025-11-30;4;7
11;2025-11-30;5;142
11;2025-11-30;6;563
11;2025-11-30;7;542
11;2025-11-30;8;702
11;2025-11-30;9;934
11;2025-11-30;10;1072
11;2025-11-30;11;1490
11;2025-11-30;12;1709
11;2025-11-30;13;1664
11;2025-11-30;14;1739
11;2025-11-30;15;1765
11;2025-11-30;16;1702
11;2025-11-30;17;1705
11;2025-11-30;18;1425
11;2025-11-30;19;1188
11;2025-11-30;20;927
11;2025-11-30;21;688
11;2025-11-30;22;404
11;2025-11-30;23;251
11;2025-12-01;0;72
11;2025-12-01;1;6
11;2025-12-01;2;0
11;2025-12-01;3;0
11;2025-12-01;4;0
11;2025-12-01;5;293
11;2025-12-01;6;1317
11;2025-12-01;7;2303
11;2025-12-01;8;3130
11;2025-12-01;9;2412
11;2025-12-01;10;1820
11;2025-12-01;11;1821
11;2025-12-01;12;1820
11;2025-12-01;13;1960
11;2025-12-01;14;1966
11;2025-12-01;15;2068
11;2025-12-01;16;2296
11;2025-12-01;17;2890
11;2025-12-01;18;3040
11;2025-12-01;19;2283
11;2025-12-01;20;1510
11;2025-12-01;21;882
11;2025-12-01;22;443
11;2025-12-01;23;207
11;2025-12-02;0;68
11;2025-12-02;1;1
11;2025-12-02;2;0
11;2025-12-02;3;0
11;2025-12-02;4;0
11;2025-12-02;5;300
11;2025-12-02;6;1341
11;2025-12-02;7;2343
11;2025-12-02;8;3163
11;2025-12-02;9;2450
11;2025-12-02;10;1882
11;2025-12-02;11;1854
11;2025-12-02;12;1866
11;2025-12-02;13;2001
11;2025-12-02;14;2008
11;2025-12-02;15;2106
11;2025-12-02;16;2339
11;2025-12-02;17;2909
11;2025-12-02;18;3075
11;2025-12-02;19;2338
11;2025-12-02;20;1539
11;2025-12-02;21;908
11;2025-12-02;22;462
11;2025-12-02;23;225
11;2025-12-03;0;69
11;2025-12-03;1;1
11;2025-12-03;2;0
11;2025-12-03;3;0
11;2025-12-03;4;0
11;2025-12-03;5;310
11;2025-12-03;6;1337
11;2025-12-03;7;2340
11;2025-12-03;8;3163
11;2025-12-03;9;2446
11;2025-12-03;10;1876
11;2025-12-03;11;1865
11;2025-12-03;12;1870
11;2025-12-03;13;2007
11;2025-12-03;14;2004
11;2025-12-03;15;2101
11;2025-12-03;16;2335
11;2025-12-03;17;2909
11;2025-12-03;18;3066
11;2025-12-03;19;2329
11;2025-12-03;20;1539
11;2025-12-03;21;907
11;2025-12-03;22;465
11;2025-12-03;23;240
11;2025-12-04;0;72
11;2025-12-04;1;2
11;2025-12-04;2;0
11;2025-12-04;3;0
11;2025-12-04;4;0
11;2025-12-04;5;313
11;2025-12-04;6;1346
11;2025-12-04;7;2341
11;2025-12-04;8;3161
11;2025-12-04;9;2450
11;2025-12-04;10;1884
11;2025-12-04;11;1867
11;2025-12-04;12;1876
11;2025-12-04;13;2008
11;2025-12-04;14;2010
11;2025-12-04;15;2109
11;2025-12-04;16;2341
11;2025-12-04;17;2910
11;2025-12-04;18;3073
11;2025-12-04;19;2321
11;2025-12-04;20;1538
11;2025-12-04;21;921
11;2025-12-04;22;470
11;2025-12-04;23;249
11;2025-12-05;0;74
11;2025-12-05;1;2
11;2025-12-05;2;0
11;2025-12-05;3;0
11;2025-12-05;4;0
11;2025-12-05;5;305
11;2025-12-05;6;1337
11;2025-12-05;7;2288
11;2025-12-05;8;3102
11;2025-12-05;9;2384
11;2025-12-05;10;1861
11;2025-12-05;11;1856
11;2025-12-05;12;1864
11;2025-12-05;13;2003
11;2025-12-05;14;2013
11;2025-12-05;15;2119
11;2025-12-05;16;2366
11;2025-12-05;17;2905
11;2025-12-05;18;2773
11;2025-12-05;19;2186
11;2025-12-05;20;1520
11;2025-12-05;21;922
11;2025-12-05;22;480
11;2025-12-05;23;270
11;2025-12-06;0;112
11;2025-12-06;1;4
11;2025-12-06;2;0
11;2025-12-06;3;0
11;2025-12-06;4;7
11;2025-12-06;5;189
11;2025-12-06;6;742
11;2025-12-06;7;694
11;2025-12-06;8;956
11;2025-12-06;9;1094
11;2025-12-06;10;1208
11;2025-12-06;11;1556
11;2025-12-06;12;1797
11;2025-12-06;13;1744
11;2025-12-06;14;1787
11;2025-12-06;15;1827
11;2025-12-06;16;1788
11;2025-12-06;17;1806
11;2025-12-06;18;1546
11;2025-12-06;19;1445
11;2025-12-06;20;1051
11;2025-12-06;21;754
11;2025-12-06;22;449
11;2025-12-06;23;306
11;2025-12-07;0;109
11;2025-12-07;1;12
11;2025-12-07;2;0
11;2025-12-07;3;0
11;2025-12-07;4;7
11;2025-12-07;5;144
11;2025-12-07;6;551
11;2025-12-07;7;525
11;2025-12-07;8;694
11;2025-12-07;9;916
11;2025-12-07;10;1049
11;2025-12-07;11;1463
11;2025-12-07;12;1681
11;2025-12-07;13;1633
11;2025-12-07;14;1687
11;2025-12-07;15;1745
11;2025-12-07;16;1687
11;2025-12-07;17;1680
11;2025-12-07;18;1414
11;2025-12-07;19;1183
11;2025-12-07;20;916
11;2025-12-07;21;663
11;2025-12-07;22;394
11;2025-12-07;23;243
11;2025-12-08;0;72
11;2025-12-08;1;6
11;2025-12-08;2;0
11;2025-12-08;3;0
11;2025-12-08;4;0
11;2025-12-08;5;293
11;2025-12-08;6;1317
11;2025-12-08;7;2303
11;2025-12-08;8;3130
11;2025-12-08;9;2412
11;2025-12-08;10;1820
11;2025-12-08;11;1821
11;2025-12-08;12;1820
11;2025-12-08;13;1960
11;2025-12-08;14;1966
11;2025-12-08;15;2068
11;2025-12-08;16;2296
11;2025-12-08;17;2890
11;2025-12-08;18;3040
11;2025-12-08;19;2283
11;2025-12-08;20;1510
11;2025-12-08;21;882
11;2025-12-08;22;443
11;2025-12-08;23;207
11;2025-12-09;0;68
11;2025-12-09;1;1
11;2025-12-09;2;0
11;2025-12-09;3;0
11;2025-12-09;4;0
11;2025-12-09;5;300
11;2025-12-09;6;1341
11;2025-12-09;7;2343
11;2025-12-09;8;3163
11;2025-12-09;9;2450
11;2025-12-09;10;1882
11;2025-12-09;11;1854
11;2025-12-09;12;1866
11;2025-12-09;13;2001
11;2025-12-09;14;2008
11;2025-12-09;15;2106
11;2025-12-09;16;2339
11;2025-12-09;17;2909
11;2025-12-09;18;3075
11;2025-12-09;19;2338
11;2025-12-09;20;1539
11;2025-12-09;21;908
11;2025-12-09;22;462
11;2025-12-09;23;225
11;2025-12-10;0;69
11;2025-12-10;1;1
11;2025-12-10;2;0
11;2025-12-10;3;0
11;2025-12-10;4;0
11;2025-12-10;5;310
11;2025-12-10;6;1337
11;2025-12-10;7;2340
11;2025-12-10;8;3163
11;2025-12-10;9;2446
11;2025-12-10;10;1876
11;2025-12-10;11;1865
11;2025-12-10;12;1870
11;2025-12-10;13;2007
11;2025-12-10;14;2004
11;2025-12-10;15;2101
11;2025-12-10;16;2335
11;2025-12-10;17;2909
11;2025-12-10;18;3066
11;2025-12-10;19;2329
11;2025-12-10;20;1539
11;2025-12-10;21;907
11;2025-12-10;22;465
11;2025-12-10;23;240
11;2025-12-11;0;72
11;2025-12-11;1;2
11;2025-12-11;2;0
11;2025-12-11;3;0
11;2025-12-11;4;0
11;2025-12-11;5;313
11;2025-12-11;6;1346
11;2025-12-11;7;2341
11;2025-12-11;8;3161
11;2025-12-11;9;2450
11;2025-12-11;10;1884
11;2025-12-11;11;1867
11;2025-12-11;12;1876
11;2025-12-11;13;2008
11;2025-12-11;14;2010
11;2025-12-11;15;2109
11;2025-12-11;16;2341
11;2025-12-11;17;2910
11;2025-12-11;18;3073
11;2025-12-11;19;2321
11;2025-12-11;20;1538
11;2025-12-11;21;921
11;2025-12-11;22;470
11;2025-12-11;23;249
11;2025-12-12;0;74
11;2025-12-12;1;2
11;2025-12-12;2;0
11;2025-12-12;3;0
11;2025-12-12;4;0
11;2025-12-12;5;305
11;2025-12-12;6;1337
11;2025-12-12;7;2288
11;2025-12-12;8;3102
11;2025-12-12;9;2384
11;2025-12-12;10;1861
11;2025-12-12;11;1856
11;2025-12-12;12;1864
11;2025-12-12;13;2003
11;2025-12-12;14;2013
11;2025-12-12;15;2119
11;2025-12-12;16;2366
11;2025-12-12;17;2905
11;2025-12-12;18;2773
11;2025-12-12;19;2186
11;2025-12-12;20;1520
11;2025-12-12;21;922
11;2025-12-12;22;480
11;2025-12-12;23;270
11;2025-12-13;0;112
11;2025-12-13;1;4
11;2025-12-13;2;0
11;2025-12-13;3;0
11;2025-12-13;4;7
11;2025-12-13;5;189
11;2025-12-13;6;742
11;2025-12-13;7;694
11;2025-12-13;8;956
11;2025-12-13;9;1094
11;2025-12-13;10;1208
11;2025-12-13;11;1556
11;2025-12-13;12;1797
11;2025-12-13;13;1744
11;2025-12-13;14;1787
11;2025-12-13;15;1827
11;2025-12-13;16;1788
11;2025-12-13;17;1806
11;2025-12-13;18;1546
11;2025-12-13;19;1445
11;2025-12-13;20;1051
11;2025-12-13;21;754
11;2025-12-13;22;449
11;2025-12-13;23;306
11;2025-12-14;0;109
11;2025-12-14;1;12
11;2025-12-14;2;0
11;2025-12-14;3;0
11;2025-12-14;4;7
11;2025-12-14;5;144
11;2025-12-14;6;551
11;2025-12-14;7;525
11;2025-12-14;8;694
11;2025-12-14;9;916
11;2025-12-14;10;1049
11;2025-12-14;11;1463
11;2025-12-14;12;1681
11;2025-12-14;13;1633
11;2025-12-14;14;1687
11;2025-12-14;15;1745
11;2025-12-14;16;1687
11;2025-12-14;17;1680
11;2025-12-14;18;1414
11;2025-12-14;19;1183
11;2025-12-14;20;916
11;2025-12-14;21;663
11;2025-12-14;22;394
11;2025-12-14;23;243
11;2025-12-15;0;72
11;2025-12-15;1;6
11;2025-12-15;2;0
11;2025-12-15;3;0
11;2025-12-15;4;0
11;2025-12-15;5;293
11;2025-12-15;6;1317
11;2025-12-15;7;2303
11;2025-12-15;8;3130
11;2025-12-15;9;2412
11;2025-12-15;10;1820
11;2025-12-15;11;1821
11;2025-12-15;12;1820
11;2025-12-15;13;1960
11;2025-12-15;14;1966
11;2025-12-15;15;2068
11;2025-12-15;16;2296
11;2025-12-15;17;2890
11;2025-12-15;18;3040
11;2025-12-15;19;2283
11;2025-12-15;20;1510
11;2025-12-15;21;882
11;2025-12-15;22;443
11;2025-12-15;23;207
11;2025-12-16;0;68
11;2025-12-16;1;1
11;2025-12-16;2;0
11;2025-12-16;3;0
11;2025-12-16;4;0
11;2025-12-16;5;300
11;2025-12-16;6;1341
11;2025-12-16;7;2343
11;2025-12-16;8;3163
11;2025-12-16;9;2450
11;2025-12-16;10;1882
11;2025-12-16;11;1854
11;2025-12-16;12;1866
11;2025-12-16;13;2001
11;2025-12-16;14;2008
11;2025-12-16;15;2106
11;2025-12-16;16;2339
11;2025-12-16;17;2909
11;2025-12-16;18;3075
11;2025-12-16;19;2338
11;2025-12-16;20;1539
11;2025-12-16;21;908
11;2025-12-16;22;462
11;2025-12-16;23;225
11;2025-12-17;0;69
11;2025-12-17;1;1
11;2025-12-17;2;0
11;2025-12-17;3;0
11;2025-12-17;4;0
11;2025-12-17;5;310
11;2025-12-17;6;1337
11;2025-12-17;7;2340
11;2025-12-17;8;3163
11;2025-12-17;9;2446
11;2025-12-17;10;1876
11;2025-12-17;11;1865
11;2025-12-17;12;1870
11;2025-12-17;13;2007
11;2025-12-17;14;2004
11;2025-12-17;15;2101
11;2025-12-17;16;2335
11;2025-12-17;17;2909
11;2025-12-17;18;3066
11;2025-12-17;19;2329
11;2025-12-17;20;1539
11;2025-12-17;21;907
11;2025-12-17;22;465
11;2025-12-17;23;240
11;2025-12-18;0;72
11;2025-12-18;1;2
11;2025-12-18;2;0
11;2025-12-18;3;0
11;2025-12-18;4;0
11;2025-12-18;5;313
11;2025-12-18;6;1346
11;2025-12-18;7;2341
11;2025-12-18;8;3161
11;2025-12-18;9;2450
11;2025-12-18;10;1884
11;2025-12-18;11;1867
11;2025-12-18;12;1876
11;2025-12-18;13;2008
11;2025-12-18;14;2010
11;2025-12-18;15;2109
11;2025-12-18;16;2341
11;2025-12-18;17;2910
11;2025-12-18;18;3073
11;2025-12-18;19;2321
11;2025-12-18;20;1538
11;2025-12-18;21;921
11;2025-12-18;22;470
11;2025-12-18;23;249
11;2025-12-19;0;74
11;2025-12-19;1;2
11;2025-12-19;2;0
11;2025-12-19;3;0
11;2025-12-19;4;0
11;2025-12-19;5;305
11;2025-12-19;6;1337
11;2025-12-19;7;2288
11;2025-12-19;8;3102
11;2025-12-19;9;2384
11;2025-12-19;10;1861
11;2025-12-19;11;1856
11;2025-12-19;12;1864
11;2025-12-19;13;2003
11;2025-12-19;14;2013
11;2025-12-19;15;2119
11;2025-12-19;16;2366
11;2025-12-19;17;2905
11;2025-12-19;18;2773
11;2025-12-19;19;2186
11;2025-12-19;20;1520
11;2025-12-19;21;922
11;2025-12-19;22;480
11;2025-12-19;23;270
11;2025-12-20;0;112
11;2025-12-20;1;4
11;2025-12-20;2;0
11;2025-12-20;3;0
11;2025-12-20;4;7
11;2025-12-20;5;189
11;2025-12-20;6;742
11;2025-12-20;7;694
11;2025-12-20;8;956
11;2025-12-20;9;1094
11;2025-12-20;10;1208
11;2025-12-20;11;1556
11;2025-12-20;12;1797
11;2025-12-20;13;1744
11;2025-12-20;14;1787
11;2025-12-20;15;1827
11;2025-12-20;16;1788
11;2025-12-20;17;1806
11;2025-12-20;18;1546
11;2025-12-20;19;1445
11;2025-12-20;20;1051
11;2025-12-20;21;754
11;2025-12-20;22;449
11;2025-12-20;23;306
11;2025-12-21;0;109
11;2025-12-21;1;12
11;2025-12-21;2;0
11;2025-12-21;3;0
11;2025-12-21;4;7
11;2025-12-21;5;144
11;2025-12-21;6;551
11;2025-12-21;7;525
11;2025-12-21;8;694
11;2025-12-21;9;916
11;2025-12-21;10;1049
11;2025-12-21;11;1463
11;2025-12-21;12;1681
11;2025-12-21;13;1633
11;2025-12-21;14;1687
11;2025-12-21;15;1745
11;2025-12-21;16;1687
11;2025-12-21;17;1680
11;2025-12-21;18;1414
11;2025-12-21;19;1183
11;2025-12-21;20;916
11;2025-12-21;21;663
11;2025-12-21;22;394
11;2025-12-21;23;243
11;2025-12-22;0;72
11;2025-12-22;1;6
11;2025-12-22;2;0
11;2025-12-22;3;0
11;2025-12-22;4;0
11;2025-12-22;5;293
11;2025-12-22;6;1317
11;2025-12-22;7;2303
11;2025-12-22;8;3130
11;2025-12-22;9;2412
11;2025-12-22;10;1820
11;2025-12-22;11;1821
11;2025-12-22;12;1820
11;2025-12-22;13;1960
11;2025-12-22;14;1966
11;2025-12-22;15;2068
11;2025-12-22;16;2296
11;2025-12-22;17;2890
11;2025-12-22;18;3040
11;2025-12-22;19;2283
11;2025-12-22;20;1510
11;2025-12-22;21;882
11;2025-12-22;22;443
11;2025-12-22;23;207
11;2025-12-23;0;68
11;2025-12-23;1;1
11;2025-12-23;2;0
11;2025-12-23;3;0
11;2025-12-23;4;0
11;2025-12-23;5;300
11;2025-12-23;6;1341
11;2025-12-23;7;2343
11;2025-12-23;8;3163
11;2025-12-23;9;2450
11;2025-12-23;10;1882
11;2025-12-23;11;1854
11;2025-12-23;12;1866
11;2025-12-23;13;2001
11;2025-12-23;14;2008
11;2025-12-23;15;2106
11;2025-12-23;16;2339
11;2025-12-23;17;2909
11;2025-12-23;18;3075
11;2025-12-23;19;2338
11;2025-12-23;20;1539
11;2025-12-23;21;908
11;2025-12-23;22;462
11;2025-12-23;23;225
11;2025-12-24;0;69
11;2025-12-24;1;1
11;2025-12-24;2;0
11;2025-12-24;3;0
11;2025-12-24;4;0
11;2025-12-24;5;310
11;2025-12-24;6;1337
11;2025-12-24;7;2340
11;2025-12-24;8;3163
11;2025-12-24;9;2446
11;2025-12-24;10;1876
11;2025-12-24;11;1865
11;2025-12-24;12;1870
11;2025-12-24;13;2007
11;2025-12-24;14;2004
11;2025-12-24;15;2101
11;2025-12-24;16;2335
11;2025-12-24;17;2909
11;2025-12-24;18;3066
11;2025-12-24;19;2329
11;2025-12-24;20;1539
11;2025-12-24;21;907
11;2025-12-24;22;465
11;2025-12-24;23;240
11;2025-12-25;0;72
11;2025-12-25;1;2
11;2025-12-25;2;0
11;2025-12-25;3;0
11;2025-12-25;4;0
11;2025-12-25;5;313
11;2025-12-25;6;1346
11;2025-12-25;7;2341
11;2025-12-25;8;3161
11;2025-12-25;9;2450
11;2025-12-25;10;1884
11;2025-12-25;11;1867
11;2025-12-25;12;1876
11;2025-12-25;13;2008
11;2025-12-25;14;2010
11;2025-12-25;15;2109
11;2025-12-25;16;2341
11;2025-12-25;17;2910
11;2025-12-25;18;3073
11;2025-12-25;19;2321
11;2025-12-25;20;1538
11;2025-12-25;21;921
11;2025-12-25;22;470
11;2025-12-25;23;249
11;2025-12-26;0;74
11;2025-12-26;1;2
11;2025-12-26;2;0
11;2025-12-26;3;0
11;2025-12-26;4;0
11;2025-12-26;5;305
11;2025-12-26;6;1337
11;2025-12-26;7;2288
11;2025-12-26;8;3102
11;2025-12-26;9;2384
11;2025-12-26;10;1861
11;2025-12-26;11;1856
11;2025-12-26;12;1864
11;2025-12-26;13;2003
11;2025-12-26;14;2013
11;2025-12-26;15;2119
11;2025-12-26;16;2366
11;2025-12-26;17;2905
11;2025-12-26;18;2773
11;2025-12-26;19;2186
11;2025-12-26;20;1520
11;2025-12-26;21;922
11;2025-12-26;22;480
11;2025-12-26;23;270
11;2025-12-27;0;112
11;2025-12-27;1;4
11;2025-12-27;2;0
11;2025-12-27;3;0
11;2025-12-27;4;7
11;2025-12-27;5;189
11;2025-12-27;6;742
11;2025-12-27;7;694
11;2025-12-27;8;956
11;2025-12-27;9;1094
11;2025-12-27;10;1208
11;2025-12-27;11;1556
11;2025-12-27;12;1797
11;2025-12-27;13;1744
11;2025-12-27;14;1787
11;2025-12-27;15;1827
11;2025-12-27;16;1788
11;2025-12-27;17;1806
11;2025-12-27;18;1546
11;2025-12-27;19;1445
11;2025-12-27;20;1051
11;2025-12-27;21;754
11;2025-12-27;22;449
11;2025-12-27;23;306
11;2025-12-28;0;109
11;2025-12-28;1;12
11;2025-12-28;2;0
11;2025-12-28;3;0
11;2025-12-28;4;7
11;2025-12-28;5;144
11;2025-12-28;6;551
11;2025-12-28;7;525
11;2025-12-28;8;694
11;2025-12-28;9;916
11;2025-12-28;10;1049
11;2025-12-28;11;1463
11;2025-12-28;12;1681
11;2025-12-28;13;1633
11;2025-12-28;14;1687
11;2025-12-28;15;1745
11;2025-12-28;16;1687
11;2025-12-28;17;1680
11;2025-12-28;18;1414
11;2025-12-28;19;1183
11;2025-12-28;20;916
11;2025-12-28;21;663
11;2025-12-28;22;394
11;2025-12-28;23;243
11;2025-12-29;0;72
11;2025-12-29;1;6
11;2025-12-29;2;0
11;2025-12-29;3;0
11;2025-12-29;4;0
11;2025-12-29;5;293
11;2025-12-29;6;1317
11;2025-12-29;7;2303
11;2025-12-29;8;3130
11;2025-12-29;9;2412
11;2025-12-29;10;1820
11;2025-12-29;11;1821
11;2025-12-29;12;1820
11;2025-12-29;13;1960
11;2025-12-29;14;1966
11;2025-12-29;15;2068
11;2025-12-29;16;2296
11;2025-12-29;17;2890
11;2025-12-29;18;3040
11;2025-12-29;19;2283
11;2025-12-29;20;1510
11;2025-12-29;21;882
11;2025-12-29;22;443
11;2025-12-29;23;207
11;2025-12-30;0;68
11;2025-12-30;1;1
11;2025-12-30;2;0
11;2025-12-30;3;0
11;2025-12-30;4;0
11;2025-12-30;5;300
11;2025-12-30;6;1341
11;2025-12-30;7;2343
11;2025-12-30;8;3163
11;2025-12-30;9;2450
11;2025-12-30;10;1882
11;2025-12-30;11;1854
11;2025-12-30;12;1866
11;2025-12-30;13;2001
11;2025-12-30;14;2008
11;2025-12-30;15;2106
11;2025-12-30;16;2339
11;2025-12-30;17;2909
11;2025-12-30;18;3075
11;2025-12-30;19;2338
11;2025-12-30;20;1539
11;2025-12-30;21;908
11;2025-12-30;22;462
11;2025-12-30;23;225
11;2025-12-31;0;64
11;2025-12-31;1;0
11;2025-12-31;2;0
11;2025-12-31;3;0
11;2025-12-31;4;0
11;2025-12-31;5;207
11;2025-12-31;6;533
11;2025-12-31;7;846
11;2025-12-31;8;1133
11;2025-12-31;9;1053
11;2025-12-31;10;1149
11;2025-12-31;11;1414
11;2025-12-31;12;1446
11;2025-12-31;13;1574
11;2025-12-31;14;1600
11;2025-12-31;15;1687
11;2025-12-31;16;1723
11;2025-12-31;17;1654
11;2025-12-31;18;1592
11;2025-12-31;19;1385
11;2025-12-31;20;947
11;2025-12-31;21;608
11;2025-12-31;22;424
11;2025-12-31;23;233
12;2025-11-01;0;102
12;2025-11-01;1;10
12;2025-11-01;2;0
12;2025-11-01;3;0
12;2025-11-01;4;0
12;2025-11-01;5;267
12;2025-11-01;6;829
12;2025-11-01;7;1878
12;2025-11-01;8;2662
12;2025-11-01;9;2292
12;2025-11-01;10;2038
12;2025-11-01;11;1977
12;2025-11-01;12;2090
12;2025-11-01;13;2246
12;2025-11-01;14;2133
12;2025-11-01;15;2359
12;2025-11-01;16;2833
12;2025-11-01;17;2962
12;2025-11-01;18;2776
12;2025-11-01;19;2452
12;2025-11-01;20;1622
12;2025-11-01;21;767
12;2025-11-01;22;510
12;2025-11-01;23;313
12;2025-11-02;0;91
12;2025-11-02;1;9
12;2025-11-02;2;0
12;2025-11-02;3;0
12;2025-11-02;4;3
12;2025-11-02;5;193
12;2025-11-02;6;577
12;2025-11-02;7;678
12;2025-11-02;8;768
12;2025-11-02;9;957
12;2025-11-02;10;1146
12;2025-11-02;11;1379
12;2025-11-02;12;1489
12;2025-11-02;13;1680
12;2025-11-02;14;1618
12;2025-11-02;15;1512
12;2025-11-02;16;1544
12;2025-11-02;17;1488
12;2025-11-02;18;1318
12;2025-11-02;19;1097
12;2025-11-02;20;813
12;2025-11-02;21;607
12;2025-11-02;22;411
12;2025-11-02;23;224
12;2025-11-03;0;56
12;2025-11-03;1;2
12;2025-11-03;2;0
12;2025-11-03;3;0
12;2025-11-03;4;0
12;2025-11-03;5;231
12;2025-11-03;6;587
12;2025-11-03;7;802
12;2025-11-03;8;1402
12;2025-11-03;9;1091
12;2025-11-03;10;1174
12;2025-11-03;11;1379
12;2025-11-03;12;1425
12;2025-11-03;13;1550
12;2025-11-03;14;1557
12;2025-11-03;15;1513
12;2025-11-03;16;1514
12;2025-11-03;17;1476
12;2025-11-03;18;1588
12;2025-11-03;19;1209
12;2025-11-03;20;855
12;2025-11-03;21;532
12;2025-11-03;22;400
12;2025-11-03;23;223
12;2025-11-04;0;56
12;2025-11-04;1;4
12;2025-11-04;2;0
12;2025-11-04;3;0
12;2025-11-04;4;6
12;2025-11-04;5;209
12;2025-11-04;6;546
12;2025-11-04;7;656
12;2025-11-04;8;1195
12;2025-11-04;9;848
12;2025-11-04;10;1036
12;2025-11-04;11;1212
12;2025-11-04;12;1241
12;2025-11-04;13;1339
12;2025-11-04;14;1355
12;2025-11-04;15;1238
12;2025-11-04;16;1356
12;2025-11-04;17;1358
12;2025-11-04;18;1435
12;2025-11-04;19;1147
12;2025-11-04;20;785
12;2025-11-04;21;511
12;2025-11-04;22;380
12;2025-11-04;23;240
12;2025-11-05;0;56
12;2025-11-05;1;2
12;2025-11-05;2;0
12;2025-11-05;3;0
12;2025-11-05;4;7
12;2025-11-05;5;368
12;2025-11-05;6;1497
12;2025-11-05;7;2708
12;2025-11-05;8;3500
12;2025-11-05;9;2535
12;2025-11-05;10;2058
12;2025-11-05;11;2019
12;2025-11-05;12;2096
12;2025-11-05;13;2093
12;2025-11-05;14;2057
12;2025-11-05;15;2320
12;2025-11-05;16;2813
12;2025-11-05;17;3110
12;2025-11-05;18;3208
12;2025-11-05;19;2504
12;2025-11-05;20;1599
12;2025-11-05;21;985
12;2025-11-05;22;525
12;2025-11-05;23;278
12;2025-11-06;0;59
12;2025-11-06;1;2
12;2025-11-06;2;0
12;2025-11-06;3;0
12;2025-11-06;4;7
12;2025-11-06;5;368
12;2025-11-06;6;1502
12;2025-11-06;7;2715
12;2025-11-06;8;3501
12;2025-11-06;9;2534
12;2025-11-06;10;2058
12;2025-11-06;11;2026
12;2025-11-06;12;2107
12;2025-11-06;13;2095
12;2025-11-06;14;2060
12;2025-11-06;15;2328
12;2025-11-06;16;2816
12;2025-11-06;17;3112
12;2025-11-06;18;3216
12;2025-11-06;19;2509
12;2025-11-06;20;1602
12;2025-11-06;21;988
12;2025-11-06;22;529
12;2025-11-06;23;285
12;2025-11-07;0;61
12;2025-11-07;1;2
12;2025-11-07;2;0
12;2025-11-07;3;0
12;2025-11-07;4;5
12;2025-11-07;5;357
12;2025-11-07;6;1480
12;2025-11-07;7;2702
12;2025-11-07;8;3455
12;2025-11-07;9;2481
12;2025-11-07;10;2013
12;2025-11-07;11;2003
12;2025-11-07;12;2098
12;2025-11-07;13;2089
12;2025-11-07;14;2062
12;2025-11-07;15;2341
12;2025-11-07;16;2840
12;2025-11-07;17;3072
12;2025-11-07;18;2867
12;2025-11-07;19;2386
12;2025-11-07;20;1564
12;2025-11-07;21;996
12;2025-11-07;22;537
12;2025-11-07;23;309
12;2025-11-08;0;92
12;2025-11-08;1;6
12;2025-11-08;2;0
12;2025-11-08;3;0
12;2025-11-08;4;4
12;2025-11-08;5;247
12;2025-11-08;6;812
12;2025-11-08;7;902
12;2025-11-08;8;1005
12;2025-11-08;9;1136
12;2025-11-08;10;1338
12;2025-11-08;11;1526
12;2025-11-08;12;1594
12;2025-11-08;13;1761
12;2025-11-08;14;1687
12;2025-11-08;15;1621
12;2025-11-08;16;1652
12;2025-11-08;17;1595
12;2025-11-08;18;1465
12;2025-11-08;19;1356
12;2025-11-08;20;971
12;2025-11-08;21;716
12;2025-11-08;22;467
12;2025-11-08;23;286
12;2025-11-09;0;91
12;2025-11-09;1;9
12;2025-11-09;2;0
12;2025-11-09;3;0
12;2025-11-09;4;3
12;2025-11-09;5;193
12;2025-11-09;6;577
12;2025-11-09;7;678
12;2025-11-09;8;768
12;2025-11-09;9;957
12;2025-11-09;10;1146
12;2025-11-09;11;1379
12;2025-11-09;12;1489
12;2025-11-09;13;1680
12;2025-11-09;14;1618
12;2025-11-09;15;1512
12;2025-11-09;16;1544
12;2025-11-09;17;1488
12;2025-11-09;18;1318
12;2025-11-09;19;1097
12;2025-11-09;20;813
12;2025-11-09;21;607
12;2025-11-09;22;411
12;2025-11-09;23;224
12;2025-11-10;0;60
12;2025-11-10;1;2
12;2025-11-10;2;0
12;2025-11-10;3;0
12;2025-11-10;4;7
12;2025-11-10;5;340
12;2025-11-10;6;1447
12;2025-11-10;7;2677
12;2025-11-10;8;3470
12;2025-11-10;9;2485
12;2025-11-10;10;1990
12;2025-11-10;11;1911
12;2025-11-10;12;2009
12;2025-11-10;13;2045
12;2025-11-10;14;2015
12;2025-11-10;15;2280
12;2025-11-10;16;2784
12;2025-11-10;17;3075
12;2025-11-10;18;3166
12;2025-11-10;19;2437
12;2025-11-10;20;1555
12;2025-11-10;21;949
12;2025-11-10;22;493
12;2025-11-10;23;248
12;2025-11-11;0;54
12;2025-11-11;1;2
12;2025-11-11;2;0
12;2025-11-11;3;0
12;2025-11-11;4;7
12;2025-11-11;5;360
12;2025-11-11;6;1487
12;2025-11-11;7;2715
12;2025-11-11;8;3516
12;2025-11-11;9;2536
12;2025-11-11;10;2060
12;2025-11-11;11;2012
12;2025-11-11;12;2078
12;2025-11-11;13;2093
12;2025-11-11;14;2058
12;2025-11-11;15;2318
12;2025-11-11;16;2814
12;2025-11-11;17;3119
12;2025-11-11;18;3218
12;2025-11-11;19;2511
12;2025-11-11;20;1599
12;2025-11-11;21;979
12;2025-11-11;22;524
12;2025-11-11;23;264
12;2025-11-12;0;56
12;2025-11-12;1;2
12;2025-11-12;2;0
12;2025-11-12;3;0
12;2025-11-12;4;7
12;2025-11-12;5;368
12;2025-11-12;6;1497
12;2025-11-12;7;2708
12;2025-11-12;8;3500
12;2025-11-12;9;2535
12;2025-11-12;10;2058
12;2025-11-12;11;2019
12;2025-11-12;12;2096
12;2025-11-12;13;2093
12;2025-11-12;14;2057
12;2025-11-12;15;2320
12;2025-11-12;16;2813
12;2025-11-12;17;3110
12;2025-11-12;18;3208
12;2025-11-12;19;2504
12;2025-11-12;20;1599
12;2025-11-12;21;985
12;2025-11-12;22;525
12;2025-11-12;23;278
12;2025-11-13;0;59
12;2025-11-13;1;2
12;2025-11-13;2;0
12;2025-11-13;3;0
12;2025-11-13;4;7
12;2025-11-13;5;368
12;2025-11-13;6;1502
12;2025-11-13;7;2715
12;2025-11-13;8;3501
12;2025-11-13;9;2534
12;2025-11-13;10;2058
12;2025-11-13;11;2026
12;2025-11-13;12;2107
12;2025-11-13;13;2095
12;2025-11-13;14;2060
12;2025-11-13;15;2328
12;2025-11-13;16;2816
12;2025-11-13;17;3112
12;2025-11-13;18;3216
12;2025-11-13;19;2509
12;2025-11-13;20;1602
12;2025-11-13;21;988
12;2025-11-13;22;529
12;2025-11-13;23;285
12;2025-11-14;0;61
12;2025-11-14;1;2
12;2025-11-14;2;0
12;2025-11-14;3;0
12;2025-11-14;4;5
12;2025-11-14;5;357
12;2025-11-14;6;1480
12;2025-11-14;7;2702
12;2025-11-14;8;3455
12;2025-11-14;9;2481
12;2025-11-14;10;2013
12;2025-11-14;11;2003
12;2025-11-14;12;2098
12;2025-11-14;13;2089
12;2025-11-14;14;2062
12;2025-11-14;15;2341
12;2025-11-14;16;2840
12;2025-11-14;17;3072
12;2025-11-14;18;2867
12;2025-11-14;19;2386
12;2025-11-14;20;1564
12;2025-11-14;21;996
12;2025-11-14;22;537
12;2025-11-14;23;309
12;2025-11-15;0;92
12;2025-11-15;1;6
12;2025-11-15;2;0
12;2025-11-15;3;0
12;2025-11-15;4;4
12;2025-11-15;5;247
12;2025-11-15;6;812
12;2025-11-15;7;902
12;2025-11-15;8;1005
12;2025-11-15;9;1136
12;2025-11-15;10;1338
12;2025-11-15;11;1526
12;2025-11-15;12;1594
12;2025-11-15;13;1761
12;2025-11-15;14;1687
12;2025-11-15;15;1621
12;2025-11-15;16;1652
12;2025-11-15;17;1595
12;2025-11-15;18;1465
12;2025-11-15;19;1356
12;2025-11-15;20;971
12;2025-11-15;21;716
12;2025-11-15;22;467
12;2025-11-15;23;286
12;2025-11-16;0;91
12;2025-11-16;1;9
12;2025-11-16;2;0
12;2025-11-16;3;0
12;2025-11-16;4;3
12;2025-11-16;5;193
12;2025-11-16;6;577
12;2025-11-16;7;678
12;2025-11-16;8;768
12;2025-11-16;9;957
12;2025-11-16;10;1146
12;2025-11-16;11;1379
12;2025-11-16;12;1489
12;2025-11-16;13;1680
12;2025-11-16;14;1618
12;2025-11-16;15;1512
12;2025-11-16;16;1544
12;2025-11-16;17;1488
12;2025-11-16;18;1318
12;2025-11-16;19;1097
12;2025-11-16;20;813
12;2025-11-16;21;607
12;2025-11-16;22;411
12;2025-11-16;23;224
12;2025-11-17;0;60
12;2025-11-17;1;2
12;2025-11-17;2;0
12;2025-11-17;3;0
12;2025-11-17;4;7
12;2025-11-17;5;340
12;2025-11-17;6;1447
12;2025-11-17;7;2677
12;2025-11-17;8;3470
12;2025-11-17;9;2485
12;2025-11-17;10;1990
12;2025-11-17;11;1911
12;2025-11-17;12;2009
12;2025-11-17;13;2045
12;2025-11-17;14;2015
12;2025-11-17;15;2280
12;2025-11-17;16;2784
12;2025-11-17;17;3075
12;2025-11-17;18;3166
12;2025-11-17;19;2437
12;2025-11-17;20;1555
12;2025-11-17;21;949
12;2025-11-17;22;493
12;2025-11-17;23;248
12;2025-11-18;0;54
12;2025-11-18;1;2
12;2025-11-18;2;0
12;2025-11-18;3;0
12;2025-11-18;4;7
12;2025-11-18;5;360
12;2025-11-18;6;1487
12;2025-11-18;7;2715
12;2025-11-18;8;3516
12;2025-11-18;9;2536
12;2025-11-18;10;2060
12;2025-11-18;11;2012
12;2025-11-18;12;2078
12;2025-11-18;13;2093
12;2025-11-18;14;2058
12;2025-11-18;15;2318
12;2025-11-18;16;2814
12;2025-11-18;17;3119
12;2025-11-18;18;3218
12;2025-11-18;19;2511
12;2025-11-18;20;1599
12;2025-11-18;21;979
12;2025-11-18;22;524
12;2025-11-18;23;264
12;2025-11-19;0;56
12;2025-11-19;1;2
12;2025-11-19;2;0
12;2025-11-19;3;0
12;2025-11-19;4;7
12;2025-11-19;5;368
12;2025-11-19;6;1497
12;2025-11-19;7;2708
12;2025-11-19;8;3500
12;2025-11-19;9;2535
12;2025-11-19;10;2058
12;2025-11-19;11;2019
12;2025-11-19;12;2096
12;2025-11-19;13;2093
12;2025-11-19;14;2057
12;2025-11-19;15;2320
12;2025-11-19;16;2813
12;2025-11-19;17;3110
12;2025-11-19;18;3208
12;2025-11-19;19;2504
12;2025-11-19;20;1599
12;2025-11-19;21;985
12;2025-11-19;22;525
12;2025-11-19;23;278
12;2025-11-20;0;59
12;2025-11-20;1;2
12;2025-11-20;2;0
12;2025-11-20;3;0
12;2025-11-20;4;7
12;2025-11-20;5;368
12;2025-11-20;6;1502
12;2025-11-20;7;2715
12;2025-11-20;8;3501
12;2025-11-20;9;2534
12;2025-11-20;10;2058
12;2025-11-20;11;2026
12;2025-11-20;12;2107
12;2025-11-20;13;2095
12;2025-11-20;14;2060
12;2025-11-20;15;2328
12;2025-11-20;16;2816
12;2025-11-20;17;3112
12;2025-11-20;18;3216
12;2025-11-20;19;2509
12;2025-11-20;20;1602
12;2025-11-20;21;988
12;2025-11-20;22;529
12;2025-11-20;23;285
12;2025-11-21;0;61
12;2025-11-21;1;2
12;2025-11-21;2;0
12;2025-11-21;3;0
12;2025-11-21;4;5
12;2025-11-21;5;357
12;2025-11-21;6;1480
12;2025-11-21;7;2702
12;2025-11-21;8;3455
12;2025-11-21;9;2481
12;2025-11-21;10;2013
12;2025-11-21;11;2003
12;2025-11-21;12;2098
12;2025-11-21;13;2089
12;2025-11-21;14;2062
12;2025-11-21;15;2341
12;2025-11-21;16;2840
12;2025-11-21;17;3072
12;2025-11-21;18;2867
12;2025-11-21;19;2386
12;2025-11-21;20;1564
12;2025-11-21;21;996
12;2025-11-21;22;537
12;2025-11-21;23;309
12;2025-11-22;0;92
12;2025-11-22;1;6
12;2025-11-22;2;0
12;2025-11-22;3;0
12;2025-11-22;4;4
12;2025-11-22;5;247
12;2025-11-22;6;812
12;2025-11-22;7;902
12;2025-11-22;8;1005
12;2025-11-22;9;1136
12;2025-11-22;10;1338
12;2025-11-22;11;1526
12;2025-11-22;12;1594
12;2025-11-22;13;1761
12;2025-11-22;14;1687
12;2025-11-22;15;1621
12;2025-11-22;16;1652
12;2025-11-22;17;1595
12;2025-11-22;18;1465
12;2025-11-22;19;1356
12;2025-11-22;20;971
12;2025-11-22;21;716
12;2025-11-22;22;467
12;2025-11-22;23;286
12;2025-11-23;0;91
12;2025-11-23;1;9
12;2025-11-23;2;0
12;2025-11-23;3;0
12;2025-11-23;4;3
12;2025-11-23;5;193
12;2025-11-23;6;577
12;2025-11-23;7;678
12;2025-11-23;8;768
12;2025-11-23;9;957
12;2025-11-23;10;1146
12;2025-11-23;11;1379
12;2025-11-23;12;1489
12;2025-11-23;13;1680
12;2025-11-23;14;1618
12;2025-11-23;15;1512
12;2025-11-23;16;1544
12;2025-11-23;17;1488
12;2025-11-23;18;1318
12;2025-11-23;19;1097
12;2025-11-23;20;813
12;2025-11-23;21;607
12;2025-11-23;22;411
12;2025-11-23;23;224
12;2025-11-24;0;60
12;2025-11-24;1;2
12;2025-11-24;2;0
12;2025-11-24;3;0
12;2025-11-24;4;7
12;2025-11-24;5;340
12;2025-11-24;6;1447
12;2025-11-24;7;2677
12;2025-11-24;8;3470
12;2025-11-24;9;2485
12;2025-11-24;10;1990
12;2025-11-24;11;1911
12;2025-11-24;12;2009
12;2025-11-24;13;2045
12;2025-11-24;14;2015
12;2025-11-24;15;2280
12;2025-11-24;16;2784
12;2025-11-24;17;3075
12;2025-11-24;18;3166
12;2025-11-24;19;2437
12;2025-11-24;20;1555
12;2025-11-24;21;949
12;2025-11-24;22;493
12;2025-11-24;23;248
12;2025-11-25;0;54
12;2025-11-25;1;2
12;2025-11-25;2;0
12;2025-11-25;3;0
12;2025-11-25;4;7
12;2025-11-25;5;360
12;2025-11-25;6;1487
12;2025-11-25;7;2715
12;2025-11-25;8;3516
12;2025-11-25;9;2536
12;2025-11-25;10;2060
12;2025-11-25;11;2012
12;2025-11-25;12;2078
12;2025-11-25;13;2093
12;2025-11-25;14;2058
12;2025-11-25;15;2318
12;2025-11-25;16;2814
12;2025-11-25;17;3119
12;2025-11-25;18;3218
12;2025-11-25;19;2511
12;2025-11-25;20;1599
12;2025-11-25;21;979
12;2025-11-25;22;524
12;2025-11-25;23;264
12;2025-11-26;0;56
12;2025-11-26;1;2
12;2025-11-26;2;0
12;2025-11-26;3;0
12;2025-11-26;4;7
12;2025-11-26;5;368
12;2025-11-26;6;1497
12;2025-11-26;7;2708
12;2025-11-26;8;3500
12;2025-11-26;9;2535
12;2025-11-26;10;2058
12;2025-11-26;11;2019
12;2025-11-26;12;2096
12;2025-11-26;13;2093
12;2025-11-26;14;2057
12;2025-11-26;15;2320
12;2025-11-26;16;2813
12;2025-11-26;17;3110
12;2025-11-26;18;3208
12;2025-11-26;19;2504
12;2025-11-26;20;1599
12;2025-11-26;21;985
12;2025-11-26;22;525
12;2025-11-26;23;278
12;2025-11-27;0;59
12;2025-11-27;1;2
12;2025-11-27;2;0
12;2025-11-27;3;0
12;2025-11-27;4;7
12;2025-11-27;5;368
12;2025-11-27;6;1502
12;2025-11-27;7;2715
12;2025-11-27;8;3501
12;2025-11-27;9;2534
12;2025-11-27;10;2058
12;2025-11-27;11;2026
12;2025-11-27;12;2107
12;2025-11-27;13;2095
12;2025-11-27;14;2060
12;2025-11-27;15;2328
12;2025-11-27;16;2816
12;2025-11-27;17;3112
12;2025-11-27;18;3216
12;2025-11-27;19;2509
12;2025-11-27;20;1602
12;2025-11-27;21;988
12;2025-11-27;22;529
12;2025-11-27;23;285
12;2025-11-28;0;61
12;2025-11-28;1;2
12;2025-11-28;2;0
12;2025-11-28;3;0
12;2025-11-28;4;5
12;2025-11-28;5;357
12;2025-11-28;6;1480
12;2025-11-28;7;2702
12;2025-11-28;8;3455
12;2025-11-28;9;2481
12;2025-11-28;10;2013
12;2025-11-28;11;2003
12;2025-11-28;12;2098
12;2025-11-28;13;2089
12;2025-11-28;14;2062
12;2025-11-28;15;2341
12;2025-11-28;16;2840
12;2025-11-28;17;3072
12;2025-11-28;18;2867
12;2025-11-28;19;2386
12;2025-11-28;20;1564
12;2025-11-28;21;996
12;2025-11-28;22;537
12;2025-11-28;23;309
12;2025-11-29;0;92
12;2025-11-29;1;6
12;2025-11-29;2;0
12;2025-11-29;3;0
12;2025-11-29;4;4
12;2025-11-29;5;247
12;2025-11-29;6;812
12;2025-11-29;7;902
12;2025-11-29;8;1005
12;2025-11-29;9;1136
12;2025-11-29;10;1338
12;2025-11-29;11;1526
12;2025-11-29;12;1594
12;2025-11-29;13;1761
12;2025-11-29;14;1687
12;2025-11-29;15;1621
12;2025-11-29;16;1652
12;2025-11-29;17;1595
12;2025-11-29;18;1465
12;2025-11-29;19;1356
12;2025-11-29;20;971
12;2025-11-29;21;716
12;2025-11-29;22;467
12;2025-11-29;23;286
12;2025-11-30;0;91
12;2025-11-30;1;9
12;2025-11-30;2;0
12;2025-11-30;3;0
12;2025-11-30;4;3
12;2025-11-30;5;193
12;2025-11-30;6;577
12;2025-11-30;7;678
12;2025-11-30;8;768
12;2025-11-30;9;957
12;2025-11-30;10;1146
12;2025-11-30;11;1379
12;2025-11-30;12;1489
12;2025-11-30;13;1680
12;2025-11-30;14;1618
12;2025-11-30;15;1512
12;2025-11-30;16;1544
12;2025-11-30;17;1488
12;2025-11-30;18;1318
12;2025-11-30;19;1097
12;2025-11-30;20;813
12;2025-11-30;21;607
12;2025-11-30;22;411
12;2025-11-30;23;224
12;2025-12-01;0;57
12;2025-12-01;1;3
12;2025-12-01;2;0
12;2025-12-01;3;0
12;2025-12-01;4;5
12;2025-12-01;5;316
12;2025-12-01;6;1386
12;2025-12-01;7;2627
12;2025-12-01;8;3441
12;2025-12-01;9;2443
12;2025-12-01;10;1984
12;2025-12-01;11;1887
12;2025-12-01;12;1979
12;2025-12-01;13;2027
12;2025-12-01;14;1982
12;2025-12-01;15;2258
12;2025-12-01;16;2767
12;2025-12-01;17;3047
12;2025-12-01;18;3150
12;2025-12-01;19;2432
12;2025-12-01;20;1515
12;2025-12-01;21;937
12;2025-12-01;22;477
12;2025-12-01;23;229
12;2025-12-02;0;51
12;2025-12-02;1;2
12;2025-12-02;2;0
12;2025-12-02;3;0
12;2025-12-02;4;5
12;2025-12-02;5;334
12;2025-12-02;6;1416
12;2025-12-02;7;2648
12;2025-12-02;8;3483
12;2025-12-02;9;2479
12;2025-12-02;10;2050
12;2025-12-02;11;1974
12;2025-12-02;12;2032
12;2025-12-02;13;2058
12;2025-12-02;14;2018
12;2025-12-02;15;2289
12;2025-12-02;16;2791
12;2025-12-02;17;3085
12;2025-12-02;18;3198
12;2025-12-02;19;2501
12;2025-12-02;20;1559
12;2025-12-02;21;967
12;2025-12-02;22;508
12;2025-12-02;23;241
12;2025-12-03;0;53
12;2025-12-03;1;2
12;2025-12-03;2;0
12;2025-12-03;3;0
12;2025-12-03;4;5
12;2025-12-03;5;342
12;2025-12-03;6;1427
12;2025-12-03;7;2642
12;2025-12-03;8;3466
12;2025-12-03;9;2478
12;2025-12-03;10;2048
12;2025-12-03;11;1980
12;2025-12-03;12;2050
12;2025-12-03;13;2058
12;2025-12-03;14;2018
12;2025-12-03;15;2292
12;2025-12-03;16;2790
12;2025-12-03;17;3076
12;2025-12-03;18;3188
12;2025-12-03;19;2495
12;2025-12-03;20;1560
12;2025-12-03;21;973
12;2025-12-03;22;509
12;2025-12-03;23;255
12;2025-12-04;0;56
12;2025-12-04;1;2
12;2025-12-04;2;0
12;2025-12-04;3;0
12;2025-12-04;4;6
12;2025-12-04;5;343
12;2025-12-04;6;1432
12;2025-12-04;7;2649
12;2025-12-04;8;3467
12;2025-12-04;9;2477
12;2025-12-04;10;2048
12;2025-12-04;11;1988
12;2025-12-04;12;2062
12;2025-12-04;13;2060
12;2025-12-04;14;2021
12;2025-12-04;15;2299
12;2025-12-04;16;2793
12;2025-12-04;17;3077
12;2025-12-04;18;3196
12;2025-12-04;19;2499
12;2025-12-04;20;1563
12;2025-12-04;21;976
12;2025-12-04;22;512
12;2025-12-04;23;263
12;2025-12-05;0;58
12;2025-12-05;1;2
12;2025-12-05;2;0
12;2025-12-05;3;0
12;2025-12-05;4;3
12;2025-12-05;5;333
12;2025-12-05;6;1409
12;2025-12-05;7;2638
12;2025-12-05;8;3422
12;2025-12-05;9;2424
12;2025-12-05;10;2003
12;2025-12-05;11;1964
12;2025-12-05;12;2054
12;2025-12-05;13;2056
12;2025-12-05;14;2025
12;2025-12-05;15;2315
12;2025-12-05;16;2820
12;2025-12-05;17;3040
12;2025-12-05;18;2847
12;2025-12-05;19;2377
12;2025-12-05;20;1525
12;2025-12-05;21;986
12;2025-12-05;22;522
12;2025-12-05;23;286
12;2025-12-06;0;87
12;2025-12-06;1;7
12;2025-12-06;2;0
12;2025-12-06;3;0
12;2025-12-06;4;3
12;2025-12-06;5;240
12;2025-12-06;6;744
12;2025-12-06;7;848
12;2025-12-06;8;970
12;2025-12-06;9;1094
12;2025-12-06;10;1330
12;2025-12-06;11;1487
12;2025-12-06;12;1544
12;2025-12-06;13;1726
12;2025-12-06;14;1648
12;2025-12-06;15;1593
12;2025-12-06;16;1628
12;2025-12-06;17;1558
12;2025-12-06;18;1446
12;2025-12-06;19;1340
12;2025-12-06;20;940
12;2025-12-06;21;696
12;2025-12-06;22;447
12;2025-12-06;23;264
12;2025-12-07;0;85
12;2025-12-07;1;9
12;2025-12-07;2;0
12;2025-12-07;3;0
12;2025-12-07;4;1
12;2025-12-07;5;186
12;2025-12-07;6;524
12;2025-12-07;7;639
12;2025-12-07;8;737
12;2025-12-07;9;929
12;2025-12-07;10;1143
12;2025-12-07;11;1355
12;2025-12-07;12;1457
12;2025-12-07;13;1661
12;2025-12-07;14;1590
12;2025-12-07;15;1490
12;2025-12-07;16;1526
12;2025-12-07;17;1457
12;2025-12-07;18;1303
12;2025-12-07;19;1085
12;2025-12-07;20;786
12;2025-12-07;21;588
12;2025-12-07;22;391
12;2025-12-07;23;210
12;2025-12-08;0;57
12;2025-12-08;1;3
12;2025-12-08;2;0
12;2025-12-08;3;0
12;2025-12-08;4;5
12;2025-12-08;5;316
12;2025-12-08;6;1386
12;2025-12-08;7;2627
12;2025-12-08;8;3441
12;2025-12-08;9;2443
12;2025-12-08;10;1984
12;2025-12-08;11;1887
12;2025-12-08;12;1979
12;2025-12-08;13;2027
12;2025-12-08;14;1982
12;2025-12-08;15;2258
12;2025-12-08;16;2767
12;2025-12-08;17;3047
12;2025-12-08;18;3150
12;2025-12-08;19;2432
12;2025-12-08;20;1515
12;2025-12-08;21;937
12;2025-12-08;22;477
12;2025-12-08;23;229
12;2025-12-09;0;51
12;2025-12-09;1;2
12;2025-12-09;2;0
12;2025-12-09;3;0
12;2025-12-09;4;5
12;2025-12-09;5;334
12;2025-12-09;6;1416
12;2025-12-09;7;2648
12;2025-12-09;8;3483
12;2025-12-09;9;2479
12;2025-12-09;10;2050
12;2025-12-09;11;1974
12;2025-12-09;12;2032
12;2025-12-09;13;2058
12;2025-12-09;14;2018
12;2025-12-09;15;2289
12;2025-12-09;16;2791
12;2025-12-09;17;3085
12;2025-12-09;18;3198
12;2025-12-09;19;2501
12;2025-12-09;20;1559
12;2025-12-09;21;967
12;2025-12-09;22;508
12;2025-12-09;23;241
12;2025-12-10;0;53
12;2025-12-10;1;2
12;2025-12-10;2;0
12;2025-12-10;3;0
12;2025-12-10;4;5
12;2025-12-10;5;342
12;2025-12-10;6;1427
12;2025-12-10;7;2642
12;2025-12-10;8;3466
12;2025-12-10;9;2478
12;2025-12-10;10;2048
12;2025-12-10;11;1980
12;2025-12-10;12;2050
12;2025-12-10;13;2058
12;2025-12-10;14;2018
12;2025-12-10;15;2292
12;2025-12-10;16;2790
12;2025-12-10;17;3076
12;2025-12-10;18;3188
12;2025-12-10;19;2495
12;2025-12-10;20;1560
12;2025-12-10;21;973
12;2025-12-10;22;509
12;2025-12-10;23;255
12;2025-12-11;0;56
12;2025-12-11;1;2
12;2025-12-11;2;0
12;2025-12-11;3;0
12;2025-12-11;4;6
12;2025-12-11;5;343
12;2025-12-11;6;1432
12;2025-12-11;7;2649
12;2025-12-11;8;3467
12;2025-12-11;9;2477
12;2025-12-11;10;2048
12;2025-12-11;11;1988
12;2025-12-11;12;2062
12;2025-12-11;13;2060
12;2025-12-11;14;2021
12;2025-12-11;15;2299
12;2025-12-11;16;2793
12;2025-12-11;17;3077
12;2025-12-11;18;3196
12;2025-12-11;19;2499
12;2025-12-11;20;1563
12;2025-12-11;21;976
12;2025-12-11;22;512
12;2025-12-11;23;263
12;2025-12-12;0;58
12;2025-12-12;1;2
12;2025-12-12;2;0
12;2025-12-12;3;0
12;2025-12-12;4;3
12;2025-12-12;5;333
12;2025-12-12;6;1409
12;2025-12-12;7;2638
12;2025-12-12;8;3422
12;2025-12-12;9;2424
12;2025-12-12;10;2003
12;2025-12-12;11;1964
12;2025-12-12;12;2054
12;2025-12-12;13;2056
12;2025-12-12;14;2025
12;2025-12-12;15;2315
12;2025-12-12;16;2820
12;2025-12-12;17;3040
12;2025-12-12;18;2847
12;2025-12-12;19;2377
12;2025-12-12;20;1525
12;2025-12-12;21;986
12;2025-12-12;22;522
12;2025-12-12;23;286
12;2025-12-13;0;87
12;2025-12-13;1;7
12;2025-12-13;2;0
12;2025-12-13;3;0
12;2025-12-13;4;3
12;2025-12-13;5;240
12;2025-12-13;6;744
12;2025-12-13;7;848
12;2025-12-13;8;970
12;2025-12-13;9;1094
12;2025-12-13;10;1330
12;2025-12-13;11;1487
12;2025-12-13;12;1544
12;2025-12-13;13;1726
12;2025-12-13;14;1648
12;2025-12-13;15;1593
12;2025-12-13;16;1628
12;2025-12-13;17;1558
12;2025-12-13;18;1446
12;2025-12-13;19;1340
12;2025-12-13;20;940
12;2025-12-13;21;696
12;2025-12-13;22;447
12;2025-12-13;23;264
12;2025-12-14;0;85
12;2025-12-14;1;9
12;2025-12-14;2;0
12;2025-12-14;3;0
12;2025-12-14;4;1
12;2025-12-14;5;186
12;2025-12-14;6;524
12;2025-12-14;7;639
12;2025-12-14;8;737
12;2025-12-14;9;929
12;2025-12-14;10;1143
12;2025-12-14;11;1355
12;2025-12-14;12;1457
12;2025-12-14;13;1661
12;2025-12-14;14;1590
12;2025-12-14;15;1490
12;2025-12-14;16;1526
12;2025-12-14;17;1457
12;2025-12-14;18;1303
12;2025-12-14;19;1085
12;2025-12-14;20;786
12;2025-12-14;21;588
12;2025-12-14;22;391
12;2025-12-14;23;210
12;2025-12-15;0;57
12;2025-12-15;1;3
12;2025-12-15;2;0
12;2025-12-15;3;0
12;2025-12-15;4;5
12;2025-12-15;5;316
12;2025-12-15;6;1386
12;2025-12-15;7;2627
12;2025-12-15;8;3441
12;2025-12-15;9;2443
12;2025-12-15;10;1984
12;2025-12-15;11;1887
12;2025-12-15;12;1979
12;2025-12-15;13;2027
12;2025-12-15;14;1982
12;2025-12-15;15;2258
12;2025-12-15;16;2767
12;2025-12-15;17;3047
12;2025-12-15;18;3150
12;2025-12-15;19;2432
12;2025-12-15;20;1515
12;2025-12-15;21;937
12;2025-12-15;22;477
12;2025-12-15;23;229
12;2025-12-16;0;51
12;2025-12-16;1;2
12;2025-12-16;2;0
12;2025-12-16;3;0
12;2025-12-16;4;5
12;2025-12-16;5;334
12;2025-12-16;6;1416
12;2025-12-16;7;2648
12;2025-12-16;8;3483
12;2025-12-16;9;2479
12;2025-12-16;10;2050
12;2025-12-16;11;1974
12;2025-12-16;12;2032
12;2025-12-16;13;2058
12;2025-12-16;14;2018
12;2025-12-16;15;2289
12;2025-12-16;16;2791
12;2025-12-16;17;3085
12;2025-12-16;18;3198
12;2025-12-16;19;2501
12;2025-12-16;20;1559
12;2025-12-16;21;967
12;2025-12-16;22;508
12;2025-12-16;23;241
12;2025-12-17;0;53
12;2025-12-17;1;2
12;2025-12-17;2;0
12;2025-12-17;3;0
12;2025-12-17;4;5
12;2025-12-17;5;342
12;2025-12-17;6;1427
12;2025-12-17;7;2642
12;2025-12-17;8;3466
12;2025-12-17;9;2478
12;2025-12-17;10;2048
12;2025-12-17;11;1980
12;2025-12-17;12;2050
12;2025-12-17;13;2058
12;2025-12-17;14;2018
12;2025-12-17;15;2292
12;2025-12-17;16;2790
12;2025-12-17;17;3076
12;2025-12-17;18;3188
12;2025-12-17;19;2495
12;2025-12-17;20;1560
12;2025-12-17;21;973
12;2025-12-17;22;509
12;2025-12-17;23;255
12;2025-12-18;0;56
12;2025-12-18;1;2
12;2025-12-18;2;0
12;2025-12-18;3;0
12;2025-12-18;4;6
12;2025-12-18;5;343
12;2025-12-18;6;1432
12;2025-12-18;7;2649
12;2025-12-18;8;3467
12;2025-12-18;9;2477
12;2025-12-18;10;2048
12;2025-12-18;11;1988
12;2025-12-18;12;2062
12;2025-12-18;13;2060
12;2025-12-18;14;2021
12;2025-12-18;15;2299
12;2025-12-18;16;2793
12;2025-12-18;17;3077
12;2025-12-18;18;3196
12;2025-12-18;19;2499
12;2025-12-18;20;1563
12;2025-12-18;21;976
12;2025-12-18;22;512
12;2025-12-18;23;263
12;2025-12-19;0;58
12;2025-12-19;1;2
12;2025-12-19;2;0
12;2025-12-19;3;0
12;2025-12-19;4;3
12;2025-12-19;5;333
12;2025-12-19;6;1409
12;2025-12-19;7;2638
12;2025-12-19;8;3422
12;2025-12-19;9;2424
12;2025-12-19;10;2003
12;2025-12-19;11;1964
12;2025-12-19;12;2054
12;2025-12-19;13;2056
12;2025-12-19;14;2025
12;2025-12-19;15;2315
12;2025-12-19;16;2820
12;2025-12-19;17;3040
12;2025-12-19;18;2847
12;2025-12-19;19;2377
12;2025-12-19;20;1525
12;2025-12-19;21;986
12;2025-12-19;22;522
12;2025-12-19;23;286
12;2025-12-20;0;87
12;2025-12-20;1;7
12;2025-12-20;2;0
12;2025-12-20;3;0
12;2025-12-20;4;3
12;2025-12-20;5;240
12;2025-12-20;6;744
12;2025-12-20;7;848
12;2025-12-20;8;970
12;2025-12-20;9;1094
12;2025-12-20;10;1330
12;2025-12-20;11;1487
12;2025-12-20;12;1544
12;2025-12-20;13;1726
12;2025-12-20;14;1648
12;2025-12-20;15;1593
12;2025-12-20;16;1628
12;2025-12-20;17;1558
12;2025-12-20;18;1446
12;2025-12-20;19;1340
12;2025-12-20;20;940
12;2025-12-20;21;696
12;2025-12-20;22;447
12;2025-12-20;23;264
12;2025-12-21;0;85
12;2025-12-21;1;9
12;2025-12-21;2;0
12;2025-12-21;3;0
12;2025-12-21;4;1
12;2025-12-21;5;186
12;2025-12-21;6;524
12;2025-12-21;7;639
12;2025-12-21;8;737
12;2025-12-21;9;929
12;2025-12-21;10;1143
12;2025-12-21;11;1355
12;2025-12-21;12;1457
12;2025-12-21;13;1661
12;2025-12-21;14;1590
12;2025-12-21;15;1490
12;2025-12-21;16;1526
12;2025-12-21;17;1457
12;2025-12-21;18;1303
12;2025-12-21;19;1085
12;2025-12-21;20;786
12;2025-12-21;21;588
12;2025-12-21;22;391
12;2025-12-21;23;210
12;2025-12-22;0;57
12;2025-12-22;1;3
12;2025-12-22;2;0
12;2025-12-22;3;0
12;2025-12-22;4;5
12;2025-12-22;5;316
12;2025-12-22;6;1386
12;2025-12-22;7;2627
12;2025-12-22;8;3441
12;2025-12-22;9;2443
12;2025-12-22;10;1984
12;2025-12-22;11;1887
12;2025-12-22;12;1979
12;2025-12-22;13;2027
12;2025-12-22;14;1982
12;2025-12-22;15;2258
12;2025-12-22;16;2767
12;2025-12-22;17;3047
12;2025-12-22;18;3150
12;2025-12-22;19;2432
12;2025-12-22;20;1515
12;2025-12-22;21;937
12;2025-12-22;22;477
12;2025-12-22;23;229
12;2025-12-23;0;51
12;2025-12-23;1;2
12;2025-12-23;2;0
12;2025-12-23;3;0
12;2025-12-23;4;5
12;2025-12-23;5;334
12;2025-12-23;6;1416
12;2025-12-23;7;2648
12;2025-12-23;8;3483
12;2025-12-23;9;2479
12;2025-12-23;10;2050
12;2025-12-23;11;1974
12;2025-12-23;12;2032
12;2025-12-23;13;2058
12;2025-12-23;14;2018
12;2025-12-23;15;2289
12;2025-12-23;16;2791
12;2025-12-23;17;3085
12;2025-12-23;18;3198
12;2025-12-23;19;2501
12;2025-12-23;20;1559
12;2025-12-23;21;967
12;2025-12-23;22;508
12;2025-12-23;23;241
12;2025-12-24;0;53
12;2025-12-24;1;2
12;2025-12-24;2;0
12;2025-12-24;3;0
12;2025-12-24;4;5
12;2025-12-24;5;342
12;2025-12-24;6;1427
12;2025-12-24;7;2642
12;2025-12-24;8;3466
12;2025-12-24;9;2478
12;2025-12-24;10;2048
12;2025-12-24;11;1980
12;2025-12-24;12;2050
12;2025-12-24;13;2058
12;2025-12-24;14;2018
12;2025-12-24;15;2292
12;2025-12-24;16;2790
12;2025-12-24;17;3076
12;2025-12-24;18;3188
12;2025-12-24;19;2495
12;2025-12-24;20;1560
12;2025-12-24;21;973
12;2025-12-24;22;509
12;2025-12-24;23;255
12;2025-12-25;0;56
12;2025-12-25;1;2
12;2025-12-25;2;0
12;2025-12-25;3;0
12;2025-12-25;4;6
12;2025-12-25;5;343
12;2025-12-25;6;1432
12;2025-12-25;7;2649
12;2025-12-25;8;3467
12;2025-12-25;9;2477
12;2025-12-25;10;2048
12;2025-12-25;11;1988
12;2025-12-25;12;2062
12;2025-12-25;13;2060
12;2025-12-25;14;2021
12;2025-12-25;15;2299
12;2025-12-25;16;2793
12;2025-12-25;17;3077
12;2025-12-25;18;3196
12;2025-12-25;19;2499
12;2025-12-25;20;1563
12;2025-12-25;21;976
12;2025-12-25;22;512
12;2025-12-25;23;263
12;2025-12-26;0;58
12;2025-12-26;1;2
12;2025-12-26;2;0
12;2025-12-26;3;0
12;2025-12-26;4;3
12;2025-12-26;5;333
12;2025-12-26;6;1409
12;2025-12-26;7;2638
12;2025-12-26;8;3422
12;2025-12-26;9;2424
12;2025-12-26;10;2003
12;2025-12-26;11;1964
12;2025-12-26;12;2054
12;2025-12-26;13;2056
12;2025-12-26;14;2025
12;2025-12-26;15;2315
12;2025-12-26;16;2820
12;2025-12-26;17;3040
12;2025-12-26;18;2847
12;2025-12-26;19;2377
12;2025-12-26;20;1525
12;2025-12-26;21;986
12;2025-12-26;22;522
12;2025-12-26;23;286
12;2025-12-27;0;87
12;2025-12-27;1;7
12;2025-12-27;2;0
12;2025-12-27;3;0
12;2025-12-27;4;3
12;2025-12-27;5;240
12;2025-12-27;6;744
12;2025-12-27;7;848
12;2025-12-27;8;970
12;2025-12-27;9;1094
12;2025-12-27;10;1330
12;2025-12-27;11;1487
12;2025-12-27;12;1544
12;2025-12-27;13;1726
12;2025-12-27;14;1648
12;2025-12-27;15;1593
12;2025-12-27;16;1628
12;2025-12-27;17;1558
12;2025-12-27;18;1446
12;2025-12-27;19;1340
12;2025-12-27;20;940
12;2025-12-27;21;696
12;2025-12-27;22;447
12;2025-12-27;23;264
12;2025-12-28;0;85
12;2025-12-28;1;9
12;2025-12-28;2;0
12;2025-12-28;3;0
12;2025-12-28;4;1
12;2025-12-28;5;186
12;2025-12-28;6;524
12;2025-12-28;7;639
12;2025-12-28;8;737
12;2025-12-28;9;929
12;2025-12-28;10;1143
12;2025-12-28;11;1355
12;2025-12-28;12;1457
12;2025-12-28;13;1661
12;2025-12-28;14;1590
12;2025-12-28;15;1490
12;2025-12-28;16;1526
12;2025-12-28;17;1457
12;2025-12-28;18;1303
12;2025-12-28;19;1085
12;2025-12-28;20;786
12;2025-12-28;21;588
12;2025-12-28;22;391
12;2025-12-28;23;210
12;2025-12-29;0;57
12;2025-12-29;1;3
12;2025-12-29;2;0
12;2025-12-29;3;0
12;2025-12-29;4;5
12;2025-12-29;5;316
12;2025-12-29;6;1386
12;2025-12-29;7;2627
12;2025-12-29;8;3441
12;2025-12-29;9;2443
12;2025-12-29;10;1984
12;2025-12-29;11;1887
12;2025-12-29;12;1979
12;2025-12-29;13;2027
12;2025-12-29;14;1982
12;2025-12-29;15;2258
12;2025-12-29;16;2767
12;2025-12-29;17;3047
12;2025-12-29;18;3150
12;2025-12-29;19;2432
12;2025-12-29;20;1515
12;2025-12-29;21;937
12;2025-12-29;22;477
12;2025-12-29;23;229
12;2025-12-30;0;51
12;2025-12-30;1;2
12;2025-12-30;2;0
12;2025-12-30;3;0
12;2025-12-30;4;5
12;2025-12-30;5;334
12;2025-12-30;6;1416
12;2025-12-30;7;2648
12;2025-12-30;8;3483
12;2025-12-30;9;2479
12;2025-12-30;10;2050
12;2025-12-30;11;1974
12;2025-12-30;12;2032
12;2025-12-30;13;2058
12;2025-12-30;14;2018
12;2025-12-30;15;2289
12;2025-12-30;16;2791
12;2025-12-30;17;3085
12;2025-12-30;18;3198
12;2025-12-30;19;2501
12;2025-12-30;20;1559
12;2025-12-30;21;967
12;2025-12-30;22;508
12;2025-12-30;23;241
12;2025-12-31;0;49
12;2025-12-31;1;2
12;2025-12-31;2;0
12;2025-12-31;3;0
12;2025-12-31;4;0
12;2025-12-31;5;245
12;2025-12-31;6;570
12;2025-12-31;7;753
12;2025-12-31;8;1397
12;2025-12-31;9;1082
12;2025-12-31;10;1227
12;2025-12-31;11;1447
12;2025-12-31;12;1466
12;2025-12-31;13;1562
12;2025-12-31;14;1559
12;2025-12-31;15;1524
12;2025-12-31;16;1520
12;2025-12-31;17;1480
12;2025-12-31;18;1620
12;2025-12-31;19;1268
12;2025-12-31;20;864
12;2025-12-31;21;558
12;2025-12-31;22;417
12;2025-12-31;23;232
17;2025-11-01;0;230
17;2025-11-01;1;43
17;2025-11-01;2;0
17;2025-11-01;3;0
17;2025-11-01;4;3
17;2025-11-01;5;147
17;2025-11-01;6;586
17;2025-11-01;7;2588
17;2025-11-01;8;3662
17;2025-11-01;9;3358
17;2025-11-01;10;3020
17;2025-11-01;11;3065
17;2025-11-01;12;3397
17;2025-11-01;13;3703
17;2025-11-01;14;3866
17;2025-11-01;15;3943
17;2025-11-01;16;3941
17;2025-11-01;17;4343
17;2025-11-01;18;4256
17;2025-11-01;19;3209
17;2025-11-01;20;2452
17;2025-11-01;21;1516
17;2025-11-01;22;841
17;2025-11-01;23;428
17;2025-11-02;0;183
17;2025-11-02;1;23
17;2025-11-02;2;0
17;2025-11-02;3;0
17;2025-11-02;4;3
17;2025-11-02;5;104
17;2025-11-02;6;423
17;2025-11-02;7;876
17;2025-11-02;8;1226
17;2025-11-02;9;1649
17;2025-11-02;10;1937
17;2025-11-02;11;2435
17;2025-11-02;12;2748
17;2025-11-02;13;3094
17;2025-11-02;14;3153
17;2025-11-02;15;3108
17;2025-11-02;16;2883
17;2025-11-02;17;2962
17;2025-11-02;18;2623
17;2025-11-02;19;2123
17;2025-11-02;20;1628
17;2025-11-02;21;1175
17;2025-11-02;22;743
17;2025-11-02;23;344
17;2025-11-03;0;114
17;2025-11-03;1;8
17;2025-11-03;2;0
17;2025-11-03;3;0
17;2025-11-03;4;3
17;2025-11-03;5;207
17;2025-11-03;6;524
17;2025-11-03;7;1545
17;2025-11-03;8;2656
17;2025-11-03;9;2002
17;2025-11-03;10;1866
17;2025-11-03;11;2240
17;2025-11-03;12;2329
17;2025-11-03;13;2467
17;2025-11-03;14;2471
17;2025-11-03;15;2587
17;2025-11-03;16;2667
17;2025-11-03;17;3037
17;2025-11-03;18;3244
17;2025-11-03;19;2373
17;2025-11-03;20;1612
17;2025-11-03;21;963
17;2025-11-03;22;655
17;2025-11-03;23;315
17;2025-11-04;0;121
17;2025-11-04;1;13
17;2025-11-04;2;0
17;2025-11-04;3;0
17;2025-11-04;4;2
17;2025-11-04;5;164
17;2025-11-04;6;443
17;2025-11-04;7;1372
17;2025-11-04;8;2541
17;2025-11-04;9;1840
17;2025-11-04;10;1799
17;2025-11-04;11;2215
17;2025-11-04;12;2357
17;2025-11-04;13;2504
17;2025-11-04;14;2535
17;2025-11-04;15;2649
17;2025-11-04;16;2752
17;2025-11-04;17;2951
17;2025-11-04;18;3127
17;2025-11-04;19;2371
17;2025-11-04;20;1649
17;2025-11-04;21;976
17;2025-11-04;22;681
17;2025-11-04;23;363
17;2025-11-05;0;133
17;2025-11-05;1;10
17;2025-11-05;2;0
17;2025-11-05;3;0
17;2025-11-05;4;26
17;2025-11-05;5;314
17;2025-11-05;6;1515
17;2025-11-05;7;3892
17;2025-11-05;8;5239
17;2025-11-05;9;3788
17;2025-11-05;10;2953
17;2025-11-05;11;2932
17;2025-11-05;12;2982
17;2025-11-05;13;3065
17;2025-11-05;14;3134
17;2025-11-05;15;3329
17;2025-11-05;16;3683
17;2025-11-05;17;4460
17;2025-11-05;18;4858
17;2025-11-05;19;3455
17;2025-11-05;20;2379
17;2025-11-05;21;1538
17;2025-11-05;22;880
17;2025-11-05;23;399
17;2025-11-06;0;142
17;2025-11-06;1;12
17;2025-11-06;2;0
17;2025-11-06;3;0
17;2025-11-06;4;26
17;2025-11-06;5;315
17;2025-11-06;6;1515
17;2025-11-06;7;3890
17;2025-11-06;8;5242
17;2025-11-06;9;3794
17;2025-11-06;10;2959
17;2025-11-06;11;2938
17;2025-11-06;12;2992
17;2025-11-06;13;3066
17;2025-11-06;14;3143
17;2025-11-06;15;3353
17;2025-11-06;16;3714
17;2025-11-06;17;4465
17;2025-11-06;18;4842
17;2025-11-06;19;3463
17;2025-11-06;20;2393
17;2025-11-06;21;1555
17;2025-11-06;22;891
17;2025-11-06;23;407
17;2025-11-07;0;152
17;2025-11-07;1;14
17;2025-11-07;2;0
17;2025-11-07;3;0
17;2025-11-07;4;24
17;2025-11-07;5;308
17;2025-11-07;6;1504
17;2025-11-07;7;3863
17;2025-11-07;8;5039
17;2025-11-07;9;3766
17;2025-11-07;10;2935
17;2025-11-07;11;2942
17;2025-11-07;12;2995
17;2025-11-07;13;3072
17;2025-11-07;14;3152
17;2025-11-07;15;3384
17;2025-11-07;16;3742
17;2025-11-07;17;4469
17;2025-11-07;18;4539
17;2025-11-07;19;3329
17;2025-11-07;20;2352
17;2025-11-07;21;1563
17;2025-11-07;22;893
17;2025-11-07;23;425
17;2025-11-08;0;210
17;2025-11-08;1;24
17;2025-11-08;2;0
17;2025-11-08;3;0
17;2025-11-08;4;7
17;2025-11-08;5;130
17;2025-11-08;6;562
17;2025-11-08;7;1130
17;2025-11-08;8;1563
17;2025-11-08;9;1863
17;2025-11-08;10;2153
17;2025-11-08;11;2540
17;2025-11-08;12;2873
17;2025-11-08;13;3210
17;2025-11-08;14;3274
17;2025-11-08;15;3239
17;2025-11-08;16;2977
17;2025-11-08;17;3046
17;2025-11-08;18;2815
17;2025-11-08;19;2281
17;2025-11-08;20;1804
17;2025-11-08;21;1305
17;2025-11-08;22;826
17;2025-11-08;23;418
17;2025-11-09;0;183
17;2025-11-09;1;23
17;2025-11-09;2;0
17;2025-11-09;3;0
17;2025-11-09;4;3
17;2025-11-09;5;104
17;2025-11-09;6;423
17;2025-11-09;7;876
17;2025-11-09;8;1226
17;2025-11-09;9;1649
17;2025-11-09;10;1937
17;2025-11-09;11;2435
17;2025-11-09;12;2748
17;2025-11-09;13;3094
17;2025-11-09;14;3153
17;2025-11-09;15;3108
17;2025-11-09;16;2883
17;2025-11-09;17;2962
17;2025-11-09;18;2623
17;2025-11-09;19;2123
17;2025-11-09;20;1628
17;2025-11-09;21;1175
17;2025-11-09;22;743
17;2025-11-09;23;344
17;2025-11-10;0;120
17;2025-11-10;1;11
17;2025-11-10;2;0
17;2025-11-10;3;0
17;2025-11-10;4;24
17;2025-11-10;5;296
17;2025-11-10;6;1489
17;2025-11-10;7;3866
17;2025-11-10;8;5226
17;2025-11-10;9;3738
17;2025-11-10;10;2877
17;2025-11-10;11;2869
17;2025-11-10;12;2917
17;2025-11-10;13;2975
17;2025-11-10;14;3049
17;2025-11-10;15;3256
17;2025-11-10;16;3621
17;2025-11-10;17;4432
17;2025-11-10;18;4838
17;2025-11-10;19;3408
17;2025-11-10;20;2320
17;2025-11-10;21;1491
17;2025-11-10;22;815
17;2025-11-10;23;350
17;2025-11-11;0;124
17;2025-11-11;1;10
17;2025-11-11;2;0
17;2025-11-11;3;0
17;2025-11-11;4;26
17;2025-11-11;5;306
17;2025-11-11;6;1515
17;2025-11-11;7;3914
17;2025-11-11;8;5246
17;2025-11-11;9;3795
17;2025-11-11;10;2958
17;2025-11-11;11;2925
17;2025-11-11;12;2986
17;2025-11-11;13;3048
17;2025-11-11;14;3125
17;2025-11-11;15;3332
17;2025-11-11;16;3693
17;2025-11-11;17;4472
17;2025-11-11;18;4871
17;2025-11-11;19;3462
17;2025-11-11;20;2383
17;2025-11-11;21;1523
17;2025-11-11;22;869
17;2025-11-11;23;381
17;2025-11-12;0;133
17;2025-11-12;1;10
17;2025-11-12;2;0
17;2025-11-12;3;0
17;2025-11-12;4;26
17;2025-11-12;5;314
17;2025-11-12;6;1515
17;2025-11-12;7;3892
17;2025-11-12;8;5239
17;2025-11-12;9;3788
17;2025-11-12;10;2953
17;2025-11-12;11;2932
17;2025-11-12;12;2982
17;2025-11-12;13;3065
17;2025-11-12;14;3134
17;2025-11-12;15;3329
17;2025-11-12;16;3683
17;2025-11-12;17;4460
17;2025-11-12;18;4858
17;2025-11-12;19;3455
17;2025-11-12;20;2379
17;2025-11-12;21;1538
17;2025-11-12;22;880
17;2025-11-12;23;399
17;2025-11-13;0;142
17;2025-11-13;1;12
17;2025-11-13;2;0
17;2025-11-13;3;0
17;2025-11-13;4;26
17;2025-11-13;5;315
17;2025-11-13;6;1515
17;2025-11-13;7;3890
17;2025-11-13;8;5242
17;2025-11-13;9;3794
17;2025-11-13;10;2959
17;2025-11-13;11;2938
17;2025-11-13;12;2992
17;2025-11-13;13;3066
17;2025-11-13;14;3143
17;2025-11-13;15;3353
17;2025-11-13;16;3714
17;2025-11-13;17;4465
17;2025-11-13;18;4842
17;2025-11-13;19;3463
17;2025-11-13;20;2393
17;2025-11-13;21;1555
17;2025-11-13;22;891
17;2025-11-13;23;407
17;2025-11-14;0;152
17;2025-11-14;1;14
17;2025-11-14;2;0
17;2025-11-14;3;0
17;2025-11-14;4;24
17;2025-11-14;5;308
17;2025-11-14;6;1504
17;2025-11-14;7;3863
17;2025-11-14;8;5039
17;2025-11-14;9;3766
17;2025-11-14;10;2935
17;2025-11-14;11;2942
17;2025-11-14;12;2995
17;2025-11-14;13;3072
17;2025-11-14;14;3152
17;2025-11-14;15;3384
17;2025-11-14;16;3742
17;2025-11-14;17;4469
17;2025-11-14;18;4539
17;2025-11-14;19;3329
17;2025-11-14;20;2352
17;2025-11-14;21;1563
17;2025-11-14;22;893
17;2025-11-14;23;425
17;2025-11-15;0;210
17;2025-11-15;1;24
17;2025-11-15;2;0
17;2025-11-15;3;0
17;2025-11-15;4;7
17;2025-11-15;5;130
17;2025-11-15;6;562
17;2025-11-15;7;1130
17;2025-11-15;8;1563
17;2025-11-15;9;1863
17;2025-11-15;10;2153
17;2025-11-15;11;2540
17;2025-11-15;12;2873
17;2025-11-15;13;3210
17;2025-11-15;14;3274
17;2025-11-15;15;3239
17;2025-11-15;16;2977
17;2025-11-15;17;3046
17;2025-11-15;18;2815
17;2025-11-15;19;2281
17;2025-11-15;20;1804
17;2025-11-15;21;1305
17;2025-11-15;22;826
17;2025-11-15;23;418
17;2025-11-16;0;183
17;2025-11-16;1;23
17;2025-11-16;2;0
17;2025-11-16;3;0
17;2025-11-16;4;3
17;2025-11-16;5;104
17;2025-11-16;6;423
17;2025-11-16;7;876
17;2025-11-16;8;1226
17;2025-11-16;9;1649
17;2025-11-16;10;1937
17;2025-11-16;11;2435
17;2025-11-16;12;2748
17;2025-11-16;13;3094
17;2025-11-16;14;3153
17;2025-11-16;15;3108
17;2025-11-16;16;2883
17;2025-11-16;17;2962
17;2025-11-16;18;2623
17;2025-11-16;19;2123
17;2025-11-16;20;1628
17;2025-11-16;21;1175
17;2025-11-16;22;743
17;2025-11-16;23;344
17;2025-11-17;0;120
17;2025-11-17;1;11
17;2025-11-17;2;0
17;2025-11-17;3;0
17;2025-11-17;4;24
17;2025-11-17;5;296
17;2025-11-17;6;1489
17;2025-11-17;7;3866
17;2025-11-17;8;5226
17;2025-11-17;9;3738
17;2025-11-17;10;2877
17;2025-11-17;11;2869
17;2025-11-17;12;2917
17;2025-11-17;13;2975
17;2025-11-17;14;3049
17;2025-11-17;15;3256
17;2025-11-17;16;3621
17;2025-11-17;17;4432
17;2025-11-17;18;4838
17;2025-11-17;19;3408
17;2025-11-17;20;2320
17;2025-11-17;21;1491
17;2025-11-17;22;815
17;2025-11-17;23;350
17;2025-11-18;0;124
17;2025-11-18;1;10
17;2025-11-18;2;0
17;2025-11-18;3;0
17;2025-11-18;4;26
17;2025-11-18;5;306
17;2025-11-18;6;1515
17;2025-11-18;7;3914
17;2025-11-18;8;5246
17;2025-11-18;9;3795
17;2025-11-18;10;2958
17;2025-11-18;11;2925
17;2025-11-18;12;2986
17;2025-11-18;13;3048
17;2025-11-18;14;3125
17;2025-11-18;15;3332
17;2025-11-18;16;3693
17;2025-11-18;17;4472
17;2025-11-18;18;4871
17;2025-11-18;19;3462
17;2025-11-18;20;2383
17;2025-11-18;21;1523
17;2025-11-18;22;869
17;2025-11-18;23;381
17;2025-11-19;0;133
17;2025-11-19;1;10
17;2025-11-19;2;0
17;2025-11-19;3;0
17;2025-11-19;4;26
17;2025-11-19;5;314
17;2025-11-19;6;1515
17;2025-11-19;7;3892
17;2025-11-19;8;5239
17;2025-11-19;9;3788
17;2025-11-19;10;2953
17;2025-11-19;11;2932
17;2025-11-19;12;2982
17;2025-11-19;13;3065
17;2025-11-19;14;3134
17;2025-11-19;15;3329
17;2025-11-19;16;3683
17;2025-11-19;17;4460
17;2025-11-19;18;4858
17;2025-11-19;19;3455
17;2025-11-19;20;2379
17;2025-11-19;21;1538
17;2025-11-19;22;880
17;2025-11-19;23;399
17;2025-11-20;0;142
17;2025-11-20;1;12
17;2025-11-20;2;0
17;2025-11-20;3;0
17;2025-11-20;4;26
17;2025-11-20;5;315
17;2025-11-20;6;1515
17;2025-11-20;7;3890
17;2025-11-20;8;5242
17;2025-11-20;9;3794
17;2025-11-20;10;2959
17;2025-11-20;11;2938
17;2025-11-20;12;2992
17;2025-11-20;13;3066
17;2025-11-20;14;3143
17;2025-11-20;15;3353
17;2025-11-20;16;3714
17;2025-11-20;17;4465
17;2025-11-20;18;4842
17;2025-11-20;19;3463
17;2025-11-20;20;2393
17;2025-11-20;21;1555
17;2025-11-20;22;891
17;2025-11-20;23;407
17;2025-11-21;0;152
17;2025-11-21;1;14
17;2025-11-21;2;0
17;2025-11-21;3;0
17;2025-11-21;4;24
17;2025-11-21;5;308
17;2025-11-21;6;1504
17;2025-11-21;7;3863
17;2025-11-21;8;5039
17;2025-11-21;9;3766
17;2025-11-21;10;2935
17;2025-11-21;11;2942
17;2025-11-21;12;2995
17;2025-11-21;13;3072
17;2025-11-21;14;3152
17;2025-11-21;15;3384
17;2025-11-21;16;3742
17;2025-11-21;17;4469
17;2025-11-21;18;4539
17;2025-11-21;19;3329
17;2025-11-21;20;2352
17;2025-11-21;21;1563
17;2025-11-21;22;893
17;2025-11-21;23;425
17;2025-11-22;0;210
17;2025-11-22;1;24
17;2025-11-22;2;0
17;2025-11-22;3;0
17;2025-11-22;4;7
17;2025-11-22;5;130
17;2025-11-22;6;562
17;2025-11-22;7;1130
17;2025-11-22;8;1563
17;2025-11-22;9;1863
17;2025-11-22;10;2153
17;2025-11-22;11;2540
17;2025-11-22;12;2873
17;2025-11-22;13;3210
17;2025-11-22;14;3274
17;2025-11-22;15;3239
17;2025-11-22;16;2977
17;2025-11-22;17;3046
17;2025-11-22;18;2815
17;2025-11-22;19;2281
17;2025-11-22;20;1804
17;2025-11-22;21;1305
17;2025-11-22;22;826
17;2025-11-22;23;418
17;2025-11-23;0;183
17;2025-11-23;1;23
17;2025-11-23;2;0
17;2025-11-23;3;0
17;2025-11-23;4;3
17;2025-11-23;5;104
17;2025-11-23;6;423
17;2025-11-23;7;876
17;2025-11-23;8;1226
17;2025-11-23;9;1649
17;2025-11-23;10;1937
17;2025-11-23;11;2435
17;2025-11-23;12;2748
17;2025-11-23;13;3094
17;2025-11-23;14;3153
17;2025-11-23;15;3108
17;2025-11-23;16;2883
17;2025-11-23;17;2962
17;2025-11-23;18;2623
17;2025-11-23;19;2123
17;2025-11-23;20;1628
17;2025-11-23;21;1175
17;2025-11-23;22;743
17;2025-11-23;23;344
17;2025-11-24;0;120
17;2025-11-24;1;11
17;2025-11-24;2;0
17;2025-11-24;3;0
17;2025-11-24;4;24
17;2025-11-24;5;296
17;2025-11-24;6;1489
17;2025-11-24;7;3866
17;2025-11-24;8;5226
17;2025-11-24;9;3738
17;2025-11-24;10;2877
17;2025-11-24;11;2869
17;2025-11-24;12;2917
17;2025-11-24;13;2975
17;2025-11-24;14;3049
17;2025-11-24;15;3256
17;2025-11-24;16;3621
17;2025-11-24;17;4432
17;2025-11-24;18;4838
17;2025-11-24;19;3408
17;2025-11-24;20;2320
17;2025-11-24;21;1491
17;2025-11-24;22;815
17;2025-11-24;23;350
17;2025-11-25;0;124
17;2025-11-25;1;10
17;2025-11-25;2;0
17;2025-11-25;3;0
17;2025-11-25;4;26
17;2025-11-25;5;306
17;2025-11-25;6;1515
17;2025-11-25;7;3914
17;2025-11-25;8;5246
17;2025-11-25;9;3795
17;2025-11-25;10;2958
17;2025-11-25;11;2925
17;2025-11-25;12;2986
17;2025-11-25;13;3048
17;2025-11-25;14;3125
17;2025-11-25;15;3332
17;2025-11-25;16;3693
17;2025-11-25;17;4472
17;2025-11-25;18;4871
17;2025-11-25;19;3462
17;2025-11-25;20;2383
17;2025-11-25;21;1523
17;2025-11-25;22;869
17;2025-11-25;23;381
17;2025-11-26;0;133
17;2025-11-26;1;10
17;2025-11-26;2;0
17;2025-11-26;3;0
17;2025-11-26;4;26
17;2025-11-26;5;314
17;2025-11-26;6;1515
17;2025-11-26;7;3892
17;2025-11-26;8;5239
17;2025-11-26;9;3788
17;2025-11-26;10;2953
17;2025-11-26;11;2932
17;2025-11-26;12;2982
17;2025-11-26;13;3065
17;2025-11-26;14;3134
17;2025-11-26;15;3329
17;2025-11-26;16;3683
17;2025-11-26;17;4460
17;2025-11-26;18;4858
17;2025-11-26;19;3455
17;2025-11-26;20;2379
17;2025-11-26;21;1538
17;2025-11-26;22;880
17;2025-11-26;23;399
17;2025-11-27;0;142
17;2025-11-27;1;12
17;2025-11-27;2;0
17;2025-11-27;3;0
17;2025-11-27;4;26
17;2025-11-27;5;315
17;2025-11-27;6;1515
17;2025-11-27;7;3890
17;2025-11-27;8;5242
17;2025-11-27;9;3794
17;2025-11-27;10;2959
17;2025-11-27;11;2938
17;2025-11-27;12;2992
17;2025-11-27;13;3066
17;2025-11-27;14;3143
17;2025-11-27;15;3353
17;2025-11-27;16;3714
17;2025-11-27;17;4465
17;2025-11-27;18;4842
17;2025-11-27;19;3463
17;2025-11-27;20;2393
17;2025-11-27;21;1555
17;2025-11-27;22;891
17;2025-11-27;23;407
17;2025-11-28;0;152
17;2025-11-28;1;14
17;2025-11-28;2;0
17;2025-11-28;3;0
17;2025-11-28;4;24
17;2025-11-28;5;308
17;2025-11-28;6;1504
17;2025-11-28;7;3863
17;2025-11-28;8;5039
17;2025-11-28;9;3766
17;2025-11-28;10;2935
17;2025-11-28;11;2942
17;2025-11-28;12;2995
17;2025-11-28;13;3072
17;2025-11-28;14;3152
17;2025-11-28;15;3384
17;2025-11-28;16;3742
17;2025-11-28;17;4469
17;2025-11-28;18;4539
17;2025-11-28;19;3329
17;2025-11-28;20;2352
17;2025-11-28;21;1563
17;2025-11-28;22;893
17;2025-11-28;23;425
17;2025-11-29;0;210
17;2025-11-29;1;24
17;2025-11-29;2;0
17;2025-11-29;3;0
17;2025-11-29;4;7
17;2025-11-29;5;130
17;2025-11-29;6;562
17;2025-11-29;7;1130
17;2025-11-29;8;1563
17;2025-11-29;9;1863
17;2025-11-29;10;2153
17;2025-11-29;11;2540
17;2025-11-29;12;2873
17;2025-11-29;13;3210
17;2025-11-29;14;3274
17;2025-11-29;15;3239
17;2025-11-29;16;2977
17;2025-11-29;17;3046
17;2025-11-29;18;2815
17;2025-11-29;19;2281
17;2025-11-29;20;1804
17;2025-11-29;21;1305
17;2025-11-29;22;826
17;2025-11-29;23;418
17;2025-11-30;0;183
17;2025-11-30;1;23
17;2025-11-30;2;0
17;2025-11-30;3;0
17;2025-11-30;4;3
17;2025-11-30;5;104
17;2025-11-30;6;423
17;2025-11-30;7;876
17;2025-11-30;8;1226
17;2025-11-30;9;1649
17;2025-11-30;10;1937
17;2025-11-30;11;2435
17;2025-11-30;12;2748
17;2025-11-30;13;3094
17;2025-11-30;14;3153
17;2025-11-30;15;3108
17;2025-11-30;16;2883
17;2025-11-30;17;2962
17;2025-11-30;18;2623
17;2025-11-30;19;2123
17;2025-11-30;20;1628
17;2025-11-30;21;1175
17;2025-11-30;22;743
17;2025-11-30;23;344
17;2025-12-01;0;103
17;2025-12-01;1;11
17;2025-12-01;2;0
17;2025-12-01;3;0
17;2025-12-01;4;27
17;2025-12-01;5;294
17;2025-12-01;6;1475
17;2025-12-01;7;3850
17;2025-12-01;8;5207
17;2025-12-01;9;3707
17;2025-12-01;10;2836
17;2025-12-01;11;2825
17;2025-12-01;12;2877
17;2025-12-01;13;2936
17;2025-12-01;14;3017
17;2025-12-01;15;3223
17;2025-12-01;16;3589
17;2025-12-01;17;4401
17;2025-12-01;18;4814
17;2025-12-01;19;3415
17;2025-12-01;20;2315
17;2025-12-01;21;1486
17;2025-12-01;22;805
17;2025-12-01;23;329
17;2025-12-02;0;108
17;2025-12-02;1;10
17;2025-12-02;2;0
17;2025-12-02;3;0
17;2025-12-02;4;28
17;2025-12-02;5;305
17;2025-12-02;6;1490
17;2025-12-02;7;3885
17;2025-12-02;8;5227
17;2025-12-02;9;3749
17;2025-12-02;10;2902
17;2025-12-02;11;2864
17;2025-12-02;12;2929
17;2025-12-02;13;2992
17;2025-12-02;14;3076
17;2025-12-02;15;3283
17;2025-12-02;16;3643
17;2025-12-02;17;4431
17;2025-12-02;18;4848
17;2025-12-02;19;3464
17;2025-12-02;20;2378
17;2025-12-02;21;1518
17;2025-12-02;22;859
17;2025-12-02;23;362
17;2025-12-03;0;117
17;2025-12-03;1;10
17;2025-12-03;2;0
17;2025-12-03;3;0
17;2025-12-03;4;28
17;2025-12-03;5;313
17;2025-12-03;6;1490
17;2025-12-03;7;3862
17;2025-12-03;8;5220
17;2025-12-03;9;3742
17;2025-12-03;10;2898
17;2025-12-03;11;2872
17;2025-12-03;12;2926
17;2025-12-03;13;3009
17;2025-12-03;14;3085
17;2025-12-03;15;3279
17;2025-12-03;16;3634
17;2025-12-03;17;4418
17;2025-12-03;18;4833
17;2025-12-03;19;3457
17;2025-12-03;20;2375
17;2025-12-03;21;1533
17;2025-12-03;22;869
17;2025-12-03;23;380
17;2025-12-04;0;126
17;2025-12-04;1;13
17;2025-12-04;2;0
17;2025-12-04;3;0
17;2025-12-04;4;28
17;2025-12-04;5;314
17;2025-12-04;6;1490
17;2025-12-04;7;3859
17;2025-12-04;8;5224
17;2025-12-04;9;3748
17;2025-12-04;10;2903
17;2025-12-04;11;2877
17;2025-12-04;12;2935
17;2025-12-04;13;3010
17;2025-12-04;14;3095
17;2025-12-04;15;3303
17;2025-12-04;16;3665
17;2025-12-04;17;4424
17;2025-12-04;18;4818
17;2025-12-04;19;3465
17;2025-12-04;20;2389
17;2025-12-04;21;1550
17;2025-12-04;22;880
17;2025-12-04;23;388
17;2025-12-05;0;137
17;2025-12-05;1;14
17;2025-12-05;2;0
17;2025-12-05;3;0
17;2025-12-05;4;26
17;2025-12-05;5;307
17;2025-12-05;6;1482
17;2025-12-05;7;3833
17;2025-12-05;8;5020
17;2025-12-05;9;3720
17;2025-12-05;10;2879
17;2025-12-05;11;2884
17;2025-12-05;12;2940
17;2025-12-05;13;3019
17;2025-12-05;14;3106
17;2025-12-05;15;3337
17;2025-12-05;16;3695
17;2025-12-05;17;4428
17;2025-12-05;18;4515
17;2025-12-05;19;3331
17;2025-12-05;20;2348
17;2025-12-05;21;1560
17;2025-12-05;22;884
17;2025-12-05;23;406
17;2025-12-06;0;186
17;2025-12-06;1;22
17;2025-12-06;2;0
17;2025-12-06;3;0
17;2025-12-06;4;6
17;2025-12-06;5;126
17;2025-12-06;6;543
17;2025-12-06;7;1089
17;2025-12-06;8;1539
17;2025-12-06;9;1827
17;2025-12-06;10;2097
17;2025-12-06;11;2479
17;2025-12-06;12;2817
17;2025-12-06;13;3151
17;2025-12-06;14;3226
17;2025-12-06;15;3155
17;2025-12-06;16;2900
17;2025-12-06;17;3008
17;2025-12-06;18;2790
17;2025-12-06;19;2272
17;2025-12-06;20;1805
17;2025-12-06;21;1302
17;2025-12-06;22;821
17;2025-12-06;23;400
17;2025-12-07;0;158
17;2025-12-07;1;21
17;2025-12-07;2;0
17;2025-12-07;3;0
17;2025-12-07;4;3
17;2025-12-07;5;100
17;2025-12-07;6;420
17;2025-12-07;7;849
17;2025-12-07;8;1201
17;2025-12-07;9;1628
17;2025-12-07;10;1896
17;2025-12-07;11;2391
17;2025-12-07;12;2709
17;2025-12-07;13;3052
17;2025-12-07;14;3121
17;2025-12-07;15;3041
17;2025-12-07;16;2823
17;2025-12-07;17;2934
17;2025-12-07;18;2597
17;2025-12-07;19;2118
17;2025-12-07;20;1629
17;2025-12-07;21;1171
17;2025-12-07;22;739
17;2025-12-07;23;323
17;2025-12-08;0;103
17;2025-12-08;1;11
17;2025-12-08;2;0
17;2025-12-08;3;0
17;2025-12-08;4;27
17;2025-12-08;5;294
17;2025-12-08;6;1475
17;2025-12-08;7;3850
17;2025-12-08;8;5207
17;2025-12-08;9;3707
17;2025-12-08;10;2836
17;2025-12-08;11;2825
17;2025-12-08;12;2877
17;2025-12-08;13;2936
17;2025-12-08;14;3017
17;2025-12-08;15;3223
17;2025-12-08;16;3589
17;2025-12-08;17;4401
17;2025-12-08;18;4814
17;2025-12-08;19;3415
17;2025-12-08;20;2315
17;2025-12-08;21;1486
17;2025-12-08;22;805
17;2025-12-08;23;329
17;2025-12-09;0;108
17;2025-12-09;1;10
17;2025-12-09;2;0
17;2025-12-09;3;0
17;2025-12-09;4;28
17;2025-12-09;5;305
17;2025-12-09;6;1490
17;2025-12-09;7;3885
17;2025-12-09;8;5227
17;2025-12-09;9;3749
17;2025-12-09;10;2902
17;2025-12-09;11;2864
17;2025-12-09;12;2929
17;2025-12-09;13;2992
17;2025-12-09;14;3076
17;2025-12-09;15;3283
17;2025-12-09;16;3643
17;2025-12-09;17;4431
17;2025-12-09;18;4848
17;2025-12-09;19;3464
17;2025-12-09;20;2378
17;2025-12-09;21;1518
17;2025-12-09;22;859
17;2025-12-09;23;362
17;2025-12-10;0;117
17;2025-12-10;1;10
17;2025-12-10;2;0
17;2025-12-10;3;0
17;2025-12-10;4;28
17;2025-12-10;5;313
17;2025-12-10;6;1490
17;2025-12-10;7;3862
17;2025-12-10;8;5220
17;2025-12-10;9;3742
17;2025-12-10;10;2898
17;2025-12-10;11;2872
17;2025-12-10;12;2926
17;2025-12-10;13;3009
17;2025-12-10;14;3085
17;2025-12-10;15;3279
17;2025-12-10;16;3634
17;2025-12-10;17;4418
17;2025-12-10;18;4833
17;2025-12-10;19;3457
17;2025-12-10;20;2375
17;2025-12-10;21;1533
17;2025-12-10;22;869
17;2025-12-10;23;380
17;2025-12-11;0;126
17;2025-12-11;1;13
17;2025-12-11;2;0
17;2025-12-11;3;0
17;2025-12-11;4;28
17;2025-12-11;5;314
17;2025-12-11;6;1490
17;2025-12-11;7;3859
17;2025-12-11;8;5224
17;2025-12-11;9;3748
17;2025-12-11;10;2903
17;2025-12-11;11;2877
17;2025-12-11;12;2935
17;2025-12-11;13;3010
17;2025-12-11;14;3095
17;2025-12-11;15;3303
17;2025-12-11;16;3665
17;2025-12-11;17;4424
17;2025-12-11;18;4818
17;2025-12-11;19;3465
17;2025-12-11;20;2389
17;2025-12-11;21;1550
17;2025-12-11;22;880
17;2025-12-11;23;388
17;2025-12-12;0;137
17;2025-12-12;1;14
17;2025-12-12;2;0
17;2025-12-12;3;0
17;2025-12-12;4;26
17;2025-12-12;5;307
17;2025-12-12;6;1482
17;2025-12-12;7;3833
17;2025-12-12;8;5020
17;2025-12-12;9;3720
17;2025-12-12;10;2879
17;2025-12-12;11;2884
17;2025-12-12;12;2940
17;2025-12-12;13;3019
17;2025-12-12;14;3106
17;2025-12-12;15;3337
17;2025-12-12;16;3695
17;2025-12-12;17;4428
17;2025-12-12;18;4515
17;2025-12-12;19;3331
17;2025-12-12;20;2348
17;2025-12-12;21;1560
17;2025-12-12;22;884
17;2025-12-12;23;406
17;2025-12-13;0;186
17;2025-12-13;1;22
17;2025-12-13;2;0
17;2025-12-13;3;0
17;2025-12-13;4;6
17;2025-12-13;5;126
17;2025-12-13;6;543
17;2025-12-13;7;1089
17;2025-12-13;8;1539
17;2025-12-13;9;1827
17;2025-12-13;10;2097
17;2025-12-13;11;2479
17;2025-12-13;12;2817
17;2025-12-13;13;3151
17;2025-12-13;14;3226
17;2025-12-13;15;3155
17;2025-12-13;16;2900
17;2025-12-13;17;3008
17;2025-12-13;18;2790
17;2025-12-13;19;2272
17;2025-12-13;20;1805
17;2025-12-13;21;1302
17;2025-12-13;22;821
17;2025-12-13;23;400
17;2025-12-14;0;158
17;2025-12-14;1;21
17;2025-12-14;2;0
17;2025-12-14;3;0
17;2025-12-14;4;3
17;2025-12-14;5;100
17;2025-12-14;6;420
17;2025-12-14;7;849
17;2025-12-14;8;1201
17;2025-12-14;9;1628
17;2025-12-14;10;1896
17;2025-12-14;11;2391
17;2025-12-14;12;2709
17;2025-12-14;13;3052
17;2025-12-14;14;3121
17;2025-12-14;15;3041
17;2025-12-14;16;2823
17;2025-12-14;17;2934
17;2025-12-14;18;2597
17;2025-12-14;19;2118
17;2025-12-14;20;1629
17;2025-12-14;21;1171
17;2025-12-14;22;739
17;2025-12-14;23;323
17;2025-12-15;0;103
17;2025-12-15;1;11
17;2025-12-15;2;0
17;2025-12-15;3;0
17;2025-12-15;4;27
17;2025-12-15;5;294
17;2025-12-15;6;1475
17;2025-12-15;7;3850
17;2025-12-15;8;5207
17;2025-12-15;9;3707
17;2025-12-15;10;2836
17;2025-12-15;11;2825
17;2025-12-15;12;2877
17;2025-12-15;13;2936
17;2025-12-15;14;3017
17;2025-12-15;15;3223
17;2025-12-15;16;3589
17;2025-12-15;17;4401
17;2025-12-15;18;4814
17;2025-12-15;19;3415
17;2025-12-15;20;2315
17;2025-12-15;21;1486
17;2025-12-15;22;805
17;2025-12-15;23;329
17;2025-12-16;0;108
17;2025-12-16;1;10
17;2025-12-16;2;0
17;2025-12-16;3;0
17;2025-12-16;4;28
17;2025-12-16;5;305
17;2025-12-16;6;1490
17;2025-12-16;7;3885
17;2025-12-16;8;5227
17;2025-12-16;9;3749
17;2025-12-16;10;2902
17;2025-12-16;11;2864
17;2025-12-16;12;2929
17;2025-12-16;13;2992
17;2025-12-16;14;3076
17;2025-12-16;15;3283
17;2025-12-16;16;3643
17;2025-12-16;17;4431
17;2025-12-16;18;4848
17;2025-12-16;19;3464
17;2025-12-16;20;2378
17;2025-12-16;21;1518
17;2025-12-16;22;859
17;2025-12-16;23;362
17;2025-12-17;0;117
17;2025-12-17;1;10
17;2025-12-17;2;0
17;2025-12-17;3;0
17;2025-12-17;4;28
17;2025-12-17;5;313
17;2025-12-17;6;1490
17;2025-12-17;7;3862
17;2025-12-17;8;5220
17;2025-12-17;9;3742
17;2025-12-17;10;2898
17;2025-12-17;11;2872
17;2025-12-17;12;2926
17;2025-12-17;13;3009
17;2025-12-17;14;3085
17;2025-12-17;15;3279
17;2025-12-17;16;3634
17;2025-12-17;17;4418
17;2025-12-17;18;4833
17;2025-12-17;19;3457
17;2025-12-17;20;2375
17;2025-12-17;21;1533
17;2025-12-17;22;869
17;2025-12-17;23;380
17;2025-12-18;0;126
17;2025-12-18;1;13
17;2025-12-18;2;0
17;2025-12-18;3;0
17;2025-12-18;4;28
17;2025-12-18;5;314
17;2025-12-18;6;1490
17;2025-12-18;7;3859
17;2025-12-18;8;5224
17;2025-12-18;9;3748
17;2025-12-18;10;2903
17;2025-12-18;11;2877
17;2025-12-18;12;2935
17;2025-12-18;13;3010
17;2025-12-18;14;3095
17;2025-12-18;15;3303
17;2025-12-18;16;3665
17;2025-12-18;17;4424
17;2025-12-18;18;4818
17;2025-12-18;19;3465
17;2025-12-18;20;2389
17;2025-12-18;21;1550
17;2025-12-18;22;880
17;2025-12-18;23;388
17;2025-12-19;0;137
17;2025-12-19;1;14
17;2025-12-19;2;0
17;2025-12-19;3;0
17;2025-12-19;4;26
17;2025-12-19;5;307
17;2025-12-19;6;1482
17;2025-12-19;7;3833
17;2025-12-19;8;5020
17;2025-12-19;9;3720
17;2025-12-19;10;2879
17;2025-12-19;11;2884
17;2025-12-19;12;2940
17;2025-12-19;13;3019
17;2025-12-19;14;3106
17;2025-12-19;15;3337
17;2025-12-19;16;3695
17;2025-12-19;17;4428
17;2025-12-19;18;4515
17;2025-12-19;19;3331
17;2025-12-19;20;2348
17;2025-12-19;21;1560
17;2025-12-19;22;884
17;2025-12-19;23;406
17;2025-12-20;0;186
17;2025-12-20;1;22
17;2025-12-20;2;0
17;2025-12-20;3;0
17;2025-12-20;4;6
17;2025-12-20;5;126
17;2025-12-20;6;543
17;2025-12-20;7;1089
17;2025-12-20;8;1539
17;2025-12-20;9;1827
17;2025-12-20;10;2097
17;2025-12-20;11;2479
17;2025-12-20;12;2817
17;2025-12-20;13;3151
17;2025-12-20;14;3226
17;2025-12-20;15;3155
17;2025-12-20;16;2900
17;2025-12-20;17;3008
17;2025-12-20;18;2790
17;2025-12-20;19;2272
17;2025-12-20;20;1805
17;2025-12-20;21;1302
17;2025-12-20;22;821
17;2025-12-20;23;400
17;2025-12-21;0;158
17;2025-12-21;1;21
17;2025-12-21;2;0
17;2025-12-21;3;0
17;2025-12-21;4;3
17;2025-12-21;5;100
17;2025-12-21;6;420
17;2025-12-21;7;849
17;2025-12-21;8;1201
17;2025-12-21;9;1628
17;2025-12-21;10;1896
17;2025-12-21;11;2391
17;2025-12-21;12;2709
17;2025-12-21;13;3052
17;2025-12-21;14;3121
17;2025-12-21;15;3041
17;2025-12-21;16;2823
17;2025-12-21;17;2934
17;2025-12-21;18;2597
17;2025-12-21;19;2118
17;2025-12-21;20;1629
17;2025-12-21;21;1171
17;2025-12-21;22;739
17;2025-12-21;23;323
17;2025-12-22;0;103
17;2025-12-22;1;11
17;2025-12-22;2;0
17;2025-12-22;3;0
17;2025-12-22;4;27
17;2025-12-22;5;294
17;2025-12-22;6;1475
17;2025-12-22;7;3850
17;2025-12-22;8;5207
17;2025-12-22;9;3707
17;2025-12-22;10;2836
17;2025-12-22;11;2825
17;2025-12-22;12;2877
17;2025-12-22;13;2936
17;2025-12-22;14;3017
17;2025-12-22;15;3223
17;2025-12-22;16;3589
17;2025-12-22;17;4401
17;2025-12-22;18;4814
17;2025-12-22;19;3415
17;2025-12-22;20;2315
17;2025-12-22;21;1486
17;2025-12-22;22;805
17;2025-12-22;23;329
17;2025-12-23;0;108
17;2025-12-23;1;10
17;2025-12-23;2;0
17;2025-12-23;3;0
17;2025-12-23;4;28
17;2025-12-23;5;305
17;2025-12-23;6;1490
17;2025-12-23;7;3885
17;2025-12-23;8;5227
17;2025-12-23;9;3749
17;2025-12-23;10;2902
17;2025-12-23;11;2864
17;2025-12-23;12;2929
17;2025-12-23;13;2992
17;2025-12-23;14;3076
17;2025-12-23;15;3283
17;2025-12-23;16;3643
17;2025-12-23;17;4431
17;2025-12-23;18;4848
17;2025-12-23;19;3464
17;2025-12-23;20;2378
17;2025-12-23;21;1518
17;2025-12-23;22;859
17;2025-12-23;23;362
17;2025-12-24;0;117
17;2025-12-24;1;10
17;2025-12-24;2;0
17;2025-12-24;3;0
17;2025-12-24;4;28
17;2025-12-24;5;313
17;2025-12-24;6;1490
17;2025-12-24;7;3862
17;2025-12-24;8;5220
17;2025-12-24;9;3742
17;2025-12-24;10;2898
17;2025-12-24;11;2872
17;2025-12-24;12;2926
17;2025-12-24;13;3009
17;2025-12-24;14;3085
17;2025-12-24;15;3279
17;2025-12-24;16;3634
17;2025-12-24;17;4418
17;2025-12-24;18;4833
17;2025-12-24;19;3457
17;2025-12-24;20;2375
17;2025-12-24;21;1533
17;2025-12-24;22;869
17;2025-12-24;23;380
17;2025-12-25;0;126
17;2025-12-25;1;13
17;2025-12-25;2;0
17;2025-12-25;3;0
17;2025-12-25;4;28
17;2025-12-25;5;314
17;2025-12-25;6;1490
17;2025-12-25;7;3859
17;2025-12-25;8;5224
17;2025-12-25;9;3748
17;2025-12-25;10;2903
17;2025-12-25;11;2877
17;2025-12-25;12;2935
17;2025-12-25;13;3010
17;2025-12-25;14;3095
17;2025-12-25;15;3303
17;2025-12-25;16;3665
17;2025-12-25;17;4424
17;2025-12-25;18;4818
17;2025-12-25;19;3465
17;2025-12-25;20;2389
17;2025-12-25;21;1550
17;2025-12-25;22;880
17;2025-12-25;23;388
17;2025-12-26;0;137
17;2025-12-26;1;14
17;2025-12-26;2;0
17;2025-12-26;3;0
17;2025-12-26;4;26
17;2025-12-26;5;307
17;2025-12-26;6;1482
17;2025-12-26;7;3833
17;2025-12-26;8;5020
17;2025-12-26;9;3720
17;2025-12-26;10;2879
17;2025-12-26;11;2884
17;2025-12-26;12;2940
17;2025-12-26;13;3019
17;2025-12-26;14;3106
17;2025-12-26;15;3337
17;2025-12-26;16;3695
17;2025-12-26;17;4428
17;2025-12-26;18;4515
17;2025-12-26;19;3331
17;2025-12-26;20;2348
17;2025-12-26;21;1560
17;2025-12-26;22;884
17;2025-12-26;23;406
17;2025-12-27;0;186
17;2025-12-27;1;22
17;2025-12-27;2;0
17;2025-12-27;3;0
17;2025-12-27;4;6
17;2025-12-27;5;126
17;2025-12-27;6;543
17;2025-12-27;7;1089
17;2025-12-27;8;1539
17;2025-12-27;9;1827
17;2025-12-27;10;2097
17;2025-12-27;11;2479
17;2025-12-27;12;2817
17;2025-12-27;13;3151
17;2025-12-27;14;3226
17;2025-12-27;15;3155
17;2025-12-27;16;2900
17;2025-12-27;17;3008
17;2025-12-27;18;2790
17;2025-12-27;19;2272
17;2025-12-27;20;1805
17;2025-12-27;21;1302
17;2025-12-27;22;821
17;2025-12-27;23;400
17;2025-12-28;0;158
17;2025-12-28;1;21
17;2025-12-28;2;0
17;2025-12-28;3;0
17;2025-12-28;4;3
17;2025-12-28;5;100
17;2025-12-28;6;420
17;2025-12-28;7;849
17;2025-12-28;8;1201
17;2025-12-28;9;1628
17;2025-12-28;10;1896
17;2025-12-28;11;2391
17;2025-12-28;12;2709
17;2025-12-28;13;3052
17;2025-12-28;14;3121
17;2025-12-28;15;3041
17;2025-12-28;16;2823
17;2025-12-28;17;2934
17;2025-12-28;18;2597
17;2025-12-28;19;2118
17;2025-12-28;20;1629
17;2025-12-28;21;1171
17;2025-12-28;22;739
17;2025-12-28;23;323
17;2025-12-29;0;103
17;2025-12-29;1;11
17;2025-12-29;2;0
17;2025-12-29;3;0
17;2025-12-29;4;27
17;2025-12-29;5;294
17;2025-12-29;6;1475
17;2025-12-29;7;3850
17;2025-12-29;8;5207
17;2025-12-29;9;3707
17;2025-12-29;10;2836
17;2025-12-29;11;2825
17;2025-12-29;12;2877
17;2025-12-29;13;2936
17;2025-12-29;14;3017
17;2025-12-29;15;3223
17;2025-12-29;16;3589
17;2025-12-29;17;4401
17;2025-12-29;18;4814
17;2025-12-29;19;3415
17;2025-12-29;20;2315
17;2025-12-29;21;1486
17;2025-12-29;22;805
17;2025-12-29;23;329
17;2025-12-30;0;108
17;2025-12-30;1;10
17;2025-12-30;2;0
17;2025-12-30;3;0
17;2025-12-30;4;28
17;2025-12-30;5;305
17;2025-12-30;6;1490
17;2025-12-30;7;3885
17;2025-12-30;8;5227
17;2025-12-30;9;3749
17;2025-12-30;10;2902
17;2025-12-30;11;2864
17;2025-12-30;12;2929
17;2025-12-30;13;2992
17;2025-12-30;14;3076
17;2025-12-30;15;3283
17;2025-12-30;16;3643
17;2025-12-30;17;4431
17;2025-12-30;18;4848
17;2025-12-30;19;3464
17;2025-12-30;20;2378
17;2025-12-30;21;1518
17;2025-12-30;22;859
17;2025-12-30;23;362
17;2025-12-31;0;112
17;2025-12-31;1;8
17;2025-12-31;2;0
17;2025-12-31;3;0
17;2025-12-31;4;1
17;2025-12-31;5;226
17;2025-12-31;6;515
17;2025-12-31;7;1536
17;2025-12-31;8;2646
17;2025-12-31;9;2006
17;2025-12-31;10;1886
17;2025-12-31;11;2242
17;2025-12-31;12;2337
17;2025-12-31;13;2501
17;2025-12-31;14;2507
17;2025-12-31;15;2608
17;2025-12-31;16;2678
17;2025-12-31;17;3022
17;2025-12-31;18;3237
17;2025-12-31;19;2423
17;2025-12-31;20;1668
17;2025-12-31;21;1007
17;2025-12-31;22;710
17;2025-12-31;23;346
25;2025-11-01;0;0
25;2025-11-01;1;0
25;2025-11-01;2;0
25;2025-11-01;3;0
25;2025-11-01;4;0
25;2025-11-01;5;5
25;2025-11-01;6;109
25;2025-11-01;7;158
25;2025-11-01;8;555
25;2025-11-01;9;302
25;2025-11-01;10;338
25;2025-11-01;11;414
25;2025-11-01;12;444
25;2025-11-01;13;579
25;2025-11-01;14;577
25;2025-11-01;15;737
25;2025-11-01;16;760
25;2025-11-01;17;667
25;2025-11-01;18;682
25;2025-11-01;19;436
25;2025-11-01;20;282
25;2025-11-01;21;241
25;2025-11-01;22;159
25;2025-11-01;23;73
25;2025-11-02;0;16
25;2025-11-02;1;0
25;2025-11-02;2;0
25;2025-11-02;3;0
25;2025-11-02;4;0
25;2025-11-02;5;6
25;2025-11-02;6;42
25;2025-11-02;7;92
25;2025-11-02;8;194
25;2025-11-02;9;207
25;2025-11-02;10;223
25;2025-11-02;11;304
25;2025-11-02;12;361
25;2025-11-02;13;473
25;2025-11-02;14;463
25;2025-11-02;15;558
25;2025-11-02;16;492
25;2025-11-02;17;428
25;2025-11-02;18;398
25;2025-11-02;19;322
25;2025-11-02;20;220
25;2025-11-02;21;189
25;2025-11-02;22;105
25;2025-11-02;23;41
25;2025-11-03;0;4
25;2025-11-03;1;0
25;2025-11-03;2;0
25;2025-11-03;3;0
25;2025-11-03;4;0
25;2025-11-03;5;0
25;2025-11-03;6;7
25;2025-11-03;7;262
25;2025-11-03;8;392
25;2025-11-03;9;323
25;2025-11-03;10;237
25;2025-11-03;11;270
25;2025-11-03;12;294
25;2025-11-03;13;442
25;2025-11-03;14;380
25;2025-11-03;15;390
25;2025-11-03;16;444
25;2025-11-03;17;423
25;2025-11-03;18;429
25;2025-11-03;19;408
25;2025-11-03;20;242
25;2025-11-03;21;147
25;2025-11-03;22;73
25;2025-11-03;23;0
25;2025-11-04;0;3
25;2025-11-04;1;0
25;2025-11-04;2;0
25;2025-11-04;3;0
25;2025-11-04;4;0
25;2025-11-04;5;0
25;2025-11-04;6;28
25;2025-11-04;7;301
25;2025-11-04;8;301
25;2025-11-04;9;346
25;2025-11-04;10;254
25;2025-11-04;11;306
25;2025-11-04;12;330
25;2025-11-04;13;426
25;2025-11-04;14;400
25;2025-11-04;15;403
25;2025-11-04;16;389
25;2025-11-04;17;340
25;2025-11-04;18;337
25;2025-11-04;19;391
25;2025-11-04;20;267
25;2025-11-04;21;168
25;2025-11-04;22;91
25;2025-11-04;23;18
25;2025-11-05;0;1
25;2025-11-05;1;0
25;2025-11-05;2;0
25;2025-11-05;3;0
25;2025-11-05;4;0
25;2025-11-05;5;11
25;2025-11-05;6;157
25;2025-11-05;7;511
25;2025-11-05;8;904
25;2025-11-05;9;475
25;2025-11-05;10;376
25;2025-11-05;11;424
25;2025-11-05;12;410
25;2025-11-05;13;509
25;2025-11-05;14;465
25;2025-11-05;15;558
25;2025-11-05;16;695
25;2025-11-05;17;740
25;2025-11-05;18;780
25;2025-11-05;19;512
25;2025-11-05;20;324
25;2025-11-05;21;210
25;2025-11-05;22;111
25;2025-11-05;23;7
25;2025-11-06;0;2
25;2025-11-06;1;0
25;2025-11-06;2;0
25;2025-11-06;3;0
25;2025-11-06;4;0
25;2025-11-06;5;13
25;2025-11-06;6;156
25;2025-11-06;7;514
25;2025-11-06;8;907
25;2025-11-06;9;483
25;2025-11-06;10;377
25;2025-11-06;11;425
25;2025-11-06;12;412
25;2025-11-06;13;509
25;2025-11-06;14;473
25;2025-11-06;15;563
25;2025-11-06;16;698
25;2025-11-06;17;743
25;2025-11-06;18;780
25;2025-11-06;19;517
25;2025-11-06;20;324
25;2025-11-06;21;212
25;2025-11-06;22;117
25;2025-11-06;23;9
25;2025-11-07;0;1
25;2025-11-07;1;0
25;2025-11-07;2;0
25;2025-11-07;3;0
25;2025-11-07;4;0
25;2025-11-07;5;12
25;2025-11-07;6;158
25;2025-11-07;7;509
25;2025-11-07;8;862
25;2025-11-07;9;462
25;2025-11-07;10;365
25;2025-11-07;11;414
25;2025-11-07;12;409
25;2025-11-07;13;510
25;2025-11-07;14;483
25;2025-11-07;15;579
25;2025-11-07;16;721
25;2025-11-07;17;743
25;2025-11-07;18;687
25;2025-11-07;19;478
25;2025-11-07;20;310
25;2025-11-07;21;213
25;2025-11-07;22;129
25;2025-11-07;23;9
25;2025-11-08;0;3
25;2025-11-08;1;0
25;2025-11-08;2;0
25;2025-11-08;3;0
25;2025-11-08;4;0
25;2025-11-08;5;7
25;2025-11-08;6;63
25;2025-11-08;7;129
25;2025-11-08;8;263
25;2025-11-08;9;263
25;2025-11-08;10;291
25;2025-11-08;11;374
25;2025-11-08;12;400
25;2025-11-08;13;520
25;2025-11-08;14;522
25;2025-11-08;15;623
25;2025-11-08;16;548
25;2025-11-08;17;472
25;2025-11-08;18;459
25;2025-11-08;19;410
25;2025-11-08;20;266
25;2025-11-08;21;217
25;2025-11-08;22;137
25;2025-11-08;23;60
25;2025-11-09;0;16
25;2025-11-09;1;0
25;2025-11-09;2;0
25;2025-11-09;3;0
25;2025-11-09;4;0
25;2025-11-09;5;6
25;2025-11-09;6;42
25;2025-11-09;7;92
25;2025-11-09;8;194
25;2025-11-09;9;207
25;2025-11-09;10;223
25;2025-11-09;11;304
25;2025-11-09;12;361
25;2025-11-09;13;473
25;2025-11-09;14;463
25;2025-11-09;15;558
25;2025-11-09;16;492
25;2025-11-09;17;428
25;2025-11-09;18;398
25;2025-11-09;19;322
25;2025-11-09;20;220
25;2025-11-09;21;189
25;2025-11-09;22;105
25;2025-11-09;23;41
25;2025-11-10;0;10
25;2025-11-10;1;0
25;2025-11-10;2;0
25;2025-11-10;3;0
25;2025-11-10;4;0
25;2025-11-10;5;12
25;2025-11-10;6;160
25;2025-11-10;7;504
25;2025-11-10;8;890
25;2025-11-10;9;466
25;2025-11-10;10;348
25;2025-11-10;11;391
25;2025-11-10;12;376
25;2025-11-10;13;486
25;2025-11-10;14;420
25;2025-11-10;15;518
25;2025-11-10;16;670
25;2025-11-10;17;723
25;2025-11-10;18;766
25;2025-11-10;19;487
25;2025-11-10;20;302
25;2025-11-10;21;191
25;2025-11-10;22;92
25;2025-11-10;23;6
25;2025-11-11;0;2
25;2025-11-11;1;0
25;2025-11-11;2;0
25;2025-11-11;3;0
25;2025-11-11;4;0
25;2025-11-11;5;12
25;2025-11-11;6;157
25;2025-11-11;7;514
25;2025-11-11;8;908
25;2025-11-11;9;483
25;2025-11-11;10;376
25;2025-11-11;11;422
25;2025-11-11;12;407
25;2025-11-11;13;507
25;2025-11-11;14;468
25;2025-11-11;15;559
25;2025-11-11;16;696
25;2025-11-11;17;741
25;2025-11-11;18;780
25;2025-11-11;19;515
25;2025-11-11;20;323
25;2025-11-11;21;206
25;2025-11-11;22;108
25;2025-11-11;23;8
25;2025-11-12;0;1
25;2025-11-12;1;0
25;2025-11-12;2;0
25;2025-11-12;3;0
25;2025-11-12;4;0
25;2025-11-12;5;11
25;2025-11-12;6;157
25;2025-11-12;7;511
25;2025-11-12;8;904
25;2025-11-12;9;475
25;2025-11-12;10;376
25;2025-11-12;11;424
25;2025-11-12;12;410
25;2025-11-12;13;509
25;2025-11-12;14;465
25;2025-11-12;15;558
25;2025-11-12;16;695
25;2025-11-12;17;740
25;2025-11-12;18;780
25;2025-11-12;19;512
25;2025-11-12;20;324
25;2025-11-12;21;210
25;2025-11-12;22;111
25;2025-11-12;23;7
25;2025-11-13;0;2
25;2025-11-13;1;0
25;2025-11-13;2;0
25;2025-11-13;3;0
25;2025-11-13;4;0
25;2025-11-13;5;13
25;2025-11-13;6;156
25;2025-11-13;7;514
25;2025-11-13;8;907
25;2025-11-13;9;483
25;2025-11-13;10;377
25;2025-11-13;11;425
25;2025-11-13;12;412
25;2025-11-13;13;509
25;2025-11-13;14;473
25;2025-11-13;15;563
25;2025-11-13;16;698
25;2025-11-13;17;743
25;2025-11-13;18;780
25;2025-11-13;19;517
25;2025-11-13;20;324
25;2025-11-13;21;212
25;2025-11-13;22;117
25;2025-11-13;23;9
25;2025-11-14;0;1
25;2025-11-14;1;0
25;2025-11-14;2;0
25;2025-11-14;3;0
25;2025-11-14;4;0
25;2025-11-14;5;12
25;2025-11-14;6;158
25;2025-11-14;7;509
25;2025-11-14;8;862
25;2025-11-14;9;462
25;2025-11-14;10;365
25;2025-11-14;11;414
25;2025-11-14;12;409
25;2025-11-14;13;510
25;2025-11-14;14;483
25;2025-11-14;15;579
25;2025-11-14;16;721
25;2025-11-14;17;743
25;2025-11-14;18;687
25;2025-11-14;19;478
25;2025-11-14;20;310
25;2025-11-14;21;213
25;2025-11-14;22;129
25;2025-11-14;23;9
25;2025-11-15;0;3
25;2025-11-15;1;0
25;2025-11-15;2;0
25;2025-11-15;3;0
25;2025-11-15;4;0
25;2025-11-15;5;7
25;2025-11-15;6;63
25;2025-11-15;7;129
25;2025-11-15;8;263
25;2025-11-15;9;263
25;2025-11-15;10;291
25;2025-11-15;11;374
25;2025-11-15;12;400
25;2025-11-15;13;520
25;2025-11-15;14;522
25;2025-11-15;15;623
25;2025-11-15;16;548
25;2025-11-15;17;472
25;2025-11-15;18;459
25;2025-11-15;19;410
25;2025-11-15;20;266
25;2025-11-15;21;217
25;2025-11-15;22;137
25;2025-11-15;23;60
25;2025-11-16;0;16
25;2025-11-16;1;0
25;2025-11-16;2;0
25;2025-11-16;3;0
25;2025-11-16;4;0
25;2025-11-16;5;6
25;2025-11-16;6;42
25;2025-11-16;7;92
25;2025-11-16;8;194
25;2025-11-16;9;207
25;2025-11-16;10;223
25;2025-11-16;11;304
25;2025-11-16;12;361
25;2025-11-16;13;473
25;2025-11-16;14;463
25;2025-11-16;15;558
25;2025-11-16;16;492
25;2025-11-16;17;428
25;2025-11-16;18;398
25;2025-11-16;19;322
25;2025-11-16;20;220
25;2025-11-16;21;189
25;2025-11-16;22;105
25;2025-11-16;23;41
25;2025-11-17;0;10
25;2025-11-17;1;0
25;2025-11-17;2;0
25;2025-11-17;3;0
25;2025-11-17;4;0
25;2025-11-17;5;12
25;2025-11-17;6;160
25;2025-11-17;7;504
25;2025-11-17;8;890
25;2025-11-17;9;466
25;2025-11-17;10;348
25;2025-11-17;11;391
25;2025-11-17;12;376
25;2025-11-17;13;486
25;2025-11-17;14;420
25;2025-11-17;15;518
25;2025-11-17;16;670
25;2025-11-17;17;723
25;2025-11-17;18;766
25;2025-11-17;19;487
25;2025-11-17;20;302
25;2025-11-17;21;191
25;2025-11-17;22;92
25;2025-11-17;23;6
25;2025-11-18;0;2
25;2025-11-18;1;0
25;2025-11-18;2;0
25;2025-11-18;3;0
25;2025-11-18;4;0
25;2025-11-18;5;12
25;2025-11-18;6;157
25;2025-11-18;7;514
25;2025-11-18;8;908
25;2025-11-18;9;483
25;2025-11-18;10;376
25;2025-11-18;11;422
25;2025-11-18;12;407
25;2025-11-18;13;507
25;2025-11-18;14;468
25;2025-11-18;15;559
25;2025-11-18;16;696
25;2025-11-18;17;741
25;2025-11-18;18;780
25;2025-11-18;19;515
25;2025-11-18;20;323
25;2025-11-18;21;206
25;2025-11-18;22;108
25;2025-11-18;23;8
25;2025-11-19;0;1
25;2025-11-19;1;0
25;2025-11-19;2;0
25;2025-11-19;3;0
25;2025-11-19;4;0
25;2025-11-19;5;11
25;2025-11-19;6;157
25;2025-11-19;7;511
25;2025-11-19;8;904
25;2025-11-19;9;475
25;2025-11-19;10;376
25;2025-11-19;11;424
25;2025-11-19;12;410
25;2025-11-19;13;509
25;2025-11-19;14;465
25;2025-11-19;15;558
25;2025-11-19;16;695
25;2025-11-19;17;740
25;2025-11-19;18;780
25;2025-11-19;19;512
25;2025-11-19;20;324
25;2025-11-19;21;210
25;2025-11-19;22;111
25;2025-11-19;23;7
25;2025-11-20;0;2
25;2025-11-20;1;0
25;2025-11-20;2;0
25;2025-11-20;3;0
25;2025-11-20;4;0
25;2025-11-20;5;13
25;2025-11-20;6;156
25;2025-11-20;7;514
25;2025-11-20;8;907
25;2025-11-20;9;483
25;2025-11-20;10;377
25;2025-11-20;11;425
25;2025-11-20;12;412
25;2025-11-20;13;509
25;2025-11-20;14;473
25;2025-11-20;15;563
25;2025-11-20;16;698
25;2025-11-20;17;743
25;2025-11-20;18;780
25;2025-11-20;19;517
25;2025-11-20;20;324
25;2025-11-20;21;212
25;2025-11-20;22;117
25;2025-11-20;23;9
25;2025-11-21;0;1
25;2025-11-21;1;0
25;2025-11-21;2;0
25;2025-11-21;3;0
25;2025-11-21;4;0
25;2025-11-21;5;12
25;2025-11-21;6;158
25;2025-11-21;7;509
25;2025-11-21;8;862
25;2025-11-21;9;462
25;2025-11-21;10;365
25;2025-11-21;11;414
25;2025-11-21;12;409
25;2025-11-21;13;510
25;2025-11-21;14;483
25;2025-11-21;15;579
25;2025-11-21;16;721
25;2025-11-21;17;743
25;2025-11-21;18;687
25;2025-11-21;19;478
25;2025-11-21;20;310
25;2025-11-21;21;213
25;2025-11-21;22;129
25;2025-11-21;23;9
25;2025-11-22;0;3
25;2025-11-22;1;0
25;2025-11-22;2;0
25;2025-11-22;3;0
25;2025-11-22;4;0
25;2025-11-22;5;7
25;2025-11-22;6;63
25;2025-11-22;7;129
25;2025-11-22;8;263
25;2025-11-22;9;263
25;2025-11-22;10;291
25;2025-11-22;11;374
25;2025-11-22;12;400
25;2025-11-22;13;520
25;2025-11-22;14;522
25;2025-11-22;15;623
25;2025-11-22;16;548
25;2025-11-22;17;472
25;2025-11-22;18;459
25;2025-11-22;19;410
25;2025-11-22;20;266
25;2025-11-22;21;217
25;2025-11-22;22;137
25;2025-11-22;23;60
25;2025-11-23;0;16
25;2025-11-23;1;0
25;2025-11-23;2;0
25;2025-11-23;3;0
25;2025-11-23;4;0
25;2025-11-23;5;6
25;2025-11-23;6;42
25;2025-11-23;7;92
25;2025-11-23;8;194
25;2025-11-23;9;207
25;2025-11-23;10;223
25;2025-11-23;11;304
25;2025-11-23;12;361
25;2025-11-23;13;473
25;2025-11-23;14;463
25;2025-11-23;15;558
25;2025-11-23;16;492
25;2025-11-23;17;428
25;2025-11-23;18;398
25;2025-11-23;19;322
25;2025-11-23;20;220
25;2025-11-23;21;189
25;2025-11-23;22;105
25;2025-11-23;23;41
25;2025-11-24;0;10
25;2025-11-24;1;0
25;2025-11-24;2;0
25;2025-11-24;3;0
25;2025-11-24;4;0
25;2025-11-24;5;12
25;2025-11-24;6;160
25;2025-11-24;7;504
25;2025-11-24;8;890
25;2025-11-24;9;466
25;2025-11-24;10;348
25;2025-11-24;11;391
25;2025-11-24;12;376
25;2025-11-24;13;486
25;2025-11-24;14;420
25;2025-11-24;15;518
25;2025-11-24;16;670
25;2025-11-24;17;723
25;2025-11-24;18;766
25;2025-11-24;19;487
25;2025-11-24;20;302
25;2025-11-24;21;191
25;2025-11-24;22;92
25;2025-11-24;23;6
25;2025-11-25;0;2
25;2025-11-25;1;0
25;2025-11-25;2;0
25;2025-11-25;3;0
25;2025-11-25;4;0
25;2025-11-25;5;12
25;2025-11-25;6;157
25;2025-11-25;7;514
25;2025-11-25;8;908
25;2025-11-25;9;483
25;2025-11-25;10;376
25;2025-11-25;11;422
25;2025-11-25;12;407
25;2025-11-25;13;507
25;2025-11-25;14;468
25;2025-11-25;15;559
25;2025-11-25;16;696
25;2025-11-25;17;741
25;2025-11-25;18;780
25;2025-11-25;19;515
25;2025-11-25;20;323
25;2025-11-25;21;206
25;2025-11-25;22;108
25;2025-11-25;23;8
25;2025-11-26;0;1
25;2025-11-26;1;0
25;2025-11-26;2;0
25;2025-11-26;3;0
25;2025-11-26;4;0
25;2025-11-26;5;11
25;2025-11-26;6;157
25;2025-11-26;7;511
25;2025-11-26;8;904
25;2025-11-26;9;475
25;2025-11-26;10;376
25;2025-11-26;11;424
25;2025-11-26;12;410
25;2025-11-26;13;509
25;2025-11-26;14;465
25;2025-11-26;15;558
25;2025-11-26;16;695
25;2025-11-26;17;740
25;2025-11-26;18;780
25;2025-11-26;19;512
25;2025-11-26;20;324
25;2025-11-26;21;210
25;2025-11-26;22;111
25;2025-11-26;23;7
25;2025-11-27;0;2
25;2025-11-27;1;0
25;2025-11-27;2;0
25;2025-11-27;3;0
25;2025-11-27;4;0
25;2025-11-27;5;13
25;2025-11-27;6;156
25;2025-11-27;7;514
25;2025-11-27;8;907
25;2025-11-27;9;483
25;2025-11-27;10;377
25;2025-11-27;11;425
25;2025-11-27;12;412
25;2025-11-27;13;509
25;2025-11-27;14;473
25;2025-11-27;15;563
25;2025-11-27;16;698
25;2025-11-27;17;743
25;2025-11-27;18;780
25;2025-11-27;19;517
25;2025-11-27;20;324
25;2025-11-27;21;212
25;2025-11-27;22;117
25;2025-11-27;23;9
25;2025-11-28;0;1
25;2025-11-28;1;0
25;2025-11-28;2;0
25;2025-11-28;3;0
25;2025-11-28;4;0
25;2025-11-28;5;12
25;2025-11-28;6;158
25;2025-11-28;7;509
25;2025-11-28;8;862
25;2025-11-28;9;462
25;2025-11-28;10;365
25;2025-11-28;11;414
25;2025-11-28;12;409
25;2025-11-28;13;510
25;2025-11-28;14;483
25;2025-11-28;15;579
25;2025-11-28;16;721
25;2025-11-28;17;743
25;2025-11-28;18;687
25;2025-11-28;19;478
25;2025-11-28;20;310
25;2025-11-28;21;213
25;2025-11-28;22;129
25;2025-11-28;23;9
25;2025-11-29;0;3
25;2025-11-29;1;0
25;2025-11-29;2;0
25;2025-11-29;3;0
25;2025-11-29;4;0
25;2025-11-29;5;7
25;2025-11-29;6;63
25;2025-11-29;7;129
25;2025-11-29;8;263
25;2025-11-29;9;263
25;2025-11-29;10;291
25;2025-11-29;11;374
25;2025-11-29;12;400
25;2025-11-29;13;520
25;2025-11-29;14;522
25;2025-11-29;15;623
25;2025-11-29;16;548
25;2025-11-29;17;472
25;2025-11-29;18;459
25;2025-11-29;19;410
25;2025-11-29;20;266
25;2025-11-29;21;217
25;2025-11-29;22;137
25;2025-11-29;23;60
25;2025-11-30;0;16
25;2025-11-30;1;0
25;2025-11-30;2;0
25;2025-11-30;3;0
25;2025-11-30;4;0
25;2025-11-30;5;6
25;2025-11-30;6;42
25;2025-11-30;7;92
25;2025-11-30;8;194
25;2025-11-30;9;207
25;2025-11-30;10;223
25;2025-11-30;11;304
25;2025-11-30;12;361
25;2025-11-30;13;473
25;2025-11-30;14;463
25;2025-11-30;15;558
25;2025-11-30;16;492
25;2025-11-30;17;428
25;2025-11-30;18;398
25;2025-11-30;19;322
25;2025-11-30;20;220
25;2025-11-30;21;189
25;2025-11-30;22;105
25;2025-11-30;23;41
25;2025-12-01;0;8
25;2025-12-01;1;0
25;2025-12-01;2;0
25;2025-12-01;3;0
25;2025-12-01;4;0
25;2025-12-01;5;1
25;2025-12-01;6;147
25;2025-12-01;7;480
25;2025-12-01;8;828
25;2025-12-01;9;424
25;2025-12-01;10;305
25;2025-12-01;11;328
25;2025-12-01;12;332
25;2025-12-01;13;424
25;2025-12-01;14;355
25;2025-12-01;15;472
25;2025-12-01;16;624
25;2025-12-01;17;668
25;2025-12-01;18;727
25;2025-12-01;19;432
25;2025-12-01;20;267
25;2025-12-01;21;163
25;2025-12-01;22;99
25;2025-12-01;23;2
25;2025-12-02;0;0
25;2025-12-02;1;0
25;2025-12-02;2;0
25;2025-12-02;3;0
25;2025-12-02;4;0
25;2025-12-02;5;1
25;2025-12-02;6;144
25;2025-12-02;7;485
25;2025-12-02;8;838
25;2025-12-02;9;434
25;2025-12-02;10;327
25;2025-12-02;11;347
25;2025-12-02;12;352
25;2025-12-02;13;441
25;2025-12-02;14;394
25;2025-12-02;15;503
25;2025-12-02;16;642
25;2025-12-02;17;681
25;2025-12-02;18;735
25;2025-12-02;19;450
25;2025-12-02;20;281
25;2025-12-02;21;179
25;2025-12-02;22;117
25;2025-12-02;23;4
25;2025-12-03;0;0
25;2025-12-03;1;0
25;2025-12-03;2;0
25;2025-12-03;3;0
25;2025-12-03;4;0
25;2025-12-03;5;0
25;2025-12-03;6;145
25;2025-12-03;7;482
25;2025-12-03;8;835
25;2025-12-03;9;426
25;2025-12-03;10;326
25;2025-12-03;11;350
25;2025-12-03;12;355
25;2025-12-03;13;442
25;2025-12-03;14;391
25;2025-12-03;15;503
25;2025-12-03;16;640
25;2025-12-03;17;681
25;2025-12-03;18;734
25;2025-12-03;19;446
25;2025-12-03;20;282
25;2025-12-03;21;184
25;2025-12-03;22;120
25;2025-12-03;23;3
25;2025-12-04;0;0
25;2025-12-04;1;0
25;2025-12-04;2;0
25;2025-12-04;3;0
25;2025-12-04;4;0
25;2025-12-04;5;1
25;2025-12-04;6;144
25;2025-12-04;7;485
25;2025-12-04;8;838
25;2025-12-04;9;434
25;2025-12-04;10;328
25;2025-12-04;11;350
25;2025-12-04;12;357
25;2025-12-04;13;443
25;2025-12-04;14;399
25;2025-12-04;15;508
25;2025-12-04;16;643
25;2025-12-04;17;684
25;2025-12-04;18;735
25;2025-12-04;19;451
25;2025-12-04;20;282
25;2025-12-04;21;186
25;2025-12-04;22;125
25;2025-12-04;23;5
25;2025-12-05;0;0
25;2025-12-05;1;0
25;2025-12-05;2;0
25;2025-12-05;3;0
25;2025-12-05;4;0
25;2025-12-05;5;0
25;2025-12-05;6;145
25;2025-12-05;7;480
25;2025-12-05;8;795
25;2025-12-05;9;414
25;2025-12-05;10;318
25;2025-12-05;11;342
25;2025-12-05;12;356
25;2025-12-05;13;444
25;2025-12-05;14;409
25;2025-12-05;15;524
25;2025-12-05;16;666
25;2025-12-05;17;684
25;2025-12-05;18;644
25;2025-12-05;19;414
25;2025-12-05;20;270
25;2025-12-05;21;187
25;2025-12-05;22;138
25;2025-12-05;23;5
25;2025-12-06;0;0
25;2025-12-06;1;0
25;2025-12-06;2;0
25;2025-12-06;3;0
25;2025-12-06;4;0
25;2025-12-06;5;1
25;2025-12-06;6;48
25;2025-12-06;7;113
25;2025-12-06;8;228
25;2025-12-06;9;228
25;2025-12-06;10;245
25;2025-12-06;11;303
25;2025-12-06;12;345
25;2025-12-06;13;453
25;2025-12-06;14;448
25;2025-12-06;15;556
25;2025-12-06;16;505
25;2025-12-06;17;426
25;2025-12-06;18;431
25;2025-12-06;19;363
25;2025-12-06;20;236
25;2025-12-06;21;188
25;2025-12-06;22;134
25;2025-12-06;23;59
25;2025-12-07;0;13
25;2025-12-07;1;0
25;2025-12-07;2;0
25;2025-12-07;3;0
25;2025-12-07;4;0
25;2025-12-07;5;1
25;2025-12-07;6;34
25;2025-12-07;7;88
25;2025-12-07;8;168
25;2025-12-07;9;184
25;2025-12-07;10;191
25;2025-12-07;11;252
25;2025-12-07;12;324
25;2025-12-07;13;418
25;2025-12-07;14;405
25;2025-12-07;15;508
25;2025-12-07;16;463
25;2025-12-07;17;391
25;2025-12-07;18;379
25;2025-12-07;19;291
25;2025-12-07;20;199
25;2025-12-07;21;159
25;2025-12-07;22;102
25;2025-12-07;23;39
25;2025-12-08;0;8
25;2025-12-08;1;0
25;2025-12-08;2;0
25;2025-12-08;3;0
25;2025-12-08;4;0
25;2025-12-08;5;1
25;2025-12-08;6;147
25;2025-12-08;7;480
25;2025-12-08;8;828
25;2025-12-08;9;424
25;2025-12-08;10;305
25;2025-12-08;11;328
25;2025-12-08;12;332
25;2025-12-08;13;424
25;2025-12-08;14;355
25;2025-12-08;15;472
25;2025-12-08;16;624
25;2025-12-08;17;668
25;2025-12-08;18;727
25;2025-12-08;19;432
25;2025-12-08;20;267
25;2025-12-08;21;163
25;2025-12-08;22;99
25;2025-12-08;23;2
25;2025-12-09;0;0
25;2025-12-09;1;0
25;2025-12-09;2;0
25;2025-12-09;3;0
25;2025-12-09;4;0
25;2025-12-09;5;1
25;2025-12-09;6;144
25;2025-12-09;7;485
25;2025-12-09;8;838
25;2025-12-09;9;434
25;2025-12-09;10;327
25;2025-12-09;11;347
25;2025-12-09;12;352
25;2025-12-09;13;441
25;2025-12-09;14;394
25;2025-12-09;15;503
25;2025-12-09;16;642
25;2025-12-09;17;681
25;2025-12-09;18;735
25;2025-12-09;19;450
25;2025-12-09;20;281
25;2025-12-09;21;179
25;2025-12-09;22;117
25;2025-12-09;23;4
25;2025-12-10;0;0
25;2025-12-10;1;0
25;2025-12-10;2;0
25;2025-12-10;3;0
25;2025-12-10;4;0
25;2025-12-10;5;0
25;2025-12-10;6;145
25;2025-12-10;7;482
25;2025-12-10;8;835
25;2025-12-10;9;426
25;2025-12-10;10;326
25;2025-12-10;11;350
25;2025-12-10;12;355
25;2025-12-10;13;442
25;2025-12-10;14;391
25;2025-12-10;15;503
25;2025-12-10;16;640
25;2025-12-10;17;681
25;2025-12-10;18;734
25;2025-12-10;19;446
25;2025-12-10;20;282
25;2025-12-10;21;184
25;2025-12-10;22;120
25;2025-12-10;23;3
25;2025-12-11;0;0
25;2025-12-11;1;0
25;2025-12-11;2;0
25;2025-12-11;3;0
25;2025-12-11;4;0
25;2025-12-11;5;1
25;2025-12-11;6;144
25;2025-12-11;7;485
25;2025-12-11;8;838
25;2025-12-11;9;434
25;2025-12-11;10;328
25;2025-12-11;11;350
25;2025-12-11;12;357
25;2025-12-11;13;443
25;2025-12-11;14;399
25;2025-12-11;15;508
25;2025-12-11;16;643
25;2025-12-11;17;684
25;2025-12-11;18;735
25;2025-12-11;19;451
25;2025-12-11;20;282
25;2025-12-11;21;186
25;2025-12-11;22;125
25;2025-12-11;23;5
25;2025-12-12;0;0
25;2025-12-12;1;0
25;2025-12-12;2;0
25;2025-12-12;3;0
25;2025-12-12;4;0
25;2025-12-12;5;0
25;2025-12-12;6;145
25;2025-12-12;7;480
25;2025-12-12;8;795
25;2025-12-12;9;414
25;2025-12-12;10;318
25;2025-12-12;11;342
25;2025-12-12;12;356
25;2025-12-12;13;444
25;2025-12-12;14;409
25;2025-12-12;15;524
25;2025-12-12;16;666
25;2025-12-12;17;684
25;2025-12-12;18;644
25;2025-12-12;19;414
25;2025-12-12;20;270
25;2025-12-12;21;187
25;2025-12-12;22;138
25;2025-12-12;23;5
25;2025-12-13;0;0
25;2025-12-13;1;0
25;2025-12-13;2;0
25;2025-12-13;3;0
25;2025-12-13;4;0
25;2025-12-13;5;1
25;2025-12-13;6;48
25;2025-12-13;7;113
25;2025-12-13;8;228
25;2025-12-13;9;228
25;2025-12-13;10;245
25;2025-12-13;11;303
25;2025-12-13;12;345
25;2025-12-13;13;453
25;2025-12-13;14;448
25;2025-12-13;15;556
25;2025-12-13;16;505
25;2025-12-13;17;426
25;2025-12-13;18;431
25;2025-12-13;19;363
25;2025-12-13;20;236
25;2025-12-13;21;188
25;2025-12-13;22;134
25;2025-12-13;23;59
25;2025-12-14;0;13
25;2025-12-14;1;0
25;2025-12-14;2;0
25;2025-12-14;3;0
25;2025-12-14;4;0
25;2025-12-14;5;1
25;2025-12-14;6;34
25;2025-12-14;7;88
25;2025-12-14;8;168
25;2025-12-14;9;184
25;2025-12-14;10;191
25;2025-12-14;11;252
25;2025-12-14;12;324
25;2025-12-14;13;418
25;2025-12-14;14;405
25;2025-12-14;15;508
25;2025-12-14;16;463
25;2025-12-14;17;391
25;2025-12-14;18;379
25;2025-12-14;19;291
25;2025-12-14;20;199
25;2025-12-14;21;159
25;2025-12-14;22;102
25;2025-12-14;23;39
25;2025-12-15;0;8
25;2025-12-15;1;0
25;2025-12-15;2;0
25;2025-12-15;3;0
25;2025-12-15;4;0
25;2025-12-15;5;1
25;2025-12-15;6;147
25;2025-12-15;7;480
25;2025-12-15;8;828
25;2025-12-15;9;424
25;2025-12-15;10;305
25;2025-12-15;11;328
25;2025-12-15;12;332
25;2025-12-15;13;424
25;2025-12-15;14;355
25;2025-12-15;15;472
25;2025-12-15;16;624
25;2025-12-15;17;668
25;2025-12-15;18;727
25;2025-12-15;19;432
25;2025-12-15;20;267
25;2025-12-15;21;163
25;2025-12-15;22;99
25;2025-12-15;23;2
25;2025-12-16;0;0
25;2025-12-16;1;0
25;2025-12-16;2;0
25;2025-12-16;3;0
25;2025-12-16;4;0
25;2025-12-16;5;1
25;2025-12-16;6;144
25;2025-12-16;7;485
25;2025-12-16;8;838
25;2025-12-16;9;434
25;2025-12-16;10;327
25;2025-12-16;11;347
25;2025-12-16;12;352
25;2025-12-16;13;441
25;2025-12-16;14;394
25;2025-12-16;15;503
25;2025-12-16;16;642
25;2025-12-16;17;681
25;2025-12-16;18;735
25;2025-12-16;19;450
25;2025-12-16;20;281
25;2025-12-16;21;179
25;2025-12-16;22;117
25;2025-12-16;23;4
25;2025-12-17;0;0
25;2025-12-17;1;0
25;2025-12-17;2;0
25;2025-12-17;3;0
25;2025-12-17;4;0
25;2025-12-17;5;0
25;2025-12-17;6;145
25;2025-12-17;7;482
25;2025-12-17;8;835
25;2025-12-17;9;426
25;2025-12-17;10;326
25;2025-12-17;11;350
25;2025-12-17;12;355
25;2025-12-17;13;442
25;2025-12-17;14;391
25;2025-12-17;15;503
25;2025-12-17;16;640
25;2025-12-17;17;681
25;2025-12-17;18;734
25;2025-12-17;19;446
25;2025-12-17;20;282
25;2025-12-17;21;184
25;2025-12-17;22;120
25;2025-12-17;23;3
25;2025-12-18;0;0
25;2025-12-18;1;0
25;2025-12-18;2;0
25;2025-12-18;3;0
25;2025-12-18;4;0
25;2025-12-18;5;1
25;2025-12-18;6;144
25;2025-12-18;7;485
25;2025-12-18;8;838
25;2025-12-18;9;434
25;2025-12-18;10;328
25;2025-12-18;11;350
25;2025-12-18;12;357
25;2025-12-18;13;443
25;2025-12-18;14;399
25;2025-12-18;15;508
25;2025-12-18;16;643
25;2025-12-18;17;684
25;2025-12-18;18;735
25;2025-12-18;19;451
25;2025-12-18;20;282
25;2025-12-18;21;186
25;2025-12-18;22;125
25;2025-12-18;23;5
25;2025-12-19;0;0
25;2025-12-19;1;0
25;2025-12-19;2;0
25;2025-12-19;3;0
25;2025-12-19;4;0
25;2025-12-19;5;0
25;2025-12-19;6;145
25;2025-12-19;7;480
25;2025-12-19;8;795
25;2025-12-19;9;414
25;2025-12-19;10;318
25;2025-12-19;11;342
25;2025-12-19;12;356
25;2025-12-19;13;444
25;2025-12-19;14;409
25;2025-12-19;15;524
25;2025-12-19;16;666
25;2025-12-19;17;684
25;2025-12-19;18;644
25;2025-12-19;19;414
25;2025-12-19;20;270
25;2025-12-19;21;187
25;2025-12-19;22;138
25;2025-12-19;23;5
25;2025-12-20;0;0
25;2025-12-20;1;0
25;2025-12-20;2;0
25;2025-12-20;3;0
25;2025-12-20;4;0
25;2025-12-20;5;1
25;2025-12-20;6;48
25;2025-12-20;7;113
25;2025-12-20;8;228
25;2025-12-20;9;228
25;2025-12-20;10;245
25;2025-12-20;11;303
25;2025-12-20;12;345
25;2025-12-20;13;453
25;2025-12-20;14;448
25;2025-12-20;15;556
25;2025-12-20;16;505
25;2025-12-20;17;426
25;2025-12-20;18;431
25;2025-12-20;19;363
25;2025-12-20;20;236
25;2025-12-20;21;188
25;2025-12-20;22;134
25;2025-12-20;23;59
25;2025-12-21;0;13
25;2025-12-21;1;0
25;2025-12-21;2;0
25;2025-12-21;3;0
25;2025-12-21;4;0
25;2025-12-21;5;1
25;2025-12-21;6;34
25;2025-12-21;7;88
25;2025-12-21;8;168
25;2025-12-21;9;184
25;2025-12-21;10;191
25;2025-12-21;11;252
25;2025-12-21;12;324
25;2025-12-21;13;418
25;2025-12-21;14;405
25;2025-12-21;15;508
25;2025-12-21;16;463
25;2025-12-21;17;391
25;2025-12-21;18;379
25;2025-12-21;19;291
25;2025-12-21;20;199
25;2025-12-21;21;159
25;2025-12-21;22;102
25;2025-12-21;23;39
25;2025-12-22;0;8
25;2025-12-22;1;0
25;2025-12-22;2;0
25;2025-12-22;3;0
25;2025-12-22;4;0
25;2025-12-22;5;1
25;2025-12-22;6;147
25;2025-12-22;7;480
25;2025-12-22;8;828
25;2025-12-22;9;424
25;2025-12-22;10;305
25;2025-12-22;11;328
25;2025-12-22;12;332
25;2025-12-22;13;424
25;2025-12-22;14;355
25;2025-12-22;15;472
25;2025-12-22;16;624
25;2025-12-22;17;668
25;2025-12-22;18;727
25;2025-12-22;19;432
25;2025-12-22;20;267
25;2025-12-22;21;163
25;2025-12-22;22;99
25;2025-12-22;23;2
25;2025-12-23;0;0
25;2025-12-23;1;0
25;2025-12-23;2;0
25;2025-12-23;3;0
25;2025-12-23;4;0
25;2025-12-23;5;1
25;2025-12-23;6;144
25;2025-12-23;7;485
25;2025-12-23;8;838
25;2025-12-23;9;434
25;2025-12-23;10;327
25;2025-12-23;11;347
25;2025-12-23;12;352
25;2025-12-23;13;441
25;2025-12-23;14;394
25;2025-12-23;15;503
25;2025-12-23;16;642
25;2025-12-23;17;681
25;2025-12-23;18;735
25;2025-12-23;19;450
25;2025-12-23;20;281
25;2025-12-23;21;179
25;2025-12-23;22;117
25;2025-12-23;23;4
25;2025-12-24;0;0
25;2025-12-24;1;0
25;2025-12-24;2;0
25;2025-12-24;3;0
25;2025-12-24;4;0
25;2025-12-24;5;0
25;2025-12-24;6;145
25;2025-12-24;7;482
25;2025-12-24;8;835
25;2025-12-24;9;426
25;2025-12-24;10;326
25;2025-12-24;11;350
25;2025-12-24;12;355
25;2025-12-24;13;442
25;2025-12-24;14;391
25;2025-12-24;15;503
25;2025-12-24;16;640
25;2025-12-24;17;681
25;2025-12-24;18;734
25;2025-12-24;19;446
25;2025-12-24;20;282
25;2025-12-24;21;184
25;2025-12-24;22;120
25;2025-12-24;23;3
25;2025-12-25;0;0
25;2025-12-25;1;0
25;2025-12-25;2;0
25;2025-12-25;3;0
25;2025-12-25;4;0
25;2025-12-25;5;1
25;2025-12-25;6;144
25;2025-12-25;7;485
25;2025-12-25;8;838
25;2025-12-25;9;434
25;2025-12-25;10;328
25;2025-12-25;11;350
25;2025-12-25;12;357
25;2025-12-25;13;443
25;2025-12-25;14;399
25;2025-12-25;15;508
25;2025-12-25;16;643
25;2025-12-25;17;684
25;2025-12-25;18;735
25;2025-12-25;19;451
25;2025-12-25;20;282
25;2025-12-25;21;186
25;2025-12-25;22;125
25;2025-12-25;23;5
25;2025-12-26;0;0
25;2025-12-26;1;0
25;2025-12-26;2;0
25;2025-12-26;3;0
25;2025-12-26;4;0
25;2025-12-26;5;0
25;2025-12-26;6;145
25;2025-12-26;7;480
25;2025-12-26;8;795
25;2025-12-26;9;414
25;2025-12-26;10;318
25;2025-12-26;11;342
25;2025-12-26;12;356
25;2025-12-26;13;444
25;2025-12-26;14;409
25;2025-12-26;15;524
25;2025-12-26;16;666
25;2025-12-26;17;684
25;2025-12-26;18;644
25;2025-12-26;19;414
25;2025-12-26;20;270
25;2025-12-26;21;187
25;2025-12-26;22;138
25;2025-12-26;23;5
25;2025-12-27;0;0
25;2025-12-27;1;0
25;2025-12-27;2;0
25;2025-12-27;3;0
25;2025-12-27;4;0
25;2025-12-27;5;1
25;2025-12-27;6;48
25;2025-12-27;7;113
25;2025-12-27;8;228
25;2025-12-27;9;228
25;2025-12-27;10;245
25;2025-12-27;11;303
25;2025-12-27;12;345
25;2025-12-27;13;453
25;2025-12-27;14;448
25;2025-12-27;15;556
25;2025-12-27;16;505
25;2025-12-27;17;426
25;2025-12-27;18;431
25;2025-12-27;19;363
25;2025-12-27;20;236
25;2025-12-27;21;188
25;2025-12-27;22;134
25;2025-12-27;23;59
25;2025-12-28;0;13
25;2025-12-28;1;0
25;2025-12-28;2;0
25;2025-12-28;3;0
25;2025-12-28;4;0
25;2025-12-28;5;1
25;2025-12-28;6;34
25;2025-12-28;7;88
25;2025-12-28;8;168
25;2025-12-28;9;184
25;2025-12-28;10;191
25;2025-12-28;11;252
25;2025-12-28;12;324
25;2025-12-28;13;418
25;2025-12-28;14;405
25;2025-12-28;15;508
25;2025-12-28;16;463
25;2025-12-28;17;391
25;2025-12-28;18;379
25;2025-12-28;19;291
25;2025-12-28;20;199
25;2025-12-28;21;159
25;2025-12-28;22;102
25;2025-12-28;23;39
25;2025-12-29;0;8
25;2025-12-29;1;0
25;2025-12-29;2;0
25;2025-12-29;3;0
25;2025-12-29;4;0
25;2025-12-29;5;1
25;2025-12-29;6;147
25;2025-12-29;7;480
25;2025-12-29;8;828
25;2025-12-29;9;424
25;2025-12-29;10;305
25;2025-12-29;11;328
25;2025-12-29;12;332
25;2025-12-29;13;424
25;2025-12-29;14;355
25;2025-12-29;15;472
25;2025-12-29;16;624
25;2025-12-29;17;668
25;2025-12-29;18;727
25;2025-12-29;19;432
25;2025-12-29;20;267
25;2025-12-29;21;163
25;2025-12-29;22;99
25;2025-12-29;23;2
25;2025-12-30;0;0
25;2025-12-30;1;0
25;2025-12-30;2;0
25;2025-12-30;3;0
25;2025-12-30;4;0
25;2025-12-30;5;1
25;2025-12-30;6;144
25;2025-12-30;7;485
25;2025-12-30;8;838
25;2025-12-30;9;434
25;2025-12-30;10;327
25;2025-12-30;11;347
25;2025-12-30;12;352
25;2025-12-30;13;441
25;2025-12-30;14;394
25;2025-12-30;15;503
25;2025-12-30;16;642
25;2025-12-30;17;681
25;2025-12-30;18;735
25;2025-12-30;19;450
25;2025-12-30;20;281
25;2025-12-30;21;179
25;2025-12-30;22;117
25;2025-12-30;23;4
25;2025-12-31;0;1
25;2025-12-31;1;0
25;2025-12-31;2;0
25;2025-12-31;3;0
25;2025-12-31;4;0
25;2025-12-31;5;0
25;2025-12-31;6;0
25;2025-12-31;7;244
25;2025-12-31;8;344
25;2025-12-31;9;291
25;2025-12-31;10;218
25;2025-12-31;11;230
25;2025-12-31;12;273
25;2025-12-31;13;399
25;2025-12-31;14;352
25;2025-12-31;15;375
25;2025-12-31;16;414
25;2025-12-31;17;382
25;2025-12-31;18;401
25;2025-12-31;19;368
25;2025-12-31;20;224
25;2025-12-31;21;139
25;2025-12-31;22;94
25;2025-12-31;23;0
26;2025-11-01;0;60
26;2025-11-01;1;19
26;2025-11-01;2;0
26;2025-11-01;3;0
26;2025-11-01;4;6
26;2025-11-01;5;63
26;2025-11-01;6;296
26;2025-11-01;7;411
26;2025-11-01;8;1431
26;2025-11-01;9;1409
26;2025-11-01;10;1367
26;2025-11-01;11;1254
26;2025-11-01;12;1407
26;2025-11-01;13;1472
26;2025-11-01;14;1449
26;2025-11-01;15;1550
26;2025-11-01;16;1630
26;2025-11-01;17;1619
26;2025-11-01;18;1692
26;2025-11-01;19;1280
26;2025-11-01;20;768
26;2025-11-01;21;408
26;2025-11-01;22;278
26;2025-11-01;23;177
26;2025-11-02;0;47
26;2025-11-02;1;4
26;2025-11-02;2;0
26;2025-11-02;3;0
26;2025-11-02;4;1
26;2025-11-02;5;30
26;2025-11-02;6;155
26;2025-11-02;7;255
26;2025-11-02;8;410
26;2025-11-02;9;543
26;2025-11-02;10;647
26;2025-11-02;11;826
26;2025-11-02;12;898
26;2025-11-02;13;940
26;2025-11-02;14;943
26;2025-11-02;15;859
26;2025-11-02;16;868
26;2025-11-02;17;838
26;2025-11-02;18;787
26;2025-11-02;19;587
26;2025-11-02;20;423
26;2025-11-02;21;300
26;2025-11-02;22;211
26;2025-11-02;23;107
26;2025-11-03;0;26
26;2025-11-03;1;0
26;2025-11-03;2;0
26;2025-11-03;3;0
26;2025-11-03;4;0
26;2025-11-03;5;20
26;2025-11-03;6;261
26;2025-11-03;7;462
26;2025-11-03;8;983
26;2025-11-03;9;600
26;2025-11-03;10;619
26;2025-11-03;11;748
26;2025-11-03;12;737
26;2025-11-03;13;770
26;2025-11-03;14;850
26;2025-11-03;15;787
26;2025-11-03;16;882
26;2025-11-03;17;877
26;2025-11-03;18;892
26;2025-11-03;19;670
26;2025-11-03;20;455
26;2025-11-03;21;391
26;2025-11-03;22;168
26;2025-11-03;23;81
26;2025-11-04;0;29
26;2025-11-04;1;0
26;2025-11-04;2;0
26;2025-11-04;3;0
26;2025-11-04;4;3
26;2025-11-04;5;31
26;2025-11-04;6;273
26;2025-11-04;7;322
26;2025-11-04;8;449
26;2025-11-04;9;455
26;2025-11-04;10;490
26;2025-11-04;11;626
26;2025-11-04;12;629
26;2025-11-04;13;689
26;2025-11-04;14;699
26;2025-11-04;15;676
26;2025-11-04;16;713
26;2025-11-04;17;695
26;2025-11-04;18;672
26;2025-11-04;19;561
26;2025-11-04;20;380
26;2025-11-04;21;399
26;2025-11-04;22;172
26;2025-11-04;23;106
26;2025-11-05;0;31
26;2025-11-05;1;1
26;2025-11-05;2;0
26;2025-11-05;3;0
26;2025-11-05;4;4
26;2025-11-05;5;90
26;2025-11-05;6;509
26;2025-11-05;7;1055
26;2025-11-05;8;2168
26;2025-11-05;9;1491
26;2025-11-05;10;1282
26;2025-11-05;11;1157
26;2025-11-05;12;1161
26;2025-11-05;13;1206
26;2025-11-05;14;1278
26;2025-11-05;15;1376
26;2025-11-05;16;1564
26;2025-11-05;17;1723
26;2025-11-05;18;1859
26;2025-11-05;19;1295
26;2025-11-05;20;791
26;2025-11-05;21;487
26;2025-11-05;22;243
26;2025-11-05;23;139
26;2025-11-06;0;39
26;2025-11-06;1;2
26;2025-11-06;2;0
26;2025-11-06;3;0
26;2025-11-06;4;4
26;2025-11-06;5;89
26;2025-11-06;6;509
26;2025-11-06;7;1058
26;2025-11-06;8;2165
26;2025-11-06;9;1493
26;2025-11-06;10;1286
26;2025-11-06;11;1160
26;2025-11-06;12;1170
26;2025-11-06;13;1207
26;2025-11-06;14;1280
26;2025-11-06;15;1380
26;2025-11-06;16;1566
26;2025-11-06;17;1725
26;2025-11-06;18;1863
26;2025-11-06;19;1295
26;2025-11-06;20;794
26;2025-11-06;21;488
26;2025-11-06;22;246
26;2025-11-06;23;146
26;2025-11-07;0;40
26;2025-11-07;1;2
26;2025-11-07;2;0
26;2025-11-07;3;0
26;2025-11-07;4;2
26;2025-11-07;5;88
26;2025-11-07;6;496
26;2025-11-07;7;1038
26;2025-11-07;8;2090
26;2025-11-07;9;1423
26;2025-11-07;10;1267
26;2025-11-07;11;1147
26;2025-11-07;12;1163
26;2025-11-07;13;1205
26;2025-11-07;14;1281
26;2025-11-07;15;1379
26;2025-11-07;16;1592
26;2025-11-07;17;1706
26;2025-11-07;18;1618
26;2025-11-07;19;1202
26;2025-11-07;20;754
26;2025-11-07;21;476
26;2025-11-07;22;242
26;2025-11-07;23;158
26;2025-11-08;0;49
26;2025-11-08;1;2
26;2025-11-08;2;0
26;2025-11-08;3;0
26;2025-11-08;4;4
26;2025-11-08;5;49
26;2025-11-08;6;265
26;2025-11-08;7;370
26;2025-11-08;8;595
26;2025-11-08;9;679
26;2025-11-08;10;804
26;2025-11-08;11;940
26;2025-11-08;12;1040
26;2025-11-08;13;1068
26;2025-11-08;14;1076
26;2025-11-08;15;974
26;2025-11-08;16;991
26;2025-11-08;17;942
26;2025-11-08;18;913
26;2025-11-08;19;749
26;2025-11-08;20;540
26;2025-11-08;21;373
26;2025-11-08;22;243
26;2025-11-08;23;153
26;2025-11-09;0;47
26;2025-11-09;1;4
26;2025-11-09;2;0
26;2025-11-09;3;0
26;2025-11-09;4;1
26;2025-11-09;5;30
26;2025-11-09;6;155
26;2025-11-09;7;255
26;2025-11-09;8;410
26;2025-11-09;9;543
26;2025-11-09;10;647
26;2025-11-09;11;826
26;2025-11-09;12;898
26;2025-11-09;13;940
26;2025-11-09;14;943
26;2025-11-09;15;859
26;2025-11-09;16;868
26;2025-11-09;17;838
26;2025-11-09;18;787
26;2025-11-09;19;587
26;2025-11-09;20;423
26;2025-11-09;21;300
26;2025-11-09;22;211
26;2025-11-09;23;107
26;2025-11-10;0;31
26;2025-11-10;1;2
26;2025-11-10;2;0
26;2025-11-10;3;0
26;2025-11-10;4;3
26;2025-11-10;5;77
26;2025-11-10;6;497
26;2025-11-10;7;1052
26;2025-11-10;8;2145
26;2025-11-10;9;1461
26;2025-11-10;10;1245
26;2025-11-10;11;1126
26;2025-11-10;12;1129
26;2025-11-10;13;1182
26;2025-11-10;14;1237
26;2025-11-10;15;1350
26;2025-11-10;16;1527
26;2025-11-10;17;1687
26;2025-11-10;18;1830
26;2025-11-10;19;1262
26;2025-11-10;20;764
26;2025-11-10;21;447
26;2025-11-10;22;216
26;2025-11-10;23;108
26;2025-11-11;0;31
26;2025-11-11;1;1
26;2025-11-11;2;0
26;2025-11-11;3;0
26;2025-11-11;4;4
26;2025-11-11;5;88
26;2025-11-11;6;509
26;2025-11-11;7;1059
26;2025-11-11;8;2175
26;2025-11-11;9;1492
26;2025-11-11;10;1285
26;2025-11-11;11;1158
26;2025-11-11;12;1165
26;2025-11-11;13;1206
26;2025-11-11;14;1275
26;2025-11-11;15;1375
26;2025-11-11;16;1564
26;2025-11-11;17;1724
26;2025-11-11;18;1864
26;2025-11-11;19;1297
26;2025-11-11;20;795
26;2025-11-11;21;485
26;2025-11-11;22;242
26;2025-11-11;23;134
26;2025-11-12;0;31
26;2025-11-12;1;1
26;2025-11-12;2;0
26;2025-11-12;3;0
26;2025-11-12;4;4
26;2025-11-12;5;90
26;2025-11-12;6;509
26;2025-11-12;7;1055
26;2025-11-12;8;2168
26;2025-11-12;9;1491
26;2025-11-12;10;1282
26;2025-11-12;11;1157
26;2025-11-12;12;1161
26;2025-11-12;13;1206
26;2025-11-12;14;1278
26;2025-11-12;15;1376
26;2025-11-12;16;1564
26;2025-11-12;17;1723
26;2025-11-12;18;1859
26;2025-11-12;19;1295
26;2025-11-12;20;791
26;2025-11-12;21;487
26;2025-11-12;22;243
26;2025-11-12;23;139
26;2025-11-13;0;39
26;2025-11-13;1;2
26;2025-11-13;2;0
26;2025-11-13;3;0
26;2025-11-13;4;4
26;2025-11-13;5;89
26;2025-11-13;6;509
26;2025-11-13;7;1058
26;2025-11-13;8;2165
26;2025-11-13;9;1493
26;2025-11-13;10;1286
26;2025-11-13;11;1160
26;2025-11-13;12;1170
26;2025-11-13;13;1207
26;2025-11-13;14;1280
26;2025-11-13;15;1380
26;2025-11-13;16;1566
26;2025-11-13;17;1725
26;2025-11-13;18;1863
26;2025-11-13;19;1295
26;2025-11-13;20;794
26;2025-11-13;21;488
26;2025-11-13;22;246
26;2025-11-13;23;146
26;2025-11-14;0;40
26;2025-11-14;1;2
26;2025-11-14;2;0
26;2025-11-14;3;0
26;2025-11-14;4;2
26;2025-11-14;5;88
26;2025-11-14;6;496
26;2025-11-14;7;1038
26;2025-11-14;8;2090
26;2025-11-14;9;1423
26;2025-11-14;10;1267
26;2025-11-14;11;1147
26;2025-11-14;12;1163
26;2025-11-14;13;1205
26;2025-11-14;14;1281
26;2025-11-14;15;1379
26;2025-11-14;16;1592
26;2025-11-14;17;1706
26;2025-11-14;18;1618
26;2025-11-14;19;1202
26;2025-11-14;20;754
26;2025-11-14;21;476
26;2025-11-14;22;242
26;2025-11-14;23;158
26;2025-11-15;0;49
26;2025-11-15;1;2
26;2025-11-15;2;0
26;2025-11-15;3;0
26;2025-11-15;4;4
26;2025-11-15;5;49
26;2025-11-15;6;265
26;2025-11-15;7;370
26;2025-11-15;8;595
26;2025-11-15;9;679
26;2025-11-15;10;804
26;2025-11-15;11;940
26;2025-11-15;12;1040
26;2025-11-15;13;1068
26;2025-11-15;14;1076
26;2025-11-15;15;974
26;2025-11-15;16;991
26;2025-11-15;17;942
26;2025-11-15;18;913
26;2025-11-15;19;749
26;2025-11-15;20;540
26;2025-11-15;21;373
26;2025-11-15;22;243
26;2025-11-15;23;153
26;2025-11-16;0;47
26;2025-11-16;1;4
26;2025-11-16;2;0
26;2025-11-16;3;0
26;2025-11-16;4;1
26;2025-11-16;5;30
26;2025-11-16;6;155
26;2025-11-16;7;255
26;2025-11-16;8;410
26;2025-11-16;9;543
26;2025-11-16;10;647
26;2025-11-16;11;826
26;2025-11-16;12;898
26;2025-11-16;13;940
26;2025-11-16;14;943
26;2025-11-16;15;859
26;2025-11-16;16;868
26;2025-11-16;17;838
26;2025-11-16;18;787
26;2025-11-16;19;587
26;2025-11-16;20;423
26;2025-11-16;21;300
26;2025-11-16;22;211
26;2025-11-16;23;107
26;2025-11-17;0;31
26;2025-11-17;1;2
26;2025-11-17;2;0
26;2025-11-17;3;0
26;2025-11-17;4;3
26;2025-11-17;5;77
26;2025-11-17;6;497
26;2025-11-17;7;1052
26;2025-11-17;8;2145
26;2025-11-17;9;1461
26;2025-11-17;10;1245
26;2025-11-17;11;1126
26;2025-11-17;12;1129
26;2025-11-17;13;1182
26;2025-11-17;14;1237
26;2025-11-17;15;1350
26;2025-11-17;16;1527
26;2025-11-17;17;1687
26;2025-11-17;18;1830
26;2025-11-17;19;1262
26;2025-11-17;20;764
26;2025-11-17;21;447
26;2025-11-17;22;216
26;2025-11-17;23;108
26;2025-11-18;0;31
26;2025-11-18;1;1
26;2025-11-18;2;0
26;2025-11-18;3;0
26;2025-11-18;4;4
26;2025-11-18;5;88
26;2025-11-18;6;509
26;2025-11-18;7;1059
26;2025-11-18;8;2175
26;2025-11-18;9;1492
26;2025-11-18;10;1285
26;2025-11-18;11;1158
26;2025-11-18;12;1165
26;2025-11-18;13;1206
26;2025-11-18;14;1275
26;2025-11-18;15;1375
26;2025-11-18;16;1564
26;2025-11-18;17;1724
26;2025-11-18;18;1864
26;2025-11-18;19;1297
26;2025-11-18;20;795
26;2025-11-18;21;485
26;2025-11-18;22;242
26;2025-11-18;23;134
26;2025-11-19;0;31
26;2025-11-19;1;1
26;2025-11-19;2;0
26;2025-11-19;3;0
26;2025-11-19;4;4
26;2025-11-19;5;90
26;2025-11-19;6;509
26;2025-11-19;7;1055
26;2025-11-19;8;2168
26;2025-11-19;9;1491
26;2025-11-19;10;1282
26;2025-11-19;11;1157
26;2025-11-19;12;1161
26;2025-11-19;13;1206
26;2025-11-19;14;1278
26;2025-11-19;15;1376
26;2025-11-19;16;1564
26;2025-11-19;17;1723
26;2025-11-19;18;1859
26;2025-11-19;19;1295
26;2025-11-19;20;791
26;2025-11-19;21;487
26;2025-11-19;22;243
26;2025-11-19;23;139
26;2025-11-20;0;39
26;2025-11-20;1;2
26;2025-11-20;2;0
26;2025-11-20;3;0
26;2025-11-20;4;4
26;2025-11-20;5;89
26;2025-11-20;6;509
26;2025-11-20;7;1058
26;2025-11-20;8;2165
26;2025-11-20;9;1493
26;2025-11-20;10;1286
26;2025-11-20;11;1160
26;2025-11-20;12;1170
26;2025-11-20;13;1207
26;2025-11-20;14;1280
26;2025-11-20;15;1380
26;2025-11-20;16;1566
26;2025-11-20;17;1725
26;2025-11-20;18;1863
26;2025-11-20;19;1295
26;2025-11-20;20;794
26;2025-11-20;21;488
26;2025-11-20;22;246
26;2025-11-20;23;146
26;2025-11-21;0;40
26;2025-11-21;1;2
26;2025-11-21;2;0
26;2025-11-21;3;0
26;2025-11-21;4;2
26;2025-11-21;5;88
26;2025-11-21;6;496
26;2025-11-21;7;1038
26;2025-11-21;8;2090
26;2025-11-21;9;1423
26;2025-11-21;10;1267
26;2025-11-21;11;1147
26;2025-11-21;12;1163
26;2025-11-21;13;1205
26;2025-11-21;14;1281
26;2025-11-21;15;1379
26;2025-11-21;16;1592
26;2025-11-21;17;1706
26;2025-11-21;18;1618
26;2025-11-21;19;1202
26;2025-11-21;20;754
26;2025-11-21;21;476
26;2025-11-21;22;242
26;2025-11-21;23;158
26;2025-11-22;0;49
26;2025-11-22;1;2
26;2025-11-22;2;0
26;2025-11-22;3;0
26;2025-11-22;4;4
26;2025-11-22;5;49
26;2025-11-22;6;265
26;2025-11-22;7;370
26;2025-11-22;8;595
26;2025-11-22;9;679
26;2025-11-22;10;804
26;2025-11-22;11;940
26;2025-11-22;12;1040
26;2025-11-22;13;1068
26;2025-11-22;14;1076
26;2025-11-22;15;974
26;2025-11-22;16;991
26;2025-11-22;17;942
26;2025-11-22;18;913
26;2025-11-22;19;749
26;2025-11-22;20;540
26;2025-11-22;21;373
26;2025-11-22;22;243
26;2025-11-22;23;153
26;2025-11-23;0;47
26;2025-11-23;1;4
26;2025-11-23;2;0
26;2025-11-23;3;0
26;2025-11-23;4;1
26;2025-11-23;5;30
26;2025-11-23;6;155
26;2025-11-23;7;255
26;2025-11-23;8;410
26;2025-11-23;9;543
26;2025-11-23;10;647
26;2025-11-23;11;826
26;2025-11-23;12;898
26;2025-11-23;13;940
26;2025-11-23;14;943
26;2025-11-23;15;859
26;2025-11-23;16;868
26;2025-11-23;17;838
26;2025-11-23;18;787
26;2025-11-23;19;587
26;2025-11-23;20;423
26;2025-11-23;21;300
26;2025-11-23;22;211
26;2025-11-23;23;107
26;2025-11-24;0;31
26;2025-11-24;1;2
26;2025-11-24;2;0
26;2025-11-24;3;0
26;2025-11-24;4;3
26;2025-11-24;5;77
26;2025-11-24;6;497
26;2025-11-24;7;1052
26;2025-11-24;8;2145
26;2025-11-24;9;1461
26;2025-11-24;10;1245
26;2025-11-24;11;1126
26;2025-11-24;12;1129
26;2025-11-24;13;1182
26;2025-11-24;14;1237
26;2025-11-24;15;1350
26;2025-11-24;16;1527
26;2025-11-24;17;1687
26;2025-11-24;18;1830
26;2025-11-24;19;1262
26;2025-11-24;20;764
26;2025-11-24;21;447
26;2025-11-24;22;216
26;2025-11-24;23;108
26;2025-11-25;0;31
26;2025-11-25;1;1
26;2025-11-25;2;0
26;2025-11-25;3;0
26;2025-11-25;4;4
26;2025-11-25;5;88
26;2025-11-25;6;509
26;2025-11-25;7;1059
26;2025-11-25;8;2175
26;2025-11-25;9;1492
26;2025-11-25;10;1285
26;2025-11-25;11;1158
26;2025-11-25;12;1165
26;2025-11-25;13;1206
26;2025-11-25;14;1275
26;2025-11-25;15;1375
26;2025-11-25;16;1564
26;2025-11-25;17;1724
26;2025-11-25;18;1864
26;2025-11-25;19;1297
26;2025-11-25;20;795
26;2025-11-25;21;485
26;2025-11-25;22;242
26;2025-11-25;23;134
26;2025-11-26;0;31
26;2025-11-26;1;1
26;2025-11-26;2;0
26;2025-11-26;3;0
26;2025-11-26;4;4
26;2025-11-26;5;90
26;2025-11-26;6;509
26;2025-11-26;7;1055
26;2025-11-26;8;2168
26;2025-11-26;9;1491
26;2025-11-26;10;1282
26;2025-11-26;11;1157
26;2025-11-26;12;1161
26;2025-11-26;13;1206
26;2025-11-26;14;1278
26;2025-11-26;15;1376
26;2025-11-26;16;1564
26;2025-11-26;17;1723
26;2025-11-26;18;1859
26;2025-11-26;19;1295
26;2025-11-26;20;791
26;2025-11-26;21;487
26;2025-11-26;22;243
26;2025-11-26;23;139
26;2025-11-27;0;39
26;2025-11-27;1;2
26;2025-11-27;2;0
26;2025-11-27;3;0
26;2025-11-27;4;4
26;2025-11-27;5;89
26;2025-11-27;6;509
26;2025-11-27;7;1058
26;2025-11-27;8;2165
26;2025-11-27;9;1493
26;2025-11-27;10;1286
26;2025-11-27;11;1160
26;2025-11-27;12;1170
26;2025-11-27;13;1207
26;2025-11-27;14;1280
26;2025-11-27;15;1380
26;2025-11-27;16;1566
26;2025-11-27;17;1725
26;2025-11-27;18;1863
26;2025-11-27;19;1295
26;2025-11-27;20;794
26;2025-11-27;21;488
26;2025-11-27;22;246
26;2025-11-27;23;146
26;2025-11-28;0;40
26;2025-11-28;1;2
26;2025-11-28;2;0
26;2025-11-28;3;0
26;2025-11-28;4;2
26;2025-11-28;5;88
26;2025-11-28;6;496
26;2025-11-28;7;1038
26;2025-11-28;8;2090
26;2025-11-28;9;1423
26;2025-11-28;10;1267
26;2025-11-28;11;1147
26;2025-11-28;12;1163
26;2025-11-28;13;1205
26;2025-11-28;14;1281
26;2025-11-28;15;1379
26;2025-11-28;16;1592
26;2025-11-28;17;1706
26;2025-11-28;18;1618
26;2025-11-28;19;1202
26;2025-11-28;20;754
26;2025-11-28;21;476
26;2025-11-28;22;242
26;2025-11-28;23;158
26;2025-11-29;0;49
26;2025-11-29;1;2
26;2025-11-29;2;0
26;2025-11-29;3;0
26;2025-11-29;4;4
26;2025-11-29;5;49
26;2025-11-29;6;265
26;2025-11-29;7;370
26;2025-11-29;8;595
26;2025-11-29;9;679
26;2025-11-29;10;804
26;2025-11-29;11;940
26;2025-11-29;12;1040
26;2025-11-29;13;1068
26;2025-11-29;14;1076
26;2025-11-29;15;974
26;2025-11-29;16;991
26;2025-11-29;17;942
26;2025-11-29;18;913
26;2025-11-29;19;749
26;2025-11-29;20;540
26;2025-11-29;21;373
26;2025-11-29;22;243
26;2025-11-29;23;153
26;2025-11-30;0;47
26;2025-11-30;1;4
26;2025-11-30;2;0
26;2025-11-30;3;0
26;2025-11-30;4;1
26;2025-11-30;5;30
26;2025-11-30;6;155
26;2025-11-30;7;255
26;2025-11-30;8;410
26;2025-11-30;9;543
26;2025-11-30;10;647
26;2025-11-30;11;826
26;2025-11-30;12;898
26;2025-11-30;13;940
26;2025-11-30;14;943
26;2025-11-30;15;859
26;2025-11-30;16;868
26;2025-11-30;17;838
26;2025-11-30;18;787
26;2025-11-30;19;587
26;2025-11-30;20;423
26;2025-11-30;21;300
26;2025-11-30;22;211
26;2025-11-30;23;107
26;2025-12-01;0;26
26;2025-12-01;1;3
26;2025-12-01;2;0
26;2025-12-01;3;0
26;2025-12-01;4;0
26;2025-12-01;5;80
26;2025-12-01;6;493
26;2025-12-01;7;1017
26;2025-12-01;8;2088
26;2025-12-01;9;1410
26;2025-12-01;10;1154
26;2025-12-01;11;1038
26;2025-12-01;12;1065
26;2025-12-01;13;1119
26;2025-12-01;14;1161
26;2025-12-01;15;1285
26;2025-12-01;16;1443
26;2025-12-01;17;1616
26;2025-12-01;18;1752
26;2025-12-01;19;1222
26;2025-12-01;20;725
26;2025-12-01;21;406
26;2025-12-01;22;206
26;2025-12-01;23;94
26;2025-12-02;0;25
26;2025-12-02;1;1
26;2025-12-02;2;0
26;2025-12-02;3;0
26;2025-12-02;4;1
26;2025-12-02;5;86
26;2025-12-02;6;503
26;2025-12-02;7;1019
26;2025-12-02;8;2104
26;2025-12-02;9;1431
26;2025-12-02;10;1182
26;2025-12-02;11;1058
26;2025-12-02;12;1089
26;2025-12-02;13;1132
26;2025-12-02;14;1177
26;2025-12-02;15;1301
26;2025-12-02;16;1461
26;2025-12-02;17;1637
26;2025-12-02;18;1781
26;2025-12-02;19;1253
26;2025-12-02;20;750
26;2025-12-02;21;433
26;2025-12-02;22;231
26;2025-12-02;23;111
26;2025-12-03;0;26
26;2025-12-03;1;1
26;2025-12-03;2;0
26;2025-12-03;3;0
26;2025-12-03;4;1
26;2025-12-03;5;87
26;2025-12-03;6;503
26;2025-12-03;7;1014
26;2025-12-03;8;2096
26;2025-12-03;9;1430
26;2025-12-03;10;1179
26;2025-12-03;11;1057
26;2025-12-03;12;1086
26;2025-12-03;13;1132
26;2025-12-03;14;1180
26;2025-12-03;15;1302
26;2025-12-03;16;1461
26;2025-12-03;17;1635
26;2025-12-03;18;1776
26;2025-12-03;19;1251
26;2025-12-03;20;745
26;2025-12-03;21;435
26;2025-12-03;22;232
26;2025-12-03;23;116
26;2025-12-04;0;33
26;2025-12-04;1;3
26;2025-12-04;2;0
26;2025-12-04;3;0
26;2025-12-04;4;2
26;2025-12-04;5;87
26;2025-12-04;6;503
26;2025-12-04;7;1017
26;2025-12-04;8;2094
26;2025-12-04;9;1431
26;2025-12-04;10;1183
26;2025-12-04;11;1060
26;2025-12-04;12;1094
26;2025-12-04;13;1133
26;2025-12-04;14;1182
26;2025-12-04;15;1305
26;2025-12-04;16;1464
26;2025-12-04;17;1637
26;2025-12-04;18;1780
26;2025-12-04;19;1251
26;2025-12-04;20;748
26;2025-12-04;21;436
26;2025-12-04;22;235
26;2025-12-04;23;123
26;2025-12-05;0;35
26;2025-12-05;1;2
26;2025-12-05;2;0
26;2025-12-05;3;0
26;2025-12-05;4;0
26;2025-12-05;5;87
26;2025-12-05;6;492
26;2025-12-05;7;997
26;2025-12-05;8;2018
26;2025-12-05;9;1363
26;2025-12-05;10;1166
26;2025-12-05;11;1050
26;2025-12-05;12;1089
26;2025-12-05;13;1132
26;2025-12-05;14;1185
26;2025-12-05;15;1304
26;2025-12-05;16;1489
26;2025-12-05;17;1620
26;2025-12-05;18;1535
26;2025-12-05;19;1158
26;2025-12-05;20;710
26;2025-12-05;21;425
26;2025-12-05;22;233
26;2025-12-05;23;134
26;2025-12-06;0;46
26;2025-12-06;1;1
26;2025-12-06;2;0
26;2025-12-06;3;0
26;2025-12-06;4;2
26;2025-12-06;5;43
26;2025-12-06;6;258
26;2025-12-06;7;341
26;2025-12-06;8;538
26;2025-12-06;9;622
26;2025-12-06;10;706
26;2025-12-06;11;847
26;2025-12-06;12;967
26;2025-12-06;13;991
26;2025-12-06;14;978
26;2025-12-06;15;900
26;2025-12-06;16;884
26;2025-12-06;17;856
26;2025-12-06;18;844
26;2025-12-06;19;723
26;2025-12-06;20;511
26;2025-12-06;21;325
26;2025-12-06;22;229
26;2025-12-06;23;136
26;2025-12-07;0;44
26;2025-12-07;1;3
26;2025-12-07;2;0
26;2025-12-07;3;0
26;2025-12-07;4;0
26;2025-12-07;5;27
26;2025-12-07;6;150
26;2025-12-07;7;238
26;2025-12-07;8;367
26;2025-12-07;9;499
26;2025-12-07;10;567
26;2025-12-07;11;752
26;2025-12-07;12;844
26;2025-12-07;13;881
26;2025-12-07;14;871
26;2025-12-07;15;798
26;2025-12-07;16;785
26;2025-12-07;17;769
26;2025-12-07;18;723
26;2025-12-07;19;571
26;2025-12-07;20;406
26;2025-12-07;21;270
26;2025-12-07;22;197
26;2025-12-07;23;100
26;2025-12-08;0;26
26;2025-12-08;1;3
26;2025-12-08;2;0
26;2025-12-08;3;0
26;2025-12-08;4;0
26;2025-12-08;5;80
26;2025-12-08;6;493
26;2025-12-08;7;1017
26;2025-12-08;8;2088
26;2025-12-08;9;1410
26;2025-12-08;10;1154
26;2025-12-08;11;1038
26;2025-12-08;12;1065
26;2025-12-08;13;1119
26;2025-12-08;14;1161
26;2025-12-08;15;1285
26;2025-12-08;16;1443
26;2025-12-08;17;1616
26;2025-12-08;18;1752
26;2025-12-08;19;1222
26;2025-12-08;20;725
26;2025-12-08;21;406
26;2025-12-08;22;206
26;2025-12-08;23;94
26;2025-12-09;0;25
26;2025-12-09;1;1
26;2025-12-09;2;0
26;2025-12-09;3;0
26;2025-12-09;4;1
26;2025-12-09;5;86
26;2025-12-09;6;503
26;2025-12-09;7;1019
26;2025-12-09;8;2104
26;2025-12-09;9;1431
26;2025-12-09;10;1182
26;2025-12-09;11;1058
26;2025-12-09;12;1089
26;2025-12-09;13;1132
26;2025-12-09;14;1177
26;2025-12-09;15;1301
26;2025-12-09;16;1461
26;2025-12-09;17;1637
26;2025-12-09;18;1781
26;2025-12-09;19;1253
26;2025-12-09;20;750
26;2025-12-09;21;433
26;2025-12-09;22;231
26;2025-12-09;23;111
26;2025-12-10;0;26
26;2025-12-10;1;1
26;2025-12-10;2;0
26;2025-12-10;3;0
26;2025-12-10;4;1
26;2025-12-10;5;87
26;2025-12-10;6;503
26;2025-12-10;7;1014
26;2025-12-10;8;2096
26;2025-12-10;9;1430
26;2025-12-10;10;1179
26;2025-12-10;11;1057
26;2025-12-10;12;1086
26;2025-12-10;13;1132
26;2025-12-10;14;1180
26;2025-12-10;15;1302
26;2025-12-10;16;1461
26;2025-12-10;17;1635
26;2025-12-10;18;1776
26;2025-12-10;19;1251
26;2025-12-10;20;745
26;2025-12-10;21;435
26;2025-12-10;22;232
26;2025-12-10;23;116
26;2025-12-11;0;33
26;2025-12-11;1;3
26;2025-12-11;2;0
26;2025-12-11;3;0
26;2025-12-11;4;2
26;2025-12-11;5;87
26;2025-12-11;6;503
26;2025-12-11;7;1017
26;2025-12-11;8;2094
26;2025-12-11;9;1431
26;2025-12-11;10;1183
26;2025-12-11;11;1060
26;2025-12-11;12;1094
26;2025-12-11;13;1133
26;2025-12-11;14;1182
26;2025-12-11;15;1305
26;2025-12-11;16;1464
26;2025-12-11;17;1637
26;2025-12-11;18;1780
26;2025-12-11;19;1251
26;2025-12-11;20;748
26;2025-12-11;21;436
26;2025-12-11;22;235
26;2025-12-11;23;123
26;2025-12-12;0;35
26;2025-12-12;1;2
26;2025-12-12;2;0
26;2025-12-12;3;0
26;2025-12-12;4;0
26;2025-12-12;5;87
26;2025-12-12;6;492
26;2025-12-12;7;997
26;2025-12-12;8;2018
26;2025-12-12;9;1363
26;2025-12-12;10;1166
26;2025-12-12;11;1050
26;2025-12-12;12;1089
26;2025-12-12;13;1132
26;2025-12-12;14;1185
26;2025-12-12;15;1304
26;2025-12-12;16;1489
26;2025-12-12;17;1620
26;2025-12-12;18;1535
26;2025-12-12;19;1158
26;2025-12-12;20;710
26;2025-12-12;21;425
26;2025-12-12;22;233
26;2025-12-12;23;134
26;2025-12-13;0;46
26;2025-12-13;1;1
26;2025-12-13;2;0
26;2025-12-13;3;0
26;2025-12-13;4;2
26;2025-12-13;5;43
26;2025-12-13;6;258
26;2025-12-13;7;341
26;2025-12-13;8;538
26;2025-12-13;9;622
26;2025-12-13;10;706
26;2025-12-13;11;847
26;2025-12-13;12;967
26;2025-12-13;13;991
26;2025-12-13;14;978
26;2025-12-13;15;900
26;2025-12-13;16;884
26;2025-12-13;17;856
26;2025-12-13;18;844
26;2025-12-13;19;723
26;2025-12-13;20;511
26;2025-12-13;21;325
26;2025-12-13;22;229
26;2025-12-13;23;136
26;2025-12-14;0;44
26;2025-12-14;1;3
26;2025-12-14;2;0
26;2025-12-14;3;0
26;2025-12-14;4;0
26;2025-12-14;5;27
26;2025-12-14;6;150
26;2025-12-14;7;238
26;2025-12-14;8;367
26;2025-12-14;9;499
26;2025-12-14;10;567
26;2025-12-14;11;752
26;2025-12-14;12;844
26;2025-12-14;13;881
26;2025-12-14;14;871
26;2025-12-14;15;798
26;2025-12-14;16;785
26;2025-12-14;17;769
26;2025-12-14;18;723
26;2025-12-14;19;571
26;2025-12-14;20;406
26;2025-12-14;21;270
26;2025-12-14;22;197
26;2025-12-14;23;100
26;2025-12-15;0;26
26;2025-12-15;1;3
26;2025-12-15;2;0
26;2025-12-15;3;0
26;2025-12-15;4;0
26;2025-12-15;5;80
26;2025-12-15;6;493
26;2025-12-15;7;1017
26;2025-12-15;8;2088
26;2025-12-15;9;1410
26;2025-12-15;10;1154
26;2025-12-15;11;1038
26;2025-12-15;12;1065
26;2025-12-15;13;1119
26;2025-12-15;14;1161
26;2025-12-15;15;1285
26;2025-12-15;16;1443
26;2025-12-15;17;1616
26;2025-12-15;18;1752
26;2025-12-15;19;1222
26;2025-12-15;20;725
26;2025-12-15;21;406
26;2025-12-15;22;206
26;2025-12-15;23;94
26;2025-12-16;0;25
26;2025-12-16;1;1
26;2025-12-16;2;0
26;2025-12-16;3;0
26;2025-12-16;4;1
26;2025-12-16;5;86
26;2025-12-16;6;503
26;2025-12-16;7;1019
26;2025-12-16;8;2104
26;2025-12-16;9;1431
26;2025-12-16;10;1182
26;2025-12-16;11;1058
26;2025-12-16;12;1089
26;2025-12-16;13;1132
26;2025-12-16;14;1177
26;2025-12-16;15;1301
26;2025-12-16;16;1461
26;2025-12-16;17;1637
26;2025-12-16;18;1781
26;2025-12-16;19;1253
26;2025-12-16;20;750
26;2025-12-16;21;433
26;2025-12-16;22;231
26;2025-12-16;23;111
26;2025-12-17;0;26
26;2025-12-17;1;1
26;2025-12-17;2;0
26;2025-12-17;3;0
26;2025-12-17;4;1
26;2025-12-17;5;87
26;2025-12-17;6;503
26;2025-12-17;7;1014
26;2025-12-17;8;2096
26;2025-12-17;9;1430
26;2025-12-17;10;1179
26;2025-12-17;11;1057
26;2025-12-17;12;1086
26;2025-12-17;13;1132
26;2025-12-17;14;1180
26;2025-12-17;15;1302
26;2025-12-17;16;1461
26;2025-12-17;17;1635
26;2025-12-17;18;1776
26;2025-12-17;19;1251
26;2025-12-17;20;745
26;2025-12-17;21;435
26;2025-12-17;22;232
26;2025-12-17;23;116
26;2025-12-18;0;33
26;2025-12-18;1;3
26;2025-12-18;2;0
26;2025-12-18;3;0
26;2025-12-18;4;2
26;2025-12-18;5;87
26;2025-12-18;6;503
26;2025-12-18;7;1017
26;2025-12-18;8;2094
26;2025-12-18;9;1431
26;2025-12-18;10;1183
26;2025-12-18;11;1060
26;2025-12-18;12;1094
26;2025-12-18;13;1133
26;2025-12-18;14;1182
26;2025-12-18;15;1305
26;2025-12-18;16;1464
26;2025-12-18;17;1637
26;2025-12-18;18;1780
26;2025-12-18;19;1251
26;2025-12-18;20;748
26;2025-12-18;21;436
26;2025-12-18;22;235
26;2025-12-18;23;123
26;2025-12-19;0;35
26;2025-12-19;1;2
26;2025-12-19;2;0
26;2025-12-19;3;0
26;2025-12-19;4;0
26;2025-12-19;5;87
26;2025-12-19;6;492
26;2025-12-19;7;997
26;2025-12-19;8;2018
26;2025-12-19;9;1363
26;2025-12-19;10;1166
26;2025-12-19;11;1050
26;2025-12-19;12;1089
26;2025-12-19;13;1132
26;2025-12-19;14;1185
26;2025-12-19;15;1304
26;2025-12-19;16;1489
26;2025-12-19;17;1620
26;2025-12-19;18;1535
26;2025-12-19;19;1158
26;2025-12-19;20;710
26;2025-12-19;21;425
26;2025-12-19;22;233
26;2025-12-19;23;134
26;2025-12-20;0;46
26;2025-12-20;1;1
26;2025-12-20;2;0
26;2025-12-20;3;0
26;2025-12-20;4;2
26;2025-12-20;5;43
26;2025-12-20;6;258
26;2025-12-20;7;341
26;2025-12-20;8;538
26;2025-12-20;9;622
26;2025-12-20;10;706
26;2025-12-20;11;847
26;2025-12-20;12;967
26;2025-12-20;13;991
26;2025-12-20;14;978
26;2025-12-20;15;900
26;2025-12-20;16;884
26;2025-12-20;17;856
26;2025-12-20;18;844
26;2025-12-20;19;723
26;2025-12-20;20;511
26;2025-12-20;21;325
26;2025-12-20;22;229
26;2025-12-20;23;136
26;2025-12-21;0;44
26;2025-12-21;1;3
26;2025-12-21;2;0
26;2025-12-21;3;0
26;2025-12-21;4;0
26;2025-12-21;5;27
26;2025-12-21;6;150
26;2025-12-21;7;238
26;2025-12-21;8;367
26;2025-12-21;9;499
26;2025-12-21;10;567
26;2025-12-21;11;752
26;2025-12-21;12;844
26;2025-12-21;13;881
26;2025-12-21;14;871
26;2025-12-21;15;798
26;2025-12-21;16;785
26;2025-12-21;17;769
26;2025-12-21;18;723
26;2025-12-21;19;571
26;2025-12-21;20;406
26;2025-12-21;21;270
26;2025-12-21;22;197
26;2025-12-21;23;100
26;2025-12-22;0;26
26;2025-12-22;1;3
26;2025-12-22;2;0
26;2025-12-22;3;0
26;2025-12-22;4;0
26;2025-12-22;5;80
26;2025-12-22;6;493
26;2025-12-22;7;1017
26;2025-12-22;8;2088
26;2025-12-22;9;1410
26;2025-12-22;10;1154
26;2025-12-22;11;1038
26;2025-12-22;12;1065
26;2025-12-22;13;1119
26;2025-12-22;14;1161
26;2025-12-22;15;1285
26;2025-12-22;16;1443
26;2025-12-22;17;1616
26;2025-12-22;18;1752
26;2025-12-22;19;1222
26;2025-12-22;20;725
26;2025-12-22;21;406
26;2025-12-22;22;206
26;2025-12-22;23;94
26;2025-12-23;0;25
26;2025-12-23;1;1
26;2025-12-23;2;0
26;2025-12-23;3;0
26;2025-12-23;4;1
26;2025-12-23;5;86
26;2025-12-23;6;503
26;2025-12-23;7;1019
26;2025-12-23;8;2104
26;2025-12-23;9;1431
26;2025-12-23;10;1182
26;2025-12-23;11;1058
26;2025-12-23;12;1089
26;2025-12-23;13;1132
26;2025-12-23;14;1177
26;2025-12-23;15;1301
26;2025-12-23;16;1461
26;2025-12-23;17;1637
26;2025-12-23;18;1781
26;2025-12-23;19;1253
26;2025-12-23;20;750
26;2025-12-23;21;433
26;2025-12-23;22;231
26;2025-12-23;23;111
26;2025-12-24;0;26
26;2025-12-24;1;1
26;2025-12-24;2;0
26;2025-12-24;3;0
26;2025-12-24;4;1
26;2025-12-24;5;87
26;2025-12-24;6;503
26;2025-12-24;7;1014
26;2025-12-24;8;2096
26;2025-12-24;9;1430
26;2025-12-24;10;1179
26;2025-12-24;11;1057
26;2025-12-24;12;1086
26;2025-12-24;13;1132
26;2025-12-24;14;1180
26;2025-12-24;15;1302
26;2025-12-24;16;1461
26;2025-12-24;17;1635
26;2025-12-24;18;1776
26;2025-12-24;19;1251
26;2025-12-24;20;745
26;2025-12-24;21;435
26;2025-12-24;22;232
26;2025-12-24;23;116
26;2025-12-25;0;33
26;2025-12-25;1;3
26;2025-12-25;2;0
26;2025-12-25;3;0
26;2025-12-25;4;2
26;2025-12-25;5;87
26;2025-12-25;6;503
26;2025-12-25;7;1017
26;2025-12-25;8;2094
26;2025-12-25;9;1431
26;2025-12-25;10;1183
26;2025-12-25;11;1060
26;2025-12-25;12;1094
26;2025-12-25;13;1133
26;2025-12-25;14;1182
26;2025-12-25;15;1305
26;2025-12-25;16;1464
26;2025-12-25;17;1637
26;2025-12-25;18;1780
26;2025-12-25;19;1251
26;2025-12-25;20;748
26;2025-12-25;21;436
26;2025-12-25;22;235
26;2025-12-25;23;123
26;2025-12-26;0;35
26;2025-12-26;1;2
26;2025-12-26;2;0
26;2025-12-26;3;0
26;2025-12-26;4;0
26;2025-12-26;5;87
26;2025-12-26;6;492
26;2025-12-26;7;997
26;2025-12-26;8;2018
26;2025-12-26;9;1363
26;2025-12-26;10;1166
26;2025-12-26;11;1050
26;2025-12-26;12;1089
26;2025-12-26;13;1132
26;2025-12-26;14;1185
26;2025-12-26;15;1304
26;2025-12-26;16;1489
26;2025-12-26;17;1620
26;2025-12-26;18;1535
26;2025-12-26;19;1158
26;2025-12-26;20;710
26;2025-12-26;21;425
26;2025-12-26;22;233
26;2025-12-26;23;134
26;2025-12-27;0;46
26;2025-12-27;1;1
26;2025-12-27;2;0
26;2025-12-27;3;0
26;2025-12-27;4;2
26;2025-12-27;5;43
26;2025-12-27;6;258
26;2025-12-27;7;341
26;2025-12-27;8;538
26;2025-12-27;9;622
26;2025-12-27;10;706
26;2025-12-27;11;847
26;2025-12-27;12;967
26;2025-12-27;13;991
26;2025-12-27;14;978
26;2025-12-27;15;900
26;2025-12-27;16;884
26;2025-12-27;17;856
26;2025-12-27;18;844
26;2025-12-27;19;723
26;2025-12-27;20;511
26;2025-12-27;21;325
26;2025-12-27;22;229
26;2025-12-27;23;136
26;2025-12-28;0;44
26;2025-12-28;1;3
26;2025-12-28;2;0
26;2025-12-28;3;0
26;2025-12-28;4;0
26;2025-12-28;5;27
26;2025-12-28;6;150
26;2025-12-28;7;238
26;2025-12-28;8;367
26;2025-12-28;9;499
26;2025-12-28;10;567
26;2025-12-28;11;752
26;2025-12-28;12;844
26;2025-12-28;13;881
26;2025-12-28;14;871
26;2025-12-28;15;798
26;2025-12-28;16;785
26;2025-12-28;17;769
26;2025-12-28;18;723
26;2025-12-28;19;571
26;2025-12-28;20;406
26;2025-12-28;21;270
26;2025-12-28;22;197
26;2025-12-28;23;100
26;2025-12-29;0;26
26;2025-12-29;1;3
26;2025-12-29;2;0
26;2025-12-29;3;0
26;2025-12-29;4;0
26;2025-12-29;5;80
26;2025-12-29;6;493
26;2025-12-29;7;1017
26;2025-12-29;8;2088
26;2025-12-29;9;1410
26;2025-12-29;10;1154
26;2025-12-29;11;1038
26;2025-12-29;12;1065
26;2025-12-29;13;1119
26;2025-12-29;14;1161
26;2025-12-29;15;1285
26;2025-12-29;16;1443
26;2025-12-29;17;1616
26;2025-12-29;18;1752
26;2025-12-29;19;1222
26;2025-12-29;20;725
26;2025-12-29;21;406
26;2025-12-29;22;206
26;2025-12-29;23;94
26;2025-12-30;0;25
26;2025-12-30;1;1
26;2025-12-30;2;0
26;2025-12-30;3;0
26;2025-12-30;4;1
26;2025-12-30;5;86
26;2025-12-30;6;503
26;2025-12-30;7;1019
26;2025-12-30;8;2104
26;2025-12-30;9;1431
26;2025-12-30;10;1182
26;2025-12-30;11;1058
26;2025-12-30;12;1089
26;2025-12-30;13;1132
26;2025-12-30;14;1177
26;2025-12-30;15;1301
26;2025-12-30;16;1461
26;2025-12-30;17;1637
26;2025-12-30;18;1781
26;2025-12-30;19;1253
26;2025-12-30;20;750
26;2025-12-30;21;433
26;2025-12-30;22;231
26;2025-12-30;23;111
26;2025-12-31;0;21
26;2025-12-31;1;0
26;2025-12-31;2;0
26;2025-12-31;3;0
26;2025-12-31;4;0
26;2025-12-31;5;22
26;2025-12-31;6;268
26;2025-12-31;7;418
26;2025-12-31;8;935
26;2025-12-31;9;560
26;2025-12-31;10;552
26;2025-12-31;11;681
26;2025-12-31;12;695
26;2025-12-31;13;721
26;2025-12-31;14;794
26;2025-12-31;15;740
26;2025-12-31;16;815
26;2025-12-31;17;826
26;2025-12-31;18;842
26;2025-12-31;19;661
26;2025-12-31;20;447
26;2025-12-31;21;380
26;2025-12-31;22;183
26;2025-12-31;23;89
28;2025-11-01;0;14
28;2025-11-01;1;0
28;2025-11-01;2;0
28;2025-11-01;3;0
28;2025-11-01;4;0
28;2025-11-01;5;43
28;2025-11-01;6;135
28;2025-11-01;7;267
28;2025-11-01;8;813
28;2025-11-01;9;758
28;2025-11-01;10;664
28;2025-11-01;11;619
28;2025-11-01;12;743
28;2025-11-01;13;799
28;2025-11-01;14;726
28;2025-11-01;15;804
28;2025-11-01;16;920
28;2025-11-01;17;936
28;2025-11-01;18;884
28;2025-11-01;19;670
28;2025-11-01;20;403
28;2025-11-01;21;325
28;2025-11-01;22;149
28;2025-11-01;23;38
28;2025-11-02;0;3
28;2025-11-02;1;0
28;2025-11-02;2;0
28;2025-11-02;3;0
28;2025-11-02;4;0
28;2025-11-02;5;31
28;2025-11-02;6;76
28;2025-11-02;7;136
28;2025-11-02;8;266
28;2025-11-02;9;326
28;2025-11-02;10;377
28;2025-11-02;11;414
28;2025-11-02;12;475
28;2025-11-02;13;531
28;2025-11-02;14;507
28;2025-11-02;15;510
28;2025-11-02;16;489
28;2025-11-02;17;472
28;2025-11-02;18;415
28;2025-11-02;19;347
28;2025-11-02;20;293
28;2025-11-02;21;241
28;2025-11-02;22;108
28;2025-11-02;23;11
28;2025-11-03;0;0
28;2025-11-03;1;0
28;2025-11-03;2;0
28;2025-11-03;3;0
28;2025-11-03;4;0
28;2025-11-03;5;26
28;2025-11-03;6;130
28;2025-11-03;7;363
28;2025-11-03;8;542
28;2025-11-03;9;374
28;2025-11-03;10;394
28;2025-11-03;11;349
28;2025-11-03;12;432
28;2025-11-03;13;463
28;2025-11-03;14;460
28;2025-11-03;15;441
28;2025-11-03;16;458
28;2025-11-03;17;506
28;2025-11-03;18;448
28;2025-11-03;19;410
28;2025-11-03;20;373
28;2025-11-03;21;227
28;2025-11-03;22;87
28;2025-11-03;23;0
28;2025-11-04;0;2
28;2025-11-04;1;0
28;2025-11-04;2;0
28;2025-11-04;3;0
28;2025-11-04;4;4
28;2025-11-04;5;32
28;2025-11-04;6;119
28;2025-11-04;7;307
28;2025-11-04;8;276
28;2025-11-04;9;246
28;2025-11-04;10;338
28;2025-11-04;11;350
28;2025-11-04;12;388
28;2025-11-04;13;391
28;2025-11-04;14;384
28;2025-11-04;15;402
28;2025-11-04;16;375
28;2025-11-04;17;393
28;2025-11-04;18;306
28;2025-11-04;19;317
28;2025-11-04;20;363
28;2025-11-04;21;234
28;2025-11-04;22;98
28;2025-11-04;23;19
28;2025-11-05;0;0
28;2025-11-05;1;0
28;2025-11-05;2;0
28;2025-11-05;3;0
28;2025-11-05;4;2
28;2025-11-05;5;86
28;2025-11-05;6;265
28;2025-11-05;7;760
28;2025-11-05;8;1228
28;2025-11-05;9;865
28;2025-11-05;10;676
28;2025-11-05;11;602
28;2025-11-05;12;704
28;2025-11-05;13;729
28;2025-11-05;14;678
28;2025-11-05;15;710
28;2025-11-05;16;876
28;2025-11-05;17;1015
28;2025-11-05;18;985
28;2025-11-05;19;734
28;2025-11-05;20;493
28;2025-11-05;21;317
28;2025-11-05;22;145
28;2025-11-05;23;16
28;2025-11-06;0;0
28;2025-11-06;1;0
28;2025-11-06;2;0
28;2025-11-06;3;0
28;2025-11-06;4;3
28;2025-11-06;5;85
28;2025-11-06;6;269
28;2025-11-06;7;765
28;2025-11-06;8;1229
28;2025-11-06;9;867
28;2025-11-06;10;680
28;2025-11-06;11;604
28;2025-11-06;12;707
28;2025-11-06;13;730
28;2025-11-06;14;682
28;2025-11-06;15;712
28;2025-11-06;16;880
28;2025-11-06;17;1015
28;2025-11-06;18;987
28;2025-11-06;19;734
28;2025-11-06;20;499
28;2025-11-06;21;321
28;2025-11-06;22;148
28;2025-11-06;23;16
28;2025-11-07;0;0
28;2025-11-07;1;0
28;2025-11-07;2;0
28;2025-11-07;3;0
28;2025-11-07;4;2
28;2025-11-07;5;79
28;2025-11-07;6;264
28;2025-11-07;7;746
28;2025-11-07;8;1185
28;2025-11-07;9;828
28;2025-11-07;10;656
28;2025-11-07;11;593
28;2025-11-07;12;694
28;2025-11-07;13;720
28;2025-11-07;14;671
28;2025-11-07;15;711
28;2025-11-07;16;904
28;2025-11-07;17;996
28;2025-11-07;18;878
28;2025-11-07;19;670
28;2025-11-07;20;464
28;2025-11-07;21;316
28;2025-11-07;22;145
28;2025-11-07;23;16
28;2025-11-08;0;3
28;2025-11-08;1;0
28;2025-11-08;2;0
28;2025-11-08;3;0
28;2025-11-08;4;1
28;2025-11-08;5;38
28;2025-11-08;6;115
28;2025-11-08;7;216
28;2025-11-08;8;380
28;2025-11-08;9;457
28;2025-11-08;10;494
28;2025-11-08;11;480
28;2025-11-08;12;589
28;2025-11-08;13;606
28;2025-11-08;14;596
28;2025-11-08;15;586
28;2025-11-08;16;578
28;2025-11-08;17;582
28;2025-11-08;18;491
28;2025-11-08;19;408
28;2025-11-08;20;343
28;2025-11-08;21;283
28;2025-11-08;22;129
28;2025-11-08;23;22
28;2025-11-09;0;3
28;2025-11-09;1;0
28;2025-11-09;2;0
28;2025-11-09;3;0
28;2025-11-09;4;0
28;2025-11-09;5;31
28;2025-11-09;6;76
28;2025-11-09;7;136
28;2025-11-09;8;266
28;2025-11-09;9;326
28;2025-11-09;10;377
28;2025-11-09;11;414
28;2025-11-09;12;475
28;2025-11-09;13;531
28;2025-11-09;14;507
28;2025-11-09;15;510
28;2025-11-09;16;489
28;2025-11-09;17;472
28;2025-11-09;18;415
28;2025-11-09;19;347
28;2025-11-09;20;293
28;2025-11-09;21;241
28;2025-11-09;22;108
28;2025-11-09;23;11
28;2025-11-10;0;0
28;2025-11-10;1;0
28;2025-11-10;2;0
28;2025-11-10;3;0
28;2025-11-10;4;2
28;2025-11-10;5;80
28;2025-11-10;6;255
28;2025-11-10;7;746
28;2025-11-10;8;1199
28;2025-11-10;9;834
28;2025-11-10;10;638
28;2025-11-10;11;568
28;2025-11-10;12;666
28;2025-11-10;13;699
28;2025-11-10;14;650
28;2025-11-10;15;687
28;2025-11-10;16;853
28;2025-11-10;17;976
28;2025-11-10;18;964
28;2025-11-10;19;717
28;2025-11-10;20;489
28;2025-11-10;21;286
28;2025-11-10;22;121
28;2025-11-10;23;5
28;2025-11-11;0;0
28;2025-11-11;1;0
28;2025-11-11;2;0
28;2025-11-11;3;0
28;2025-11-11;4;3
28;2025-11-11;5;83
28;2025-11-11;6;267
28;2025-11-11;7;766
28;2025-11-11;8;1229
28;2025-11-11;9;866
28;2025-11-11;10;679
28;2025-11-11;11;602
28;2025-11-11;12;705
28;2025-11-11;13;729
28;2025-11-11;14;681
28;2025-11-11;15;710
28;2025-11-11;16;878
28;2025-11-11;17;1015
28;2025-11-11;18;987
28;2025-11-11;19;734
28;2025-11-11;20;498
28;2025-11-11;21;316
28;2025-11-11;22;143
28;2025-11-11;23;17
28;2025-11-12;0;0
28;2025-11-12;1;0
28;2025-11-12;2;0
28;2025-11-12;3;0
28;2025-11-12;4;2
28;2025-11-12;5;86
28;2025-11-12;6;265
28;2025-11-12;7;760
28;2025-11-12;8;1228
28;2025-11-12;9;865
28;2025-11-12;10;676
28;2025-11-12;11;602
28;2025-11-12;12;704
28;2025-11-12;13;729
28;2025-11-12;14;678
28;2025-11-12;15;710
28;2025-11-12;16;876
28;2025-11-12;17;1015
28;2025-11-12;18;985
28;2025-11-12;19;734
28;2025-11-12;20;493
28;2025-11-12;21;317
28;2025-11-12;22;145
28;2025-11-12;23;16
28;2025-11-13;0;0
28;2025-11-13;1;0
28;2025-11-13;2;0
28;2025-11-13;3;0
28;2025-11-13;4;3
28;2025-11-13;5;85
28;2025-11-13;6;269
28;2025-11-13;7;765
28;2025-11-13;8;1229
28;2025-11-13;9;867
28;2025-11-13;10;680
28;2025-11-13;11;604
28;2025-11-13;12;707
28;2025-11-13;13;730
28;2025-11-13;14;682
28;2025-11-13;15;712
28;2025-11-13;16;880
28;2025-11-13;17;1015
28;2025-11-13;18;987
28;2025-11-13;19;734
28;2025-11-13;20;499
28;2025-11-13;21;321
28;2025-11-13;22;148
28;2025-11-13;23;16
28;2025-11-14;0;0
28;2025-11-14;1;0
28;2025-11-14;2;0
28;2025-11-14;3;0
28;2025-11-14;4;2
28;2025-11-14;5;79
28;2025-11-14;6;264
28;2025-11-14;7;746
28;2025-11-14;8;1185
28;2025-11-14;9;828
28;2025-11-14;10;656
28;2025-11-14;11;593
28;2025-11-14;12;694
28;2025-11-14;13;720
28;2025-11-14;14;671
28;2025-11-14;15;711
28;2025-11-14;16;904
28;2025-11-14;17;996
28;2025-11-14;18;878
28;2025-11-14;19;670
28;2025-11-14;20;464
28;2025-11-14;21;316
28;2025-11-14;22;145
28;2025-11-14;23;16
28;2025-11-15;0;3
28;2025-11-15;1;0
28;2025-11-15;2;0
28;2025-11-15;3;0
28;2025-11-15;4;1
28;2025-11-15;5;38
28;2025-11-15;6;115
28;2025-11-15;7;216
28;2025-11-15;8;380
28;2025-11-15;9;457
28;2025-11-15;10;494
28;2025-11-15;11;480
28;2025-11-15;12;589
28;2025-11-15;13;606
28;2025-11-15;14;596
28;2025-11-15;15;586
28;2025-11-15;16;578
28;2025-11-15;17;582
28;2025-11-15;18;491
28;2025-11-15;19;408
28;2025-11-15;20;343
28;2025-11-15;21;283
28;2025-11-15;22;129
28;2025-11-15;23;22
28;2025-11-16;0;3
28;2025-11-16;1;0
28;2025-11-16;2;0
28;2025-11-16;3;0
28;2025-11-16;4;0
28;2025-11-16;5;31
28;2025-11-16;6;76
28;2025-11-16;7;136
28;2025-11-16;8;266
28;2025-11-16;9;326
28;2025-11-16;10;377
28;2025-11-16;11;414
28;2025-11-16;12;475
28;2025-11-16;13;531
28;2025-11-16;14;507
28;2025-11-16;15;510
28;2025-11-16;16;489
28;2025-11-16;17;472
28;2025-11-16;18;415
28;2025-11-16;19;347
28;2025-11-16;20;293
28;2025-11-16;21;241
28;2025-11-16;22;108
28;2025-11-16;23;11
28;2025-11-17;0;0
28;2025-11-17;1;0
28;2025-11-17;2;0
28;2025-11-17;3;0
28;2025-11-17;4;2
28;2025-11-17;5;80
28;2025-11-17;6;255
28;2025-11-17;7;746
28;2025-11-17;8;1199
28;2025-11-17;9;834
28;2025-11-17;10;638
28;2025-11-17;11;568
28;2025-11-17;12;666
28;2025-11-17;13;699
28;2025-11-17;14;650
28;2025-11-17;15;687
28;2025-11-17;16;853
28;2025-11-17;17;976
28;2025-11-17;18;964
28;2025-11-17;19;717
28;2025-11-17;20;489
28;2025-11-17;21;286
28;2025-11-17;22;121
28;2025-11-17;23;5
28;2025-11-18;0;0
28;2025-11-18;1;0
28;2025-11-18;2;0
28;2025-11-18;3;0
28;2025-11-18;4;3
28;2025-11-18;5;83
28;2025-11-18;6;267
28;2025-11-18;7;766
28;2025-11-18;8;1229
28;2025-11-18;9;866
28;2025-11-18;10;679
28;2025-11-18;11;602
28;2025-11-18;12;705
28;2025-11-18;13;729
28;2025-11-18;14;681
28;2025-11-18;15;710
28;2025-11-18;16;878
28;2025-11-18;17;1015
28;2025-11-18;18;987
28;2025-11-18;19;734
28;2025-11-18;20;498
28;2025-11-18;21;316
28;2025-11-18;22;143
28;2025-11-18;23;17
28;2025-11-19;0;0
28;2025-11-19;1;0
28;2025-11-19;2;0
28;2025-11-19;3;0
28;2025-11-19;4;2
28;2025-11-19;5;86
28;2025-11-19;6;265
28;2025-11-19;7;760
28;2025-11-19;8;1228
28;2025-11-19;9;865
28;2025-11-19;10;676
28;2025-11-19;11;602
28;2025-11-19;12;704
28;2025-11-19;13;729
28;2025-11-19;14;678
28;2025-11-19;15;710
28;2025-11-19;16;876
28;2025-11-19;17;1015
28;2025-11-19;18;985
28;2025-11-19;19;734
28;2025-11-19;20;493
28;2025-11-19;21;317
28;2025-11-19;22;145
28;2025-11-19;23;16
28;2025-11-20;0;0
28;2025-11-20;1;0
28;2025-11-20;2;0
28;2025-11-20;3;0
28;2025-11-20;4;3
28;2025-11-20;5;85
28;2025-11-20;6;269
28;2025-11-20;7;765
28;2025-11-20;8;1229
28;2025-11-20;9;867
28;2025-11-20;10;680
28;2025-11-20;11;604
28;2025-11-20;12;707
28;2025-11-20;13;730
28;2025-11-20;14;682
28;2025-11-20;15;712
28;2025-11-20;16;880
28;2025-11-20;17;1015
28;2025-11-20;18;987
28;2025-11-20;19;734
28;2025-11-20;20;499
28;2025-11-20;21;321
28;2025-11-20;22;148
28;2025-11-20;23;16
28;2025-11-21;0;0
28;2025-11-21;1;0
28;2025-11-21;2;0
28;2025-11-21;3;0
28;2025-11-21;4;2
28;2025-11-21;5;79
28;2025-11-21;6;264
28;2025-11-21;7;746
28;2025-11-21;8;1185
28;2025-11-21;9;828
28;2025-11-21;10;656
28;2025-11-21;11;593
28;2025-11-21;12;694
28;2025-11-21;13;720
28;2025-11-21;14;671
28;2025-11-21;15;711
28;2025-11-21;16;904
28;2025-11-21;17;996
28;2025-11-21;18;878
28;2025-11-21;19;670
28;2025-11-21;20;464
28;2025-11-21;21;316
28;2025-11-21;22;145
28;2025-11-21;23;16
28;2025-11-22;0;3
28;2025-11-22;1;0
28;2025-11-22;2;0
28;2025-11-22;3;0
28;2025-11-22;4;1
28;2025-11-22;5;38
28;2025-11-22;6;115
28;2025-11-22;7;216
28;2025-11-22;8;380
28;2025-11-22;9;457
28;2025-11-22;10;494
28;2025-11-22;11;480
28;2025-11-22;12;589
28;2025-11-22;13;606
28;2025-11-22;14;596
28;2025-11-22;15;586
28;2025-11-22;16;578
28;2025-11-22;17;582
28;2025-11-22;18;491
28;2025-11-22;19;408
28;2025-11-22;20;343
28;2025-11-22;21;283
28;2025-11-22;22;129
28;2025-11-22;23;22
28;2025-11-23;0;3
28;2025-11-23;1;0
28;2025-11-23;2;0
28;2025-11-23;3;0
28;2025-11-23;4;0
28;2025-11-23;5;31
28;2025-11-23;6;76
28;2025-11-23;7;136
28;2025-11-23;8;266
28;2025-11-23;9;326
28;2025-11-23;10;377
28;2025-11-23;11;414
28;2025-11-23;12;475
28;2025-11-23;13;531
28;2025-11-23;14;507
28;2025-11-23;15;510
28;2025-11-23;16;489
28;2025-11-23;17;472
28;2025-11-23;18;415
28;2025-11-23;19;347
28;2025-11-23;20;293
28;2025-11-23;21;241
28;2025-11-23;22;108
28;2025-11-23;23;11
28;2025-11-24;0;0
28;2025-11-24;1;0
28;2025-11-24;2;0
28;2025-11-24;3;0
28;2025-11-24;4;2
28;2025-11-24;5;80
28;2025-11-24;6;255
28;2025-11-24;7;746
28;2025-11-24;8;1199
28;2025-11-24;9;834
28;2025-11-24;10;638
28;2025-11-24;11;568
28;2025-11-24;12;666
28;2025-11-24;13;699
28;2025-11-24;14;650
28;2025-11-24;15;687
28;2025-11-24;16;853
28;2025-11-24;17;976
28;2025-11-24;18;964
28;2025-11-24;19;717
28;2025-11-24;20;489
28;2025-11-24;21;286
28;2025-11-24;22;121
28;2025-11-24;23;5
28;2025-11-25;0;0
28;2025-11-25;1;0
28;2025-11-25;2;0
28;2025-11-25;3;0
28;2025-11-25;4;3
28;2025-11-25;5;83
28;2025-11-25;6;267
28;2025-11-25;7;766
28;2025-11-25;8;1229
28;2025-11-25;9;866
28;2025-11-25;10;679
28;2025-11-25;11;602
28;2025-11-25;12;705
28;2025-11-25;13;729
28;2025-11-25;14;681
28;2025-11-25;15;710
28;2025-11-25;16;878
28;2025-11-25;17;1015
28;2025-11-25;18;987
28;2025-11-25;19;734
28;2025-11-25;20;498
28;2025-11-25;21;316
28;2025-11-25;22;143
28;2025-11-25;23;17
28;2025-11-26;0;0
28;2025-11-26;1;0
28;2025-11-26;2;0
28;2025-11-26;3;0
28;2025-11-26;4;2
28;2025-11-26;5;86
28;2025-11-26;6;265
28;2025-11-26;7;760
28;2025-11-26;8;1228
28;2025-11-26;9;865
28;2025-11-26;10;676
28;2025-11-26;11;602
28;2025-11-26;12;704
28;2025-11-26;13;729
28;2025-11-26;14;678
28;2025-11-26;15;710
28;2025-11-26;16;876
28;2025-11-26;17;1015
28;2025-11-26;18;985
28;2025-11-26;19;734
28;2025-11-26;20;493
28;2025-11-26;21;317
28;2025-11-26;22;145
28;2025-11-26;23;16
28;2025-11-27;0;0
28;2025-11-27;1;0
28;2025-11-27;2;0
28;2025-11-27;3;0
28;2025-11-27;4;3
28;2025-11-27;5;85
28;2025-11-27;6;269
28;2025-11-27;7;765
28;2025-11-27;8;1229
28;2025-11-27;9;867
28;2025-11-27;10;680
28;2025-11-27;11;604
28;2025-11-27;12;707
28;2025-11-27;13;730
28;2025-11-27;14;682
28;2025-11-27;15;712
28;2025-11-27;16;880
28;2025-11-27;17;1015
28;2025-11-27;18;987
28;2025-11-27;19;734
28;2025-11-27;20;499
28;2025-11-27;21;321
28;2025-11-27;22;148
28;2025-11-27;23;16
28;2025-11-28;0;0
28;2025-11-28;1;0
28;2025-11-28;2;0
28;2025-11-28;3;0
28;2025-11-28;4;2
28;2025-11-28;5;79
28;2025-11-28;6;264
28;2025-11-28;7;746
28;2025-11-28;8;1185
28;2025-11-28;9;828
28;2025-11-28;10;656
28;2025-11-28;11;593
28;2025-11-28;12;694
28;2025-11-28;13;720
28;2025-11-28;14;671
28;2025-11-28;15;711
28;2025-11-28;16;904
28;2025-11-28;17;996
28;2025-11-28;18;878
28;2025-11-28;19;670
28;2025-11-28;20;464
28;2025-11-28;21;316
28;2025-11-28;22;145
28;2025-11-28;23;16
28;2025-11-29;0;3
28;2025-11-29;1;0
28;2025-11-29;2;0
28;2025-11-29;3;0
28;2025-11-29;4;1
28;2025-11-29;5;38
28;2025-11-29;6;115
28;2025-11-29;7;216
28;2025-11-29;8;380
28;2025-11-29;9;457
28;2025-11-29;10;494
28;2025-11-29;11;480
28;2025-11-29;12;589
28;2025-11-29;13;606
28;2025-11-29;14;596
28;2025-11-29;15;586
28;2025-11-29;16;578
28;2025-11-29;17;582
28;2025-11-29;18;491
28;2025-11-29;19;408
28;2025-11-29;20;343
28;2025-11-29;21;283
28;2025-11-29;22;129
28;2025-11-29;23;22
28;2025-11-30;0;3
28;2025-11-30;1;0
28;2025-11-30;2;0
28;2025-11-30;3;0
28;2025-11-30;4;0
28;2025-11-30;5;31
28;2025-11-30;6;76
28;2025-11-30;7;136
28;2025-11-30;8;266
28;2025-11-30;9;326
28;2025-11-30;10;377
28;2025-11-30;11;414
28;2025-11-30;12;475
28;2025-11-30;13;531
28;2025-11-30;14;507
28;2025-11-30;15;510
28;2025-11-30;16;489
28;2025-11-30;17;472
28;2025-11-30;18;415
28;2025-11-30;19;347
28;2025-11-30;20;293
28;2025-11-30;21;241
28;2025-11-30;22;108
28;2025-11-30;23;11
28;2025-12-01;0;0
28;2025-12-01;1;0
28;2025-12-01;2;0
28;2025-12-01;3;0
28;2025-12-01;4;1
28;2025-12-01;5;70
28;2025-12-01;6;244
28;2025-12-01;7;725
28;2025-12-01;8;1142
28;2025-12-01;9;816
28;2025-12-01;10;598
28;2025-12-01;11;523
28;2025-12-01;12;620
28;2025-12-01;13;675
28;2025-12-01;14;627
28;2025-12-01;15;664
28;2025-12-01;16;817
28;2025-12-01;17;939
28;2025-12-01;18;940
28;2025-12-01;19;694
28;2025-12-01;20;456
28;2025-12-01;21;279
28;2025-12-01;22;115
28;2025-12-01;23;17
28;2025-12-02;0;0
28;2025-12-02;1;0
28;2025-12-02;2;0
28;2025-12-02;3;0
28;2025-12-02;4;3
28;2025-12-02;5;74
28;2025-12-02;6;250
28;2025-12-02;7;740
28;2025-12-02;8;1154
28;2025-12-02;9;836
28;2025-12-02;10;629
28;2025-12-02;11;545
28;2025-12-02;12;648
28;2025-12-02;13;699
28;2025-12-02;14;651
28;2025-12-02;15;681
28;2025-12-02;16;833
28;2025-12-02;17;956
28;2025-12-02;18;958
28;2025-12-02;19;709
28;2025-12-02;20;464
28;2025-12-02;21;303
28;2025-12-02;22;139
28;2025-12-02;23;22
28;2025-12-03;0;0
28;2025-12-03;1;0
28;2025-12-03;2;0
28;2025-12-03;3;0
28;2025-12-03;4;2
28;2025-12-03;5;77
28;2025-12-03;6;249
28;2025-12-03;7;734
28;2025-12-03;8;1154
28;2025-12-03;9;835
28;2025-12-03;10;625
28;2025-12-03;11;545
28;2025-12-03;12;647
28;2025-12-03;13;698
28;2025-12-03;14;649
28;2025-12-03;15;681
28;2025-12-03;16;831
28;2025-12-03;17;957
28;2025-12-03;18;956
28;2025-12-03;19;709
28;2025-12-03;20;458
28;2025-12-03;21;304
28;2025-12-03;22;141
28;2025-12-03;23;21
28;2025-12-04;0;0
28;2025-12-04;1;0
28;2025-12-04;2;0
28;2025-12-04;3;0
28;2025-12-04;4;3
28;2025-12-04;5;76
28;2025-12-04;6;252
28;2025-12-04;7;740
28;2025-12-04;8;1155
28;2025-12-04;9;837
28;2025-12-04;10;629
28;2025-12-04;11;547
28;2025-12-04;12;650
28;2025-12-04;13;699
28;2025-12-04;14;653
28;2025-12-04;15;683
28;2025-12-04;16;834
28;2025-12-04;17;957
28;2025-12-04;18;959
28;2025-12-04;19;709
28;2025-12-04;20;464
28;2025-12-04;21;307
28;2025-12-04;22;144
28;2025-12-04;23;21
28;2025-12-05;0;0
28;2025-12-05;1;0
28;2025-12-05;2;0
28;2025-12-05;3;0
28;2025-12-05;4;2
28;2025-12-05;5;70
28;2025-12-05;6;248
28;2025-12-05;7;720
28;2025-12-05;8;1113
28;2025-12-05;9;800
28;2025-12-05;10;608
28;2025-12-05;11;538
28;2025-12-05;12;639
28;2025-12-05;13;692
28;2025-12-05;14;644
28;2025-12-05;15;683
28;2025-12-05;16;859
28;2025-12-05;17;940
28;2025-12-05;18;849
28;2025-12-05;19;647
28;2025-12-05;20;432
28;2025-12-05;21;304
28;2025-12-05;22;141
28;2025-12-05;23;23
28;2025-12-06;0;0
28;2025-12-06;1;0
28;2025-12-06;2;0
28;2025-12-06;3;0
28;2025-12-06;4;1
28;2025-12-06;5;39
28;2025-12-06;6;102
28;2025-12-06;7;204
28;2025-12-06;8;310
28;2025-12-06;9;423
28;2025-12-06;10;448
28;2025-12-06;11;437
28;2025-12-06;12;530
28;2025-12-06;13;574
28;2025-12-06;14;564
28;2025-12-06;15;556
28;2025-12-06;16;535
28;2025-12-06;17;529
28;2025-12-06;18;464
28;2025-12-06;19;402
28;2025-12-06;20;320
28;2025-12-06;21;264
28;2025-12-06;22;130
28;2025-12-06;23;17
28;2025-12-07;0;1
28;2025-12-07;1;0
28;2025-12-07;2;0
28;2025-12-07;3;0
28;2025-12-07;4;0
28;2025-12-07;5;30
28;2025-12-07;6;75
28;2025-12-07;7;134
28;2025-12-07;8;216
28;2025-12-07;9;305
28;2025-12-07;10;347
28;2025-12-07;11;390
28;2025-12-07;12;432
28;2025-12-07;13;511
28;2025-12-07;14;481
28;2025-12-07;15;485
28;2025-12-07;16;460
28;2025-12-07;17;446
28;2025-12-07;18;398
28;2025-12-07;19;342
28;2025-12-07;20;278
28;2025-12-07;21;228
28;2025-12-07;22;109
28;2025-12-07;23;14
28;2025-12-08;0;0
28;2025-12-08;1;0
28;2025-12-08;2;0
28;2025-12-08;3;0
28;2025-12-08;4;1
28;2025-12-08;5;70
28;2025-12-08;6;244
28;2025-12-08;7;725
28;2025-12-08;8;1142
28;2025-12-08;9;816
28;2025-12-08;10;598
28;2025-12-08;11;523
28;2025-12-08;12;620
28;2025-12-08;13;675
28;2025-12-08;14;627
28;2025-12-08;15;664
28;2025-12-08;16;817
28;2025-12-08;17;939
28;2025-12-08;18;940
28;2025-12-08;19;694
28;2025-12-08;20;456
28;2025-12-08;21;279
28;2025-12-08;22;115
28;2025-12-08;23;17
28;2025-12-09;0;0
28;2025-12-09;1;0
28;2025-12-09;2;0
28;2025-12-09;3;0
28;2025-12-09;4;3
28;2025-12-09;5;74
28;2025-12-09;6;250
28;2025-12-09;7;740
28;2025-12-09;8;1154
28;2025-12-09;9;836
28;2025-12-09;10;629
28;2025-12-09;11;545
28;2025-12-09;12;648
28;2025-12-09;13;699
28;2025-12-09;14;651
28;2025-12-09;15;681
28;2025-12-09;16;833
28;2025-12-09;17;956
28;2025-12-09;18;958
28;2025-12-09;19;709
28;2025-12-09;20;464
28;2025-12-09;21;303
28;2025-12-09;22;139
28;2025-12-09;23;22
28;2025-12-10;0;0
28;2025-12-10;1;0
28;2025-12-10;2;0
28;2025-12-10;3;0
28;2025-12-10;4;2
28;2025-12-10;5;77
28;2025-12-10;6;249
28;2025-12-10;7;734
28;2025-12-10;8;1154
28;2025-12-10;9;835
28;2025-12-10;10;625
28;2025-12-10;11;545
28;2025-12-10;12;647
28;2025-12-10;13;698
28;2025-12-10;14;649
28;2025-12-10;15;681
28;2025-12-10;16;831
28;2025-12-10;17;957
28;2025-12-10;18;956
28;2025-12-10;19;709
28;2025-12-10;20;458
28;2025-12-10;21;304
28;2025-12-10;22;141
28;2025-12-10;23;21
28;2025-12-11;0;0
28;2025-12-11;1;0
28;2025-12-11;2;0
28;2025-12-11;3;0
28;2025-12-11;4;3
28;2025-12-11;5;76
28;2025-12-11;6;252
28;2025-12-11;7;740
28;2025-12-11;8;1155
28;2025-12-11;9;837
28;2025-12-11;10;629
28;2025-12-11;11;547
28;2025-12-11;12;650
28;2025-12-11;13;699
28;2025-12-11;14;653
28;2025-12-11;15;683
28;2025-12-11;16;834
28;2025-12-11;17;957
28;2025-12-11;18;959
28;2025-12-11;19;709
28;2025-12-11;20;464
28;2025-12-11;21;307
28;2025-12-11;22;144
28;2025-12-11;23;21
28;2025-12-12;0;0
28;2025-12-12;1;0
28;2025-12-12;2;0
28;2025-12-12;3;0
28;2025-12-12;4;2
28;2025-12-12;5;70
28;2025-12-12;6;248
28;2025-12-12;7;720
28;2025-12-12;8;1113
28;2025-12-12;9;800
28;2025-12-12;10;608
28;2025-12-12;11;538
28;2025-12-12;12;639
28;2025-12-12;13;692
28;2025-12-12;14;644
28;2025-12-12;15;683
28;2025-12-12;16;859
28;2025-12-12;17;940
28;2025-12-12;18;849
28;2025-12-12;19;647
28;2025-12-12;20;432
28;2025-12-12;21;304
28;2025-12-12;22;141
28;2025-12-12;23;23
28;2025-12-13;0;0
28;2025-12-13;1;0
28;2025-12-13;2;0
28;2025-12-13;3;0
28;2025-12-13;4;1
28;2025-12-13;5;39
28;2025-12-13;6;102
28;2025-12-13;7;204
28;2025-12-13;8;310
28;2025-12-13;9;423
28;2025-12-13;10;448
28;2025-12-13;11;437
28;2025-12-13;12;530
28;2025-12-13;13;574
28;2025-12-13;14;564
28;2025-12-13;15;556
28;2025-12-13;16;535
28;2025-12-13;17;529
28;2025-12-13;18;464
28;2025-12-13;19;402
28;2025-12-13;20;320
28;2025-12-13;21;264
28;2025-12-13;22;130
28;2025-12-13;23;17
28;2025-12-14;0;1
28;2025-12-14;1;0
28;2025-12-14;2;0
28;2025-12-14;3;0
28;2025-12-14;4;0
28;2025-12-14;5;30
28;2025-12-14;6;75
28;2025-12-14;7;134
28;2025-12-14;8;216
28;2025-12-14;9;305
28;2025-12-14;10;347
28;2025-12-14;11;390
28;2025-12-14;12;432
28;2025-12-14;13;511
28;2025-12-14;14;481
28;2025-12-14;15;485
28;2025-12-14;16;460
28;2025-12-14;17;446
28;2025-12-14;18;398
28;2025-12-14;19;342
28;2025-12-14;20;278
28;2025-12-14;21;228
28;2025-12-14;22;109
28;2025-12-14;23;14
28;2025-12-15;0;0
28;2025-12-15;1;0
28;2025-12-15;2;0
28;2025-12-15;3;0
28;2025-12-15;4;1
28;2025-12-15;5;70
28;2025-12-15;6;244
28;2025-12-15;7;725
28;2025-12-15;8;1142
28;2025-12-15;9;816
28;2025-12-15;10;598
28;2025-12-15;11;523
28;2025-12-15;12;620
28;2025-12-15;13;675
28;2025-12-15;14;627
28;2025-12-15;15;664
28;2025-12-15;16;817
28;2025-12-15;17;939
28;2025-12-15;18;940
28;2025-12-15;19;694
28;2025-12-15;20;456
28;2025-12-15;21;279
28;2025-12-15;22;115
28;2025-12-15;23;17
28;2025-12-16;0;0
28;2025-12-16;1;0
28;2025-12-16;2;0
28;2025-12-16;3;0
28;2025-12-16;4;3
28;2025-12-16;5;74
28;2025-12-16;6;250
28;2025-12-16;7;740
28;2025-12-16;8;1154
28;2025-12-16;9;836
28;2025-12-16;10;629
28;2025-12-16;11;545
28;2025-12-16;12;648
28;2025-12-16;13;699
28;2025-12-16;14;651
28;2025-12-16;15;681
28;2025-12-16;16;833
28;2025-12-16;17;956
28;2025-12-16;18;958
28;2025-12-16;19;709
28;2025-12-16;20;464
28;2025-12-16;21;303
28;2025-12-16;22;139
28;2025-12-16;23;22
28;2025-12-17;0;0
28;2025-12-17;1;0
28;2025-12-17;2;0
28;2025-12-17;3;0
28;2025-12-17;4;2
28;2025-12-17;5;77
28;2025-12-17;6;249
28;2025-12-17;7;734
28;2025-12-17;8;1154
28;2025-12-17;9;835
28;2025-12-17;10;625
28;2025-12-17;11;545
28;2025-12-17;12;647
28;2025-12-17;13;698
28;2025-12-17;14;649
28;2025-12-17;15;681
28;2025-12-17;16;831
28;2025-12-17;17;957
28;2025-12-17;18;956
28;2025-12-17;19;709
28;2025-12-17;20;458
28;2025-12-17;21;304
28;2025-12-17;22;141
28;2025-12-17;23;21
28;2025-12-18;0;0
28;2025-12-18;1;0
28;2025-12-18;2;0
28;2025-12-18;3;0
28;2025-12-18;4;3
28;2025-12-18;5;76
28;2025-12-18;6;252
28;2025-12-18;7;740
28;2025-12-18;8;1155
28;2025-12-18;9;837
28;2025-12-18;10;629
28;2025-12-18;11;547
28;2025-12-18;12;650
28;2025-12-18;13;699
28;2025-12-18;14;653
28;2025-12-18;15;683
28;2025-12-18;16;834
28;2025-12-18;17;957
28;2025-12-18;18;959
28;2025-12-18;19;709
28;2025-12-18;20;464
28;2025-12-18;21;307
28;2025-12-18;22;144
28;2025-12-18;23;21
28;2025-12-19;0;0
28;2025-12-19;1;0
28;2025-12-19;2;0
28;2025-12-19;3;0
28;2025-12-19;4;2
28;2025-12-19;5;70
28;2025-12-19;6;248
28;2025-12-19;7;720
28;2025-12-19;8;1113
28;2025-12-19;9;800
28;2025-12-19;10;608
28;2025-12-19;11;538
28;2025-12-19;12;639
28;2025-12-19;13;692
28;2025-12-19;14;644
28;2025-12-19;15;683
28;2025-12-19;16;859
28;2025-12-19;17;940
28;2025-12-19;18;849
28;2025-12-19;19;647
28;2025-12-19;20;432
28;2025-12-19;21;304
28;2025-12-19;22;141
28;2025-12-19;23;23
28;2025-12-20;0;0
28;2025-12-20;1;0
28;2025-12-20;2;0
28;2025-12-20;3;0
28;2025-12-20;4;1
28;2025-12-20;5;39
28;2025-12-20;6;102
28;2025-12-20;7;204
28;2025-12-20;8;310
28;2025-12-20;9;423
28;2025-12-20;10;448
28;2025-12-20;11;437
28;2025-12-20;12;530
28;2025-12-20;13;574
28;2025-12-20;14;564
28;2025-12-20;15;556
28;2025-12-20;16;535
28;2025-12-20;17;529
28;2025-12-20;18;464
28;2025-12-20;19;402
28;2025-12-20;20;320
28;2025-12-20;21;264
28;2025-12-20;22;130
28;2025-12-20;23;17
28;2025-12-21;0;1
28;2025-12-21;1;0
28;2025-12-21;2;0
28;2025-12-21;3;0
28;2025-12-21;4;0
28;2025-12-21;5;30
28;2025-12-21;6;75
28;2025-12-21;7;134
28;2025-12-21;8;216
28;2025-12-21;9;305
28;2025-12-21;10;347
28;2025-12-21;11;390
28;2025-12-21;12;432
28;2025-12-21;13;511
28;2025-12-21;14;481
28;2025-12-21;15;485
28;2025-12-21;16;460
28;2025-12-21;17;446
28;2025-12-21;18;398
28;2025-12-21;19;342
28;2025-12-21;20;278
28;2025-12-21;21;228
28;2025-12-21;22;109
28;2025-12-21;23;14
28;2025-12-22;0;0
28;2025-12-22;1;0
28;2025-12-22;2;0
28;2025-12-22;3;0
28;2025-12-22;4;1
28;2025-12-22;5;70
28;2025-12-22;6;244
28;2025-12-22;7;725
28;2025-12-22;8;1142
28;2025-12-22;9;816
28;2025-12-22;10;598
28;2025-12-22;11;523
28;2025-12-22;12;620
28;2025-12-22;13;675
28;2025-12-22;14;627
28;2025-12-22;15;664
28;2025-12-22;16;817
28;2025-12-22;17;939
28;2025-12-22;18;940
28;2025-12-22;19;694
28;2025-12-22;20;456
28;2025-12-22;21;279
28;2025-12-22;22;115
28;2025-12-22;23;17
28;2025-12-23;0;0
28;2025-12-23;1;0
28;2025-12-23;2;0
28;2025-12-23;3;0
28;2025-12-23;4;3
28;2025-12-23;5;74
28;2025-12-23;6;250
28;2025-12-23;7;740
28;2025-12-23;8;1154
28;2025-12-23;9;836
28;2025-12-23;10;629
28;2025-12-23;11;545
28;2025-12-23;12;648
28;2025-12-23;13;699
28;2025-12-23;14;651
28;2025-12-23;15;681
28;2025-12-23;16;833
28;2025-12-23;17;956
28;2025-12-23;18;958
28;2025-12-23;19;709
28;2025-12-23;20;464
28;2025-12-23;21;303
28;2025-12-23;22;139
28;2025-12-23;23;22
28;2025-12-24;0;0
28;2025-12-24;1;0
28;2025-12-24;2;0
28;2025-12-24;3;0
28;2025-12-24;4;2
28;2025-12-24;5;77
28;2025-12-24;6;249
28;2025-12-24;7;734
28;2025-12-24;8;1154
28;2025-12-24;9;835
28;2025-12-24;10;625
28;2025-12-24;11;545
28;2025-12-24;12;647
28;2025-12-24;13;698
28;2025-12-24;14;649
28;2025-12-24;15;681
28;2025-12-24;16;831
28;2025-12-24;17;957
28;2025-12-24;18;956
28;2025-12-24;19;709
28;2025-12-24;20;458
28;2025-12-24;21;304
28;2025-12-24;22;141
28;2025-12-24;23;21
28;2025-12-25;0;0
28;2025-12-25;1;0
28;2025-12-25;2;0
28;2025-12-25;3;0
28;2025-12-25;4;3
28;2025-12-25;5;76
28;2025-12-25;6;252
28;2025-12-25;7;740
28;2025-12-25;8;1155
28;2025-12-25;9;837
28;2025-12-25;10;629
28;2025-12-25;11;547
28;2025-12-25;12;650
28;2025-12-25;13;699
28;2025-12-25;14;653
28;2025-12-25;15;683
28;2025-12-25;16;834
28;2025-12-25;17;957
28;2025-12-25;18;959
28;2025-12-25;19;709
28;2025-12-25;20;464
28;2025-12-25;21;307
28;2025-12-25;22;144
28;2025-12-25;23;21
28;2025-12-26;0;0
28;2025-12-26;1;0
28;2025-12-26;2;0
28;2025-12-26;3;0
28;2025-12-26;4;2
28;2025-12-26;5;70
28;2025-12-26;6;248
28;2025-12-26;7;720
28;2025-12-26;8;1113
28;2025-12-26;9;800
28;2025-12-26;10;608
28;2025-12-26;11;538
28;2025-12-26;12;639
28;2025-12-26;13;692
28;2025-12-26;14;644
28;2025-12-26;15;683
28;2025-12-26;16;859
28;2025-12-26;17;940
28;2025-12-26;18;849
28;2025-12-26;19;647
28;2025-12-26;20;432
28;2025-12-26;21;304
28;2025-12-26;22;141
28;2025-12-26;23;23
28;2025-12-27;0;0
28;2025-12-27;1;0
28;2025-12-27;2;0
28;2025-12-27;3;0
28;2025-12-27;4;1
28;2025-12-27;5;39
28;2025-12-27;6;102
28;2025-12-27;7;204
28;2025-12-27;8;310
28;2025-12-27;9;423
28;2025-12-27;10;448
28;2025-12-27;11;437
28;2025-12-27;12;530
28;2025-12-27;13;574
28;2025-12-27;14;564
28;2025-12-27;15;556
28;2025-12-27;16;535
28;2025-12-27;17;529
28;2025-12-27;18;464
28;2025-12-27;19;402
28;2025-12-27;20;320
28;2025-12-27;21;264
28;2025-12-27;22;130
28;2025-12-27;23;17
28;2025-12-28;0;1
28;2025-12-28;1;0
28;2025-12-28;2;0
28;2025-12-28;3;0
28;2025-12-28;4;0
28;2025-12-28;5;30
28;2025-12-28;6;75
28;2025-12-28;7;134
28;2025-12-28;8;216
28;2025-12-28;9;305
28;2025-12-28;10;347
28;2025-12-28;11;390
28;2025-12-28;12;432
28;2025-12-28;13;511
28;2025-12-28;14;481
28;2025-12-28;15;485
28;2025-12-28;16;460
28;2025-12-28;17;446
28;2025-12-28;18;398
28;2025-12-28;19;342
28;2025-12-28;20;278
28;2025-12-28;21;228
28;2025-12-28;22;109
28;2025-12-28;23;14
28;2025-12-29;0;0
28;2025-12-29;1;0
28;2025-12-29;2;0
28;2025-12-29;3;0
28;2025-12-29;4;1
28;2025-12-29;5;70
28;2025-12-29;6;244
28;2025-12-29;7;725
28;2025-12-29;8;1142
28;2025-12-29;9;816
28;2025-12-29;10;598
28;2025-12-29;11;523
28;2025-12-29;12;620
28;2025-12-29;13;675
28;2025-12-29;14;627
28;2025-12-29;15;664
28;2025-12-29;16;817
28;2025-12-29;17;939
28;2025-12-29;18;940
28;2025-12-29;19;694
28;2025-12-29;20;456
28;2025-12-29;21;279
28;2025-12-29;22;115
28;2025-12-29;23;17
28;2025-12-30;0;0
28;2025-12-30;1;0
28;2025-12-30;2;0
28;2025-12-30;3;0
28;2025-12-30;4;3
28;2025-12-30;5;74
28;2025-12-30;6;250
28;2025-12-30;7;740
28;2025-12-30;8;1154
28;2025-12-30;9;836
28;2025-12-30;10;629
28;2025-12-30;11;545
28;2025-12-30;12;648
28;2025-12-30;13;699
28;2025-12-30;14;651
28;2025-12-30;15;681
28;2025-12-30;16;833
28;2025-12-30;17;956
28;2025-12-30;18;958
28;2025-12-30;19;709
28;2025-12-30;20;464
28;2025-12-30;21;303
28;2025-12-30;22;139
28;2025-12-30;23;22
28;2025-12-31;0;0
28;2025-12-31;1;0
28;2025-12-31;2;0
28;2025-12-31;3;0
28;2025-12-31;4;0
28;2025-12-31;5;27
28;2025-12-31;6;122
28;2025-12-31;7;338
28;2025-12-31;8;506
28;2025-12-31;9;361
28;2025-12-31;10;377
28;2025-12-31;11;325
28;2025-12-31;12;412
28;2025-12-31;13;460
28;2025-12-31;14;459
28;2025-12-31;15;434
28;2025-12-31;16;436
28;2025-12-31;17;488
28;2025-12-31;18;442
28;2025-12-31;19;405
28;2025-12-31;20;351
28;2025-12-31;21;245
28;2025-12-31;22;108
28;2025-12-31;23;0
50;2025-11-01;0;61
50;2025-11-01;1;4
50;2025-11-01;2;0
50;2025-11-01;3;0
50;2025-11-01;4;0
50;2025-11-01;5;40
50;2025-11-01;6;191
50;2025-11-01;7;651
50;2025-11-01;8;2014
50;2025-11-01;9;1893
50;2025-11-01;10;1585
50;2025-11-01;11;1559
50;2025-11-01;12;1497
50;2025-11-01;13;1561
50;2025-11-01;14;1532
50;2025-11-01;15;1725
50;2025-11-01;16;1804
50;2025-11-01;17;2179
50;2025-11-01;18;2034
50;2025-11-01;19;1347
50;2025-11-01;20;866
50;2025-11-01;21;439
50;2025-11-01;22;277
50;2025-11-01;23;199
50;2025-11-02;0;52
50;2025-11-02;1;2
50;2025-11-02;2;0
50;2025-11-02;3;0
50;2025-11-02;4;1
50;2025-11-02;5;22
50;2025-11-02;6;125
50;2025-11-02;7;235
50;2025-11-02;8;373
50;2025-11-02;9;465
50;2025-11-02;10;523
50;2025-11-02;11;685
50;2025-11-02;12;747
50;2025-11-02;13;820
50;2025-11-02;14;793
50;2025-11-02;15;789
50;2025-11-02;16;796
50;2025-11-02;17;731
50;2025-11-02;18;642
50;2025-11-02;19;547
50;2025-11-02;20;431
50;2025-11-02;21;358
50;2025-11-02;22;210
50;2025-11-02;23;116
50;2025-11-03;0;30
50;2025-11-03;1;0
50;2025-11-03;2;0
50;2025-11-03;3;0
50;2025-11-03;4;1
50;2025-11-03;5;13
50;2025-11-03;6;232
50;2025-11-03;7;590
50;2025-11-03;8;854
50;2025-11-03;9;682
50;2025-11-03;10;633
50;2025-11-03;11;692
50;2025-11-03;12;721
50;2025-11-03;13;772
50;2025-11-03;14;751
50;2025-11-03;15;835
50;2025-11-03;16;783
50;2025-11-03;17;842
50;2025-11-03;18;957
50;2025-11-03;19;683
50;2025-11-03;20;453
50;2025-11-03;21;372
50;2025-11-03;22;212
50;2025-11-03;23;101
50;2025-11-04;0;36
50;2025-11-04;1;6
50;2025-11-04;2;0
50;2025-11-04;3;0
50;2025-11-04;4;0
50;2025-11-04;5;20
50;2025-11-04;6;224
50;2025-11-04;7;438
50;2025-11-04;8;581
50;2025-11-04;9;386
50;2025-11-04;10;450
50;2025-11-04;11;542
50;2025-11-04;12;619
50;2025-11-04;13;652
50;2025-11-04;14;625
50;2025-11-04;15;639
50;2025-11-04;16;647
50;2025-11-04;17;593
50;2025-11-04;18;623
50;2025-11-04;19;525
50;2025-11-04;20;400
50;2025-11-04;21;372
50;2025-11-04;22;238
50;2025-11-04;23;44
50;2025-11-05;0;35
50;2025-11-05;1;2
50;2025-11-05;2;0
50;2025-11-05;3;0
50;2025-11-05;4;2
50;2025-11-05;5;75
50;2025-11-05;6;551
50;2025-11-05;7;1746
50;2025-11-05;8;2724
50;2025-11-05;9;2158
50;2025-11-05;10;1655
50;2025-11-05;11;1565
50;2025-11-05;12;1471
50;2025-11-05;13;1496
50;2025-11-05;14;1426
50;2025-11-05;15;1692
50;2025-11-05;16;1745
50;2025-11-05;17;2365
50;2025-11-05;18;2492
50;2025-11-05;19;1469
50;2025-11-05;20;907
50;2025-11-05;21;628
50;2025-11-05;22;289
50;2025-11-05;23;166
50;2025-11-06;0;38
50;2025-11-06;1;2
50;2025-11-06;2;0
50;2025-11-06;3;0
50;2025-11-06;4;3
50;2025-11-06;5;74
50;2025-11-06;6;556
50;2025-11-06;7;1750
50;2025-11-06;8;2728
50;2025-11-06;9;2159
50;2025-11-06;10;1658
50;2025-11-06;11;1567
50;2025-11-06;12;1480
50;2025-11-06;13;1498
50;2025-11-06;14;1429
50;2025-11-06;15;1698
50;2025-11-06;16;1758
50;2025-11-06;17;2363
50;2025-11-06;18;2498
50;2025-11-06;19;1469
50;2025-11-06;20;911
50;2025-11-06;21;631
50;2025-11-06;22;292
50;2025-11-06;23;169
50;2025-11-07;0;39
50;2025-11-07;1;4
50;2025-11-07;2;0
50;2025-11-07;3;0
50;2025-11-07;4;3
50;2025-11-07;5;70
50;2025-11-07;6;544
50;2025-11-07;7;1720
50;2025-11-07;8;2681
50;2025-11-07;9;2117
50;2025-11-07;10;1622
50;2025-11-07;11;1552
50;2025-11-07;12;1477
50;2025-11-07;13;1490
50;2025-11-07;14;1424
50;2025-11-07;15;1714
50;2025-11-07;16;1815
50;2025-11-07;17;2265
50;2025-11-07;18;2116
50;2025-11-07;19;1354
50;2025-11-07;20;881
50;2025-11-07;21;613
50;2025-11-07;22;292
50;2025-11-07;23;164
50;2025-11-08;0;59
50;2025-11-08;1;3
50;2025-11-08;2;0
50;2025-11-08;3;0
50;2025-11-08;4;0
50;2025-11-08;5;31
50;2025-11-08;6;175
50;2025-11-08;7;392
50;2025-11-08;8;583
50;2025-11-08;9;640
50;2025-11-08;10;675
50;2025-11-08;11;809
50;2025-11-08;12;837
50;2025-11-08;13;880
50;2025-11-08;14;891
50;2025-11-08;15;904
50;2025-11-08;16;897
50;2025-11-08;17;849
50;2025-11-08;18;739
50;2025-11-08;19;674
50;2025-11-08;20;530
50;2025-11-08;21;403
50;2025-11-08;22;244
50;2025-11-08;23;181
50;2025-11-09;0;52
50;2025-11-09;1;2
50;2025-11-09;2;0
50;2025-11-09;3;0
50;2025-11-09;4;1
50;2025-11-09;5;22
50;2025-11-09;6;125
50;2025-11-09;7;235
50;2025-11-09;8;373
50;2025-11-09;9;465
50;2025-11-09;10;523
50;2025-11-09;11;685
50;2025-11-09;12;747
50;2025-11-09;13;820
50;2025-11-09;14;793
50;2025-11-09;15;789
50;2025-11-09;16;796
50;2025-11-09;17;731
50;2025-11-09;18;642
50;2025-11-09;19;547
50;2025-11-09;20;431
50;2025-11-09;21;358
50;2025-11-09;22;210
50;2025-11-09;23;116
50;2025-11-10;0;35
50;2025-11-10;1;2
50;2025-11-10;2;0
50;2025-11-10;3;0
50;2025-11-10;4;2
50;2025-11-10;5;69
50;2025-11-10;6;537
50;2025-11-10;7;1715
50;2025-11-10;8;2708
50;2025-11-10;9;2124
50;2025-11-10;10;1610
50;2025-11-10;11;1526
50;2025-11-10;12;1422
50;2025-11-10;13;1455
50;2025-11-10;14;1395
50;2025-11-10;15;1640
50;2025-11-10;16;1705
50;2025-11-10;17;2319
50;2025-11-10;18;2460
50;2025-11-10;19;1433
50;2025-11-10;20;886
50;2025-11-10;21;602
50;2025-11-10;22;262
50;2025-11-10;23;135
50;2025-11-11;0;35
50;2025-11-11;1;2
50;2025-11-11;2;0
50;2025-11-11;3;0
50;2025-11-11;4;2
50;2025-11-11;5;72
50;2025-11-11;6;554
50;2025-11-11;7;1752
50;2025-11-11;8;2741
50;2025-11-11;9;2160
50;2025-11-11;10;1658
50;2025-11-11;11;1566
50;2025-11-11;12;1472
50;2025-11-11;13;1493
50;2025-11-11;14;1425
50;2025-11-11;15;1689
50;2025-11-11;16;1751
50;2025-11-11;17;2366
50;2025-11-11;18;2507
50;2025-11-11;19;1471
50;2025-11-11;20;911
50;2025-11-11;21;627
50;2025-11-11;22;287
50;2025-11-11;23;165
50;2025-11-12;0;35
50;2025-11-12;1;2
50;2025-11-12;2;0
50;2025-11-12;3;0
50;2025-11-12;4;2
50;2025-11-12;5;75
50;2025-11-12;6;551
50;2025-11-12;7;1746
50;2025-11-12;8;2724
50;2025-11-12;9;2158
50;2025-11-12;10;1655
50;2025-11-12;11;1565
50;2025-11-12;12;1471
50;2025-11-12;13;1496
50;2025-11-12;14;1426
50;2025-11-12;15;1692
50;2025-11-12;16;1745
50;2025-11-12;17;2365
50;2025-11-12;18;2492
50;2025-11-12;19;1469
50;2025-11-12;20;907
50;2025-11-12;21;628
50;2025-11-12;22;289
50;2025-11-12;23;166
50;2025-11-13;0;38
50;2025-11-13;1;2
50;2025-11-13;2;0
50;2025-11-13;3;0
50;2025-11-13;4;3
50;2025-11-13;5;74
50;2025-11-13;6;556
50;2025-11-13;7;1750
50;2025-11-13;8;2728
50;2025-11-13;9;2159
50;2025-11-13;10;1658
50;2025-11-13;11;1567
50;2025-11-13;12;1480
50;2025-11-13;13;1498
50;2025-11-13;14;1429
50;2025-11-13;15;1698
50;2025-11-13;16;1758
50;2025-11-13;17;2363
50;2025-11-13;18;2498
50;2025-11-13;19;1469
50;2025-11-13;20;911
50;2025-11-13;21;631
50;2025-11-13;22;292
50;2025-11-13;23;169
50;2025-11-14;0;39
50;2025-11-14;1;4
50;2025-11-14;2;0
50;2025-11-14;3;0
50;2025-11-14;4;3
50;2025-11-14;5;70
50;2025-11-14;6;544
50;2025-11-14;7;1720
50;2025-11-14;8;2681
50;2025-11-14;9;2117
50;2025-11-14;10;1622
50;2025-11-14;11;1552
50;2025-11-14;12;1477
50;2025-11-14;13;1490
50;2025-11-14;14;1424
50;2025-11-14;15;1714
50;2025-11-14;16;1815
50;2025-11-14;17;2265
50;2025-11-14;18;2116
50;2025-11-14;19;1354
50;2025-11-14;20;881
50;2025-11-14;21;613
50;2025-11-14;22;292
50;2025-11-14;23;164
50;2025-11-15;0;59
50;2025-11-15;1;3
50;2025-11-15;2;0
50;2025-11-15;3;0
50;2025-11-15;4;0
50;2025-11-15;5;31
50;2025-11-15;6;175
50;2025-11-15;7;392
50;2025-11-15;8;583
50;2025-11-15;9;640
50;2025-11-15;10;675
50;2025-11-15;11;809
50;2025-11-15;12;837
50;2025-11-15;13;880
50;2025-11-15;14;891
50;2025-11-15;15;904
50;2025-11-15;16;897
50;2025-11-15;17;849
50;2025-11-15;18;739
50;2025-11-15;19;674
50;2025-11-15;20;530
50;2025-11-15;21;403
50;2025-11-15;22;244
50;2025-11-15;23;181
50;2025-11-16;0;52
50;2025-11-16;1;2
50;2025-11-16;2;0
50;2025-11-16;3;0
50;2025-11-16;4;1
50;2025-11-16;5;22
50;2025-11-16;6;125
50;2025-11-16;7;235
50;2025-11-16;8;373
50;2025-11-16;9;465
50;2025-11-16;10;523
50;2025-11-16;11;685
50;2025-11-16;12;747
50;2025-11-16;13;820
50;2025-11-16;14;793
50;2025-11-16;15;789
50;2025-11-16;16;796
50;2025-11-16;17;731
50;2025-11-16;18;642
50;2025-11-16;19;547
50;2025-11-16;20;431
50;2025-11-16;21;358
50;2025-11-16;22;210
50;2025-11-16;23;116
50;2025-11-17;0;35
50;2025-11-17;1;2
50;2025-11-17;2;0
50;2025-11-17;3;0
50;2025-11-17;4;2
50;2025-11-17;5;69
50;2025-11-17;6;537
50;2025-11-17;7;1715
50;2025-11-17;8;2708
50;2025-11-17;9;2124
50;2025-11-17;10;1610
50;2025-11-17;11;1526
50;2025-11-17;12;1422
50;2025-11-17;13;1455
50;2025-11-17;14;1395
50;2025-11-17;15;1640
50;2025-11-17;16;1705
50;2025-11-17;17;2319
50;2025-11-17;18;2460
50;2025-11-17;19;1433
50;2025-11-17;20;886
50;2025-11-17;21;602
50;2025-11-17;22;262
50;2025-11-17;23;135
50;2025-11-18;0;35
50;2025-11-18;1;2
50;2025-11-18;2;0
50;2025-11-18;3;0
50;2025-11-18;4;2
50;2025-11-18;5;72
50;2025-11-18;6;554
50;2025-11-18;7;1752
50;2025-11-18;8;2741
50;2025-11-18;9;2160
50;2025-11-18;10;1658
50;2025-11-18;11;1566
50;2025-11-18;12;1472
50;2025-11-18;13;1493
50;2025-11-18;14;1425
50;2025-11-18;15;1689
50;2025-11-18;16;1751
50;2025-11-18;17;2366
50;2025-11-18;18;2507
50;2025-11-18;19;1471
50;2025-11-18;20;911
50;2025-11-18;21;627
50;2025-11-18;22;287
50;2025-11-18;23;165
50;2025-11-19;0;35
50;2025-11-19;1;2
50;2025-11-19;2;0
50;2025-11-19;3;0
50;2025-11-19;4;2
50;2025-11-19;5;75
50;2025-11-19;6;551
50;2025-11-19;7;1746
50;2025-11-19;8;2724
50;2025-11-19;9;2158
50;2025-11-19;10;1655
50;2025-11-19;11;1565
50;2025-11-19;12;1471
50;2025-11-19;13;1496
50;2025-11-19;14;1426
50;2025-11-19;15;1692
50;2025-11-19;16;1745
50;2025-11-19;17;2365
50;2025-11-19;18;2492
50;2025-11-19;19;1469
50;2025-11-19;20;907
50;2025-11-19;21;628
50;2025-11-19;22;289
50;2025-11-19;23;166
50;2025-11-20;0;38
50;2025-11-20;1;2
50;2025-11-20;2;0
50;2025-11-20;3;0
50;2025-11-20;4;3
50;2025-11-20;5;74
50;2025-11-20;6;556
50;2025-11-20;7;1750
50;2025-11-20;8;2728
50;2025-11-20;9;2159
50;2025-11-20;10;1658
50;2025-11-20;11;1567
50;2025-11-20;12;1480
50;2025-11-20;13;1498
50;2025-11-20;14;1429
50;2025-11-20;15;1698
50;2025-11-20;16;1758
50;2025-11-20;17;2363
50;2025-11-20;18;2498
50;2025-11-20;19;1469
50;2025-11-20;20;911
50;2025-11-20;21;631
50;2025-11-20;22;292
50;2025-11-20;23;169
50;2025-11-21;0;39
50;2025-11-21;1;4
50;2025-11-21;2;0
50;2025-11-21;3;0
50;2025-11-21;4;3
50;2025-11-21;5;70
50;2025-11-21;6;544
50;2025-11-21;7;1720
50;2025-11-21;8;2681
50;2025-11-21;9;2117
50;2025-11-21;10;1622
50;2025-11-21;11;1552
50;2025-11-21;12;1477
50;2025-11-21;13;1490
50;2025-11-21;14;1424
50;2025-11-21;15;1714
50;2025-11-21;16;1815
50;2025-11-21;17;2265
50;2025-11-21;18;2116
50;2025-11-21;19;1354
50;2025-11-21;20;881
50;2025-11-21;21;613
50;2025-11-21;22;292
50;2025-11-21;23;164
50;2025-11-22;0;59
50;2025-11-22;1;3
50;2025-11-22;2;0
50;2025-11-22;3;0
50;2025-11-22;4;0
50;2025-11-22;5;31
50;2025-11-22;6;175
50;2025-11-22;7;392
50;2025-11-22;8;583
50;2025-11-22;9;640
50;2025-11-22;10;675
50;2025-11-22;11;809
50;2025-11-22;12;837
50;2025-11-22;13;880
50;2025-11-22;14;891
50;2025-11-22;15;904
50;2025-11-22;16;897
50;2025-11-22;17;849
50;2025-11-22;18;739
50;2025-11-22;19;674
50;2025-11-22;20;530
50;2025-11-22;21;403
50;2025-11-22;22;244
50;2025-11-22;23;181
50;2025-11-23;0;52
50;2025-11-23;1;2
50;2025-11-23;2;0
50;2025-11-23;3;0
50;2025-11-23;4;1
50;2025-11-23;5;22
50;2025-11-23;6;125
50;2025-11-23;7;235
50;2025-11-23;8;373
50;2025-11-23;9;465
50;2025-11-23;10;523
50;2025-11-23;11;685
50;2025-11-23;12;747
50;2025-11-23;13;820
50;2025-11-23;14;793
50;2025-11-23;15;789
50;2025-11-23;16;796
50;2025-11-23;17;731
50;2025-11-23;18;642
50;2025-11-23;19;547
50;2025-11-23;20;431
50;2025-11-23;21;358
50;2025-11-23;22;210
50;2025-11-23;23;116
50;2025-11-24;0;35
50;2025-11-24;1;2
50;2025-11-24;2;0
50;2025-11-24;3;0
50;2025-11-24;4;2
50;2025-11-24;5;69
50;2025-11-24;6;537
50;2025-11-24;7;1715
50;2025-11-24;8;2708
50;2025-11-24;9;2124
50;2025-11-24;10;1610
50;2025-11-24;11;1526
50;2025-11-24;12;1422
50;2025-11-24;13;1455
50;2025-11-24;14;1395
50;2025-11-24;15;1640
50;2025-11-24;16;1705
50;2025-11-24;17;2319
50;2025-11-24;18;2460
50;2025-11-24;19;1433
50;2025-11-24;20;886
50;2025-11-24;21;602
50;2025-11-24;22;262
50;2025-11-24;23;135
50;2025-11-25;0;35
50;2025-11-25;1;2
50;2025-11-25;2;0
50;2025-11-25;3;0
50;2025-11-25;4;2
50;2025-11-25;5;72
50;2025-11-25;6;554
50;2025-11-25;7;1752
50;2025-11-25;8;2741
50;2025-11-25;9;2160
50;2025-11-25;10;1658
50;2025-11-25;11;1566
50;2025-11-25;12;1472
50;2025-11-25;13;1493
50;2025-11-25;14;1425
50;2025-11-25;15;1689
50;2025-11-25;16;1751
50;2025-11-25;17;2366
50;2025-11-25;18;2507
50;2025-11-25;19;1471
50;2025-11-25;20;911
50;2025-11-25;21;627
50;2025-11-25;22;287
50;2025-11-25;23;165
50;2025-11-26;0;35
50;2025-11-26;1;2
50;2025-11-26;2;0
50;2025-11-26;3;0
50;2025-11-26;4;2
50;2025-11-26;5;75
50;2025-11-26;6;551
50;2025-11-26;7;1746
50;2025-11-26;8;2724
50;2025-11-26;9;2158
50;2025-11-26;10;1655
50;2025-11-26;11;1565
50;2025-11-26;12;1471
50;2025-11-26;13;1496
50;2025-11-26;14;1426
50;2025-11-26;15;1692
50;2025-11-26;16;1745
50;2025-11-26;17;2365
50;2025-11-26;18;2492
50;2025-11-26;19;1469
50;2025-11-26;20;907
50;2025-11-26;21;628
50;2025-11-26;22;289
50;2025-11-26;23;166
50;2025-11-27;0;38
50;2025-11-27;1;2
50;2025-11-27;2;0
50;2025-11-27;3;0
50;2025-11-27;4;3
50;2025-11-27;5;74
50;2025-11-27;6;556
50;2025-11-27;7;1750
50;2025-11-27;8;2728
50;2025-11-27;9;2159
50;2025-11-27;10;1658
50;2025-11-27;11;1567
50;2025-11-27;12;1480
50;2025-11-27;13;1498
50;2025-11-27;14;1429
50;2025-11-27;15;1698
50;2025-11-27;16;1758
50;2025-11-27;17;2363
50;2025-11-27;18;2498
50;2025-11-27;19;1469
50;2025-11-27;20;911
50;2025-11-27;21;631
50;2025-11-27;22;292
50;2025-11-27;23;169
50;2025-11-28;0;39
50;2025-11-28;1;4
50;2025-11-28;2;0
50;2025-11-28;3;0
50;2025-11-28;4;3
50;2025-11-28;5;70
50;2025-11-28;6;544
50;2025-11-28;7;1720
50;2025-11-28;8;2681
50;2025-11-28;9;2117
50;2025-11-28;10;1622
50;2025-11-28;11;1552
50;2025-11-28;12;1477
50;2025-11-28;13;1490
50;2025-11-28;14;1424
50;2025-11-28;15;1714
50;2025-11-28;16;1815
50;2025-11-28;17;2265
50;2025-11-28;18;2116
50;2025-11-28;19;1354
50;2025-11-28;20;881
50;2025-11-28;21;613
50;2025-11-28;22;292
50;2025-11-28;23;164
50;2025-11-29;0;59
50;2025-11-29;1;3
50;2025-11-29;2;0
50;2025-11-29;3;0
50;2025-11-29;4;0
50;2025-11-29;5;31
50;2025-11-29;6;175
50;2025-11-29;7;392
50;2025-11-29;8;583
50;2025-11-29;9;640
50;2025-11-29;10;675
50;2025-11-29;11;809
50;2025-11-29;12;837
50;2025-11-29;13;880
50;2025-11-29;14;891
50;2025-11-29;15;904
50;2025-11-29;16;897
50;2025-11-29;17;849
50;2025-11-29;18;739
50;2025-11-29;19;674
50;2025-11-29;20;530
50;2025-11-29;21;403
50;2025-11-29;22;244
50;2025-11-29;23;181
50;2025-11-30;0;52
50;2025-11-30;1;2
50;2025-11-30;2;0
50;2025-11-30;3;0
50;2025-11-30;4;1
50;2025-11-30;5;22
50;2025-11-30;6;125
50;2025-11-30;7;235
50;2025-11-30;8;373
50;2025-11-30;9;465
50;2025-11-30;10;523
50;2025-11-30;11;685
50;2025-11-30;12;747
50;2025-11-30;13;820
50;2025-11-30;14;793
50;2025-11-30;15;789
50;2025-11-30;16;796
50;2025-11-30;17;731
50;2025-11-30;18;642
50;2025-11-30;19;547
50;2025-11-30;20;431
50;2025-11-30;21;358
50;2025-11-30;22;210
50;2025-11-30;23;116
50;2025-12-01;0;36
50;2025-12-01;1;3
50;2025-12-01;2;0
50;2025-12-01;3;0
50;2025-12-01;4;2
50;2025-12-01;5;65
50;2025-12-01;6;538
50;2025-12-01;7;1707
50;2025-12-01;8;2697
50;2025-12-01;9;2099
50;2025-12-01;10;1589
50;2025-12-01;11;1511
50;2025-12-01;12;1425
50;2025-12-01;13;1425
50;2025-12-01;14;1357
50;2025-12-01;15;1604
50;2025-12-01;16;1671
50;2025-12-01;17;2302
50;2025-12-01;18;2462
50;2025-12-01;19;1428
50;2025-12-01;20;854
50;2025-12-01;21;581
50;2025-12-01;22;261
50;2025-12-01;23;118
50;2025-12-02;0;36
50;2025-12-02;1;3
50;2025-12-02;2;0
50;2025-12-02;3;0
50;2025-12-02;4;2
50;2025-12-02;5;66
50;2025-12-02;6;554
50;2025-12-02;7;1732
50;2025-12-02;8;2727
50;2025-12-02;9;2129
50;2025-12-02;10;1625
50;2025-12-02;11;1539
50;2025-12-02;12;1463
50;2025-12-02;13;1457
50;2025-12-02;14;1376
50;2025-12-02;15;1632
50;2025-12-02;16;1711
50;2025-12-02;17;2332
50;2025-12-02;18;2505
50;2025-12-02;19;1459
50;2025-12-02;20;872
50;2025-12-02;21;606
50;2025-12-02;22;287
50;2025-12-02;23;137
50;2025-12-03;0;36
50;2025-12-03;1;3
50;2025-12-03;2;0
50;2025-12-03;3;0
50;2025-12-03;4;2
50;2025-12-03;5;70
50;2025-12-03;6;551
50;2025-12-03;7;1725
50;2025-12-03;8;2709
50;2025-12-03;9;2127
50;2025-12-03;10;1623
50;2025-12-03;11;1539
50;2025-12-03;12;1462
50;2025-12-03;13;1459
50;2025-12-03;14;1377
50;2025-12-03;15;1634
50;2025-12-03;16;1704
50;2025-12-03;17;2331
50;2025-12-03;18;2490
50;2025-12-03;19;1457
50;2025-12-03;20;868
50;2025-12-03;21;606
50;2025-12-03;22;288
50;2025-12-03;23;138
50;2025-12-04;0;40
50;2025-12-04;1;3
50;2025-12-04;2;0
50;2025-12-04;3;0
50;2025-12-04;4;3
50;2025-12-04;5;69
50;2025-12-04;6;555
50;2025-12-04;7;1731
50;2025-12-04;8;2713
50;2025-12-04;9;2128
50;2025-12-04;10;1626
50;2025-12-04;11;1541
50;2025-12-04;12;1472
50;2025-12-04;13;1461
50;2025-12-04;14;1380
50;2025-12-04;15;1641
50;2025-12-04;16;1719
50;2025-12-04;17;2329
50;2025-12-04;18;2496
50;2025-12-04;19;1458
50;2025-12-04;20;873
50;2025-12-04;21;609
50;2025-12-04;22;291
50;2025-12-04;23;141
50;2025-12-05;0;41
50;2025-12-05;1;5
50;2025-12-05;2;0
50;2025-12-05;3;0
50;2025-12-05;4;2
50;2025-12-05;5;67
50;2025-12-05;6;545
50;2025-12-05;7;1702
50;2025-12-05;8;2667
50;2025-12-05;9;2089
50;2025-12-05;10;1591
50;2025-12-05;11;1528
50;2025-12-05;12;1471
50;2025-12-05;13;1456
50;2025-12-05;14;1377
50;2025-12-05;15;1659
50;2025-12-05;16;1777
50;2025-12-05;17;2233
50;2025-12-05;18;2113
50;2025-12-05;19;1345
50;2025-12-05;20;844
50;2025-12-05;21;593
50;2025-12-05;22;292
50;2025-12-05;23;138
50;2025-12-06;0;56
50;2025-12-06;1;7
50;2025-12-06;2;0
50;2025-12-06;3;0
50;2025-12-06;4;1
50;2025-12-06;5;33
50;2025-12-06;6;171
50;2025-12-06;7;382
50;2025-12-06;8;572
50;2025-12-06;9;623
50;2025-12-06;10;640
50;2025-12-06;11;782
50;2025-12-06;12;822
50;2025-12-06;13;850
50;2025-12-06;14;847
50;2025-12-06;15;847
50;2025-12-06;16;840
50;2025-12-06;17;822
50;2025-12-06;18;736
50;2025-12-06;19;667
50;2025-12-06;20;501
50;2025-12-06;21;376
50;2025-12-06;22;242
50;2025-12-06;23;152
50;2025-12-07;0;48
50;2025-12-07;1;6
50;2025-12-07;2;0
50;2025-12-07;3;0
50;2025-12-07;4;1
50;2025-12-07;5;24
50;2025-12-07;6;121
50;2025-12-07;7;239
50;2025-12-07;8;367
50;2025-12-07;9;453
50;2025-12-07;10;504
50;2025-12-07;11;674
50;2025-12-07;12;743
50;2025-12-07;13;796
50;2025-12-07;14;765
50;2025-12-07;15;758
50;2025-12-07;16;750
50;2025-12-07;17;721
50;2025-12-07;18;643
50;2025-12-07;19;547
50;2025-12-07;20;415
50;2025-12-07;21;333
50;2025-12-07;22;206
50;2025-12-07;23;103
50;2025-12-08;0;36
50;2025-12-08;1;3
50;2025-12-08;2;0
50;2025-12-08;3;0
50;2025-12-08;4;2
50;2025-12-08;5;65
50;2025-12-08;6;538
50;2025-12-08;7;1707
50;2025-12-08;8;2697
50;2025-12-08;9;2099
50;2025-12-08;10;1589
50;2025-12-08;11;1511
50;2025-12-08;12;1425
50;2025-12-08;13;1425
50;2025-12-08;14;1357
50;2025-12-08;15;1604
50;2025-12-08;16;1671
50;2025-12-08;17;2302
50;2025-12-08;18;2462
50;2025-12-08;19;1428
50;2025-12-08;20;854
50;2025-12-08;21;581
50;2025-12-08;22;261
50;2025-12-08;23;118
50;2025-12-09;0;36
50;2025-12-09;1;3
50;2025-12-09;2;0
50;2025-12-09;3;0
50;2025-12-09;4;2
50;2025-12-09;5;66
50;2025-12-09;6;554
50;2025-12-09;7;1732
50;2025-12-09;8;2727
50;2025-12-09;9;2129
50;2025-12-09;10;1625
50;2025-12-09;11;1539
50;2025-12-09;12;1463
50;2025-12-09;13;1457
50;2025-12-09;14;1376
50;2025-12-09;15;1632
50;2025-12-09;16;1711
50;2025-12-09;17;2332
50;2025-12-09;18;2505
50;2025-12-09;19;1459
50;2025-12-09;20;872
50;2025-12-09;21;606
50;2025-12-09;22;287
50;2025-12-09;23;137
50;2025-12-10;0;36
50;2025-12-10;1;3
50;2025-12-10;2;0
50;2025-12-10;3;0
50;2025-12-10;4;2
50;2025-12-10;5;70
50;2025-12-10;6;551
50;2025-12-10;7;1725
50;2025-12-10;8;2709
50;2025-12-10;9;2127
50;2025-12-10;10;1623
50;2025-12-10;11;1539
50;2025-12-10;12;1462
50;2025-12-10;13;1459
50;2025-12-10;14;1377
50;2025-12-10;15;1634
50;2025-12-10;16;1704
50;2025-12-10;17;2331
50;2025-12-10;18;2490
50;2025-12-10;19;1457
50;2025-12-10;20;868
50;2025-12-10;21;606
50;2025-12-10;22;288
50;2025-12-10;23;138
50;2025-12-11;0;40
50;2025-12-11;1;3
50;2025-12-11;2;0
50;2025-12-11;3;0
50;2025-12-11;4;3
50;2025-12-11;5;69
50;2025-12-11;6;555
50;2025-12-11;7;1731
50;2025-12-11;8;2713
50;2025-12-11;9;2128
50;2025-12-11;10;1626
50;2025-12-11;11;1541
50;2025-12-11;12;1472
50;2025-12-11;13;1461
50;2025-12-11;14;1380
50;2025-12-11;15;1641
50;2025-12-11;16;1719
50;2025-12-11;17;2329
50;2025-12-11;18;2496
50;2025-12-11;19;1458
50;2025-12-11;20;873
50;2025-12-11;21;609
50;2025-12-11;22;291
50;2025-12-11;23;141
50;2025-12-12;0;41
50;2025-12-12;1;5
50;2025-12-12;2;0
50;2025-12-12;3;0
50;2025-12-12;4;2
50;2025-12-12;5;67
50;2025-12-12;6;545
50;2025-12-12;7;1702
50;2025-12-12;8;2667
50;2025-12-12;9;2089
50;2025-12-12;10;1591
50;2025-12-12;11;1528
50;2025-12-12;12;1471
50;2025-12-12;13;1456
50;2025-12-12;14;1377
50;2025-12-12;15;1659
50;2025-12-12;16;1777
50;2025-12-12;17;2233
50;2025-12-12;18;2113
50;2025-12-12;19;1345
50;2025-12-12;20;844
50;2025-12-12;21;593
50;2025-12-12;22;292
50;2025-12-12;23;138
50;2025-12-13;0;56
50;2025-12-13;1;7
50;2025-12-13;2;0
50;2025-12-13;3;0
50;2025-12-13;4;1
50;2025-12-13;5;33
50;2025-12-13;6;171
50;2025-12-13;7;382
50;2025-12-13;8;572
50;2025-12-13;9;623
50;2025-12-13;10;640
50;2025-12-13;11;782
50;2025-12-13;12;822
50;2025-12-13;13;850
50;2025-12-13;14;847
50;2025-12-13;15;847
50;2025-12-13;16;840
50;2025-12-13;17;822
50;2025-12-13;18;736
50;2025-12-13;19;667
50;2025-12-13;20;501
50;2025-12-13;21;376
50;2025-12-13;22;242
50;2025-12-13;23;152
50;2025-12-14;0;48
50;2025-12-14;1;6
50;2025-12-14;2;0
50;2025-12-14;3;0
50;2025-12-14;4;1
50;2025-12-14;5;24
50;2025-12-14;6;121
50;2025-12-14;7;239
50;2025-12-14;8;367
50;2025-12-14;9;453
50;2025-12-14;10;504
50;2025-12-14;11;674
50;2025-12-14;12;743
50;2025-12-14;13;796
50;2025-12-14;14;765
50;2025-12-14;15;758
50;2025-12-14;16;750
50;2025-12-14;17;721
50;2025-12-14;18;643
50;2025-12-14;19;547
50;2025-12-14;20;415
50;2025-12-14;21;333
50;2025-12-14;22;206
50;2025-12-14;23;103
50;2025-12-15;0;36
50;2025-12-15;1;3
50;2025-12-15;2;0
50;2025-12-15;3;0
50;2025-12-15;4;2
50;2025-12-15;5;65
50;2025-12-15;6;538
50;2025-12-15;7;1707
50;2025-12-15;8;2697
50;2025-12-15;9;2099
50;2025-12-15;10;1589
50;2025-12-15;11;1511
50;2025-12-15;12;1425
50;2025-12-15;13;1425
50;2025-12-15;14;1357
50;2025-12-15;15;1604
50;2025-12-15;16;1671
50;2025-12-15;17;2302
50;2025-12-15;18;2462
50;2025-12-15;19;1428
50;2025-12-15;20;854
50;2025-12-15;21;581
50;2025-12-15;22;261
50;2025-12-15;23;118
50;2025-12-16;0;36
50;2025-12-16;1;3
50;2025-12-16;2;0
50;2025-12-16;3;0
50;2025-12-16;4;2
50;2025-12-16;5;66
50;2025-12-16;6;554
50;2025-12-16;7;1732
50;2025-12-16;8;2727
50;2025-12-16;9;2129
50;2025-12-16;10;1625
50;2025-12-16;11;1539
50;2025-12-16;12;1463
50;2025-12-16;13;1457
50;2025-12-16;14;1376
50;2025-12-16;15;1632
50;2025-12-16;16;1711
50;2025-12-16;17;2332
50;2025-12-16;18;2505
50;2025-12-16;19;1459
50;2025-12-16;20;872
50;2025-12-16;21;606
50;2025-12-16;22;287
50;2025-12-16;23;137
50;2025-12-17;0;36
50;2025-12-17;1;3
50;2025-12-17;2;0
50;2025-12-17;3;0
50;2025-12-17;4;2
50;2025-12-17;5;70
50;2025-12-17;6;551
50;2025-12-17;7;1725
50;2025-12-17;8;2709
50;2025-12-17;9;2127
50;2025-12-17;10;1623
50;2025-12-17;11;1539
50;2025-12-17;12;1462
50;2025-12-17;13;1459
50;2025-12-17;14;1377
50;2025-12-17;15;1634
50;2025-12-17;16;1704
50;2025-12-17;17;2331
50;2025-12-17;18;2490
50;2025-12-17;19;1457
50;2025-12-17;20;868
50;2025-12-17;21;606
50;2025-12-17;22;288
50;2025-12-17;23;138
50;2025-12-18;0;40
50;2025-12-18;1;3
50;2025-12-18;2;0
50;2025-12-18;3;0
50;2025-12-18;4;3
50;2025-12-18;5;69
50;2025-12-18;6;555
50;2025-12-18;7;1731
50;2025-12-18;8;2713
50;2025-12-18;9;2128
50;2025-12-18;10;1626
50;2025-12-18;11;1541
50;2025-12-18;12;1472
50;2025-12-18;13;1461
50;2025-12-18;14;1380
50;2025-12-18;15;1641
50;2025-12-18;16;1719
50;2025-12-18;17;2329
50;2025-12-18;18;2496
50;2025-12-18;19;1458
50;2025-12-18;20;873
50;2025-12-18;21;609
50;2025-12-18;22;291
50;2025-12-18;23;141
50;2025-12-19;0;41
50;2025-12-19;1;5
50;2025-12-19;2;0
50;2025-12-19;3;0
50;2025-12-19;4;2
50;2025-12-19;5;67
50;2025-12-19;6;545
50;2025-12-19;7;1702
50;2025-12-19;8;2667
50;2025-12-19;9;2089
50;2025-12-19;10;1591
50;2025-12-19;11;1528
50;2025-12-19;12;1471
50;2025-12-19;13;1456
50;2025-12-19;14;1377
50;2025-12-19;15;1659
50;2025-12-19;16;1777
50;2025-12-19;17;2233
50;2025-12-19;18;2113
50;2025-12-19;19;1345
50;2025-12-19;20;844
50;2025-12-19;21;593
50;2025-12-19;22;292
50;2025-12-19;23;138
50;2025-12-20;0;56
50;2025-12-20;1;7
50;2025-12-20;2;0
50;2025-12-20;3;0
50;2025-12-20;4;1
50;2025-12-20;5;33
50;2025-12-20;6;171
50;2025-12-20;7;382
50;2025-12-20;8;572
50;2025-12-20;9;623
50;2025-12-20;10;640
50;2025-12-20;11;782
50;2025-12-20;12;822
50;2025-12-20;13;850
50;2025-12-20;14;847
50;2025-12-20;15;847
50;2025-12-20;16;840
50;2025-12-20;17;822
50;2025-12-20;18;736
50;2025-12-20;19;667
50;2025-12-20;20;501
50;2025-12-20;21;376
50;2025-12-20;22;242
50;2025-12-20;23;152
50;2025-12-21;0;48
50;2025-12-21;1;6
50;2025-12-21;2;0
50;2025-12-21;3;0
50;2025-12-21;4;1
50;2025-12-21;5;24
50;2025-12-21;6;121
50;2025-12-21;7;239
50;2025-12-21;8;367
50;2025-12-21;9;453
50;2025-12-21;10;504
50;2025-12-21;11;674
50;2025-12-21;12;743
50;2025-12-21;13;796
50;2025-12-21;14;765
50;2025-12-21;15;758
50;2025-12-21;16;750
50;2025-12-21;17;721
50;2025-12-21;18;643
50;2025-12-21;19;547
50;2025-12-21;20;415
50;2025-12-21;21;333
50;2025-12-21;22;206
50;2025-12-21;23;103
50;2025-12-22;0;36
50;2025-12-22;1;3
50;2025-12-22;2;0
50;2025-12-22;3;0
50;2025-12-22;4;2
50;2025-12-22;5;65
50;2025-12-22;6;538
50;2025-12-22;7;1707
50;2025-12-22;8;2697
50;2025-12-22;9;2099
50;2025-12-22;10;1589
50;2025-12-22;11;1511
50;2025-12-22;12;1425
50;2025-12-22;13;1425
50;2025-12-22;14;1357
50;2025-12-22;15;1604
50;2025-12-22;16;1671
50;2025-12-22;17;2302
50;2025-12-22;18;2462
50;2025-12-22;19;1428
50;2025-12-22;20;854
50;2025-12-22;21;581
50;2025-12-22;22;261
50;2025-12-22;23;118
50;2025-12-23;0;36
50;2025-12-23;1;3
50;2025-12-23;2;0
50;2025-12-23;3;0
50;2025-12-23;4;2
50;2025-12-23;5;66
50;2025-12-23;6;554
50;2025-12-23;7;1732
50;2025-12-23;8;2727
50;2025-12-23;9;2129
50;2025-12-23;10;1625
50;2025-12-23;11;1539
50;2025-12-23;12;1463
50;2025-12-23;13;1457
50;2025-12-23;14;1376
50;2025-12-23;15;1632
50;2025-12-23;16;1711
50;2025-12-23;17;2332
50;2025-12-23;18;2505
50;2025-12-23;19;1459
50;2025-12-23;20;872
50;2025-12-23;21;606
50;2025-12-23;22;287
50;2025-12-23;23;137
50;2025-12-24;0;36
50;2025-12-24;1;3
50;2025-12-24;2;0
50;2025-12-24;3;0
50;2025-12-24;4;2
50;2025-12-24;5;70
50;2025-12-24;6;551
50;2025-12-24;7;1725
50;2025-12-24;8;2709
50;2025-12-24;9;2127
50;2025-12-24;10;1623
50;2025-12-24;11;1539
50;2025-12-24;12;1462
50;2025-12-24;13;1459
50;2025-12-24;14;1377
50;2025-12-24;15;1634
50;2025-12-24;16;1704
50;2025-12-24;17;2331
50;2025-12-24;18;2490
50;2025-12-24;19;1457
50;2025-12-24;20;868
50;2025-12-24;21;606
50;2025-12-24;22;288
50;2025-12-24;23;138
50;2025-12-25;0;40
50;2025-12-25;1;3
50;2025-12-25;2;0
50;2025-12-25;3;0
50;2025-12-25;4;3
50;2025-12-25;5;69
50;2025-12-25;6;555
50;2025-12-25;7;1731
50;2025-12-25;8;2713
50;2025-12-25;9;2128
50;2025-12-25;10;1626
50;2025-12-25;11;1541
50;2025-12-25;12;1472
50;2025-12-25;13;1461
50;2025-12-25;14;1380
50;2025-12-25;15;1641
50;2025-12-25;16;1719
50;2025-12-25;17;2329
50;2025-12-25;18;2496
50;2025-12-25;19;1458
50;2025-12-25;20;873
50;2025-12-25;21;609
50;2025-12-25;22;291
50;2025-12-25;23;141
50;2025-12-26;0;41
50;2025-12-26;1;5
50;2025-12-26;2;0
50;2025-12-26;3;0
50;2025-12-26;4;2
50;2025-12-26;5;67
50;2025-12-26;6;545
50;2025-12-26;7;1702
50;2025-12-26;8;2667
50;2025-12-26;9;2089
50;2025-12-26;10;1591
50;2025-12-26;11;1528
50;2025-12-26;12;1471
50;2025-12-26;13;1456
50;2025-12-26;14;1377
50;2025-12-26;15;1659
50;2025-12-26;16;1777
50;2025-12-26;17;2233
50;2025-12-26;18;2113
50;2025-12-26;19;1345
50;2025-12-26;20;844
50;2025-12-26;21;593
50;2025-12-26;22;292
50;2025-12-26;23;138
50;2025-12-27;0;56
50;2025-12-27;1;7
50;2025-12-27;2;0
50;2025-12-27;3;0
50;2025-12-27;4;1
50;2025-12-27;5;33
50;2025-12-27;6;171
50;2025-12-27;7;382
50;2025-12-27;8;572
50;2025-12-27;9;623
50;2025-12-27;10;640
50;2025-12-27;11;782
50;2025-12-27;12;822
50;2025-12-27;13;850
50;2025-12-27;14;847
50;2025-12-27;15;847
50;2025-12-27;16;840
50;2025-12-27;17;822
50;2025-12-27;18;736
50;2025-12-27;19;667
50;2025-12-27;20;501
50;2025-12-27;21;376
50;2025-12-27;22;242
50;2025-12-27;23;152
50;2025-12-28;0;48
50;2025-12-28;1;6
50;2025-12-28;2;0
50;2025-12-28;3;0
50;2025-12-28;4;1
50;2025-12-28;5;24
50;2025-12-28;6;121
50;2025-12-28;7;239
50;2025-12-28;8;367
50;2025-12-28;9;453
50;2025-12-28;10;504
50;2025-12-28;11;674
50;2025-12-28;12;743
50;2025-12-28;13;796
50;2025-12-28;14;765
50;2025-12-28;15;758
50;2025-12-28;16;750
50;2025-12-28;17;721
50;2025-12-28;18;643
50;2025-12-28;19;547
50;2025-12-28;20;415
50;2025-12-28;21;333
50;2025-12-28;22;206
50;2025-12-28;23;103
50;2025-12-29;0;36
50;2025-12-29;1;3
50;2025-12-29;2;0
50;2025-12-29;3;0
50;2025-12-29;4;2
50;2025-12-29;5;65
50;2025-12-29;6;538
50;2025-12-29;7;1707
50;2025-12-29;8;2697
50;2025-12-29;9;2099
50;2025-12-29;10;1589
50;2025-12-29;11;1511
50;2025-12-29;12;1425
50;2025-12-29;13;1425
50;2025-12-29;14;1357
50;2025-12-29;15;1604
50;2025-12-29;16;1671
50;2025-12-29;17;2302
50;2025-12-29;18;2462
50;2025-12-29;19;1428
50;2025-12-29;20;854
50;2025-12-29;21;581
50;2025-12-29;22;261
50;2025-12-29;23;118
50;2025-12-30;0;36
50;2025-12-30;1;3
50;2025-12-30;2;0
50;2025-12-30;3;0
50;2025-12-30;4;2
50;2025-12-30;5;66
50;2025-12-30;6;554
50;2025-12-30;7;1732
50;2025-12-30;8;2727
50;2025-12-30;9;2129
50;2025-12-30;10;1625
50;2025-12-30;11;1539
50;2025-12-30;12;1463
50;2025-12-30;13;1457
50;2025-12-30;14;1376
50;2025-12-30;15;1632
50;2025-12-30;16;1711
50;2025-12-30;17;2332
50;2025-12-30;18;2505
50;2025-12-30;19;1459
50;2025-12-30;20;872
50;2025-12-30;21;606
50;2025-12-30;22;287
50;2025-12-30;23;137
50;2025-12-31;0;29
50;2025-12-31;1;0
50;2025-12-31;2;0
50;2025-12-31;3;0
50;2025-12-31;4;0
50;2025-12-31;5;15
50;2025-12-31;6;253
50;2025-12-31;7;591
50;2025-12-31;8;861
50;2025-12-31;9;678
50;2025-12-31;10;633
50;2025-12-31;11;693
50;2025-12-31;12;748
50;2025-12-31;13;776
50;2025-12-31;14;733
50;2025-12-31;15;829
50;2025-12-31;16;780
50;2025-12-31;17;853
50;2025-12-31;18;983
50;2025-12-31;19;702
50;2025-12-31;20;447
50;2025-12-31;21;378
50;2025-12-31;22;237
50;2025-12-31;23;104
