route;date;hour;prediction
1;2025-11-01;0;0
1;2025-11-01;1;0
1;2025-11-01;2;0
1;2025-11-01;3;0
1;2025-11-01;4;16
1;2025-11-01;5;60
1;2025-11-01;6;204
1;2025-11-01;7;536
1;2025-11-01;8;1801
1;2025-11-01;9;1469
1;2025-11-01;10;1358
1;2025-11-01;11;1468
1;2025-11-01;12;1486
1;2025-11-01;13;1632
1;2025-11-01;14;1556
1;2025-11-01;15;1652
1;2025-11-01;16;1651
1;2025-11-01;17;1805
1;2025-11-01;18;1637
1;2025-11-01;19;1146
1;2025-11-01;20;665
1;2025-11-01;21;364
1;2025-11-01;22;167
1;2025-11-01;23;61
1;2025-11-02;0;1
1;2025-11-02;1;0
1;2025-11-02;2;0
1;2025-11-02;3;0
1;2025-11-02;4;0
1;2025-11-02;5;25
1;2025-11-02;6;123
1;2025-11-02;7;270
1;2025-11-02;8;405
1;2025-11-02;9;623
1;2025-11-02;10;734
1;2025-11-02;11;676
1;2025-11-02;12;887
1;2025-11-02;13;934
1;2025-11-02;14;870
1;2025-11-02;15;753
1;2025-11-02;16;733
1;2025-11-02;17;649
1;2025-11-02;18;572
1;2025-11-02;19;459
1;2025-11-02;20;364
1;2025-11-02;21;276
1;2025-11-02;22;115
1;2025-11-02;23;28
1;2025-11-03;0;0
1;2025-11-03;1;0
1;2025-11-03;2;0
1;2025-11-03;3;0
1;2025-11-03;4;1
1;2025-11-03;5;38
1;2025-11-03;6;251
1;2025-11-03;7;439
1;2025-11-03;8;548
1;2025-11-03;9;611
1;2025-11-03;10;675
1;2025-11-03;11;609
1;2025-11-03;12;795
1;2025-11-03;13;802
1;2025-11-03;14;783
1;2025-11-03;15;704
1;2025-11-03;16;661
1;2025-11-03;17;655
1;2025-11-03;18;645
1;2025-11-03;19;494
1;2025-11-03;20;378
1;2025-11-03;21;334
1;2025-11-03;22;108
1;2025-11-03;23;22
1;2025-11-04;0;0
1;2025-11-04;1;0
1;2025-11-04;2;0
1;2025-11-04;3;0
1;2025-11-04;4;9
1;2025-11-04;5;25
1;2025-11-04;6;135
1;2025-11-04;7;306
1;2025-11-04;8;429
1;2025-11-04;9;531
1;2025-11-04;10;655
1;2025-11-04;11;515
1;2025-11-04;12;753
1;2025-11-04;13;781
1;2025-11-04;14;728
1;2025-11-04;15;641
1;2025-11-04;16;620
1;2025-11-04;17;592
1;2025-11-04;18;510
1;2025-11-04;19;440
1;2025-11-04;20;327
1;2025-11-04;21;316
1;2025-11-04;22;124
1;2025-11-04;23;22
1;2025-11-05;0;2
1;2025-11-05;1;0
1;2025-11-05;2;0
1;2025-11-05;3;0
1;2025-11-05;4;10
1;2025-11-05;5;136
1;2025-11-05;6;529
1;2025-11-05;7;1511
1;2025-11-05;8;1973
1;2025-11-05;9;1483
1;2025-11-05;10;1372
1;2025-11-05;11;1370
1;2025-11-05;12;1393
1;2025-11-05;13;1449
1;2025-11-05;14;1415
1;2025-11-05;15;1548
1;2025-11-05;16;1530
1;2025-11-05;17;1809
1;2025-11-05;18;1808
1;2025-11-05;19;1397
1;2025-11-05;20;887
1;2025-11-05;21;495
1;2025-11-05;22;251
1;2025-11-05;23;42
1;2025-11-06;0;5
1;2025-11-06;1;0
1;2025-11-06;2;0
1;2025-11-06;3;0
1;2025-11-06;4;8
1;2025-11-06;5;133
1;2025-11-06;6;529
1;2025-11-06;7;1524
1;2025-11-06;8;1988
1;2025-11-06;9;1497
1;2025-11-06;10;1399
1;2025-11-06;11;1375
1;2025-11-06;12;1397
1;2025-11-06;13;1447
1;2025-11-06;14;1421
1;2025-11-06;15;1559
1;2025-11-06;16;1537
1;2025-11-06;17;1812
1;2025-11-06;18;1825
1;2025-11-06;19;1408
1;2025-11-06;20;897
1;2025-11-06;21;514
1;2025-11-06;22;252
1;2025-11-06;23;48
1;2025-11-07;0;4
1;2025-11-07;1;0
1;2025-11-07;2;0
1;2025-11-07;3;0
1;2025-11-07;4;8
1;2025-11-07;5;131
1;2025-11-07;6;508
1;2025-11-07;7;1470
1;2025-11-07;8;1931
1;2025-11-07;9;1430
1;2025-11-07;10;1349
1;2025-11-07;11;1371
1;2025-11-07;12;1376
1;2025-11-07;13;1427
1;2025-11-07;14;1415
1;2025-11-07;15;1571
1;2025-11-07;16;1569
1;2025-11-07;17;1777
1;2025-11-07;18;1632
1;2025-11-07;19;1283
1;2025-11-07;20;831
1;2025-11-07;21;499
1;2025-11-07;22;255
1;2025-11-07;23;52
1;2025-11-08;0;6
1;2025-11-08;1;0
1;2025-11-08;2;0
1;2025-11-08;3;0
1;2025-11-08;4;0
1;2025-11-08;5;36
1;2025-11-08;6;177
1;2025-11-08;7;371
1;2025-11-08;8;532
1;2025-11-08;9;736
1;2025-11-08;10;863
1;2025-11-08;11;763
1;2025-11-08;12;964
1;2025-11-08;13;1045
1;2025-11-08;14;974
1;2025-11-08;15;852
1;2025-11-08;16;817
1;2025-11-08;17;747
1;2025-11-08;18;637
1;2025-11-08;19;570
1;2025-11-08;20;431
1;2025-11-08;21;309
1;2025-11-08;22;141
1;2025-11-08;23;31
1;2025-11-09;0;1
1;2025-11-09;1;0
1;2025-11-09;2;0
1;2025-11-09;3;0
1;2025-11-09;4;0
1;2025-11-09;5;25
1;2025-11-09;6;123
1;2025-11-09;7;270
1;2025-11-09;8;405
1;2025-11-09;9;623
1;2025-11-09;10;734
1;2025-11-09;11;676
1;2025-11-09;12;887
1;2025-11-09;13;934
1;2025-11-09;14;870
1;2025-11-09;15;753
1;2025-11-09;16;733
1;2025-11-09;17;649
1;2025-11-09;18;572
1;2025-11-09;19;459
1;2025-11-09;20;364
1;2025-11-09;21;276
1;2025-11-09;22;115
1;2025-11-09;23;28
1;2025-11-10;0;1
1;2025-11-10;1;0
1;2025-11-10;2;0
1;2025-11-10;3;0
1;2025-11-10;4;9
1;2025-11-10;5;130
1;2025-11-10;6;518
1;2025-11-10;7;1472
1;2025-11-10;8;1934
1;2025-11-10;9;1407
1;2025-11-10;10;1309
1;2025-11-10;11;1316
1;2025-11-10;12;1347
1;2025-11-10;13;1380
1;2025-11-10;14;1355
1;2025-11-10;15;1505
1;2025-11-10;16;1507
1;2025-11-10;17;1786
1;2025-11-10;18;1786
1;2025-11-10;19;1359
1;2025-11-10;20;868
1;2025-11-10;21;484
1;2025-11-10;22;234
1;2025-11-10;23;38
1;2025-11-11;0;2
1;2025-11-11;1;0
1;2025-11-11;2;0
1;2025-11-11;3;0
1;2025-11-11;4;8
1;2025-11-11;5;134
1;2025-11-11;6;528
1;2025-11-11;7;1528
1;2025-11-11;8;1980
1;2025-11-11;9;1491
1;2025-11-11;10;1399
1;2025-11-11;11;1373
1;2025-11-11;12;1389
1;2025-11-11;13;1445
1;2025-11-11;14;1401
1;2025-11-11;15;1541
1;2025-11-11;16;1527
1;2025-11-11;17;1795
1;2025-11-11;18;1815
1;2025-11-11;19;1397
1;2025-11-11;20;899
1;2025-11-11;21;502
1;2025-11-11;22;241
1;2025-11-11;23;40
1;2025-11-12;0;2
1;2025-11-12;1;0
1;2025-11-12;2;0
1;2025-11-12;3;0
1;2025-11-12;4;10
1;2025-11-12;5;136
1;2025-11-12;6;529
1;2025-11-12;7;1511
1;2025-11-12;8;1973
1;2025-11-12;9;1483
1;2025-11-12;10;1372
1;2025-11-12;11;1370
1;2025-11-12;12;1393
1;2025-11-12;13;1449
1;2025-11-12;14;1415
1;2025-11-12;15;1548
1;2025-11-12;16;1530
1;2025-11-12;17;1809
1;2025-11-12;18;1808
1;2025-11-12;19;1397
1;2025-11-12;20;887
1;2025-11-12;21;495
1;2025-11-12;22;251
1;2025-11-12;23;42
1;2025-11-13;0;5
1;2025-11-13;1;0
1;2025-11-13;2;0
1;2025-11-13;3;0
1;2025-11-13;4;8
1;2025-11-13;5;133
1;2025-11-13;6;529
1;2025-11-13;7;1524
1;2025-11-13;8;1988
1;2025-11-13;9;1497
1;2025-11-13;10;1399
1;2025-11-13;11;1375
1;2025-11-13;12;1397
1;2025-11-13;13;1447
1;2025-11-13;14;1421
1;2025-11-13;15;1559
1;2025-11-13;16;1537
1;2025-11-13;17;1812
1;2025-11-13;18;1825
1;2025-11-13;19;1408
1;2025-11-13;20;897
1;2025-11-13;21;514
1;2025-11-13;22;252
1;2025-11-13;23;48
1;2025-11-14;0;4
1;2025-11-14;1;0
1;2025-11-14;2;0
1;2025-11-14;3;0
1;2025-11-14;4;8
1;2025-11-14;5;131
1;2025-11-14;6;508
1;2025-11-14;7;1470
1;2025-11-14;8;1931
1;2025-11-14;9;1430
1;2025-11-14;10;1349
1;2025-11-14;11;1371
1;2025-11-14;12;1376
1;2025-11-14;13;1427
1;2025-11-14;14;1415
1;2025-11-14;15;1571
1;2025-11-14;16;1569
1;2025-11-14;17;1777
1;2025-11-14;18;1632
1;2025-11-14;19;1283
1;2025-11-14;20;831
1;2025-11-14;21;499
1;2025-11-14;22;255
1;2025-11-14;23;52
1;2025-11-15;0;6
1;2025-11-15;1;0
1;2025-11-15;2;0
1;2025-11-15;3;0
1;2025-11-15;4;0
1;2025-11-15;5;36
1;2025-11-15;6;177
1;2025-11-15;7;371
1;2025-11-15;8;532
1;2025-11-15;9;736
1;2025-11-15;10;863
1;2025-11-15;11;763
1;2025-11-15;12;964
1;2025-11-15;13;1045
1;2025-11-15;14;974
1;2025-11-15;15;852
1;2025-11-15;16;817
1;2025-11-15;17;747
1;2025-11-15;18;637
1;2025-11-15;19;570
1;2025-11-15;20;431
1;2025-11-15;21;309
1;2025-11-15;22;141
1;2025-11-15;23;31
1;2025-11-16;0;1
1;2025-11-16;1;0
1;2025-11-16;2;0
1;2025-11-16;3;0
1;2025-11-16;4;0
1;2025-11-16;5;25
1;2025-11-16;6;123
1;2025-11-16;7;270
1;2025-11-16;8;405
1;2025-11-16;9;623
1;2025-11-16;10;734
1;2025-11-16;11;676
1;2025-11-16;12;887
1;2025-11-16;13;934
1;2025-11-16;14;870
1;2025-11-16;15;753
1;2025-11-16;16;733
1;2025-11-16;17;649
1;2025-11-16;18;572
1;2025-11-16;19;459
1;2025-11-16;20;364
1;2025-11-16;21;276
1;2025-11-16;22;115
1;2025-11-16;23;28
1;2025-11-17;0;1
1;2025-11-17;1;0
1;2025-11-17;2;0
1;2025-11-17;3;0
1;2025-11-17;4;9
1;2025-11-17;5;130
1;2025-11-17;6;518
1;2025-11-17;7;1472
1;2025-11-17;8;1934
1;2025-11-17;9;1407
1;2025-11-17;10;1309
1;2025-11-17;11;1316
1;2025-11-17;12;1347
1;2025-11-17;13;1380
1;2025-11-17;14;1355
1;2025-11-17;15;1505
1;2025-11-17;16;1507
1;2025-11-17;17;1786
1;2025-11-17;18;1786
1;2025-11-17;19;1359
1;2025-11-17;20;868
1;2025-11-17;21;484
1;2025-11-17;22;234
1;2025-11-17;23;38
1;2025-11-18;0;2
1;2025-11-18;1;0
1;2025-11-18;2;0
1;2025-11-18;3;0
1;2025-11-18;4;8
1;2025-11-18;5;134
1;2025-11-18;6;528
1;2025-11-18;7;1528
1;2025-11-18;8;1980
1;2025-11-18;9;1491
1;2025-11-18;10;1399
1;2025-11-18;11;1373
1;2025-11-18;12;1389
1;2025-11-18;13;1445
1;2025-11-18;14;1401
1;2025-11-18;15;1541
1;2025-11-18;16;1527
1;2025-11-18;17;1795
1;2025-11-18;18;1815
1;2025-11-18;19;1397
1;2025-11-18;20;899
1;2025-11-18;21;502
1;2025-11-18;22;241
1;2025-11-18;23;40
1;2025-11-19;0;2
1;2025-11-19;1;0
1;2025-11-19;2;0
1;2025-11-19;3;0
1;2025-11-19;4;10
1;2025-11-19;5;136
1;2025-11-19;6;529
1;2025-11-19;7;1511
1;2025-11-19;8;1973
1;2025-11-19;9;1483
1;2025-11-19;10;1372
1;2025-11-19;11;1370
1;2025-11-19;12;1393
1;2025-11-19;13;1449
1;2025-11-19;14;1415
1;2025-11-19;15;1548
1;2025-11-19;16;1530
1;2025-11-19;17;1809
1;2025-11-19;18;1808
1;2025-11-19;19;1397
1;2025-11-19;20;887
1;2025-11-19;21;495
1;2025-11-19;22;251
1;2025-11-19;23;42
1;2025-11-20;0;5
1;2025-11-20;1;0
1;2025-11-20;2;0
1;2025-11-20;3;0
1;2025-11-20;4;8
1;2025-11-20;5;133
1;2025-11-20;6;529
1;2025-11-20;7;1524
1;2025-11-20;8;1988
1;2025-11-20;9;1497
1;2025-11-20;10;1399
1;2025-11-20;11;1375
1;2025-11-20;12;1397
1;2025-11-20;13;1447
1;2025-11-20;14;1421
1;2025-11-20;15;1559
1;2025-11-20;16;1537
1;2025-11-20;17;1812
1;2025-11-20;18;1825
1;2025-11-20;19;1408
1;2025-11-20;20;897
1;2025-11-20;21;514
1;2025-11-20;22;252
1;2025-11-20;23;48
1;2025-11-21;0;4
1;2025-11-21;1;0
1;2025-11-21;2;0
1;2025-11-21;3;0
1;2025-11-21;4;8
1;2025-11-21;5;131
1;2025-11-21;6;508
1;2025-11-21;7;1470
1;2025-11-21;8;1931
1;2025-11-21;9;1430
1;2025-11-21;10;1349
1;2025-11-21;11;1371
1;2025-11-21;12;1376
1;2025-11-21;13;1427
1;2025-11-21;14;1415
1;2025-11-21;15;1571
1;2025-11-21;16;1569
1;2025-11-21;17;1777
1;2025-11-21;18;1632
1;2025-11-21;19;1283
1;2025-11-21;20;831
1;2025-11-21;21;499
1;2025-11-21;22;255
1;2025-11-21;23;52
1;2025-11-22;0;6
1;2025-11-22;1;0
1;2025-11-22;2;0
1;2025-11-22;3;0
1;2025-11-22;4;0
1;2025-11-22;5;36
1;2025-11-22;6;177
1;2025-11-22;7;371
1;2025-11-22;8;532
1;2025-11-22;9;736
1;2025-11-22;10;863
1;2025-11-22;11;763
1;2025-11-22;12;964
1;2025-11-22;13;1045
1;2025-11-22;14;974
1;2025-11-22;15;852
1;2025-11-22;16;817
1;2025-11-22;17;747
1;2025-11-22;18;637
1;2025-11-22;19;570
1;2025-11-22;20;431
1;2025-11-22;21;309
1;2025-11-22;22;141
1;2025-11-22;23;31
1;2025-11-23;0;1
1;2025-11-23;1;0
1;2025-11-23;2;0
1;2025-11-23;3;0
1;2025-11-23;4;0
1;2025-11-23;5;25
1;2025-11-23;6;123
1;2025-11-23;7;270
1;2025-11-23;8;405
1;2025-11-23;9;623
1;2025-11-23;10;734
1;2025-11-23;11;676
1;2025-11-23;12;887
1;2025-11-23;13;934
1;2025-11-23;14;870
1;2025-11-23;15;753
1;2025-11-23;16;733
1;2025-11-23;17;649
1;2025-11-23;18;572
1;2025-11-23;19;459
1;2025-11-23;20;364
1;2025-11-23;21;276
1;2025-11-23;22;115
1;2025-11-23;23;28
1;2025-11-24;0;1
1;2025-11-24;1;0
1;2025-11-24;2;0
1;2025-11-24;3;0
1;2025-11-24;4;9
1;2025-11-24;5;130
1;2025-11-24;6;518
1;2025-11-24;7;1472
1;2025-11-24;8;1934
1;2025-11-24;9;1407
1;2025-11-24;10;1309
1;2025-11-24;11;1316
1;2025-11-24;12;1347
1;2025-11-24;13;1380
1;2025-11-24;14;1355
1;2025-11-24;15;1505
1;2025-11-24;16;1507
1;2025-11-24;17;1786
1;2025-11-24;18;1786
1;2025-11-24;19;1359
1;2025-11-24;20;868
1;2025-11-24;21;484
1;2025-11-24;22;234
1;2025-11-24;23;38
1;2025-11-25;0;2
1;2025-11-25;1;0
1;2025-11-25;2;0
1;2025-11-25;3;0
1;2025-11-25;4;8
1;2025-11-25;5;134
1;2025-11-25;6;528
1;2025-11-25;7;1528
1;2025-11-25;8;1980
1;2025-11-25;9;1491
1;2025-11-25;10;1399
1;2025-11-25;11;1373
1;2025-11-25;12;1389
1;2025-11-25;13;1445
1;2025-11-25;14;1401
1;2025-11-25;15;1541
1;2025-11-25;16;1527
1;2025-11-25;17;1795
1;2025-11-25;18;1815
1;2025-11-25;19;1397
1;2025-11-25;20;899
1;2025-11-25;21;502
1;2025-11-25;22;241
1;2025-11-25;23;40
1;2025-11-26;0;2
1;2025-11-26;1;0
1;2025-11-26;2;0
1;2025-11-26;3;0
1;2025-11-26;4;10
1;2025-11-26;5;136
1;2025-11-26;6;529
1;2025-11-26;7;1511
1;2025-11-26;8;1973
1;2025-11-26;9;1483
1;2025-11-26;10;1372
1;2025-11-26;11;1370
1;2025-11-26;12;1393
1;2025-11-26;13;1449
1;2025-11-26;14;1415
1;2025-11-26;15;1548
1;2025-11-26;16;1530
1;2025-11-26;17;1809
1;2025-11-26;18;1808
1;2025-11-26;19;1397
1;2025-11-26;20;887
1;2025-11-26;21;495
1;2025-11-26;22;251
1;2025-11-26;23;42
1;2025-11-27;0;5
1;2025-11-27;1;0
1;2025-11-27;2;0
1;2025-11-27;3;0
1;2025-11-27;4;8
1;2025-11-27;5;133
1;2025-11-27;6;529
1;2025-11-27;7;1524
1;2025-11-27;8;1988
1;2025-11-27;9;1497
1;2025-11-27;10;1399
1;2025-11-27;11;1375
1;2025-11-27;12;1397
1;2025-11-27;13;1447
1;2025-11-27;14;1421
1;2025-11-27;15;1559
1;2025-11-27;16;1537
1;2025-11-27;17;1812
1;2025-11-27;18;1825
1;2025-11-27;19;1408
1;2025-11-27;20;897
1;2025-11-27;21;514
1;2025-11-27;22;252
1;2025-11-27;23;48
1;2025-11-28;0;4
1;2025-11-28;1;0
1;2025-11-28;2;0
1;2025-11-28;3;0
1;2025-11-28;4;8
1;2025-11-28;5;131
1;2025-11-28;6;508
1;2025-11-28;7;1470
1;2025-11-28;8;1931
1;2025-11-28;9;1430
1;2025-11-28;10;1349
1;2025-11-28;11;1371
1;2025-11-28;12;1376
1;2025-11-28;13;1427
1;2025-11-28;14;1415
1;2025-11-28;15;1571
1;2025-11-28;16;1569
1;2025-11-28;17;1777
1;2025-11-28;18;1632
1;2025-11-28;19;1283
1;2025-11-28;20;831
1;2025-11-28;21;499
1;2025-11-28;22;255
1;2025-11-28;23;52
1;2025-11-29;0;6
1;2025-11-29;1;0
1;2025-11-29;2;0
1;2025-11-29;3;0
1;2025-11-29;4;0
1;2025-11-29;5;36
1;2025-11-29;6;177
1;2025-11-29;7;371
1;2025-11-29;8;532
1;2025-11-29;9;736
1;2025-11-29;10;863
1;2025-11-29;11;763
1;2025-11-29;12;964
1;2025-11-29;13;1045
1;2025-11-29;14;974
1;2025-11-29;15;852
1;2025-11-29;16;817
1;2025-11-29;17;747
1;2025-11-29;18;637
1;2025-11-29;19;570
1;2025-11-29;20;431
1;2025-11-29;21;309
1;2025-11-29;22;141
1;2025-11-29;23;31
1;2025-11-30;0;1
1;2025-11-30;1;0
1;2025-11-30;2;0
1;2025-11-30;3;0
1;2025-11-30;4;0
1;2025-11-30;5;25
1;2025-11-30;6;123
1;2025-11-30;7;270
1;2025-11-30;8;405
1;2025-11-30;9;623
1;2025-11-30;10;734
1;2025-11-30;11;676
1;2025-11-30;12;887
1;2025-11-30;13;934
1;2025-11-30;14;870
1;2025-11-30;15;753
1;2025-11-30;16;733
1;2025-11-30;17;649
1;2025-11-30;18;572
1;2025-11-30;19;459
1;2025-11-30;20;364
1;2025-11-30;21;276
1;2025-11-30;22;115
1;2025-11-30;23;28
1;2025-12-01;0;0
1;2025-12-01;1;0
1;2025-12-01;2;0
1;2025-12-01;3;0
1;2025-12-01;4;7
1;2025-12-01;5;134
1;2025-12-01;6;555
1;2025-12-01;7;1429
1;2025-12-01;8;1804
1;2025-12-01;9;1379
1;2025-12-01;10;1213
1;2025-12-01;11;1311
1;2025-12-01;12;1320
1;2025-12-01;13;1343
1;2025-12-01;14;1291
1;2025-12-01;15;1465
1;2025-12-01;16;1441
1;2025-12-01;17;1692
1;2025-12-01;18;1726
1;2025-12-01;19;1324
1;2025-12-01;20;829
1;2025-12-01;21;473
1;2025-12-01;22;233
1;2025-12-01;23;51
1;2025-12-02;0;3
1;2025-12-02;1;0
1;2025-12-02;2;0
1;2025-12-02;3;0
1;2025-12-02;4;5
1;2025-12-02;5;138
1;2025-12-02;6;566
1;2025-12-02;7;1481
1;2025-12-02;8;1847
1;2025-12-02;9;1456
1;2025-12-02;10;1298
1;2025-12-02;11;1364
1;2025-12-02;12;1359
1;2025-12-02;13;1403
1;2025-12-02;14;1333
1;2025-12-02;15;1497
1;2025-12-02;16;1461
1;2025-12-02;17;1696
1;2025-12-02;18;1760
1;2025-12-02;19;1364
1;2025-12-02;20;860
1;2025-12-02;21;492
1;2025-12-02;22;239
1;2025-12-02;23;53
1;2025-12-03;0;5
1;2025-12-03;1;0
1;2025-12-03;2;0
1;2025-12-03;3;0
1;2025-12-03;4;8
1;2025-12-03;5;140
1;2025-12-03;6;566
1;2025-12-03;7;1463
1;2025-12-03;8;1834
1;2025-12-03;9;1447
1;2025-12-03;10;1271
1;2025-12-03;11;1361
1;2025-12-03;12;1363
1;2025-12-03;13;1405
1;2025-12-03;14;1341
1;2025-12-03;15;1500
1;2025-12-03;16;1459
1;2025-12-03;17;1704
1;2025-12-03;18;1748
1;2025-12-03;19;1358
1;2025-12-03;20;845
1;2025-12-03;21;481
1;2025-12-03;22;249
1;2025-12-03;23;54
1;2025-12-04;0;6
1;2025-12-04;1;0
1;2025-12-04;2;0
1;2025-12-04;3;0
1;2025-12-04;4;6
1;2025-12-04;5;137
1;2025-12-04;6;567
1;2025-12-04;7;1477
1;2025-12-04;8;1849
1;2025-12-04;9;1462
1;2025-12-04;10;1298
1;2025-12-04;11;1366
1;2025-12-04;12;1367
1;2025-12-04;13;1403
1;2025-12-04;14;1347
1;2025-12-04;15;1512
1;2025-12-04;16;1465
1;2025-12-04;17;1707
1;2025-12-04;18;1767
1;2025-12-04;19;1370
1;2025-12-04;20;855
1;2025-12-04;21;501
1;2025-12-04;22;250
1;2025-12-04;23;60
1;2025-12-05;0;6
1;2025-12-05;1;0
1;2025-12-05;2;0
1;2025-12-05;3;0
1;2025-12-05;4;6
1;2025-12-05;5;135
1;2025-12-05;6;545
1;2025-12-05;7;1422
1;2025-12-05;8;1797
1;2025-12-05;9;1398
1;2025-12-05;10;1249
1;2025-12-05;11;1366
1;2025-12-05;12;1346
1;2025-12-05;13;1392
1;2025-12-05;14;1348
1;2025-12-05;15;1528
1;2025-12-05;16;1504
1;2025-12-05;17;1679
1;2025-12-05;18;1574
1;2025-12-05;19;1249
1;2025-12-05;20;792
1;2025-12-05;21;490
1;2025-12-05;22;254
1;2025-12-05;23;65
1;2025-12-06;0;10
1;2025-12-06;1;0
1;2025-12-06;2;0
1;2025-12-06;3;0
1;2025-12-06;4;0
1;2025-12-06;5;34
1;2025-12-06;6;183
1;2025-12-06;7;325
1;2025-12-06;8;433
1;2025-12-06;9;672
1;2025-12-06;10;788
1;2025-12-06;11;728
1;2025-12-06;12;900
1;2025-12-06;13;965
1;2025-12-06;14;840
1;2025-12-06;15;774
1;2025-12-06;16;709
1;2025-12-06;17;622
1;2025-12-06;18;556
1;2025-12-06;19;520
1;2025-12-06;20;387
1;2025-12-06;21;291
1;2025-12-06;22;134
1;2025-12-06;23;38
1;2025-12-07;0;1
1;2025-12-07;1;0
1;2025-12-07;2;0
1;2025-12-07;3;0
1;2025-12-07;4;0
1;2025-12-07;5;25
1;2025-12-07;6;129
1;2025-12-07;7;242
1;2025-12-07;8;324
1;2025-12-07;9;574
1;2025-12-07;10;676
1;2025-12-07;11;649
1;2025-12-07;12;828
1;2025-12-07;13;857
1;2025-12-07;14;755
1;2025-12-07;15;684
1;2025-12-07;16;632
1;2025-12-07;17;536
1;2025-12-07;18;497
1;2025-12-07;19;416
1;2025-12-07;20;329
1;2025-12-07;21;259
1;2025-12-07;22;109
1;2025-12-07;23;35
1;2025-12-08;0;0
1;2025-12-08;1;0
1;2025-12-08;2;0
1;2025-12-08;3;0
1;2025-12-08;4;7
1;2025-12-08;5;134
1;2025-12-08;6;555
1;2025-12-08;7;1429
1;2025-12-08;8;1804
1;2025-12-08;9;1379
1;2025-12-08;10;1213
1;2025-12-08;11;1311
1;2025-12-08;12;1320
1;2025-12-08;13;1343
1;2025-12-08;14;1291
1;2025-12-08;15;1465
1;2025-12-08;16;1441
1;2025-12-08;17;1692
1;2025-12-08;18;1726
1;2025-12-08;19;1324
1;2025-12-08;20;829
1;2025-12-08;21;473
1;2025-12-08;22;233
1;2025-12-08;23;51
1;2025-12-09;0;3
1;2025-12-09;1;0
1;2025-12-09;2;0
1;2025-12-09;3;0
1;2025-12-09;4;5
1;2025-12-09;5;138
1;2025-12-09;6;566
1;2025-12-09;7;1481
1;2025-12-09;8;1847
1;2025-12-09;9;1456
1;2025-12-09;10;1298
1;2025-12-09;11;1364
1;2025-12-09;12;1359
1;2025-12-09;13;1403
1;2025-12-09;14;1333
1;2025-12-09;15;1497
1;2025-12-09;16;1461
1;2025-12-09;17;1696
1;2025-12-09;18;1760
1;2025-12-09;19;1364
1;2025-12-09;20;860
1;2025-12-09;21;492
1;2025-12-09;22;239
1;2025-12-09;23;53
1;2025-12-10;0;5
1;2025-12-10;1;0
1;2025-12-10;2;0
1;2025-12-10;3;0
1;2025-12-10;4;8
1;2025-12-10;5;140
1;2025-12-10;6;566
1;2025-12-10;7;1463
1;2025-12-10;8;1834
1;2025-12-10;9;1447
1;2025-12-10;10;1271
1;2025-12-10;11;1361
1;2025-12-10;12;1363
1;2025-12-10;13;1405
1;2025-12-10;14;1341
1;2025-12-10;15;1500
1;2025-12-10;16;1459
1;2025-12-10;17;1704
1;2025-12-10;18;1748
1;2025-12-10;19;1358
1;2025-12-10;20;845
1;2025-12-10;21;481
1;2025-12-10;22;249
1;2025-12-10;23;54
1;2025-12-11;0;6
1;2025-12-11;1;0
1;2025-12-11;2;0
1;2025-12-11;3;0
1;2025-12-11;4;6
1;2025-12-11;5;137
1;2025-12-11;6;567
1;2025-12-11;7;1477
1;2025-12-11;8;1849
1;2025-12-11;9;1462
1;2025-12-11;10;1298
1;2025-12-11;11;1366
1;2025-12-11;12;1367
1;2025-12-11;13;1403
1;2025-12-11;14;1347
1;2025-12-11;15;1512
1;2025-12-11;16;1465
1;2025-12-11;17;1707
1;2025-12-11;18;1767
1;2025-12-11;19;1370
1;2025-12-11;20;855
1;2025-12-11;21;501
1;2025-12-11;22;250
1;2025-12-11;23;60
1;2025-12-12;0;6
1;2025-12-12;1;0
1;2025-12-12;2;0
1;2025-12-12;3;0
1;2025-12-12;4;6
1;2025-12-12;5;135
1;2025-12-12;6;545
1;2025-12-12;7;1422
1;2025-12-12;8;1797
1;2025-12-12;9;1398
1;2025-12-12;10;1249
1;2025-12-12;11;1366
1;2025-12-12;12;1346
1;2025-12-12;13;1392
1;2025-12-12;14;1348
1;2025-12-12;15;1528
1;2025-12-12;16;1504
1;2025-12-12;17;1679
1;2025-12-12;18;1574
1;2025-12-12;19;1249
1;2025-12-12;20;792
1;2025-12-12;21;490
1;2025-12-12;22;254
1;2025-12-12;23;65
1;2025-12-13;0;10
1;2025-12-13;1;0
1;2025-12-13;2;0
1;2025-12-13;3;0
1;2025-12-13;4;0
1;2025-12-13;5;34
1;2025-12-13;6;183
1;2025-12-13;7;325
1;2025-12-13;8;433
1;2025-12-13;9;672
1;2025-12-13;10;788
1;2025-12-13;11;728
1;2025-12-13;12;900
1;2025-12-13;13;965
1;2025-12-13;14;840
1;2025-12-13;15;774
1;2025-12-13;16;709
1;2025-12-13;17;622
1;2025-12-13;18;556
1;2025-12-13;19;520
1;2025-12-13;20;387
1;2025-12-13;21;291
1;2025-12-13;22;134
1;2025-12-13;23;38
1;2025-12-14;0;1
1;2025-12-14;1;0
1;2025-12-14;2;0
1;2025-12-14;3;0
1;2025-12-14;4;0
1;2025-12-14;5;25
1;2025-12-14;6;129
1;2025-12-14;7;242
1;2025-12-14;8;324
1;2025-12-14;9;574
1;2025-12-14;10;676
1;2025-12-14;11;649
1;2025-12-14;12;828
1;2025-12-14;13;857
1;2025-12-14;14;755
1;2025-12-14;15;684
1;2025-12-14;16;632
1;2025-12-14;17;536
1;2025-12-14;18;497
1;2025-12-14;19;416
1;2025-12-14;20;329
1;2025-12-14;21;259
1;2025-12-14;22;109
1;2025-12-14;23;35
1;2025-12-15;0;0
1;2025-12-15;1;0
1;2025-12-15;2;0
1;2025-12-15;3;0
1;2025-12-15;4;7
1;2025-12-15;5;134
1;2025-12-15;6;555
1;2025-12-15;7;1429
1;2025-12-15;8;1804
1;2025-12-15;9;1379
1;2025-12-15;10;1213
1;2025-12-15;11;1311
1;2025-12-15;12;1320
1;2025-12-15;13;1343
1;2025-12-15;14;1291
1;2025-12-15;15;1465
1;2025-12-15;16;1441
1;2025-12-15;17;1692
1;2025-12-15;18;1726
1;2025-12-15;19;1324
1;2025-12-15;20;829
1;2025-12-15;21;473
1;2025-12-15;22;233
1;2025-12-15;23;51
1;2025-12-16;0;3
1;2025-12-16;1;0
1;2025-12-16;2;0
1;2025-12-16;3;0
1;2025-12-16;4;5
1;2025-12-16;5;138
1;2025-12-16;6;566
1;2025-12-16;7;1481
1;2025-12-16;8;1847
1;2025-12-16;9;1456
1;2025-12-16;10;1298
1;2025-12-16;11;1364
1;2025-12-16;12;1359
1;2025-12-16;13;1403
1;2025-12-16;14;1333
1;2025-12-16;15;1497
1;2025-12-16;16;1461
1;2025-12-16;17;1696
1;2025-12-16;18;1760
1;2025-12-16;19;1364
1;2025-12-16;20;860
1;2025-12-16;21;492
1;2025-12-16;22;239
1;2025-12-16;23;53
1;2025-12-17;0;5
1;2025-12-17;1;0
1;2025-12-17;2;0
1;2025-12-17;3;0
1;2025-12-17;4;8
1;2025-12-17;5;140
1;2025-12-17;6;566
1;2025-12-17;7;1463
1;2025-12-17;8;1834
1;2025-12-17;9;1447
1;2025-12-17;10;1271
1;2025-12-17;11;1361
1;2025-12-17;12;1363
1;2025-12-17;13;1405
1;2025-12-17;14;1341
1;2025-12-17;15;1500
1;2025-12-17;16;1459
1;2025-12-17;17;1704
1;2025-12-17;18;1748
1;2025-12-17;19;1358
1;2025-12-17;20;845
1;2025-12-17;21;481
1;2025-12-17;22;249
1;2025-12-17;23;54
1;2025-12-18;0;6
1;2025-12-18;1;0
1;2025-12-18;2;0
1;2025-12-18;3;0
1;2025-12-18;4;6
1;2025-12-18;5;137
1;2025-12-18;6;567
1;2025-12-18;7;1477
1;2025-12-18;8;1849
1;2025-12-18;9;1462
1;2025-12-18;10;1298
1;2025-12-18;11;1366
1;2025-12-18;12;1367
1;2025-12-18;13;1403
1;2025-12-18;14;1347
1;2025-12-18;15;1512
1;2025-12-18;16;1465
1;2025-12-18;17;1707
1;2025-12-18;18;1767
1;2025-12-18;19;1370
1;2025-12-18;20;855
1;2025-12-18;21;501
1;2025-12-18;22;250
1;2025-12-18;23;60
1;2025-12-19;0;6
1;2025-12-19;1;0
1;2025-12-19;2;0
1;2025-12-19;3;0
1;2025-12-19;4;6
1;2025-12-19;5;135
1;2025-12-19;6;545
1;2025-12-19;7;1422
1;2025-12-19;8;1797
1;2025-12-19;9;1398
1;2025-12-19;10;1249
1;2025-12-19;11;1366
1;2025-12-19;12;1346
1;2025-12-19;13;1392
1;2025-12-19;14;1348
1;2025-12-19;15;1528
1;2025-12-19;16;1504
1;2025-12-19;17;1679
1;2025-12-19;18;1574
1;2025-12-19;19;1249
1;2025-12-19;20;792
1;2025-12-19;21;490
1;2025-12-19;22;254
1;2025-12-19;23;65
1;2025-12-20;0;10
1;2025-12-20;1;0
1;2025-12-20;2;0
1;2025-12-20;3;0
1;2025-12-20;4;0
1;2025-12-20;5;34
1;2025-12-20;6;183
1;2025-12-20;7;325
1;2025-12-20;8;433
1;2025-12-20;9;672
1;2025-12-20;10;788
1;2025-12-20;11;728
1;2025-12-20;12;900
1;2025-12-20;13;965
1;2025-12-20;14;840
1;2025-12-20;15;774
1;2025-12-20;16;709
1;2025-12-20;17;622
1;2025-12-20;18;556
1;2025-12-20;19;520
1;2025-12-20;20;387
1;2025-12-20;21;291
1;2025-12-20;22;134
1;2025-12-20;23;38
1;2025-12-21;0;1
1;2025-12-21;1;0
1;2025-12-21;2;0
1;2025-12-21;3;0
1;2025-12-21;4;0
1;2025-12-21;5;25
1;2025-12-21;6;129
1;2025-12-21;7;242
1;2025-12-21;8;324
1;2025-12-21;9;574
1;2025-12-21;10;676
1;2025-12-21;11;649
1;2025-12-21;12;828
1;2025-12-21;13;857
1;2025-12-21;14;755
1;2025-12-21;15;684
1;2025-12-21;16;632
1;2025-12-21;17;536
1;2025-12-21;18;497
1;2025-12-21;19;416
1;2025-12-21;20;329
1;2025-12-21;21;259
1;2025-12-21;22;109
1;2025-12-21;23;35
1;2025-12-22;0;0
1;2025-12-22;1;0
1;2025-12-22;2;0
1;2025-12-22;3;0
1;2025-12-22;4;7
1;2025-12-22;5;134
1;2025-12-22;6;555
1;2025-12-22;7;1429
1;2025-12-22;8;1804
1;2025-12-22;9;1379
1;2025-12-22;10;1213
1;2025-12-22;11;1311
1;2025-12-22;12;1320
1;2025-12-22;13;1343
1;2025-12-22;14;1291
1;2025-12-22;15;1465
1;2025-12-22;16;1441
1;2025-12-22;17;1692
1;2025-12-22;18;1726
1;2025-12-22;19;1324
1;2025-12-22;20;829
1;2025-12-22;21;473
1;2025-12-22;22;233
1;2025-12-22;23;51
1;2025-12-23;0;3
1;2025-12-23;1;0
1;2025-12-23;2;0
1;2025-12-23;3;0
1;2025-12-23;4;5
1;2025-12-23;5;138
1;2025-12-23;6;566
1;2025-12-23;7;1481
1;2025-12-23;8;1847
1;2025-12-23;9;1456
1;2025-12-23;10;1298
1;2025-12-23;11;1364
1;2025-12-23;12;1359
1;2025-12-23;13;1403
1;2025-12-23;14;1333
1;2025-12-23;15;1497
1;2025-12-23;16;1461
1;2025-12-23;17;1696
1;2025-12-23;18;1760
1;2025-12-23;19;1364
1;2025-12-23;20;860
1;2025-12-23;21;492
1;2025-12-23;22;239
1;2025-12-23;23;53
1;2025-12-24;0;5
1;2025-12-24;1;0
1;2025-12-24;2;0
1;2025-12-24;3;0
1;2025-12-24;4;8
1;2025-12-24;5;140
1;2025-12-24;6;566
1;2025-12-24;7;1463
1;2025-12-24;8;1834
1;2025-12-24;9;1447
1;2025-12-24;10;1271
1;2025-12-24;11;1361
1;2025-12-24;12;1363
1;2025-12-24;13;1405
1;2025-12-24;14;1341
1;2025-12-24;15;1500
1;2025-12-24;16;1459
1;2025-12-24;17;1704
1;2025-12-24;18;1748
1;2025-12-24;19;1358
1;2025-12-24;20;845
1;2025-12-24;21;481
1;2025-12-24;22;249
1;2025-12-24;23;54
1;2025-12-25;0;6
1;2025-12-25;1;0
1;2025-12-25;2;0
1;2025-12-25;3;0
1;2025-12-25;4;6
1;2025-12-25;5;137
1;2025-12-25;6;567
1;2025-12-25;7;1477
1;2025-12-25;8;1849
1;2025-12-25;9;1462
1;2025-12-25;10;1298
1;2025-12-25;11;1366
1;2025-12-25;12;1367
1;2025-12-25;13;1403
1;2025-12-25;14;1347
1;2025-12-25;15;1512
1;2025-12-25;16;1465
1;2025-12-25;17;1707
1;2025-12-25;18;1767
1;2025-12-25;19;1370
1;2025-12-25;20;855
1;2025-12-25;21;501
1;2025-12-25;22;250
1;2025-12-25;23;60
1;2025-12-26;0;6
1;2025-12-26;1;0
1;2025-12-26;2;0
1;2025-12-26;3;0
1;2025-12-26;4;6
1;2025-12-26;5;135
1;2025-12-26;6;545
1;2025-12-26;7;1422
1;2025-12-26;8;1797
1;2025-12-26;9;1398
1;2025-12-26;10;1249
1;2025-12-26;11;1366
1;2025-12-26;12;1346
1;2025-12-26;13;1392
1;2025-12-26;14;1348
1;2025-12-26;15;1528
1;2025-12-26;16;1504
1;2025-12-26;17;1679
1;2025-12-26;18;1574
1;2025-12-26;19;1249
1;2025-12-26;20;792
1;2025-12-26;21;490
1;2025-12-26;22;254
1;2025-12-26;23;65
1;2025-12-27;0;10
1;2025-12-27;1;0
1;2025-12-27;2;0
1;2025-12-27;3;0
1;2025-12-27;4;0
1;2025-12-27;5;34
1;2025-12-27;6;183
1;2025-12-27;7;325
1;2025-12-27;8;433
1;2025-12-27;9;672
1;2025-12-27;10;788
1;2025-12-27;11;728
1;2025-12-27;12;900
1;2025-12-27;13;965
1;2025-12-27;14;840
1;2025-12-27;15;774
1;2025-12-27;16;709
1;2025-12-27;17;622
1;2025-12-27;18;556
1;2025-12-27;19;520
1;2025-12-27;20;387
1;2025-12-27;21;291
1;2025-12-27;22;134
1;2025-12-27;23;38
1;2025-12-28;0;1
1;2025-12-28;1;0
1;2025-12-28;2;0
1;2025-12-28;3;0
1;2025-12-28;4;0
1;2025-12-28;5;25
1;2025-12-28;6;129
1;2025-12-28;7;242
1;2025-12-28;8;324
1;2025-12-28;9;574
1;2025-12-28;10;676
1;2025-12-28;11;649
1;2025-12-28;12;828
1;2025-12-28;13;857
1;2025-12-28;14;755
1;2025-12-28;15;684
1;2025-12-28;16;632
1;2025-12-28;17;536
1;2025-12-28;18;497
1;2025-12-28;19;416
1;2025-12-28;20;329
1;2025-12-28;21;259
1;2025-12-28;22;109
1;2025-12-28;23;35
1;2025-12-29;0;0
1;2025-12-29;1;0
1;2025-12-29;2;0
1;2025-12-29;3;0
1;2025-12-29;4;7
1;2025-12-29;5;134
1;2025-12-29;6;555
1;2025-12-29;7;1429
1;2025-12-29;8;1804
1;2025-12-29;9;1379
1;2025-12-29;10;1213
1;2025-12-29;11;1311
1;2025-12-29;12;1320
1;2025-12-29;13;1343
1;2025-12-29;14;1291
1;2025-12-29;15;1465
1;2025-12-29;16;1441
1;2025-12-29;17;1692
1;2025-12-29;18;1726
1;2025-12-29;19;1324
1;2025-12-29;20;829
1;2025-12-29;21;473
1;2025-12-29;22;233
1;2025-12-29;23;51
1;2025-12-30;0;3
1;2025-12-30;1;0
1;2025-12-30;2;0
1;2025-12-30;3;0
1;2025-12-30;4;5
1;2025-12-30;5;138
1;2025-12-30;6;566
1;2025-12-30;7;1481
1;2025-12-30;8;1847
1;2025-12-30;9;1456
1;2025-12-30;10;1298
1;2025-12-30;11;1364
1;2025-12-30;12;1359
1;2025-12-30;13;1403
1;2025-12-30;14;1333
1;2025-12-30;15;1497
1;2025-12-30;16;1461
1;2025-12-30;17;1696
1;2025-12-30;18;1760
1;2025-12-30;19;1364
1;2025-12-30;20;860
1;2025-12-30;21;492
1;2025-12-30;22;239
1;2025-12-30;23;53
1;2025-12-31;0;0
1;2025-12-31;1;0
1;2025-12-31;2;0
1;2025-12-31;3;0
1;2025-12-31;4;1
1;2025-12-31;5;33
1;2025-12-31;6;276
1;2025-12-31;7;397
1;2025-12-31;8;419
1;2025-12-31;9;585
1;2025-12-31;10;585
1;2025-12-31;11;584
1;2025-12-31;12;761
1;2025-12-31;13;739
1;2025-12-31;14;719
1;2025-12-31;15;624
1;2025-12-31;16;551
1;2025-12-31;17;503
1;2025-12-31;18;560
1;2025-12-31;19;463
1;2025-12-31;20;332
1;2025-12-31;21;311
1;2025-12-31;22;107
1;2025-12-31;23;25
5;2025-11-01;0;0
5;2025-11-01;1;0
5;2025-11-01;2;0
5;2025-11-01;3;0
5;2025-11-01;4;0
5;2025-11-01;5;0
5;2025-11-01;6;0
5;2025-11-01;7;0
5;2025-11-01;8;0
5;2025-11-01;9;0
5;2025-11-01;10;0
5;2025-11-01;11;0
5;2025-11-01;12;0
5;2025-11-01;13;0
5;2025-11-01;14;0
5;2025-11-01;15;0
5;2025-11-01;16;0
5;2025-11-01;17;0
5;2025-11-01;18;0
5;2025-11-01;19;0
5;2025-11-01;20;0
5;2025-11-01;21;0
5;2025-11-01;22;0
5;2025-11-01;23;0
5;2025-11-02;0;0
5;2025-11-02;1;0
5;2025-11-02;2;0
5;2025-11-02;3;0
5;2025-11-02;4;0
5;2025-11-02;5;0
5;2025-11-02;6;0
5;2025-11-02;7;0
5;2025-11-02;8;0
5;2025-11-02;9;0
5;2025-11-02;10;0
5;2025-11-02;11;0
5;2025-11-02;12;0
5;2025-11-02;13;0
5;2025-11-02;14;0
5;2025-11-02;15;0
5;2025-11-02;16;0
5;2025-11-02;17;0
5;2025-11-02;18;0
5;2025-11-02;19;0
5;2025-11-02;20;0
5;2025-11-02;21;0
5;2025-11-02;22;0
5;2025-11-02;23;0
5;2025-11-03;0;0
5;2025-11-03;1;0
5;2025-11-03;2;0
5;2025-11-03;3;0
5;2025-11-03;4;0
5;2025-11-03;5;0
5;2025-11-03;6;0
5;2025-11-03;7;0
5;2025-11-03;8;0
5;2025-11-03;9;0
5;2025-11-03;10;0
5;2025-11-03;11;0
5;2025-11-03;12;0
5;2025-11-03;13;0
5;2025-11-03;14;0
5;2025-11-03;15;0
5;2025-11-03;16;0
5;2025-11-03;17;0
5;2025-11-03;18;0
5;2025-11-03;19;0
5;2025-11-03;20;0
5;2025-11-03;21;0
5;2025-11-03;22;0
5;2025-11-03;23;0
5;2025-11-04;0;0
5;2025-11-04;1;0
5;2025-11-04;2;0
5;2025-11-04;3;0
5;2025-11-04;4;0
5;2025-11-04;5;0
5;2025-11-04;6;0
5;2025-11-04;7;0
5;2025-11-04;8;0
5;2025-11-04;9;0
5;2025-11-04;10;0
5;2025-11-04;11;0
5;2025-11-04;12;0
5;2025-11-04;13;0
5;2025-11-04;14;0
5;2025-11-04;15;0
5;2025-11-04;16;0
5;2025-11-04;17;0
5;2025-11-04;18;0
5;2025-11-04;19;0
5;2025-11-04;20;0
5;2025-11-04;21;0
5;2025-11-04;22;0
5;2025-11-04;23;0
5;2025-11-05;0;0
5;2025-11-05;1;0
5;2025-11-05;2;0
5;2025-11-05;3;0
5;2025-11-05;4;0
5;2025-11-05;5;0
5;2025-11-05;6;0
5;2025-11-05;7;0
5;2025-11-05;8;0
5;2025-11-05;9;0
5;2025-11-05;10;0
5;2025-11-05;11;0
5;2025-11-05;12;0
5;2025-11-05;13;0
5;2025-11-05;14;0
5;2025-11-05;15;0
5;2025-11-05;16;0
5;2025-11-05;17;0
5;2025-11-05;18;0
5;2025-11-05;19;0
5;2025-11-05;20;0
5;2025-11-05;21;0
5;2025-11-05;22;0
5;2025-11-05;23;0
5;2025-11-06;0;0
5;2025-11-06;1;0
5;2025-11-06;2;0
5;2025-11-06;3;0
5;2025-11-06;4;0
5;2025-11-06;5;0
5;2025-11-06;6;0
5;2025-11-06;7;0
5;2025-11-06;8;0
5;2025-11-06;9;0
5;2025-11-06;10;0
5;2025-11-06;11;0
5;2025-11-06;12;0
5;2025-11-06;13;0
5;2025-11-06;14;0
5;2025-11-06;15;0
5;2025-11-06;16;0
5;2025-11-06;17;0
5;2025-11-06;18;0
5;2025-11-06;19;0
5;2025-11-06;20;0
5;2025-11-06;21;0
5;2025-11-06;22;0
5;2025-11-06;23;0
5;2025-11-07;0;0
5;2025-11-07;1;0
5;2025-11-07;2;0
5;2025-11-07;3;0
5;2025-11-07;4;0
5;2025-11-07;5;0
5;2025-11-07;6;0
5;2025-11-07;7;0
5;2025-11-07;8;0
5;2025-11-07;9;0
5;2025-11-07;10;0
5;2025-11-07;11;0
5;2025-11-07;12;0
5;2025-11-07;13;0
5;2025-11-07;14;0
5;2025-11-07;15;0
5;2025-11-07;16;0
5;2025-11-07;17;0
5;2025-11-07;18;0
5;2025-11-07;19;0
5;2025-11-07;20;0
5;2025-11-07;21;0
5;2025-11-07;22;0
5;2025-11-07;23;0
5;2025-11-08;0;0
5;2025-11-08;1;0
5;2025-11-08;2;0
5;2025-11-08;3;0
5;2025-11-08;4;0
5;2025-11-08;5;0
5;2025-11-08;6;0
5;2025-11-08;7;0
5;2025-11-08;8;0
5;2025-11-08;9;0
5;2025-11-08;10;0
5;2025-11-08;11;0
5;2025-11-08;12;0
5;2025-11-08;13;0
5;2025-11-08;14;0
5;2025-11-08;15;0
5;2025-11-08;16;0
5;2025-11-08;17;0
5;2025-11-08;18;0
5;2025-11-08;19;0
5;2025-11-08;20;0
5;2025-11-08;21;0
5;2025-11-08;22;0
5;2025-11-08;23;0
5;2025-11-09;0;0
5;2025-11-09;1;0
5;2025-11-09;2;0
5;2025-11-09;3;0
5;2025-11-09;4;0
5;2025-11-09;5;0
5;2025-11-09;6;0
5;2025-11-09;7;0
5;2025-11-09;8;0
5;2025-11-09;9;0
5;2025-11-09;10;0
5;2025-11-09;11;0
5;2025-11-09;12;0
5;2025-11-09;13;0
5;2025-11-09;14;0
5;2025-11-09;15;0
5;2025-11-09;16;0
5;2025-11-09;17;0
5;2025-11-09;18;0
5;2025-11-09;19;0
5;2025-11-09;20;0
5;2025-11-09;21;0
5;2025-11-09;22;0
5;2025-11-09;23;0
5;2025-11-10;0;0
5;2025-11-10;1;0
5;2025-11-10;2;0
5;2025-11-10;3;0
5;2025-11-10;4;0
5;2025-11-10;5;0
5;2025-11-10;6;0
5;2025-11-10;7;0
5;2025-11-10;8;0
5;2025-11-10;9;0
5;2025-11-10;10;0
5;2025-11-10;11;0
5;2025-11-10;12;0
5;2025-11-10;13;0
5;2025-11-10;14;0
5;2025-11-10;15;0
5;2025-11-10;16;0
5;2025-11-10;17;0
5;2025-11-10;18;0
5;2025-11-10;19;0
5;2025-11-10;20;0
5;2025-11-10;21;0
5;2025-11-10;22;0
5;2025-11-10;23;0
5;2025-11-11;0;0
5;2025-11-11;1;0
5;2025-11-11;2;0
5;2025-11-11;3;0
5;2025-11-11;4;0
5;2025-11-11;5;0
5;2025-11-11;6;0
5;2025-11-11;7;0
5;2025-11-11;8;0
5;2025-11-11;9;0
5;2025-11-11;10;0
5;2025-11-11;11;0
5;2025-11-11;12;0
5;2025-11-11;13;0
5;2025-11-11;14;0
5;2025-11-11;15;0
5;2025-11-11;16;0
5;2025-11-11;17;0
5;2025-11-11;18;0
5;2025-11-11;19;0
5;2025-11-11;20;0
5;2025-11-11;21;0
5;2025-11-11;22;0
5;2025-11-11;23;0
5;2025-11-12;0;0
5;2025-11-12;1;0
5;2025-11-12;2;0
5;2025-11-12;3;0
5;2025-11-12;4;0
5;2025-11-12;5;0
5;2025-11-12;6;0
5;2025-11-12;7;0
5;2025-11-12;8;0
5;2025-11-12;9;0
5;2025-11-12;10;0
5;2025-11-12;11;0
5;2025-11-12;12;0
5;2025-11-12;13;0
5;2025-11-12;14;0
5;2025-11-12;15;0
5;2025-11-12;16;0
5;2025-11-12;17;0
5;2025-11-12;18;0
5;2025-11-12;19;0
5;2025-11-12;20;0
5;2025-11-12;21;0
5;2025-11-12;22;0
5;2025-11-12;23;0
5;2025-11-13;0;0
5;2025-11-13;1;0
5;2025-11-13;2;0
5;2025-11-13;3;0
5;2025-11-13;4;0
5;2025-11-13;5;0
5;2025-11-13;6;0
5;2025-11-13;7;0
5;2025-11-13;8;0
5;2025-11-13;9;0
5;2025-11-13;10;0
5;2025-11-13;11;0
5;2025-11-13;12;0
5;2025-11-13;13;0
5;2025-11-13;14;0
5;2025-11-13;15;0
5;2025-11-13;16;0
5;2025-11-13;17;0
5;2025-11-13;18;0
5;2025-11-13;19;0
5;2025-11-13;20;0
5;2025-11-13;21;0
5;2025-11-13;22;0
5;2025-11-13;23;0
5;2025-11-14;0;0
5;2025-11-14;1;0
5;2025-11-14;2;0
5;2025-11-14;3;0
5;2025-11-14;4;0
5;2025-11-14;5;0
5;2025-11-14;6;0
5;2025-11-14;7;0
5;2025-11-14;8;0
5;2025-11-14;9;0
5;2025-11-14;10;0
5;2025-11-14;11;0
5;2025-11-14;12;0
5;2025-11-14;13;0
5;2025-11-14;14;0
5;2025-11-14;15;0
5;2025-11-14;16;0
5;2025-11-14;17;0
5;2025-11-14;18;0
5;2025-11-14;19;0
5;2025-11-14;20;0
5;2025-11-14;21;0
5;2025-11-14;22;0
5;2025-11-14;23;0
5;2025-11-15;0;0
5;2025-11-15;1;0
5;2025-11-15;2;0
5;2025-11-15;3;0
5;2025-11-15;4;0
5;2025-11-15;5;0
5;2025-11-15;6;0
5;2025-11-15;7;0
5;2025-11-15;8;0
5;2025-11-15;9;0
5;2025-11-15;10;0
5;2025-11-15;11;0
5;2025-11-15;12;0
5;2025-11-15;13;0
5;2025-11-15;14;0
5;2025-11-15;15;0
5;2025-11-15;16;0
5;2025-11-15;17;0
5;2025-11-15;18;0
5;2025-11-15;19;0
5;2025-11-15;20;0
5;2025-11-15;21;0
5;2025-11-15;22;0
5;2025-11-15;23;0
5;2025-11-16;0;0
5;2025-11-16;1;0
5;2025-11-16;2;0
5;2025-11-16;3;0
5;2025-11-16;4;0
5;2025-11-16;5;0
5;2025-11-16;6;0
5;2025-11-16;7;0
5;2025-11-16;8;0
5;2025-11-16;9;0
5;2025-11-16;10;0
5;2025-11-16;11;0
5;2025-11-16;12;0
5;2025-11-16;13;0
5;2025-11-16;14;0
5;2025-11-16;15;0
5;2025-11-16;16;0
5;2025-11-16;17;0
5;2025-11-16;18;0
5;2025-11-16;19;0
5;2025-11-16;20;0
5;2025-11-16;21;0
5;2025-11-16;22;0
5;2025-11-16;23;0
5;2025-11-17;0;0
5;2025-11-17;1;0
5;2025-11-17;2;0
5;2025-11-17;3;0
5;2025-11-17;4;0
5;2025-11-17;5;0
5;2025-11-17;6;0
5;2025-11-17;7;0
5;2025-11-17;8;0
5;2025-11-17;9;0
5;2025-11-17;10;0
5;2025-11-17;11;0
5;2025-11-17;12;0
5;2025-11-17;13;0
5;2025-11-17;14;0
5;2025-11-17;15;0
5;2025-11-17;16;0
5;2025-11-17;17;0
5;2025-11-17;18;0
5;2025-11-17;19;0
5;2025-11-17;20;0
5;2025-11-17;21;0
5;2025-11-17;22;0
5;2025-11-17;23;0
5;2025-11-18;0;0
5;2025-11-18;1;0
5;2025-11-18;2;0
5;2025-11-18;3;0
5;2025-11-18;4;0
5;2025-11-18;5;0
5;2025-11-18;6;0
5;2025-11-18;7;0
5;2025-11-18;8;0
5;2025-11-18;9;0
5;2025-11-18;10;0
5;2025-11-18;11;0
5;2025-11-18;12;0
5;2025-11-18;13;0
5;2025-11-18;14;0
5;2025-11-18;15;0
5;2025-11-18;16;0
5;2025-11-18;17;0
5;2025-11-18;18;0
5;2025-11-18;19;0
5;2025-11-18;20;0
5;2025-11-18;21;0
5;2025-11-18;22;0
5;2025-11-18;23;0
5;2025-11-19;0;0
5;2025-11-19;1;0
5;2025-11-19;2;0
5;2025-11-19;3;0
5;2025-11-19;4;0
5;2025-11-19;5;0
5;2025-11-19;6;0
5;2025-11-19;7;0
5;2025-11-19;8;0
5;2025-11-19;9;0
5;2025-11-19;10;0
5;2025-11-19;11;0
5;2025-11-19;12;0
5;2025-11-19;13;0
5;2025-11-19;14;0
5;2025-11-19;15;0
5;2025-11-19;16;0
5;2025-11-19;17;0
5;2025-11-19;18;0
5;2025-11-19;19;0
5;2025-11-19;20;0
5;2025-11-19;21;0
5;2025-11-19;22;0
5;2025-11-19;23;0
5;2025-11-20;0;0
5;2025-11-20;1;0
5;2025-11-20;2;0
5;2025-11-20;3;0
5;2025-11-20;4;0
5;2025-11-20;5;0
5;2025-11-20;6;0
5;2025-11-20;7;0
5;2025-11-20;8;0
5;2025-11-20;9;0
5;2025-11-20;10;0
5;2025-11-20;11;0
5;2025-11-20;12;0
5;2025-11-20;13;0
5;2025-11-20;14;0
5;2025-11-20;15;0
5;2025-11-20;16;0
5;2025-11-20;17;0
5;2025-11-20;18;0
5;2025-11-20;19;0
5;2025-11-20;20;0
5;2025-11-20;21;0
5;2025-11-20;22;0
5;2025-11-20;23;0
5;2025-11-21;0;0
5;2025-11-21;1;0
5;2025-11-21;2;0
5;2025-11-21;3;0
5;2025-11-21;4;0
5;2025-11-21;5;0
5;2025-11-21;6;0
5;2025-11-21;7;0
5;2025-11-21;8;0
5;2025-11-21;9;0
5;2025-11-21;10;0
5;2025-11-21;11;0
5;2025-11-21;12;0
5;2025-11-21;13;0
5;2025-11-21;14;0
5;2025-11-21;15;0
5;2025-11-21;16;0
5;2025-11-21;17;0
5;2025-11-21;18;0
5;2025-11-21;19;0
5;2025-11-21;20;0
5;2025-11-21;21;0
5;2025-11-21;22;0
5;2025-11-21;23;0
5;2025-11-22;0;0
5;2025-11-22;1;0
5;2025-11-22;2;0
5;2025-11-22;3;0
5;2025-11-22;4;0
5;2025-11-22;5;0
5;2025-11-22;6;0
5;2025-11-22;7;0
5;2025-11-22;8;0
5;2025-11-22;9;0
5;2025-11-22;10;0
5;2025-11-22;11;0
5;2025-11-22;12;0
5;2025-11-22;13;0
5;2025-11-22;14;0
5;2025-11-22;15;0
5;2025-11-22;16;0
5;2025-11-22;17;0
5;2025-11-22;18;0
5;2025-11-22;19;0
5;2025-11-22;20;0
5;2025-11-22;21;0
5;2025-11-22;22;0
5;2025-11-22;23;0
5;2025-11-23;0;0
5;2025-11-23;1;0
5;2025-11-23;2;0
5;2025-11-23;3;0
5;2025-11-23;4;0
5;2025-11-23;5;0
5;2025-11-23;6;0
5;2025-11-23;7;0
5;2025-11-23;8;0
5;2025-11-23;9;0
5;2025-11-23;10;0
5;2025-11-23;11;0
5;2025-11-23;12;0
5;2025-11-23;13;0
5;2025-11-23;14;0
5;2025-11-23;15;0
5;2025-11-23;16;0
5;2025-11-23;17;0
5;2025-11-23;18;0
5;2025-11-23;19;0
5;2025-11-23;20;0
5;2025-11-23;21;0
5;2025-11-23;22;0
5;2025-11-23;23;0
5;2025-11-24;0;0
5;2025-11-24;1;0
5;2025-11-24;2;0
5;2025-11-24;3;0
5;2025-11-24;4;0
5;2025-11-24;5;0
5;2025-11-24;6;0
5;2025-11-24;7;0
5;2025-11-24;8;0
5;2025-11-24;9;0
5;2025-11-24;10;0
5;2025-11-24;11;0
5;2025-11-24;12;0
5;2025-11-24;13;0
5;2025-11-24;14;0
5;2025-11-24;15;0
5;2025-11-24;16;0
5;2025-11-24;17;0
5;2025-11-24;18;0
5;2025-11-24;19;0
5;2025-11-24;20;0
5;2025-11-24;21;0
5;2025-11-24;22;0
5;2025-11-24;23;0
5;2025-11-25;0;0
5;2025-11-25;1;0
5;2025-11-25;2;0
5;2025-11-25;3;0
5;2025-11-25;4;0
5;2025-11-25;5;0
5;2025-11-25;6;0
5;2025-11-25;7;0
5;2025-11-25;8;0
5;2025-11-25;9;0
5;2025-11-25;10;0
5;2025-11-25;11;0
5;2025-11-25;12;0
5;2025-11-25;13;0
5;2025-11-25;14;0
5;2025-11-25;15;0
5;2025-11-25;16;0
5;2025-11-25;17;0
5;2025-11-25;18;0
5;2025-11-25;19;0
5;2025-11-25;20;0
5;2025-11-25;21;0
5;2025-11-25;22;0
5;2025-11-25;23;0
5;2025-11-26;0;0
5;2025-11-26;1;0
5;2025-11-26;2;0
5;2025-11-26;3;0
5;2025-11-26;4;0
5;2025-11-26;5;0
5;2025-11-26;6;0
5;2025-11-26;7;0
5;2025-11-26;8;0
5;2025-11-26;9;0
5;2025-11-26;10;0
5;2025-11-26;11;0
5;2025-11-26;12;0
5;2025-11-26;13;0
5;2025-11-26;14;0
5;2025-11-26;15;0
5;2025-11-26;16;0
5;2025-11-26;17;0
5;2025-11-26;18;0
5;2025-11-26;19;0
5;2025-11-26;20;0
5;2025-11-26;21;0
5;2025-11-26;22;0
5;2025-11-26;23;0
5;2025-11-27;0;0
5;2025-11-27;1;0
5;2025-11-27;2;0
5;2025-11-27;3;0
5;2025-11-27;4;0
5;2025-11-27;5;0
5;2025-11-27;6;0
5;2025-11-27;7;0
5;2025-11-27;8;0
5;2025-11-27;9;0
5;2025-11-27;10;0
5;2025-11-27;11;0
5;2025-11-27;12;0
5;2025-11-27;13;0
5;2025-11-27;14;0
5;2025-11-27;15;0
5;2025-11-27;16;0
5;2025-11-27;17;0
5;2025-11-27;18;0
5;2025-11-27;19;0
5;2025-11-27;20;0
5;2025-11-27;21;0
5;2025-11-27;22;0
5;2025-11-27;23;0
5;2025-11-28;0;0
5;2025-11-28;1;0
5;2025-11-28;2;0
5;2025-11-28;3;0
5;2025-11-28;4;0
5;2025-11-28;5;0
5;2025-11-28;6;0
5;2025-11-28;7;0
5;2025-11-28;8;0
5;2025-11-28;9;0
5;2025-11-28;10;0
5;2025-11-28;11;0
5;2025-11-28;12;0
5;2025-11-28;13;0
5;2025-11-28;14;0
5;2025-11-28;15;0
5;2025-11-28;16;0
5;2025-11-28;17;0
5;2025-11-28;18;0
5;2025-11-28;19;0
5;2025-11-28;20;0
5;2025-11-28;21;0
5;2025-11-28;22;0
5;2025-11-28;23;0
5;2025-11-29;0;0
5;2025-11-29;1;0
5;2025-11-29;2;0
5;2025-11-29;3;0
5;2025-11-29;4;0
5;2025-11-29;5;0
5;2025-11-29;6;0
5;2025-11-29;7;0
5;2025-11-29;8;0
5;2025-11-29;9;0
5;2025-11-29;10;0
5;2025-11-29;11;0
5;2025-11-29;12;0
5;2025-11-29;13;0
5;2025-11-29;14;0
5;2025-11-29;15;0
5;2025-11-29;16;0
5;2025-11-29;17;0
5;2025-11-29;18;0
5;2025-11-29;19;0
5;2025-11-29;20;0
5;2025-11-29;21;0
5;2025-11-29;22;0
5;2025-11-29;23;0
5;2025-11-30;0;0
5;2025-11-30;1;0
5;2025-11-30;2;0
5;2025-11-30;3;0
5;2025-11-30;4;0
5;2025-11-30;5;0
5;2025-11-30;6;0
5;2025-11-30;7;0
5;2025-11-30;8;0
5;2025-11-30;9;0
5;2025-11-30;10;0
5;2025-11-30;11;0
5;2025-11-30;12;0
5;2025-11-30;13;0
5;2025-11-30;14;0
5;2025-11-30;15;0
5;2025-11-30;16;0
5;2025-11-30;17;0
5;2025-11-30;18;0
5;2025-11-30;19;0
5;2025-11-30;20;0
5;2025-11-30;21;0
5;2025-11-30;22;0
5;2025-11-30;23;0
5;2025-12-01;0;0
5;2025-12-01;1;0
5;2025-12-01;2;0
5;2025-12-01;3;0
5;2025-12-01;4;0
5;2025-12-01;5;0
5;2025-12-01;6;0
5;2025-12-01;7;0
5;2025-12-01;8;0
5;2025-12-01;9;0
5;2025-12-01;10;0
5;2025-12-01;11;0
5;2025-12-01;12;0
5;2025-12-01;13;0
5;2025-12-01;14;0
5;2025-12-01;15;0
5;2025-12-01;16;0
5;2025-12-01;17;0
5;2025-12-01;18;0
5;2025-12-01;19;0
5;2025-12-01;20;0
5;2025-12-01;21;0
5;2025-12-01;22;0
5;2025-12-01;23;0
5;2025-12-02;0;0
5;2025-12-02;1;0
5;2025-12-02;2;0
5;2025-12-02;3;0
5;2025-12-02;4;0
5;2025-12-02;5;0
5;2025-12-02;6;0
5;2025-12-02;7;0
5;2025-12-02;8;0
5;2025-12-02;9;0
5;2025-12-02;10;0
5;2025-12-02;11;0
5;2025-12-02;12;0
5;2025-12-02;13;0
5;2025-12-02;14;0
5;2025-12-02;15;0
5;2025-12-02;16;0
5;2025-12-02;17;0
5;2025-12-02;18;0
5;2025-12-02;19;0
5;2025-12-02;20;0
5;2025-12-02;21;0
5;2025-12-02;22;0
5;2025-12-02;23;0
5;2025-12-03;0;0
5;2025-12-03;1;0
5;2025-12-03;2;0
5;2025-12-03;3;0
5;2025-12-03;4;0
5;2025-12-03;5;0
5;2025-12-03;6;0
5;2025-12-03;7;0
5;2025-12-03;8;0
5;2025-12-03;9;0
5;2025-12-03;10;0
5;2025-12-03;11;0
5;2025-12-03;12;0
5;2025-12-03;13;0
5;2025-12-03;14;0
5;2025-12-03;15;0
5;2025-12-03;16;0
5;2025-12-03;17;0
5;2025-12-03;18;0
5;2025-12-03;19;0
5;2025-12-03;20;0
5;2025-12-03;21;0
5;2025-12-03;22;0
5;2025-12-03;23;0
5;2025-12-04;0;0
5;2025-12-04;1;0
5;2025-12-04;2;0
5;2025-12-04;3;0
5;2025-12-04;4;0
5;2025-12-04;5;0
5;2025-12-04;6;0
5;2025-12-04;7;0
5;2025-12-04;8;0
5;2025-12-04;9;0
5;2025-12-04;10;0
5;2025-12-04;11;0
5;2025-12-04;12;0
5;2025-12-04;13;0
5;2025-12-04;14;0
5;2025-12-04;15;0
5;2025-12-04;16;0
5;2025-12-04;17;0
5;2025-12-04;18;0
5;2025-12-04;19;0
5;2025-12-04;20;0
5;2025-12-04;21;0
5;2025-12-04;22;0
5;2025-12-04;23;0
5;2025-12-05;0;0
5;2025-12-05;1;0
5;2025-12-05;2;0
5;2025-12-05;3;0
5;2025-12-05;4;0
5;2025-12-05;5;0
5;2025-12-05;6;0
5;2025-12-05;7;0
5;2025-12-05;8;0
5;2025-12-05;9;0
5;2025-12-05;10;0
5;2025-12-05;11;0
5;2025-12-05;12;0
5;2025-12-05;13;0
5;2025-12-05;14;0
5;2025-12-05;15;0
5;2025-12-05;16;0
5;2025-12-05;17;0
5;2025-12-05;18;0
5;2025-12-05;19;0
5;2025-12-05;20;0
5;2025-12-05;21;0
5;2025-12-05;22;0
5;2025-12-05;23;0
5;2025-12-06;0;0
5;2025-12-06;1;0
5;2025-12-06;2;0
5;2025-12-06;3;0
5;2025-12-06;4;0
5;2025-12-06;5;0
5;2025-12-06;6;0
5;2025-12-06;7;0
5;2025-12-06;8;0
5;2025-12-06;9;0
5;2025-12-06;10;0
5;2025-12-06;11;0
5;2025-12-06;12;0
5;2025-12-06;13;0
5;2025-12-06;14;0
5;2025-12-06;15;0
5;2025-12-06;16;0
5;2025-12-06;17;0
5;2025-12-06;18;0
5;2025-12-06;19;0
5;2025-12-06;20;0
5;2025-12-06;21;0
5;2025-12-06;22;0
5;2025-12-06;23;0
5;2025-12-07;0;0
5;2025-12-07;1;0
5;2025-12-07;2;0
5;2025-12-07;3;0
5;2025-12-07;4;0
5;2025-12-07;5;0
5;2025-12-07;6;0
5;2025-12-07;7;0
5;2025-12-07;8;0
5;2025-12-07;9;0
5;2025-12-07;10;0
5;2025-12-07;11;0
5;2025-12-07;12;0
5;2025-12-07;13;0
5;2025-12-07;14;0
5;2025-12-07;15;0
5;2025-12-07;16;0
5;2025-12-07;17;0
5;2025-12-07;18;0
5;2025-12-07;19;0
5;2025-12-07;20;0
5;2025-12-07;21;0
5;2025-12-07;22;0
5;2025-12-07;23;0
5;2025-12-08;0;0
5;2025-12-08;1;0
5;2025-12-08;2;0
5;2025-12-08;3;0
5;2025-12-08;4;0
5;2025-12-08;5;0
5;2025-12-08;6;0
5;2025-12-08;7;0
5;2025-12-08;8;0
5;2025-12-08;9;0
5;2025-12-08;10;0
5;2025-12-08;11;0
5;2025-12-08;12;0
5;2025-12-08;13;0
5;2025-12-08;14;0
5;2025-12-08;15;0
5;2025-12-08;16;0
5;2025-12-08;17;0
5;2025-12-08;18;0
5;2025-12-08;19;0
5;2025-12-08;20;0
5;2025-12-08;21;0
5;2025-12-08;22;0
5;2025-12-08;23;0
5;2025-12-09;0;0
5;2025-12-09;1;0
5;2025-12-09;2;0
5;2025-12-09;3;0
5;2025-12-09;4;0
5;2025-12-09;5;0
5;2025-12-09;6;0
5;2025-12-09;7;0
5;2025-12-09;8;0
5;2025-12-09;9;0
5;2025-12-09;10;0
5;2025-12-09;11;0
5;2025-12-09;12;0
5;2025-12-09;13;0
5;2025-12-09;14;0
5;2025-12-09;15;0
5;2025-12-09;16;0
5;2025-12-09;17;0
5;2025-12-09;18;0
5;2025-12-09;19;0
5;2025-12-09;20;0
5;2025-12-09;21;0
5;2025-12-09;22;0
5;2025-12-09;23;0
5;2025-12-10;0;0
5;2025-12-10;1;0
5;2025-12-10;2;0
5;2025-12-10;3;0
5;2025-12-10;4;0
5;2025-12-10;5;0
5;2025-12-10;6;0
5;2025-12-10;7;0
5;2025-12-10;8;0
5;2025-12-10;9;0
5;2025-12-10;10;0
5;2025-12-10;11;0
5;2025-12-10;12;0
5;2025-12-10;13;0
5;2025-12-10;14;0
5;2025-12-10;15;0
5;2025-12-10;16;0
5;2025-12-10;17;0
5;2025-12-10;18;0
5;2025-12-10;19;0
5;2025-12-10;20;0
5;2025-12-10;21;0
5;2025-12-10;22;0
5;2025-12-10;23;0
5;2025-12-11;0;0
5;2025-12-11;1;0
5;2025-12-11;2;0
5;2025-12-11;3;0
5;2025-12-11;4;0
5;2025-12-11;5;0
5;2025-12-11;6;0
5;2025-12-11;7;0
5;2025-12-11;8;0
5;2025-12-11;9;0
5;2025-12-11;10;0
5;2025-12-11;11;0
5;2025-12-11;12;0
5;2025-12-11;13;0
5;2025-12-11;14;0
5;2025-12-11;15;0
5;2025-12-11;16;0
5;2025-12-11;17;0
5;2025-12-11;18;0
5;2025-12-11;19;0
5;2025-12-11;20;0
5;2025-12-11;21;0
5;2025-12-11;22;0
5;2025-12-11;23;0
5;2025-12-12;0;0
5;2025-12-12;1;0
5;2025-12-12;2;0
5;2025-12-12;3;0
5;2025-12-12;4;0
5;2025-12-12;5;0
5;2025-12-12;6;0
5;2025-12-12;7;0
5;2025-12-12;8;0
5;2025-12-12;9;0
5;2025-12-12;10;0
5;2025-12-12;11;0
5;2025-12-12;12;0
5;2025-12-12;13;0
5;2025-12-12;14;0
5;2025-12-12;15;0
5;2025-12-12;16;0
5;2025-12-12;17;0
5;2025-12-12;18;0
5;2025-12-12;19;0
5;2025-12-12;20;0
5;2025-12-12;21;0
5;2025-12-12;22;0
5;2025-12-12;23;0
5;2025-12-13;0;0
5;2025-12-13;1;0
5;2025-12-13;2;0
5;2025-12-13;3;0
5;2025-12-13;4;0
5;2025-12-13;5;0
5;2025-12-13;6;0
5;2025-12-13;7;0
5;2025-12-13;8;0
5;2025-12-13;9;0
5;2025-12-13;10;0
5;2025-12-13;11;0
5;2025-12-13;12;0
5;2025-12-13;13;0
5;2025-12-13;14;0
5;2025-12-13;15;0
5;2025-12-13;16;0
5;2025-12-13;17;0
5;2025-12-13;18;0
5;2025-12-13;19;0
5;2025-12-13;20;0
5;2025-12-13;21;0
5;2025-12-13;22;0
5;2025-12-13;23;0
5;2025-12-14;0;0
5;2025-12-14;1;0
5;2025-12-14;2;0
5;2025-12-14;3;0
5;2025-12-14;4;0
5;2025-12-14;5;0
5;2025-12-14;6;0
5;2025-12-14;7;0
5;2025-12-14;8;0
5;2025-12-14;9;0
5;2025-12-14;10;0
5;2025-12-14;11;0
5;2025-12-14;12;0
5;2025-12-14;13;0
5;2025-12-14;14;0
5;2025-12-14;15;0
5;2025-12-14;16;0
5;2025-12-14;17;0
5;2025-12-14;18;0
5;2025-12-14;19;0
5;2025-12-14;20;0
5;2025-12-14;21;0
5;2025-12-14;22;0
5;2025-12-14;23;0
5;2025-12-15;0;0
5;2025-12-15;1;0
5;2025-12-15;2;0
5;2025-12-15;3;0
5;2025-12-15;4;0
5;2025-12-15;5;0
5;2025-12-15;6;0
5;2025-12-15;7;0
5;2025-12-15;8;0
5;2025-12-15;9;0
5;2025-12-15;10;0
5;2025-12-15;11;0
5;2025-12-15;12;0
5;2025-12-15;13;0
5;2025-12-15;14;0
5;2025-12-15;15;0
5;2025-12-15;16;0
5;2025-12-15;17;0
5;2025-12-15;18;0
5;2025-12-15;19;0
5;2025-12-15;20;0
5;2025-12-15;21;0
5;2025-12-15;22;0
5;2025-12-15;23;0
5;2025-12-16;0;0
5;2025-12-16;1;0
5;2025-12-16;2;0
5;2025-12-16;3;0
5;2025-12-16;4;0
5;2025-12-16;5;0
5;2025-12-16;6;0
5;2025-12-16;7;0
5;2025-12-16;8;0
5;2025-12-16;9;0
5;2025-12-16;10;0
5;2025-12-16;11;0
5;2025-12-16;12;0
5;2025-12-16;13;0
5;2025-12-16;14;0
5;2025-12-16;15;0
5;2025-12-16;16;0
5;2025-12-16;17;0
5;2025-12-16;18;0
5;2025-12-16;19;0
5;2025-12-16;20;0
5;2025-12-16;21;0
5;2025-12-16;22;0
5;2025-12-16;23;0
5;2025-12-17;0;0
5;2025-12-17;1;0
5;2025-12-17;2;0
5;2025-12-17;3;0
5;2025-12-17;4;0
5;2025-12-17;5;0
5;2025-12-17;6;0
5;2025-12-17;7;0
5;2025-12-17;8;0
5;2025-12-17;9;0
5;2025-12-17;10;0
5;2025-12-17;11;0
5;2025-12-17;12;0
5;2025-12-17;13;0
5;2025-12-17;14;0
5;2025-12-17;15;0
5;2025-12-17;16;0
5;2025-12-17;17;0
5;2025-12-17;18;0
5;2025-12-17;19;0
5;2025-12-17;20;0
5;2025-12-17;21;0
5;2025-12-17;22;0
5;2025-12-17;23;0
5;2025-12-18;0;0
5;2025-12-18;1;0
5;2025-12-18;2;0
5;2025-12-18;3;0
5;2025-12-18;4;0
5;2025-12-18;5;0
5;2025-12-18;6;0
5;2025-12-18;7;0
5;2025-12-18;8;0
5;2025-12-18;9;0
5;2025-12-18;10;0
5;2025-12-18;11;0
5;2025-12-18;12;0
5;2025-12-18;13;0
5;2025-12-18;14;0
5;2025-12-18;15;0
5;2025-12-18;16;0
5;2025-12-18;17;0
5;2025-12-18;18;0
5;2025-12-18;19;0
5;2025-12-18;20;0
5;2025-12-18;21;0
5;2025-12-18;22;0
5;2025-12-18;23;0
5;2025-12-19;0;0
5;2025-12-19;1;0
5;2025-12-19;2;0
5;2025-12-19;3;0
5;2025-12-19;4;0
5;2025-12-19;5;0
5;2025-12-19;6;0
5;2025-12-19;7;0
5;2025-12-19;8;0
5;2025-12-19;9;0
5;2025-12-19;10;0
5;2025-12-19;11;0
5;2025-12-19;12;0
5;2025-12-19;13;0
5;2025-12-19;14;0
5;2025-12-19;15;0
5;2025-12-19;16;0
5;2025-12-19;17;0
5;2025-12-19;18;0
5;2025-12-19;19;0
5;2025-12-19;20;0
5;2025-12-19;21;0
5;2025-12-19;22;0
5;2025-12-19;23;0
5;2025-12-20;0;0
5;2025-12-20;1;0
5;2025-12-20;2;0
5;2025-12-20;3;0
5;2025-12-20;4;0
5;2025-12-20;5;0
5;2025-12-20;6;0
5;2025-12-20;7;0
5;2025-12-20;8;0
5;2025-12-20;9;0
5;2025-12-20;10;0
5;2025-12-20;11;0
5;2025-12-20;12;0
5;2025-12-20;13;0
5;2025-12-20;14;0
5;2025-12-20;15;0
5;2025-12-20;16;0
5;2025-12-20;17;0
5;2025-12-20;18;0
5;2025-12-20;19;0
5;2025-12-20;20;0
5;2025-12-20;21;0
5;2025-12-20;22;0
5;2025-12-20;23;0
5;2025-12-21;0;0
5;2025-12-21;1;0
5;2025-12-21;2;0
5;2025-12-21;3;0
5;2025-12-21;4;0
5;2025-12-21;5;0
5;2025-12-21;6;0
5;2025-12-21;7;0
5;2025-12-21;8;0
5;2025-12-21;9;0
5;2025-12-21;10;0
5;2025-12-21;11;0
5;2025-12-21;12;0
5;2025-12-21;13;0
5;2025-12-21;14;0
5;2025-12-21;15;0
5;2025-12-21;16;0
5;2025-12-21;17;0
5;2025-12-21;18;0
5;2025-12-21;19;0
5;2025-12-21;20;0
5;2025-12-21;21;0
5;2025-12-21;22;0
5;2025-12-21;23;0
5;2025-12-22;0;0
5;2025-12-22;1;0
5;2025-12-22;2;0
5;2025-12-22;3;0
5;2025-12-22;4;0
5;2025-12-22;5;0
5;2025-12-22;6;0
5;2025-12-22;7;0
5;2025-12-22;8;0
5;2025-12-22;9;0
5;2025-12-22;10;0
5;2025-12-22;11;0
5;2025-12-22;12;0
5;2025-12-22;13;0
5;2025-12-22;14;0
5;2025-12-22;15;0
5;2025-12-22;16;0
5;2025-12-22;17;0
5;2025-12-22;18;0
5;2025-12-22;19;0
5;2025-12-22;20;0
5;2025-12-22;21;0
5;2025-12-22;22;0
5;2025-12-22;23;0
5;2025-12-23;0;0
5;2025-12-23;1;0
5;2025-12-23;2;0
5;2025-12-23;3;0
5;2025-12-23;4;0
5;2025-12-23;5;0
5;2025-12-23;6;0
5;2025-12-23;7;0
5;2025-12-23;8;0
5;2025-12-23;9;0
5;2025-12-23;10;0
5;2025-12-23;11;0
5;2025-12-23;12;0
5;2025-12-23;13;0
5;2025-12-23;14;0
5;2025-12-23;15;0
5;2025-12-23;16;0
5;2025-12-23;17;0
5;2025-12-23;18;0
5;2025-12-23;19;0
5;2025-12-23;20;0
5;2025-12-23;21;0
5;2025-12-23;22;0
5;2025-12-23;23;0
5;2025-12-24;0;0
5;2025-12-24;1;0
5;2025-12-24;2;0
5;2025-12-24;3;0
5;2025-12-24;4;0
5;2025-12-24;5;0
5;2025-12-24;6;0
5;2025-12-24;7;0
5;2025-12-24;8;0
5;2025-12-24;9;0
5;2025-12-24;10;0
5;2025-12-24;11;0
5;2025-12-24;12;0
5;2025-12-24;13;0
5;2025-12-24;14;0
5;2025-12-24;15;0
5;2025-12-24;16;0
5;2025-12-24;17;0
5;2025-12-24;18;0
5;2025-12-24;19;0
5;2025-12-24;20;0
5;2025-12-24;21;0
5;2025-12-24;22;0
5;2025-12-24;23;0
5;2025-12-25;0;0
5;2025-12-25;1;0
5;2025-12-25;2;0
5;2025-12-25;3;0
5;2025-12-25;4;0
5;2025-12-25;5;0
5;2025-12-25;6;0
5;2025-12-25;7;0
5;2025-12-25;8;0
5;2025-12-25;9;0
5;2025-12-25;10;0
5;2025-12-25;11;0
5;2025-12-25;12;0
5;2025-12-25;13;0
5;2025-12-25;14;0
5;2025-12-25;15;0
5;2025-12-25;16;0
5;2025-12-25;17;0
5;2025-12-25;18;0
5;2025-12-25;19;0
5;2025-12-25;20;0
5;2025-12-25;21;0
5;2025-12-25;22;0
5;2025-12-25;23;0
5;2025-12-26;0;0
5;2025-12-26;1;0
5;2025-12-26;2;0
5;2025-12-26;3;0
5;2025-12-26;4;0
5;2025-12-26;5;0
5;2025-12-26;6;0
5;2025-12-26;7;0
5;2025-12-26;8;0
5;2025-12-26;9;0
5;2025-12-26;10;0
5;2025-12-26;11;0
5;2025-12-26;12;0
5;2025-12-26;13;0
5;2025-12-26;14;0
5;2025-12-26;15;0
5;2025-12-26;16;0
5;2025-12-26;17;0
5;2025-12-26;18;0
5;2025-12-26;19;0
5;2025-12-26;20;0
5;2025-12-26;21;0
5;2025-12-26;22;0
5;2025-12-26;23;0
5;2025-12-27;0;0
5;2025-12-27;1;0
5;2025-12-27;2;0
5;2025-12-27;3;0
5;2025-12-27;4;0
5;2025-12-27;5;0
5;2025-12-27;6;0
5;2025-12-27;7;0
5;2025-12-27;8;0
5;2025-12-27;9;0
5;2025-12-27;10;0
5;2025-12-27;11;0
5;2025-12-27;12;0
5;2025-12-27;13;0
5;2025-12-27;14;0
5;2025-12-27;15;0
5;2025-12-27;16;0
5;2025-12-27;17;0
5;2025-12-27;18;0
5;2025-12-27;19;0
5;2025-12-27;20;0
5;2025-12-27;21;0
5;2025-12-27;22;0
5;2025-12-27;23;0
5;2025-12-28;0;0
5;2025-12-28;1;0
5;2025-12-28;2;0
5;2025-12-28;3;0
5;2025-12-28;4;0
5;2025-12-28;5;0
5;2025-12-28;6;0
5;2025-12-28;7;0
5;2025-12-28;8;0
5;2025-12-28;9;0
5;2025-12-28;10;0
5;2025-12-28;11;0
5;2025-12-28;12;0
5;2025-12-28;13;0
5;2025-12-28;14;0
5;2025-12-28;15;0
5;2025-12-28;16;0
5;2025-12-28;17;0
5;2025-12-28;18;0
5;2025-12-28;19;0
5;2025-12-28;20;0
5;2025-12-28;21;0
5;2025-12-28;22;0
5;2025-12-28;23;0
5;2025-12-29;0;0
5;2025-12-29;1;0
5;2025-12-29;2;0
5;2025-12-29;3;0
5;2025-12-29;4;0
5;2025-12-29;5;0
5;2025-12-29;6;0
5;2025-12-29;7;0
5;2025-12-29;8;0
5;2025-12-29;9;0
5;2025-12-29;10;0
5;2025-12-29;11;0
5;2025-12-29;12;0
5;2025-12-29;13;0
5;2025-12-29;14;0
5;2025-12-29;15;0
5;2025-12-29;16;0
5;2025-12-29;17;0
5;2025-12-29;18;0
5;2025-12-29;19;0
5;2025-12-29;20;0
5;2025-12-29;21;0
5;2025-12-29;22;0
5;2025-12-29;23;0
5;2025-12-30;0;0
5;2025-12-30;1;0
5;2025-12-30;2;0
5;2025-12-30;3;0
5;2025-12-30;4;0
5;2025-12-30;5;0
5;2025-12-30;6;0
5;2025-12-30;7;0
5;2025-12-30;8;0
5;2025-12-30;9;0
5;2025-12-30;10;0
5;2025-12-30;11;0
5;2025-12-30;12;0
5;2025-12-30;13;0
5;2025-12-30;14;0
5;2025-12-30;15;0
5;2025-12-30;16;0
5;2025-12-30;17;0
5;2025-12-30;18;0
5;2025-12-30;19;0
5;2025-12-30;20;0
5;2025-12-30;21;0
5;2025-12-30;22;0
5;2025-12-30;23;0
5;2025-12-31;0;0
5;2025-12-31;1;0
5;2025-12-31;2;0
5;2025-12-31;3;0
5;2025-12-31;4;0
5;2025-12-31;5;0
5;2025-12-31;6;0
5;2025-12-31;7;0
5;2025-12-31;8;0
5;2025-12-31;9;0
5;2025-12-31;10;0
5;2025-12-31;11;0
5;2025-12-31;12;0
5;2025-12-31;13;0
5;2025-12-31;14;0
5;2025-12-31;15;0
5;2025-12-31;16;0
5;2025-12-31;17;0
5;2025-12-31;18;0
5;2025-12-31;19;0
5;2025-12-31;20;0
5;2025-12-31;21;0
5;2025-12-31;22;0
5;2025-12-31;23;0
7;2025-11-01;0;140
7;2025-11-01;1;35
7;2025-11-01;2;0
7;2025-11-01;3;0
7;2025-11-01;4;19
7;2025-11-01;5;67
7;2025-11-01;6;393
7;2025-11-01;7;909
7;2025-11-01;8;2004
7;2025-11-01;9;1731
7;2025-11-01;10;1589
7;2025-11-01;11;1979
7;2025-11-01;12;1901
7;2025-11-01;13;2176
7;2025-11-01;14;2197
7;2025-11-01;15;2301
7;2025-11-01;16;2178
7;2025-11-01;17;2463
7;2025-11-01;18;2418
7;2025-11-01;19;1745
7;2025-11-01;20;1077
7;2025-11-01;21;747
7;2025-11-01;22;450
7;2025-11-01;23;304
7;2025-11-02;0;118
7;2025-11-02;1;15
7;2025-11-02;2;0
7;2025-11-02;3;0
7;2025-11-02;4;1
7;2025-11-02;5;35
7;2025-11-02;6;181
7;2025-11-02;7;338
7;2025-11-02;8;560
7;2025-11-02;9;645
7;2025-11-02;10;755
7;2025-11-02;11;1038
7;2025-11-02;12;1172
7;2025-11-02;13;1105
7;2025-11-02;14;1208
7;2025-11-02;15;1149
7;2025-11-02;16;972
7;2025-11-02;17;992
7;2025-11-02;18;886
7;2025-11-02;19;760
7;2025-11-02;20;688
7;2025-11-02;21;540
7;2025-11-02;22;302
7;2025-11-02;23;181
7;2025-11-03;0;59
7;2025-11-03;1;16
7;2025-11-03;2;0
7;2025-11-03;3;0
7;2025-11-03;4;1
7;2025-11-03;5;74
7;2025-11-03;6;298
7;2025-11-03;7;679
7;2025-11-03;8;1123
7;2025-11-03;9;934
7;2025-11-03;10;884
7;2025-11-03;11;890
7;2025-11-03;12;1013
7;2025-11-03;13;910
7;2025-11-03;14;969
7;2025-11-03;15;981
7;2025-11-03;16;916
7;2025-11-03;17;1038
7;2025-11-03;18;1332
7;2025-11-03;19;865
7;2025-11-03;20;756
7;2025-11-03;21;577
7;2025-11-03;22;320
7;2025-11-03;23;152
7;2025-11-04;0;85
7;2025-11-04;1;19
7;2025-11-04;2;6
7;2025-11-04;3;0
7;2025-11-04;4;2
7;2025-11-04;5;40
7;2025-11-04;6;244
7;2025-11-04;7;396
7;2025-11-04;8;607
7;2025-11-04;9;672
7;2025-11-04;10;870
7;2025-11-04;11;885
7;2025-11-04;12;990
7;2025-11-04;13;898
7;2025-11-04;14;1001
7;2025-11-04;15;929
7;2025-11-04;16;873
7;2025-11-04;17;910
7;2025-11-04;18;953
7;2025-11-04;19;838
7;2025-11-04;20;689
7;2025-11-04;21;577
7;2025-11-04;22;342
7;2025-11-04;23;205
7;2025-11-05;0;68
7;2025-11-05;1;13
7;2025-11-05;2;0
7;2025-11-05;3;0
7;2025-11-05;4;3
7;2025-11-05;5;206
7;2025-11-05;6;703
7;2025-11-05;7;1687
7;2025-11-05;8;2598
7;2025-11-05;9;1919
7;2025-11-05;10;1698
7;2025-11-05;11;1550
7;2025-11-05;12;1627
7;2025-11-05;13;1611
7;2025-11-05;14;1705
7;2025-11-05;15;1822
7;2025-11-05;16;1919
7;2025-11-05;17;2423
7;2025-11-05;18;2660
7;2025-11-05;19;1799
7;2025-11-05;20;1133
7;2025-11-05;21;683
7;2025-11-05;22;363
7;2025-11-05;23;217
7;2025-11-06;0;78
7;2025-11-06;1;16
7;2025-11-06;2;0
7;2025-11-06;3;0
7;2025-11-06;4;2
7;2025-11-06;5;206
7;2025-11-06;6;706
7;2025-11-06;7;1697
7;2025-11-06;8;2589
7;2025-11-06;9;1911
7;2025-11-06;10;1694
7;2025-11-06;11;1550
7;2025-11-06;12;1631
7;2025-11-06;13;1616
7;2025-11-06;14;1714
7;2025-11-06;15;1815
7;2025-11-06;16;1928
7;2025-11-06;17;2419
7;2025-11-06;18;2689
7;2025-11-06;19;1815
7;2025-11-06;20;1136
7;2025-11-06;21;686
7;2025-11-06;22;356
7;2025-11-06;23;217
7;2025-11-07;0;75
7;2025-11-07;1;12
7;2025-11-07;2;0
7;2025-11-07;3;0
7;2025-11-07;4;1
7;2025-11-07;5;199
7;2025-11-07;6;649
7;2025-11-07;7;1621
7;2025-11-07;8;2486
7;2025-11-07;9;1867
7;2025-11-07;10;1643
7;2025-11-07;11;1576
7;2025-11-07;12;1667
7;2025-11-07;13;1658
7;2025-11-07;14;1769
7;2025-11-07;15;1846
7;2025-11-07;16;2023
7;2025-11-07;17;2399
7;2025-11-07;18;2290
7;2025-11-07;19;1724
7;2025-11-07;20;1098
7;2025-11-07;21;657
7;2025-11-07;22;375
7;2025-11-07;23;245
7;2025-11-08;0;116
7;2025-11-08;1;22
7;2025-11-08;2;0
7;2025-11-08;3;0
7;2025-11-08;4;1
7;2025-11-08;5;57
7;2025-11-08;6;282
7;2025-11-08;7;497
7;2025-11-08;8;755
7;2025-11-08;9;849
7;2025-11-08;10;947
7;2025-11-08;11;1195
7;2025-11-08;12;1309
7;2025-11-08;13;1253
7;2025-11-08;14;1415
7;2025-11-08;15;1292
7;2025-11-08;16;1210
7;2025-11-08;17;1178
7;2025-11-08;18;1093
7;2025-11-08;19;1045
7;2025-11-08;20;831
7;2025-11-08;21;664
7;2025-11-08;22;361
7;2025-11-08;23;234
7;2025-11-09;0;118
7;2025-11-09;1;15
7;2025-11-09;2;0
7;2025-11-09;3;0
7;2025-11-09;4;1
7;2025-11-09;5;35
7;2025-11-09;6;181
7;2025-11-09;7;338
7;2025-11-09;8;560
7;2025-11-09;9;645
7;2025-11-09;10;755
7;2025-11-09;11;1038
7;2025-11-09;12;1172
7;2025-11-09;13;1105
7;2025-11-09;14;1208
7;2025-11-09;15;1149
7;2025-11-09;16;972
7;2025-11-09;17;992
7;2025-11-09;18;886
7;2025-11-09;19;760
7;2025-11-09;20;688
7;2025-11-09;21;540
7;2025-11-09;22;302
7;2025-11-09;23;181
7;2025-11-10;0;76
7;2025-11-10;1;13
7;2025-11-10;2;0
7;2025-11-10;3;0
7;2025-11-10;4;2
7;2025-11-10;5;201
7;2025-11-10;6;690
7;2025-11-10;7;1641
7;2025-11-10;8;2549
7;2025-11-10;9;1864
7;2025-11-10;10;1610
7;2025-11-10;11;1464
7;2025-11-10;12;1560
7;2025-11-10;13;1546
7;2025-11-10;14;1605
7;2025-11-10;15;1751
7;2025-11-10;16;1866
7;2025-11-10;17;2368
7;2025-11-10;18;2625
7;2025-11-10;19;1721
7;2025-11-10;20;1083
7;2025-11-10;21;614
7;2025-11-10;22;320
7;2025-11-10;23;190
7;2025-11-11;0;60
7;2025-11-11;1;13
7;2025-11-11;2;0
7;2025-11-11;3;0
7;2025-11-11;4;2
7;2025-11-11;5;208
7;2025-11-11;6;708
7;2025-11-11;7;1704
7;2025-11-11;8;2596
7;2025-11-11;9;1914
7;2025-11-11;10;1691
7;2025-11-11;11;1553
7;2025-11-11;12;1628
7;2025-11-11;13;1612
7;2025-11-11;14;1701
7;2025-11-11;15;1814
7;2025-11-11;16;1924
7;2025-11-11;17;2418
7;2025-11-11;18;2686
7;2025-11-11;19;1815
7;2025-11-11;20;1132
7;2025-11-11;21;682
7;2025-11-11;22;348
7;2025-11-11;23;204
7;2025-11-12;0;68
7;2025-11-12;1;13
7;2025-11-12;2;0
7;2025-11-12;3;0
7;2025-11-12;4;3
7;2025-11-12;5;206
7;2025-11-12;6;703
7;2025-11-12;7;1687
7;2025-11-12;8;2598
7;2025-11-12;9;1919
7;2025-11-12;10;1698
7;2025-11-12;11;1550
7;2025-11-12;12;1627
7;2025-11-12;13;1611
7;2025-11-12;14;1705
7;2025-11-12;15;1822
7;2025-11-12;16;1919
7;2025-11-12;17;2423
7;2025-11-12;18;2660
7;2025-11-12;19;1799
7;2025-11-12;20;1133
7;2025-11-12;21;683
7;2025-11-12;22;363
7;2025-11-12;23;217
7;2025-11-13;0;78
7;2025-11-13;1;16
7;2025-11-13;2;0
7;2025-11-13;3;0
7;2025-11-13;4;2
7;2025-11-13;5;206
7;2025-11-13;6;706
7;2025-11-13;7;1697
7;2025-11-13;8;2589
7;2025-11-13;9;1911
7;2025-11-13;10;1694
7;2025-11-13;11;1550
7;2025-11-13;12;1631
7;2025-11-13;13;1616
7;2025-11-13;14;1714
7;2025-11-13;15;1815
7;2025-11-13;16;1928
7;2025-11-13;17;2419
7;2025-11-13;18;2689
7;2025-11-13;19;1815
7;2025-11-13;20;1136
7;2025-11-13;21;686
7;2025-11-13;22;356
7;2025-11-13;23;217
7;2025-11-14;0;75
7;2025-11-14;1;12
7;2025-11-14;2;0
7;2025-11-14;3;0
7;2025-11-14;4;1
7;2025-11-14;5;199
7;2025-11-14;6;649
7;2025-11-14;7;1621
7;2025-11-14;8;2486
7;2025-11-14;9;1867
7;2025-11-14;10;1643
7;2025-11-14;11;1576
7;2025-11-14;12;1667
7;2025-11-14;13;1658
7;2025-11-14;14;1769
7;2025-11-14;15;1846
7;2025-11-14;16;2023
7;2025-11-14;17;2399
7;2025-11-14;18;2290
7;2025-11-14;19;1724
7;2025-11-14;20;1098
7;2025-11-14;21;657
7;2025-11-14;22;375
7;2025-11-14;23;245
7;2025-11-15;0;116
7;2025-11-15;1;22
7;2025-11-15;2;0
7;2025-11-15;3;0
7;2025-11-15;4;1
7;2025-11-15;5;57
7;2025-11-15;6;282
7;2025-11-15;7;497
7;2025-11-15;8;755
7;2025-11-15;9;849
7;2025-11-15;10;947
7;2025-11-15;11;1195
7;2025-11-15;12;1309
7;2025-11-15;13;1253
7;2025-11-15;14;1415
7;2025-11-15;15;1292
7;2025-11-15;16;1210
7;2025-11-15;17;1178
7;2025-11-15;18;1093
7;2025-11-15;19;1045
7;2025-11-15;20;831
7;2025-11-15;21;664
7;2025-11-15;22;361
7;2025-11-15;23;234
7;2025-11-16;0;118
7;2025-11-16;1;15
7;2025-11-16;2;0
7;2025-11-16;3;0
7;2025-11-16;4;1
7;2025-11-16;5;35
7;2025-11-16;6;181
7;2025-11-16;7;338
7;2025-11-16;8;560
7;2025-11-16;9;645
7;2025-11-16;10;755
7;2025-11-16;11;1038
7;2025-11-16;12;1172
7;2025-11-16;13;1105
7;2025-11-16;14;1208
7;2025-11-16;15;1149
7;2025-11-16;16;972
7;2025-11-16;17;992
7;2025-11-16;18;886
7;2025-11-16;19;760
7;2025-11-16;20;688
7;2025-11-16;21;540
7;2025-11-16;22;302
7;2025-11-16;23;181
7;2025-11-17;0;76
7;2025-11-17;1;13
7;2025-11-17;2;0
7;2025-11-17;3;0
7;2025-11-17;4;2
7;2025-11-17;5;201
7;2025-11-17;6;690
7;2025-11-17;7;1641
7;2025-11-17;8;2549
7;2025-11-17;9;1864
7;2025-11-17;10;1610
7;2025-11-17;11;1464
7;2025-11-17;12;1560
7;2025-11-17;13;1546
7;2025-11-17;14;1605
7;2025-11-17;15;1751
7;2025-11-17;16;1866
7;2025-11-17;17;2368
7;2025-11-17;18;2625
7;2025-11-17;19;1721
7;2025-11-17;20;1083
7;2025-11-17;21;614
7;2025-11-17;22;320
7;2025-11-17;23;190
7;2025-11-18;0;60
7;2025-11-18;1;13
7;2025-11-18;2;0
7;2025-11-18;3;0
7;2025-11-18;4;2
7;2025-11-18;5;208
7;2025-11-18;6;708
7;2025-11-18;7;1704
7;2025-11-18;8;2596
7;2025-11-18;9;1914
7;2025-11-18;10;1691
7;2025-11-18;11;1553
7;2025-11-18;12;1628
7;2025-11-18;13;1612
7;2025-11-18;14;1701
7;2025-11-18;15;1814
7;2025-11-18;16;1924
7;2025-11-18;17;2418
7;2025-11-18;18;2686
7;2025-11-18;19;1815
7;2025-11-18;20;1132
7;2025-11-18;21;682
7;2025-11-18;22;348
7;2025-11-18;23;204
7;2025-11-19;0;68
7;2025-11-19;1;13
7;2025-11-19;2;0
7;2025-11-19;3;0
7;2025-11-19;4;3
7;2025-11-19;5;206
7;2025-11-19;6;703
7;2025-11-19;7;1687
7;2025-11-19;8;2598
7;2025-11-19;9;1919
7;2025-11-19;10;1698
7;2025-11-19;11;1550
7;2025-11-19;12;1627
7;2025-11-19;13;1611
7;2025-11-19;14;1705
7;2025-11-19;15;1822
7;2025-11-19;16;1919
7;2025-11-19;17;2423
7;2025-11-19;18;2660
7;2025-11-19;19;1799
7;2025-11-19;20;1133
7;2025-11-19;21;683
7;2025-11-19;22;363
7;2025-11-19;23;217
7;2025-11-20;0;78
7;2025-11-20;1;16
7;2025-11-20;2;0
7;2025-11-20;3;0
7;2025-11-20;4;2
7;2025-11-20;5;206
7;2025-11-20;6;706
7;2025-11-20;7;1697
7;2025-11-20;8;2589
7;2025-11-20;9;1911
7;2025-11-20;10;1694
7;2025-11-20;11;1550
7;2025-11-20;12;1631
7;2025-11-20;13;1616
7;2025-11-20;14;1714
7;2025-11-20;15;1815
7;2025-11-20;16;1928
7;2025-11-20;17;2419
7;2025-11-20;18;2689
7;2025-11-20;19;1815
7;2025-11-20;20;1136
7;2025-11-20;21;686
7;2025-11-20;22;356
7;2025-11-20;23;217
7;2025-11-21;0;75
7;2025-11-21;1;12
7;2025-11-21;2;0
7;2025-11-21;3;0
7;2025-11-21;4;1
7;2025-11-21;5;199
7;2025-11-21;6;649
7;2025-11-21;7;1621
7;2025-11-21;8;2486
7;2025-11-21;9;1867
7;2025-11-21;10;1643
7;2025-11-21;11;1576
7;2025-11-21;12;1667
7;2025-11-21;13;1658
7;2025-11-21;14;1769
7;2025-11-21;15;1846
7;2025-11-21;16;2023
7;2025-11-21;17;2399
7;2025-11-21;18;2290
7;2025-11-21;19;1724
7;2025-11-21;20;1098
7;2025-11-21;21;657
7;2025-11-21;22;375
7;2025-11-21;23;245
7;2025-11-22;0;116
7;2025-11-22;1;22
7;2025-11-22;2;0
7;2025-11-22;3;0
7;2025-11-22;4;1
7;2025-11-22;5;57
7;2025-11-22;6;282
7;2025-11-22;7;497
7;2025-11-22;8;755
7;2025-11-22;9;849
7;2025-11-22;10;947
7;2025-11-22;11;1195
7;2025-11-22;12;1309
7;2025-11-22;13;1253
7;2025-11-22;14;1415
7;2025-11-22;15;1292
7;2025-11-22;16;1210
7;2025-11-22;17;1178
7;2025-11-22;18;1093
7;2025-11-22;19;1045
7;2025-11-22;20;831
7;2025-11-22;21;664
7;2025-11-22;22;361
7;2025-11-22;23;234
7;2025-11-23;0;118
7;2025-11-23;1;15
7;2025-11-23;2;0
7;2025-11-23;3;0
7;2025-11-23;4;1
7;2025-11-23;5;35
7;2025-11-23;6;181
7;2025-11-23;7;338
7;2025-11-23;8;560
7;2025-11-23;9;645
7;2025-11-23;10;755
7;2025-11-23;11;1038
7;2025-11-23;12;1172
7;2025-11-23;13;1105
7;2025-11-23;14;1208
7;2025-11-23;15;1149
7;2025-11-23;16;972
7;2025-11-23;17;992
7;2025-11-23;18;886
7;2025-11-23;19;760
7;2025-11-23;20;688
7;2025-11-23;21;540
7;2025-11-23;22;302
7;2025-11-23;23;181
7;2025-11-24;0;76
7;2025-11-24;1;13
7;2025-11-24;2;0
7;2025-11-24;3;0
7;2025-11-24;4;2
7;2025-11-24;5;201
7;2025-11-24;6;690
7;2025-11-24;7;1641
7;2025-11-24;8;2549
7;2025-11-24;9;1864
7;2025-11-24;10;1610
7;2025-11-24;11;1464
7;2025-11-24;12;1560
7;2025-11-24;13;1546
7;2025-11-24;14;1605
7;2025-11-24;15;1751
7;2025-11-24;16;1866
7;2025-11-24;17;2368
7;2025-11-24;18;2625
7;2025-11-24;19;1721
7;2025-11-24;20;1083
7;2025-11-24;21;614
7;2025-11-24;22;320
7;2025-11-24;23;190
7;2025-11-25;0;60
7;2025-11-25;1;13
7;2025-11-25;2;0
7;2025-11-25;3;0
7;2025-11-25;4;2
7;2025-11-25;5;208
7;2025-11-25;6;708
7;2025-11-25;7;1704
7;2025-11-25;8;2596
7;2025-11-25;9;1914
7;2025-11-25;10;1691
7;2025-11-25;11;1553
7;2025-11-25;12;1628
7;2025-11-25;13;1612
7;2025-11-25;14;1701
7;2025-11-25;15;1814
7;2025-11-25;16;1924
7;2025-11-25;17;2418
7;2025-11-25;18;2686
7;2025-11-25;19;1815
7;2025-11-25;20;1132
7;2025-11-25;21;682
7;2025-11-25;22;348
7;2025-11-25;23;204
7;2025-11-26;0;68
7;2025-11-26;1;13
7;2025-11-26;2;0
7;2025-11-26;3;0
7;2025-11-26;4;3
7;2025-11-26;5;206
7;2025-11-26;6;703
7;2025-11-26;7;1687
7;2025-11-26;8;2598
7;2025-11-26;9;1919
7;2025-11-26;10;1698
7;2025-11-26;11;1550
7;2025-11-26;12;1627
7;2025-11-26;13;1611
7;2025-11-26;14;1705
7;2025-11-26;15;1822
7;2025-11-26;16;1919
7;2025-11-26;17;2423
7;2025-11-26;18;2660
7;2025-11-26;19;1799
7;2025-11-26;20;1133
7;2025-11-26;21;683
7;2025-11-26;22;363
7;2025-11-26;23;217
7;2025-11-27;0;78
7;2025-11-27;1;16
7;2025-11-27;2;0
7;2025-11-27;3;0
7;2025-11-27;4;2
7;2025-11-27;5;206
7;2025-11-27;6;706
7;2025-11-27;7;1697
7;2025-11-27;8;2589
7;2025-11-27;9;1911
7;2025-11-27;10;1694
7;2025-11-27;11;1550
7;2025-11-27;12;1631
7;2025-11-27;13;1616
7;2025-11-27;14;1714
7;2025-11-27;15;1815
7;2025-11-27;16;1928
7;2025-11-27;17;2419
7;2025-11-27;18;2689
7;2025-11-27;19;1815
7;2025-11-27;20;1136
7;2025-11-27;21;686
7;2025-11-27;22;356
7;2025-11-27;23;217
7;2025-11-28;0;75
7;2025-11-28;1;12
7;2025-11-28;2;0
7;2025-11-28;3;0
7;2025-11-28;4;1
7;2025-11-28;5;199
7;2025-11-28;6;649
7;2025-11-28;7;1621
7;2025-11-28;8;2486
7;2025-11-28;9;1867
7;2025-11-28;10;1643
7;2025-11-28;11;1576
7;2025-11-28;12;1667
7;2025-11-28;13;1658
7;2025-11-28;14;1769
7;2025-11-28;15;1846
7;2025-11-28;16;2023
7;2025-11-28;17;2399
7;2025-11-28;18;2290
7;2025-11-28;19;1724
7;2025-11-28;20;1098
7;2025-11-28;21;657
7;2025-11-28;22;375
7;2025-11-28;23;245
7;2025-11-29;0;116
7;2025-11-29;1;22
7;2025-11-29;2;0
7;2025-11-29;3;0
7;2025-11-29;4;1
7;2025-11-29;5;57
7;2025-11-29;6;282
7;2025-11-29;7;497
7;2025-11-29;8;755
7;2025-11-29;9;849
7;2025-11-29;10;947
7;2025-11-29;11;1195
7;2025-11-29;12;1309
7;2025-11-29;13;1253
7;2025-11-29;14;1415
7;2025-11-29;15;1292
7;2025-11-29;16;1210
7;2025-11-29;17;1178
7;2025-11-29;18;1093
7;2025-11-29;19;1045
7;2025-11-29;20;831
7;2025-11-29;21;664
7;2025-11-29;22;361
7;2025-11-29;23;234
7;2025-11-30;0;118
7;2025-11-30;1;15
7;2025-11-30;2;0
7;2025-11-30;3;0
7;2025-11-30;4;1
7;2025-11-30;5;35
7;2025-11-30;6;181
7;2025-11-30;7;338
7;2025-11-30;8;560
7;2025-11-30;9;645
7;2025-11-30;10;755
7;2025-11-30;11;1038
7;2025-11-30;12;1172
7;2025-11-30;13;1105
7;2025-11-30;14;1208
7;2025-11-30;15;1149
7;2025-11-30;16;972
7;2025-11-30;17;992
7;2025-11-30;18;886
7;2025-11-30;19;760
7;2025-11-30;20;688
7;2025-11-30;21;540
7;2025-11-30;22;302
7;2025-11-30;23;181
7;2025-12-01;0;64
7;2025-12-01;1;9
7;2025-12-01;2;0
7;2025-12-01;3;0
7;2025-12-01;4;0
7;2025-12-01;5;201
7;2025-12-01;6;737
7;2025-12-01;7;1609
7;2025-12-01;8;2528
7;2025-12-01;9;1887
7;2025-12-01;10;1530
7;2025-12-01;11;1400
7;2025-12-01;12;1475
7;2025-12-01;13;1531
7;2025-12-01;14;1571
7;2025-12-01;15;1737
7;2025-12-01;16;1867
7;2025-12-01;17;2366
7;2025-12-01;18;2608
7;2025-12-01;19;1731
7;2025-12-01;20;1039
7;2025-12-01;21;580
7;2025-12-01;22;290
7;2025-12-01;23;160
7;2025-12-02;0;48
7;2025-12-02;1;10
7;2025-12-02;2;0
7;2025-12-02;3;0
7;2025-12-02;4;0
7;2025-12-02;5;208
7;2025-12-02;6;752
7;2025-12-02;7;1665
7;2025-12-02;8;2576
7;2025-12-02;9;1938
7;2025-12-02;10;1610
7;2025-12-02;11;1482
7;2025-12-02;12;1536
7;2025-12-02;13;1585
7;2025-12-02;14;1649
7;2025-12-02;15;1789
7;2025-12-02;16;1919
7;2025-12-02;17;2397
7;2025-12-02;18;2668
7;2025-12-02;19;1818
7;2025-12-02;20;1085
7;2025-12-02;21;639
7;2025-12-02;22;314
7;2025-12-02;23;168
7;2025-12-03;0;55
7;2025-12-03;1;9
7;2025-12-03;2;0
7;2025-12-03;3;0
7;2025-12-03;4;1
7;2025-12-03;5;205
7;2025-12-03;6;746
7;2025-12-03;7;1651
7;2025-12-03;8;2578
7;2025-12-03;9;1942
7;2025-12-03;10;1615
7;2025-12-03;11;1476
7;2025-12-03;12;1532
7;2025-12-03;13;1582
7;2025-12-03;14;1650
7;2025-12-03;15;1793
7;2025-12-03;16;1914
7;2025-12-03;17;2399
7;2025-12-03;18;2644
7;2025-12-03;19;1800
7;2025-12-03;20;1083
7;2025-12-03;21;638
7;2025-12-03;22;329
7;2025-12-03;23;181
7;2025-12-04;0;65
7;2025-12-04;1;13
7;2025-12-04;2;0
7;2025-12-04;3;0
7;2025-12-04;4;1
7;2025-12-04;5;206
7;2025-12-04;6;749
7;2025-12-04;7;1661
7;2025-12-04;8;2569
7;2025-12-04;9;1934
7;2025-12-04;10;1610
7;2025-12-04;11;1471
7;2025-12-04;12;1536
7;2025-12-04;13;1587
7;2025-12-04;14;1654
7;2025-12-04;15;1786
7;2025-12-04;16;1918
7;2025-12-04;17;2395
7;2025-12-04;18;2671
7;2025-12-04;19;1815
7;2025-12-04;20;1086
7;2025-12-04;21;641
7;2025-12-04;22;321
7;2025-12-04;23;181
7;2025-12-05;0;63
7;2025-12-05;1;8
7;2025-12-05;2;0
7;2025-12-05;3;0
7;2025-12-05;4;0
7;2025-12-05;5;198
7;2025-12-05;6;697
7;2025-12-05;7;1598
7;2025-12-05;8;2466
7;2025-12-05;9;1890
7;2025-12-05;10;1558
7;2025-12-05;11;1502
7;2025-12-05;12;1576
7;2025-12-05;13;1637
7;2025-12-05;14;1717
7;2025-12-05;15;1825
7;2025-12-05;16;2014
7;2025-12-05;17;2384
7;2025-12-05;18;2282
7;2025-12-05;19;1724
7;2025-12-05;20;1051
7;2025-12-05;21;619
7;2025-12-05;22;342
7;2025-12-05;23;210
7;2025-12-06;0;99
7;2025-12-06;1;25
7;2025-12-06;2;0
7;2025-12-06;3;0
7;2025-12-06;4;1
7;2025-12-06;5;47
7;2025-12-06;6;297
7;2025-12-06;7;471
7;2025-12-06;8;688
7;2025-12-06;9;835
7;2025-12-06;10;890
7;2025-12-06;11;1106
7;2025-12-06;12;1206
7;2025-12-06;13;1242
7;2025-12-06;14;1380
7;2025-12-06;15;1273
7;2025-12-06;16;1213
7;2025-12-06;17;1140
7;2025-12-06;18;1042
7;2025-12-06;19;1031
7;2025-12-06;20;776
7;2025-12-06;21;602
7;2025-12-06;22;330
7;2025-12-06;23;202
7;2025-12-07;0;103
7;2025-12-07;1;19
7;2025-12-07;2;0
7;2025-12-07;3;0
7;2025-12-07;4;0
7;2025-12-07;5;28
7;2025-12-07;6;207
7;2025-12-07;7;323
7;2025-12-07;8;510
7;2025-12-07;9;644
7;2025-12-07;10;711
7;2025-12-07;11;962
7;2025-12-07;12;1076
7;2025-12-07;13;1098
7;2025-12-07;14;1182
7;2025-12-07;15;1134
7;2025-12-07;16;981
7;2025-12-07;17;976
7;2025-12-07;18;860
7;2025-12-07;19;756
7;2025-12-07;20;641
7;2025-12-07;21;485
7;2025-12-07;22;279
7;2025-12-07;23;155
7;2025-12-08;0;64
7;2025-12-08;1;9
7;2025-12-08;2;0
7;2025-12-08;3;0
7;2025-12-08;4;0
7;2025-12-08;5;201
7;2025-12-08;6;737
7;2025-12-08;7;1609
7;2025-12-08;8;2528
7;2025-12-08;9;1887
7;2025-12-08;10;1530
7;2025-12-08;11;1400
7;2025-12-08;12;1475
7;2025-12-08;13;1531
7;2025-12-08;14;1571
7;2025-12-08;15;1737
7;2025-12-08;16;1867
7;2025-12-08;17;2366
7;2025-12-08;18;2608
7;2025-12-08;19;1731
7;2025-12-08;20;1039
7;2025-12-08;21;580
7;2025-12-08;22;290
7;2025-12-08;23;160
7;2025-12-09;0;48
7;2025-12-09;1;10
7;2025-12-09;2;0
7;2025-12-09;3;0
7;2025-12-09;4;0
7;2025-12-09;5;208
7;2025-12-09;6;752
7;2025-12-09;7;1665
7;2025-12-09;8;2576
7;2025-12-09;9;1938
7;2025-12-09;10;1610
7;2025-12-09;11;1482
7;2025-12-09;12;1536
7;2025-12-09;13;1585
7;2025-12-09;14;1649
7;2025-12-09;15;1789
7;2025-12-09;16;1919
7;2025-12-09;17;2397
7;2025-12-09;18;2668
7;2025-12-09;19;1818
7;2025-12-09;20;1085
7;2025-12-09;21;639
7;2025-12-09;22;314
7;2025-12-09;23;168
7;2025-12-10;0;55
7;2025-12-10;1;9
7;2025-12-10;2;0
7;2025-12-10;3;0
7;2025-12-10;4;1
7;2025-12-10;5;205
7;2025-12-10;6;746
7;2025-12-10;7;1651
7;2025-12-10;8;2578
7;2025-12-10;9;1942
7;2025-12-10;10;1615
7;2025-12-10;11;1476
7;2025-12-10;12;1532
7;2025-12-10;13;1582
7;2025-12-10;14;1650
7;2025-12-10;15;1793
7;2025-12-10;16;1914
7;2025-12-10;17;2399
7;2025-12-10;18;2644
7;2025-12-10;19;1800
7;2025-12-10;20;1083
7;2025-12-10;21;638
7;2025-12-10;22;329
7;2025-12-10;23;181
7;2025-12-11;0;65
7;2025-12-11;1;13
7;2025-12-11;2;0
7;2025-12-11;3;0
7;2025-12-11;4;1
7;2025-12-11;5;206
7;2025-12-11;6;749
7;2025-12-11;7;1661
7;2025-12-11;8;2569
7;2025-12-11;9;1934
7;2025-12-11;10;1610
7;2025-12-11;11;1471
7;2025-12-11;12;1536
7;2025-12-11;13;1587
7;2025-12-11;14;1654
7;2025-12-11;15;1786
7;2025-12-11;16;1918
7;2025-12-11;17;2395
7;2025-12-11;18;2671
7;2025-12-11;19;1815
7;2025-12-11;20;1086
7;2025-12-11;21;641
7;2025-12-11;22;321
7;2025-12-11;23;181
7;2025-12-12;0;63
7;2025-12-12;1;8
7;2025-12-12;2;0
7;2025-12-12;3;0
7;2025-12-12;4;0
7;2025-12-12;5;198
7;2025-12-12;6;697
7;2025-12-12;7;1598
7;2025-12-12;8;2466
7;2025-12-12;9;1890
7;2025-12-12;10;1558
7;2025-12-12;11;1502
7;2025-12-12;12;1576
7;2025-12-12;13;1637
7;2025-12-12;14;1717
7;2025-12-12;15;1825
7;2025-12-12;16;2014
7;2025-12-12;17;2384
7;2025-12-12;18;2282
7;2025-12-12;19;1724
7;2025-12-12;20;1051
7;2025-12-12;21;619
7;2025-12-12;22;342
7;2025-12-12;23;210
7;2025-12-13;0;99
7;2025-12-13;1;25
7;2025-12-13;2;0
7;2025-12-13;3;0
7;2025-12-13;4;1
7;2025-12-13;5;47
7;2025-12-13;6;297
7;2025-12-13;7;471
7;2025-12-13;8;688
7;2025-12-13;9;835
7;2025-12-13;10;890
7;2025-12-13;11;1106
7;2025-12-13;12;1206
7;2025-12-13;13;1242
7;2025-12-13;14;1380
7;2025-12-13;15;1273
7;2025-12-13;16;1213
7;2025-12-13;17;1140
7;2025-12-13;18;1042
7;2025-12-13;19;1031
7;2025-12-13;20;776
7;2025-12-13;21;602
7;2025-12-13;22;330
7;2025-12-13;23;202
7;2025-12-14;0;103
7;2025-12-14;1;19
7;2025-12-14;2;0
7;2025-12-14;3;0
7;2025-12-14;4;0
7;2025-12-14;5;28
7;2025-12-14;6;207
7;2025-12-14;7;323
7;2025-12-14;8;510
7;2025-12-14;9;644
7;2025-12-14;10;711
7;2025-12-14;11;962
7;2025-12-14;12;1076
7;2025-12-14;13;1098
7;2025-12-14;14;1182
7;2025-12-14;15;1134
7;2025-12-14;16;981
7;2025-12-14;17;976
7;2025-12-14;18;860
7;2025-12-14;19;756
7;2025-12-14;20;641
7;2025-12-14;21;485
7;2025-12-14;22;279
7;2025-12-14;23;155
7;2025-12-15;0;64
7;2025-12-15;1;9
7;2025-12-15;2;0
7;2025-12-15;3;0
7;2025-12-15;4;0
7;2025-12-15;5;201
7;2025-12-15;6;737
7;2025-12-15;7;1609
7;2025-12-15;8;2528
7;2025-12-15;9;1887
7;2025-12-15;10;1530
7;2025-12-15;11;1400
7;2025-12-15;12;1475
7;2025-12-15;13;1531
7;2025-12-15;14;1571
7;2025-12-15;15;1737
7;2025-12-15;16;1867
7;2025-12-15;17;2366
7;2025-12-15;18;2608
7;2025-12-15;19;1731
7;2025-12-15;20;1039
7;2025-12-15;21;580
7;2025-12-15;22;290
7;2025-12-15;23;160
7;2025-12-16;0;48
7;2025-12-16;1;10
7;2025-12-16;2;0
7;2025-12-16;3;0
7;2025-12-16;4;0
7;2025-12-16;5;208
7;2025-12-16;6;752
7;2025-12-16;7;1665
7;2025-12-16;8;2576
7;2025-12-16;9;1938
7;2025-12-16;10;1610
7;2025-12-16;11;1482
7;2025-12-16;12;1536
7;2025-12-16;13;1585
7;2025-12-16;14;1649
7;2025-12-16;15;1789
7;2025-12-16;16;1919
7;2025-12-16;17;2397
7;2025-12-16;18;2668
7;2025-12-16;19;1818
7;2025-12-16;20;1085
7;2025-12-16;21;639
7;2025-12-16;22;314
7;2025-12-16;23;168
7;2025-12-17;0;55
7;2025-12-17;1;9
7;2025-12-17;2;0
7;2025-12-17;3;0
7;2025-12-17;4;1
7;2025-12-17;5;205
7;2025-12-17;6;746
7;2025-12-17;7;1651
7;2025-12-17;8;2578
7;2025-12-17;9;1942
7;2025-12-17;10;1615
7;2025-12-17;11;1476
7;2025-12-17;12;1532
7;2025-12-17;13;1582
7;2025-12-17;14;1650
7;2025-12-17;15;1793
7;2025-12-17;16;1914
7;2025-12-17;17;2399
7;2025-12-17;18;2644
7;2025-12-17;19;1800
7;2025-12-17;20;1083
7;2025-12-17;21;638
7;2025-12-17;22;329
7;2025-12-17;23;181
7;2025-12-18;0;65
7;2025-12-18;1;13
7;2025-12-18;2;0
7;2025-12-18;3;0
7;2025-12-18;4;1
7;2025-12-18;5;206
7;2025-12-18;6;749
7;2025-12-18;7;1661
7;2025-12-18;8;2569
7;2025-12-18;9;1934
7;2025-12-18;10;1610
7;2025-12-18;11;1471
7;2025-12-18;12;1536
7;2025-12-18;13;1587
7;2025-12-18;14;1654
7;2025-12-18;15;1786
7;2025-12-18;16;1918
7;2025-12-18;17;2395
7;2025-12-18;18;2671
7;2025-12-18;19;1815
7;2025-12-18;20;1086
7;2025-12-18;21;641
7;2025-12-18;22;321
7;2025-12-18;23;181
7;2025-12-19;0;63
7;2025-12-19;1;8
7;2025-12-19;2;0
7;2025-12-19;3;0
7;2025-12-19;4;0
7;2025-12-19;5;198
7;2025-12-19;6;697
7;2025-12-19;7;1598
7;2025-12-19;8;2466
7;2025-12-19;9;1890
7;2025-12-19;10;1558
7;2025-12-19;11;1502
7;2025-12-19;12;1576
7;2025-12-19;13;1637
7;2025-12-19;14;1717
7;2025-12-19;15;1825
7;2025-12-19;16;2014
7;2025-12-19;17;2384
7;2025-12-19;18;2282
7;2025-12-19;19;1724
7;2025-12-19;20;1051
7;2025-12-19;21;619
7;2025-12-19;22;342
7;2025-12-19;23;210
7;2025-12-20;0;99
7;2025-12-20;1;25
7;2025-12-20;2;0
7;2025-12-20;3;0
7;2025-12-20;4;1
7;2025-12-20;5;47
7;2025-12-20;6;297
7;2025-12-20;7;471
7;2025-12-20;8;688
7;2025-12-20;9;835
7;2025-12-20;10;890
7;2025-12-20;11;1106
7;2025-12-20;12;1206
7;2025-12-20;13;1242
7;2025-12-20;14;1380
7;2025-12-20;15;1273
7;2025-12-20;16;1213
7;2025-12-20;17;1140
7;2025-12-20;18;1042
7;2025-12-20;19;1031
7;2025-12-20;20;776
7;2025-12-20;21;602
7;2025-12-20;22;330
7;2025-12-20;23;202
7;2025-12-21;0;103
7;2025-12-21;1;19
7;2025-12-21;2;0
7;2025-12-21;3;0
7;2025-12-21;4;0
7;2025-12-21;5;28
7;2025-12-21;6;207
7;2025-12-21;7;323
7;2025-12-21;8;510
7;2025-12-21;9;644
7;2025-12-21;10;711
7;2025-12-21;11;962
7;2025-12-21;12;1076
7;2025-12-21;13;1098
7;2025-12-21;14;1182
7;2025-12-21;15;1134
7;2025-12-21;16;981
7;2025-12-21;17;976
7;2025-12-21;18;860
7;2025-12-21;19;756
7;2025-12-21;20;641
7;2025-12-21;21;485
7;2025-12-21;22;279
7;2025-12-21;23;155
7;2025-12-22;0;64
7;2025-12-22;1;9
7;2025-12-22;2;0
7;2025-12-22;3;0
7;2025-12-22;4;0
7;2025-12-22;5;201
7;2025-12-22;6;737
7;2025-12-22;7;1609
7;2025-12-22;8;2528
7;2025-12-22;9;1887
7;2025-12-22;10;1530
7;2025-12-22;11;1400
7;2025-12-22;12;1475
7;2025-12-22;13;1531
7;2025-12-22;14;1571
7;2025-12-22;15;1737
7;2025-12-22;16;1867
7;2025-12-22;17;2366
7;2025-12-22;18;2608
7;2025-12-22;19;1731
7;2025-12-22;20;1039
7;2025-12-22;21;580
7;2025-12-22;22;290
7;2025-12-22;23;160
7;2025-12-23;0;48
7;2025-12-23;1;10
7;2025-12-23;2;0
7;2025-12-23;3;0
7;2025-12-23;4;0
7;2025-12-23;5;208
7;2025-12-23;6;752
7;2025-12-23;7;1665
7;2025-12-23;8;2576
7;2025-12-23;9;1938
7;2025-12-23;10;1610
7;2025-12-23;11;1482
7;2025-12-23;12;1536
7;2025-12-23;13;1585
7;2025-12-23;14;1649
7;2025-12-23;15;1789
7;2025-12-23;16;1919
7;2025-12-23;17;2397
7;2025-12-23;18;2668
7;2025-12-23;19;1818
7;2025-12-23;20;1085
7;2025-12-23;21;639
7;2025-12-23;22;314
7;2025-12-23;23;168
7;2025-12-24;0;55
7;2025-12-24;1;9
7;2025-12-24;2;0
7;2025-12-24;3;0
7;2025-12-24;4;1
7;2025-12-24;5;205
7;2025-12-24;6;746
7;2025-12-24;7;1651
7;2025-12-24;8;2578
7;2025-12-24;9;1942
7;2025-12-24;10;1615
7;2025-12-24;11;1476
7;2025-12-24;12;1532
7;2025-12-24;13;1582
7;2025-12-24;14;1650
7;2025-12-24;15;1793
7;2025-12-24;16;1914
7;2025-12-24;17;2399
7;2025-12-24;18;2644
7;2025-12-24;19;1800
7;2025-12-24;20;1083
7;2025-12-24;21;638
7;2025-12-24;22;329
7;2025-12-24;23;181
7;2025-12-25;0;65
7;2025-12-25;1;13
7;2025-12-25;2;0
7;2025-12-25;3;0
7;2025-12-25;4;1
7;2025-12-25;5;206
7;2025-12-25;6;749
7;2025-12-25;7;1661
7;2025-12-25;8;2569
7;2025-12-25;9;1934
7;2025-12-25;10;1610
7;2025-12-25;11;1471
7;2025-12-25;12;1536
7;2025-12-25;13;1587
7;2025-12-25;14;1654
7;2025-12-25;15;1786
7;2025-12-25;16;1918
7;2025-12-25;17;2395
7;2025-12-25;18;2671
7;2025-12-25;19;1815
7;2025-12-25;20;1086
7;2025-12-25;21;641
7;2025-12-25;22;321
7;2025-12-25;23;181
7;2025-12-26;0;63
7;2025-12-26;1;8
7;2025-12-26;2;0
7;2025-12-26;3;0
7;2025-12-26;4;0
7;2025-12-26;5;198
7;2025-12-26;6;697
7;2025-12-26;7;1598
7;2025-12-26;8;2466
7;2025-12-26;9;1890
7;2025-12-26;10;1558
7;2025-12-26;11;1502
7;2025-12-26;12;1576
7;2025-12-26;13;1637
7;2025-12-26;14;1717
7;2025-12-26;15;1825
7;2025-12-26;16;2014
7;2025-12-26;17;2384
7;2025-12-26;18;2282
7;2025-12-26;19;1724
7;2025-12-26;20;1051
7;2025-12-26;21;619
7;2025-12-26;22;342
7;2025-12-26;23;210
7;2025-12-27;0;99
7;2025-12-27;1;25
7;2025-12-27;2;0
7;2025-12-27;3;0
7;2025-12-27;4;1
7;2025-12-27;5;47
7;2025-12-27;6;297
7;2025-12-27;7;471
7;2025-12-27;8;688
7;2025-12-27;9;835
7;2025-12-27;10;890
7;2025-12-27;11;1106
7;2025-12-27;12;1206
7;2025-12-27;13;1242
7;2025-12-27;14;1380
7;2025-12-27;15;1273
7;2025-12-27;16;1213
7;2025-12-27;17;1140
7;2025-12-27;18;1042
7;2025-12-27;19;1031
7;2025-12-27;20;776
7;2025-12-27;21;602
7;2025-12-27;22;330
7;2025-12-27;23;202
7;2025-12-28;0;103
7;2025-12-28;1;19
7;2025-12-28;2;0
7;2025-12-28;3;0
7;2025-12-28;4;0
7;2025-12-28;5;28
7;2025-12-28;6;207
7;2025-12-28;7;323
7;2025-12-28;8;510
7;2025-12-28;9;644
7;2025-12-28;10;711
7;2025-12-28;11;962
7;2025-12-28;12;1076
7;2025-12-28;13;1098
7;2025-12-28;14;1182
7;2025-12-28;15;1134
7;2025-12-28;16;981
7;2025-12-28;17;976
7;2025-12-28;18;860
7;2025-12-28;19;756
7;2025-12-28;20;641
7;2025-12-28;21;485
7;2025-12-28;22;279
7;2025-12-28;23;155
7;2025-12-29;0;64
7;2025-12-29;1;9
7;2025-12-29;2;0
7;2025-12-29;3;0
7;2025-12-29;4;0
7;2025-12-29;5;201
7;2025-12-29;6;737
7;2025-12-29;7;1609
7;2025-12-29;8;2528
7;2025-12-29;9;1887
7;2025-12-29;10;1530
7;2025-12-29;11;1400
7;2025-12-29;12;1475
7;2025-12-29;13;1531
7;2025-12-29;14;1571
7;2025-12-29;15;1737
7;2025-12-29;16;1867
7;2025-12-29;17;2366
7;2025-12-29;18;2608
7;2025-12-29;19;1731
7;2025-12-29;20;1039
7;2025-12-29;21;580
7;2025-12-29;22;290
7;2025-12-29;23;160
7;2025-12-30;0;48
7;2025-12-30;1;10
7;2025-12-30;2;0
7;2025-12-30;3;0
7;2025-12-30;4;0
7;2025-12-30;5;208
7;2025-12-30;6;752
7;2025-12-30;7;1665
7;2025-12-30;8;2576
7;2025-12-30;9;1938
7;2025-12-30;10;1610
7;2025-12-30;11;1482
7;2025-12-30;12;1536
7;2025-12-30;13;1585
7;2025-12-30;14;1649
7;2025-12-30;15;1789
7;2025-12-30;16;1919
7;2025-12-30;17;2397
7;2025-12-30;18;2668
7;2025-12-30;19;1818
7;2025-12-30;20;1085
7;2025-12-30;21;639
7;2025-12-30;22;314
7;2025-12-30;23;168
7;2025-12-31;0;25
7;2025-12-31;1;0
7;2025-12-31;2;0
7;2025-12-31;3;0
7;2025-12-31;4;0
7;2025-12-31;5;65
7;2025-12-31;6;320
7;2025-12-31;7;630
7;2025-12-31;8;1073
7;2025-12-31;9;929
7;2025-12-31;10;811
7;2025-12-31;11;843
7;2025-12-31;12;876
7;2025-12-31;13;879
7;2025-12-31;14;913
7;2025-12-31;15;921
7;2025-12-31;16;859
7;2025-12-31;17;990
7;2025-12-31;18;1276
7;2025-12-31;19;881
7;2025-12-31;20;696
7;2025-12-31;21;541
7;2025-12-31;22;313
7;2025-12-31;23;128
11;2025-11-01;0;115
11;2025-11-01;1;41
11;2025-11-01;2;0
11;2025-11-01;3;0
11;2025-11-01;4;32
11;2025-11-01;5;229
11;2025-11-01;6;851
11;2025-11-01;7;1129
11;2025-11-01;8;2778
11;2025-11-01;9;2371
11;2025-11-01;10;1835
11;2025-11-01;11;2137
11;2025-11-01;12;2264
11;2025-11-01;13;2363
11;2025-11-01;14;2441
11;2025-11-01;15;2451
11;2025-11-01;16;2530
11;2025-11-01;17;2966
11;2025-11-01;18;2880
11;2025-11-01;19;2255
11;2025-11-01;20;1538
11;2025-11-01;21;830
11;2025-11-01;22;427
11;2025-11-01;23;402
11;2025-11-02;0;108
11;2025-11-02;1;11
11;2025-11-02;2;0
11;2025-11-02;3;0
11;2025-11-02;4;1
11;2025-11-02;5;122
11;2025-11-02;6;565
11;2025-11-02;7;548
11;2025-11-02;8;691
11;2025-11-02;9;938
11;2025-11-02;10;1090
11;2025-11-02;11;1566
11;2025-11-02;12;1728
11;2025-11-02;13;1668
11;2025-11-02;14;1789
11;2025-11-02;15;1781
11;2025-11-02;16;1658
11;2025-11-02;17;1720
11;2025-11-02;18;1369
11;2025-11-02;19;1180
11;2025-11-02;20;962
11;2025-11-02;21;685
11;2025-11-02;22;377
11;2025-11-02;23;251
11;2025-11-03;0;88
11;2025-11-03;1;10
11;2025-11-03;2;0
11;2025-11-03;3;0
11;2025-11-03;4;7
11;2025-11-03;5;215
11;2025-11-03;6;615
11;2025-11-03;7;759
11;2025-11-03;8;1126
11;2025-11-03;9;1016
11;2025-11-03;10;1048
11;2025-11-03;11;1287
11;2025-11-03;12;1465
11;2025-11-03;13;1355
11;2025-11-03;14;1460
11;2025-11-03;15;1553
11;2025-11-03;16;1482
11;2025-11-03;17;1623
11;2025-11-03;18;1647
11;2025-11-03;19;1256
11;2025-11-03;20;996
11;2025-11-03;21;665
11;2025-11-03;22;385
11;2025-11-03;23;234
11;2025-11-04;0;69
11;2025-11-04;1;19
11;2025-11-04;2;0
11;2025-11-04;3;0
11;2025-11-04;4;2
11;2025-11-04;5;132
11;2025-11-04;6;554
11;2025-11-04;7;460
11;2025-11-04;8;636
11;2025-11-04;9;819
11;2025-11-04;10;969
11;2025-11-04;11;1235
11;2025-11-04;12;1417
11;2025-11-04;13;1410
11;2025-11-04;14;1498
11;2025-11-04;15;1606
11;2025-11-04;16;1478
11;2025-11-04;17;1524
11;2025-11-04;18;1370
11;2025-11-04;19;1248
11;2025-11-04;20;938
11;2025-11-04;21;687
11;2025-11-04;22;369
11;2025-11-04;23;259
11;2025-11-05;0;62
11;2025-11-05;1;0
11;2025-11-05;2;0
11;2025-11-05;3;0
11;2025-11-05;4;0
11;2025-11-05;5;285
11;2025-11-05;6;1368
11;2025-11-05;7;2398
11;2025-11-05;8;3191
11;2025-11-05;9;2466
11;2025-11-05;10;1940
11;2025-11-05;11;1926
11;2025-11-05;12;1935
11;2025-11-05;13;2072
11;2025-11-05;14;2076
11;2025-11-05;15;2187
11;2025-11-05;16;2354
11;2025-11-05;17;2915
11;2025-11-05;18;3119
11;2025-11-05;19;2313
11;2025-11-05;20;1571
11;2025-11-05;21;942
11;2025-11-05;22;441
11;2025-11-05;23;255
11;2025-11-06;0;68
11;2025-11-06;1;0
11;2025-11-06;2;0
11;2025-11-06;3;0
11;2025-11-06;4;0
11;2025-11-06;5;286
11;2025-11-06;6;1386
11;2025-11-06;7;2402
11;2025-11-06;8;3191
11;2025-11-06;9;2486
11;2025-11-06;10;1962
11;2025-11-06;11;1930
11;2025-11-06;12;1937
11;2025-11-06;13;2080
11;2025-11-06;14;2076
11;2025-11-06;15;2192
11;2025-11-06;16;2364
11;2025-11-06;17;2920
11;2025-11-06;18;3151
11;2025-11-06;19;2322
11;2025-11-06;20;1573
11;2025-11-06;21;953
11;2025-11-06;22;453
11;2025-11-06;23;264
11;2025-11-07;0;75
11;2025-11-07;1;0
11;2025-11-07;2;0
11;2025-11-07;3;0
11;2025-11-07;4;0
11;2025-11-07;5;290
11;2025-11-07;6;1358
11;2025-11-07;7;2325
11;2025-11-07;8;3114
11;2025-11-07;9;2406
11;2025-11-07;10;1910
11;2025-11-07;11;1906
11;2025-11-07;12;1932
11;2025-11-07;13;2061
11;2025-11-07;14;2131
11;2025-11-07;15;2223
11;2025-11-07;16;2423
11;2025-11-07;17;2947
11;2025-11-07;18;2760
11;2025-11-07;19;2215
11;2025-11-07;20;1517
11;2025-11-07;21;942
11;2025-11-07;22;451
11;2025-11-07;23;296
11;2025-11-08;0;101
11;2025-11-08;1;1
11;2025-11-08;2;0
11;2025-11-08;3;0
11;2025-11-08;4;0
11;2025-11-08;5;203
11;2025-11-08;6;818
11;2025-11-08;7;763
11;2025-11-08;8;988
11;2025-11-08;9;1137
11;2025-11-08;10;1265
11;2025-11-08;11;1702
11;2025-11-08;12;1861
11;2025-11-08;13;1845
11;2025-11-08;14;1948
11;2025-11-08;15;1884
11;2025-11-08;16;1812
11;2025-11-08;17;1869
11;2025-11-08;18;1572
11;2025-11-08;19;1437
11;2025-11-08;20;1100
11;2025-11-08;21;787
11;2025-11-08;22;427
11;2025-11-08;23;326
11;2025-11-09;0;108
11;2025-11-09;1;11
11;2025-11-09;2;0
11;2025-11-09;3;0
11;2025-11-09;4;1
11;2025-11-09;5;122
11;2025-11-09;6;565
11;2025-11-09;7;548
11;2025-11-09;8;691
11;2025-11-09;9;938
11;2025-11-09;10;1090
11;2025-11-09;11;1566
11;2025-11-09;12;1728
11;2025-11-09;13;1668
11;2025-11-09;14;1789
11;2025-11-09;15;1781
11;2025-11-09;16;1658
11;2025-11-09;17;1720
11;2025-11-09;18;1369
11;2025-11-09;19;1180
11;2025-11-09;20;962
11;2025-11-09;21;685
11;2025-11-09;22;377
11;2025-11-09;23;251
11;2025-11-10;0;73
11;2025-11-10;1;8
11;2025-11-10;2;0
11;2025-11-10;3;0
11;2025-11-10;4;0
11;2025-11-10;5;285
11;2025-11-10;6;1346
11;2025-11-10;7;2360
11;2025-11-10;8;3155
11;2025-11-10;9;2431
11;2025-11-10;10;1857
11;2025-11-10;11;1850
11;2025-11-10;12;1844
11;2025-11-10;13;1977
11;2025-11-10;14;1996
11;2025-11-10;15;2093
11;2025-11-10;16;2298
11;2025-11-10;17;2876
11;2025-11-10;18;3093
11;2025-11-10;19;2244
11;2025-11-10;20;1521
11;2025-11-10;21;905
11;2025-11-10;22;411
11;2025-11-10;23;232
11;2025-11-11;0;61
11;2025-11-11;1;0
11;2025-11-11;2;0
11;2025-11-11;3;0
11;2025-11-11;4;0
11;2025-11-11;5;281
11;2025-11-11;6;1374
11;2025-11-11;7;2398
11;2025-11-11;8;3195
11;2025-11-11;9;2479
11;2025-11-11;10;1946
11;2025-11-11;11;1915
11;2025-11-11;12;1923
11;2025-11-11;13;2072
11;2025-11-11;14;2073
11;2025-11-11;15;2187
11;2025-11-11;16;2357
11;2025-11-11;17;2918
11;2025-11-11;18;3143
11;2025-11-11;19;2312
11;2025-11-11;20;1567
11;2025-11-11;21;935
11;2025-11-11;22;435
11;2025-11-11;23;241
11;2025-11-12;0;62
11;2025-11-12;1;0
11;2025-11-12;2;0
11;2025-11-12;3;0
11;2025-11-12;4;0
11;2025-11-12;5;285
11;2025-11-12;6;1368
11;2025-11-12;7;2398
11;2025-11-12;8;3191
11;2025-11-12;9;2466
11;2025-11-12;10;1940
11;2025-11-12;11;1926
11;2025-11-12;12;1935
11;2025-11-12;13;2072
11;2025-11-12;14;2076
11;2025-11-12;15;2187
11;2025-11-12;16;2354
11;2025-11-12;17;2915
11;2025-11-12;18;3119
11;2025-11-12;19;2313
11;2025-11-12;20;1571
11;2025-11-12;21;942
11;2025-11-12;22;441
11;2025-11-12;23;255
11;2025-11-13;0;68
11;2025-11-13;1;0
11;2025-11-13;2;0
11;2025-11-13;3;0
11;2025-11-13;4;0
11;2025-11-13;5;286
11;2025-11-13;6;1386
11;2025-11-13;7;2402
11;2025-11-13;8;3191
11;2025-11-13;9;2486
11;2025-11-13;10;1962
11;2025-11-13;11;1930
11;2025-11-13;12;1937
11;2025-11-13;13;2080
11;2025-11-13;14;2076
11;2025-11-13;15;2192
11;2025-11-13;16;2364
11;2025-11-13;17;2920
11;2025-11-13;18;3151
11;2025-11-13;19;2322
11;2025-11-13;20;1573
11;2025-11-13;21;953
11;2025-11-13;22;453
11;2025-11-13;23;264
11;2025-11-14;0;75
11;2025-11-14;1;0
11;2025-11-14;2;0
11;2025-11-14;3;0
11;2025-11-14;4;0
11;2025-11-14;5;290
11;2025-11-14;6;1358
11;2025-11-14;7;2325
11;2025-11-14;8;3114
11;2025-11-14;9;2406
11;2025-11-14;10;1910
11;2025-11-14;11;1906
11;2025-11-14;12;1932
11;2025-11-14;13;2061
11;2025-11-14;14;2131
11;2025-11-14;15;2223
11;2025-11-14;16;2423
11;2025-11-14;17;2947
11;2025-11-14;18;2760
11;2025-11-14;19;2215
11;2025-11-14;20;1517
11;2025-11-14;21;942
11;2025-11-14;22;451
11;2025-11-14;23;296
11;2025-11-15;0;101
11;2025-11-15;1;1
11;2025-11-15;2;0
11;2025-11-15;3;0
11;2025-11-15;4;0
11;2025-11-15;5;203
11;2025-11-15;6;818
11;2025-11-15;7;763
11;2025-11-15;8;988
11;2025-11-15;9;1137
11;2025-11-15;10;1265
11;2025-11-15;11;1702
11;2025-11-15;12;1861
11;2025-11-15;13;1845
11;2025-11-15;14;1948
11;2025-11-15;15;1884
11;2025-11-15;16;1812
11;2025-11-15;17;1869
11;2025-11-15;18;1572
11;2025-11-15;19;1437
11;2025-11-15;20;1100
11;2025-11-15;21;787
11;2025-11-15;22;427
11;2025-11-15;23;326
11;2025-11-16;0;108
11;2025-11-16;1;11
11;2025-11-16;2;0
11;2025-11-16;3;0
11;2025-11-16;4;1
11;2025-11-16;5;122
11;2025-11-16;6;565
11;2025-11-16;7;548
11;2025-11-16;8;691
11;2025-11-16;9;938
11;2025-11-16;10;1090
11;2025-11-16;11;1566
11;2025-11-16;12;1728
11;2025-11-16;13;1668
11;2025-11-16;14;1789
11;2025-11-16;15;1781
11;2025-11-16;16;1658
11;2025-11-16;17;1720
11;2025-11-16;18;1369
11;2025-11-16;19;1180
11;2025-11-16;20;962
11;2025-11-16;21;685
11;2025-11-16;22;377
11;2025-11-16;23;251
11;2025-11-17;0;73
11;2025-11-17;1;8
11;2025-11-17;2;0
11;2025-11-17;3;0
11;2025-11-17;4;0
11;2025-11-17;5;285
11;2025-11-17;6;1346
11;2025-11-17;7;2360
11;2025-11-17;8;3155
11;2025-11-17;9;2431
11;2025-11-17;10;1857
11;2025-11-17;11;1850
11;2025-11-17;12;1844
11;2025-11-17;13;1977
11;2025-11-17;14;1996
11;2025-11-17;15;2093
11;2025-11-17;16;2298
11;2025-11-17;17;2876
11;2025-11-17;18;3093
11;2025-11-17;19;2244
11;2025-11-17;20;1521
11;2025-11-17;21;905
11;2025-11-17;22;411
11;2025-11-17;23;232
11;2025-11-18;0;61
11;2025-11-18;1;0
11;2025-11-18;2;0
11;2025-11-18;3;0
11;2025-11-18;4;0
11;2025-11-18;5;281
11;2025-11-18;6;1374
11;2025-11-18;7;2398
11;2025-11-18;8;3195
11;2025-11-18;9;2479
11;2025-11-18;10;1946
11;2025-11-18;11;1915
11;2025-11-18;12;1923
11;2025-11-18;13;2072
11;2025-11-18;14;2073
11;2025-11-18;15;2187
11;2025-11-18;16;2357
11;2025-11-18;17;2918
11;2025-11-18;18;3143
11;2025-11-18;19;2312
11;2025-11-18;20;1567
11;2025-11-18;21;935
11;2025-11-18;22;435
11;2025-11-18;23;241
11;2025-11-19;0;62
11;2025-11-19;1;0
11;2025-11-19;2;0
11;2025-11-19;3;0
11;2025-11-19;4;0
11;2025-11-19;5;285
11;2025-11-19;6;1368
11;2025-11-19;7;2398
11;2025-11-19;8;3191
11;2025-11-19;9;2466
11;2025-11-19;10;1940
11;2025-11-19;11;1926
11;2025-11-19;12;1935
11;2025-11-19;13;2072
11;2025-11-19;14;2076
11;2025-11-19;15;2187
11;2025-11-19;16;2354
11;2025-11-19;17;2915
11;2025-11-19;18;3119
11;2025-11-19;19;2313
11;2025-11-19;20;1571
11;2025-11-19;21;942
11;2025-11-19;22;441
11;2025-11-19;23;255
11;2025-11-20;0;68
11;2025-11-20;1;0
11;2025-11-20;2;0
11;2025-11-20;3;0
11;2025-11-20;4;0
11;2025-11-20;5;286
11;2025-11-20;6;1386
11;2025-11-20;7;2402
11;2025-11-20;8;3191
11;2025-11-20;9;2486
11;2025-11-20;10;1962
11;2025-11-20;11;1930
11;2025-11-20;12;1937
11;2025-11-20;13;2080
11;2025-11-20;14;2076
11;2025-11-20;15;2192
11;2025-11-20;16;2364
11;2025-11-20;17;2920
11;2025-11-20;18;3151
11;2025-11-20;19;2322
11;2025-11-20;20;1573
11;2025-11-20;21;953
11;2025-11-20;22;453
11;2025-11-20;23;264
11;2025-11-21;0;75
11;2025-11-21;1;0
11;2025-11-21;2;0
11;2025-11-21;3;0
11;2025-11-21;4;0
11;2025-11-21;5;290
11;2025-11-21;6;1358
11;2025-11-21;7;2325
11;2025-11-21;8;3114
11;2025-11-21;9;2406
11;2025-11-21;10;1910
11;2025-11-21;11;1906
11;2025-11-21;12;1932
11;2025-11-21;13;2061
11;2025-11-21;14;2131
11;2025-11-21;15;2223
11;2025-11-21;16;2423
11;2025-11-21;17;2947
11;2025-11-21;18;2760
11;2025-11-21;19;2215
11;2025-11-21;20;1517
11;2025-11-21;21;942
11;2025-11-21;22;451
11;2025-11-21;23;296
11;2025-11-22;0;101
11;2025-11-22;1;1
11;2025-11-22;2;0
11;2025-11-22;3;0
11;2025-11-22;4;0
11;2025-11-22;5;203
11;2025-11-22;6;818
11;2025-11-22;7;763
11;2025-11-22;8;988
11;2025-11-22;9;1137
11;2025-11-22;10;1265
11;2025-11-22;11;1702
11;2025-11-22;12;1861
11;2025-11-22;13;1845
11;2025-11-22;14;1948
11;2025-11-22;15;1884
11;2025-11-22;16;1812
11;2025-11-22;17;1869
11;2025-11-22;18;1572
11;2025-11-22;19;1437
11;2025-11-22;20;1100
11;2025-11-22;21;787
11;2025-11-22;22;427
11;2025-11-22;23;326
11;2025-11-23;0;108
11;2025-11-23;1;11
11;2025-11-23;2;0
11;2025-11-23;3;0
11;2025-11-23;4;1
11;2025-11-23;5;122
11;2025-11-23;6;565
11;2025-11-23;7;548
11;2025-11-23;8;691
11;2025-11-23;9;938
11;2025-11-23;10;1090
11;2025-11-23;11;1566
11;2025-11-23;12;1728
11;2025-11-23;13;1668
11;2025-11-23;14;1789
11;2025-11-23;15;1781
11;2025-11-23;16;1658
11;2025-11-23;17;1720
11;2025-11-23;18;1369
11;2025-11-23;19;1180
11;2025-11-23;20;962
11;2025-11-23;21;685
11;2025-11-23;22;377
11;2025-11-23;23;251
11;2025-11-24;0;73
11;2025-11-24;1;8
11;2025-11-24;2;0
11;2025-11-24;3;0
11;2025-11-24;4;0
11;2025-11-24;5;285
11;2025-11-24;6;1346
11;2025-11-24;7;2360
11;2025-11-24;8;3155
11;2025-11-24;9;2431
11;2025-11-24;10;1857
11;2025-11-24;11;1850
11;2025-11-24;12;1844
11;2025-11-24;13;1977
11;2025-11-24;14;1996
11;2025-11-24;15;2093
11;2025-11-24;16;2298
11;2025-11-24;17;2876
11;2025-11-24;18;3093
11;2025-11-24;19;2244
11;2025-11-24;20;1521
11;2025-11-24;21;905
11;2025-11-24;22;411
11;2025-11-24;23;232
11;2025-11-25;0;61
11;2025-11-25;1;0
11;2025-11-25;2;0
11;2025-11-25;3;0
11;2025-11-25;4;0
11;2025-11-25;5;281
11;2025-11-25;6;1374
11;2025-11-25;7;2398
11;2025-11-25;8;3195
11;2025-11-25;9;2479
11;2025-11-25;10;1946
11;2025-11-25;11;1915
11;2025-11-25;12;1923
11;2025-11-25;13;2072
11;2025-11-25;14;2073
11;2025-11-25;15;2187
11;2025-11-25;16;2357
11;2025-11-25;17;2918
11;2025-11-25;18;3143
11;2025-11-25;19;2312
11;2025-11-25;20;1567
11;2025-11-25;21;935
11;2025-11-25;22;435
11;2025-11-25;23;241
11;2025-11-26;0;62
11;2025-11-26;1;0
11;2025-11-26;2;0
11;2025-11-26;3;0
11;2025-11-26;4;0
11;2025-11-26;5;285
11;2025-11-26;6;1368
11;2025-11-26;7;2398
11;2025-11-26;8;3191
11;2025-11-26;9;2466
11;2025-11-26;10;1940
11;2025-11-26;11;1926
11;2025-11-26;12;1935
11;2025-11-26;13;2072
11;2025-11-26;14;2076
11;2025-11-26;15;2187
11;2025-11-26;16;2354
11;2025-11-26;17;2915
11;2025-11-26;18;3119
11;2025-11-26;19;2313
11;2025-11-26;20;1571
11;2025-11-26;21;942
11;2025-11-26;22;441
11;2025-11-26;23;255
11;2025-11-27;0;68
11;2025-11-27;1;0
11;2025-11-27;2;0
11;2025-11-27;3;0
11;2025-11-27;4;0
11;2025-11-27;5;286
11;2025-11-27;6;1386
11;2025-11-27;7;2402
11;2025-11-27;8;3191
11;2025-11-27;9;2486
11;2025-11-27;10;1962
11;2025-11-27;11;1930
11;2025-11-27;12;1937
11;2025-11-27;13;2080
11;2025-11-27;14;2076
11;2025-11-27;15;2192
11;2025-11-27;16;2364
11;2025-11-27;17;2920
11;2025-11-27;18;3151
11;2025-11-27;19;2322
11;2025-11-27;20;1573
11;2025-11-27;21;953
11;2025-11-27;22;453
11;2025-11-27;23;264
11;2025-11-28;0;75
11;2025-11-28;1;0
11;2025-11-28;2;0
11;2025-11-28;3;0
11;2025-11-28;4;0
11;2025-11-28;5;290
11;2025-11-28;6;1358
11;2025-11-28;7;2325
11;2025-11-28;8;3114
11;2025-11-28;9;2406
11;2025-11-28;10;1910
11;2025-11-28;11;1906
11;2025-11-28;12;1932
11;2025-11-28;13;2061
11;2025-11-28;14;2131
11;2025-11-28;15;2223
11;2025-11-28;16;2423
11;2025-11-28;17;2947
11;2025-11-28;18;2760
11;2025-11-28;19;2215
11;2025-11-28;20;1517
11;2025-11-28;21;942
11;2025-11-28;22;451
11;2025-11-28;23;296
11;2025-11-29;0;101
11;2025-11-29;1;1
11;2025-11-29;2;0
11;2025-11-29;3;0
11;2025-11-29;4;0
11;2025-11-29;5;203
11;2025-11-29;6;818
11;2025-11-29;7;763
11;2025-11-29;8;988
11;2025-11-29;9;1137
11;2025-11-29;10;1265
11;2025-11-29;11;1702
11;2025-11-29;12;1861
11;2025-11-29;13;1845
11;2025-11-29;14;1948
11;2025-11-29;15;1884
11;2025-11-29;16;1812
11;2025-11-29;17;1869
11;2025-11-29;18;1572
11;2025-11-29;19;1437
11;2025-11-29;20;1100
11;2025-11-29;21;787
11;2025-11-29;22;427
11;2025-11-29;23;326
11;2025-11-30;0;108
11;2025-11-30;1;11
11;2025-11-30;2;0
11;2025-11-30;3;0
11;2025-11-30;4;1
11;2025-11-30;5;122
11;2025-11-30;6;565
11;2025-11-30;7;548
11;2025-11-30;8;691
11;2025-11-30;9;938
11;2025-11-30;10;1090
11;2025-11-30;11;1566
11;2025-11-30;12;1728
11;2025-11-30;13;1668
11;2025-11-30;14;1789
11;2025-11-30;15;1781
11;2025-11-30;16;1658
11;2025-11-30;17;1720
11;2025-11-30;18;1369
11;2025-11-30;19;1180
11;2025-11-30;20;962
11;2025-11-30;21;685
11;2025-11-30;22;377
11;2025-11-30;23;251
11;2025-12-01;0;80
11;2025-12-01;1;4
11;2025-12-01;2;0
11;2025-12-01;3;0
11;2025-12-01;4;6
11;2025-12-01;5;314
11;2025-12-01;6;1308
11;2025-12-01;7;2340
11;2025-12-01;8;3143
11;2025-12-01;9;2425
11;2025-12-01;10;1789
11;2025-12-01;11;1772
11;2025-12-01;12;1776
11;2025-12-01;13;1944
11;2025-12-01;14;1920
11;2025-12-01;15;2043
11;2025-12-01;16;2275
11;2025-12-01;17;2821
11;2025-12-01;18;3081
11;2025-12-01;19;2221
11;2025-12-01;20;1476
11;2025-12-01;21;867
11;2025-12-01;22;426
11;2025-12-01;23;206
11;2025-12-02;0;67
11;2025-12-02;1;2
11;2025-12-02;2;0
11;2025-12-02;3;0
11;2025-12-02;4;6
11;2025-12-02;5;311
11;2025-12-02;6;1332
11;2025-12-02;7;2374
11;2025-12-02;8;3184
11;2025-12-02;9;2479
11;2025-12-02;10;1875
11;2025-12-02;11;1833
11;2025-12-02;12;1851
11;2025-12-02;13;2035
11;2025-12-02;14;1991
11;2025-12-02;15;2124
11;2025-12-02;16;2327
11;2025-12-02;17;2856
11;2025-12-02;18;3131
11;2025-12-02;19;2287
11;2025-12-02;20;1523
11;2025-12-02;21;899
11;2025-12-02;22;450
11;2025-12-02;23;214
11;2025-12-03;0;68
11;2025-12-03;1;2
11;2025-12-03;2;0
11;2025-12-03;3;0
11;2025-12-03;4;7
11;2025-12-03;5;315
11;2025-12-03;6;1321
11;2025-12-03;7;2374
11;2025-12-03;8;3180
11;2025-12-03;9;2462
11;2025-12-03;10;1867
11;2025-12-03;11;1839
11;2025-12-03;12;1859
11;2025-12-03;13;2031
11;2025-12-03;14;1989
11;2025-12-03;15;2122
11;2025-12-03;16;2321
11;2025-12-03;17;2850
11;2025-12-03;18;3108
11;2025-12-03;19;2285
11;2025-12-03;20;1522
11;2025-12-03;21;904
11;2025-12-03;22;456
11;2025-12-03;23;228
11;2025-12-04;0;73
11;2025-12-04;1;1
11;2025-12-04;2;0
11;2025-12-04;3;0
11;2025-12-04;4;5
11;2025-12-04;5;316
11;2025-12-04;6;1339
11;2025-12-04;7;2378
11;2025-12-04;8;3179
11;2025-12-04;9;2482
11;2025-12-04;10;1889
11;2025-12-04;11;1842
11;2025-12-04;12;1863
11;2025-12-04;13;2035
11;2025-12-04;14;1989
11;2025-12-04;15;2126
11;2025-12-04;16;2326
11;2025-12-04;17;2855
11;2025-12-04;18;3139
11;2025-12-04;19;2294
11;2025-12-04;20;1523
11;2025-12-04;21;915
11;2025-12-04;22;468
11;2025-12-04;23;237
11;2025-12-05;0;81
11;2025-12-05;1;3
11;2025-12-05;2;0
11;2025-12-05;3;0
11;2025-12-05;4;6
11;2025-12-05;5;320
11;2025-12-05;6;1321
11;2025-12-05;7;2301
11;2025-12-05;8;3102
11;2025-12-05;9;2401
11;2025-12-05;10;1839
11;2025-12-05;11;1825
11;2025-12-05;12;1861
11;2025-12-05;13;2018
11;2025-12-05;14;2049
11;2025-12-05;15;2161
11;2025-12-05;16;2389
11;2025-12-05;17;2886
11;2025-12-05;18;2748
11;2025-12-05;19;2182
11;2025-12-05;20;1472
11;2025-12-05;21;905
11;2025-12-05;22;467
11;2025-12-05;23;270
11;2025-12-06;0;99
11;2025-12-06;1;4
11;2025-12-06;2;0
11;2025-12-06;3;0
11;2025-12-06;4;5
11;2025-12-06;5;203
11;2025-12-06;6;738
11;2025-12-06;7;702
11;2025-12-06;8;942
11;2025-12-06;9;1122
11;2025-12-06;10;1207
11;2025-12-06;11;1584
11;2025-12-06;12;1753
11;2025-12-06;13;1763
11;2025-12-06;14;1802
11;2025-12-06;15;1821
11;2025-12-06;16;1765
11;2025-12-06;17;1781
11;2025-12-06;18;1508
11;2025-12-06;19;1395
11;2025-12-06;20;1057
11;2025-12-06;21;741
11;2025-12-06;22;434
11;2025-12-06;23;308
11;2025-12-07;0;108
11;2025-12-07;1;9
11;2025-12-07;2;0
11;2025-12-07;3;0
11;2025-12-07;4;4
11;2025-12-07;5;122
11;2025-12-07;6;455
11;2025-12-07;7;476
11;2025-12-07;8;662
11;2025-12-07;9;934
11;2025-12-07;10;1050
11;2025-12-07;11;1461
11;2025-12-07;12;1641
11;2025-12-07;13;1602
11;2025-12-07;14;1657
11;2025-12-07;15;1725
11;2025-12-07;16;1627
11;2025-12-07;17;1651
11;2025-12-07;18;1310
11;2025-12-07;19;1136
11;2025-12-07;20;925
11;2025-12-07;21;628
11;2025-12-07;22;387
11;2025-12-07;23;235
11;2025-12-08;0;80
11;2025-12-08;1;4
11;2025-12-08;2;0
11;2025-12-08;3;0
11;2025-12-08;4;6
11;2025-12-08;5;314
11;2025-12-08;6;1308
11;2025-12-08;7;2340
11;2025-12-08;8;3143
11;2025-12-08;9;2425
11;2025-12-08;10;1789
11;2025-12-08;11;1772
11;2025-12-08;12;1776
11;2025-12-08;13;1944
11;2025-12-08;14;1920
11;2025-12-08;15;2043
11;2025-12-08;16;2275
11;2025-12-08;17;2821
11;2025-12-08;18;3081
11;2025-12-08;19;2221
11;2025-12-08;20;1476
11;2025-12-08;21;867
11;2025-12-08;22;426
11;2025-12-08;23;206
11;2025-12-09;0;67
11;2025-12-09;1;2
11;2025-12-09;2;0
11;2025-12-09;3;0
11;2025-12-09;4;6
11;2025-12-09;5;311
11;2025-12-09;6;1332
11;2025-12-09;7;2374
11;2025-12-09;8;3184
11;2025-12-09;9;2479
11;2025-12-09;10;1875
11;2025-12-09;11;1833
11;2025-12-09;12;1851
11;2025-12-09;13;2035
11;2025-12-09;14;1991
11;2025-12-09;15;2124
11;2025-12-09;16;2327
11;2025-12-09;17;2856
11;2025-12-09;18;3131
11;2025-12-09;19;2287
11;2025-12-09;20;1523
11;2025-12-09;21;899
11;2025-12-09;22;450
11;2025-12-09;23;214
11;2025-12-10;0;68
11;2025-12-10;1;2
11;2025-12-10;2;0
11;2025-12-10;3;0
11;2025-12-10;4;7
11;2025-12-10;5;315
11;2025-12-10;6;1321
11;2025-12-10;7;2374
11;2025-12-10;8;3180
11;2025-12-10;9;2462
11;2025-12-10;10;1867
11;2025-12-10;11;1839
11;2025-12-10;12;1859
11;2025-12-10;13;2031
11;2025-12-10;14;1989
11;2025-12-10;15;2122
11;2025-12-10;16;2321
11;2025-12-10;17;2850
11;2025-12-10;18;3108
11;2025-12-10;19;2285
11;2025-12-10;20;1522
11;2025-12-10;21;904
11;2025-12-10;22;456
11;2025-12-10;23;228
11;2025-12-11;0;73
11;2025-12-11;1;1
11;2025-12-11;2;0
11;2025-12-11;3;0
11;2025-12-11;4;5
11;2025-12-11;5;316
11;2025-12-11;6;1339
11;2025-12-11;7;2378
11;2025-12-11;8;3179
11;2025-12-11;9;2482
11;2025-12-11;10;1889
11;2025-12-11;11;1842
11;2025-12-11;12;1863
11;2025-12-11;13;2035
11;2025-12-11;14;1989
11;2025-12-11;15;2126
11;2025-12-11;16;2326
11;2025-12-11;17;2855
11;2025-12-11;18;3139
11;2025-12-11;19;2294
11;2025-12-11;20;1523
11;2025-12-11;21;915
11;2025-12-11;22;468
11;2025-12-11;23;237
11;2025-12-12;0;81
11;2025-12-12;1;3
11;2025-12-12;2;0
11;2025-12-12;3;0
11;2025-12-12;4;6
11;2025-12-12;5;320
11;2025-12-12;6;1321
11;2025-12-12;7;2301
11;2025-12-12;8;3102
11;2025-12-12;9;2401
11;2025-12-12;10;1839
11;2025-12-12;11;1825
11;2025-12-12;12;1861
11;2025-12-12;13;2018
11;2025-12-12;14;2049
11;2025-12-12;15;2161
11;2025-12-12;16;2389
11;2025-12-12;17;2886
11;2025-12-12;18;2748
11;2025-12-12;19;2182
11;2025-12-12;20;1472
11;2025-12-12;21;905
11;2025-12-12;22;467
11;2025-12-12;23;270
11;2025-12-13;0;99
11;2025-12-13;1;4
11;2025-12-13;2;0
11;2025-12-13;3;0
11;2025-12-13;4;5
11;2025-12-13;5;203
11;2025-12-13;6;738
11;2025-12-13;7;702
11;2025-12-13;8;942
11;2025-12-13;9;1122
11;2025-12-13;10;1207
11;2025-12-13;11;1584
11;2025-12-13;12;1753
11;2025-12-13;13;1763
11;2025-12-13;14;1802
11;2025-12-13;15;1821
11;2025-12-13;16;1765
11;2025-12-13;17;1781
11;2025-12-13;18;1508
11;2025-12-13;19;1395
11;2025-12-13;20;1057
11;2025-12-13;21;741
11;2025-12-13;22;434
11;2025-12-13;23;308
11;2025-12-14;0;108
11;2025-12-14;1;9
11;2025-12-14;2;0
11;2025-12-14;3;0
11;2025-12-14;4;4
11;2025-12-14;5;122
11;2025-12-14;6;455
11;2025-12-14;7;476
11;2025-12-14;8;662
11;2025-12-14;9;934
11;2025-12-14;10;1050
11;2025-12-14;11;1461
11;2025-12-14;12;1641
11;2025-12-14;13;1602
11;2025-12-14;14;1657
11;2025-12-14;15;1725
11;2025-12-14;16;1627
11;2025-12-14;17;1651
11;2025-12-14;18;1310
11;2025-12-14;19;1136
11;2025-12-14;20;925
11;2025-12-14;21;628
11;2025-12-14;22;387
11;2025-12-14;23;235
11;2025-12-15;0;80
11;2025-12-15;1;4
11;2025-12-15;2;0
11;2025-12-15;3;0
11;2025-12-15;4;6
11;2025-12-15;5;314
11;2025-12-15;6;1308
11;2025-12-15;7;2340
11;2025-12-15;8;3143
11;2025-12-15;9;2425
11;2025-12-15;10;1789
11;2025-12-15;11;1772
11;2025-12-15;12;1776
11;2025-12-15;13;1944
11;2025-12-15;14;1920
11;2025-12-15;15;2043
11;2025-12-15;16;2275
11;2025-12-15;17;2821
11;2025-12-15;18;3081
11;2025-12-15;19;2221
11;2025-12-15;20;1476
11;2025-12-15;21;867
11;2025-12-15;22;426
11;2025-12-15;23;206
11;2025-12-16;0;67
11;2025-12-16;1;2
11;2025-12-16;2;0
11;2025-12-16;3;0
11;2025-12-16;4;6
11;2025-12-16;5;311
11;2025-12-16;6;1332
11;2025-12-16;7;2374
11;2025-12-16;8;3184
11;2025-12-16;9;2479
11;2025-12-16;10;1875
11;2025-12-16;11;1833
11;2025-12-16;12;1851
11;2025-12-16;13;2035
11;2025-12-16;14;1991
11;2025-12-16;15;2124
11;2025-12-16;16;2327
11;2025-12-16;17;2856
11;2025-12-16;18;3131
11;2025-12-16;19;2287
11;2025-12-16;20;1523
11;2025-12-16;21;899
11;2025-12-16;22;450
11;2025-12-16;23;214
11;2025-12-17;0;68
11;2025-12-17;1;2
11;2025-12-17;2;0
11;2025-12-17;3;0
11;2025-12-17;4;7
11;2025-12-17;5;315
11;2025-12-17;6;1321
11;2025-12-17;7;2374
11;2025-12-17;8;3180
11;2025-12-17;9;2462
11;2025-12-17;10;1867
11;2025-12-17;11;1839
11;2025-12-17;12;1859
11;2025-12-17;13;2031
11;2025-12-17;14;1989
11;2025-12-17;15;2122
11;2025-12-17;16;2321
11;2025-12-17;17;2850
11;2025-12-17;18;3108
11;2025-12-17;19;2285
11;2025-12-17;20;1522
11;2025-12-17;21;904
11;2025-12-17;22;456
11;2025-12-17;23;228
11;2025-12-18;0;73
11;2025-12-18;1;1
11;2025-12-18;2;0
11;2025-12-18;3;0
11;2025-12-18;4;5
11;2025-12-18;5;316
11;2025-12-18;6;1339
11;2025-12-18;7;2378
11;2025-12-18;8;3179
11;2025-12-18;9;2482
11;2025-12-18;10;1889
11;2025-12-18;11;1842
11;2025-12-18;12;1863
11;2025-12-18;13;2035
11;2025-12-18;14;1989
11;2025-12-18;15;2126
11;2025-12-18;16;2326
11;2025-12-18;17;2855
11;2025-12-18;18;3139
11;2025-12-18;19;2294
11;2025-12-18;20;1523
11;2025-12-18;21;915
11;2025-12-18;22;468
11;2025-12-18;23;237
11;2025-12-19;0;81
11;2025-12-19;1;3
11;2025-12-19;2;0
11;2025-12-19;3;0
11;2025-12-19;4;6
11;2025-12-19;5;320
11;2025-12-19;6;1321
11;2025-12-19;7;2301
11;2025-12-19;8;3102
11;2025-12-19;9;2401
11;2025-12-19;10;1839
11;2025-12-19;11;1825
11;2025-12-19;12;1861
11;2025-12-19;13;2018
11;2025-12-19;14;2049
11;2025-12-19;15;2161
11;2025-12-19;16;2389
11;2025-12-19;17;2886
11;2025-12-19;18;2748
11;2025-12-19;19;2182
11;2025-12-19;20;1472
11;2025-12-19;21;905
11;2025-12-19;22;467
11;2025-12-19;23;270
11;2025-12-20;0;99
11;2025-12-20;1;4
11;2025-12-20;2;0
11;2025-12-20;3;0
11;2025-12-20;4;5
11;2025-12-20;5;203
11;2025-12-20;6;738
11;2025-12-20;7;702
11;2025-12-20;8;942
11;2025-12-20;9;1122
11;2025-12-20;10;1207
11;2025-12-20;11;1584
11;2025-12-20;12;1753
11;2025-12-20;13;1763
11;2025-12-20;14;1802
11;2025-12-20;15;1821
11;2025-12-20;16;1765
11;2025-12-20;17;1781
11;2025-12-20;18;1508
11;2025-12-20;19;1395
11;2025-12-20;20;1057
11;2025-12-20;21;741
11;2025-12-20;22;434
11;2025-12-20;23;308
11;2025-12-21;0;108
11;2025-12-21;1;9
11;2025-12-21;2;0
11;2025-12-21;3;0
11;2025-12-21;4;4
11;2025-12-21;5;122
11;2025-12-21;6;455
11;2025-12-21;7;476
11;2025-12-21;8;662
11;2025-12-21;9;934
11;2025-12-21;10;1050
11;2025-12-21;11;1461
11;2025-12-21;12;1641
11;2025-12-21;13;1602
11;2025-12-21;14;1657
11;2025-12-21;15;1725
11;2025-12-21;16;1627
11;2025-12-21;17;1651
11;2025-12-21;18;1310
11;2025-12-21;19;1136
11;2025-12-21;20;925
11;2025-12-21;21;628
11;2025-12-21;22;387
11;2025-12-21;23;235
11;2025-12-22;0;80
11;2025-12-22;1;4
11;2025-12-22;2;0
11;2025-12-22;3;0
11;2025-12-22;4;6
11;2025-12-22;5;314
11;2025-12-22;6;1308
11;2025-12-22;7;2340
11;2025-12-22;8;3143
11;2025-12-22;9;2425
11;2025-12-22;10;1789
11;2025-12-22;11;1772
11;2025-12-22;12;1776
11;2025-12-22;13;1944
11;2025-12-22;14;1920
11;2025-12-22;15;2043
11;2025-12-22;16;2275
11;2025-12-22;17;2821
11;2025-12-22;18;3081
11;2025-12-22;19;2221
11;2025-12-22;20;1476
11;2025-12-22;21;867
11;2025-12-22;22;426
11;2025-12-22;23;206
11;2025-12-23;0;67
11;2025-12-23;1;2
11;2025-12-23;2;0
11;2025-12-23;3;0
11;2025-12-23;4;6
11;2025-12-23;5;311
11;2025-12-23;6;1332
11;2025-12-23;7;2374
11;2025-12-23;8;3184
11;2025-12-23;9;2479
11;2025-12-23;10;1875
11;2025-12-23;11;1833
11;2025-12-23;12;1851
11;2025-12-23;13;2035
11;2025-12-23;14;1991
11;2025-12-23;15;2124
11;2025-12-23;16;2327
11;2025-12-23;17;2856
11;2025-12-23;18;3131
11;2025-12-23;19;2287
11;2025-12-23;20;1523
11;2025-12-23;21;899
11;2025-12-23;22;450
11;2025-12-23;23;214
11;2025-12-24;0;68
11;2025-12-24;1;2
11;2025-12-24;2;0
11;2025-12-24;3;0
11;2025-12-24;4;7
11;2025-12-24;5;315
11;2025-12-24;6;1321
11;2025-12-24;7;2374
11;2025-12-24;8;3180
11;2025-12-24;9;2462
11;2025-12-24;10;1867
11;2025-12-24;11;1839
11;2025-12-24;12;1859
11;2025-12-24;13;2031
11;2025-12-24;14;1989
11;2025-12-24;15;2122
11;2025-12-24;16;2321
11;2025-12-24;17;2850
11;2025-12-24;18;3108
11;2025-12-24;19;2285
11;2025-12-24;20;1522
11;2025-12-24;21;904
11;2025-12-24;22;456
11;2025-12-24;23;228
11;2025-12-25;0;73
11;2025-12-25;1;1
11;2025-12-25;2;0
11;2025-12-25;3;0
11;2025-12-25;4;5
11;2025-12-25;5;316
11;2025-12-25;6;1339
11;2025-12-25;7;2378
11;2025-12-25;8;3179
11;2025-12-25;9;2482
11;2025-12-25;10;1889
11;2025-12-25;11;1842
11;2025-12-25;12;1863
11;2025-12-25;13;2035
11;2025-12-25;14;1989
11;2025-12-25;15;2126
11;2025-12-25;16;2326
11;2025-12-25;17;2855
11;2025-12-25;18;3139
11;2025-12-25;19;2294
11;2025-12-25;20;1523
11;2025-12-25;21;915
11;2025-12-25;22;468
11;2025-12-25;23;237
11;2025-12-26;0;81
11;2025-12-26;1;3
11;2025-12-26;2;0
11;2025-12-26;3;0
11;2025-12-26;4;6
11;2025-12-26;5;320
11;2025-12-26;6;1321
11;2025-12-26;7;2301
11;2025-12-26;8;3102
11;2025-12-26;9;2401
11;2025-12-26;10;1839
11;2025-12-26;11;1825
11;2025-12-26;12;1861
11;2025-12-26;13;2018
11;2025-12-26;14;2049
11;2025-12-26;15;2161
11;2025-12-26;16;2389
11;2025-12-26;17;2886
11;2025-12-26;18;2748
11;2025-12-26;19;2182
11;2025-12-26;20;1472
11;2025-12-26;21;905
11;2025-12-26;22;467
11;2025-12-26;23;270
11;2025-12-27;0;99
11;2025-12-27;1;4
11;2025-12-27;2;0
11;2025-12-27;3;0
11;2025-12-27;4;5
11;2025-12-27;5;203
11;2025-12-27;6;738
11;2025-12-27;7;702
11;2025-12-27;8;942
11;2025-12-27;9;1122
11;2025-12-27;10;1207
11;2025-12-27;11;1584
11;2025-12-27;12;1753
11;2025-12-27;13;1763
11;2025-12-27;14;1802
11;2025-12-27;15;1821
11;2025-12-27;16;1765
11;2025-12-27;17;1781
11;2025-12-27;18;1508
11;2025-12-27;19;1395
11;2025-12-27;20;1057
11;2025-12-27;21;741
11;2025-12-27;22;434
11;2025-12-27;23;308
11;2025-12-28;0;108
11;2025-12-28;1;9
11;2025-12-28;2;0
11;2025-12-28;3;0
11;2025-12-28;4;4
11;2025-12-28;5;122
11;2025-12-28;6;455
11;2025-12-28;7;476
11;2025-12-28;8;662
11;2025-12-28;9;934
11;2025-12-28;10;1050
11;2025-12-28;11;1461
11;2025-12-28;12;1641
11;2025-12-28;13;1602
11;2025-12-28;14;1657
11;2025-12-28;15;1725
11;2025-12-28;16;1627
11;2025-12-28;17;1651
11;2025-12-28;18;1310
11;2025-12-28;19;1136
11;2025-12-28;20;925
11;2025-12-28;21;628
11;2025-12-28;22;387
11;2025-12-28;23;235
11;2025-12-29;0;80
11;2025-12-29;1;4
11;2025-12-29;2;0
11;2025-12-29;3;0
11;2025-12-29;4;6
11;2025-12-29;5;314
11;2025-12-29;6;1308
11;2025-12-29;7;2340
11;2025-12-29;8;3143
11;2025-12-29;9;2425
11;2025-12-29;10;1789
11;2025-12-29;11;1772
11;2025-12-29;12;1776
11;2025-12-29;13;1944
11;2025-12-29;14;1920
11;2025-12-29;15;2043
11;2025-12-29;16;2275
11;2025-12-29;17;2821
11;2025-12-29;18;3081
11;2025-12-29;19;2221
11;2025-12-29;20;1476
11;2025-12-29;21;867
11;2025-12-29;22;426
11;2025-12-29;23;206
11;2025-12-30;0;67
11;2025-12-30;1;2
11;2025-12-30;2;0
11;2025-12-30;3;0
11;2025-12-30;4;6
11;2025-12-30;5;311
11;2025-12-30;6;1332
11;2025-12-30;7;2374
11;2025-12-30;8;3184
11;2025-12-30;9;2479
11;2025-12-30;10;1875
11;2025-12-30;11;1833
11;2025-12-30;12;1851
11;2025-12-30;13;2035
11;2025-12-30;14;1991
11;2025-12-30;15;2124
11;2025-12-30;16;2327
11;2025-12-30;17;2856
11;2025-12-30;18;3131
11;2025-12-30;19;2287
11;2025-12-30;20;1523
11;2025-12-30;21;899
11;2025-12-30;22;450
11;2025-12-30;23;214
11;2025-12-31;0;72
11;2025-12-31;1;5
11;2025-12-31;2;0
11;2025-12-31;3;0
11;2025-12-31;4;6
11;2025-12-31;5;228
11;2025-12-31;6;524
11;2025-12-31;7;695
11;2025-12-31;8;1064
11;2025-12-31;9;986
11;2025-12-31;10;945
11;2025-12-31;11;1109
11;2025-12-31;12;1312
11;2025-12-31;13;1250
11;2025-12-31;14;1292
11;2025-12-31;15;1418
11;2025-12-31;16;1333
11;2025-12-31;17;1407
11;2025-12-31;18;1456
11;2025-12-31;19;1110
11;2025-12-31;20;965
11;2025-12-31;21;577
11;2025-12-31;22;404
11;2025-12-31;23;216
12;2025-11-01;0;101
12;2025-11-01;1;41
12;2025-11-01;2;0
12;2025-11-01;3;0
12;2025-11-01;4;0
12;2025-11-01;5;354
12;2025-11-01;6;895
12;2025-11-01;7;1272
12;2025-11-01;8;2982
12;2025-11-01;9;2464
12;2025-11-01;10;2135
12;2025-11-01;11;2292
12;2025-11-01;12;2329
12;2025-11-01;13;2576
12;2025-11-01;14;2471
12;2025-11-01;15;2731
12;2025-11-01;16;2969
12;2025-11-01;17;2985
12;2025-11-01;18;2918
12;2025-11-01;19;2524
12;2025-11-01;20;1581
12;2025-11-01;21;838
12;2025-11-01;22;506
12;2025-11-01;23;302
12;2025-11-02;0;89
12;2025-11-02;1;5
12;2025-11-02;2;0
12;2025-11-02;3;0
12;2025-11-02;4;2
12;2025-11-02;5;187
12;2025-11-02;6;577
12;2025-11-02;7;664
12;2025-11-02;8;758
12;2025-11-02;9;950
12;2025-11-02;10;1167
12;2025-11-02;11;1395
12;2025-11-02;12;1432
12;2025-11-02;13;1712
12;2025-11-02;14;1576
12;2025-11-02;15;1447
12;2025-11-02;16;1555
12;2025-11-02;17;1502
12;2025-11-02;18;1286
12;2025-11-02;19;1058
12;2025-11-02;20;806
12;2025-11-02;21;598
12;2025-11-02;22;403
12;2025-11-02;23;217
12;2025-11-03;0;64
12;2025-11-03;1;1
12;2025-11-03;2;0
12;2025-11-03;3;0
12;2025-11-03;4;0
12;2025-11-03;5;235
12;2025-11-03;6;715
12;2025-11-03;7;935
12;2025-11-03;8;1303
12;2025-11-03;9;1004
12;2025-11-03;10;1097
12;2025-11-03;11;1272
12;2025-11-03;12;1278
12;2025-11-03;13;1420
12;2025-11-03;14;1347
12;2025-11-03;15;1325
12;2025-11-03;16;1428
12;2025-11-03;17;1429
12;2025-11-03;18;1653
12;2025-11-03;19;1129
12;2025-11-03;20;891
12;2025-11-03;21;591
12;2025-11-03;22;374
12;2025-11-03;23;206
12;2025-11-04;0;56
12;2025-11-04;1;6
12;2025-11-04;2;0
12;2025-11-04;3;0
12;2025-11-04;4;10
12;2025-11-04;5;180
12;2025-11-04;6;661
12;2025-11-04;7;669
12;2025-11-04;8;740
12;2025-11-04;9;882
12;2025-11-04;10;1012
12;2025-11-04;11;1226
12;2025-11-04;12;1240
12;2025-11-04;13;1433
12;2025-11-04;14;1354
12;2025-11-04;15;1264
12;2025-11-04;16;1425
12;2025-11-04;17;1335
12;2025-11-04;18;1297
12;2025-11-04;19;1077
12;2025-11-04;20;827
12;2025-11-04;21;573
12;2025-11-04;22;363
12;2025-11-04;23;217
12;2025-11-05;0;54
12;2025-11-05;1;1
12;2025-11-05;2;0
12;2025-11-05;3;0
12;2025-11-05;4;8
12;2025-11-05;5;368
12;2025-11-05;6;1507
12;2025-11-05;7;2726
12;2025-11-05;8;3572
12;2025-11-05;9;2551
12;2025-11-05;10;2108
12;2025-11-05;11;2071
12;2025-11-05;12;2128
12;2025-11-05;13;2116
12;2025-11-05;14;2098
12;2025-11-05;15;2360
12;2025-11-05;16;2849
12;2025-11-05;17;3109
12;2025-11-05;18;3276
12;2025-11-05;19;2509
12;2025-11-05;20;1608
12;2025-11-05;21;1001
12;2025-11-05;22;518
12;2025-11-05;23;276
12;2025-11-06;0;58
12;2025-11-06;1;1
12;2025-11-06;2;0
12;2025-11-06;3;0
12;2025-11-06;4;8
12;2025-11-06;5;369
12;2025-11-06;6;1503
12;2025-11-06;7;2747
12;2025-11-06;8;3592
12;2025-11-06;9;2544
12;2025-11-06;10;2109
12;2025-11-06;11;2078
12;2025-11-06;12;2127
12;2025-11-06;13;2116
12;2025-11-06;14;2100
12;2025-11-06;15;2367
12;2025-11-06;16;2842
12;2025-11-06;17;3112
12;2025-11-06;18;3280
12;2025-11-06;19;2527
12;2025-11-06;20;1618
12;2025-11-06;21;999
12;2025-11-06;22;520
12;2025-11-06;23;283
12;2025-11-07;0;58
12;2025-11-07;1;3
12;2025-11-07;2;0
12;2025-11-07;3;0
12;2025-11-07;4;7
12;2025-11-07;5;348
12;2025-11-07;6;1485
12;2025-11-07;7;2665
12;2025-11-07;8;3483
12;2025-11-07;9;2473
12;2025-11-07;10;2040
12;2025-11-07;11;2058
12;2025-11-07;12;2126
12;2025-11-07;13;2119
12;2025-11-07;14;2094
12;2025-11-07;15;2402
12;2025-11-07;16;2904
12;2025-11-07;17;3073
12;2025-11-07;18;2835
12;2025-11-07;19;2411
12;2025-11-07;20;1549
12;2025-11-07;21;1011
12;2025-11-07;22;545
12;2025-11-07;23;312
12;2025-11-08;0;86
12;2025-11-08;1;3
12;2025-11-08;2;0
12;2025-11-08;3;0
12;2025-11-08;4;2
12;2025-11-08;5;280
12;2025-11-08;6;862
12;2025-11-08;7;929
12;2025-11-08;8;1011
12;2025-11-08;9;1154
12;2025-11-08;10;1363
12;2025-11-08;11;1580
12;2025-11-08;12;1581
12;2025-11-08;13;1854
12;2025-11-08;14;1678
12;2025-11-08;15;1591
12;2025-11-08;16;1650
12;2025-11-08;17;1606
12;2025-11-08;18;1493
12;2025-11-08;19;1399
12;2025-11-08;20;971
12;2025-11-08;21;726
12;2025-11-08;22;426
12;2025-11-08;23;282
12;2025-11-09;0;89
12;2025-11-09;1;5
12;2025-11-09;2;0
12;2025-11-09;3;0
12;2025-11-09;4;2
12;2025-11-09;5;187
12;2025-11-09;6;577
12;2025-11-09;7;664
12;2025-11-09;8;758
12;2025-11-09;9;950
12;2025-11-09;10;1167
12;2025-11-09;11;1395
12;2025-11-09;12;1432
12;2025-11-09;13;1712
12;2025-11-09;14;1576
12;2025-11-09;15;1447
12;2025-11-09;16;1555
12;2025-11-09;17;1502
12;2025-11-09;18;1286
12;2025-11-09;19;1058
12;2025-11-09;20;806
12;2025-11-09;21;598
12;2025-11-09;22;403
12;2025-11-09;23;217
12;2025-11-10;0;63
12;2025-11-10;1;3
12;2025-11-10;2;0
12;2025-11-10;3;0
12;2025-11-10;4;7
12;2025-11-10;5;354
12;2025-11-10;6;1460
12;2025-11-10;7;2699
12;2025-11-10;8;3542
12;2025-11-10;9;2488
12;2025-11-10;10;2026
12;2025-11-10;11;1973
12;2025-11-10;12;2067
12;2025-11-10;13;2047
12;2025-11-10;14;2034
12;2025-11-10;15;2290
12;2025-11-10;16;2783
12;2025-11-10;17;3060
12;2025-11-10;18;3226
12;2025-11-10;19;2422
12;2025-11-10;20;1552
12;2025-11-10;21;953
12;2025-11-10;22;475
12;2025-11-10;23;253
12;2025-11-11;0;48
12;2025-11-11;1;0
12;2025-11-11;2;0
12;2025-11-11;3;0
12;2025-11-11;4;8
12;2025-11-11;5;364
12;2025-11-11;6;1497
12;2025-11-11;7;2754
12;2025-11-11;8;3601
12;2025-11-11;9;2544
12;2025-11-11;10;2111
12;2025-11-11;11;2077
12;2025-11-11;12;2113
12;2025-11-11;13;2118
12;2025-11-11;14;2098
12;2025-11-11;15;2351
12;2025-11-11;16;2844
12;2025-11-11;17;3111
12;2025-11-11;18;3287
12;2025-11-11;19;2519
12;2025-11-11;20;1599
12;2025-11-11;21;986
12;2025-11-11;22;516
12;2025-11-11;23;261
12;2025-11-12;0;54
12;2025-11-12;1;1
12;2025-11-12;2;0
12;2025-11-12;3;0
12;2025-11-12;4;8
12;2025-11-12;5;368
12;2025-11-12;6;1507
12;2025-11-12;7;2726
12;2025-11-12;8;3572
12;2025-11-12;9;2551
12;2025-11-12;10;2108
12;2025-11-12;11;2071
12;2025-11-12;12;2128
12;2025-11-12;13;2116
12;2025-11-12;14;2098
12;2025-11-12;15;2360
12;2025-11-12;16;2849
12;2025-11-12;17;3109
12;2025-11-12;18;3276
12;2025-11-12;19;2509
12;2025-11-12;20;1608
12;2025-11-12;21;1001
12;2025-11-12;22;518
12;2025-11-12;23;276
12;2025-11-13;0;58
12;2025-11-13;1;1
12;2025-11-13;2;0
12;2025-11-13;3;0
12;2025-11-13;4;8
12;2025-11-13;5;369
12;2025-11-13;6;1503
12;2025-11-13;7;2747
12;2025-11-13;8;3592
12;2025-11-13;9;2544
12;2025-11-13;10;2109
12;2025-11-13;11;2078
12;2025-11-13;12;2127
12;2025-11-13;13;2116
12;2025-11-13;14;2100
12;2025-11-13;15;2367
12;2025-11-13;16;2842
12;2025-11-13;17;3112
12;2025-11-13;18;3280
12;2025-11-13;19;2527
12;2025-11-13;20;1618
12;2025-11-13;21;999
12;2025-11-13;22;520
12;2025-11-13;23;283
12;2025-11-14;0;58
12;2025-11-14;1;3
12;2025-11-14;2;0
12;2025-11-14;3;0
12;2025-11-14;4;7
12;2025-11-14;5;348
12;2025-11-14;6;1485
12;2025-11-14;7;2665
12;2025-11-14;8;3483
12;2025-11-14;9;2473
12;2025-11-14;10;2040
12;2025-11-14;11;2058
12;2025-11-14;12;2126
12;2025-11-14;13;2119
12;2025-11-14;14;2094
12;2025-11-14;15;2402
12;2025-11-14;16;2904
12;2025-11-14;17;3073
12;2025-11-14;18;2835
12;2025-11-14;19;2411
12;2025-11-14;20;1549
12;2025-11-14;21;1011
12;2025-11-14;22;545
12;2025-11-14;23;312
12;2025-11-15;0;86
12;2025-11-15;1;3
12;2025-11-15;2;0
12;2025-11-15;3;0
12;2025-11-15;4;2
12;2025-11-15;5;280
12;2025-11-15;6;862
12;2025-11-15;7;929
12;2025-11-15;8;1011
12;2025-11-15;9;1154
12;2025-11-15;10;1363
12;2025-11-15;11;1580
12;2025-11-15;12;1581
12;2025-11-15;13;1854
12;2025-11-15;14;1678
12;2025-11-15;15;1591
12;2025-11-15;16;1650
12;2025-11-15;17;1606
12;2025-11-15;18;1493
12;2025-11-15;19;1399
12;2025-11-15;20;971
12;2025-11-15;21;726
12;2025-11-15;22;426
12;2025-11-15;23;282
12;2025-11-16;0;89
12;2025-11-16;1;5
12;2025-11-16;2;0
12;2025-11-16;3;0
12;2025-11-16;4;2
12;2025-11-16;5;187
12;2025-11-16;6;577
12;2025-11-16;7;664
12;2025-11-16;8;758
12;2025-11-16;9;950
12;2025-11-16;10;1167
12;2025-11-16;11;1395
12;2025-11-16;12;1432
12;2025-11-16;13;1712
12;2025-11-16;14;1576
12;2025-11-16;15;1447
12;2025-11-16;16;1555
12;2025-11-16;17;1502
12;2025-11-16;18;1286
12;2025-11-16;19;1058
12;2025-11-16;20;806
12;2025-11-16;21;598
12;2025-11-16;22;403
12;2025-11-16;23;217
12;2025-11-17;0;63
12;2025-11-17;1;3
12;2025-11-17;2;0
12;2025-11-17;3;0
12;2025-11-17;4;7
12;2025-11-17;5;354
12;2025-11-17;6;1460
12;2025-11-17;7;2699
12;2025-11-17;8;3542
12;2025-11-17;9;2488
12;2025-11-17;10;2026
12;2025-11-17;11;1973
12;2025-11-17;12;2067
12;2025-11-17;13;2047
12;2025-11-17;14;2034
12;2025-11-17;15;2290
12;2025-11-17;16;2783
12;2025-11-17;17;3060
12;2025-11-17;18;3226
12;2025-11-17;19;2422
12;2025-11-17;20;1552
12;2025-11-17;21;953
12;2025-11-17;22;475
12;2025-11-17;23;253
12;2025-11-18;0;48
12;2025-11-18;1;0
12;2025-11-18;2;0
12;2025-11-18;3;0
12;2025-11-18;4;8
12;2025-11-18;5;364
12;2025-11-18;6;1497
12;2025-11-18;7;2754
12;2025-11-18;8;3601
12;2025-11-18;9;2544
12;2025-11-18;10;2111
12;2025-11-18;11;2077
12;2025-11-18;12;2113
12;2025-11-18;13;2118
12;2025-11-18;14;2098
12;2025-11-18;15;2351
12;2025-11-18;16;2844
12;2025-11-18;17;3111
12;2025-11-18;18;3287
12;2025-11-18;19;2519
12;2025-11-18;20;1599
12;2025-11-18;21;986
12;2025-11-18;22;516
12;2025-11-18;23;261
12;2025-11-19;0;54
12;2025-11-19;1;1
12;2025-11-19;2;0
12;2025-11-19;3;0
12;2025-11-19;4;8
12;2025-11-19;5;368
12;2025-11-19;6;1507
12;2025-11-19;7;2726
12;2025-11-19;8;3572
12;2025-11-19;9;2551
12;2025-11-19;10;2108
12;2025-11-19;11;2071
12;2025-11-19;12;2128
12;2025-11-19;13;2116
12;2025-11-19;14;2098
12;2025-11-19;15;2360
12;2025-11-19;16;2849
12;2025-11-19;17;3109
12;2025-11-19;18;3276
12;2025-11-19;19;2509
12;2025-11-19;20;1608
12;2025-11-19;21;1001
12;2025-11-19;22;518
12;2025-11-19;23;276
12;2025-11-20;0;58
12;2025-11-20;1;1
12;2025-11-20;2;0
12;2025-11-20;3;0
12;2025-11-20;4;8
12;2025-11-20;5;369
12;2025-11-20;6;1503
12;2025-11-20;7;2747
12;2025-11-20;8;3592
12;2025-11-20;9;2544
12;2025-11-20;10;2109
12;2025-11-20;11;2078
12;2025-11-20;12;2127
12;2025-11-20;13;2116
12;2025-11-20;14;2100
12;2025-11-20;15;2367
12;2025-11-20;16;2842
12;2025-11-20;17;3112
12;2025-11-20;18;3280
12;2025-11-20;19;2527
12;2025-11-20;20;1618
12;2025-11-20;21;999
12;2025-11-20;22;520
12;2025-11-20;23;283
12;2025-11-21;0;58
12;2025-11-21;1;3
12;2025-11-21;2;0
12;2025-11-21;3;0
12;2025-11-21;4;7
12;2025-11-21;5;348
12;2025-11-21;6;1485
12;2025-11-21;7;2665
12;2025-11-21;8;3483
12;2025-11-21;9;2473
12;2025-11-21;10;2040
12;2025-11-21;11;2058
12;2025-11-21;12;2126
12;2025-11-21;13;2119
12;2025-11-21;14;2094
12;2025-11-21;15;2402
12;2025-11-21;16;2904
12;2025-11-21;17;3073
12;2025-11-21;18;2835
12;2025-11-21;19;2411
12;2025-11-21;20;1549
12;2025-11-21;21;1011
12;2025-11-21;22;545
12;2025-11-21;23;312
12;2025-11-22;0;86
12;2025-11-22;1;3
12;2025-11-22;2;0
12;2025-11-22;3;0
12;2025-11-22;4;2
12;2025-11-22;5;280
12;2025-11-22;6;862
12;2025-11-22;7;929
12;2025-11-22;8;1011
12;2025-11-22;9;1154
12;2025-11-22;10;1363
12;2025-11-22;11;1580
12;2025-11-22;12;1581
12;2025-11-22;13;1854
12;2025-11-22;14;1678
12;2025-11-22;15;1591
12;2025-11-22;16;1650
12;2025-11-22;17;1606
12;2025-11-22;18;1493
12;2025-11-22;19;1399
12;2025-11-22;20;971
12;2025-11-22;21;726
12;2025-11-22;22;426
12;2025-11-22;23;282
12;2025-11-23;0;89
12;2025-11-23;1;5
12;2025-11-23;2;0
12;2025-11-23;3;0
12;2025-11-23;4;2
12;2025-11-23;5;187
12;2025-11-23;6;577
12;2025-11-23;7;664
12;2025-11-23;8;758
12;2025-11-23;9;950
12;2025-11-23;10;1167
12;2025-11-23;11;1395
12;2025-11-23;12;1432
12;2025-11-23;13;1712
12;2025-11-23;14;1576
12;2025-11-23;15;1447
12;2025-11-23;16;1555
12;2025-11-23;17;1502
12;2025-11-23;18;1286
12;2025-11-23;19;1058
12;2025-11-23;20;806
12;2025-11-23;21;598
12;2025-11-23;22;403
12;2025-11-23;23;217
12;2025-11-24;0;63
12;2025-11-24;1;3
12;2025-11-24;2;0
12;2025-11-24;3;0
12;2025-11-24;4;7
12;2025-11-24;5;354
12;2025-11-24;6;1460
12;2025-11-24;7;2699
12;2025-11-24;8;3542
12;2025-11-24;9;2488
12;2025-11-24;10;2026
12;2025-11-24;11;1973
12;2025-11-24;12;2067
12;2025-11-24;13;2047
12;2025-11-24;14;2034
12;2025-11-24;15;2290
12;2025-11-24;16;2783
12;2025-11-24;17;3060
12;2025-11-24;18;3226
12;2025-11-24;19;2422
12;2025-11-24;20;1552
12;2025-11-24;21;953
12;2025-11-24;22;475
12;2025-11-24;23;253
12;2025-11-25;0;48
12;2025-11-25;1;0
12;2025-11-25;2;0
12;2025-11-25;3;0
12;2025-11-25;4;8
12;2025-11-25;5;364
12;2025-11-25;6;1497
12;2025-11-25;7;2754
12;2025-11-25;8;3601
12;2025-11-25;9;2544
12;2025-11-25;10;2111
12;2025-11-25;11;2077
12;2025-11-25;12;2113
12;2025-11-25;13;2118
12;2025-11-25;14;2098
12;2025-11-25;15;2351
12;2025-11-25;16;2844
12;2025-11-25;17;3111
12;2025-11-25;18;3287
12;2025-11-25;19;2519
12;2025-11-25;20;1599
12;2025-11-25;21;986
12;2025-11-25;22;516
12;2025-11-25;23;261
12;2025-11-26;0;54
12;2025-11-26;1;1
12;2025-11-26;2;0
12;2025-11-26;3;0
12;2025-11-26;4;8
12;2025-11-26;5;368
12;2025-11-26;6;1507
12;2025-11-26;7;2726
12;2025-11-26;8;3572
12;2025-11-26;9;2551
12;2025-11-26;10;2108
12;2025-11-26;11;2071
12;2025-11-26;12;2128
12;2025-11-26;13;2116
12;2025-11-26;14;2098
12;2025-11-26;15;2360
12;2025-11-26;16;2849
12;2025-11-26;17;3109
12;2025-11-26;18;3276
12;2025-11-26;19;2509
12;2025-11-26;20;1608
12;2025-11-26;21;1001
12;2025-11-26;22;518
12;2025-11-26;23;276
12;2025-11-27;0;58
12;2025-11-27;1;1
12;2025-11-27;2;0
12;2025-11-27;3;0
12;2025-11-27;4;8
12;2025-11-27;5;369
12;2025-11-27;6;1503
12;2025-11-27;7;2747
12;2025-11-27;8;3592
12;2025-11-27;9;2544
12;2025-11-27;10;2109
12;2025-11-27;11;2078
12;2025-11-27;12;2127
12;2025-11-27;13;2116
12;2025-11-27;14;2100
12;2025-11-27;15;2367
12;2025-11-27;16;2842
12;2025-11-27;17;3112
12;2025-11-27;18;3280
12;2025-11-27;19;2527
12;2025-11-27;20;1618
12;2025-11-27;21;999
12;2025-11-27;22;520
12;2025-11-27;23;283
12;2025-11-28;0;58
12;2025-11-28;1;3
12;2025-11-28;2;0
12;2025-11-28;3;0
12;2025-11-28;4;7
12;2025-11-28;5;348
12;2025-11-28;6;1485
12;2025-11-28;7;2665
12;2025-11-28;8;3483
12;2025-11-28;9;2473
12;2025-11-28;10;2040
12;2025-11-28;11;2058
12;2025-11-28;12;2126
12;2025-11-28;13;2119
12;2025-11-28;14;2094
12;2025-11-28;15;2402
12;2025-11-28;16;2904
12;2025-11-28;17;3073
12;2025-11-28;18;2835
12;2025-11-28;19;2411
12;2025-11-28;20;1549
12;2025-11-28;21;1011
12;2025-11-28;22;545
12;2025-11-28;23;312
12;2025-11-29;0;86
12;2025-11-29;1;3
12;2025-11-29;2;0
12;2025-11-29;3;0
12;2025-11-29;4;2
12;2025-11-29;5;280
12;2025-11-29;6;862
12;2025-11-29;7;929
12;2025-11-29;8;1011
12;2025-11-29;9;1154
12;2025-11-29;10;1363
12;2025-11-29;11;1580
12;2025-11-29;12;1581
12;2025-11-29;13;1854
12;2025-11-29;14;1678
12;2025-11-29;15;1591
12;2025-11-29;16;1650
12;2025-11-29;17;1606
12;2025-11-29;18;1493
12;2025-11-29;19;1399
12;2025-11-29;20;971
12;2025-11-29;21;726
12;2025-11-29;22;426
12;2025-11-29;23;282
12;2025-11-30;0;89
12;2025-11-30;1;5
12;2025-11-30;2;0
12;2025-11-30;3;0
12;2025-11-30;4;2
12;2025-11-30;5;187
12;2025-11-30;6;577
12;2025-11-30;7;664
12;2025-11-30;8;758
12;2025-11-30;9;950
12;2025-11-30;10;1167
12;2025-11-30;11;1395
12;2025-11-30;12;1432
12;2025-11-30;13;1712
12;2025-11-30;14;1576
12;2025-11-30;15;1447
12;2025-11-30;16;1555
12;2025-11-30;17;1502
12;2025-11-30;18;1286
12;2025-11-30;19;1058
12;2025-11-30;20;806
12;2025-11-30;21;598
12;2025-11-30;22;403
12;2025-11-30;23;217
12;2025-12-01;0;61
12;2025-12-01;1;4
12;2025-12-01;2;0
12;2025-12-01;3;0
12;2025-12-01;4;4
12;2025-12-01;5;318
12;2025-12-01;6;1356
12;2025-12-01;7;2660
12;2025-12-01;8;3535
12;2025-12-01;9;2424
12;2025-12-01;10;2014
12;2025-12-01;11;1911
12;2025-12-01;12;2021
12;2025-12-01;13;2005
12;2025-12-01;14;1988
12;2025-12-01;15;2253
12;2025-12-01;16;2769
12;2025-12-01;17;3022
12;2025-12-01;18;3190
12;2025-12-01;19;2392
12;2025-12-01;20;1503
12;2025-12-01;21;908
12;2025-12-01;22;436
12;2025-12-01;23;232
12;2025-12-02;0;49
12;2025-12-02;1;2
12;2025-12-02;2;0
12;2025-12-02;3;0
12;2025-12-02;4;5
12;2025-12-02;5;328
12;2025-12-02;6;1387
12;2025-12-02;7;2715
12;2025-12-02;8;3594
12;2025-12-02;9;2482
12;2025-12-02;10;2104
12;2025-12-02;11;2001
12;2025-12-02;12;2067
12;2025-12-02;13;2069
12;2025-12-02;14;2048
12;2025-12-02;15;2316
12;2025-12-02;16;2819
12;2025-12-02;17;3063
12;2025-12-02;18;3251
12;2025-12-02;19;2483
12;2025-12-02;20;1552
12;2025-12-02;21;943
12;2025-12-02;22;486
12;2025-12-02;23;240
12;2025-12-03;0;55
12;2025-12-03;1;2
12;2025-12-03;2;0
12;2025-12-03;3;0
12;2025-12-03;4;6
12;2025-12-03;5;330
12;2025-12-03;6;1391
12;2025-12-03;7;2687
12;2025-12-03;8;3565
12;2025-12-03;9;2483
12;2025-12-03;10;2101
12;2025-12-03;11;1991
12;2025-12-03;12;2075
12;2025-12-03;13;2064
12;2025-12-03;14;2046
12;2025-12-03;15;2321
12;2025-12-03;16;2821
12;2025-12-03;17;3057
12;2025-12-03;18;3239
12;2025-12-03;19;2470
12;2025-12-03;20;1555
12;2025-12-03;21;952
12;2025-12-03;22;491
12;2025-12-03;23;253
12;2025-12-04;0;58
12;2025-12-04;1;2
12;2025-12-04;2;0
12;2025-12-04;3;0
12;2025-12-04;4;5
12;2025-12-04;5;331
12;2025-12-04;6;1390
12;2025-12-04;7;2708
12;2025-12-04;8;3585
12;2025-12-04;9;2476
12;2025-12-04;10;2102
12;2025-12-04;11;1999
12;2025-12-04;12;2071
12;2025-12-04;13;2059
12;2025-12-04;14;2048
12;2025-12-04;15;2324
12;2025-12-04;16;2814
12;2025-12-04;17;3061
12;2025-12-04;18;3243
12;2025-12-04;19;2482
12;2025-12-04;20;1566
12;2025-12-04;21;950
12;2025-12-04;22;497
12;2025-12-04;23;260
12;2025-12-05;0;59
12;2025-12-05;1;2
12;2025-12-05;2;0
12;2025-12-05;3;0
12;2025-12-05;4;5
12;2025-12-05;5;313
12;2025-12-05;6;1378
12;2025-12-05;7;2640
12;2025-12-05;8;3473
12;2025-12-05;9;2406
12;2025-12-05;10;2027
12;2025-12-05;11;1987
12;2025-12-05;12;2070
12;2025-12-05;13;2066
12;2025-12-05;14;2045
12;2025-12-05;15;2357
12;2025-12-05;16;2884
12;2025-12-05;17;3030
12;2025-12-05;18;2809
12;2025-12-05;19;2369
12;2025-12-05;20;1501
12;2025-12-05;21;967
12;2025-12-05;22;533
12;2025-12-05;23;291
12;2025-12-06;0;90
12;2025-12-06;1;8
12;2025-12-06;2;0
12;2025-12-06;3;0
12;2025-12-06;4;2
12;2025-12-06;5;230
12;2025-12-06;6;752
12;2025-12-06;7;867
12;2025-12-06;8;962
12;2025-12-06;9;1106
12;2025-12-06;10;1367
12;2025-12-06;11;1478
12;2025-12-06;12;1484
12;2025-12-06;13;1779
12;2025-12-06;14;1609
12;2025-12-06;15;1524
12;2025-12-06;16;1604
12;2025-12-06;17;1542
12;2025-12-06;18;1406
12;2025-12-06;19;1339
12;2025-12-06;20;920
12;2025-12-06;21;647
12;2025-12-06;22;429
12;2025-12-06;23;268
12;2025-12-07;0;93
12;2025-12-07;1;8
12;2025-12-07;2;0
12;2025-12-07;3;0
12;2025-12-07;4;2
12;2025-12-07;5;141
12;2025-12-07;6;421
12;2025-12-07;7;577
12;2025-12-07;8;726
12;2025-12-07;9;920
12;2025-12-07;10;1170
12;2025-12-07;11;1313
12;2025-12-07;12;1355
12;2025-12-07;13;1648
12;2025-12-07;14;1518
12;2025-12-07;15;1395
12;2025-12-07;16;1533
12;2025-12-07;17;1461
12;2025-12-07;18;1216
12;2025-12-07;19;1012
12;2025-12-07;20;761
12;2025-12-07;21;529
12;2025-12-07;22;377
12;2025-12-07;23;205
12;2025-12-08;0;61
12;2025-12-08;1;4
12;2025-12-08;2;0
12;2025-12-08;3;0
12;2025-12-08;4;4
12;2025-12-08;5;318
12;2025-12-08;6;1356
12;2025-12-08;7;2660
12;2025-12-08;8;3535
12;2025-12-08;9;2424
12;2025-12-08;10;2014
12;2025-12-08;11;1911
12;2025-12-08;12;2021
12;2025-12-08;13;2005
12;2025-12-08;14;1988
12;2025-12-08;15;2253
12;2025-12-08;16;2769
12;2025-12-08;17;3022
12;2025-12-08;18;3190
12;2025-12-08;19;2392
12;2025-12-08;20;1503
12;2025-12-08;21;908
12;2025-12-08;22;436
12;2025-12-08;23;232
12;2025-12-09;0;49
12;2025-12-09;1;2
12;2025-12-09;2;0
12;2025-12-09;3;0
12;2025-12-09;4;5
12;2025-12-09;5;328
12;2025-12-09;6;1387
12;2025-12-09;7;2715
12;2025-12-09;8;3594
12;2025-12-09;9;2482
12;2025-12-09;10;2104
12;2025-12-09;11;2001
12;2025-12-09;12;2067
12;2025-12-09;13;2069
12;2025-12-09;14;2048
12;2025-12-09;15;2316
12;2025-12-09;16;2819
12;2025-12-09;17;3063
12;2025-12-09;18;3251
12;2025-12-09;19;2483
12;2025-12-09;20;1552
12;2025-12-09;21;943
12;2025-12-09;22;486
12;2025-12-09;23;240
12;2025-12-10;0;55
12;2025-12-10;1;2
12;2025-12-10;2;0
12;2025-12-10;3;0
12;2025-12-10;4;6
12;2025-12-10;5;330
12;2025-12-10;6;1391
12;2025-12-10;7;2687
12;2025-12-10;8;3565
12;2025-12-10;9;2483
12;2025-12-10;10;2101
12;2025-12-10;11;1991
12;2025-12-10;12;2075
12;2025-12-10;13;2064
12;2025-12-10;14;2046
12;2025-12-10;15;2321
12;2025-12-10;16;2821
12;2025-12-10;17;3057
12;2025-12-10;18;3239
12;2025-12-10;19;2470
12;2025-12-10;20;1555
12;2025-12-10;21;952
12;2025-12-10;22;491
12;2025-12-10;23;253
12;2025-12-11;0;58
12;2025-12-11;1;2
12;2025-12-11;2;0
12;2025-12-11;3;0
12;2025-12-11;4;5
12;2025-12-11;5;331
12;2025-12-11;6;1390
12;2025-12-11;7;2708
12;2025-12-11;8;3585
12;2025-12-11;9;2476
12;2025-12-11;10;2102
12;2025-12-11;11;1999
12;2025-12-11;12;2071
12;2025-12-11;13;2059
12;2025-12-11;14;2048
12;2025-12-11;15;2324
12;2025-12-11;16;2814
12;2025-12-11;17;3061
12;2025-12-11;18;3243
12;2025-12-11;19;2482
12;2025-12-11;20;1566
12;2025-12-11;21;950
12;2025-12-11;22;497
12;2025-12-11;23;260
12;2025-12-12;0;59
12;2025-12-12;1;2
12;2025-12-12;2;0
12;2025-12-12;3;0
12;2025-12-12;4;5
12;2025-12-12;5;313
12;2025-12-12;6;1378
12;2025-12-12;7;2640
12;2025-12-12;8;3473
12;2025-12-12;9;2406
12;2025-12-12;10;2027
12;2025-12-12;11;1987
12;2025-12-12;12;2070
12;2025-12-12;13;2066
12;2025-12-12;14;2045
12;2025-12-12;15;2357
12;2025-12-12;16;2884
12;2025-12-12;17;3030
12;2025-12-12;18;2809
12;2025-12-12;19;2369
12;2025-12-12;20;1501
12;2025-12-12;21;967
12;2025-12-12;22;533
12;2025-12-12;23;291
12;2025-12-13;0;90
12;2025-12-13;1;8
12;2025-12-13;2;0
12;2025-12-13;3;0
12;2025-12-13;4;2
12;2025-12-13;5;230
12;2025-12-13;6;752
12;2025-12-13;7;867
12;2025-12-13;8;962
12;2025-12-13;9;1106
12;2025-12-13;10;1367
12;2025-12-13;11;1478
12;2025-12-13;12;1484
12;2025-12-13;13;1779
12;2025-12-13;14;1609
12;2025-12-13;15;1524
12;2025-12-13;16;1604
12;2025-12-13;17;1542
12;2025-12-13;18;1406
12;2025-12-13;19;1339
12;2025-12-13;20;920
12;2025-12-13;21;647
12;2025-12-13;22;429
12;2025-12-13;23;268
12;2025-12-14;0;93
12;2025-12-14;1;8
12;2025-12-14;2;0
12;2025-12-14;3;0
12;2025-12-14;4;2
12;2025-12-14;5;141
12;2025-12-14;6;421
12;2025-12-14;7;577
12;2025-12-14;8;726
12;2025-12-14;9;920
12;2025-12-14;10;1170
12;2025-12-14;11;1313
12;2025-12-14;12;1355
12;2025-12-14;13;1648
12;2025-12-14;14;1518
12;2025-12-14;15;1395
12;2025-12-14;16;1533
12;2025-12-14;17;1461
12;2025-12-14;18;1216
12;2025-12-14;19;1012
12;2025-12-14;20;761
12;2025-12-14;21;529
12;2025-12-14;22;377
12;2025-12-14;23;205
12;2025-12-15;0;61
12;2025-12-15;1;4
12;2025-12-15;2;0
12;2025-12-15;3;0
12;2025-12-15;4;4
12;2025-12-15;5;318
12;2025-12-15;6;1356
12;2025-12-15;7;2660
12;2025-12-15;8;3535
12;2025-12-15;9;2424
12;2025-12-15;10;2014
12;2025-12-15;11;1911
12;2025-12-15;12;2021
12;2025-12-15;13;2005
12;2025-12-15;14;1988
12;2025-12-15;15;2253
12;2025-12-15;16;2769
12;2025-12-15;17;3022
12;2025-12-15;18;3190
12;2025-12-15;19;2392
12;2025-12-15;20;1503
12;2025-12-15;21;908
12;2025-12-15;22;436
12;2025-12-15;23;232
12;2025-12-16;0;49
12;2025-12-16;1;2
12;2025-12-16;2;0
12;2025-12-16;3;0
12;2025-12-16;4;5
12;2025-12-16;5;328
12;2025-12-16;6;1387
12;2025-12-16;7;2715
12;2025-12-16;8;3594
12;2025-12-16;9;2482
12;2025-12-16;10;2104
12;2025-12-16;11;2001
12;2025-12-16;12;2067
12;2025-12-16;13;2069
12;2025-12-16;14;2048
12;2025-12-16;15;2316
12;2025-12-16;16;2819
12;2025-12-16;17;3063
12;2025-12-16;18;3251
12;2025-12-16;19;2483
12;2025-12-16;20;1552
12;2025-12-16;21;943
12;2025-12-16;22;486
12;2025-12-16;23;240
12;2025-12-17;0;55
12;2025-12-17;1;2
12;2025-12-17;2;0
12;2025-12-17;3;0
12;2025-12-17;4;6
12;2025-12-17;5;330
12;2025-12-17;6;1391
12;2025-12-17;7;2687
12;2025-12-17;8;3565
12;2025-12-17;9;2483
12;2025-12-17;10;2101
12;2025-12-17;11;1991
12;2025-12-17;12;2075
12;2025-12-17;13;2064
12;2025-12-17;14;2046
12;2025-12-17;15;2321
12;2025-12-17;16;2821
12;2025-12-17;17;3057
12;2025-12-17;18;3239
12;2025-12-17;19;2470
12;2025-12-17;20;1555
12;2025-12-17;21;952
12;2025-12-17;22;491
12;2025-12-17;23;253
12;2025-12-18;0;58
12;2025-12-18;1;2
12;2025-12-18;2;0
12;2025-12-18;3;0
12;2025-12-18;4;5
12;2025-12-18;5;331
12;2025-12-18;6;1390
12;2025-12-18;7;2708
12;2025-12-18;8;3585
12;2025-12-18;9;2476
12;2025-12-18;10;2102
12;2025-12-18;11;1999
12;2025-12-18;12;2071
12;2025-12-18;13;2059
12;2025-12-18;14;2048
12;2025-12-18;15;2324
12;2025-12-18;16;2814
12;2025-12-18;17;3061
12;2025-12-18;18;3243
12;2025-12-18;19;2482
12;2025-12-18;20;1566
12;2025-12-18;21;950
12;2025-12-18;22;497
12;2025-12-18;23;260
12;2025-12-19;0;59
12;2025-12-19;1;2
12;2025-12-19;2;0
12;2025-12-19;3;0
12;2025-12-19;4;5
12;2025-12-19;5;313
12;2025-12-19;6;1378
12;2025-12-19;7;2640
12;2025-12-19;8;3473
12;2025-12-19;9;2406
12;2025-12-19;10;2027
12;2025-12-19;11;1987
12;2025-12-19;12;2070
12;2025-12-19;13;2066
12;2025-12-19;14;2045
12;2025-12-19;15;2357
12;2025-12-19;16;2884
12;2025-12-19;17;3030
12;2025-12-19;18;2809
12;2025-12-19;19;2369
12;2025-12-19;20;1501
12;2025-12-19;21;967
12;2025-12-19;22;533
12;2025-12-19;23;291
12;2025-12-20;0;90
12;2025-12-20;1;8
12;2025-12-20;2;0
12;2025-12-20;3;0
12;2025-12-20;4;2
12;2025-12-20;5;230
12;2025-12-20;6;752
12;2025-12-20;7;867
12;2025-12-20;8;962
12;2025-12-20;9;1106
12;2025-12-20;10;1367
12;2025-12-20;11;1478
12;2025-12-20;12;1484
12;2025-12-20;13;1779
12;2025-12-20;14;1609
12;2025-12-20;15;1524
12;2025-12-20;16;1604
12;2025-12-20;17;1542
12;2025-12-20;18;1406
12;2025-12-20;19;1339
12;2025-12-20;20;920
12;2025-12-20;21;647
12;2025-12-20;22;429
12;2025-12-20;23;268
12;2025-12-21;0;93
12;2025-12-21;1;8
12;2025-12-21;2;0
12;2025-12-21;3;0
12;2025-12-21;4;2
12;2025-12-21;5;141
12;2025-12-21;6;421
12;2025-12-21;7;577
12;2025-12-21;8;726
12;2025-12-21;9;920
12;2025-12-21;10;1170
12;2025-12-21;11;1313
12;2025-12-21;12;1355
12;2025-12-21;13;1648
12;2025-12-21;14;1518
12;2025-12-21;15;1395
12;2025-12-21;16;1533
12;2025-12-21;17;1461
12;2025-12-21;18;1216
12;2025-12-21;19;1012
12;2025-12-21;20;761
12;2025-12-21;21;529
12;2025-12-21;22;377
12;2025-12-21;23;205
12;2025-12-22;0;61
12;2025-12-22;1;4
12;2025-12-22;2;0
12;2025-12-22;3;0
12;2025-12-22;4;4
12;2025-12-22;5;318
12;2025-12-22;6;1356
12;2025-12-22;7;2660
12;2025-12-22;8;3535
12;2025-12-22;9;2424
12;2025-12-22;10;2014
12;2025-12-22;11;1911
12;2025-12-22;12;2021
12;2025-12-22;13;2005
12;2025-12-22;14;1988
12;2025-12-22;15;2253
12;2025-12-22;16;2769
12;2025-12-22;17;3022
12;2025-12-22;18;3190
12;2025-12-22;19;2392
12;2025-12-22;20;1503
12;2025-12-22;21;908
12;2025-12-22;22;436
12;2025-12-22;23;232
12;2025-12-23;0;49
12;2025-12-23;1;2
12;2025-12-23;2;0
12;2025-12-23;3;0
12;2025-12-23;4;5
12;2025-12-23;5;328
12;2025-12-23;6;1387
12;2025-12-23;7;2715
12;2025-12-23;8;3594
12;2025-12-23;9;2482
12;2025-12-23;10;2104
12;2025-12-23;11;2001
12;2025-12-23;12;2067
12;2025-12-23;13;2069
12;2025-12-23;14;2048
12;2025-12-23;15;2316
12;2025-12-23;16;2819
12;2025-12-23;17;3063
12;2025-12-23;18;3251
12;2025-12-23;19;2483
12;2025-12-23;20;1552
12;2025-12-23;21;943
12;2025-12-23;22;486
12;2025-12-23;23;240
12;2025-12-24;0;55
12;2025-12-24;1;2
12;2025-12-24;2;0
12;2025-12-24;3;0
12;2025-12-24;4;6
12;2025-12-24;5;330
12;2025-12-24;6;1391
12;2025-12-24;7;2687
12;2025-12-24;8;3565
12;2025-12-24;9;2483
12;2025-12-24;10;2101
12;2025-12-24;11;1991
12;2025-12-24;12;2075
12;2025-12-24;13;2064
12;2025-12-24;14;2046
12;2025-12-24;15;2321
12;2025-12-24;16;2821
12;2025-12-24;17;3057
12;2025-12-24;18;3239
12;2025-12-24;19;2470
12;2025-12-24;20;1555
12;2025-12-24;21;952
12;2025-12-24;22;491
12;2025-12-24;23;253
12;2025-12-25;0;58
12;2025-12-25;1;2
12;2025-12-25;2;0
12;2025-12-25;3;0
12;2025-12-25;4;5
12;2025-12-25;5;331
12;2025-12-25;6;1390
12;2025-12-25;7;2708
12;2025-12-25;8;3585
12;2025-12-25;9;2476
12;2025-12-25;10;2102
12;2025-12-25;11;1999
12;2025-12-25;12;2071
12;2025-12-25;13;2059
12;2025-12-25;14;2048
12;2025-12-25;15;2324
12;2025-12-25;16;2814
12;2025-12-25;17;3061
12;2025-12-25;18;3243
12;2025-12-25;19;2482
12;2025-12-25;20;1566
12;2025-12-25;21;950
12;2025-12-25;22;497
12;2025-12-25;23;260
12;2025-12-26;0;59
12;2025-12-26;1;2
12;2025-12-26;2;0
12;2025-12-26;3;0
12;2025-12-26;4;5
12;2025-12-26;5;313
12;2025-12-26;6;1378
12;2025-12-26;7;2640
12;2025-12-26;8;3473
12;2025-12-26;9;2406
12;2025-12-26;10;2027
12;2025-12-26;11;1987
12;2025-12-26;12;2070
12;2025-12-26;13;2066
12;2025-12-26;14;2045
12;2025-12-26;15;2357
12;2025-12-26;16;2884
12;2025-12-26;17;3030
12;2025-12-26;18;2809
12;2025-12-26;19;2369
12;2025-12-26;20;1501
12;2025-12-26;21;967
12;2025-12-26;22;533
12;2025-12-26;23;291
12;2025-12-27;0;90
12;2025-12-27;1;8
12;2025-12-27;2;0
12;2025-12-27;3;0
12;2025-12-27;4;2
12;2025-12-27;5;230
12;2025-12-27;6;752
12;2025-12-27;7;867
12;2025-12-27;8;962
12;2025-12-27;9;1106
12;2025-12-27;10;1367
12;2025-12-27;11;1478
12;2025-12-27;12;1484
12;2025-12-27;13;1779
12;2025-12-27;14;1609
12;2025-12-27;15;1524
12;2025-12-27;16;1604
12;2025-12-27;17;1542
12;2025-12-27;18;1406
12;2025-12-27;19;1339
12;2025-12-27;20;920
12;2025-12-27;21;647
12;2025-12-27;22;429
12;2025-12-27;23;268
12;2025-12-28;0;93
12;2025-12-28;1;8
12;2025-12-28;2;0
12;2025-12-28;3;0
12;2025-12-28;4;2
12;2025-12-28;5;141
12;2025-12-28;6;421
12;2025-12-28;7;577
12;2025-12-28;8;726
12;2025-12-28;9;920
12;2025-12-28;10;1170
12;2025-12-28;11;1313
12;2025-12-28;12;1355
12;2025-12-28;13;1648
12;2025-12-28;14;1518
12;2025-12-28;15;1395
12;2025-12-28;16;1533
12;2025-12-28;17;1461
12;2025-12-28;18;1216
12;2025-12-28;19;1012
12;2025-12-28;20;761
12;2025-12-28;21;529
12;2025-12-28;22;377
12;2025-12-28;23;205
12;2025-12-29;0;61
12;2025-12-29;1;4
12;2025-12-29;2;0
12;2025-12-29;3;0
12;2025-12-29;4;4
12;2025-12-29;5;318
12;2025-12-29;6;1356
12;2025-12-29;7;2660
12;2025-12-29;8;3535
12;2025-12-29;9;2424
12;2025-12-29;10;2014
12;2025-12-29;11;1911
12;2025-12-29;12;2021
12;2025-12-29;13;2005
12;2025-12-29;14;1988
12;2025-12-29;15;2253
12;2025-12-29;16;2769
12;2025-12-29;17;3022
12;2025-12-29;18;3190
12;2025-12-29;19;2392
12;2025-12-29;20;1503
12;2025-12-29;21;908
12;2025-12-29;22;436
12;2025-12-29;23;232
12;2025-12-30;0;49
12;2025-12-30;1;2
12;2025-12-30;2;0
12;2025-12-30;3;0
12;2025-12-30;4;5
12;2025-12-30;5;328
12;2025-12-30;6;1387
12;2025-12-30;7;2715
12;2025-12-30;8;3594
12;2025-12-30;9;2482
12;2025-12-30;10;2104
12;2025-12-30;11;2001
12;2025-12-30;12;2067
12;2025-12-30;13;2069
12;2025-12-30;14;2048
12;2025-12-30;15;2316
12;2025-12-30;16;2819
12;2025-12-30;17;3063
12;2025-12-30;18;3251
12;2025-12-30;19;2483
12;2025-12-30;20;1552
12;2025-12-30;21;943
12;2025-12-30;22;486
12;2025-12-30;23;240
12;2025-12-31;0;38
12;2025-12-31;1;1
12;2025-12-31;2;0
12;2025-12-31;3;0
12;2025-12-31;4;0
12;2025-12-31;5;203
12;2025-12-31;6;554
12;2025-12-31;7;845
12;2025-12-31;8;1234
12;2025-12-31;9;897
12;2025-12-31;10;984
12;2025-12-31;11;1098
12;2025-12-31;12;1084
12;2025-12-31;13;1267
12;2025-12-31;14;1195
12;2025-12-31;15;1166
12;2025-12-31;16;1272
12;2025-12-31;17;1234
12;2025-12-31;18;1452
12;2025-12-31;19;1042
12;2025-12-31;20;838
12;2025-12-31;21;545
12;2025-12-31;22;385
12;2025-12-31;23;190
17;2025-11-01;0;207
17;2025-11-01;1;25
17;2025-11-01;2;0
17;2025-11-01;3;0
17;2025-11-01;4;24
17;2025-11-01;5;148
17;2025-11-01;6;616
17;2025-11-01;7;2044
17;2025-11-01;8;3655
17;2025-11-01;9;3409
17;2025-11-01;10;3068
17;2025-11-01;11;3432
17;2025-11-01;12;3535
17;2025-11-01;13;4069
17;2025-11-01;14;4090
17;2025-11-01;15;4264
17;2025-11-01;16;4373
17;2025-11-01;17;4172
17;2025-11-01;18;3818
17;2025-11-01;19;3228
17;2025-11-01;20;2473
17;2025-11-01;21;1413
17;2025-11-01;22;885
17;2025-11-01;23;518
17;2025-11-02;0;188
17;2025-11-02;1;21
17;2025-11-02;2;0
17;2025-11-02;3;0
17;2025-11-02;4;2
17;2025-11-02;5;103
17;2025-11-02;6;417
17;2025-11-02;7;755
17;2025-11-02;8;1200
17;2025-11-02;9;1660
17;2025-11-02;10;1968
17;2025-11-02;11;2477
17;2025-11-02;12;2880
17;2025-11-02;13;3234
17;2025-11-02;14;3253
17;2025-11-02;15;3280
17;2025-11-02;16;3242
17;2025-11-02;17;3069
17;2025-11-02;18;2652
17;2025-11-02;19;2072
17;2025-11-02;20;1613
17;2025-11-02;21;1152
17;2025-11-02;22;689
17;2025-11-02;23;327
17;2025-11-03;0;127
17;2025-11-03;1;10
17;2025-11-03;2;0
17;2025-11-03;3;0
17;2025-11-03;4;5
17;2025-11-03;5;171
17;2025-11-03;6;480
17;2025-11-03;7;1646
17;2025-11-03;8;2188
17;2025-11-03;9;1972
17;2025-11-03;10;1851
17;2025-11-03;11;2152
17;2025-11-03;12;2312
17;2025-11-03;13;2361
17;2025-11-03;14;2437
17;2025-11-03;15;2627
17;2025-11-03;16;2771
17;2025-11-03;17;3083
17;2025-11-03;18;3222
17;2025-11-03;19;2304
17;2025-11-03;20;1607
17;2025-11-03;21;1232
17;2025-11-03;22;673
17;2025-11-03;23;270
17;2025-11-04;0;133
17;2025-11-04;1;33
17;2025-11-04;2;0
17;2025-11-04;3;0
17;2025-11-04;4;6
17;2025-11-04;5;93
17;2025-11-04;6;442
17;2025-11-04;7;1045
17;2025-11-04;8;1385
17;2025-11-04;9;1639
17;2025-11-04;10;1838
17;2025-11-04;11;2175
17;2025-11-04;12;2332
17;2025-11-04;13;2459
17;2025-11-04;14;2505
17;2025-11-04;15;2724
17;2025-11-04;16;2768
17;2025-11-04;17;2855
17;2025-11-04;18;2522
17;2025-11-04;19;2187
17;2025-11-04;20;1608
17;2025-11-04;21;1255
17;2025-11-04;22;788
17;2025-11-04;23;330
17;2025-11-05;0;127
17;2025-11-05;1;10
17;2025-11-05;2;0
17;2025-11-05;3;0
17;2025-11-05;4;26
17;2025-11-05;5;313
17;2025-11-05;6;1520
17;2025-11-05;7;3983
17;2025-11-05;8;5284
17;2025-11-05;9;3812
17;2025-11-05;10;3024
17;2025-11-05;11;2949
17;2025-11-05;12;2984
17;2025-11-05;13;3071
17;2025-11-05;14;3143
17;2025-11-05;15;3304
17;2025-11-05;16;3690
17;2025-11-05;17;4510
17;2025-11-05;18;4908
17;2025-11-05;19;3471
17;2025-11-05;20;2372
17;2025-11-05;21;1517
17;2025-11-05;22;831
17;2025-11-05;23;398
17;2025-11-06;0;138
17;2025-11-06;1;10
17;2025-11-06;2;0
17;2025-11-06;3;0
17;2025-11-06;4;25
17;2025-11-06;5;315
17;2025-11-06;6;1519
17;2025-11-06;7;3992
17;2025-11-06;8;5309
17;2025-11-06;9;3856
17;2025-11-06;10;3030
17;2025-11-06;11;2954
17;2025-11-06;12;2996
17;2025-11-06;13;3104
17;2025-11-06;14;3166
17;2025-11-06;15;3351
17;2025-11-06;16;3748
17;2025-11-06;17;4538
17;2025-11-06;18;4904
17;2025-11-06;19;3499
17;2025-11-06;20;2388
17;2025-11-06;21;1524
17;2025-11-06;22;865
17;2025-11-06;23;408
17;2025-11-07;0;151
17;2025-11-07;1;15
17;2025-11-07;2;0
17;2025-11-07;3;0
17;2025-11-07;4;23
17;2025-11-07;5;307
17;2025-11-07;6;1499
17;2025-11-07;7;3901
17;2025-11-07;8;5114
17;2025-11-07;9;3790
17;2025-11-07;10;2986
17;2025-11-07;11;2958
17;2025-11-07;12;3038
17;2025-11-07;13;3123
17;2025-11-07;14;3216
17;2025-11-07;15;3491
17;2025-11-07;16;3901
17;2025-11-07;17;4572
17;2025-11-07;18;4481
17;2025-11-07;19;3362
17;2025-11-07;20;2337
17;2025-11-07;21;1552
17;2025-11-07;22;893
17;2025-11-07;23;457
17;2025-11-08;0;203
17;2025-11-08;1;21
17;2025-11-08;2;0
17;2025-11-08;3;0
17;2025-11-08;4;7
17;2025-11-08;5;131
17;2025-11-08;6;560
17;2025-11-08;7;1140
17;2025-11-08;8;1663
17;2025-11-08;9;2001
17;2025-11-08;10;2260
17;2025-11-08;11;2749
17;2025-11-08;12;3039
17;2025-11-08;13;3421
17;2025-11-08;14;3449
17;2025-11-08;15;3493
17;2025-11-08;16;3471
17;2025-11-08;17;3298
17;2025-11-08;18;2929
17;2025-11-08;19;2328
17;2025-11-08;20;1803
17;2025-11-08;21;1302
17;2025-11-08;22;803
17;2025-11-08;23;438
17;2025-11-09;0;188
17;2025-11-09;1;21
17;2025-11-09;2;0
17;2025-11-09;3;0
17;2025-11-09;4;2
17;2025-11-09;5;103
17;2025-11-09;6;417
17;2025-11-09;7;755
17;2025-11-09;8;1200
17;2025-11-09;9;1660
17;2025-11-09;10;1968
17;2025-11-09;11;2477
17;2025-11-09;12;2880
17;2025-11-09;13;3234
17;2025-11-09;14;3253
17;2025-11-09;15;3280
17;2025-11-09;16;3242
17;2025-11-09;17;3069
17;2025-11-09;18;2652
17;2025-11-09;19;2072
17;2025-11-09;20;1613
17;2025-11-09;21;1152
17;2025-11-09;22;689
17;2025-11-09;23;327
17;2025-11-10;0;118
17;2025-11-10;1;12
17;2025-11-10;2;0
17;2025-11-10;3;0
17;2025-11-10;4;23
17;2025-11-10;5;303
17;2025-11-10;6;1488
17;2025-11-10;7;3951
17;2025-11-10;8;5267
17;2025-11-10;9;3757
17;2025-11-10;10;2897
17;2025-11-10;11;2856
17;2025-11-10;12;2901
17;2025-11-10;13;2944
17;2025-11-10;14;3028
17;2025-11-10;15;3207
17;2025-11-10;16;3635
17;2025-11-10;17;4473
17;2025-11-10;18;4869
17;2025-11-10;19;3408
17;2025-11-10;20;2307
17;2025-11-10;21;1459
17;2025-11-10;22;735
17;2025-11-10;23;327
17;2025-11-11;0;118
17;2025-11-11;1;9
17;2025-11-11;2;0
17;2025-11-11;3;0
17;2025-11-11;4;26
17;2025-11-11;5;307
17;2025-11-11;6;1519
17;2025-11-11;7;4003
17;2025-11-11;8;5348
17;2025-11-11;9;3839
17;2025-11-11;10;3025
17;2025-11-11;11;2936
17;2025-11-11;12;2992
17;2025-11-11;13;3074
17;2025-11-11;14;3152
17;2025-11-11;15;3317
17;2025-11-11;16;3703
17;2025-11-11;17;4533
17;2025-11-11;18;4958
17;2025-11-11;19;3491
17;2025-11-11;20;2378
17;2025-11-11;21;1505
17;2025-11-11;22;794
17;2025-11-11;23;359
17;2025-11-12;0;127
17;2025-11-12;1;10
17;2025-11-12;2;0
17;2025-11-12;3;0
17;2025-11-12;4;26
17;2025-11-12;5;313
17;2025-11-12;6;1520
17;2025-11-12;7;3983
17;2025-11-12;8;5284
17;2025-11-12;9;3812
17;2025-11-12;10;3024
17;2025-11-12;11;2949
17;2025-11-12;12;2984
17;2025-11-12;13;3071
17;2025-11-12;14;3143
17;2025-11-12;15;3304
17;2025-11-12;16;3690
17;2025-11-12;17;4510
17;2025-11-12;18;4908
17;2025-11-12;19;3471
17;2025-11-12;20;2372
17;2025-11-12;21;1517
17;2025-11-12;22;831
17;2025-11-12;23;398
17;2025-11-13;0;138
17;2025-11-13;1;10
17;2025-11-13;2;0
17;2025-11-13;3;0
17;2025-11-13;4;25
17;2025-11-13;5;315
17;2025-11-13;6;1519
17;2025-11-13;7;3992
17;2025-11-13;8;5309
17;2025-11-13;9;3856
17;2025-11-13;10;3030
17;2025-11-13;11;2954
17;2025-11-13;12;2996
17;2025-11-13;13;3104
17;2025-11-13;14;3166
17;2025-11-13;15;3351
17;2025-11-13;16;3748
17;2025-11-13;17;4538
17;2025-11-13;18;4904
17;2025-11-13;19;3499
17;2025-11-13;20;2388
17;2025-11-13;21;1524
17;2025-11-13;22;865
17;2025-11-13;23;408
17;2025-11-14;0;151
17;2025-11-14;1;15
17;2025-11-14;2;0
17;2025-11-14;3;0
17;2025-11-14;4;23
17;2025-11-14;5;307
17;2025-11-14;6;1499
17;2025-11-14;7;3901
17;2025-11-14;8;5114
17;2025-11-14;9;3790
17;2025-11-14;10;2986
17;2025-11-14;11;2958
17;2025-11-14;12;3038
17;2025-11-14;13;3123
17;2025-11-14;14;3216
17;2025-11-14;15;3491
17;2025-11-14;16;3901
17;2025-11-14;17;4572
17;2025-11-14;18;4481
17;2025-11-14;19;3362
17;2025-11-14;20;2337
17;2025-11-14;21;1552
17;2025-11-14;22;893
17;2025-11-14;23;457
17;2025-11-15;0;203
17;2025-11-15;1;21
17;2025-11-15;2;0
17;2025-11-15;3;0
17;2025-11-15;4;7
17;2025-11-15;5;131
17;2025-11-15;6;560
17;2025-11-15;7;1140
17;2025-11-15;8;1663
17;2025-11-15;9;2001
17;2025-11-15;10;2260
17;2025-11-15;11;2749
17;2025-11-15;12;3039
17;2025-11-15;13;3421
17;2025-11-15;14;3449
17;2025-11-15;15;3493
17;2025-11-15;16;3471
17;2025-11-15;17;3298
17;2025-11-15;18;2929
17;2025-11-15;19;2328
17;2025-11-15;20;1803
17;2025-11-15;21;1302
17;2025-11-15;22;803
17;2025-11-15;23;438
17;2025-11-16;0;188
17;2025-11-16;1;21
17;2025-11-16;2;0
17;2025-11-16;3;0
17;2025-11-16;4;2
17;2025-11-16;5;103
17;2025-11-16;6;417
17;2025-11-16;7;755
17;2025-11-16;8;1200
17;2025-11-16;9;1660
17;2025-11-16;10;1968
17;2025-11-16;11;2477
17;2025-11-16;12;2880
17;2025-11-16;13;3234
17;2025-11-16;14;3253
17;2025-11-16;15;3280
17;2025-11-16;16;3242
17;2025-11-16;17;3069
17;2025-11-16;18;2652
17;2025-11-16;19;2072
17;2025-11-16;20;1613
17;2025-11-16;21;1152
17;2025-11-16;22;689
17;2025-11-16;23;327
17;2025-11-17;0;118
17;2025-11-17;1;12
17;2025-11-17;2;0
17;2025-11-17;3;0
17;2025-11-17;4;23
17;2025-11-17;5;303
17;2025-11-17;6;1488
17;2025-11-17;7;3951
17;2025-11-17;8;5267
17;2025-11-17;9;3757
17;2025-11-17;10;2897
17;2025-11-17;11;2856
17;2025-11-17;12;2901
17;2025-11-17;13;2944
17;2025-11-17;14;3028
17;2025-11-17;15;3207
17;2025-11-17;16;3635
17;2025-11-17;17;4473
17;2025-11-17;18;4869
17;2025-11-17;19;3408
17;2025-11-17;20;2307
17;2025-11-17;21;1459
17;2025-11-17;22;735
17;2025-11-17;23;327
17;2025-11-18;0;118
17;2025-11-18;1;9
17;2025-11-18;2;0
17;2025-11-18;3;0
17;2025-11-18;4;26
17;2025-11-18;5;307
17;2025-11-18;6;1519
17;2025-11-18;7;4003
17;2025-11-18;8;5348
17;2025-11-18;9;3839
17;2025-11-18;10;3025
17;2025-11-18;11;2936
17;2025-11-18;12;2992
17;2025-11-18;13;3074
17;2025-11-18;14;3152
17;2025-11-18;15;3317
17;2025-11-18;16;3703
17;2025-11-18;17;4533
17;2025-11-18;18;4958
17;2025-11-18;19;3491
17;2025-11-18;20;2378
17;2025-11-18;21;1505
17;2025-11-18;22;794
17;2025-11-18;23;359
17;2025-11-19;0;127
17;2025-11-19;1;10
17;2025-11-19;2;0
17;2025-11-19;3;0
17;2025-11-19;4;26
17;2025-11-19;5;313
17;2025-11-19;6;1520
17;2025-11-19;7;3983
17;2025-11-19;8;5284
17;2025-11-19;9;3812
17;2025-11-19;10;3024
17;2025-11-19;11;2949
17;2025-11-19;12;2984
17;2025-11-19;13;3071
17;2025-11-19;14;3143
17;2025-11-19;15;3304
17;2025-11-19;16;3690
17;2025-11-19;17;4510
17;2025-11-19;18;4908
17;2025-11-19;19;3471
17;2025-11-19;20;2372
17;2025-11-19;21;1517
17;2025-11-19;22;831
17;2025-11-19;23;398
17;2025-11-20;0;138
17;2025-11-20;1;10
17;2025-11-20;2;0
17;2025-11-20;3;0
17;2025-11-20;4;25
17;2025-11-20;5;315
17;2025-11-20;6;1519
17;2025-11-20;7;3992
17;2025-11-20;8;5309
17;2025-11-20;9;3856
17;2025-11-20;10;3030
17;2025-11-20;11;2954
17;2025-11-20;12;2996
17;2025-11-20;13;3104
17;2025-11-20;14;3166
17;2025-11-20;15;3351
17;2025-11-20;16;3748
17;2025-11-20;17;4538
17;2025-11-20;18;4904
17;2025-11-20;19;3499
17;2025-11-20;20;2388
17;2025-11-20;21;1524
17;2025-11-20;22;865
17;2025-11-20;23;408
17;2025-11-21;0;151
17;2025-11-21;1;15
17;2025-11-21;2;0
17;2025-11-21;3;0
17;2025-11-21;4;23
17;2025-11-21;5;307
17;2025-11-21;6;1499
17;2025-11-21;7;3901
17;2025-11-21;8;5114
17;2025-11-21;9;3790
17;2025-11-21;10;2986
17;2025-11-21;11;2958
17;2025-11-21;12;3038
17;2025-11-21;13;3123
17;2025-11-21;14;3216
17;2025-11-21;15;3491
17;2025-11-21;16;3901
17;2025-11-21;17;4572
17;2025-11-21;18;4481
17;2025-11-21;19;3362
17;2025-11-21;20;2337
17;2025-11-21;21;1552
17;2025-11-21;22;893
17;2025-11-21;23;457
17;2025-11-22;0;203
17;2025-11-22;1;21
17;2025-11-22;2;0
17;2025-11-22;3;0
17;2025-11-22;4;7
17;2025-11-22;5;131
17;2025-11-22;6;560
17;2025-11-22;7;1140
17;2025-11-22;8;1663
17;2025-11-22;9;2001
17;2025-11-22;10;2260
17;2025-11-22;11;2749
17;2025-11-22;12;3039
17;2025-11-22;13;3421
17;2025-11-22;14;3449
17;2025-11-22;15;3493
17;2025-11-22;16;3471
17;2025-11-22;17;3298
17;2025-11-22;18;2929
17;2025-11-22;19;2328
17;2025-11-22;20;1803
17;2025-11-22;21;1302
17;2025-11-22;22;803
17;2025-11-22;23;438
17;2025-11-23;0;188
17;2025-11-23;1;21
17;2025-11-23;2;0
17;2025-11-23;3;0
17;2025-11-23;4;2
17;2025-11-23;5;103
17;2025-11-23;6;417
17;2025-11-23;7;755
17;2025-11-23;8;1200
17;2025-11-23;9;1660
17;2025-11-23;10;1968
17;2025-11-23;11;2477
17;2025-11-23;12;2880
17;2025-11-23;13;3234
17;2025-11-23;14;3253
17;2025-11-23;15;3280
17;2025-11-23;16;3242
17;2025-11-23;17;3069
17;2025-11-23;18;2652
17;2025-11-23;19;2072
17;2025-11-23;20;1613
17;2025-11-23;21;1152
17;2025-11-23;22;689
17;2025-11-23;23;327
17;2025-11-24;0;118
17;2025-11-24;1;12
17;2025-11-24;2;0
17;2025-11-24;3;0
17;2025-11-24;4;23
17;2025-11-24;5;303
17;2025-11-24;6;1488
17;2025-11-24;7;3951
17;2025-11-24;8;5267
17;2025-11-24;9;3757
17;2025-11-24;10;2897
17;2025-11-24;11;2856
17;2025-11-24;12;2901
17;2025-11-24;13;2944
17;2025-11-24;14;3028
17;2025-11-24;15;3207
17;2025-11-24;16;3635
17;2025-11-24;17;4473
17;2025-11-24;18;4869
17;2025-11-24;19;3408
17;2025-11-24;20;2307
17;2025-11-24;21;1459
17;2025-11-24;22;735
17;2025-11-24;23;327
17;2025-11-25;0;118
17;2025-11-25;1;9
17;2025-11-25;2;0
17;2025-11-25;3;0
17;2025-11-25;4;26
17;2025-11-25;5;307
17;2025-11-25;6;1519
17;2025-11-25;7;4003
17;2025-11-25;8;5348
17;2025-11-25;9;3839
17;2025-11-25;10;3025
17;2025-11-25;11;2936
17;2025-11-25;12;2992
17;2025-11-25;13;3074
17;2025-11-25;14;3152
17;2025-11-25;15;3317
17;2025-11-25;16;3703
17;2025-11-25;17;4533
17;2025-11-25;18;4958
17;2025-11-25;19;3491
17;2025-11-25;20;2378
17;2025-11-25;21;1505
17;2025-11-25;22;794
17;2025-11-25;23;359
17;2025-11-26;0;127
17;2025-11-26;1;10
17;2025-11-26;2;0
17;2025-11-26;3;0
17;2025-11-26;4;26
17;2025-11-26;5;313
17;2025-11-26;6;1520
17;2025-11-26;7;3983
17;2025-11-26;8;5284
17;2025-11-26;9;3812
17;2025-11-26;10;3024
17;2025-11-26;11;2949
17;2025-11-26;12;2984
17;2025-11-26;13;3071
17;2025-11-26;14;3143
17;2025-11-26;15;3304
17;2025-11-26;16;3690
17;2025-11-26;17;4510
17;2025-11-26;18;4908
17;2025-11-26;19;3471
17;2025-11-26;20;2372
17;2025-11-26;21;1517
17;2025-11-26;22;831
17;2025-11-26;23;398
17;2025-11-27;0;138
17;2025-11-27;1;10
17;2025-11-27;2;0
17;2025-11-27;3;0
17;2025-11-27;4;25
17;2025-11-27;5;315
17;2025-11-27;6;1519
17;2025-11-27;7;3992
17;2025-11-27;8;5309
17;2025-11-27;9;3856
17;2025-11-27;10;3030
17;2025-11-27;11;2954
17;2025-11-27;12;2996
17;2025-11-27;13;3104
17;2025-11-27;14;3166
17;2025-11-27;15;3351
17;2025-11-27;16;3748
17;2025-11-27;17;4538
17;2025-11-27;18;4904
17;2025-11-27;19;3499
17;2025-11-27;20;2388
17;2025-11-27;21;1524
17;2025-11-27;22;865
17;2025-11-27;23;408
17;2025-11-28;0;151
17;2025-11-28;1;15
17;2025-11-28;2;0
17;2025-11-28;3;0
17;2025-11-28;4;23
17;2025-11-28;5;307
17;2025-11-28;6;1499
17;2025-11-28;7;3901
17;2025-11-28;8;5114
17;2025-11-28;9;3790
17;2025-11-28;10;2986
17;2025-11-28;11;2958
17;2025-11-28;12;3038
17;2025-11-28;13;3123
17;2025-11-28;14;3216
17;2025-11-28;15;3491
17;2025-11-28;16;3901
17;2025-11-28;17;4572
17;2025-11-28;18;4481
17;2025-11-28;19;3362
17;2025-11-28;20;2337
17;2025-11-28;21;1552
17;2025-11-28;22;893
17;2025-11-28;23;457
17;2025-11-29;0;203
17;2025-11-29;1;21
17;2025-11-29;2;0
17;2025-11-29;3;0
17;2025-11-29;4;7
17;2025-11-29;5;131
17;2025-11-29;6;560
17;2025-11-29;7;1140
17;2025-11-29;8;1663
17;2025-11-29;9;2001
17;2025-11-29;10;2260
17;2025-11-29;11;2749
17;2025-11-29;12;3039
17;2025-11-29;13;3421
17;2025-11-29;14;3449
17;2025-11-29;15;3493
17;2025-11-29;16;3471
17;2025-11-29;17;3298
17;2025-11-29;18;2929
17;2025-11-29;19;2328
17;2025-11-29;20;1803
17;2025-11-29;21;1302
17;2025-11-29;22;803
17;2025-11-29;23;438
17;2025-11-30;0;188
17;2025-11-30;1;21
17;2025-11-30;2;0
17;2025-11-30;3;0
17;2025-11-30;4;2
17;2025-11-30;5;103
17;2025-11-30;6;417
17;2025-11-30;7;755
17;2025-11-30;8;1200
17;2025-11-30;9;1660
17;2025-11-30;10;1968
17;2025-11-30;11;2477
17;2025-11-30;12;2880
17;2025-11-30;13;3234
17;2025-11-30;14;3253
17;2025-11-30;15;3280
17;2025-11-30;16;3242
17;2025-11-30;17;3069
17;2025-11-30;18;2652
17;2025-11-30;19;2072
17;2025-11-30;20;1613
17;2025-11-30;21;1152
17;2025-11-30;22;689
17;2025-11-30;23;327
17;2025-12-01;0;100
17;2025-12-01;1;11
17;2025-12-01;2;0
17;2025-12-01;3;0
17;2025-12-01;4;26
17;2025-12-01;5;307
17;2025-12-01;6;1474
17;2025-12-01;7;3919
17;2025-12-01;8;5216
17;2025-12-01;9;3690
17;2025-12-01;10;2838
17;2025-12-01;11;2804
17;2025-12-01;12;2845
17;2025-12-01;13;2901
17;2025-12-01;14;2964
17;2025-12-01;15;3177
17;2025-12-01;16;3608
17;2025-12-01;17;4427
17;2025-12-01;18;4867
17;2025-12-01;19;3405
17;2025-12-01;20;2300
17;2025-12-01;21;1436
17;2025-12-01;22;736
17;2025-12-01;23;306
17;2025-12-02;0;100
17;2025-12-02;1;9
17;2025-12-02;2;0
17;2025-12-02;3;0
17;2025-12-02;4;28
17;2025-12-02;5;312
17;2025-12-02;6;1500
17;2025-12-02;7;3974
17;2025-12-02;8;5297
17;2025-12-02;9;3770
17;2025-12-02;10;2949
17;2025-12-02;11;2872
17;2025-12-02;12;2923
17;2025-12-02;13;3013
17;2025-12-02;14;3074
17;2025-12-02;15;3271
17;2025-12-02;16;3670
17;2025-12-02;17;4478
17;2025-12-02;18;4941
17;2025-12-02;19;3473
17;2025-12-02;20;2367
17;2025-12-02;21;1478
17;2025-12-02;22;786
17;2025-12-02;23;338
17;2025-12-03;0;109
17;2025-12-03;1;10
17;2025-12-03;2;0
17;2025-12-03;3;0
17;2025-12-03;4;28
17;2025-12-03;5;318
17;2025-12-03;6;1501
17;2025-12-03;7;3955
17;2025-12-03;8;5223
17;2025-12-03;9;3743
17;2025-12-03;10;2945
17;2025-12-03;11;2882
17;2025-12-03;12;2915
17;2025-12-03;13;3012
17;2025-12-03;14;3064
17;2025-12-03;15;3258
17;2025-12-03;16;3657
17;2025-12-03;17;4457
17;2025-12-03;18;4901
17;2025-12-03;19;3454
17;2025-12-03;20;2358
17;2025-12-03;21;1484
17;2025-12-03;22;816
17;2025-12-03;23;374
17;2025-12-04;0;121
17;2025-12-04;1;10
17;2025-12-04;2;0
17;2025-12-04;3;0
17;2025-12-04;4;28
17;2025-12-04;5;320
17;2025-12-04;6;1501
17;2025-12-04;7;3964
17;2025-12-04;8;5258
17;2025-12-04;9;3782
17;2025-12-04;10;2955
17;2025-12-04;11;2887
17;2025-12-04;12;2927
17;2025-12-04;13;3040
17;2025-12-04;14;3083
17;2025-12-04;15;3299
17;2025-12-04;16;3710
17;2025-12-04;17;4480
17;2025-12-04;18;4896
17;2025-12-04;19;3483
17;2025-12-04;20;2374
17;2025-12-04;21;1491
17;2025-12-04;22;849
17;2025-12-04;23;385
17;2025-12-05;0;134
17;2025-12-05;1;15
17;2025-12-05;2;0
17;2025-12-05;3;0
17;2025-12-05;4;26
17;2025-12-05;5;312
17;2025-12-05;6;1480
17;2025-12-05;7;3887
17;2025-12-05;8;5063
17;2025-12-05;9;3717
17;2025-12-05;10;2911
17;2025-12-05;11;2899
17;2025-12-05;12;2978
17;2025-12-05;13;3069
17;2025-12-05;14;3145
17;2025-12-05;15;3453
17;2025-12-05;16;3868
17;2025-12-05;17;4515
17;2025-12-05;18;4474
17;2025-12-05;19;3343
17;2025-12-05;20;2331
17;2025-12-05;21;1529
17;2025-12-05;22;888
17;2025-12-05;23;436
17;2025-12-06;0;188
17;2025-12-06;1;24
17;2025-12-06;2;0
17;2025-12-06;3;0
17;2025-12-06;4;5
17;2025-12-06;5;123
17;2025-12-06;6;535
17;2025-12-06;7;1096
17;2025-12-06;8;1597
17;2025-12-06;9;1938
17;2025-12-06;10;2196
17;2025-12-06;11;2662
17;2025-12-06;12;2936
17;2025-12-06;13;3326
17;2025-12-06;14;3377
17;2025-12-06;15;3416
17;2025-12-06;16;3345
17;2025-12-06;17;3199
17;2025-12-06;18;2823
17;2025-12-06;19;2285
17;2025-12-06;20;1800
17;2025-12-06;21;1283
17;2025-12-06;22;849
17;2025-12-06;23;423
17;2025-12-07;0;173
17;2025-12-07;1;23
17;2025-12-07;2;0
17;2025-12-07;3;0
17;2025-12-07;4;4
17;2025-12-07;5;98
17;2025-12-07;6;402
17;2025-12-07;7;719
17;2025-12-07;8;1180
17;2025-12-07;9;1619
17;2025-12-07;10;1928
17;2025-12-07;11;2403
17;2025-12-07;12;2797
17;2025-12-07;13;3149
17;2025-12-07;14;3188
17;2025-12-07;15;3214
17;2025-12-07;16;3168
17;2025-12-07;17;2979
17;2025-12-07;18;2586
17;2025-12-07;19;2032
17;2025-12-07;20;1614
17;2025-12-07;21;1142
17;2025-12-07;22;715
17;2025-12-07;23;313
17;2025-12-08;0;100
17;2025-12-08;1;11
17;2025-12-08;2;0
17;2025-12-08;3;0
17;2025-12-08;4;26
17;2025-12-08;5;307
17;2025-12-08;6;1474
17;2025-12-08;7;3919
17;2025-12-08;8;5216
17;2025-12-08;9;3690
17;2025-12-08;10;2838
17;2025-12-08;11;2804
17;2025-12-08;12;2845
17;2025-12-08;13;2901
17;2025-12-08;14;2964
17;2025-12-08;15;3177
17;2025-12-08;16;3608
17;2025-12-08;17;4427
17;2025-12-08;18;4867
17;2025-12-08;19;3405
17;2025-12-08;20;2300
17;2025-12-08;21;1436
17;2025-12-08;22;736
17;2025-12-08;23;306
17;2025-12-09;0;100
17;2025-12-09;1;9
17;2025-12-09;2;0
17;2025-12-09;3;0
17;2025-12-09;4;28
17;2025-12-09;5;312
17;2025-12-09;6;1500
17;2025-12-09;7;3974
17;2025-12-09;8;5297
17;2025-12-09;9;3770
17;2025-12-09;10;2949
17;2025-12-09;11;2872
17;2025-12-09;12;2923
17;2025-12-09;13;3013
17;2025-12-09;14;3074
17;2025-12-09;15;3271
17;2025-12-09;16;3670
17;2025-12-09;17;4478
17;2025-12-09;18;4941
17;2025-12-09;19;3473
17;2025-12-09;20;2367
17;2025-12-09;21;1478
17;2025-12-09;22;786
17;2025-12-09;23;338
17;2025-12-10;0;109
17;2025-12-10;1;10
17;2025-12-10;2;0
17;2025-12-10;3;0
17;2025-12-10;4;28
17;2025-12-10;5;318
17;2025-12-10;6;1501
17;2025-12-10;7;3955
17;2025-12-10;8;5223
17;2025-12-10;9;3743
17;2025-12-10;10;2945
17;2025-12-10;11;2882
17;2025-12-10;12;2915
17;2025-12-10;13;3012
17;2025-12-10;14;3064
17;2025-12-10;15;3258
17;2025-12-10;16;3657
17;2025-12-10;17;4457
17;2025-12-10;18;4901
17;2025-12-10;19;3454
17;2025-12-10;20;2358
17;2025-12-10;21;1484
17;2025-12-10;22;816
17;2025-12-10;23;374
17;2025-12-11;0;121
17;2025-12-11;1;10
17;2025-12-11;2;0
17;2025-12-11;3;0
17;2025-12-11;4;28
17;2025-12-11;5;320
17;2025-12-11;6;1501
17;2025-12-11;7;3964
17;2025-12-11;8;5258
17;2025-12-11;9;3782
17;2025-12-11;10;2955
17;2025-12-11;11;2887
17;2025-12-11;12;2927
17;2025-12-11;13;3040
17;2025-12-11;14;3083
17;2025-12-11;15;3299
17;2025-12-11;16;3710
17;2025-12-11;17;4480
17;2025-12-11;18;4896
17;2025-12-11;19;3483
17;2025-12-11;20;2374
17;2025-12-11;21;1491
17;2025-12-11;22;849
17;2025-12-11;23;385
17;2025-12-12;0;134
17;2025-12-12;1;15
17;2025-12-12;2;0
17;2025-12-12;3;0
17;2025-12-12;4;26
17;2025-12-12;5;312
17;2025-12-12;6;1480
17;2025-12-12;7;3887
17;2025-12-12;8;5063
17;2025-12-12;9;3717
17;2025-12-12;10;2911
17;2025-12-12;11;2899
17;2025-12-12;12;2978
17;2025-12-12;13;3069
17;2025-12-12;14;3145
17;2025-12-12;15;3453
17;2025-12-12;16;3868
17;2025-12-12;17;4515
17;2025-12-12;18;4474
17;2025-12-12;19;3343
17;2025-12-12;20;2331
17;2025-12-12;21;1529
17;2025-12-12;22;888
17;2025-12-12;23;436
17;2025-12-13;0;188
17;2025-12-13;1;24
17;2025-12-13;2;0
17;2025-12-13;3;0
17;2025-12-13;4;5
17;2025-12-13;5;123
17;2025-12-13;6;535
17;2025-12-13;7;1096
17;2025-12-13;8;1597
17;2025-12-13;9;1938
17;2025-12-13;10;2196
17;2025-12-13;11;2662
17;2025-12-13;12;2936
17;2025-12-13;13;3326
17;2025-12-13;14;3377
17;2025-12-13;15;3416
17;2025-12-13;16;3345
17;2025-12-13;17;3199
17;2025-12-13;18;2823
17;2025-12-13;19;2285
17;2025-12-13;20;1800
17;2025-12-13;21;1283
17;2025-12-13;22;849
17;2025-12-13;23;423
17;2025-12-14;0;173
17;2025-12-14;1;23
17;2025-12-14;2;0
17;2025-12-14;3;0
17;2025-12-14;4;4
17;2025-12-14;5;98
17;2025-12-14;6;402
17;2025-12-14;7;719
17;2025-12-14;8;1180
17;2025-12-14;9;1619
17;2025-12-14;10;1928
17;2025-12-14;11;2403
17;2025-12-14;12;2797
17;2025-12-14;13;3149
17;2025-12-14;14;3188
17;2025-12-14;15;3214
17;2025-12-14;16;3168
17;2025-12-14;17;2979
17;2025-12-14;18;2586
17;2025-12-14;19;2032
17;2025-12-14;20;1614
17;2025-12-14;21;1142
17;2025-12-14;22;715
17;2025-12-14;23;313
17;2025-12-15;0;100
17;2025-12-15;1;11
17;2025-12-15;2;0
17;2025-12-15;3;0
17;2025-12-15;4;26
17;2025-12-15;5;307
17;2025-12-15;6;1474
17;2025-12-15;7;3919
17;2025-12-15;8;5216
17;2025-12-15;9;3690
17;2025-12-15;10;2838
17;2025-12-15;11;2804
17;2025-12-15;12;2845
17;2025-12-15;13;2901
17;2025-12-15;14;2964
17;2025-12-15;15;3177
17;2025-12-15;16;3608
17;2025-12-15;17;4427
17;2025-12-15;18;4867
17;2025-12-15;19;3405
17;2025-12-15;20;2300
17;2025-12-15;21;1436
17;2025-12-15;22;736
17;2025-12-15;23;306
17;2025-12-16;0;100
17;2025-12-16;1;9
17;2025-12-16;2;0
17;2025-12-16;3;0
17;2025-12-16;4;28
17;2025-12-16;5;312
17;2025-12-16;6;1500
17;2025-12-16;7;3974
17;2025-12-16;8;5297
17;2025-12-16;9;3770
17;2025-12-16;10;2949
17;2025-12-16;11;2872
17;2025-12-16;12;2923
17;2025-12-16;13;3013
17;2025-12-16;14;3074
17;2025-12-16;15;3271
17;2025-12-16;16;3670
17;2025-12-16;17;4478
17;2025-12-16;18;4941
17;2025-12-16;19;3473
17;2025-12-16;20;2367
17;2025-12-16;21;1478
17;2025-12-16;22;786
17;2025-12-16;23;338
17;2025-12-17;0;109
17;2025-12-17;1;10
17;2025-12-17;2;0
17;2025-12-17;3;0
17;2025-12-17;4;28
17;2025-12-17;5;318
17;2025-12-17;6;1501
17;2025-12-17;7;3955
17;2025-12-17;8;5223
17;2025-12-17;9;3743
17;2025-12-17;10;2945
17;2025-12-17;11;2882
17;2025-12-17;12;2915
17;2025-12-17;13;3012
17;2025-12-17;14;3064
17;2025-12-17;15;3258
17;2025-12-17;16;3657
17;2025-12-17;17;4457
17;2025-12-17;18;4901
17;2025-12-17;19;3454
17;2025-12-17;20;2358
17;2025-12-17;21;1484
17;2025-12-17;22;816
17;2025-12-17;23;374
17;2025-12-18;0;121
17;2025-12-18;1;10
17;2025-12-18;2;0
17;2025-12-18;3;0
17;2025-12-18;4;28
17;2025-12-18;5;320
17;2025-12-18;6;1501
17;2025-12-18;7;3964
17;2025-12-18;8;5258
17;2025-12-18;9;3782
17;2025-12-18;10;2955
17;2025-12-18;11;2887
17;2025-12-18;12;2927
17;2025-12-18;13;3040
17;2025-12-18;14;3083
17;2025-12-18;15;3299
17;2025-12-18;16;3710
17;2025-12-18;17;4480
17;2025-12-18;18;4896
17;2025-12-18;19;3483
17;2025-12-18;20;2374
17;2025-12-18;21;1491
17;2025-12-18;22;849
17;2025-12-18;23;385
17;2025-12-19;0;134
17;2025-12-19;1;15
17;2025-12-19;2;0
17;2025-12-19;3;0
17;2025-12-19;4;26
17;2025-12-19;5;312
17;2025-12-19;6;1480
17;2025-12-19;7;3887
17;2025-12-19;8;5063
17;2025-12-19;9;3717
17;2025-12-19;10;2911
17;2025-12-19;11;2899
17;2025-12-19;12;2978
17;2025-12-19;13;3069
17;2025-12-19;14;3145
17;2025-12-19;15;3453
17;2025-12-19;16;3868
17;2025-12-19;17;4515
17;2025-12-19;18;4474
17;2025-12-19;19;3343
17;2025-12-19;20;2331
17;2025-12-19;21;1529
17;2025-12-19;22;888
17;2025-12-19;23;436
17;2025-12-20;0;188
17;2025-12-20;1;24
17;2025-12-20;2;0
17;2025-12-20;3;0
17;2025-12-20;4;5
17;2025-12-20;5;123
17;2025-12-20;6;535
17;2025-12-20;7;1096
17;2025-12-20;8;1597
17;2025-12-20;9;1938
17;2025-12-20;10;2196
17;2025-12-20;11;2662
17;2025-12-20;12;2936
17;2025-12-20;13;3326
17;2025-12-20;14;3377
17;2025-12-20;15;3416
17;2025-12-20;16;3345
17;2025-12-20;17;3199
17;2025-12-20;18;2823
17;2025-12-20;19;2285
17;2025-12-20;20;1800
17;2025-12-20;21;1283
17;2025-12-20;22;849
17;2025-12-20;23;423
17;2025-12-21;0;173
17;2025-12-21;1;23
17;2025-12-21;2;0
17;2025-12-21;3;0
17;2025-12-21;4;4
17;2025-12-21;5;98
17;2025-12-21;6;402
17;2025-12-21;7;719
17;2025-12-21;8;1180
17;2025-12-21;9;1619
17;2025-12-21;10;1928
17;2025-12-21;11;2403
17;2025-12-21;12;2797
17;2025-12-21;13;3149
17;2025-12-21;14;3188
17;2025-12-21;15;3214
17;2025-12-21;16;3168
17;2025-12-21;17;2979
17;2025-12-21;18;2586
17;2025-12-21;19;2032
17;2025-12-21;20;1614
17;2025-12-21;21;1142
17;2025-12-21;22;715
17;2025-12-21;23;313
17;2025-12-22;0;100
17;2025-12-22;1;11
17;2025-12-22;2;0
17;2025-12-22;3;0
17;2025-12-22;4;26
17;2025-12-22;5;307
17;2025-12-22;6;1474
17;2025-12-22;7;3919
17;2025-12-22;8;5216
17;2025-12-22;9;3690
17;2025-12-22;10;2838
17;2025-12-22;11;2804
17;2025-12-22;12;2845
17;2025-12-22;13;2901
17;2025-12-22;14;2964
17;2025-12-22;15;3177
17;2025-12-22;16;3608
17;2025-12-22;17;4427
17;2025-12-22;18;4867
17;2025-12-22;19;3405
17;2025-12-22;20;2300
17;2025-12-22;21;1436
17;2025-12-22;22;736
17;2025-12-22;23;306
17;2025-12-23;0;100
17;2025-12-23;1;9
17;2025-12-23;2;0
17;2025-12-23;3;0
17;2025-12-23;4;28
17;2025-12-23;5;312
17;2025-12-23;6;1500
17;2025-12-23;7;3974
17;2025-12-23;8;5297
17;2025-12-23;9;3770
17;2025-12-23;10;2949
17;2025-12-23;11;2872
17;2025-12-23;12;2923
17;2025-12-23;13;3013
17;2025-12-23;14;3074
17;2025-12-23;15;3271
17;2025-12-23;16;3670
17;2025-12-23;17;4478
17;2025-12-23;18;4941
17;2025-12-23;19;3473
17;2025-12-23;20;2367
17;2025-12-23;21;1478
17;2025-12-23;22;786
17;2025-12-23;23;338
17;2025-12-24;0;109
17;2025-12-24;1;10
17;2025-12-24;2;0
17;2025-12-24;3;0
17;2025-12-24;4;28
17;2025-12-24;5;318
17;2025-12-24;6;1501
17;2025-12-24;7;3955
17;2025-12-24;8;5223
17;2025-12-24;9;3743
17;2025-12-24;10;2945
17;2025-12-24;11;2882
17;2025-12-24;12;2915
17;2025-12-24;13;3012
17;2025-12-24;14;3064
17;2025-12-24;15;3258
17;2025-12-24;16;3657
17;2025-12-24;17;4457
17;2025-12-24;18;4901
17;2025-12-24;19;3454
17;2025-12-24;20;2358
17;2025-12-24;21;1484
17;2025-12-24;22;816
17;2025-12-24;23;374
17;2025-12-25;0;121
17;2025-12-25;1;10
17;2025-12-25;2;0
17;2025-12-25;3;0
17;2025-12-25;4;28
17;2025-12-25;5;320
17;2025-12-25;6;1501
17;2025-12-25;7;3964
17;2025-12-25;8;5258
17;2025-12-25;9;3782
17;2025-12-25;10;2955
17;2025-12-25;11;2887
17;2025-12-25;12;2927
17;2025-12-25;13;3040
17;2025-12-25;14;3083
17;2025-12-25;15;3299
17;2025-12-25;16;3710
17;2025-12-25;17;4480
17;2025-12-25;18;4896
17;2025-12-25;19;3483
17;2025-12-25;20;2374
17;2025-12-25;21;1491
17;2025-12-25;22;849
17;2025-12-25;23;385
17;2025-12-26;0;134
17;2025-12-26;1;15
17;2025-12-26;2;0
17;2025-12-26;3;0
17;2025-12-26;4;26
17;2025-12-26;5;312
17;2025-12-26;6;1480
17;2025-12-26;7;3887
17;2025-12-26;8;5063
17;2025-12-26;9;3717
17;2025-12-26;10;2911
17;2025-12-26;11;2899
17;2025-12-26;12;2978
17;2025-12-26;13;3069
17;2025-12-26;14;3145
17;2025-12-26;15;3453
17;2025-12-26;16;3868
17;2025-12-26;17;4515
17;2025-12-26;18;4474
17;2025-12-26;19;3343
17;2025-12-26;20;2331
17;2025-12-26;21;1529
17;2025-12-26;22;888
17;2025-12-26;23;436
17;2025-12-27;0;188
17;2025-12-27;1;24
17;2025-12-27;2;0
17;2025-12-27;3;0
17;2025-12-27;4;5
17;2025-12-27;5;123
17;2025-12-27;6;535
17;2025-12-27;7;1096
17;2025-12-27;8;1597
17;2025-12-27;9;1938
17;2025-12-27;10;2196
17;2025-12-27;11;2662
17;2025-12-27;12;2936
17;2025-12-27;13;3326
17;2025-12-27;14;3377
17;2025-12-27;15;3416
17;2025-12-27;16;3345
17;2025-12-27;17;3199
17;2025-12-27;18;2823
17;2025-12-27;19;2285
17;2025-12-27;20;1800
17;2025-12-27;21;1283
17;2025-12-27;22;849
17;2025-12-27;23;423
17;2025-12-28;0;173
17;2025-12-28;1;23
17;2025-12-28;2;0
17;2025-12-28;3;0
17;2025-12-28;4;4
17;2025-12-28;5;98
17;2025-12-28;6;402
17;2025-12-28;7;719
17;2025-12-28;8;1180
17;2025-12-28;9;1619
17;2025-12-28;10;1928
17;2025-12-28;11;2403
17;2025-12-28;12;2797
17;2025-12-28;13;3149
17;2025-12-28;14;3188
17;2025-12-28;15;3214
17;2025-12-28;16;3168
17;2025-12-28;17;2979
17;2025-12-28;18;2586
17;2025-12-28;19;2032
17;2025-12-28;20;1614
17;2025-12-28;21;1142
17;2025-12-28;22;715
17;2025-12-28;23;313
17;2025-12-29;0;100
17;2025-12-29;1;11
17;2025-12-29;2;0
17;2025-12-29;3;0
17;2025-12-29;4;26
17;2025-12-29;5;307
17;2025-12-29;6;1474
17;2025-12-29;7;3919
17;2025-12-29;8;5216
17;2025-12-29;9;3690
17;2025-12-29;10;2838
17;2025-12-29;11;2804
17;2025-12-29;12;2845
17;2025-12-29;13;2901
17;2025-12-29;14;2964
17;2025-12-29;15;3177
17;2025-12-29;16;3608
17;2025-12-29;17;4427
17;2025-12-29;18;4867
17;2025-12-29;19;3405
17;2025-12-29;20;2300
17;2025-12-29;21;1436
17;2025-12-29;22;736
17;2025-12-29;23;306
17;2025-12-30;0;100
17;2025-12-30;1;9
17;2025-12-30;2;0
17;2025-12-30;3;0
17;2025-12-30;4;28
17;2025-12-30;5;312
17;2025-12-30;6;1500
17;2025-12-30;7;3974
17;2025-12-30;8;5297
17;2025-12-30;9;3770
17;2025-12-30;10;2949
17;2025-12-30;11;2872
17;2025-12-30;12;2923
17;2025-12-30;13;3013
17;2025-12-30;14;3074
17;2025-12-30;15;3271
17;2025-12-30;16;3670
17;2025-12-30;17;4478
17;2025-12-30;18;4941
17;2025-12-30;19;3473
17;2025-12-30;20;2367
17;2025-12-30;21;1478
17;2025-12-30;22;786
17;2025-12-30;23;338
17;2025-12-31;0;107
17;2025-12-31;1;0
17;2025-12-31;2;0
17;2025-12-31;3;0
17;2025-12-31;4;3
17;2025-12-31;5;173
17;2025-12-31;6;461
17;2025-12-31;7;1492
17;2025-12-31;8;1564
17;2025-12-31;9;1776
17;2025-12-31;10;1716
17;2025-12-31;11;2010
17;2025-12-31;12;2171
17;2025-12-31;13;2272
17;2025-12-31;14;2320
17;2025-12-31;15;2522
17;2025-12-31;16;2637
17;2025-12-31;17;2766
17;2025-12-31;18;2723
17;2025-12-31;19;2165
17;2025-12-31;20;1488
17;2025-12-31;21;1088
17;2025-12-31;22;721
17;2025-12-31;23;311
25;2025-11-01;0;0
25;2025-11-01;1;0
25;2025-11-01;2;0
25;2025-11-01;3;0
25;2025-11-01;4;0
25;2025-11-01;5;39
25;2025-11-01;6;61
25;2025-11-01;7;189
25;2025-11-01;8;841
25;2025-11-01;9;315
25;2025-11-01;10;372
25;2025-11-01;11;409
25;2025-11-01;12;422
25;2025-11-01;13;593
25;2025-11-01;14;618
25;2025-11-01;15;657
25;2025-11-01;16;708
25;2025-11-01;17;725
25;2025-11-01;18;708
25;2025-11-01;19;431
25;2025-11-01;20;325
25;2025-11-01;21;273
25;2025-11-01;22;151
25;2025-11-01;23;87
25;2025-11-02;0;17
25;2025-11-02;1;0
25;2025-11-02;2;0
25;2025-11-02;3;0
25;2025-11-02;4;0
25;2025-11-02;5;3
25;2025-11-02;6;44
25;2025-11-02;7;99
25;2025-11-02;8;199
25;2025-11-02;9;207
25;2025-11-02;10;249
25;2025-11-02;11;327
25;2025-11-02;12;374
25;2025-11-02;13;467
25;2025-11-02;14;515
25;2025-11-02;15;579
25;2025-11-02;16;507
25;2025-11-02;17;441
25;2025-11-02;18;407
25;2025-11-02;19;333
25;2025-11-02;20;228
25;2025-11-02;21;181
25;2025-11-02;22;97
25;2025-11-02;23;39
25;2025-11-03;0;7
25;2025-11-03;1;1
25;2025-11-03;2;0
25;2025-11-03;3;0
25;2025-11-03;4;0
25;2025-11-03;5;0
25;2025-11-03;6;59
25;2025-11-03;7;222
25;2025-11-03;8;254
25;2025-11-03;9;261
25;2025-11-03;10;222
25;2025-11-03;11;263
25;2025-11-03;12;275
25;2025-11-03;13;407
25;2025-11-03;14;357
25;2025-11-03;15;440
25;2025-11-03;16;403
25;2025-11-03;17;366
25;2025-11-03;18;370
25;2025-11-03;19;370
25;2025-11-03;20;242
25;2025-11-03;21;159
25;2025-11-03;22;80
25;2025-11-03;23;24
25;2025-11-04;0;8
25;2025-11-04;1;1
25;2025-11-04;2;0
25;2025-11-04;3;0
25;2025-11-04;4;0
25;2025-11-04;5;10
25;2025-11-04;6;55
25;2025-11-04;7;137
25;2025-11-04;8;192
25;2025-11-04;9;199
25;2025-11-04;10;200
25;2025-11-04;11;254
25;2025-11-04;12;279
25;2025-11-04;13;379
25;2025-11-04;14;415
25;2025-11-04;15;445
25;2025-11-04;16;380
25;2025-11-04;17;339
25;2025-11-04;18;328
25;2025-11-04;19;381
25;2025-11-04;20;234
25;2025-11-04;21;181
25;2025-11-04;22;90
25;2025-11-04;23;41
25;2025-11-05;0;0
25;2025-11-05;1;0
25;2025-11-05;2;0
25;2025-11-05;3;0
25;2025-11-05;4;0
25;2025-11-05;5;5
25;2025-11-05;6;153
25;2025-11-05;7;508
25;2025-11-05;8;892
25;2025-11-05;9;489
25;2025-11-05;10;376
25;2025-11-05;11;437
25;2025-11-05;12;427
25;2025-11-05;13;519
25;2025-11-05;14;456
25;2025-11-05;15;536
25;2025-11-05;16;683
25;2025-11-05;17;747
25;2025-11-05;18;774
25;2025-11-05;19;514
25;2025-11-05;20;325
25;2025-11-05;21;213
25;2025-11-05;22;108
25;2025-11-05;23;7
25;2025-11-06;0;0
25;2025-11-06;1;0
25;2025-11-06;2;0
25;2025-11-06;3;0
25;2025-11-06;4;0
25;2025-11-06;5;6
25;2025-11-06;6;150
25;2025-11-06;7;509
25;2025-11-06;8;899
25;2025-11-06;9;497
25;2025-11-06;10;392
25;2025-11-06;11;431
25;2025-11-06;12;419
25;2025-11-06;13;513
25;2025-11-06;14;475
25;2025-11-06;15;551
25;2025-11-06;16;693
25;2025-11-06;17;745
25;2025-11-06;18;775
25;2025-11-06;19;523
25;2025-11-06;20;317
25;2025-11-06;21;214
25;2025-11-06;22;115
25;2025-11-06;23;9
25;2025-11-07;0;0
25;2025-11-07;1;0
25;2025-11-07;2;0
25;2025-11-07;3;0
25;2025-11-07;4;0
25;2025-11-07;5;8
25;2025-11-07;6;148
25;2025-11-07;7;494
25;2025-11-07;8;850
25;2025-11-07;9;478
25;2025-11-07;10;369
25;2025-11-07;11;433
25;2025-11-07;12;425
25;2025-11-07;13;514
25;2025-11-07;14;510
25;2025-11-07;15;582
25;2025-11-07;16;730
25;2025-11-07;17;764
25;2025-11-07;18;677
25;2025-11-07;19;476
25;2025-11-07;20;305
25;2025-11-07;21;219
25;2025-11-07;22;128
25;2025-11-07;23;8
25;2025-11-08;0;0
25;2025-11-08;1;0
25;2025-11-08;2;0
25;2025-11-08;3;0
25;2025-11-08;4;0
25;2025-11-08;5;3
25;2025-11-08;6;51
25;2025-11-08;7;133
25;2025-11-08;8;298
25;2025-11-08;9;273
25;2025-11-08;10;314
25;2025-11-08;11;397
25;2025-11-08;12;419
25;2025-11-08;13;515
25;2025-11-08;14;558
25;2025-11-08;15;630
25;2025-11-08;16;574
25;2025-11-08;17;490
25;2025-11-08;18;466
25;2025-11-08;19;405
25;2025-11-08;20;266
25;2025-11-08;21;211
25;2025-11-08;22;126
25;2025-11-08;23;55
25;2025-11-09;0;17
25;2025-11-09;1;0
25;2025-11-09;2;0
25;2025-11-09;3;0
25;2025-11-09;4;0
25;2025-11-09;5;3
25;2025-11-09;6;44
25;2025-11-09;7;99
25;2025-11-09;8;199
25;2025-11-09;9;207
25;2025-11-09;10;249
25;2025-11-09;11;327
25;2025-11-09;12;374
25;2025-11-09;13;467
25;2025-11-09;14;515
25;2025-11-09;15;579
25;2025-11-09;16;507
25;2025-11-09;17;441
25;2025-11-09;18;407
25;2025-11-09;19;333
25;2025-11-09;20;228
25;2025-11-09;21;181
25;2025-11-09;22;97
25;2025-11-09;23;39
25;2025-11-10;0;9
25;2025-11-10;1;0
25;2025-11-10;2;0
25;2025-11-10;3;0
25;2025-11-10;4;0
25;2025-11-10;5;5
25;2025-11-10;6;149
25;2025-11-10;7;502
25;2025-11-10;8;868
25;2025-11-10;9;474
25;2025-11-10;10;345
25;2025-11-10;11;389
25;2025-11-10;12;381
25;2025-11-10;13;490
25;2025-11-10;14;416
25;2025-11-10;15;493
25;2025-11-10;16;664
25;2025-11-10;17;719
25;2025-11-10;18;741
25;2025-11-10;19;486
25;2025-11-10;20;294
25;2025-11-10;21;194
25;2025-11-10;22;93
25;2025-11-10;23;6
25;2025-11-11;0;0
25;2025-11-11;1;0
25;2025-11-11;2;0
25;2025-11-11;3;0
25;2025-11-11;4;0
25;2025-11-11;5;6
25;2025-11-11;6;153
25;2025-11-11;7;512
25;2025-11-11;8;893
25;2025-11-11;9;501
25;2025-11-11;10;378
25;2025-11-11;11;431
25;2025-11-11;12;418
25;2025-11-11;13;499
25;2025-11-11;14;467
25;2025-11-11;15;532
25;2025-11-11;16;679
25;2025-11-11;17;733
25;2025-11-11;18;762
25;2025-11-11;19;510
25;2025-11-11;20;308
25;2025-11-11;21;199
25;2025-11-11;22;101
25;2025-11-11;23;7
25;2025-11-12;0;0
25;2025-11-12;1;0
25;2025-11-12;2;0
25;2025-11-12;3;0
25;2025-11-12;4;0
25;2025-11-12;5;5
25;2025-11-12;6;153
25;2025-11-12;7;508
25;2025-11-12;8;892
25;2025-11-12;9;489
25;2025-11-12;10;376
25;2025-11-12;11;437
25;2025-11-12;12;427
25;2025-11-12;13;519
25;2025-11-12;14;456
25;2025-11-12;15;536
25;2025-11-12;16;683
25;2025-11-12;17;747
25;2025-11-12;18;774
25;2025-11-12;19;514
25;2025-11-12;20;325
25;2025-11-12;21;213
25;2025-11-12;22;108
25;2025-11-12;23;7
25;2025-11-13;0;0
25;2025-11-13;1;0
25;2025-11-13;2;0
25;2025-11-13;3;0
25;2025-11-13;4;0
25;2025-11-13;5;6
25;2025-11-13;6;150
25;2025-11-13;7;509
25;2025-11-13;8;899
25;2025-11-13;9;497
25;2025-11-13;10;392
25;2025-11-13;11;431
25;2025-11-13;12;419
25;2025-11-13;13;513
25;2025-11-13;14;475
25;2025-11-13;15;551
25;2025-11-13;16;693
25;2025-11-13;17;745
25;2025-11-13;18;775
25;2025-11-13;19;523
25;2025-11-13;20;317
25;2025-11-13;21;214
25;2025-11-13;22;115
25;2025-11-13;23;9
25;2025-11-14;0;0
25;2025-11-14;1;0
25;2025-11-14;2;0
25;2025-11-14;3;0
25;2025-11-14;4;0
25;2025-11-14;5;8
25;2025-11-14;6;148
25;2025-11-14;7;494
25;2025-11-14;8;850
25;2025-11-14;9;478
25;2025-11-14;10;369
25;2025-11-14;11;433
25;2025-11-14;12;425
25;2025-11-14;13;514
25;2025-11-14;14;510
25;2025-11-14;15;582
25;2025-11-14;16;730
25;2025-11-14;17;764
25;2025-11-14;18;677
25;2025-11-14;19;476
25;2025-11-14;20;305
25;2025-11-14;21;219
25;2025-11-14;22;128
25;2025-11-14;23;8
25;2025-11-15;0;0
25;2025-11-15;1;0
25;2025-11-15;2;0
25;2025-11-15;3;0
25;2025-11-15;4;0
25;2025-11-15;5;3
25;2025-11-15;6;51
25;2025-11-15;7;133
25;2025-11-15;8;298
25;2025-11-15;9;273
25;2025-11-15;10;314
25;2025-11-15;11;397
25;2025-11-15;12;419
25;2025-11-15;13;515
25;2025-11-15;14;558
25;2025-11-15;15;630
25;2025-11-15;16;574
25;2025-11-15;17;490
25;2025-11-15;18;466
25;2025-11-15;19;405
25;2025-11-15;20;266
25;2025-11-15;21;211
25;2025-11-15;22;126
25;2025-11-15;23;55
25;2025-11-16;0;17
25;2025-11-16;1;0
25;2025-11-16;2;0
25;2025-11-16;3;0
25;2025-11-16;4;0
25;2025-11-16;5;3
25;2025-11-16;6;44
25;2025-11-16;7;99
25;2025-11-16;8;199
25;2025-11-16;9;207
25;2025-11-16;10;249
25;2025-11-16;11;327
25;2025-11-16;12;374
25;2025-11-16;13;467
25;2025-11-16;14;515
25;2025-11-16;15;579
25;2025-11-16;16;507
25;2025-11-16;17;441
25;2025-11-16;18;407
25;2025-11-16;19;333
25;2025-11-16;20;228
25;2025-11-16;21;181
25;2025-11-16;22;97
25;2025-11-16;23;39
25;2025-11-17;0;9
25;2025-11-17;1;0
25;2025-11-17;2;0
25;2025-11-17;3;0
25;2025-11-17;4;0
25;2025-11-17;5;5
25;2025-11-17;6;149
25;2025-11-17;7;502
25;2025-11-17;8;868
25;2025-11-17;9;474
25;2025-11-17;10;345
25;2025-11-17;11;389
25;2025-11-17;12;381
25;2025-11-17;13;490
25;2025-11-17;14;416
25;2025-11-17;15;493
25;2025-11-17;16;664
25;2025-11-17;17;719
25;2025-11-17;18;741
25;2025-11-17;19;486
25;2025-11-17;20;294
25;2025-11-17;21;194
25;2025-11-17;22;93
25;2025-11-17;23;6
25;2025-11-18;0;0
25;2025-11-18;1;0
25;2025-11-18;2;0
25;2025-11-18;3;0
25;2025-11-18;4;0
25;2025-11-18;5;6
25;2025-11-18;6;153
25;2025-11-18;7;512
25;2025-11-18;8;893
25;2025-11-18;9;501
25;2025-11-18;10;378
25;2025-11-18;11;431
25;2025-11-18;12;418
25;2025-11-18;13;499
25;2025-11-18;14;467
25;2025-11-18;15;532
25;2025-11-18;16;679
25;2025-11-18;17;733
25;2025-11-18;18;762
25;2025-11-18;19;510
25;2025-11-18;20;308
25;2025-11-18;21;199
25;2025-11-18;22;101
25;2025-11-18;23;7
25;2025-11-19;0;0
25;2025-11-19;1;0
25;2025-11-19;2;0
25;2025-11-19;3;0
25;2025-11-19;4;0
25;2025-11-19;5;5
25;2025-11-19;6;153
25;2025-11-19;7;508
25;2025-11-19;8;892
25;2025-11-19;9;489
25;2025-11-19;10;376
25;2025-11-19;11;437
25;2025-11-19;12;427
25;2025-11-19;13;519
25;2025-11-19;14;456
25;2025-11-19;15;536
25;2025-11-19;16;683
25;2025-11-19;17;747
25;2025-11-19;18;774
25;2025-11-19;19;514
25;2025-11-19;20;325
25;2025-11-19;21;213
25;2025-11-19;22;108
25;2025-11-19;23;7
25;2025-11-20;0;0
25;2025-11-20;1;0
25;2025-11-20;2;0
25;2025-11-20;3;0
25;2025-11-20;4;0
25;2025-11-20;5;6
25;2025-11-20;6;150
25;2025-11-20;7;509
25;2025-11-20;8;899
25;2025-11-20;9;497
25;2025-11-20;10;392
25;2025-11-20;11;431
25;2025-11-20;12;419
25;2025-11-20;13;513
25;2025-11-20;14;475
25;2025-11-20;15;551
25;2025-11-20;16;693
25;2025-11-20;17;745
25;2025-11-20;18;775
25;2025-11-20;19;523
25;2025-11-20;20;317
25;2025-11-20;21;214
25;2025-11-20;22;115
25;2025-11-20;23;9
25;2025-11-21;0;0
25;2025-11-21;1;0
25;2025-11-21;2;0
25;2025-11-21;3;0
25;2025-11-21;4;0
25;2025-11-21;5;8
25;2025-11-21;6;148
25;2025-11-21;7;494
25;2025-11-21;8;850
25;2025-11-21;9;478
25;2025-11-21;10;369
25;2025-11-21;11;433
25;2025-11-21;12;425
25;2025-11-21;13;514
25;2025-11-21;14;510
25;2025-11-21;15;582
25;2025-11-21;16;730
25;2025-11-21;17;764
25;2025-11-21;18;677
25;2025-11-21;19;476
25;2025-11-21;20;305
25;2025-11-21;21;219
25;2025-11-21;22;128
25;2025-11-21;23;8
25;2025-11-22;0;0
25;2025-11-22;1;0
25;2025-11-22;2;0
25;2025-11-22;3;0
25;2025-11-22;4;0
25;2025-11-22;5;3
25;2025-11-22;6;51
25;2025-11-22;7;133
25;2025-11-22;8;298
25;2025-11-22;9;273
25;2025-11-22;10;314
25;2025-11-22;11;397
25;2025-11-22;12;419
25;2025-11-22;13;515
25;2025-11-22;14;558
25;2025-11-22;15;630
25;2025-11-22;16;574
25;2025-11-22;17;490
25;2025-11-22;18;466
25;2025-11-22;19;405
25;2025-11-22;20;266
25;2025-11-22;21;211
25;2025-11-22;22;126
25;2025-11-22;23;55
25;2025-11-23;0;17
25;2025-11-23;1;0
25;2025-11-23;2;0
25;2025-11-23;3;0
25;2025-11-23;4;0
25;2025-11-23;5;3
25;2025-11-23;6;44
25;2025-11-23;7;99
25;2025-11-23;8;199
25;2025-11-23;9;207
25;2025-11-23;10;249
25;2025-11-23;11;327
25;2025-11-23;12;374
25;2025-11-23;13;467
25;2025-11-23;14;515
25;2025-11-23;15;579
25;2025-11-23;16;507
25;2025-11-23;17;441
25;2025-11-23;18;407
25;2025-11-23;19;333
25;2025-11-23;20;228
25;2025-11-23;21;181
25;2025-11-23;22;97
25;2025-11-23;23;39
25;2025-11-24;0;9
25;2025-11-24;1;0
25;2025-11-24;2;0
25;2025-11-24;3;0
25;2025-11-24;4;0
25;2025-11-24;5;5
25;2025-11-24;6;149
25;2025-11-24;7;502
25;2025-11-24;8;868
25;2025-11-24;9;474
25;2025-11-24;10;345
25;2025-11-24;11;389
25;2025-11-24;12;381
25;2025-11-24;13;490
25;2025-11-24;14;416
25;2025-11-24;15;493
25;2025-11-24;16;664
25;2025-11-24;17;719
25;2025-11-24;18;741
25;2025-11-24;19;486
25;2025-11-24;20;294
25;2025-11-24;21;194
25;2025-11-24;22;93
25;2025-11-24;23;6
25;2025-11-25;0;0
25;2025-11-25;1;0
25;2025-11-25;2;0
25;2025-11-25;3;0
25;2025-11-25;4;0
25;2025-11-25;5;6
25;2025-11-25;6;153
25;2025-11-25;7;512
25;2025-11-25;8;893
25;2025-11-25;9;501
25;2025-11-25;10;378
25;2025-11-25;11;431
25;2025-11-25;12;418
25;2025-11-25;13;499
25;2025-11-25;14;467
25;2025-11-25;15;532
25;2025-11-25;16;679
25;2025-11-25;17;733
25;2025-11-25;18;762
25;2025-11-25;19;510
25;2025-11-25;20;308
25;2025-11-25;21;199
25;2025-11-25;22;101
25;2025-11-25;23;7
25;2025-11-26;0;0
25;2025-11-26;1;0
25;2025-11-26;2;0
25;2025-11-26;3;0
25;2025-11-26;4;0
25;2025-11-26;5;5
25;2025-11-26;6;153
25;2025-11-26;7;508
25;2025-11-26;8;892
25;2025-11-26;9;489
25;2025-11-26;10;376
25;2025-11-26;11;437
25;2025-11-26;12;427
25;2025-11-26;13;519
25;2025-11-26;14;456
25;2025-11-26;15;536
25;2025-11-26;16;683
25;2025-11-26;17;747
25;2025-11-26;18;774
25;2025-11-26;19;514
25;2025-11-26;20;325
25;2025-11-26;21;213
25;2025-11-26;22;108
25;2025-11-26;23;7
25;2025-11-27;0;0
25;2025-11-27;1;0
25;2025-11-27;2;0
25;2025-11-27;3;0
25;2025-11-27;4;0
25;2025-11-27;5;6
25;2025-11-27;6;150
25;2025-11-27;7;509
25;2025-11-27;8;899
25;2025-11-27;9;497
25;2025-11-27;10;392
25;2025-11-27;11;431
25;2025-11-27;12;419
25;2025-11-27;13;513
25;2025-11-27;14;475
25;2025-11-27;15;551
25;2025-11-27;16;693
25;2025-11-27;17;745
25;2025-11-27;18;775
25;2025-11-27;19;523
25;2025-11-27;20;317
25;2025-11-27;21;214
25;2025-11-27;22;115
25;2025-11-27;23;9
25;2025-11-28;0;0
25;2025-11-28;1;0
25;2025-11-28;2;0
25;2025-11-28;3;0
25;2025-11-28;4;0
25;2025-11-28;5;8
25;2025-11-28;6;148
25;2025-11-28;7;494
25;2025-11-28;8;850
25;2025-11-28;9;478
25;2025-11-28;10;369
25;2025-11-28;11;433
25;2025-11-28;12;425
25;2025-11-28;13;514
25;2025-11-28;14;510
25;2025-11-28;15;582
25;2025-11-28;16;730
25;2025-11-28;17;764
25;2025-11-28;18;677
25;2025-11-28;19;476
25;2025-11-28;20;305
25;2025-11-28;21;219
25;2025-11-28;22;128
25;2025-11-28;23;8
25;2025-11-29;0;0
25;2025-11-29;1;0
25;2025-11-29;2;0
25;2025-11-29;3;0
25;2025-11-29;4;0
25;2025-11-29;5;3
25;2025-11-29;6;51
25;2025-11-29;7;133
25;2025-11-29;8;298
25;2025-11-29;9;273
25;2025-11-29;10;314
25;2025-11-29;11;397
25;2025-11-29;12;419
25;2025-11-29;13;515
25;2025-11-29;14;558
25;2025-11-29;15;630
25;2025-11-29;16;574
25;2025-11-29;17;490
25;2025-11-29;18;466
25;2025-11-29;19;405
25;2025-11-29;20;266
25;2025-11-29;21;211
25;2025-11-29;22;126
25;2025-11-29;23;55
25;2025-11-30;0;17
25;2025-11-30;1;0
25;2025-11-30;2;0
25;2025-11-30;3;0
25;2025-11-30;4;0
25;2025-11-30;5;3
25;2025-11-30;6;44
25;2025-11-30;7;99
25;2025-11-30;8;199
25;2025-11-30;9;207
25;2025-11-30;10;249
25;2025-11-30;11;327
25;2025-11-30;12;374
25;2025-11-30;13;467
25;2025-11-30;14;515
25;2025-11-30;15;579
25;2025-11-30;16;507
25;2025-11-30;17;441
25;2025-11-30;18;407
25;2025-11-30;19;333
25;2025-11-30;20;228
25;2025-11-30;21;181
25;2025-11-30;22;97
25;2025-11-30;23;39
25;2025-12-01;0;9
25;2025-12-01;1;0
25;2025-12-01;2;0
25;2025-12-01;3;0
25;2025-12-01;4;0
25;2025-12-01;5;1
25;2025-12-01;6;146
25;2025-12-01;7;503
25;2025-12-01;8;818
25;2025-12-01;9;409
25;2025-12-01;10;300
25;2025-12-01;11;316
25;2025-12-01;12;330
25;2025-12-01;13;403
25;2025-12-01;14;335
25;2025-12-01;15;422
25;2025-12-01;16;594
25;2025-12-01;17;653
25;2025-12-01;18;705
25;2025-12-01;19;415
25;2025-12-01;20;246
25;2025-12-01;21;154
25;2025-12-01;22;101
25;2025-12-01;23;4
25;2025-12-02;0;0
25;2025-12-02;1;0
25;2025-12-02;2;0
25;2025-12-02;3;0
25;2025-12-02;4;0
25;2025-12-02;5;1
25;2025-12-02;6;149
25;2025-12-02;7;509
25;2025-12-02;8;839
25;2025-12-02;9;432
25;2025-12-02;10;318
25;2025-12-02;11;332
25;2025-12-02;12;344
25;2025-12-02;13;406
25;2025-12-02;14;375
25;2025-12-02;15;455
25;2025-12-02;16;605
25;2025-12-02;17;666
25;2025-12-02;18;720
25;2025-12-02;19;439
25;2025-12-02;20;258
25;2025-12-02;21;153
25;2025-12-02;22;108
25;2025-12-02;23;4
25;2025-12-03;0;0
25;2025-12-03;1;0
25;2025-12-03;2;0
25;2025-12-03;3;0
25;2025-12-03;4;0
25;2025-12-03;5;1
25;2025-12-03;6;150
25;2025-12-03;7;502
25;2025-12-03;8;838
25;2025-12-03;9;420
25;2025-12-03;10;315
25;2025-12-03;11;332
25;2025-12-03;12;352
25;2025-12-03;13;417
25;2025-12-03;14;367
25;2025-12-03;15;451
25;2025-12-03;16;603
25;2025-12-03;17;674
25;2025-12-03;18;727
25;2025-12-03;19;437
25;2025-12-03;20;276
25;2025-12-03;21;167
25;2025-12-03;22;116
25;2025-12-03;23;3
25;2025-12-04;0;0
25;2025-12-04;1;0
25;2025-12-04;2;0
25;2025-12-04;3;0
25;2025-12-04;4;0
25;2025-12-04;5;2
25;2025-12-04;6;147
25;2025-12-04;7;503
25;2025-12-04;8;845
25;2025-12-04;9;428
25;2025-12-04;10;332
25;2025-12-04;11;337
25;2025-12-04;12;356
25;2025-12-04;13;411
25;2025-12-04;14;381
25;2025-12-04;15;466
25;2025-12-04;16;613
25;2025-12-04;17;673
25;2025-12-04;18;728
25;2025-12-04;19;447
25;2025-12-04;20;267
25;2025-12-04;21;168
25;2025-12-04;22;122
25;2025-12-04;23;5
25;2025-12-05;0;0
25;2025-12-05;1;0
25;2025-12-05;2;0
25;2025-12-05;3;0
25;2025-12-05;4;0
25;2025-12-05;5;0
25;2025-12-05;6;145
25;2025-12-05;7;491
25;2025-12-05;8;797
25;2025-12-05;9;409
25;2025-12-05;10;309
25;2025-12-05;11;334
25;2025-12-05;12;350
25;2025-12-05;13;421
25;2025-12-05;14;419
25;2025-12-05;15;507
25;2025-12-05;16;656
25;2025-12-05;17;698
25;2025-12-05;18;640
25;2025-12-05;19;405
25;2025-12-05;20;255
25;2025-12-05;21;173
25;2025-12-05;22;136
25;2025-12-05;23;6
25;2025-12-06;0;0
25;2025-12-06;1;0
25;2025-12-06;2;0
25;2025-12-06;3;0
25;2025-12-06;4;0
25;2025-12-06;5;0
25;2025-12-06;6;44
25;2025-12-06;7;115
25;2025-12-06;8;243
25;2025-12-06;9;234
25;2025-12-06;10;242
25;2025-12-06;11;279
25;2025-12-06;12;327
25;2025-12-06;13;392
25;2025-12-06;14;411
25;2025-12-06;15;505
25;2025-12-06;16;471
25;2025-12-06;17;407
25;2025-12-06;18;403
25;2025-12-06;19;340
25;2025-12-06;20;217
25;2025-12-06;21;168
25;2025-12-06;22;127
25;2025-12-06;23;50
25;2025-12-07;0;13
25;2025-12-07;1;0
25;2025-12-07;2;0
25;2025-12-07;3;0
25;2025-12-07;4;0
25;2025-12-07;5;1
25;2025-12-07;6;39
25;2025-12-07;7;88
25;2025-12-07;8;156
25;2025-12-07;9;180
25;2025-12-07;10;201
25;2025-12-07;11;239
25;2025-12-07;12;298
25;2025-12-07;13;359
25;2025-12-07;14;380
25;2025-12-07;15;474
25;2025-12-07;16;422
25;2025-12-07;17;370
25;2025-12-07;18;361
25;2025-12-07;19;273
25;2025-12-07;20;192
25;2025-12-07;21;152
25;2025-12-07;22;100
25;2025-12-07;23;36
25;2025-12-08;0;9
25;2025-12-08;1;0
25;2025-12-08;2;0
25;2025-12-08;3;0
25;2025-12-08;4;0
25;2025-12-08;5;1
25;2025-12-08;6;146
25;2025-12-08;7;503
25;2025-12-08;8;818
25;2025-12-08;9;409
25;2025-12-08;10;300
25;2025-12-08;11;316
25;2025-12-08;12;330
25;2025-12-08;13;403
25;2025-12-08;14;335
25;2025-12-08;15;422
25;2025-12-08;16;594
25;2025-12-08;17;653
25;2025-12-08;18;705
25;2025-12-08;19;415
25;2025-12-08;20;246
25;2025-12-08;21;154
25;2025-12-08;22;101
25;2025-12-08;23;4
25;2025-12-09;0;0
25;2025-12-09;1;0
25;2025-12-09;2;0
25;2025-12-09;3;0
25;2025-12-09;4;0
25;2025-12-09;5;1
25;2025-12-09;6;149
25;2025-12-09;7;509
25;2025-12-09;8;839
25;2025-12-09;9;432
25;2025-12-09;10;318
25;2025-12-09;11;332
25;2025-12-09;12;344
25;2025-12-09;13;406
25;2025-12-09;14;375
25;2025-12-09;15;455
25;2025-12-09;16;605
25;2025-12-09;17;666
25;2025-12-09;18;720
25;2025-12-09;19;439
25;2025-12-09;20;258
25;2025-12-09;21;153
25;2025-12-09;22;108
25;2025-12-09;23;4
25;2025-12-10;0;0
25;2025-12-10;1;0
25;2025-12-10;2;0
25;2025-12-10;3;0
25;2025-12-10;4;0
25;2025-12-10;5;1
25;2025-12-10;6;150
25;2025-12-10;7;502
25;2025-12-10;8;838
25;2025-12-10;9;420
25;2025-12-10;10;315
25;2025-12-10;11;332
25;2025-12-10;12;352
25;2025-12-10;13;417
25;2025-12-10;14;367
25;2025-12-10;15;451
25;2025-12-10;16;603
25;2025-12-10;17;674
25;2025-12-10;18;727
25;2025-12-10;19;437
25;2025-12-10;20;276
25;2025-12-10;21;167
25;2025-12-10;22;116
25;2025-12-10;23;3
25;2025-12-11;0;0
25;2025-12-11;1;0
25;2025-12-11;2;0
25;2025-12-11;3;0
25;2025-12-11;4;0
25;2025-12-11;5;2
25;2025-12-11;6;147
25;2025-12-11;7;503
25;2025-12-11;8;845
25;2025-12-11;9;428
25;2025-12-11;10;332
25;2025-12-11;11;337
25;2025-12-11;12;356
25;2025-12-11;13;411
25;2025-12-11;14;381
25;2025-12-11;15;466
25;2025-12-11;16;613
25;2025-12-11;17;673
25;2025-12-11;18;728
25;2025-12-11;19;447
25;2025-12-11;20;267
25;2025-12-11;21;168
25;2025-12-11;22;122
25;2025-12-11;23;5
25;2025-12-12;0;0
25;2025-12-12;1;0
25;2025-12-12;2;0
25;2025-12-12;3;0
25;2025-12-12;4;0
25;2025-12-12;5;0
25;2025-12-12;6;145
25;2025-12-12;7;491
25;2025-12-12;8;797
25;2025-12-12;9;409
25;2025-12-12;10;309
25;2025-12-12;11;334
25;2025-12-12;12;350
25;2025-12-12;13;421
25;2025-12-12;14;419
25;2025-12-12;15;507
25;2025-12-12;16;656
25;2025-12-12;17;698
25;2025-12-12;18;640
25;2025-12-12;19;405
25;2025-12-12;20;255
25;2025-12-12;21;173
25;2025-12-12;22;136
25;2025-12-12;23;6
25;2025-12-13;0;0
25;2025-12-13;1;0
25;2025-12-13;2;0
25;2025-12-13;3;0
25;2025-12-13;4;0
25;2025-12-13;5;0
25;2025-12-13;6;44
25;2025-12-13;7;115
25;2025-12-13;8;243
25;2025-12-13;9;234
25;2025-12-13;10;242
25;2025-12-13;11;279
25;2025-12-13;12;327
25;2025-12-13;13;392
25;2025-12-13;14;411
25;2025-12-13;15;505
25;2025-12-13;16;471
25;2025-12-13;17;407
25;2025-12-13;18;403
25;2025-12-13;19;340
25;2025-12-13;20;217
25;2025-12-13;21;168
25;2025-12-13;22;127
25;2025-12-13;23;50
25;2025-12-14;0;13
25;2025-12-14;1;0
25;2025-12-14;2;0
25;2025-12-14;3;0
25;2025-12-14;4;0
25;2025-12-14;5;1
25;2025-12-14;6;39
25;2025-12-14;7;88
25;2025-12-14;8;156
25;2025-12-14;9;180
25;2025-12-14;10;201
25;2025-12-14;11;239
25;2025-12-14;12;298
25;2025-12-14;13;359
25;2025-12-14;14;380
25;2025-12-14;15;474
25;2025-12-14;16;422
25;2025-12-14;17;370
25;2025-12-14;18;361
25;2025-12-14;19;273
25;2025-12-14;20;192
25;2025-12-14;21;152
25;2025-12-14;22;100
25;2025-12-14;23;36
25;2025-12-15;0;9
25;2025-12-15;1;0
25;2025-12-15;2;0
25;2025-12-15;3;0
25;2025-12-15;4;0
25;2025-12-15;5;1
25;2025-12-15;6;146
25;2025-12-15;7;503
25;2025-12-15;8;818
25;2025-12-15;9;409
25;2025-12-15;10;300
25;2025-12-15;11;316
25;2025-12-15;12;330
25;2025-12-15;13;403
25;2025-12-15;14;335
25;2025-12-15;15;422
25;2025-12-15;16;594
25;2025-12-15;17;653
25;2025-12-15;18;705
25;2025-12-15;19;415
25;2025-12-15;20;246
25;2025-12-15;21;154
25;2025-12-15;22;101
25;2025-12-15;23;4
25;2025-12-16;0;0
25;2025-12-16;1;0
25;2025-12-16;2;0
25;2025-12-16;3;0
25;2025-12-16;4;0
25;2025-12-16;5;1
25;2025-12-16;6;149
25;2025-12-16;7;509
25;2025-12-16;8;839
25;2025-12-16;9;432
25;2025-12-16;10;318
25;2025-12-16;11;332
25;2025-12-16;12;344
25;2025-12-16;13;406
25;2025-12-16;14;375
25;2025-12-16;15;455
25;2025-12-16;16;605
25;2025-12-16;17;666
25;2025-12-16;18;720
25;2025-12-16;19;439
25;2025-12-16;20;258
25;2025-12-16;21;153
25;2025-12-16;22;108
25;2025-12-16;23;4
25;2025-12-17;0;0
25;2025-12-17;1;0
25;2025-12-17;2;0
25;2025-12-17;3;0
25;2025-12-17;4;0
25;2025-12-17;5;1
25;2025-12-17;6;150
25;2025-12-17;7;502
25;2025-12-17;8;838
25;2025-12-17;9;420
25;2025-12-17;10;315
25;2025-12-17;11;332
25;2025-12-17;12;352
25;2025-12-17;13;417
25;2025-12-17;14;367
25;2025-12-17;15;451
25;2025-12-17;16;603
25;2025-12-17;17;674
25;2025-12-17;18;727
25;2025-12-17;19;437
25;2025-12-17;20;276
25;2025-12-17;21;167
25;2025-12-17;22;116
25;2025-12-17;23;3
25;2025-12-18;0;0
25;2025-12-18;1;0
25;2025-12-18;2;0
25;2025-12-18;3;0
25;2025-12-18;4;0
25;2025-12-18;5;2
25;2025-12-18;6;147
25;2025-12-18;7;503
25;2025-12-18;8;845
25;2025-12-18;9;428
25;2025-12-18;10;332
25;2025-12-18;11;337
25;2025-12-18;12;356
25;2025-12-18;13;411
25;2025-12-18;14;381
25;2025-12-18;15;466
25;2025-12-18;16;613
25;2025-12-18;17;673
25;2025-12-18;18;728
25;2025-12-18;19;447
25;2025-12-18;20;267
25;2025-12-18;21;168
25;2025-12-18;22;122
25;2025-12-18;23;5
25;2025-12-19;0;0
25;2025-12-19;1;0
25;2025-12-19;2;0
25;2025-12-19;3;0
25;2025-12-19;4;0
25;2025-12-19;5;0
25;2025-12-19;6;145
25;2025-12-19;7;491
25;2025-12-19;8;797
25;2025-12-19;9;409
25;2025-12-19;10;309
25;2025-12-19;11;334
25;2025-12-19;12;350
25;2025-12-19;13;421
25;2025-12-19;14;419
25;2025-12-19;15;507
25;2025-12-19;16;656
25;2025-12-19;17;698
25;2025-12-19;18;640
25;2025-12-19;19;405
25;2025-12-19;20;255
25;2025-12-19;21;173
25;2025-12-19;22;136
25;2025-12-19;23;6
25;2025-12-20;0;0
25;2025-12-20;1;0
25;2025-12-20;2;0
25;2025-12-20;3;0
25;2025-12-20;4;0
25;2025-12-20;5;0
25;2025-12-20;6;44
25;2025-12-20;7;115
25;2025-12-20;8;243
25;2025-12-20;9;234
25;2025-12-20;10;242
25;2025-12-20;11;279
25;2025-12-20;12;327
25;2025-12-20;13;392
25;2025-12-20;14;411
25;2025-12-20;15;505
25;2025-12-20;16;471
25;2025-12-20;17;407
25;2025-12-20;18;403
25;2025-12-20;19;340
25;2025-12-20;20;217
25;2025-12-20;21;168
25;2025-12-20;22;127
25;2025-12-20;23;50
25;2025-12-21;0;13
25;2025-12-21;1;0
25;2025-12-21;2;0
25;2025-12-21;3;0
25;2025-12-21;4;0
25;2025-12-21;5;1
25;2025-12-21;6;39
25;2025-12-21;7;88
25;2025-12-21;8;156
25;2025-12-21;9;180
25;2025-12-21;10;201
25;2025-12-21;11;239
25;2025-12-21;12;298
25;2025-12-21;13;359
25;2025-12-21;14;380
25;2025-12-21;15;474
25;2025-12-21;16;422
25;2025-12-21;17;370
25;2025-12-21;18;361
25;2025-12-21;19;273
25;2025-12-21;20;192
25;2025-12-21;21;152
25;2025-12-21;22;100
25;2025-12-21;23;36
25;2025-12-22;0;9
25;2025-12-22;1;0
25;2025-12-22;2;0
25;2025-12-22;3;0
25;2025-12-22;4;0
25;2025-12-22;5;1
25;2025-12-22;6;146
25;2025-12-22;7;503
25;2025-12-22;8;818
25;2025-12-22;9;409
25;2025-12-22;10;300
25;2025-12-22;11;316
25;2025-12-22;12;330
25;2025-12-22;13;403
25;2025-12-22;14;335
25;2025-12-22;15;422
25;2025-12-22;16;594
25;2025-12-22;17;653
25;2025-12-22;18;705
25;2025-12-22;19;415
25;2025-12-22;20;246
25;2025-12-22;21;154
25;2025-12-22;22;101
25;2025-12-22;23;4
25;2025-12-23;0;0
25;2025-12-23;1;0
25;2025-12-23;2;0
25;2025-12-23;3;0
25;2025-12-23;4;0
25;2025-12-23;5;1
25;2025-12-23;6;149
25;2025-12-23;7;509
25;2025-12-23;8;839
25;2025-12-23;9;432
25;2025-12-23;10;318
25;2025-12-23;11;332
25;2025-12-23;12;344
25;2025-12-23;13;406
25;2025-12-23;14;375
25;2025-12-23;15;455
25;2025-12-23;16;605
25;2025-12-23;17;666
25;2025-12-23;18;720
25;2025-12-23;19;439
25;2025-12-23;20;258
25;2025-12-23;21;153
25;2025-12-23;22;108
25;2025-12-23;23;4
25;2025-12-24;0;0
25;2025-12-24;1;0
25;2025-12-24;2;0
25;2025-12-24;3;0
25;2025-12-24;4;0
25;2025-12-24;5;1
25;2025-12-24;6;150
25;2025-12-24;7;502
25;2025-12-24;8;838
25;2025-12-24;9;420
25;2025-12-24;10;315
25;2025-12-24;11;332
25;2025-12-24;12;352
25;2025-12-24;13;417
25;2025-12-24;14;367
25;2025-12-24;15;451
25;2025-12-24;16;603
25;2025-12-24;17;674
25;2025-12-24;18;727
25;2025-12-24;19;437
25;2025-12-24;20;276
25;2025-12-24;21;167
25;2025-12-24;22;116
25;2025-12-24;23;3
25;2025-12-25;0;0
25;2025-12-25;1;0
25;2025-12-25;2;0
25;2025-12-25;3;0
25;2025-12-25;4;0
25;2025-12-25;5;2
25;2025-12-25;6;147
25;2025-12-25;7;503
25;2025-12-25;8;845
25;2025-12-25;9;428
25;2025-12-25;10;332
25;2025-12-25;11;337
25;2025-12-25;12;356
25;2025-12-25;13;411
25;2025-12-25;14;381
25;2025-12-25;15;466
25;2025-12-25;16;613
25;2025-12-25;17;673
25;2025-12-25;18;728
25;2025-12-25;19;447
25;2025-12-25;20;267
25;2025-12-25;21;168
25;2025-12-25;22;122
25;2025-12-25;23;5
25;2025-12-26;0;0
25;2025-12-26;1;0
25;2025-12-26;2;0
25;2025-12-26;3;0
25;2025-12-26;4;0
25;2025-12-26;5;0
25;2025-12-26;6;145
25;2025-12-26;7;491
25;2025-12-26;8;797
25;2025-12-26;9;409
25;2025-12-26;10;309
25;2025-12-26;11;334
25;2025-12-26;12;350
25;2025-12-26;13;421
25;2025-12-26;14;419
25;2025-12-26;15;507
25;2025-12-26;16;656
25;2025-12-26;17;698
25;2025-12-26;18;640
25;2025-12-26;19;405
25;2025-12-26;20;255
25;2025-12-26;21;173
25;2025-12-26;22;136
25;2025-12-26;23;6
25;2025-12-27;0;0
25;2025-12-27;1;0
25;2025-12-27;2;0
25;2025-12-27;3;0
25;2025-12-27;4;0
25;2025-12-27;5;0
25;2025-12-27;6;44
25;2025-12-27;7;115
25;2025-12-27;8;243
25;2025-12-27;9;234
25;2025-12-27;10;242
25;2025-12-27;11;279
25;2025-12-27;12;327
25;2025-12-27;13;392
25;2025-12-27;14;411
25;2025-12-27;15;505
25;2025-12-27;16;471
25;2025-12-27;17;407
25;2025-12-27;18;403
25;2025-12-27;19;340
25;2025-12-27;20;217
25;2025-12-27;21;168
25;2025-12-27;22;127
25;2025-12-27;23;50
25;2025-12-28;0;13
25;2025-12-28;1;0
25;2025-12-28;2;0
25;2025-12-28;3;0
25;2025-12-28;4;0
25;2025-12-28;5;1
25;2025-12-28;6;39
25;2025-12-28;7;88
25;2025-12-28;8;156
25;2025-12-28;9;180
25;2025-12-28;10;201
25;2025-12-28;11;239
25;2025-12-28;12;298
25;2025-12-28;13;359
25;2025-12-28;14;380
25;2025-12-28;15;474
25;2025-12-28;16;422
25;2025-12-28;17;370
25;2025-12-28;18;361
25;2025-12-28;19;273
25;2025-12-28;20;192
25;2025-12-28;21;152
25;2025-12-28;22;100
25;2025-12-28;23;36
25;2025-12-29;0;9
25;2025-12-29;1;0
25;2025-12-29;2;0
25;2025-12-29;3;0
25;2025-12-29;4;0
25;2025-12-29;5;1
25;2025-12-29;6;146
25;2025-12-29;7;503
25;2025-12-29;8;818
25;2025-12-29;9;409
25;2025-12-29;10;300
25;2025-12-29;11;316
25;2025-12-29;12;330
25;2025-12-29;13;403
25;2025-12-29;14;335
25;2025-12-29;15;422
25;2025-12-29;16;594
25;2025-12-29;17;653
25;2025-12-29;18;705
25;2025-12-29;19;415
25;2025-12-29;20;246
25;2025-12-29;21;154
25;2025-12-29;22;101
25;2025-12-29;23;4
25;2025-12-30;0;0
25;2025-12-30;1;0
25;2025-12-30;2;0
25;2025-12-30;3;0
25;2025-12-30;4;0
25;2025-12-30;5;1
25;2025-12-30;6;149
25;2025-12-30;7;509
25;2025-12-30;8;839
25;2025-12-30;9;432
25;2025-12-30;10;318
25;2025-12-30;11;332
25;2025-12-30;12;344
25;2025-12-30;13;406
25;2025-12-30;14;375
25;2025-12-30;15;455
25;2025-12-30;16;605
25;2025-12-30;17;666
25;2025-12-30;18;720
25;2025-12-30;19;439
25;2025-12-30;20;258
25;2025-12-30;21;153
25;2025-12-30;22;108
25;2025-12-30;23;4
25;2025-12-31;0;3
25;2025-12-31;1;0
25;2025-12-31;2;0
25;2025-12-31;3;0
25;2025-12-31;4;0
25;2025-12-31;5;0
25;2025-12-31;6;27
25;2025-12-31;7;195
25;2025-12-31;8;201
25;2025-12-31;9;199
25;2025-12-31;10;172
25;2025-12-31;11;180
25;2025-12-31;12;220
25;2025-12-31;13;302
25;2025-12-31;14;272
25;2025-12-31;15;361
25;2025-12-31;16;319
25;2025-12-31;17;287
25;2025-12-31;18;317
25;2025-12-31;19;284
25;2025-12-31;20;213
25;2025-12-31;21;123
25;2025-12-31;22;81
25;2025-12-31;23;13
26;2025-11-01;0;71
26;2025-11-01;1;0
26;2025-11-01;2;0
26;2025-11-01;3;4
26;2025-11-01;4;8
26;2025-11-01;5;68
26;2025-11-01;6;305
26;2025-11-01;7;463
26;2025-11-01;8;1702
26;2025-11-01;9;1366
26;2025-11-01;10;1200
26;2025-11-01;11;1231
26;2025-11-01;12;1350
26;2025-11-01;13;1380
26;2025-11-01;14;1468
26;2025-11-01;15;1649
26;2025-11-01;16;1725
26;2025-11-01;17;1746
26;2025-11-01;18;1716
26;2025-11-01;19;1211
26;2025-11-01;20;724
26;2025-11-01;21;415
26;2025-11-01;22;239
26;2025-11-01;23;184
26;2025-11-02;0;47
26;2025-11-02;1;5
26;2025-11-02;2;0
26;2025-11-02;3;4
26;2025-11-02;4;0
26;2025-11-02;5;26
26;2025-11-02;6;155
26;2025-11-02;7;262
26;2025-11-02;8;444
26;2025-11-02;9;566
26;2025-11-02;10;646
26;2025-11-02;11;865
26;2025-11-02;12;911
26;2025-11-02;13;939
26;2025-11-02;14;956
26;2025-11-02;15;890
26;2025-11-02;16;883
26;2025-11-02;17;863
26;2025-11-02;18;771
26;2025-11-02;19;637
26;2025-11-02;20;433
26;2025-11-02;21;296
26;2025-11-02;22;188
26;2025-11-02;23;111
26;2025-11-03;0;34
26;2025-11-03;1;5
26;2025-11-03;2;0
26;2025-11-03;3;4
26;2025-11-03;4;0
26;2025-11-03;5;46
26;2025-11-03;6;258
26;2025-11-03;7;367
26;2025-11-03;8;916
26;2025-11-03;9;666
26;2025-11-03;10;637
26;2025-11-03;11;799
26;2025-11-03;12;832
26;2025-11-03;13;833
26;2025-11-03;14;848
26;2025-11-03;15;784
26;2025-11-03;16;744
26;2025-11-03;17;842
26;2025-11-03;18;832
26;2025-11-03;19;719
26;2025-11-03;20;505
26;2025-11-03;21;337
26;2025-11-03;22;174
26;2025-11-03;23;59
26;2025-11-04;0;37
26;2025-11-04;1;4
26;2025-11-04;2;0
26;2025-11-04;3;4
26;2025-11-04;4;9
26;2025-11-04;5;34
26;2025-11-04;6;206
26;2025-11-04;7;296
26;2025-11-04;8;609
26;2025-11-04;9;494
26;2025-11-04;10;504
26;2025-11-04;11;679
26;2025-11-04;12;729
26;2025-11-04;13;748
26;2025-11-04;14;802
26;2025-11-04;15;741
26;2025-11-04;16;692
26;2025-11-04;17;760
26;2025-11-04;18;733
26;2025-11-04;19;639
26;2025-11-04;20;394
26;2025-11-04;21;327
26;2025-11-04;22;196
26;2025-11-04;23;123
26;2025-11-05;0;31
26;2025-11-05;1;1
26;2025-11-05;2;0
26;2025-11-05;3;4
26;2025-11-05;4;3
26;2025-11-05;5;91
26;2025-11-05;6;509
26;2025-11-05;7;1059
26;2025-11-05;8;2210
26;2025-11-05;9;1516
26;2025-11-05;10;1254
26;2025-11-05;11;1152
26;2025-11-05;12;1192
26;2025-11-05;13;1216
26;2025-11-05;14;1288
26;2025-11-05;15;1359
26;2025-11-05;16;1572
26;2025-11-05;17;1731
26;2025-11-05;18;1877
26;2025-11-05;19;1275
26;2025-11-05;20;783
26;2025-11-05;21;494
26;2025-11-05;22;233
26;2025-11-05;23;135
26;2025-11-06;0;34
26;2025-11-06;1;1
26;2025-11-06;2;0
26;2025-11-06;3;4
26;2025-11-06;4;2
26;2025-11-06;5;92
26;2025-11-06;6;505
26;2025-11-06;7;1061
26;2025-11-06;8;2201
26;2025-11-06;9;1536
26;2025-11-06;10;1260
26;2025-11-06;11;1167
26;2025-11-06;12;1197
26;2025-11-06;13;1218
26;2025-11-06;14;1287
26;2025-11-06;15;1372
26;2025-11-06;16;1574
26;2025-11-06;17;1740
26;2025-11-06;18;1901
26;2025-11-06;19;1282
26;2025-11-06;20;787
26;2025-11-06;21;490
26;2025-11-06;22;241
26;2025-11-06;23;141
26;2025-11-07;0;33
26;2025-11-07;1;2
26;2025-11-07;2;0
26;2025-11-07;3;4
26;2025-11-07;4;0
26;2025-11-07;5;87
26;2025-11-07;6;499
26;2025-11-07;7;1039
26;2025-11-07;8;2095
26;2025-11-07;9;1456
26;2025-11-07;10;1227
26;2025-11-07;11;1133
26;2025-11-07;12;1180
26;2025-11-07;13;1217
26;2025-11-07;14;1280
26;2025-11-07;15;1408
26;2025-11-07;16;1635
26;2025-11-07;17;1735
26;2025-11-07;18;1691
26;2025-11-07;19;1172
26;2025-11-07;20;740
26;2025-11-07;21;475
26;2025-11-07;22;236
26;2025-11-07;23;163
26;2025-11-08;0;49
26;2025-11-08;1;1
26;2025-11-08;2;0
26;2025-11-08;3;4
26;2025-11-08;4;2
26;2025-11-08;5;49
26;2025-11-08;6;259
26;2025-11-08;7;379
26;2025-11-08;8;624
26;2025-11-08;9;709
26;2025-11-08;10;791
26;2025-11-08;11;1009
26;2025-11-08;12;1036
26;2025-11-08;13;1043
26;2025-11-08;14;1105
26;2025-11-08;15;1020
26;2025-11-08;16;1012
26;2025-11-08;17;984
26;2025-11-08;18;933
26;2025-11-08;19;779
26;2025-11-08;20;532
26;2025-11-08;21;364
26;2025-11-08;22;222
26;2025-11-08;23;149
26;2025-11-09;0;47
26;2025-11-09;1;5
26;2025-11-09;2;0
26;2025-11-09;3;4
26;2025-11-09;4;0
26;2025-11-09;5;26
26;2025-11-09;6;155
26;2025-11-09;7;262
26;2025-11-09;8;444
26;2025-11-09;9;566
26;2025-11-09;10;646
26;2025-11-09;11;865
26;2025-11-09;12;911
26;2025-11-09;13;939
26;2025-11-09;14;956
26;2025-11-09;15;890
26;2025-11-09;16;883
26;2025-11-09;17;863
26;2025-11-09;18;771
26;2025-11-09;19;637
26;2025-11-09;20;433
26;2025-11-09;21;296
26;2025-11-09;22;188
26;2025-11-09;23;111
26;2025-11-10;0;28
26;2025-11-10;1;2
26;2025-11-10;2;0
26;2025-11-10;3;4
26;2025-11-10;4;2
26;2025-11-10;5;82
26;2025-11-10;6;500
26;2025-11-10;7;1045
26;2025-11-10;8;2171
26;2025-11-10;9;1485
26;2025-11-10;10;1218
26;2025-11-10;11;1118
26;2025-11-10;12;1158
26;2025-11-10;13;1194
26;2025-11-10;14;1221
26;2025-11-10;15;1313
26;2025-11-10;16;1525
26;2025-11-10;17;1702
26;2025-11-10;18;1840
26;2025-11-10;19;1241
26;2025-11-10;20;758
26;2025-11-10;21;458
26;2025-11-10;22;216
26;2025-11-10;23;111
26;2025-11-11;0;28
26;2025-11-11;1;1
26;2025-11-11;2;0
26;2025-11-11;3;4
26;2025-11-11;4;3
26;2025-11-11;5;88
26;2025-11-11;6;509
26;2025-11-11;7;1066
26;2025-11-11;8;2222
26;2025-11-11;9;1529
26;2025-11-11;10;1251
26;2025-11-11;11;1152
26;2025-11-11;12;1189
26;2025-11-11;13;1209
26;2025-11-11;14;1274
26;2025-11-11;15;1359
26;2025-11-11;16;1566
26;2025-11-11;17;1737
26;2025-11-11;18;1895
26;2025-11-11;19;1276
26;2025-11-11;20;784
26;2025-11-11;21;483
26;2025-11-11;22;226
26;2025-11-11;23;127
26;2025-11-12;0;31
26;2025-11-12;1;1
26;2025-11-12;2;0
26;2025-11-12;3;4
26;2025-11-12;4;3
26;2025-11-12;5;91
26;2025-11-12;6;509
26;2025-11-12;7;1059
26;2025-11-12;8;2210
26;2025-11-12;9;1516
26;2025-11-12;10;1254
26;2025-11-12;11;1152
26;2025-11-12;12;1192
26;2025-11-12;13;1216
26;2025-11-12;14;1288
26;2025-11-12;15;1359
26;2025-11-12;16;1572
26;2025-11-12;17;1731
26;2025-11-12;18;1877
26;2025-11-12;19;1275
26;2025-11-12;20;783
26;2025-11-12;21;494
26;2025-11-12;22;233
26;2025-11-12;23;135
26;2025-11-13;0;34
26;2025-11-13;1;1
26;2025-11-13;2;0
26;2025-11-13;3;4
26;2025-11-13;4;2
26;2025-11-13;5;92
26;2025-11-13;6;505
26;2025-11-13;7;1061
26;2025-11-13;8;2201
26;2025-11-13;9;1536
26;2025-11-13;10;1260
26;2025-11-13;11;1167
26;2025-11-13;12;1197
26;2025-11-13;13;1218
26;2025-11-13;14;1287
26;2025-11-13;15;1372
26;2025-11-13;16;1574
26;2025-11-13;17;1740
26;2025-11-13;18;1901
26;2025-11-13;19;1282
26;2025-11-13;20;787
26;2025-11-13;21;490
26;2025-11-13;22;241
26;2025-11-13;23;141
26;2025-11-14;0;33
26;2025-11-14;1;2
26;2025-11-14;2;0
26;2025-11-14;3;4
26;2025-11-14;4;0
26;2025-11-14;5;87
26;2025-11-14;6;499
26;2025-11-14;7;1039
26;2025-11-14;8;2095
26;2025-11-14;9;1456
26;2025-11-14;10;1227
26;2025-11-14;11;1133
26;2025-11-14;12;1180
26;2025-11-14;13;1217
26;2025-11-14;14;1280
26;2025-11-14;15;1408
26;2025-11-14;16;1635
26;2025-11-14;17;1735
26;2025-11-14;18;1691
26;2025-11-14;19;1172
26;2025-11-14;20;740
26;2025-11-14;21;475
26;2025-11-14;22;236
26;2025-11-14;23;163
26;2025-11-15;0;49
26;2025-11-15;1;1
26;2025-11-15;2;0
26;2025-11-15;3;4
26;2025-11-15;4;2
26;2025-11-15;5;49
26;2025-11-15;6;259
26;2025-11-15;7;379
26;2025-11-15;8;624
26;2025-11-15;9;709
26;2025-11-15;10;791
26;2025-11-15;11;1009
26;2025-11-15;12;1036
26;2025-11-15;13;1043
26;2025-11-15;14;1105
26;2025-11-15;15;1020
26;2025-11-15;16;1012
26;2025-11-15;17;984
26;2025-11-15;18;933
26;2025-11-15;19;779
26;2025-11-15;20;532
26;2025-11-15;21;364
26;2025-11-15;22;222
26;2025-11-15;23;149
26;2025-11-16;0;47
26;2025-11-16;1;5
26;2025-11-16;2;0
26;2025-11-16;3;4
26;2025-11-16;4;0
26;2025-11-16;5;26
26;2025-11-16;6;155
26;2025-11-16;7;262
26;2025-11-16;8;444
26;2025-11-16;9;566
26;2025-11-16;10;646
26;2025-11-16;11;865
26;2025-11-16;12;911
26;2025-11-16;13;939
26;2025-11-16;14;956
26;2025-11-16;15;890
26;2025-11-16;16;883
26;2025-11-16;17;863
26;2025-11-16;18;771
26;2025-11-16;19;637
26;2025-11-16;20;433
26;2025-11-16;21;296
26;2025-11-16;22;188
26;2025-11-16;23;111
26;2025-11-17;0;28
26;2025-11-17;1;2
26;2025-11-17;2;0
26;2025-11-17;3;4
26;2025-11-17;4;2
26;2025-11-17;5;82
26;2025-11-17;6;500
26;2025-11-17;7;1045
26;2025-11-17;8;2171
26;2025-11-17;9;1485
26;2025-11-17;10;1218
26;2025-11-17;11;1118
26;2025-11-17;12;1158
26;2025-11-17;13;1194
26;2025-11-17;14;1221
26;2025-11-17;15;1313
26;2025-11-17;16;1525
26;2025-11-17;17;1702
26;2025-11-17;18;1840
26;2025-11-17;19;1241
26;2025-11-17;20;758
26;2025-11-17;21;458
26;2025-11-17;22;216
26;2025-11-17;23;111
26;2025-11-18;0;28
26;2025-11-18;1;1
26;2025-11-18;2;0
26;2025-11-18;3;4
26;2025-11-18;4;3
26;2025-11-18;5;88
26;2025-11-18;6;509
26;2025-11-18;7;1066
26;2025-11-18;8;2222
26;2025-11-18;9;1529
26;2025-11-18;10;1251
26;2025-11-18;11;1152
26;2025-11-18;12;1189
26;2025-11-18;13;1209
26;2025-11-18;14;1274
26;2025-11-18;15;1359
26;2025-11-18;16;1566
26;2025-11-18;17;1737
26;2025-11-18;18;1895
26;2025-11-18;19;1276
26;2025-11-18;20;784
26;2025-11-18;21;483
26;2025-11-18;22;226
26;2025-11-18;23;127
26;2025-11-19;0;31
26;2025-11-19;1;1
26;2025-11-19;2;0
26;2025-11-19;3;4
26;2025-11-19;4;3
26;2025-11-19;5;91
26;2025-11-19;6;509
26;2025-11-19;7;1059
26;2025-11-19;8;2210
26;2025-11-19;9;1516
26;2025-11-19;10;1254
26;2025-11-19;11;1152
26;2025-11-19;12;1192
26;2025-11-19;13;1216
26;2025-11-19;14;1288
26;2025-11-19;15;1359
26;2025-11-19;16;1572
26;2025-11-19;17;1731
26;2025-11-19;18;1877
26;2025-11-19;19;1275
26;2025-11-19;20;783
26;2025-11-19;21;494
26;2025-11-19;22;233
26;2025-11-19;23;135
26;2025-11-20;0;34
26;2025-11-20;1;1
26;2025-11-20;2;0
26;2025-11-20;3;4
26;2025-11-20;4;2
26;2025-11-20;5;92
26;2025-11-20;6;505
26;2025-11-20;7;1061
26;2025-11-20;8;2201
26;2025-11-20;9;1536
26;2025-11-20;10;1260
26;2025-11-20;11;1167
26;2025-11-20;12;1197
26;2025-11-20;13;1218
26;2025-11-20;14;1287
26;2025-11-20;15;1372
26;2025-11-20;16;1574
26;2025-11-20;17;1740
26;2025-11-20;18;1901
26;2025-11-20;19;1282
26;2025-11-20;20;787
26;2025-11-20;21;490
26;2025-11-20;22;241
26;2025-11-20;23;141
26;2025-11-21;0;33
26;2025-11-21;1;2
26;2025-11-21;2;0
26;2025-11-21;3;4
26;2025-11-21;4;0
26;2025-11-21;5;87
26;2025-11-21;6;499
26;2025-11-21;7;1039
26;2025-11-21;8;2095
26;2025-11-21;9;1456
26;2025-11-21;10;1227
26;2025-11-21;11;1133
26;2025-11-21;12;1180
26;2025-11-21;13;1217
26;2025-11-21;14;1280
26;2025-11-21;15;1408
26;2025-11-21;16;1635
26;2025-11-21;17;1735
26;2025-11-21;18;1691
26;2025-11-21;19;1172
26;2025-11-21;20;740
26;2025-11-21;21;475
26;2025-11-21;22;236
26;2025-11-21;23;163
26;2025-11-22;0;49
26;2025-11-22;1;1
26;2025-11-22;2;0
26;2025-11-22;3;4
26;2025-11-22;4;2
26;2025-11-22;5;49
26;2025-11-22;6;259
26;2025-11-22;7;379
26;2025-11-22;8;624
26;2025-11-22;9;709
26;2025-11-22;10;791
26;2025-11-22;11;1009
26;2025-11-22;12;1036
26;2025-11-22;13;1043
26;2025-11-22;14;1105
26;2025-11-22;15;1020
26;2025-11-22;16;1012
26;2025-11-22;17;984
26;2025-11-22;18;933
26;2025-11-22;19;779
26;2025-11-22;20;532
26;2025-11-22;21;364
26;2025-11-22;22;222
26;2025-11-22;23;149
26;2025-11-23;0;47
26;2025-11-23;1;5
26;2025-11-23;2;0
26;2025-11-23;3;4
26;2025-11-23;4;0
26;2025-11-23;5;26
26;2025-11-23;6;155
26;2025-11-23;7;262
26;2025-11-23;8;444
26;2025-11-23;9;566
26;2025-11-23;10;646
26;2025-11-23;11;865
26;2025-11-23;12;911
26;2025-11-23;13;939
26;2025-11-23;14;956
26;2025-11-23;15;890
26;2025-11-23;16;883
26;2025-11-23;17;863
26;2025-11-23;18;771
26;2025-11-23;19;637
26;2025-11-23;20;433
26;2025-11-23;21;296
26;2025-11-23;22;188
26;2025-11-23;23;111
26;2025-11-24;0;28
26;2025-11-24;1;2
26;2025-11-24;2;0
26;2025-11-24;3;4
26;2025-11-24;4;2
26;2025-11-24;5;82
26;2025-11-24;6;500
26;2025-11-24;7;1045
26;2025-11-24;8;2171
26;2025-11-24;9;1485
26;2025-11-24;10;1218
26;2025-11-24;11;1118
26;2025-11-24;12;1158
26;2025-11-24;13;1194
26;2025-11-24;14;1221
26;2025-11-24;15;1313
26;2025-11-24;16;1525
26;2025-11-24;17;1702
26;2025-11-24;18;1840
26;2025-11-24;19;1241
26;2025-11-24;20;758
26;2025-11-24;21;458
26;2025-11-24;22;216
26;2025-11-24;23;111
26;2025-11-25;0;28
26;2025-11-25;1;1
26;2025-11-25;2;0
26;2025-11-25;3;4
26;2025-11-25;4;3
26;2025-11-25;5;88
26;2025-11-25;6;509
26;2025-11-25;7;1066
26;2025-11-25;8;2222
26;2025-11-25;9;1529
26;2025-11-25;10;1251
26;2025-11-25;11;1152
26;2025-11-25;12;1189
26;2025-11-25;13;1209
26;2025-11-25;14;1274
26;2025-11-25;15;1359
26;2025-11-25;16;1566
26;2025-11-25;17;1737
26;2025-11-25;18;1895
26;2025-11-25;19;1276
26;2025-11-25;20;784
26;2025-11-25;21;483
26;2025-11-25;22;226
26;2025-11-25;23;127
26;2025-11-26;0;31
26;2025-11-26;1;1
26;2025-11-26;2;0
26;2025-11-26;3;4
26;2025-11-26;4;3
26;2025-11-26;5;91
26;2025-11-26;6;509
26;2025-11-26;7;1059
26;2025-11-26;8;2210
26;2025-11-26;9;1516
26;2025-11-26;10;1254
26;2025-11-26;11;1152
26;2025-11-26;12;1192
26;2025-11-26;13;1216
26;2025-11-26;14;1288
26;2025-11-26;15;1359
26;2025-11-26;16;1572
26;2025-11-26;17;1731
26;2025-11-26;18;1877
26;2025-11-26;19;1275
26;2025-11-26;20;783
26;2025-11-26;21;494
26;2025-11-26;22;233
26;2025-11-26;23;135
26;2025-11-27;0;34
26;2025-11-27;1;1
26;2025-11-27;2;0
26;2025-11-27;3;4
26;2025-11-27;4;2
26;2025-11-27;5;92
26;2025-11-27;6;505
26;2025-11-27;7;1061
26;2025-11-27;8;2201
26;2025-11-27;9;1536
26;2025-11-27;10;1260
26;2025-11-27;11;1167
26;2025-11-27;12;1197
26;2025-11-27;13;1218
26;2025-11-27;14;1287
26;2025-11-27;15;1372
26;2025-11-27;16;1574
26;2025-11-27;17;1740
26;2025-11-27;18;1901
26;2025-11-27;19;1282
26;2025-11-27;20;787
26;2025-11-27;21;490
26;2025-11-27;22;241
26;2025-11-27;23;141
26;2025-11-28;0;33
26;2025-11-28;1;2
26;2025-11-28;2;0
26;2025-11-28;3;4
26;2025-11-28;4;0
26;2025-11-28;5;87
26;2025-11-28;6;499
26;2025-11-28;7;1039
26;2025-11-28;8;2095
26;2025-11-28;9;1456
26;2025-11-28;10;1227
26;2025-11-28;11;1133
26;2025-11-28;12;1180
26;2025-11-28;13;1217
26;2025-11-28;14;1280
26;2025-11-28;15;1408
26;2025-11-28;16;1635
26;2025-11-28;17;1735
26;2025-11-28;18;1691
26;2025-11-28;19;1172
26;2025-11-28;20;740
26;2025-11-28;21;475
26;2025-11-28;22;236
26;2025-11-28;23;163
26;2025-11-29;0;49
26;2025-11-29;1;1
26;2025-11-29;2;0
26;2025-11-29;3;4
26;2025-11-29;4;2
26;2025-11-29;5;49
26;2025-11-29;6;259
26;2025-11-29;7;379
26;2025-11-29;8;624
26;2025-11-29;9;709
26;2025-11-29;10;791
26;2025-11-29;11;1009
26;2025-11-29;12;1036
26;2025-11-29;13;1043
26;2025-11-29;14;1105
26;2025-11-29;15;1020
26;2025-11-29;16;1012
26;2025-11-29;17;984
26;2025-11-29;18;933
26;2025-11-29;19;779
26;2025-11-29;20;532
26;2025-11-29;21;364
26;2025-11-29;22;222
26;2025-11-29;23;149
26;2025-11-30;0;47
26;2025-11-30;1;5
26;2025-11-30;2;0
26;2025-11-30;3;4
26;2025-11-30;4;0
26;2025-11-30;5;26
26;2025-11-30;6;155
26;2025-11-30;7;262
26;2025-11-30;8;444
26;2025-11-30;9;566
26;2025-11-30;10;646
26;2025-11-30;11;865
26;2025-11-30;12;911
26;2025-11-30;13;939
26;2025-11-30;14;956
26;2025-11-30;15;890
26;2025-11-30;16;883
26;2025-11-30;17;863
26;2025-11-30;18;771
26;2025-11-30;19;637
26;2025-11-30;20;433
26;2025-11-30;21;296
26;2025-11-30;22;188
26;2025-11-30;23;111
26;2025-12-01;0;26
26;2025-12-01;1;2
26;2025-12-01;2;0
26;2025-12-01;3;4
26;2025-12-01;4;1
26;2025-12-01;5;86
26;2025-12-01;6;503
26;2025-12-01;7;1003
26;2025-12-01;8;2040
26;2025-12-01;9;1408
26;2025-12-01;10;1125
26;2025-12-01;11;1009
26;2025-12-01;12;1060
26;2025-12-01;13;1111
26;2025-12-01;14;1099
26;2025-12-01;15;1220
26;2025-12-01;16;1421
26;2025-12-01;17;1599
26;2025-12-01;18;1735
26;2025-12-01;19;1190
26;2025-12-01;20;730
26;2025-12-01;21;403
26;2025-12-01;22;200
26;2025-12-01;23;93
26;2025-12-02;0;26
26;2025-12-02;1;1
26;2025-12-02;2;0
26;2025-12-02;3;4
26;2025-12-02;4;1
26;2025-12-02;5;87
26;2025-12-02;6;513
26;2025-12-02;7;1019
26;2025-12-02;8;2094
26;2025-12-02;9;1448
26;2025-12-02;10;1154
26;2025-12-02;11;1035
26;2025-12-02;12;1088
26;2025-12-02;13;1122
26;2025-12-02;14;1148
26;2025-12-02;15;1261
26;2025-12-02;16;1459
26;2025-12-02;17;1624
26;2025-12-02;18;1796
26;2025-12-02;19;1226
26;2025-12-02;20;751
26;2025-12-02;21;429
26;2025-12-02;22;210
26;2025-12-02;23;103
26;2025-12-03;0;26
26;2025-12-03;1;1
26;2025-12-03;2;0
26;2025-12-03;3;4
26;2025-12-03;4;2
26;2025-12-03;5;90
26;2025-12-03;6;513
26;2025-12-03;7;1012
26;2025-12-03;8;2081
26;2025-12-03;9;1434
26;2025-12-03;10;1152
26;2025-12-03;11;1032
26;2025-12-03;12;1084
26;2025-12-03;13;1123
26;2025-12-03;14;1157
26;2025-12-03;15;1256
26;2025-12-03;16;1459
26;2025-12-03;17;1615
26;2025-12-03;18;1774
26;2025-12-03;19;1220
26;2025-12-03;20;747
26;2025-12-03;21;435
26;2025-12-03;22;217
26;2025-12-03;23;112
26;2025-12-04;0;30
26;2025-12-04;1;1
26;2025-12-04;2;0
26;2025-12-04;3;4
26;2025-12-04;4;1
26;2025-12-04;5;91
26;2025-12-04;6;509
26;2025-12-04;7;1014
26;2025-12-04;8;2075
26;2025-12-04;9;1450
26;2025-12-04;10;1158
26;2025-12-04;11;1048
26;2025-12-04;12;1091
26;2025-12-04;13;1125
26;2025-12-04;14;1150
26;2025-12-04;15;1265
26;2025-12-04;16;1462
26;2025-12-04;17;1624
26;2025-12-04;18;1799
26;2025-12-04;19;1227
26;2025-12-04;20;752
26;2025-12-04;21;430
26;2025-12-04;22;225
26;2025-12-04;23;117
26;2025-12-05;0;30
26;2025-12-05;1;2
26;2025-12-05;2;0
26;2025-12-05;3;4
26;2025-12-05;4;0
26;2025-12-05;5;86
26;2025-12-05;6;502
26;2025-12-05;7;992
26;2025-12-05;8;1958
26;2025-12-05;9;1369
26;2025-12-05;10;1131
26;2025-12-05;11;1019
26;2025-12-05;12;1079
26;2025-12-05;13;1131
26;2025-12-05;14;1151
26;2025-12-05;15;1307
26;2025-12-05;16;1528
26;2025-12-05;17;1629
26;2025-12-05;18;1587
26;2025-12-05;19;1121
26;2025-12-05;20;707
26;2025-12-05;21;421
26;2025-12-05;22;220
26;2025-12-05;23;141
26;2025-12-06;0;42
26;2025-12-06;1;4
26;2025-12-06;2;0
26;2025-12-06;3;4
26;2025-12-06;4;2
26;2025-12-06;5;42
26;2025-12-06;6;253
26;2025-12-06;7;347
26;2025-12-06;8;514
26;2025-12-06;9;626
26;2025-12-06;10;707
26;2025-12-06;11;838
26;2025-12-06;12;883
26;2025-12-06;13;904
26;2025-12-06;14;939
26;2025-12-06;15;881
26;2025-12-06;16;862
26;2025-12-06;17;854
26;2025-12-06;18;788
26;2025-12-06;19;701
26;2025-12-06;20;469
26;2025-12-06;21;336
26;2025-12-06;22;210
26;2025-12-06;23;131
26;2025-12-07;0;44
26;2025-12-07;1;4
26;2025-12-07;2;0
26;2025-12-07;3;4
26;2025-12-07;4;1
26;2025-12-07;5;25
26;2025-12-07;6;149
26;2025-12-07;7;240
26;2025-12-07;8;357
26;2025-12-07;9;508
26;2025-12-07;10;585
26;2025-12-07;11;717
26;2025-12-07;12;781
26;2025-12-07;13;817
26;2025-12-07;14;813
26;2025-12-07;15;772
26;2025-12-07;16;759
26;2025-12-07;17;755
26;2025-12-07;18;646
26;2025-12-07;19;568
26;2025-12-07;20;382
26;2025-12-07;21;275
26;2025-12-07;22;182
26;2025-12-07;23;97
26;2025-12-08;0;26
26;2025-12-08;1;2
26;2025-12-08;2;0
26;2025-12-08;3;4
26;2025-12-08;4;1
26;2025-12-08;5;86
26;2025-12-08;6;503
26;2025-12-08;7;1003
26;2025-12-08;8;2040
26;2025-12-08;9;1408
26;2025-12-08;10;1125
26;2025-12-08;11;1009
26;2025-12-08;12;1060
26;2025-12-08;13;1111
26;2025-12-08;14;1099
26;2025-12-08;15;1220
26;2025-12-08;16;1421
26;2025-12-08;17;1599
26;2025-12-08;18;1735
26;2025-12-08;19;1190
26;2025-12-08;20;730
26;2025-12-08;21;403
26;2025-12-08;22;200
26;2025-12-08;23;93
26;2025-12-09;0;26
26;2025-12-09;1;1
26;2025-12-09;2;0
26;2025-12-09;3;4
26;2025-12-09;4;1
26;2025-12-09;5;87
26;2025-12-09;6;513
26;2025-12-09;7;1019
26;2025-12-09;8;2094
26;2025-12-09;9;1448
26;2025-12-09;10;1154
26;2025-12-09;11;1035
26;2025-12-09;12;1088
26;2025-12-09;13;1122
26;2025-12-09;14;1148
26;2025-12-09;15;1261
26;2025-12-09;16;1459
26;2025-12-09;17;1624
26;2025-12-09;18;1796
26;2025-12-09;19;1226
26;2025-12-09;20;751
26;2025-12-09;21;429
26;2025-12-09;22;210
26;2025-12-09;23;103
26;2025-12-10;0;26
26;2025-12-10;1;1
26;2025-12-10;2;0
26;2025-12-10;3;4
26;2025-12-10;4;2
26;2025-12-10;5;90
26;2025-12-10;6;513
26;2025-12-10;7;1012
26;2025-12-10;8;2081
26;2025-12-10;9;1434
26;2025-12-10;10;1152
26;2025-12-10;11;1032
26;2025-12-10;12;1084
26;2025-12-10;13;1123
26;2025-12-10;14;1157
26;2025-12-10;15;1256
26;2025-12-10;16;1459
26;2025-12-10;17;1615
26;2025-12-10;18;1774
26;2025-12-10;19;1220
26;2025-12-10;20;747
26;2025-12-10;21;435
26;2025-12-10;22;217
26;2025-12-10;23;112
26;2025-12-11;0;30
26;2025-12-11;1;1
26;2025-12-11;2;0
26;2025-12-11;3;4
26;2025-12-11;4;1
26;2025-12-11;5;91
26;2025-12-11;6;509
26;2025-12-11;7;1014
26;2025-12-11;8;2075
26;2025-12-11;9;1450
26;2025-12-11;10;1158
26;2025-12-11;11;1048
26;2025-12-11;12;1091
26;2025-12-11;13;1125
26;2025-12-11;14;1150
26;2025-12-11;15;1265
26;2025-12-11;16;1462
26;2025-12-11;17;1624
26;2025-12-11;18;1799
26;2025-12-11;19;1227
26;2025-12-11;20;752
26;2025-12-11;21;430
26;2025-12-11;22;225
26;2025-12-11;23;117
26;2025-12-12;0;30
26;2025-12-12;1;2
26;2025-12-12;2;0
26;2025-12-12;3;4
26;2025-12-12;4;0
26;2025-12-12;5;86
26;2025-12-12;6;502
26;2025-12-12;7;992
26;2025-12-12;8;1958
26;2025-12-12;9;1369
26;2025-12-12;10;1131
26;2025-12-12;11;1019
26;2025-12-12;12;1079
26;2025-12-12;13;1131
26;2025-12-12;14;1151
26;2025-12-12;15;1307
26;2025-12-12;16;1528
26;2025-12-12;17;1629
26;2025-12-12;18;1587
26;2025-12-12;19;1121
26;2025-12-12;20;707
26;2025-12-12;21;421
26;2025-12-12;22;220
26;2025-12-12;23;141
26;2025-12-13;0;42
26;2025-12-13;1;4
26;2025-12-13;2;0
26;2025-12-13;3;4
26;2025-12-13;4;2
26;2025-12-13;5;42
26;2025-12-13;6;253
26;2025-12-13;7;347
26;2025-12-13;8;514
26;2025-12-13;9;626
26;2025-12-13;10;707
26;2025-12-13;11;838
26;2025-12-13;12;883
26;2025-12-13;13;904
26;2025-12-13;14;939
26;2025-12-13;15;881
26;2025-12-13;16;862
26;2025-12-13;17;854
26;2025-12-13;18;788
26;2025-12-13;19;701
26;2025-12-13;20;469
26;2025-12-13;21;336
26;2025-12-13;22;210
26;2025-12-13;23;131
26;2025-12-14;0;44
26;2025-12-14;1;4
26;2025-12-14;2;0
26;2025-12-14;3;4
26;2025-12-14;4;1
26;2025-12-14;5;25
26;2025-12-14;6;149
26;2025-12-14;7;240
26;2025-12-14;8;357
26;2025-12-14;9;508
26;2025-12-14;10;585
26;2025-12-14;11;717
26;2025-12-14;12;781
26;2025-12-14;13;817
26;2025-12-14;14;813
26;2025-12-14;15;772
26;2025-12-14;16;759
26;2025-12-14;17;755
26;2025-12-14;18;646
26;2025-12-14;19;568
26;2025-12-14;20;382
26;2025-12-14;21;275
26;2025-12-14;22;182
26;2025-12-14;23;97
26;2025-12-15;0;26
26;2025-12-15;1;2
26;2025-12-15;2;0
26;2025-12-15;3;4
26;2025-12-15;4;1
26;2025-12-15;5;86
26;2025-12-15;6;503
26;2025-12-15;7;1003
26;2025-12-15;8;2040
26;2025-12-15;9;1408
26;2025-12-15;10;1125
26;2025-12-15;11;1009
26;2025-12-15;12;1060
26;2025-12-15;13;1111
26;2025-12-15;14;1099
26;2025-12-15;15;1220
26;2025-12-15;16;1421
26;2025-12-15;17;1599
26;2025-12-15;18;1735
26;2025-12-15;19;1190
26;2025-12-15;20;730
26;2025-12-15;21;403
26;2025-12-15;22;200
26;2025-12-15;23;93
26;2025-12-16;0;26
26;2025-12-16;1;1
26;2025-12-16;2;0
26;2025-12-16;3;4
26;2025-12-16;4;1
26;2025-12-16;5;87
26;2025-12-16;6;513
26;2025-12-16;7;1019
26;2025-12-16;8;2094
26;2025-12-16;9;1448
26;2025-12-16;10;1154
26;2025-12-16;11;1035
26;2025-12-16;12;1088
26;2025-12-16;13;1122
26;2025-12-16;14;1148
26;2025-12-16;15;1261
26;2025-12-16;16;1459
26;2025-12-16;17;1624
26;2025-12-16;18;1796
26;2025-12-16;19;1226
26;2025-12-16;20;751
26;2025-12-16;21;429
26;2025-12-16;22;210
26;2025-12-16;23;103
26;2025-12-17;0;26
26;2025-12-17;1;1
26;2025-12-17;2;0
26;2025-12-17;3;4
26;2025-12-17;4;2
26;2025-12-17;5;90
26;2025-12-17;6;513
26;2025-12-17;7;1012
26;2025-12-17;8;2081
26;2025-12-17;9;1434
26;2025-12-17;10;1152
26;2025-12-17;11;1032
26;2025-12-17;12;1084
26;2025-12-17;13;1123
26;2025-12-17;14;1157
26;2025-12-17;15;1256
26;2025-12-17;16;1459
26;2025-12-17;17;1615
26;2025-12-17;18;1774
26;2025-12-17;19;1220
26;2025-12-17;20;747
26;2025-12-17;21;435
26;2025-12-17;22;217
26;2025-12-17;23;112
26;2025-12-18;0;30
26;2025-12-18;1;1
26;2025-12-18;2;0
26;2025-12-18;3;4
26;2025-12-18;4;1
26;2025-12-18;5;91
26;2025-12-18;6;509
26;2025-12-18;7;1014
26;2025-12-18;8;2075
26;2025-12-18;9;1450
26;2025-12-18;10;1158
26;2025-12-18;11;1048
26;2025-12-18;12;1091
26;2025-12-18;13;1125
26;2025-12-18;14;1150
26;2025-12-18;15;1265
26;2025-12-18;16;1462
26;2025-12-18;17;1624
26;2025-12-18;18;1799
26;2025-12-18;19;1227
26;2025-12-18;20;752
26;2025-12-18;21;430
26;2025-12-18;22;225
26;2025-12-18;23;117
26;2025-12-19;0;30
26;2025-12-19;1;2
26;2025-12-19;2;0
26;2025-12-19;3;4
26;2025-12-19;4;0
26;2025-12-19;5;86
26;2025-12-19;6;502
26;2025-12-19;7;992
26;2025-12-19;8;1958
26;2025-12-19;9;1369
26;2025-12-19;10;1131
26;2025-12-19;11;1019
26;2025-12-19;12;1079
26;2025-12-19;13;1131
26;2025-12-19;14;1151
26;2025-12-19;15;1307
26;2025-12-19;16;1528
26;2025-12-19;17;1629
26;2025-12-19;18;1587
26;2025-12-19;19;1121
26;2025-12-19;20;707
26;2025-12-19;21;421
26;2025-12-19;22;220
26;2025-12-19;23;141
26;2025-12-20;0;42
26;2025-12-20;1;4
26;2025-12-20;2;0
26;2025-12-20;3;4
26;2025-12-20;4;2
26;2025-12-20;5;42
26;2025-12-20;6;253
26;2025-12-20;7;347
26;2025-12-20;8;514
26;2025-12-20;9;626
26;2025-12-20;10;707
26;2025-12-20;11;838
26;2025-12-20;12;883
26;2025-12-20;13;904
26;2025-12-20;14;939
26;2025-12-20;15;881
26;2025-12-20;16;862
26;2025-12-20;17;854
26;2025-12-20;18;788
26;2025-12-20;19;701
26;2025-12-20;20;469
26;2025-12-20;21;336
26;2025-12-20;22;210
26;2025-12-20;23;131
26;2025-12-21;0;44
26;2025-12-21;1;4
26;2025-12-21;2;0
26;2025-12-21;3;4
26;2025-12-21;4;1
26;2025-12-21;5;25
26;2025-12-21;6;149
26;2025-12-21;7;240
26;2025-12-21;8;357
26;2025-12-21;9;508
26;2025-12-21;10;585
26;2025-12-21;11;717
26;2025-12-21;12;781
26;2025-12-21;13;817
26;2025-12-21;14;813
26;2025-12-21;15;772
26;2025-12-21;16;759
26;2025-12-21;17;755
26;2025-12-21;18;646
26;2025-12-21;19;568
26;2025-12-21;20;382
26;2025-12-21;21;275
26;2025-12-21;22;182
26;2025-12-21;23;97
26;2025-12-22;0;26
26;2025-12-22;1;2
26;2025-12-22;2;0
26;2025-12-22;3;4
26;2025-12-22;4;1
26;2025-12-22;5;86
26;2025-12-22;6;503
26;2025-12-22;7;1003
26;2025-12-22;8;2040
26;2025-12-22;9;1408
26;2025-12-22;10;1125
26;2025-12-22;11;1009
26;2025-12-22;12;1060
26;2025-12-22;13;1111
26;2025-12-22;14;1099
26;2025-12-22;15;1220
26;2025-12-22;16;1421
26;2025-12-22;17;1599
26;2025-12-22;18;1735
26;2025-12-22;19;1190
26;2025-12-22;20;730
26;2025-12-22;21;403
26;2025-12-22;22;200
26;2025-12-22;23;93
26;2025-12-23;0;26
26;2025-12-23;1;1
26;2025-12-23;2;0
26;2025-12-23;3;4
26;2025-12-23;4;1
26;2025-12-23;5;87
26;2025-12-23;6;513
26;2025-12-23;7;1019
26;2025-12-23;8;2094
26;2025-12-23;9;1448
26;2025-12-23;10;1154
26;2025-12-23;11;1035
26;2025-12-23;12;1088
26;2025-12-23;13;1122
26;2025-12-23;14;1148
26;2025-12-23;15;1261
26;2025-12-23;16;1459
26;2025-12-23;17;1624
26;2025-12-23;18;1796
26;2025-12-23;19;1226
26;2025-12-23;20;751
26;2025-12-23;21;429
26;2025-12-23;22;210
26;2025-12-23;23;103
26;2025-12-24;0;26
26;2025-12-24;1;1
26;2025-12-24;2;0
26;2025-12-24;3;4
26;2025-12-24;4;2
26;2025-12-24;5;90
26;2025-12-24;6;513
26;2025-12-24;7;1012
26;2025-12-24;8;2081
26;2025-12-24;9;1434
26;2025-12-24;10;1152
26;2025-12-24;11;1032
26;2025-12-24;12;1084
26;2025-12-24;13;1123
26;2025-12-24;14;1157
26;2025-12-24;15;1256
26;2025-12-24;16;1459
26;2025-12-24;17;1615
26;2025-12-24;18;1774
26;2025-12-24;19;1220
26;2025-12-24;20;747
26;2025-12-24;21;435
26;2025-12-24;22;217
26;2025-12-24;23;112
26;2025-12-25;0;30
26;2025-12-25;1;1
26;2025-12-25;2;0
26;2025-12-25;3;4
26;2025-12-25;4;1
26;2025-12-25;5;91
26;2025-12-25;6;509
26;2025-12-25;7;1014
26;2025-12-25;8;2075
26;2025-12-25;9;1450
26;2025-12-25;10;1158
26;2025-12-25;11;1048
26;2025-12-25;12;1091
26;2025-12-25;13;1125
26;2025-12-25;14;1150
26;2025-12-25;15;1265
26;2025-12-25;16;1462
26;2025-12-25;17;1624
26;2025-12-25;18;1799
26;2025-12-25;19;1227
26;2025-12-25;20;752
26;2025-12-25;21;430
26;2025-12-25;22;225
26;2025-12-25;23;117
26;2025-12-26;0;30
26;2025-12-26;1;2
26;2025-12-26;2;0
26;2025-12-26;3;4
26;2025-12-26;4;0
26;2025-12-26;5;86
26;2025-12-26;6;502
26;2025-12-26;7;992
26;2025-12-26;8;1958
26;2025-12-26;9;1369
26;2025-12-26;10;1131
26;2025-12-26;11;1019
26;2025-12-26;12;1079
26;2025-12-26;13;1131
26;2025-12-26;14;1151
26;2025-12-26;15;1307
26;2025-12-26;16;1528
26;2025-12-26;17;1629
26;2025-12-26;18;1587
26;2025-12-26;19;1121
26;2025-12-26;20;707
26;2025-12-26;21;421
26;2025-12-26;22;220
26;2025-12-26;23;141
26;2025-12-27;0;42
26;2025-12-27;1;4
26;2025-12-27;2;0
26;2025-12-27;3;4
26;2025-12-27;4;2
26;2025-12-27;5;42
26;2025-12-27;6;253
26;2025-12-27;7;347
26;2025-12-27;8;514
26;2025-12-27;9;626
26;2025-12-27;10;707
26;2025-12-27;11;838
26;2025-12-27;12;883
26;2025-12-27;13;904
26;2025-12-27;14;939
26;2025-12-27;15;881
26;2025-12-27;16;862
26;2025-12-27;17;854
26;2025-12-27;18;788
26;2025-12-27;19;701
26;2025-12-27;20;469
26;2025-12-27;21;336
26;2025-12-27;22;210
26;2025-12-27;23;131
26;2025-12-28;0;44
26;2025-12-28;1;4
26;2025-12-28;2;0
26;2025-12-28;3;4
26;2025-12-28;4;1
26;2025-12-28;5;25
26;2025-12-28;6;149
26;2025-12-28;7;240
26;2025-12-28;8;357
26;2025-12-28;9;508
26;2025-12-28;10;585
26;2025-12-28;11;717
26;2025-12-28;12;781
26;2025-12-28;13;817
26;2025-12-28;14;813
26;2025-12-28;15;772
26;2025-12-28;16;759
26;2025-12-28;17;755
26;2025-12-28;18;646
26;2025-12-28;19;568
26;2025-12-28;20;382
26;2025-12-28;21;275
26;2025-12-28;22;182
26;2025-12-28;23;97
26;2025-12-29;0;26
26;2025-12-29;1;2
26;2025-12-29;2;0
26;2025-12-29;3;4
26;2025-12-29;4;1
26;2025-12-29;5;86
26;2025-12-29;6;503
26;2025-12-29;7;1003
26;2025-12-29;8;2040
26;2025-12-29;9;1408
26;2025-12-29;10;1125
26;2025-12-29;11;1009
26;2025-12-29;12;1060
26;2025-12-29;13;1111
26;2025-12-29;14;1099
26;2025-12-29;15;1220
26;2025-12-29;16;1421
26;2025-12-29;17;1599
26;2025-12-29;18;1735
26;2025-12-29;19;1190
26;2025-12-29;20;730
26;2025-12-29;21;403
26;2025-12-29;22;200
26;2025-12-29;23;93
26;2025-12-30;0;26
26;2025-12-30;1;1
26;2025-12-30;2;0
26;2025-12-30;3;4
26;2025-12-30;4;1
26;2025-12-30;5;87
26;2025-12-30;6;513
26;2025-12-30;7;1019
26;2025-12-30;8;2094
26;2025-12-30;9;1448
26;2025-12-30;10;1154
26;2025-12-30;11;1035
26;2025-12-30;12;1088
26;2025-12-30;13;1122
26;2025-12-30;14;1148
26;2025-12-30;15;1261
26;2025-12-30;16;1459
26;2025-12-30;17;1624
26;2025-12-30;18;1796
26;2025-12-30;19;1226
26;2025-12-30;20;751
26;2025-12-30;21;429
26;2025-12-30;22;210
26;2025-12-30;23;103
26;2025-12-31;0;19
26;2025-12-31;1;5
26;2025-12-31;2;0
26;2025-12-31;3;4
26;2025-12-31;4;0
26;2025-12-31;5;37
26;2025-12-31;6;252
26;2025-12-31;7;307
26;2025-12-31;8;813
26;2025-12-31;9;560
26;2025-12-31;10;518
26;2025-12-31;11;658
26;2025-12-31;12;712
26;2025-12-31;13;699
26;2025-12-31;14;735
26;2025-12-31;15;664
26;2025-12-31;16;622
26;2025-12-31;17;720
26;2025-12-31;18;705
26;2025-12-31;19;638
26;2025-12-31;20;440
26;2025-12-31;21;298
26;2025-12-31;22;160
26;2025-12-31;23;44
28;2025-11-01;0;7
28;2025-11-01;1;1
28;2025-11-01;2;0
28;2025-11-01;3;0
28;2025-11-01;4;12
28;2025-11-01;5;31
28;2025-11-01;6;97
28;2025-11-01;7;314
28;2025-11-01;8;1203
28;2025-11-01;9;815
28;2025-11-01;10;628
28;2025-11-01;11;642
28;2025-11-01;12;792
28;2025-11-01;13;772
28;2025-11-01;14;773
28;2025-11-01;15;759
28;2025-11-01;16;934
28;2025-11-01;17;1024
28;2025-11-01;18;940
28;2025-11-01;19;748
28;2025-11-01;20;380
28;2025-11-01;21;345
28;2025-11-01;22;135
28;2025-11-01;23;31
28;2025-11-02;0;5
28;2025-11-02;1;0
28;2025-11-02;2;0
28;2025-11-02;3;0
28;2025-11-02;4;0
28;2025-11-02;5;32
28;2025-11-02;6;87
28;2025-11-02;7;156
28;2025-11-02;8;254
28;2025-11-02;9;329
28;2025-11-02;10;377
28;2025-11-02;11;425
28;2025-11-02;12;475
28;2025-11-02;13;510
28;2025-11-02;14;520
28;2025-11-02;15;507
28;2025-11-02;16;491
28;2025-11-02;17;498
28;2025-11-02;18;417
28;2025-11-02;19;340
28;2025-11-02;20;283
28;2025-11-02;21;232
28;2025-11-02;22;114
28;2025-11-02;23;9
28;2025-11-03;0;0
28;2025-11-03;1;1
28;2025-11-03;2;0
28;2025-11-03;3;0
28;2025-11-03;4;0
28;2025-11-03;5;39
28;2025-11-03;6;103
28;2025-11-03;7;255
28;2025-11-03;8;326
28;2025-11-03;9;344
28;2025-11-03;10;339
28;2025-11-03;11;352
28;2025-11-03;12;391
28;2025-11-03;13;434
28;2025-11-03;14;402
28;2025-11-03;15;389
28;2025-11-03;16;377
28;2025-11-03;17;446
28;2025-11-03;18;380
28;2025-11-03;19;307
28;2025-11-03;20;353
28;2025-11-03;21;229
28;2025-11-03;22;91
28;2025-11-03;23;3
28;2025-11-04;0;29
28;2025-11-04;1;7
28;2025-11-04;2;0
28;2025-11-04;3;0
28;2025-11-04;4;7
28;2025-11-04;5;26
28;2025-11-04;6;71
28;2025-11-04;7;173
28;2025-11-04;8;271
28;2025-11-04;9;283
28;2025-11-04;10;319
28;2025-11-04;11;348
28;2025-11-04;12;391
28;2025-11-04;13;424
28;2025-11-04;14;417
28;2025-11-04;15;418
28;2025-11-04;16;400
28;2025-11-04;17;441
28;2025-11-04;18;359
28;2025-11-04;19;284
28;2025-11-04;20;343
28;2025-11-04;21;263
28;2025-11-04;22;95
28;2025-11-04;23;17
28;2025-11-05;0;0
28;2025-11-05;1;0
28;2025-11-05;2;0
28;2025-11-05;3;0
28;2025-11-05;4;2
28;2025-11-05;5;85
28;2025-11-05;6;274
28;2025-11-05;7;752
28;2025-11-05;8;1220
28;2025-11-05;9;858
28;2025-11-05;10;656
28;2025-11-05;11;596
28;2025-11-05;12;709
28;2025-11-05;13;739
28;2025-11-05;14;677
28;2025-11-05;15;708
28;2025-11-05;16;873
28;2025-11-05;17;1031
28;2025-11-05;18;976
28;2025-11-05;19;724
28;2025-11-05;20;508
28;2025-11-05;21;315
28;2025-11-05;22;140
28;2025-11-05;23;11
28;2025-11-06;0;0
28;2025-11-06;1;0
28;2025-11-06;2;0
28;2025-11-06;3;0
28;2025-11-06;4;2
28;2025-11-06;5;82
28;2025-11-06;6;278
28;2025-11-06;7;763
28;2025-11-06;8;1232
28;2025-11-06;9;876
28;2025-11-06;10;668
28;2025-11-06;11;599
28;2025-11-06;12;715
28;2025-11-06;13;740
28;2025-11-06;14;679
28;2025-11-06;15;708
28;2025-11-06;16;869
28;2025-11-06;17;1039
28;2025-11-06;18;999
28;2025-11-06;19;734
28;2025-11-06;20;525
28;2025-11-06;21;331
28;2025-11-06;22;143
28;2025-11-06;23;13
28;2025-11-07;0;0
28;2025-11-07;1;0
28;2025-11-07;2;0
28;2025-11-07;3;0
28;2025-11-07;4;2
28;2025-11-07;5;76
28;2025-11-07;6;262
28;2025-11-07;7;737
28;2025-11-07;8;1161
28;2025-11-07;9;824
28;2025-11-07;10;622
28;2025-11-07;11;583
28;2025-11-07;12;703
28;2025-11-07;13;712
28;2025-11-07;14;688
28;2025-11-07;15;713
28;2025-11-07;16;917
28;2025-11-07;17;1009
28;2025-11-07;18;879
28;2025-11-07;19;677
28;2025-11-07;20;459
28;2025-11-07;21;309
28;2025-11-07;22;138
28;2025-11-07;23;13
28;2025-11-08;0;0
28;2025-11-08;1;1
28;2025-11-08;2;0
28;2025-11-08;3;0
28;2025-11-08;4;1
28;2025-11-08;5;37
28;2025-11-08;6;103
28;2025-11-08;7;236
28;2025-11-08;8;373
28;2025-11-08;9;466
28;2025-11-08;10;491
28;2025-11-08;11;512
28;2025-11-08;12;581
28;2025-11-08;13;594
28;2025-11-08;14;603
28;2025-11-08;15;579
28;2025-11-08;16;550
28;2025-11-08;17;565
28;2025-11-08;18;482
28;2025-11-08;19;411
28;2025-11-08;20;318
28;2025-11-08;21;278
28;2025-11-08;22;131
28;2025-11-08;23;11
28;2025-11-09;0;5
28;2025-11-09;1;0
28;2025-11-09;2;0
28;2025-11-09;3;0
28;2025-11-09;4;0
28;2025-11-09;5;32
28;2025-11-09;6;87
28;2025-11-09;7;156
28;2025-11-09;8;254
28;2025-11-09;9;329
28;2025-11-09;10;377
28;2025-11-09;11;425
28;2025-11-09;12;475
28;2025-11-09;13;510
28;2025-11-09;14;520
28;2025-11-09;15;507
28;2025-11-09;16;491
28;2025-11-09;17;498
28;2025-11-09;18;417
28;2025-11-09;19;340
28;2025-11-09;20;283
28;2025-11-09;21;232
28;2025-11-09;22;114
28;2025-11-09;23;9
28;2025-11-10;0;0
28;2025-11-10;1;0
28;2025-11-10;2;0
28;2025-11-10;3;0
28;2025-11-10;4;2
28;2025-11-10;5;78
28;2025-11-10;6;263
28;2025-11-10;7;739
28;2025-11-10;8;1192
28;2025-11-10;9;851
28;2025-11-10;10;618
28;2025-11-10;11;555
28;2025-11-10;12;664
28;2025-11-10;13;699
28;2025-11-10;14;628
28;2025-11-10;15;672
28;2025-11-10;16;843
28;2025-11-10;17;1009
28;2025-11-10;18;963
28;2025-11-10;19;721
28;2025-11-10;20;493
28;2025-11-10;21;295
28;2025-11-10;22;119
28;2025-11-10;23;9
28;2025-11-11;0;0
28;2025-11-11;1;0
28;2025-11-11;2;0
28;2025-11-11;3;0
28;2025-11-11;4;2
28;2025-11-11;5;78
28;2025-11-11;6;269
28;2025-11-11;7;755
28;2025-11-11;8;1244
28;2025-11-11;9;873
28;2025-11-11;10;665
28;2025-11-11;11;590
28;2025-11-11;12;703
28;2025-11-11;13;737
28;2025-11-11;14;669
28;2025-11-11;15;706
28;2025-11-11;16;865
28;2025-11-11;17;1029
28;2025-11-11;18;990
28;2025-11-11;19;731
28;2025-11-11;20;516
28;2025-11-11;21;316
28;2025-11-11;22;132
28;2025-11-11;23;14
28;2025-11-12;0;0
28;2025-11-12;1;0
28;2025-11-12;2;0
28;2025-11-12;3;0
28;2025-11-12;4;2
28;2025-11-12;5;85
28;2025-11-12;6;274
28;2025-11-12;7;752
28;2025-11-12;8;1220
28;2025-11-12;9;858
28;2025-11-12;10;656
28;2025-11-12;11;596
28;2025-11-12;12;709
28;2025-11-12;13;739
28;2025-11-12;14;677
28;2025-11-12;15;708
28;2025-11-12;16;873
28;2025-11-12;17;1031
28;2025-11-12;18;976
28;2025-11-12;19;724
28;2025-11-12;20;508
28;2025-11-12;21;315
28;2025-11-12;22;140
28;2025-11-12;23;11
28;2025-11-13;0;0
28;2025-11-13;1;0
28;2025-11-13;2;0
28;2025-11-13;3;0
28;2025-11-13;4;2
28;2025-11-13;5;82
28;2025-11-13;6;278
28;2025-11-13;7;763
28;2025-11-13;8;1232
28;2025-11-13;9;876
28;2025-11-13;10;668
28;2025-11-13;11;599
28;2025-11-13;12;715
28;2025-11-13;13;740
28;2025-11-13;14;679
28;2025-11-13;15;708
28;2025-11-13;16;869
28;2025-11-13;17;1039
28;2025-11-13;18;999
28;2025-11-13;19;734
28;2025-11-13;20;525
28;2025-11-13;21;331
28;2025-11-13;22;143
28;2025-11-13;23;13
28;2025-11-14;0;0
28;2025-11-14;1;0
28;2025-11-14;2;0
28;2025-11-14;3;0
28;2025-11-14;4;2
28;2025-11-14;5;76
28;2025-11-14;6;262
28;2025-11-14;7;737
28;2025-11-14;8;1161
28;2025-11-14;9;824
28;2025-11-14;10;622
28;2025-11-14;11;583
28;2025-11-14;12;703
28;2025-11-14;13;712
28;2025-11-14;14;688
28;2025-11-14;15;713
28;2025-11-14;16;917
28;2025-11-14;17;1009
28;2025-11-14;18;879
28;2025-11-14;19;677
28;2025-11-14;20;459
28;2025-11-14;21;309
28;2025-11-14;22;138
28;2025-11-14;23;13
28;2025-11-15;0;0
28;2025-11-15;1;1
28;2025-11-15;2;0
28;2025-11-15;3;0
28;2025-11-15;4;1
28;2025-11-15;5;37
28;2025-11-15;6;103
28;2025-11-15;7;236
28;2025-11-15;8;373
28;2025-11-15;9;466
28;2025-11-15;10;491
28;2025-11-15;11;512
28;2025-11-15;12;581
28;2025-11-15;13;594
28;2025-11-15;14;603
28;2025-11-15;15;579
28;2025-11-15;16;550
28;2025-11-15;17;565
28;2025-11-15;18;482
28;2025-11-15;19;411
28;2025-11-15;20;318
28;2025-11-15;21;278
28;2025-11-15;22;131
28;2025-11-15;23;11
28;2025-11-16;0;5
28;2025-11-16;1;0
28;2025-11-16;2;0
28;2025-11-16;3;0
28;2025-11-16;4;0
28;2025-11-16;5;32
28;2025-11-16;6;87
28;2025-11-16;7;156
28;2025-11-16;8;254
28;2025-11-16;9;329
28;2025-11-16;10;377
28;2025-11-16;11;425
28;2025-11-16;12;475
28;2025-11-16;13;510
28;2025-11-16;14;520
28;2025-11-16;15;507
28;2025-11-16;16;491
28;2025-11-16;17;498
28;2025-11-16;18;417
28;2025-11-16;19;340
28;2025-11-16;20;283
28;2025-11-16;21;232
28;2025-11-16;22;114
28;2025-11-16;23;9
28;2025-11-17;0;0
28;2025-11-17;1;0
28;2025-11-17;2;0
28;2025-11-17;3;0
28;2025-11-17;4;2
28;2025-11-17;5;78
28;2025-11-17;6;263
28;2025-11-17;7;739
28;2025-11-17;8;1192
28;2025-11-17;9;851
28;2025-11-17;10;618
28;2025-11-17;11;555
28;2025-11-17;12;664
28;2025-11-17;13;699
28;2025-11-17;14;628
28;2025-11-17;15;672
28;2025-11-17;16;843
28;2025-11-17;17;1009
28;2025-11-17;18;963
28;2025-11-17;19;721
28;2025-11-17;20;493
28;2025-11-17;21;295
28;2025-11-17;22;119
28;2025-11-17;23;9
28;2025-11-18;0;0
28;2025-11-18;1;0
28;2025-11-18;2;0
28;2025-11-18;3;0
28;2025-11-18;4;2
28;2025-11-18;5;78
28;2025-11-18;6;269
28;2025-11-18;7;755
28;2025-11-18;8;1244
28;2025-11-18;9;873
28;2025-11-18;10;665
28;2025-11-18;11;590
28;2025-11-18;12;703
28;2025-11-18;13;737
28;2025-11-18;14;669
28;2025-11-18;15;706
28;2025-11-18;16;865
28;2025-11-18;17;1029
28;2025-11-18;18;990
28;2025-11-18;19;731
28;2025-11-18;20;516
28;2025-11-18;21;316
28;2025-11-18;22;132
28;2025-11-18;23;14
28;2025-11-19;0;0
28;2025-11-19;1;0
28;2025-11-19;2;0
28;2025-11-19;3;0
28;2025-11-19;4;2
28;2025-11-19;5;85
28;2025-11-19;6;274
28;2025-11-19;7;752
28;2025-11-19;8;1220
28;2025-11-19;9;858
28;2025-11-19;10;656
28;2025-11-19;11;596
28;2025-11-19;12;709
28;2025-11-19;13;739
28;2025-11-19;14;677
28;2025-11-19;15;708
28;2025-11-19;16;873
28;2025-11-19;17;1031
28;2025-11-19;18;976
28;2025-11-19;19;724
28;2025-11-19;20;508
28;2025-11-19;21;315
28;2025-11-19;22;140
28;2025-11-19;23;11
28;2025-11-20;0;0
28;2025-11-20;1;0
28;2025-11-20;2;0
28;2025-11-20;3;0
28;2025-11-20;4;2
28;2025-11-20;5;82
28;2025-11-20;6;278
28;2025-11-20;7;763
28;2025-11-20;8;1232
28;2025-11-20;9;876
28;2025-11-20;10;668
28;2025-11-20;11;599
28;2025-11-20;12;715
28;2025-11-20;13;740
28;2025-11-20;14;679
28;2025-11-20;15;708
28;2025-11-20;16;869
28;2025-11-20;17;1039
28;2025-11-20;18;999
28;2025-11-20;19;734
28;2025-11-20;20;525
28;2025-11-20;21;331
28;2025-11-20;22;143
28;2025-11-20;23;13
28;2025-11-21;0;0
28;2025-11-21;1;0
28;2025-11-21;2;0
28;2025-11-21;3;0
28;2025-11-21;4;2
28;2025-11-21;5;76
28;2025-11-21;6;262
28;2025-11-21;7;737
28;2025-11-21;8;1161
28;2025-11-21;9;824
28;2025-11-21;10;622
28;2025-11-21;11;583
28;2025-11-21;12;703
28;2025-11-21;13;712
28;2025-11-21;14;688
28;2025-11-21;15;713
28;2025-11-21;16;917
28;2025-11-21;17;1009
28;2025-11-21;18;879
28;2025-11-21;19;677
28;2025-11-21;20;459
28;2025-11-21;21;309
28;2025-11-21;22;138
28;2025-11-21;23;13
28;2025-11-22;0;0
28;2025-11-22;1;1
28;2025-11-22;2;0
28;2025-11-22;3;0
28;2025-11-22;4;1
28;2025-11-22;5;37
28;2025-11-22;6;103
28;2025-11-22;7;236
28;2025-11-22;8;373
28;2025-11-22;9;466
28;2025-11-22;10;491
28;2025-11-22;11;512
28;2025-11-22;12;581
28;2025-11-22;13;594
28;2025-11-22;14;603
28;2025-11-22;15;579
28;2025-11-22;16;550
28;2025-11-22;17;565
28;2025-11-22;18;482
28;2025-11-22;19;411
28;2025-11-22;20;318
28;2025-11-22;21;278
28;2025-11-22;22;131
28;2025-11-22;23;11
28;2025-11-23;0;5
28;2025-11-23;1;0
28;2025-11-23;2;0
28;2025-11-23;3;0
28;2025-11-23;4;0
28;2025-11-23;5;32
28;2025-11-23;6;87
28;2025-11-23;7;156
28;2025-11-23;8;254
28;2025-11-23;9;329
28;2025-11-23;10;377
28;2025-11-23;11;425
28;2025-11-23;12;475
28;2025-11-23;13;510
28;2025-11-23;14;520
28;2025-11-23;15;507
28;2025-11-23;16;491
28;2025-11-23;17;498
28;2025-11-23;18;417
28;2025-11-23;19;340
28;2025-11-23;20;283
28;2025-11-23;21;232
28;2025-11-23;22;114
28;2025-11-23;23;9
28;2025-11-24;0;0
28;2025-11-24;1;0
28;2025-11-24;2;0
28;2025-11-24;3;0
28;2025-11-24;4;2
28;2025-11-24;5;78
28;2025-11-24;6;263
28;2025-11-24;7;739
28;2025-11-24;8;1192
28;2025-11-24;9;851
28;2025-11-24;10;618
28;2025-11-24;11;555
28;2025-11-24;12;664
28;2025-11-24;13;699
28;2025-11-24;14;628
28;2025-11-24;15;672
28;2025-11-24;16;843
28;2025-11-24;17;1009
28;2025-11-24;18;963
28;2025-11-24;19;721
28;2025-11-24;20;493
28;2025-11-24;21;295
28;2025-11-24;22;119
28;2025-11-24;23;9
28;2025-11-25;0;0
28;2025-11-25;1;0
28;2025-11-25;2;0
28;2025-11-25;3;0
28;2025-11-25;4;2
28;2025-11-25;5;78
28;2025-11-25;6;269
28;2025-11-25;7;755
28;2025-11-25;8;1244
28;2025-11-25;9;873
28;2025-11-25;10;665
28;2025-11-25;11;590
28;2025-11-25;12;703
28;2025-11-25;13;737
28;2025-11-25;14;669
28;2025-11-25;15;706
28;2025-11-25;16;865
28;2025-11-25;17;1029
28;2025-11-25;18;990
28;2025-11-25;19;731
28;2025-11-25;20;516
28;2025-11-25;21;316
28;2025-11-25;22;132
28;2025-11-25;23;14
28;2025-11-26;0;0
28;2025-11-26;1;0
28;2025-11-26;2;0
28;2025-11-26;3;0
28;2025-11-26;4;2
28;2025-11-26;5;85
28;2025-11-26;6;274
28;2025-11-26;7;752
28;2025-11-26;8;1220
28;2025-11-26;9;858
28;2025-11-26;10;656
28;2025-11-26;11;596
28;2025-11-26;12;709
28;2025-11-26;13;739
28;2025-11-26;14;677
28;2025-11-26;15;708
28;2025-11-26;16;873
28;2025-11-26;17;1031
28;2025-11-26;18;976
28;2025-11-26;19;724
28;2025-11-26;20;508
28;2025-11-26;21;315
28;2025-11-26;22;140
28;2025-11-26;23;11
28;2025-11-27;0;0
28;2025-11-27;1;0
28;2025-11-27;2;0
28;2025-11-27;3;0
28;2025-11-27;4;2
28;2025-11-27;5;82
28;2025-11-27;6;278
28;2025-11-27;7;763
28;2025-11-27;8;1232
28;2025-11-27;9;876
28;2025-11-27;10;668
28;2025-11-27;11;599
28;2025-11-27;12;715
28;2025-11-27;13;740
28;2025-11-27;14;679
28;2025-11-27;15;708
28;2025-11-27;16;869
28;2025-11-27;17;1039
28;2025-11-27;18;999
28;2025-11-27;19;734
28;2025-11-27;20;525
28;2025-11-27;21;331
28;2025-11-27;22;143
28;2025-11-27;23;13
28;2025-11-28;0;0
28;2025-11-28;1;0
28;2025-11-28;2;0
28;2025-11-28;3;0
28;2025-11-28;4;2
28;2025-11-28;5;76
28;2025-11-28;6;262
28;2025-11-28;7;737
28;2025-11-28;8;1161
28;2025-11-28;9;824
28;2025-11-28;10;622
28;2025-11-28;11;583
28;2025-11-28;12;703
28;2025-11-28;13;712
28;2025-11-28;14;688
28;2025-11-28;15;713
28;2025-11-28;16;917
28;2025-11-28;17;1009
28;2025-11-28;18;879
28;2025-11-28;19;677
28;2025-11-28;20;459
28;2025-11-28;21;309
28;2025-11-28;22;138
28;2025-11-28;23;13
28;2025-11-29;0;0
28;2025-11-29;1;1
28;2025-11-29;2;0
28;2025-11-29;3;0
28;2025-11-29;4;1
28;2025-11-29;5;37
28;2025-11-29;6;103
28;2025-11-29;7;236
28;2025-11-29;8;373
28;2025-11-29;9;466
28;2025-11-29;10;491
28;2025-11-29;11;512
28;2025-11-29;12;581
28;2025-11-29;13;594
28;2025-11-29;14;603
28;2025-11-29;15;579
28;2025-11-29;16;550
28;2025-11-29;17;565
28;2025-11-29;18;482
28;2025-11-29;19;411
28;2025-11-29;20;318
28;2025-11-29;21;278
28;2025-11-29;22;131
28;2025-11-29;23;11
28;2025-11-30;0;5
28;2025-11-30;1;0
28;2025-11-30;2;0
28;2025-11-30;3;0
28;2025-11-30;4;0
28;2025-11-30;5;32
28;2025-11-30;6;87
28;2025-11-30;7;156
28;2025-11-30;8;254
28;2025-11-30;9;329
28;2025-11-30;10;377
28;2025-11-30;11;425
28;2025-11-30;12;475
28;2025-11-30;13;510
28;2025-11-30;14;520
28;2025-11-30;15;507
28;2025-11-30;16;491
28;2025-11-30;17;498
28;2025-11-30;18;417
28;2025-11-30;19;340
28;2025-11-30;20;283
28;2025-11-30;21;232
28;2025-11-30;22;114
28;2025-11-30;23;9
28;2025-12-01;0;0
28;2025-12-01;1;0
28;2025-12-01;2;0
28;2025-12-01;3;0
28;2025-12-01;4;1
28;2025-12-01;5;72
28;2025-12-01;6;252
28;2025-12-01;7;743
28;2025-12-01;8;1156
28;2025-12-01;9;828
28;2025-12-01;10;587
28;2025-12-01;11;512
28;2025-12-01;12;618
28;2025-12-01;13;680
28;2025-12-01;14;603
28;2025-12-01;15;650
28;2025-12-01;16;825
28;2025-12-01;17;951
28;2025-12-01;18;959
28;2025-12-01;19;721
28;2025-12-01;20;471
28;2025-12-01;21;282
28;2025-12-01;22;123
28;2025-12-01;23;19
28;2025-12-02;0;0
28;2025-12-02;1;0
28;2025-12-02;2;0
28;2025-12-02;3;0
28;2025-12-02;4;2
28;2025-12-02;5;73
28;2025-12-02;6;258
28;2025-12-02;7;753
28;2025-12-02;8;1200
28;2025-12-02;9;845
28;2025-12-02;10;630
28;2025-12-02;11;543
28;2025-12-02;12;653
28;2025-12-02;13;713
28;2025-12-02;14;639
28;2025-12-02;15;675
28;2025-12-02;16;836
28;2025-12-02;17;966
28;2025-12-02;18;982
28;2025-12-02;19;732
28;2025-12-02;20;494
28;2025-12-02;21;299
28;2025-12-02;22;135
28;2025-12-02;23;23
28;2025-12-03;0;0
28;2025-12-03;1;0
28;2025-12-03;2;0
28;2025-12-03;3;0
28;2025-12-03;4;2
28;2025-12-03;5;80
28;2025-12-03;6;264
28;2025-12-03;7;750
28;2025-12-03;8;1176
28;2025-12-03;9;830
28;2025-12-03;10;621
28;2025-12-03;11;543
28;2025-12-03;12;652
28;2025-12-03;13;713
28;2025-12-03;14;641
28;2025-12-03;15;673
28;2025-12-03;16;841
28;2025-12-03;17;965
28;2025-12-03;18;968
28;2025-12-03;19;721
28;2025-12-03;20;483
28;2025-12-03;21;297
28;2025-12-03;22;142
28;2025-12-03;23;19
28;2025-12-04;0;0
28;2025-12-04;1;0
28;2025-12-04;2;0
28;2025-12-04;3;0
28;2025-12-04;4;1
28;2025-12-04;5;77
28;2025-12-04;6;267
28;2025-12-04;7;761
28;2025-12-04;8;1192
28;2025-12-04;9;848
28;2025-12-04;10;633
28;2025-12-04;11;546
28;2025-12-04;12;659
28;2025-12-04;13;713
28;2025-12-04;14;644
28;2025-12-04;15;673
28;2025-12-04;16;838
28;2025-12-04;17;974
28;2025-12-04;18;991
28;2025-12-04;19;732
28;2025-12-04;20;499
28;2025-12-04;21;314
28;2025-12-04;22;145
28;2025-12-04;23;21
28;2025-12-05;0;0
28;2025-12-05;1;0
28;2025-12-05;2;0
28;2025-12-05;3;0
28;2025-12-05;4;2
28;2025-12-05;5;71
28;2025-12-05;6;251
28;2025-12-05;7;735
28;2025-12-05;8;1117
28;2025-12-05;9;797
28;2025-12-05;10;586
28;2025-12-05;11;536
28;2025-12-05;12;652
28;2025-12-05;13;694
28;2025-12-05;14;663
28;2025-12-05;15;688
28;2025-12-05;16;893
28;2025-12-05;17;947
28;2025-12-05;18;875
28;2025-12-05;19;674
28;2025-12-05;20;437
28;2025-12-05;21;291
28;2025-12-05;22;141
28;2025-12-05;23;22
28;2025-12-06;0;0
28;2025-12-06;1;0
28;2025-12-06;2;0
28;2025-12-06;3;0
28;2025-12-06;4;1
28;2025-12-06;5;30
28;2025-12-06;6;91
28;2025-12-06;7;204
28;2025-12-06;8;326
28;2025-12-06;9;429
28;2025-12-06;10;459
28;2025-12-06;11;425
28;2025-12-06;12;506
28;2025-12-06;13;559
28;2025-12-06;14;543
28;2025-12-06;15;531
28;2025-12-06;16;491
28;2025-12-06;17;494
28;2025-12-06;18;446
28;2025-12-06;19;387
28;2025-12-06;20;305
28;2025-12-06;21;261
28;2025-12-06;22;125
28;2025-12-06;23;15
28;2025-12-07;0;0
28;2025-12-07;1;0
28;2025-12-07;2;0
28;2025-12-07;3;0
28;2025-12-07;4;0
28;2025-12-07;5;25
28;2025-12-07;6;77
28;2025-12-07;7;142
28;2025-12-07;8;225
28;2025-12-07;9;302
28;2025-12-07;10;354
28;2025-12-07;11;361
28;2025-12-07;12;420
28;2025-12-07;13;486
28;2025-12-07;14;474
28;2025-12-07;15;478
28;2025-12-07;16;450
28;2025-12-07;17;441
28;2025-12-07;18;392
28;2025-12-07;19;323
28;2025-12-07;20;277
28;2025-12-07;21;227
28;2025-12-07;22;109
28;2025-12-07;23;12
28;2025-12-08;0;0
28;2025-12-08;1;0
28;2025-12-08;2;0
28;2025-12-08;3;0
28;2025-12-08;4;1
28;2025-12-08;5;72
28;2025-12-08;6;252
28;2025-12-08;7;743
28;2025-12-08;8;1156
28;2025-12-08;9;828
28;2025-12-08;10;587
28;2025-12-08;11;512
28;2025-12-08;12;618
28;2025-12-08;13;680
28;2025-12-08;14;603
28;2025-12-08;15;650
28;2025-12-08;16;825
28;2025-12-08;17;951
28;2025-12-08;18;959
28;2025-12-08;19;721
28;2025-12-08;20;471
28;2025-12-08;21;282
28;2025-12-08;22;123
28;2025-12-08;23;19
28;2025-12-09;0;0
28;2025-12-09;1;0
28;2025-12-09;2;0
28;2025-12-09;3;0
28;2025-12-09;4;2
28;2025-12-09;5;73
28;2025-12-09;6;258
28;2025-12-09;7;753
28;2025-12-09;8;1200
28;2025-12-09;9;845
28;2025-12-09;10;630
28;2025-12-09;11;543
28;2025-12-09;12;653
28;2025-12-09;13;713
28;2025-12-09;14;639
28;2025-12-09;15;675
28;2025-12-09;16;836
28;2025-12-09;17;966
28;2025-12-09;18;982
28;2025-12-09;19;732
28;2025-12-09;20;494
28;2025-12-09;21;299
28;2025-12-09;22;135
28;2025-12-09;23;23
28;2025-12-10;0;0
28;2025-12-10;1;0
28;2025-12-10;2;0
28;2025-12-10;3;0
28;2025-12-10;4;2
28;2025-12-10;5;80
28;2025-12-10;6;264
28;2025-12-10;7;750
28;2025-12-10;8;1176
28;2025-12-10;9;830
28;2025-12-10;10;621
28;2025-12-10;11;543
28;2025-12-10;12;652
28;2025-12-10;13;713
28;2025-12-10;14;641
28;2025-12-10;15;673
28;2025-12-10;16;841
28;2025-12-10;17;965
28;2025-12-10;18;968
28;2025-12-10;19;721
28;2025-12-10;20;483
28;2025-12-10;21;297
28;2025-12-10;22;142
28;2025-12-10;23;19
28;2025-12-11;0;0
28;2025-12-11;1;0
28;2025-12-11;2;0
28;2025-12-11;3;0
28;2025-12-11;4;1
28;2025-12-11;5;77
28;2025-12-11;6;267
28;2025-12-11;7;761
28;2025-12-11;8;1192
28;2025-12-11;9;848
28;2025-12-11;10;633
28;2025-12-11;11;546
28;2025-12-11;12;659
28;2025-12-11;13;713
28;2025-12-11;14;644
28;2025-12-11;15;673
28;2025-12-11;16;838
28;2025-12-11;17;974
28;2025-12-11;18;991
28;2025-12-11;19;732
28;2025-12-11;20;499
28;2025-12-11;21;314
28;2025-12-11;22;145
28;2025-12-11;23;21
28;2025-12-12;0;0
28;2025-12-12;1;0
28;2025-12-12;2;0
28;2025-12-12;3;0
28;2025-12-12;4;2
28;2025-12-12;5;71
28;2025-12-12;6;251
28;2025-12-12;7;735
28;2025-12-12;8;1117
28;2025-12-12;9;797
28;2025-12-12;10;586
28;2025-12-12;11;536
28;2025-12-12;12;652
28;2025-12-12;13;694
28;2025-12-12;14;663
28;2025-12-12;15;688
28;2025-12-12;16;893
28;2025-12-12;17;947
28;2025-12-12;18;875
28;2025-12-12;19;674
28;2025-12-12;20;437
28;2025-12-12;21;291
28;2025-12-12;22;141
28;2025-12-12;23;22
28;2025-12-13;0;0
28;2025-12-13;1;0
28;2025-12-13;2;0
28;2025-12-13;3;0
28;2025-12-13;4;1
28;2025-12-13;5;30
28;2025-12-13;6;91
28;2025-12-13;7;204
28;2025-12-13;8;326
28;2025-12-13;9;429
28;2025-12-13;10;459
28;2025-12-13;11;425
28;2025-12-13;12;506
28;2025-12-13;13;559
28;2025-12-13;14;543
28;2025-12-13;15;531
28;2025-12-13;16;491
28;2025-12-13;17;494
28;2025-12-13;18;446
28;2025-12-13;19;387
28;2025-12-13;20;305
28;2025-12-13;21;261
28;2025-12-13;22;125
28;2025-12-13;23;15
28;2025-12-14;0;0
28;2025-12-14;1;0
28;2025-12-14;2;0
28;2025-12-14;3;0
28;2025-12-14;4;0
28;2025-12-14;5;25
28;2025-12-14;6;77
28;2025-12-14;7;142
28;2025-12-14;8;225
28;2025-12-14;9;302
28;2025-12-14;10;354
28;2025-12-14;11;361
28;2025-12-14;12;420
28;2025-12-14;13;486
28;2025-12-14;14;474
28;2025-12-14;15;478
28;2025-12-14;16;450
28;2025-12-14;17;441
28;2025-12-14;18;392
28;2025-12-14;19;323
28;2025-12-14;20;277
28;2025-12-14;21;227
28;2025-12-14;22;109
28;2025-12-14;23;12
28;2025-12-15;0;0
28;2025-12-15;1;0
28;2025-12-15;2;0
28;2025-12-15;3;0
28;2025-12-15;4;1
28;2025-12-15;5;72
28;2025-12-15;6;252
28;2025-12-15;7;743
28;2025-12-15;8;1156
28;2025-12-15;9;828
28;2025-12-15;10;587
28;2025-12-15;11;512
28;2025-12-15;12;618
28;2025-12-15;13;680
28;2025-12-15;14;603
28;2025-12-15;15;650
28;2025-12-15;16;825
28;2025-12-15;17;951
28;2025-12-15;18;959
28;2025-12-15;19;721
28;2025-12-15;20;471
28;2025-12-15;21;282
28;2025-12-15;22;123
28;2025-12-15;23;19
28;2025-12-16;0;0
28;2025-12-16;1;0
28;2025-12-16;2;0
28;2025-12-16;3;0
28;2025-12-16;4;2
28;2025-12-16;5;73
28;2025-12-16;6;258
28;2025-12-16;7;753
28;2025-12-16;8;1200
28;2025-12-16;9;845
28;2025-12-16;10;630
28;2025-12-16;11;543
28;2025-12-16;12;653
28;2025-12-16;13;713
28;2025-12-16;14;639
28;2025-12-16;15;675
28;2025-12-16;16;836
28;2025-12-16;17;966
28;2025-12-16;18;982
28;2025-12-16;19;732
28;2025-12-16;20;494
28;2025-12-16;21;299
28;2025-12-16;22;135
28;2025-12-16;23;23
28;2025-12-17;0;0
28;2025-12-17;1;0
28;2025-12-17;2;0
28;2025-12-17;3;0
28;2025-12-17;4;2
28;2025-12-17;5;80
28;2025-12-17;6;264
28;2025-12-17;7;750
28;2025-12-17;8;1176
28;2025-12-17;9;830
28;2025-12-17;10;621
28;2025-12-17;11;543
28;2025-12-17;12;652
28;2025-12-17;13;713
28;2025-12-17;14;641
28;2025-12-17;15;673
28;2025-12-17;16;841
28;2025-12-17;17;965
28;2025-12-17;18;968
28;2025-12-17;19;721
28;2025-12-17;20;483
28;2025-12-17;21;297
28;2025-12-17;22;142
28;2025-12-17;23;19
28;2025-12-18;0;0
28;2025-12-18;1;0
28;2025-12-18;2;0
28;2025-12-18;3;0
28;2025-12-18;4;1
28;2025-12-18;5;77
28;2025-12-18;6;267
28;2025-12-18;7;761
28;2025-12-18;8;1192
28;2025-12-18;9;848
28;2025-12-18;10;633
28;2025-12-18;11;546
28;2025-12-18;12;659
28;2025-12-18;13;713
28;2025-12-18;14;644
28;2025-12-18;15;673
28;2025-12-18;16;838
28;2025-12-18;17;974
28;2025-12-18;18;991
28;2025-12-18;19;732
28;2025-12-18;20;499
28;2025-12-18;21;314
28;2025-12-18;22;145
28;2025-12-18;23;21
28;2025-12-19;0;0
28;2025-12-19;1;0
28;2025-12-19;2;0
28;2025-12-19;3;0
28;2025-12-19;4;2
28;2025-12-19;5;71
28;2025-12-19;6;251
28;2025-12-19;7;735
28;2025-12-19;8;1117
28;2025-12-19;9;797
28;2025-12-19;10;586
28;2025-12-19;11;536
28;2025-12-19;12;652
28;2025-12-19;13;694
28;2025-12-19;14;663
28;2025-12-19;15;688
28;2025-12-19;16;893
28;2025-12-19;17;947
28;2025-12-19;18;875
28;2025-12-19;19;674
28;2025-12-19;20;437
28;2025-12-19;21;291
28;2025-12-19;22;141
28;2025-12-19;23;22
28;2025-12-20;0;0
28;2025-12-20;1;0
28;2025-12-20;2;0
28;2025-12-20;3;0
28;2025-12-20;4;1
28;2025-12-20;5;30
28;2025-12-20;6;91
28;2025-12-20;7;204
28;2025-12-20;8;326
28;2025-12-20;9;429
28;2025-12-20;10;459
28;2025-12-20;11;425
28;2025-12-20;12;506
28;2025-12-20;13;559
28;2025-12-20;14;543
28;2025-12-20;15;531
28;2025-12-20;16;491
28;2025-12-20;17;494
28;2025-12-20;18;446
28;2025-12-20;19;387
28;2025-12-20;20;305
28;2025-12-20;21;261
28;2025-12-20;22;125
28;2025-12-20;23;15
28;2025-12-21;0;0
28;2025-12-21;1;0
28;2025-12-21;2;0
28;2025-12-21;3;0
28;2025-12-21;4;0
28;2025-12-21;5;25
28;2025-12-21;6;77
28;2025-12-21;7;142
28;2025-12-21;8;225
28;2025-12-21;9;302
28;2025-12-21;10;354
28;2025-12-21;11;361
28;2025-12-21;12;420
28;2025-12-21;13;486
28;2025-12-21;14;474
28;2025-12-21;15;478
28;2025-12-21;16;450
28;2025-12-21;17;441
28;2025-12-21;18;392
28;2025-12-21;19;323
28;2025-12-21;20;277
28;2025-12-21;21;227
28;2025-12-21;22;109
28;2025-12-21;23;12
28;2025-12-22;0;0
28;2025-12-22;1;0
28;2025-12-22;2;0
28;2025-12-22;3;0
28;2025-12-22;4;1
28;2025-12-22;5;72
28;2025-12-22;6;252
28;2025-12-22;7;743
28;2025-12-22;8;1156
28;2025-12-22;9;828
28;2025-12-22;10;587
28;2025-12-22;11;512
28;2025-12-22;12;618
28;2025-12-22;13;680
28;2025-12-22;14;603
28;2025-12-22;15;650
28;2025-12-22;16;825
28;2025-12-22;17;951
28;2025-12-22;18;959
28;2025-12-22;19;721
28;2025-12-22;20;471
28;2025-12-22;21;282
28;2025-12-22;22;123
28;2025-12-22;23;19
28;2025-12-23;0;0
28;2025-12-23;1;0
28;2025-12-23;2;0
28;2025-12-23;3;0
28;2025-12-23;4;2
28;2025-12-23;5;73
28;2025-12-23;6;258
28;2025-12-23;7;753
28;2025-12-23;8;1200
28;2025-12-23;9;845
28;2025-12-23;10;630
28;2025-12-23;11;543
28;2025-12-23;12;653
28;2025-12-23;13;713
28;2025-12-23;14;639
28;2025-12-23;15;675
28;2025-12-23;16;836
28;2025-12-23;17;966
28;2025-12-23;18;982
28;2025-12-23;19;732
28;2025-12-23;20;494
28;2025-12-23;21;299
28;2025-12-23;22;135
28;2025-12-23;23;23
28;2025-12-24;0;0
28;2025-12-24;1;0
28;2025-12-24;2;0
28;2025-12-24;3;0
28;2025-12-24;4;2
28;2025-12-24;5;80
28;2025-12-24;6;264
28;2025-12-24;7;750
28;2025-12-24;8;1176
28;2025-12-24;9;830
28;2025-12-24;10;621
28;2025-12-24;11;543
28;2025-12-24;12;652
28;2025-12-24;13;713
28;2025-12-24;14;641
28;2025-12-24;15;673
28;2025-12-24;16;841
28;2025-12-24;17;965
28;2025-12-24;18;968
28;2025-12-24;19;721
28;2025-12-24;20;483
28;2025-12-24;21;297
28;2025-12-24;22;142
28;2025-12-24;23;19
28;2025-12-25;0;0
28;2025-12-25;1;0
28;2025-12-25;2;0
28;2025-12-25;3;0
28;2025-12-25;4;1
28;2025-12-25;5;77
28;2025-12-25;6;267
28;2025-12-25;7;761
28;2025-12-25;8;1192
28;2025-12-25;9;848
28;2025-12-25;10;633
28;2025-12-25;11;546
28;2025-12-25;12;659
28;2025-12-25;13;713
28;2025-12-25;14;644
28;2025-12-25;15;673
28;2025-12-25;16;838
28;2025-12-25;17;974
28;2025-12-25;18;991
28;2025-12-25;19;732
28;2025-12-25;20;499
28;2025-12-25;21;314
28;2025-12-25;22;145
28;2025-12-25;23;21
28;2025-12-26;0;0
28;2025-12-26;1;0
28;2025-12-26;2;0
28;2025-12-26;3;0
28;2025-12-26;4;2
28;2025-12-26;5;71
28;2025-12-26;6;251
28;2025-12-26;7;735
28;2025-12-26;8;1117
28;2025-12-26;9;797
28;2025-12-26;10;586
28;2025-12-26;11;536
28;2025-12-26;12;652
28;2025-12-26;13;694
28;2025-12-26;14;663
28;2025-12-26;15;688
28;2025-12-26;16;893
28;2025-12-26;17;947
28;2025-12-26;18;875
28;2025-12-26;19;674
28;2025-12-26;20;437
28;2025-12-26;21;291
28;2025-12-26;22;141
28;2025-12-26;23;22
28;2025-12-27;0;0
28;2025-12-27;1;0
28;2025-12-27;2;0
28;2025-12-27;3;0
28;2025-12-27;4;1
28;2025-12-27;5;30
28;2025-12-27;6;91
28;2025-12-27;7;204
28;2025-12-27;8;326
28;2025-12-27;9;429
28;2025-12-27;10;459
28;2025-12-27;11;425
28;2025-12-27;12;506
28;2025-12-27;13;559
28;2025-12-27;14;543
28;2025-12-27;15;531
28;2025-12-27;16;491
28;2025-12-27;17;494
28;2025-12-27;18;446
28;2025-12-27;19;387
28;2025-12-27;20;305
28;2025-12-27;21;261
28;2025-12-27;22;125
28;2025-12-27;23;15
28;2025-12-28;0;0
28;2025-12-28;1;0
28;2025-12-28;2;0
28;2025-12-28;3;0
28;2025-12-28;4;0
28;2025-12-28;5;25
28;2025-12-28;6;77
28;2025-12-28;7;142
28;2025-12-28;8;225
28;2025-12-28;9;302
28;2025-12-28;10;354
28;2025-12-28;11;361
28;2025-12-28;12;420
28;2025-12-28;13;486
28;2025-12-28;14;474
28;2025-12-28;15;478
28;2025-12-28;16;450
28;2025-12-28;17;441
28;2025-12-28;18;392
28;2025-12-28;19;323
28;2025-12-28;20;277
28;2025-12-28;21;227
28;2025-12-28;22;109
28;2025-12-28;23;12
28;2025-12-29;0;0
28;2025-12-29;1;0
28;2025-12-29;2;0
28;2025-12-29;3;0
28;2025-12-29;4;1
28;2025-12-29;5;72
28;2025-12-29;6;252
28;2025-12-29;7;743
28;2025-12-29;8;1156
28;2025-12-29;9;828
28;2025-12-29;10;587
28;2025-12-29;11;512
28;2025-12-29;12;618
28;2025-12-29;13;680
28;2025-12-29;14;603
28;2025-12-29;15;650
28;2025-12-29;16;825
28;2025-12-29;17;951
28;2025-12-29;18;959
28;2025-12-29;19;721
28;2025-12-29;20;471
28;2025-12-29;21;282
28;2025-12-29;22;123
28;2025-12-29;23;19
28;2025-12-30;0;0
28;2025-12-30;1;0
28;2025-12-30;2;0
28;2025-12-30;3;0
28;2025-12-30;4;2
28;2025-12-30;5;73
28;2025-12-30;6;258
28;2025-12-30;7;753
28;2025-12-30;8;1200
28;2025-12-30;9;845
28;2025-12-30;10;630
28;2025-12-30;11;543
28;2025-12-30;12;653
28;2025-12-30;13;713
28;2025-12-30;14;639
28;2025-12-30;15;675
28;2025-12-30;16;836
28;2025-12-30;17;966
28;2025-12-30;18;982
28;2025-12-30;19;732
28;2025-12-30;20;494
28;2025-12-30;21;299
28;2025-12-30;22;135
28;2025-12-30;23;23
28;2025-12-31;0;0
28;2025-12-31;1;0
28;2025-12-31;2;0
28;2025-12-31;3;0
28;2025-12-31;4;0
28;2025-12-31;5;34
28;2025-12-31;6;96
28;2025-12-31;7;234
28;2025-12-31;8;283
28;2025-12-31;9;285
28;2025-12-31;10;300
28;2025-12-31;11;295
28;2025-12-31;12;352
28;2025-12-31;13;395
28;2025-12-31;14;370
28;2025-12-31;15;344
28;2025-12-31;16;332
28;2025-12-31;17;364
28;2025-12-31;18;352
28;2025-12-31;19;267
28;2025-12-31;20;303
28;2025-12-31;21;214
28;2025-12-31;22;104
28;2025-12-31;23;4
50;2025-11-01;0;77
50;2025-11-01;1;12
50;2025-11-01;2;24
50;2025-11-01;3;24
50;2025-11-01;4;51
50;2025-11-01;5;29
50;2025-11-01;6;177
50;2025-11-01;7;507
50;2025-11-01;8;2347
50;2025-11-01;9;1844
50;2025-11-01;10;1602
50;2025-11-01;11;1546
50;2025-11-01;12;1552
50;2025-11-01;13;1608
50;2025-11-01;14;1626
50;2025-11-01;15;1882
50;2025-11-01;16;2001
50;2025-11-01;17;2130
50;2025-11-01;18;2082
50;2025-11-01;19;1237
50;2025-11-01;20;777
50;2025-11-01;21;499
50;2025-11-01;22;234
50;2025-11-01;23;166
50;2025-11-02;0;48
50;2025-11-02;1;12
50;2025-11-02;2;24
50;2025-11-02;3;24
50;2025-11-02;4;51
50;2025-11-02;5;24
50;2025-11-02;6;127
50;2025-11-02;7;241
50;2025-11-02;8;386
50;2025-11-02;9;484
50;2025-11-02;10;514
50;2025-11-02;11;659
50;2025-11-02;12;721
50;2025-11-02;13;800
50;2025-11-02;14;778
50;2025-11-02;15;781
50;2025-11-02;16;713
50;2025-11-02;17;698
50;2025-11-02;18;619
50;2025-11-02;19;557
50;2025-11-02;20;432
50;2025-11-02;21;359
50;2025-11-02;22;192
50;2025-11-02;23;117
50;2025-11-03;0;32
50;2025-11-03;1;12
50;2025-11-03;2;24
50;2025-11-03;3;24
50;2025-11-03;4;51
50;2025-11-03;5;23
50;2025-11-03;6;172
50;2025-11-03;7;429
50;2025-11-03;8;808
50;2025-11-03;9;700
50;2025-11-03;10;587
50;2025-11-03;11;654
50;2025-11-03;12;694
50;2025-11-03;13;782
50;2025-11-03;14;759
50;2025-11-03;15;726
50;2025-11-03;16;669
50;2025-11-03;17;764
50;2025-11-03;18;1045
50;2025-11-03;19;668
50;2025-11-03;20;449
50;2025-11-03;21;374
50;2025-11-03;22;226
50;2025-11-03;23;129
50;2025-11-04;0;40
50;2025-11-04;1;12
50;2025-11-04;2;24
50;2025-11-04;3;24
50;2025-11-04;4;51
50;2025-11-04;5;37
50;2025-11-04;6;135
50;2025-11-04;7;289
50;2025-11-04;8;451
50;2025-11-04;9;543
50;2025-11-04;10;515
50;2025-11-04;11;566
50;2025-11-04;12;645
50;2025-11-04;13;715
50;2025-11-04;14;688
50;2025-11-04;15;695
50;2025-11-04;16;651
50;2025-11-04;17;665
50;2025-11-04;18;707
50;2025-11-04;19;582
50;2025-11-04;20;425
50;2025-11-04;21;333
50;2025-11-04;22;235
50;2025-11-04;23;130
50;2025-11-05;0;33
50;2025-11-05;1;12
50;2025-11-05;2;24
50;2025-11-05;3;24
50;2025-11-05;4;51
50;2025-11-05;5;71
50;2025-11-05;6;548
50;2025-11-05;7;1749
50;2025-11-05;8;2777
50;2025-11-05;9;2181
50;2025-11-05;10;1692
50;2025-11-05;11;1583
50;2025-11-05;12;1480
50;2025-11-05;13;1499
50;2025-11-05;14;1434
50;2025-11-05;15;1712
50;2025-11-05;16;1773
50;2025-11-05;17;2369
50;2025-11-05;18;2474
50;2025-11-05;19;1457
50;2025-11-05;20;921
50;2025-11-05;21;638
50;2025-11-05;22;283
50;2025-11-05;23;150
50;2025-11-06;0;39
50;2025-11-06;1;12
50;2025-11-06;2;24
50;2025-11-06;3;24
50;2025-11-06;4;51
50;2025-11-06;5;69
50;2025-11-06;6;557
50;2025-11-06;7;1756
50;2025-11-06;8;2792
50;2025-11-06;9;2189
50;2025-11-06;10;1695
50;2025-11-06;11;1577
50;2025-11-06;12;1482
50;2025-11-06;13;1497
50;2025-11-06;14;1435
50;2025-11-06;15;1706
50;2025-11-06;16;1772
50;2025-11-06;17;2370
50;2025-11-06;18;2509
50;2025-11-06;19;1475
50;2025-11-06;20;939
50;2025-11-06;21;658
50;2025-11-06;22;291
50;2025-11-06;23;155
50;2025-11-07;0;39
50;2025-11-07;1;12
50;2025-11-07;2;24
50;2025-11-07;3;24
50;2025-11-07;4;51
50;2025-11-07;5;68
50;2025-11-07;6;548
50;2025-11-07;7;1694
50;2025-11-07;8;2701
50;2025-11-07;9;2127
50;2025-11-07;10;1621
50;2025-11-07;11;1598
50;2025-11-07;12;1509
50;2025-11-07;13;1513
50;2025-11-07;14;1438
50;2025-11-07;15;1765
50;2025-11-07;16;1830
50;2025-11-07;17;2277
50;2025-11-07;18;2003
50;2025-11-07;19;1357
50;2025-11-07;20;874
50;2025-11-07;21;603
50;2025-11-07;22;296
50;2025-11-07;23;176
50;2025-11-08;0;59
50;2025-11-08;1;12
50;2025-11-08;2;24
50;2025-11-08;3;24
50;2025-11-08;4;51
50;2025-11-08;5;29
50;2025-11-08;6;163
50;2025-11-08;7;385
50;2025-11-08;8;626
50;2025-11-08;9;669
50;2025-11-08;10;671
50;2025-11-08;11;791
50;2025-11-08;12;826
50;2025-11-08;13;872
50;2025-11-08;14;867
50;2025-11-08;15;916
50;2025-11-08;16;859
50;2025-11-08;17;845
50;2025-11-08;18;763
50;2025-11-08;19;668
50;2025-11-08;20;507
50;2025-11-08;21;423
50;2025-11-08;22;239
50;2025-11-08;23;140
50;2025-11-09;0;48
50;2025-11-09;1;12
50;2025-11-09;2;24
50;2025-11-09;3;24
50;2025-11-09;4;51
50;2025-11-09;5;24
50;2025-11-09;6;127
50;2025-11-09;7;241
50;2025-11-09;8;386
50;2025-11-09;9;484
50;2025-11-09;10;514
50;2025-11-09;11;659
50;2025-11-09;12;721
50;2025-11-09;13;800
50;2025-11-09;14;778
50;2025-11-09;15;781
50;2025-11-09;16;713
50;2025-11-09;17;698
50;2025-11-09;18;619
50;2025-11-09;19;557
50;2025-11-09;20;432
50;2025-11-09;21;359
50;2025-11-09;22;192
50;2025-11-09;23;117
50;2025-11-10;0;31
50;2025-11-10;1;12
50;2025-11-10;2;24
50;2025-11-10;3;24
50;2025-11-10;4;51
50;2025-11-10;5;68
50;2025-11-10;6;541
50;2025-11-10;7;1717
50;2025-11-10;8;2756
50;2025-11-10;9;2151
50;2025-11-10;10;1639
50;2025-11-10;11;1544
50;2025-11-10;12;1422
50;2025-11-10;13;1458
50;2025-11-10;14;1403
50;2025-11-10;15;1652
50;2025-11-10;16;1719
50;2025-11-10;17;2328
50;2025-11-10;18;2452
50;2025-11-10;19;1432
50;2025-11-10;20;898
50;2025-11-10;21;602
50;2025-11-10;22;262
50;2025-11-10;23;136
50;2025-11-11;0;33
50;2025-11-11;1;12
50;2025-11-11;2;24
50;2025-11-11;3;24
50;2025-11-11;4;51
50;2025-11-11;5;67
50;2025-11-11;6;552
50;2025-11-11;7;1763
50;2025-11-11;8;2809
50;2025-11-11;9;2189
50;2025-11-11;10;1689
50;2025-11-11;11;1577
50;2025-11-11;12;1478
50;2025-11-11;13;1494
50;2025-11-11;14;1430
50;2025-11-11;15;1703
50;2025-11-11;16;1764
50;2025-11-11;17;2376
50;2025-11-11;18;2530
50;2025-11-11;19;1473
50;2025-11-11;20;939
50;2025-11-11;21;640
50;2025-11-11;22;278
50;2025-11-11;23;140
50;2025-11-12;0;33
50;2025-11-12;1;12
50;2025-11-12;2;24
50;2025-11-12;3;24
50;2025-11-12;4;51
50;2025-11-12;5;71
50;2025-11-12;6;548
50;2025-11-12;7;1749
50;2025-11-12;8;2777
50;2025-11-12;9;2181
50;2025-11-12;10;1692
50;2025-11-12;11;1583
50;2025-11-12;12;1480
50;2025-11-12;13;1499
50;2025-11-12;14;1434
50;2025-11-12;15;1712
50;2025-11-12;16;1773
50;2025-11-12;17;2369
50;2025-11-12;18;2474
50;2025-11-12;19;1457
50;2025-11-12;20;921
50;2025-11-12;21;638
50;2025-11-12;22;283
50;2025-11-12;23;150
50;2025-11-13;0;39
50;2025-11-13;1;12
50;2025-11-13;2;24
50;2025-11-13;3;24
50;2025-11-13;4;51
50;2025-11-13;5;69
50;2025-11-13;6;557
50;2025-11-13;7;1756
50;2025-11-13;8;2792
50;2025-11-13;9;2189
50;2025-11-13;10;1695
50;2025-11-13;11;1577
50;2025-11-13;12;1482
50;2025-11-13;13;1497
50;2025-11-13;14;1435
50;2025-11-13;15;1706
50;2025-11-13;16;1772
50;2025-11-13;17;2370
50;2025-11-13;18;2509
50;2025-11-13;19;1475
50;2025-11-13;20;939
50;2025-11-13;21;658
50;2025-11-13;22;291
50;2025-11-13;23;155
50;2025-11-14;0;39
50;2025-11-14;1;12
50;2025-11-14;2;24
50;2025-11-14;3;24
50;2025-11-14;4;51
50;2025-11-14;5;68
50;2025-11-14;6;548
50;2025-11-14;7;1694
50;2025-11-14;8;2701
50;2025-11-14;9;2127
50;2025-11-14;10;1621
50;2025-11-14;11;1598
50;2025-11-14;12;1509
50;2025-11-14;13;1513
50;2025-11-14;14;1438
50;2025-11-14;15;1765
50;2025-11-14;16;1830
50;2025-11-14;17;2277
50;2025-11-14;18;2003
50;2025-11-14;19;1357
50;2025-11-14;20;874
50;2025-11-14;21;603
50;2025-11-14;22;296
50;2025-11-14;23;176
50;2025-11-15;0;59
50;2025-11-15;1;12
50;2025-11-15;2;24
50;2025-11-15;3;24
50;2025-11-15;4;51
50;2025-11-15;5;29
50;2025-11-15;6;163
50;2025-11-15;7;385
50;2025-11-15;8;626
50;2025-11-15;9;669
50;2025-11-15;10;671
50;2025-11-15;11;791
50;2025-11-15;12;826
50;2025-11-15;13;872
50;2025-11-15;14;867
50;2025-11-15;15;916
50;2025-11-15;16;859
50;2025-11-15;17;845
50;2025-11-15;18;763
50;2025-11-15;19;668
50;2025-11-15;20;507
50;2025-11-15;21;423
50;2025-11-15;22;239
50;2025-11-15;23;140
50;2025-11-16;0;48
50;2025-11-16;1;12
50;2025-11-16;2;24
50;2025-11-16;3;24
50;2025-11-16;4;51
50;2025-11-16;5;24
50;2025-11-16;6;127
50;2025-11-16;7;241
50;2025-11-16;8;386
50;2025-11-16;9;484
50;2025-11-16;10;514
50;2025-11-16;11;659
50;2025-11-16;12;721
50;2025-11-16;13;800
50;2025-11-16;14;778
50;2025-11-16;15;781
50;2025-11-16;16;713
50;2025-11-16;17;698
50;2025-11-16;18;619
50;2025-11-16;19;557
50;2025-11-16;20;432
50;2025-11-16;21;359
50;2025-11-16;22;192
50;2025-11-16;23;117
50;2025-11-17;0;31
50;2025-11-17;1;12
50;2025-11-17;2;24
50;2025-11-17;3;24
50;2025-11-17;4;51
50;2025-11-17;5;68
50;2025-11-17;6;541
50;2025-11-17;7;1717
50;2025-11-17;8;2756
50;2025-11-17;9;2151
50;2025-11-17;10;1639
50;2025-11-17;11;1544
50;2025-11-17;12;1422
50;2025-11-17;13;1458
50;2025-11-17;14;1403
50;2025-11-17;15;1652
50;2025-11-17;16;1719
50;2025-11-17;17;2328
50;2025-11-17;18;2452
50;2025-11-17;19;1432
50;2025-11-17;20;898
50;2025-11-17;21;602
50;2025-11-17;22;262
50;2025-11-17;23;136
50;2025-11-18;0;33
50;2025-11-18;1;12
50;2025-11-18;2;24
50;2025-11-18;3;24
50;2025-11-18;4;51
50;2025-11-18;5;67
50;2025-11-18;6;552
50;2025-11-18;7;1763
50;2025-11-18;8;2809
50;2025-11-18;9;2189
50;2025-11-18;10;1689
50;2025-11-18;11;1577
50;2025-11-18;12;1478
50;2025-11-18;13;1494
50;2025-11-18;14;1430
50;2025-11-18;15;1703
50;2025-11-18;16;1764
50;2025-11-18;17;2376
50;2025-11-18;18;2530
50;2025-11-18;19;1473
50;2025-11-18;20;939
50;2025-11-18;21;640
50;2025-11-18;22;278
50;2025-11-18;23;140
50;2025-11-19;0;33
50;2025-11-19;1;12
50;2025-11-19;2;24
50;2025-11-19;3;24
50;2025-11-19;4;51
50;2025-11-19;5;71
50;2025-11-19;6;548
50;2025-11-19;7;1749
50;2025-11-19;8;2777
50;2025-11-19;9;2181
50;2025-11-19;10;1692
50;2025-11-19;11;1583
50;2025-11-19;12;1480
50;2025-11-19;13;1499
50;2025-11-19;14;1434
50;2025-11-19;15;1712
50;2025-11-19;16;1773
50;2025-11-19;17;2369
50;2025-11-19;18;2474
50;2025-11-19;19;1457
50;2025-11-19;20;921
50;2025-11-19;21;638
50;2025-11-19;22;283
50;2025-11-19;23;150
50;2025-11-20;0;39
50;2025-11-20;1;12
50;2025-11-20;2;24
50;2025-11-20;3;24
50;2025-11-20;4;51
50;2025-11-20;5;69
50;2025-11-20;6;557
50;2025-11-20;7;1756
50;2025-11-20;8;2792
50;2025-11-20;9;2189
50;2025-11-20;10;1695
50;2025-11-20;11;1577
50;2025-11-20;12;1482
50;2025-11-20;13;1497
50;2025-11-20;14;1435
50;2025-11-20;15;1706
50;2025-11-20;16;1772
50;2025-11-20;17;2370
50;2025-11-20;18;2509
50;2025-11-20;19;1475
50;2025-11-20;20;939
50;2025-11-20;21;658
50;2025-11-20;22;291
50;2025-11-20;23;155
50;2025-11-21;0;39
50;2025-11-21;1;12
50;2025-11-21;2;24
50;2025-11-21;3;24
50;2025-11-21;4;51
50;2025-11-21;5;68
50;2025-11-21;6;548
50;2025-11-21;7;1694
50;2025-11-21;8;2701
50;2025-11-21;9;2127
50;2025-11-21;10;1621
50;2025-11-21;11;1598
50;2025-11-21;12;1509
50;2025-11-21;13;1513
50;2025-11-21;14;1438
50;2025-11-21;15;1765
50;2025-11-21;16;1830
50;2025-11-21;17;2277
50;2025-11-21;18;2003
50;2025-11-21;19;1357
50;2025-11-21;20;874
50;2025-11-21;21;603
50;2025-11-21;22;296
50;2025-11-21;23;176
50;2025-11-22;0;59
50;2025-11-22;1;12
50;2025-11-22;2;24
50;2025-11-22;3;24
50;2025-11-22;4;51
50;2025-11-22;5;29
50;2025-11-22;6;163
50;2025-11-22;7;385
50;2025-11-22;8;626
50;2025-11-22;9;669
50;2025-11-22;10;671
50;2025-11-22;11;791
50;2025-11-22;12;826
50;2025-11-22;13;872
50;2025-11-22;14;867
50;2025-11-22;15;916
50;2025-11-22;16;859
50;2025-11-22;17;845
50;2025-11-22;18;763
50;2025-11-22;19;668
50;2025-11-22;20;507
50;2025-11-22;21;423
50;2025-11-22;22;239
50;2025-11-22;23;140
50;2025-11-23;0;48
50;2025-11-23;1;12
50;2025-11-23;2;24
50;2025-11-23;3;24
50;2025-11-23;4;51
50;2025-11-23;5;24
50;2025-11-23;6;127
50;2025-11-23;7;241
50;2025-11-23;8;386
50;2025-11-23;9;484
50;2025-11-23;10;514
50;2025-11-23;11;659
50;2025-11-23;12;721
50;2025-11-23;13;800
50;2025-11-23;14;778
50;2025-11-23;15;781
50;2025-11-23;16;713
50;2025-11-23;17;698
50;2025-11-23;18;619
50;2025-11-23;19;557
50;2025-11-23;20;432
50;2025-11-23;21;359
50;2025-11-23;22;192
50;2025-11-23;23;117
50;2025-11-24;0;31
50;2025-11-24;1;12
50;2025-11-24;2;24
50;2025-11-24;3;24
50;2025-11-24;4;51
50;2025-11-24;5;68
50;2025-11-24;6;541
50;2025-11-24;7;1717
50;2025-11-24;8;2756
50;2025-11-24;9;2151
50;2025-11-24;10;1639
50;2025-11-24;11;1544
50;2025-11-24;12;1422
50;2025-11-24;13;1458
50;2025-11-24;14;1403
50;2025-11-24;15;1652
50;2025-11-24;16;1719
50;2025-11-24;17;2328
50;2025-11-24;18;2452
50;2025-11-24;19;1432
50;2025-11-24;20;898
50;2025-11-24;21;602
50;2025-11-24;22;262
50;2025-11-24;23;136
50;2025-11-25;0;33
50;2025-11-25;1;12
50;2025-11-25;2;24
50;2025-11-25;3;24
50;2025-11-25;4;51
50;2025-11-25;5;67
50;2025-11-25;6;552
50;2025-11-25;7;1763
50;2025-11-25;8;2809
50;2025-11-25;9;2189
50;2025-11-25;10;1689
50;2025-11-25;11;1577
50;2025-11-25;12;1478
50;2025-11-25;13;1494
50;2025-11-25;14;1430
50;2025-11-25;15;1703
50;2025-11-25;16;1764
50;2025-11-25;17;2376
50;2025-11-25;18;2530
50;2025-11-25;19;1473
50;2025-11-25;20;939
50;2025-11-25;21;640
50;2025-11-25;22;278
50;2025-11-25;23;140
50;2025-11-26;0;33
50;2025-11-26;1;12
50;2025-11-26;2;24
50;2025-11-26;3;24
50;2025-11-26;4;51
50;2025-11-26;5;71
50;2025-11-26;6;548
50;2025-11-26;7;1749
50;2025-11-26;8;2777
50;2025-11-26;9;2181
50;2025-11-26;10;1692
50;2025-11-26;11;1583
50;2025-11-26;12;1480
50;2025-11-26;13;1499
50;2025-11-26;14;1434
50;2025-11-26;15;1712
50;2025-11-26;16;1773
50;2025-11-26;17;2369
50;2025-11-26;18;2474
50;2025-11-26;19;1457
50;2025-11-26;20;921
50;2025-11-26;21;638
50;2025-11-26;22;283
50;2025-11-26;23;150
50;2025-11-27;0;39
50;2025-11-27;1;12
50;2025-11-27;2;24
50;2025-11-27;3;24
50;2025-11-27;4;51
50;2025-11-27;5;69
50;2025-11-27;6;557
50;2025-11-27;7;1756
50;2025-11-27;8;2792
50;2025-11-27;9;2189
50;2025-11-27;10;1695
50;2025-11-27;11;1577
50;2025-11-27;12;1482
50;2025-11-27;13;1497
50;2025-11-27;14;1435
50;2025-11-27;15;1706
50;2025-11-27;16;1772
50;2025-11-27;17;2370
50;2025-11-27;18;2509
50;2025-11-27;19;1475
50;2025-11-27;20;939
50;2025-11-27;21;658
50;2025-11-27;22;291
50;2025-11-27;23;155
50;2025-11-28;0;39
50;2025-11-28;1;12
50;2025-11-28;2;24
50;2025-11-28;3;24
50;2025-11-28;4;51
50;2025-11-28;5;68
50;2025-11-28;6;548
50;2025-11-28;7;1694
50;2025-11-28;8;2701
50;2025-11-28;9;2127
50;2025-11-28;10;1621
50;2025-11-28;11;1598
50;2025-11-28;12;1509
50;2025-11-28;13;1513
50;2025-11-28;14;1438
50;2025-11-28;15;1765
50;2025-11-28;16;1830
50;2025-11-28;17;2277
50;2025-11-28;18;2003
50;2025-11-28;19;1357
50;2025-11-28;20;874
50;2025-11-28;21;603
50;2025-11-28;22;296
50;2025-11-28;23;176
50;2025-11-29;0;59
50;2025-11-29;1;12
50;2025-11-29;2;24
50;2025-11-29;3;24
50;2025-11-29;4;51
50;2025-11-29;5;29
50;2025-11-29;6;163
50;2025-11-29;7;385
50;2025-11-29;8;626
50;2025-11-29;9;669
50;2025-11-29;10;671
50;2025-11-29;11;791
50;2025-11-29;12;826
50;2025-11-29;13;872
50;2025-11-29;14;867
50;2025-11-29;15;916
50;2025-11-29;16;859
50;2025-11-29;17;845
50;2025-11-29;18;763
50;2025-11-29;19;668
50;2025-11-29;20;507
50;2025-11-29;21;423
50;2025-11-29;22;239
50;2025-11-29;23;140
50;2025-11-30;0;48
50;2025-11-30;1;12
50;2025-11-30;2;24
50;2025-11-30;3;24
50;2025-11-30;4;51
50;2025-11-30;5;24
50;2025-11-30;6;127
50;2025-11-30;7;241
50;2025-11-30;8;386
50;2025-11-30;9;484
50;2025-11-30;10;514
50;2025-11-30;11;659
50;2025-11-30;12;721
50;2025-11-30;13;800
50;2025-11-30;14;778
50;2025-11-30;15;781
50;2025-11-30;16;713
50;2025-11-30;17;698
50;2025-11-30;18;619
50;2025-11-30;19;557
50;2025-11-30;20;432
50;2025-11-30;21;359
50;2025-11-30;22;192
50;2025-11-30;23;117
50;2025-12-01;0;36
50;2025-12-01;1;12
50;2025-12-01;2;24
50;2025-12-01;3;24
50;2025-12-01;4;51
50;2025-12-01;5;64
50;2025-12-01;6;551
50;2025-12-01;7;1741
50;2025-12-01;8;2721
50;2025-12-01;9;2084
50;2025-12-01;10;1596
50;2025-12-01;11;1536
50;2025-12-01;12;1427
50;2025-12-01;13;1421
50;2025-12-01;14;1386
50;2025-12-01;15;1622
50;2025-12-01;16;1697
50;2025-12-01;17;2311
50;2025-12-01;18;2458
50;2025-12-01;19;1427
50;2025-12-01;20;854
50;2025-12-01;21;563
50;2025-12-01;22;271
50;2025-12-01;23;121
50;2025-12-02;0;36
50;2025-12-02;1;12
50;2025-12-02;2;24
50;2025-12-02;3;24
50;2025-12-02;4;51
50;2025-12-02;5;66
50;2025-12-02;6;562
50;2025-12-02;7;1784
50;2025-12-02;8;2772
50;2025-12-02;9;2125
50;2025-12-02;10;1647
50;2025-12-02;11;1566
50;2025-12-02;12;1480
50;2025-12-02;13;1462
50;2025-12-02;14;1410
50;2025-12-02;15;1664
50;2025-12-02;16;1738
50;2025-12-02;17;2352
50;2025-12-02;18;2537
50;2025-12-02;19;1470
50;2025-12-02;20;895
50;2025-12-02;21;602
50;2025-12-02;22;285
50;2025-12-02;23;125
50;2025-12-03;0;37
50;2025-12-03;1;12
50;2025-12-03;2;24
50;2025-12-03;3;24
50;2025-12-03;4;51
50;2025-12-03;5;68
50;2025-12-03;6;557
50;2025-12-03;7;1769
50;2025-12-03;8;2743
50;2025-12-03;9;2116
50;2025-12-03;10;1650
50;2025-12-03;11;1572
50;2025-12-03;12;1483
50;2025-12-03;13;1461
50;2025-12-03;14;1414
50;2025-12-03;15;1673
50;2025-12-03;16;1744
50;2025-12-03;17;2345
50;2025-12-03;18;2483
50;2025-12-03;19;1454
50;2025-12-03;20;877
50;2025-12-03;21;595
50;2025-12-03;22;291
50;2025-12-03;23;132
50;2025-12-04;0;42
50;2025-12-04;1;12
50;2025-12-04;2;24
50;2025-12-04;3;24
50;2025-12-04;4;51
50;2025-12-04;5;72
50;2025-12-04;6;566
50;2025-12-04;7;1777
50;2025-12-04;8;2758
50;2025-12-04;9;2124
50;2025-12-04;10;1654
50;2025-12-04;11;1566
50;2025-12-04;12;1484
50;2025-12-04;13;1459
50;2025-12-04;14;1415
50;2025-12-04;15;1667
50;2025-12-04;16;1744
50;2025-12-04;17;2347
50;2025-12-04;18;2514
50;2025-12-04;19;1473
50;2025-12-04;20;896
50;2025-12-04;21;614
50;2025-12-04;22;301
50;2025-12-04;23;149
50;2025-12-05;0;43
50;2025-12-05;1;12
50;2025-12-05;2;24
50;2025-12-05;3;24
50;2025-12-05;4;51
50;2025-12-05;5;67
50;2025-12-05;6;557
50;2025-12-05;7;1719
50;2025-12-05;8;2668
50;2025-12-05;9;2057
50;2025-12-05;10;1579
50;2025-12-05;11;1587
50;2025-12-05;12;1511
50;2025-12-05;13;1476
50;2025-12-05;14;1418
50;2025-12-05;15;1731
50;2025-12-05;16;1804
50;2025-12-05;17;2254
50;2025-12-05;18;2016
50;2025-12-05;19;1354
50;2025-12-05;20;831
50;2025-12-05;21;565
50;2025-12-05;22;303
50;2025-12-05;23;164
50;2025-12-06;0;60
50;2025-12-06;1;12
50;2025-12-06;2;24
50;2025-12-06;3;24
50;2025-12-06;4;51
50;2025-12-06;5;29
50;2025-12-06;6;156
50;2025-12-06;7;378
50;2025-12-06;8;579
50;2025-12-06;9;626
50;2025-12-06;10;648
50;2025-12-06;11;776
50;2025-12-06;12;816
50;2025-12-06;13;824
50;2025-12-06;14;835
50;2025-12-06;15;876
50;2025-12-06;16;822
50;2025-12-06;17;841
50;2025-12-06;18;752
50;2025-12-06;19;640
50;2025-12-06;20;477
50;2025-12-06;21;367
50;2025-12-06;22;238
50;2025-12-06;23;137
50;2025-12-07;0;50
50;2025-12-07;1;12
50;2025-12-07;2;24
50;2025-12-07;3;24
50;2025-12-07;4;51
50;2025-12-07;5;22
50;2025-12-07;6;122
50;2025-12-07;7;243
50;2025-12-07;8;362
50;2025-12-07;9;454
50;2025-12-07;10;497
50;2025-12-07;11;646
50;2025-12-07;12;714
50;2025-12-07;13;754
50;2025-12-07;14;751
50;2025-12-07;15;752
50;2025-12-07;16;684
50;2025-12-07;17;707
50;2025-12-07;18;633
50;2025-12-07;19;528
50;2025-12-07;20;409
50;2025-12-07;21;312
50;2025-12-07;22;205
50;2025-12-07;23;109
50;2025-12-08;0;36
50;2025-12-08;1;12
50;2025-12-08;2;24
50;2025-12-08;3;24
50;2025-12-08;4;51
50;2025-12-08;5;64
50;2025-12-08;6;551
50;2025-12-08;7;1741
50;2025-12-08;8;2721
50;2025-12-08;9;2084
50;2025-12-08;10;1596
50;2025-12-08;11;1536
50;2025-12-08;12;1427
50;2025-12-08;13;1421
50;2025-12-08;14;1386
50;2025-12-08;15;1622
50;2025-12-08;16;1697
50;2025-12-08;17;2311
50;2025-12-08;18;2458
50;2025-12-08;19;1427
50;2025-12-08;20;854
50;2025-12-08;21;563
50;2025-12-08;22;271
50;2025-12-08;23;121
50;2025-12-09;0;36
50;2025-12-09;1;12
50;2025-12-09;2;24
50;2025-12-09;3;24
50;2025-12-09;4;51
50;2025-12-09;5;66
50;2025-12-09;6;562
50;2025-12-09;7;1784
50;2025-12-09;8;2772
50;2025-12-09;9;2125
50;2025-12-09;10;1647
50;2025-12-09;11;1566
50;2025-12-09;12;1480
50;2025-12-09;13;1462
50;2025-12-09;14;1410
50;2025-12-09;15;1664
50;2025-12-09;16;1738
50;2025-12-09;17;2352
50;2025-12-09;18;2537
50;2025-12-09;19;1470
50;2025-12-09;20;895
50;2025-12-09;21;602
50;2025-12-09;22;285
50;2025-12-09;23;125
50;2025-12-10;0;37
50;2025-12-10;1;12
50;2025-12-10;2;24
50;2025-12-10;3;24
50;2025-12-10;4;51
50;2025-12-10;5;68
50;2025-12-10;6;557
50;2025-12-10;7;1769
50;2025-12-10;8;2743
50;2025-12-10;9;2116
50;2025-12-10;10;1650
50;2025-12-10;11;1572
50;2025-12-10;12;1483
50;2025-12-10;13;1461
50;2025-12-10;14;1414
50;2025-12-10;15;1673
50;2025-12-10;16;1744
50;2025-12-10;17;2345
50;2025-12-10;18;2483
50;2025-12-10;19;1454
50;2025-12-10;20;877
50;2025-12-10;21;595
50;2025-12-10;22;291
50;2025-12-10;23;132
50;2025-12-11;0;42
50;2025-12-11;1;12
50;2025-12-11;2;24
50;2025-12-11;3;24
50;2025-12-11;4;51
50;2025-12-11;5;72
50;2025-12-11;6;566
50;2025-12-11;7;1777
50;2025-12-11;8;2758
50;2025-12-11;9;2124
50;2025-12-11;10;1654
50;2025-12-11;11;1566
50;2025-12-11;12;1484
50;2025-12-11;13;1459
50;2025-12-11;14;1415
50;2025-12-11;15;1667
50;2025-12-11;16;1744
50;2025-12-11;17;2347
50;2025-12-11;18;2514
50;2025-12-11;19;1473
50;2025-12-11;20;896
50;2025-12-11;21;614
50;2025-12-11;22;301
50;2025-12-11;23;149
50;2025-12-12;0;43
50;2025-12-12;1;12
50;2025-12-12;2;24
50;2025-12-12;3;24
50;2025-12-12;4;51
50;2025-12-12;5;67
50;2025-12-12;6;557
50;2025-12-12;7;1719
50;2025-12-12;8;2668
50;2025-12-12;9;2057
50;2025-12-12;10;1579
50;2025-12-12;11;1587
50;2025-12-12;12;1511
50;2025-12-12;13;1476
50;2025-12-12;14;1418
50;2025-12-12;15;1731
50;2025-12-12;16;1804
50;2025-12-12;17;2254
50;2025-12-12;18;2016
50;2025-12-12;19;1354
50;2025-12-12;20;831
50;2025-12-12;21;565
50;2025-12-12;22;303
50;2025-12-12;23;164
50;2025-12-13;0;60
50;2025-12-13;1;12
50;2025-12-13;2;24
50;2025-12-13;3;24
50;2025-12-13;4;51
50;2025-12-13;5;29
50;2025-12-13;6;156
50;2025-12-13;7;378
50;2025-12-13;8;579
50;2025-12-13;9;626
50;2025-12-13;10;648
50;2025-12-13;11;776
50;2025-12-13;12;816
50;2025-12-13;13;824
50;2025-12-13;14;835
50;2025-12-13;15;876
50;2025-12-13;16;822
50;2025-12-13;17;841
50;2025-12-13;18;752
50;2025-12-13;19;640
50;2025-12-13;20;477
50;2025-12-13;21;367
50;2025-12-13;22;238
50;2025-12-13;23;137
50;2025-12-14;0;50
50;2025-12-14;1;12
50;2025-12-14;2;24
50;2025-12-14;3;24
50;2025-12-14;4;51
50;2025-12-14;5;22
50;2025-12-14;6;122
50;2025-12-14;7;243
50;2025-12-14;8;362
50;2025-12-14;9;454
50;2025-12-14;10;497
50;2025-12-14;11;646
50;2025-12-14;12;714
50;2025-12-14;13;754
50;2025-12-14;14;751
50;2025-12-14;15;752
50;2025-12-14;16;684
50;2025-12-14;17;707
50;2025-12-14;18;633
50;2025-12-14;19;528
50;2025-12-14;20;409
50;2025-12-14;21;312
50;2025-12-14;22;205
50;2025-12-14;23;109
50;2025-12-15;0;36
50;2025-12-15;1;12
50;2025-12-15;2;24
50;2025-12-15;3;24
50;2025-12-15;4;51
50;2025-12-15;5;64
50;2025-12-15;6;551
50;2025-12-15;7;1741
50;2025-12-15;8;2721
50;2025-12-15;9;2084
50;2025-12-15;10;1596
50;2025-12-15;11;1536
50;2025-12-15;12;1427
50;2025-12-15;13;1421
50;2025-12-15;14;1386
50;2025-12-15;15;1622
50;2025-12-15;16;1697
50;2025-12-15;17;2311
50;2025-12-15;18;2458
50;2025-12-15;19;1427
50;2025-12-15;20;854
50;2025-12-15;21;563
50;2025-12-15;22;271
50;2025-12-15;23;121
50;2025-12-16;0;36
50;2025-12-16;1;12
50;2025-12-16;2;24
50;2025-12-16;3;24
50;2025-12-16;4;51
50;2025-12-16;5;66
50;2025-12-16;6;562
50;2025-12-16;7;1784
50;2025-12-16;8;2772
50;2025-12-16;9;2125
50;2025-12-16;10;1647
50;2025-12-16;11;1566
50;2025-12-16;12;1480
50;2025-12-16;13;1462
50;2025-12-16;14;1410
50;2025-12-16;15;1664
50;2025-12-16;16;1738
50;2025-12-16;17;2352
50;2025-12-16;18;2537
50;2025-12-16;19;1470
50;2025-12-16;20;895
50;2025-12-16;21;602
50;2025-12-16;22;285
50;2025-12-16;23;125
50;2025-12-17;0;37
50;2025-12-17;1;12
50;2025-12-17;2;24
50;2025-12-17;3;24
50;2025-12-17;4;51
50;2025-12-17;5;68
50;2025-12-17;6;557
50;2025-12-17;7;1769
50;2025-12-17;8;2743
50;2025-12-17;9;2116
50;2025-12-17;10;1650
50;2025-12-17;11;1572
50;2025-12-17;12;1483
50;2025-12-17;13;1461
50;2025-12-17;14;1414
50;2025-12-17;15;1673
50;2025-12-17;16;1744
50;2025-12-17;17;2345
50;2025-12-17;18;2483
50;2025-12-17;19;1454
50;2025-12-17;20;877
50;2025-12-17;21;595
50;2025-12-17;22;291
50;2025-12-17;23;132
50;2025-12-18;0;42
50;2025-12-18;1;12
50;2025-12-18;2;24
50;2025-12-18;3;24
50;2025-12-18;4;51
50;2025-12-18;5;72
50;2025-12-18;6;566
50;2025-12-18;7;1777
50;2025-12-18;8;2758
50;2025-12-18;9;2124
50;2025-12-18;10;1654
50;2025-12-18;11;1566
50;2025-12-18;12;1484
50;2025-12-18;13;1459
50;2025-12-18;14;1415
50;2025-12-18;15;1667
50;2025-12-18;16;1744
50;2025-12-18;17;2347
50;2025-12-18;18;2514
50;2025-12-18;19;1473
50;2025-12-18;20;896
50;2025-12-18;21;614
50;2025-12-18;22;301
50;2025-12-18;23;149
50;2025-12-19;0;43
50;2025-12-19;1;12
50;2025-12-19;2;24
50;2025-12-19;3;24
50;2025-12-19;4;51
50;2025-12-19;5;67
50;2025-12-19;6;557
50;2025-12-19;7;1719
50;2025-12-19;8;2668
50;2025-12-19;9;2057
50;2025-12-19;10;1579
50;2025-12-19;11;1587
50;2025-12-19;12;1511
50;2025-12-19;13;1476
50;2025-12-19;14;1418
50;2025-12-19;15;1731
50;2025-12-19;16;1804
50;2025-12-19;17;2254
50;2025-12-19;18;2016
50;2025-12-19;19;1354
50;2025-12-19;20;831
50;2025-12-19;21;565
50;2025-12-19;22;303
50;2025-12-19;23;164
50;2025-12-20;0;60
50;2025-12-20;1;12
50;2025-12-20;2;24
50;2025-12-20;3;24
50;2025-12-20;4;51
50;2025-12-20;5;29
50;2025-12-20;6;156
50;2025-12-20;7;378
50;2025-12-20;8;579
50;2025-12-20;9;626
50;2025-12-20;10;648
50;2025-12-20;11;776
50;2025-12-20;12;816
50;2025-12-20;13;824
50;2025-12-20;14;835
50;2025-12-20;15;876
50;2025-12-20;16;822
50;2025-12-20;17;841
50;2025-12-20;18;752
50;2025-12-20;19;640
50;2025-12-20;20;477
50;2025-12-20;21;367
50;2025-12-20;22;238
50;2025-12-20;23;137
50;2025-12-21;0;50
50;2025-12-21;1;12
50;2025-12-21;2;24
50;2025-12-21;3;24
50;2025-12-21;4;51
50;2025-12-21;5;22
50;2025-12-21;6;122
50;2025-12-21;7;243
50;2025-12-21;8;362
50;2025-12-21;9;454
50;2025-12-21;10;497
50;2025-12-21;11;646
50;2025-12-21;12;714
50;2025-12-21;13;754
50;2025-12-21;14;751
50;2025-12-21;15;752
50;2025-12-21;16;684
50;2025-12-21;17;707
50;2025-12-21;18;633
50;2025-12-21;19;528
50;2025-12-21;20;409
50;2025-12-21;21;312
50;2025-12-21;22;205
50;2025-12-21;23;109
50;2025-12-22;0;36
50;2025-12-22;1;12
50;2025-12-22;2;24
50;2025-12-22;3;24
50;2025-12-22;4;51
50;2025-12-22;5;64
50;2025-12-22;6;551
50;2025-12-22;7;1741
50;2025-12-22;8;2721
50;2025-12-22;9;2084
50;2025-12-22;10;1596
50;2025-12-22;11;1536
50;2025-12-22;12;1427
50;2025-12-22;13;1421
50;2025-12-22;14;1386
50;2025-12-22;15;1622
50;2025-12-22;16;1697
50;2025-12-22;17;2311
50;2025-12-22;18;2458
50;2025-12-22;19;1427
50;2025-12-22;20;854
50;2025-12-22;21;563
50;2025-12-22;22;271
50;2025-12-22;23;121
50;2025-12-23;0;36
50;2025-12-23;1;12
50;2025-12-23;2;24
50;2025-12-23;3;24
50;2025-12-23;4;51
50;2025-12-23;5;66
50;2025-12-23;6;562
50;2025-12-23;7;1784
50;2025-12-23;8;2772
50;2025-12-23;9;2125
50;2025-12-23;10;1647
50;2025-12-23;11;1566
50;2025-12-23;12;1480
50;2025-12-23;13;1462
50;2025-12-23;14;1410
50;2025-12-23;15;1664
50;2025-12-23;16;1738
50;2025-12-23;17;2352
50;2025-12-23;18;2537
50;2025-12-23;19;1470
50;2025-12-23;20;895
50;2025-12-23;21;602
50;2025-12-23;22;285
50;2025-12-23;23;125
50;2025-12-24;0;37
50;2025-12-24;1;12
50;2025-12-24;2;24
50;2025-12-24;3;24
50;2025-12-24;4;51
50;2025-12-24;5;68
50;2025-12-24;6;557
50;2025-12-24;7;1769
50;2025-12-24;8;2743
50;2025-12-24;9;2116
50;2025-12-24;10;1650
50;2025-12-24;11;1572
50;2025-12-24;12;1483
50;2025-12-24;13;1461
50;2025-12-24;14;1414
50;2025-12-24;15;1673
50;2025-12-24;16;1744
50;2025-12-24;17;2345
50;2025-12-24;18;2483
50;2025-12-24;19;1454
50;2025-12-24;20;877
50;2025-12-24;21;595
50;2025-12-24;22;291
50;2025-12-24;23;132
50;2025-12-25;0;42
50;2025-12-25;1;12
50;2025-12-25;2;24
50;2025-12-25;3;24
50;2025-12-25;4;51
50;2025-12-25;5;72
50;2025-12-25;6;566
50;2025-12-25;7;1777
50;2025-12-25;8;2758
50;2025-12-25;9;2124
50;2025-12-25;10;1654
50;2025-12-25;11;1566
50;2025-12-25;12;1484
50;2025-12-25;13;1459
50;2025-12-25;14;1415
50;2025-12-25;15;1667
50;2025-12-25;16;1744
50;2025-12-25;17;2347
50;2025-12-25;18;2514
50;2025-12-25;19;1473
50;2025-12-25;20;896
50;2025-12-25;21;614
50;2025-12-25;22;301
50;2025-12-25;23;149
50;2025-12-26;0;43
50;2025-12-26;1;12
50;2025-12-26;2;24
50;2025-12-26;3;24
50;2025-12-26;4;51
50;2025-12-26;5;67
50;2025-12-26;6;557
50;2025-12-26;7;1719
50;2025-12-26;8;2668
50;2025-12-26;9;2057
50;2025-12-26;10;1579
50;2025-12-26;11;1587
50;2025-12-26;12;1511
50;2025-12-26;13;1476
50;2025-12-26;14;1418
50;2025-12-26;15;1731
50;2025-12-26;16;1804
50;2025-12-26;17;2254
50;2025-12-26;18;2016
50;2025-12-26;19;1354
50;2025-12-26;20;831
50;2025-12-26;21;565
50;2025-12-26;22;303
50;2025-12-26;23;164
50;2025-12-27;0;60
50;2025-12-27;1;12
50;2025-12-27;2;24
50;2025-12-27;3;24
50;2025-12-27;4;51
50;2025-12-27;5;29
50;2025-12-27;6;156
50;2025-12-27;7;378
50;2025-12-27;8;579
50;2025-12-27;9;626
50;2025-12-27;10;648
50;2025-12-27;11;776
50;2025-12-27;12;816
50;2025-12-27;13;824
50;2025-12-27;14;835
50;2025-12-27;15;876
50;2025-12-27;16;822
50;2025-12-27;17;841
50;2025-12-27;18;752
50;2025-12-27;19;640
50;2025-12-27;20;477
50;2025-12-27;21;367
50;2025-12-27;22;238
50;2025-12-27;23;137
50;2025-12-28;0;50
50;2025-12-28;1;12
50;2025-12-28;2;24
50;2025-12-28;3;24
50;2025-12-28;4;51
50;2025-12-28;5;22
50;2025-12-28;6;122
50;2025-12-28;7;243
50;2025-12-28;8;362
50;2025-12-28;9;454
50;2025-12-28;10;497
50;2025-12-28;11;646
50;2025-12-28;12;714
50;2025-12-28;13;754
50;2025-12-28;14;751
50;2025-12-28;15;752
50;2025-12-28;16;684
50;2025-12-28;17;707
50;2025-12-28;18;633
50;2025-12-28;19;528
50;2025-12-28;20;409
50;2025-12-28;21;312
50;2025-12-28;22;205
50;2025-12-28;23;109
50;2025-12-29;0;36
50;2025-12-29;1;12
50;2025-12-29;2;24
50;2025-12-29;3;24
50;2025-12-29;4;51
50;2025-12-29;5;64
50;2025-12-29;6;551
50;2025-12-29;7;1741
50;2025-12-29;8;2721
50;2025-12-29;9;2084
50;2025-12-29;10;1596
50;2025-12-29;11;1536
50;2025-12-29;12;1427
50;2025-12-29;13;1421
50;2025-12-29;14;1386
50;2025-12-29;15;1622
50;2025-12-29;16;1697
50;2025-12-29;17;2311
50;2025-12-29;18;2458
50;2025-12-29;19;1427
50;2025-12-29;20;854
50;2025-12-29;21;563
50;2025-12-29;22;271
50;2025-12-29;23;121
50;2025-12-30;0;36
50;2025-12-30;1;12
50;2025-12-30;2;24
50;2025-12-30;3;24
50;2025-12-30;4;51
50;2025-12-30;5;66
50;2025-12-30;6;562
50;2025-12-30;7;1784
50;2025-12-30;8;2772
50;2025-12-30;9;2125
50;2025-12-30;10;1647
50;2025-12-30;11;1566
50;2025-12-30;12;1480
50;2025-12-30;13;1462
50;2025-12-30;14;1410
50;2025-12-30;15;1664
50;2025-12-30;16;1738
50;2025-12-30;17;2352
50;2025-12-30;18;2537
50;2025-12-30;19;1470
50;2025-12-30;20;895
50;2025-12-30;21;602
50;2025-12-30;22;285
50;2025-12-30;23;125
50;2025-12-31;0;24
50;2025-12-31;1;12
50;2025-12-31;2;24
50;2025-12-31;3;24
50;2025-12-31;4;51
50;2025-12-31;5;22
50;2025-12-31;6;144
50;2025-12-31;7;414
50;2025-12-31;8;752
50;2025-12-31;9;626
50;2025-12-31;10;545
50;2025-12-31;11;622
50;2025-12-31;12;692
50;2025-12-31;13;723
50;2025-12-31;14;700
50;2025-12-31;15;654
50;2025-12-31;16;623
50;2025-12-31;17;710
50;2025-12-31;18;1038
50;2025-12-31;19;623
50;2025-12-31;20;412
50;2025-12-31;21;343
50;2025-12-31;22;191
50;2025-12-31;23;105
