route;date;hour;prediction
1;2025-11-01;0;9
1;2025-11-01;1;0
1;2025-11-01;2;0
1;2025-11-01;3;0
1;2025-11-01;4;11
1;2025-11-01;5;48
1;2025-11-01;6;194
1;2025-11-01;7;482
1;2025-11-01;8;1490
1;2025-11-01;9;1408
1;2025-11-01;10;1396
1;2025-11-01;11;1419
1;2025-11-01;12;1502
1;2025-11-01;13;1572
1;2025-11-01;14;1542
1;2025-11-01;15;1590
1;2025-11-01;16;1621
1;2025-11-01;17;1801
1;2025-11-01;18;1647
1;2025-11-01;19;1137
1;2025-11-01;20;653
1;2025-11-01;21;354
1;2025-11-01;22;154
1;2025-11-01;23;46
1;2025-11-02;0;1
1;2025-11-02;1;0
1;2025-11-02;2;0
1;2025-11-02;3;0
1;2025-11-02;4;0
1;2025-11-02;5;25
1;2025-11-02;6;118
1;2025-11-02;7;259
1;2025-11-02;8;384
1;2025-11-02;9;596
1;2025-11-02;10;703
1;2025-11-02;11;679
1;2025-11-02;12;862
1;2025-11-02;13;906
1;2025-11-02;14;837
1;2025-11-02;15;749
1;2025-11-02;16;675
1;2025-11-02;17;612
1;2025-11-02;18;544
1;2025-11-02;19;455
1;2025-11-02;20;365
1;2025-11-02;21;268
1;2025-11-02;22;102
1;2025-11-02;23;29
1;2025-11-03;0;0
1;2025-11-03;1;0
1;2025-11-03;2;0
1;2025-11-03;3;0
1;2025-11-03;4;0
1;2025-11-03;5;29
1;2025-11-03;6;247
1;2025-11-03;7;507
1;2025-11-03;8;540
1;2025-11-03;9;606
1;2025-11-03;10;616
1;2025-11-03;11;636
1;2025-11-03;12;809
1;2025-11-03;13;824
1;2025-11-03;14;814
1;2025-11-03;15;730
1;2025-11-03;16;696
1;2025-11-03;17;677
1;2025-11-03;18;647
1;2025-11-03;19;480
1;2025-11-03;20;376
1;2025-11-03;21;324
1;2025-11-03;22;107
1;2025-11-03;23;20
1;2025-11-04;0;1
1;2025-11-04;1;0
1;2025-11-04;2;0
1;2025-11-04;3;0
1;2025-11-04;4;1
1;2025-11-04;5;25
1;2025-11-04;6;142
1;2025-11-04;7;377
1;2025-11-04;8;402
1;2025-11-04;9;524
1;2025-11-04;10;605
1;2025-11-04;11;552
1;2025-11-04;12;694
1;2025-11-04;13;769
1;2025-11-04;14;695
1;2025-11-04;15;643
1;2025-11-04;16;601
1;2025-11-04;17;598
1;2025-11-04;18;500
1;2025-11-04;19;434
1;2025-11-04;20;341
1;2025-11-04;21;297
1;2025-11-04;22;121
1;2025-11-04;23;26
1;2025-11-05;0;3
1;2025-11-05;1;0
1;2025-11-05;2;0
1;2025-11-05;3;0
1;2025-11-05;4;9
1;2025-11-05;5;132
1;2025-11-05;6;519
1;2025-11-05;7;1529
1;2025-11-05;8;1947
1;2025-11-05;9;1487
1;2025-11-05;10;1379
1;2025-11-05;11;1368
1;2025-11-05;12;1414
1;2025-11-05;13;1455
1;2025-11-05;14;1411
1;2025-11-05;15;1531
1;2025-11-05;16;1534
1;2025-11-05;17;1813
1;2025-11-05;18;1823
1;2025-11-05;19;1384
1;2025-11-05;20;885
1;2025-11-05;21;491
1;2025-11-05;22;231
1;2025-11-05;23;38
1;2025-11-06;0;5
1;2025-11-06;1;0
1;2025-11-06;2;0
1;2025-11-06;3;0
1;2025-11-06;4;8
1;2025-11-06;5;128
1;2025-11-06;6;521
1;2025-11-06;7;1536
1;2025-11-06;8;1950
1;2025-11-06;9;1497
1;2025-11-06;10;1389
1;2025-11-06;11;1381
1;2025-11-06;12;1417
1;2025-11-06;13;1454
1;2025-11-06;14;1414
1;2025-11-06;15;1533
1;2025-11-06;16;1542
1;2025-11-06;17;1815
1;2025-11-06;18;1825
1;2025-11-06;19;1388
1;2025-11-06;20;888
1;2025-11-06;21;498
1;2025-11-06;22;231
1;2025-11-06;23;42
1;2025-11-07;0;5
1;2025-11-07;1;0
1;2025-11-07;2;0
1;2025-11-07;3;0
1;2025-11-07;4;8
1;2025-11-07;5;131
1;2025-11-07;6;505
1;2025-11-07;7;1483
1;2025-11-07;8;1871
1;2025-11-07;9;1446
1;2025-11-07;10;1342
1;2025-11-07;11;1368
1;2025-11-07;12;1386
1;2025-11-07;13;1420
1;2025-11-07;14;1405
1;2025-11-07;15;1534
1;2025-11-07;16;1577
1;2025-11-07;17;1793
1;2025-11-07;18;1646
1;2025-11-07;19;1296
1;2025-11-07;20;838
1;2025-11-07;21;481
1;2025-11-07;22;232
1;2025-11-07;23;47
1;2025-11-08;0;4
1;2025-11-08;1;0
1;2025-11-08;2;0
1;2025-11-08;3;0
1;2025-11-08;4;1
1;2025-11-08;5;33
1;2025-11-08;6;168
1;2025-11-08;7;366
1;2025-11-08;8;493
1;2025-11-08;9;731
1;2025-11-08;10;877
1;2025-11-08;11;775
1;2025-11-08;12;950
1;2025-11-08;13;1005
1;2025-11-08;14;960
1;2025-11-08;15;848
1;2025-11-08;16;786
1;2025-11-08;17;729
1;2025-11-08;18;622
1;2025-11-08;19;558
1;2025-11-08;20;426
1;2025-11-08;21;312
1;2025-11-08;22;120
1;2025-11-08;23;30
1;2025-11-09;0;1
1;2025-11-09;1;0
1;2025-11-09;2;0
1;2025-11-09;3;0
1;2025-11-09;4;0
1;2025-11-09;5;25
1;2025-11-09;6;118
1;2025-11-09;7;259
1;2025-11-09;8;384
1;2025-11-09;9;596
1;2025-11-09;10;703
1;2025-11-09;11;679
1;2025-11-09;12;862
1;2025-11-09;13;906
1;2025-11-09;14;837
1;2025-11-09;15;749
1;2025-11-09;16;675
1;2025-11-09;17;612
1;2025-11-09;18;544
1;2025-11-09;19;455
1;2025-11-09;20;365
1;2025-11-09;21;268
1;2025-11-09;22;102
1;2025-11-09;23;29
1;2025-11-10;0;0
1;2025-11-10;1;0
1;2025-11-10;2;0
1;2025-11-10;3;0
1;2025-11-10;4;9
1;2025-11-10;5;128
1;2025-11-10;6;508
1;2025-11-10;7;1495
1;2025-11-10;8;1892
1;2025-11-10;9;1422
1;2025-11-10;10;1309
1;2025-11-10;11;1325
1;2025-11-10;12;1368
1;2025-11-10;13;1394
1;2025-11-10;14;1374
1;2025-11-10;15;1490
1;2025-11-10;16;1518
1;2025-11-10;17;1781
1;2025-11-10;18;1765
1;2025-11-10;19;1352
1;2025-11-10;20;863
1;2025-11-10;21;470
1;2025-11-10;22;212
1;2025-11-10;23;35
1;2025-11-11;0;3
1;2025-11-11;1;0
1;2025-11-11;2;0
1;2025-11-11;3;0
1;2025-11-11;4;9
1;2025-11-11;5;130
1;2025-11-11;6;519
1;2025-11-11;7;1541
1;2025-11-11;8;1954
1;2025-11-11;9;1496
1;2025-11-11;10;1389
1;2025-11-11;11;1377
1;2025-11-11;12;1413
1;2025-11-11;13;1450
1;2025-11-11;14;1409
1;2025-11-11;15;1531
1;2025-11-11;16;1537
1;2025-11-11;17;1813
1;2025-11-11;18;1828
1;2025-11-11;19;1394
1;2025-11-11;20;890
1;2025-11-11;21;491
1;2025-11-11;22;220
1;2025-11-11;23;41
1;2025-11-12;0;3
1;2025-11-12;1;0
1;2025-11-12;2;0
1;2025-11-12;3;0
1;2025-11-12;4;9
1;2025-11-12;5;132
1;2025-11-12;6;519
1;2025-11-12;7;1529
1;2025-11-12;8;1947
1;2025-11-12;9;1487
1;2025-11-12;10;1379
1;2025-11-12;11;1368
1;2025-11-12;12;1414
1;2025-11-12;13;1455
1;2025-11-12;14;1411
1;2025-11-12;15;1531
1;2025-11-12;16;1534
1;2025-11-12;17;1813
1;2025-11-12;18;1823
1;2025-11-12;19;1384
1;2025-11-12;20;885
1;2025-11-12;21;491
1;2025-11-12;22;231
1;2025-11-12;23;38
1;2025-11-13;0;5
1;2025-11-13;1;0
1;2025-11-13;2;0
1;2025-11-13;3;0
1;2025-11-13;4;8
1;2025-11-13;5;128
1;2025-11-13;6;521
1;2025-11-13;7;1536
1;2025-11-13;8;1950
1;2025-11-13;9;1497
1;2025-11-13;10;1389
1;2025-11-13;11;1381
1;2025-11-13;12;1417
1;2025-11-13;13;1454
1;2025-11-13;14;1414
1;2025-11-13;15;1533
1;2025-11-13;16;1542
1;2025-11-13;17;1815
1;2025-11-13;18;1825
1;2025-11-13;19;1388
1;2025-11-13;20;888
1;2025-11-13;21;498
1;2025-11-13;22;231
1;2025-11-13;23;42
1;2025-11-14;0;5
1;2025-11-14;1;0
1;2025-11-14;2;0
1;2025-11-14;3;0
1;2025-11-14;4;8
1;2025-11-14;5;131
1;2025-11-14;6;505
1;2025-11-14;7;1483
1;2025-11-14;8;1871
1;2025-11-14;9;1446
1;2025-11-14;10;1342
1;2025-11-14;11;1368
1;2025-11-14;12;1386
1;2025-11-14;13;1420
1;2025-11-14;14;1405
1;2025-11-14;15;1534
1;2025-11-14;16;1577
1;2025-11-14;17;1793
1;2025-11-14;18;1646
1;2025-11-14;19;1296
1;2025-11-14;20;838
1;2025-11-14;21;481
1;2025-11-14;22;232
1;2025-11-14;23;47
1;2025-11-15;0;4
1;2025-11-15;1;0
1;2025-11-15;2;0
1;2025-11-15;3;0
1;2025-11-15;4;1
1;2025-11-15;5;33
1;2025-11-15;6;168
1;2025-11-15;7;366
1;2025-11-15;8;493
1;2025-11-15;9;731
1;2025-11-15;10;877
1;2025-11-15;11;775
1;2025-11-15;12;950
1;2025-11-15;13;1005
1;2025-11-15;14;960
1;2025-11-15;15;848
1;2025-11-15;16;786
1;2025-11-15;17;729
1;2025-11-15;18;622
1;2025-11-15;19;558
1;2025-11-15;20;426
1;2025-11-15;21;312
1;2025-11-15;22;120
1;2025-11-15;23;30
1;2025-11-16;0;1
1;2025-11-16;1;0
1;2025-11-16;2;0
1;2025-11-16;3;0
1;2025-11-16;4;0
1;2025-11-16;5;25
1;2025-11-16;6;118
1;2025-11-16;7;259
1;2025-11-16;8;384
1;2025-11-16;9;596
1;2025-11-16;10;703
1;2025-11-16;11;679
1;2025-11-16;12;862
1;2025-11-16;13;906
1;2025-11-16;14;837
1;2025-11-16;15;749
1;2025-11-16;16;675
1;2025-11-16;17;612
1;2025-11-16;18;544
1;2025-11-16;19;455
1;2025-11-16;20;365
1;2025-11-16;21;268
1;2025-11-16;22;102
1;2025-11-16;23;29
1;2025-11-17;0;0
1;2025-11-17;1;0
1;2025-11-17;2;0
1;2025-11-17;3;0
1;2025-11-17;4;9
1;2025-11-17;5;128
1;2025-11-17;6;508
1;2025-11-17;7;1495
1;2025-11-17;8;1892
1;2025-11-17;9;1422
1;2025-11-17;10;1309
1;2025-11-17;11;1325
1;2025-11-17;12;1368
1;2025-11-17;13;1394
1;2025-11-17;14;1374
1;2025-11-17;15;1490
1;2025-11-17;16;1518
1;2025-11-17;17;1781
1;2025-11-17;18;1765
1;2025-11-17;19;1352
1;2025-11-17;20;863
1;2025-11-17;21;470
1;2025-11-17;22;212
1;2025-11-17;23;35
1;2025-11-18;0;3
1;2025-11-18;1;0
1;2025-11-18;2;0
1;2025-11-18;3;0
1;2025-11-18;4;9
1;2025-11-18;5;130
1;2025-11-18;6;519
1;2025-11-18;7;1541
1;2025-11-18;8;1954
1;2025-11-18;9;1496
1;2025-11-18;10;1389
1;2025-11-18;11;1377
1;2025-11-18;12;1413
1;2025-11-18;13;1450
1;2025-11-18;14;1409
1;2025-11-18;15;1531
1;2025-11-18;16;1537
1;2025-11-18;17;1813
1;2025-11-18;18;1828
1;2025-11-18;19;1394
1;2025-11-18;20;890
1;2025-11-18;21;491
1;2025-11-18;22;220
1;2025-11-18;23;41
1;2025-11-19;0;3
1;2025-11-19;1;0
1;2025-11-19;2;0
1;2025-11-19;3;0
1;2025-11-19;4;9
1;2025-11-19;5;132
1;2025-11-19;6;519
1;2025-11-19;7;1529
1;2025-11-19;8;1947
1;2025-11-19;9;1487
1;2025-11-19;10;1379
1;2025-11-19;11;1368
1;2025-11-19;12;1414
1;2025-11-19;13;1455
1;2025-11-19;14;1411
1;2025-11-19;15;1531
1;2025-11-19;16;1534
1;2025-11-19;17;1813
1;2025-11-19;18;1823
1;2025-11-19;19;1384
1;2025-11-19;20;885
1;2025-11-19;21;491
1;2025-11-19;22;231
1;2025-11-19;23;38
1;2025-11-20;0;5
1;2025-11-20;1;0
1;2025-11-20;2;0
1;2025-11-20;3;0
1;2025-11-20;4;8
1;2025-11-20;5;128
1;2025-11-20;6;521
1;2025-11-20;7;1536
1;2025-11-20;8;1950
1;2025-11-20;9;1497
1;2025-11-20;10;1389
1;2025-11-20;11;1381
1;2025-11-20;12;1417
1;2025-11-20;13;1454
1;2025-11-20;14;1414
1;2025-11-20;15;1533
1;2025-11-20;16;1542
1;2025-11-20;17;1815
1;2025-11-20;18;1825
1;2025-11-20;19;1388
1;2025-11-20;20;888
1;2025-11-20;21;498
1;2025-11-20;22;231
1;2025-11-20;23;42
1;2025-11-21;0;5
1;2025-11-21;1;0
1;2025-11-21;2;0
1;2025-11-21;3;0
1;2025-11-21;4;8
1;2025-11-21;5;131
1;2025-11-21;6;505
1;2025-11-21;7;1483
1;2025-11-21;8;1871
1;2025-11-21;9;1446
1;2025-11-21;10;1342
1;2025-11-21;11;1368
1;2025-11-21;12;1386
1;2025-11-21;13;1420
1;2025-11-21;14;1405
1;2025-11-21;15;1534
1;2025-11-21;16;1577
1;2025-11-21;17;1793
1;2025-11-21;18;1646
1;2025-11-21;19;1296
1;2025-11-21;20;838
1;2025-11-21;21;481
1;2025-11-21;22;232
1;2025-11-21;23;47
1;2025-11-22;0;4
1;2025-11-22;1;0
1;2025-11-22;2;0
1;2025-11-22;3;0
1;2025-11-22;4;1
1;2025-11-22;5;33
1;2025-11-22;6;168
1;2025-11-22;7;366
1;2025-11-22;8;493
1;2025-11-22;9;731
1;2025-11-22;10;877
1;2025-11-22;11;775
1;2025-11-22;12;950
1;2025-11-22;13;1005
1;2025-11-22;14;960
1;2025-11-22;15;848
1;2025-11-22;16;786
1;2025-11-22;17;729
1;2025-11-22;18;622
1;2025-11-22;19;558
1;2025-11-22;20;426
1;2025-11-22;21;312
1;2025-11-22;22;120
1;2025-11-22;23;30
1;2025-11-23;0;1
1;2025-11-23;1;0
1;2025-11-23;2;0
1;2025-11-23;3;0
1;2025-11-23;4;0
1;2025-11-23;5;25
1;2025-11-23;6;118
1;2025-11-23;7;259
1;2025-11-23;8;384
1;2025-11-23;9;596
1;2025-11-23;10;703
1;2025-11-23;11;679
1;2025-11-23;12;862
1;2025-11-23;13;906
1;2025-11-23;14;837
1;2025-11-23;15;749
1;2025-11-23;16;675
1;2025-11-23;17;612
1;2025-11-23;18;544
1;2025-11-23;19;455
1;2025-11-23;20;365
1;2025-11-23;21;268
1;2025-11-23;22;102
1;2025-11-23;23;29
1;2025-11-24;0;0
1;2025-11-24;1;0
1;2025-11-24;2;0
1;2025-11-24;3;0
1;2025-11-24;4;9
1;2025-11-24;5;128
1;2025-11-24;6;508
1;2025-11-24;7;1495
1;2025-11-24;8;1892
1;2025-11-24;9;1422
1;2025-11-24;10;1309
1;2025-11-24;11;1325
1;2025-11-24;12;1368
1;2025-11-24;13;1394
1;2025-11-24;14;1374
1;2025-11-24;15;1490
1;2025-11-24;16;1518
1;2025-11-24;17;1781
1;2025-11-24;18;1765
1;2025-11-24;19;1352
1;2025-11-24;20;863
1;2025-11-24;21;470
1;2025-11-24;22;212
1;2025-11-24;23;35
1;2025-11-25;0;3
1;2025-11-25;1;0
1;2025-11-25;2;0
1;2025-11-25;3;0
1;2025-11-25;4;9
1;2025-11-25;5;130
1;2025-11-25;6;519
1;2025-11-25;7;1541
1;2025-11-25;8;1954
1;2025-11-25;9;1496
1;2025-11-25;10;1389
1;2025-11-25;11;1377
1;2025-11-25;12;1413
1;2025-11-25;13;1450
1;2025-11-25;14;1409
1;2025-11-25;15;1531
1;2025-11-25;16;1537
1;2025-11-25;17;1813
1;2025-11-25;18;1828
1;2025-11-25;19;1394
1;2025-11-25;20;890
1;2025-11-25;21;491
1;2025-11-25;22;220
1;2025-11-25;23;41
1;2025-11-26;0;3
1;2025-11-26;1;0
1;2025-11-26;2;0
1;2025-11-26;3;0
1;2025-11-26;4;9
1;2025-11-26;5;132
1;2025-11-26;6;519
1;2025-11-26;7;1529
1;2025-11-26;8;1947
1;2025-11-26;9;1487
1;2025-11-26;10;1379
1;2025-11-26;11;1368
1;2025-11-26;12;1414
1;2025-11-26;13;1455
1;2025-11-26;14;1411
1;2025-11-26;15;1531
1;2025-11-26;16;1534
1;2025-11-26;17;1813
1;2025-11-26;18;1823
1;2025-11-26;19;1384
1;2025-11-26;20;885
1;2025-11-26;21;491
1;2025-11-26;22;231
1;2025-11-26;23;38
1;2025-11-27;0;5
1;2025-11-27;1;0
1;2025-11-27;2;0
1;2025-11-27;3;0
1;2025-11-27;4;8
1;2025-11-27;5;128
1;2025-11-27;6;521
1;2025-11-27;7;1536
1;2025-11-27;8;1950
1;2025-11-27;9;1497
1;2025-11-27;10;1389
1;2025-11-27;11;1381
1;2025-11-27;12;1417
1;2025-11-27;13;1454
1;2025-11-27;14;1414
1;2025-11-27;15;1533
1;2025-11-27;16;1542
1;2025-11-27;17;1815
1;2025-11-27;18;1825
1;2025-11-27;19;1388
1;2025-11-27;20;888
1;2025-11-27;21;498
1;2025-11-27;22;231
1;2025-11-27;23;42
1;2025-11-28;0;5
1;2025-11-28;1;0
1;2025-11-28;2;0
1;2025-11-28;3;0
1;2025-11-28;4;8
1;2025-11-28;5;131
1;2025-11-28;6;505
1;2025-11-28;7;1483
1;2025-11-28;8;1871
1;2025-11-28;9;1446
1;2025-11-28;10;1342
1;2025-11-28;11;1368
1;2025-11-28;12;1386
1;2025-11-28;13;1420
1;2025-11-28;14;1405
1;2025-11-28;15;1534
1;2025-11-28;16;1577
1;2025-11-28;17;1793
1;2025-11-28;18;1646
1;2025-11-28;19;1296
1;2025-11-28;20;838
1;2025-11-28;21;481
1;2025-11-28;22;232
1;2025-11-28;23;47
1;2025-11-29;0;4
1;2025-11-29;1;0
1;2025-11-29;2;0
1;2025-11-29;3;0
1;2025-11-29;4;1
1;2025-11-29;5;33
1;2025-11-29;6;168
1;2025-11-29;7;366
1;2025-11-29;8;493
1;2025-11-29;9;731
1;2025-11-29;10;877
1;2025-11-29;11;775
1;2025-11-29;12;950
1;2025-11-29;13;1005
1;2025-11-29;14;960
1;2025-11-29;15;848
1;2025-11-29;16;786
1;2025-11-29;17;729
1;2025-11-29;18;622
1;2025-11-29;19;558
1;2025-11-29;20;426
1;2025-11-29;21;312
1;2025-11-29;22;120
1;2025-11-29;23;30
1;2025-11-30;0;1
1;2025-11-30;1;0
1;2025-11-30;2;0
1;2025-11-30;3;0
1;2025-11-30;4;0
1;2025-11-30;5;25
1;2025-11-30;6;118
1;2025-11-30;7;259
1;2025-11-30;8;384
1;2025-11-30;9;596
1;2025-11-30;10;703
1;2025-11-30;11;679
1;2025-11-30;12;862
1;2025-11-30;13;906
1;2025-11-30;14;837
1;2025-11-30;15;749
1;2025-11-30;16;675
1;2025-11-30;17;612
1;2025-11-30;18;544
1;2025-11-30;19;455
1;2025-11-30;20;365
1;2025-11-30;21;268
1;2025-11-30;22;102
1;2025-11-30;23;29
1;2025-12-01;0;1
1;2025-12-01;1;0
1;2025-12-01;2;0
1;2025-12-01;3;0
1;2025-12-01;4;7
1;2025-12-01;5;133
1;2025-12-01;6;532
1;2025-12-01;7;1446
1;2025-12-01;8;1822
1;2025-12-01;9;1388
1;2025-12-01;10;1243
1;2025-12-01;11;1319
1;2025-12-01;12;1336
1;2025-12-01;13;1360
1;2025-12-01;14;1325
1;2025-12-01;15;1461
1;2025-12-01;16;1471
1;2025-12-01;17;1714
1;2025-12-01;18;1720
1;2025-12-01;19;1340
1;2025-12-01;20;837
1;2025-12-01;21;448
1;2025-12-01;22;228
1;2025-12-01;23;51
1;2025-12-02;0;4
1;2025-12-02;1;0
1;2025-12-02;2;0
1;2025-12-02;3;0
1;2025-12-02;4;6
1;2025-12-02;5;135
1;2025-12-02;6;543
1;2025-12-02;7;1471
1;2025-12-02;8;1878
1;2025-12-02;9;1454
1;2025-12-02;10;1300
1;2025-12-02;11;1357
1;2025-12-02;12;1365
1;2025-12-02;13;1411
1;2025-12-02;14;1341
1;2025-12-02;15;1489
1;2025-12-02;16;1477
1;2025-12-02;17;1733
1;2025-12-02;18;1786
1;2025-12-02;19;1383
1;2025-12-02;20;856
1;2025-12-02;21;466
1;2025-12-02;22;236
1;2025-12-02;23;55
1;2025-12-03;0;5
1;2025-12-03;1;0
1;2025-12-03;2;0
1;2025-12-03;3;0
1;2025-12-03;4;7
1;2025-12-03;5;137
1;2025-12-03;6;543
1;2025-12-03;7;1459
1;2025-12-03;8;1871
1;2025-12-03;9;1446
1;2025-12-03;10;1289
1;2025-12-03;11;1348
1;2025-12-03;12;1366
1;2025-12-03;13;1416
1;2025-12-03;14;1343
1;2025-12-03;15;1489
1;2025-12-03;16;1474
1;2025-12-03;17;1733
1;2025-12-03;18;1782
1;2025-12-03;19;1372
1;2025-12-03;20;851
1;2025-12-03;21;463
1;2025-12-03;22;247
1;2025-12-03;23;53
1;2025-12-04;0;6
1;2025-12-04;1;0
1;2025-12-04;2;0
1;2025-12-04;3;0
1;2025-12-04;4;6
1;2025-12-04;5;133
1;2025-12-04;6;544
1;2025-12-04;7;1467
1;2025-12-04;8;1874
1;2025-12-04;9;1455
1;2025-12-04;10;1299
1;2025-12-04;11;1362
1;2025-12-04;12;1369
1;2025-12-04;13;1416
1;2025-12-04;14;1345
1;2025-12-04;15;1491
1;2025-12-04;16;1483
1;2025-12-04;17;1735
1;2025-12-04;18;1782
1;2025-12-04;19;1376
1;2025-12-04;20;853
1;2025-12-04;21;469
1;2025-12-04;22;247
1;2025-12-04;23;56
1;2025-12-05;0;7
1;2025-12-05;1;0
1;2025-12-05;2;0
1;2025-12-05;3;0
1;2025-12-05;4;6
1;2025-12-05;5;136
1;2025-12-05;6;529
1;2025-12-05;7;1430
1;2025-12-05;8;1792
1;2025-12-05;9;1410
1;2025-12-05;10;1268
1;2025-12-05;11;1361
1;2025-12-05;12;1352
1;2025-12-05;13;1383
1;2025-12-05;14;1350
1;2025-12-05;15;1499
1;2025-12-05;16;1525
1;2025-12-05;17;1718
1;2025-12-05;18;1600
1;2025-12-05;19;1283
1;2025-12-05;20;811
1;2025-12-05;21;458
1;2025-12-05;22;248
1;2025-12-05;23;62
1;2025-12-06;0;9
1;2025-12-06;1;0
1;2025-12-06;2;0
1;2025-12-06;3;0
1;2025-12-06;4;0
1;2025-12-06;5;34
1;2025-12-06;6;187
1;2025-12-06;7;333
1;2025-12-06;8;442
1;2025-12-06;9;694
1;2025-12-06;10;807
1;2025-12-06;11;735
1;2025-12-06;12;899
1;2025-12-06;13;957
1;2025-12-06;14;880
1;2025-12-06;15;798
1;2025-12-06;16;728
1;2025-12-06;17;649
1;2025-12-06;18;591
1;2025-12-06;19;538
1;2025-12-06;20;394
1;2025-12-06;21;304
1;2025-12-06;22;139
1;2025-12-06;23;39
1;2025-12-07;0;2
1;2025-12-07;1;0
1;2025-12-07;2;0
1;2025-12-07;3;0
1;2025-12-07;4;0
1;2025-12-07;5;25
1;2025-12-07;6;138
1;2025-12-07;7;254
1;2025-12-07;8;344
1;2025-12-07;9;569
1;2025-12-07;10;664
1;2025-12-07;11;654
1;2025-12-07;12;830
1;2025-12-07;13;865
1;2025-12-07;14;784
1;2025-12-07;15;715
1;2025-12-07;16;635
1;2025-12-07;17;556
1;2025-12-07;18;513
1;2025-12-07;19;437
1;2025-12-07;20;341
1;2025-12-07;21;266
1;2025-12-07;22;119
1;2025-12-07;23;38
1;2025-12-08;0;1
1;2025-12-08;1;0
1;2025-12-08;2;0
1;2025-12-08;3;0
1;2025-12-08;4;7
1;2025-12-08;5;133
1;2025-12-08;6;532
1;2025-12-08;7;1446
1;2025-12-08;8;1822
1;2025-12-08;9;1388
1;2025-12-08;10;1243
1;2025-12-08;11;1319
1;2025-12-08;12;1336
1;2025-12-08;13;1360
1;2025-12-08;14;1325
1;2025-12-08;15;1461
1;2025-12-08;16;1471
1;2025-12-08;17;1714
1;2025-12-08;18;1720
1;2025-12-08;19;1340
1;2025-12-08;20;837
1;2025-12-08;21;448
1;2025-12-08;22;228
1;2025-12-08;23;51
1;2025-12-09;0;4
1;2025-12-09;1;0
1;2025-12-09;2;0
1;2025-12-09;3;0
1;2025-12-09;4;6
1;2025-12-09;5;135
1;2025-12-09;6;543
1;2025-12-09;7;1471
1;2025-12-09;8;1878
1;2025-12-09;9;1454
1;2025-12-09;10;1300
1;2025-12-09;11;1357
1;2025-12-09;12;1365
1;2025-12-09;13;1411
1;2025-12-09;14;1341
1;2025-12-09;15;1489
1;2025-12-09;16;1477
1;2025-12-09;17;1733
1;2025-12-09;18;1786
1;2025-12-09;19;1383
1;2025-12-09;20;856
1;2025-12-09;21;466
1;2025-12-09;22;236
1;2025-12-09;23;55
1;2025-12-10;0;5
1;2025-12-10;1;0
1;2025-12-10;2;0
1;2025-12-10;3;0
1;2025-12-10;4;7
1;2025-12-10;5;137
1;2025-12-10;6;543
1;2025-12-10;7;1459
1;2025-12-10;8;1871
1;2025-12-10;9;1446
1;2025-12-10;10;1289
1;2025-12-10;11;1348
1;2025-12-10;12;1366
1;2025-12-10;13;1416
1;2025-12-10;14;1343
1;2025-12-10;15;1489
1;2025-12-10;16;1474
1;2025-12-10;17;1733
1;2025-12-10;18;1782
1;2025-12-10;19;1372
1;2025-12-10;20;851
1;2025-12-10;21;463
1;2025-12-10;22;247
1;2025-12-10;23;53
1;2025-12-11;0;6
1;2025-12-11;1;0
1;2025-12-11;2;0
1;2025-12-11;3;0
1;2025-12-11;4;6
1;2025-12-11;5;133
1;2025-12-11;6;544
1;2025-12-11;7;1467
1;2025-12-11;8;1874
1;2025-12-11;9;1455
1;2025-12-11;10;1299
1;2025-12-11;11;1362
1;2025-12-11;12;1369
1;2025-12-11;13;1416
1;2025-12-11;14;1345
1;2025-12-11;15;1491
1;2025-12-11;16;1483
1;2025-12-11;17;1735
1;2025-12-11;18;1782
1;2025-12-11;19;1376
1;2025-12-11;20;853
1;2025-12-11;21;469
1;2025-12-11;22;247
1;2025-12-11;23;56
1;2025-12-12;0;7
1;2025-12-12;1;0
1;2025-12-12;2;0
1;2025-12-12;3;0
1;2025-12-12;4;6
1;2025-12-12;5;136
1;2025-12-12;6;529
1;2025-12-12;7;1430
1;2025-12-12;8;1792
1;2025-12-12;9;1410
1;2025-12-12;10;1268
1;2025-12-12;11;1361
1;2025-12-12;12;1352
1;2025-12-12;13;1383
1;2025-12-12;14;1350
1;2025-12-12;15;1499
1;2025-12-12;16;1525
1;2025-12-12;17;1718
1;2025-12-12;18;1600
1;2025-12-12;19;1283
1;2025-12-12;20;811
1;2025-12-12;21;458
1;2025-12-12;22;248
1;2025-12-12;23;62
1;2025-12-13;0;9
1;2025-12-13;1;0
1;2025-12-13;2;0
1;2025-12-13;3;0
1;2025-12-13;4;0
1;2025-12-13;5;34
1;2025-12-13;6;187
1;2025-12-13;7;333
1;2025-12-13;8;442
1;2025-12-13;9;694
1;2025-12-13;10;807
1;2025-12-13;11;735
1;2025-12-13;12;899
1;2025-12-13;13;957
1;2025-12-13;14;880
1;2025-12-13;15;798
1;2025-12-13;16;728
1;2025-12-13;17;649
1;2025-12-13;18;591
1;2025-12-13;19;538
1;2025-12-13;20;394
1;2025-12-13;21;304
1;2025-12-13;22;139
1;2025-12-13;23;39
1;2025-12-14;0;2
1;2025-12-14;1;0
1;2025-12-14;2;0
1;2025-12-14;3;0
1;2025-12-14;4;0
1;2025-12-14;5;25
1;2025-12-14;6;138
1;2025-12-14;7;254
1;2025-12-14;8;344
1;2025-12-14;9;569
1;2025-12-14;10;664
1;2025-12-14;11;654
1;2025-12-14;12;830
1;2025-12-14;13;865
1;2025-12-14;14;784
1;2025-12-14;15;715
1;2025-12-14;16;635
1;2025-12-14;17;556
1;2025-12-14;18;513
1;2025-12-14;19;437
1;2025-12-14;20;341
1;2025-12-14;21;266
1;2025-12-14;22;119
1;2025-12-14;23;38
1;2025-12-15;0;1
1;2025-12-15;1;0
1;2025-12-15;2;0
1;2025-12-15;3;0
1;2025-12-15;4;7
1;2025-12-15;5;133
1;2025-12-15;6;532
1;2025-12-15;7;1446
1;2025-12-15;8;1822
1;2025-12-15;9;1388
1;2025-12-15;10;1243
1;2025-12-15;11;1319
1;2025-12-15;12;1336
1;2025-12-15;13;1360
1;2025-12-15;14;1325
1;2025-12-15;15;1461
1;2025-12-15;16;1471
1;2025-12-15;17;1714
1;2025-12-15;18;1720
1;2025-12-15;19;1340
1;2025-12-15;20;837
1;2025-12-15;21;448
1;2025-12-15;22;228
1;2025-12-15;23;51
1;2025-12-16;0;4
1;2025-12-16;1;0
1;2025-12-16;2;0
1;2025-12-16;3;0
1;2025-12-16;4;6
1;2025-12-16;5;135
1;2025-12-16;6;543
1;2025-12-16;7;1471
1;2025-12-16;8;1878
1;2025-12-16;9;1454
1;2025-12-16;10;1300
1;2025-12-16;11;1357
1;2025-12-16;12;1365
1;2025-12-16;13;1411
1;2025-12-16;14;1341
1;2025-12-16;15;1489
1;2025-12-16;16;1477
1;2025-12-16;17;1733
1;2025-12-16;18;1786
1;2025-12-16;19;1383
1;2025-12-16;20;856
1;2025-12-16;21;466
1;2025-12-16;22;236
1;2025-12-16;23;55
1;2025-12-17;0;5
1;2025-12-17;1;0
1;2025-12-17;2;0
1;2025-12-17;3;0
1;2025-12-17;4;7
1;2025-12-17;5;137
1;2025-12-17;6;543
1;2025-12-17;7;1459
1;2025-12-17;8;1871
1;2025-12-17;9;1446
1;2025-12-17;10;1289
1;2025-12-17;11;1348
1;2025-12-17;12;1366
1;2025-12-17;13;1416
1;2025-12-17;14;1343
1;2025-12-17;15;1489
1;2025-12-17;16;1474
1;2025-12-17;17;1733
1;2025-12-17;18;1782
1;2025-12-17;19;1372
1;2025-12-17;20;851
1;2025-12-17;21;463
1;2025-12-17;22;247
1;2025-12-17;23;53
1;2025-12-18;0;6
1;2025-12-18;1;0
1;2025-12-18;2;0
1;2025-12-18;3;0
1;2025-12-18;4;6
1;2025-12-18;5;133
1;2025-12-18;6;544
1;2025-12-18;7;1467
1;2025-12-18;8;1874
1;2025-12-18;9;1455
1;2025-12-18;10;1299
1;2025-12-18;11;1362
1;2025-12-18;12;1369
1;2025-12-18;13;1416
1;2025-12-18;14;1345
1;2025-12-18;15;1491
1;2025-12-18;16;1483
1;2025-12-18;17;1735
1;2025-12-18;18;1782
1;2025-12-18;19;1376
1;2025-12-18;20;853
1;2025-12-18;21;469
1;2025-12-18;22;247
1;2025-12-18;23;56
1;2025-12-19;0;7
1;2025-12-19;1;0
1;2025-12-19;2;0
1;2025-12-19;3;0
1;2025-12-19;4;6
1;2025-12-19;5;136
1;2025-12-19;6;529
1;2025-12-19;7;1430
1;2025-12-19;8;1792
1;2025-12-19;9;1410
1;2025-12-19;10;1268
1;2025-12-19;11;1361
1;2025-12-19;12;1352
1;2025-12-19;13;1383
1;2025-12-19;14;1350
1;2025-12-19;15;1499
1;2025-12-19;16;1525
1;2025-12-19;17;1718
1;2025-12-19;18;1600
1;2025-12-19;19;1283
1;2025-12-19;20;811
1;2025-12-19;21;458
1;2025-12-19;22;248
1;2025-12-19;23;62
1;2025-12-20;0;9
1;2025-12-20;1;0
1;2025-12-20;2;0
1;2025-12-20;3;0
1;2025-12-20;4;0
1;2025-12-20;5;34
1;2025-12-20;6;187
1;2025-12-20;7;333
1;2025-12-20;8;442
1;2025-12-20;9;694
1;2025-12-20;10;807
1;2025-12-20;11;735
1;2025-12-20;12;899
1;2025-12-20;13;957
1;2025-12-20;14;880
1;2025-12-20;15;798
1;2025-12-20;16;728
1;2025-12-20;17;649
1;2025-12-20;18;591
1;2025-12-20;19;538
1;2025-12-20;20;394
1;2025-12-20;21;304
1;2025-12-20;22;139
1;2025-12-20;23;39
1;2025-12-21;0;2
1;2025-12-21;1;0
1;2025-12-21;2;0
1;2025-12-21;3;0
1;2025-12-21;4;0
1;2025-12-21;5;25
1;2025-12-21;6;138
1;2025-12-21;7;254
1;2025-12-21;8;344
1;2025-12-21;9;569
1;2025-12-21;10;664
1;2025-12-21;11;654
1;2025-12-21;12;830
1;2025-12-21;13;865
1;2025-12-21;14;784
1;2025-12-21;15;715
1;2025-12-21;16;635
1;2025-12-21;17;556
1;2025-12-21;18;513
1;2025-12-21;19;437
1;2025-12-21;20;341
1;2025-12-21;21;266
1;2025-12-21;22;119
1;2025-12-21;23;38
1;2025-12-22;0;1
1;2025-12-22;1;0
1;2025-12-22;2;0
1;2025-12-22;3;0
1;2025-12-22;4;7
1;2025-12-22;5;133
1;2025-12-22;6;532
1;2025-12-22;7;1446
1;2025-12-22;8;1822
1;2025-12-22;9;1388
1;2025-12-22;10;1243
1;2025-12-22;11;1319
1;2025-12-22;12;1336
1;2025-12-22;13;1360
1;2025-12-22;14;1325
1;2025-12-22;15;1461
1;2025-12-22;16;1471
1;2025-12-22;17;1714
1;2025-12-22;18;1720
1;2025-12-22;19;1340
1;2025-12-22;20;837
1;2025-12-22;21;448
1;2025-12-22;22;228
1;2025-12-22;23;51
1;2025-12-23;0;4
1;2025-12-23;1;0
1;2025-12-23;2;0
1;2025-12-23;3;0
1;2025-12-23;4;6
1;2025-12-23;5;135
1;2025-12-23;6;543
1;2025-12-23;7;1471
1;2025-12-23;8;1878
1;2025-12-23;9;1454
1;2025-12-23;10;1300
1;2025-12-23;11;1357
1;2025-12-23;12;1365
1;2025-12-23;13;1411
1;2025-12-23;14;1341
1;2025-12-23;15;1489
1;2025-12-23;16;1477
1;2025-12-23;17;1733
1;2025-12-23;18;1786
1;2025-12-23;19;1383
1;2025-12-23;20;856
1;2025-12-23;21;466
1;2025-12-23;22;236
1;2025-12-23;23;55
1;2025-12-24;0;5
1;2025-12-24;1;0
1;2025-12-24;2;0
1;2025-12-24;3;0
1;2025-12-24;4;7
1;2025-12-24;5;137
1;2025-12-24;6;543
1;2025-12-24;7;1459
1;2025-12-24;8;1871
1;2025-12-24;9;1446
1;2025-12-24;10;1289
1;2025-12-24;11;1348
1;2025-12-24;12;1366
1;2025-12-24;13;1416
1;2025-12-24;14;1343
1;2025-12-24;15;1489
1;2025-12-24;16;1474
1;2025-12-24;17;1733
1;2025-12-24;18;1782
1;2025-12-24;19;1372
1;2025-12-24;20;851
1;2025-12-24;21;463
1;2025-12-24;22;247
1;2025-12-24;23;53
1;2025-12-25;0;6
1;2025-12-25;1;0
1;2025-12-25;2;0
1;2025-12-25;3;0
1;2025-12-25;4;6
1;2025-12-25;5;133
1;2025-12-25;6;544
1;2025-12-25;7;1467
1;2025-12-25;8;1874
1;2025-12-25;9;1455
1;2025-12-25;10;1299
1;2025-12-25;11;1362
1;2025-12-25;12;1369
1;2025-12-25;13;1416
1;2025-12-25;14;1345
1;2025-12-25;15;1491
1;2025-12-25;16;1483
1;2025-12-25;17;1735
1;2025-12-25;18;1782
1;2025-12-25;19;1376
1;2025-12-25;20;853
1;2025-12-25;21;469
1;2025-12-25;22;247
1;2025-12-25;23;56
1;2025-12-26;0;7
1;2025-12-26;1;0
1;2025-12-26;2;0
1;2025-12-26;3;0
1;2025-12-26;4;6
1;2025-12-26;5;136
1;2025-12-26;6;529
1;2025-12-26;7;1430
1;2025-12-26;8;1792
1;2025-12-26;9;1410
1;2025-12-26;10;1268
1;2025-12-26;11;1361
1;2025-12-26;12;1352
1;2025-12-26;13;1383
1;2025-12-26;14;1350
1;2025-12-26;15;1499
1;2025-12-26;16;1525
1;2025-12-26;17;1718
1;2025-12-26;18;1600
1;2025-12-26;19;1283
1;2025-12-26;20;811
1;2025-12-26;21;458
1;2025-12-26;22;248
1;2025-12-26;23;62
1;2025-12-27;0;9
1;2025-12-27;1;0
1;2025-12-27;2;0
1;2025-12-27;3;0
1;2025-12-27;4;0
1;2025-12-27;5;34
1;2025-12-27;6;187
1;2025-12-27;7;333
1;2025-12-27;8;442
1;2025-12-27;9;694
1;2025-12-27;10;807
1;2025-12-27;11;735
1;2025-12-27;12;899
1;2025-12-27;13;957
1;2025-12-27;14;880
1;2025-12-27;15;798
1;2025-12-27;16;728
1;2025-12-27;17;649
1;2025-12-27;18;591
1;2025-12-27;19;538
1;2025-12-27;20;394
1;2025-12-27;21;304
1;2025-12-27;22;139
1;2025-12-27;23;39
1;2025-12-28;0;2
1;2025-12-28;1;0
1;2025-12-28;2;0
1;2025-12-28;3;0
1;2025-12-28;4;0
1;2025-12-28;5;25
1;2025-12-28;6;138
1;2025-12-28;7;254
1;2025-12-28;8;344
1;2025-12-28;9;569
1;2025-12-28;10;664
1;2025-12-28;11;654
1;2025-12-28;12;830
1;2025-12-28;13;865
1;2025-12-28;14;784
1;2025-12-28;15;715
1;2025-12-28;16;635
1;2025-12-28;17;556
1;2025-12-28;18;513
1;2025-12-28;19;437
1;2025-12-28;20;341
1;2025-12-28;21;266
1;2025-12-28;22;119
1;2025-12-28;23;38
1;2025-12-29;0;1
1;2025-12-29;1;0
1;2025-12-29;2;0
1;2025-12-29;3;0
1;2025-12-29;4;7
1;2025-12-29;5;133
1;2025-12-29;6;532
1;2025-12-29;7;1446
1;2025-12-29;8;1822
1;2025-12-29;9;1388
1;2025-12-29;10;1243
1;2025-12-29;11;1319
1;2025-12-29;12;1336
1;2025-12-29;13;1360
1;2025-12-29;14;1325
1;2025-12-29;15;1461
1;2025-12-29;16;1471
1;2025-12-29;17;1714
1;2025-12-29;18;1720
1;2025-12-29;19;1340
1;2025-12-29;20;837
1;2025-12-29;21;448
1;2025-12-29;22;228
1;2025-12-29;23;51
1;2025-12-30;0;4
1;2025-12-30;1;0
1;2025-12-30;2;0
1;2025-12-30;3;0
1;2025-12-30;4;6
1;2025-12-30;5;135
1;2025-12-30;6;543
1;2025-12-30;7;1471
1;2025-12-30;8;1878
1;2025-12-30;9;1454
1;2025-12-30;10;1300
1;2025-12-30;11;1357
1;2025-12-30;12;1365
1;2025-12-30;13;1411
1;2025-12-30;14;1341
1;2025-12-30;15;1489
1;2025-12-30;16;1477
1;2025-12-30;17;1733
1;2025-12-30;18;1786
1;2025-12-30;19;1383
1;2025-12-30;20;856
1;2025-12-30;21;466
1;2025-12-30;22;236
1;2025-12-30;23;55
1;2025-12-31;0;0
1;2025-12-31;1;0
1;2025-12-31;2;0
1;2025-12-31;3;0
1;2025-12-31;4;0
1;2025-12-31;5;29
1;2025-12-31;6;279
1;2025-12-31;7;456
1;2025-12-31;8;480
1;2025-12-31;9;600
1;2025-12-31;10;587
1;2025-12-31;11;613
1;2025-12-31;12;768
1;2025-12-31;13;768
1;2025-12-31;14;766
1;2025-12-31;15;682
1;2025-12-31;16;634
1;2025-12-31;17;596
1;2025-12-31;18;610
1;2025-12-31;19;468
1;2025-12-31;20;360
1;2025-12-31;21;312
1;2025-12-31;22;127
1;2025-12-31;23;25
5;2025-11-01;0;0
5;2025-11-01;1;0
5;2025-11-01;2;0
5;2025-11-01;3;0
5;2025-11-01;4;0
5;2025-11-01;5;0
5;2025-11-01;6;0
5;2025-11-01;7;0
5;2025-11-01;8;0
5;2025-11-01;9;0
5;2025-11-01;10;0
5;2025-11-01;11;0
5;2025-11-01;12;0
5;2025-11-01;13;0
5;2025-11-01;14;0
5;2025-11-01;15;0
5;2025-11-01;16;0
5;2025-11-01;17;0
5;2025-11-01;18;0
5;2025-11-01;19;0
5;2025-11-01;20;0
5;2025-11-01;21;0
5;2025-11-01;22;0
5;2025-11-01;23;0
5;2025-11-02;0;0
5;2025-11-02;1;0
5;2025-11-02;2;0
5;2025-11-02;3;0
5;2025-11-02;4;0
5;2025-11-02;5;0
5;2025-11-02;6;0
5;2025-11-02;7;0
5;2025-11-02;8;0
5;2025-11-02;9;0
5;2025-11-02;10;0
5;2025-11-02;11;0
5;2025-11-02;12;0
5;2025-11-02;13;0
5;2025-11-02;14;0
5;2025-11-02;15;0
5;2025-11-02;16;0
5;2025-11-02;17;0
5;2025-11-02;18;0
5;2025-11-02;19;0
5;2025-11-02;20;0
5;2025-11-02;21;0
5;2025-11-02;22;0
5;2025-11-02;23;0
5;2025-11-03;0;0
5;2025-11-03;1;0
5;2025-11-03;2;0
5;2025-11-03;3;0
5;2025-11-03;4;0
5;2025-11-03;5;0
5;2025-11-03;6;0
5;2025-11-03;7;0
5;2025-11-03;8;0
5;2025-11-03;9;0
5;2025-11-03;10;0
5;2025-11-03;11;0
5;2025-11-03;12;0
5;2025-11-03;13;0
5;2025-11-03;14;0
5;2025-11-03;15;0
5;2025-11-03;16;0
5;2025-11-03;17;0
5;2025-11-03;18;0
5;2025-11-03;19;0
5;2025-11-03;20;0
5;2025-11-03;21;0
5;2025-11-03;22;0
5;2025-11-03;23;0
5;2025-11-04;0;0
5;2025-11-04;1;0
5;2025-11-04;2;0
5;2025-11-04;3;0
5;2025-11-04;4;0
5;2025-11-04;5;0
5;2025-11-04;6;0
5;2025-11-04;7;0
5;2025-11-04;8;0
5;2025-11-04;9;0
5;2025-11-04;10;0
5;2025-11-04;11;0
5;2025-11-04;12;0
5;2025-11-04;13;0
5;2025-11-04;14;0
5;2025-11-04;15;0
5;2025-11-04;16;0
5;2025-11-04;17;0
5;2025-11-04;18;0
5;2025-11-04;19;0
5;2025-11-04;20;0
5;2025-11-04;21;0
5;2025-11-04;22;0
5;2025-11-04;23;0
5;2025-11-05;0;0
5;2025-11-05;1;0
5;2025-11-05;2;0
5;2025-11-05;3;0
5;2025-11-05;4;0
5;2025-11-05;5;0
5;2025-11-05;6;0
5;2025-11-05;7;0
5;2025-11-05;8;0
5;2025-11-05;9;0
5;2025-11-05;10;0
5;2025-11-05;11;0
5;2025-11-05;12;0
5;2025-11-05;13;0
5;2025-11-05;14;0
5;2025-11-05;15;0
5;2025-11-05;16;0
5;2025-11-05;17;0
5;2025-11-05;18;0
5;2025-11-05;19;0
5;2025-11-05;20;0
5;2025-11-05;21;0
5;2025-11-05;22;0
5;2025-11-05;23;0
5;2025-11-06;0;0
5;2025-11-06;1;0
5;2025-11-06;2;0
5;2025-11-06;3;0
5;2025-11-06;4;0
5;2025-11-06;5;0
5;2025-11-06;6;0
5;2025-11-06;7;0
5;2025-11-06;8;0
5;2025-11-06;9;0
5;2025-11-06;10;0
5;2025-11-06;11;0
5;2025-11-06;12;0
5;2025-11-06;13;0
5;2025-11-06;14;0
5;2025-11-06;15;0
5;2025-11-06;16;0
5;2025-11-06;17;0
5;2025-11-06;18;0
5;2025-11-06;19;0
5;2025-11-06;20;0
5;2025-11-06;21;0
5;2025-11-06;22;0
5;2025-11-06;23;0
5;2025-11-07;0;0
5;2025-11-07;1;0
5;2025-11-07;2;0
5;2025-11-07;3;0
5;2025-11-07;4;0
5;2025-11-07;5;0
5;2025-11-07;6;0
5;2025-11-07;7;0
5;2025-11-07;8;0
5;2025-11-07;9;0
5;2025-11-07;10;0
5;2025-11-07;11;0
5;2025-11-07;12;0
5;2025-11-07;13;0
5;2025-11-07;14;0
5;2025-11-07;15;0
5;2025-11-07;16;0
5;2025-11-07;17;0
5;2025-11-07;18;0
5;2025-11-07;19;0
5;2025-11-07;20;0
5;2025-11-07;21;0
5;2025-11-07;22;0
5;2025-11-07;23;0
5;2025-11-08;0;0
5;2025-11-08;1;0
5;2025-11-08;2;0
5;2025-11-08;3;0
5;2025-11-08;4;0
5;2025-11-08;5;0
5;2025-11-08;6;0
5;2025-11-08;7;0
5;2025-11-08;8;0
5;2025-11-08;9;0
5;2025-11-08;10;0
5;2025-11-08;11;0
5;2025-11-08;12;0
5;2025-11-08;13;0
5;2025-11-08;14;0
5;2025-11-08;15;0
5;2025-11-08;16;0
5;2025-11-08;17;0
5;2025-11-08;18;0
5;2025-11-08;19;0
5;2025-11-08;20;0
5;2025-11-08;21;0
5;2025-11-08;22;0
5;2025-11-08;23;0
5;2025-11-09;0;0
5;2025-11-09;1;0
5;2025-11-09;2;0
5;2025-11-09;3;0
5;2025-11-09;4;0
5;2025-11-09;5;0
5;2025-11-09;6;0
5;2025-11-09;7;0
5;2025-11-09;8;0
5;2025-11-09;9;0
5;2025-11-09;10;0
5;2025-11-09;11;0
5;2025-11-09;12;0
5;2025-11-09;13;0
5;2025-11-09;14;0
5;2025-11-09;15;0
5;2025-11-09;16;0
5;2025-11-09;17;0
5;2025-11-09;18;0
5;2025-11-09;19;0
5;2025-11-09;20;0
5;2025-11-09;21;0
5;2025-11-09;22;0
5;2025-11-09;23;0
5;2025-11-10;0;0
5;2025-11-10;1;0
5;2025-11-10;2;0
5;2025-11-10;3;0
5;2025-11-10;4;0
5;2025-11-10;5;0
5;2025-11-10;6;0
5;2025-11-10;7;0
5;2025-11-10;8;0
5;2025-11-10;9;0
5;2025-11-10;10;0
5;2025-11-10;11;0
5;2025-11-10;12;0
5;2025-11-10;13;0
5;2025-11-10;14;0
5;2025-11-10;15;0
5;2025-11-10;16;0
5;2025-11-10;17;0
5;2025-11-10;18;0
5;2025-11-10;19;0
5;2025-11-10;20;0
5;2025-11-10;21;0
5;2025-11-10;22;0
5;2025-11-10;23;0
5;2025-11-11;0;0
5;2025-11-11;1;0
5;2025-11-11;2;0
5;2025-11-11;3;0
5;2025-11-11;4;0
5;2025-11-11;5;0
5;2025-11-11;6;0
5;2025-11-11;7;0
5;2025-11-11;8;0
5;2025-11-11;9;0
5;2025-11-11;10;0
5;2025-11-11;11;0
5;2025-11-11;12;0
5;2025-11-11;13;0
5;2025-11-11;14;0
5;2025-11-11;15;0
5;2025-11-11;16;0
5;2025-11-11;17;0
5;2025-11-11;18;0
5;2025-11-11;19;0
5;2025-11-11;20;0
5;2025-11-11;21;0
5;2025-11-11;22;0
5;2025-11-11;23;0
5;2025-11-12;0;0
5;2025-11-12;1;0
5;2025-11-12;2;0
5;2025-11-12;3;0
5;2025-11-12;4;0
5;2025-11-12;5;0
5;2025-11-12;6;0
5;2025-11-12;7;0
5;2025-11-12;8;0
5;2025-11-12;9;0
5;2025-11-12;10;0
5;2025-11-12;11;0
5;2025-11-12;12;0
5;2025-11-12;13;0
5;2025-11-12;14;0
5;2025-11-12;15;0
5;2025-11-12;16;0
5;2025-11-12;17;0
5;2025-11-12;18;0
5;2025-11-12;19;0
5;2025-11-12;20;0
5;2025-11-12;21;0
5;2025-11-12;22;0
5;2025-11-12;23;0
5;2025-11-13;0;0
5;2025-11-13;1;0
5;2025-11-13;2;0
5;2025-11-13;3;0
5;2025-11-13;4;0
5;2025-11-13;5;0
5;2025-11-13;6;0
5;2025-11-13;7;0
5;2025-11-13;8;0
5;2025-11-13;9;0
5;2025-11-13;10;0
5;2025-11-13;11;0
5;2025-11-13;12;0
5;2025-11-13;13;0
5;2025-11-13;14;0
5;2025-11-13;15;0
5;2025-11-13;16;0
5;2025-11-13;17;0
5;2025-11-13;18;0
5;2025-11-13;19;0
5;2025-11-13;20;0
5;2025-11-13;21;0
5;2025-11-13;22;0
5;2025-11-13;23;0
5;2025-11-14;0;0
5;2025-11-14;1;0
5;2025-11-14;2;0
5;2025-11-14;3;0
5;2025-11-14;4;0
5;2025-11-14;5;0
5;2025-11-14;6;0
5;2025-11-14;7;0
5;2025-11-14;8;0
5;2025-11-14;9;0
5;2025-11-14;10;0
5;2025-11-14;11;0
5;2025-11-14;12;0
5;2025-11-14;13;0
5;2025-11-14;14;0
5;2025-11-14;15;0
5;2025-11-14;16;0
5;2025-11-14;17;0
5;2025-11-14;18;0
5;2025-11-14;19;0
5;2025-11-14;20;0
5;2025-11-14;21;0
5;2025-11-14;22;0
5;2025-11-14;23;0
5;2025-11-15;0;0
5;2025-11-15;1;0
5;2025-11-15;2;0
5;2025-11-15;3;0
5;2025-11-15;4;0
5;2025-11-15;5;0
5;2025-11-15;6;0
5;2025-11-15;7;0
5;2025-11-15;8;0
5;2025-11-15;9;0
5;2025-11-15;10;0
5;2025-11-15;11;0
5;2025-11-15;12;0
5;2025-11-15;13;0
5;2025-11-15;14;0
5;2025-11-15;15;0
5;2025-11-15;16;0
5;2025-11-15;17;0
5;2025-11-15;18;0
5;2025-11-15;19;0
5;2025-11-15;20;0
5;2025-11-15;21;0
5;2025-11-15;22;0
5;2025-11-15;23;0
5;2025-11-16;0;0
5;2025-11-16;1;0
5;2025-11-16;2;0
5;2025-11-16;3;0
5;2025-11-16;4;0
5;2025-11-16;5;0
5;2025-11-16;6;0
5;2025-11-16;7;0
5;2025-11-16;8;0
5;2025-11-16;9;0
5;2025-11-16;10;0
5;2025-11-16;11;0
5;2025-11-16;12;0
5;2025-11-16;13;0
5;2025-11-16;14;0
5;2025-11-16;15;0
5;2025-11-16;16;0
5;2025-11-16;17;0
5;2025-11-16;18;0
5;2025-11-16;19;0
5;2025-11-16;20;0
5;2025-11-16;21;0
5;2025-11-16;22;0
5;2025-11-16;23;0
5;2025-11-17;0;0
5;2025-11-17;1;0
5;2025-11-17;2;0
5;2025-11-17;3;0
5;2025-11-17;4;0
5;2025-11-17;5;0
5;2025-11-17;6;0
5;2025-11-17;7;0
5;2025-11-17;8;0
5;2025-11-17;9;0
5;2025-11-17;10;0
5;2025-11-17;11;0
5;2025-11-17;12;0
5;2025-11-17;13;0
5;2025-11-17;14;0
5;2025-11-17;15;0
5;2025-11-17;16;0
5;2025-11-17;17;0
5;2025-11-17;18;0
5;2025-11-17;19;0
5;2025-11-17;20;0
5;2025-11-17;21;0
5;2025-11-17;22;0
5;2025-11-17;23;0
5;2025-11-18;0;0
5;2025-11-18;1;0
5;2025-11-18;2;0
5;2025-11-18;3;0
5;2025-11-18;4;0
5;2025-11-18;5;0
5;2025-11-18;6;0
5;2025-11-18;7;0
5;2025-11-18;8;0
5;2025-11-18;9;0
5;2025-11-18;10;0
5;2025-11-18;11;0
5;2025-11-18;12;0
5;2025-11-18;13;0
5;2025-11-18;14;0
5;2025-11-18;15;0
5;2025-11-18;16;0
5;2025-11-18;17;0
5;2025-11-18;18;0
5;2025-11-18;19;0
5;2025-11-18;20;0
5;2025-11-18;21;0
5;2025-11-18;22;0
5;2025-11-18;23;0
5;2025-11-19;0;0
5;2025-11-19;1;0
5;2025-11-19;2;0
5;2025-11-19;3;0
5;2025-11-19;4;0
5;2025-11-19;5;0
5;2025-11-19;6;0
5;2025-11-19;7;0
5;2025-11-19;8;0
5;2025-11-19;9;0
5;2025-11-19;10;0
5;2025-11-19;11;0
5;2025-11-19;12;0
5;2025-11-19;13;0
5;2025-11-19;14;0
5;2025-11-19;15;0
5;2025-11-19;16;0
5;2025-11-19;17;0
5;2025-11-19;18;0
5;2025-11-19;19;0
5;2025-11-19;20;0
5;2025-11-19;21;0
5;2025-11-19;22;0
5;2025-11-19;23;0
5;2025-11-20;0;0
5;2025-11-20;1;0
5;2025-11-20;2;0
5;2025-11-20;3;0
5;2025-11-20;4;0
5;2025-11-20;5;0
5;2025-11-20;6;0
5;2025-11-20;7;0
5;2025-11-20;8;0
5;2025-11-20;9;0
5;2025-11-20;10;0
5;2025-11-20;11;0
5;2025-11-20;12;0
5;2025-11-20;13;0
5;2025-11-20;14;0
5;2025-11-20;15;0
5;2025-11-20;16;0
5;2025-11-20;17;0
5;2025-11-20;18;0
5;2025-11-20;19;0
5;2025-11-20;20;0
5;2025-11-20;21;0
5;2025-11-20;22;0
5;2025-11-20;23;0
5;2025-11-21;0;0
5;2025-11-21;1;0
5;2025-11-21;2;0
5;2025-11-21;3;0
5;2025-11-21;4;0
5;2025-11-21;5;0
5;2025-11-21;6;0
5;2025-11-21;7;0
5;2025-11-21;8;0
5;2025-11-21;9;0
5;2025-11-21;10;0
5;2025-11-21;11;0
5;2025-11-21;12;0
5;2025-11-21;13;0
5;2025-11-21;14;0
5;2025-11-21;15;0
5;2025-11-21;16;0
5;2025-11-21;17;0
5;2025-11-21;18;0
5;2025-11-21;19;0
5;2025-11-21;20;0
5;2025-11-21;21;0
5;2025-11-21;22;0
5;2025-11-21;23;0
5;2025-11-22;0;0
5;2025-11-22;1;0
5;2025-11-22;2;0
5;2025-11-22;3;0
5;2025-11-22;4;0
5;2025-11-22;5;0
5;2025-11-22;6;0
5;2025-11-22;7;0
5;2025-11-22;8;0
5;2025-11-22;9;0
5;2025-11-22;10;0
5;2025-11-22;11;0
5;2025-11-22;12;0
5;2025-11-22;13;0
5;2025-11-22;14;0
5;2025-11-22;15;0
5;2025-11-22;16;0
5;2025-11-22;17;0
5;2025-11-22;18;0
5;2025-11-22;19;0
5;2025-11-22;20;0
5;2025-11-22;21;0
5;2025-11-22;22;0
5;2025-11-22;23;0
5;2025-11-23;0;0
5;2025-11-23;1;0
5;2025-11-23;2;0
5;2025-11-23;3;0
5;2025-11-23;4;0
5;2025-11-23;5;0
5;2025-11-23;6;0
5;2025-11-23;7;0
5;2025-11-23;8;0
5;2025-11-23;9;0
5;2025-11-23;10;0
5;2025-11-23;11;0
5;2025-11-23;12;0
5;2025-11-23;13;0
5;2025-11-23;14;0
5;2025-11-23;15;0
5;2025-11-23;16;0
5;2025-11-23;17;0
5;2025-11-23;18;0
5;2025-11-23;19;0
5;2025-11-23;20;0
5;2025-11-23;21;0
5;2025-11-23;22;0
5;2025-11-23;23;0
5;2025-11-24;0;0
5;2025-11-24;1;0
5;2025-11-24;2;0
5;2025-11-24;3;0
5;2025-11-24;4;0
5;2025-11-24;5;0
5;2025-11-24;6;0
5;2025-11-24;7;0
5;2025-11-24;8;0
5;2025-11-24;9;0
5;2025-11-24;10;0
5;2025-11-24;11;0
5;2025-11-24;12;0
5;2025-11-24;13;0
5;2025-11-24;14;0
5;2025-11-24;15;0
5;2025-11-24;16;0
5;2025-11-24;17;0
5;2025-11-24;18;0
5;2025-11-24;19;0
5;2025-11-24;20;0
5;2025-11-24;21;0
5;2025-11-24;22;0
5;2025-11-24;23;0
5;2025-11-25;0;0
5;2025-11-25;1;0
5;2025-11-25;2;0
5;2025-11-25;3;0
5;2025-11-25;4;0
5;2025-11-25;5;0
5;2025-11-25;6;0
5;2025-11-25;7;0
5;2025-11-25;8;0
5;2025-11-25;9;0
5;2025-11-25;10;0
5;2025-11-25;11;0
5;2025-11-25;12;0
5;2025-11-25;13;0
5;2025-11-25;14;0
5;2025-11-25;15;0
5;2025-11-25;16;0
5;2025-11-25;17;0
5;2025-11-25;18;0
5;2025-11-25;19;0
5;2025-11-25;20;0
5;2025-11-25;21;0
5;2025-11-25;22;0
5;2025-11-25;23;0
5;2025-11-26;0;0
5;2025-11-26;1;0
5;2025-11-26;2;0
5;2025-11-26;3;0
5;2025-11-26;4;0
5;2025-11-26;5;0
5;2025-11-26;6;0
5;2025-11-26;7;0
5;2025-11-26;8;0
5;2025-11-26;9;0
5;2025-11-26;10;0
5;2025-11-26;11;0
5;2025-11-26;12;0
5;2025-11-26;13;0
5;2025-11-26;14;0
5;2025-11-26;15;0
5;2025-11-26;16;0
5;2025-11-26;17;0
5;2025-11-26;18;0
5;2025-11-26;19;0
5;2025-11-26;20;0
5;2025-11-26;21;0
5;2025-11-26;22;0
5;2025-11-26;23;0
5;2025-11-27;0;0
5;2025-11-27;1;0
5;2025-11-27;2;0
5;2025-11-27;3;0
5;2025-11-27;4;0
5;2025-11-27;5;0
5;2025-11-27;6;0
5;2025-11-27;7;0
5;2025-11-27;8;0
5;2025-11-27;9;0
5;2025-11-27;10;0
5;2025-11-27;11;0
5;2025-11-27;12;0
5;2025-11-27;13;0
5;2025-11-27;14;0
5;2025-11-27;15;0
5;2025-11-27;16;0
5;2025-11-27;17;0
5;2025-11-27;18;0
5;2025-11-27;19;0
5;2025-11-27;20;0
5;2025-11-27;21;0
5;2025-11-27;22;0
5;2025-11-27;23;0
5;2025-11-28;0;0
5;2025-11-28;1;0
5;2025-11-28;2;0
5;2025-11-28;3;0
5;2025-11-28;4;0
5;2025-11-28;5;0
5;2025-11-28;6;0
5;2025-11-28;7;0
5;2025-11-28;8;0
5;2025-11-28;9;0
5;2025-11-28;10;0
5;2025-11-28;11;0
5;2025-11-28;12;0
5;2025-11-28;13;0
5;2025-11-28;14;0
5;2025-11-28;15;0
5;2025-11-28;16;0
5;2025-11-28;17;0
5;2025-11-28;18;0
5;2025-11-28;19;0
5;2025-11-28;20;0
5;2025-11-28;21;0
5;2025-11-28;22;0
5;2025-11-28;23;0
5;2025-11-29;0;0
5;2025-11-29;1;0
5;2025-11-29;2;0
5;2025-11-29;3;0
5;2025-11-29;4;0
5;2025-11-29;5;0
5;2025-11-29;6;0
5;2025-11-29;7;0
5;2025-11-29;8;0
5;2025-11-29;9;0
5;2025-11-29;10;0
5;2025-11-29;11;0
5;2025-11-29;12;0
5;2025-11-29;13;0
5;2025-11-29;14;0
5;2025-11-29;15;0
5;2025-11-29;16;0
5;2025-11-29;17;0
5;2025-11-29;18;0
5;2025-11-29;19;0
5;2025-11-29;20;0
5;2025-11-29;21;0
5;2025-11-29;22;0
5;2025-11-29;23;0
5;2025-11-30;0;0
5;2025-11-30;1;0
5;2025-11-30;2;0
5;2025-11-30;3;0
5;2025-11-30;4;0
5;2025-11-30;5;0
5;2025-11-30;6;0
5;2025-11-30;7;0
5;2025-11-30;8;0
5;2025-11-30;9;0
5;2025-11-30;10;0
5;2025-11-30;11;0
5;2025-11-30;12;0
5;2025-11-30;13;0
5;2025-11-30;14;0
5;2025-11-30;15;0
5;2025-11-30;16;0
5;2025-11-30;17;0
5;2025-11-30;18;0
5;2025-11-30;19;0
5;2025-11-30;20;0
5;2025-11-30;21;0
5;2025-11-30;22;0
5;2025-11-30;23;0
5;2025-12-01;0;0
5;2025-12-01;1;0
5;2025-12-01;2;0
5;2025-12-01;3;0
5;2025-12-01;4;0
5;2025-12-01;5;0
5;2025-12-01;6;0
5;2025-12-01;7;0
5;2025-12-01;8;0
5;2025-12-01;9;0
5;2025-12-01;10;0
5;2025-12-01;11;0
5;2025-12-01;12;0
5;2025-12-01;13;0
5;2025-12-01;14;0
5;2025-12-01;15;0
5;2025-12-01;16;0
5;2025-12-01;17;0
5;2025-12-01;18;0
5;2025-12-01;19;0
5;2025-12-01;20;0
5;2025-12-01;21;0
5;2025-12-01;22;0
5;2025-12-01;23;0
5;2025-12-02;0;0
5;2025-12-02;1;0
5;2025-12-02;2;0
5;2025-12-02;3;0
5;2025-12-02;4;0
5;2025-12-02;5;0
5;2025-12-02;6;0
5;2025-12-02;7;0
5;2025-12-02;8;0
5;2025-12-02;9;0
5;2025-12-02;10;0
5;2025-12-02;11;0
5;2025-12-02;12;0
5;2025-12-02;13;0
5;2025-12-02;14;0
5;2025-12-02;15;0
5;2025-12-02;16;0
5;2025-12-02;17;0
5;2025-12-02;18;0
5;2025-12-02;19;0
5;2025-12-02;20;0
5;2025-12-02;21;0
5;2025-12-02;22;0
5;2025-12-02;23;0
5;2025-12-03;0;0
5;2025-12-03;1;0
5;2025-12-03;2;0
5;2025-12-03;3;0
5;2025-12-03;4;0
5;2025-12-03;5;0
5;2025-12-03;6;0
5;2025-12-03;7;0
5;2025-12-03;8;0
5;2025-12-03;9;0
5;2025-12-03;10;0
5;2025-12-03;11;0
5;2025-12-03;12;0
5;2025-12-03;13;0
5;2025-12-03;14;0
5;2025-12-03;15;0
5;2025-12-03;16;0
5;2025-12-03;17;0
5;2025-12-03;18;0
5;2025-12-03;19;0
5;2025-12-03;20;0
5;2025-12-03;21;0
5;2025-12-03;22;0
5;2025-12-03;23;0
5;2025-12-04;0;0
5;2025-12-04;1;0
5;2025-12-04;2;0
5;2025-12-04;3;0
5;2025-12-04;4;0
5;2025-12-04;5;0
5;2025-12-04;6;0
5;2025-12-04;7;0
5;2025-12-04;8;0
5;2025-12-04;9;0
5;2025-12-04;10;0
5;2025-12-04;11;0
5;2025-12-04;12;0
5;2025-12-04;13;0
5;2025-12-04;14;0
5;2025-12-04;15;0
5;2025-12-04;16;0
5;2025-12-04;17;0
5;2025-12-04;18;0
5;2025-12-04;19;0
5;2025-12-04;20;0
5;2025-12-04;21;0
5;2025-12-04;22;0
5;2025-12-04;23;0
5;2025-12-05;0;0
5;2025-12-05;1;0
5;2025-12-05;2;0
5;2025-12-05;3;0
5;2025-12-05;4;0
5;2025-12-05;5;0
5;2025-12-05;6;0
5;2025-12-05;7;0
5;2025-12-05;8;0
5;2025-12-05;9;0
5;2025-12-05;10;0
5;2025-12-05;11;0
5;2025-12-05;12;0
5;2025-12-05;13;0
5;2025-12-05;14;0
5;2025-12-05;15;0
5;2025-12-05;16;0
5;2025-12-05;17;0
5;2025-12-05;18;0
5;2025-12-05;19;0
5;2025-12-05;20;0
5;2025-12-05;21;0
5;2025-12-05;22;0
5;2025-12-05;23;0
5;2025-12-06;0;0
5;2025-12-06;1;0
5;2025-12-06;2;0
5;2025-12-06;3;0
5;2025-12-06;4;0
5;2025-12-06;5;0
5;2025-12-06;6;0
5;2025-12-06;7;0
5;2025-12-06;8;0
5;2025-12-06;9;0
5;2025-12-06;10;0
5;2025-12-06;11;0
5;2025-12-06;12;0
5;2025-12-06;13;0
5;2025-12-06;14;0
5;2025-12-06;15;0
5;2025-12-06;16;0
5;2025-12-06;17;0
5;2025-12-06;18;0
5;2025-12-06;19;0
5;2025-12-06;20;0
5;2025-12-06;21;0
5;2025-12-06;22;0
5;2025-12-06;23;0
5;2025-12-07;0;0
5;2025-12-07;1;0
5;2025-12-07;2;0
5;2025-12-07;3;0
5;2025-12-07;4;0
5;2025-12-07;5;0
5;2025-12-07;6;0
5;2025-12-07;7;0
5;2025-12-07;8;0
5;2025-12-07;9;0
5;2025-12-07;10;0
5;2025-12-07;11;0
5;2025-12-07;12;0
5;2025-12-07;13;0
5;2025-12-07;14;0
5;2025-12-07;15;0
5;2025-12-07;16;0
5;2025-12-07;17;0
5;2025-12-07;18;0
5;2025-12-07;19;0
5;2025-12-07;20;0
5;2025-12-07;21;0
5;2025-12-07;22;0
5;2025-12-07;23;0
5;2025-12-08;0;0
5;2025-12-08;1;0
5;2025-12-08;2;0
5;2025-12-08;3;0
5;2025-12-08;4;0
5;2025-12-08;5;0
5;2025-12-08;6;0
5;2025-12-08;7;0
5;2025-12-08;8;0
5;2025-12-08;9;0
5;2025-12-08;10;0
5;2025-12-08;11;0
5;2025-12-08;12;0
5;2025-12-08;13;0
5;2025-12-08;14;0
5;2025-12-08;15;0
5;2025-12-08;16;0
5;2025-12-08;17;0
5;2025-12-08;18;0
5;2025-12-08;19;0
5;2025-12-08;20;0
5;2025-12-08;21;0
5;2025-12-08;22;0
5;2025-12-08;23;0
5;2025-12-09;0;0
5;2025-12-09;1;0
5;2025-12-09;2;0
5;2025-12-09;3;0
5;2025-12-09;4;0
5;2025-12-09;5;0
5;2025-12-09;6;0
5;2025-12-09;7;0
5;2025-12-09;8;0
5;2025-12-09;9;0
5;2025-12-09;10;0
5;2025-12-09;11;0
5;2025-12-09;12;0
5;2025-12-09;13;0
5;2025-12-09;14;0
5;2025-12-09;15;0
5;2025-12-09;16;0
5;2025-12-09;17;0
5;2025-12-09;18;0
5;2025-12-09;19;0
5;2025-12-09;20;0
5;2025-12-09;21;0
5;2025-12-09;22;0
5;2025-12-09;23;0
5;2025-12-10;0;0
5;2025-12-10;1;0
5;2025-12-10;2;0
5;2025-12-10;3;0
5;2025-12-10;4;0
5;2025-12-10;5;0
5;2025-12-10;6;0
5;2025-12-10;7;0
5;2025-12-10;8;0
5;2025-12-10;9;0
5;2025-12-10;10;0
5;2025-12-10;11;0
5;2025-12-10;12;0
5;2025-12-10;13;0
5;2025-12-10;14;0
5;2025-12-10;15;0
5;2025-12-10;16;0
5;2025-12-10;17;0
5;2025-12-10;18;0
5;2025-12-10;19;0
5;2025-12-10;20;0
5;2025-12-10;21;0
5;2025-12-10;22;0
5;2025-12-10;23;0
5;2025-12-11;0;0
5;2025-12-11;1;0
5;2025-12-11;2;0
5;2025-12-11;3;0
5;2025-12-11;4;0
5;2025-12-11;5;0
5;2025-12-11;6;0
5;2025-12-11;7;0
5;2025-12-11;8;0
5;2025-12-11;9;0
5;2025-12-11;10;0
5;2025-12-11;11;0
5;2025-12-11;12;0
5;2025-12-11;13;0
5;2025-12-11;14;0
5;2025-12-11;15;0
5;2025-12-11;16;0
5;2025-12-11;17;0
5;2025-12-11;18;0
5;2025-12-11;19;0
5;2025-12-11;20;0
5;2025-12-11;21;0
5;2025-12-11;22;0
5;2025-12-11;23;0
5;2025-12-12;0;0
5;2025-12-12;1;0
5;2025-12-12;2;0
5;2025-12-12;3;0
5;2025-12-12;4;0
5;2025-12-12;5;0
5;2025-12-12;6;0
5;2025-12-12;7;0
5;2025-12-12;8;0
5;2025-12-12;9;0
5;2025-12-12;10;0
5;2025-12-12;11;0
5;2025-12-12;12;0
5;2025-12-12;13;0
5;2025-12-12;14;0
5;2025-12-12;15;0
5;2025-12-12;16;0
5;2025-12-12;17;0
5;2025-12-12;18;0
5;2025-12-12;19;0
5;2025-12-12;20;0
5;2025-12-12;21;0
5;2025-12-12;22;0
5;2025-12-12;23;0
5;2025-12-13;0;0
5;2025-12-13;1;0
5;2025-12-13;2;0
5;2025-12-13;3;0
5;2025-12-13;4;0
5;2025-12-13;5;0
5;2025-12-13;6;0
5;2025-12-13;7;0
5;2025-12-13;8;0
5;2025-12-13;9;0
5;2025-12-13;10;0
5;2025-12-13;11;0
5;2025-12-13;12;0
5;2025-12-13;13;0
5;2025-12-13;14;0
5;2025-12-13;15;0
5;2025-12-13;16;0
5;2025-12-13;17;0
5;2025-12-13;18;0
5;2025-12-13;19;0
5;2025-12-13;20;0
5;2025-12-13;21;0
5;2025-12-13;22;0
5;2025-12-13;23;0
5;2025-12-14;0;0
5;2025-12-14;1;0
5;2025-12-14;2;0
5;2025-12-14;3;0
5;2025-12-14;4;0
5;2025-12-14;5;0
5;2025-12-14;6;0
5;2025-12-14;7;0
5;2025-12-14;8;0
5;2025-12-14;9;0
5;2025-12-14;10;0
5;2025-12-14;11;0
5;2025-12-14;12;0
5;2025-12-14;13;0
5;2025-12-14;14;0
5;2025-12-14;15;0
5;2025-12-14;16;0
5;2025-12-14;17;0
5;2025-12-14;18;0
5;2025-12-14;19;0
5;2025-12-14;20;0
5;2025-12-14;21;0
5;2025-12-14;22;0
5;2025-12-14;23;0
5;2025-12-15;0;0
5;2025-12-15;1;0
5;2025-12-15;2;0
5;2025-12-15;3;0
5;2025-12-15;4;0
5;2025-12-15;5;0
5;2025-12-15;6;0
5;2025-12-15;7;0
5;2025-12-15;8;0
5;2025-12-15;9;0
5;2025-12-15;10;0
5;2025-12-15;11;0
5;2025-12-15;12;0
5;2025-12-15;13;0
5;2025-12-15;14;0
5;2025-12-15;15;0
5;2025-12-15;16;0
5;2025-12-15;17;0
5;2025-12-15;18;0
5;2025-12-15;19;0
5;2025-12-15;20;0
5;2025-12-15;21;0
5;2025-12-15;22;0
5;2025-12-15;23;0
5;2025-12-16;0;0
5;2025-12-16;1;0
5;2025-12-16;2;0
5;2025-12-16;3;0
5;2025-12-16;4;0
5;2025-12-16;5;0
5;2025-12-16;6;0
5;2025-12-16;7;0
5;2025-12-16;8;0
5;2025-12-16;9;0
5;2025-12-16;10;0
5;2025-12-16;11;0
5;2025-12-16;12;0
5;2025-12-16;13;0
5;2025-12-16;14;0
5;2025-12-16;15;0
5;2025-12-16;16;0
5;2025-12-16;17;0
5;2025-12-16;18;0
5;2025-12-16;19;0
5;2025-12-16;20;0
5;2025-12-16;21;0
5;2025-12-16;22;0
5;2025-12-16;23;0
5;2025-12-17;0;0
5;2025-12-17;1;0
5;2025-12-17;2;0
5;2025-12-17;3;0
5;2025-12-17;4;0
5;2025-12-17;5;0
5;2025-12-17;6;0
5;2025-12-17;7;0
5;2025-12-17;8;0
5;2025-12-17;9;0
5;2025-12-17;10;0
5;2025-12-17;11;0
5;2025-12-17;12;0
5;2025-12-17;13;0
5;2025-12-17;14;0
5;2025-12-17;15;0
5;2025-12-17;16;0
5;2025-12-17;17;0
5;2025-12-17;18;0
5;2025-12-17;19;0
5;2025-12-17;20;0
5;2025-12-17;21;0
5;2025-12-17;22;0
5;2025-12-17;23;0
5;2025-12-18;0;0
5;2025-12-18;1;0
5;2025-12-18;2;0
5;2025-12-18;3;0
5;2025-12-18;4;0
5;2025-12-18;5;0
5;2025-12-18;6;0
5;2025-12-18;7;0
5;2025-12-18;8;0
5;2025-12-18;9;0
5;2025-12-18;10;0
5;2025-12-18;11;0
5;2025-12-18;12;0
5;2025-12-18;13;0
5;2025-12-18;14;0
5;2025-12-18;15;0
5;2025-12-18;16;0
5;2025-12-18;17;0
5;2025-12-18;18;0
5;2025-12-18;19;0
5;2025-12-18;20;0
5;2025-12-18;21;0
5;2025-12-18;22;0
5;2025-12-18;23;0
5;2025-12-19;0;0
5;2025-12-19;1;0
5;2025-12-19;2;0
5;2025-12-19;3;0
5;2025-12-19;4;0
5;2025-12-19;5;0
5;2025-12-19;6;0
5;2025-12-19;7;0
5;2025-12-19;8;0
5;2025-12-19;9;0
5;2025-12-19;10;0
5;2025-12-19;11;0
5;2025-12-19;12;0
5;2025-12-19;13;0
5;2025-12-19;14;0
5;2025-12-19;15;0
5;2025-12-19;16;0
5;2025-12-19;17;0
5;2025-12-19;18;0
5;2025-12-19;19;0
5;2025-12-19;20;0
5;2025-12-19;21;0
5;2025-12-19;22;0
5;2025-12-19;23;0
5;2025-12-20;0;0
5;2025-12-20;1;0
5;2025-12-20;2;0
5;2025-12-20;3;0
5;2025-12-20;4;0
5;2025-12-20;5;0
5;2025-12-20;6;0
5;2025-12-20;7;0
5;2025-12-20;8;0
5;2025-12-20;9;0
5;2025-12-20;10;0
5;2025-12-20;11;0
5;2025-12-20;12;0
5;2025-12-20;13;0
5;2025-12-20;14;0
5;2025-12-20;15;0
5;2025-12-20;16;0
5;2025-12-20;17;0
5;2025-12-20;18;0
5;2025-12-20;19;0
5;2025-12-20;20;0
5;2025-12-20;21;0
5;2025-12-20;22;0
5;2025-12-20;23;0
5;2025-12-21;0;0
5;2025-12-21;1;0
5;2025-12-21;2;0
5;2025-12-21;3;0
5;2025-12-21;4;0
5;2025-12-21;5;0
5;2025-12-21;6;0
5;2025-12-21;7;0
5;2025-12-21;8;0
5;2025-12-21;9;0
5;2025-12-21;10;0
5;2025-12-21;11;0
5;2025-12-21;12;0
5;2025-12-21;13;0
5;2025-12-21;14;0
5;2025-12-21;15;0
5;2025-12-21;16;0
5;2025-12-21;17;0
5;2025-12-21;18;0
5;2025-12-21;19;0
5;2025-12-21;20;0
5;2025-12-21;21;0
5;2025-12-21;22;0
5;2025-12-21;23;0
5;2025-12-22;0;0
5;2025-12-22;1;0
5;2025-12-22;2;0
5;2025-12-22;3;0
5;2025-12-22;4;0
5;2025-12-22;5;0
5;2025-12-22;6;0
5;2025-12-22;7;0
5;2025-12-22;8;0
5;2025-12-22;9;0
5;2025-12-22;10;0
5;2025-12-22;11;0
5;2025-12-22;12;0
5;2025-12-22;13;0
5;2025-12-22;14;0
5;2025-12-22;15;0
5;2025-12-22;16;0
5;2025-12-22;17;0
5;2025-12-22;18;0
5;2025-12-22;19;0
5;2025-12-22;20;0
5;2025-12-22;21;0
5;2025-12-22;22;0
5;2025-12-22;23;0
5;2025-12-23;0;0
5;2025-12-23;1;0
5;2025-12-23;2;0
5;2025-12-23;3;0
5;2025-12-23;4;0
5;2025-12-23;5;0
5;2025-12-23;6;0
5;2025-12-23;7;0
5;2025-12-23;8;0
5;2025-12-23;9;0
5;2025-12-23;10;0
5;2025-12-23;11;0
5;2025-12-23;12;0
5;2025-12-23;13;0
5;2025-12-23;14;0
5;2025-12-23;15;0
5;2025-12-23;16;0
5;2025-12-23;17;0
5;2025-12-23;18;0
5;2025-12-23;19;0
5;2025-12-23;20;0
5;2025-12-23;21;0
5;2025-12-23;22;0
5;2025-12-23;23;0
5;2025-12-24;0;0
5;2025-12-24;1;0
5;2025-12-24;2;0
5;2025-12-24;3;0
5;2025-12-24;4;0
5;2025-12-24;5;0
5;2025-12-24;6;0
5;2025-12-24;7;0
5;2025-12-24;8;0
5;2025-12-24;9;0
5;2025-12-24;10;0
5;2025-12-24;11;0
5;2025-12-24;12;0
5;2025-12-24;13;0
5;2025-12-24;14;0
5;2025-12-24;15;0
5;2025-12-24;16;0
5;2025-12-24;17;0
5;2025-12-24;18;0
5;2025-12-24;19;0
5;2025-12-24;20;0
5;2025-12-24;21;0
5;2025-12-24;22;0
5;2025-12-24;23;0
5;2025-12-25;0;0
5;2025-12-25;1;0
5;2025-12-25;2;0
5;2025-12-25;3;0
5;2025-12-25;4;0
5;2025-12-25;5;0
5;2025-12-25;6;0
5;2025-12-25;7;0
5;2025-12-25;8;0
5;2025-12-25;9;0
5;2025-12-25;10;0
5;2025-12-25;11;0
5;2025-12-25;12;0
5;2025-12-25;13;0
5;2025-12-25;14;0
5;2025-12-25;15;0
5;2025-12-25;16;0
5;2025-12-25;17;0
5;2025-12-25;18;0
5;2025-12-25;19;0
5;2025-12-25;20;0
5;2025-12-25;21;0
5;2025-12-25;22;0
5;2025-12-25;23;0
5;2025-12-26;0;0
5;2025-12-26;1;0
5;2025-12-26;2;0
5;2025-12-26;3;0
5;2025-12-26;4;0
5;2025-12-26;5;0
5;2025-12-26;6;0
5;2025-12-26;7;0
5;2025-12-26;8;0
5;2025-12-26;9;0
5;2025-12-26;10;0
5;2025-12-26;11;0
5;2025-12-26;12;0
5;2025-12-26;13;0
5;2025-12-26;14;0
5;2025-12-26;15;0
5;2025-12-26;16;0
5;2025-12-26;17;0
5;2025-12-26;18;0
5;2025-12-26;19;0
5;2025-12-26;20;0
5;2025-12-26;21;0
5;2025-12-26;22;0
5;2025-12-26;23;0
5;2025-12-27;0;0
5;2025-12-27;1;0
5;2025-12-27;2;0
5;2025-12-27;3;0
5;2025-12-27;4;0
5;2025-12-27;5;0
5;2025-12-27;6;0
5;2025-12-27;7;0
5;2025-12-27;8;0
5;2025-12-27;9;0
5;2025-12-27;10;0
5;2025-12-27;11;0
5;2025-12-27;12;0
5;2025-12-27;13;0
5;2025-12-27;14;0
5;2025-12-27;15;0
5;2025-12-27;16;0
5;2025-12-27;17;0
5;2025-12-27;18;0
5;2025-12-27;19;0
5;2025-12-27;20;0
5;2025-12-27;21;0
5;2025-12-27;22;0
5;2025-12-27;23;0
5;2025-12-28;0;0
5;2025-12-28;1;0
5;2025-12-28;2;0
5;2025-12-28;3;0
5;2025-12-28;4;0
5;2025-12-28;5;0
5;2025-12-28;6;0
5;2025-12-28;7;0
5;2025-12-28;8;0
5;2025-12-28;9;0
5;2025-12-28;10;0
5;2025-12-28;11;0
5;2025-12-28;12;0
5;2025-12-28;13;0
5;2025-12-28;14;0
5;2025-12-28;15;0
5;2025-12-28;16;0
5;2025-12-28;17;0
5;2025-12-28;18;0
5;2025-12-28;19;0
5;2025-12-28;20;0
5;2025-12-28;21;0
5;2025-12-28;22;0
5;2025-12-28;23;0
5;2025-12-29;0;0
5;2025-12-29;1;0
5;2025-12-29;2;0
5;2025-12-29;3;0
5;2025-12-29;4;0
5;2025-12-29;5;0
5;2025-12-29;6;0
5;2025-12-29;7;0
5;2025-12-29;8;0
5;2025-12-29;9;0
5;2025-12-29;10;0
5;2025-12-29;11;0
5;2025-12-29;12;0
5;2025-12-29;13;0
5;2025-12-29;14;0
5;2025-12-29;15;0
5;2025-12-29;16;0
5;2025-12-29;17;0
5;2025-12-29;18;0
5;2025-12-29;19;0
5;2025-12-29;20;0
5;2025-12-29;21;0
5;2025-12-29;22;0
5;2025-12-29;23;0
5;2025-12-30;0;0
5;2025-12-30;1;0
5;2025-12-30;2;0
5;2025-12-30;3;0
5;2025-12-30;4;0
5;2025-12-30;5;0
5;2025-12-30;6;0
5;2025-12-30;7;0
5;2025-12-30;8;0
5;2025-12-30;9;0
5;2025-12-30;10;0
5;2025-12-30;11;0
5;2025-12-30;12;0
5;2025-12-30;13;0
5;2025-12-30;14;0
5;2025-12-30;15;0
5;2025-12-30;16;0
5;2025-12-30;17;0
5;2025-12-30;18;0
5;2025-12-30;19;0
5;2025-12-30;20;0
5;2025-12-30;21;0
5;2025-12-30;22;0
5;2025-12-30;23;0
5;2025-12-31;0;0
5;2025-12-31;1;0
5;2025-12-31;2;0
5;2025-12-31;3;0
5;2025-12-31;4;0
5;2025-12-31;5;0
5;2025-12-31;6;0
5;2025-12-31;7;0
5;2025-12-31;8;0
5;2025-12-31;9;0
5;2025-12-31;10;0
5;2025-12-31;11;0
5;2025-12-31;12;0
5;2025-12-31;13;0
5;2025-12-31;14;0
5;2025-12-31;15;0
5;2025-12-31;16;0
5;2025-12-31;17;0
5;2025-12-31;18;0
5;2025-12-31;19;0
5;2025-12-31;20;0
5;2025-12-31;21;0
5;2025-12-31;22;0
5;2025-12-31;23;0
7;2025-11-01;0;125
7;2025-11-01;1;34
7;2025-11-01;2;0
7;2025-11-01;3;0
7;2025-11-01;4;19
7;2025-11-01;5;60
7;2025-11-01;6;363
7;2025-11-01;7;691
7;2025-11-01;8;1793
7;2025-11-01;9;1569
7;2025-11-01;10;1479
7;2025-11-01;11;1693
7;2025-11-01;12;1798
7;2025-11-01;13;1847
7;2025-11-01;14;1881
7;2025-11-01;15;1965
7;2025-11-01;16;1973
7;2025-11-01;17;2250
7;2025-11-01;18;2236
7;2025-11-01;19;1587
7;2025-11-01;20;988
7;2025-11-01;21;592
7;2025-11-01;22;393
7;2025-11-01;23;256
7;2025-11-02;0;109
7;2025-11-02;1;18
7;2025-11-02;2;0
7;2025-11-02;3;0
7;2025-11-02;4;0
7;2025-11-02;5;33
7;2025-11-02;6;178
7;2025-11-02;7;316
7;2025-11-02;8;508
7;2025-11-02;9;592
7;2025-11-02;10;648
7;2025-11-02;11;835
7;2025-11-02;12;1006
7;2025-11-02;13;1002
7;2025-11-02;14;986
7;2025-11-02;15;949
7;2025-11-02;16;834
7;2025-11-02;17;882
7;2025-11-02;18;801
7;2025-11-02;19;688
7;2025-11-02;20;582
7;2025-11-02;21;446
7;2025-11-02;22;258
7;2025-11-02;23;165
7;2025-11-03;0;60
7;2025-11-03;1;8
7;2025-11-03;2;0
7;2025-11-03;3;0
7;2025-11-03;4;0
7;2025-11-03;5;69
7;2025-11-03;6;294
7;2025-11-03;7;691
7;2025-11-03;8;1106
7;2025-11-03;9;889
7;2025-11-03;10;863
7;2025-11-03;11;836
7;2025-11-03;12;956
7;2025-11-03;13;920
7;2025-11-03;14;940
7;2025-11-03;15;938
7;2025-11-03;16;926
7;2025-11-03;17;1029
7;2025-11-03;18;1226
7;2025-11-03;19;917
7;2025-11-03;20;679
7;2025-11-03;21;458
7;2025-11-03;22;280
7;2025-11-03;23;141
7;2025-11-04;0;74
7;2025-11-04;1;20
7;2025-11-04;2;0
7;2025-11-04;3;0
7;2025-11-04;4;0
7;2025-11-04;5;45
7;2025-11-04;6;238
7;2025-11-04;7;426
7;2025-11-04;8;639
7;2025-11-04;9;641
7;2025-11-04;10;736
7;2025-11-04;11;756
7;2025-11-04;12;907
7;2025-11-04;13;813
7;2025-11-04;14;841
7;2025-11-04;15;789
7;2025-11-04;16;848
7;2025-11-04;17;817
7;2025-11-04;18;908
7;2025-11-04;19;821
7;2025-11-04;20;605
7;2025-11-04;21;408
7;2025-11-04;22;316
7;2025-11-04;23;190
7;2025-11-05;0;65
7;2025-11-05;1;11
7;2025-11-05;2;0
7;2025-11-05;3;0
7;2025-11-05;4;3
7;2025-11-05;5;196
7;2025-11-05;6;658
7;2025-11-05;7;1634
7;2025-11-05;8;2567
7;2025-11-05;9;1863
7;2025-11-05;10;1672
7;2025-11-05;11;1550
7;2025-11-05;12;1658
7;2025-11-05;13;1599
7;2025-11-05;14;1679
7;2025-11-05;15;1796
7;2025-11-05;16;1882
7;2025-11-05;17;2410
7;2025-11-05;18;2653
7;2025-11-05;19;1760
7;2025-11-05;20;1122
7;2025-11-05;21;661
7;2025-11-05;22;338
7;2025-11-05;23;211
7;2025-11-06;0;71
7;2025-11-06;1;15
7;2025-11-06;2;0
7;2025-11-06;3;0
7;2025-11-06;4;2
7;2025-11-06;5;194
7;2025-11-06;6;662
7;2025-11-06;7;1639
7;2025-11-06;8;2563
7;2025-11-06;9;1861
7;2025-11-06;10;1670
7;2025-11-06;11;1547
7;2025-11-06;12;1663
7;2025-11-06;13;1607
7;2025-11-06;14;1696
7;2025-11-06;15;1801
7;2025-11-06;16;1892
7;2025-11-06;17;2407
7;2025-11-06;18;2658
7;2025-11-06;19;1767
7;2025-11-06;20;1120
7;2025-11-06;21;662
7;2025-11-06;22;335
7;2025-11-06;23;212
7;2025-11-07;0;74
7;2025-11-07;1;12
7;2025-11-07;2;0
7;2025-11-07;3;0
7;2025-11-07;4;2
7;2025-11-07;5;187
7;2025-11-07;6;624
7;2025-11-07;7;1568
7;2025-11-07;8;2455
7;2025-11-07;9;1816
7;2025-11-07;10;1621
7;2025-11-07;11;1550
7;2025-11-07;12;1660
7;2025-11-07;13;1642
7;2025-11-07;14;1718
7;2025-11-07;15;1855
7;2025-11-07;16;1924
7;2025-11-07;17;2362
7;2025-11-07;18;2284
7;2025-11-07;19;1678
7;2025-11-07;20;1074
7;2025-11-07;21;620
7;2025-11-07;22;335
7;2025-11-07;23;231
7;2025-11-08;0;112
7;2025-11-08;1;23
7;2025-11-08;2;0
7;2025-11-08;3;0
7;2025-11-08;4;0
7;2025-11-08;5;52
7;2025-11-08;6;275
7;2025-11-08;7;468
7;2025-11-08;8;716
7;2025-11-08;9;743
7;2025-11-08;10;818
7;2025-11-08;11;983
7;2025-11-08;12;1159
7;2025-11-08;13;1131
7;2025-11-08;14;1128
7;2025-11-08;15;1127
7;2025-11-08;16;995
7;2025-11-08;17;1020
7;2025-11-08;18;971
7;2025-11-08;19;903
7;2025-11-08;20;711
7;2025-11-08;21;542
7;2025-11-08;22;318
7;2025-11-08;23;206
7;2025-11-09;0;109
7;2025-11-09;1;18
7;2025-11-09;2;0
7;2025-11-09;3;0
7;2025-11-09;4;0
7;2025-11-09;5;33
7;2025-11-09;6;178
7;2025-11-09;7;316
7;2025-11-09;8;508
7;2025-11-09;9;592
7;2025-11-09;10;648
7;2025-11-09;11;835
7;2025-11-09;12;1006
7;2025-11-09;13;1002
7;2025-11-09;14;986
7;2025-11-09;15;949
7;2025-11-09;16;834
7;2025-11-09;17;882
7;2025-11-09;18;801
7;2025-11-09;19;688
7;2025-11-09;20;582
7;2025-11-09;21;446
7;2025-11-09;22;258
7;2025-11-09;23;165
7;2025-11-10;0;70
7;2025-11-10;1;10
7;2025-11-10;2;0
7;2025-11-10;3;0
7;2025-11-10;4;2
7;2025-11-10;5;184
7;2025-11-10;6;648
7;2025-11-10;7;1584
7;2025-11-10;8;2530
7;2025-11-10;9;1815
7;2025-11-10;10;1598
7;2025-11-10;11;1480
7;2025-11-10;12;1590
7;2025-11-10;13;1567
7;2025-11-10;14;1626
7;2025-11-10;15;1766
7;2025-11-10;16;1859
7;2025-11-10;17;2369
7;2025-11-10;18;2594
7;2025-11-10;19;1705
7;2025-11-10;20;1064
7;2025-11-10;21;600
7;2025-11-10;22;302
7;2025-11-10;23;184
7;2025-11-11;0;60
7;2025-11-11;1;12
7;2025-11-11;2;0
7;2025-11-11;3;0
7;2025-11-11;4;3
7;2025-11-11;5;191
7;2025-11-11;6;664
7;2025-11-11;7;1646
7;2025-11-11;8;2573
7;2025-11-11;9;1864
7;2025-11-11;10;1670
7;2025-11-11;11;1553
7;2025-11-11;12;1662
7;2025-11-11;13;1605
7;2025-11-11;14;1682
7;2025-11-11;15;1799
7;2025-11-11;16;1890
7;2025-11-11;17;2417
7;2025-11-11;18;2682
7;2025-11-11;19;1784
7;2025-11-11;20;1121
7;2025-11-11;21;655
7;2025-11-11;22;333
7;2025-11-11;23;196
7;2025-11-12;0;65
7;2025-11-12;1;11
7;2025-11-12;2;0
7;2025-11-12;3;0
7;2025-11-12;4;3
7;2025-11-12;5;196
7;2025-11-12;6;658
7;2025-11-12;7;1634
7;2025-11-12;8;2567
7;2025-11-12;9;1863
7;2025-11-12;10;1672
7;2025-11-12;11;1550
7;2025-11-12;12;1658
7;2025-11-12;13;1599
7;2025-11-12;14;1679
7;2025-11-12;15;1796
7;2025-11-12;16;1882
7;2025-11-12;17;2410
7;2025-11-12;18;2653
7;2025-11-12;19;1760
7;2025-11-12;20;1122
7;2025-11-12;21;661
7;2025-11-12;22;338
7;2025-11-12;23;211
7;2025-11-13;0;71
7;2025-11-13;1;15
7;2025-11-13;2;0
7;2025-11-13;3;0
7;2025-11-13;4;2
7;2025-11-13;5;194
7;2025-11-13;6;662
7;2025-11-13;7;1639
7;2025-11-13;8;2563
7;2025-11-13;9;1861
7;2025-11-13;10;1670
7;2025-11-13;11;1547
7;2025-11-13;12;1663
7;2025-11-13;13;1607
7;2025-11-13;14;1696
7;2025-11-13;15;1801
7;2025-11-13;16;1892
7;2025-11-13;17;2407
7;2025-11-13;18;2658
7;2025-11-13;19;1767
7;2025-11-13;20;1120
7;2025-11-13;21;662
7;2025-11-13;22;335
7;2025-11-13;23;212
7;2025-11-14;0;74
7;2025-11-14;1;12
7;2025-11-14;2;0
7;2025-11-14;3;0
7;2025-11-14;4;2
7;2025-11-14;5;187
7;2025-11-14;6;624
7;2025-11-14;7;1568
7;2025-11-14;8;2455
7;2025-11-14;9;1816
7;2025-11-14;10;1621
7;2025-11-14;11;1550
7;2025-11-14;12;1660
7;2025-11-14;13;1642
7;2025-11-14;14;1718
7;2025-11-14;15;1855
7;2025-11-14;16;1924
7;2025-11-14;17;2362
7;2025-11-14;18;2284
7;2025-11-14;19;1678
7;2025-11-14;20;1074
7;2025-11-14;21;620
7;2025-11-14;22;335
7;2025-11-14;23;231
7;2025-11-15;0;112
7;2025-11-15;1;23
7;2025-11-15;2;0
7;2025-11-15;3;0
7;2025-11-15;4;0
7;2025-11-15;5;52
7;2025-11-15;6;275
7;2025-11-15;7;468
7;2025-11-15;8;716
7;2025-11-15;9;743
7;2025-11-15;10;818
7;2025-11-15;11;983
7;2025-11-15;12;1159
7;2025-11-15;13;1131
7;2025-11-15;14;1128
7;2025-11-15;15;1127
7;2025-11-15;16;995
7;2025-11-15;17;1020
7;2025-11-15;18;971
7;2025-11-15;19;903
7;2025-11-15;20;711
7;2025-11-15;21;542
7;2025-11-15;22;318
7;2025-11-15;23;206
7;2025-11-16;0;109
7;2025-11-16;1;18
7;2025-11-16;2;0
7;2025-11-16;3;0
7;2025-11-16;4;0
7;2025-11-16;5;33
7;2025-11-16;6;178
7;2025-11-16;7;316
7;2025-11-16;8;508
7;2025-11-16;9;592
7;2025-11-16;10;648
7;2025-11-16;11;835
7;2025-11-16;12;1006
7;2025-11-16;13;1002
7;2025-11-16;14;986
7;2025-11-16;15;949
7;2025-11-16;16;834
7;2025-11-16;17;882
7;2025-11-16;18;801
7;2025-11-16;19;688
7;2025-11-16;20;582
7;2025-11-16;21;446
7;2025-11-16;22;258
7;2025-11-16;23;165
7;2025-11-17;0;70
7;2025-11-17;1;10
7;2025-11-17;2;0
7;2025-11-17;3;0
7;2025-11-17;4;2
7;2025-11-17;5;184
7;2025-11-17;6;648
7;2025-11-17;7;1584
7;2025-11-17;8;2530
7;2025-11-17;9;1815
7;2025-11-17;10;1598
7;2025-11-17;11;1480
7;2025-11-17;12;1590
7;2025-11-17;13;1567
7;2025-11-17;14;1626
7;2025-11-17;15;1766
7;2025-11-17;16;1859
7;2025-11-17;17;2369
7;2025-11-17;18;2594
7;2025-11-17;19;1705
7;2025-11-17;20;1064
7;2025-11-17;21;600
7;2025-11-17;22;302
7;2025-11-17;23;184
7;2025-11-18;0;60
7;2025-11-18;1;12
7;2025-11-18;2;0
7;2025-11-18;3;0
7;2025-11-18;4;3
7;2025-11-18;5;191
7;2025-11-18;6;664
7;2025-11-18;7;1646
7;2025-11-18;8;2573
7;2025-11-18;9;1864
7;2025-11-18;10;1670
7;2025-11-18;11;1553
7;2025-11-18;12;1662
7;2025-11-18;13;1605
7;2025-11-18;14;1682
7;2025-11-18;15;1799
7;2025-11-18;16;1890
7;2025-11-18;17;2417
7;2025-11-18;18;2682
7;2025-11-18;19;1784
7;2025-11-18;20;1121
7;2025-11-18;21;655
7;2025-11-18;22;333
7;2025-11-18;23;196
7;2025-11-19;0;65
7;2025-11-19;1;11
7;2025-11-19;2;0
7;2025-11-19;3;0
7;2025-11-19;4;3
7;2025-11-19;5;196
7;2025-11-19;6;658
7;2025-11-19;7;1634
7;2025-11-19;8;2567
7;2025-11-19;9;1863
7;2025-11-19;10;1672
7;2025-11-19;11;1550
7;2025-11-19;12;1658
7;2025-11-19;13;1599
7;2025-11-19;14;1679
7;2025-11-19;15;1796
7;2025-11-19;16;1882
7;2025-11-19;17;2410
7;2025-11-19;18;2653
7;2025-11-19;19;1760
7;2025-11-19;20;1122
7;2025-11-19;21;661
7;2025-11-19;22;338
7;2025-11-19;23;211
7;2025-11-20;0;71
7;2025-11-20;1;15
7;2025-11-20;2;0
7;2025-11-20;3;0
7;2025-11-20;4;2
7;2025-11-20;5;194
7;2025-11-20;6;662
7;2025-11-20;7;1639
7;2025-11-20;8;2563
7;2025-11-20;9;1861
7;2025-11-20;10;1670
7;2025-11-20;11;1547
7;2025-11-20;12;1663
7;2025-11-20;13;1607
7;2025-11-20;14;1696
7;2025-11-20;15;1801
7;2025-11-20;16;1892
7;2025-11-20;17;2407
7;2025-11-20;18;2658
7;2025-11-20;19;1767
7;2025-11-20;20;1120
7;2025-11-20;21;662
7;2025-11-20;22;335
7;2025-11-20;23;212
7;2025-11-21;0;74
7;2025-11-21;1;12
7;2025-11-21;2;0
7;2025-11-21;3;0
7;2025-11-21;4;2
7;2025-11-21;5;187
7;2025-11-21;6;624
7;2025-11-21;7;1568
7;2025-11-21;8;2455
7;2025-11-21;9;1816
7;2025-11-21;10;1621
7;2025-11-21;11;1550
7;2025-11-21;12;1660
7;2025-11-21;13;1642
7;2025-11-21;14;1718
7;2025-11-21;15;1855
7;2025-11-21;16;1924
7;2025-11-21;17;2362
7;2025-11-21;18;2284
7;2025-11-21;19;1678
7;2025-11-21;20;1074
7;2025-11-21;21;620
7;2025-11-21;22;335
7;2025-11-21;23;231
7;2025-11-22;0;112
7;2025-11-22;1;23
7;2025-11-22;2;0
7;2025-11-22;3;0
7;2025-11-22;4;0
7;2025-11-22;5;52
7;2025-11-22;6;275
7;2025-11-22;7;468
7;2025-11-22;8;716
7;2025-11-22;9;743
7;2025-11-22;10;818
7;2025-11-22;11;983
7;2025-11-22;12;1159
7;2025-11-22;13;1131
7;2025-11-22;14;1128
7;2025-11-22;15;1127
7;2025-11-22;16;995
7;2025-11-22;17;1020
7;2025-11-22;18;971
7;2025-11-22;19;903
7;2025-11-22;20;711
7;2025-11-22;21;542
7;2025-11-22;22;318
7;2025-11-22;23;206
7;2025-11-23;0;109
7;2025-11-23;1;18
7;2025-11-23;2;0
7;2025-11-23;3;0
7;2025-11-23;4;0
7;2025-11-23;5;33
7;2025-11-23;6;178
7;2025-11-23;7;316
7;2025-11-23;8;508
7;2025-11-23;9;592
7;2025-11-23;10;648
7;2025-11-23;11;835
7;2025-11-23;12;1006
7;2025-11-23;13;1002
7;2025-11-23;14;986
7;2025-11-23;15;949
7;2025-11-23;16;834
7;2025-11-23;17;882
7;2025-11-23;18;801
7;2025-11-23;19;688
7;2025-11-23;20;582
7;2025-11-23;21;446
7;2025-11-23;22;258
7;2025-11-23;23;165
7;2025-11-24;0;70
7;2025-11-24;1;10
7;2025-11-24;2;0
7;2025-11-24;3;0
7;2025-11-24;4;2
7;2025-11-24;5;184
7;2025-11-24;6;648
7;2025-11-24;7;1584
7;2025-11-24;8;2530
7;2025-11-24;9;1815
7;2025-11-24;10;1598
7;2025-11-24;11;1480
7;2025-11-24;12;1590
7;2025-11-24;13;1567
7;2025-11-24;14;1626
7;2025-11-24;15;1766
7;2025-11-24;16;1859
7;2025-11-24;17;2369
7;2025-11-24;18;2594
7;2025-11-24;19;1705
7;2025-11-24;20;1064
7;2025-11-24;21;600
7;2025-11-24;22;302
7;2025-11-24;23;184
7;2025-11-25;0;60
7;2025-11-25;1;12
7;2025-11-25;2;0
7;2025-11-25;3;0
7;2025-11-25;4;3
7;2025-11-25;5;191
7;2025-11-25;6;664
7;2025-11-25;7;1646
7;2025-11-25;8;2573
7;2025-11-25;9;1864
7;2025-11-25;10;1670
7;2025-11-25;11;1553
7;2025-11-25;12;1662
7;2025-11-25;13;1605
7;2025-11-25;14;1682
7;2025-11-25;15;1799
7;2025-11-25;16;1890
7;2025-11-25;17;2417
7;2025-11-25;18;2682
7;2025-11-25;19;1784
7;2025-11-25;20;1121
7;2025-11-25;21;655
7;2025-11-25;22;333
7;2025-11-25;23;196
7;2025-11-26;0;65
7;2025-11-26;1;11
7;2025-11-26;2;0
7;2025-11-26;3;0
7;2025-11-26;4;3
7;2025-11-26;5;196
7;2025-11-26;6;658
7;2025-11-26;7;1634
7;2025-11-26;8;2567
7;2025-11-26;9;1863
7;2025-11-26;10;1672
7;2025-11-26;11;1550
7;2025-11-26;12;1658
7;2025-11-26;13;1599
7;2025-11-26;14;1679
7;2025-11-26;15;1796
7;2025-11-26;16;1882
7;2025-11-26;17;2410
7;2025-11-26;18;2653
7;2025-11-26;19;1760
7;2025-11-26;20;1122
7;2025-11-26;21;661
7;2025-11-26;22;338
7;2025-11-26;23;211
7;2025-11-27;0;71
7;2025-11-27;1;15
7;2025-11-27;2;0
7;2025-11-27;3;0
7;2025-11-27;4;2
7;2025-11-27;5;194
7;2025-11-27;6;662
7;2025-11-27;7;1639
7;2025-11-27;8;2563
7;2025-11-27;9;1861
7;2025-11-27;10;1670
7;2025-11-27;11;1547
7;2025-11-27;12;1663
7;2025-11-27;13;1607
7;2025-11-27;14;1696
7;2025-11-27;15;1801
7;2025-11-27;16;1892
7;2025-11-27;17;2407
7;2025-11-27;18;2658
7;2025-11-27;19;1767
7;2025-11-27;20;1120
7;2025-11-27;21;662
7;2025-11-27;22;335
7;2025-11-27;23;212
7;2025-11-28;0;74
7;2025-11-28;1;12
7;2025-11-28;2;0
7;2025-11-28;3;0
7;2025-11-28;4;2
7;2025-11-28;5;187
7;2025-11-28;6;624
7;2025-11-28;7;1568
7;2025-11-28;8;2455
7;2025-11-28;9;1816
7;2025-11-28;10;1621
7;2025-11-28;11;1550
7;2025-11-28;12;1660
7;2025-11-28;13;1642
7;2025-11-28;14;1718
7;2025-11-28;15;1855
7;2025-11-28;16;1924
7;2025-11-28;17;2362
7;2025-11-28;18;2284
7;2025-11-28;19;1678
7;2025-11-28;20;1074
7;2025-11-28;21;620
7;2025-11-28;22;335
7;2025-11-28;23;231
7;2025-11-29;0;112
7;2025-11-29;1;23
7;2025-11-29;2;0
7;2025-11-29;3;0
7;2025-11-29;4;0
7;2025-11-29;5;52
7;2025-11-29;6;275
7;2025-11-29;7;468
7;2025-11-29;8;716
7;2025-11-29;9;743
7;2025-11-29;10;818
7;2025-11-29;11;983
7;2025-11-29;12;1159
7;2025-11-29;13;1131
7;2025-11-29;14;1128
7;2025-11-29;15;1127
7;2025-11-29;16;995
7;2025-11-29;17;1020
7;2025-11-29;18;971
7;2025-11-29;19;903
7;2025-11-29;20;711
7;2025-11-29;21;542
7;2025-11-29;22;318
7;2025-11-29;23;206
7;2025-11-30;0;109
7;2025-11-30;1;18
7;2025-11-30;2;0
7;2025-11-30;3;0
7;2025-11-30;4;0
7;2025-11-30;5;33
7;2025-11-30;6;178
7;2025-11-30;7;316
7;2025-11-30;8;508
7;2025-11-30;9;592
7;2025-11-30;10;648
7;2025-11-30;11;835
7;2025-11-30;12;1006
7;2025-11-30;13;1002
7;2025-11-30;14;986
7;2025-11-30;15;949
7;2025-11-30;16;834
7;2025-11-30;17;882
7;2025-11-30;18;801
7;2025-11-30;19;688
7;2025-11-30;20;582
7;2025-11-30;21;446
7;2025-11-30;22;258
7;2025-11-30;23;165
7;2025-12-01;0;61
7;2025-12-01;1;9
7;2025-12-01;2;0
7;2025-12-01;3;0
7;2025-12-01;4;1
7;2025-12-01;5;194
7;2025-12-01;6;676
7;2025-12-01;7;1575
7;2025-12-01;8;2525
7;2025-12-01;9;1834
7;2025-12-01;10;1554
7;2025-12-01;11;1443
7;2025-12-01;12;1552
7;2025-12-01;13;1558
7;2025-12-01;14;1610
7;2025-12-01;15;1756
7;2025-12-01;16;1869
7;2025-12-01;17;2381
7;2025-12-01;18;2611
7;2025-12-01;19;1743
7;2025-12-01;20;1061
7;2025-12-01;21;598
7;2025-12-01;22;296
7;2025-12-01;23;167
7;2025-12-02;0;51
7;2025-12-02;1;10
7;2025-12-02;2;0
7;2025-12-02;3;0
7;2025-12-02;4;1
7;2025-12-02;5;200
7;2025-12-02;6;689
7;2025-12-02;7;1624
7;2025-12-02;8;2567
7;2025-12-02;9;1879
7;2025-12-02;10;1623
7;2025-12-02;11;1508
7;2025-12-02;12;1617
7;2025-12-02;13;1607
7;2025-12-02;14;1667
7;2025-12-02;15;1793
7;2025-12-02;16;1904
7;2025-12-02;17;2427
7;2025-12-02;18;2688
7;2025-12-02;19;1829
7;2025-12-02;20;1094
7;2025-12-02;21;637
7;2025-12-02;22;325
7;2025-12-02;23;178
7;2025-12-03;0;56
7;2025-12-03;1;10
7;2025-12-03;2;0
7;2025-12-03;3;0
7;2025-12-03;4;1
7;2025-12-03;5;206
7;2025-12-03;6;683
7;2025-12-03;7;1613
7;2025-12-03;8;2560
7;2025-12-03;9;1878
7;2025-12-03;10;1625
7;2025-12-03;11;1504
7;2025-12-03;12;1612
7;2025-12-03;13;1601
7;2025-12-03;14;1663
7;2025-12-03;15;1790
7;2025-12-03;16;1897
7;2025-12-03;17;2421
7;2025-12-03;18;2659
7;2025-12-03;19;1805
7;2025-12-03;20;1095
7;2025-12-03;21;641
7;2025-12-03;22;330
7;2025-12-03;23;193
7;2025-12-04;0;62
7;2025-12-04;1;14
7;2025-12-04;2;0
7;2025-12-04;3;0
7;2025-12-04;4;1
7;2025-12-04;5;205
7;2025-12-04;6;687
7;2025-12-04;7;1617
7;2025-12-04;8;2557
7;2025-12-04;9;1875
7;2025-12-04;10;1624
7;2025-12-04;11;1501
7;2025-12-04;12;1618
7;2025-12-04;13;1609
7;2025-12-04;14;1681
7;2025-12-04;15;1795
7;2025-12-04;16;1906
7;2025-12-04;17;2417
7;2025-12-04;18;2665
7;2025-12-04;19;1812
7;2025-12-04;20;1093
7;2025-12-04;21;641
7;2025-12-04;22;327
7;2025-12-04;23;195
7;2025-12-05;0;65
7;2025-12-05;1;11
7;2025-12-05;2;0
7;2025-12-05;3;0
7;2025-12-05;4;0
7;2025-12-05;5;197
7;2025-12-05;6;651
7;2025-12-05;7;1553
7;2025-12-05;8;2446
7;2025-12-05;9;1830
7;2025-12-05;10;1571
7;2025-12-05;11;1501
7;2025-12-05;12;1611
7;2025-12-05;13;1638
7;2025-12-05;14;1695
7;2025-12-05;15;1840
7;2025-12-05;16;1932
7;2025-12-05;17;2373
7;2025-12-05;18;2280
7;2025-12-05;19;1705
7;2025-12-05;20;1065
7;2025-12-05;21;618
7;2025-12-05;22;327
7;2025-12-05;23;214
7;2025-12-06;0;100
7;2025-12-06;1;24
7;2025-12-06;2;0
7;2025-12-06;3;0
7;2025-12-06;4;0
7;2025-12-06;5;51
7;2025-12-06;6;296
7;2025-12-06;7;466
7;2025-12-06;8;707
7;2025-12-06;9;760
7;2025-12-06;10;791
7;2025-12-06;11;936
7;2025-12-06;12;1103
7;2025-12-06;13;1132
7;2025-12-06;14;1127
7;2025-12-06;15;1110
7;2025-12-06;16;1005
7;2025-12-06;17;1028
7;2025-12-06;18;966
7;2025-12-06;19;939
7;2025-12-06;20;693
7;2025-12-06;21;576
7;2025-12-06;22;321
7;2025-12-06;23;193
7;2025-12-07;0;100
7;2025-12-07;1;19
7;2025-12-07;2;0
7;2025-12-07;3;0
7;2025-12-07;4;1
7;2025-12-07;5;32
7;2025-12-07;6;202
7;2025-12-07;7;328
7;2025-12-07;8;503
7;2025-12-07;9;615
7;2025-12-07;10;632
7;2025-12-07;11;799
7;2025-12-07;12;963
7;2025-12-07;13;1005
7;2025-12-07;14;987
7;2025-12-07;15;933
7;2025-12-07;16;842
7;2025-12-07;17;892
7;2025-12-07;18;812
7;2025-12-07;19;713
7;2025-12-07;20;589
7;2025-12-07;21;497
7;2025-12-07;22;262
7;2025-12-07;23;154
7;2025-12-08;0;61
7;2025-12-08;1;9
7;2025-12-08;2;0
7;2025-12-08;3;0
7;2025-12-08;4;1
7;2025-12-08;5;194
7;2025-12-08;6;676
7;2025-12-08;7;1575
7;2025-12-08;8;2525
7;2025-12-08;9;1834
7;2025-12-08;10;1554
7;2025-12-08;11;1443
7;2025-12-08;12;1552
7;2025-12-08;13;1558
7;2025-12-08;14;1610
7;2025-12-08;15;1756
7;2025-12-08;16;1869
7;2025-12-08;17;2381
7;2025-12-08;18;2611
7;2025-12-08;19;1743
7;2025-12-08;20;1061
7;2025-12-08;21;598
7;2025-12-08;22;296
7;2025-12-08;23;167
7;2025-12-09;0;51
7;2025-12-09;1;10
7;2025-12-09;2;0
7;2025-12-09;3;0
7;2025-12-09;4;1
7;2025-12-09;5;200
7;2025-12-09;6;689
7;2025-12-09;7;1624
7;2025-12-09;8;2567
7;2025-12-09;9;1879
7;2025-12-09;10;1623
7;2025-12-09;11;1508
7;2025-12-09;12;1617
7;2025-12-09;13;1607
7;2025-12-09;14;1667
7;2025-12-09;15;1793
7;2025-12-09;16;1904
7;2025-12-09;17;2427
7;2025-12-09;18;2688
7;2025-12-09;19;1829
7;2025-12-09;20;1094
7;2025-12-09;21;637
7;2025-12-09;22;325
7;2025-12-09;23;178
7;2025-12-10;0;56
7;2025-12-10;1;10
7;2025-12-10;2;0
7;2025-12-10;3;0
7;2025-12-10;4;1
7;2025-12-10;5;206
7;2025-12-10;6;683
7;2025-12-10;7;1613
7;2025-12-10;8;2560
7;2025-12-10;9;1878
7;2025-12-10;10;1625
7;2025-12-10;11;1504
7;2025-12-10;12;1612
7;2025-12-10;13;1601
7;2025-12-10;14;1663
7;2025-12-10;15;1790
7;2025-12-10;16;1897
7;2025-12-10;17;2421
7;2025-12-10;18;2659
7;2025-12-10;19;1805
7;2025-12-10;20;1095
7;2025-12-10;21;641
7;2025-12-10;22;330
7;2025-12-10;23;193
7;2025-12-11;0;62
7;2025-12-11;1;14
7;2025-12-11;2;0
7;2025-12-11;3;0
7;2025-12-11;4;1
7;2025-12-11;5;205
7;2025-12-11;6;687
7;2025-12-11;7;1617
7;2025-12-11;8;2557
7;2025-12-11;9;1875
7;2025-12-11;10;1624
7;2025-12-11;11;1501
7;2025-12-11;12;1618
7;2025-12-11;13;1609
7;2025-12-11;14;1681
7;2025-12-11;15;1795
7;2025-12-11;16;1906
7;2025-12-11;17;2417
7;2025-12-11;18;2665
7;2025-12-11;19;1812
7;2025-12-11;20;1093
7;2025-12-11;21;641
7;2025-12-11;22;327
7;2025-12-11;23;195
7;2025-12-12;0;65
7;2025-12-12;1;11
7;2025-12-12;2;0
7;2025-12-12;3;0
7;2025-12-12;4;0
7;2025-12-12;5;197
7;2025-12-12;6;651
7;2025-12-12;7;1553
7;2025-12-12;8;2446
7;2025-12-12;9;1830
7;2025-12-12;10;1571
7;2025-12-12;11;1501
7;2025-12-12;12;1611
7;2025-12-12;13;1638
7;2025-12-12;14;1695
7;2025-12-12;15;1840
7;2025-12-12;16;1932
7;2025-12-12;17;2373
7;2025-12-12;18;2280
7;2025-12-12;19;1705
7;2025-12-12;20;1065
7;2025-12-12;21;618
7;2025-12-12;22;327
7;2025-12-12;23;214
7;2025-12-13;0;100
7;2025-12-13;1;24
7;2025-12-13;2;0
7;2025-12-13;3;0
7;2025-12-13;4;0
7;2025-12-13;5;51
7;2025-12-13;6;296
7;2025-12-13;7;466
7;2025-12-13;8;707
7;2025-12-13;9;760
7;2025-12-13;10;791
7;2025-12-13;11;936
7;2025-12-13;12;1103
7;2025-12-13;13;1132
7;2025-12-13;14;1127
7;2025-12-13;15;1110
7;2025-12-13;16;1005
7;2025-12-13;17;1028
7;2025-12-13;18;966
7;2025-12-13;19;939
7;2025-12-13;20;693
7;2025-12-13;21;576
7;2025-12-13;22;321
7;2025-12-13;23;193
7;2025-12-14;0;100
7;2025-12-14;1;19
7;2025-12-14;2;0
7;2025-12-14;3;0
7;2025-12-14;4;1
7;2025-12-14;5;32
7;2025-12-14;6;202
7;2025-12-14;7;328
7;2025-12-14;8;503
7;2025-12-14;9;615
7;2025-12-14;10;632
7;2025-12-14;11;799
7;2025-12-14;12;963
7;2025-12-14;13;1005
7;2025-12-14;14;987
7;2025-12-14;15;933
7;2025-12-14;16;842
7;2025-12-14;17;892
7;2025-12-14;18;812
7;2025-12-14;19;713
7;2025-12-14;20;589
7;2025-12-14;21;497
7;2025-12-14;22;262
7;2025-12-14;23;154
7;2025-12-15;0;61
7;2025-12-15;1;9
7;2025-12-15;2;0
7;2025-12-15;3;0
7;2025-12-15;4;1
7;2025-12-15;5;194
7;2025-12-15;6;676
7;2025-12-15;7;1575
7;2025-12-15;8;2525
7;2025-12-15;9;1834
7;2025-12-15;10;1554
7;2025-12-15;11;1443
7;2025-12-15;12;1552
7;2025-12-15;13;1558
7;2025-12-15;14;1610
7;2025-12-15;15;1756
7;2025-12-15;16;1869
7;2025-12-15;17;2381
7;2025-12-15;18;2611
7;2025-12-15;19;1743
7;2025-12-15;20;1061
7;2025-12-15;21;598
7;2025-12-15;22;296
7;2025-12-15;23;167
7;2025-12-16;0;51
7;2025-12-16;1;10
7;2025-12-16;2;0
7;2025-12-16;3;0
7;2025-12-16;4;1
7;2025-12-16;5;200
7;2025-12-16;6;689
7;2025-12-16;7;1624
7;2025-12-16;8;2567
7;2025-12-16;9;1879
7;2025-12-16;10;1623
7;2025-12-16;11;1508
7;2025-12-16;12;1617
7;2025-12-16;13;1607
7;2025-12-16;14;1667
7;2025-12-16;15;1793
7;2025-12-16;16;1904
7;2025-12-16;17;2427
7;2025-12-16;18;2688
7;2025-12-16;19;1829
7;2025-12-16;20;1094
7;2025-12-16;21;637
7;2025-12-16;22;325
7;2025-12-16;23;178
7;2025-12-17;0;56
7;2025-12-17;1;10
7;2025-12-17;2;0
7;2025-12-17;3;0
7;2025-12-17;4;1
7;2025-12-17;5;206
7;2025-12-17;6;683
7;2025-12-17;7;1613
7;2025-12-17;8;2560
7;2025-12-17;9;1878
7;2025-12-17;10;1625
7;2025-12-17;11;1504
7;2025-12-17;12;1612
7;2025-12-17;13;1601
7;2025-12-17;14;1663
7;2025-12-17;15;1790
7;2025-12-17;16;1897
7;2025-12-17;17;2421
7;2025-12-17;18;2659
7;2025-12-17;19;1805
7;2025-12-17;20;1095
7;2025-12-17;21;641
7;2025-12-17;22;330
7;2025-12-17;23;193
7;2025-12-18;0;62
7;2025-12-18;1;14
7;2025-12-18;2;0
7;2025-12-18;3;0
7;2025-12-18;4;1
7;2025-12-18;5;205
7;2025-12-18;6;687
7;2025-12-18;7;1617
7;2025-12-18;8;2557
7;2025-12-18;9;1875
7;2025-12-18;10;1624
7;2025-12-18;11;1501
7;2025-12-18;12;1618
7;2025-12-18;13;1609
7;2025-12-18;14;1681
7;2025-12-18;15;1795
7;2025-12-18;16;1906
7;2025-12-18;17;2417
7;2025-12-18;18;2665
7;2025-12-18;19;1812
7;2025-12-18;20;1093
7;2025-12-18;21;641
7;2025-12-18;22;327
7;2025-12-18;23;195
7;2025-12-19;0;65
7;2025-12-19;1;11
7;2025-12-19;2;0
7;2025-12-19;3;0
7;2025-12-19;4;0
7;2025-12-19;5;197
7;2025-12-19;6;651
7;2025-12-19;7;1553
7;2025-12-19;8;2446
7;2025-12-19;9;1830
7;2025-12-19;10;1571
7;2025-12-19;11;1501
7;2025-12-19;12;1611
7;2025-12-19;13;1638
7;2025-12-19;14;1695
7;2025-12-19;15;1840
7;2025-12-19;16;1932
7;2025-12-19;17;2373
7;2025-12-19;18;2280
7;2025-12-19;19;1705
7;2025-12-19;20;1065
7;2025-12-19;21;618
7;2025-12-19;22;327
7;2025-12-19;23;214
7;2025-12-20;0;100
7;2025-12-20;1;24
7;2025-12-20;2;0
7;2025-12-20;3;0
7;2025-12-20;4;0
7;2025-12-20;5;51
7;2025-12-20;6;296
7;2025-12-20;7;466
7;2025-12-20;8;707
7;2025-12-20;9;760
7;2025-12-20;10;791
7;2025-12-20;11;936
7;2025-12-20;12;1103
7;2025-12-20;13;1132
7;2025-12-20;14;1127
7;2025-12-20;15;1110
7;2025-12-20;16;1005
7;2025-12-20;17;1028
7;2025-12-20;18;966
7;2025-12-20;19;939
7;2025-12-20;20;693
7;2025-12-20;21;576
7;2025-12-20;22;321
7;2025-12-20;23;193
7;2025-12-21;0;100
7;2025-12-21;1;19
7;2025-12-21;2;0
7;2025-12-21;3;0
7;2025-12-21;4;1
7;2025-12-21;5;32
7;2025-12-21;6;202
7;2025-12-21;7;328
7;2025-12-21;8;503
7;2025-12-21;9;615
7;2025-12-21;10;632
7;2025-12-21;11;799
7;2025-12-21;12;963
7;2025-12-21;13;1005
7;2025-12-21;14;987
7;2025-12-21;15;933
7;2025-12-21;16;842
7;2025-12-21;17;892
7;2025-12-21;18;812
7;2025-12-21;19;713
7;2025-12-21;20;589
7;2025-12-21;21;497
7;2025-12-21;22;262
7;2025-12-21;23;154
7;2025-12-22;0;61
7;2025-12-22;1;9
7;2025-12-22;2;0
7;2025-12-22;3;0
7;2025-12-22;4;1
7;2025-12-22;5;194
7;2025-12-22;6;676
7;2025-12-22;7;1575
7;2025-12-22;8;2525
7;2025-12-22;9;1834
7;2025-12-22;10;1554
7;2025-12-22;11;1443
7;2025-12-22;12;1552
7;2025-12-22;13;1558
7;2025-12-22;14;1610
7;2025-12-22;15;1756
7;2025-12-22;16;1869
7;2025-12-22;17;2381
7;2025-12-22;18;2611
7;2025-12-22;19;1743
7;2025-12-22;20;1061
7;2025-12-22;21;598
7;2025-12-22;22;296
7;2025-12-22;23;167
7;2025-12-23;0;51
7;2025-12-23;1;10
7;2025-12-23;2;0
7;2025-12-23;3;0
7;2025-12-23;4;1
7;2025-12-23;5;200
7;2025-12-23;6;689
7;2025-12-23;7;1624
7;2025-12-23;8;2567
7;2025-12-23;9;1879
7;2025-12-23;10;1623
7;2025-12-23;11;1508
7;2025-12-23;12;1617
7;2025-12-23;13;1607
7;2025-12-23;14;1667
7;2025-12-23;15;1793
7;2025-12-23;16;1904
7;2025-12-23;17;2427
7;2025-12-23;18;2688
7;2025-12-23;19;1829
7;2025-12-23;20;1094
7;2025-12-23;21;637
7;2025-12-23;22;325
7;2025-12-23;23;178
7;2025-12-24;0;56
7;2025-12-24;1;10
7;2025-12-24;2;0
7;2025-12-24;3;0
7;2025-12-24;4;1
7;2025-12-24;5;206
7;2025-12-24;6;683
7;2025-12-24;7;1613
7;2025-12-24;8;2560
7;2025-12-24;9;1878
7;2025-12-24;10;1625
7;2025-12-24;11;1504
7;2025-12-24;12;1612
7;2025-12-24;13;1601
7;2025-12-24;14;1663
7;2025-12-24;15;1790
7;2025-12-24;16;1897
7;2025-12-24;17;2421
7;2025-12-24;18;2659
7;2025-12-24;19;1805
7;2025-12-24;20;1095
7;2025-12-24;21;641
7;2025-12-24;22;330
7;2025-12-24;23;193
7;2025-12-25;0;62
7;2025-12-25;1;14
7;2025-12-25;2;0
7;2025-12-25;3;0
7;2025-12-25;4;1
7;2025-12-25;5;205
7;2025-12-25;6;687
7;2025-12-25;7;1617
7;2025-12-25;8;2557
7;2025-12-25;9;1875
7;2025-12-25;10;1624
7;2025-12-25;11;1501
7;2025-12-25;12;1618
7;2025-12-25;13;1609
7;2025-12-25;14;1681
7;2025-12-25;15;1795
7;2025-12-25;16;1906
7;2025-12-25;17;2417
7;2025-12-25;18;2665
7;2025-12-25;19;1812
7;2025-12-25;20;1093
7;2025-12-25;21;641
7;2025-12-25;22;327
7;2025-12-25;23;195
7;2025-12-26;0;65
7;2025-12-26;1;11
7;2025-12-26;2;0
7;2025-12-26;3;0
7;2025-12-26;4;0
7;2025-12-26;5;197
7;2025-12-26;6;651
7;2025-12-26;7;1553
7;2025-12-26;8;2446
7;2025-12-26;9;1830
7;2025-12-26;10;1571
7;2025-12-26;11;1501
7;2025-12-26;12;1611
7;2025-12-26;13;1638
7;2025-12-26;14;1695
7;2025-12-26;15;1840
7;2025-12-26;16;1932
7;2025-12-26;17;2373
7;2025-12-26;18;2280
7;2025-12-26;19;1705
7;2025-12-26;20;1065
7;2025-12-26;21;618
7;2025-12-26;22;327
7;2025-12-26;23;214
7;2025-12-27;0;100
7;2025-12-27;1;24
7;2025-12-27;2;0
7;2025-12-27;3;0
7;2025-12-27;4;0
7;2025-12-27;5;51
7;2025-12-27;6;296
7;2025-12-27;7;466
7;2025-12-27;8;707
7;2025-12-27;9;760
7;2025-12-27;10;791
7;2025-12-27;11;936
7;2025-12-27;12;1103
7;2025-12-27;13;1132
7;2025-12-27;14;1127
7;2025-12-27;15;1110
7;2025-12-27;16;1005
7;2025-12-27;17;1028
7;2025-12-27;18;966
7;2025-12-27;19;939
7;2025-12-27;20;693
7;2025-12-27;21;576
7;2025-12-27;22;321
7;2025-12-27;23;193
7;2025-12-28;0;100
7;2025-12-28;1;19
7;2025-12-28;2;0
7;2025-12-28;3;0
7;2025-12-28;4;1
7;2025-12-28;5;32
7;2025-12-28;6;202
7;2025-12-28;7;328
7;2025-12-28;8;503
7;2025-12-28;9;615
7;2025-12-28;10;632
7;2025-12-28;11;799
7;2025-12-28;12;963
7;2025-12-28;13;1005
7;2025-12-28;14;987
7;2025-12-28;15;933
7;2025-12-28;16;842
7;2025-12-28;17;892
7;2025-12-28;18;812
7;2025-12-28;19;713
7;2025-12-28;20;589
7;2025-12-28;21;497
7;2025-12-28;22;262
7;2025-12-28;23;154
7;2025-12-29;0;61
7;2025-12-29;1;9
7;2025-12-29;2;0
7;2025-12-29;3;0
7;2025-12-29;4;1
7;2025-12-29;5;194
7;2025-12-29;6;676
7;2025-12-29;7;1575
7;2025-12-29;8;2525
7;2025-12-29;9;1834
7;2025-12-29;10;1554
7;2025-12-29;11;1443
7;2025-12-29;12;1552
7;2025-12-29;13;1558
7;2025-12-29;14;1610
7;2025-12-29;15;1756
7;2025-12-29;16;1869
7;2025-12-29;17;2381
7;2025-12-29;18;2611
7;2025-12-29;19;1743
7;2025-12-29;20;1061
7;2025-12-29;21;598
7;2025-12-29;22;296
7;2025-12-29;23;167
7;2025-12-30;0;51
7;2025-12-30;1;10
7;2025-12-30;2;0
7;2025-12-30;3;0
7;2025-12-30;4;1
7;2025-12-30;5;200
7;2025-12-30;6;689
7;2025-12-30;7;1624
7;2025-12-30;8;2567
7;2025-12-30;9;1879
7;2025-12-30;10;1623
7;2025-12-30;11;1508
7;2025-12-30;12;1617
7;2025-12-30;13;1607
7;2025-12-30;14;1667
7;2025-12-30;15;1793
7;2025-12-30;16;1904
7;2025-12-30;17;2427
7;2025-12-30;18;2688
7;2025-12-30;19;1829
7;2025-12-30;20;1094
7;2025-12-30;21;637
7;2025-12-30;22;325
7;2025-12-30;23;178
7;2025-12-31;0;41
7;2025-12-31;1;0
7;2025-12-31;2;0
7;2025-12-31;3;0
7;2025-12-31;4;0
7;2025-12-31;5;80
7;2025-12-31;6;319
7;2025-12-31;7;656
7;2025-12-31;8;1085
7;2025-12-31;9;885
7;2025-12-31;10;832
7;2025-12-31;11;824
7;2025-12-31;12;920
7;2025-12-31;13;914
7;2025-12-31;14;936
7;2025-12-31;15;904
7;2025-12-31;16;906
7;2025-12-31;17;1025
7;2025-12-31;18;1245
7;2025-12-31;19;943
7;2025-12-31;20;676
7;2025-12-31;21;495
7;2025-12-31;22;295
7;2025-12-31;23;137
11;2025-11-01;0;103
11;2025-11-01;1;1
11;2025-11-01;2;0
11;2025-11-01;3;0
11;2025-11-01;4;9
11;2025-11-01;5;216
11;2025-11-01;6;831
11;2025-11-01;7;1070
11;2025-11-01;8;2632
11;2025-11-01;9;2223
11;2025-11-01;10;1813
11;2025-11-01;11;2110
11;2025-11-01;12;2258
11;2025-11-01;13;2319
11;2025-11-01;14;2369
11;2025-11-01;15;2306
11;2025-11-01;16;2470
11;2025-11-01;17;2869
11;2025-11-01;18;2814
11;2025-11-01;19;2177
11;2025-11-01;20;1504
11;2025-11-01;21;819
11;2025-11-01;22;449
11;2025-11-01;23;361
11;2025-11-02;0;111
11;2025-11-02;1;11
11;2025-11-02;2;0
11;2025-11-02;3;0
11;2025-11-02;4;0
11;2025-11-02;5;115
11;2025-11-02;6;550
11;2025-11-02;7;541
11;2025-11-02;8;697
11;2025-11-02;9;938
11;2025-11-02;10;1062
11;2025-11-02;11;1528
11;2025-11-02;12;1714
11;2025-11-02;13;1621
11;2025-11-02;14;1758
11;2025-11-02;15;1737
11;2025-11-02;16;1618
11;2025-11-02;17;1742
11;2025-11-02;18;1420
11;2025-11-02;19;1208
11;2025-11-02;20;926
11;2025-11-02;21;658
11;2025-11-02;22;373
11;2025-11-02;23;254
11;2025-11-03;0;78
11;2025-11-03;1;9
11;2025-11-03;2;0
11;2025-11-03;3;0
11;2025-11-03;4;3
11;2025-11-03;5;200
11;2025-11-03;6;651
11;2025-11-03;7;839
11;2025-11-03;8;1143
11;2025-11-03;9;1062
11;2025-11-03;10;1083
11;2025-11-03;11;1368
11;2025-11-03;12;1469
11;2025-11-03;13;1426
11;2025-11-03;14;1511
11;2025-11-03;15;1535
11;2025-11-03;16;1550
11;2025-11-03;17;1706
11;2025-11-03;18;1610
11;2025-11-03;19;1274
11;2025-11-03;20;963
11;2025-11-03;21;623
11;2025-11-03;22;367
11;2025-11-03;23;216
11;2025-11-04;0;64
11;2025-11-04;1;4
11;2025-11-04;2;0
11;2025-11-04;3;0
11;2025-11-04;4;5
11;2025-11-04;5;154
11;2025-11-04;6;558
11;2025-11-04;7;555
11;2025-11-04;8;766
11;2025-11-04;9;761
11;2025-11-04;10;940
11;2025-11-04;11;1230
11;2025-11-04;12;1379
11;2025-11-04;13;1381
11;2025-11-04;14;1484
11;2025-11-04;15;1485
11;2025-11-04;16;1491
11;2025-11-04;17;1538
11;2025-11-04;18;1386
11;2025-11-04;19;1265
11;2025-11-04;20;861
11;2025-11-04;21;641
11;2025-11-04;22;361
11;2025-11-04;23;251
11;2025-11-05;0;63
11;2025-11-05;1;0
11;2025-11-05;2;0
11;2025-11-05;3;0
11;2025-11-05;4;0
11;2025-11-05;5;273
11;2025-11-05;6;1363
11;2025-11-05;7;2397
11;2025-11-05;8;3189
11;2025-11-05;9;2454
11;2025-11-05;10;1915
11;2025-11-05;11;1916
11;2025-11-05;12;1932
11;2025-11-05;13;2058
11;2025-11-05;14;2069
11;2025-11-05;15;2070
11;2025-11-05;16;2294
11;2025-11-05;17;2857
11;2025-11-05;18;3086
11;2025-11-05;19;2325
11;2025-11-05;20;1528
11;2025-11-05;21;901
11;2025-11-05;22;432
11;2025-11-05;23;253
11;2025-11-06;0;68
11;2025-11-06;1;0
11;2025-11-06;2;0
11;2025-11-06;3;0
11;2025-11-06;4;0
11;2025-11-06;5;273
11;2025-11-06;6;1374
11;2025-11-06;7;2395
11;2025-11-06;8;3192
11;2025-11-06;9;2467
11;2025-11-06;10;1935
11;2025-11-06;11;1918
11;2025-11-06;12;1940
11;2025-11-06;13;2057
11;2025-11-06;14;2075
11;2025-11-06;15;2078
11;2025-11-06;16;2313
11;2025-11-06;17;2866
11;2025-11-06;18;3090
11;2025-11-06;19;2324
11;2025-11-06;20;1526
11;2025-11-06;21;904
11;2025-11-06;22;440
11;2025-11-06;23;264
11;2025-11-07;0;71
11;2025-11-07;1;0
11;2025-11-07;2;0
11;2025-11-07;3;0
11;2025-11-07;4;0
11;2025-11-07;5;277
11;2025-11-07;6;1363
11;2025-11-07;7;2322
11;2025-11-07;8;3103
11;2025-11-07;9;2395
11;2025-11-07;10;1879
11;2025-11-07;11;1889
11;2025-11-07;12;1907
11;2025-11-07;13;2015
11;2025-11-07;14;2087
11;2025-11-07;15;2134
11;2025-11-07;16;2399
11;2025-11-07;17;2865
11;2025-11-07;18;2757
11;2025-11-07;19;2218
11;2025-11-07;20;1464
11;2025-11-07;21;876
11;2025-11-07;22;441
11;2025-11-07;23;298
11;2025-11-08;0;104
11;2025-11-08;1;1
11;2025-11-08;2;0
11;2025-11-08;3;0
11;2025-11-08;4;0
11;2025-11-08;5;187
11;2025-11-08;6;820
11;2025-11-08;7;762
11;2025-11-08;8;990
11;2025-11-08;9;1126
11;2025-11-08;10;1254
11;2025-11-08;11;1669
11;2025-11-08;12;1877
11;2025-11-08;13;1776
11;2025-11-08;14;1908
11;2025-11-08;15;1809
11;2025-11-08;16;1772
11;2025-11-08;17;1855
11;2025-11-08;18;1564
11;2025-11-08;19;1436
11;2025-11-08;20;1087
11;2025-11-08;21;752
11;2025-11-08;22;426
11;2025-11-08;23;315
11;2025-11-09;0;111
11;2025-11-09;1;11
11;2025-11-09;2;0
11;2025-11-09;3;0
11;2025-11-09;4;0
11;2025-11-09;5;115
11;2025-11-09;6;550
11;2025-11-09;7;541
11;2025-11-09;8;697
11;2025-11-09;9;938
11;2025-11-09;10;1062
11;2025-11-09;11;1528
11;2025-11-09;12;1714
11;2025-11-09;13;1621
11;2025-11-09;14;1758
11;2025-11-09;15;1737
11;2025-11-09;16;1618
11;2025-11-09;17;1742
11;2025-11-09;18;1420
11;2025-11-09;19;1208
11;2025-11-09;20;926
11;2025-11-09;21;658
11;2025-11-09;22;373
11;2025-11-09;23;254
11;2025-11-10;0;73
11;2025-11-10;1;8
11;2025-11-10;2;0
11;2025-11-10;3;0
11;2025-11-10;4;0
11;2025-11-10;5;262
11;2025-11-10;6;1345
11;2025-11-10;7;2343
11;2025-11-10;8;3154
11;2025-11-10;9;2394
11;2025-11-10;10;1840
11;2025-11-10;11;1852
11;2025-11-10;12;1845
11;2025-11-10;13;1973
11;2025-11-10;14;2004
11;2025-11-10;15;2046
11;2025-11-10;16;2271
11;2025-11-10;17;2825
11;2025-11-10;18;3029
11;2025-11-10;19;2247
11;2025-11-10;20;1475
11;2025-11-10;21;857
11;2025-11-10;22;408
11;2025-11-10;23;225
11;2025-11-11;0;60
11;2025-11-11;1;0
11;2025-11-11;2;0
11;2025-11-11;3;0
11;2025-11-11;4;0
11;2025-11-11;5;270
11;2025-11-11;6;1370
11;2025-11-11;7;2399
11;2025-11-11;8;3194
11;2025-11-11;9;2463
11;2025-11-11;10;1927
11;2025-11-11;11;1911
11;2025-11-11;12;1929
11;2025-11-11;13;2056
11;2025-11-11;14;2072
11;2025-11-11;15;2078
11;2025-11-11;16;2315
11;2025-11-11;17;2867
11;2025-11-11;18;3092
11;2025-11-11;19;2323
11;2025-11-11;20;1526
11;2025-11-11;21;895
11;2025-11-11;22;430
11;2025-11-11;23;243
11;2025-11-12;0;63
11;2025-11-12;1;0
11;2025-11-12;2;0
11;2025-11-12;3;0
11;2025-11-12;4;0
11;2025-11-12;5;273
11;2025-11-12;6;1363
11;2025-11-12;7;2397
11;2025-11-12;8;3189
11;2025-11-12;9;2454
11;2025-11-12;10;1915
11;2025-11-12;11;1916
11;2025-11-12;12;1932
11;2025-11-12;13;2058
11;2025-11-12;14;2069
11;2025-11-12;15;2070
11;2025-11-12;16;2294
11;2025-11-12;17;2857
11;2025-11-12;18;3086
11;2025-11-12;19;2325
11;2025-11-12;20;1528
11;2025-11-12;21;901
11;2025-11-12;22;432
11;2025-11-12;23;253
11;2025-11-13;0;68
11;2025-11-13;1;0
11;2025-11-13;2;0
11;2025-11-13;3;0
11;2025-11-13;4;0
11;2025-11-13;5;273
11;2025-11-13;6;1374
11;2025-11-13;7;2395
11;2025-11-13;8;3192
11;2025-11-13;9;2467
11;2025-11-13;10;1935
11;2025-11-13;11;1918
11;2025-11-13;12;1940
11;2025-11-13;13;2057
11;2025-11-13;14;2075
11;2025-11-13;15;2078
11;2025-11-13;16;2313
11;2025-11-13;17;2866
11;2025-11-13;18;3090
11;2025-11-13;19;2324
11;2025-11-13;20;1526
11;2025-11-13;21;904
11;2025-11-13;22;440
11;2025-11-13;23;264
11;2025-11-14;0;71
11;2025-11-14;1;0
11;2025-11-14;2;0
11;2025-11-14;3;0
11;2025-11-14;4;0
11;2025-11-14;5;277
11;2025-11-14;6;1363
11;2025-11-14;7;2322
11;2025-11-14;8;3103
11;2025-11-14;9;2395
11;2025-11-14;10;1879
11;2025-11-14;11;1889
11;2025-11-14;12;1907
11;2025-11-14;13;2015
11;2025-11-14;14;2087
11;2025-11-14;15;2134
11;2025-11-14;16;2399
11;2025-11-14;17;2865
11;2025-11-14;18;2757
11;2025-11-14;19;2218
11;2025-11-14;20;1464
11;2025-11-14;21;876
11;2025-11-14;22;441
11;2025-11-14;23;298
11;2025-11-15;0;104
11;2025-11-15;1;1
11;2025-11-15;2;0
11;2025-11-15;3;0
11;2025-11-15;4;0
11;2025-11-15;5;187
11;2025-11-15;6;820
11;2025-11-15;7;762
11;2025-11-15;8;990
11;2025-11-15;9;1126
11;2025-11-15;10;1254
11;2025-11-15;11;1669
11;2025-11-15;12;1877
11;2025-11-15;13;1776
11;2025-11-15;14;1908
11;2025-11-15;15;1809
11;2025-11-15;16;1772
11;2025-11-15;17;1855
11;2025-11-15;18;1564
11;2025-11-15;19;1436
11;2025-11-15;20;1087
11;2025-11-15;21;752
11;2025-11-15;22;426
11;2025-11-15;23;315
11;2025-11-16;0;111
11;2025-11-16;1;11
11;2025-11-16;2;0
11;2025-11-16;3;0
11;2025-11-16;4;0
11;2025-11-16;5;115
11;2025-11-16;6;550
11;2025-11-16;7;541
11;2025-11-16;8;697
11;2025-11-16;9;938
11;2025-11-16;10;1062
11;2025-11-16;11;1528
11;2025-11-16;12;1714
11;2025-11-16;13;1621
11;2025-11-16;14;1758
11;2025-11-16;15;1737
11;2025-11-16;16;1618
11;2025-11-16;17;1742
11;2025-11-16;18;1420
11;2025-11-16;19;1208
11;2025-11-16;20;926
11;2025-11-16;21;658
11;2025-11-16;22;373
11;2025-11-16;23;254
11;2025-11-17;0;73
11;2025-11-17;1;8
11;2025-11-17;2;0
11;2025-11-17;3;0
11;2025-11-17;4;0
11;2025-11-17;5;262
11;2025-11-17;6;1345
11;2025-11-17;7;2343
11;2025-11-17;8;3154
11;2025-11-17;9;2394
11;2025-11-17;10;1840
11;2025-11-17;11;1852
11;2025-11-17;12;1845
11;2025-11-17;13;1973
11;2025-11-17;14;2004
11;2025-11-17;15;2046
11;2025-11-17;16;2271
11;2025-11-17;17;2825
11;2025-11-17;18;3029
11;2025-11-17;19;2247
11;2025-11-17;20;1475
11;2025-11-17;21;857
11;2025-11-17;22;408
11;2025-11-17;23;225
11;2025-11-18;0;60
11;2025-11-18;1;0
11;2025-11-18;2;0
11;2025-11-18;3;0
11;2025-11-18;4;0
11;2025-11-18;5;270
11;2025-11-18;6;1370
11;2025-11-18;7;2399
11;2025-11-18;8;3194
11;2025-11-18;9;2463
11;2025-11-18;10;1927
11;2025-11-18;11;1911
11;2025-11-18;12;1929
11;2025-11-18;13;2056
11;2025-11-18;14;2072
11;2025-11-18;15;2078
11;2025-11-18;16;2315
11;2025-11-18;17;2867
11;2025-11-18;18;3092
11;2025-11-18;19;2323
11;2025-11-18;20;1526
11;2025-11-18;21;895
11;2025-11-18;22;430
11;2025-11-18;23;243
11;2025-11-19;0;63
11;2025-11-19;1;0
11;2025-11-19;2;0
11;2025-11-19;3;0
11;2025-11-19;4;0
11;2025-11-19;5;273
11;2025-11-19;6;1363
11;2025-11-19;7;2397
11;2025-11-19;8;3189
11;2025-11-19;9;2454
11;2025-11-19;10;1915
11;2025-11-19;11;1916
11;2025-11-19;12;1932
11;2025-11-19;13;2058
11;2025-11-19;14;2069
11;2025-11-19;15;2070
11;2025-11-19;16;2294
11;2025-11-19;17;2857
11;2025-11-19;18;3086
11;2025-11-19;19;2325
11;2025-11-19;20;1528
11;2025-11-19;21;901
11;2025-11-19;22;432
11;2025-11-19;23;253
11;2025-11-20;0;68
11;2025-11-20;1;0
11;2025-11-20;2;0
11;2025-11-20;3;0
11;2025-11-20;4;0
11;2025-11-20;5;273
11;2025-11-20;6;1374
11;2025-11-20;7;2395
11;2025-11-20;8;3192
11;2025-11-20;9;2467
11;2025-11-20;10;1935
11;2025-11-20;11;1918
11;2025-11-20;12;1940
11;2025-11-20;13;2057
11;2025-11-20;14;2075
11;2025-11-20;15;2078
11;2025-11-20;16;2313
11;2025-11-20;17;2866
11;2025-11-20;18;3090
11;2025-11-20;19;2324
11;2025-11-20;20;1526
11;2025-11-20;21;904
11;2025-11-20;22;440
11;2025-11-20;23;264
11;2025-11-21;0;71
11;2025-11-21;1;0
11;2025-11-21;2;0
11;2025-11-21;3;0
11;2025-11-21;4;0
11;2025-11-21;5;277
11;2025-11-21;6;1363
11;2025-11-21;7;2322
11;2025-11-21;8;3103
11;2025-11-21;9;2395
11;2025-11-21;10;1879
11;2025-11-21;11;1889
11;2025-11-21;12;1907
11;2025-11-21;13;2015
11;2025-11-21;14;2087
11;2025-11-21;15;2134
11;2025-11-21;16;2399
11;2025-11-21;17;2865
11;2025-11-21;18;2757
11;2025-11-21;19;2218
11;2025-11-21;20;1464
11;2025-11-21;21;876
11;2025-11-21;22;441
11;2025-11-21;23;298
11;2025-11-22;0;104
11;2025-11-22;1;1
11;2025-11-22;2;0
11;2025-11-22;3;0
11;2025-11-22;4;0
11;2025-11-22;5;187
11;2025-11-22;6;820
11;2025-11-22;7;762
11;2025-11-22;8;990
11;2025-11-22;9;1126
11;2025-11-22;10;1254
11;2025-11-22;11;1669
11;2025-11-22;12;1877
11;2025-11-22;13;1776
11;2025-11-22;14;1908
11;2025-11-22;15;1809
11;2025-11-22;16;1772
11;2025-11-22;17;1855
11;2025-11-22;18;1564
11;2025-11-22;19;1436
11;2025-11-22;20;1087
11;2025-11-22;21;752
11;2025-11-22;22;426
11;2025-11-22;23;315
11;2025-11-23;0;111
11;2025-11-23;1;11
11;2025-11-23;2;0
11;2025-11-23;3;0
11;2025-11-23;4;0
11;2025-11-23;5;115
11;2025-11-23;6;550
11;2025-11-23;7;541
11;2025-11-23;8;697
11;2025-11-23;9;938
11;2025-11-23;10;1062
11;2025-11-23;11;1528
11;2025-11-23;12;1714
11;2025-11-23;13;1621
11;2025-11-23;14;1758
11;2025-11-23;15;1737
11;2025-11-23;16;1618
11;2025-11-23;17;1742
11;2025-11-23;18;1420
11;2025-11-23;19;1208
11;2025-11-23;20;926
11;2025-11-23;21;658
11;2025-11-23;22;373
11;2025-11-23;23;254
11;2025-11-24;0;73
11;2025-11-24;1;8
11;2025-11-24;2;0
11;2025-11-24;3;0
11;2025-11-24;4;0
11;2025-11-24;5;262
11;2025-11-24;6;1345
11;2025-11-24;7;2343
11;2025-11-24;8;3154
11;2025-11-24;9;2394
11;2025-11-24;10;1840
11;2025-11-24;11;1852
11;2025-11-24;12;1845
11;2025-11-24;13;1973
11;2025-11-24;14;2004
11;2025-11-24;15;2046
11;2025-11-24;16;2271
11;2025-11-24;17;2825
11;2025-11-24;18;3029
11;2025-11-24;19;2247
11;2025-11-24;20;1475
11;2025-11-24;21;857
11;2025-11-24;22;408
11;2025-11-24;23;225
11;2025-11-25;0;60
11;2025-11-25;1;0
11;2025-11-25;2;0
11;2025-11-25;3;0
11;2025-11-25;4;0
11;2025-11-25;5;270
11;2025-11-25;6;1370
11;2025-11-25;7;2399
11;2025-11-25;8;3194
11;2025-11-25;9;2463
11;2025-11-25;10;1927
11;2025-11-25;11;1911
11;2025-11-25;12;1929
11;2025-11-25;13;2056
11;2025-11-25;14;2072
11;2025-11-25;15;2078
11;2025-11-25;16;2315
11;2025-11-25;17;2867
11;2025-11-25;18;3092
11;2025-11-25;19;2323
11;2025-11-25;20;1526
11;2025-11-25;21;895
11;2025-11-25;22;430
11;2025-11-25;23;243
11;2025-11-26;0;63
11;2025-11-26;1;0
11;2025-11-26;2;0
11;2025-11-26;3;0
11;2025-11-26;4;0
11;2025-11-26;5;273
11;2025-11-26;6;1363
11;2025-11-26;7;2397
11;2025-11-26;8;3189
11;2025-11-26;9;2454
11;2025-11-26;10;1915
11;2025-11-26;11;1916
11;2025-11-26;12;1932
11;2025-11-26;13;2058
11;2025-11-26;14;2069
11;2025-11-26;15;2070
11;2025-11-26;16;2294
11;2025-11-26;17;2857
11;2025-11-26;18;3086
11;2025-11-26;19;2325
11;2025-11-26;20;1528
11;2025-11-26;21;901
11;2025-11-26;22;432
11;2025-11-26;23;253
11;2025-11-27;0;68
11;2025-11-27;1;0
11;2025-11-27;2;0
11;2025-11-27;3;0
11;2025-11-27;4;0
11;2025-11-27;5;273
11;2025-11-27;6;1374
11;2025-11-27;7;2395
11;2025-11-27;8;3192
11;2025-11-27;9;2467
11;2025-11-27;10;1935
11;2025-11-27;11;1918
11;2025-11-27;12;1940
11;2025-11-27;13;2057
11;2025-11-27;14;2075
11;2025-11-27;15;2078
11;2025-11-27;16;2313
11;2025-11-27;17;2866
11;2025-11-27;18;3090
11;2025-11-27;19;2324
11;2025-11-27;20;1526
11;2025-11-27;21;904
11;2025-11-27;22;440
11;2025-11-27;23;264
11;2025-11-28;0;71
11;2025-11-28;1;0
11;2025-11-28;2;0
11;2025-11-28;3;0
11;2025-11-28;4;0
11;2025-11-28;5;277
11;2025-11-28;6;1363
11;2025-11-28;7;2322
11;2025-11-28;8;3103
11;2025-11-28;9;2395
11;2025-11-28;10;1879
11;2025-11-28;11;1889
11;2025-11-28;12;1907
11;2025-11-28;13;2015
11;2025-11-28;14;2087
11;2025-11-28;15;2134
11;2025-11-28;16;2399
11;2025-11-28;17;2865
11;2025-11-28;18;2757
11;2025-11-28;19;2218
11;2025-11-28;20;1464
11;2025-11-28;21;876
11;2025-11-28;22;441
11;2025-11-28;23;298
11;2025-11-29;0;104
11;2025-11-29;1;1
11;2025-11-29;2;0
11;2025-11-29;3;0
11;2025-11-29;4;0
11;2025-11-29;5;187
11;2025-11-29;6;820
11;2025-11-29;7;762
11;2025-11-29;8;990
11;2025-11-29;9;1126
11;2025-11-29;10;1254
11;2025-11-29;11;1669
11;2025-11-29;12;1877
11;2025-11-29;13;1776
11;2025-11-29;14;1908
11;2025-11-29;15;1809
11;2025-11-29;16;1772
11;2025-11-29;17;1855
11;2025-11-29;18;1564
11;2025-11-29;19;1436
11;2025-11-29;20;1087
11;2025-11-29;21;752
11;2025-11-29;22;426
11;2025-11-29;23;315
11;2025-11-30;0;111
11;2025-11-30;1;11
11;2025-11-30;2;0
11;2025-11-30;3;0
11;2025-11-30;4;0
11;2025-11-30;5;115
11;2025-11-30;6;550
11;2025-11-30;7;541
11;2025-11-30;8;697
11;2025-11-30;9;938
11;2025-11-30;10;1062
11;2025-11-30;11;1528
11;2025-11-30;12;1714
11;2025-11-30;13;1621
11;2025-11-30;14;1758
11;2025-11-30;15;1737
11;2025-11-30;16;1618
11;2025-11-30;17;1742
11;2025-11-30;18;1420
11;2025-11-30;19;1208
11;2025-11-30;20;926
11;2025-11-30;21;658
11;2025-11-30;22;373
11;2025-11-30;23;254
11;2025-12-01;0;77
11;2025-12-01;1;5
11;2025-12-01;2;0
11;2025-12-01;3;0
11;2025-12-01;4;6
11;2025-12-01;5;300
11;2025-12-01;6;1314
11;2025-12-01;7;2317
11;2025-12-01;8;3140
11;2025-12-01;9;2392
11;2025-12-01;10;1804
11;2025-12-01;11;1814
11;2025-12-01;12;1811
11;2025-12-01;13;1959
11;2025-12-01;14;1940
11;2025-12-01;15;2046
11;2025-12-01;16;2276
11;2025-12-01;17;2813
11;2025-12-01;18;3023
11;2025-12-01;19;2232
11;2025-12-01;20;1480
11;2025-12-01;21;869
11;2025-12-01;22;437
11;2025-12-01;23;207
11;2025-12-02;0;64
11;2025-12-02;1;2
11;2025-12-02;2;0
11;2025-12-02;3;0
11;2025-12-02;4;6
11;2025-12-02;5;308
11;2025-12-02;6;1330
11;2025-12-02;7;2365
11;2025-12-02;8;3183
11;2025-12-02;9;2461
11;2025-12-02;10;1886
11;2025-12-02;11;1870
11;2025-12-02;12;1893
11;2025-12-02;13;2039
11;2025-12-02;14;2004
11;2025-12-02;15;2077
11;2025-12-02;16;2309
11;2025-12-02;17;2853
11;2025-12-02;18;3087
11;2025-12-02;19;2323
11;2025-12-02;20;1535
11;2025-12-02;21;902
11;2025-12-02;22;453
11;2025-12-02;23;225
11;2025-12-03;0;67
11;2025-12-03;1;1
11;2025-12-03;2;0
11;2025-12-03;3;0
11;2025-12-03;4;6
11;2025-12-03;5;310
11;2025-12-03;6;1323
11;2025-12-03;7;2363
11;2025-12-03;8;3173
11;2025-12-03;9;2452
11;2025-12-03;10;1874
11;2025-12-03;11;1875
11;2025-12-03;12;1896
11;2025-12-03;13;2042
11;2025-12-03;14;2001
11;2025-12-03;15;2069
11;2025-12-03;16;2292
11;2025-12-03;17;2843
11;2025-12-03;18;3082
11;2025-12-03;19;2324
11;2025-12-03;20;1536
11;2025-12-03;21;908
11;2025-12-03;22;455
11;2025-12-03;23;234
11;2025-12-04;0;72
11;2025-12-04;1;1
11;2025-12-04;2;0
11;2025-12-04;3;0
11;2025-12-04;4;6
11;2025-12-04;5;310
11;2025-12-04;6;1333
11;2025-12-04;7;2361
11;2025-12-04;8;3176
11;2025-12-04;9;2465
11;2025-12-04;10;1894
11;2025-12-04;11;1876
11;2025-12-04;12;1904
11;2025-12-04;13;2041
11;2025-12-04;14;2007
11;2025-12-04;15;2078
11;2025-12-04;16;2307
11;2025-12-04;17;2852
11;2025-12-04;18;3085
11;2025-12-04;19;2323
11;2025-12-04;20;1535
11;2025-12-04;21;911
11;2025-12-04;22;463
11;2025-12-04;23;246
11;2025-12-05;0;75
11;2025-12-05;1;2
11;2025-12-05;2;0
11;2025-12-05;3;0
11;2025-12-05;4;6
11;2025-12-05;5;315
11;2025-12-05;6;1332
11;2025-12-05;7;2290
11;2025-12-05;8;3092
11;2025-12-05;9;2387
11;2025-12-05;10;1837
11;2025-12-05;11;1842
11;2025-12-05;12;1865
11;2025-12-05;13;1995
11;2025-12-05;14;2013
11;2025-12-05;15;2133
11;2025-12-05;16;2393
11;2025-12-05;17;2849
11;2025-12-05;18;2751
11;2025-12-05;19;2213
11;2025-12-05;20;1468
11;2025-12-05;21;887
11;2025-12-05;22;470
11;2025-12-05;23;280
11;2025-12-06;0;104
11;2025-12-06;1;2
11;2025-12-06;2;0
11;2025-12-06;3;0
11;2025-12-06;4;5
11;2025-12-06;5;211
11;2025-12-06;6;754
11;2025-12-06;7;720
11;2025-12-06;8;956
11;2025-12-06;9;1131
11;2025-12-06;10;1221
11;2025-12-06;11;1606
11;2025-12-06;12;1813
11;2025-12-06;13;1732
11;2025-12-06;14;1828
11;2025-12-06;15;1799
11;2025-12-06;16;1757
11;2025-12-06;17;1790
11;2025-12-06;18;1524
11;2025-12-06;19;1433
11;2025-12-06;20;1094
11;2025-12-06;21;744
11;2025-12-06;22;445
11;2025-12-06;23;297
11;2025-12-07;0;111
11;2025-12-07;1;10
11;2025-12-07;2;0
11;2025-12-07;3;0
11;2025-12-07;4;3
11;2025-12-07;5;139
11;2025-12-07;6;487
11;2025-12-07;7;505
11;2025-12-07;8;685
11;2025-12-07;9;943
11;2025-12-07;10;1040
11;2025-12-07;11;1473
11;2025-12-07;12;1666
11;2025-12-07;13;1588
11;2025-12-07;14;1692
11;2025-12-07;15;1730
11;2025-12-07;16;1617
11;2025-12-07;17;1707
11;2025-12-07;18;1398
11;2025-12-07;19;1192
11;2025-12-07;20;931
11;2025-12-07;21;649
11;2025-12-07;22;400
11;2025-12-07;23;238
11;2025-12-08;0;77
11;2025-12-08;1;5
11;2025-12-08;2;0
11;2025-12-08;3;0
11;2025-12-08;4;6
11;2025-12-08;5;300
11;2025-12-08;6;1314
11;2025-12-08;7;2317
11;2025-12-08;8;3140
11;2025-12-08;9;2392
11;2025-12-08;10;1804
11;2025-12-08;11;1814
11;2025-12-08;12;1811
11;2025-12-08;13;1959
11;2025-12-08;14;1940
11;2025-12-08;15;2046
11;2025-12-08;16;2276
11;2025-12-08;17;2813
11;2025-12-08;18;3023
11;2025-12-08;19;2232
11;2025-12-08;20;1480
11;2025-12-08;21;869
11;2025-12-08;22;437
11;2025-12-08;23;207
11;2025-12-09;0;64
11;2025-12-09;1;2
11;2025-12-09;2;0
11;2025-12-09;3;0
11;2025-12-09;4;6
11;2025-12-09;5;308
11;2025-12-09;6;1330
11;2025-12-09;7;2365
11;2025-12-09;8;3183
11;2025-12-09;9;2461
11;2025-12-09;10;1886
11;2025-12-09;11;1870
11;2025-12-09;12;1893
11;2025-12-09;13;2039
11;2025-12-09;14;2004
11;2025-12-09;15;2077
11;2025-12-09;16;2309
11;2025-12-09;17;2853
11;2025-12-09;18;3087
11;2025-12-09;19;2323
11;2025-12-09;20;1535
11;2025-12-09;21;902
11;2025-12-09;22;453
11;2025-12-09;23;225
11;2025-12-10;0;67
11;2025-12-10;1;1
11;2025-12-10;2;0
11;2025-12-10;3;0
11;2025-12-10;4;6
11;2025-12-10;5;310
11;2025-12-10;6;1323
11;2025-12-10;7;2363
11;2025-12-10;8;3173
11;2025-12-10;9;2452
11;2025-12-10;10;1874
11;2025-12-10;11;1875
11;2025-12-10;12;1896
11;2025-12-10;13;2042
11;2025-12-10;14;2001
11;2025-12-10;15;2069
11;2025-12-10;16;2292
11;2025-12-10;17;2843
11;2025-12-10;18;3082
11;2025-12-10;19;2324
11;2025-12-10;20;1536
11;2025-12-10;21;908
11;2025-12-10;22;455
11;2025-12-10;23;234
11;2025-12-11;0;72
11;2025-12-11;1;1
11;2025-12-11;2;0
11;2025-12-11;3;0
11;2025-12-11;4;6
11;2025-12-11;5;310
11;2025-12-11;6;1333
11;2025-12-11;7;2361
11;2025-12-11;8;3176
11;2025-12-11;9;2465
11;2025-12-11;10;1894
11;2025-12-11;11;1876
11;2025-12-11;12;1904
11;2025-12-11;13;2041
11;2025-12-11;14;2007
11;2025-12-11;15;2078
11;2025-12-11;16;2307
11;2025-12-11;17;2852
11;2025-12-11;18;3085
11;2025-12-11;19;2323
11;2025-12-11;20;1535
11;2025-12-11;21;911
11;2025-12-11;22;463
11;2025-12-11;23;246
11;2025-12-12;0;75
11;2025-12-12;1;2
11;2025-12-12;2;0
11;2025-12-12;3;0
11;2025-12-12;4;6
11;2025-12-12;5;315
11;2025-12-12;6;1332
11;2025-12-12;7;2290
11;2025-12-12;8;3092
11;2025-12-12;9;2387
11;2025-12-12;10;1837
11;2025-12-12;11;1842
11;2025-12-12;12;1865
11;2025-12-12;13;1995
11;2025-12-12;14;2013
11;2025-12-12;15;2133
11;2025-12-12;16;2393
11;2025-12-12;17;2849
11;2025-12-12;18;2751
11;2025-12-12;19;2213
11;2025-12-12;20;1468
11;2025-12-12;21;887
11;2025-12-12;22;470
11;2025-12-12;23;280
11;2025-12-13;0;104
11;2025-12-13;1;2
11;2025-12-13;2;0
11;2025-12-13;3;0
11;2025-12-13;4;5
11;2025-12-13;5;211
11;2025-12-13;6;754
11;2025-12-13;7;720
11;2025-12-13;8;956
11;2025-12-13;9;1131
11;2025-12-13;10;1221
11;2025-12-13;11;1606
11;2025-12-13;12;1813
11;2025-12-13;13;1732
11;2025-12-13;14;1828
11;2025-12-13;15;1799
11;2025-12-13;16;1757
11;2025-12-13;17;1790
11;2025-12-13;18;1524
11;2025-12-13;19;1433
11;2025-12-13;20;1094
11;2025-12-13;21;744
11;2025-12-13;22;445
11;2025-12-13;23;297
11;2025-12-14;0;111
11;2025-12-14;1;10
11;2025-12-14;2;0
11;2025-12-14;3;0
11;2025-12-14;4;3
11;2025-12-14;5;139
11;2025-12-14;6;487
11;2025-12-14;7;505
11;2025-12-14;8;685
11;2025-12-14;9;943
11;2025-12-14;10;1040
11;2025-12-14;11;1473
11;2025-12-14;12;1666
11;2025-12-14;13;1588
11;2025-12-14;14;1692
11;2025-12-14;15;1730
11;2025-12-14;16;1617
11;2025-12-14;17;1707
11;2025-12-14;18;1398
11;2025-12-14;19;1192
11;2025-12-14;20;931
11;2025-12-14;21;649
11;2025-12-14;22;400
11;2025-12-14;23;238
11;2025-12-15;0;77
11;2025-12-15;1;5
11;2025-12-15;2;0
11;2025-12-15;3;0
11;2025-12-15;4;6
11;2025-12-15;5;300
11;2025-12-15;6;1314
11;2025-12-15;7;2317
11;2025-12-15;8;3140
11;2025-12-15;9;2392
11;2025-12-15;10;1804
11;2025-12-15;11;1814
11;2025-12-15;12;1811
11;2025-12-15;13;1959
11;2025-12-15;14;1940
11;2025-12-15;15;2046
11;2025-12-15;16;2276
11;2025-12-15;17;2813
11;2025-12-15;18;3023
11;2025-12-15;19;2232
11;2025-12-15;20;1480
11;2025-12-15;21;869
11;2025-12-15;22;437
11;2025-12-15;23;207
11;2025-12-16;0;64
11;2025-12-16;1;2
11;2025-12-16;2;0
11;2025-12-16;3;0
11;2025-12-16;4;6
11;2025-12-16;5;308
11;2025-12-16;6;1330
11;2025-12-16;7;2365
11;2025-12-16;8;3183
11;2025-12-16;9;2461
11;2025-12-16;10;1886
11;2025-12-16;11;1870
11;2025-12-16;12;1893
11;2025-12-16;13;2039
11;2025-12-16;14;2004
11;2025-12-16;15;2077
11;2025-12-16;16;2309
11;2025-12-16;17;2853
11;2025-12-16;18;3087
11;2025-12-16;19;2323
11;2025-12-16;20;1535
11;2025-12-16;21;902
11;2025-12-16;22;453
11;2025-12-16;23;225
11;2025-12-17;0;67
11;2025-12-17;1;1
11;2025-12-17;2;0
11;2025-12-17;3;0
11;2025-12-17;4;6
11;2025-12-17;5;310
11;2025-12-17;6;1323
11;2025-12-17;7;2363
11;2025-12-17;8;3173
11;2025-12-17;9;2452
11;2025-12-17;10;1874
11;2025-12-17;11;1875
11;2025-12-17;12;1896
11;2025-12-17;13;2042
11;2025-12-17;14;2001
11;2025-12-17;15;2069
11;2025-12-17;16;2292
11;2025-12-17;17;2843
11;2025-12-17;18;3082
11;2025-12-17;19;2324
11;2025-12-17;20;1536
11;2025-12-17;21;908
11;2025-12-17;22;455
11;2025-12-17;23;234
11;2025-12-18;0;72
11;2025-12-18;1;1
11;2025-12-18;2;0
11;2025-12-18;3;0
11;2025-12-18;4;6
11;2025-12-18;5;310
11;2025-12-18;6;1333
11;2025-12-18;7;2361
11;2025-12-18;8;3176
11;2025-12-18;9;2465
11;2025-12-18;10;1894
11;2025-12-18;11;1876
11;2025-12-18;12;1904
11;2025-12-18;13;2041
11;2025-12-18;14;2007
11;2025-12-18;15;2078
11;2025-12-18;16;2307
11;2025-12-18;17;2852
11;2025-12-18;18;3085
11;2025-12-18;19;2323
11;2025-12-18;20;1535
11;2025-12-18;21;911
11;2025-12-18;22;463
11;2025-12-18;23;246
11;2025-12-19;0;75
11;2025-12-19;1;2
11;2025-12-19;2;0
11;2025-12-19;3;0
11;2025-12-19;4;6
11;2025-12-19;5;315
11;2025-12-19;6;1332
11;2025-12-19;7;2290
11;2025-12-19;8;3092
11;2025-12-19;9;2387
11;2025-12-19;10;1837
11;2025-12-19;11;1842
11;2025-12-19;12;1865
11;2025-12-19;13;1995
11;2025-12-19;14;2013
11;2025-12-19;15;2133
11;2025-12-19;16;2393
11;2025-12-19;17;2849
11;2025-12-19;18;2751
11;2025-12-19;19;2213
11;2025-12-19;20;1468
11;2025-12-19;21;887
11;2025-12-19;22;470
11;2025-12-19;23;280
11;2025-12-20;0;104
11;2025-12-20;1;2
11;2025-12-20;2;0
11;2025-12-20;3;0
11;2025-12-20;4;5
11;2025-12-20;5;211
11;2025-12-20;6;754
11;2025-12-20;7;720
11;2025-12-20;8;956
11;2025-12-20;9;1131
11;2025-12-20;10;1221
11;2025-12-20;11;1606
11;2025-12-20;12;1813
11;2025-12-20;13;1732
11;2025-12-20;14;1828
11;2025-12-20;15;1799
11;2025-12-20;16;1757
11;2025-12-20;17;1790
11;2025-12-20;18;1524
11;2025-12-20;19;1433
11;2025-12-20;20;1094
11;2025-12-20;21;744
11;2025-12-20;22;445
11;2025-12-20;23;297
11;2025-12-21;0;111
11;2025-12-21;1;10
11;2025-12-21;2;0
11;2025-12-21;3;0
11;2025-12-21;4;3
11;2025-12-21;5;139
11;2025-12-21;6;487
11;2025-12-21;7;505
11;2025-12-21;8;685
11;2025-12-21;9;943
11;2025-12-21;10;1040
11;2025-12-21;11;1473
11;2025-12-21;12;1666
11;2025-12-21;13;1588
11;2025-12-21;14;1692
11;2025-12-21;15;1730
11;2025-12-21;16;1617
11;2025-12-21;17;1707
11;2025-12-21;18;1398
11;2025-12-21;19;1192
11;2025-12-21;20;931
11;2025-12-21;21;649
11;2025-12-21;22;400
11;2025-12-21;23;238
11;2025-12-22;0;77
11;2025-12-22;1;5
11;2025-12-22;2;0
11;2025-12-22;3;0
11;2025-12-22;4;6
11;2025-12-22;5;300
11;2025-12-22;6;1314
11;2025-12-22;7;2317
11;2025-12-22;8;3140
11;2025-12-22;9;2392
11;2025-12-22;10;1804
11;2025-12-22;11;1814
11;2025-12-22;12;1811
11;2025-12-22;13;1959
11;2025-12-22;14;1940
11;2025-12-22;15;2046
11;2025-12-22;16;2276
11;2025-12-22;17;2813
11;2025-12-22;18;3023
11;2025-12-22;19;2232
11;2025-12-22;20;1480
11;2025-12-22;21;869
11;2025-12-22;22;437
11;2025-12-22;23;207
11;2025-12-23;0;64
11;2025-12-23;1;2
11;2025-12-23;2;0
11;2025-12-23;3;0
11;2025-12-23;4;6
11;2025-12-23;5;308
11;2025-12-23;6;1330
11;2025-12-23;7;2365
11;2025-12-23;8;3183
11;2025-12-23;9;2461
11;2025-12-23;10;1886
11;2025-12-23;11;1870
11;2025-12-23;12;1893
11;2025-12-23;13;2039
11;2025-12-23;14;2004
11;2025-12-23;15;2077
11;2025-12-23;16;2309
11;2025-12-23;17;2853
11;2025-12-23;18;3087
11;2025-12-23;19;2323
11;2025-12-23;20;1535
11;2025-12-23;21;902
11;2025-12-23;22;453
11;2025-12-23;23;225
11;2025-12-24;0;67
11;2025-12-24;1;1
11;2025-12-24;2;0
11;2025-12-24;3;0
11;2025-12-24;4;6
11;2025-12-24;5;310
11;2025-12-24;6;1323
11;2025-12-24;7;2363
11;2025-12-24;8;3173
11;2025-12-24;9;2452
11;2025-12-24;10;1874
11;2025-12-24;11;1875
11;2025-12-24;12;1896
11;2025-12-24;13;2042
11;2025-12-24;14;2001
11;2025-12-24;15;2069
11;2025-12-24;16;2292
11;2025-12-24;17;2843
11;2025-12-24;18;3082
11;2025-12-24;19;2324
11;2025-12-24;20;1536
11;2025-12-24;21;908
11;2025-12-24;22;455
11;2025-12-24;23;234
11;2025-12-25;0;72
11;2025-12-25;1;1
11;2025-12-25;2;0
11;2025-12-25;3;0
11;2025-12-25;4;6
11;2025-12-25;5;310
11;2025-12-25;6;1333
11;2025-12-25;7;2361
11;2025-12-25;8;3176
11;2025-12-25;9;2465
11;2025-12-25;10;1894
11;2025-12-25;11;1876
11;2025-12-25;12;1904
11;2025-12-25;13;2041
11;2025-12-25;14;2007
11;2025-12-25;15;2078
11;2025-12-25;16;2307
11;2025-12-25;17;2852
11;2025-12-25;18;3085
11;2025-12-25;19;2323
11;2025-12-25;20;1535
11;2025-12-25;21;911
11;2025-12-25;22;463
11;2025-12-25;23;246
11;2025-12-26;0;75
11;2025-12-26;1;2
11;2025-12-26;2;0
11;2025-12-26;3;0
11;2025-12-26;4;6
11;2025-12-26;5;315
11;2025-12-26;6;1332
11;2025-12-26;7;2290
11;2025-12-26;8;3092
11;2025-12-26;9;2387
11;2025-12-26;10;1837
11;2025-12-26;11;1842
11;2025-12-26;12;1865
11;2025-12-26;13;1995
11;2025-12-26;14;2013
11;2025-12-26;15;2133
11;2025-12-26;16;2393
11;2025-12-26;17;2849
11;2025-12-26;18;2751
11;2025-12-26;19;2213
11;2025-12-26;20;1468
11;2025-12-26;21;887
11;2025-12-26;22;470
11;2025-12-26;23;280
11;2025-12-27;0;104
11;2025-12-27;1;2
11;2025-12-27;2;0
11;2025-12-27;3;0
11;2025-12-27;4;5
11;2025-12-27;5;211
11;2025-12-27;6;754
11;2025-12-27;7;720
11;2025-12-27;8;956
11;2025-12-27;9;1131
11;2025-12-27;10;1221
11;2025-12-27;11;1606
11;2025-12-27;12;1813
11;2025-12-27;13;1732
11;2025-12-27;14;1828
11;2025-12-27;15;1799
11;2025-12-27;16;1757
11;2025-12-27;17;1790
11;2025-12-27;18;1524
11;2025-12-27;19;1433
11;2025-12-27;20;1094
11;2025-12-27;21;744
11;2025-12-27;22;445
11;2025-12-27;23;297
11;2025-12-28;0;111
11;2025-12-28;1;10
11;2025-12-28;2;0
11;2025-12-28;3;0
11;2025-12-28;4;3
11;2025-12-28;5;139
11;2025-12-28;6;487
11;2025-12-28;7;505
11;2025-12-28;8;685
11;2025-12-28;9;943
11;2025-12-28;10;1040
11;2025-12-28;11;1473
11;2025-12-28;12;1666
11;2025-12-28;13;1588
11;2025-12-28;14;1692
11;2025-12-28;15;1730
11;2025-12-28;16;1617
11;2025-12-28;17;1707
11;2025-12-28;18;1398
11;2025-12-28;19;1192
11;2025-12-28;20;931
11;2025-12-28;21;649
11;2025-12-28;22;400
11;2025-12-28;23;238
11;2025-12-29;0;77
11;2025-12-29;1;5
11;2025-12-29;2;0
11;2025-12-29;3;0
11;2025-12-29;4;6
11;2025-12-29;5;300
11;2025-12-29;6;1314
11;2025-12-29;7;2317
11;2025-12-29;8;3140
11;2025-12-29;9;2392
11;2025-12-29;10;1804
11;2025-12-29;11;1814
11;2025-12-29;12;1811
11;2025-12-29;13;1959
11;2025-12-29;14;1940
11;2025-12-29;15;2046
11;2025-12-29;16;2276
11;2025-12-29;17;2813
11;2025-12-29;18;3023
11;2025-12-29;19;2232
11;2025-12-29;20;1480
11;2025-12-29;21;869
11;2025-12-29;22;437
11;2025-12-29;23;207
11;2025-12-30;0;64
11;2025-12-30;1;2
11;2025-12-30;2;0
11;2025-12-30;3;0
11;2025-12-30;4;6
11;2025-12-30;5;308
11;2025-12-30;6;1330
11;2025-12-30;7;2365
11;2025-12-30;8;3183
11;2025-12-30;9;2461
11;2025-12-30;10;1886
11;2025-12-30;11;1870
11;2025-12-30;12;1893
11;2025-12-30;13;2039
11;2025-12-30;14;2004
11;2025-12-30;15;2077
11;2025-12-30;16;2309
11;2025-12-30;17;2853
11;2025-12-30;18;3087
11;2025-12-30;19;2323
11;2025-12-30;20;1535
11;2025-12-30;21;902
11;2025-12-30;22;453
11;2025-12-30;23;225
11;2025-12-31;0;63
11;2025-12-31;1;7
11;2025-12-31;2;0
11;2025-12-31;3;0
11;2025-12-31;4;5
11;2025-12-31;5;237
11;2025-12-31;6;595
11;2025-12-31;7;787
11;2025-12-31;8;1098
11;2025-12-31;9;1030
11;2025-12-31;10;1050
11;2025-12-31;11;1291
11;2025-12-31;12;1412
11;2025-12-31;13;1371
11;2025-12-31;14;1410
11;2025-12-31;15;1454
11;2025-12-31;16;1476
11;2025-12-31;17;1624
11;2025-12-31;18;1542
11;2025-12-31;19;1225
11;2025-12-31;20;950
11;2025-12-31;21;655
11;2025-12-31;22;401
11;2025-12-31;23;216
12;2025-11-01;0;91
12;2025-11-01;1;8
12;2025-11-01;2;0
12;2025-11-01;3;0
12;2025-11-01;4;0
12;2025-11-01;5;315
12;2025-11-01;6;876
12;2025-11-01;7;1347
12;2025-11-01;8;2682
12;2025-11-01;9;2421
12;2025-11-01;10;1966
12;2025-11-01;11;2096
12;2025-11-01;12;2175
12;2025-11-01;13;2361
12;2025-11-01;14;2185
12;2025-11-01;15;2408
12;2025-11-01;16;2855
12;2025-11-01;17;2903
12;2025-11-01;18;2869
12;2025-11-01;19;2406
12;2025-11-01;20;1535
12;2025-11-01;21;723
12;2025-11-01;22;552
12;2025-11-01;23;310
12;2025-11-02;0;89
12;2025-11-02;1;5
12;2025-11-02;2;0
12;2025-11-02;3;0
12;2025-11-02;4;3
12;2025-11-02;5;170
12;2025-11-02;6;561
12;2025-11-02;7;703
12;2025-11-02;8;744
12;2025-11-02;9;948
12;2025-11-02;10;1155
12;2025-11-02;11;1350
12;2025-11-02;12;1430
12;2025-11-02;13;1670
12;2025-11-02;14;1540
12;2025-11-02;15;1448
12;2025-11-02;16;1529
12;2025-11-02;17;1521
12;2025-11-02;18;1298
12;2025-11-02;19;1073
12;2025-11-02;20;819
12;2025-11-02;21;595
12;2025-11-02;22;396
12;2025-11-02;23;225
12;2025-11-03;0;60
12;2025-11-03;1;1
12;2025-11-03;2;0
12;2025-11-03;3;0
12;2025-11-03;4;0
12;2025-11-03;5;259
12;2025-11-03;6;667
12;2025-11-03;7;977
12;2025-11-03;8;1463
12;2025-11-03;9;1014
12;2025-11-03;10;1175
12;2025-11-03;11;1255
12;2025-11-03;12;1325
12;2025-11-03;13;1442
12;2025-11-03;14;1396
12;2025-11-03;15;1346
12;2025-11-03;16;1438
12;2025-11-03;17;1545
12;2025-11-03;18;1623
12;2025-11-03;19;1140
12;2025-11-03;20;874
12;2025-11-03;21;622
12;2025-11-03;22;375
12;2025-11-03;23;191
12;2025-11-04;0;52
12;2025-11-04;1;6
12;2025-11-04;2;0
12;2025-11-04;3;0
12;2025-11-04;4;0
12;2025-11-04;5;182
12;2025-11-04;6;594
12;2025-11-04;7;747
12;2025-11-04;8;951
12;2025-11-04;9;807
12;2025-11-04;10;983
12;2025-11-04;11;1162
12;2025-11-04;12;1167
12;2025-11-04;13;1377
12;2025-11-04;14;1316
12;2025-11-04;15;1239
12;2025-11-04;16;1353
12;2025-11-04;17;1294
12;2025-11-04;18;1311
12;2025-11-04;19;1040
12;2025-11-04;20;748
12;2025-11-04;21;587
12;2025-11-04;22;360
12;2025-11-04;23;215
12;2025-11-05;0;53
12;2025-11-05;1;1
12;2025-11-05;2;0
12;2025-11-05;3;0
12;2025-11-05;4;8
12;2025-11-05;5;358
12;2025-11-05;6;1503
12;2025-11-05;7;2725
12;2025-11-05;8;3561
12;2025-11-05;9;2546
12;2025-11-05;10;2089
12;2025-11-05;11;1997
12;2025-11-05;12;2079
12;2025-11-05;13;2073
12;2025-11-05;14;2013
12;2025-11-05;15;2277
12;2025-11-05;16;2790
12;2025-11-05;17;3070
12;2025-11-05;18;3224
12;2025-11-05;19;2490
12;2025-11-05;20;1571
12;2025-11-05;21;996
12;2025-11-05;22;508
12;2025-11-05;23;268
12;2025-11-06;0;54
12;2025-11-06;1;2
12;2025-11-06;2;0
12;2025-11-06;3;0
12;2025-11-06;4;8
12;2025-11-06;5;358
12;2025-11-06;6;1501
12;2025-11-06;7;2735
12;2025-11-06;8;3554
12;2025-11-06;9;2542
12;2025-11-06;10;2085
12;2025-11-06;11;2000
12;2025-11-06;12;2073
12;2025-11-06;13;2076
12;2025-11-06;14;2014
12;2025-11-06;15;2287
12;2025-11-06;16;2799
12;2025-11-06;17;3072
12;2025-11-06;18;3227
12;2025-11-06;19;2494
12;2025-11-06;20;1579
12;2025-11-06;21;997
12;2025-11-06;22;515
12;2025-11-06;23;275
12;2025-11-07;0;57
12;2025-11-07;1;1
12;2025-11-07;2;0
12;2025-11-07;3;0
12;2025-11-07;4;7
12;2025-11-07;5;347
12;2025-11-07;6;1467
12;2025-11-07;7;2673
12;2025-11-07;8;3446
12;2025-11-07;9;2486
12;2025-11-07;10;1994
12;2025-11-07;11;1978
12;2025-11-07;12;2052
12;2025-11-07;13;2069
12;2025-11-07;14;2017
12;2025-11-07;15;2315
12;2025-11-07;16;2831
12;2025-11-07;17;3033
12;2025-11-07;18;2826
12;2025-11-07;19;2375
12;2025-11-07;20;1512
12;2025-11-07;21;991
12;2025-11-07;22;523
12;2025-11-07;23;299
12;2025-11-08;0;83
12;2025-11-08;1;3
12;2025-11-08;2;0
12;2025-11-08;3;0
12;2025-11-08;4;3
12;2025-11-08;5;266
12;2025-11-08;6;867
12;2025-11-08;7;934
12;2025-11-08;8;1007
12;2025-11-08;9;1148
12;2025-11-08;10;1341
12;2025-11-08;11;1494
12;2025-11-08;12;1550
12;2025-11-08;13;1763
12;2025-11-08;14;1601
12;2025-11-08;15;1555
12;2025-11-08;16;1638
12;2025-11-08;17;1582
12;2025-11-08;18;1465
12;2025-11-08;19;1336
12;2025-11-08;20;979
12;2025-11-08;21;719
12;2025-11-08;22;421
12;2025-11-08;23;277
12;2025-11-09;0;89
12;2025-11-09;1;5
12;2025-11-09;2;0
12;2025-11-09;3;0
12;2025-11-09;4;3
12;2025-11-09;5;170
12;2025-11-09;6;561
12;2025-11-09;7;703
12;2025-11-09;8;744
12;2025-11-09;9;948
12;2025-11-09;10;1155
12;2025-11-09;11;1350
12;2025-11-09;12;1430
12;2025-11-09;13;1670
12;2025-11-09;14;1540
12;2025-11-09;15;1448
12;2025-11-09;16;1529
12;2025-11-09;17;1521
12;2025-11-09;18;1298
12;2025-11-09;19;1073
12;2025-11-09;20;819
12;2025-11-09;21;595
12;2025-11-09;22;396
12;2025-11-09;23;225
12;2025-11-10;0;61
12;2025-11-10;1;2
12;2025-11-10;2;0
12;2025-11-10;3;0
12;2025-11-10;4;6
12;2025-11-10;5;336
12;2025-11-10;6;1442
12;2025-11-10;7;2675
12;2025-11-10;8;3540
12;2025-11-10;9;2479
12;2025-11-10;10;1986
12;2025-11-10;11;1934
12;2025-11-10;12;2019
12;2025-11-10;13;2010
12;2025-11-10;14;1982
12;2025-11-10;15;2247
12;2025-11-10;16;2718
12;2025-11-10;17;3034
12;2025-11-10;18;3160
12;2025-11-10;19;2391
12;2025-11-10;20;1518
12;2025-11-10;21;957
12;2025-11-10;22;463
12;2025-11-10;23;239
12;2025-11-11;0;48
12;2025-11-11;1;1
12;2025-11-11;2;0
12;2025-11-11;3;0
12;2025-11-11;4;7
12;2025-11-11;5;354
12;2025-11-11;6;1497
12;2025-11-11;7;2744
12;2025-11-11;8;3588
12;2025-11-11;9;2544
12;2025-11-11;10;2086
12;2025-11-11;11;2001
12;2025-11-11;12;2075
12;2025-11-11;13;2076
12;2025-11-11;14;2015
12;2025-11-11;15;2281
12;2025-11-11;16;2792
12;2025-11-11;17;3077
12;2025-11-11;18;3242
12;2025-11-11;19;2496
12;2025-11-11;20;1573
12;2025-11-11;21;989
12;2025-11-11;22;511
12;2025-11-11;23;257
12;2025-11-12;0;53
12;2025-11-12;1;1
12;2025-11-12;2;0
12;2025-11-12;3;0
12;2025-11-12;4;8
12;2025-11-12;5;358
12;2025-11-12;6;1503
12;2025-11-12;7;2725
12;2025-11-12;8;3561
12;2025-11-12;9;2546
12;2025-11-12;10;2089
12;2025-11-12;11;1997
12;2025-11-12;12;2079
12;2025-11-12;13;2073
12;2025-11-12;14;2013
12;2025-11-12;15;2277
12;2025-11-12;16;2790
12;2025-11-12;17;3070
12;2025-11-12;18;3224
12;2025-11-12;19;2490
12;2025-11-12;20;1571
12;2025-11-12;21;996
12;2025-11-12;22;508
12;2025-11-12;23;268
12;2025-11-13;0;54
12;2025-11-13;1;2
12;2025-11-13;2;0
12;2025-11-13;3;0
12;2025-11-13;4;8
12;2025-11-13;5;358
12;2025-11-13;6;1501
12;2025-11-13;7;2735
12;2025-11-13;8;3554
12;2025-11-13;9;2542
12;2025-11-13;10;2085
12;2025-11-13;11;2000
12;2025-11-13;12;2073
12;2025-11-13;13;2076
12;2025-11-13;14;2014
12;2025-11-13;15;2287
12;2025-11-13;16;2799
12;2025-11-13;17;3072
12;2025-11-13;18;3227
12;2025-11-13;19;2494
12;2025-11-13;20;1579
12;2025-11-13;21;997
12;2025-11-13;22;515
12;2025-11-13;23;275
12;2025-11-14;0;57
12;2025-11-14;1;1
12;2025-11-14;2;0
12;2025-11-14;3;0
12;2025-11-14;4;7
12;2025-11-14;5;347
12;2025-11-14;6;1467
12;2025-11-14;7;2673
12;2025-11-14;8;3446
12;2025-11-14;9;2486
12;2025-11-14;10;1994
12;2025-11-14;11;1978
12;2025-11-14;12;2052
12;2025-11-14;13;2069
12;2025-11-14;14;2017
12;2025-11-14;15;2315
12;2025-11-14;16;2831
12;2025-11-14;17;3033
12;2025-11-14;18;2826
12;2025-11-14;19;2375
12;2025-11-14;20;1512
12;2025-11-14;21;991
12;2025-11-14;22;523
12;2025-11-14;23;299
12;2025-11-15;0;83
12;2025-11-15;1;3
12;2025-11-15;2;0
12;2025-11-15;3;0
12;2025-11-15;4;3
12;2025-11-15;5;266
12;2025-11-15;6;867
12;2025-11-15;7;934
12;2025-11-15;8;1007
12;2025-11-15;9;1148
12;2025-11-15;10;1341
12;2025-11-15;11;1494
12;2025-11-15;12;1550
12;2025-11-15;13;1763
12;2025-11-15;14;1601
12;2025-11-15;15;1555
12;2025-11-15;16;1638
12;2025-11-15;17;1582
12;2025-11-15;18;1465
12;2025-11-15;19;1336
12;2025-11-15;20;979
12;2025-11-15;21;719
12;2025-11-15;22;421
12;2025-11-15;23;277
12;2025-11-16;0;89
12;2025-11-16;1;5
12;2025-11-16;2;0
12;2025-11-16;3;0
12;2025-11-16;4;3
12;2025-11-16;5;170
12;2025-11-16;6;561
12;2025-11-16;7;703
12;2025-11-16;8;744
12;2025-11-16;9;948
12;2025-11-16;10;1155
12;2025-11-16;11;1350
12;2025-11-16;12;1430
12;2025-11-16;13;1670
12;2025-11-16;14;1540
12;2025-11-16;15;1448
12;2025-11-16;16;1529
12;2025-11-16;17;1521
12;2025-11-16;18;1298
12;2025-11-16;19;1073
12;2025-11-16;20;819
12;2025-11-16;21;595
12;2025-11-16;22;396
12;2025-11-16;23;225
12;2025-11-17;0;61
12;2025-11-17;1;2
12;2025-11-17;2;0
12;2025-11-17;3;0
12;2025-11-17;4;6
12;2025-11-17;5;336
12;2025-11-17;6;1442
12;2025-11-17;7;2675
12;2025-11-17;8;3540
12;2025-11-17;9;2479
12;2025-11-17;10;1986
12;2025-11-17;11;1934
12;2025-11-17;12;2019
12;2025-11-17;13;2010
12;2025-11-17;14;1982
12;2025-11-17;15;2247
12;2025-11-17;16;2718
12;2025-11-17;17;3034
12;2025-11-17;18;3160
12;2025-11-17;19;2391
12;2025-11-17;20;1518
12;2025-11-17;21;957
12;2025-11-17;22;463
12;2025-11-17;23;239
12;2025-11-18;0;48
12;2025-11-18;1;1
12;2025-11-18;2;0
12;2025-11-18;3;0
12;2025-11-18;4;7
12;2025-11-18;5;354
12;2025-11-18;6;1497
12;2025-11-18;7;2744
12;2025-11-18;8;3588
12;2025-11-18;9;2544
12;2025-11-18;10;2086
12;2025-11-18;11;2001
12;2025-11-18;12;2075
12;2025-11-18;13;2076
12;2025-11-18;14;2015
12;2025-11-18;15;2281
12;2025-11-18;16;2792
12;2025-11-18;17;3077
12;2025-11-18;18;3242
12;2025-11-18;19;2496
12;2025-11-18;20;1573
12;2025-11-18;21;989
12;2025-11-18;22;511
12;2025-11-18;23;257
12;2025-11-19;0;53
12;2025-11-19;1;1
12;2025-11-19;2;0
12;2025-11-19;3;0
12;2025-11-19;4;8
12;2025-11-19;5;358
12;2025-11-19;6;1503
12;2025-11-19;7;2725
12;2025-11-19;8;3561
12;2025-11-19;9;2546
12;2025-11-19;10;2089
12;2025-11-19;11;1997
12;2025-11-19;12;2079
12;2025-11-19;13;2073
12;2025-11-19;14;2013
12;2025-11-19;15;2277
12;2025-11-19;16;2790
12;2025-11-19;17;3070
12;2025-11-19;18;3224
12;2025-11-19;19;2490
12;2025-11-19;20;1571
12;2025-11-19;21;996
12;2025-11-19;22;508
12;2025-11-19;23;268
12;2025-11-20;0;54
12;2025-11-20;1;2
12;2025-11-20;2;0
12;2025-11-20;3;0
12;2025-11-20;4;8
12;2025-11-20;5;358
12;2025-11-20;6;1501
12;2025-11-20;7;2735
12;2025-11-20;8;3554
12;2025-11-20;9;2542
12;2025-11-20;10;2085
12;2025-11-20;11;2000
12;2025-11-20;12;2073
12;2025-11-20;13;2076
12;2025-11-20;14;2014
12;2025-11-20;15;2287
12;2025-11-20;16;2799
12;2025-11-20;17;3072
12;2025-11-20;18;3227
12;2025-11-20;19;2494
12;2025-11-20;20;1579
12;2025-11-20;21;997
12;2025-11-20;22;515
12;2025-11-20;23;275
12;2025-11-21;0;57
12;2025-11-21;1;1
12;2025-11-21;2;0
12;2025-11-21;3;0
12;2025-11-21;4;7
12;2025-11-21;5;347
12;2025-11-21;6;1467
12;2025-11-21;7;2673
12;2025-11-21;8;3446
12;2025-11-21;9;2486
12;2025-11-21;10;1994
12;2025-11-21;11;1978
12;2025-11-21;12;2052
12;2025-11-21;13;2069
12;2025-11-21;14;2017
12;2025-11-21;15;2315
12;2025-11-21;16;2831
12;2025-11-21;17;3033
12;2025-11-21;18;2826
12;2025-11-21;19;2375
12;2025-11-21;20;1512
12;2025-11-21;21;991
12;2025-11-21;22;523
12;2025-11-21;23;299
12;2025-11-22;0;83
12;2025-11-22;1;3
12;2025-11-22;2;0
12;2025-11-22;3;0
12;2025-11-22;4;3
12;2025-11-22;5;266
12;2025-11-22;6;867
12;2025-11-22;7;934
12;2025-11-22;8;1007
12;2025-11-22;9;1148
12;2025-11-22;10;1341
12;2025-11-22;11;1494
12;2025-11-22;12;1550
12;2025-11-22;13;1763
12;2025-11-22;14;1601
12;2025-11-22;15;1555
12;2025-11-22;16;1638
12;2025-11-22;17;1582
12;2025-11-22;18;1465
12;2025-11-22;19;1336
12;2025-11-22;20;979
12;2025-11-22;21;719
12;2025-11-22;22;421
12;2025-11-22;23;277
12;2025-11-23;0;89
12;2025-11-23;1;5
12;2025-11-23;2;0
12;2025-11-23;3;0
12;2025-11-23;4;3
12;2025-11-23;5;170
12;2025-11-23;6;561
12;2025-11-23;7;703
12;2025-11-23;8;744
12;2025-11-23;9;948
12;2025-11-23;10;1155
12;2025-11-23;11;1350
12;2025-11-23;12;1430
12;2025-11-23;13;1670
12;2025-11-23;14;1540
12;2025-11-23;15;1448
12;2025-11-23;16;1529
12;2025-11-23;17;1521
12;2025-11-23;18;1298
12;2025-11-23;19;1073
12;2025-11-23;20;819
12;2025-11-23;21;595
12;2025-11-23;22;396
12;2025-11-23;23;225
12;2025-11-24;0;61
12;2025-11-24;1;2
12;2025-11-24;2;0
12;2025-11-24;3;0
12;2025-11-24;4;6
12;2025-11-24;5;336
12;2025-11-24;6;1442
12;2025-11-24;7;2675
12;2025-11-24;8;3540
12;2025-11-24;9;2479
12;2025-11-24;10;1986
12;2025-11-24;11;1934
12;2025-11-24;12;2019
12;2025-11-24;13;2010
12;2025-11-24;14;1982
12;2025-11-24;15;2247
12;2025-11-24;16;2718
12;2025-11-24;17;3034
12;2025-11-24;18;3160
12;2025-11-24;19;2391
12;2025-11-24;20;1518
12;2025-11-24;21;957
12;2025-11-24;22;463
12;2025-11-24;23;239
12;2025-11-25;0;48
12;2025-11-25;1;1
12;2025-11-25;2;0
12;2025-11-25;3;0
12;2025-11-25;4;7
12;2025-11-25;5;354
12;2025-11-25;6;1497
12;2025-11-25;7;2744
12;2025-11-25;8;3588
12;2025-11-25;9;2544
12;2025-11-25;10;2086
12;2025-11-25;11;2001
12;2025-11-25;12;2075
12;2025-11-25;13;2076
12;2025-11-25;14;2015
12;2025-11-25;15;2281
12;2025-11-25;16;2792
12;2025-11-25;17;3077
12;2025-11-25;18;3242
12;2025-11-25;19;2496
12;2025-11-25;20;1573
12;2025-11-25;21;989
12;2025-11-25;22;511
12;2025-11-25;23;257
12;2025-11-26;0;53
12;2025-11-26;1;1
12;2025-11-26;2;0
12;2025-11-26;3;0
12;2025-11-26;4;8
12;2025-11-26;5;358
12;2025-11-26;6;1503
12;2025-11-26;7;2725
12;2025-11-26;8;3561
12;2025-11-26;9;2546
12;2025-11-26;10;2089
12;2025-11-26;11;1997
12;2025-11-26;12;2079
12;2025-11-26;13;2073
12;2025-11-26;14;2013
12;2025-11-26;15;2277
12;2025-11-26;16;2790
12;2025-11-26;17;3070
12;2025-11-26;18;3224
12;2025-11-26;19;2490
12;2025-11-26;20;1571
12;2025-11-26;21;996
12;2025-11-26;22;508
12;2025-11-26;23;268
12;2025-11-27;0;54
12;2025-11-27;1;2
12;2025-11-27;2;0
12;2025-11-27;3;0
12;2025-11-27;4;8
12;2025-11-27;5;358
12;2025-11-27;6;1501
12;2025-11-27;7;2735
12;2025-11-27;8;3554
12;2025-11-27;9;2542
12;2025-11-27;10;2085
12;2025-11-27;11;2000
12;2025-11-27;12;2073
12;2025-11-27;13;2076
12;2025-11-27;14;2014
12;2025-11-27;15;2287
12;2025-11-27;16;2799
12;2025-11-27;17;3072
12;2025-11-27;18;3227
12;2025-11-27;19;2494
12;2025-11-27;20;1579
12;2025-11-27;21;997
12;2025-11-27;22;515
12;2025-11-27;23;275
12;2025-11-28;0;57
12;2025-11-28;1;1
12;2025-11-28;2;0
12;2025-11-28;3;0
12;2025-11-28;4;7
12;2025-11-28;5;347
12;2025-11-28;6;1467
12;2025-11-28;7;2673
12;2025-11-28;8;3446
12;2025-11-28;9;2486
12;2025-11-28;10;1994
12;2025-11-28;11;1978
12;2025-11-28;12;2052
12;2025-11-28;13;2069
12;2025-11-28;14;2017
12;2025-11-28;15;2315
12;2025-11-28;16;2831
12;2025-11-28;17;3033
12;2025-11-28;18;2826
12;2025-11-28;19;2375
12;2025-11-28;20;1512
12;2025-11-28;21;991
12;2025-11-28;22;523
12;2025-11-28;23;299
12;2025-11-29;0;83
12;2025-11-29;1;3
12;2025-11-29;2;0
12;2025-11-29;3;0
12;2025-11-29;4;3
12;2025-11-29;5;266
12;2025-11-29;6;867
12;2025-11-29;7;934
12;2025-11-29;8;1007
12;2025-11-29;9;1148
12;2025-11-29;10;1341
12;2025-11-29;11;1494
12;2025-11-29;12;1550
12;2025-11-29;13;1763
12;2025-11-29;14;1601
12;2025-11-29;15;1555
12;2025-11-29;16;1638
12;2025-11-29;17;1582
12;2025-11-29;18;1465
12;2025-11-29;19;1336
12;2025-11-29;20;979
12;2025-11-29;21;719
12;2025-11-29;22;421
12;2025-11-29;23;277
12;2025-11-30;0;89
12;2025-11-30;1;5
12;2025-11-30;2;0
12;2025-11-30;3;0
12;2025-11-30;4;3
12;2025-11-30;5;170
12;2025-11-30;6;561
12;2025-11-30;7;703
12;2025-11-30;8;744
12;2025-11-30;9;948
12;2025-11-30;10;1155
12;2025-11-30;11;1350
12;2025-11-30;12;1430
12;2025-11-30;13;1670
12;2025-11-30;14;1540
12;2025-11-30;15;1448
12;2025-11-30;16;1529
12;2025-11-30;17;1521
12;2025-11-30;18;1298
12;2025-11-30;19;1073
12;2025-11-30;20;819
12;2025-11-30;21;595
12;2025-11-30;22;396
12;2025-11-30;23;225
12;2025-12-01;0;64
12;2025-12-01;1;4
12;2025-12-01;2;0
12;2025-12-01;3;0
12;2025-12-01;4;4
12;2025-12-01;5;312
12;2025-12-01;6;1379
12;2025-12-01;7;2644
12;2025-12-01;8;3529
12;2025-12-01;9;2441
12;2025-12-01;10;1981
12;2025-12-01;11;1913
12;2025-12-01;12;2000
12;2025-12-01;13;2000
12;2025-12-01;14;1982
12;2025-12-01;15;2239
12;2025-12-01;16;2712
12;2025-12-01;17;3023
12;2025-12-01;18;3151
12;2025-12-01;19;2379
12;2025-12-01;20;1505
12;2025-12-01;21;949
12;2025-12-01;22;450
12;2025-12-01;23;229
12;2025-12-02;0;50
12;2025-12-02;1;3
12;2025-12-02;2;0
12;2025-12-02;3;0
12;2025-12-02;4;5
12;2025-12-02;5;329
12;2025-12-02;6;1416
12;2025-12-02;7;2705
12;2025-12-02;8;3575
12;2025-12-02;9;2504
12;2025-12-02;10;2080
12;2025-12-02;11;1977
12;2025-12-02;12;2053
12;2025-12-02;13;2053
12;2025-12-02;14;2014
12;2025-12-02;15;2266
12;2025-12-02;16;2779
12;2025-12-02;17;3063
12;2025-12-02;18;3233
12;2025-12-02;19;2494
12;2025-12-02;20;1562
12;2025-12-02;21;972
12;2025-12-02;22;500
12;2025-12-02;23;245
12;2025-12-03;0;56
12;2025-12-03;1;3
12;2025-12-03;2;0
12;2025-12-03;3;0
12;2025-12-03;4;5
12;2025-12-03;5;333
12;2025-12-03;6;1422
12;2025-12-03;7;2687
12;2025-12-03;8;3548
12;2025-12-03;9;2506
12;2025-12-03;10;2084
12;2025-12-03;11;1973
12;2025-12-03;12;2058
12;2025-12-03;13;2050
12;2025-12-03;14;2012
12;2025-12-03;15;2262
12;2025-12-03;16;2777
12;2025-12-03;17;3056
12;2025-12-03;18;3214
12;2025-12-03;19;2489
12;2025-12-03;20;1560
12;2025-12-03;21;979
12;2025-12-03;22;497
12;2025-12-03;23;256
12;2025-12-04;0;57
12;2025-12-04;1;3
12;2025-12-04;2;0
12;2025-12-04;3;0
12;2025-12-04;4;5
12;2025-12-04;5;333
12;2025-12-04;6;1420
12;2025-12-04;7;2697
12;2025-12-04;8;3541
12;2025-12-04;9;2502
12;2025-12-04;10;2080
12;2025-12-04;11;1977
12;2025-12-04;12;2052
12;2025-12-04;13;2052
12;2025-12-04;14;2014
12;2025-12-04;15;2271
12;2025-12-04;16;2785
12;2025-12-04;17;3058
12;2025-12-04;18;3217
12;2025-12-04;19;2492
12;2025-12-04;20;1569
12;2025-12-04;21;979
12;2025-12-04;22;504
12;2025-12-04;23;263
12;2025-12-05;0;59
12;2025-12-05;1;3
12;2025-12-05;2;0
12;2025-12-05;3;0
12;2025-12-05;4;5
12;2025-12-05;5;322
12;2025-12-05;6;1399
12;2025-12-05;7;2637
12;2025-12-05;8;3434
12;2025-12-05;9;2443
12;2025-12-05;10;1986
12;2025-12-05;11;1951
12;2025-12-05;12;2027
12;2025-12-05;13;2042
12;2025-12-05;14;2016
12;2025-12-05;15;2301
12;2025-12-05;16;2818
12;2025-12-05;17;3017
12;2025-12-05;18;2816
12;2025-12-05;19;2370
12;2025-12-05;20;1497
12;2025-12-05;21;983
12;2025-12-05;22;518
12;2025-12-05;23;288
12;2025-12-06;0;87
12;2025-12-06;1;7
12;2025-12-06;2;0
12;2025-12-06;3;0
12;2025-12-06;4;4
12;2025-12-06;5;237
12;2025-12-06;6;774
12;2025-12-06;7;890
12;2025-12-06;8;983
12;2025-12-06;9;1121
12;2025-12-06;10;1344
12;2025-12-06;11;1452
12;2025-12-06;12;1508
12;2025-12-06;13;1738
12;2025-12-06;14;1591
12;2025-12-06;15;1518
12;2025-12-06;16;1606
12;2025-12-06;17;1546
12;2025-12-06;18;1431
12;2025-12-06;19;1329
12;2025-12-06;20;966
12;2025-12-06;21;684
12;2025-12-06;22;410
12;2025-12-06;23;266
12;2025-12-07;0;95
12;2025-12-07;1;8
12;2025-12-07;2;0
12;2025-12-07;3;0
12;2025-12-07;4;3
12;2025-12-07;5;144
12;2025-12-07;6;462
12;2025-12-07;7;630
12;2025-12-07;8;732
12;2025-12-07;9;925
12;2025-12-07;10;1161
12;2025-12-07;11;1318
12;2025-12-07;12;1398
12;2025-12-07;13;1654
12;2025-12-07;14;1532
12;2025-12-07;15;1427
12;2025-12-07;16;1525
12;2025-12-07;17;1496
12;2025-12-07;18;1289
12;2025-12-07;19;1056
12;2025-12-07;20;806
12;2025-12-07;21;551
12;2025-12-07;22;381
12;2025-12-07;23;217
12;2025-12-08;0;64
12;2025-12-08;1;4
12;2025-12-08;2;0
12;2025-12-08;3;0
12;2025-12-08;4;4
12;2025-12-08;5;312
12;2025-12-08;6;1379
12;2025-12-08;7;2644
12;2025-12-08;8;3529
12;2025-12-08;9;2441
12;2025-12-08;10;1981
12;2025-12-08;11;1913
12;2025-12-08;12;2000
12;2025-12-08;13;2000
12;2025-12-08;14;1982
12;2025-12-08;15;2239
12;2025-12-08;16;2712
12;2025-12-08;17;3023
12;2025-12-08;18;3151
12;2025-12-08;19;2379
12;2025-12-08;20;1505
12;2025-12-08;21;949
12;2025-12-08;22;450
12;2025-12-08;23;229
12;2025-12-09;0;50
12;2025-12-09;1;3
12;2025-12-09;2;0
12;2025-12-09;3;0
12;2025-12-09;4;5
12;2025-12-09;5;329
12;2025-12-09;6;1416
12;2025-12-09;7;2705
12;2025-12-09;8;3575
12;2025-12-09;9;2504
12;2025-12-09;10;2080
12;2025-12-09;11;1977
12;2025-12-09;12;2053
12;2025-12-09;13;2053
12;2025-12-09;14;2014
12;2025-12-09;15;2266
12;2025-12-09;16;2779
12;2025-12-09;17;3063
12;2025-12-09;18;3233
12;2025-12-09;19;2494
12;2025-12-09;20;1562
12;2025-12-09;21;972
12;2025-12-09;22;500
12;2025-12-09;23;245
12;2025-12-10;0;56
12;2025-12-10;1;3
12;2025-12-10;2;0
12;2025-12-10;3;0
12;2025-12-10;4;5
12;2025-12-10;5;333
12;2025-12-10;6;1422
12;2025-12-10;7;2687
12;2025-12-10;8;3548
12;2025-12-10;9;2506
12;2025-12-10;10;2084
12;2025-12-10;11;1973
12;2025-12-10;12;2058
12;2025-12-10;13;2050
12;2025-12-10;14;2012
12;2025-12-10;15;2262
12;2025-12-10;16;2777
12;2025-12-10;17;3056
12;2025-12-10;18;3214
12;2025-12-10;19;2489
12;2025-12-10;20;1560
12;2025-12-10;21;979
12;2025-12-10;22;497
12;2025-12-10;23;256
12;2025-12-11;0;57
12;2025-12-11;1;3
12;2025-12-11;2;0
12;2025-12-11;3;0
12;2025-12-11;4;5
12;2025-12-11;5;333
12;2025-12-11;6;1420
12;2025-12-11;7;2697
12;2025-12-11;8;3541
12;2025-12-11;9;2502
12;2025-12-11;10;2080
12;2025-12-11;11;1977
12;2025-12-11;12;2052
12;2025-12-11;13;2052
12;2025-12-11;14;2014
12;2025-12-11;15;2271
12;2025-12-11;16;2785
12;2025-12-11;17;3058
12;2025-12-11;18;3217
12;2025-12-11;19;2492
12;2025-12-11;20;1569
12;2025-12-11;21;979
12;2025-12-11;22;504
12;2025-12-11;23;263
12;2025-12-12;0;59
12;2025-12-12;1;3
12;2025-12-12;2;0
12;2025-12-12;3;0
12;2025-12-12;4;5
12;2025-12-12;5;322
12;2025-12-12;6;1399
12;2025-12-12;7;2637
12;2025-12-12;8;3434
12;2025-12-12;9;2443
12;2025-12-12;10;1986
12;2025-12-12;11;1951
12;2025-12-12;12;2027
12;2025-12-12;13;2042
12;2025-12-12;14;2016
12;2025-12-12;15;2301
12;2025-12-12;16;2818
12;2025-12-12;17;3017
12;2025-12-12;18;2816
12;2025-12-12;19;2370
12;2025-12-12;20;1497
12;2025-12-12;21;983
12;2025-12-12;22;518
12;2025-12-12;23;288
12;2025-12-13;0;87
12;2025-12-13;1;7
12;2025-12-13;2;0
12;2025-12-13;3;0
12;2025-12-13;4;4
12;2025-12-13;5;237
12;2025-12-13;6;774
12;2025-12-13;7;890
12;2025-12-13;8;983
12;2025-12-13;9;1121
12;2025-12-13;10;1344
12;2025-12-13;11;1452
12;2025-12-13;12;1508
12;2025-12-13;13;1738
12;2025-12-13;14;1591
12;2025-12-13;15;1518
12;2025-12-13;16;1606
12;2025-12-13;17;1546
12;2025-12-13;18;1431
12;2025-12-13;19;1329
12;2025-12-13;20;966
12;2025-12-13;21;684
12;2025-12-13;22;410
12;2025-12-13;23;266
12;2025-12-14;0;95
12;2025-12-14;1;8
12;2025-12-14;2;0
12;2025-12-14;3;0
12;2025-12-14;4;3
12;2025-12-14;5;144
12;2025-12-14;6;462
12;2025-12-14;7;630
12;2025-12-14;8;732
12;2025-12-14;9;925
12;2025-12-14;10;1161
12;2025-12-14;11;1318
12;2025-12-14;12;1398
12;2025-12-14;13;1654
12;2025-12-14;14;1532
12;2025-12-14;15;1427
12;2025-12-14;16;1525
12;2025-12-14;17;1496
12;2025-12-14;18;1289
12;2025-12-14;19;1056
12;2025-12-14;20;806
12;2025-12-14;21;551
12;2025-12-14;22;381
12;2025-12-14;23;217
12;2025-12-15;0;64
12;2025-12-15;1;4
12;2025-12-15;2;0
12;2025-12-15;3;0
12;2025-12-15;4;4
12;2025-12-15;5;312
12;2025-12-15;6;1379
12;2025-12-15;7;2644
12;2025-12-15;8;3529
12;2025-12-15;9;2441
12;2025-12-15;10;1981
12;2025-12-15;11;1913
12;2025-12-15;12;2000
12;2025-12-15;13;2000
12;2025-12-15;14;1982
12;2025-12-15;15;2239
12;2025-12-15;16;2712
12;2025-12-15;17;3023
12;2025-12-15;18;3151
12;2025-12-15;19;2379
12;2025-12-15;20;1505
12;2025-12-15;21;949
12;2025-12-15;22;450
12;2025-12-15;23;229
12;2025-12-16;0;50
12;2025-12-16;1;3
12;2025-12-16;2;0
12;2025-12-16;3;0
12;2025-12-16;4;5
12;2025-12-16;5;329
12;2025-12-16;6;1416
12;2025-12-16;7;2705
12;2025-12-16;8;3575
12;2025-12-16;9;2504
12;2025-12-16;10;2080
12;2025-12-16;11;1977
12;2025-12-16;12;2053
12;2025-12-16;13;2053
12;2025-12-16;14;2014
12;2025-12-16;15;2266
12;2025-12-16;16;2779
12;2025-12-16;17;3063
12;2025-12-16;18;3233
12;2025-12-16;19;2494
12;2025-12-16;20;1562
12;2025-12-16;21;972
12;2025-12-16;22;500
12;2025-12-16;23;245
12;2025-12-17;0;56
12;2025-12-17;1;3
12;2025-12-17;2;0
12;2025-12-17;3;0
12;2025-12-17;4;5
12;2025-12-17;5;333
12;2025-12-17;6;1422
12;2025-12-17;7;2687
12;2025-12-17;8;3548
12;2025-12-17;9;2506
12;2025-12-17;10;2084
12;2025-12-17;11;1973
12;2025-12-17;12;2058
12;2025-12-17;13;2050
12;2025-12-17;14;2012
12;2025-12-17;15;2262
12;2025-12-17;16;2777
12;2025-12-17;17;3056
12;2025-12-17;18;3214
12;2025-12-17;19;2489
12;2025-12-17;20;1560
12;2025-12-17;21;979
12;2025-12-17;22;497
12;2025-12-17;23;256
12;2025-12-18;0;57
12;2025-12-18;1;3
12;2025-12-18;2;0
12;2025-12-18;3;0
12;2025-12-18;4;5
12;2025-12-18;5;333
12;2025-12-18;6;1420
12;2025-12-18;7;2697
12;2025-12-18;8;3541
12;2025-12-18;9;2502
12;2025-12-18;10;2080
12;2025-12-18;11;1977
12;2025-12-18;12;2052
12;2025-12-18;13;2052
12;2025-12-18;14;2014
12;2025-12-18;15;2271
12;2025-12-18;16;2785
12;2025-12-18;17;3058
12;2025-12-18;18;3217
12;2025-12-18;19;2492
12;2025-12-18;20;1569
12;2025-12-18;21;979
12;2025-12-18;22;504
12;2025-12-18;23;263
12;2025-12-19;0;59
12;2025-12-19;1;3
12;2025-12-19;2;0
12;2025-12-19;3;0
12;2025-12-19;4;5
12;2025-12-19;5;322
12;2025-12-19;6;1399
12;2025-12-19;7;2637
12;2025-12-19;8;3434
12;2025-12-19;9;2443
12;2025-12-19;10;1986
12;2025-12-19;11;1951
12;2025-12-19;12;2027
12;2025-12-19;13;2042
12;2025-12-19;14;2016
12;2025-12-19;15;2301
12;2025-12-19;16;2818
12;2025-12-19;17;3017
12;2025-12-19;18;2816
12;2025-12-19;19;2370
12;2025-12-19;20;1497
12;2025-12-19;21;983
12;2025-12-19;22;518
12;2025-12-19;23;288
12;2025-12-20;0;87
12;2025-12-20;1;7
12;2025-12-20;2;0
12;2025-12-20;3;0
12;2025-12-20;4;4
12;2025-12-20;5;237
12;2025-12-20;6;774
12;2025-12-20;7;890
12;2025-12-20;8;983
12;2025-12-20;9;1121
12;2025-12-20;10;1344
12;2025-12-20;11;1452
12;2025-12-20;12;1508
12;2025-12-20;13;1738
12;2025-12-20;14;1591
12;2025-12-20;15;1518
12;2025-12-20;16;1606
12;2025-12-20;17;1546
12;2025-12-20;18;1431
12;2025-12-20;19;1329
12;2025-12-20;20;966
12;2025-12-20;21;684
12;2025-12-20;22;410
12;2025-12-20;23;266
12;2025-12-21;0;95
12;2025-12-21;1;8
12;2025-12-21;2;0
12;2025-12-21;3;0
12;2025-12-21;4;3
12;2025-12-21;5;144
12;2025-12-21;6;462
12;2025-12-21;7;630
12;2025-12-21;8;732
12;2025-12-21;9;925
12;2025-12-21;10;1161
12;2025-12-21;11;1318
12;2025-12-21;12;1398
12;2025-12-21;13;1654
12;2025-12-21;14;1532
12;2025-12-21;15;1427
12;2025-12-21;16;1525
12;2025-12-21;17;1496
12;2025-12-21;18;1289
12;2025-12-21;19;1056
12;2025-12-21;20;806
12;2025-12-21;21;551
12;2025-12-21;22;381
12;2025-12-21;23;217
12;2025-12-22;0;64
12;2025-12-22;1;4
12;2025-12-22;2;0
12;2025-12-22;3;0
12;2025-12-22;4;4
12;2025-12-22;5;312
12;2025-12-22;6;1379
12;2025-12-22;7;2644
12;2025-12-22;8;3529
12;2025-12-22;9;2441
12;2025-12-22;10;1981
12;2025-12-22;11;1913
12;2025-12-22;12;2000
12;2025-12-22;13;2000
12;2025-12-22;14;1982
12;2025-12-22;15;2239
12;2025-12-22;16;2712
12;2025-12-22;17;3023
12;2025-12-22;18;3151
12;2025-12-22;19;2379
12;2025-12-22;20;1505
12;2025-12-22;21;949
12;2025-12-22;22;450
12;2025-12-22;23;229
12;2025-12-23;0;50
12;2025-12-23;1;3
12;2025-12-23;2;0
12;2025-12-23;3;0
12;2025-12-23;4;5
12;2025-12-23;5;329
12;2025-12-23;6;1416
12;2025-12-23;7;2705
12;2025-12-23;8;3575
12;2025-12-23;9;2504
12;2025-12-23;10;2080
12;2025-12-23;11;1977
12;2025-12-23;12;2053
12;2025-12-23;13;2053
12;2025-12-23;14;2014
12;2025-12-23;15;2266
12;2025-12-23;16;2779
12;2025-12-23;17;3063
12;2025-12-23;18;3233
12;2025-12-23;19;2494
12;2025-12-23;20;1562
12;2025-12-23;21;972
12;2025-12-23;22;500
12;2025-12-23;23;245
12;2025-12-24;0;56
12;2025-12-24;1;3
12;2025-12-24;2;0
12;2025-12-24;3;0
12;2025-12-24;4;5
12;2025-12-24;5;333
12;2025-12-24;6;1422
12;2025-12-24;7;2687
12;2025-12-24;8;3548
12;2025-12-24;9;2506
12;2025-12-24;10;2084
12;2025-12-24;11;1973
12;2025-12-24;12;2058
12;2025-12-24;13;2050
12;2025-12-24;14;2012
12;2025-12-24;15;2262
12;2025-12-24;16;2777
12;2025-12-24;17;3056
12;2025-12-24;18;3214
12;2025-12-24;19;2489
12;2025-12-24;20;1560
12;2025-12-24;21;979
12;2025-12-24;22;497
12;2025-12-24;23;256
12;2025-12-25;0;57
12;2025-12-25;1;3
12;2025-12-25;2;0
12;2025-12-25;3;0
12;2025-12-25;4;5
12;2025-12-25;5;333
12;2025-12-25;6;1420
12;2025-12-25;7;2697
12;2025-12-25;8;3541
12;2025-12-25;9;2502
12;2025-12-25;10;2080
12;2025-12-25;11;1977
12;2025-12-25;12;2052
12;2025-12-25;13;2052
12;2025-12-25;14;2014
12;2025-12-25;15;2271
12;2025-12-25;16;2785
12;2025-12-25;17;3058
12;2025-12-25;18;3217
12;2025-12-25;19;2492
12;2025-12-25;20;1569
12;2025-12-25;21;979
12;2025-12-25;22;504
12;2025-12-25;23;263
12;2025-12-26;0;59
12;2025-12-26;1;3
12;2025-12-26;2;0
12;2025-12-26;3;0
12;2025-12-26;4;5
12;2025-12-26;5;322
12;2025-12-26;6;1399
12;2025-12-26;7;2637
12;2025-12-26;8;3434
12;2025-12-26;9;2443
12;2025-12-26;10;1986
12;2025-12-26;11;1951
12;2025-12-26;12;2027
12;2025-12-26;13;2042
12;2025-12-26;14;2016
12;2025-12-26;15;2301
12;2025-12-26;16;2818
12;2025-12-26;17;3017
12;2025-12-26;18;2816
12;2025-12-26;19;2370
12;2025-12-26;20;1497
12;2025-12-26;21;983
12;2025-12-26;22;518
12;2025-12-26;23;288
12;2025-12-27;0;87
12;2025-12-27;1;7
12;2025-12-27;2;0
12;2025-12-27;3;0
12;2025-12-27;4;4
12;2025-12-27;5;237
12;2025-12-27;6;774
12;2025-12-27;7;890
12;2025-12-27;8;983
12;2025-12-27;9;1121
12;2025-12-27;10;1344
12;2025-12-27;11;1452
12;2025-12-27;12;1508
12;2025-12-27;13;1738
12;2025-12-27;14;1591
12;2025-12-27;15;1518
12;2025-12-27;16;1606
12;2025-12-27;17;1546
12;2025-12-27;18;1431
12;2025-12-27;19;1329
12;2025-12-27;20;966
12;2025-12-27;21;684
12;2025-12-27;22;410
12;2025-12-27;23;266
12;2025-12-28;0;95
12;2025-12-28;1;8
12;2025-12-28;2;0
12;2025-12-28;3;0
12;2025-12-28;4;3
12;2025-12-28;5;144
12;2025-12-28;6;462
12;2025-12-28;7;630
12;2025-12-28;8;732
12;2025-12-28;9;925
12;2025-12-28;10;1161
12;2025-12-28;11;1318
12;2025-12-28;12;1398
12;2025-12-28;13;1654
12;2025-12-28;14;1532
12;2025-12-28;15;1427
12;2025-12-28;16;1525
12;2025-12-28;17;1496
12;2025-12-28;18;1289
12;2025-12-28;19;1056
12;2025-12-28;20;806
12;2025-12-28;21;551
12;2025-12-28;22;381
12;2025-12-28;23;217
12;2025-12-29;0;64
12;2025-12-29;1;4
12;2025-12-29;2;0
12;2025-12-29;3;0
12;2025-12-29;4;4
12;2025-12-29;5;312
12;2025-12-29;6;1379
12;2025-12-29;7;2644
12;2025-12-29;8;3529
12;2025-12-29;9;2441
12;2025-12-29;10;1981
12;2025-12-29;11;1913
12;2025-12-29;12;2000
12;2025-12-29;13;2000
12;2025-12-29;14;1982
12;2025-12-29;15;2239
12;2025-12-29;16;2712
12;2025-12-29;17;3023
12;2025-12-29;18;3151
12;2025-12-29;19;2379
12;2025-12-29;20;1505
12;2025-12-29;21;949
12;2025-12-29;22;450
12;2025-12-29;23;229
12;2025-12-30;0;50
12;2025-12-30;1;3
12;2025-12-30;2;0
12;2025-12-30;3;0
12;2025-12-30;4;5
12;2025-12-30;5;329
12;2025-12-30;6;1416
12;2025-12-30;7;2705
12;2025-12-30;8;3575
12;2025-12-30;9;2504
12;2025-12-30;10;2080
12;2025-12-30;11;1977
12;2025-12-30;12;2053
12;2025-12-30;13;2053
12;2025-12-30;14;2014
12;2025-12-30;15;2266
12;2025-12-30;16;2779
12;2025-12-30;17;3063
12;2025-12-30;18;3233
12;2025-12-30;19;2494
12;2025-12-30;20;1562
12;2025-12-30;21;972
12;2025-12-30;22;500
12;2025-12-30;23;245
12;2025-12-31;0;49
12;2025-12-31;1;0
12;2025-12-31;2;0
12;2025-12-31;3;0
12;2025-12-31;4;0
12;2025-12-31;5;254
12;2025-12-31;6;624
12;2025-12-31;7;902
12;2025-12-31;8;1431
12;2025-12-31;9;997
12;2025-12-31;10;1154
12;2025-12-31;11;1178
12;2025-12-31;12;1248
12;2025-12-31;13;1377
12;2025-12-31;14;1327
12;2025-12-31;15;1254
12;2025-12-31;16;1371
12;2025-12-31;17;1438
12;2025-12-31;18;1541
12;2025-12-31;19;1136
12;2025-12-31;20;864
12;2025-12-31;21;610
12;2025-12-31;22;377
12;2025-12-31;23;195
17;2025-11-01;0;230
17;2025-11-01;1;54
17;2025-11-01;2;0
17;2025-11-01;3;0
17;2025-11-01;4;31
17;2025-11-01;5;161
17;2025-11-01;6;609
17;2025-11-01;7;2000
17;2025-11-01;8;3493
17;2025-11-01;9;3156
17;2025-11-01;10;3005
17;2025-11-01;11;3316
17;2025-11-01;12;3563
17;2025-11-01;13;3889
17;2025-11-01;14;3972
17;2025-11-01;15;3908
17;2025-11-01;16;4006
17;2025-11-01;17;4215
17;2025-11-01;18;3877
17;2025-11-01;19;2960
17;2025-11-01;20;2453
17;2025-11-01;21;1365
17;2025-11-01;22;926
17;2025-11-01;23;473
17;2025-11-02;0;195
17;2025-11-02;1;24
17;2025-11-02;2;0
17;2025-11-02;3;0
17;2025-11-02;4;3
17;2025-11-02;5;104
17;2025-11-02;6;421
17;2025-11-02;7;802
17;2025-11-02;8;1233
17;2025-11-02;9;1665
17;2025-11-02;10;1966
17;2025-11-02;11;2505
17;2025-11-02;12;2920
17;2025-11-02;13;3207
17;2025-11-02;14;3272
17;2025-11-02;15;3249
17;2025-11-02;16;3140
17;2025-11-02;17;2989
17;2025-11-02;18;2631
17;2025-11-02;19;2111
17;2025-11-02;20;1653
17;2025-11-02;21;1168
17;2025-11-02;22;708
17;2025-11-02;23;331
17;2025-11-03;0;122
17;2025-11-03;1;9
17;2025-11-03;2;0
17;2025-11-03;3;0
17;2025-11-03;4;2
17;2025-11-03;5;177
17;2025-11-03;6;539
17;2025-11-03;7;1790
17;2025-11-03;8;2262
17;2025-11-03;9;2294
17;2025-11-03;10;1936
17;2025-11-03;11;2238
17;2025-11-03;12;2364
17;2025-11-03;13;2457
17;2025-11-03;14;2513
17;2025-11-03;15;2689
17;2025-11-03;16;2911
17;2025-11-03;17;3146
17;2025-11-03;18;3095
17;2025-11-03;19;2545
17;2025-11-03;20;1609
17;2025-11-03;21;1165
17;2025-11-03;22;635
17;2025-11-03;23;258
17;2025-11-04;0;128
17;2025-11-04;1;18
17;2025-11-04;2;0
17;2025-11-04;3;0
17;2025-11-04;4;4
17;2025-11-04;5;125
17;2025-11-04;6;511
17;2025-11-04;7;1305
17;2025-11-04;8;1875
17;2025-11-04;9;1941
17;2025-11-04;10;1749
17;2025-11-04;11;2206
17;2025-11-04;12;2386
17;2025-11-04;13;2483
17;2025-11-04;14;2461
17;2025-11-04;15;2493
17;2025-11-04;16;2646
17;2025-11-04;17;2848
17;2025-11-04;18;2754
17;2025-11-04;19;2250
17;2025-11-04;20;1585
17;2025-11-04;21;1186
17;2025-11-04;22;690
17;2025-11-04;23;337
17;2025-11-05;0;129
17;2025-11-05;1;10
17;2025-11-05;2;0
17;2025-11-05;3;0
17;2025-11-05;4;26
17;2025-11-05;5;312
17;2025-11-05;6;1524
17;2025-11-05;7;3971
17;2025-11-05;8;5259
17;2025-11-05;9;3832
17;2025-11-05;10;3014
17;2025-11-05;11;2963
17;2025-11-05;12;3004
17;2025-11-05;13;3086
17;2025-11-05;14;3151
17;2025-11-05;15;3331
17;2025-11-05;16;3707
17;2025-11-05;17;4497
17;2025-11-05;18;4856
17;2025-11-05;19;3433
17;2025-11-05;20;2371
17;2025-11-05;21;1492
17;2025-11-05;22;810
17;2025-11-05;23;393
17;2025-11-06;0;141
17;2025-11-06;1;11
17;2025-11-06;2;0
17;2025-11-06;3;0
17;2025-11-06;4;25
17;2025-11-06;5;313
17;2025-11-06;6;1520
17;2025-11-06;7;3977
17;2025-11-06;8;5288
17;2025-11-06;9;3845
17;2025-11-06;10;3022
17;2025-11-06;11;2981
17;2025-11-06;12;3016
17;2025-11-06;13;3095
17;2025-11-06;14;3161
17;2025-11-06;15;3356
17;2025-11-06;16;3743
17;2025-11-06;17;4515
17;2025-11-06;18;4882
17;2025-11-06;19;3446
17;2025-11-06;20;2386
17;2025-11-06;21;1501
17;2025-11-06;22;835
17;2025-11-06;23;412
17;2025-11-07;0;149
17;2025-11-07;1;15
17;2025-11-07;2;0
17;2025-11-07;3;0
17;2025-11-07;4;26
17;2025-11-07;5;306
17;2025-11-07;6;1503
17;2025-11-07;7;3910
17;2025-11-07;8;5107
17;2025-11-07;9;3791
17;2025-11-07;10;2993
17;2025-11-07;11;2997
17;2025-11-07;12;3028
17;2025-11-07;13;3100
17;2025-11-07;14;3184
17;2025-11-07;15;3440
17;2025-11-07;16;3821
17;2025-11-07;17;4506
17;2025-11-07;18;4443
17;2025-11-07;19;3351
17;2025-11-07;20;2335
17;2025-11-07;21;1514
17;2025-11-07;22;863
17;2025-11-07;23;445
17;2025-11-08;0;205
17;2025-11-08;1;23
17;2025-11-08;2;0
17;2025-11-08;3;0
17;2025-11-08;4;6
17;2025-11-08;5;129
17;2025-11-08;6;578
17;2025-11-08;7;1184
17;2025-11-08;8;1702
17;2025-11-08;9;1983
17;2025-11-08;10;2199
17;2025-11-08;11;2712
17;2025-11-08;12;3080
17;2025-11-08;13;3316
17;2025-11-08;14;3379
17;2025-11-08;15;3388
17;2025-11-08;16;3334
17;2025-11-08;17;3186
17;2025-11-08;18;2918
17;2025-11-08;19;2329
17;2025-11-08;20;1802
17;2025-11-08;21;1298
17;2025-11-08;22;828
17;2025-11-08;23;431
17;2025-11-09;0;195
17;2025-11-09;1;24
17;2025-11-09;2;0
17;2025-11-09;3;0
17;2025-11-09;4;3
17;2025-11-09;5;104
17;2025-11-09;6;421
17;2025-11-09;7;802
17;2025-11-09;8;1233
17;2025-11-09;9;1665
17;2025-11-09;10;1966
17;2025-11-09;11;2505
17;2025-11-09;12;2920
17;2025-11-09;13;3207
17;2025-11-09;14;3272
17;2025-11-09;15;3249
17;2025-11-09;16;3140
17;2025-11-09;17;2989
17;2025-11-09;18;2631
17;2025-11-09;19;2111
17;2025-11-09;20;1653
17;2025-11-09;21;1168
17;2025-11-09;22;708
17;2025-11-09;23;331
17;2025-11-10;0;116
17;2025-11-10;1;12
17;2025-11-10;2;0
17;2025-11-10;3;0
17;2025-11-10;4;25
17;2025-11-10;5;300
17;2025-11-10;6;1485
17;2025-11-10;7;3948
17;2025-11-10;8;5274
17;2025-11-10;9;3788
17;2025-11-10;10;2929
17;2025-11-10;11;2877
17;2025-11-10;12;2901
17;2025-11-10;13;2967
17;2025-11-10;14;3049
17;2025-11-10;15;3238
17;2025-11-10;16;3641
17;2025-11-10;17;4469
17;2025-11-10;18;4842
17;2025-11-10;19;3393
17;2025-11-10;20;2313
17;2025-11-10;21;1458
17;2025-11-10;22;712
17;2025-11-10;23;331
17;2025-11-11;0;117
17;2025-11-11;1;10
17;2025-11-11;2;0
17;2025-11-11;3;0
17;2025-11-11;4;25
17;2025-11-11;5;306
17;2025-11-11;6;1519
17;2025-11-11;7;3995
17;2025-11-11;8;5296
17;2025-11-11;9;3852
17;2025-11-11;10;3019
17;2025-11-11;11;2975
17;2025-11-11;12;3010
17;2025-11-11;13;3084
17;2025-11-11;14;3159
17;2025-11-11;15;3349
17;2025-11-11;16;3724
17;2025-11-11;17;4521
17;2025-11-11;18;4904
17;2025-11-11;19;3450
17;2025-11-11;20;2378
17;2025-11-11;21;1490
17;2025-11-11;22;768
17;2025-11-11;23;371
17;2025-11-12;0;129
17;2025-11-12;1;10
17;2025-11-12;2;0
17;2025-11-12;3;0
17;2025-11-12;4;26
17;2025-11-12;5;312
17;2025-11-12;6;1524
17;2025-11-12;7;3971
17;2025-11-12;8;5259
17;2025-11-12;9;3832
17;2025-11-12;10;3014
17;2025-11-12;11;2963
17;2025-11-12;12;3004
17;2025-11-12;13;3086
17;2025-11-12;14;3151
17;2025-11-12;15;3331
17;2025-11-12;16;3707
17;2025-11-12;17;4497
17;2025-11-12;18;4856
17;2025-11-12;19;3433
17;2025-11-12;20;2371
17;2025-11-12;21;1492
17;2025-11-12;22;810
17;2025-11-12;23;393
17;2025-11-13;0;141
17;2025-11-13;1;11
17;2025-11-13;2;0
17;2025-11-13;3;0
17;2025-11-13;4;25
17;2025-11-13;5;313
17;2025-11-13;6;1520
17;2025-11-13;7;3977
17;2025-11-13;8;5288
17;2025-11-13;9;3845
17;2025-11-13;10;3022
17;2025-11-13;11;2981
17;2025-11-13;12;3016
17;2025-11-13;13;3095
17;2025-11-13;14;3161
17;2025-11-13;15;3356
17;2025-11-13;16;3743
17;2025-11-13;17;4515
17;2025-11-13;18;4882
17;2025-11-13;19;3446
17;2025-11-13;20;2386
17;2025-11-13;21;1501
17;2025-11-13;22;835
17;2025-11-13;23;412
17;2025-11-14;0;149
17;2025-11-14;1;15
17;2025-11-14;2;0
17;2025-11-14;3;0
17;2025-11-14;4;26
17;2025-11-14;5;306
17;2025-11-14;6;1503
17;2025-11-14;7;3910
17;2025-11-14;8;5107
17;2025-11-14;9;3791
17;2025-11-14;10;2993
17;2025-11-14;11;2997
17;2025-11-14;12;3028
17;2025-11-14;13;3100
17;2025-11-14;14;3184
17;2025-11-14;15;3440
17;2025-11-14;16;3821
17;2025-11-14;17;4506
17;2025-11-14;18;4443
17;2025-11-14;19;3351
17;2025-11-14;20;2335
17;2025-11-14;21;1514
17;2025-11-14;22;863
17;2025-11-14;23;445
17;2025-11-15;0;205
17;2025-11-15;1;23
17;2025-11-15;2;0
17;2025-11-15;3;0
17;2025-11-15;4;6
17;2025-11-15;5;129
17;2025-11-15;6;578
17;2025-11-15;7;1184
17;2025-11-15;8;1702
17;2025-11-15;9;1983
17;2025-11-15;10;2199
17;2025-11-15;11;2712
17;2025-11-15;12;3080
17;2025-11-15;13;3316
17;2025-11-15;14;3379
17;2025-11-15;15;3388
17;2025-11-15;16;3334
17;2025-11-15;17;3186
17;2025-11-15;18;2918
17;2025-11-15;19;2329
17;2025-11-15;20;1802
17;2025-11-15;21;1298
17;2025-11-15;22;828
17;2025-11-15;23;431
17;2025-11-16;0;195
17;2025-11-16;1;24
17;2025-11-16;2;0
17;2025-11-16;3;0
17;2025-11-16;4;3
17;2025-11-16;5;104
17;2025-11-16;6;421
17;2025-11-16;7;802
17;2025-11-16;8;1233
17;2025-11-16;9;1665
17;2025-11-16;10;1966
17;2025-11-16;11;2505
17;2025-11-16;12;2920
17;2025-11-16;13;3207
17;2025-11-16;14;3272
17;2025-11-16;15;3249
17;2025-11-16;16;3140
17;2025-11-16;17;2989
17;2025-11-16;18;2631
17;2025-11-16;19;2111
17;2025-11-16;20;1653
17;2025-11-16;21;1168
17;2025-11-16;22;708
17;2025-11-16;23;331
17;2025-11-17;0;116
17;2025-11-17;1;12
17;2025-11-17;2;0
17;2025-11-17;3;0
17;2025-11-17;4;25
17;2025-11-17;5;300
17;2025-11-17;6;1485
17;2025-11-17;7;3948
17;2025-11-17;8;5274
17;2025-11-17;9;3788
17;2025-11-17;10;2929
17;2025-11-17;11;2877
17;2025-11-17;12;2901
17;2025-11-17;13;2967
17;2025-11-17;14;3049
17;2025-11-17;15;3238
17;2025-11-17;16;3641
17;2025-11-17;17;4469
17;2025-11-17;18;4842
17;2025-11-17;19;3393
17;2025-11-17;20;2313
17;2025-11-17;21;1458
17;2025-11-17;22;712
17;2025-11-17;23;331
17;2025-11-18;0;117
17;2025-11-18;1;10
17;2025-11-18;2;0
17;2025-11-18;3;0
17;2025-11-18;4;25
17;2025-11-18;5;306
17;2025-11-18;6;1519
17;2025-11-18;7;3995
17;2025-11-18;8;5296
17;2025-11-18;9;3852
17;2025-11-18;10;3019
17;2025-11-18;11;2975
17;2025-11-18;12;3010
17;2025-11-18;13;3084
17;2025-11-18;14;3159
17;2025-11-18;15;3349
17;2025-11-18;16;3724
17;2025-11-18;17;4521
17;2025-11-18;18;4904
17;2025-11-18;19;3450
17;2025-11-18;20;2378
17;2025-11-18;21;1490
17;2025-11-18;22;768
17;2025-11-18;23;371
17;2025-11-19;0;129
17;2025-11-19;1;10
17;2025-11-19;2;0
17;2025-11-19;3;0
17;2025-11-19;4;26
17;2025-11-19;5;312
17;2025-11-19;6;1524
17;2025-11-19;7;3971
17;2025-11-19;8;5259
17;2025-11-19;9;3832
17;2025-11-19;10;3014
17;2025-11-19;11;2963
17;2025-11-19;12;3004
17;2025-11-19;13;3086
17;2025-11-19;14;3151
17;2025-11-19;15;3331
17;2025-11-19;16;3707
17;2025-11-19;17;4497
17;2025-11-19;18;4856
17;2025-11-19;19;3433
17;2025-11-19;20;2371
17;2025-11-19;21;1492
17;2025-11-19;22;810
17;2025-11-19;23;393
17;2025-11-20;0;141
17;2025-11-20;1;11
17;2025-11-20;2;0
17;2025-11-20;3;0
17;2025-11-20;4;25
17;2025-11-20;5;313
17;2025-11-20;6;1520
17;2025-11-20;7;3977
17;2025-11-20;8;5288
17;2025-11-20;9;3845
17;2025-11-20;10;3022
17;2025-11-20;11;2981
17;2025-11-20;12;3016
17;2025-11-20;13;3095
17;2025-11-20;14;3161
17;2025-11-20;15;3356
17;2025-11-20;16;3743
17;2025-11-20;17;4515
17;2025-11-20;18;4882
17;2025-11-20;19;3446
17;2025-11-20;20;2386
17;2025-11-20;21;1501
17;2025-11-20;22;835
17;2025-11-20;23;412
17;2025-11-21;0;149
17;2025-11-21;1;15
17;2025-11-21;2;0
17;2025-11-21;3;0
17;2025-11-21;4;26
17;2025-11-21;5;306
17;2025-11-21;6;1503
17;2025-11-21;7;3910
17;2025-11-21;8;5107
17;2025-11-21;9;3791
17;2025-11-21;10;2993
17;2025-11-21;11;2997
17;2025-11-21;12;3028
17;2025-11-21;13;3100
17;2025-11-21;14;3184
17;2025-11-21;15;3440
17;2025-11-21;16;3821
17;2025-11-21;17;4506
17;2025-11-21;18;4443
17;2025-11-21;19;3351
17;2025-11-21;20;2335
17;2025-11-21;21;1514
17;2025-11-21;22;863
17;2025-11-21;23;445
17;2025-11-22;0;205
17;2025-11-22;1;23
17;2025-11-22;2;0
17;2025-11-22;3;0
17;2025-11-22;4;6
17;2025-11-22;5;129
17;2025-11-22;6;578
17;2025-11-22;7;1184
17;2025-11-22;8;1702
17;2025-11-22;9;1983
17;2025-11-22;10;2199
17;2025-11-22;11;2712
17;2025-11-22;12;3080
17;2025-11-22;13;3316
17;2025-11-22;14;3379
17;2025-11-22;15;3388
17;2025-11-22;16;3334
17;2025-11-22;17;3186
17;2025-11-22;18;2918
17;2025-11-22;19;2329
17;2025-11-22;20;1802
17;2025-11-22;21;1298
17;2025-11-22;22;828
17;2025-11-22;23;431
17;2025-11-23;0;195
17;2025-11-23;1;24
17;2025-11-23;2;0
17;2025-11-23;3;0
17;2025-11-23;4;3
17;2025-11-23;5;104
17;2025-11-23;6;421
17;2025-11-23;7;802
17;2025-11-23;8;1233
17;2025-11-23;9;1665
17;2025-11-23;10;1966
17;2025-11-23;11;2505
17;2025-11-23;12;2920
17;2025-11-23;13;3207
17;2025-11-23;14;3272
17;2025-11-23;15;3249
17;2025-11-23;16;3140
17;2025-11-23;17;2989
17;2025-11-23;18;2631
17;2025-11-23;19;2111
17;2025-11-23;20;1653
17;2025-11-23;21;1168
17;2025-11-23;22;708
17;2025-11-23;23;331
17;2025-11-24;0;116
17;2025-11-24;1;12
17;2025-11-24;2;0
17;2025-11-24;3;0
17;2025-11-24;4;25
17;2025-11-24;5;300
17;2025-11-24;6;1485
17;2025-11-24;7;3948
17;2025-11-24;8;5274
17;2025-11-24;9;3788
17;2025-11-24;10;2929
17;2025-11-24;11;2877
17;2025-11-24;12;2901
17;2025-11-24;13;2967
17;2025-11-24;14;3049
17;2025-11-24;15;3238
17;2025-11-24;16;3641
17;2025-11-24;17;4469
17;2025-11-24;18;4842
17;2025-11-24;19;3393
17;2025-11-24;20;2313
17;2025-11-24;21;1458
17;2025-11-24;22;712
17;2025-11-24;23;331
17;2025-11-25;0;117
17;2025-11-25;1;10
17;2025-11-25;2;0
17;2025-11-25;3;0
17;2025-11-25;4;25
17;2025-11-25;5;306
17;2025-11-25;6;1519
17;2025-11-25;7;3995
17;2025-11-25;8;5296
17;2025-11-25;9;3852
17;2025-11-25;10;3019
17;2025-11-25;11;2975
17;2025-11-25;12;3010
17;2025-11-25;13;3084
17;2025-11-25;14;3159
17;2025-11-25;15;3349
17;2025-11-25;16;3724
17;2025-11-25;17;4521
17;2025-11-25;18;4904
17;2025-11-25;19;3450
17;2025-11-25;20;2378
17;2025-11-25;21;1490
17;2025-11-25;22;768
17;2025-11-25;23;371
17;2025-11-26;0;129
17;2025-11-26;1;10
17;2025-11-26;2;0
17;2025-11-26;3;0
17;2025-11-26;4;26
17;2025-11-26;5;312
17;2025-11-26;6;1524
17;2025-11-26;7;3971
17;2025-11-26;8;5259
17;2025-11-26;9;3832
17;2025-11-26;10;3014
17;2025-11-26;11;2963
17;2025-11-26;12;3004
17;2025-11-26;13;3086
17;2025-11-26;14;3151
17;2025-11-26;15;3331
17;2025-11-26;16;3707
17;2025-11-26;17;4497
17;2025-11-26;18;4856
17;2025-11-26;19;3433
17;2025-11-26;20;2371
17;2025-11-26;21;1492
17;2025-11-26;22;810
17;2025-11-26;23;393
17;2025-11-27;0;141
17;2025-11-27;1;11
17;2025-11-27;2;0
17;2025-11-27;3;0
17;2025-11-27;4;25
17;2025-11-27;5;313
17;2025-11-27;6;1520
17;2025-11-27;7;3977
17;2025-11-27;8;5288
17;2025-11-27;9;3845
17;2025-11-27;10;3022
17;2025-11-27;11;2981
17;2025-11-27;12;3016
17;2025-11-27;13;3095
17;2025-11-27;14;3161
17;2025-11-27;15;3356
17;2025-11-27;16;3743
17;2025-11-27;17;4515
17;2025-11-27;18;4882
17;2025-11-27;19;3446
17;2025-11-27;20;2386
17;2025-11-27;21;1501
17;2025-11-27;22;835
17;2025-11-27;23;412
17;2025-11-28;0;149
17;2025-11-28;1;15
17;2025-11-28;2;0
17;2025-11-28;3;0
17;2025-11-28;4;26
17;2025-11-28;5;306
17;2025-11-28;6;1503
17;2025-11-28;7;3910
17;2025-11-28;8;5107
17;2025-11-28;9;3791
17;2025-11-28;10;2993
17;2025-11-28;11;2997
17;2025-11-28;12;3028
17;2025-11-28;13;3100
17;2025-11-28;14;3184
17;2025-11-28;15;3440
17;2025-11-28;16;3821
17;2025-11-28;17;4506
17;2025-11-28;18;4443
17;2025-11-28;19;3351
17;2025-11-28;20;2335
17;2025-11-28;21;1514
17;2025-11-28;22;863
17;2025-11-28;23;445
17;2025-11-29;0;205
17;2025-11-29;1;23
17;2025-11-29;2;0
17;2025-11-29;3;0
17;2025-11-29;4;6
17;2025-11-29;5;129
17;2025-11-29;6;578
17;2025-11-29;7;1184
17;2025-11-29;8;1702
17;2025-11-29;9;1983
17;2025-11-29;10;2199
17;2025-11-29;11;2712
17;2025-11-29;12;3080
17;2025-11-29;13;3316
17;2025-11-29;14;3379
17;2025-11-29;15;3388
17;2025-11-29;16;3334
17;2025-11-29;17;3186
17;2025-11-29;18;2918
17;2025-11-29;19;2329
17;2025-11-29;20;1802
17;2025-11-29;21;1298
17;2025-11-29;22;828
17;2025-11-29;23;431
17;2025-11-30;0;195
17;2025-11-30;1;24
17;2025-11-30;2;0
17;2025-11-30;3;0
17;2025-11-30;4;3
17;2025-11-30;5;104
17;2025-11-30;6;421
17;2025-11-30;7;802
17;2025-11-30;8;1233
17;2025-11-30;9;1665
17;2025-11-30;10;1966
17;2025-11-30;11;2505
17;2025-11-30;12;2920
17;2025-11-30;13;3207
17;2025-11-30;14;3272
17;2025-11-30;15;3249
17;2025-11-30;16;3140
17;2025-11-30;17;2989
17;2025-11-30;18;2631
17;2025-11-30;19;2111
17;2025-11-30;20;1653
17;2025-11-30;21;1168
17;2025-11-30;22;708
17;2025-11-30;23;331
17;2025-12-01;0;101
17;2025-12-01;1;12
17;2025-12-01;2;0
17;2025-12-01;3;0
17;2025-12-01;4;27
17;2025-12-01;5;305
17;2025-12-01;6;1474
17;2025-12-01;7;3912
17;2025-12-01;8;5237
17;2025-12-01;9;3752
17;2025-12-01;10;2880
17;2025-12-01;11;2821
17;2025-12-01;12;2842
17;2025-12-01;13;2927
17;2025-12-01;14;3002
17;2025-12-01;15;3213
17;2025-12-01;16;3620
17;2025-12-01;17;4437
17;2025-12-01;18;4858
17;2025-12-01;19;3382
17;2025-12-01;20;2309
17;2025-12-01;21;1459
17;2025-12-01;22;758
17;2025-12-01;23;316
17;2025-12-02;0;102
17;2025-12-02;1;9
17;2025-12-02;2;0
17;2025-12-02;3;0
17;2025-12-02;4;28
17;2025-12-02;5;311
17;2025-12-02;6;1487
17;2025-12-02;7;3958
17;2025-12-02;8;5261
17;2025-12-02;9;3814
17;2025-12-02;10;2957
17;2025-12-02;11;2898
17;2025-12-02;12;2937
17;2025-12-02;13;3030
17;2025-12-02;14;3103
17;2025-12-02;15;3307
17;2025-12-02;16;3693
17;2025-12-02;17;4488
17;2025-12-02;18;4908
17;2025-12-02;19;3451
17;2025-12-02;20;2377
17;2025-12-02;21;1488
17;2025-12-02;22;800
17;2025-12-02;23;354
17;2025-12-03;0;113
17;2025-12-03;1;9
17;2025-12-03;2;0
17;2025-12-03;3;0
17;2025-12-03;4;29
17;2025-12-03;5;316
17;2025-12-03;6;1492
17;2025-12-03;7;3934
17;2025-12-03;8;5229
17;2025-12-03;9;3795
17;2025-12-03;10;2951
17;2025-12-03;11;2891
17;2025-12-03;12;2930
17;2025-12-03;13;3031
17;2025-12-03;14;3091
17;2025-12-03;15;3288
17;2025-12-03;16;3676
17;2025-12-03;17;4463
17;2025-12-03;18;4865
17;2025-12-03;19;3434
17;2025-12-03;20;2370
17;2025-12-03;21;1490
17;2025-12-03;22;821
17;2025-12-03;23;376
17;2025-12-04;0;125
17;2025-12-04;1;10
17;2025-12-04;2;0
17;2025-12-04;3;0
17;2025-12-04;4;28
17;2025-12-04;5;318
17;2025-12-04;6;1489
17;2025-12-04;7;3939
17;2025-12-04;8;5241
17;2025-12-04;9;3803
17;2025-12-04;10;2960
17;2025-12-04;11;2904
17;2025-12-04;12;2942
17;2025-12-04;13;3041
17;2025-12-04;14;3101
17;2025-12-04;15;3310
17;2025-12-04;16;3708
17;2025-12-04;17;4478
17;2025-12-04;18;4885
17;2025-12-04;19;3447
17;2025-12-04;20;2384
17;2025-12-04;21;1499
17;2025-12-04;22;846
17;2025-12-04;23;395
17;2025-12-05;0;133
17;2025-12-05;1;15
17;2025-12-05;2;0
17;2025-12-05;3;0
17;2025-12-05;4;27
17;2025-12-05;5;311
17;2025-12-05;6;1487
17;2025-12-05;7;3870
17;2025-12-05;8;5057
17;2025-12-05;9;3751
17;2025-12-05;10;2931
17;2025-12-05;11;2920
17;2025-12-05;12;2952
17;2025-12-05;13;3046
17;2025-12-05;14;3125
17;2025-12-05;15;3396
17;2025-12-05;16;3787
17;2025-12-05;17;4470
17;2025-12-05;18;4434
17;2025-12-05;19;3350
17;2025-12-05;20;2329
17;2025-12-05;21;1513
17;2025-12-05;22;875
17;2025-12-05;23;428
17;2025-12-06;0;185
17;2025-12-06;1;22
17;2025-12-06;2;0
17;2025-12-06;3;0
17;2025-12-06;4;6
17;2025-12-06;5;130
17;2025-12-06;6;554
17;2025-12-06;7;1113
17;2025-12-06;8;1646
17;2025-12-06;9;1918
17;2025-12-06;10;2149
17;2025-12-06;11;2640
17;2025-12-06;12;3024
17;2025-12-06;13;3298
17;2025-12-06;14;3337
17;2025-12-06;15;3346
17;2025-12-06;16;3263
17;2025-12-06;17;3079
17;2025-12-06;18;2845
17;2025-12-06;19;2312
17;2025-12-06;20;1799
17;2025-12-06;21;1299
17;2025-12-06;22;839
17;2025-12-06;23;415
17;2025-12-07;0;176
17;2025-12-07;1;22
17;2025-12-07;2;0
17;2025-12-07;3;0
17;2025-12-07;4;4
17;2025-12-07;5;106
17;2025-12-07;6;422
17;2025-12-07;7;767
17;2025-12-07;8;1183
17;2025-12-07;9;1612
17;2025-12-07;10;1931
17;2025-12-07;11;2450
17;2025-12-07;12;2881
17;2025-12-07;13;3191
17;2025-12-07;14;3230
17;2025-12-07;15;3212
17;2025-12-07;16;3087
17;2025-12-07;17;2881
17;2025-12-07;18;2565
17;2025-12-07;19;2086
17;2025-12-07;20;1648
17;2025-12-07;21;1178
17;2025-12-07;22;726
17;2025-12-07;23;316
17;2025-12-08;0;101
17;2025-12-08;1;12
17;2025-12-08;2;0
17;2025-12-08;3;0
17;2025-12-08;4;27
17;2025-12-08;5;305
17;2025-12-08;6;1474
17;2025-12-08;7;3912
17;2025-12-08;8;5237
17;2025-12-08;9;3752
17;2025-12-08;10;2880
17;2025-12-08;11;2821
17;2025-12-08;12;2842
17;2025-12-08;13;2927
17;2025-12-08;14;3002
17;2025-12-08;15;3213
17;2025-12-08;16;3620
17;2025-12-08;17;4437
17;2025-12-08;18;4858
17;2025-12-08;19;3382
17;2025-12-08;20;2309
17;2025-12-08;21;1459
17;2025-12-08;22;758
17;2025-12-08;23;316
17;2025-12-09;0;102
17;2025-12-09;1;9
17;2025-12-09;2;0
17;2025-12-09;3;0
17;2025-12-09;4;28
17;2025-12-09;5;311
17;2025-12-09;6;1487
17;2025-12-09;7;3958
17;2025-12-09;8;5261
17;2025-12-09;9;3814
17;2025-12-09;10;2957
17;2025-12-09;11;2898
17;2025-12-09;12;2937
17;2025-12-09;13;3030
17;2025-12-09;14;3103
17;2025-12-09;15;3307
17;2025-12-09;16;3693
17;2025-12-09;17;4488
17;2025-12-09;18;4908
17;2025-12-09;19;3451
17;2025-12-09;20;2377
17;2025-12-09;21;1488
17;2025-12-09;22;800
17;2025-12-09;23;354
17;2025-12-10;0;113
17;2025-12-10;1;9
17;2025-12-10;2;0
17;2025-12-10;3;0
17;2025-12-10;4;29
17;2025-12-10;5;316
17;2025-12-10;6;1492
17;2025-12-10;7;3934
17;2025-12-10;8;5229
17;2025-12-10;9;3795
17;2025-12-10;10;2951
17;2025-12-10;11;2891
17;2025-12-10;12;2930
17;2025-12-10;13;3031
17;2025-12-10;14;3091
17;2025-12-10;15;3288
17;2025-12-10;16;3676
17;2025-12-10;17;4463
17;2025-12-10;18;4865
17;2025-12-10;19;3434
17;2025-12-10;20;2370
17;2025-12-10;21;1490
17;2025-12-10;22;821
17;2025-12-10;23;376
17;2025-12-11;0;125
17;2025-12-11;1;10
17;2025-12-11;2;0
17;2025-12-11;3;0
17;2025-12-11;4;28
17;2025-12-11;5;318
17;2025-12-11;6;1489
17;2025-12-11;7;3939
17;2025-12-11;8;5241
17;2025-12-11;9;3803
17;2025-12-11;10;2960
17;2025-12-11;11;2904
17;2025-12-11;12;2942
17;2025-12-11;13;3041
17;2025-12-11;14;3101
17;2025-12-11;15;3310
17;2025-12-11;16;3708
17;2025-12-11;17;4478
17;2025-12-11;18;4885
17;2025-12-11;19;3447
17;2025-12-11;20;2384
17;2025-12-11;21;1499
17;2025-12-11;22;846
17;2025-12-11;23;395
17;2025-12-12;0;133
17;2025-12-12;1;15
17;2025-12-12;2;0
17;2025-12-12;3;0
17;2025-12-12;4;27
17;2025-12-12;5;311
17;2025-12-12;6;1487
17;2025-12-12;7;3870
17;2025-12-12;8;5057
17;2025-12-12;9;3751
17;2025-12-12;10;2931
17;2025-12-12;11;2920
17;2025-12-12;12;2952
17;2025-12-12;13;3046
17;2025-12-12;14;3125
17;2025-12-12;15;3396
17;2025-12-12;16;3787
17;2025-12-12;17;4470
17;2025-12-12;18;4434
17;2025-12-12;19;3350
17;2025-12-12;20;2329
17;2025-12-12;21;1513
17;2025-12-12;22;875
17;2025-12-12;23;428
17;2025-12-13;0;185
17;2025-12-13;1;22
17;2025-12-13;2;0
17;2025-12-13;3;0
17;2025-12-13;4;6
17;2025-12-13;5;130
17;2025-12-13;6;554
17;2025-12-13;7;1113
17;2025-12-13;8;1646
17;2025-12-13;9;1918
17;2025-12-13;10;2149
17;2025-12-13;11;2640
17;2025-12-13;12;3024
17;2025-12-13;13;3298
17;2025-12-13;14;3337
17;2025-12-13;15;3346
17;2025-12-13;16;3263
17;2025-12-13;17;3079
17;2025-12-13;18;2845
17;2025-12-13;19;2312
17;2025-12-13;20;1799
17;2025-12-13;21;1299
17;2025-12-13;22;839
17;2025-12-13;23;415
17;2025-12-14;0;176
17;2025-12-14;1;22
17;2025-12-14;2;0
17;2025-12-14;3;0
17;2025-12-14;4;4
17;2025-12-14;5;106
17;2025-12-14;6;422
17;2025-12-14;7;767
17;2025-12-14;8;1183
17;2025-12-14;9;1612
17;2025-12-14;10;1931
17;2025-12-14;11;2450
17;2025-12-14;12;2881
17;2025-12-14;13;3191
17;2025-12-14;14;3230
17;2025-12-14;15;3212
17;2025-12-14;16;3087
17;2025-12-14;17;2881
17;2025-12-14;18;2565
17;2025-12-14;19;2086
17;2025-12-14;20;1648
17;2025-12-14;21;1178
17;2025-12-14;22;726
17;2025-12-14;23;316
17;2025-12-15;0;101
17;2025-12-15;1;12
17;2025-12-15;2;0
17;2025-12-15;3;0
17;2025-12-15;4;27
17;2025-12-15;5;305
17;2025-12-15;6;1474
17;2025-12-15;7;3912
17;2025-12-15;8;5237
17;2025-12-15;9;3752
17;2025-12-15;10;2880
17;2025-12-15;11;2821
17;2025-12-15;12;2842
17;2025-12-15;13;2927
17;2025-12-15;14;3002
17;2025-12-15;15;3213
17;2025-12-15;16;3620
17;2025-12-15;17;4437
17;2025-12-15;18;4858
17;2025-12-15;19;3382
17;2025-12-15;20;2309
17;2025-12-15;21;1459
17;2025-12-15;22;758
17;2025-12-15;23;316
17;2025-12-16;0;102
17;2025-12-16;1;9
17;2025-12-16;2;0
17;2025-12-16;3;0
17;2025-12-16;4;28
17;2025-12-16;5;311
17;2025-12-16;6;1487
17;2025-12-16;7;3958
17;2025-12-16;8;5261
17;2025-12-16;9;3814
17;2025-12-16;10;2957
17;2025-12-16;11;2898
17;2025-12-16;12;2937
17;2025-12-16;13;3030
17;2025-12-16;14;3103
17;2025-12-16;15;3307
17;2025-12-16;16;3693
17;2025-12-16;17;4488
17;2025-12-16;18;4908
17;2025-12-16;19;3451
17;2025-12-16;20;2377
17;2025-12-16;21;1488
17;2025-12-16;22;800
17;2025-12-16;23;354
17;2025-12-17;0;113
17;2025-12-17;1;9
17;2025-12-17;2;0
17;2025-12-17;3;0
17;2025-12-17;4;29
17;2025-12-17;5;316
17;2025-12-17;6;1492
17;2025-12-17;7;3934
17;2025-12-17;8;5229
17;2025-12-17;9;3795
17;2025-12-17;10;2951
17;2025-12-17;11;2891
17;2025-12-17;12;2930
17;2025-12-17;13;3031
17;2025-12-17;14;3091
17;2025-12-17;15;3288
17;2025-12-17;16;3676
17;2025-12-17;17;4463
17;2025-12-17;18;4865
17;2025-12-17;19;3434
17;2025-12-17;20;2370
17;2025-12-17;21;1490
17;2025-12-17;22;821
17;2025-12-17;23;376
17;2025-12-18;0;125
17;2025-12-18;1;10
17;2025-12-18;2;0
17;2025-12-18;3;0
17;2025-12-18;4;28
17;2025-12-18;5;318
17;2025-12-18;6;1489
17;2025-12-18;7;3939
17;2025-12-18;8;5241
17;2025-12-18;9;3803
17;2025-12-18;10;2960
17;2025-12-18;11;2904
17;2025-12-18;12;2942
17;2025-12-18;13;3041
17;2025-12-18;14;3101
17;2025-12-18;15;3310
17;2025-12-18;16;3708
17;2025-12-18;17;4478
17;2025-12-18;18;4885
17;2025-12-18;19;3447
17;2025-12-18;20;2384
17;2025-12-18;21;1499
17;2025-12-18;22;846
17;2025-12-18;23;395
17;2025-12-19;0;133
17;2025-12-19;1;15
17;2025-12-19;2;0
17;2025-12-19;3;0
17;2025-12-19;4;27
17;2025-12-19;5;311
17;2025-12-19;6;1487
17;2025-12-19;7;3870
17;2025-12-19;8;5057
17;2025-12-19;9;3751
17;2025-12-19;10;2931
17;2025-12-19;11;2920
17;2025-12-19;12;2952
17;2025-12-19;13;3046
17;2025-12-19;14;3125
17;2025-12-19;15;3396
17;2025-12-19;16;3787
17;2025-12-19;17;4470
17;2025-12-19;18;4434
17;2025-12-19;19;3350
17;2025-12-19;20;2329
17;2025-12-19;21;1513
17;2025-12-19;22;875
17;2025-12-19;23;428
17;2025-12-20;0;185
17;2025-12-20;1;22
17;2025-12-20;2;0
17;2025-12-20;3;0
17;2025-12-20;4;6
17;2025-12-20;5;130
17;2025-12-20;6;554
17;2025-12-20;7;1113
17;2025-12-20;8;1646
17;2025-12-20;9;1918
17;2025-12-20;10;2149
17;2025-12-20;11;2640
17;2025-12-20;12;3024
17;2025-12-20;13;3298
17;2025-12-20;14;3337
17;2025-12-20;15;3346
17;2025-12-20;16;3263
17;2025-12-20;17;3079
17;2025-12-20;18;2845
17;2025-12-20;19;2312
17;2025-12-20;20;1799
17;2025-12-20;21;1299
17;2025-12-20;22;839
17;2025-12-20;23;415
17;2025-12-21;0;176
17;2025-12-21;1;22
17;2025-12-21;2;0
17;2025-12-21;3;0
17;2025-12-21;4;4
17;2025-12-21;5;106
17;2025-12-21;6;422
17;2025-12-21;7;767
17;2025-12-21;8;1183
17;2025-12-21;9;1612
17;2025-12-21;10;1931
17;2025-12-21;11;2450
17;2025-12-21;12;2881
17;2025-12-21;13;3191
17;2025-12-21;14;3230
17;2025-12-21;15;3212
17;2025-12-21;16;3087
17;2025-12-21;17;2881
17;2025-12-21;18;2565
17;2025-12-21;19;2086
17;2025-12-21;20;1648
17;2025-12-21;21;1178
17;2025-12-21;22;726
17;2025-12-21;23;316
17;2025-12-22;0;101
17;2025-12-22;1;12
17;2025-12-22;2;0
17;2025-12-22;3;0
17;2025-12-22;4;27
17;2025-12-22;5;305
17;2025-12-22;6;1474
17;2025-12-22;7;3912
17;2025-12-22;8;5237
17;2025-12-22;9;3752
17;2025-12-22;10;2880
17;2025-12-22;11;2821
17;2025-12-22;12;2842
17;2025-12-22;13;2927
17;2025-12-22;14;3002
17;2025-12-22;15;3213
17;2025-12-22;16;3620
17;2025-12-22;17;4437
17;2025-12-22;18;4858
17;2025-12-22;19;3382
17;2025-12-22;20;2309
17;2025-12-22;21;1459
17;2025-12-22;22;758
17;2025-12-22;23;316
17;2025-12-23;0;102
17;2025-12-23;1;9
17;2025-12-23;2;0
17;2025-12-23;3;0
17;2025-12-23;4;28
17;2025-12-23;5;311
17;2025-12-23;6;1487
17;2025-12-23;7;3958
17;2025-12-23;8;5261
17;2025-12-23;9;3814
17;2025-12-23;10;2957
17;2025-12-23;11;2898
17;2025-12-23;12;2937
17;2025-12-23;13;3030
17;2025-12-23;14;3103
17;2025-12-23;15;3307
17;2025-12-23;16;3693
17;2025-12-23;17;4488
17;2025-12-23;18;4908
17;2025-12-23;19;3451
17;2025-12-23;20;2377
17;2025-12-23;21;1488
17;2025-12-23;22;800
17;2025-12-23;23;354
17;2025-12-24;0;113
17;2025-12-24;1;9
17;2025-12-24;2;0
17;2025-12-24;3;0
17;2025-12-24;4;29
17;2025-12-24;5;316
17;2025-12-24;6;1492
17;2025-12-24;7;3934
17;2025-12-24;8;5229
17;2025-12-24;9;3795
17;2025-12-24;10;2951
17;2025-12-24;11;2891
17;2025-12-24;12;2930
17;2025-12-24;13;3031
17;2025-12-24;14;3091
17;2025-12-24;15;3288
17;2025-12-24;16;3676
17;2025-12-24;17;4463
17;2025-12-24;18;4865
17;2025-12-24;19;3434
17;2025-12-24;20;2370
17;2025-12-24;21;1490
17;2025-12-24;22;821
17;2025-12-24;23;376
17;2025-12-25;0;125
17;2025-12-25;1;10
17;2025-12-25;2;0
17;2025-12-25;3;0
17;2025-12-25;4;28
17;2025-12-25;5;318
17;2025-12-25;6;1489
17;2025-12-25;7;3939
17;2025-12-25;8;5241
17;2025-12-25;9;3803
17;2025-12-25;10;2960
17;2025-12-25;11;2904
17;2025-12-25;12;2942
17;2025-12-25;13;3041
17;2025-12-25;14;3101
17;2025-12-25;15;3310
17;2025-12-25;16;3708
17;2025-12-25;17;4478
17;2025-12-25;18;4885
17;2025-12-25;19;3447
17;2025-12-25;20;2384
17;2025-12-25;21;1499
17;2025-12-25;22;846
17;2025-12-25;23;395
17;2025-12-26;0;133
17;2025-12-26;1;15
17;2025-12-26;2;0
17;2025-12-26;3;0
17;2025-12-26;4;27
17;2025-12-26;5;311
17;2025-12-26;6;1487
17;2025-12-26;7;3870
17;2025-12-26;8;5057
17;2025-12-26;9;3751
17;2025-12-26;10;2931
17;2025-12-26;11;2920
17;2025-12-26;12;2952
17;2025-12-26;13;3046
17;2025-12-26;14;3125
17;2025-12-26;15;3396
17;2025-12-26;16;3787
17;2025-12-26;17;4470
17;2025-12-26;18;4434
17;2025-12-26;19;3350
17;2025-12-26;20;2329
17;2025-12-26;21;1513
17;2025-12-26;22;875
17;2025-12-26;23;428
17;2025-12-27;0;185
17;2025-12-27;1;22
17;2025-12-27;2;0
17;2025-12-27;3;0
17;2025-12-27;4;6
17;2025-12-27;5;130
17;2025-12-27;6;554
17;2025-12-27;7;1113
17;2025-12-27;8;1646
17;2025-12-27;9;1918
17;2025-12-27;10;2149
17;2025-12-27;11;2640
17;2025-12-27;12;3024
17;2025-12-27;13;3298
17;2025-12-27;14;3337
17;2025-12-27;15;3346
17;2025-12-27;16;3263
17;2025-12-27;17;3079
17;2025-12-27;18;2845
17;2025-12-27;19;2312
17;2025-12-27;20;1799
17;2025-12-27;21;1299
17;2025-12-27;22;839
17;2025-12-27;23;415
17;2025-12-28;0;176
17;2025-12-28;1;22
17;2025-12-28;2;0
17;2025-12-28;3;0
17;2025-12-28;4;4
17;2025-12-28;5;106
17;2025-12-28;6;422
17;2025-12-28;7;767
17;2025-12-28;8;1183
17;2025-12-28;9;1612
17;2025-12-28;10;1931
17;2025-12-28;11;2450
17;2025-12-28;12;2881
17;2025-12-28;13;3191
17;2025-12-28;14;3230
17;2025-12-28;15;3212
17;2025-12-28;16;3087
17;2025-12-28;17;2881
17;2025-12-28;18;2565
17;2025-12-28;19;2086
17;2025-12-28;20;1648
17;2025-12-28;21;1178
17;2025-12-28;22;726
17;2025-12-28;23;316
17;2025-12-29;0;101
17;2025-12-29;1;12
17;2025-12-29;2;0
17;2025-12-29;3;0
17;2025-12-29;4;27
17;2025-12-29;5;305
17;2025-12-29;6;1474
17;2025-12-29;7;3912
17;2025-12-29;8;5237
17;2025-12-29;9;3752
17;2025-12-29;10;2880
17;2025-12-29;11;2821
17;2025-12-29;12;2842
17;2025-12-29;13;2927
17;2025-12-29;14;3002
17;2025-12-29;15;3213
17;2025-12-29;16;3620
17;2025-12-29;17;4437
17;2025-12-29;18;4858
17;2025-12-29;19;3382
17;2025-12-29;20;2309
17;2025-12-29;21;1459
17;2025-12-29;22;758
17;2025-12-29;23;316
17;2025-12-30;0;102
17;2025-12-30;1;9
17;2025-12-30;2;0
17;2025-12-30;3;0
17;2025-12-30;4;28
17;2025-12-30;5;311
17;2025-12-30;6;1487
17;2025-12-30;7;3958
17;2025-12-30;8;5261
17;2025-12-30;9;3814
17;2025-12-30;10;2957
17;2025-12-30;11;2898
17;2025-12-30;12;2937
17;2025-12-30;13;3030
17;2025-12-30;14;3103
17;2025-12-30;15;3307
17;2025-12-30;16;3693
17;2025-12-30;17;4488
17;2025-12-30;18;4908
17;2025-12-30;19;3451
17;2025-12-30;20;2377
17;2025-12-30;21;1488
17;2025-12-30;22;800
17;2025-12-30;23;354
17;2025-12-31;0;117
17;2025-12-31;1;3
17;2025-12-31;2;0
17;2025-12-31;3;0
17;2025-12-31;4;2
17;2025-12-31;5;187
17;2025-12-31;6;532
17;2025-12-31;7;1706
17;2025-12-31;8;2046
17;2025-12-31;9;2200
17;2025-12-31;10;1852
17;2025-12-31;11;2153
17;2025-12-31;12;2300
17;2025-12-31;13;2429
17;2025-12-31;14;2455
17;2025-12-31;15;2641
17;2025-12-31;16;2852
17;2025-12-31;17;2950
17;2025-12-31;18;2923
17;2025-12-31;19;2482
17;2025-12-31;20;1557
17;2025-12-31;21;1093
17;2025-12-31;22;733
17;2025-12-31;23;298
25;2025-11-01;0;25
25;2025-11-01;1;0
25;2025-11-01;2;0
25;2025-11-01;3;0
25;2025-11-01;4;0
25;2025-11-01;5;17
25;2025-11-01;6;77
25;2025-11-01;7;161
25;2025-11-01;8;708
25;2025-11-01;9;326
25;2025-11-01;10;369
25;2025-11-01;11;418
25;2025-11-01;12;424
25;2025-11-01;13;619
25;2025-11-01;14;617
25;2025-11-01;15;690
25;2025-11-01;16;733
25;2025-11-01;17;746
25;2025-11-01;18;734
25;2025-11-01;19;427
25;2025-11-01;20;316
25;2025-11-01;21;249
25;2025-11-01;22;171
25;2025-11-01;23;63
25;2025-11-02;0;16
25;2025-11-02;1;0
25;2025-11-02;2;0
25;2025-11-02;3;0
25;2025-11-02;4;0
25;2025-11-02;5;5
25;2025-11-02;6;47
25;2025-11-02;7;99
25;2025-11-02;8;188
25;2025-11-02;9;215
25;2025-11-02;10;232
25;2025-11-02;11;330
25;2025-11-02;12;372
25;2025-11-02;13;505
25;2025-11-02;14;517
25;2025-11-02;15;589
25;2025-11-02;16;510
25;2025-11-02;17;450
25;2025-11-02;18;418
25;2025-11-02;19;335
25;2025-11-02;20;232
25;2025-11-02;21;179
25;2025-11-02;22;97
25;2025-11-02;23;37
25;2025-11-03;0;5
25;2025-11-03;1;0
25;2025-11-03;2;0
25;2025-11-03;3;0
25;2025-11-03;4;0
25;2025-11-03;5;0
25;2025-11-03;6;51
25;2025-11-03;7;257
25;2025-11-03;8;324
25;2025-11-03;9;264
25;2025-11-03;10;237
25;2025-11-03;11;303
25;2025-11-03;12;297
25;2025-11-03;13;428
25;2025-11-03;14;376
25;2025-11-03;15;463
25;2025-11-03;16;425
25;2025-11-03;17;390
25;2025-11-03;18;393
25;2025-11-03;19;408
25;2025-11-03;20;242
25;2025-11-03;21;147
25;2025-11-03;22;67
25;2025-11-03;23;11
25;2025-11-04;0;3
25;2025-11-04;1;0
25;2025-11-04;2;0
25;2025-11-04;3;0
25;2025-11-04;4;0
25;2025-11-04;5;2
25;2025-11-04;6;49
25;2025-11-04;7;156
25;2025-11-04;8;226
25;2025-11-04;9;189
25;2025-11-04;10;199
25;2025-11-04;11;247
25;2025-11-04;12;296
25;2025-11-04;13;389
25;2025-11-04;14;402
25;2025-11-04;15;418
25;2025-11-04;16;412
25;2025-11-04;17;351
25;2025-11-04;18;331
25;2025-11-04;19;390
25;2025-11-04;20;257
25;2025-11-04;21;168
25;2025-11-04;22;80
25;2025-11-04;23;20
25;2025-11-05;0;0
25;2025-11-05;1;0
25;2025-11-05;2;0
25;2025-11-05;3;0
25;2025-11-05;4;0
25;2025-11-05;5;6
25;2025-11-05;6;151
25;2025-11-05;7;513
25;2025-11-05;8;903
25;2025-11-05;9;479
25;2025-11-05;10;374
25;2025-11-05;11;432
25;2025-11-05;12;422
25;2025-11-05;13;520
25;2025-11-05;14;479
25;2025-11-05;15;567
25;2025-11-05;16;695
25;2025-11-05;17;757
25;2025-11-05;18;788
25;2025-11-05;19;556
25;2025-11-05;20;323
25;2025-11-05;21;212
25;2025-11-05;22;102
25;2025-11-05;23;7
25;2025-11-06;0;0
25;2025-11-06;1;0
25;2025-11-06;2;0
25;2025-11-06;3;0
25;2025-11-06;4;0
25;2025-11-06;5;6
25;2025-11-06;6;152
25;2025-11-06;7;516
25;2025-11-06;8;910
25;2025-11-06;9;485
25;2025-11-06;10;381
25;2025-11-06;11;436
25;2025-11-06;12;422
25;2025-11-06;13;519
25;2025-11-06;14;494
25;2025-11-06;15;583
25;2025-11-06;16;713
25;2025-11-06;17;758
25;2025-11-06;18;785
25;2025-11-06;19;559
25;2025-11-06;20;319
25;2025-11-06;21;211
25;2025-11-06;22;108
25;2025-11-06;23;7
25;2025-11-07;0;0
25;2025-11-07;1;0
25;2025-11-07;2;0
25;2025-11-07;3;0
25;2025-11-07;4;0
25;2025-11-07;5;6
25;2025-11-07;6;151
25;2025-11-07;7;507
25;2025-11-07;8;864
25;2025-11-07;9;471
25;2025-11-07;10;368
25;2025-11-07;11;439
25;2025-11-07;12;417
25;2025-11-07;13;517
25;2025-11-07;14;502
25;2025-11-07;15;591
25;2025-11-07;16;754
25;2025-11-07;17;751
25;2025-11-07;18;677
25;2025-11-07;19;513
25;2025-11-07;20;311
25;2025-11-07;21;212
25;2025-11-07;22;116
25;2025-11-07;23;10
25;2025-11-08;0;0
25;2025-11-08;1;0
25;2025-11-08;2;0
25;2025-11-08;3;0
25;2025-11-08;4;0
25;2025-11-08;5;4
25;2025-11-08;6;58
25;2025-11-08;7;130
25;2025-11-08;8;293
25;2025-11-08;9;283
25;2025-11-08;10;297
25;2025-11-08;11;394
25;2025-11-08;12;403
25;2025-11-08;13;551
25;2025-11-08;14;581
25;2025-11-08;15;656
25;2025-11-08;16;590
25;2025-11-08;17;501
25;2025-11-08;18;491
25;2025-11-08;19;432
25;2025-11-08;20;273
25;2025-11-08;21;208
25;2025-11-08;22;124
25;2025-11-08;23;51
25;2025-11-09;0;16
25;2025-11-09;1;0
25;2025-11-09;2;0
25;2025-11-09;3;0
25;2025-11-09;4;0
25;2025-11-09;5;5
25;2025-11-09;6;47
25;2025-11-09;7;99
25;2025-11-09;8;188
25;2025-11-09;9;215
25;2025-11-09;10;232
25;2025-11-09;11;330
25;2025-11-09;12;372
25;2025-11-09;13;505
25;2025-11-09;14;517
25;2025-11-09;15;589
25;2025-11-09;16;510
25;2025-11-09;17;450
25;2025-11-09;18;418
25;2025-11-09;19;335
25;2025-11-09;20;232
25;2025-11-09;21;179
25;2025-11-09;22;97
25;2025-11-09;23;37
25;2025-11-10;0;8
25;2025-11-10;1;0
25;2025-11-10;2;0
25;2025-11-10;3;0
25;2025-11-10;4;0
25;2025-11-10;5;5
25;2025-11-10;6;151
25;2025-11-10;7;506
25;2025-11-10;8;879
25;2025-11-10;9;471
25;2025-11-10;10;348
25;2025-11-10;11;404
25;2025-11-10;12;394
25;2025-11-10;13;502
25;2025-11-10;14;447
25;2025-11-10;15;520
25;2025-11-10;16;681
25;2025-11-10;17;732
25;2025-11-10;18;759
25;2025-11-10;19;506
25;2025-11-10;20;297
25;2025-11-10;21;190
25;2025-11-10;22;85
25;2025-11-10;23;5
25;2025-11-11;0;0
25;2025-11-11;1;0
25;2025-11-11;2;0
25;2025-11-11;3;0
25;2025-11-11;4;0
25;2025-11-11;5;6
25;2025-11-11;6;150
25;2025-11-11;7;513
25;2025-11-11;8;909
25;2025-11-11;9;483
25;2025-11-11;10;375
25;2025-11-11;11;434
25;2025-11-11;12;419
25;2025-11-11;13;514
25;2025-11-11;14;481
25;2025-11-11;15;567
25;2025-11-11;16;708
25;2025-11-11;17;753
25;2025-11-11;18;785
25;2025-11-11;19;552
25;2025-11-11;20;316
25;2025-11-11;21;199
25;2025-11-11;22;97
25;2025-11-11;23;7
25;2025-11-12;0;0
25;2025-11-12;1;0
25;2025-11-12;2;0
25;2025-11-12;3;0
25;2025-11-12;4;0
25;2025-11-12;5;6
25;2025-11-12;6;151
25;2025-11-12;7;513
25;2025-11-12;8;903
25;2025-11-12;9;479
25;2025-11-12;10;374
25;2025-11-12;11;432
25;2025-11-12;12;422
25;2025-11-12;13;520
25;2025-11-12;14;479
25;2025-11-12;15;567
25;2025-11-12;16;695
25;2025-11-12;17;757
25;2025-11-12;18;788
25;2025-11-12;19;556
25;2025-11-12;20;323
25;2025-11-12;21;212
25;2025-11-12;22;102
25;2025-11-12;23;7
25;2025-11-13;0;0
25;2025-11-13;1;0
25;2025-11-13;2;0
25;2025-11-13;3;0
25;2025-11-13;4;0
25;2025-11-13;5;6
25;2025-11-13;6;152
25;2025-11-13;7;516
25;2025-11-13;8;910
25;2025-11-13;9;485
25;2025-11-13;10;381
25;2025-11-13;11;436
25;2025-11-13;12;422
25;2025-11-13;13;519
25;2025-11-13;14;494
25;2025-11-13;15;583
25;2025-11-13;16;713
25;2025-11-13;17;758
25;2025-11-13;18;785
25;2025-11-13;19;559
25;2025-11-13;20;319
25;2025-11-13;21;211
25;2025-11-13;22;108
25;2025-11-13;23;7
25;2025-11-14;0;0
25;2025-11-14;1;0
25;2025-11-14;2;0
25;2025-11-14;3;0
25;2025-11-14;4;0
25;2025-11-14;5;6
25;2025-11-14;6;151
25;2025-11-14;7;507
25;2025-11-14;8;864
25;2025-11-14;9;471
25;2025-11-14;10;368
25;2025-11-14;11;439
25;2025-11-14;12;417
25;2025-11-14;13;517
25;2025-11-14;14;502
25;2025-11-14;15;591
25;2025-11-14;16;754
25;2025-11-14;17;751
25;2025-11-14;18;677
25;2025-11-14;19;513
25;2025-11-14;20;311
25;2025-11-14;21;212
25;2025-11-14;22;116
25;2025-11-14;23;10
25;2025-11-15;0;0
25;2025-11-15;1;0
25;2025-11-15;2;0
25;2025-11-15;3;0
25;2025-11-15;4;0
25;2025-11-15;5;4
25;2025-11-15;6;58
25;2025-11-15;7;130
25;2025-11-15;8;293
25;2025-11-15;9;283
25;2025-11-15;10;297
25;2025-11-15;11;394
25;2025-11-15;12;403
25;2025-11-15;13;551
25;2025-11-15;14;581
25;2025-11-15;15;656
25;2025-11-15;16;590
25;2025-11-15;17;501
25;2025-11-15;18;491
25;2025-11-15;19;432
25;2025-11-15;20;273
25;2025-11-15;21;208
25;2025-11-15;22;124
25;2025-11-15;23;51
25;2025-11-16;0;16
25;2025-11-16;1;0
25;2025-11-16;2;0
25;2025-11-16;3;0
25;2025-11-16;4;0
25;2025-11-16;5;5
25;2025-11-16;6;47
25;2025-11-16;7;99
25;2025-11-16;8;188
25;2025-11-16;9;215
25;2025-11-16;10;232
25;2025-11-16;11;330
25;2025-11-16;12;372
25;2025-11-16;13;505
25;2025-11-16;14;517
25;2025-11-16;15;589
25;2025-11-16;16;510
25;2025-11-16;17;450
25;2025-11-16;18;418
25;2025-11-16;19;335
25;2025-11-16;20;232
25;2025-11-16;21;179
25;2025-11-16;22;97
25;2025-11-16;23;37
25;2025-11-17;0;8
25;2025-11-17;1;0
25;2025-11-17;2;0
25;2025-11-17;3;0
25;2025-11-17;4;0
25;2025-11-17;5;5
25;2025-11-17;6;151
25;2025-11-17;7;506
25;2025-11-17;8;879
25;2025-11-17;9;471
25;2025-11-17;10;348
25;2025-11-17;11;404
25;2025-11-17;12;394
25;2025-11-17;13;502
25;2025-11-17;14;447
25;2025-11-17;15;520
25;2025-11-17;16;681
25;2025-11-17;17;732
25;2025-11-17;18;759
25;2025-11-17;19;506
25;2025-11-17;20;297
25;2025-11-17;21;190
25;2025-11-17;22;85
25;2025-11-17;23;5
25;2025-11-18;0;0
25;2025-11-18;1;0
25;2025-11-18;2;0
25;2025-11-18;3;0
25;2025-11-18;4;0
25;2025-11-18;5;6
25;2025-11-18;6;150
25;2025-11-18;7;513
25;2025-11-18;8;909
25;2025-11-18;9;483
25;2025-11-18;10;375
25;2025-11-18;11;434
25;2025-11-18;12;419
25;2025-11-18;13;514
25;2025-11-18;14;481
25;2025-11-18;15;567
25;2025-11-18;16;708
25;2025-11-18;17;753
25;2025-11-18;18;785
25;2025-11-18;19;552
25;2025-11-18;20;316
25;2025-11-18;21;199
25;2025-11-18;22;97
25;2025-11-18;23;7
25;2025-11-19;0;0
25;2025-11-19;1;0
25;2025-11-19;2;0
25;2025-11-19;3;0
25;2025-11-19;4;0
25;2025-11-19;5;6
25;2025-11-19;6;151
25;2025-11-19;7;513
25;2025-11-19;8;903
25;2025-11-19;9;479
25;2025-11-19;10;374
25;2025-11-19;11;432
25;2025-11-19;12;422
25;2025-11-19;13;520
25;2025-11-19;14;479
25;2025-11-19;15;567
25;2025-11-19;16;695
25;2025-11-19;17;757
25;2025-11-19;18;788
25;2025-11-19;19;556
25;2025-11-19;20;323
25;2025-11-19;21;212
25;2025-11-19;22;102
25;2025-11-19;23;7
25;2025-11-20;0;0
25;2025-11-20;1;0
25;2025-11-20;2;0
25;2025-11-20;3;0
25;2025-11-20;4;0
25;2025-11-20;5;6
25;2025-11-20;6;152
25;2025-11-20;7;516
25;2025-11-20;8;910
25;2025-11-20;9;485
25;2025-11-20;10;381
25;2025-11-20;11;436
25;2025-11-20;12;422
25;2025-11-20;13;519
25;2025-11-20;14;494
25;2025-11-20;15;583
25;2025-11-20;16;713
25;2025-11-20;17;758
25;2025-11-20;18;785
25;2025-11-20;19;559
25;2025-11-20;20;319
25;2025-11-20;21;211
25;2025-11-20;22;108
25;2025-11-20;23;7
25;2025-11-21;0;0
25;2025-11-21;1;0
25;2025-11-21;2;0
25;2025-11-21;3;0
25;2025-11-21;4;0
25;2025-11-21;5;6
25;2025-11-21;6;151
25;2025-11-21;7;507
25;2025-11-21;8;864
25;2025-11-21;9;471
25;2025-11-21;10;368
25;2025-11-21;11;439
25;2025-11-21;12;417
25;2025-11-21;13;517
25;2025-11-21;14;502
25;2025-11-21;15;591
25;2025-11-21;16;754
25;2025-11-21;17;751
25;2025-11-21;18;677
25;2025-11-21;19;513
25;2025-11-21;20;311
25;2025-11-21;21;212
25;2025-11-21;22;116
25;2025-11-21;23;10
25;2025-11-22;0;0
25;2025-11-22;1;0
25;2025-11-22;2;0
25;2025-11-22;3;0
25;2025-11-22;4;0
25;2025-11-22;5;4
25;2025-11-22;6;58
25;2025-11-22;7;130
25;2025-11-22;8;293
25;2025-11-22;9;283
25;2025-11-22;10;297
25;2025-11-22;11;394
25;2025-11-22;12;403
25;2025-11-22;13;551
25;2025-11-22;14;581
25;2025-11-22;15;656
25;2025-11-22;16;590
25;2025-11-22;17;501
25;2025-11-22;18;491
25;2025-11-22;19;432
25;2025-11-22;20;273
25;2025-11-22;21;208
25;2025-11-22;22;124
25;2025-11-22;23;51
25;2025-11-23;0;16
25;2025-11-23;1;0
25;2025-11-23;2;0
25;2025-11-23;3;0
25;2025-11-23;4;0
25;2025-11-23;5;5
25;2025-11-23;6;47
25;2025-11-23;7;99
25;2025-11-23;8;188
25;2025-11-23;9;215
25;2025-11-23;10;232
25;2025-11-23;11;330
25;2025-11-23;12;372
25;2025-11-23;13;505
25;2025-11-23;14;517
25;2025-11-23;15;589
25;2025-11-23;16;510
25;2025-11-23;17;450
25;2025-11-23;18;418
25;2025-11-23;19;335
25;2025-11-23;20;232
25;2025-11-23;21;179
25;2025-11-23;22;97
25;2025-11-23;23;37
25;2025-11-24;0;8
25;2025-11-24;1;0
25;2025-11-24;2;0
25;2025-11-24;3;0
25;2025-11-24;4;0
25;2025-11-24;5;5
25;2025-11-24;6;151
25;2025-11-24;7;506
25;2025-11-24;8;879
25;2025-11-24;9;471
25;2025-11-24;10;348
25;2025-11-24;11;404
25;2025-11-24;12;394
25;2025-11-24;13;502
25;2025-11-24;14;447
25;2025-11-24;15;520
25;2025-11-24;16;681
25;2025-11-24;17;732
25;2025-11-24;18;759
25;2025-11-24;19;506
25;2025-11-24;20;297
25;2025-11-24;21;190
25;2025-11-24;22;85
25;2025-11-24;23;5
25;2025-11-25;0;0
25;2025-11-25;1;0
25;2025-11-25;2;0
25;2025-11-25;3;0
25;2025-11-25;4;0
25;2025-11-25;5;6
25;2025-11-25;6;150
25;2025-11-25;7;513
25;2025-11-25;8;909
25;2025-11-25;9;483
25;2025-11-25;10;375
25;2025-11-25;11;434
25;2025-11-25;12;419
25;2025-11-25;13;514
25;2025-11-25;14;481
25;2025-11-25;15;567
25;2025-11-25;16;708
25;2025-11-25;17;753
25;2025-11-25;18;785
25;2025-11-25;19;552
25;2025-11-25;20;316
25;2025-11-25;21;199
25;2025-11-25;22;97
25;2025-11-25;23;7
25;2025-11-26;0;0
25;2025-11-26;1;0
25;2025-11-26;2;0
25;2025-11-26;3;0
25;2025-11-26;4;0
25;2025-11-26;5;6
25;2025-11-26;6;151
25;2025-11-26;7;513
25;2025-11-26;8;903
25;2025-11-26;9;479
25;2025-11-26;10;374
25;2025-11-26;11;432
25;2025-11-26;12;422
25;2025-11-26;13;520
25;2025-11-26;14;479
25;2025-11-26;15;567
25;2025-11-26;16;695
25;2025-11-26;17;757
25;2025-11-26;18;788
25;2025-11-26;19;556
25;2025-11-26;20;323
25;2025-11-26;21;212
25;2025-11-26;22;102
25;2025-11-26;23;7
25;2025-11-27;0;0
25;2025-11-27;1;0
25;2025-11-27;2;0
25;2025-11-27;3;0
25;2025-11-27;4;0
25;2025-11-27;5;6
25;2025-11-27;6;152
25;2025-11-27;7;516
25;2025-11-27;8;910
25;2025-11-27;9;485
25;2025-11-27;10;381
25;2025-11-27;11;436
25;2025-11-27;12;422
25;2025-11-27;13;519
25;2025-11-27;14;494
25;2025-11-27;15;583
25;2025-11-27;16;713
25;2025-11-27;17;758
25;2025-11-27;18;785
25;2025-11-27;19;559
25;2025-11-27;20;319
25;2025-11-27;21;211
25;2025-11-27;22;108
25;2025-11-27;23;7
25;2025-11-28;0;0
25;2025-11-28;1;0
25;2025-11-28;2;0
25;2025-11-28;3;0
25;2025-11-28;4;0
25;2025-11-28;5;6
25;2025-11-28;6;151
25;2025-11-28;7;507
25;2025-11-28;8;864
25;2025-11-28;9;471
25;2025-11-28;10;368
25;2025-11-28;11;439
25;2025-11-28;12;417
25;2025-11-28;13;517
25;2025-11-28;14;502
25;2025-11-28;15;591
25;2025-11-28;16;754
25;2025-11-28;17;751
25;2025-11-28;18;677
25;2025-11-28;19;513
25;2025-11-28;20;311
25;2025-11-28;21;212
25;2025-11-28;22;116
25;2025-11-28;23;10
25;2025-11-29;0;0
25;2025-11-29;1;0
25;2025-11-29;2;0
25;2025-11-29;3;0
25;2025-11-29;4;0
25;2025-11-29;5;4
25;2025-11-29;6;58
25;2025-11-29;7;130
25;2025-11-29;8;293
25;2025-11-29;9;283
25;2025-11-29;10;297
25;2025-11-29;11;394
25;2025-11-29;12;403
25;2025-11-29;13;551
25;2025-11-29;14;581
25;2025-11-29;15;656
25;2025-11-29;16;590
25;2025-11-29;17;501
25;2025-11-29;18;491
25;2025-11-29;19;432
25;2025-11-29;20;273
25;2025-11-29;21;208
25;2025-11-29;22;124
25;2025-11-29;23;51
25;2025-11-30;0;16
25;2025-11-30;1;0
25;2025-11-30;2;0
25;2025-11-30;3;0
25;2025-11-30;4;0
25;2025-11-30;5;5
25;2025-11-30;6;47
25;2025-11-30;7;99
25;2025-11-30;8;188
25;2025-11-30;9;215
25;2025-11-30;10;232
25;2025-11-30;11;330
25;2025-11-30;12;372
25;2025-11-30;13;505
25;2025-11-30;14;517
25;2025-11-30;15;589
25;2025-11-30;16;510
25;2025-11-30;17;450
25;2025-11-30;18;418
25;2025-11-30;19;335
25;2025-11-30;20;232
25;2025-11-30;21;179
25;2025-11-30;22;97
25;2025-11-30;23;37
25;2025-12-01;0;10
25;2025-12-01;1;0
25;2025-12-01;2;0
25;2025-12-01;3;0
25;2025-12-01;4;0
25;2025-12-01;5;1
25;2025-12-01;6;145
25;2025-12-01;7;479
25;2025-12-01;8;826
25;2025-12-01;9;420
25;2025-12-01;10;295
25;2025-12-01;11;320
25;2025-12-01;12;335
25;2025-12-01;13;415
25;2025-12-01;14;347
25;2025-12-01;15;453
25;2025-12-01;16;609
25;2025-12-01;17;674
25;2025-12-01;18;734
25;2025-12-01;19;427
25;2025-12-01;20;254
25;2025-12-01;21;157
25;2025-12-01;22;99
25;2025-12-01;23;3
25;2025-12-02;0;0
25;2025-12-02;1;0
25;2025-12-02;2;0
25;2025-12-02;3;0
25;2025-12-02;4;0
25;2025-12-02;5;2
25;2025-12-02;6;146
25;2025-12-02;7;486
25;2025-12-02;8;844
25;2025-12-02;9;430
25;2025-12-02;10;319
25;2025-12-02;11;347
25;2025-12-02;12;357
25;2025-12-02;13;424
25;2025-12-02;14;378
25;2025-12-02;15;484
25;2025-12-02;16;622
25;2025-12-02;17;686
25;2025-12-02;18;746
25;2025-12-02;19;457
25;2025-12-02;20;273
25;2025-12-02;21;166
25;2025-12-02;22;111
25;2025-12-02;23;4
25;2025-12-03;0;0
25;2025-12-03;1;0
25;2025-12-03;2;0
25;2025-12-03;3;0
25;2025-12-03;4;0
25;2025-12-03;5;1
25;2025-12-03;6;146
25;2025-12-03;7;483
25;2025-12-03;8;837
25;2025-12-03;9;424
25;2025-12-03;10;318
25;2025-12-03;11;345
25;2025-12-03;12;360
25;2025-12-03;13;427
25;2025-12-03;14;373
25;2025-12-03;15;482
25;2025-12-03;16;614
25;2025-12-03;17;690
25;2025-12-03;18;749
25;2025-12-03;19;458
25;2025-12-03;20;279
25;2025-12-03;21;179
25;2025-12-03;22;116
25;2025-12-03;23;4
25;2025-12-04;0;0
25;2025-12-04;1;0
25;2025-12-04;2;0
25;2025-12-04;3;0
25;2025-12-04;4;0
25;2025-12-04;5;1
25;2025-12-04;6;147
25;2025-12-04;7;487
25;2025-12-04;8;845
25;2025-12-04;9;430
25;2025-12-04;10;325
25;2025-12-04;11;349
25;2025-12-04;12;359
25;2025-12-04;13;426
25;2025-12-04;14;388
25;2025-12-04;15;498
25;2025-12-04;16;627
25;2025-12-04;17;691
25;2025-12-04;18;746
25;2025-12-04;19;462
25;2025-12-04;20;275
25;2025-12-04;21;178
25;2025-12-04;22;122
25;2025-12-04;23;5
25;2025-12-05;0;0
25;2025-12-05;1;0
25;2025-12-05;2;0
25;2025-12-05;3;0
25;2025-12-05;4;0
25;2025-12-05;5;1
25;2025-12-05;6;145
25;2025-12-05;7;480
25;2025-12-05;8;810
25;2025-12-05;9;419
25;2025-12-05;10;312
25;2025-12-05;11;351
25;2025-12-05;12;355
25;2025-12-05;13;430
25;2025-12-05;14;401
25;2025-12-05;15;519
25;2025-12-05;16;676
25;2025-12-05;17;693
25;2025-12-05;18;651
25;2025-12-05;19;432
25;2025-12-05;20;267
25;2025-12-05;21;179
25;2025-12-05;22;130
25;2025-12-05;23;7
25;2025-12-06;0;0
25;2025-12-06;1;0
25;2025-12-06;2;0
25;2025-12-06;3;0
25;2025-12-06;4;0
25;2025-12-06;5;0
25;2025-12-06;6;48
25;2025-12-06;7;132
25;2025-12-06;8;249
25;2025-12-06;9;246
25;2025-12-06;10;252
25;2025-12-06;11;308
25;2025-12-06;12;348
25;2025-12-06;13;441
25;2025-12-06;14;461
25;2025-12-06;15;544
25;2025-12-06;16;485
25;2025-12-06;17;422
25;2025-12-06;18;425
25;2025-12-06;19;375
25;2025-12-06;20;236
25;2025-12-06;21;180
25;2025-12-06;22;137
25;2025-12-06;23;50
25;2025-12-07;0;14
25;2025-12-07;1;0
25;2025-12-07;2;0
25;2025-12-07;3;0
25;2025-12-07;4;0
25;2025-12-07;5;0
25;2025-12-07;6;39
25;2025-12-07;7;103
25;2025-12-07;8;165
25;2025-12-07;9;180
25;2025-12-07;10;197
25;2025-12-07;11;254
25;2025-12-07;12;319
25;2025-12-07;13;403
25;2025-12-07;14;411
25;2025-12-07;15;498
25;2025-12-07;16;428
25;2025-12-07;17;382
25;2025-12-07;18;369
25;2025-12-07;19;297
25;2025-12-07;20;199
25;2025-12-07;21;156
25;2025-12-07;22;110
25;2025-12-07;23;37
25;2025-12-08;0;10
25;2025-12-08;1;0
25;2025-12-08;2;0
25;2025-12-08;3;0
25;2025-12-08;4;0
25;2025-12-08;5;1
25;2025-12-08;6;145
25;2025-12-08;7;479
25;2025-12-08;8;826
25;2025-12-08;9;420
25;2025-12-08;10;295
25;2025-12-08;11;320
25;2025-12-08;12;335
25;2025-12-08;13;415
25;2025-12-08;14;347
25;2025-12-08;15;453
25;2025-12-08;16;609
25;2025-12-08;17;674
25;2025-12-08;18;734
25;2025-12-08;19;427
25;2025-12-08;20;254
25;2025-12-08;21;157
25;2025-12-08;22;99
25;2025-12-08;23;3
25;2025-12-09;0;0
25;2025-12-09;1;0
25;2025-12-09;2;0
25;2025-12-09;3;0
25;2025-12-09;4;0
25;2025-12-09;5;2
25;2025-12-09;6;146
25;2025-12-09;7;486
25;2025-12-09;8;844
25;2025-12-09;9;430
25;2025-12-09;10;319
25;2025-12-09;11;347
25;2025-12-09;12;357
25;2025-12-09;13;424
25;2025-12-09;14;378
25;2025-12-09;15;484
25;2025-12-09;16;622
25;2025-12-09;17;686
25;2025-12-09;18;746
25;2025-12-09;19;457
25;2025-12-09;20;273
25;2025-12-09;21;166
25;2025-12-09;22;111
25;2025-12-09;23;4
25;2025-12-10;0;0
25;2025-12-10;1;0
25;2025-12-10;2;0
25;2025-12-10;3;0
25;2025-12-10;4;0
25;2025-12-10;5;1
25;2025-12-10;6;146
25;2025-12-10;7;483
25;2025-12-10;8;837
25;2025-12-10;9;424
25;2025-12-10;10;318
25;2025-12-10;11;345
25;2025-12-10;12;360
25;2025-12-10;13;427
25;2025-12-10;14;373
25;2025-12-10;15;482
25;2025-12-10;16;614
25;2025-12-10;17;690
25;2025-12-10;18;749
25;2025-12-10;19;458
25;2025-12-10;20;279
25;2025-12-10;21;179
25;2025-12-10;22;116
25;2025-12-10;23;4
25;2025-12-11;0;0
25;2025-12-11;1;0
25;2025-12-11;2;0
25;2025-12-11;3;0
25;2025-12-11;4;0
25;2025-12-11;5;1
25;2025-12-11;6;147
25;2025-12-11;7;487
25;2025-12-11;8;845
25;2025-12-11;9;430
25;2025-12-11;10;325
25;2025-12-11;11;349
25;2025-12-11;12;359
25;2025-12-11;13;426
25;2025-12-11;14;388
25;2025-12-11;15;498
25;2025-12-11;16;627
25;2025-12-11;17;691
25;2025-12-11;18;746
25;2025-12-11;19;462
25;2025-12-11;20;275
25;2025-12-11;21;178
25;2025-12-11;22;122
25;2025-12-11;23;5
25;2025-12-12;0;0
25;2025-12-12;1;0
25;2025-12-12;2;0
25;2025-12-12;3;0
25;2025-12-12;4;0
25;2025-12-12;5;1
25;2025-12-12;6;145
25;2025-12-12;7;480
25;2025-12-12;8;810
25;2025-12-12;9;419
25;2025-12-12;10;312
25;2025-12-12;11;351
25;2025-12-12;12;355
25;2025-12-12;13;430
25;2025-12-12;14;401
25;2025-12-12;15;519
25;2025-12-12;16;676
25;2025-12-12;17;693
25;2025-12-12;18;651
25;2025-12-12;19;432
25;2025-12-12;20;267
25;2025-12-12;21;179
25;2025-12-12;22;130
25;2025-12-12;23;7
25;2025-12-13;0;0
25;2025-12-13;1;0
25;2025-12-13;2;0
25;2025-12-13;3;0
25;2025-12-13;4;0
25;2025-12-13;5;0
25;2025-12-13;6;48
25;2025-12-13;7;132
25;2025-12-13;8;249
25;2025-12-13;9;246
25;2025-12-13;10;252
25;2025-12-13;11;308
25;2025-12-13;12;348
25;2025-12-13;13;441
25;2025-12-13;14;461
25;2025-12-13;15;544
25;2025-12-13;16;485
25;2025-12-13;17;422
25;2025-12-13;18;425
25;2025-12-13;19;375
25;2025-12-13;20;236
25;2025-12-13;21;180
25;2025-12-13;22;137
25;2025-12-13;23;50
25;2025-12-14;0;14
25;2025-12-14;1;0
25;2025-12-14;2;0
25;2025-12-14;3;0
25;2025-12-14;4;0
25;2025-12-14;5;0
25;2025-12-14;6;39
25;2025-12-14;7;103
25;2025-12-14;8;165
25;2025-12-14;9;180
25;2025-12-14;10;197
25;2025-12-14;11;254
25;2025-12-14;12;319
25;2025-12-14;13;403
25;2025-12-14;14;411
25;2025-12-14;15;498
25;2025-12-14;16;428
25;2025-12-14;17;382
25;2025-12-14;18;369
25;2025-12-14;19;297
25;2025-12-14;20;199
25;2025-12-14;21;156
25;2025-12-14;22;110
25;2025-12-14;23;37
25;2025-12-15;0;10
25;2025-12-15;1;0
25;2025-12-15;2;0
25;2025-12-15;3;0
25;2025-12-15;4;0
25;2025-12-15;5;1
25;2025-12-15;6;145
25;2025-12-15;7;479
25;2025-12-15;8;826
25;2025-12-15;9;420
25;2025-12-15;10;295
25;2025-12-15;11;320
25;2025-12-15;12;335
25;2025-12-15;13;415
25;2025-12-15;14;347
25;2025-12-15;15;453
25;2025-12-15;16;609
25;2025-12-15;17;674
25;2025-12-15;18;734
25;2025-12-15;19;427
25;2025-12-15;20;254
25;2025-12-15;21;157
25;2025-12-15;22;99
25;2025-12-15;23;3
25;2025-12-16;0;0
25;2025-12-16;1;0
25;2025-12-16;2;0
25;2025-12-16;3;0
25;2025-12-16;4;0
25;2025-12-16;5;2
25;2025-12-16;6;146
25;2025-12-16;7;486
25;2025-12-16;8;844
25;2025-12-16;9;430
25;2025-12-16;10;319
25;2025-12-16;11;347
25;2025-12-16;12;357
25;2025-12-16;13;424
25;2025-12-16;14;378
25;2025-12-16;15;484
25;2025-12-16;16;622
25;2025-12-16;17;686
25;2025-12-16;18;746
25;2025-12-16;19;457
25;2025-12-16;20;273
25;2025-12-16;21;166
25;2025-12-16;22;111
25;2025-12-16;23;4
25;2025-12-17;0;0
25;2025-12-17;1;0
25;2025-12-17;2;0
25;2025-12-17;3;0
25;2025-12-17;4;0
25;2025-12-17;5;1
25;2025-12-17;6;146
25;2025-12-17;7;483
25;2025-12-17;8;837
25;2025-12-17;9;424
25;2025-12-17;10;318
25;2025-12-17;11;345
25;2025-12-17;12;360
25;2025-12-17;13;427
25;2025-12-17;14;373
25;2025-12-17;15;482
25;2025-12-17;16;614
25;2025-12-17;17;690
25;2025-12-17;18;749
25;2025-12-17;19;458
25;2025-12-17;20;279
25;2025-12-17;21;179
25;2025-12-17;22;116
25;2025-12-17;23;4
25;2025-12-18;0;0
25;2025-12-18;1;0
25;2025-12-18;2;0
25;2025-12-18;3;0
25;2025-12-18;4;0
25;2025-12-18;5;1
25;2025-12-18;6;147
25;2025-12-18;7;487
25;2025-12-18;8;845
25;2025-12-18;9;430
25;2025-12-18;10;325
25;2025-12-18;11;349
25;2025-12-18;12;359
25;2025-12-18;13;426
25;2025-12-18;14;388
25;2025-12-18;15;498
25;2025-12-18;16;627
25;2025-12-18;17;691
25;2025-12-18;18;746
25;2025-12-18;19;462
25;2025-12-18;20;275
25;2025-12-18;21;178
25;2025-12-18;22;122
25;2025-12-18;23;5
25;2025-12-19;0;0
25;2025-12-19;1;0
25;2025-12-19;2;0
25;2025-12-19;3;0
25;2025-12-19;4;0
25;2025-12-19;5;1
25;2025-12-19;6;145
25;2025-12-19;7;480
25;2025-12-19;8;810
25;2025-12-19;9;419
25;2025-12-19;10;312
25;2025-12-19;11;351
25;2025-12-19;12;355
25;2025-12-19;13;430
25;2025-12-19;14;401
25;2025-12-19;15;519
25;2025-12-19;16;676
25;2025-12-19;17;693
25;2025-12-19;18;651
25;2025-12-19;19;432
25;2025-12-19;20;267
25;2025-12-19;21;179
25;2025-12-19;22;130
25;2025-12-19;23;7
25;2025-12-20;0;0
25;2025-12-20;1;0
25;2025-12-20;2;0
25;2025-12-20;3;0
25;2025-12-20;4;0
25;2025-12-20;5;0
25;2025-12-20;6;48
25;2025-12-20;7;132
25;2025-12-20;8;249
25;2025-12-20;9;246
25;2025-12-20;10;252
25;2025-12-20;11;308
25;2025-12-20;12;348
25;2025-12-20;13;441
25;2025-12-20;14;461
25;2025-12-20;15;544
25;2025-12-20;16;485
25;2025-12-20;17;422
25;2025-12-20;18;425
25;2025-12-20;19;375
25;2025-12-20;20;236
25;2025-12-20;21;180
25;2025-12-20;22;137
25;2025-12-20;23;50
25;2025-12-21;0;14
25;2025-12-21;1;0
25;2025-12-21;2;0
25;2025-12-21;3;0
25;2025-12-21;4;0
25;2025-12-21;5;0
25;2025-12-21;6;39
25;2025-12-21;7;103
25;2025-12-21;8;165
25;2025-12-21;9;180
25;2025-12-21;10;197
25;2025-12-21;11;254
25;2025-12-21;12;319
25;2025-12-21;13;403
25;2025-12-21;14;411
25;2025-12-21;15;498
25;2025-12-21;16;428
25;2025-12-21;17;382
25;2025-12-21;18;369
25;2025-12-21;19;297
25;2025-12-21;20;199
25;2025-12-21;21;156
25;2025-12-21;22;110
25;2025-12-21;23;37
25;2025-12-22;0;10
25;2025-12-22;1;0
25;2025-12-22;2;0
25;2025-12-22;3;0
25;2025-12-22;4;0
25;2025-12-22;5;1
25;2025-12-22;6;145
25;2025-12-22;7;479
25;2025-12-22;8;826
25;2025-12-22;9;420
25;2025-12-22;10;295
25;2025-12-22;11;320
25;2025-12-22;12;335
25;2025-12-22;13;415
25;2025-12-22;14;347
25;2025-12-22;15;453
25;2025-12-22;16;609
25;2025-12-22;17;674
25;2025-12-22;18;734
25;2025-12-22;19;427
25;2025-12-22;20;254
25;2025-12-22;21;157
25;2025-12-22;22;99
25;2025-12-22;23;3
25;2025-12-23;0;0
25;2025-12-23;1;0
25;2025-12-23;2;0
25;2025-12-23;3;0
25;2025-12-23;4;0
25;2025-12-23;5;2
25;2025-12-23;6;146
25;2025-12-23;7;486
25;2025-12-23;8;844
25;2025-12-23;9;430
25;2025-12-23;10;319
25;2025-12-23;11;347
25;2025-12-23;12;357
25;2025-12-23;13;424
25;2025-12-23;14;378
25;2025-12-23;15;484
25;2025-12-23;16;622
25;2025-12-23;17;686
25;2025-12-23;18;746
25;2025-12-23;19;457
25;2025-12-23;20;273
25;2025-12-23;21;166
25;2025-12-23;22;111
25;2025-12-23;23;4
25;2025-12-24;0;0
25;2025-12-24;1;0
25;2025-12-24;2;0
25;2025-12-24;3;0
25;2025-12-24;4;0
25;2025-12-24;5;1
25;2025-12-24;6;146
25;2025-12-24;7;483
25;2025-12-24;8;837
25;2025-12-24;9;424
25;2025-12-24;10;318
25;2025-12-24;11;345
25;2025-12-24;12;360
25;2025-12-24;13;427
25;2025-12-24;14;373
25;2025-12-24;15;482
25;2025-12-24;16;614
25;2025-12-24;17;690
25;2025-12-24;18;749
25;2025-12-24;19;458
25;2025-12-24;20;279
25;2025-12-24;21;179
25;2025-12-24;22;116
25;2025-12-24;23;4
25;2025-12-25;0;0
25;2025-12-25;1;0
25;2025-12-25;2;0
25;2025-12-25;3;0
25;2025-12-25;4;0
25;2025-12-25;5;1
25;2025-12-25;6;147
25;2025-12-25;7;487
25;2025-12-25;8;845
25;2025-12-25;9;430
25;2025-12-25;10;325
25;2025-12-25;11;349
25;2025-12-25;12;359
25;2025-12-25;13;426
25;2025-12-25;14;388
25;2025-12-25;15;498
25;2025-12-25;16;627
25;2025-12-25;17;691
25;2025-12-25;18;746
25;2025-12-25;19;462
25;2025-12-25;20;275
25;2025-12-25;21;178
25;2025-12-25;22;122
25;2025-12-25;23;5
25;2025-12-26;0;0
25;2025-12-26;1;0
25;2025-12-26;2;0
25;2025-12-26;3;0
25;2025-12-26;4;0
25;2025-12-26;5;1
25;2025-12-26;6;145
25;2025-12-26;7;480
25;2025-12-26;8;810
25;2025-12-26;9;419
25;2025-12-26;10;312
25;2025-12-26;11;351
25;2025-12-26;12;355
25;2025-12-26;13;430
25;2025-12-26;14;401
25;2025-12-26;15;519
25;2025-12-26;16;676
25;2025-12-26;17;693
25;2025-12-26;18;651
25;2025-12-26;19;432
25;2025-12-26;20;267
25;2025-12-26;21;179
25;2025-12-26;22;130
25;2025-12-26;23;7
25;2025-12-27;0;0
25;2025-12-27;1;0
25;2025-12-27;2;0
25;2025-12-27;3;0
25;2025-12-27;4;0
25;2025-12-27;5;0
25;2025-12-27;6;48
25;2025-12-27;7;132
25;2025-12-27;8;249
25;2025-12-27;9;246
25;2025-12-27;10;252
25;2025-12-27;11;308
25;2025-12-27;12;348
25;2025-12-27;13;441
25;2025-12-27;14;461
25;2025-12-27;15;544
25;2025-12-27;16;485
25;2025-12-27;17;422
25;2025-12-27;18;425
25;2025-12-27;19;375
25;2025-12-27;20;236
25;2025-12-27;21;180
25;2025-12-27;22;137
25;2025-12-27;23;50
25;2025-12-28;0;14
25;2025-12-28;1;0
25;2025-12-28;2;0
25;2025-12-28;3;0
25;2025-12-28;4;0
25;2025-12-28;5;0
25;2025-12-28;6;39
25;2025-12-28;7;103
25;2025-12-28;8;165
25;2025-12-28;9;180
25;2025-12-28;10;197
25;2025-12-28;11;254
25;2025-12-28;12;319
25;2025-12-28;13;403
25;2025-12-28;14;411
25;2025-12-28;15;498
25;2025-12-28;16;428
25;2025-12-28;17;382
25;2025-12-28;18;369
25;2025-12-28;19;297
25;2025-12-28;20;199
25;2025-12-28;21;156
25;2025-12-28;22;110
25;2025-12-28;23;37
25;2025-12-29;0;10
25;2025-12-29;1;0
25;2025-12-29;2;0
25;2025-12-29;3;0
25;2025-12-29;4;0
25;2025-12-29;5;1
25;2025-12-29;6;145
25;2025-12-29;7;479
25;2025-12-29;8;826
25;2025-12-29;9;420
25;2025-12-29;10;295
25;2025-12-29;11;320
25;2025-12-29;12;335
25;2025-12-29;13;415
25;2025-12-29;14;347
25;2025-12-29;15;453
25;2025-12-29;16;609
25;2025-12-29;17;674
25;2025-12-29;18;734
25;2025-12-29;19;427
25;2025-12-29;20;254
25;2025-12-29;21;157
25;2025-12-29;22;99
25;2025-12-29;23;3
25;2025-12-30;0;0
25;2025-12-30;1;0
25;2025-12-30;2;0
25;2025-12-30;3;0
25;2025-12-30;4;0
25;2025-12-30;5;2
25;2025-12-30;6;146
25;2025-12-30;7;486
25;2025-12-30;8;844
25;2025-12-30;9;430
25;2025-12-30;10;319
25;2025-12-30;11;347
25;2025-12-30;12;357
25;2025-12-30;13;424
25;2025-12-30;14;378
25;2025-12-30;15;484
25;2025-12-30;16;622
25;2025-12-30;17;686
25;2025-12-30;18;746
25;2025-12-30;19;457
25;2025-12-30;20;273
25;2025-12-30;21;166
25;2025-12-30;22;111
25;2025-12-30;23;4
25;2025-12-31;0;2
25;2025-12-31;1;0
25;2025-12-31;2;0
25;2025-12-31;3;0
25;2025-12-31;4;0
25;2025-12-31;5;0
25;2025-12-31;6;39
25;2025-12-31;7;211
25;2025-12-31;8;261
25;2025-12-31;9;207
25;2025-12-31;10;196
25;2025-12-31;11;234
25;2025-12-31;12;255
25;2025-12-31;13;344
25;2025-12-31;14;306
25;2025-12-31;15;400
25;2025-12-31;16;351
25;2025-12-31;17;333
25;2025-12-31;18;364
25;2025-12-31;19;346
25;2025-12-31;20;210
25;2025-12-31;21;130
25;2025-12-31;22;86
25;2025-12-31;23;7
26;2025-11-01;0;61
26;2025-11-01;1;9
26;2025-11-01;2;0
26;2025-11-01;3;4
26;2025-11-01;4;6
26;2025-11-01;5;58
26;2025-11-01;6;283
26;2025-11-01;7;421
26;2025-11-01;8;1522
26;2025-11-01;9;1311
26;2025-11-01;10;1149
26;2025-11-01;11;1253
26;2025-11-01;12;1368
26;2025-11-01;13;1421
26;2025-11-01;14;1485
26;2025-11-01;15;1493
26;2025-11-01;16;1603
26;2025-11-01;17;1770
26;2025-11-01;18;1663
26;2025-11-01;19;1131
26;2025-11-01;20;649
26;2025-11-01;21;397
26;2025-11-01;22;229
26;2025-11-01;23;164
26;2025-11-02;0;48
26;2025-11-02;1;4
26;2025-11-02;2;0
26;2025-11-02;3;4
26;2025-11-02;4;2
26;2025-11-02;5;27
26;2025-11-02;6;152
26;2025-11-02;7;261
26;2025-11-02;8;416
26;2025-11-02;9;533
26;2025-11-02;10;618
26;2025-11-02;11;850
26;2025-11-02;12;877
26;2025-11-02;13;917
26;2025-11-02;14;924
26;2025-11-02;15;864
26;2025-11-02;16;827
26;2025-11-02;17;822
26;2025-11-02;18;716
26;2025-11-02;19;578
26;2025-11-02;20;423
26;2025-11-02;21;294
26;2025-11-02;22;182
26;2025-11-02;23;110
26;2025-11-03;0;29
26;2025-11-03;1;6
26;2025-11-03;2;0
26;2025-11-03;3;4
26;2025-11-03;4;2
26;2025-11-03;5;42
26;2025-11-03;6;253
26;2025-11-03;7;410
26;2025-11-03;8;857
26;2025-11-03;9;587
26;2025-11-03;10;649
26;2025-11-03;11;750
26;2025-11-03;12;779
26;2025-11-03;13;761
26;2025-11-03;14;819
26;2025-11-03;15;798
26;2025-11-03;16;770
26;2025-11-03;17;767
26;2025-11-03;18;821
26;2025-11-03;19;662
26;2025-11-03;20;440
26;2025-11-03;21;343
26;2025-11-03;22;163
26;2025-11-03;23;63
26;2025-11-04;0;39
26;2025-11-04;1;5
26;2025-11-04;2;0
26;2025-11-04;3;4
26;2025-11-04;4;2
26;2025-11-04;5;32
26;2025-11-04;6;189
26;2025-11-04;7;327
26;2025-11-04;8;556
26;2025-11-04;9;464
26;2025-11-04;10;509
26;2025-11-04;11;599
26;2025-11-04;12;663
26;2025-11-04;13;669
26;2025-11-04;14;686
26;2025-11-04;15;674
26;2025-11-04;16;677
26;2025-11-04;17;683
26;2025-11-04;18;704
26;2025-11-04;19;550
26;2025-11-04;20;382
26;2025-11-04;21;312
26;2025-11-04;22;187
26;2025-11-04;23;118
26;2025-11-05;0;32
26;2025-11-05;1;1
26;2025-11-05;2;0
26;2025-11-05;3;4
26;2025-11-05;4;3
26;2025-11-05;5;91
26;2025-11-05;6;502
26;2025-11-05;7;1066
26;2025-11-05;8;2225
26;2025-11-05;9;1493
26;2025-11-05;10;1271
26;2025-11-05;11;1149
26;2025-11-05;12;1180
26;2025-11-05;13;1205
26;2025-11-05;14;1299
26;2025-11-05;15;1366
26;2025-11-05;16;1519
26;2025-11-05;17;1725
26;2025-11-05;18;1864
26;2025-11-05;19;1257
26;2025-11-05;20;779
26;2025-11-05;21;492
26;2025-11-05;22;228
26;2025-11-05;23;133
26;2025-11-06;0;36
26;2025-11-06;1;1
26;2025-11-06;2;0
26;2025-11-06;3;4
26;2025-11-06;4;2
26;2025-11-06;5;91
26;2025-11-06;6;502
26;2025-11-06;7;1067
26;2025-11-06;8;2220
26;2025-11-06;9;1496
26;2025-11-06;10;1274
26;2025-11-06;11;1156
26;2025-11-06;12;1185
26;2025-11-06;13;1205
26;2025-11-06;14;1299
26;2025-11-06;15;1376
26;2025-11-06;16;1533
26;2025-11-06;17;1736
26;2025-11-06;18;1869
26;2025-11-06;19;1256
26;2025-11-06;20;778
26;2025-11-06;21;491
26;2025-11-06;22;235
26;2025-11-06;23;137
26;2025-11-07;0;36
26;2025-11-07;1;1
26;2025-11-07;2;0
26;2025-11-07;3;4
26;2025-11-07;4;1
26;2025-11-07;5;87
26;2025-11-07;6;492
26;2025-11-07;7;1047
26;2025-11-07;8;2122
26;2025-11-07;9;1428
26;2025-11-07;10;1235
26;2025-11-07;11;1118
26;2025-11-07;12;1155
26;2025-11-07;13;1203
26;2025-11-07;14;1290
26;2025-11-07;15;1387
26;2025-11-07;16;1567
26;2025-11-07;17;1710
26;2025-11-07;18;1652
26;2025-11-07;19;1178
26;2025-11-07;20;717
26;2025-11-07;21;472
26;2025-11-07;22;231
26;2025-11-07;23;160
26;2025-11-08;0;48
26;2025-11-08;1;1
26;2025-11-08;2;0
26;2025-11-08;3;4
26;2025-11-08;4;2
26;2025-11-08;5;50
26;2025-11-08;6;250
26;2025-11-08;7;376
26;2025-11-08;8;603
26;2025-11-08;9;678
26;2025-11-08;10;792
26;2025-11-08;11;986
26;2025-11-08;12;1026
26;2025-11-08;13;1025
26;2025-11-08;14;1049
26;2025-11-08;15;986
26;2025-11-08;16;949
26;2025-11-08;17;936
26;2025-11-08;18;880
26;2025-11-08;19;752
26;2025-11-08;20;532
26;2025-11-08;21;363
26;2025-11-08;22;213
26;2025-11-08;23;150
26;2025-11-09;0;48
26;2025-11-09;1;4
26;2025-11-09;2;0
26;2025-11-09;3;4
26;2025-11-09;4;2
26;2025-11-09;5;27
26;2025-11-09;6;152
26;2025-11-09;7;261
26;2025-11-09;8;416
26;2025-11-09;9;533
26;2025-11-09;10;618
26;2025-11-09;11;850
26;2025-11-09;12;877
26;2025-11-09;13;917
26;2025-11-09;14;924
26;2025-11-09;15;864
26;2025-11-09;16;827
26;2025-11-09;17;822
26;2025-11-09;18;716
26;2025-11-09;19;578
26;2025-11-09;20;423
26;2025-11-09;21;294
26;2025-11-09;22;182
26;2025-11-09;23;110
26;2025-11-10;0;29
26;2025-11-10;1;2
26;2025-11-10;2;0
26;2025-11-10;3;4
26;2025-11-10;4;2
26;2025-11-10;5;84
26;2025-11-10;6;489
26;2025-11-10;7;1050
26;2025-11-10;8;2186
26;2025-11-10;9;1443
26;2025-11-10;10;1224
26;2025-11-10;11;1101
26;2025-11-10;12;1130
26;2025-11-10;13;1178
26;2025-11-10;14;1256
26;2025-11-10;15;1341
26;2025-11-10;16;1503
26;2025-11-10;17;1703
26;2025-11-10;18;1786
26;2025-11-10;19;1211
26;2025-11-10;20;739
26;2025-11-10;21;458
26;2025-11-10;22;206
26;2025-11-10;23;111
26;2025-11-11;0;30
26;2025-11-11;1;1
26;2025-11-11;2;0
26;2025-11-11;3;4
26;2025-11-11;4;2
26;2025-11-11;5;90
26;2025-11-11;6;501
26;2025-11-11;7;1070
26;2025-11-11;8;2230
26;2025-11-11;9;1497
26;2025-11-11;10;1274
26;2025-11-11;11;1149
26;2025-11-11;12;1182
26;2025-11-11;13;1201
26;2025-11-11;14;1296
26;2025-11-11;15;1369
26;2025-11-11;16;1524
26;2025-11-11;17;1736
26;2025-11-11;18;1872
26;2025-11-11;19;1258
26;2025-11-11;20;776
26;2025-11-11;21;483
26;2025-11-11;22;219
26;2025-11-11;23;125
26;2025-11-12;0;32
26;2025-11-12;1;1
26;2025-11-12;2;0
26;2025-11-12;3;4
26;2025-11-12;4;3
26;2025-11-12;5;91
26;2025-11-12;6;502
26;2025-11-12;7;1066
26;2025-11-12;8;2225
26;2025-11-12;9;1493
26;2025-11-12;10;1271
26;2025-11-12;11;1149
26;2025-11-12;12;1180
26;2025-11-12;13;1205
26;2025-11-12;14;1299
26;2025-11-12;15;1366
26;2025-11-12;16;1519
26;2025-11-12;17;1725
26;2025-11-12;18;1864
26;2025-11-12;19;1257
26;2025-11-12;20;779
26;2025-11-12;21;492
26;2025-11-12;22;228
26;2025-11-12;23;133
26;2025-11-13;0;36
26;2025-11-13;1;1
26;2025-11-13;2;0
26;2025-11-13;3;4
26;2025-11-13;4;2
26;2025-11-13;5;91
26;2025-11-13;6;502
26;2025-11-13;7;1067
26;2025-11-13;8;2220
26;2025-11-13;9;1496
26;2025-11-13;10;1274
26;2025-11-13;11;1156
26;2025-11-13;12;1185
26;2025-11-13;13;1205
26;2025-11-13;14;1299
26;2025-11-13;15;1376
26;2025-11-13;16;1533
26;2025-11-13;17;1736
26;2025-11-13;18;1869
26;2025-11-13;19;1256
26;2025-11-13;20;778
26;2025-11-13;21;491
26;2025-11-13;22;235
26;2025-11-13;23;137
26;2025-11-14;0;36
26;2025-11-14;1;1
26;2025-11-14;2;0
26;2025-11-14;3;4
26;2025-11-14;4;1
26;2025-11-14;5;87
26;2025-11-14;6;492
26;2025-11-14;7;1047
26;2025-11-14;8;2122
26;2025-11-14;9;1428
26;2025-11-14;10;1235
26;2025-11-14;11;1118
26;2025-11-14;12;1155
26;2025-11-14;13;1203
26;2025-11-14;14;1290
26;2025-11-14;15;1387
26;2025-11-14;16;1567
26;2025-11-14;17;1710
26;2025-11-14;18;1652
26;2025-11-14;19;1178
26;2025-11-14;20;717
26;2025-11-14;21;472
26;2025-11-14;22;231
26;2025-11-14;23;160
26;2025-11-15;0;48
26;2025-11-15;1;1
26;2025-11-15;2;0
26;2025-11-15;3;4
26;2025-11-15;4;2
26;2025-11-15;5;50
26;2025-11-15;6;250
26;2025-11-15;7;376
26;2025-11-15;8;603
26;2025-11-15;9;678
26;2025-11-15;10;792
26;2025-11-15;11;986
26;2025-11-15;12;1026
26;2025-11-15;13;1025
26;2025-11-15;14;1049
26;2025-11-15;15;986
26;2025-11-15;16;949
26;2025-11-15;17;936
26;2025-11-15;18;880
26;2025-11-15;19;752
26;2025-11-15;20;532
26;2025-11-15;21;363
26;2025-11-15;22;213
26;2025-11-15;23;150
26;2025-11-16;0;48
26;2025-11-16;1;4
26;2025-11-16;2;0
26;2025-11-16;3;4
26;2025-11-16;4;2
26;2025-11-16;5;27
26;2025-11-16;6;152
26;2025-11-16;7;261
26;2025-11-16;8;416
26;2025-11-16;9;533
26;2025-11-16;10;618
26;2025-11-16;11;850
26;2025-11-16;12;877
26;2025-11-16;13;917
26;2025-11-16;14;924
26;2025-11-16;15;864
26;2025-11-16;16;827
26;2025-11-16;17;822
26;2025-11-16;18;716
26;2025-11-16;19;578
26;2025-11-16;20;423
26;2025-11-16;21;294
26;2025-11-16;22;182
26;2025-11-16;23;110
26;2025-11-17;0;29
26;2025-11-17;1;2
26;2025-11-17;2;0
26;2025-11-17;3;4
26;2025-11-17;4;2
26;2025-11-17;5;84
26;2025-11-17;6;489
26;2025-11-17;7;1050
26;2025-11-17;8;2186
26;2025-11-17;9;1443
26;2025-11-17;10;1224
26;2025-11-17;11;1101
26;2025-11-17;12;1130
26;2025-11-17;13;1178
26;2025-11-17;14;1256
26;2025-11-17;15;1341
26;2025-11-17;16;1503
26;2025-11-17;17;1703
26;2025-11-17;18;1786
26;2025-11-17;19;1211
26;2025-11-17;20;739
26;2025-11-17;21;458
26;2025-11-17;22;206
26;2025-11-17;23;111
26;2025-11-18;0;30
26;2025-11-18;1;1
26;2025-11-18;2;0
26;2025-11-18;3;4
26;2025-11-18;4;2
26;2025-11-18;5;90
26;2025-11-18;6;501
26;2025-11-18;7;1070
26;2025-11-18;8;2230
26;2025-11-18;9;1497
26;2025-11-18;10;1274
26;2025-11-18;11;1149
26;2025-11-18;12;1182
26;2025-11-18;13;1201
26;2025-11-18;14;1296
26;2025-11-18;15;1369
26;2025-11-18;16;1524
26;2025-11-18;17;1736
26;2025-11-18;18;1872
26;2025-11-18;19;1258
26;2025-11-18;20;776
26;2025-11-18;21;483
26;2025-11-18;22;219
26;2025-11-18;23;125
26;2025-11-19;0;32
26;2025-11-19;1;1
26;2025-11-19;2;0
26;2025-11-19;3;4
26;2025-11-19;4;3
26;2025-11-19;5;91
26;2025-11-19;6;502
26;2025-11-19;7;1066
26;2025-11-19;8;2225
26;2025-11-19;9;1493
26;2025-11-19;10;1271
26;2025-11-19;11;1149
26;2025-11-19;12;1180
26;2025-11-19;13;1205
26;2025-11-19;14;1299
26;2025-11-19;15;1366
26;2025-11-19;16;1519
26;2025-11-19;17;1725
26;2025-11-19;18;1864
26;2025-11-19;19;1257
26;2025-11-19;20;779
26;2025-11-19;21;492
26;2025-11-19;22;228
26;2025-11-19;23;133
26;2025-11-20;0;36
26;2025-11-20;1;1
26;2025-11-20;2;0
26;2025-11-20;3;4
26;2025-11-20;4;2
26;2025-11-20;5;91
26;2025-11-20;6;502
26;2025-11-20;7;1067
26;2025-11-20;8;2220
26;2025-11-20;9;1496
26;2025-11-20;10;1274
26;2025-11-20;11;1156
26;2025-11-20;12;1185
26;2025-11-20;13;1205
26;2025-11-20;14;1299
26;2025-11-20;15;1376
26;2025-11-20;16;1533
26;2025-11-20;17;1736
26;2025-11-20;18;1869
26;2025-11-20;19;1256
26;2025-11-20;20;778
26;2025-11-20;21;491
26;2025-11-20;22;235
26;2025-11-20;23;137
26;2025-11-21;0;36
26;2025-11-21;1;1
26;2025-11-21;2;0
26;2025-11-21;3;4
26;2025-11-21;4;1
26;2025-11-21;5;87
26;2025-11-21;6;492
26;2025-11-21;7;1047
26;2025-11-21;8;2122
26;2025-11-21;9;1428
26;2025-11-21;10;1235
26;2025-11-21;11;1118
26;2025-11-21;12;1155
26;2025-11-21;13;1203
26;2025-11-21;14;1290
26;2025-11-21;15;1387
26;2025-11-21;16;1567
26;2025-11-21;17;1710
26;2025-11-21;18;1652
26;2025-11-21;19;1178
26;2025-11-21;20;717
26;2025-11-21;21;472
26;2025-11-21;22;231
26;2025-11-21;23;160
26;2025-11-22;0;48
26;2025-11-22;1;1
26;2025-11-22;2;0
26;2025-11-22;3;4
26;2025-11-22;4;2
26;2025-11-22;5;50
26;2025-11-22;6;250
26;2025-11-22;7;376
26;2025-11-22;8;603
26;2025-11-22;9;678
26;2025-11-22;10;792
26;2025-11-22;11;986
26;2025-11-22;12;1026
26;2025-11-22;13;1025
26;2025-11-22;14;1049
26;2025-11-22;15;986
26;2025-11-22;16;949
26;2025-11-22;17;936
26;2025-11-22;18;880
26;2025-11-22;19;752
26;2025-11-22;20;532
26;2025-11-22;21;363
26;2025-11-22;22;213
26;2025-11-22;23;150
26;2025-11-23;0;48
26;2025-11-23;1;4
26;2025-11-23;2;0
26;2025-11-23;3;4
26;2025-11-23;4;2
26;2025-11-23;5;27
26;2025-11-23;6;152
26;2025-11-23;7;261
26;2025-11-23;8;416
26;2025-11-23;9;533
26;2025-11-23;10;618
26;2025-11-23;11;850
26;2025-11-23;12;877
26;2025-11-23;13;917
26;2025-11-23;14;924
26;2025-11-23;15;864
26;2025-11-23;16;827
26;2025-11-23;17;822
26;2025-11-23;18;716
26;2025-11-23;19;578
26;2025-11-23;20;423
26;2025-11-23;21;294
26;2025-11-23;22;182
26;2025-11-23;23;110
26;2025-11-24;0;29
26;2025-11-24;1;2
26;2025-11-24;2;0
26;2025-11-24;3;4
26;2025-11-24;4;2
26;2025-11-24;5;84
26;2025-11-24;6;489
26;2025-11-24;7;1050
26;2025-11-24;8;2186
26;2025-11-24;9;1443
26;2025-11-24;10;1224
26;2025-11-24;11;1101
26;2025-11-24;12;1130
26;2025-11-24;13;1178
26;2025-11-24;14;1256
26;2025-11-24;15;1341
26;2025-11-24;16;1503
26;2025-11-24;17;1703
26;2025-11-24;18;1786
26;2025-11-24;19;1211
26;2025-11-24;20;739
26;2025-11-24;21;458
26;2025-11-24;22;206
26;2025-11-24;23;111
26;2025-11-25;0;30
26;2025-11-25;1;1
26;2025-11-25;2;0
26;2025-11-25;3;4
26;2025-11-25;4;2
26;2025-11-25;5;90
26;2025-11-25;6;501
26;2025-11-25;7;1070
26;2025-11-25;8;2230
26;2025-11-25;9;1497
26;2025-11-25;10;1274
26;2025-11-25;11;1149
26;2025-11-25;12;1182
26;2025-11-25;13;1201
26;2025-11-25;14;1296
26;2025-11-25;15;1369
26;2025-11-25;16;1524
26;2025-11-25;17;1736
26;2025-11-25;18;1872
26;2025-11-25;19;1258
26;2025-11-25;20;776
26;2025-11-25;21;483
26;2025-11-25;22;219
26;2025-11-25;23;125
26;2025-11-26;0;32
26;2025-11-26;1;1
26;2025-11-26;2;0
26;2025-11-26;3;4
26;2025-11-26;4;3
26;2025-11-26;5;91
26;2025-11-26;6;502
26;2025-11-26;7;1066
26;2025-11-26;8;2225
26;2025-11-26;9;1493
26;2025-11-26;10;1271
26;2025-11-26;11;1149
26;2025-11-26;12;1180
26;2025-11-26;13;1205
26;2025-11-26;14;1299
26;2025-11-26;15;1366
26;2025-11-26;16;1519
26;2025-11-26;17;1725
26;2025-11-26;18;1864
26;2025-11-26;19;1257
26;2025-11-26;20;779
26;2025-11-26;21;492
26;2025-11-26;22;228
26;2025-11-26;23;133
26;2025-11-27;0;36
26;2025-11-27;1;1
26;2025-11-27;2;0
26;2025-11-27;3;4
26;2025-11-27;4;2
26;2025-11-27;5;91
26;2025-11-27;6;502
26;2025-11-27;7;1067
26;2025-11-27;8;2220
26;2025-11-27;9;1496
26;2025-11-27;10;1274
26;2025-11-27;11;1156
26;2025-11-27;12;1185
26;2025-11-27;13;1205
26;2025-11-27;14;1299
26;2025-11-27;15;1376
26;2025-11-27;16;1533
26;2025-11-27;17;1736
26;2025-11-27;18;1869
26;2025-11-27;19;1256
26;2025-11-27;20;778
26;2025-11-27;21;491
26;2025-11-27;22;235
26;2025-11-27;23;137
26;2025-11-28;0;36
26;2025-11-28;1;1
26;2025-11-28;2;0
26;2025-11-28;3;4
26;2025-11-28;4;1
26;2025-11-28;5;87
26;2025-11-28;6;492
26;2025-11-28;7;1047
26;2025-11-28;8;2122
26;2025-11-28;9;1428
26;2025-11-28;10;1235
26;2025-11-28;11;1118
26;2025-11-28;12;1155
26;2025-11-28;13;1203
26;2025-11-28;14;1290
26;2025-11-28;15;1387
26;2025-11-28;16;1567
26;2025-11-28;17;1710
26;2025-11-28;18;1652
26;2025-11-28;19;1178
26;2025-11-28;20;717
26;2025-11-28;21;472
26;2025-11-28;22;231
26;2025-11-28;23;160
26;2025-11-29;0;48
26;2025-11-29;1;1
26;2025-11-29;2;0
26;2025-11-29;3;4
26;2025-11-29;4;2
26;2025-11-29;5;50
26;2025-11-29;6;250
26;2025-11-29;7;376
26;2025-11-29;8;603
26;2025-11-29;9;678
26;2025-11-29;10;792
26;2025-11-29;11;986
26;2025-11-29;12;1026
26;2025-11-29;13;1025
26;2025-11-29;14;1049
26;2025-11-29;15;986
26;2025-11-29;16;949
26;2025-11-29;17;936
26;2025-11-29;18;880
26;2025-11-29;19;752
26;2025-11-29;20;532
26;2025-11-29;21;363
26;2025-11-29;22;213
26;2025-11-29;23;150
26;2025-11-30;0;48
26;2025-11-30;1;4
26;2025-11-30;2;0
26;2025-11-30;3;4
26;2025-11-30;4;2
26;2025-11-30;5;27
26;2025-11-30;6;152
26;2025-11-30;7;261
26;2025-11-30;8;416
26;2025-11-30;9;533
26;2025-11-30;10;618
26;2025-11-30;11;850
26;2025-11-30;12;877
26;2025-11-30;13;917
26;2025-11-30;14;924
26;2025-11-30;15;864
26;2025-11-30;16;827
26;2025-11-30;17;822
26;2025-11-30;18;716
26;2025-11-30;19;578
26;2025-11-30;20;423
26;2025-11-30;21;294
26;2025-11-30;22;182
26;2025-11-30;23;110
26;2025-12-01;0;25
26;2025-12-01;1;2
26;2025-12-01;2;0
26;2025-12-01;3;4
26;2025-12-01;4;1
26;2025-12-01;5;86
26;2025-12-01;6;500
26;2025-12-01;7;1007
26;2025-12-01;8;2118
26;2025-12-01;9;1408
26;2025-12-01;10;1152
26;2025-12-01;11;1032
26;2025-12-01;12;1065
26;2025-12-01;13;1122
26;2025-12-01;14;1176
26;2025-12-01;15;1277
26;2025-12-01;16;1445
26;2025-12-01;17;1637
26;2025-12-01;18;1739
26;2025-12-01;19;1203
26;2025-12-01;20;723
26;2025-12-01;21;407
26;2025-12-01;22;204
26;2025-12-01;23;94
26;2025-12-02;0;25
26;2025-12-02;1;1
26;2025-12-02;2;0
26;2025-12-02;3;4
26;2025-12-02;4;1
26;2025-12-02;5;88
26;2025-12-02;6;509
26;2025-12-02;7;1018
26;2025-12-02;8;2167
26;2025-12-02;9;1443
26;2025-12-02;10;1180
26;2025-12-02;11;1062
26;2025-12-02;12;1096
26;2025-12-02;13;1128
26;2025-12-02;14;1205
26;2025-12-02;15;1294
26;2025-12-02;16;1457
26;2025-12-02;17;1653
26;2025-12-02;18;1824
26;2025-12-02;19;1248
26;2025-12-02;20;747
26;2025-12-02;21;429
26;2025-12-02;22;216
26;2025-12-02;23;106
26;2025-12-03;0;27
26;2025-12-03;1;1
26;2025-12-03;2;0
26;2025-12-03;3;4
26;2025-12-03;4;2
26;2025-12-03;5;89
26;2025-12-03;6;510
26;2025-12-03;7;1014
26;2025-12-03;8;2158
26;2025-12-03;9;1439
26;2025-12-03;10;1177
26;2025-12-03;11;1062
26;2025-12-03;12;1094
26;2025-12-03;13;1132
26;2025-12-03;14;1207
26;2025-12-03;15;1291
26;2025-12-03;16;1451
26;2025-12-03;17;1641
26;2025-12-03;18;1817
26;2025-12-03;19;1247
26;2025-12-03;20;750
26;2025-12-03;21;436
26;2025-12-03;22;225
26;2025-12-03;23;114
26;2025-12-04;0;31
26;2025-12-04;1;1
26;2025-12-04;2;0
26;2025-12-04;3;4
26;2025-12-04;4;1
26;2025-12-04;5;89
26;2025-12-04;6;510
26;2025-12-04;7;1016
26;2025-12-04;8;2153
26;2025-12-04;9;1442
26;2025-12-04;10;1179
26;2025-12-04;11;1069
26;2025-12-04;12;1099
26;2025-12-04;13;1132
26;2025-12-04;14;1208
26;2025-12-04;15;1301
26;2025-12-04;16;1465
26;2025-12-04;17;1652
26;2025-12-04;18;1821
26;2025-12-04;19;1246
26;2025-12-04;20;749
26;2025-12-04;21;434
26;2025-12-04;22;232
26;2025-12-04;23;119
26;2025-12-05;0;31
26;2025-12-05;1;2
26;2025-12-05;2;0
26;2025-12-05;3;4
26;2025-12-05;4;1
26;2025-12-05;5;85
26;2025-12-05;6;500
26;2025-12-05;7;1004
26;2025-12-05;8;2055
26;2025-12-05;9;1387
26;2025-12-05;10;1156
26;2025-12-05;11;1044
26;2025-12-05;12;1085
26;2025-12-05;13;1139
26;2025-12-05;14;1201
26;2025-12-05;15;1318
26;2025-12-05;16;1503
26;2025-12-05;17;1638
26;2025-12-05;18;1598
26;2025-12-05;19;1169
26;2025-12-05;20;700
26;2025-12-05;21;421
26;2025-12-05;22;228
26;2025-12-05;23;141
26;2025-12-06;0;40
26;2025-12-06;1;2
26;2025-12-06;2;0
26;2025-12-06;3;4
26;2025-12-06;4;2
26;2025-12-06;5;45
26;2025-12-06;6;252
26;2025-12-06;7;354
26;2025-12-06;8;554
26;2025-12-06;9;631
26;2025-12-06;10;707
26;2025-12-06;11;886
26;2025-12-06;12;928
26;2025-12-06;13;938
26;2025-12-06;14;960
26;2025-12-06;15;906
26;2025-12-06;16;872
26;2025-12-06;17;856
26;2025-12-06;18;848
26;2025-12-06;19;743
26;2025-12-06;20;508
26;2025-12-06;21;340
26;2025-12-06;22;214
26;2025-12-06;23;134
26;2025-12-07;0;43
26;2025-12-07;1;3
26;2025-12-07;2;0
26;2025-12-07;3;4
26;2025-12-07;4;1
26;2025-12-07;5;26
26;2025-12-07;6;157
26;2025-12-07;7;256
26;2025-12-07;8;383
26;2025-12-07;9;509
26;2025-12-07;10;564
26;2025-12-07;11;776
26;2025-12-07;12;809
26;2025-12-07;13;853
26;2025-12-07;14;856
26;2025-12-07;15;804
26;2025-12-07;16;770
26;2025-12-07;17;771
26;2025-12-07;18;689
26;2025-12-07;19;574
26;2025-12-07;20;412
26;2025-12-07;21;277
26;2025-12-07;22;183
26;2025-12-07;23;96
26;2025-12-08;0;25
26;2025-12-08;1;2
26;2025-12-08;2;0
26;2025-12-08;3;4
26;2025-12-08;4;1
26;2025-12-08;5;86
26;2025-12-08;6;500
26;2025-12-08;7;1007
26;2025-12-08;8;2118
26;2025-12-08;9;1408
26;2025-12-08;10;1152
26;2025-12-08;11;1032
26;2025-12-08;12;1065
26;2025-12-08;13;1122
26;2025-12-08;14;1176
26;2025-12-08;15;1277
26;2025-12-08;16;1445
26;2025-12-08;17;1637
26;2025-12-08;18;1739
26;2025-12-08;19;1203
26;2025-12-08;20;723
26;2025-12-08;21;407
26;2025-12-08;22;204
26;2025-12-08;23;94
26;2025-12-09;0;25
26;2025-12-09;1;1
26;2025-12-09;2;0
26;2025-12-09;3;4
26;2025-12-09;4;1
26;2025-12-09;5;88
26;2025-12-09;6;509
26;2025-12-09;7;1018
26;2025-12-09;8;2167
26;2025-12-09;9;1443
26;2025-12-09;10;1180
26;2025-12-09;11;1062
26;2025-12-09;12;1096
26;2025-12-09;13;1128
26;2025-12-09;14;1205
26;2025-12-09;15;1294
26;2025-12-09;16;1457
26;2025-12-09;17;1653
26;2025-12-09;18;1824
26;2025-12-09;19;1248
26;2025-12-09;20;747
26;2025-12-09;21;429
26;2025-12-09;22;216
26;2025-12-09;23;106
26;2025-12-10;0;27
26;2025-12-10;1;1
26;2025-12-10;2;0
26;2025-12-10;3;4
26;2025-12-10;4;2
26;2025-12-10;5;89
26;2025-12-10;6;510
26;2025-12-10;7;1014
26;2025-12-10;8;2158
26;2025-12-10;9;1439
26;2025-12-10;10;1177
26;2025-12-10;11;1062
26;2025-12-10;12;1094
26;2025-12-10;13;1132
26;2025-12-10;14;1207
26;2025-12-10;15;1291
26;2025-12-10;16;1451
26;2025-12-10;17;1641
26;2025-12-10;18;1817
26;2025-12-10;19;1247
26;2025-12-10;20;750
26;2025-12-10;21;436
26;2025-12-10;22;225
26;2025-12-10;23;114
26;2025-12-11;0;31
26;2025-12-11;1;1
26;2025-12-11;2;0
26;2025-12-11;3;4
26;2025-12-11;4;1
26;2025-12-11;5;89
26;2025-12-11;6;510
26;2025-12-11;7;1016
26;2025-12-11;8;2153
26;2025-12-11;9;1442
26;2025-12-11;10;1179
26;2025-12-11;11;1069
26;2025-12-11;12;1099
26;2025-12-11;13;1132
26;2025-12-11;14;1208
26;2025-12-11;15;1301
26;2025-12-11;16;1465
26;2025-12-11;17;1652
26;2025-12-11;18;1821
26;2025-12-11;19;1246
26;2025-12-11;20;749
26;2025-12-11;21;434
26;2025-12-11;22;232
26;2025-12-11;23;119
26;2025-12-12;0;31
26;2025-12-12;1;2
26;2025-12-12;2;0
26;2025-12-12;3;4
26;2025-12-12;4;1
26;2025-12-12;5;85
26;2025-12-12;6;500
26;2025-12-12;7;1004
26;2025-12-12;8;2055
26;2025-12-12;9;1387
26;2025-12-12;10;1156
26;2025-12-12;11;1044
26;2025-12-12;12;1085
26;2025-12-12;13;1139
26;2025-12-12;14;1201
26;2025-12-12;15;1318
26;2025-12-12;16;1503
26;2025-12-12;17;1638
26;2025-12-12;18;1598
26;2025-12-12;19;1169
26;2025-12-12;20;700
26;2025-12-12;21;421
26;2025-12-12;22;228
26;2025-12-12;23;141
26;2025-12-13;0;40
26;2025-12-13;1;2
26;2025-12-13;2;0
26;2025-12-13;3;4
26;2025-12-13;4;2
26;2025-12-13;5;45
26;2025-12-13;6;252
26;2025-12-13;7;354
26;2025-12-13;8;554
26;2025-12-13;9;631
26;2025-12-13;10;707
26;2025-12-13;11;886
26;2025-12-13;12;928
26;2025-12-13;13;938
26;2025-12-13;14;960
26;2025-12-13;15;906
26;2025-12-13;16;872
26;2025-12-13;17;856
26;2025-12-13;18;848
26;2025-12-13;19;743
26;2025-12-13;20;508
26;2025-12-13;21;340
26;2025-12-13;22;214
26;2025-12-13;23;134
26;2025-12-14;0;43
26;2025-12-14;1;3
26;2025-12-14;2;0
26;2025-12-14;3;4
26;2025-12-14;4;1
26;2025-12-14;5;26
26;2025-12-14;6;157
26;2025-12-14;7;256
26;2025-12-14;8;383
26;2025-12-14;9;509
26;2025-12-14;10;564
26;2025-12-14;11;776
26;2025-12-14;12;809
26;2025-12-14;13;853
26;2025-12-14;14;856
26;2025-12-14;15;804
26;2025-12-14;16;770
26;2025-12-14;17;771
26;2025-12-14;18;689
26;2025-12-14;19;574
26;2025-12-14;20;412
26;2025-12-14;21;277
26;2025-12-14;22;183
26;2025-12-14;23;96
26;2025-12-15;0;25
26;2025-12-15;1;2
26;2025-12-15;2;0
26;2025-12-15;3;4
26;2025-12-15;4;1
26;2025-12-15;5;86
26;2025-12-15;6;500
26;2025-12-15;7;1007
26;2025-12-15;8;2118
26;2025-12-15;9;1408
26;2025-12-15;10;1152
26;2025-12-15;11;1032
26;2025-12-15;12;1065
26;2025-12-15;13;1122
26;2025-12-15;14;1176
26;2025-12-15;15;1277
26;2025-12-15;16;1445
26;2025-12-15;17;1637
26;2025-12-15;18;1739
26;2025-12-15;19;1203
26;2025-12-15;20;723
26;2025-12-15;21;407
26;2025-12-15;22;204
26;2025-12-15;23;94
26;2025-12-16;0;25
26;2025-12-16;1;1
26;2025-12-16;2;0
26;2025-12-16;3;4
26;2025-12-16;4;1
26;2025-12-16;5;88
26;2025-12-16;6;509
26;2025-12-16;7;1018
26;2025-12-16;8;2167
26;2025-12-16;9;1443
26;2025-12-16;10;1180
26;2025-12-16;11;1062
26;2025-12-16;12;1096
26;2025-12-16;13;1128
26;2025-12-16;14;1205
26;2025-12-16;15;1294
26;2025-12-16;16;1457
26;2025-12-16;17;1653
26;2025-12-16;18;1824
26;2025-12-16;19;1248
26;2025-12-16;20;747
26;2025-12-16;21;429
26;2025-12-16;22;216
26;2025-12-16;23;106
26;2025-12-17;0;27
26;2025-12-17;1;1
26;2025-12-17;2;0
26;2025-12-17;3;4
26;2025-12-17;4;2
26;2025-12-17;5;89
26;2025-12-17;6;510
26;2025-12-17;7;1014
26;2025-12-17;8;2158
26;2025-12-17;9;1439
26;2025-12-17;10;1177
26;2025-12-17;11;1062
26;2025-12-17;12;1094
26;2025-12-17;13;1132
26;2025-12-17;14;1207
26;2025-12-17;15;1291
26;2025-12-17;16;1451
26;2025-12-17;17;1641
26;2025-12-17;18;1817
26;2025-12-17;19;1247
26;2025-12-17;20;750
26;2025-12-17;21;436
26;2025-12-17;22;225
26;2025-12-17;23;114
26;2025-12-18;0;31
26;2025-12-18;1;1
26;2025-12-18;2;0
26;2025-12-18;3;4
26;2025-12-18;4;1
26;2025-12-18;5;89
26;2025-12-18;6;510
26;2025-12-18;7;1016
26;2025-12-18;8;2153
26;2025-12-18;9;1442
26;2025-12-18;10;1179
26;2025-12-18;11;1069
26;2025-12-18;12;1099
26;2025-12-18;13;1132
26;2025-12-18;14;1208
26;2025-12-18;15;1301
26;2025-12-18;16;1465
26;2025-12-18;17;1652
26;2025-12-18;18;1821
26;2025-12-18;19;1246
26;2025-12-18;20;749
26;2025-12-18;21;434
26;2025-12-18;22;232
26;2025-12-18;23;119
26;2025-12-19;0;31
26;2025-12-19;1;2
26;2025-12-19;2;0
26;2025-12-19;3;4
26;2025-12-19;4;1
26;2025-12-19;5;85
26;2025-12-19;6;500
26;2025-12-19;7;1004
26;2025-12-19;8;2055
26;2025-12-19;9;1387
26;2025-12-19;10;1156
26;2025-12-19;11;1044
26;2025-12-19;12;1085
26;2025-12-19;13;1139
26;2025-12-19;14;1201
26;2025-12-19;15;1318
26;2025-12-19;16;1503
26;2025-12-19;17;1638
26;2025-12-19;18;1598
26;2025-12-19;19;1169
26;2025-12-19;20;700
26;2025-12-19;21;421
26;2025-12-19;22;228
26;2025-12-19;23;141
26;2025-12-20;0;40
26;2025-12-20;1;2
26;2025-12-20;2;0
26;2025-12-20;3;4
26;2025-12-20;4;2
26;2025-12-20;5;45
26;2025-12-20;6;252
26;2025-12-20;7;354
26;2025-12-20;8;554
26;2025-12-20;9;631
26;2025-12-20;10;707
26;2025-12-20;11;886
26;2025-12-20;12;928
26;2025-12-20;13;938
26;2025-12-20;14;960
26;2025-12-20;15;906
26;2025-12-20;16;872
26;2025-12-20;17;856
26;2025-12-20;18;848
26;2025-12-20;19;743
26;2025-12-20;20;508
26;2025-12-20;21;340
26;2025-12-20;22;214
26;2025-12-20;23;134
26;2025-12-21;0;43
26;2025-12-21;1;3
26;2025-12-21;2;0
26;2025-12-21;3;4
26;2025-12-21;4;1
26;2025-12-21;5;26
26;2025-12-21;6;157
26;2025-12-21;7;256
26;2025-12-21;8;383
26;2025-12-21;9;509
26;2025-12-21;10;564
26;2025-12-21;11;776
26;2025-12-21;12;809
26;2025-12-21;13;853
26;2025-12-21;14;856
26;2025-12-21;15;804
26;2025-12-21;16;770
26;2025-12-21;17;771
26;2025-12-21;18;689
26;2025-12-21;19;574
26;2025-12-21;20;412
26;2025-12-21;21;277
26;2025-12-21;22;183
26;2025-12-21;23;96
26;2025-12-22;0;25
26;2025-12-22;1;2
26;2025-12-22;2;0
26;2025-12-22;3;4
26;2025-12-22;4;1
26;2025-12-22;5;86
26;2025-12-22;6;500
26;2025-12-22;7;1007
26;2025-12-22;8;2118
26;2025-12-22;9;1408
26;2025-12-22;10;1152
26;2025-12-22;11;1032
26;2025-12-22;12;1065
26;2025-12-22;13;1122
26;2025-12-22;14;1176
26;2025-12-22;15;1277
26;2025-12-22;16;1445
26;2025-12-22;17;1637
26;2025-12-22;18;1739
26;2025-12-22;19;1203
26;2025-12-22;20;723
26;2025-12-22;21;407
26;2025-12-22;22;204
26;2025-12-22;23;94
26;2025-12-23;0;25
26;2025-12-23;1;1
26;2025-12-23;2;0
26;2025-12-23;3;4
26;2025-12-23;4;1
26;2025-12-23;5;88
26;2025-12-23;6;509
26;2025-12-23;7;1018
26;2025-12-23;8;2167
26;2025-12-23;9;1443
26;2025-12-23;10;1180
26;2025-12-23;11;1062
26;2025-12-23;12;1096
26;2025-12-23;13;1128
26;2025-12-23;14;1205
26;2025-12-23;15;1294
26;2025-12-23;16;1457
26;2025-12-23;17;1653
26;2025-12-23;18;1824
26;2025-12-23;19;1248
26;2025-12-23;20;747
26;2025-12-23;21;429
26;2025-12-23;22;216
26;2025-12-23;23;106
26;2025-12-24;0;27
26;2025-12-24;1;1
26;2025-12-24;2;0
26;2025-12-24;3;4
26;2025-12-24;4;2
26;2025-12-24;5;89
26;2025-12-24;6;510
26;2025-12-24;7;1014
26;2025-12-24;8;2158
26;2025-12-24;9;1439
26;2025-12-24;10;1177
26;2025-12-24;11;1062
26;2025-12-24;12;1094
26;2025-12-24;13;1132
26;2025-12-24;14;1207
26;2025-12-24;15;1291
26;2025-12-24;16;1451
26;2025-12-24;17;1641
26;2025-12-24;18;1817
26;2025-12-24;19;1247
26;2025-12-24;20;750
26;2025-12-24;21;436
26;2025-12-24;22;225
26;2025-12-24;23;114
26;2025-12-25;0;31
26;2025-12-25;1;1
26;2025-12-25;2;0
26;2025-12-25;3;4
26;2025-12-25;4;1
26;2025-12-25;5;89
26;2025-12-25;6;510
26;2025-12-25;7;1016
26;2025-12-25;8;2153
26;2025-12-25;9;1442
26;2025-12-25;10;1179
26;2025-12-25;11;1069
26;2025-12-25;12;1099
26;2025-12-25;13;1132
26;2025-12-25;14;1208
26;2025-12-25;15;1301
26;2025-12-25;16;1465
26;2025-12-25;17;1652
26;2025-12-25;18;1821
26;2025-12-25;19;1246
26;2025-12-25;20;749
26;2025-12-25;21;434
26;2025-12-25;22;232
26;2025-12-25;23;119
26;2025-12-26;0;31
26;2025-12-26;1;2
26;2025-12-26;2;0
26;2025-12-26;3;4
26;2025-12-26;4;1
26;2025-12-26;5;85
26;2025-12-26;6;500
26;2025-12-26;7;1004
26;2025-12-26;8;2055
26;2025-12-26;9;1387
26;2025-12-26;10;1156
26;2025-12-26;11;1044
26;2025-12-26;12;1085
26;2025-12-26;13;1139
26;2025-12-26;14;1201
26;2025-12-26;15;1318
26;2025-12-26;16;1503
26;2025-12-26;17;1638
26;2025-12-26;18;1598
26;2025-12-26;19;1169
26;2025-12-26;20;700
26;2025-12-26;21;421
26;2025-12-26;22;228
26;2025-12-26;23;141
26;2025-12-27;0;40
26;2025-12-27;1;2
26;2025-12-27;2;0
26;2025-12-27;3;4
26;2025-12-27;4;2
26;2025-12-27;5;45
26;2025-12-27;6;252
26;2025-12-27;7;354
26;2025-12-27;8;554
26;2025-12-27;9;631
26;2025-12-27;10;707
26;2025-12-27;11;886
26;2025-12-27;12;928
26;2025-12-27;13;938
26;2025-12-27;14;960
26;2025-12-27;15;906
26;2025-12-27;16;872
26;2025-12-27;17;856
26;2025-12-27;18;848
26;2025-12-27;19;743
26;2025-12-27;20;508
26;2025-12-27;21;340
26;2025-12-27;22;214
26;2025-12-27;23;134
26;2025-12-28;0;43
26;2025-12-28;1;3
26;2025-12-28;2;0
26;2025-12-28;3;4
26;2025-12-28;4;1
26;2025-12-28;5;26
26;2025-12-28;6;157
26;2025-12-28;7;256
26;2025-12-28;8;383
26;2025-12-28;9;509
26;2025-12-28;10;564
26;2025-12-28;11;776
26;2025-12-28;12;809
26;2025-12-28;13;853
26;2025-12-28;14;856
26;2025-12-28;15;804
26;2025-12-28;16;770
26;2025-12-28;17;771
26;2025-12-28;18;689
26;2025-12-28;19;574
26;2025-12-28;20;412
26;2025-12-28;21;277
26;2025-12-28;22;183
26;2025-12-28;23;96
26;2025-12-29;0;25
26;2025-12-29;1;2
26;2025-12-29;2;0
26;2025-12-29;3;4
26;2025-12-29;4;1
26;2025-12-29;5;86
26;2025-12-29;6;500
26;2025-12-29;7;1007
26;2025-12-29;8;2118
26;2025-12-29;9;1408
26;2025-12-29;10;1152
26;2025-12-29;11;1032
26;2025-12-29;12;1065
26;2025-12-29;13;1122
26;2025-12-29;14;1176
26;2025-12-29;15;1277
26;2025-12-29;16;1445
26;2025-12-29;17;1637
26;2025-12-29;18;1739
26;2025-12-29;19;1203
26;2025-12-29;20;723
26;2025-12-29;21;407
26;2025-12-29;22;204
26;2025-12-29;23;94
26;2025-12-30;0;25
26;2025-12-30;1;1
26;2025-12-30;2;0
26;2025-12-30;3;4
26;2025-12-30;4;1
26;2025-12-30;5;88
26;2025-12-30;6;509
26;2025-12-30;7;1018
26;2025-12-30;8;2167
26;2025-12-30;9;1443
26;2025-12-30;10;1180
26;2025-12-30;11;1062
26;2025-12-30;12;1096
26;2025-12-30;13;1128
26;2025-12-30;14;1205
26;2025-12-30;15;1294
26;2025-12-30;16;1457
26;2025-12-30;17;1653
26;2025-12-30;18;1824
26;2025-12-30;19;1248
26;2025-12-30;20;747
26;2025-12-30;21;429
26;2025-12-30;22;216
26;2025-12-30;23;106
26;2025-12-31;0;21
26;2025-12-31;1;4
26;2025-12-31;2;0
26;2025-12-31;3;4
26;2025-12-31;4;1
26;2025-12-31;5;45
26;2025-12-31;6;269
26;2025-12-31;7;360
26;2025-12-31;8;798
26;2025-12-31;9;554
26;2025-12-31;10;574
26;2025-12-31;11;710
26;2025-12-31;12;743
26;2025-12-31;13;708
26;2025-12-31;14;762
26;2025-12-31;15;719
26;2025-12-31;16;696
26;2025-12-31;17;693
26;2025-12-31;18;780
26;2025-12-31;19;656
26;2025-12-31;20;440
26;2025-12-31;21;318
26;2025-12-31;22;168
26;2025-12-31;23;54
28;2025-11-01;0;7
28;2025-11-01;1;0
28;2025-11-01;2;0
28;2025-11-01;3;0
28;2025-11-01;4;0
28;2025-11-01;5;33
28;2025-11-01;6;112
28;2025-11-01;7;310
28;2025-11-01;8;977
28;2025-11-01;9;796
28;2025-11-01;10;637
28;2025-11-01;11;644
28;2025-11-01;12;795
28;2025-11-01;13;796
28;2025-11-01;14;760
28;2025-11-01;15;779
28;2025-11-01;16;930
28;2025-11-01;17;1027
28;2025-11-01;18;935
28;2025-11-01;19;681
28;2025-11-01;20;366
28;2025-11-01;21;301
28;2025-11-01;22;167
28;2025-11-01;23;34
28;2025-11-02;0;1
28;2025-11-02;1;0
28;2025-11-02;2;0
28;2025-11-02;3;0
28;2025-11-02;4;0
28;2025-11-02;5;30
28;2025-11-02;6;84
28;2025-11-02;7;151
28;2025-11-02;8;258
28;2025-11-02;9;322
28;2025-11-02;10;368
28;2025-11-02;11;423
28;2025-11-02;12;471
28;2025-11-02;13;515
28;2025-11-02;14;509
28;2025-11-02;15;516
28;2025-11-02;16;481
28;2025-11-02;17;485
28;2025-11-02;18;414
28;2025-11-02;19;344
28;2025-11-02;20;291
28;2025-11-02;21;230
28;2025-11-02;22;109
28;2025-11-02;23;9
28;2025-11-03;0;0
28;2025-11-03;1;0
28;2025-11-03;2;0
28;2025-11-03;3;0
28;2025-11-03;4;0
28;2025-11-03;5;37
28;2025-11-03;6;89
28;2025-11-03;7;226
28;2025-11-03;8;430
28;2025-11-03;9;372
28;2025-11-03;10;374
28;2025-11-03;11;365
28;2025-11-03;12;419
28;2025-11-03;13;438
28;2025-11-03;14;440
28;2025-11-03;15;401
28;2025-11-03;16;410
28;2025-11-03;17;453
28;2025-11-03;18;382
28;2025-11-03;19;330
28;2025-11-03;20;328
28;2025-11-03;21;211
28;2025-11-03;22;67
28;2025-11-03;23;0
28;2025-11-04;0;5
28;2025-11-04;1;0
28;2025-11-04;2;0
28;2025-11-04;3;0
28;2025-11-04;4;0
28;2025-11-04;5;26
28;2025-11-04;6;71
28;2025-11-04;7;165
28;2025-11-04;8;286
28;2025-11-04;9;285
28;2025-11-04;10;330
28;2025-11-04;11;354
28;2025-11-04;12;399
28;2025-11-04;13;418
28;2025-11-04;14;438
28;2025-11-04;15;415
28;2025-11-04;16;388
28;2025-11-04;17;411
28;2025-11-04;18;352
28;2025-11-04;19;312
28;2025-11-04;20;319
28;2025-11-04;21;235
28;2025-11-04;22;93
28;2025-11-04;23;14
28;2025-11-05;0;0
28;2025-11-05;1;0
28;2025-11-05;2;0
28;2025-11-05;3;0
28;2025-11-05;4;1
28;2025-11-05;5;83
28;2025-11-05;6;270
28;2025-11-05;7;745
28;2025-11-05;8;1235
28;2025-11-05;9;855
28;2025-11-05;10;645
28;2025-11-05;11;594
28;2025-11-05;12;710
28;2025-11-05;13;738
28;2025-11-05;14;689
28;2025-11-05;15;707
28;2025-11-05;16;882
28;2025-11-05;17;1041
28;2025-11-05;18;1000
28;2025-11-05;19;747
28;2025-11-05;20;501
28;2025-11-05;21;315
28;2025-11-05;22;134
28;2025-11-05;23;11
28;2025-11-06;0;0
28;2025-11-06;1;0
28;2025-11-06;2;0
28;2025-11-06;3;0
28;2025-11-06;4;2
28;2025-11-06;5;81
28;2025-11-06;6;272
28;2025-11-06;7;751
28;2025-11-06;8;1244
28;2025-11-06;9;862
28;2025-11-06;10;651
28;2025-11-06;11;598
28;2025-11-06;12;717
28;2025-11-06;13;739
28;2025-11-06;14;697
28;2025-11-06;15;712
28;2025-11-06;16;886
28;2025-11-06;17;1045
28;2025-11-06;18;1008
28;2025-11-06;19;746
28;2025-11-06;20;503
28;2025-11-06;21;324
28;2025-11-06;22;138
28;2025-11-06;23;10
28;2025-11-07;0;0
28;2025-11-07;1;0
28;2025-11-07;2;0
28;2025-11-07;3;0
28;2025-11-07;4;1
28;2025-11-07;5;77
28;2025-11-07;6;263
28;2025-11-07;7;732
28;2025-11-07;8;1180
28;2025-11-07;9;824
28;2025-11-07;10;619
28;2025-11-07;11;575
28;2025-11-07;12;705
28;2025-11-07;13;720
28;2025-11-07;14;692
28;2025-11-07;15;710
28;2025-11-07;16;914
28;2025-11-07;17;1009
28;2025-11-07;18;884
28;2025-11-07;19;707
28;2025-11-07;20;468
28;2025-11-07;21;324
28;2025-11-07;22;136
28;2025-11-07;23;14
28;2025-11-08;0;1
28;2025-11-08;1;0
28;2025-11-08;2;0
28;2025-11-08;3;0
28;2025-11-08;4;0
28;2025-11-08;5;38
28;2025-11-08;6;106
28;2025-11-08;7;234
28;2025-11-08;8;382
28;2025-11-08;9;459
28;2025-11-08;10;491
28;2025-11-08;11;506
28;2025-11-08;12;580
28;2025-11-08;13;603
28;2025-11-08;14;591
28;2025-11-08;15;588
28;2025-11-08;16;534
28;2025-11-08;17;562
28;2025-11-08;18;489
28;2025-11-08;19;414
28;2025-11-08;20;325
28;2025-11-08;21;264
28;2025-11-08;22;128
28;2025-11-08;23;16
28;2025-11-09;0;1
28;2025-11-09;1;0
28;2025-11-09;2;0
28;2025-11-09;3;0
28;2025-11-09;4;0
28;2025-11-09;5;30
28;2025-11-09;6;84
28;2025-11-09;7;151
28;2025-11-09;8;258
28;2025-11-09;9;322
28;2025-11-09;10;368
28;2025-11-09;11;423
28;2025-11-09;12;471
28;2025-11-09;13;515
28;2025-11-09;14;509
28;2025-11-09;15;516
28;2025-11-09;16;481
28;2025-11-09;17;485
28;2025-11-09;18;414
28;2025-11-09;19;344
28;2025-11-09;20;291
28;2025-11-09;21;230
28;2025-11-09;22;109
28;2025-11-09;23;9
28;2025-11-10;0;0
28;2025-11-10;1;0
28;2025-11-10;2;0
28;2025-11-10;3;0
28;2025-11-10;4;2
28;2025-11-10;5;77
28;2025-11-10;6;254
28;2025-11-10;7;716
28;2025-11-10;8;1197
28;2025-11-10;9;831
28;2025-11-10;10;617
28;2025-11-10;11;551
28;2025-11-10;12;673
28;2025-11-10;13;695
28;2025-11-10;14;657
28;2025-11-10;15;675
28;2025-11-10;16;873
28;2025-11-10;17;1014
28;2025-11-10;18;959
28;2025-11-10;19;731
28;2025-11-10;20;486
28;2025-11-10;21;296
28;2025-11-10;22;112
28;2025-11-10;23;7
28;2025-11-11;0;0
28;2025-11-11;1;0
28;2025-11-11;2;0
28;2025-11-11;3;0
28;2025-11-11;4;2
28;2025-11-11;5;77
28;2025-11-11;6;267
28;2025-11-11;7;746
28;2025-11-11;8;1248
28;2025-11-11;9;857
28;2025-11-11;10;654
28;2025-11-11;11;592
28;2025-11-11;12;713
28;2025-11-11;13;737
28;2025-11-11;14;695
28;2025-11-11;15;708
28;2025-11-11;16;881
28;2025-11-11;17;1043
28;2025-11-11;18;1003
28;2025-11-11;19;749
28;2025-11-11;20;498
28;2025-11-11;21;316
28;2025-11-11;22;129
28;2025-11-11;23;12
28;2025-11-12;0;0
28;2025-11-12;1;0
28;2025-11-12;2;0
28;2025-11-12;3;0
28;2025-11-12;4;1
28;2025-11-12;5;83
28;2025-11-12;6;270
28;2025-11-12;7;745
28;2025-11-12;8;1235
28;2025-11-12;9;855
28;2025-11-12;10;645
28;2025-11-12;11;594
28;2025-11-12;12;710
28;2025-11-12;13;738
28;2025-11-12;14;689
28;2025-11-12;15;707
28;2025-11-12;16;882
28;2025-11-12;17;1041
28;2025-11-12;18;1000
28;2025-11-12;19;747
28;2025-11-12;20;501
28;2025-11-12;21;315
28;2025-11-12;22;134
28;2025-11-12;23;11
28;2025-11-13;0;0
28;2025-11-13;1;0
28;2025-11-13;2;0
28;2025-11-13;3;0
28;2025-11-13;4;2
28;2025-11-13;5;81
28;2025-11-13;6;272
28;2025-11-13;7;751
28;2025-11-13;8;1244
28;2025-11-13;9;862
28;2025-11-13;10;651
28;2025-11-13;11;598
28;2025-11-13;12;717
28;2025-11-13;13;739
28;2025-11-13;14;697
28;2025-11-13;15;712
28;2025-11-13;16;886
28;2025-11-13;17;1045
28;2025-11-13;18;1008
28;2025-11-13;19;746
28;2025-11-13;20;503
28;2025-11-13;21;324
28;2025-11-13;22;138
28;2025-11-13;23;10
28;2025-11-14;0;0
28;2025-11-14;1;0
28;2025-11-14;2;0
28;2025-11-14;3;0
28;2025-11-14;4;1
28;2025-11-14;5;77
28;2025-11-14;6;263
28;2025-11-14;7;732
28;2025-11-14;8;1180
28;2025-11-14;9;824
28;2025-11-14;10;619
28;2025-11-14;11;575
28;2025-11-14;12;705
28;2025-11-14;13;720
28;2025-11-14;14;692
28;2025-11-14;15;710
28;2025-11-14;16;914
28;2025-11-14;17;1009
28;2025-11-14;18;884
28;2025-11-14;19;707
28;2025-11-14;20;468
28;2025-11-14;21;324
28;2025-11-14;22;136
28;2025-11-14;23;14
28;2025-11-15;0;1
28;2025-11-15;1;0
28;2025-11-15;2;0
28;2025-11-15;3;0
28;2025-11-15;4;0
28;2025-11-15;5;38
28;2025-11-15;6;106
28;2025-11-15;7;234
28;2025-11-15;8;382
28;2025-11-15;9;459
28;2025-11-15;10;491
28;2025-11-15;11;506
28;2025-11-15;12;580
28;2025-11-15;13;603
28;2025-11-15;14;591
28;2025-11-15;15;588
28;2025-11-15;16;534
28;2025-11-15;17;562
28;2025-11-15;18;489
28;2025-11-15;19;414
28;2025-11-15;20;325
28;2025-11-15;21;264
28;2025-11-15;22;128
28;2025-11-15;23;16
28;2025-11-16;0;1
28;2025-11-16;1;0
28;2025-11-16;2;0
28;2025-11-16;3;0
28;2025-11-16;4;0
28;2025-11-16;5;30
28;2025-11-16;6;84
28;2025-11-16;7;151
28;2025-11-16;8;258
28;2025-11-16;9;322
28;2025-11-16;10;368
28;2025-11-16;11;423
28;2025-11-16;12;471
28;2025-11-16;13;515
28;2025-11-16;14;509
28;2025-11-16;15;516
28;2025-11-16;16;481
28;2025-11-16;17;485
28;2025-11-16;18;414
28;2025-11-16;19;344
28;2025-11-16;20;291
28;2025-11-16;21;230
28;2025-11-16;22;109
28;2025-11-16;23;9
28;2025-11-17;0;0
28;2025-11-17;1;0
28;2025-11-17;2;0
28;2025-11-17;3;0
28;2025-11-17;4;2
28;2025-11-17;5;77
28;2025-11-17;6;254
28;2025-11-17;7;716
28;2025-11-17;8;1197
28;2025-11-17;9;831
28;2025-11-17;10;617
28;2025-11-17;11;551
28;2025-11-17;12;673
28;2025-11-17;13;695
28;2025-11-17;14;657
28;2025-11-17;15;675
28;2025-11-17;16;873
28;2025-11-17;17;1014
28;2025-11-17;18;959
28;2025-11-17;19;731
28;2025-11-17;20;486
28;2025-11-17;21;296
28;2025-11-17;22;112
28;2025-11-17;23;7
28;2025-11-18;0;0
28;2025-11-18;1;0
28;2025-11-18;2;0
28;2025-11-18;3;0
28;2025-11-18;4;2
28;2025-11-18;5;77
28;2025-11-18;6;267
28;2025-11-18;7;746
28;2025-11-18;8;1248
28;2025-11-18;9;857
28;2025-11-18;10;654
28;2025-11-18;11;592
28;2025-11-18;12;713
28;2025-11-18;13;737
28;2025-11-18;14;695
28;2025-11-18;15;708
28;2025-11-18;16;881
28;2025-11-18;17;1043
28;2025-11-18;18;1003
28;2025-11-18;19;749
28;2025-11-18;20;498
28;2025-11-18;21;316
28;2025-11-18;22;129
28;2025-11-18;23;12
28;2025-11-19;0;0
28;2025-11-19;1;0
28;2025-11-19;2;0
28;2025-11-19;3;0
28;2025-11-19;4;1
28;2025-11-19;5;83
28;2025-11-19;6;270
28;2025-11-19;7;745
28;2025-11-19;8;1235
28;2025-11-19;9;855
28;2025-11-19;10;645
28;2025-11-19;11;594
28;2025-11-19;12;710
28;2025-11-19;13;738
28;2025-11-19;14;689
28;2025-11-19;15;707
28;2025-11-19;16;882
28;2025-11-19;17;1041
28;2025-11-19;18;1000
28;2025-11-19;19;747
28;2025-11-19;20;501
28;2025-11-19;21;315
28;2025-11-19;22;134
28;2025-11-19;23;11
28;2025-11-20;0;0
28;2025-11-20;1;0
28;2025-11-20;2;0
28;2025-11-20;3;0
28;2025-11-20;4;2
28;2025-11-20;5;81
28;2025-11-20;6;272
28;2025-11-20;7;751
28;2025-11-20;8;1244
28;2025-11-20;9;862
28;2025-11-20;10;651
28;2025-11-20;11;598
28;2025-11-20;12;717
28;2025-11-20;13;739
28;2025-11-20;14;697
28;2025-11-20;15;712
28;2025-11-20;16;886
28;2025-11-20;17;1045
28;2025-11-20;18;1008
28;2025-11-20;19;746
28;2025-11-20;20;503
28;2025-11-20;21;324
28;2025-11-20;22;138
28;2025-11-20;23;10
28;2025-11-21;0;0
28;2025-11-21;1;0
28;2025-11-21;2;0
28;2025-11-21;3;0
28;2025-11-21;4;1
28;2025-11-21;5;77
28;2025-11-21;6;263
28;2025-11-21;7;732
28;2025-11-21;8;1180
28;2025-11-21;9;824
28;2025-11-21;10;619
28;2025-11-21;11;575
28;2025-11-21;12;705
28;2025-11-21;13;720
28;2025-11-21;14;692
28;2025-11-21;15;710
28;2025-11-21;16;914
28;2025-11-21;17;1009
28;2025-11-21;18;884
28;2025-11-21;19;707
28;2025-11-21;20;468
28;2025-11-21;21;324
28;2025-11-21;22;136
28;2025-11-21;23;14
28;2025-11-22;0;1
28;2025-11-22;1;0
28;2025-11-22;2;0
28;2025-11-22;3;0
28;2025-11-22;4;0
28;2025-11-22;5;38
28;2025-11-22;6;106
28;2025-11-22;7;234
28;2025-11-22;8;382
28;2025-11-22;9;459
28;2025-11-22;10;491
28;2025-11-22;11;506
28;2025-11-22;12;580
28;2025-11-22;13;603
28;2025-11-22;14;591
28;2025-11-22;15;588
28;2025-11-22;16;534
28;2025-11-22;17;562
28;2025-11-22;18;489
28;2025-11-22;19;414
28;2025-11-22;20;325
28;2025-11-22;21;264
28;2025-11-22;22;128
28;2025-11-22;23;16
28;2025-11-23;0;1
28;2025-11-23;1;0
28;2025-11-23;2;0
28;2025-11-23;3;0
28;2025-11-23;4;0
28;2025-11-23;5;30
28;2025-11-23;6;84
28;2025-11-23;7;151
28;2025-11-23;8;258
28;2025-11-23;9;322
28;2025-11-23;10;368
28;2025-11-23;11;423
28;2025-11-23;12;471
28;2025-11-23;13;515
28;2025-11-23;14;509
28;2025-11-23;15;516
28;2025-11-23;16;481
28;2025-11-23;17;485
28;2025-11-23;18;414
28;2025-11-23;19;344
28;2025-11-23;20;291
28;2025-11-23;21;230
28;2025-11-23;22;109
28;2025-11-23;23;9
28;2025-11-24;0;0
28;2025-11-24;1;0
28;2025-11-24;2;0
28;2025-11-24;3;0
28;2025-11-24;4;2
28;2025-11-24;5;77
28;2025-11-24;6;254
28;2025-11-24;7;716
28;2025-11-24;8;1197
28;2025-11-24;9;831
28;2025-11-24;10;617
28;2025-11-24;11;551
28;2025-11-24;12;673
28;2025-11-24;13;695
28;2025-11-24;14;657
28;2025-11-24;15;675
28;2025-11-24;16;873
28;2025-11-24;17;1014
28;2025-11-24;18;959
28;2025-11-24;19;731
28;2025-11-24;20;486
28;2025-11-24;21;296
28;2025-11-24;22;112
28;2025-11-24;23;7
28;2025-11-25;0;0
28;2025-11-25;1;0
28;2025-11-25;2;0
28;2025-11-25;3;0
28;2025-11-25;4;2
28;2025-11-25;5;77
28;2025-11-25;6;267
28;2025-11-25;7;746
28;2025-11-25;8;1248
28;2025-11-25;9;857
28;2025-11-25;10;654
28;2025-11-25;11;592
28;2025-11-25;12;713
28;2025-11-25;13;737
28;2025-11-25;14;695
28;2025-11-25;15;708
28;2025-11-25;16;881
28;2025-11-25;17;1043
28;2025-11-25;18;1003
28;2025-11-25;19;749
28;2025-11-25;20;498
28;2025-11-25;21;316
28;2025-11-25;22;129
28;2025-11-25;23;12
28;2025-11-26;0;0
28;2025-11-26;1;0
28;2025-11-26;2;0
28;2025-11-26;3;0
28;2025-11-26;4;1
28;2025-11-26;5;83
28;2025-11-26;6;270
28;2025-11-26;7;745
28;2025-11-26;8;1235
28;2025-11-26;9;855
28;2025-11-26;10;645
28;2025-11-26;11;594
28;2025-11-26;12;710
28;2025-11-26;13;738
28;2025-11-26;14;689
28;2025-11-26;15;707
28;2025-11-26;16;882
28;2025-11-26;17;1041
28;2025-11-26;18;1000
28;2025-11-26;19;747
28;2025-11-26;20;501
28;2025-11-26;21;315
28;2025-11-26;22;134
28;2025-11-26;23;11
28;2025-11-27;0;0
28;2025-11-27;1;0
28;2025-11-27;2;0
28;2025-11-27;3;0
28;2025-11-27;4;2
28;2025-11-27;5;81
28;2025-11-27;6;272
28;2025-11-27;7;751
28;2025-11-27;8;1244
28;2025-11-27;9;862
28;2025-11-27;10;651
28;2025-11-27;11;598
28;2025-11-27;12;717
28;2025-11-27;13;739
28;2025-11-27;14;697
28;2025-11-27;15;712
28;2025-11-27;16;886
28;2025-11-27;17;1045
28;2025-11-27;18;1008
28;2025-11-27;19;746
28;2025-11-27;20;503
28;2025-11-27;21;324
28;2025-11-27;22;138
28;2025-11-27;23;10
28;2025-11-28;0;0
28;2025-11-28;1;0
28;2025-11-28;2;0
28;2025-11-28;3;0
28;2025-11-28;4;1
28;2025-11-28;5;77
28;2025-11-28;6;263
28;2025-11-28;7;732
28;2025-11-28;8;1180
28;2025-11-28;9;824
28;2025-11-28;10;619
28;2025-11-28;11;575
28;2025-11-28;12;705
28;2025-11-28;13;720
28;2025-11-28;14;692
28;2025-11-28;15;710
28;2025-11-28;16;914
28;2025-11-28;17;1009
28;2025-11-28;18;884
28;2025-11-28;19;707
28;2025-11-28;20;468
28;2025-11-28;21;324
28;2025-11-28;22;136
28;2025-11-28;23;14
28;2025-11-29;0;1
28;2025-11-29;1;0
28;2025-11-29;2;0
28;2025-11-29;3;0
28;2025-11-29;4;0
28;2025-11-29;5;38
28;2025-11-29;6;106
28;2025-11-29;7;234
28;2025-11-29;8;382
28;2025-11-29;9;459
28;2025-11-29;10;491
28;2025-11-29;11;506
28;2025-11-29;12;580
28;2025-11-29;13;603
28;2025-11-29;14;591
28;2025-11-29;15;588
28;2025-11-29;16;534
28;2025-11-29;17;562
28;2025-11-29;18;489
28;2025-11-29;19;414
28;2025-11-29;20;325
28;2025-11-29;21;264
28;2025-11-29;22;128
28;2025-11-29;23;16
28;2025-11-30;0;1
28;2025-11-30;1;0
28;2025-11-30;2;0
28;2025-11-30;3;0
28;2025-11-30;4;0
28;2025-11-30;5;30
28;2025-11-30;6;84
28;2025-11-30;7;151
28;2025-11-30;8;258
28;2025-11-30;9;322
28;2025-11-30;10;368
28;2025-11-30;11;423
28;2025-11-30;12;471
28;2025-11-30;13;515
28;2025-11-30;14;509
28;2025-11-30;15;516
28;2025-11-30;16;481
28;2025-11-30;17;485
28;2025-11-30;18;414
28;2025-11-30;19;344
28;2025-11-30;20;291
28;2025-11-30;21;230
28;2025-11-30;22;109
28;2025-11-30;23;9
28;2025-12-01;0;0
28;2025-12-01;1;0
28;2025-12-01;2;0
28;2025-12-01;3;0
28;2025-12-01;4;2
28;2025-12-01;5;73
28;2025-12-01;6;248
28;2025-12-01;7;712
28;2025-12-01;8;1137
28;2025-12-01;9;813
28;2025-12-01;10;595
28;2025-12-01;11;513
28;2025-12-01;12;630
28;2025-12-01;13;678
28;2025-12-01;14;619
28;2025-12-01;15;663
28;2025-12-01;16;848
28;2025-12-01;17;974
28;2025-12-01;18;960
28;2025-12-01;19;722
28;2025-12-01;20;459
28;2025-12-01;21;284
28;2025-12-01;22;118
28;2025-12-01;23;17
28;2025-12-02;0;0
28;2025-12-02;1;0
28;2025-12-02;2;0
28;2025-12-02;3;0
28;2025-12-02;4;2
28;2025-12-02;5;72
28;2025-12-02;6;261
28;2025-12-02;7;733
28;2025-12-02;8;1173
28;2025-12-02;9;829
28;2025-12-02;10;622
28;2025-12-02;11;541
28;2025-12-02;12;662
28;2025-12-02;13;714
28;2025-12-02;14;647
28;2025-12-02;15;682
28;2025-12-02;16;848
28;2025-12-02;17;988
28;2025-12-02;18;991
28;2025-12-02;19;734
28;2025-12-02;20;468
28;2025-12-02;21;303
28;2025-12-02;22;132
28;2025-12-02;23;21
28;2025-12-03;0;0
28;2025-12-03;1;0
28;2025-12-03;2;0
28;2025-12-03;3;0
28;2025-12-03;4;2
28;2025-12-03;5;78
28;2025-12-03;6;265
28;2025-12-03;7;731
28;2025-12-03;8;1161
28;2025-12-03;9;827
28;2025-12-03;10;614
28;2025-12-03;11;542
28;2025-12-03;12;658
28;2025-12-03;13;715
28;2025-12-03;14;642
28;2025-12-03;15;681
28;2025-12-03;16;850
28;2025-12-03;17;985
28;2025-12-03;18;988
28;2025-12-03;19;732
28;2025-12-03;20;468
28;2025-12-03;21;302
28;2025-12-03;22;138
28;2025-12-03;23;20
28;2025-12-04;0;0
28;2025-12-04;1;0
28;2025-12-04;2;0
28;2025-12-04;3;0
28;2025-12-04;4;2
28;2025-12-04;5;76
28;2025-12-04;6;266
28;2025-12-04;7;737
28;2025-12-04;8;1169
28;2025-12-04;9;834
28;2025-12-04;10;619
28;2025-12-04;11;547
28;2025-12-04;12;666
28;2025-12-04;13;716
28;2025-12-04;14;650
28;2025-12-04;15;686
28;2025-12-04;16;853
28;2025-12-04;17;990
28;2025-12-04;18;996
28;2025-12-04;19;732
28;2025-12-04;20;471
28;2025-12-04;21;310
28;2025-12-04;22;142
28;2025-12-04;23;20
28;2025-12-05;0;0
28;2025-12-05;1;0
28;2025-12-05;2;0
28;2025-12-05;3;0
28;2025-12-05;4;2
28;2025-12-05;5;72
28;2025-12-05;6;258
28;2025-12-05;7;721
28;2025-12-05;8;1114
28;2025-12-05;9;805
28;2025-12-05;10;596
28;2025-12-05;11;535
28;2025-12-05;12;657
28;2025-12-05;13;702
28;2025-12-05;14;649
28;2025-12-05;15;697
28;2025-12-05;16;889
28;2025-12-05;17;968
28;2025-12-05;18;885
28;2025-12-05;19;697
28;2025-12-05;20;440
28;2025-12-05;21;310
28;2025-12-05;22;140
28;2025-12-05;23;23
28;2025-12-06;0;0
28;2025-12-06;1;0
28;2025-12-06;2;0
28;2025-12-06;3;0
28;2025-12-06;4;1
28;2025-12-06;5;31
28;2025-12-06;6;98
28;2025-12-06;7;227
28;2025-12-06;8;333
28;2025-12-06;9;442
28;2025-12-06;10;458
28;2025-12-06;11;435
28;2025-12-06;12;504
28;2025-12-06;13;558
28;2025-12-06;14;538
28;2025-12-06;15;537
28;2025-12-06;16;486
28;2025-12-06;17;496
28;2025-12-06;18;448
28;2025-12-06;19;392
28;2025-12-06;20;314
28;2025-12-06;21;260
28;2025-12-06;22;130
28;2025-12-06;23;23
28;2025-12-07;0;0
28;2025-12-07;1;0
28;2025-12-07;2;0
28;2025-12-07;3;0
28;2025-12-07;4;0
28;2025-12-07;5;24
28;2025-12-07;6;77
28;2025-12-07;7;155
28;2025-12-07;8;232
28;2025-12-07;9;317
28;2025-12-07;10;354
28;2025-12-07;11;367
28;2025-12-07;12;413
28;2025-12-07;13;479
28;2025-12-07;14;473
28;2025-12-07;15;483
28;2025-12-07;16;444
28;2025-12-07;17;436
28;2025-12-07;18;389
28;2025-12-07;19;330
28;2025-12-07;20;285
28;2025-12-07;21;228
28;2025-12-07;22;112
28;2025-12-07;23;16
28;2025-12-08;0;0
28;2025-12-08;1;0
28;2025-12-08;2;0
28;2025-12-08;3;0
28;2025-12-08;4;2
28;2025-12-08;5;73
28;2025-12-08;6;248
28;2025-12-08;7;712
28;2025-12-08;8;1137
28;2025-12-08;9;813
28;2025-12-08;10;595
28;2025-12-08;11;513
28;2025-12-08;12;630
28;2025-12-08;13;678
28;2025-12-08;14;619
28;2025-12-08;15;663
28;2025-12-08;16;848
28;2025-12-08;17;974
28;2025-12-08;18;960
28;2025-12-08;19;722
28;2025-12-08;20;459
28;2025-12-08;21;284
28;2025-12-08;22;118
28;2025-12-08;23;17
28;2025-12-09;0;0
28;2025-12-09;1;0
28;2025-12-09;2;0
28;2025-12-09;3;0
28;2025-12-09;4;2
28;2025-12-09;5;72
28;2025-12-09;6;261
28;2025-12-09;7;733
28;2025-12-09;8;1173
28;2025-12-09;9;829
28;2025-12-09;10;622
28;2025-12-09;11;541
28;2025-12-09;12;662
28;2025-12-09;13;714
28;2025-12-09;14;647
28;2025-12-09;15;682
28;2025-12-09;16;848
28;2025-12-09;17;988
28;2025-12-09;18;991
28;2025-12-09;19;734
28;2025-12-09;20;468
28;2025-12-09;21;303
28;2025-12-09;22;132
28;2025-12-09;23;21
28;2025-12-10;0;0
28;2025-12-10;1;0
28;2025-12-10;2;0
28;2025-12-10;3;0
28;2025-12-10;4;2
28;2025-12-10;5;78
28;2025-12-10;6;265
28;2025-12-10;7;731
28;2025-12-10;8;1161
28;2025-12-10;9;827
28;2025-12-10;10;614
28;2025-12-10;11;542
28;2025-12-10;12;658
28;2025-12-10;13;715
28;2025-12-10;14;642
28;2025-12-10;15;681
28;2025-12-10;16;850
28;2025-12-10;17;985
28;2025-12-10;18;988
28;2025-12-10;19;732
28;2025-12-10;20;468
28;2025-12-10;21;302
28;2025-12-10;22;138
28;2025-12-10;23;20
28;2025-12-11;0;0
28;2025-12-11;1;0
28;2025-12-11;2;0
28;2025-12-11;3;0
28;2025-12-11;4;2
28;2025-12-11;5;76
28;2025-12-11;6;266
28;2025-12-11;7;737
28;2025-12-11;8;1169
28;2025-12-11;9;834
28;2025-12-11;10;619
28;2025-12-11;11;547
28;2025-12-11;12;666
28;2025-12-11;13;716
28;2025-12-11;14;650
28;2025-12-11;15;686
28;2025-12-11;16;853
28;2025-12-11;17;990
28;2025-12-11;18;996
28;2025-12-11;19;732
28;2025-12-11;20;471
28;2025-12-11;21;310
28;2025-12-11;22;142
28;2025-12-11;23;20
28;2025-12-12;0;0
28;2025-12-12;1;0
28;2025-12-12;2;0
28;2025-12-12;3;0
28;2025-12-12;4;2
28;2025-12-12;5;72
28;2025-12-12;6;258
28;2025-12-12;7;721
28;2025-12-12;8;1114
28;2025-12-12;9;805
28;2025-12-12;10;596
28;2025-12-12;11;535
28;2025-12-12;12;657
28;2025-12-12;13;702
28;2025-12-12;14;649
28;2025-12-12;15;697
28;2025-12-12;16;889
28;2025-12-12;17;968
28;2025-12-12;18;885
28;2025-12-12;19;697
28;2025-12-12;20;440
28;2025-12-12;21;310
28;2025-12-12;22;140
28;2025-12-12;23;23
28;2025-12-13;0;0
28;2025-12-13;1;0
28;2025-12-13;2;0
28;2025-12-13;3;0
28;2025-12-13;4;1
28;2025-12-13;5;31
28;2025-12-13;6;98
28;2025-12-13;7;227
28;2025-12-13;8;333
28;2025-12-13;9;442
28;2025-12-13;10;458
28;2025-12-13;11;435
28;2025-12-13;12;504
28;2025-12-13;13;558
28;2025-12-13;14;538
28;2025-12-13;15;537
28;2025-12-13;16;486
28;2025-12-13;17;496
28;2025-12-13;18;448
28;2025-12-13;19;392
28;2025-12-13;20;314
28;2025-12-13;21;260
28;2025-12-13;22;130
28;2025-12-13;23;23
28;2025-12-14;0;0
28;2025-12-14;1;0
28;2025-12-14;2;0
28;2025-12-14;3;0
28;2025-12-14;4;0
28;2025-12-14;5;24
28;2025-12-14;6;77
28;2025-12-14;7;155
28;2025-12-14;8;232
28;2025-12-14;9;317
28;2025-12-14;10;354
28;2025-12-14;11;367
28;2025-12-14;12;413
28;2025-12-14;13;479
28;2025-12-14;14;473
28;2025-12-14;15;483
28;2025-12-14;16;444
28;2025-12-14;17;436
28;2025-12-14;18;389
28;2025-12-14;19;330
28;2025-12-14;20;285
28;2025-12-14;21;228
28;2025-12-14;22;112
28;2025-12-14;23;16
28;2025-12-15;0;0
28;2025-12-15;1;0
28;2025-12-15;2;0
28;2025-12-15;3;0
28;2025-12-15;4;2
28;2025-12-15;5;73
28;2025-12-15;6;248
28;2025-12-15;7;712
28;2025-12-15;8;1137
28;2025-12-15;9;813
28;2025-12-15;10;595
28;2025-12-15;11;513
28;2025-12-15;12;630
28;2025-12-15;13;678
28;2025-12-15;14;619
28;2025-12-15;15;663
28;2025-12-15;16;848
28;2025-12-15;17;974
28;2025-12-15;18;960
28;2025-12-15;19;722
28;2025-12-15;20;459
28;2025-12-15;21;284
28;2025-12-15;22;118
28;2025-12-15;23;17
28;2025-12-16;0;0
28;2025-12-16;1;0
28;2025-12-16;2;0
28;2025-12-16;3;0
28;2025-12-16;4;2
28;2025-12-16;5;72
28;2025-12-16;6;261
28;2025-12-16;7;733
28;2025-12-16;8;1173
28;2025-12-16;9;829
28;2025-12-16;10;622
28;2025-12-16;11;541
28;2025-12-16;12;662
28;2025-12-16;13;714
28;2025-12-16;14;647
28;2025-12-16;15;682
28;2025-12-16;16;848
28;2025-12-16;17;988
28;2025-12-16;18;991
28;2025-12-16;19;734
28;2025-12-16;20;468
28;2025-12-16;21;303
28;2025-12-16;22;132
28;2025-12-16;23;21
28;2025-12-17;0;0
28;2025-12-17;1;0
28;2025-12-17;2;0
28;2025-12-17;3;0
28;2025-12-17;4;2
28;2025-12-17;5;78
28;2025-12-17;6;265
28;2025-12-17;7;731
28;2025-12-17;8;1161
28;2025-12-17;9;827
28;2025-12-17;10;614
28;2025-12-17;11;542
28;2025-12-17;12;658
28;2025-12-17;13;715
28;2025-12-17;14;642
28;2025-12-17;15;681
28;2025-12-17;16;850
28;2025-12-17;17;985
28;2025-12-17;18;988
28;2025-12-17;19;732
28;2025-12-17;20;468
28;2025-12-17;21;302
28;2025-12-17;22;138
28;2025-12-17;23;20
28;2025-12-18;0;0
28;2025-12-18;1;0
28;2025-12-18;2;0
28;2025-12-18;3;0
28;2025-12-18;4;2
28;2025-12-18;5;76
28;2025-12-18;6;266
28;2025-12-18;7;737
28;2025-12-18;8;1169
28;2025-12-18;9;834
28;2025-12-18;10;619
28;2025-12-18;11;547
28;2025-12-18;12;666
28;2025-12-18;13;716
28;2025-12-18;14;650
28;2025-12-18;15;686
28;2025-12-18;16;853
28;2025-12-18;17;990
28;2025-12-18;18;996
28;2025-12-18;19;732
28;2025-12-18;20;471
28;2025-12-18;21;310
28;2025-12-18;22;142
28;2025-12-18;23;20
28;2025-12-19;0;0
28;2025-12-19;1;0
28;2025-12-19;2;0
28;2025-12-19;3;0
28;2025-12-19;4;2
28;2025-12-19;5;72
28;2025-12-19;6;258
28;2025-12-19;7;721
28;2025-12-19;8;1114
28;2025-12-19;9;805
28;2025-12-19;10;596
28;2025-12-19;11;535
28;2025-12-19;12;657
28;2025-12-19;13;702
28;2025-12-19;14;649
28;2025-12-19;15;697
28;2025-12-19;16;889
28;2025-12-19;17;968
28;2025-12-19;18;885
28;2025-12-19;19;697
28;2025-12-19;20;440
28;2025-12-19;21;310
28;2025-12-19;22;140
28;2025-12-19;23;23
28;2025-12-20;0;0
28;2025-12-20;1;0
28;2025-12-20;2;0
28;2025-12-20;3;0
28;2025-12-20;4;1
28;2025-12-20;5;31
28;2025-12-20;6;98
28;2025-12-20;7;227
28;2025-12-20;8;333
28;2025-12-20;9;442
28;2025-12-20;10;458
28;2025-12-20;11;435
28;2025-12-20;12;504
28;2025-12-20;13;558
28;2025-12-20;14;538
28;2025-12-20;15;537
28;2025-12-20;16;486
28;2025-12-20;17;496
28;2025-12-20;18;448
28;2025-12-20;19;392
28;2025-12-20;20;314
28;2025-12-20;21;260
28;2025-12-20;22;130
28;2025-12-20;23;23
28;2025-12-21;0;0
28;2025-12-21;1;0
28;2025-12-21;2;0
28;2025-12-21;3;0
28;2025-12-21;4;0
28;2025-12-21;5;24
28;2025-12-21;6;77
28;2025-12-21;7;155
28;2025-12-21;8;232
28;2025-12-21;9;317
28;2025-12-21;10;354
28;2025-12-21;11;367
28;2025-12-21;12;413
28;2025-12-21;13;479
28;2025-12-21;14;473
28;2025-12-21;15;483
28;2025-12-21;16;444
28;2025-12-21;17;436
28;2025-12-21;18;389
28;2025-12-21;19;330
28;2025-12-21;20;285
28;2025-12-21;21;228
28;2025-12-21;22;112
28;2025-12-21;23;16
28;2025-12-22;0;0
28;2025-12-22;1;0
28;2025-12-22;2;0
28;2025-12-22;3;0
28;2025-12-22;4;2
28;2025-12-22;5;73
28;2025-12-22;6;248
28;2025-12-22;7;712
28;2025-12-22;8;1137
28;2025-12-22;9;813
28;2025-12-22;10;595
28;2025-12-22;11;513
28;2025-12-22;12;630
28;2025-12-22;13;678
28;2025-12-22;14;619
28;2025-12-22;15;663
28;2025-12-22;16;848
28;2025-12-22;17;974
28;2025-12-22;18;960
28;2025-12-22;19;722
28;2025-12-22;20;459
28;2025-12-22;21;284
28;2025-12-22;22;118
28;2025-12-22;23;17
28;2025-12-23;0;0
28;2025-12-23;1;0
28;2025-12-23;2;0
28;2025-12-23;3;0
28;2025-12-23;4;2
28;2025-12-23;5;72
28;2025-12-23;6;261
28;2025-12-23;7;733
28;2025-12-23;8;1173
28;2025-12-23;9;829
28;2025-12-23;10;622
28;2025-12-23;11;541
28;2025-12-23;12;662
28;2025-12-23;13;714
28;2025-12-23;14;647
28;2025-12-23;15;682
28;2025-12-23;16;848
28;2025-12-23;17;988
28;2025-12-23;18;991
28;2025-12-23;19;734
28;2025-12-23;20;468
28;2025-12-23;21;303
28;2025-12-23;22;132
28;2025-12-23;23;21
28;2025-12-24;0;0
28;2025-12-24;1;0
28;2025-12-24;2;0
28;2025-12-24;3;0
28;2025-12-24;4;2
28;2025-12-24;5;78
28;2025-12-24;6;265
28;2025-12-24;7;731
28;2025-12-24;8;1161
28;2025-12-24;9;827
28;2025-12-24;10;614
28;2025-12-24;11;542
28;2025-12-24;12;658
28;2025-12-24;13;715
28;2025-12-24;14;642
28;2025-12-24;15;681
28;2025-12-24;16;850
28;2025-12-24;17;985
28;2025-12-24;18;988
28;2025-12-24;19;732
28;2025-12-24;20;468
28;2025-12-24;21;302
28;2025-12-24;22;138
28;2025-12-24;23;20
28;2025-12-25;0;0
28;2025-12-25;1;0
28;2025-12-25;2;0
28;2025-12-25;3;0
28;2025-12-25;4;2
28;2025-12-25;5;76
28;2025-12-25;6;266
28;2025-12-25;7;737
28;2025-12-25;8;1169
28;2025-12-25;9;834
28;2025-12-25;10;619
28;2025-12-25;11;547
28;2025-12-25;12;666
28;2025-12-25;13;716
28;2025-12-25;14;650
28;2025-12-25;15;686
28;2025-12-25;16;853
28;2025-12-25;17;990
28;2025-12-25;18;996
28;2025-12-25;19;732
28;2025-12-25;20;471
28;2025-12-25;21;310
28;2025-12-25;22;142
28;2025-12-25;23;20
28;2025-12-26;0;0
28;2025-12-26;1;0
28;2025-12-26;2;0
28;2025-12-26;3;0
28;2025-12-26;4;2
28;2025-12-26;5;72
28;2025-12-26;6;258
28;2025-12-26;7;721
28;2025-12-26;8;1114
28;2025-12-26;9;805
28;2025-12-26;10;596
28;2025-12-26;11;535
28;2025-12-26;12;657
28;2025-12-26;13;702
28;2025-12-26;14;649
28;2025-12-26;15;697
28;2025-12-26;16;889
28;2025-12-26;17;968
28;2025-12-26;18;885
28;2025-12-26;19;697
28;2025-12-26;20;440
28;2025-12-26;21;310
28;2025-12-26;22;140
28;2025-12-26;23;23
28;2025-12-27;0;0
28;2025-12-27;1;0
28;2025-12-27;2;0
28;2025-12-27;3;0
28;2025-12-27;4;1
28;2025-12-27;5;31
28;2025-12-27;6;98
28;2025-12-27;7;227
28;2025-12-27;8;333
28;2025-12-27;9;442
28;2025-12-27;10;458
28;2025-12-27;11;435
28;2025-12-27;12;504
28;2025-12-27;13;558
28;2025-12-27;14;538
28;2025-12-27;15;537
28;2025-12-27;16;486
28;2025-12-27;17;496
28;2025-12-27;18;448
28;2025-12-27;19;392
28;2025-12-27;20;314
28;2025-12-27;21;260
28;2025-12-27;22;130
28;2025-12-27;23;23
28;2025-12-28;0;0
28;2025-12-28;1;0
28;2025-12-28;2;0
28;2025-12-28;3;0
28;2025-12-28;4;0
28;2025-12-28;5;24
28;2025-12-28;6;77
28;2025-12-28;7;155
28;2025-12-28;8;232
28;2025-12-28;9;317
28;2025-12-28;10;354
28;2025-12-28;11;367
28;2025-12-28;12;413
28;2025-12-28;13;479
28;2025-12-28;14;473
28;2025-12-28;15;483
28;2025-12-28;16;444
28;2025-12-28;17;436
28;2025-12-28;18;389
28;2025-12-28;19;330
28;2025-12-28;20;285
28;2025-12-28;21;228
28;2025-12-28;22;112
28;2025-12-28;23;16
28;2025-12-29;0;0
28;2025-12-29;1;0
28;2025-12-29;2;0
28;2025-12-29;3;0
28;2025-12-29;4;2
28;2025-12-29;5;73
28;2025-12-29;6;248
28;2025-12-29;7;712
28;2025-12-29;8;1137
28;2025-12-29;9;813
28;2025-12-29;10;595
28;2025-12-29;11;513
28;2025-12-29;12;630
28;2025-12-29;13;678
28;2025-12-29;14;619
28;2025-12-29;15;663
28;2025-12-29;16;848
28;2025-12-29;17;974
28;2025-12-29;18;960
28;2025-12-29;19;722
28;2025-12-29;20;459
28;2025-12-29;21;284
28;2025-12-29;22;118
28;2025-12-29;23;17
28;2025-12-30;0;0
28;2025-12-30;1;0
28;2025-12-30;2;0
28;2025-12-30;3;0
28;2025-12-30;4;2
28;2025-12-30;5;72
28;2025-12-30;6;261
28;2025-12-30;7;733
28;2025-12-30;8;1173
28;2025-12-30;9;829
28;2025-12-30;10;622
28;2025-12-30;11;541
28;2025-12-30;12;662
28;2025-12-30;13;714
28;2025-12-30;14;647
28;2025-12-30;15;682
28;2025-12-30;16;848
28;2025-12-30;17;988
28;2025-12-30;18;991
28;2025-12-30;19;734
28;2025-12-30;20;468
28;2025-12-30;21;303
28;2025-12-30;22;132
28;2025-12-30;23;21
28;2025-12-31;0;0
28;2025-12-31;1;0
28;2025-12-31;2;0
28;2025-12-31;3;0
28;2025-12-31;4;0
28;2025-12-31;5;35
28;2025-12-31;6;87
28;2025-12-31;7;213
28;2025-12-31;8;359
28;2025-12-31;9;346
28;2025-12-31;10;350
28;2025-12-31;11;340
28;2025-12-31;12;393
28;2025-12-31;13;413
28;2025-12-31;14;405
28;2025-12-31;15;369
28;2025-12-31;16;375
28;2025-12-31;17;413
28;2025-12-31;18;388
28;2025-12-31;19;305
28;2025-12-31;20;300
28;2025-12-31;21;207
28;2025-12-31;22;79
28;2025-12-31;23;0
50;2025-11-01;0;61
50;2025-11-01;1;13
50;2025-11-01;2;20
50;2025-11-01;3;20
50;2025-11-01;4;52
50;2025-11-01;5;29
50;2025-11-01;6;171
50;2025-11-01;7;481
50;2025-11-01;8;2072
50;2025-11-01;9;1753
50;2025-11-01;10;1414
50;2025-11-01;11;1534
50;2025-11-01;12;1544
50;2025-11-01;13;1607
50;2025-11-01;14;1517
50;2025-11-01;15;1740
50;2025-11-01;16;1799
50;2025-11-01;17;2153
50;2025-11-01;18;2023
50;2025-11-01;19;1172
50;2025-11-01;20;683
50;2025-11-01;21;421
50;2025-11-01;22;230
50;2025-11-01;23;163
50;2025-11-02;0;46
50;2025-11-02;1;11
50;2025-11-02;2;20
50;2025-11-02;3;20
50;2025-11-02;4;42
50;2025-11-02;5;7
50;2025-11-02;6;96
50;2025-11-02;7;234
50;2025-11-02;8;356
50;2025-11-02;9;452
50;2025-11-02;10;462
50;2025-11-02;11;619
50;2025-11-02;12;664
50;2025-11-02;13;713
50;2025-11-02;14;675
50;2025-11-02;15;714
50;2025-11-02;16;637
50;2025-11-02;17;681
50;2025-11-02;18;593
50;2025-11-02;19;521
50;2025-11-02;20;425
50;2025-11-02;21;333
50;2025-11-02;22;186
50;2025-11-02;23;106
50;2025-11-03;0;32
50;2025-11-03;1;9
50;2025-11-03;2;20
50;2025-11-03;3;20
50;2025-11-03;4;44
50;2025-11-03;5;23
50;2025-11-03;6;219
50;2025-11-03;7;486
50;2025-11-03;8;764
50;2025-11-03;9;624
50;2025-11-03;10;604
50;2025-11-03;11;677
50;2025-11-03;12;672
50;2025-11-03;13;750
50;2025-11-03;14;724
50;2025-11-03;15;715
50;2025-11-03;16;668
50;2025-11-03;17;789
50;2025-11-03;18;967
50;2025-11-03;19;634
50;2025-11-03;20;457
50;2025-11-03;21;378
50;2025-11-03;22;212
50;2025-11-03;23;107
50;2025-11-04;0;34
50;2025-11-04;1;9
50;2025-11-04;2;20
50;2025-11-04;3;20
50;2025-11-04;4;43
50;2025-11-04;5;29
50;2025-11-04;6;164
50;2025-11-04;7;382
50;2025-11-04;8;518
50;2025-11-04;9;451
50;2025-11-04;10;463
50;2025-11-04;11;527
50;2025-11-04;12;564
50;2025-11-04;13;637
50;2025-11-04;14;598
50;2025-11-04;15;642
50;2025-11-04;16;568
50;2025-11-04;17;651
50;2025-11-04;18;748
50;2025-11-04;19;509
50;2025-11-04;20;436
50;2025-11-04;21;329
50;2025-11-04;22;218
50;2025-11-04;23;102
50;2025-11-05;0;33
50;2025-11-05;1;10
50;2025-11-05;2;20
50;2025-11-05;3;20
50;2025-11-05;4;42
50;2025-11-05;5;70
50;2025-11-05;6;537
50;2025-11-05;7;1737
50;2025-11-05;8;2784
50;2025-11-05;9;2161
50;2025-11-05;10;1680
50;2025-11-05;11;1550
50;2025-11-05;12;1471
50;2025-11-05;13;1484
50;2025-11-05;14;1414
50;2025-11-05;15;1672
50;2025-11-05;16;1737
50;2025-11-05;17;2364
50;2025-11-05;18;2447
50;2025-11-05;19;1447
50;2025-11-05;20;920
50;2025-11-05;21;627
50;2025-11-05;22;274
50;2025-11-05;23;151
50;2025-11-06;0;39
50;2025-11-06;1;11
50;2025-11-06;2;20
50;2025-11-06;3;20
50;2025-11-06;4;42
50;2025-11-06;5;67
50;2025-11-06;6;539
50;2025-11-06;7;1738
50;2025-11-06;8;2785
50;2025-11-06;9;2159
50;2025-11-06;10;1680
50;2025-11-06;11;1544
50;2025-11-06;12;1473
50;2025-11-06;13;1483
50;2025-11-06;14;1412
50;2025-11-06;15;1675
50;2025-11-06;16;1747
50;2025-11-06;17;2365
50;2025-11-06;18;2449
50;2025-11-06;19;1448
50;2025-11-06;20;926
50;2025-11-06;21;633
50;2025-11-06;22;277
50;2025-11-06;23;158
50;2025-11-07;0;39
50;2025-11-07;1;11
50;2025-11-07;2;20
50;2025-11-07;3;20
50;2025-11-07;4;42
50;2025-11-07;5;66
50;2025-11-07;6;532
50;2025-11-07;7;1697
50;2025-11-07;8;2706
50;2025-11-07;9;2111
50;2025-11-07;10;1605
50;2025-11-07;11;1559
50;2025-11-07;12;1477
50;2025-11-07;13;1491
50;2025-11-07;14;1424
50;2025-11-07;15;1704
50;2025-11-07;16;1808
50;2025-11-07;17;2292
50;2025-11-07;18;2039
50;2025-11-07;19;1348
50;2025-11-07;20;859
50;2025-11-07;21;604
50;2025-11-07;22;283
50;2025-11-07;23;163
50;2025-11-08;0;55
50;2025-11-08;1;11
50;2025-11-08;2;20
50;2025-11-08;3;20
50;2025-11-08;4;42
50;2025-11-08;5;17
50;2025-11-08;6;151
50;2025-11-08;7;375
50;2025-11-08;8;561
50;2025-11-08;9;605
50;2025-11-08;10;601
50;2025-11-08;11;750
50;2025-11-08;12;772
50;2025-11-08;13;836
50;2025-11-08;14;779
50;2025-11-08;15;850
50;2025-11-08;16;779
50;2025-11-08;17;821
50;2025-11-08;18;736
50;2025-11-08;19;650
50;2025-11-08;20;495
50;2025-11-08;21;397
50;2025-11-08;22;222
50;2025-11-08;23;133
50;2025-11-09;0;46
50;2025-11-09;1;11
50;2025-11-09;2;20
50;2025-11-09;3;20
50;2025-11-09;4;42
50;2025-11-09;5;7
50;2025-11-09;6;96
50;2025-11-09;7;234
50;2025-11-09;8;356
50;2025-11-09;9;452
50;2025-11-09;10;462
50;2025-11-09;11;619
50;2025-11-09;12;664
50;2025-11-09;13;713
50;2025-11-09;14;675
50;2025-11-09;15;714
50;2025-11-09;16;637
50;2025-11-09;17;681
50;2025-11-09;18;593
50;2025-11-09;19;521
50;2025-11-09;20;425
50;2025-11-09;21;333
50;2025-11-09;22;186
50;2025-11-09;23;106
50;2025-11-10;0;31
50;2025-11-10;1;11
50;2025-11-10;2;20
50;2025-11-10;3;20
50;2025-11-10;4;42
50;2025-11-10;5;66
50;2025-11-10;6;523
50;2025-11-10;7;1701
50;2025-11-10;8;2744
50;2025-11-10;9;2115
50;2025-11-10;10;1608
50;2025-11-10;11;1513
50;2025-11-10;12;1432
50;2025-11-10;13;1451
50;2025-11-10;14;1391
50;2025-11-10;15;1633
50;2025-11-10;16;1719
50;2025-11-10;17;2304
50;2025-11-10;18;2388
50;2025-11-10;19;1381
50;2025-11-10;20;886
50;2025-11-10;21;599
50;2025-11-10;22;251
50;2025-11-10;23;131
50;2025-11-11;0;33
50;2025-11-11;1;11
50;2025-11-11;2;20
50;2025-11-11;3;20
50;2025-11-11;4;42
50;2025-11-11;5;68
50;2025-11-11;6;537
50;2025-11-11;7;1746
50;2025-11-11;8;2811
50;2025-11-11;9;2171
50;2025-11-11;10;1678
50;2025-11-11;11;1547
50;2025-11-11;12;1469
50;2025-11-11;13;1481
50;2025-11-11;14;1411
50;2025-11-11;15;1674
50;2025-11-11;16;1746
50;2025-11-11;17;2372
50;2025-11-11;18;2484
50;2025-11-11;19;1451
50;2025-11-11;20;927
50;2025-11-11;21;624
50;2025-11-11;22;266
50;2025-11-11;23;141
50;2025-11-12;0;33
50;2025-11-12;1;10
50;2025-11-12;2;20
50;2025-11-12;3;20
50;2025-11-12;4;42
50;2025-11-12;5;70
50;2025-11-12;6;537
50;2025-11-12;7;1737
50;2025-11-12;8;2784
50;2025-11-12;9;2161
50;2025-11-12;10;1680
50;2025-11-12;11;1550
50;2025-11-12;12;1471
50;2025-11-12;13;1484
50;2025-11-12;14;1414
50;2025-11-12;15;1672
50;2025-11-12;16;1737
50;2025-11-12;17;2364
50;2025-11-12;18;2447
50;2025-11-12;19;1447
50;2025-11-12;20;920
50;2025-11-12;21;627
50;2025-11-12;22;274
50;2025-11-12;23;151
50;2025-11-13;0;39
50;2025-11-13;1;11
50;2025-11-13;2;20
50;2025-11-13;3;20
50;2025-11-13;4;42
50;2025-11-13;5;67
50;2025-11-13;6;539
50;2025-11-13;7;1738
50;2025-11-13;8;2785
50;2025-11-13;9;2159
50;2025-11-13;10;1680
50;2025-11-13;11;1544
50;2025-11-13;12;1473
50;2025-11-13;13;1483
50;2025-11-13;14;1412
50;2025-11-13;15;1675
50;2025-11-13;16;1747
50;2025-11-13;17;2365
50;2025-11-13;18;2449
50;2025-11-13;19;1448
50;2025-11-13;20;926
50;2025-11-13;21;633
50;2025-11-13;22;277
50;2025-11-13;23;158
50;2025-11-14;0;39
50;2025-11-14;1;11
50;2025-11-14;2;20
50;2025-11-14;3;20
50;2025-11-14;4;42
50;2025-11-14;5;66
50;2025-11-14;6;532
50;2025-11-14;7;1697
50;2025-11-14;8;2706
50;2025-11-14;9;2111
50;2025-11-14;10;1605
50;2025-11-14;11;1559
50;2025-11-14;12;1477
50;2025-11-14;13;1491
50;2025-11-14;14;1424
50;2025-11-14;15;1704
50;2025-11-14;16;1808
50;2025-11-14;17;2292
50;2025-11-14;18;2039
50;2025-11-14;19;1348
50;2025-11-14;20;859
50;2025-11-14;21;604
50;2025-11-14;22;283
50;2025-11-14;23;163
50;2025-11-15;0;55
50;2025-11-15;1;11
50;2025-11-15;2;20
50;2025-11-15;3;20
50;2025-11-15;4;42
50;2025-11-15;5;17
50;2025-11-15;6;151
50;2025-11-15;7;375
50;2025-11-15;8;561
50;2025-11-15;9;605
50;2025-11-15;10;601
50;2025-11-15;11;750
50;2025-11-15;12;772
50;2025-11-15;13;836
50;2025-11-15;14;779
50;2025-11-15;15;850
50;2025-11-15;16;779
50;2025-11-15;17;821
50;2025-11-15;18;736
50;2025-11-15;19;650
50;2025-11-15;20;495
50;2025-11-15;21;397
50;2025-11-15;22;222
50;2025-11-15;23;133
50;2025-11-16;0;46
50;2025-11-16;1;11
50;2025-11-16;2;20
50;2025-11-16;3;20
50;2025-11-16;4;42
50;2025-11-16;5;7
50;2025-11-16;6;96
50;2025-11-16;7;234
50;2025-11-16;8;356
50;2025-11-16;9;452
50;2025-11-16;10;462
50;2025-11-16;11;619
50;2025-11-16;12;664
50;2025-11-16;13;713
50;2025-11-16;14;675
50;2025-11-16;15;714
50;2025-11-16;16;637
50;2025-11-16;17;681
50;2025-11-16;18;593
50;2025-11-16;19;521
50;2025-11-16;20;425
50;2025-11-16;21;333
50;2025-11-16;22;186
50;2025-11-16;23;106
50;2025-11-17;0;31
50;2025-11-17;1;11
50;2025-11-17;2;20
50;2025-11-17;3;20
50;2025-11-17;4;42
50;2025-11-17;5;66
50;2025-11-17;6;523
50;2025-11-17;7;1701
50;2025-11-17;8;2744
50;2025-11-17;9;2115
50;2025-11-17;10;1608
50;2025-11-17;11;1513
50;2025-11-17;12;1432
50;2025-11-17;13;1451
50;2025-11-17;14;1391
50;2025-11-17;15;1633
50;2025-11-17;16;1719
50;2025-11-17;17;2304
50;2025-11-17;18;2388
50;2025-11-17;19;1381
50;2025-11-17;20;886
50;2025-11-17;21;599
50;2025-11-17;22;251
50;2025-11-17;23;131
50;2025-11-18;0;33
50;2025-11-18;1;11
50;2025-11-18;2;20
50;2025-11-18;3;20
50;2025-11-18;4;42
50;2025-11-18;5;68
50;2025-11-18;6;537
50;2025-11-18;7;1746
50;2025-11-18;8;2811
50;2025-11-18;9;2171
50;2025-11-18;10;1678
50;2025-11-18;11;1547
50;2025-11-18;12;1469
50;2025-11-18;13;1481
50;2025-11-18;14;1411
50;2025-11-18;15;1674
50;2025-11-18;16;1746
50;2025-11-18;17;2372
50;2025-11-18;18;2484
50;2025-11-18;19;1451
50;2025-11-18;20;927
50;2025-11-18;21;624
50;2025-11-18;22;266
50;2025-11-18;23;141
50;2025-11-19;0;33
50;2025-11-19;1;10
50;2025-11-19;2;20
50;2025-11-19;3;20
50;2025-11-19;4;42
50;2025-11-19;5;70
50;2025-11-19;6;537
50;2025-11-19;7;1737
50;2025-11-19;8;2784
50;2025-11-19;9;2161
50;2025-11-19;10;1680
50;2025-11-19;11;1550
50;2025-11-19;12;1471
50;2025-11-19;13;1484
50;2025-11-19;14;1414
50;2025-11-19;15;1672
50;2025-11-19;16;1737
50;2025-11-19;17;2364
50;2025-11-19;18;2447
50;2025-11-19;19;1447
50;2025-11-19;20;920
50;2025-11-19;21;627
50;2025-11-19;22;274
50;2025-11-19;23;151
50;2025-11-20;0;39
50;2025-11-20;1;11
50;2025-11-20;2;20
50;2025-11-20;3;20
50;2025-11-20;4;42
50;2025-11-20;5;67
50;2025-11-20;6;539
50;2025-11-20;7;1738
50;2025-11-20;8;2785
50;2025-11-20;9;2159
50;2025-11-20;10;1680
50;2025-11-20;11;1544
50;2025-11-20;12;1473
50;2025-11-20;13;1483
50;2025-11-20;14;1412
50;2025-11-20;15;1675
50;2025-11-20;16;1747
50;2025-11-20;17;2365
50;2025-11-20;18;2449
50;2025-11-20;19;1448
50;2025-11-20;20;926
50;2025-11-20;21;633
50;2025-11-20;22;277
50;2025-11-20;23;158
50;2025-11-21;0;39
50;2025-11-21;1;11
50;2025-11-21;2;20
50;2025-11-21;3;20
50;2025-11-21;4;42
50;2025-11-21;5;66
50;2025-11-21;6;532
50;2025-11-21;7;1697
50;2025-11-21;8;2706
50;2025-11-21;9;2111
50;2025-11-21;10;1605
50;2025-11-21;11;1559
50;2025-11-21;12;1477
50;2025-11-21;13;1491
50;2025-11-21;14;1424
50;2025-11-21;15;1704
50;2025-11-21;16;1808
50;2025-11-21;17;2292
50;2025-11-21;18;2039
50;2025-11-21;19;1348
50;2025-11-21;20;859
50;2025-11-21;21;604
50;2025-11-21;22;283
50;2025-11-21;23;163
50;2025-11-22;0;55
50;2025-11-22;1;11
50;2025-11-22;2;20
50;2025-11-22;3;20
50;2025-11-22;4;42
50;2025-11-22;5;17
50;2025-11-22;6;151
50;2025-11-22;7;375
50;2025-11-22;8;561
50;2025-11-22;9;605
50;2025-11-22;10;601
50;2025-11-22;11;750
50;2025-11-22;12;772
50;2025-11-22;13;836
50;2025-11-22;14;779
50;2025-11-22;15;850
50;2025-11-22;16;779
50;2025-11-22;17;821
50;2025-11-22;18;736
50;2025-11-22;19;650
50;2025-11-22;20;495
50;2025-11-22;21;397
50;2025-11-22;22;222
50;2025-11-22;23;133
50;2025-11-23;0;46
50;2025-11-23;1;11
50;2025-11-23;2;20
50;2025-11-23;3;20
50;2025-11-23;4;42
50;2025-11-23;5;7
50;2025-11-23;6;96
50;2025-11-23;7;234
50;2025-11-23;8;356
50;2025-11-23;9;452
50;2025-11-23;10;462
50;2025-11-23;11;619
50;2025-11-23;12;664
50;2025-11-23;13;713
50;2025-11-23;14;675
50;2025-11-23;15;714
50;2025-11-23;16;637
50;2025-11-23;17;681
50;2025-11-23;18;593
50;2025-11-23;19;521
50;2025-11-23;20;425
50;2025-11-23;21;333
50;2025-11-23;22;186
50;2025-11-23;23;106
50;2025-11-24;0;31
50;2025-11-24;1;11
50;2025-11-24;2;20
50;2025-11-24;3;20
50;2025-11-24;4;42
50;2025-11-24;5;66
50;2025-11-24;6;523
50;2025-11-24;7;1701
50;2025-11-24;8;2744
50;2025-11-24;9;2115
50;2025-11-24;10;1608
50;2025-11-24;11;1513
50;2025-11-24;12;1432
50;2025-11-24;13;1451
50;2025-11-24;14;1391
50;2025-11-24;15;1633
50;2025-11-24;16;1719
50;2025-11-24;17;2304
50;2025-11-24;18;2388
50;2025-11-24;19;1381
50;2025-11-24;20;886
50;2025-11-24;21;599
50;2025-11-24;22;251
50;2025-11-24;23;131
50;2025-11-25;0;33
50;2025-11-25;1;11
50;2025-11-25;2;20
50;2025-11-25;3;20
50;2025-11-25;4;42
50;2025-11-25;5;68
50;2025-11-25;6;537
50;2025-11-25;7;1746
50;2025-11-25;8;2811
50;2025-11-25;9;2171
50;2025-11-25;10;1678
50;2025-11-25;11;1547
50;2025-11-25;12;1469
50;2025-11-25;13;1481
50;2025-11-25;14;1411
50;2025-11-25;15;1674
50;2025-11-25;16;1746
50;2025-11-25;17;2372
50;2025-11-25;18;2484
50;2025-11-25;19;1451
50;2025-11-25;20;927
50;2025-11-25;21;624
50;2025-11-25;22;266
50;2025-11-25;23;141
50;2025-11-26;0;33
50;2025-11-26;1;10
50;2025-11-26;2;20
50;2025-11-26;3;20
50;2025-11-26;4;42
50;2025-11-26;5;70
50;2025-11-26;6;537
50;2025-11-26;7;1737
50;2025-11-26;8;2784
50;2025-11-26;9;2161
50;2025-11-26;10;1680
50;2025-11-26;11;1550
50;2025-11-26;12;1471
50;2025-11-26;13;1484
50;2025-11-26;14;1414
50;2025-11-26;15;1672
50;2025-11-26;16;1737
50;2025-11-26;17;2364
50;2025-11-26;18;2447
50;2025-11-26;19;1447
50;2025-11-26;20;920
50;2025-11-26;21;627
50;2025-11-26;22;274
50;2025-11-26;23;151
50;2025-11-27;0;39
50;2025-11-27;1;11
50;2025-11-27;2;20
50;2025-11-27;3;20
50;2025-11-27;4;42
50;2025-11-27;5;67
50;2025-11-27;6;539
50;2025-11-27;7;1738
50;2025-11-27;8;2785
50;2025-11-27;9;2159
50;2025-11-27;10;1680
50;2025-11-27;11;1544
50;2025-11-27;12;1473
50;2025-11-27;13;1483
50;2025-11-27;14;1412
50;2025-11-27;15;1675
50;2025-11-27;16;1747
50;2025-11-27;17;2365
50;2025-11-27;18;2449
50;2025-11-27;19;1448
50;2025-11-27;20;926
50;2025-11-27;21;633
50;2025-11-27;22;277
50;2025-11-27;23;158
50;2025-11-28;0;39
50;2025-11-28;1;11
50;2025-11-28;2;20
50;2025-11-28;3;20
50;2025-11-28;4;42
50;2025-11-28;5;66
50;2025-11-28;6;532
50;2025-11-28;7;1697
50;2025-11-28;8;2706
50;2025-11-28;9;2111
50;2025-11-28;10;1605
50;2025-11-28;11;1559
50;2025-11-28;12;1477
50;2025-11-28;13;1491
50;2025-11-28;14;1424
50;2025-11-28;15;1704
50;2025-11-28;16;1808
50;2025-11-28;17;2292
50;2025-11-28;18;2039
50;2025-11-28;19;1348
50;2025-11-28;20;859
50;2025-11-28;21;604
50;2025-11-28;22;283
50;2025-11-28;23;163
50;2025-11-29;0;55
50;2025-11-29;1;11
50;2025-11-29;2;20
50;2025-11-29;3;20
50;2025-11-29;4;42
50;2025-11-29;5;17
50;2025-11-29;6;151
50;2025-11-29;7;375
50;2025-11-29;8;561
50;2025-11-29;9;605
50;2025-11-29;10;601
50;2025-11-29;11;750
50;2025-11-29;12;772
50;2025-11-29;13;836
50;2025-11-29;14;779
50;2025-11-29;15;850
50;2025-11-29;16;779
50;2025-11-29;17;821
50;2025-11-29;18;736
50;2025-11-29;19;650
50;2025-11-29;20;495
50;2025-11-29;21;397
50;2025-11-29;22;222
50;2025-11-29;23;133
50;2025-11-30;0;46
50;2025-11-30;1;11
50;2025-11-30;2;20
50;2025-11-30;3;20
50;2025-11-30;4;42
50;2025-11-30;5;7
50;2025-11-30;6;96
50;2025-11-30;7;234
50;2025-11-30;8;356
50;2025-11-30;9;452
50;2025-11-30;10;462
50;2025-11-30;11;619
50;2025-11-30;12;664
50;2025-11-30;13;713
50;2025-11-30;14;675
50;2025-11-30;15;714
50;2025-11-30;16;637
50;2025-11-30;17;681
50;2025-11-30;18;593
50;2025-11-30;19;521
50;2025-11-30;20;425
50;2025-11-30;21;333
50;2025-11-30;22;186
50;2025-11-30;23;106
50;2025-12-01;0;35
50;2025-12-01;1;11
50;2025-12-01;2;20
50;2025-12-01;3;20
50;2025-12-01;4;42
50;2025-12-01;5;66
50;2025-12-01;6;546
50;2025-12-01;7;1707
50;2025-12-01;8;2733
50;2025-12-01;9;2095
50;2025-12-01;10;1597
50;2025-12-01;11;1516
50;2025-12-01;12;1433
50;2025-12-01;13;1437
50;2025-12-01;14;1376
50;2025-12-01;15;1625
50;2025-12-01;16;1718
50;2025-12-01;17;2301
50;2025-12-01;18;2401
50;2025-12-01;19;1389
50;2025-12-01;20;864
50;2025-12-01;21;571
50;2025-12-01;22;270
50;2025-12-01;23;124
50;2025-12-02;0;37
50;2025-12-02;1;11
50;2025-12-02;2;20
50;2025-12-02;3;20
50;2025-12-02;4;42
50;2025-12-02;5;68
50;2025-12-02;6;558
50;2025-12-02;7;1744
50;2025-12-02;8;2795
50;2025-12-02;9;2149
50;2025-12-02;10;1668
50;2025-12-02;11;1547
50;2025-12-02;12;1461
50;2025-12-02;13;1457
50;2025-12-02;14;1389
50;2025-12-02;15;1654
50;2025-12-02;16;1743
50;2025-12-02;17;2367
50;2025-12-02;18;2496
50;2025-12-02;19;1459
50;2025-12-02;20;891
50;2025-12-02;21;596
50;2025-12-02;22;286
50;2025-12-02;23;132
50;2025-12-03;0;37
50;2025-12-03;1;11
50;2025-12-03;2;20
50;2025-12-03;3;20
50;2025-12-03;4;42
50;2025-12-03;5;70
50;2025-12-03;6;559
50;2025-12-03;7;1735
50;2025-12-03;8;2768
50;2025-12-03;9;2139
50;2025-12-03;10;1671
50;2025-12-03;11;1550
50;2025-12-03;12;1463
50;2025-12-03;13;1460
50;2025-12-03;14;1392
50;2025-12-03;15;1651
50;2025-12-03;16;1734
50;2025-12-03;17;2359
50;2025-12-03;18;2459
50;2025-12-03;19;1456
50;2025-12-03;20;885
50;2025-12-03;21;596
50;2025-12-03;22;292
50;2025-12-03;23;142
50;2025-12-04;0;43
50;2025-12-04;1;11
50;2025-12-04;2;20
50;2025-12-04;3;20
50;2025-12-04;4;42
50;2025-12-04;5;68
50;2025-12-04;6;561
50;2025-12-04;7;1736
50;2025-12-04;8;2769
50;2025-12-04;9;2137
50;2025-12-04;10;1671
50;2025-12-04;11;1544
50;2025-12-04;12;1465
50;2025-12-04;13;1459
50;2025-12-04;14;1391
50;2025-12-04;15;1655
50;2025-12-04;16;1744
50;2025-12-04;17;2361
50;2025-12-04;18;2461
50;2025-12-04;19;1457
50;2025-12-04;20;890
50;2025-12-04;21;602
50;2025-12-04;22;296
50;2025-12-04;23;149
50;2025-12-05;0;43
50;2025-12-05;1;11
50;2025-12-05;2;20
50;2025-12-05;3;20
50;2025-12-05;4;42
50;2025-12-05;5;67
50;2025-12-05;6;554
50;2025-12-05;7;1702
50;2025-12-05;8;2690
50;2025-12-05;9;2085
50;2025-12-05;10;1593
50;2025-12-05;11;1560
50;2025-12-05;12;1477
50;2025-12-05;13;1475
50;2025-12-05;14;1408
50;2025-12-05;15;1689
50;2025-12-05;16;1805
50;2025-12-05;17;2284
50;2025-12-05;18;2052
50;2025-12-05;19;1355
50;2025-12-05;20;836
50;2025-12-05;21;575
50;2025-12-05;22;303
50;2025-12-05;23;157
50;2025-12-06;0;58
50;2025-12-06;1;12
50;2025-12-06;2;20
50;2025-12-06;3;20
50;2025-12-06;4;42
50;2025-12-06;5;29
50;2025-12-06;6;161
50;2025-12-06;7;384
50;2025-12-06;8;562
50;2025-12-06;9;602
50;2025-12-06;10;607
50;2025-12-06;11;751
50;2025-12-06;12;775
50;2025-12-06;13;821
50;2025-12-06;14;774
50;2025-12-06;15;829
50;2025-12-06;16;782
50;2025-12-06;17;828
50;2025-12-06;18;756
50;2025-12-06;19;656
50;2025-12-06;20;465
50;2025-12-06;21;386
50;2025-12-06;22;243
50;2025-12-06;23;131
50;2025-12-07;0;50
50;2025-12-07;1;11
50;2025-12-07;2;20
50;2025-12-07;3;20
50;2025-12-07;4;42
50;2025-12-07;5;20
50;2025-12-07;6;107
50;2025-12-07;7;257
50;2025-12-07;8;363
50;2025-12-07;9;455
50;2025-12-07;10;469
50;2025-12-07;11;626
50;2025-12-07;12;679
50;2025-12-07;13;711
50;2025-12-07;14;679
50;2025-12-07;15;708
50;2025-12-07;16;645
50;2025-12-07;17;692
50;2025-12-07;18;613
50;2025-12-07;19;529
50;2025-12-07;20;410
50;2025-12-07;21;323
50;2025-12-07;22;207
50;2025-12-07;23;107
50;2025-12-08;0;35
50;2025-12-08;1;11
50;2025-12-08;2;20
50;2025-12-08;3;20
50;2025-12-08;4;42
50;2025-12-08;5;66
50;2025-12-08;6;546
50;2025-12-08;7;1707
50;2025-12-08;8;2733
50;2025-12-08;9;2095
50;2025-12-08;10;1597
50;2025-12-08;11;1516
50;2025-12-08;12;1433
50;2025-12-08;13;1437
50;2025-12-08;14;1376
50;2025-12-08;15;1625
50;2025-12-08;16;1718
50;2025-12-08;17;2301
50;2025-12-08;18;2401
50;2025-12-08;19;1389
50;2025-12-08;20;864
50;2025-12-08;21;571
50;2025-12-08;22;270
50;2025-12-08;23;124
50;2025-12-09;0;37
50;2025-12-09;1;11
50;2025-12-09;2;20
50;2025-12-09;3;20
50;2025-12-09;4;42
50;2025-12-09;5;68
50;2025-12-09;6;558
50;2025-12-09;7;1744
50;2025-12-09;8;2795
50;2025-12-09;9;2149
50;2025-12-09;10;1668
50;2025-12-09;11;1547
50;2025-12-09;12;1461
50;2025-12-09;13;1457
50;2025-12-09;14;1389
50;2025-12-09;15;1654
50;2025-12-09;16;1743
50;2025-12-09;17;2367
50;2025-12-09;18;2496
50;2025-12-09;19;1459
50;2025-12-09;20;891
50;2025-12-09;21;596
50;2025-12-09;22;286
50;2025-12-09;23;132
50;2025-12-10;0;37
50;2025-12-10;1;11
50;2025-12-10;2;20
50;2025-12-10;3;20
50;2025-12-10;4;42
50;2025-12-10;5;70
50;2025-12-10;6;559
50;2025-12-10;7;1735
50;2025-12-10;8;2768
50;2025-12-10;9;2139
50;2025-12-10;10;1671
50;2025-12-10;11;1550
50;2025-12-10;12;1463
50;2025-12-10;13;1460
50;2025-12-10;14;1392
50;2025-12-10;15;1651
50;2025-12-10;16;1734
50;2025-12-10;17;2359
50;2025-12-10;18;2459
50;2025-12-10;19;1456
50;2025-12-10;20;885
50;2025-12-10;21;596
50;2025-12-10;22;292
50;2025-12-10;23;142
50;2025-12-11;0;43
50;2025-12-11;1;11
50;2025-12-11;2;20
50;2025-12-11;3;20
50;2025-12-11;4;42
50;2025-12-11;5;68
50;2025-12-11;6;561
50;2025-12-11;7;1736
50;2025-12-11;8;2769
50;2025-12-11;9;2137
50;2025-12-11;10;1671
50;2025-12-11;11;1544
50;2025-12-11;12;1465
50;2025-12-11;13;1459
50;2025-12-11;14;1391
50;2025-12-11;15;1655
50;2025-12-11;16;1744
50;2025-12-11;17;2361
50;2025-12-11;18;2461
50;2025-12-11;19;1457
50;2025-12-11;20;890
50;2025-12-11;21;602
50;2025-12-11;22;296
50;2025-12-11;23;149
50;2025-12-12;0;43
50;2025-12-12;1;11
50;2025-12-12;2;20
50;2025-12-12;3;20
50;2025-12-12;4;42
50;2025-12-12;5;67
50;2025-12-12;6;554
50;2025-12-12;7;1702
50;2025-12-12;8;2690
50;2025-12-12;9;2085
50;2025-12-12;10;1593
50;2025-12-12;11;1560
50;2025-12-12;12;1477
50;2025-12-12;13;1475
50;2025-12-12;14;1408
50;2025-12-12;15;1689
50;2025-12-12;16;1805
50;2025-12-12;17;2284
50;2025-12-12;18;2052
50;2025-12-12;19;1355
50;2025-12-12;20;836
50;2025-12-12;21;575
50;2025-12-12;22;303
50;2025-12-12;23;157
50;2025-12-13;0;58
50;2025-12-13;1;12
50;2025-12-13;2;20
50;2025-12-13;3;20
50;2025-12-13;4;42
50;2025-12-13;5;29
50;2025-12-13;6;161
50;2025-12-13;7;384
50;2025-12-13;8;562
50;2025-12-13;9;602
50;2025-12-13;10;607
50;2025-12-13;11;751
50;2025-12-13;12;775
50;2025-12-13;13;821
50;2025-12-13;14;774
50;2025-12-13;15;829
50;2025-12-13;16;782
50;2025-12-13;17;828
50;2025-12-13;18;756
50;2025-12-13;19;656
50;2025-12-13;20;465
50;2025-12-13;21;386
50;2025-12-13;22;243
50;2025-12-13;23;131
50;2025-12-14;0;50
50;2025-12-14;1;11
50;2025-12-14;2;20
50;2025-12-14;3;20
50;2025-12-14;4;42
50;2025-12-14;5;20
50;2025-12-14;6;107
50;2025-12-14;7;257
50;2025-12-14;8;363
50;2025-12-14;9;455
50;2025-12-14;10;469
50;2025-12-14;11;626
50;2025-12-14;12;679
50;2025-12-14;13;711
50;2025-12-14;14;679
50;2025-12-14;15;708
50;2025-12-14;16;645
50;2025-12-14;17;692
50;2025-12-14;18;613
50;2025-12-14;19;529
50;2025-12-14;20;410
50;2025-12-14;21;323
50;2025-12-14;22;207
50;2025-12-14;23;107
50;2025-12-15;0;35
50;2025-12-15;1;11
50;2025-12-15;2;20
50;2025-12-15;3;20
50;2025-12-15;4;42
50;2025-12-15;5;66
50;2025-12-15;6;546
50;2025-12-15;7;1707
50;2025-12-15;8;2733
50;2025-12-15;9;2095
50;2025-12-15;10;1597
50;2025-12-15;11;1516
50;2025-12-15;12;1433
50;2025-12-15;13;1437
50;2025-12-15;14;1376
50;2025-12-15;15;1625
50;2025-12-15;16;1718
50;2025-12-15;17;2301
50;2025-12-15;18;2401
50;2025-12-15;19;1389
50;2025-12-15;20;864
50;2025-12-15;21;571
50;2025-12-15;22;270
50;2025-12-15;23;124
50;2025-12-16;0;37
50;2025-12-16;1;11
50;2025-12-16;2;20
50;2025-12-16;3;20
50;2025-12-16;4;42
50;2025-12-16;5;68
50;2025-12-16;6;558
50;2025-12-16;7;1744
50;2025-12-16;8;2795
50;2025-12-16;9;2149
50;2025-12-16;10;1668
50;2025-12-16;11;1547
50;2025-12-16;12;1461
50;2025-12-16;13;1457
50;2025-12-16;14;1389
50;2025-12-16;15;1654
50;2025-12-16;16;1743
50;2025-12-16;17;2367
50;2025-12-16;18;2496
50;2025-12-16;19;1459
50;2025-12-16;20;891
50;2025-12-16;21;596
50;2025-12-16;22;286
50;2025-12-16;23;132
50;2025-12-17;0;37
50;2025-12-17;1;11
50;2025-12-17;2;20
50;2025-12-17;3;20
50;2025-12-17;4;42
50;2025-12-17;5;70
50;2025-12-17;6;559
50;2025-12-17;7;1735
50;2025-12-17;8;2768
50;2025-12-17;9;2139
50;2025-12-17;10;1671
50;2025-12-17;11;1550
50;2025-12-17;12;1463
50;2025-12-17;13;1460
50;2025-12-17;14;1392
50;2025-12-17;15;1651
50;2025-12-17;16;1734
50;2025-12-17;17;2359
50;2025-12-17;18;2459
50;2025-12-17;19;1456
50;2025-12-17;20;885
50;2025-12-17;21;596
50;2025-12-17;22;292
50;2025-12-17;23;142
50;2025-12-18;0;43
50;2025-12-18;1;11
50;2025-12-18;2;20
50;2025-12-18;3;20
50;2025-12-18;4;42
50;2025-12-18;5;68
50;2025-12-18;6;561
50;2025-12-18;7;1736
50;2025-12-18;8;2769
50;2025-12-18;9;2137
50;2025-12-18;10;1671
50;2025-12-18;11;1544
50;2025-12-18;12;1465
50;2025-12-18;13;1459
50;2025-12-18;14;1391
50;2025-12-18;15;1655
50;2025-12-18;16;1744
50;2025-12-18;17;2361
50;2025-12-18;18;2461
50;2025-12-18;19;1457
50;2025-12-18;20;890
50;2025-12-18;21;602
50;2025-12-18;22;296
50;2025-12-18;23;149
50;2025-12-19;0;43
50;2025-12-19;1;11
50;2025-12-19;2;20
50;2025-12-19;3;20
50;2025-12-19;4;42
50;2025-12-19;5;67
50;2025-12-19;6;554
50;2025-12-19;7;1702
50;2025-12-19;8;2690
50;2025-12-19;9;2085
50;2025-12-19;10;1593
50;2025-12-19;11;1560
50;2025-12-19;12;1477
50;2025-12-19;13;1475
50;2025-12-19;14;1408
50;2025-12-19;15;1689
50;2025-12-19;16;1805
50;2025-12-19;17;2284
50;2025-12-19;18;2052
50;2025-12-19;19;1355
50;2025-12-19;20;836
50;2025-12-19;21;575
50;2025-12-19;22;303
50;2025-12-19;23;157
50;2025-12-20;0;58
50;2025-12-20;1;12
50;2025-12-20;2;20
50;2025-12-20;3;20
50;2025-12-20;4;42
50;2025-12-20;5;29
50;2025-12-20;6;161
50;2025-12-20;7;384
50;2025-12-20;8;562
50;2025-12-20;9;602
50;2025-12-20;10;607
50;2025-12-20;11;751
50;2025-12-20;12;775
50;2025-12-20;13;821
50;2025-12-20;14;774
50;2025-12-20;15;829
50;2025-12-20;16;782
50;2025-12-20;17;828
50;2025-12-20;18;756
50;2025-12-20;19;656
50;2025-12-20;20;465
50;2025-12-20;21;386
50;2025-12-20;22;243
50;2025-12-20;23;131
50;2025-12-21;0;50
50;2025-12-21;1;11
50;2025-12-21;2;20
50;2025-12-21;3;20
50;2025-12-21;4;42
50;2025-12-21;5;20
50;2025-12-21;6;107
50;2025-12-21;7;257
50;2025-12-21;8;363
50;2025-12-21;9;455
50;2025-12-21;10;469
50;2025-12-21;11;626
50;2025-12-21;12;679
50;2025-12-21;13;711
50;2025-12-21;14;679
50;2025-12-21;15;708
50;2025-12-21;16;645
50;2025-12-21;17;692
50;2025-12-21;18;613
50;2025-12-21;19;529
50;2025-12-21;20;410
50;2025-12-21;21;323
50;2025-12-21;22;207
50;2025-12-21;23;107
50;2025-12-22;0;35
50;2025-12-22;1;11
50;2025-12-22;2;20
50;2025-12-22;3;20
50;2025-12-22;4;42
50;2025-12-22;5;66
50;2025-12-22;6;546
50;2025-12-22;7;1707
50;2025-12-22;8;2733
50;2025-12-22;9;2095
50;2025-12-22;10;1597
50;2025-12-22;11;1516
50;2025-12-22;12;1433
50;2025-12-22;13;1437
50;2025-12-22;14;1376
50;2025-12-22;15;1625
50;2025-12-22;16;1718
50;2025-12-22;17;2301
50;2025-12-22;18;2401
50;2025-12-22;19;1389
50;2025-12-22;20;864
50;2025-12-22;21;571
50;2025-12-22;22;270
50;2025-12-22;23;124
50;2025-12-23;0;37
50;2025-12-23;1;11
50;2025-12-23;2;20
50;2025-12-23;3;20
50;2025-12-23;4;42
50;2025-12-23;5;68
50;2025-12-23;6;558
50;2025-12-23;7;1744
50;2025-12-23;8;2795
50;2025-12-23;9;2149
50;2025-12-23;10;1668
50;2025-12-23;11;1547
50;2025-12-23;12;1461
50;2025-12-23;13;1457
50;2025-12-23;14;1389
50;2025-12-23;15;1654
50;2025-12-23;16;1743
50;2025-12-23;17;2367
50;2025-12-23;18;2496
50;2025-12-23;19;1459
50;2025-12-23;20;891
50;2025-12-23;21;596
50;2025-12-23;22;286
50;2025-12-23;23;132
50;2025-12-24;0;37
50;2025-12-24;1;11
50;2025-12-24;2;20
50;2025-12-24;3;20
50;2025-12-24;4;42
50;2025-12-24;5;70
50;2025-12-24;6;559
50;2025-12-24;7;1735
50;2025-12-24;8;2768
50;2025-12-24;9;2139
50;2025-12-24;10;1671
50;2025-12-24;11;1550
50;2025-12-24;12;1463
50;2025-12-24;13;1460
50;2025-12-24;14;1392
50;2025-12-24;15;1651
50;2025-12-24;16;1734
50;2025-12-24;17;2359
50;2025-12-24;18;2459
50;2025-12-24;19;1456
50;2025-12-24;20;885
50;2025-12-24;21;596
50;2025-12-24;22;292
50;2025-12-24;23;142
50;2025-12-25;0;43
50;2025-12-25;1;11
50;2025-12-25;2;20
50;2025-12-25;3;20
50;2025-12-25;4;42
50;2025-12-25;5;68
50;2025-12-25;6;561
50;2025-12-25;7;1736
50;2025-12-25;8;2769
50;2025-12-25;9;2137
50;2025-12-25;10;1671
50;2025-12-25;11;1544
50;2025-12-25;12;1465
50;2025-12-25;13;1459
50;2025-12-25;14;1391
50;2025-12-25;15;1655
50;2025-12-25;16;1744
50;2025-12-25;17;2361
50;2025-12-25;18;2461
50;2025-12-25;19;1457
50;2025-12-25;20;890
50;2025-12-25;21;602
50;2025-12-25;22;296
50;2025-12-25;23;149
50;2025-12-26;0;43
50;2025-12-26;1;11
50;2025-12-26;2;20
50;2025-12-26;3;20
50;2025-12-26;4;42
50;2025-12-26;5;67
50;2025-12-26;6;554
50;2025-12-26;7;1702
50;2025-12-26;8;2690
50;2025-12-26;9;2085
50;2025-12-26;10;1593
50;2025-12-26;11;1560
50;2025-12-26;12;1477
50;2025-12-26;13;1475
50;2025-12-26;14;1408
50;2025-12-26;15;1689
50;2025-12-26;16;1805
50;2025-12-26;17;2284
50;2025-12-26;18;2052
50;2025-12-26;19;1355
50;2025-12-26;20;836
50;2025-12-26;21;575
50;2025-12-26;22;303
50;2025-12-26;23;157
50;2025-12-27;0;58
50;2025-12-27;1;12
50;2025-12-27;2;20
50;2025-12-27;3;20
50;2025-12-27;4;42
50;2025-12-27;5;29
50;2025-12-27;6;161
50;2025-12-27;7;384
50;2025-12-27;8;562
50;2025-12-27;9;602
50;2025-12-27;10;607
50;2025-12-27;11;751
50;2025-12-27;12;775
50;2025-12-27;13;821
50;2025-12-27;14;774
50;2025-12-27;15;829
50;2025-12-27;16;782
50;2025-12-27;17;828
50;2025-12-27;18;756
50;2025-12-27;19;656
50;2025-12-27;20;465
50;2025-12-27;21;386
50;2025-12-27;22;243
50;2025-12-27;23;131
50;2025-12-28;0;50
50;2025-12-28;1;11
50;2025-12-28;2;20
50;2025-12-28;3;20
50;2025-12-28;4;42
50;2025-12-28;5;20
50;2025-12-28;6;107
50;2025-12-28;7;257
50;2025-12-28;8;363
50;2025-12-28;9;455
50;2025-12-28;10;469
50;2025-12-28;11;626
50;2025-12-28;12;679
50;2025-12-28;13;711
50;2025-12-28;14;679
50;2025-12-28;15;708
50;2025-12-28;16;645
50;2025-12-28;17;692
50;2025-12-28;18;613
50;2025-12-28;19;529
50;2025-12-28;20;410
50;2025-12-28;21;323
50;2025-12-28;22;207
50;2025-12-28;23;107
50;2025-12-29;0;35
50;2025-12-29;1;11
50;2025-12-29;2;20
50;2025-12-29;3;20
50;2025-12-29;4;42
50;2025-12-29;5;66
50;2025-12-29;6;546
50;2025-12-29;7;1707
50;2025-12-29;8;2733
50;2025-12-29;9;2095
50;2025-12-29;10;1597
50;2025-12-29;11;1516
50;2025-12-29;12;1433
50;2025-12-29;13;1437
50;2025-12-29;14;1376
50;2025-12-29;15;1625
50;2025-12-29;16;1718
50;2025-12-29;17;2301
50;2025-12-29;18;2401
50;2025-12-29;19;1389
50;2025-12-29;20;864
50;2025-12-29;21;571
50;2025-12-29;22;270
50;2025-12-29;23;124
50;2025-12-30;0;37
50;2025-12-30;1;11
50;2025-12-30;2;20
50;2025-12-30;3;20
50;2025-12-30;4;42
50;2025-12-30;5;68
50;2025-12-30;6;558
50;2025-12-30;7;1744
50;2025-12-30;8;2795
50;2025-12-30;9;2149
50;2025-12-30;10;1668
50;2025-12-30;11;1547
50;2025-12-30;12;1461
50;2025-12-30;13;1457
50;2025-12-30;14;1389
50;2025-12-30;15;1654
50;2025-12-30;16;1743
50;2025-12-30;17;2367
50;2025-12-30;18;2496
50;2025-12-30;19;1459
50;2025-12-30;20;891
50;2025-12-30;21;596
50;2025-12-30;22;286
50;2025-12-30;23;132
50;2025-12-31;0;29
50;2025-12-31;1;9
50;2025-12-31;2;20
50;2025-12-31;3;20
50;2025-12-31;4;44
50;2025-12-31;5;15
50;2025-12-31;6;242
50;2025-12-31;7;483
50;2025-12-31;8;748
50;2025-12-31;9;605
50;2025-12-31;10;617
50;2025-12-31;11;664
50;2025-12-31;12;666
50;2025-12-31;13;711
50;2025-12-31;14;679
50;2025-12-31;15;673
50;2025-12-31;16;636
50;2025-12-31;17;772
50;2025-12-31;18;967
50;2025-12-31;19;637
50;2025-12-31;20;436
50;2025-12-31;21;372
50;2025-12-31;22;233
50;2025-12-31;23;103
