route;date;hour;weekday;route_hour;hour_weekend;is_night;is_day_off;is_official_holiday;is_transferred_day_off;is_transferred_workday;is_shortened_workday
1;2025-11-01;0;5;24;1;1;0;0;0;1;1
1;2025-11-01;1;5;25;3;1;0;0;0;1;1
1;2025-11-01;2;5;26;5;1;0;0;0;1;1
1;2025-11-01;3;5;27;7;1;0;0;0;1;1
1;2025-11-01;4;5;28;9;1;0;0;0;1;1
1;2025-11-01;5;5;29;11;1;0;0;0;1;1
1;2025-11-01;6;5;30;13;0;0;0;0;1;1
1;2025-11-01;7;5;31;15;0;0;0;0;1;1
1;2025-11-01;8;5;32;17;0;0;0;0;1;1
1;2025-11-01;9;5;33;19;0;0;0;0;1;1
1;2025-11-01;10;5;34;21;0;0;0;0;1;1
1;2025-11-01;11;5;35;23;0;0;0;0;1;1
1;2025-11-01;12;5;36;25;0;0;0;0;1;1
1;2025-11-01;13;5;37;27;0;0;0;0;1;1
1;2025-11-01;14;5;38;29;0;0;0;0;1;1
1;2025-11-01;15;5;39;31;0;0;0;0;1;1
1;2025-11-01;16;5;40;33;0;0;0;0;1;1
1;2025-11-01;17;5;41;35;0;0;0;0;1;1
1;2025-11-01;18;5;42;37;0;0;0;0;1;1
1;2025-11-01;19;5;43;39;0;0;0;0;1;1
1;2025-11-01;20;5;44;41;0;0;0;0;1;1
1;2025-11-01;21;5;45;43;0;0;0;0;1;1
1;2025-11-01;22;5;46;45;0;0;0;0;1;1
1;2025-11-01;23;5;47;47;0;0;0;0;1;1
1;2025-11-02;0;6;24;1;1;1;0;0;0;0
1;2025-11-02;1;6;25;3;1;1;0;0;0;0
1;2025-11-02;2;6;26;5;1;1;0;0;0;0
1;2025-11-02;3;6;27;7;1;1;0;0;0;0
1;2025-11-02;4;6;28;9;1;1;0;0;0;0
1;2025-11-02;5;6;29;11;1;1;0;0;0;0
1;2025-11-02;6;6;30;13;0;1;0;0;0;0
1;2025-11-02;7;6;31;15;0;1;0;0;0;0
1;2025-11-02;8;6;32;17;0;1;0;0;0;0
1;2025-11-02;9;6;33;19;0;1;0;0;0;0
1;2025-11-02;10;6;34;21;0;1;0;0;0;0
1;2025-11-02;11;6;35;23;0;1;0;0;0;0
1;2025-11-02;12;6;36;25;0;1;0;0;0;0
1;2025-11-02;13;6;37;27;0;1;0;0;0;0
1;2025-11-02;14;6;38;29;0;1;0;0;0;0
1;2025-11-02;15;6;39;31;0;1;0;0;0;0
1;2025-11-02;16;6;40;33;0;1;0;0;0;0
1;2025-11-02;17;6;41;35;0;1;0;0;0;0
1;2025-11-02;18;6;42;37;0;1;0;0;0;0
1;2025-11-02;19;6;43;39;0;1;0;0;0;0
1;2025-11-02;20;6;44;41;0;1;0;0;0;0
1;2025-11-02;21;6;45;43;0;1;0;0;0;0
1;2025-11-02;22;6;46;45;0;1;0;0;0;0
1;2025-11-02;23;6;47;47;0;1;0;0;0;0
1;2025-11-03;0;0;24;0;1;1;0;1;0;0
1;2025-11-03;1;0;25;2;1;1;0;1;0;0
1;2025-11-03;2;0;26;4;1;1;0;1;0;0
1;2025-11-03;3;0;27;6;1;1;0;1;0;0
1;2025-11-03;4;0;28;8;1;1;0;1;0;0
1;2025-11-03;5;0;29;10;1;1;0;1;0;0
1;2025-11-03;6;0;30;12;0;1;0;1;0;0
1;2025-11-03;7;0;31;14;0;1;0;1;0;0
1;2025-11-03;8;0;32;16;0;1;0;1;0;0
1;2025-11-03;9;0;33;18;0;1;0;1;0;0
1;2025-11-03;10;0;34;20;0;1;0;1;0;0
1;2025-11-03;11;0;35;22;0;1;0;1;0;0
1;2025-11-03;12;0;36;24;0;1;0;1;0;0
1;2025-11-03;13;0;37;26;0;1;0;1;0;0
1;2025-11-03;14;0;38;28;0;1;0;1;0;0
1;2025-11-03;15;0;39;30;0;1;0;1;0;0
1;2025-11-03;16;0;40;32;0;1;0;1;0;0
1;2025-11-03;17;0;41;34;0;1;0;1;0;0
1;2025-11-03;18;0;42;36;0;1;0;1;0;0
1;2025-11-03;19;0;43;38;0;1;0;1;0;0
1;2025-11-03;20;0;44;40;0;1;0;1;0;0
1;2025-11-03;21;0;45;42;0;1;0;1;0;0
1;2025-11-03;22;0;46;44;0;1;0;1;0;0
1;2025-11-03;23;0;47;46;0;1;0;1;0;0
1;2025-11-04;0;1;24;0;1;1;1;0;0;0
1;2025-11-04;1;1;25;2;1;1;1;0;0;0
1;2025-11-04;2;1;26;4;1;1;1;0;0;0
1;2025-11-04;3;1;27;6;1;1;1;0;0;0
1;2025-11-04;4;1;28;8;1;1;1;0;0;0
1;2025-11-04;5;1;29;10;1;1;1;0;0;0
1;2025-11-04;6;1;30;12;0;1;1;0;0;0
1;2025-11-04;7;1;31;14;0;1;1;0;0;0
1;2025-11-04;8;1;32;16;0;1;1;0;0;0
1;2025-11-04;9;1;33;18;0;1;1;0;0;0
1;2025-11-04;10;1;34;20;0;1;1;0;0;0
1;2025-11-04;11;1;35;22;0;1;1;0;0;0
1;2025-11-04;12;1;36;24;0;1;1;0;0;0
1;2025-11-04;13;1;37;26;0;1;1;0;0;0
1;2025-11-04;14;1;38;28;0;1;1;0;0;0
1;2025-11-04;15;1;39;30;0;1;1;0;0;0
1;2025-11-04;16;1;40;32;0;1;1;0;0;0
1;2025-11-04;17;1;41;34;0;1;1;0;0;0
1;2025-11-04;18;1;42;36;0;1;1;0;0;0
1;2025-11-04;19;1;43;38;0;1;1;0;0;0
1;2025-11-04;20;1;44;40;0;1;1;0;0;0
1;2025-11-04;21;1;45;42;0;1;1;0;0;0
1;2025-11-04;22;1;46;44;0;1;1;0;0;0
1;2025-11-04;23;1;47;46;0;1;1;0;0;0
1;2025-11-05;0;2;24;0;1;0;0;0;0;0
1;2025-11-05;1;2;25;2;1;0;0;0;0;0
1;2025-11-05;2;2;26;4;1;0;0;0;0;0
1;2025-11-05;3;2;27;6;1;0;0;0;0;0
1;2025-11-05;4;2;28;8;1;0;0;0;0;0
1;2025-11-05;5;2;29;10;1;0;0;0;0;0
1;2025-11-05;6;2;30;12;0;0;0;0;0;0
1;2025-11-05;7;2;31;14;0;0;0;0;0;0
1;2025-11-05;8;2;32;16;0;0;0;0;0;0
1;2025-11-05;9;2;33;18;0;0;0;0;0;0
1;2025-11-05;10;2;34;20;0;0;0;0;0;0
1;2025-11-05;11;2;35;22;0;0;0;0;0;0
1;2025-11-05;12;2;36;24;0;0;0;0;0;0
1;2025-11-05;13;2;37;26;0;0;0;0;0;0
1;2025-11-05;14;2;38;28;0;0;0;0;0;0
1;2025-11-05;15;2;39;30;0;0;0;0;0;0
1;2025-11-05;16;2;40;32;0;0;0;0;0;0
1;2025-11-05;17;2;41;34;0;0;0;0;0;0
1;2025-11-05;18;2;42;36;0;0;0;0;0;0
1;2025-11-05;19;2;43;38;0;0;0;0;0;0
1;2025-11-05;20;2;44;40;0;0;0;0;0;0
1;2025-11-05;21;2;45;42;0;0;0;0;0;0
1;2025-11-05;22;2;46;44;0;0;0;0;0;0
1;2025-11-05;23;2;47;46;0;0;0;0;0;0
1;2025-11-06;0;3;24;0;1;0;0;0;0;0
1;2025-11-06;1;3;25;2;1;0;0;0;0;0
1;2025-11-06;2;3;26;4;1;0;0;0;0;0
1;2025-11-06;3;3;27;6;1;0;0;0;0;0
1;2025-11-06;4;3;28;8;1;0;0;0;0;0
1;2025-11-06;5;3;29;10;1;0;0;0;0;0
1;2025-11-06;6;3;30;12;0;0;0;0;0;0
1;2025-11-06;7;3;31;14;0;0;0;0;0;0
1;2025-11-06;8;3;32;16;0;0;0;0;0;0
1;2025-11-06;9;3;33;18;0;0;0;0;0;0
1;2025-11-06;10;3;34;20;0;0;0;0;0;0
1;2025-11-06;11;3;35;22;0;0;0;0;0;0
1;2025-11-06;12;3;36;24;0;0;0;0;0;0
1;2025-11-06;13;3;37;26;0;0;0;0;0;0
1;2025-11-06;14;3;38;28;0;0;0;0;0;0
1;2025-11-06;15;3;39;30;0;0;0;0;0;0
1;2025-11-06;16;3;40;32;0;0;0;0;0;0
1;2025-11-06;17;3;41;34;0;0;0;0;0;0
1;2025-11-06;18;3;42;36;0;0;0;0;0;0
1;2025-11-06;19;3;43;38;0;0;0;0;0;0
1;2025-11-06;20;3;44;40;0;0;0;0;0;0
1;2025-11-06;21;3;45;42;0;0;0;0;0;0
1;2025-11-06;22;3;46;44;0;0;0;0;0;0
1;2025-11-06;23;3;47;46;0;0;0;0;0;0
1;2025-11-07;0;4;24;0;1;0;0;0;0;0
1;2025-11-07;1;4;25;2;1;0;0;0;0;0
1;2025-11-07;2;4;26;4;1;0;0;0;0;0
1;2025-11-07;3;4;27;6;1;0;0;0;0;0
1;2025-11-07;4;4;28;8;1;0;0;0;0;0
1;2025-11-07;5;4;29;10;1;0;0;0;0;0
1;2025-11-07;6;4;30;12;0;0;0;0;0;0
1;2025-11-07;7;4;31;14;0;0;0;0;0;0
1;2025-11-07;8;4;32;16;0;0;0;0;0;0
1;2025-11-07;9;4;33;18;0;0;0;0;0;0
1;2025-11-07;10;4;34;20;0;0;0;0;0;0
1;2025-11-07;11;4;35;22;0;0;0;0;0;0
1;2025-11-07;12;4;36;24;0;0;0;0;0;0
1;2025-11-07;13;4;37;26;0;0;0;0;0;0
1;2025-11-07;14;4;38;28;0;0;0;0;0;0
1;2025-11-07;15;4;39;30;0;0;0;0;0;0
1;2025-11-07;16;4;40;32;0;0;0;0;0;0
1;2025-11-07;17;4;41;34;0;0;0;0;0;0
1;2025-11-07;18;4;42;36;0;0;0;0;0;0
1;2025-11-07;19;4;43;38;0;0;0;0;0;0
1;2025-11-07;20;4;44;40;0;0;0;0;0;0
1;2025-11-07;21;4;45;42;0;0;0;0;0;0
1;2025-11-07;22;4;46;44;0;0;0;0;0;0
1;2025-11-07;23;4;47;46;0;0;0;0;0;0
1;2025-11-08;0;5;24;1;1;1;0;0;0;0
1;2025-11-08;1;5;25;3;1;1;0;0;0;0
1;2025-11-08;2;5;26;5;1;1;0;0;0;0
1;2025-11-08;3;5;27;7;1;1;0;0;0;0
1;2025-11-08;4;5;28;9;1;1;0;0;0;0
1;2025-11-08;5;5;29;11;1;1;0;0;0;0
1;2025-11-08;6;5;30;13;0;1;0;0;0;0
1;2025-11-08;7;5;31;15;0;1;0;0;0;0
1;2025-11-08;8;5;32;17;0;1;0;0;0;0
1;2025-11-08;9;5;33;19;0;1;0;0;0;0
1;2025-11-08;10;5;34;21;0;1;0;0;0;0
1;2025-11-08;11;5;35;23;0;1;0;0;0;0
1;2025-11-08;12;5;36;25;0;1;0;0;0;0
1;2025-11-08;13;5;37;27;0;1;0;0;0;0
1;2025-11-08;14;5;38;29;0;1;0;0;0;0
1;2025-11-08;15;5;39;31;0;1;0;0;0;0
1;2025-11-08;16;5;40;33;0;1;0;0;0;0
1;2025-11-08;17;5;41;35;0;1;0;0;0;0
1;2025-11-08;18;5;42;37;0;1;0;0;0;0
1;2025-11-08;19;5;43;39;0;1;0;0;0;0
1;2025-11-08;20;5;44;41;0;1;0;0;0;0
1;2025-11-08;21;5;45;43;0;1;0;0;0;0
1;2025-11-08;22;5;46;45;0;1;0;0;0;0
1;2025-11-08;23;5;47;47;0;1;0;0;0;0
1;2025-11-09;0;6;24;1;1;1;0;0;0;0
1;2025-11-09;1;6;25;3;1;1;0;0;0;0
1;2025-11-09;2;6;26;5;1;1;0;0;0;0
1;2025-11-09;3;6;27;7;1;1;0;0;0;0
1;2025-11-09;4;6;28;9;1;1;0;0;0;0
1;2025-11-09;5;6;29;11;1;1;0;0;0;0
1;2025-11-09;6;6;30;13;0;1;0;0;0;0
1;2025-11-09;7;6;31;15;0;1;0;0;0;0
1;2025-11-09;8;6;32;17;0;1;0;0;0;0
1;2025-11-09;9;6;33;19;0;1;0;0;0;0
1;2025-11-09;10;6;34;21;0;1;0;0;0;0
1;2025-11-09;11;6;35;23;0;1;0;0;0;0
1;2025-11-09;12;6;36;25;0;1;0;0;0;0
1;2025-11-09;13;6;37;27;0;1;0;0;0;0
1;2025-11-09;14;6;38;29;0;1;0;0;0;0
1;2025-11-09;15;6;39;31;0;1;0;0;0;0
1;2025-11-09;16;6;40;33;0;1;0;0;0;0
1;2025-11-09;17;6;41;35;0;1;0;0;0;0
1;2025-11-09;18;6;42;37;0;1;0;0;0;0
1;2025-11-09;19;6;43;39;0;1;0;0;0;0
1;2025-11-09;20;6;44;41;0;1;0;0;0;0
1;2025-11-09;21;6;45;43;0;1;0;0;0;0
1;2025-11-09;22;6;46;45;0;1;0;0;0;0
1;2025-11-09;23;6;47;47;0;1;0;0;0;0
1;2025-11-10;0;0;24;0;1;0;0;0;0;0
1;2025-11-10;1;0;25;2;1;0;0;0;0;0
1;2025-11-10;2;0;26;4;1;0;0;0;0;0
1;2025-11-10;3;0;27;6;1;0;0;0;0;0
1;2025-11-10;4;0;28;8;1;0;0;0;0;0
1;2025-11-10;5;0;29;10;1;0;0;0;0;0
1;2025-11-10;6;0;30;12;0;0;0;0;0;0
1;2025-11-10;7;0;31;14;0;0;0;0;0;0
1;2025-11-10;8;0;32;16;0;0;0;0;0;0
1;2025-11-10;9;0;33;18;0;0;0;0;0;0
1;2025-11-10;10;0;34;20;0;0;0;0;0;0
1;2025-11-10;11;0;35;22;0;0;0;0;0;0
1;2025-11-10;12;0;36;24;0;0;0;0;0;0
1;2025-11-10;13;0;37;26;0;0;0;0;0;0
1;2025-11-10;14;0;38;28;0;0;0;0;0;0
1;2025-11-10;15;0;39;30;0;0;0;0;0;0
1;2025-11-10;16;0;40;32;0;0;0;0;0;0
1;2025-11-10;17;0;41;34;0;0;0;0;0;0
1;2025-11-10;18;0;42;36;0;0;0;0;0;0
1;2025-11-10;19;0;43;38;0;0;0;0;0;0
1;2025-11-10;20;0;44;40;0;0;0;0;0;0
1;2025-11-10;21;0;45;42;0;0;0;0;0;0
1;2025-11-10;22;0;46;44;0;0;0;0;0;0
1;2025-11-10;23;0;47;46;0;0;0;0;0;0
1;2025-11-11;0;1;24;0;1;0;0;0;0;0
1;2025-11-11;1;1;25;2;1;0;0;0;0;0
1;2025-11-11;2;1;26;4;1;0;0;0;0;0
1;2025-11-11;3;1;27;6;1;0;0;0;0;0
1;2025-11-11;4;1;28;8;1;0;0;0;0;0
1;2025-11-11;5;1;29;10;1;0;0;0;0;0
1;2025-11-11;6;1;30;12;0;0;0;0;0;0
1;2025-11-11;7;1;31;14;0;0;0;0;0;0
1;2025-11-11;8;1;32;16;0;0;0;0;0;0
1;2025-11-11;9;1;33;18;0;0;0;0;0;0
1;2025-11-11;10;1;34;20;0;0;0;0;0;0
1;2025-11-11;11;1;35;22;0;0;0;0;0;0
1;2025-11-11;12;1;36;24;0;0;0;0;0;0
1;2025-11-11;13;1;37;26;0;0;0;0;0;0
1;2025-11-11;14;1;38;28;0;0;0;0;0;0
1;2025-11-11;15;1;39;30;0;0;0;0;0;0
1;2025-11-11;16;1;40;32;0;0;0;0;0;0
1;2025-11-11;17;1;41;34;0;0;0;0;0;0
1;2025-11-11;18;1;42;36;0;0;0;0;0;0
1;2025-11-11;19;1;43;38;0;0;0;0;0;0
1;2025-11-11;20;1;44;40;0;0;0;0;0;0
1;2025-11-11;21;1;45;42;0;0;0;0;0;0
1;2025-11-11;22;1;46;44;0;0;0;0;0;0
1;2025-11-11;23;1;47;46;0;0;0;0;0;0
1;2025-11-12;0;2;24;0;1;0;0;0;0;0
1;2025-11-12;1;2;25;2;1;0;0;0;0;0
1;2025-11-12;2;2;26;4;1;0;0;0;0;0
1;2025-11-12;3;2;27;6;1;0;0;0;0;0
1;2025-11-12;4;2;28;8;1;0;0;0;0;0
1;2025-11-12;5;2;29;10;1;0;0;0;0;0
1;2025-11-12;6;2;30;12;0;0;0;0;0;0
1;2025-11-12;7;2;31;14;0;0;0;0;0;0
1;2025-11-12;8;2;32;16;0;0;0;0;0;0
1;2025-11-12;9;2;33;18;0;0;0;0;0;0
1;2025-11-12;10;2;34;20;0;0;0;0;0;0
1;2025-11-12;11;2;35;22;0;0;0;0;0;0
1;2025-11-12;12;2;36;24;0;0;0;0;0;0
1;2025-11-12;13;2;37;26;0;0;0;0;0;0
1;2025-11-12;14;2;38;28;0;0;0;0;0;0
1;2025-11-12;15;2;39;30;0;0;0;0;0;0
1;2025-11-12;16;2;40;32;0;0;0;0;0;0
1;2025-11-12;17;2;41;34;0;0;0;0;0;0
1;2025-11-12;18;2;42;36;0;0;0;0;0;0
1;2025-11-12;19;2;43;38;0;0;0;0;0;0
1;2025-11-12;20;2;44;40;0;0;0;0;0;0
1;2025-11-12;21;2;45;42;0;0;0;0;0;0
1;2025-11-12;22;2;46;44;0;0;0;0;0;0
1;2025-11-12;23;2;47;46;0;0;0;0;0;0
1;2025-11-13;0;3;24;0;1;0;0;0;0;0
1;2025-11-13;1;3;25;2;1;0;0;0;0;0
1;2025-11-13;2;3;26;4;1;0;0;0;0;0
1;2025-11-13;3;3;27;6;1;0;0;0;0;0
1;2025-11-13;4;3;28;8;1;0;0;0;0;0
1;2025-11-13;5;3;29;10;1;0;0;0;0;0
1;2025-11-13;6;3;30;12;0;0;0;0;0;0
1;2025-11-13;7;3;31;14;0;0;0;0;0;0
1;2025-11-13;8;3;32;16;0;0;0;0;0;0
1;2025-11-13;9;3;33;18;0;0;0;0;0;0
1;2025-11-13;10;3;34;20;0;0;0;0;0;0
1;2025-11-13;11;3;35;22;0;0;0;0;0;0
1;2025-11-13;12;3;36;24;0;0;0;0;0;0
1;2025-11-13;13;3;37;26;0;0;0;0;0;0
1;2025-11-13;14;3;38;28;0;0;0;0;0;0
1;2025-11-13;15;3;39;30;0;0;0;0;0;0
1;2025-11-13;16;3;40;32;0;0;0;0;0;0
1;2025-11-13;17;3;41;34;0;0;0;0;0;0
1;2025-11-13;18;3;42;36;0;0;0;0;0;0
1;2025-11-13;19;3;43;38;0;0;0;0;0;0
1;2025-11-13;20;3;44;40;0;0;0;0;0;0
1;2025-11-13;21;3;45;42;0;0;0;0;0;0
1;2025-11-13;22;3;46;44;0;0;0;0;0;0
1;2025-11-13;23;3;47;46;0;0;0;0;0;0
1;2025-11-14;0;4;24;0;1;0;0;0;0;0
1;2025-11-14;1;4;25;2;1;0;0;0;0;0
1;2025-11-14;2;4;26;4;1;0;0;0;0;0
1;2025-11-14;3;4;27;6;1;0;0;0;0;0
1;2025-11-14;4;4;28;8;1;0;0;0;0;0
1;2025-11-14;5;4;29;10;1;0;0;0;0;0
1;2025-11-14;6;4;30;12;0;0;0;0;0;0
1;2025-11-14;7;4;31;14;0;0;0;0;0;0
1;2025-11-14;8;4;32;16;0;0;0;0;0;0
1;2025-11-14;9;4;33;18;0;0;0;0;0;0
1;2025-11-14;10;4;34;20;0;0;0;0;0;0
1;2025-11-14;11;4;35;22;0;0;0;0;0;0
1;2025-11-14;12;4;36;24;0;0;0;0;0;0
1;2025-11-14;13;4;37;26;0;0;0;0;0;0
1;2025-11-14;14;4;38;28;0;0;0;0;0;0
1;2025-11-14;15;4;39;30;0;0;0;0;0;0
1;2025-11-14;16;4;40;32;0;0;0;0;0;0
1;2025-11-14;17;4;41;34;0;0;0;0;0;0
1;2025-11-14;18;4;42;36;0;0;0;0;0;0
1;2025-11-14;19;4;43;38;0;0;0;0;0;0
1;2025-11-14;20;4;44;40;0;0;0;0;0;0
1;2025-11-14;21;4;45;42;0;0;0;0;0;0
1;2025-11-14;22;4;46;44;0;0;0;0;0;0
1;2025-11-14;23;4;47;46;0;0;0;0;0;0
1;2025-11-15;0;5;24;1;1;1;0;0;0;0
1;2025-11-15;1;5;25;3;1;1;0;0;0;0
1;2025-11-15;2;5;26;5;1;1;0;0;0;0
1;2025-11-15;3;5;27;7;1;1;0;0;0;0
1;2025-11-15;4;5;28;9;1;1;0;0;0;0
1;2025-11-15;5;5;29;11;1;1;0;0;0;0
1;2025-11-15;6;5;30;13;0;1;0;0;0;0
1;2025-11-15;7;5;31;15;0;1;0;0;0;0
1;2025-11-15;8;5;32;17;0;1;0;0;0;0
1;2025-11-15;9;5;33;19;0;1;0;0;0;0
1;2025-11-15;10;5;34;21;0;1;0;0;0;0
1;2025-11-15;11;5;35;23;0;1;0;0;0;0
1;2025-11-15;12;5;36;25;0;1;0;0;0;0
1;2025-11-15;13;5;37;27;0;1;0;0;0;0
1;2025-11-15;14;5;38;29;0;1;0;0;0;0
1;2025-11-15;15;5;39;31;0;1;0;0;0;0
1;2025-11-15;16;5;40;33;0;1;0;0;0;0
1;2025-11-15;17;5;41;35;0;1;0;0;0;0
1;2025-11-15;18;5;42;37;0;1;0;0;0;0
1;2025-11-15;19;5;43;39;0;1;0;0;0;0
1;2025-11-15;20;5;44;41;0;1;0;0;0;0
1;2025-11-15;21;5;45;43;0;1;0;0;0;0
1;2025-11-15;22;5;46;45;0;1;0;0;0;0
1;2025-11-15;23;5;47;47;0;1;0;0;0;0
1;2025-11-16;0;6;24;1;1;1;0;0;0;0
1;2025-11-16;1;6;25;3;1;1;0;0;0;0
1;2025-11-16;2;6;26;5;1;1;0;0;0;0
1;2025-11-16;3;6;27;7;1;1;0;0;0;0
1;2025-11-16;4;6;28;9;1;1;0;0;0;0
1;2025-11-16;5;6;29;11;1;1;0;0;0;0
1;2025-11-16;6;6;30;13;0;1;0;0;0;0
1;2025-11-16;7;6;31;15;0;1;0;0;0;0
1;2025-11-16;8;6;32;17;0;1;0;0;0;0
1;2025-11-16;9;6;33;19;0;1;0;0;0;0
1;2025-11-16;10;6;34;21;0;1;0;0;0;0
1;2025-11-16;11;6;35;23;0;1;0;0;0;0
1;2025-11-16;12;6;36;25;0;1;0;0;0;0
1;2025-11-16;13;6;37;27;0;1;0;0;0;0
1;2025-11-16;14;6;38;29;0;1;0;0;0;0
1;2025-11-16;15;6;39;31;0;1;0;0;0;0
1;2025-11-16;16;6;40;33;0;1;0;0;0;0
1;2025-11-16;17;6;41;35;0;1;0;0;0;0
1;2025-11-16;18;6;42;37;0;1;0;0;0;0
1;2025-11-16;19;6;43;39;0;1;0;0;0;0
1;2025-11-16;20;6;44;41;0;1;0;0;0;0
1;2025-11-16;21;6;45;43;0;1;0;0;0;0
1;2025-11-16;22;6;46;45;0;1;0;0;0;0
1;2025-11-16;23;6;47;47;0;1;0;0;0;0
1;2025-11-17;0;0;24;0;1;0;0;0;0;0
1;2025-11-17;1;0;25;2;1;0;0;0;0;0
1;2025-11-17;2;0;26;4;1;0;0;0;0;0
1;2025-11-17;3;0;27;6;1;0;0;0;0;0
1;2025-11-17;4;0;28;8;1;0;0;0;0;0
1;2025-11-17;5;0;29;10;1;0;0;0;0;0
1;2025-11-17;6;0;30;12;0;0;0;0;0;0
1;2025-11-17;7;0;31;14;0;0;0;0;0;0
1;2025-11-17;8;0;32;16;0;0;0;0;0;0
1;2025-11-17;9;0;33;18;0;0;0;0;0;0
1;2025-11-17;10;0;34;20;0;0;0;0;0;0
1;2025-11-17;11;0;35;22;0;0;0;0;0;0
1;2025-11-17;12;0;36;24;0;0;0;0;0;0
1;2025-11-17;13;0;37;26;0;0;0;0;0;0
1;2025-11-17;14;0;38;28;0;0;0;0;0;0
1;2025-11-17;15;0;39;30;0;0;0;0;0;0
1;2025-11-17;16;0;40;32;0;0;0;0;0;0
1;2025-11-17;17;0;41;34;0;0;0;0;0;0
1;2025-11-17;18;0;42;36;0;0;0;0;0;0
1;2025-11-17;19;0;43;38;0;0;0;0;0;0
1;2025-11-17;20;0;44;40;0;0;0;0;0;0
1;2025-11-17;21;0;45;42;0;0;0;0;0;0
1;2025-11-17;22;0;46;44;0;0;0;0;0;0
1;2025-11-17;23;0;47;46;0;0;0;0;0;0
1;2025-11-18;0;1;24;0;1;0;0;0;0;0
1;2025-11-18;1;1;25;2;1;0;0;0;0;0
1;2025-11-18;2;1;26;4;1;0;0;0;0;0
1;2025-11-18;3;1;27;6;1;0;0;0;0;0
1;2025-11-18;4;1;28;8;1;0;0;0;0;0
1;2025-11-18;5;1;29;10;1;0;0;0;0;0
1;2025-11-18;6;1;30;12;0;0;0;0;0;0
1;2025-11-18;7;1;31;14;0;0;0;0;0;0
1;2025-11-18;8;1;32;16;0;0;0;0;0;0
1;2025-11-18;9;1;33;18;0;0;0;0;0;0
1;2025-11-18;10;1;34;20;0;0;0;0;0;0
1;2025-11-18;11;1;35;22;0;0;0;0;0;0
1;2025-11-18;12;1;36;24;0;0;0;0;0;0
1;2025-11-18;13;1;37;26;0;0;0;0;0;0
1;2025-11-18;14;1;38;28;0;0;0;0;0;0
1;2025-11-18;15;1;39;30;0;0;0;0;0;0
1;2025-11-18;16;1;40;32;0;0;0;0;0;0
1;2025-11-18;17;1;41;34;0;0;0;0;0;0
1;2025-11-18;18;1;42;36;0;0;0;0;0;0
1;2025-11-18;19;1;43;38;0;0;0;0;0;0
1;2025-11-18;20;1;44;40;0;0;0;0;0;0
1;2025-11-18;21;1;45;42;0;0;0;0;0;0
1;2025-11-18;22;1;46;44;0;0;0;0;0;0
1;2025-11-18;23;1;47;46;0;0;0;0;0;0
1;2025-11-19;0;2;24;0;1;0;0;0;0;0
1;2025-11-19;1;2;25;2;1;0;0;0;0;0
1;2025-11-19;2;2;26;4;1;0;0;0;0;0
1;2025-11-19;3;2;27;6;1;0;0;0;0;0
1;2025-11-19;4;2;28;8;1;0;0;0;0;0
1;2025-11-19;5;2;29;10;1;0;0;0;0;0
1;2025-11-19;6;2;30;12;0;0;0;0;0;0
1;2025-11-19;7;2;31;14;0;0;0;0;0;0
1;2025-11-19;8;2;32;16;0;0;0;0;0;0
1;2025-11-19;9;2;33;18;0;0;0;0;0;0
1;2025-11-19;10;2;34;20;0;0;0;0;0;0
1;2025-11-19;11;2;35;22;0;0;0;0;0;0
1;2025-11-19;12;2;36;24;0;0;0;0;0;0
1;2025-11-19;13;2;37;26;0;0;0;0;0;0
1;2025-11-19;14;2;38;28;0;0;0;0;0;0
1;2025-11-19;15;2;39;30;0;0;0;0;0;0
1;2025-11-19;16;2;40;32;0;0;0;0;0;0
1;2025-11-19;17;2;41;34;0;0;0;0;0;0
1;2025-11-19;18;2;42;36;0;0;0;0;0;0
1;2025-11-19;19;2;43;38;0;0;0;0;0;0
1;2025-11-19;20;2;44;40;0;0;0;0;0;0
1;2025-11-19;21;2;45;42;0;0;0;0;0;0
1;2025-11-19;22;2;46;44;0;0;0;0;0;0
1;2025-11-19;23;2;47;46;0;0;0;0;0;0
1;2025-11-20;0;3;24;0;1;0;0;0;0;0
1;2025-11-20;1;3;25;2;1;0;0;0;0;0
1;2025-11-20;2;3;26;4;1;0;0;0;0;0
1;2025-11-20;3;3;27;6;1;0;0;0;0;0
1;2025-11-20;4;3;28;8;1;0;0;0;0;0
1;2025-11-20;5;3;29;10;1;0;0;0;0;0
1;2025-11-20;6;3;30;12;0;0;0;0;0;0
1;2025-11-20;7;3;31;14;0;0;0;0;0;0
1;2025-11-20;8;3;32;16;0;0;0;0;0;0
1;2025-11-20;9;3;33;18;0;0;0;0;0;0
1;2025-11-20;10;3;34;20;0;0;0;0;0;0
1;2025-11-20;11;3;35;22;0;0;0;0;0;0
1;2025-11-20;12;3;36;24;0;0;0;0;0;0
1;2025-11-20;13;3;37;26;0;0;0;0;0;0
1;2025-11-20;14;3;38;28;0;0;0;0;0;0
1;2025-11-20;15;3;39;30;0;0;0;0;0;0
1;2025-11-20;16;3;40;32;0;0;0;0;0;0
1;2025-11-20;17;3;41;34;0;0;0;0;0;0
1;2025-11-20;18;3;42;36;0;0;0;0;0;0
1;2025-11-20;19;3;43;38;0;0;0;0;0;0
1;2025-11-20;20;3;44;40;0;0;0;0;0;0
1;2025-11-20;21;3;45;42;0;0;0;0;0;0
1;2025-11-20;22;3;46;44;0;0;0;0;0;0
1;2025-11-20;23;3;47;46;0;0;0;0;0;0
1;2025-11-21;0;4;24;0;1;0;0;0;0;0
1;2025-11-21;1;4;25;2;1;0;0;0;0;0
1;2025-11-21;2;4;26;4;1;0;0;0;0;0
1;2025-11-21;3;4;27;6;1;0;0;0;0;0
1;2025-11-21;4;4;28;8;1;0;0;0;0;0
1;2025-11-21;5;4;29;10;1;0;0;0;0;0
1;2025-11-21;6;4;30;12;0;0;0;0;0;0
1;2025-11-21;7;4;31;14;0;0;0;0;0;0
1;2025-11-21;8;4;32;16;0;0;0;0;0;0
1;2025-11-21;9;4;33;18;0;0;0;0;0;0
1;2025-11-21;10;4;34;20;0;0;0;0;0;0
1;2025-11-21;11;4;35;22;0;0;0;0;0;0
1;2025-11-21;12;4;36;24;0;0;0;0;0;0
1;2025-11-21;13;4;37;26;0;0;0;0;0;0
1;2025-11-21;14;4;38;28;0;0;0;0;0;0
1;2025-11-21;15;4;39;30;0;0;0;0;0;0
1;2025-11-21;16;4;40;32;0;0;0;0;0;0
1;2025-11-21;17;4;41;34;0;0;0;0;0;0
1;2025-11-21;18;4;42;36;0;0;0;0;0;0
1;2025-11-21;19;4;43;38;0;0;0;0;0;0
1;2025-11-21;20;4;44;40;0;0;0;0;0;0
1;2025-11-21;21;4;45;42;0;0;0;0;0;0
1;2025-11-21;22;4;46;44;0;0;0;0;0;0
1;2025-11-21;23;4;47;46;0;0;0;0;0;0
1;2025-11-22;0;5;24;1;1;1;0;0;0;0
1;2025-11-22;1;5;25;3;1;1;0;0;0;0
1;2025-11-22;2;5;26;5;1;1;0;0;0;0
1;2025-11-22;3;5;27;7;1;1;0;0;0;0
1;2025-11-22;4;5;28;9;1;1;0;0;0;0
1;2025-11-22;5;5;29;11;1;1;0;0;0;0
1;2025-11-22;6;5;30;13;0;1;0;0;0;0
1;2025-11-22;7;5;31;15;0;1;0;0;0;0
1;2025-11-22;8;5;32;17;0;1;0;0;0;0
1;2025-11-22;9;5;33;19;0;1;0;0;0;0
1;2025-11-22;10;5;34;21;0;1;0;0;0;0
1;2025-11-22;11;5;35;23;0;1;0;0;0;0
1;2025-11-22;12;5;36;25;0;1;0;0;0;0
1;2025-11-22;13;5;37;27;0;1;0;0;0;0
1;2025-11-22;14;5;38;29;0;1;0;0;0;0
1;2025-11-22;15;5;39;31;0;1;0;0;0;0
1;2025-11-22;16;5;40;33;0;1;0;0;0;0
1;2025-11-22;17;5;41;35;0;1;0;0;0;0
1;2025-11-22;18;5;42;37;0;1;0;0;0;0
1;2025-11-22;19;5;43;39;0;1;0;0;0;0
1;2025-11-22;20;5;44;41;0;1;0;0;0;0
1;2025-11-22;21;5;45;43;0;1;0;0;0;0
1;2025-11-22;22;5;46;45;0;1;0;0;0;0
1;2025-11-22;23;5;47;47;0;1;0;0;0;0
1;2025-11-23;0;6;24;1;1;1;0;0;0;0
1;2025-11-23;1;6;25;3;1;1;0;0;0;0
1;2025-11-23;2;6;26;5;1;1;0;0;0;0
1;2025-11-23;3;6;27;7;1;1;0;0;0;0
1;2025-11-23;4;6;28;9;1;1;0;0;0;0
1;2025-11-23;5;6;29;11;1;1;0;0;0;0
1;2025-11-23;6;6;30;13;0;1;0;0;0;0
1;2025-11-23;7;6;31;15;0;1;0;0;0;0
1;2025-11-23;8;6;32;17;0;1;0;0;0;0
1;2025-11-23;9;6;33;19;0;1;0;0;0;0
1;2025-11-23;10;6;34;21;0;1;0;0;0;0
1;2025-11-23;11;6;35;23;0;1;0;0;0;0
1;2025-11-23;12;6;36;25;0;1;0;0;0;0
1;2025-11-23;13;6;37;27;0;1;0;0;0;0
1;2025-11-23;14;6;38;29;0;1;0;0;0;0
1;2025-11-23;15;6;39;31;0;1;0;0;0;0
1;2025-11-23;16;6;40;33;0;1;0;0;0;0
1;2025-11-23;17;6;41;35;0;1;0;0;0;0
1;2025-11-23;18;6;42;37;0;1;0;0;0;0
1;2025-11-23;19;6;43;39;0;1;0;0;0;0
1;2025-11-23;20;6;44;41;0;1;0;0;0;0
1;2025-11-23;21;6;45;43;0;1;0;0;0;0
1;2025-11-23;22;6;46;45;0;1;0;0;0;0
1;2025-11-23;23;6;47;47;0;1;0;0;0;0
1;2025-11-24;0;0;24;0;1;0;0;0;0;0
1;2025-11-24;1;0;25;2;1;0;0;0;0;0
1;2025-11-24;2;0;26;4;1;0;0;0;0;0
1;2025-11-24;3;0;27;6;1;0;0;0;0;0
1;2025-11-24;4;0;28;8;1;0;0;0;0;0
1;2025-11-24;5;0;29;10;1;0;0;0;0;0
1;2025-11-24;6;0;30;12;0;0;0;0;0;0
1;2025-11-24;7;0;31;14;0;0;0;0;0;0
1;2025-11-24;8;0;32;16;0;0;0;0;0;0
1;2025-11-24;9;0;33;18;0;0;0;0;0;0
1;2025-11-24;10;0;34;20;0;0;0;0;0;0
1;2025-11-24;11;0;35;22;0;0;0;0;0;0
1;2025-11-24;12;0;36;24;0;0;0;0;0;0
1;2025-11-24;13;0;37;26;0;0;0;0;0;0
1;2025-11-24;14;0;38;28;0;0;0;0;0;0
1;2025-11-24;15;0;39;30;0;0;0;0;0;0
1;2025-11-24;16;0;40;32;0;0;0;0;0;0
1;2025-11-24;17;0;41;34;0;0;0;0;0;0
1;2025-11-24;18;0;42;36;0;0;0;0;0;0
1;2025-11-24;19;0;43;38;0;0;0;0;0;0
1;2025-11-24;20;0;44;40;0;0;0;0;0;0
1;2025-11-24;21;0;45;42;0;0;0;0;0;0
1;2025-11-24;22;0;46;44;0;0;0;0;0;0
1;2025-11-24;23;0;47;46;0;0;0;0;0;0
1;2025-11-25;0;1;24;0;1;0;0;0;0;0
1;2025-11-25;1;1;25;2;1;0;0;0;0;0
1;2025-11-25;2;1;26;4;1;0;0;0;0;0
1;2025-11-25;3;1;27;6;1;0;0;0;0;0
1;2025-11-25;4;1;28;8;1;0;0;0;0;0
1;2025-11-25;5;1;29;10;1;0;0;0;0;0
1;2025-11-25;6;1;30;12;0;0;0;0;0;0
1;2025-11-25;7;1;31;14;0;0;0;0;0;0
1;2025-11-25;8;1;32;16;0;0;0;0;0;0
1;2025-11-25;9;1;33;18;0;0;0;0;0;0
1;2025-11-25;10;1;34;20;0;0;0;0;0;0
1;2025-11-25;11;1;35;22;0;0;0;0;0;0
1;2025-11-25;12;1;36;24;0;0;0;0;0;0
1;2025-11-25;13;1;37;26;0;0;0;0;0;0
1;2025-11-25;14;1;38;28;0;0;0;0;0;0
1;2025-11-25;15;1;39;30;0;0;0;0;0;0
1;2025-11-25;16;1;40;32;0;0;0;0;0;0
1;2025-11-25;17;1;41;34;0;0;0;0;0;0
1;2025-11-25;18;1;42;36;0;0;0;0;0;0
1;2025-11-25;19;1;43;38;0;0;0;0;0;0
1;2025-11-25;20;1;44;40;0;0;0;0;0;0
1;2025-11-25;21;1;45;42;0;0;0;0;0;0
1;2025-11-25;22;1;46;44;0;0;0;0;0;0
1;2025-11-25;23;1;47;46;0;0;0;0;0;0
1;2025-11-26;0;2;24;0;1;0;0;0;0;0
1;2025-11-26;1;2;25;2;1;0;0;0;0;0
1;2025-11-26;2;2;26;4;1;0;0;0;0;0
1;2025-11-26;3;2;27;6;1;0;0;0;0;0
1;2025-11-26;4;2;28;8;1;0;0;0;0;0
1;2025-11-26;5;2;29;10;1;0;0;0;0;0
1;2025-11-26;6;2;30;12;0;0;0;0;0;0
1;2025-11-26;7;2;31;14;0;0;0;0;0;0
1;2025-11-26;8;2;32;16;0;0;0;0;0;0
1;2025-11-26;9;2;33;18;0;0;0;0;0;0
1;2025-11-26;10;2;34;20;0;0;0;0;0;0
1;2025-11-26;11;2;35;22;0;0;0;0;0;0
1;2025-11-26;12;2;36;24;0;0;0;0;0;0
1;2025-11-26;13;2;37;26;0;0;0;0;0;0
1;2025-11-26;14;2;38;28;0;0;0;0;0;0
1;2025-11-26;15;2;39;30;0;0;0;0;0;0
1;2025-11-26;16;2;40;32;0;0;0;0;0;0
1;2025-11-26;17;2;41;34;0;0;0;0;0;0
1;2025-11-26;18;2;42;36;0;0;0;0;0;0
1;2025-11-26;19;2;43;38;0;0;0;0;0;0
1;2025-11-26;20;2;44;40;0;0;0;0;0;0
1;2025-11-26;21;2;45;42;0;0;0;0;0;0
1;2025-11-26;22;2;46;44;0;0;0;0;0;0
1;2025-11-26;23;2;47;46;0;0;0;0;0;0
1;2025-11-27;0;3;24;0;1;0;0;0;0;0
1;2025-11-27;1;3;25;2;1;0;0;0;0;0
1;2025-11-27;2;3;26;4;1;0;0;0;0;0
1;2025-11-27;3;3;27;6;1;0;0;0;0;0
1;2025-11-27;4;3;28;8;1;0;0;0;0;0
1;2025-11-27;5;3;29;10;1;0;0;0;0;0
1;2025-11-27;6;3;30;12;0;0;0;0;0;0
1;2025-11-27;7;3;31;14;0;0;0;0;0;0
1;2025-11-27;8;3;32;16;0;0;0;0;0;0
1;2025-11-27;9;3;33;18;0;0;0;0;0;0
1;2025-11-27;10;3;34;20;0;0;0;0;0;0
1;2025-11-27;11;3;35;22;0;0;0;0;0;0
1;2025-11-27;12;3;36;24;0;0;0;0;0;0
1;2025-11-27;13;3;37;26;0;0;0;0;0;0
1;2025-11-27;14;3;38;28;0;0;0;0;0;0
1;2025-11-27;15;3;39;30;0;0;0;0;0;0
1;2025-11-27;16;3;40;32;0;0;0;0;0;0
1;2025-11-27;17;3;41;34;0;0;0;0;0;0
1;2025-11-27;18;3;42;36;0;0;0;0;0;0
1;2025-11-27;19;3;43;38;0;0;0;0;0;0
1;2025-11-27;20;3;44;40;0;0;0;0;0;0
1;2025-11-27;21;3;45;42;0;0;0;0;0;0
1;2025-11-27;22;3;46;44;0;0;0;0;0;0
1;2025-11-27;23;3;47;46;0;0;0;0;0;0
1;2025-11-28;0;4;24;0;1;0;0;0;0;0
1;2025-11-28;1;4;25;2;1;0;0;0;0;0
1;2025-11-28;2;4;26;4;1;0;0;0;0;0
1;2025-11-28;3;4;27;6;1;0;0;0;0;0
1;2025-11-28;4;4;28;8;1;0;0;0;0;0
1;2025-11-28;5;4;29;10;1;0;0;0;0;0
1;2025-11-28;6;4;30;12;0;0;0;0;0;0
1;2025-11-28;7;4;31;14;0;0;0;0;0;0
1;2025-11-28;8;4;32;16;0;0;0;0;0;0
1;2025-11-28;9;4;33;18;0;0;0;0;0;0
1;2025-11-28;10;4;34;20;0;0;0;0;0;0
1;2025-11-28;11;4;35;22;0;0;0;0;0;0
1;2025-11-28;12;4;36;24;0;0;0;0;0;0
1;2025-11-28;13;4;37;26;0;0;0;0;0;0
1;2025-11-28;14;4;38;28;0;0;0;0;0;0
1;2025-11-28;15;4;39;30;0;0;0;0;0;0
1;2025-11-28;16;4;40;32;0;0;0;0;0;0
1;2025-11-28;17;4;41;34;0;0;0;0;0;0
1;2025-11-28;18;4;42;36;0;0;0;0;0;0
1;2025-11-28;19;4;43;38;0;0;0;0;0;0
1;2025-11-28;20;4;44;40;0;0;0;0;0;0
1;2025-11-28;21;4;45;42;0;0;0;0;0;0
1;2025-11-28;22;4;46;44;0;0;0;0;0;0
1;2025-11-28;23;4;47;46;0;0;0;0;0;0
1;2025-11-29;0;5;24;1;1;1;0;0;0;0
1;2025-11-29;1;5;25;3;1;1;0;0;0;0
1;2025-11-29;2;5;26;5;1;1;0;0;0;0
1;2025-11-29;3;5;27;7;1;1;0;0;0;0
1;2025-11-29;4;5;28;9;1;1;0;0;0;0
1;2025-11-29;5;5;29;11;1;1;0;0;0;0
1;2025-11-29;6;5;30;13;0;1;0;0;0;0
1;2025-11-29;7;5;31;15;0;1;0;0;0;0
1;2025-11-29;8;5;32;17;0;1;0;0;0;0
1;2025-11-29;9;5;33;19;0;1;0;0;0;0
1;2025-11-29;10;5;34;21;0;1;0;0;0;0
1;2025-11-29;11;5;35;23;0;1;0;0;0;0
1;2025-11-29;12;5;36;25;0;1;0;0;0;0
1;2025-11-29;13;5;37;27;0;1;0;0;0;0
1;2025-11-29;14;5;38;29;0;1;0;0;0;0
1;2025-11-29;15;5;39;31;0;1;0;0;0;0
1;2025-11-29;16;5;40;33;0;1;0;0;0;0
1;2025-11-29;17;5;41;35;0;1;0;0;0;0
1;2025-11-29;18;5;42;37;0;1;0;0;0;0
1;2025-11-29;19;5;43;39;0;1;0;0;0;0
1;2025-11-29;20;5;44;41;0;1;0;0;0;0
1;2025-11-29;21;5;45;43;0;1;0;0;0;0
1;2025-11-29;22;5;46;45;0;1;0;0;0;0
1;2025-11-29;23;5;47;47;0;1;0;0;0;0
1;2025-11-30;0;6;24;1;1;1;0;0;0;0
1;2025-11-30;1;6;25;3;1;1;0;0;0;0
1;2025-11-30;2;6;26;5;1;1;0;0;0;0
1;2025-11-30;3;6;27;7;1;1;0;0;0;0
1;2025-11-30;4;6;28;9;1;1;0;0;0;0
1;2025-11-30;5;6;29;11;1;1;0;0;0;0
1;2025-11-30;6;6;30;13;0;1;0;0;0;0
1;2025-11-30;7;6;31;15;0;1;0;0;0;0
1;2025-11-30;8;6;32;17;0;1;0;0;0;0
1;2025-11-30;9;6;33;19;0;1;0;0;0;0
1;2025-11-30;10;6;34;21;0;1;0;0;0;0
1;2025-11-30;11;6;35;23;0;1;0;0;0;0
1;2025-11-30;12;6;36;25;0;1;0;0;0;0
1;2025-11-30;13;6;37;27;0;1;0;0;0;0
1;2025-11-30;14;6;38;29;0;1;0;0;0;0
1;2025-11-30;15;6;39;31;0;1;0;0;0;0
1;2025-11-30;16;6;40;33;0;1;0;0;0;0
1;2025-11-30;17;6;41;35;0;1;0;0;0;0
1;2025-11-30;18;6;42;37;0;1;0;0;0;0
1;2025-11-30;19;6;43;39;0;1;0;0;0;0
1;2025-11-30;20;6;44;41;0;1;0;0;0;0
1;2025-11-30;21;6;45;43;0;1;0;0;0;0
1;2025-11-30;22;6;46;45;0;1;0;0;0;0
1;2025-11-30;23;6;47;47;0;1;0;0;0;0
1;2025-12-01;0;0;24;0;1;0;0;0;0;0
1;2025-12-01;1;0;25;2;1;0;0;0;0;0
1;2025-12-01;2;0;26;4;1;0;0;0;0;0
1;2025-12-01;3;0;27;6;1;0;0;0;0;0
1;2025-12-01;4;0;28;8;1;0;0;0;0;0
1;2025-12-01;5;0;29;10;1;0;0;0;0;0
1;2025-12-01;6;0;30;12;0;0;0;0;0;0
1;2025-12-01;7;0;31;14;0;0;0;0;0;0
1;2025-12-01;8;0;32;16;0;0;0;0;0;0
1;2025-12-01;9;0;33;18;0;0;0;0;0;0
1;2025-12-01;10;0;34;20;0;0;0;0;0;0
1;2025-12-01;11;0;35;22;0;0;0;0;0;0
1;2025-12-01;12;0;36;24;0;0;0;0;0;0
1;2025-12-01;13;0;37;26;0;0;0;0;0;0
1;2025-12-01;14;0;38;28;0;0;0;0;0;0
1;2025-12-01;15;0;39;30;0;0;0;0;0;0
1;2025-12-01;16;0;40;32;0;0;0;0;0;0
1;2025-12-01;17;0;41;34;0;0;0;0;0;0
1;2025-12-01;18;0;42;36;0;0;0;0;0;0
1;2025-12-01;19;0;43;38;0;0;0;0;0;0
1;2025-12-01;20;0;44;40;0;0;0;0;0;0
1;2025-12-01;21;0;45;42;0;0;0;0;0;0
1;2025-12-01;22;0;46;44;0;0;0;0;0;0
1;2025-12-01;23;0;47;46;0;0;0;0;0;0
1;2025-12-02;0;1;24;0;1;0;0;0;0;0
1;2025-12-02;1;1;25;2;1;0;0;0;0;0
1;2025-12-02;2;1;26;4;1;0;0;0;0;0
1;2025-12-02;3;1;27;6;1;0;0;0;0;0
1;2025-12-02;4;1;28;8;1;0;0;0;0;0
1;2025-12-02;5;1;29;10;1;0;0;0;0;0
1;2025-12-02;6;1;30;12;0;0;0;0;0;0
1;2025-12-02;7;1;31;14;0;0;0;0;0;0
1;2025-12-02;8;1;32;16;0;0;0;0;0;0
1;2025-12-02;9;1;33;18;0;0;0;0;0;0
1;2025-12-02;10;1;34;20;0;0;0;0;0;0
1;2025-12-02;11;1;35;22;0;0;0;0;0;0
1;2025-12-02;12;1;36;24;0;0;0;0;0;0
1;2025-12-02;13;1;37;26;0;0;0;0;0;0
1;2025-12-02;14;1;38;28;0;0;0;0;0;0
1;2025-12-02;15;1;39;30;0;0;0;0;0;0
1;2025-12-02;16;1;40;32;0;0;0;0;0;0
1;2025-12-02;17;1;41;34;0;0;0;0;0;0
1;2025-12-02;18;1;42;36;0;0;0;0;0;0
1;2025-12-02;19;1;43;38;0;0;0;0;0;0
1;2025-12-02;20;1;44;40;0;0;0;0;0;0
1;2025-12-02;21;1;45;42;0;0;0;0;0;0
1;2025-12-02;22;1;46;44;0;0;0;0;0;0
1;2025-12-02;23;1;47;46;0;0;0;0;0;0
1;2025-12-03;0;2;24;0;1;0;0;0;0;0
1;2025-12-03;1;2;25;2;1;0;0;0;0;0
1;2025-12-03;2;2;26;4;1;0;0;0;0;0
1;2025-12-03;3;2;27;6;1;0;0;0;0;0
1;2025-12-03;4;2;28;8;1;0;0;0;0;0
1;2025-12-03;5;2;29;10;1;0;0;0;0;0
1;2025-12-03;6;2;30;12;0;0;0;0;0;0
1;2025-12-03;7;2;31;14;0;0;0;0;0;0
1;2025-12-03;8;2;32;16;0;0;0;0;0;0
1;2025-12-03;9;2;33;18;0;0;0;0;0;0
1;2025-12-03;10;2;34;20;0;0;0;0;0;0
1;2025-12-03;11;2;35;22;0;0;0;0;0;0
1;2025-12-03;12;2;36;24;0;0;0;0;0;0
1;2025-12-03;13;2;37;26;0;0;0;0;0;0
1;2025-12-03;14;2;38;28;0;0;0;0;0;0
1;2025-12-03;15;2;39;30;0;0;0;0;0;0
1;2025-12-03;16;2;40;32;0;0;0;0;0;0
1;2025-12-03;17;2;41;34;0;0;0;0;0;0
1;2025-12-03;18;2;42;36;0;0;0;0;0;0
1;2025-12-03;19;2;43;38;0;0;0;0;0;0
1;2025-12-03;20;2;44;40;0;0;0;0;0;0
1;2025-12-03;21;2;45;42;0;0;0;0;0;0
1;2025-12-03;22;2;46;44;0;0;0;0;0;0
1;2025-12-03;23;2;47;46;0;0;0;0;0;0
1;2025-12-04;0;3;24;0;1;0;0;0;0;0
1;2025-12-04;1;3;25;2;1;0;0;0;0;0
1;2025-12-04;2;3;26;4;1;0;0;0;0;0
1;2025-12-04;3;3;27;6;1;0;0;0;0;0
1;2025-12-04;4;3;28;8;1;0;0;0;0;0
1;2025-12-04;5;3;29;10;1;0;0;0;0;0
1;2025-12-04;6;3;30;12;0;0;0;0;0;0
1;2025-12-04;7;3;31;14;0;0;0;0;0;0
1;2025-12-04;8;3;32;16;0;0;0;0;0;0
1;2025-12-04;9;3;33;18;0;0;0;0;0;0
1;2025-12-04;10;3;34;20;0;0;0;0;0;0
1;2025-12-04;11;3;35;22;0;0;0;0;0;0
1;2025-12-04;12;3;36;24;0;0;0;0;0;0
1;2025-12-04;13;3;37;26;0;0;0;0;0;0
1;2025-12-04;14;3;38;28;0;0;0;0;0;0
1;2025-12-04;15;3;39;30;0;0;0;0;0;0
1;2025-12-04;16;3;40;32;0;0;0;0;0;0
1;2025-12-04;17;3;41;34;0;0;0;0;0;0
1;2025-12-04;18;3;42;36;0;0;0;0;0;0
1;2025-12-04;19;3;43;38;0;0;0;0;0;0
1;2025-12-04;20;3;44;40;0;0;0;0;0;0
1;2025-12-04;21;3;45;42;0;0;0;0;0;0
1;2025-12-04;22;3;46;44;0;0;0;0;0;0
1;2025-12-04;23;3;47;46;0;0;0;0;0;0
1;2025-12-05;0;4;24;0;1;0;0;0;0;0
1;2025-12-05;1;4;25;2;1;0;0;0;0;0
1;2025-12-05;2;4;26;4;1;0;0;0;0;0
1;2025-12-05;3;4;27;6;1;0;0;0;0;0
1;2025-12-05;4;4;28;8;1;0;0;0;0;0
1;2025-12-05;5;4;29;10;1;0;0;0;0;0
1;2025-12-05;6;4;30;12;0;0;0;0;0;0
1;2025-12-05;7;4;31;14;0;0;0;0;0;0
1;2025-12-05;8;4;32;16;0;0;0;0;0;0
1;2025-12-05;9;4;33;18;0;0;0;0;0;0
1;2025-12-05;10;4;34;20;0;0;0;0;0;0
1;2025-12-05;11;4;35;22;0;0;0;0;0;0
1;2025-12-05;12;4;36;24;0;0;0;0;0;0
1;2025-12-05;13;4;37;26;0;0;0;0;0;0
1;2025-12-05;14;4;38;28;0;0;0;0;0;0
1;2025-12-05;15;4;39;30;0;0;0;0;0;0
1;2025-12-05;16;4;40;32;0;0;0;0;0;0
1;2025-12-05;17;4;41;34;0;0;0;0;0;0
1;2025-12-05;18;4;42;36;0;0;0;0;0;0
1;2025-12-05;19;4;43;38;0;0;0;0;0;0
1;2025-12-05;20;4;44;40;0;0;0;0;0;0
1;2025-12-05;21;4;45;42;0;0;0;0;0;0
1;2025-12-05;22;4;46;44;0;0;0;0;0;0
1;2025-12-05;23;4;47;46;0;0;0;0;0;0
1;2025-12-06;0;5;24;1;1;1;0;0;0;0
1;2025-12-06;1;5;25;3;1;1;0;0;0;0
1;2025-12-06;2;5;26;5;1;1;0;0;0;0
1;2025-12-06;3;5;27;7;1;1;0;0;0;0
1;2025-12-06;4;5;28;9;1;1;0;0;0;0
1;2025-12-06;5;5;29;11;1;1;0;0;0;0
1;2025-12-06;6;5;30;13;0;1;0;0;0;0
1;2025-12-06;7;5;31;15;0;1;0;0;0;0
1;2025-12-06;8;5;32;17;0;1;0;0;0;0
1;2025-12-06;9;5;33;19;0;1;0;0;0;0
1;2025-12-06;10;5;34;21;0;1;0;0;0;0
1;2025-12-06;11;5;35;23;0;1;0;0;0;0
1;2025-12-06;12;5;36;25;0;1;0;0;0;0
1;2025-12-06;13;5;37;27;0;1;0;0;0;0
1;2025-12-06;14;5;38;29;0;1;0;0;0;0
1;2025-12-06;15;5;39;31;0;1;0;0;0;0
1;2025-12-06;16;5;40;33;0;1;0;0;0;0
1;2025-12-06;17;5;41;35;0;1;0;0;0;0
1;2025-12-06;18;5;42;37;0;1;0;0;0;0
1;2025-12-06;19;5;43;39;0;1;0;0;0;0
1;2025-12-06;20;5;44;41;0;1;0;0;0;0
1;2025-12-06;21;5;45;43;0;1;0;0;0;0
1;2025-12-06;22;5;46;45;0;1;0;0;0;0
1;2025-12-06;23;5;47;47;0;1;0;0;0;0
1;2025-12-07;0;6;24;1;1;1;0;0;0;0
1;2025-12-07;1;6;25;3;1;1;0;0;0;0
1;2025-12-07;2;6;26;5;1;1;0;0;0;0
1;2025-12-07;3;6;27;7;1;1;0;0;0;0
1;2025-12-07;4;6;28;9;1;1;0;0;0;0
1;2025-12-07;5;6;29;11;1;1;0;0;0;0
1;2025-12-07;6;6;30;13;0;1;0;0;0;0
1;2025-12-07;7;6;31;15;0;1;0;0;0;0
1;2025-12-07;8;6;32;17;0;1;0;0;0;0
1;2025-12-07;9;6;33;19;0;1;0;0;0;0
1;2025-12-07;10;6;34;21;0;1;0;0;0;0
1;2025-12-07;11;6;35;23;0;1;0;0;0;0
1;2025-12-07;12;6;36;25;0;1;0;0;0;0
1;2025-12-07;13;6;37;27;0;1;0;0;0;0
1;2025-12-07;14;6;38;29;0;1;0;0;0;0
1;2025-12-07;15;6;39;31;0;1;0;0;0;0
1;2025-12-07;16;6;40;33;0;1;0;0;0;0
1;2025-12-07;17;6;41;35;0;1;0;0;0;0
1;2025-12-07;18;6;42;37;0;1;0;0;0;0
1;2025-12-07;19;6;43;39;0;1;0;0;0;0
1;2025-12-07;20;6;44;41;0;1;0;0;0;0
1;2025-12-07;21;6;45;43;0;1;0;0;0;0
1;2025-12-07;22;6;46;45;0;1;0;0;0;0
1;2025-12-07;23;6;47;47;0;1;0;0;0;0
1;2025-12-08;0;0;24;0;1;0;0;0;0;0
1;2025-12-08;1;0;25;2;1;0;0;0;0;0
1;2025-12-08;2;0;26;4;1;0;0;0;0;0
1;2025-12-08;3;0;27;6;1;0;0;0;0;0
1;2025-12-08;4;0;28;8;1;0;0;0;0;0
1;2025-12-08;5;0;29;10;1;0;0;0;0;0
1;2025-12-08;6;0;30;12;0;0;0;0;0;0
1;2025-12-08;7;0;31;14;0;0;0;0;0;0
1;2025-12-08;8;0;32;16;0;0;0;0;0;0
1;2025-12-08;9;0;33;18;0;0;0;0;0;0
1;2025-12-08;10;0;34;20;0;0;0;0;0;0
1;2025-12-08;11;0;35;22;0;0;0;0;0;0
1;2025-12-08;12;0;36;24;0;0;0;0;0;0
1;2025-12-08;13;0;37;26;0;0;0;0;0;0
1;2025-12-08;14;0;38;28;0;0;0;0;0;0
1;2025-12-08;15;0;39;30;0;0;0;0;0;0
1;2025-12-08;16;0;40;32;0;0;0;0;0;0
1;2025-12-08;17;0;41;34;0;0;0;0;0;0
1;2025-12-08;18;0;42;36;0;0;0;0;0;0
1;2025-12-08;19;0;43;38;0;0;0;0;0;0
1;2025-12-08;20;0;44;40;0;0;0;0;0;0
1;2025-12-08;21;0;45;42;0;0;0;0;0;0
1;2025-12-08;22;0;46;44;0;0;0;0;0;0
1;2025-12-08;23;0;47;46;0;0;0;0;0;0
1;2025-12-09;0;1;24;0;1;0;0;0;0;0
1;2025-12-09;1;1;25;2;1;0;0;0;0;0
1;2025-12-09;2;1;26;4;1;0;0;0;0;0
1;2025-12-09;3;1;27;6;1;0;0;0;0;0
1;2025-12-09;4;1;28;8;1;0;0;0;0;0
1;2025-12-09;5;1;29;10;1;0;0;0;0;0
1;2025-12-09;6;1;30;12;0;0;0;0;0;0
1;2025-12-09;7;1;31;14;0;0;0;0;0;0
1;2025-12-09;8;1;32;16;0;0;0;0;0;0
1;2025-12-09;9;1;33;18;0;0;0;0;0;0
1;2025-12-09;10;1;34;20;0;0;0;0;0;0
1;2025-12-09;11;1;35;22;0;0;0;0;0;0
1;2025-12-09;12;1;36;24;0;0;0;0;0;0
1;2025-12-09;13;1;37;26;0;0;0;0;0;0
1;2025-12-09;14;1;38;28;0;0;0;0;0;0
1;2025-12-09;15;1;39;30;0;0;0;0;0;0
1;2025-12-09;16;1;40;32;0;0;0;0;0;0
1;2025-12-09;17;1;41;34;0;0;0;0;0;0
1;2025-12-09;18;1;42;36;0;0;0;0;0;0
1;2025-12-09;19;1;43;38;0;0;0;0;0;0
1;2025-12-09;20;1;44;40;0;0;0;0;0;0
1;2025-12-09;21;1;45;42;0;0;0;0;0;0
1;2025-12-09;22;1;46;44;0;0;0;0;0;0
1;2025-12-09;23;1;47;46;0;0;0;0;0;0
1;2025-12-10;0;2;24;0;1;0;0;0;0;0
1;2025-12-10;1;2;25;2;1;0;0;0;0;0
1;2025-12-10;2;2;26;4;1;0;0;0;0;0
1;2025-12-10;3;2;27;6;1;0;0;0;0;0
1;2025-12-10;4;2;28;8;1;0;0;0;0;0
1;2025-12-10;5;2;29;10;1;0;0;0;0;0
1;2025-12-10;6;2;30;12;0;0;0;0;0;0
1;2025-12-10;7;2;31;14;0;0;0;0;0;0
1;2025-12-10;8;2;32;16;0;0;0;0;0;0
1;2025-12-10;9;2;33;18;0;0;0;0;0;0
1;2025-12-10;10;2;34;20;0;0;0;0;0;0
1;2025-12-10;11;2;35;22;0;0;0;0;0;0
1;2025-12-10;12;2;36;24;0;0;0;0;0;0
1;2025-12-10;13;2;37;26;0;0;0;0;0;0
1;2025-12-10;14;2;38;28;0;0;0;0;0;0
1;2025-12-10;15;2;39;30;0;0;0;0;0;0
1;2025-12-10;16;2;40;32;0;0;0;0;0;0
1;2025-12-10;17;2;41;34;0;0;0;0;0;0
1;2025-12-10;18;2;42;36;0;0;0;0;0;0
1;2025-12-10;19;2;43;38;0;0;0;0;0;0
1;2025-12-10;20;2;44;40;0;0;0;0;0;0
1;2025-12-10;21;2;45;42;0;0;0;0;0;0
1;2025-12-10;22;2;46;44;0;0;0;0;0;0
1;2025-12-10;23;2;47;46;0;0;0;0;0;0
1;2025-12-11;0;3;24;0;1;0;0;0;0;0
1;2025-12-11;1;3;25;2;1;0;0;0;0;0
1;2025-12-11;2;3;26;4;1;0;0;0;0;0
1;2025-12-11;3;3;27;6;1;0;0;0;0;0
1;2025-12-11;4;3;28;8;1;0;0;0;0;0
1;2025-12-11;5;3;29;10;1;0;0;0;0;0
1;2025-12-11;6;3;30;12;0;0;0;0;0;0
1;2025-12-11;7;3;31;14;0;0;0;0;0;0
1;2025-12-11;8;3;32;16;0;0;0;0;0;0
1;2025-12-11;9;3;33;18;0;0;0;0;0;0
1;2025-12-11;10;3;34;20;0;0;0;0;0;0
1;2025-12-11;11;3;35;22;0;0;0;0;0;0
1;2025-12-11;12;3;36;24;0;0;0;0;0;0
1;2025-12-11;13;3;37;26;0;0;0;0;0;0
1;2025-12-11;14;3;38;28;0;0;0;0;0;0
1;2025-12-11;15;3;39;30;0;0;0;0;0;0
1;2025-12-11;16;3;40;32;0;0;0;0;0;0
1;2025-12-11;17;3;41;34;0;0;0;0;0;0
1;2025-12-11;18;3;42;36;0;0;0;0;0;0
1;2025-12-11;19;3;43;38;0;0;0;0;0;0
1;2025-12-11;20;3;44;40;0;0;0;0;0;0
1;2025-12-11;21;3;45;42;0;0;0;0;0;0
1;2025-12-11;22;3;46;44;0;0;0;0;0;0
1;2025-12-11;23;3;47;46;0;0;0;0;0;0
1;2025-12-12;0;4;24;0;1;0;0;0;0;0
1;2025-12-12;1;4;25;2;1;0;0;0;0;0
1;2025-12-12;2;4;26;4;1;0;0;0;0;0
1;2025-12-12;3;4;27;6;1;0;0;0;0;0
1;2025-12-12;4;4;28;8;1;0;0;0;0;0
1;2025-12-12;5;4;29;10;1;0;0;0;0;0
1;2025-12-12;6;4;30;12;0;0;0;0;0;0
1;2025-12-12;7;4;31;14;0;0;0;0;0;0
1;2025-12-12;8;4;32;16;0;0;0;0;0;0
1;2025-12-12;9;4;33;18;0;0;0;0;0;0
1;2025-12-12;10;4;34;20;0;0;0;0;0;0
1;2025-12-12;11;4;35;22;0;0;0;0;0;0
1;2025-12-12;12;4;36;24;0;0;0;0;0;0
1;2025-12-12;13;4;37;26;0;0;0;0;0;0
1;2025-12-12;14;4;38;28;0;0;0;0;0;0
1;2025-12-12;15;4;39;30;0;0;0;0;0;0
1;2025-12-12;16;4;40;32;0;0;0;0;0;0
1;2025-12-12;17;4;41;34;0;0;0;0;0;0
1;2025-12-12;18;4;42;36;0;0;0;0;0;0
1;2025-12-12;19;4;43;38;0;0;0;0;0;0
1;2025-12-12;20;4;44;40;0;0;0;0;0;0
1;2025-12-12;21;4;45;42;0;0;0;0;0;0
1;2025-12-12;22;4;46;44;0;0;0;0;0;0
1;2025-12-12;23;4;47;46;0;0;0;0;0;0
1;2025-12-13;0;5;24;1;1;1;0;0;0;0
1;2025-12-13;1;5;25;3;1;1;0;0;0;0
1;2025-12-13;2;5;26;5;1;1;0;0;0;0
1;2025-12-13;3;5;27;7;1;1;0;0;0;0
1;2025-12-13;4;5;28;9;1;1;0;0;0;0
1;2025-12-13;5;5;29;11;1;1;0;0;0;0
1;2025-12-13;6;5;30;13;0;1;0;0;0;0
1;2025-12-13;7;5;31;15;0;1;0;0;0;0
1;2025-12-13;8;5;32;17;0;1;0;0;0;0
1;2025-12-13;9;5;33;19;0;1;0;0;0;0
1;2025-12-13;10;5;34;21;0;1;0;0;0;0
1;2025-12-13;11;5;35;23;0;1;0;0;0;0
1;2025-12-13;12;5;36;25;0;1;0;0;0;0
1;2025-12-13;13;5;37;27;0;1;0;0;0;0
1;2025-12-13;14;5;38;29;0;1;0;0;0;0
1;2025-12-13;15;5;39;31;0;1;0;0;0;0
1;2025-12-13;16;5;40;33;0;1;0;0;0;0
1;2025-12-13;17;5;41;35;0;1;0;0;0;0
1;2025-12-13;18;5;42;37;0;1;0;0;0;0
1;2025-12-13;19;5;43;39;0;1;0;0;0;0
1;2025-12-13;20;5;44;41;0;1;0;0;0;0
1;2025-12-13;21;5;45;43;0;1;0;0;0;0
1;2025-12-13;22;5;46;45;0;1;0;0;0;0
1;2025-12-13;23;5;47;47;0;1;0;0;0;0
1;2025-12-14;0;6;24;1;1;1;0;0;0;0
1;2025-12-14;1;6;25;3;1;1;0;0;0;0
1;2025-12-14;2;6;26;5;1;1;0;0;0;0
1;2025-12-14;3;6;27;7;1;1;0;0;0;0
1;2025-12-14;4;6;28;9;1;1;0;0;0;0
1;2025-12-14;5;6;29;11;1;1;0;0;0;0
1;2025-12-14;6;6;30;13;0;1;0;0;0;0
1;2025-12-14;7;6;31;15;0;1;0;0;0;0
1;2025-12-14;8;6;32;17;0;1;0;0;0;0
1;2025-12-14;9;6;33;19;0;1;0;0;0;0
1;2025-12-14;10;6;34;21;0;1;0;0;0;0
1;2025-12-14;11;6;35;23;0;1;0;0;0;0
1;2025-12-14;12;6;36;25;0;1;0;0;0;0
1;2025-12-14;13;6;37;27;0;1;0;0;0;0
1;2025-12-14;14;6;38;29;0;1;0;0;0;0
1;2025-12-14;15;6;39;31;0;1;0;0;0;0
1;2025-12-14;16;6;40;33;0;1;0;0;0;0
1;2025-12-14;17;6;41;35;0;1;0;0;0;0
1;2025-12-14;18;6;42;37;0;1;0;0;0;0
1;2025-12-14;19;6;43;39;0;1;0;0;0;0
1;2025-12-14;20;6;44;41;0;1;0;0;0;0
1;2025-12-14;21;6;45;43;0;1;0;0;0;0
1;2025-12-14;22;6;46;45;0;1;0;0;0;0
1;2025-12-14;23;6;47;47;0;1;0;0;0;0
1;2025-12-15;0;0;24;0;1;0;0;0;0;0
1;2025-12-15;1;0;25;2;1;0;0;0;0;0
1;2025-12-15;2;0;26;4;1;0;0;0;0;0
1;2025-12-15;3;0;27;6;1;0;0;0;0;0
1;2025-12-15;4;0;28;8;1;0;0;0;0;0
1;2025-12-15;5;0;29;10;1;0;0;0;0;0
1;2025-12-15;6;0;30;12;0;0;0;0;0;0
1;2025-12-15;7;0;31;14;0;0;0;0;0;0
1;2025-12-15;8;0;32;16;0;0;0;0;0;0
1;2025-12-15;9;0;33;18;0;0;0;0;0;0
1;2025-12-15;10;0;34;20;0;0;0;0;0;0
1;2025-12-15;11;0;35;22;0;0;0;0;0;0
1;2025-12-15;12;0;36;24;0;0;0;0;0;0
1;2025-12-15;13;0;37;26;0;0;0;0;0;0
1;2025-12-15;14;0;38;28;0;0;0;0;0;0
1;2025-12-15;15;0;39;30;0;0;0;0;0;0
1;2025-12-15;16;0;40;32;0;0;0;0;0;0
1;2025-12-15;17;0;41;34;0;0;0;0;0;0
1;2025-12-15;18;0;42;36;0;0;0;0;0;0
1;2025-12-15;19;0;43;38;0;0;0;0;0;0
1;2025-12-15;20;0;44;40;0;0;0;0;0;0
1;2025-12-15;21;0;45;42;0;0;0;0;0;0
1;2025-12-15;22;0;46;44;0;0;0;0;0;0
1;2025-12-15;23;0;47;46;0;0;0;0;0;0
1;2025-12-16;0;1;24;0;1;0;0;0;0;0
1;2025-12-16;1;1;25;2;1;0;0;0;0;0
1;2025-12-16;2;1;26;4;1;0;0;0;0;0
1;2025-12-16;3;1;27;6;1;0;0;0;0;0
1;2025-12-16;4;1;28;8;1;0;0;0;0;0
1;2025-12-16;5;1;29;10;1;0;0;0;0;0
1;2025-12-16;6;1;30;12;0;0;0;0;0;0
1;2025-12-16;7;1;31;14;0;0;0;0;0;0
1;2025-12-16;8;1;32;16;0;0;0;0;0;0
1;2025-12-16;9;1;33;18;0;0;0;0;0;0
1;2025-12-16;10;1;34;20;0;0;0;0;0;0
1;2025-12-16;11;1;35;22;0;0;0;0;0;0
1;2025-12-16;12;1;36;24;0;0;0;0;0;0
1;2025-12-16;13;1;37;26;0;0;0;0;0;0
1;2025-12-16;14;1;38;28;0;0;0;0;0;0
1;2025-12-16;15;1;39;30;0;0;0;0;0;0
1;2025-12-16;16;1;40;32;0;0;0;0;0;0
1;2025-12-16;17;1;41;34;0;0;0;0;0;0
1;2025-12-16;18;1;42;36;0;0;0;0;0;0
1;2025-12-16;19;1;43;38;0;0;0;0;0;0
1;2025-12-16;20;1;44;40;0;0;0;0;0;0
1;2025-12-16;21;1;45;42;0;0;0;0;0;0
1;2025-12-16;22;1;46;44;0;0;0;0;0;0
1;2025-12-16;23;1;47;46;0;0;0;0;0;0
1;2025-12-17;0;2;24;0;1;0;0;0;0;0
1;2025-12-17;1;2;25;2;1;0;0;0;0;0
1;2025-12-17;2;2;26;4;1;0;0;0;0;0
1;2025-12-17;3;2;27;6;1;0;0;0;0;0
1;2025-12-17;4;2;28;8;1;0;0;0;0;0
1;2025-12-17;5;2;29;10;1;0;0;0;0;0
1;2025-12-17;6;2;30;12;0;0;0;0;0;0
1;2025-12-17;7;2;31;14;0;0;0;0;0;0
1;2025-12-17;8;2;32;16;0;0;0;0;0;0
1;2025-12-17;9;2;33;18;0;0;0;0;0;0
1;2025-12-17;10;2;34;20;0;0;0;0;0;0
1;2025-12-17;11;2;35;22;0;0;0;0;0;0
1;2025-12-17;12;2;36;24;0;0;0;0;0;0
1;2025-12-17;13;2;37;26;0;0;0;0;0;0
1;2025-12-17;14;2;38;28;0;0;0;0;0;0
1;2025-12-17;15;2;39;30;0;0;0;0;0;0
1;2025-12-17;16;2;40;32;0;0;0;0;0;0
1;2025-12-17;17;2;41;34;0;0;0;0;0;0
1;2025-12-17;18;2;42;36;0;0;0;0;0;0
1;2025-12-17;19;2;43;38;0;0;0;0;0;0
1;2025-12-17;20;2;44;40;0;0;0;0;0;0
1;2025-12-17;21;2;45;42;0;0;0;0;0;0
1;2025-12-17;22;2;46;44;0;0;0;0;0;0
1;2025-12-17;23;2;47;46;0;0;0;0;0;0
1;2025-12-18;0;3;24;0;1;0;0;0;0;0
1;2025-12-18;1;3;25;2;1;0;0;0;0;0
1;2025-12-18;2;3;26;4;1;0;0;0;0;0
1;2025-12-18;3;3;27;6;1;0;0;0;0;0
1;2025-12-18;4;3;28;8;1;0;0;0;0;0
1;2025-12-18;5;3;29;10;1;0;0;0;0;0
1;2025-12-18;6;3;30;12;0;0;0;0;0;0
1;2025-12-18;7;3;31;14;0;0;0;0;0;0
1;2025-12-18;8;3;32;16;0;0;0;0;0;0
1;2025-12-18;9;3;33;18;0;0;0;0;0;0
1;2025-12-18;10;3;34;20;0;0;0;0;0;0
1;2025-12-18;11;3;35;22;0;0;0;0;0;0
1;2025-12-18;12;3;36;24;0;0;0;0;0;0
1;2025-12-18;13;3;37;26;0;0;0;0;0;0
1;2025-12-18;14;3;38;28;0;0;0;0;0;0
1;2025-12-18;15;3;39;30;0;0;0;0;0;0
1;2025-12-18;16;3;40;32;0;0;0;0;0;0
1;2025-12-18;17;3;41;34;0;0;0;0;0;0
1;2025-12-18;18;3;42;36;0;0;0;0;0;0
1;2025-12-18;19;3;43;38;0;0;0;0;0;0
1;2025-12-18;20;3;44;40;0;0;0;0;0;0
1;2025-12-18;21;3;45;42;0;0;0;0;0;0
1;2025-12-18;22;3;46;44;0;0;0;0;0;0
1;2025-12-18;23;3;47;46;0;0;0;0;0;0
1;2025-12-19;0;4;24;0;1;0;0;0;0;0
1;2025-12-19;1;4;25;2;1;0;0;0;0;0
1;2025-12-19;2;4;26;4;1;0;0;0;0;0
1;2025-12-19;3;4;27;6;1;0;0;0;0;0
1;2025-12-19;4;4;28;8;1;0;0;0;0;0
1;2025-12-19;5;4;29;10;1;0;0;0;0;0
1;2025-12-19;6;4;30;12;0;0;0;0;0;0
1;2025-12-19;7;4;31;14;0;0;0;0;0;0
1;2025-12-19;8;4;32;16;0;0;0;0;0;0
1;2025-12-19;9;4;33;18;0;0;0;0;0;0
1;2025-12-19;10;4;34;20;0;0;0;0;0;0
1;2025-12-19;11;4;35;22;0;0;0;0;0;0
1;2025-12-19;12;4;36;24;0;0;0;0;0;0
1;2025-12-19;13;4;37;26;0;0;0;0;0;0
1;2025-12-19;14;4;38;28;0;0;0;0;0;0
1;2025-12-19;15;4;39;30;0;0;0;0;0;0
1;2025-12-19;16;4;40;32;0;0;0;0;0;0
1;2025-12-19;17;4;41;34;0;0;0;0;0;0
1;2025-12-19;18;4;42;36;0;0;0;0;0;0
1;2025-12-19;19;4;43;38;0;0;0;0;0;0
1;2025-12-19;20;4;44;40;0;0;0;0;0;0
1;2025-12-19;21;4;45;42;0;0;0;0;0;0
1;2025-12-19;22;4;46;44;0;0;0;0;0;0
1;2025-12-19;23;4;47;46;0;0;0;0;0;0
1;2025-12-20;0;5;24;1;1;1;0;0;0;0
1;2025-12-20;1;5;25;3;1;1;0;0;0;0
1;2025-12-20;2;5;26;5;1;1;0;0;0;0
1;2025-12-20;3;5;27;7;1;1;0;0;0;0
1;2025-12-20;4;5;28;9;1;1;0;0;0;0
1;2025-12-20;5;5;29;11;1;1;0;0;0;0
1;2025-12-20;6;5;30;13;0;1;0;0;0;0
1;2025-12-20;7;5;31;15;0;1;0;0;0;0
1;2025-12-20;8;5;32;17;0;1;0;0;0;0
1;2025-12-20;9;5;33;19;0;1;0;0;0;0
1;2025-12-20;10;5;34;21;0;1;0;0;0;0
1;2025-12-20;11;5;35;23;0;1;0;0;0;0
1;2025-12-20;12;5;36;25;0;1;0;0;0;0
1;2025-12-20;13;5;37;27;0;1;0;0;0;0
1;2025-12-20;14;5;38;29;0;1;0;0;0;0
1;2025-12-20;15;5;39;31;0;1;0;0;0;0
1;2025-12-20;16;5;40;33;0;1;0;0;0;0
1;2025-12-20;17;5;41;35;0;1;0;0;0;0
1;2025-12-20;18;5;42;37;0;1;0;0;0;0
1;2025-12-20;19;5;43;39;0;1;0;0;0;0
1;2025-12-20;20;5;44;41;0;1;0;0;0;0
1;2025-12-20;21;5;45;43;0;1;0;0;0;0
1;2025-12-20;22;5;46;45;0;1;0;0;0;0
1;2025-12-20;23;5;47;47;0;1;0;0;0;0
1;2025-12-21;0;6;24;1;1;1;0;0;0;0
1;2025-12-21;1;6;25;3;1;1;0;0;0;0
1;2025-12-21;2;6;26;5;1;1;0;0;0;0
1;2025-12-21;3;6;27;7;1;1;0;0;0;0
1;2025-12-21;4;6;28;9;1;1;0;0;0;0
1;2025-12-21;5;6;29;11;1;1;0;0;0;0
1;2025-12-21;6;6;30;13;0;1;0;0;0;0
1;2025-12-21;7;6;31;15;0;1;0;0;0;0
1;2025-12-21;8;6;32;17;0;1;0;0;0;0
1;2025-12-21;9;6;33;19;0;1;0;0;0;0
1;2025-12-21;10;6;34;21;0;1;0;0;0;0
1;2025-12-21;11;6;35;23;0;1;0;0;0;0
1;2025-12-21;12;6;36;25;0;1;0;0;0;0
1;2025-12-21;13;6;37;27;0;1;0;0;0;0
1;2025-12-21;14;6;38;29;0;1;0;0;0;0
1;2025-12-21;15;6;39;31;0;1;0;0;0;0
1;2025-12-21;16;6;40;33;0;1;0;0;0;0
1;2025-12-21;17;6;41;35;0;1;0;0;0;0
1;2025-12-21;18;6;42;37;0;1;0;0;0;0
1;2025-12-21;19;6;43;39;0;1;0;0;0;0
1;2025-12-21;20;6;44;41;0;1;0;0;0;0
1;2025-12-21;21;6;45;43;0;1;0;0;0;0
1;2025-12-21;22;6;46;45;0;1;0;0;0;0
1;2025-12-21;23;6;47;47;0;1;0;0;0;0
1;2025-12-22;0;0;24;0;1;0;0;0;0;0
1;2025-12-22;1;0;25;2;1;0;0;0;0;0
1;2025-12-22;2;0;26;4;1;0;0;0;0;0
1;2025-12-22;3;0;27;6;1;0;0;0;0;0
1;2025-12-22;4;0;28;8;1;0;0;0;0;0
1;2025-12-22;5;0;29;10;1;0;0;0;0;0
1;2025-12-22;6;0;30;12;0;0;0;0;0;0
1;2025-12-22;7;0;31;14;0;0;0;0;0;0
1;2025-12-22;8;0;32;16;0;0;0;0;0;0
1;2025-12-22;9;0;33;18;0;0;0;0;0;0
1;2025-12-22;10;0;34;20;0;0;0;0;0;0
1;2025-12-22;11;0;35;22;0;0;0;0;0;0
1;2025-12-22;12;0;36;24;0;0;0;0;0;0
1;2025-12-22;13;0;37;26;0;0;0;0;0;0
1;2025-12-22;14;0;38;28;0;0;0;0;0;0
1;2025-12-22;15;0;39;30;0;0;0;0;0;0
1;2025-12-22;16;0;40;32;0;0;0;0;0;0
1;2025-12-22;17;0;41;34;0;0;0;0;0;0
1;2025-12-22;18;0;42;36;0;0;0;0;0;0
1;2025-12-22;19;0;43;38;0;0;0;0;0;0
1;2025-12-22;20;0;44;40;0;0;0;0;0;0
1;2025-12-22;21;0;45;42;0;0;0;0;0;0
1;2025-12-22;22;0;46;44;0;0;0;0;0;0
1;2025-12-22;23;0;47;46;0;0;0;0;0;0
1;2025-12-23;0;1;24;0;1;0;0;0;0;0
1;2025-12-23;1;1;25;2;1;0;0;0;0;0
1;2025-12-23;2;1;26;4;1;0;0;0;0;0
1;2025-12-23;3;1;27;6;1;0;0;0;0;0
1;2025-12-23;4;1;28;8;1;0;0;0;0;0
1;2025-12-23;5;1;29;10;1;0;0;0;0;0
1;2025-12-23;6;1;30;12;0;0;0;0;0;0
1;2025-12-23;7;1;31;14;0;0;0;0;0;0
1;2025-12-23;8;1;32;16;0;0;0;0;0;0
1;2025-12-23;9;1;33;18;0;0;0;0;0;0
1;2025-12-23;10;1;34;20;0;0;0;0;0;0
1;2025-12-23;11;1;35;22;0;0;0;0;0;0
1;2025-12-23;12;1;36;24;0;0;0;0;0;0
1;2025-12-23;13;1;37;26;0;0;0;0;0;0
1;2025-12-23;14;1;38;28;0;0;0;0;0;0
1;2025-12-23;15;1;39;30;0;0;0;0;0;0
1;2025-12-23;16;1;40;32;0;0;0;0;0;0
1;2025-12-23;17;1;41;34;0;0;0;0;0;0
1;2025-12-23;18;1;42;36;0;0;0;0;0;0
1;2025-12-23;19;1;43;38;0;0;0;0;0;0
1;2025-12-23;20;1;44;40;0;0;0;0;0;0
1;2025-12-23;21;1;45;42;0;0;0;0;0;0
1;2025-12-23;22;1;46;44;0;0;0;0;0;0
1;2025-12-23;23;1;47;46;0;0;0;0;0;0
1;2025-12-24;0;2;24;0;1;0;0;0;0;0
1;2025-12-24;1;2;25;2;1;0;0;0;0;0
1;2025-12-24;2;2;26;4;1;0;0;0;0;0
1;2025-12-24;3;2;27;6;1;0;0;0;0;0
1;2025-12-24;4;2;28;8;1;0;0;0;0;0
1;2025-12-24;5;2;29;10;1;0;0;0;0;0
1;2025-12-24;6;2;30;12;0;0;0;0;0;0
1;2025-12-24;7;2;31;14;0;0;0;0;0;0
1;2025-12-24;8;2;32;16;0;0;0;0;0;0
1;2025-12-24;9;2;33;18;0;0;0;0;0;0
1;2025-12-24;10;2;34;20;0;0;0;0;0;0
1;2025-12-24;11;2;35;22;0;0;0;0;0;0
1;2025-12-24;12;2;36;24;0;0;0;0;0;0
1;2025-12-24;13;2;37;26;0;0;0;0;0;0
1;2025-12-24;14;2;38;28;0;0;0;0;0;0
1;2025-12-24;15;2;39;30;0;0;0;0;0;0
1;2025-12-24;16;2;40;32;0;0;0;0;0;0
1;2025-12-24;17;2;41;34;0;0;0;0;0;0
1;2025-12-24;18;2;42;36;0;0;0;0;0;0
1;2025-12-24;19;2;43;38;0;0;0;0;0;0
1;2025-12-24;20;2;44;40;0;0;0;0;0;0
1;2025-12-24;21;2;45;42;0;0;0;0;0;0
1;2025-12-24;22;2;46;44;0;0;0;0;0;0
1;2025-12-24;23;2;47;46;0;0;0;0;0;0
1;2025-12-25;0;3;24;0;1;0;0;0;0;0
1;2025-12-25;1;3;25;2;1;0;0;0;0;0
1;2025-12-25;2;3;26;4;1;0;0;0;0;0
1;2025-12-25;3;3;27;6;1;0;0;0;0;0
1;2025-12-25;4;3;28;8;1;0;0;0;0;0
1;2025-12-25;5;3;29;10;1;0;0;0;0;0
1;2025-12-25;6;3;30;12;0;0;0;0;0;0
1;2025-12-25;7;3;31;14;0;0;0;0;0;0
1;2025-12-25;8;3;32;16;0;0;0;0;0;0
1;2025-12-25;9;3;33;18;0;0;0;0;0;0
1;2025-12-25;10;3;34;20;0;0;0;0;0;0
1;2025-12-25;11;3;35;22;0;0;0;0;0;0
1;2025-12-25;12;3;36;24;0;0;0;0;0;0
1;2025-12-25;13;3;37;26;0;0;0;0;0;0
1;2025-12-25;14;3;38;28;0;0;0;0;0;0
1;2025-12-25;15;3;39;30;0;0;0;0;0;0
1;2025-12-25;16;3;40;32;0;0;0;0;0;0
1;2025-12-25;17;3;41;34;0;0;0;0;0;0
1;2025-12-25;18;3;42;36;0;0;0;0;0;0
1;2025-12-25;19;3;43;38;0;0;0;0;0;0
1;2025-12-25;20;3;44;40;0;0;0;0;0;0
1;2025-12-25;21;3;45;42;0;0;0;0;0;0
1;2025-12-25;22;3;46;44;0;0;0;0;0;0
1;2025-12-25;23;3;47;46;0;0;0;0;0;0
1;2025-12-26;0;4;24;0;1;0;0;0;0;0
1;2025-12-26;1;4;25;2;1;0;0;0;0;0
1;2025-12-26;2;4;26;4;1;0;0;0;0;0
1;2025-12-26;3;4;27;6;1;0;0;0;0;0
1;2025-12-26;4;4;28;8;1;0;0;0;0;0
1;2025-12-26;5;4;29;10;1;0;0;0;0;0
1;2025-12-26;6;4;30;12;0;0;0;0;0;0
1;2025-12-26;7;4;31;14;0;0;0;0;0;0
1;2025-12-26;8;4;32;16;0;0;0;0;0;0
1;2025-12-26;9;4;33;18;0;0;0;0;0;0
1;2025-12-26;10;4;34;20;0;0;0;0;0;0
1;2025-12-26;11;4;35;22;0;0;0;0;0;0
1;2025-12-26;12;4;36;24;0;0;0;0;0;0
1;2025-12-26;13;4;37;26;0;0;0;0;0;0
1;2025-12-26;14;4;38;28;0;0;0;0;0;0
1;2025-12-26;15;4;39;30;0;0;0;0;0;0
1;2025-12-26;16;4;40;32;0;0;0;0;0;0
1;2025-12-26;17;4;41;34;0;0;0;0;0;0
1;2025-12-26;18;4;42;36;0;0;0;0;0;0
1;2025-12-26;19;4;43;38;0;0;0;0;0;0
1;2025-12-26;20;4;44;40;0;0;0;0;0;0
1;2025-12-26;21;4;45;42;0;0;0;0;0;0
1;2025-12-26;22;4;46;44;0;0;0;0;0;0
1;2025-12-26;23;4;47;46;0;0;0;0;0;0
1;2025-12-27;0;5;24;1;1;1;0;0;0;0
1;2025-12-27;1;5;25;3;1;1;0;0;0;0
1;2025-12-27;2;5;26;5;1;1;0;0;0;0
1;2025-12-27;3;5;27;7;1;1;0;0;0;0
1;2025-12-27;4;5;28;9;1;1;0;0;0;0
1;2025-12-27;5;5;29;11;1;1;0;0;0;0
1;2025-12-27;6;5;30;13;0;1;0;0;0;0
1;2025-12-27;7;5;31;15;0;1;0;0;0;0
1;2025-12-27;8;5;32;17;0;1;0;0;0;0
1;2025-12-27;9;5;33;19;0;1;0;0;0;0
1;2025-12-27;10;5;34;21;0;1;0;0;0;0
1;2025-12-27;11;5;35;23;0;1;0;0;0;0
1;2025-12-27;12;5;36;25;0;1;0;0;0;0
1;2025-12-27;13;5;37;27;0;1;0;0;0;0
1;2025-12-27;14;5;38;29;0;1;0;0;0;0
1;2025-12-27;15;5;39;31;0;1;0;0;0;0
1;2025-12-27;16;5;40;33;0;1;0;0;0;0
1;2025-12-27;17;5;41;35;0;1;0;0;0;0
1;2025-12-27;18;5;42;37;0;1;0;0;0;0
1;2025-12-27;19;5;43;39;0;1;0;0;0;0
1;2025-12-27;20;5;44;41;0;1;0;0;0;0
1;2025-12-27;21;5;45;43;0;1;0;0;0;0
1;2025-12-27;22;5;46;45;0;1;0;0;0;0
1;2025-12-27;23;5;47;47;0;1;0;0;0;0
1;2025-12-28;0;6;24;1;1;1;0;0;0;0
1;2025-12-28;1;6;25;3;1;1;0;0;0;0
1;2025-12-28;2;6;26;5;1;1;0;0;0;0
1;2025-12-28;3;6;27;7;1;1;0;0;0;0
1;2025-12-28;4;6;28;9;1;1;0;0;0;0
1;2025-12-28;5;6;29;11;1;1;0;0;0;0
1;2025-12-28;6;6;30;13;0;1;0;0;0;0
1;2025-12-28;7;6;31;15;0;1;0;0;0;0
1;2025-12-28;8;6;32;17;0;1;0;0;0;0
1;2025-12-28;9;6;33;19;0;1;0;0;0;0
1;2025-12-28;10;6;34;21;0;1;0;0;0;0
1;2025-12-28;11;6;35;23;0;1;0;0;0;0
1;2025-12-28;12;6;36;25;0;1;0;0;0;0
1;2025-12-28;13;6;37;27;0;1;0;0;0;0
1;2025-12-28;14;6;38;29;0;1;0;0;0;0
1;2025-12-28;15;6;39;31;0;1;0;0;0;0
1;2025-12-28;16;6;40;33;0;1;0;0;0;0
1;2025-12-28;17;6;41;35;0;1;0;0;0;0
1;2025-12-28;18;6;42;37;0;1;0;0;0;0
1;2025-12-28;19;6;43;39;0;1;0;0;0;0
1;2025-12-28;20;6;44;41;0;1;0;0;0;0
1;2025-12-28;21;6;45;43;0;1;0;0;0;0
1;2025-12-28;22;6;46;45;0;1;0;0;0;0
1;2025-12-28;23;6;47;47;0;1;0;0;0;0
1;2025-12-29;0;0;24;0;1;0;0;0;0;0
1;2025-12-29;1;0;25;2;1;0;0;0;0;0
1;2025-12-29;2;0;26;4;1;0;0;0;0;0
1;2025-12-29;3;0;27;6;1;0;0;0;0;0
1;2025-12-29;4;0;28;8;1;0;0;0;0;0
1;2025-12-29;5;0;29;10;1;0;0;0;0;0
1;2025-12-29;6;0;30;12;0;0;0;0;0;0
1;2025-12-29;7;0;31;14;0;0;0;0;0;0
1;2025-12-29;8;0;32;16;0;0;0;0;0;0
1;2025-12-29;9;0;33;18;0;0;0;0;0;0
1;2025-12-29;10;0;34;20;0;0;0;0;0;0
1;2025-12-29;11;0;35;22;0;0;0;0;0;0
1;2025-12-29;12;0;36;24;0;0;0;0;0;0
1;2025-12-29;13;0;37;26;0;0;0;0;0;0
1;2025-12-29;14;0;38;28;0;0;0;0;0;0
1;2025-12-29;15;0;39;30;0;0;0;0;0;0
1;2025-12-29;16;0;40;32;0;0;0;0;0;0
1;2025-12-29;17;0;41;34;0;0;0;0;0;0
1;2025-12-29;18;0;42;36;0;0;0;0;0;0
1;2025-12-29;19;0;43;38;0;0;0;0;0;0
1;2025-12-29;20;0;44;40;0;0;0;0;0;0
1;2025-12-29;21;0;45;42;0;0;0;0;0;0
1;2025-12-29;22;0;46;44;0;0;0;0;0;0
1;2025-12-29;23;0;47;46;0;0;0;0;0;0
1;2025-12-30;0;1;24;0;1;0;0;0;0;0
1;2025-12-30;1;1;25;2;1;0;0;0;0;0
1;2025-12-30;2;1;26;4;1;0;0;0;0;0
1;2025-12-30;3;1;27;6;1;0;0;0;0;0
1;2025-12-30;4;1;28;8;1;0;0;0;0;0
1;2025-12-30;5;1;29;10;1;0;0;0;0;0
1;2025-12-30;6;1;30;12;0;0;0;0;0;0
1;2025-12-30;7;1;31;14;0;0;0;0;0;0
1;2025-12-30;8;1;32;16;0;0;0;0;0;0
1;2025-12-30;9;1;33;18;0;0;0;0;0;0
1;2025-12-30;10;1;34;20;0;0;0;0;0;0
1;2025-12-30;11;1;35;22;0;0;0;0;0;0
1;2025-12-30;12;1;36;24;0;0;0;0;0;0
1;2025-12-30;13;1;37;26;0;0;0;0;0;0
1;2025-12-30;14;1;38;28;0;0;0;0;0;0
1;2025-12-30;15;1;39;30;0;0;0;0;0;0
1;2025-12-30;16;1;40;32;0;0;0;0;0;0
1;2025-12-30;17;1;41;34;0;0;0;0;0;0
1;2025-12-30;18;1;42;36;0;0;0;0;0;0
1;2025-12-30;19;1;43;38;0;0;0;0;0;0
1;2025-12-30;20;1;44;40;0;0;0;0;0;0
1;2025-12-30;21;1;45;42;0;0;0;0;0;0
1;2025-12-30;22;1;46;44;0;0;0;0;0;0
1;2025-12-30;23;1;47;46;0;0;0;0;0;0
1;2025-12-31;0;2;24;0;1;1;0;1;0;0
1;2025-12-31;1;2;25;2;1;1;0;1;0;0
1;2025-12-31;2;2;26;4;1;1;0;1;0;0
1;2025-12-31;3;2;27;6;1;1;0;1;0;0
1;2025-12-31;4;2;28;8;1;1;0;1;0;0
1;2025-12-31;5;2;29;10;1;1;0;1;0;0
1;2025-12-31;6;2;30;12;0;1;0;1;0;0
1;2025-12-31;7;2;31;14;0;1;0;1;0;0
1;2025-12-31;8;2;32;16;0;1;0;1;0;0
1;2025-12-31;9;2;33;18;0;1;0;1;0;0
1;2025-12-31;10;2;34;20;0;1;0;1;0;0
1;2025-12-31;11;2;35;22;0;1;0;1;0;0
1;2025-12-31;12;2;36;24;0;1;0;1;0;0
1;2025-12-31;13;2;37;26;0;1;0;1;0;0
1;2025-12-31;14;2;38;28;0;1;0;1;0;0
1;2025-12-31;15;2;39;30;0;1;0;1;0;0
1;2025-12-31;16;2;40;32;0;1;0;1;0;0
1;2025-12-31;17;2;41;34;0;1;0;1;0;0
1;2025-12-31;18;2;42;36;0;1;0;1;0;0
1;2025-12-31;19;2;43;38;0;1;0;1;0;0
1;2025-12-31;20;2;44;40;0;1;0;1;0;0
1;2025-12-31;21;2;45;42;0;1;0;1;0;0
1;2025-12-31;22;2;46;44;0;1;0;1;0;0
1;2025-12-31;23;2;47;46;0;1;0;1;0;0
5;2025-11-01;0;5;120;1;1;0;0;0;1;1
5;2025-11-01;1;5;121;3;1;0;0;0;1;1
5;2025-11-01;2;5;122;5;1;0;0;0;1;1
5;2025-11-01;3;5;123;7;1;0;0;0;1;1
5;2025-11-01;4;5;124;9;1;0;0;0;1;1
5;2025-11-01;5;5;125;11;1;0;0;0;1;1
5;2025-11-01;6;5;126;13;0;0;0;0;1;1
5;2025-11-01;7;5;127;15;0;0;0;0;1;1
5;2025-11-01;8;5;128;17;0;0;0;0;1;1
5;2025-11-01;9;5;129;19;0;0;0;0;1;1
5;2025-11-01;10;5;130;21;0;0;0;0;1;1
5;2025-11-01;11;5;131;23;0;0;0;0;1;1
5;2025-11-01;12;5;132;25;0;0;0;0;1;1
5;2025-11-01;13;5;133;27;0;0;0;0;1;1
5;2025-11-01;14;5;134;29;0;0;0;0;1;1
5;2025-11-01;15;5;135;31;0;0;0;0;1;1
5;2025-11-01;16;5;136;33;0;0;0;0;1;1
5;2025-11-01;17;5;137;35;0;0;0;0;1;1
5;2025-11-01;18;5;138;37;0;0;0;0;1;1
5;2025-11-01;19;5;139;39;0;0;0;0;1;1
5;2025-11-01;20;5;140;41;0;0;0;0;1;1
5;2025-11-01;21;5;141;43;0;0;0;0;1;1
5;2025-11-01;22;5;142;45;0;0;0;0;1;1
5;2025-11-01;23;5;143;47;0;0;0;0;1;1
5;2025-11-02;0;6;120;1;1;1;0;0;0;0
5;2025-11-02;1;6;121;3;1;1;0;0;0;0
5;2025-11-02;2;6;122;5;1;1;0;0;0;0
5;2025-11-02;3;6;123;7;1;1;0;0;0;0
5;2025-11-02;4;6;124;9;1;1;0;0;0;0
5;2025-11-02;5;6;125;11;1;1;0;0;0;0
5;2025-11-02;6;6;126;13;0;1;0;0;0;0
5;2025-11-02;7;6;127;15;0;1;0;0;0;0
5;2025-11-02;8;6;128;17;0;1;0;0;0;0
5;2025-11-02;9;6;129;19;0;1;0;0;0;0
5;2025-11-02;10;6;130;21;0;1;0;0;0;0
5;2025-11-02;11;6;131;23;0;1;0;0;0;0
5;2025-11-02;12;6;132;25;0;1;0;0;0;0
5;2025-11-02;13;6;133;27;0;1;0;0;0;0
5;2025-11-02;14;6;134;29;0;1;0;0;0;0
5;2025-11-02;15;6;135;31;0;1;0;0;0;0
5;2025-11-02;16;6;136;33;0;1;0;0;0;0
5;2025-11-02;17;6;137;35;0;1;0;0;0;0
5;2025-11-02;18;6;138;37;0;1;0;0;0;0
5;2025-11-02;19;6;139;39;0;1;0;0;0;0
5;2025-11-02;20;6;140;41;0;1;0;0;0;0
5;2025-11-02;21;6;141;43;0;1;0;0;0;0
5;2025-11-02;22;6;142;45;0;1;0;0;0;0
5;2025-11-02;23;6;143;47;0;1;0;0;0;0
5;2025-11-03;0;0;120;0;1;1;0;1;0;0
5;2025-11-03;1;0;121;2;1;1;0;1;0;0
5;2025-11-03;2;0;122;4;1;1;0;1;0;0
5;2025-11-03;3;0;123;6;1;1;0;1;0;0
5;2025-11-03;4;0;124;8;1;1;0;1;0;0
5;2025-11-03;5;0;125;10;1;1;0;1;0;0
5;2025-11-03;6;0;126;12;0;1;0;1;0;0
5;2025-11-03;7;0;127;14;0;1;0;1;0;0
5;2025-11-03;8;0;128;16;0;1;0;1;0;0
5;2025-11-03;9;0;129;18;0;1;0;1;0;0
5;2025-11-03;10;0;130;20;0;1;0;1;0;0
5;2025-11-03;11;0;131;22;0;1;0;1;0;0
5;2025-11-03;12;0;132;24;0;1;0;1;0;0
5;2025-11-03;13;0;133;26;0;1;0;1;0;0
5;2025-11-03;14;0;134;28;0;1;0;1;0;0
5;2025-11-03;15;0;135;30;0;1;0;1;0;0
5;2025-11-03;16;0;136;32;0;1;0;1;0;0
5;2025-11-03;17;0;137;34;0;1;0;1;0;0
5;2025-11-03;18;0;138;36;0;1;0;1;0;0
5;2025-11-03;19;0;139;38;0;1;0;1;0;0
5;2025-11-03;20;0;140;40;0;1;0;1;0;0
5;2025-11-03;21;0;141;42;0;1;0;1;0;0
5;2025-11-03;22;0;142;44;0;1;0;1;0;0
5;2025-11-03;23;0;143;46;0;1;0;1;0;0
5;2025-11-04;0;1;120;0;1;1;1;0;0;0
5;2025-11-04;1;1;121;2;1;1;1;0;0;0
5;2025-11-04;2;1;122;4;1;1;1;0;0;0
5;2025-11-04;3;1;123;6;1;1;1;0;0;0
5;2025-11-04;4;1;124;8;1;1;1;0;0;0
5;2025-11-04;5;1;125;10;1;1;1;0;0;0
5;2025-11-04;6;1;126;12;0;1;1;0;0;0
5;2025-11-04;7;1;127;14;0;1;1;0;0;0
5;2025-11-04;8;1;128;16;0;1;1;0;0;0
5;2025-11-04;9;1;129;18;0;1;1;0;0;0
5;2025-11-04;10;1;130;20;0;1;1;0;0;0
5;2025-11-04;11;1;131;22;0;1;1;0;0;0
5;2025-11-04;12;1;132;24;0;1;1;0;0;0
5;2025-11-04;13;1;133;26;0;1;1;0;0;0
5;2025-11-04;14;1;134;28;0;1;1;0;0;0
5;2025-11-04;15;1;135;30;0;1;1;0;0;0
5;2025-11-04;16;1;136;32;0;1;1;0;0;0
5;2025-11-04;17;1;137;34;0;1;1;0;0;0
5;2025-11-04;18;1;138;36;0;1;1;0;0;0
5;2025-11-04;19;1;139;38;0;1;1;0;0;0
5;2025-11-04;20;1;140;40;0;1;1;0;0;0
5;2025-11-04;21;1;141;42;0;1;1;0;0;0
5;2025-11-04;22;1;142;44;0;1;1;0;0;0
5;2025-11-04;23;1;143;46;0;1;1;0;0;0
5;2025-11-05;0;2;120;0;1;0;0;0;0;0
5;2025-11-05;1;2;121;2;1;0;0;0;0;0
5;2025-11-05;2;2;122;4;1;0;0;0;0;0
5;2025-11-05;3;2;123;6;1;0;0;0;0;0
5;2025-11-05;4;2;124;8;1;0;0;0;0;0
5;2025-11-05;5;2;125;10;1;0;0;0;0;0
5;2025-11-05;6;2;126;12;0;0;0;0;0;0
5;2025-11-05;7;2;127;14;0;0;0;0;0;0
5;2025-11-05;8;2;128;16;0;0;0;0;0;0
5;2025-11-05;9;2;129;18;0;0;0;0;0;0
5;2025-11-05;10;2;130;20;0;0;0;0;0;0
5;2025-11-05;11;2;131;22;0;0;0;0;0;0
5;2025-11-05;12;2;132;24;0;0;0;0;0;0
5;2025-11-05;13;2;133;26;0;0;0;0;0;0
5;2025-11-05;14;2;134;28;0;0;0;0;0;0
5;2025-11-05;15;2;135;30;0;0;0;0;0;0
5;2025-11-05;16;2;136;32;0;0;0;0;0;0
5;2025-11-05;17;2;137;34;0;0;0;0;0;0
5;2025-11-05;18;2;138;36;0;0;0;0;0;0
5;2025-11-05;19;2;139;38;0;0;0;0;0;0
5;2025-11-05;20;2;140;40;0;0;0;0;0;0
5;2025-11-05;21;2;141;42;0;0;0;0;0;0
5;2025-11-05;22;2;142;44;0;0;0;0;0;0
5;2025-11-05;23;2;143;46;0;0;0;0;0;0
5;2025-11-06;0;3;120;0;1;0;0;0;0;0
5;2025-11-06;1;3;121;2;1;0;0;0;0;0
5;2025-11-06;2;3;122;4;1;0;0;0;0;0
5;2025-11-06;3;3;123;6;1;0;0;0;0;0
5;2025-11-06;4;3;124;8;1;0;0;0;0;0
5;2025-11-06;5;3;125;10;1;0;0;0;0;0
5;2025-11-06;6;3;126;12;0;0;0;0;0;0
5;2025-11-06;7;3;127;14;0;0;0;0;0;0
5;2025-11-06;8;3;128;16;0;0;0;0;0;0
5;2025-11-06;9;3;129;18;0;0;0;0;0;0
5;2025-11-06;10;3;130;20;0;0;0;0;0;0
5;2025-11-06;11;3;131;22;0;0;0;0;0;0
5;2025-11-06;12;3;132;24;0;0;0;0;0;0
5;2025-11-06;13;3;133;26;0;0;0;0;0;0
5;2025-11-06;14;3;134;28;0;0;0;0;0;0
5;2025-11-06;15;3;135;30;0;0;0;0;0;0
5;2025-11-06;16;3;136;32;0;0;0;0;0;0
5;2025-11-06;17;3;137;34;0;0;0;0;0;0
5;2025-11-06;18;3;138;36;0;0;0;0;0;0
5;2025-11-06;19;3;139;38;0;0;0;0;0;0
5;2025-11-06;20;3;140;40;0;0;0;0;0;0
5;2025-11-06;21;3;141;42;0;0;0;0;0;0
5;2025-11-06;22;3;142;44;0;0;0;0;0;0
5;2025-11-06;23;3;143;46;0;0;0;0;0;0
5;2025-11-07;0;4;120;0;1;0;0;0;0;0
5;2025-11-07;1;4;121;2;1;0;0;0;0;0
5;2025-11-07;2;4;122;4;1;0;0;0;0;0
5;2025-11-07;3;4;123;6;1;0;0;0;0;0
5;2025-11-07;4;4;124;8;1;0;0;0;0;0
5;2025-11-07;5;4;125;10;1;0;0;0;0;0
5;2025-11-07;6;4;126;12;0;0;0;0;0;0
5;2025-11-07;7;4;127;14;0;0;0;0;0;0
5;2025-11-07;8;4;128;16;0;0;0;0;0;0
5;2025-11-07;9;4;129;18;0;0;0;0;0;0
5;2025-11-07;10;4;130;20;0;0;0;0;0;0
5;2025-11-07;11;4;131;22;0;0;0;0;0;0
5;2025-11-07;12;4;132;24;0;0;0;0;0;0
5;2025-11-07;13;4;133;26;0;0;0;0;0;0
5;2025-11-07;14;4;134;28;0;0;0;0;0;0
5;2025-11-07;15;4;135;30;0;0;0;0;0;0
5;2025-11-07;16;4;136;32;0;0;0;0;0;0
5;2025-11-07;17;4;137;34;0;0;0;0;0;0
5;2025-11-07;18;4;138;36;0;0;0;0;0;0
5;2025-11-07;19;4;139;38;0;0;0;0;0;0
5;2025-11-07;20;4;140;40;0;0;0;0;0;0
5;2025-11-07;21;4;141;42;0;0;0;0;0;0
5;2025-11-07;22;4;142;44;0;0;0;0;0;0
5;2025-11-07;23;4;143;46;0;0;0;0;0;0
5;2025-11-08;0;5;120;1;1;1;0;0;0;0
5;2025-11-08;1;5;121;3;1;1;0;0;0;0
5;2025-11-08;2;5;122;5;1;1;0;0;0;0
5;2025-11-08;3;5;123;7;1;1;0;0;0;0
5;2025-11-08;4;5;124;9;1;1;0;0;0;0
5;2025-11-08;5;5;125;11;1;1;0;0;0;0
5;2025-11-08;6;5;126;13;0;1;0;0;0;0
5;2025-11-08;7;5;127;15;0;1;0;0;0;0
5;2025-11-08;8;5;128;17;0;1;0;0;0;0
5;2025-11-08;9;5;129;19;0;1;0;0;0;0
5;2025-11-08;10;5;130;21;0;1;0;0;0;0
5;2025-11-08;11;5;131;23;0;1;0;0;0;0
5;2025-11-08;12;5;132;25;0;1;0;0;0;0
5;2025-11-08;13;5;133;27;0;1;0;0;0;0
5;2025-11-08;14;5;134;29;0;1;0;0;0;0
5;2025-11-08;15;5;135;31;0;1;0;0;0;0
5;2025-11-08;16;5;136;33;0;1;0;0;0;0
5;2025-11-08;17;5;137;35;0;1;0;0;0;0
5;2025-11-08;18;5;138;37;0;1;0;0;0;0
5;2025-11-08;19;5;139;39;0;1;0;0;0;0
5;2025-11-08;20;5;140;41;0;1;0;0;0;0
5;2025-11-08;21;5;141;43;0;1;0;0;0;0
5;2025-11-08;22;5;142;45;0;1;0;0;0;0
5;2025-11-08;23;5;143;47;0;1;0;0;0;0
5;2025-11-09;0;6;120;1;1;1;0;0;0;0
5;2025-11-09;1;6;121;3;1;1;0;0;0;0
5;2025-11-09;2;6;122;5;1;1;0;0;0;0
5;2025-11-09;3;6;123;7;1;1;0;0;0;0
5;2025-11-09;4;6;124;9;1;1;0;0;0;0
5;2025-11-09;5;6;125;11;1;1;0;0;0;0
5;2025-11-09;6;6;126;13;0;1;0;0;0;0
5;2025-11-09;7;6;127;15;0;1;0;0;0;0
5;2025-11-09;8;6;128;17;0;1;0;0;0;0
5;2025-11-09;9;6;129;19;0;1;0;0;0;0
5;2025-11-09;10;6;130;21;0;1;0;0;0;0
5;2025-11-09;11;6;131;23;0;1;0;0;0;0
5;2025-11-09;12;6;132;25;0;1;0;0;0;0
5;2025-11-09;13;6;133;27;0;1;0;0;0;0
5;2025-11-09;14;6;134;29;0;1;0;0;0;0
5;2025-11-09;15;6;135;31;0;1;0;0;0;0
5;2025-11-09;16;6;136;33;0;1;0;0;0;0
5;2025-11-09;17;6;137;35;0;1;0;0;0;0
5;2025-11-09;18;6;138;37;0;1;0;0;0;0
5;2025-11-09;19;6;139;39;0;1;0;0;0;0
5;2025-11-09;20;6;140;41;0;1;0;0;0;0
5;2025-11-09;21;6;141;43;0;1;0;0;0;0
5;2025-11-09;22;6;142;45;0;1;0;0;0;0
5;2025-11-09;23;6;143;47;0;1;0;0;0;0
5;2025-11-10;0;0;120;0;1;0;0;0;0;0
5;2025-11-10;1;0;121;2;1;0;0;0;0;0
5;2025-11-10;2;0;122;4;1;0;0;0;0;0
5;2025-11-10;3;0;123;6;1;0;0;0;0;0
5;2025-11-10;4;0;124;8;1;0;0;0;0;0
5;2025-11-10;5;0;125;10;1;0;0;0;0;0
5;2025-11-10;6;0;126;12;0;0;0;0;0;0
5;2025-11-10;7;0;127;14;0;0;0;0;0;0
5;2025-11-10;8;0;128;16;0;0;0;0;0;0
5;2025-11-10;9;0;129;18;0;0;0;0;0;0
5;2025-11-10;10;0;130;20;0;0;0;0;0;0
5;2025-11-10;11;0;131;22;0;0;0;0;0;0
5;2025-11-10;12;0;132;24;0;0;0;0;0;0
5;2025-11-10;13;0;133;26;0;0;0;0;0;0
5;2025-11-10;14;0;134;28;0;0;0;0;0;0
5;2025-11-10;15;0;135;30;0;0;0;0;0;0
5;2025-11-10;16;0;136;32;0;0;0;0;0;0
5;2025-11-10;17;0;137;34;0;0;0;0;0;0
5;2025-11-10;18;0;138;36;0;0;0;0;0;0
5;2025-11-10;19;0;139;38;0;0;0;0;0;0
5;2025-11-10;20;0;140;40;0;0;0;0;0;0
5;2025-11-10;21;0;141;42;0;0;0;0;0;0
5;2025-11-10;22;0;142;44;0;0;0;0;0;0
5;2025-11-10;23;0;143;46;0;0;0;0;0;0
5;2025-11-11;0;1;120;0;1;0;0;0;0;0
5;2025-11-11;1;1;121;2;1;0;0;0;0;0
5;2025-11-11;2;1;122;4;1;0;0;0;0;0
5;2025-11-11;3;1;123;6;1;0;0;0;0;0
5;2025-11-11;4;1;124;8;1;0;0;0;0;0
5;2025-11-11;5;1;125;10;1;0;0;0;0;0
5;2025-11-11;6;1;126;12;0;0;0;0;0;0
5;2025-11-11;7;1;127;14;0;0;0;0;0;0
5;2025-11-11;8;1;128;16;0;0;0;0;0;0
5;2025-11-11;9;1;129;18;0;0;0;0;0;0
5;2025-11-11;10;1;130;20;0;0;0;0;0;0
5;2025-11-11;11;1;131;22;0;0;0;0;0;0
5;2025-11-11;12;1;132;24;0;0;0;0;0;0
5;2025-11-11;13;1;133;26;0;0;0;0;0;0
5;2025-11-11;14;1;134;28;0;0;0;0;0;0
5;2025-11-11;15;1;135;30;0;0;0;0;0;0
5;2025-11-11;16;1;136;32;0;0;0;0;0;0
5;2025-11-11;17;1;137;34;0;0;0;0;0;0
5;2025-11-11;18;1;138;36;0;0;0;0;0;0
5;2025-11-11;19;1;139;38;0;0;0;0;0;0
5;2025-11-11;20;1;140;40;0;0;0;0;0;0
5;2025-11-11;21;1;141;42;0;0;0;0;0;0
5;2025-11-11;22;1;142;44;0;0;0;0;0;0
5;2025-11-11;23;1;143;46;0;0;0;0;0;0
5;2025-11-12;0;2;120;0;1;0;0;0;0;0
5;2025-11-12;1;2;121;2;1;0;0;0;0;0
5;2025-11-12;2;2;122;4;1;0;0;0;0;0
5;2025-11-12;3;2;123;6;1;0;0;0;0;0
5;2025-11-12;4;2;124;8;1;0;0;0;0;0
5;2025-11-12;5;2;125;10;1;0;0;0;0;0
5;2025-11-12;6;2;126;12;0;0;0;0;0;0
5;2025-11-12;7;2;127;14;0;0;0;0;0;0
5;2025-11-12;8;2;128;16;0;0;0;0;0;0
5;2025-11-12;9;2;129;18;0;0;0;0;0;0
5;2025-11-12;10;2;130;20;0;0;0;0;0;0
5;2025-11-12;11;2;131;22;0;0;0;0;0;0
5;2025-11-12;12;2;132;24;0;0;0;0;0;0
5;2025-11-12;13;2;133;26;0;0;0;0;0;0
5;2025-11-12;14;2;134;28;0;0;0;0;0;0
5;2025-11-12;15;2;135;30;0;0;0;0;0;0
5;2025-11-12;16;2;136;32;0;0;0;0;0;0
5;2025-11-12;17;2;137;34;0;0;0;0;0;0
5;2025-11-12;18;2;138;36;0;0;0;0;0;0
5;2025-11-12;19;2;139;38;0;0;0;0;0;0
5;2025-11-12;20;2;140;40;0;0;0;0;0;0
5;2025-11-12;21;2;141;42;0;0;0;0;0;0
5;2025-11-12;22;2;142;44;0;0;0;0;0;0
5;2025-11-12;23;2;143;46;0;0;0;0;0;0
5;2025-11-13;0;3;120;0;1;0;0;0;0;0
5;2025-11-13;1;3;121;2;1;0;0;0;0;0
5;2025-11-13;2;3;122;4;1;0;0;0;0;0
5;2025-11-13;3;3;123;6;1;0;0;0;0;0
5;2025-11-13;4;3;124;8;1;0;0;0;0;0
5;2025-11-13;5;3;125;10;1;0;0;0;0;0
5;2025-11-13;6;3;126;12;0;0;0;0;0;0
5;2025-11-13;7;3;127;14;0;0;0;0;0;0
5;2025-11-13;8;3;128;16;0;0;0;0;0;0
5;2025-11-13;9;3;129;18;0;0;0;0;0;0
5;2025-11-13;10;3;130;20;0;0;0;0;0;0
5;2025-11-13;11;3;131;22;0;0;0;0;0;0
5;2025-11-13;12;3;132;24;0;0;0;0;0;0
5;2025-11-13;13;3;133;26;0;0;0;0;0;0
5;2025-11-13;14;3;134;28;0;0;0;0;0;0
5;2025-11-13;15;3;135;30;0;0;0;0;0;0
5;2025-11-13;16;3;136;32;0;0;0;0;0;0
5;2025-11-13;17;3;137;34;0;0;0;0;0;0
5;2025-11-13;18;3;138;36;0;0;0;0;0;0
5;2025-11-13;19;3;139;38;0;0;0;0;0;0
5;2025-11-13;20;3;140;40;0;0;0;0;0;0
5;2025-11-13;21;3;141;42;0;0;0;0;0;0
5;2025-11-13;22;3;142;44;0;0;0;0;0;0
5;2025-11-13;23;3;143;46;0;0;0;0;0;0
5;2025-11-14;0;4;120;0;1;0;0;0;0;0
5;2025-11-14;1;4;121;2;1;0;0;0;0;0
5;2025-11-14;2;4;122;4;1;0;0;0;0;0
5;2025-11-14;3;4;123;6;1;0;0;0;0;0
5;2025-11-14;4;4;124;8;1;0;0;0;0;0
5;2025-11-14;5;4;125;10;1;0;0;0;0;0
5;2025-11-14;6;4;126;12;0;0;0;0;0;0
5;2025-11-14;7;4;127;14;0;0;0;0;0;0
5;2025-11-14;8;4;128;16;0;0;0;0;0;0
5;2025-11-14;9;4;129;18;0;0;0;0;0;0
5;2025-11-14;10;4;130;20;0;0;0;0;0;0
5;2025-11-14;11;4;131;22;0;0;0;0;0;0
5;2025-11-14;12;4;132;24;0;0;0;0;0;0
5;2025-11-14;13;4;133;26;0;0;0;0;0;0
5;2025-11-14;14;4;134;28;0;0;0;0;0;0
5;2025-11-14;15;4;135;30;0;0;0;0;0;0
5;2025-11-14;16;4;136;32;0;0;0;0;0;0
5;2025-11-14;17;4;137;34;0;0;0;0;0;0
5;2025-11-14;18;4;138;36;0;0;0;0;0;0
5;2025-11-14;19;4;139;38;0;0;0;0;0;0
5;2025-11-14;20;4;140;40;0;0;0;0;0;0
5;2025-11-14;21;4;141;42;0;0;0;0;0;0
5;2025-11-14;22;4;142;44;0;0;0;0;0;0
5;2025-11-14;23;4;143;46;0;0;0;0;0;0
5;2025-11-15;0;5;120;1;1;1;0;0;0;0
5;2025-11-15;1;5;121;3;1;1;0;0;0;0
5;2025-11-15;2;5;122;5;1;1;0;0;0;0
5;2025-11-15;3;5;123;7;1;1;0;0;0;0
5;2025-11-15;4;5;124;9;1;1;0;0;0;0
5;2025-11-15;5;5;125;11;1;1;0;0;0;0
5;2025-11-15;6;5;126;13;0;1;0;0;0;0
5;2025-11-15;7;5;127;15;0;1;0;0;0;0
5;2025-11-15;8;5;128;17;0;1;0;0;0;0
5;2025-11-15;9;5;129;19;0;1;0;0;0;0
5;2025-11-15;10;5;130;21;0;1;0;0;0;0
5;2025-11-15;11;5;131;23;0;1;0;0;0;0
5;2025-11-15;12;5;132;25;0;1;0;0;0;0
5;2025-11-15;13;5;133;27;0;1;0;0;0;0
5;2025-11-15;14;5;134;29;0;1;0;0;0;0
5;2025-11-15;15;5;135;31;0;1;0;0;0;0
5;2025-11-15;16;5;136;33;0;1;0;0;0;0
5;2025-11-15;17;5;137;35;0;1;0;0;0;0
5;2025-11-15;18;5;138;37;0;1;0;0;0;0
5;2025-11-15;19;5;139;39;0;1;0;0;0;0
5;2025-11-15;20;5;140;41;0;1;0;0;0;0
5;2025-11-15;21;5;141;43;0;1;0;0;0;0
5;2025-11-15;22;5;142;45;0;1;0;0;0;0
5;2025-11-15;23;5;143;47;0;1;0;0;0;0
5;2025-11-16;0;6;120;1;1;1;0;0;0;0
5;2025-11-16;1;6;121;3;1;1;0;0;0;0
5;2025-11-16;2;6;122;5;1;1;0;0;0;0
5;2025-11-16;3;6;123;7;1;1;0;0;0;0
5;2025-11-16;4;6;124;9;1;1;0;0;0;0
5;2025-11-16;5;6;125;11;1;1;0;0;0;0
5;2025-11-16;6;6;126;13;0;1;0;0;0;0
5;2025-11-16;7;6;127;15;0;1;0;0;0;0
5;2025-11-16;8;6;128;17;0;1;0;0;0;0
5;2025-11-16;9;6;129;19;0;1;0;0;0;0
5;2025-11-16;10;6;130;21;0;1;0;0;0;0
5;2025-11-16;11;6;131;23;0;1;0;0;0;0
5;2025-11-16;12;6;132;25;0;1;0;0;0;0
5;2025-11-16;13;6;133;27;0;1;0;0;0;0
5;2025-11-16;14;6;134;29;0;1;0;0;0;0
5;2025-11-16;15;6;135;31;0;1;0;0;0;0
5;2025-11-16;16;6;136;33;0;1;0;0;0;0
5;2025-11-16;17;6;137;35;0;1;0;0;0;0
5;2025-11-16;18;6;138;37;0;1;0;0;0;0
5;2025-11-16;19;6;139;39;0;1;0;0;0;0
5;2025-11-16;20;6;140;41;0;1;0;0;0;0
5;2025-11-16;21;6;141;43;0;1;0;0;0;0
5;2025-11-16;22;6;142;45;0;1;0;0;0;0
5;2025-11-16;23;6;143;47;0;1;0;0;0;0
5;2025-11-17;0;0;120;0;1;0;0;0;0;0
5;2025-11-17;1;0;121;2;1;0;0;0;0;0
5;2025-11-17;2;0;122;4;1;0;0;0;0;0
5;2025-11-17;3;0;123;6;1;0;0;0;0;0
5;2025-11-17;4;0;124;8;1;0;0;0;0;0
5;2025-11-17;5;0;125;10;1;0;0;0;0;0
5;2025-11-17;6;0;126;12;0;0;0;0;0;0
5;2025-11-17;7;0;127;14;0;0;0;0;0;0
5;2025-11-17;8;0;128;16;0;0;0;0;0;0
5;2025-11-17;9;0;129;18;0;0;0;0;0;0
5;2025-11-17;10;0;130;20;0;0;0;0;0;0
5;2025-11-17;11;0;131;22;0;0;0;0;0;0
5;2025-11-17;12;0;132;24;0;0;0;0;0;0
5;2025-11-17;13;0;133;26;0;0;0;0;0;0
5;2025-11-17;14;0;134;28;0;0;0;0;0;0
5;2025-11-17;15;0;135;30;0;0;0;0;0;0
5;2025-11-17;16;0;136;32;0;0;0;0;0;0
5;2025-11-17;17;0;137;34;0;0;0;0;0;0
5;2025-11-17;18;0;138;36;0;0;0;0;0;0
5;2025-11-17;19;0;139;38;0;0;0;0;0;0
5;2025-11-17;20;0;140;40;0;0;0;0;0;0
5;2025-11-17;21;0;141;42;0;0;0;0;0;0
5;2025-11-17;22;0;142;44;0;0;0;0;0;0
5;2025-11-17;23;0;143;46;0;0;0;0;0;0
5;2025-11-18;0;1;120;0;1;0;0;0;0;0
5;2025-11-18;1;1;121;2;1;0;0;0;0;0
5;2025-11-18;2;1;122;4;1;0;0;0;0;0
5;2025-11-18;3;1;123;6;1;0;0;0;0;0
5;2025-11-18;4;1;124;8;1;0;0;0;0;0
5;2025-11-18;5;1;125;10;1;0;0;0;0;0
5;2025-11-18;6;1;126;12;0;0;0;0;0;0
5;2025-11-18;7;1;127;14;0;0;0;0;0;0
5;2025-11-18;8;1;128;16;0;0;0;0;0;0
5;2025-11-18;9;1;129;18;0;0;0;0;0;0
5;2025-11-18;10;1;130;20;0;0;0;0;0;0
5;2025-11-18;11;1;131;22;0;0;0;0;0;0
5;2025-11-18;12;1;132;24;0;0;0;0;0;0
5;2025-11-18;13;1;133;26;0;0;0;0;0;0
5;2025-11-18;14;1;134;28;0;0;0;0;0;0
5;2025-11-18;15;1;135;30;0;0;0;0;0;0
5;2025-11-18;16;1;136;32;0;0;0;0;0;0
5;2025-11-18;17;1;137;34;0;0;0;0;0;0
5;2025-11-18;18;1;138;36;0;0;0;0;0;0
5;2025-11-18;19;1;139;38;0;0;0;0;0;0
5;2025-11-18;20;1;140;40;0;0;0;0;0;0
5;2025-11-18;21;1;141;42;0;0;0;0;0;0
5;2025-11-18;22;1;142;44;0;0;0;0;0;0
5;2025-11-18;23;1;143;46;0;0;0;0;0;0
5;2025-11-19;0;2;120;0;1;0;0;0;0;0
5;2025-11-19;1;2;121;2;1;0;0;0;0;0
5;2025-11-19;2;2;122;4;1;0;0;0;0;0
5;2025-11-19;3;2;123;6;1;0;0;0;0;0
5;2025-11-19;4;2;124;8;1;0;0;0;0;0
5;2025-11-19;5;2;125;10;1;0;0;0;0;0
5;2025-11-19;6;2;126;12;0;0;0;0;0;0
5;2025-11-19;7;2;127;14;0;0;0;0;0;0
5;2025-11-19;8;2;128;16;0;0;0;0;0;0
5;2025-11-19;9;2;129;18;0;0;0;0;0;0
5;2025-11-19;10;2;130;20;0;0;0;0;0;0
5;2025-11-19;11;2;131;22;0;0;0;0;0;0
5;2025-11-19;12;2;132;24;0;0;0;0;0;0
5;2025-11-19;13;2;133;26;0;0;0;0;0;0
5;2025-11-19;14;2;134;28;0;0;0;0;0;0
5;2025-11-19;15;2;135;30;0;0;0;0;0;0
5;2025-11-19;16;2;136;32;0;0;0;0;0;0
5;2025-11-19;17;2;137;34;0;0;0;0;0;0
5;2025-11-19;18;2;138;36;0;0;0;0;0;0
5;2025-11-19;19;2;139;38;0;0;0;0;0;0
5;2025-11-19;20;2;140;40;0;0;0;0;0;0
5;2025-11-19;21;2;141;42;0;0;0;0;0;0
5;2025-11-19;22;2;142;44;0;0;0;0;0;0
5;2025-11-19;23;2;143;46;0;0;0;0;0;0
5;2025-11-20;0;3;120;0;1;0;0;0;0;0
5;2025-11-20;1;3;121;2;1;0;0;0;0;0
5;2025-11-20;2;3;122;4;1;0;0;0;0;0
5;2025-11-20;3;3;123;6;1;0;0;0;0;0
5;2025-11-20;4;3;124;8;1;0;0;0;0;0
5;2025-11-20;5;3;125;10;1;0;0;0;0;0
5;2025-11-20;6;3;126;12;0;0;0;0;0;0
5;2025-11-20;7;3;127;14;0;0;0;0;0;0
5;2025-11-20;8;3;128;16;0;0;0;0;0;0
5;2025-11-20;9;3;129;18;0;0;0;0;0;0
5;2025-11-20;10;3;130;20;0;0;0;0;0;0
5;2025-11-20;11;3;131;22;0;0;0;0;0;0
5;2025-11-20;12;3;132;24;0;0;0;0;0;0
5;2025-11-20;13;3;133;26;0;0;0;0;0;0
5;2025-11-20;14;3;134;28;0;0;0;0;0;0
5;2025-11-20;15;3;135;30;0;0;0;0;0;0
5;2025-11-20;16;3;136;32;0;0;0;0;0;0
5;2025-11-20;17;3;137;34;0;0;0;0;0;0
5;2025-11-20;18;3;138;36;0;0;0;0;0;0
5;2025-11-20;19;3;139;38;0;0;0;0;0;0
5;2025-11-20;20;3;140;40;0;0;0;0;0;0
5;2025-11-20;21;3;141;42;0;0;0;0;0;0
5;2025-11-20;22;3;142;44;0;0;0;0;0;0
5;2025-11-20;23;3;143;46;0;0;0;0;0;0
5;2025-11-21;0;4;120;0;1;0;0;0;0;0
5;2025-11-21;1;4;121;2;1;0;0;0;0;0
5;2025-11-21;2;4;122;4;1;0;0;0;0;0
5;2025-11-21;3;4;123;6;1;0;0;0;0;0
5;2025-11-21;4;4;124;8;1;0;0;0;0;0
5;2025-11-21;5;4;125;10;1;0;0;0;0;0
5;2025-11-21;6;4;126;12;0;0;0;0;0;0
5;2025-11-21;7;4;127;14;0;0;0;0;0;0
5;2025-11-21;8;4;128;16;0;0;0;0;0;0
5;2025-11-21;9;4;129;18;0;0;0;0;0;0
5;2025-11-21;10;4;130;20;0;0;0;0;0;0
5;2025-11-21;11;4;131;22;0;0;0;0;0;0
5;2025-11-21;12;4;132;24;0;0;0;0;0;0
5;2025-11-21;13;4;133;26;0;0;0;0;0;0
5;2025-11-21;14;4;134;28;0;0;0;0;0;0
5;2025-11-21;15;4;135;30;0;0;0;0;0;0
5;2025-11-21;16;4;136;32;0;0;0;0;0;0
5;2025-11-21;17;4;137;34;0;0;0;0;0;0
5;2025-11-21;18;4;138;36;0;0;0;0;0;0
5;2025-11-21;19;4;139;38;0;0;0;0;0;0
5;2025-11-21;20;4;140;40;0;0;0;0;0;0
5;2025-11-21;21;4;141;42;0;0;0;0;0;0
5;2025-11-21;22;4;142;44;0;0;0;0;0;0
5;2025-11-21;23;4;143;46;0;0;0;0;0;0
5;2025-11-22;0;5;120;1;1;1;0;0;0;0
5;2025-11-22;1;5;121;3;1;1;0;0;0;0
5;2025-11-22;2;5;122;5;1;1;0;0;0;0
5;2025-11-22;3;5;123;7;1;1;0;0;0;0
5;2025-11-22;4;5;124;9;1;1;0;0;0;0
5;2025-11-22;5;5;125;11;1;1;0;0;0;0
5;2025-11-22;6;5;126;13;0;1;0;0;0;0
5;2025-11-22;7;5;127;15;0;1;0;0;0;0
5;2025-11-22;8;5;128;17;0;1;0;0;0;0
5;2025-11-22;9;5;129;19;0;1;0;0;0;0
5;2025-11-22;10;5;130;21;0;1;0;0;0;0
5;2025-11-22;11;5;131;23;0;1;0;0;0;0
5;2025-11-22;12;5;132;25;0;1;0;0;0;0
5;2025-11-22;13;5;133;27;0;1;0;0;0;0
5;2025-11-22;14;5;134;29;0;1;0;0;0;0
5;2025-11-22;15;5;135;31;0;1;0;0;0;0
5;2025-11-22;16;5;136;33;0;1;0;0;0;0
5;2025-11-22;17;5;137;35;0;1;0;0;0;0
5;2025-11-22;18;5;138;37;0;1;0;0;0;0
5;2025-11-22;19;5;139;39;0;1;0;0;0;0
5;2025-11-22;20;5;140;41;0;1;0;0;0;0
5;2025-11-22;21;5;141;43;0;1;0;0;0;0
5;2025-11-22;22;5;142;45;0;1;0;0;0;0
5;2025-11-22;23;5;143;47;0;1;0;0;0;0
5;2025-11-23;0;6;120;1;1;1;0;0;0;0
5;2025-11-23;1;6;121;3;1;1;0;0;0;0
5;2025-11-23;2;6;122;5;1;1;0;0;0;0
5;2025-11-23;3;6;123;7;1;1;0;0;0;0
5;2025-11-23;4;6;124;9;1;1;0;0;0;0
5;2025-11-23;5;6;125;11;1;1;0;0;0;0
5;2025-11-23;6;6;126;13;0;1;0;0;0;0
5;2025-11-23;7;6;127;15;0;1;0;0;0;0
5;2025-11-23;8;6;128;17;0;1;0;0;0;0
5;2025-11-23;9;6;129;19;0;1;0;0;0;0
5;2025-11-23;10;6;130;21;0;1;0;0;0;0
5;2025-11-23;11;6;131;23;0;1;0;0;0;0
5;2025-11-23;12;6;132;25;0;1;0;0;0;0
5;2025-11-23;13;6;133;27;0;1;0;0;0;0
5;2025-11-23;14;6;134;29;0;1;0;0;0;0
5;2025-11-23;15;6;135;31;0;1;0;0;0;0
5;2025-11-23;16;6;136;33;0;1;0;0;0;0
5;2025-11-23;17;6;137;35;0;1;0;0;0;0
5;2025-11-23;18;6;138;37;0;1;0;0;0;0
5;2025-11-23;19;6;139;39;0;1;0;0;0;0
5;2025-11-23;20;6;140;41;0;1;0;0;0;0
5;2025-11-23;21;6;141;43;0;1;0;0;0;0
5;2025-11-23;22;6;142;45;0;1;0;0;0;0
5;2025-11-23;23;6;143;47;0;1;0;0;0;0
5;2025-11-24;0;0;120;0;1;0;0;0;0;0
5;2025-11-24;1;0;121;2;1;0;0;0;0;0
5;2025-11-24;2;0;122;4;1;0;0;0;0;0
5;2025-11-24;3;0;123;6;1;0;0;0;0;0
5;2025-11-24;4;0;124;8;1;0;0;0;0;0
5;2025-11-24;5;0;125;10;1;0;0;0;0;0
5;2025-11-24;6;0;126;12;0;0;0;0;0;0
5;2025-11-24;7;0;127;14;0;0;0;0;0;0
5;2025-11-24;8;0;128;16;0;0;0;0;0;0
5;2025-11-24;9;0;129;18;0;0;0;0;0;0
5;2025-11-24;10;0;130;20;0;0;0;0;0;0
5;2025-11-24;11;0;131;22;0;0;0;0;0;0
5;2025-11-24;12;0;132;24;0;0;0;0;0;0
5;2025-11-24;13;0;133;26;0;0;0;0;0;0
5;2025-11-24;14;0;134;28;0;0;0;0;0;0
5;2025-11-24;15;0;135;30;0;0;0;0;0;0
5;2025-11-24;16;0;136;32;0;0;0;0;0;0
5;2025-11-24;17;0;137;34;0;0;0;0;0;0
5;2025-11-24;18;0;138;36;0;0;0;0;0;0
5;2025-11-24;19;0;139;38;0;0;0;0;0;0
5;2025-11-24;20;0;140;40;0;0;0;0;0;0
5;2025-11-24;21;0;141;42;0;0;0;0;0;0
5;2025-11-24;22;0;142;44;0;0;0;0;0;0
5;2025-11-24;23;0;143;46;0;0;0;0;0;0
5;2025-11-25;0;1;120;0;1;0;0;0;0;0
5;2025-11-25;1;1;121;2;1;0;0;0;0;0
5;2025-11-25;2;1;122;4;1;0;0;0;0;0
5;2025-11-25;3;1;123;6;1;0;0;0;0;0
5;2025-11-25;4;1;124;8;1;0;0;0;0;0
5;2025-11-25;5;1;125;10;1;0;0;0;0;0
5;2025-11-25;6;1;126;12;0;0;0;0;0;0
5;2025-11-25;7;1;127;14;0;0;0;0;0;0
5;2025-11-25;8;1;128;16;0;0;0;0;0;0
5;2025-11-25;9;1;129;18;0;0;0;0;0;0
5;2025-11-25;10;1;130;20;0;0;0;0;0;0
5;2025-11-25;11;1;131;22;0;0;0;0;0;0
5;2025-11-25;12;1;132;24;0;0;0;0;0;0
5;2025-11-25;13;1;133;26;0;0;0;0;0;0
5;2025-11-25;14;1;134;28;0;0;0;0;0;0
5;2025-11-25;15;1;135;30;0;0;0;0;0;0
5;2025-11-25;16;1;136;32;0;0;0;0;0;0
5;2025-11-25;17;1;137;34;0;0;0;0;0;0
5;2025-11-25;18;1;138;36;0;0;0;0;0;0
5;2025-11-25;19;1;139;38;0;0;0;0;0;0
5;2025-11-25;20;1;140;40;0;0;0;0;0;0
5;2025-11-25;21;1;141;42;0;0;0;0;0;0
5;2025-11-25;22;1;142;44;0;0;0;0;0;0
5;2025-11-25;23;1;143;46;0;0;0;0;0;0
5;2025-11-26;0;2;120;0;1;0;0;0;0;0
5;2025-11-26;1;2;121;2;1;0;0;0;0;0
5;2025-11-26;2;2;122;4;1;0;0;0;0;0
5;2025-11-26;3;2;123;6;1;0;0;0;0;0
5;2025-11-26;4;2;124;8;1;0;0;0;0;0
5;2025-11-26;5;2;125;10;1;0;0;0;0;0
5;2025-11-26;6;2;126;12;0;0;0;0;0;0
5;2025-11-26;7;2;127;14;0;0;0;0;0;0
5;2025-11-26;8;2;128;16;0;0;0;0;0;0
5;2025-11-26;9;2;129;18;0;0;0;0;0;0
5;2025-11-26;10;2;130;20;0;0;0;0;0;0
5;2025-11-26;11;2;131;22;0;0;0;0;0;0
5;2025-11-26;12;2;132;24;0;0;0;0;0;0
5;2025-11-26;13;2;133;26;0;0;0;0;0;0
5;2025-11-26;14;2;134;28;0;0;0;0;0;0
5;2025-11-26;15;2;135;30;0;0;0;0;0;0
5;2025-11-26;16;2;136;32;0;0;0;0;0;0
5;2025-11-26;17;2;137;34;0;0;0;0;0;0
5;2025-11-26;18;2;138;36;0;0;0;0;0;0
5;2025-11-26;19;2;139;38;0;0;0;0;0;0
5;2025-11-26;20;2;140;40;0;0;0;0;0;0
5;2025-11-26;21;2;141;42;0;0;0;0;0;0
5;2025-11-26;22;2;142;44;0;0;0;0;0;0
5;2025-11-26;23;2;143;46;0;0;0;0;0;0
5;2025-11-27;0;3;120;0;1;0;0;0;0;0
5;2025-11-27;1;3;121;2;1;0;0;0;0;0
5;2025-11-27;2;3;122;4;1;0;0;0;0;0
5;2025-11-27;3;3;123;6;1;0;0;0;0;0
5;2025-11-27;4;3;124;8;1;0;0;0;0;0
5;2025-11-27;5;3;125;10;1;0;0;0;0;0
5;2025-11-27;6;3;126;12;0;0;0;0;0;0
5;2025-11-27;7;3;127;14;0;0;0;0;0;0
5;2025-11-27;8;3;128;16;0;0;0;0;0;0
5;2025-11-27;9;3;129;18;0;0;0;0;0;0
5;2025-11-27;10;3;130;20;0;0;0;0;0;0
5;2025-11-27;11;3;131;22;0;0;0;0;0;0
5;2025-11-27;12;3;132;24;0;0;0;0;0;0
5;2025-11-27;13;3;133;26;0;0;0;0;0;0
5;2025-11-27;14;3;134;28;0;0;0;0;0;0
5;2025-11-27;15;3;135;30;0;0;0;0;0;0
5;2025-11-27;16;3;136;32;0;0;0;0;0;0
5;2025-11-27;17;3;137;34;0;0;0;0;0;0
5;2025-11-27;18;3;138;36;0;0;0;0;0;0
5;2025-11-27;19;3;139;38;0;0;0;0;0;0
5;2025-11-27;20;3;140;40;0;0;0;0;0;0
5;2025-11-27;21;3;141;42;0;0;0;0;0;0
5;2025-11-27;22;3;142;44;0;0;0;0;0;0
5;2025-11-27;23;3;143;46;0;0;0;0;0;0
5;2025-11-28;0;4;120;0;1;0;0;0;0;0
5;2025-11-28;1;4;121;2;1;0;0;0;0;0
5;2025-11-28;2;4;122;4;1;0;0;0;0;0
5;2025-11-28;3;4;123;6;1;0;0;0;0;0
5;2025-11-28;4;4;124;8;1;0;0;0;0;0
5;2025-11-28;5;4;125;10;1;0;0;0;0;0
5;2025-11-28;6;4;126;12;0;0;0;0;0;0
5;2025-11-28;7;4;127;14;0;0;0;0;0;0
5;2025-11-28;8;4;128;16;0;0;0;0;0;0
5;2025-11-28;9;4;129;18;0;0;0;0;0;0
5;2025-11-28;10;4;130;20;0;0;0;0;0;0
5;2025-11-28;11;4;131;22;0;0;0;0;0;0
5;2025-11-28;12;4;132;24;0;0;0;0;0;0
5;2025-11-28;13;4;133;26;0;0;0;0;0;0
5;2025-11-28;14;4;134;28;0;0;0;0;0;0
5;2025-11-28;15;4;135;30;0;0;0;0;0;0
5;2025-11-28;16;4;136;32;0;0;0;0;0;0
5;2025-11-28;17;4;137;34;0;0;0;0;0;0
5;2025-11-28;18;4;138;36;0;0;0;0;0;0
5;2025-11-28;19;4;139;38;0;0;0;0;0;0
5;2025-11-28;20;4;140;40;0;0;0;0;0;0
5;2025-11-28;21;4;141;42;0;0;0;0;0;0
5;2025-11-28;22;4;142;44;0;0;0;0;0;0
5;2025-11-28;23;4;143;46;0;0;0;0;0;0
5;2025-11-29;0;5;120;1;1;1;0;0;0;0
5;2025-11-29;1;5;121;3;1;1;0;0;0;0
5;2025-11-29;2;5;122;5;1;1;0;0;0;0
5;2025-11-29;3;5;123;7;1;1;0;0;0;0
5;2025-11-29;4;5;124;9;1;1;0;0;0;0
5;2025-11-29;5;5;125;11;1;1;0;0;0;0
5;2025-11-29;6;5;126;13;0;1;0;0;0;0
5;2025-11-29;7;5;127;15;0;1;0;0;0;0
5;2025-11-29;8;5;128;17;0;1;0;0;0;0
5;2025-11-29;9;5;129;19;0;1;0;0;0;0
5;2025-11-29;10;5;130;21;0;1;0;0;0;0
5;2025-11-29;11;5;131;23;0;1;0;0;0;0
5;2025-11-29;12;5;132;25;0;1;0;0;0;0
5;2025-11-29;13;5;133;27;0;1;0;0;0;0
5;2025-11-29;14;5;134;29;0;1;0;0;0;0
5;2025-11-29;15;5;135;31;0;1;0;0;0;0
5;2025-11-29;16;5;136;33;0;1;0;0;0;0
5;2025-11-29;17;5;137;35;0;1;0;0;0;0
5;2025-11-29;18;5;138;37;0;1;0;0;0;0
5;2025-11-29;19;5;139;39;0;1;0;0;0;0
5;2025-11-29;20;5;140;41;0;1;0;0;0;0
5;2025-11-29;21;5;141;43;0;1;0;0;0;0
5;2025-11-29;22;5;142;45;0;1;0;0;0;0
5;2025-11-29;23;5;143;47;0;1;0;0;0;0
5;2025-11-30;0;6;120;1;1;1;0;0;0;0
5;2025-11-30;1;6;121;3;1;1;0;0;0;0
5;2025-11-30;2;6;122;5;1;1;0;0;0;0
5;2025-11-30;3;6;123;7;1;1;0;0;0;0
5;2025-11-30;4;6;124;9;1;1;0;0;0;0
5;2025-11-30;5;6;125;11;1;1;0;0;0;0
5;2025-11-30;6;6;126;13;0;1;0;0;0;0
5;2025-11-30;7;6;127;15;0;1;0;0;0;0
5;2025-11-30;8;6;128;17;0;1;0;0;0;0
5;2025-11-30;9;6;129;19;0;1;0;0;0;0
5;2025-11-30;10;6;130;21;0;1;0;0;0;0
5;2025-11-30;11;6;131;23;0;1;0;0;0;0
5;2025-11-30;12;6;132;25;0;1;0;0;0;0
5;2025-11-30;13;6;133;27;0;1;0;0;0;0
5;2025-11-30;14;6;134;29;0;1;0;0;0;0
5;2025-11-30;15;6;135;31;0;1;0;0;0;0
5;2025-11-30;16;6;136;33;0;1;0;0;0;0
5;2025-11-30;17;6;137;35;0;1;0;0;0;0
5;2025-11-30;18;6;138;37;0;1;0;0;0;0
5;2025-11-30;19;6;139;39;0;1;0;0;0;0
5;2025-11-30;20;6;140;41;0;1;0;0;0;0
5;2025-11-30;21;6;141;43;0;1;0;0;0;0
5;2025-11-30;22;6;142;45;0;1;0;0;0;0
5;2025-11-30;23;6;143;47;0;1;0;0;0;0
5;2025-12-01;0;0;120;0;1;0;0;0;0;0
5;2025-12-01;1;0;121;2;1;0;0;0;0;0
5;2025-12-01;2;0;122;4;1;0;0;0;0;0
5;2025-12-01;3;0;123;6;1;0;0;0;0;0
5;2025-12-01;4;0;124;8;1;0;0;0;0;0
5;2025-12-01;5;0;125;10;1;0;0;0;0;0
5;2025-12-01;6;0;126;12;0;0;0;0;0;0
5;2025-12-01;7;0;127;14;0;0;0;0;0;0
5;2025-12-01;8;0;128;16;0;0;0;0;0;0
5;2025-12-01;9;0;129;18;0;0;0;0;0;0
5;2025-12-01;10;0;130;20;0;0;0;0;0;0
5;2025-12-01;11;0;131;22;0;0;0;0;0;0
5;2025-12-01;12;0;132;24;0;0;0;0;0;0
5;2025-12-01;13;0;133;26;0;0;0;0;0;0
5;2025-12-01;14;0;134;28;0;0;0;0;0;0
5;2025-12-01;15;0;135;30;0;0;0;0;0;0
5;2025-12-01;16;0;136;32;0;0;0;0;0;0
5;2025-12-01;17;0;137;34;0;0;0;0;0;0
5;2025-12-01;18;0;138;36;0;0;0;0;0;0
5;2025-12-01;19;0;139;38;0;0;0;0;0;0
5;2025-12-01;20;0;140;40;0;0;0;0;0;0
5;2025-12-01;21;0;141;42;0;0;0;0;0;0
5;2025-12-01;22;0;142;44;0;0;0;0;0;0
5;2025-12-01;23;0;143;46;0;0;0;0;0;0
5;2025-12-02;0;1;120;0;1;0;0;0;0;0
5;2025-12-02;1;1;121;2;1;0;0;0;0;0
5;2025-12-02;2;1;122;4;1;0;0;0;0;0
5;2025-12-02;3;1;123;6;1;0;0;0;0;0
5;2025-12-02;4;1;124;8;1;0;0;0;0;0
5;2025-12-02;5;1;125;10;1;0;0;0;0;0
5;2025-12-02;6;1;126;12;0;0;0;0;0;0
5;2025-12-02;7;1;127;14;0;0;0;0;0;0
5;2025-12-02;8;1;128;16;0;0;0;0;0;0
5;2025-12-02;9;1;129;18;0;0;0;0;0;0
5;2025-12-02;10;1;130;20;0;0;0;0;0;0
5;2025-12-02;11;1;131;22;0;0;0;0;0;0
5;2025-12-02;12;1;132;24;0;0;0;0;0;0
5;2025-12-02;13;1;133;26;0;0;0;0;0;0
5;2025-12-02;14;1;134;28;0;0;0;0;0;0
5;2025-12-02;15;1;135;30;0;0;0;0;0;0
5;2025-12-02;16;1;136;32;0;0;0;0;0;0
5;2025-12-02;17;1;137;34;0;0;0;0;0;0
5;2025-12-02;18;1;138;36;0;0;0;0;0;0
5;2025-12-02;19;1;139;38;0;0;0;0;0;0
5;2025-12-02;20;1;140;40;0;0;0;0;0;0
5;2025-12-02;21;1;141;42;0;0;0;0;0;0
5;2025-12-02;22;1;142;44;0;0;0;0;0;0
5;2025-12-02;23;1;143;46;0;0;0;0;0;0
5;2025-12-03;0;2;120;0;1;0;0;0;0;0
5;2025-12-03;1;2;121;2;1;0;0;0;0;0
5;2025-12-03;2;2;122;4;1;0;0;0;0;0
5;2025-12-03;3;2;123;6;1;0;0;0;0;0
5;2025-12-03;4;2;124;8;1;0;0;0;0;0
5;2025-12-03;5;2;125;10;1;0;0;0;0;0
5;2025-12-03;6;2;126;12;0;0;0;0;0;0
5;2025-12-03;7;2;127;14;0;0;0;0;0;0
5;2025-12-03;8;2;128;16;0;0;0;0;0;0
5;2025-12-03;9;2;129;18;0;0;0;0;0;0
5;2025-12-03;10;2;130;20;0;0;0;0;0;0
5;2025-12-03;11;2;131;22;0;0;0;0;0;0
5;2025-12-03;12;2;132;24;0;0;0;0;0;0
5;2025-12-03;13;2;133;26;0;0;0;0;0;0
5;2025-12-03;14;2;134;28;0;0;0;0;0;0
5;2025-12-03;15;2;135;30;0;0;0;0;0;0
5;2025-12-03;16;2;136;32;0;0;0;0;0;0
5;2025-12-03;17;2;137;34;0;0;0;0;0;0
5;2025-12-03;18;2;138;36;0;0;0;0;0;0
5;2025-12-03;19;2;139;38;0;0;0;0;0;0
5;2025-12-03;20;2;140;40;0;0;0;0;0;0
5;2025-12-03;21;2;141;42;0;0;0;0;0;0
5;2025-12-03;22;2;142;44;0;0;0;0;0;0
5;2025-12-03;23;2;143;46;0;0;0;0;0;0
5;2025-12-04;0;3;120;0;1;0;0;0;0;0
5;2025-12-04;1;3;121;2;1;0;0;0;0;0
5;2025-12-04;2;3;122;4;1;0;0;0;0;0
5;2025-12-04;3;3;123;6;1;0;0;0;0;0
5;2025-12-04;4;3;124;8;1;0;0;0;0;0
5;2025-12-04;5;3;125;10;1;0;0;0;0;0
5;2025-12-04;6;3;126;12;0;0;0;0;0;0
5;2025-12-04;7;3;127;14;0;0;0;0;0;0
5;2025-12-04;8;3;128;16;0;0;0;0;0;0
5;2025-12-04;9;3;129;18;0;0;0;0;0;0
5;2025-12-04;10;3;130;20;0;0;0;0;0;0
5;2025-12-04;11;3;131;22;0;0;0;0;0;0
5;2025-12-04;12;3;132;24;0;0;0;0;0;0
5;2025-12-04;13;3;133;26;0;0;0;0;0;0
5;2025-12-04;14;3;134;28;0;0;0;0;0;0
5;2025-12-04;15;3;135;30;0;0;0;0;0;0
5;2025-12-04;16;3;136;32;0;0;0;0;0;0
5;2025-12-04;17;3;137;34;0;0;0;0;0;0
5;2025-12-04;18;3;138;36;0;0;0;0;0;0
5;2025-12-04;19;3;139;38;0;0;0;0;0;0
5;2025-12-04;20;3;140;40;0;0;0;0;0;0
5;2025-12-04;21;3;141;42;0;0;0;0;0;0
5;2025-12-04;22;3;142;44;0;0;0;0;0;0
5;2025-12-04;23;3;143;46;0;0;0;0;0;0
5;2025-12-05;0;4;120;0;1;0;0;0;0;0
5;2025-12-05;1;4;121;2;1;0;0;0;0;0
5;2025-12-05;2;4;122;4;1;0;0;0;0;0
5;2025-12-05;3;4;123;6;1;0;0;0;0;0
5;2025-12-05;4;4;124;8;1;0;0;0;0;0
5;2025-12-05;5;4;125;10;1;0;0;0;0;0
5;2025-12-05;6;4;126;12;0;0;0;0;0;0
5;2025-12-05;7;4;127;14;0;0;0;0;0;0
5;2025-12-05;8;4;128;16;0;0;0;0;0;0
5;2025-12-05;9;4;129;18;0;0;0;0;0;0
5;2025-12-05;10;4;130;20;0;0;0;0;0;0
5;2025-12-05;11;4;131;22;0;0;0;0;0;0
5;2025-12-05;12;4;132;24;0;0;0;0;0;0
5;2025-12-05;13;4;133;26;0;0;0;0;0;0
5;2025-12-05;14;4;134;28;0;0;0;0;0;0
5;2025-12-05;15;4;135;30;0;0;0;0;0;0
5;2025-12-05;16;4;136;32;0;0;0;0;0;0
5;2025-12-05;17;4;137;34;0;0;0;0;0;0
5;2025-12-05;18;4;138;36;0;0;0;0;0;0
5;2025-12-05;19;4;139;38;0;0;0;0;0;0
5;2025-12-05;20;4;140;40;0;0;0;0;0;0
5;2025-12-05;21;4;141;42;0;0;0;0;0;0
5;2025-12-05;22;4;142;44;0;0;0;0;0;0
5;2025-12-05;23;4;143;46;0;0;0;0;0;0
5;2025-12-06;0;5;120;1;1;1;0;0;0;0
5;2025-12-06;1;5;121;3;1;1;0;0;0;0
5;2025-12-06;2;5;122;5;1;1;0;0;0;0
5;2025-12-06;3;5;123;7;1;1;0;0;0;0
5;2025-12-06;4;5;124;9;1;1;0;0;0;0
5;2025-12-06;5;5;125;11;1;1;0;0;0;0
5;2025-12-06;6;5;126;13;0;1;0;0;0;0
5;2025-12-06;7;5;127;15;0;1;0;0;0;0
5;2025-12-06;8;5;128;17;0;1;0;0;0;0
5;2025-12-06;9;5;129;19;0;1;0;0;0;0
5;2025-12-06;10;5;130;21;0;1;0;0;0;0
5;2025-12-06;11;5;131;23;0;1;0;0;0;0
5;2025-12-06;12;5;132;25;0;1;0;0;0;0
5;2025-12-06;13;5;133;27;0;1;0;0;0;0
5;2025-12-06;14;5;134;29;0;1;0;0;0;0
5;2025-12-06;15;5;135;31;0;1;0;0;0;0
5;2025-12-06;16;5;136;33;0;1;0;0;0;0
5;2025-12-06;17;5;137;35;0;1;0;0;0;0
5;2025-12-06;18;5;138;37;0;1;0;0;0;0
5;2025-12-06;19;5;139;39;0;1;0;0;0;0
5;2025-12-06;20;5;140;41;0;1;0;0;0;0
5;2025-12-06;21;5;141;43;0;1;0;0;0;0
5;2025-12-06;22;5;142;45;0;1;0;0;0;0
5;2025-12-06;23;5;143;47;0;1;0;0;0;0
5;2025-12-07;0;6;120;1;1;1;0;0;0;0
5;2025-12-07;1;6;121;3;1;1;0;0;0;0
5;2025-12-07;2;6;122;5;1;1;0;0;0;0
5;2025-12-07;3;6;123;7;1;1;0;0;0;0
5;2025-12-07;4;6;124;9;1;1;0;0;0;0
5;2025-12-07;5;6;125;11;1;1;0;0;0;0
5;2025-12-07;6;6;126;13;0;1;0;0;0;0
5;2025-12-07;7;6;127;15;0;1;0;0;0;0
5;2025-12-07;8;6;128;17;0;1;0;0;0;0
5;2025-12-07;9;6;129;19;0;1;0;0;0;0
5;2025-12-07;10;6;130;21;0;1;0;0;0;0
5;2025-12-07;11;6;131;23;0;1;0;0;0;0
5;2025-12-07;12;6;132;25;0;1;0;0;0;0
5;2025-12-07;13;6;133;27;0;1;0;0;0;0
5;2025-12-07;14;6;134;29;0;1;0;0;0;0
5;2025-12-07;15;6;135;31;0;1;0;0;0;0
5;2025-12-07;16;6;136;33;0;1;0;0;0;0
5;2025-12-07;17;6;137;35;0;1;0;0;0;0
5;2025-12-07;18;6;138;37;0;1;0;0;0;0
5;2025-12-07;19;6;139;39;0;1;0;0;0;0
5;2025-12-07;20;6;140;41;0;1;0;0;0;0
5;2025-12-07;21;6;141;43;0;1;0;0;0;0
5;2025-12-07;22;6;142;45;0;1;0;0;0;0
5;2025-12-07;23;6;143;47;0;1;0;0;0;0
5;2025-12-08;0;0;120;0;1;0;0;0;0;0
5;2025-12-08;1;0;121;2;1;0;0;0;0;0
5;2025-12-08;2;0;122;4;1;0;0;0;0;0
5;2025-12-08;3;0;123;6;1;0;0;0;0;0
5;2025-12-08;4;0;124;8;1;0;0;0;0;0
5;2025-12-08;5;0;125;10;1;0;0;0;0;0
5;2025-12-08;6;0;126;12;0;0;0;0;0;0
5;2025-12-08;7;0;127;14;0;0;0;0;0;0
5;2025-12-08;8;0;128;16;0;0;0;0;0;0
5;2025-12-08;9;0;129;18;0;0;0;0;0;0
5;2025-12-08;10;0;130;20;0;0;0;0;0;0
5;2025-12-08;11;0;131;22;0;0;0;0;0;0
5;2025-12-08;12;0;132;24;0;0;0;0;0;0
5;2025-12-08;13;0;133;26;0;0;0;0;0;0
5;2025-12-08;14;0;134;28;0;0;0;0;0;0
5;2025-12-08;15;0;135;30;0;0;0;0;0;0
5;2025-12-08;16;0;136;32;0;0;0;0;0;0
5;2025-12-08;17;0;137;34;0;0;0;0;0;0
5;2025-12-08;18;0;138;36;0;0;0;0;0;0
5;2025-12-08;19;0;139;38;0;0;0;0;0;0
5;2025-12-08;20;0;140;40;0;0;0;0;0;0
5;2025-12-08;21;0;141;42;0;0;0;0;0;0
5;2025-12-08;22;0;142;44;0;0;0;0;0;0
5;2025-12-08;23;0;143;46;0;0;0;0;0;0
5;2025-12-09;0;1;120;0;1;0;0;0;0;0
5;2025-12-09;1;1;121;2;1;0;0;0;0;0
5;2025-12-09;2;1;122;4;1;0;0;0;0;0
5;2025-12-09;3;1;123;6;1;0;0;0;0;0
5;2025-12-09;4;1;124;8;1;0;0;0;0;0
5;2025-12-09;5;1;125;10;1;0;0;0;0;0
5;2025-12-09;6;1;126;12;0;0;0;0;0;0
5;2025-12-09;7;1;127;14;0;0;0;0;0;0
5;2025-12-09;8;1;128;16;0;0;0;0;0;0
5;2025-12-09;9;1;129;18;0;0;0;0;0;0
5;2025-12-09;10;1;130;20;0;0;0;0;0;0
5;2025-12-09;11;1;131;22;0;0;0;0;0;0
5;2025-12-09;12;1;132;24;0;0;0;0;0;0
5;2025-12-09;13;1;133;26;0;0;0;0;0;0
5;2025-12-09;14;1;134;28;0;0;0;0;0;0
5;2025-12-09;15;1;135;30;0;0;0;0;0;0
5;2025-12-09;16;1;136;32;0;0;0;0;0;0
5;2025-12-09;17;1;137;34;0;0;0;0;0;0
5;2025-12-09;18;1;138;36;0;0;0;0;0;0
5;2025-12-09;19;1;139;38;0;0;0;0;0;0
5;2025-12-09;20;1;140;40;0;0;0;0;0;0
5;2025-12-09;21;1;141;42;0;0;0;0;0;0
5;2025-12-09;22;1;142;44;0;0;0;0;0;0
5;2025-12-09;23;1;143;46;0;0;0;0;0;0
5;2025-12-10;0;2;120;0;1;0;0;0;0;0
5;2025-12-10;1;2;121;2;1;0;0;0;0;0
5;2025-12-10;2;2;122;4;1;0;0;0;0;0
5;2025-12-10;3;2;123;6;1;0;0;0;0;0
5;2025-12-10;4;2;124;8;1;0;0;0;0;0
5;2025-12-10;5;2;125;10;1;0;0;0;0;0
5;2025-12-10;6;2;126;12;0;0;0;0;0;0
5;2025-12-10;7;2;127;14;0;0;0;0;0;0
5;2025-12-10;8;2;128;16;0;0;0;0;0;0
5;2025-12-10;9;2;129;18;0;0;0;0;0;0
5;2025-12-10;10;2;130;20;0;0;0;0;0;0
5;2025-12-10;11;2;131;22;0;0;0;0;0;0
5;2025-12-10;12;2;132;24;0;0;0;0;0;0
5;2025-12-10;13;2;133;26;0;0;0;0;0;0
5;2025-12-10;14;2;134;28;0;0;0;0;0;0
5;2025-12-10;15;2;135;30;0;0;0;0;0;0
5;2025-12-10;16;2;136;32;0;0;0;0;0;0
5;2025-12-10;17;2;137;34;0;0;0;0;0;0
5;2025-12-10;18;2;138;36;0;0;0;0;0;0
5;2025-12-10;19;2;139;38;0;0;0;0;0;0
5;2025-12-10;20;2;140;40;0;0;0;0;0;0
5;2025-12-10;21;2;141;42;0;0;0;0;0;0
5;2025-12-10;22;2;142;44;0;0;0;0;0;0
5;2025-12-10;23;2;143;46;0;0;0;0;0;0
5;2025-12-11;0;3;120;0;1;0;0;0;0;0
5;2025-12-11;1;3;121;2;1;0;0;0;0;0
5;2025-12-11;2;3;122;4;1;0;0;0;0;0
5;2025-12-11;3;3;123;6;1;0;0;0;0;0
5;2025-12-11;4;3;124;8;1;0;0;0;0;0
5;2025-12-11;5;3;125;10;1;0;0;0;0;0
5;2025-12-11;6;3;126;12;0;0;0;0;0;0
5;2025-12-11;7;3;127;14;0;0;0;0;0;0
5;2025-12-11;8;3;128;16;0;0;0;0;0;0
5;2025-12-11;9;3;129;18;0;0;0;0;0;0
5;2025-12-11;10;3;130;20;0;0;0;0;0;0
5;2025-12-11;11;3;131;22;0;0;0;0;0;0
5;2025-12-11;12;3;132;24;0;0;0;0;0;0
5;2025-12-11;13;3;133;26;0;0;0;0;0;0
5;2025-12-11;14;3;134;28;0;0;0;0;0;0
5;2025-12-11;15;3;135;30;0;0;0;0;0;0
5;2025-12-11;16;3;136;32;0;0;0;0;0;0
5;2025-12-11;17;3;137;34;0;0;0;0;0;0
5;2025-12-11;18;3;138;36;0;0;0;0;0;0
5;2025-12-11;19;3;139;38;0;0;0;0;0;0
5;2025-12-11;20;3;140;40;0;0;0;0;0;0
5;2025-12-11;21;3;141;42;0;0;0;0;0;0
5;2025-12-11;22;3;142;44;0;0;0;0;0;0
5;2025-12-11;23;3;143;46;0;0;0;0;0;0
5;2025-12-12;0;4;120;0;1;0;0;0;0;0
5;2025-12-12;1;4;121;2;1;0;0;0;0;0
5;2025-12-12;2;4;122;4;1;0;0;0;0;0
5;2025-12-12;3;4;123;6;1;0;0;0;0;0
5;2025-12-12;4;4;124;8;1;0;0;0;0;0
5;2025-12-12;5;4;125;10;1;0;0;0;0;0
5;2025-12-12;6;4;126;12;0;0;0;0;0;0
5;2025-12-12;7;4;127;14;0;0;0;0;0;0
5;2025-12-12;8;4;128;16;0;0;0;0;0;0
5;2025-12-12;9;4;129;18;0;0;0;0;0;0
5;2025-12-12;10;4;130;20;0;0;0;0;0;0
5;2025-12-12;11;4;131;22;0;0;0;0;0;0
5;2025-12-12;12;4;132;24;0;0;0;0;0;0
5;2025-12-12;13;4;133;26;0;0;0;0;0;0
5;2025-12-12;14;4;134;28;0;0;0;0;0;0
5;2025-12-12;15;4;135;30;0;0;0;0;0;0
5;2025-12-12;16;4;136;32;0;0;0;0;0;0
5;2025-12-12;17;4;137;34;0;0;0;0;0;0
5;2025-12-12;18;4;138;36;0;0;0;0;0;0
5;2025-12-12;19;4;139;38;0;0;0;0;0;0
5;2025-12-12;20;4;140;40;0;0;0;0;0;0
5;2025-12-12;21;4;141;42;0;0;0;0;0;0
5;2025-12-12;22;4;142;44;0;0;0;0;0;0
5;2025-12-12;23;4;143;46;0;0;0;0;0;0
5;2025-12-13;0;5;120;1;1;1;0;0;0;0
5;2025-12-13;1;5;121;3;1;1;0;0;0;0
5;2025-12-13;2;5;122;5;1;1;0;0;0;0
5;2025-12-13;3;5;123;7;1;1;0;0;0;0
5;2025-12-13;4;5;124;9;1;1;0;0;0;0
5;2025-12-13;5;5;125;11;1;1;0;0;0;0
5;2025-12-13;6;5;126;13;0;1;0;0;0;0
5;2025-12-13;7;5;127;15;0;1;0;0;0;0
5;2025-12-13;8;5;128;17;0;1;0;0;0;0
5;2025-12-13;9;5;129;19;0;1;0;0;0;0
5;2025-12-13;10;5;130;21;0;1;0;0;0;0
5;2025-12-13;11;5;131;23;0;1;0;0;0;0
5;2025-12-13;12;5;132;25;0;1;0;0;0;0
5;2025-12-13;13;5;133;27;0;1;0;0;0;0
5;2025-12-13;14;5;134;29;0;1;0;0;0;0
5;2025-12-13;15;5;135;31;0;1;0;0;0;0
5;2025-12-13;16;5;136;33;0;1;0;0;0;0
5;2025-12-13;17;5;137;35;0;1;0;0;0;0
5;2025-12-13;18;5;138;37;0;1;0;0;0;0
5;2025-12-13;19;5;139;39;0;1;0;0;0;0
5;2025-12-13;20;5;140;41;0;1;0;0;0;0
5;2025-12-13;21;5;141;43;0;1;0;0;0;0
5;2025-12-13;22;5;142;45;0;1;0;0;0;0
5;2025-12-13;23;5;143;47;0;1;0;0;0;0
5;2025-12-14;0;6;120;1;1;1;0;0;0;0
5;2025-12-14;1;6;121;3;1;1;0;0;0;0
5;2025-12-14;2;6;122;5;1;1;0;0;0;0
5;2025-12-14;3;6;123;7;1;1;0;0;0;0
5;2025-12-14;4;6;124;9;1;1;0;0;0;0
5;2025-12-14;5;6;125;11;1;1;0;0;0;0
5;2025-12-14;6;6;126;13;0;1;0;0;0;0
5;2025-12-14;7;6;127;15;0;1;0;0;0;0
5;2025-12-14;8;6;128;17;0;1;0;0;0;0
5;2025-12-14;9;6;129;19;0;1;0;0;0;0
5;2025-12-14;10;6;130;21;0;1;0;0;0;0
5;2025-12-14;11;6;131;23;0;1;0;0;0;0
5;2025-12-14;12;6;132;25;0;1;0;0;0;0
5;2025-12-14;13;6;133;27;0;1;0;0;0;0
5;2025-12-14;14;6;134;29;0;1;0;0;0;0
5;2025-12-14;15;6;135;31;0;1;0;0;0;0
5;2025-12-14;16;6;136;33;0;1;0;0;0;0
5;2025-12-14;17;6;137;35;0;1;0;0;0;0
5;2025-12-14;18;6;138;37;0;1;0;0;0;0
5;2025-12-14;19;6;139;39;0;1;0;0;0;0
5;2025-12-14;20;6;140;41;0;1;0;0;0;0
5;2025-12-14;21;6;141;43;0;1;0;0;0;0
5;2025-12-14;22;6;142;45;0;1;0;0;0;0
5;2025-12-14;23;6;143;47;0;1;0;0;0;0
5;2025-12-15;0;0;120;0;1;0;0;0;0;0
5;2025-12-15;1;0;121;2;1;0;0;0;0;0
5;2025-12-15;2;0;122;4;1;0;0;0;0;0
5;2025-12-15;3;0;123;6;1;0;0;0;0;0
5;2025-12-15;4;0;124;8;1;0;0;0;0;0
5;2025-12-15;5;0;125;10;1;0;0;0;0;0
5;2025-12-15;6;0;126;12;0;0;0;0;0;0
5;2025-12-15;7;0;127;14;0;0;0;0;0;0
5;2025-12-15;8;0;128;16;0;0;0;0;0;0
5;2025-12-15;9;0;129;18;0;0;0;0;0;0
5;2025-12-15;10;0;130;20;0;0;0;0;0;0
5;2025-12-15;11;0;131;22;0;0;0;0;0;0
5;2025-12-15;12;0;132;24;0;0;0;0;0;0
5;2025-12-15;13;0;133;26;0;0;0;0;0;0
5;2025-12-15;14;0;134;28;0;0;0;0;0;0
5;2025-12-15;15;0;135;30;0;0;0;0;0;0
5;2025-12-15;16;0;136;32;0;0;0;0;0;0
5;2025-12-15;17;0;137;34;0;0;0;0;0;0
5;2025-12-15;18;0;138;36;0;0;0;0;0;0
5;2025-12-15;19;0;139;38;0;0;0;0;0;0
5;2025-12-15;20;0;140;40;0;0;0;0;0;0
5;2025-12-15;21;0;141;42;0;0;0;0;0;0
5;2025-12-15;22;0;142;44;0;0;0;0;0;0
5;2025-12-15;23;0;143;46;0;0;0;0;0;0
5;2025-12-16;0;1;120;0;1;0;0;0;0;0
5;2025-12-16;1;1;121;2;1;0;0;0;0;0
5;2025-12-16;2;1;122;4;1;0;0;0;0;0
5;2025-12-16;3;1;123;6;1;0;0;0;0;0
5;2025-12-16;4;1;124;8;1;0;0;0;0;0
5;2025-12-16;5;1;125;10;1;0;0;0;0;0
5;2025-12-16;6;1;126;12;0;0;0;0;0;0
5;2025-12-16;7;1;127;14;0;0;0;0;0;0
5;2025-12-16;8;1;128;16;0;0;0;0;0;0
5;2025-12-16;9;1;129;18;0;0;0;0;0;0
5;2025-12-16;10;1;130;20;0;0;0;0;0;0
5;2025-12-16;11;1;131;22;0;0;0;0;0;0
5;2025-12-16;12;1;132;24;0;0;0;0;0;0
5;2025-12-16;13;1;133;26;0;0;0;0;0;0
5;2025-12-16;14;1;134;28;0;0;0;0;0;0
5;2025-12-16;15;1;135;30;0;0;0;0;0;0
5;2025-12-16;16;1;136;32;0;0;0;0;0;0
5;2025-12-16;17;1;137;34;0;0;0;0;0;0
5;2025-12-16;18;1;138;36;0;0;0;0;0;0
5;2025-12-16;19;1;139;38;0;0;0;0;0;0
5;2025-12-16;20;1;140;40;0;0;0;0;0;0
5;2025-12-16;21;1;141;42;0;0;0;0;0;0
5;2025-12-16;22;1;142;44;0;0;0;0;0;0
5;2025-12-16;23;1;143;46;0;0;0;0;0;0
5;2025-12-17;0;2;120;0;1;0;0;0;0;0
5;2025-12-17;1;2;121;2;1;0;0;0;0;0
5;2025-12-17;2;2;122;4;1;0;0;0;0;0
5;2025-12-17;3;2;123;6;1;0;0;0;0;0
5;2025-12-17;4;2;124;8;1;0;0;0;0;0
5;2025-12-17;5;2;125;10;1;0;0;0;0;0
5;2025-12-17;6;2;126;12;0;0;0;0;0;0
5;2025-12-17;7;2;127;14;0;0;0;0;0;0
5;2025-12-17;8;2;128;16;0;0;0;0;0;0
5;2025-12-17;9;2;129;18;0;0;0;0;0;0
5;2025-12-17;10;2;130;20;0;0;0;0;0;0
5;2025-12-17;11;2;131;22;0;0;0;0;0;0
5;2025-12-17;12;2;132;24;0;0;0;0;0;0
5;2025-12-17;13;2;133;26;0;0;0;0;0;0
5;2025-12-17;14;2;134;28;0;0;0;0;0;0
5;2025-12-17;15;2;135;30;0;0;0;0;0;0
5;2025-12-17;16;2;136;32;0;0;0;0;0;0
5;2025-12-17;17;2;137;34;0;0;0;0;0;0
5;2025-12-17;18;2;138;36;0;0;0;0;0;0
5;2025-12-17;19;2;139;38;0;0;0;0;0;0
5;2025-12-17;20;2;140;40;0;0;0;0;0;0
5;2025-12-17;21;2;141;42;0;0;0;0;0;0
5;2025-12-17;22;2;142;44;0;0;0;0;0;0
5;2025-12-17;23;2;143;46;0;0;0;0;0;0
5;2025-12-18;0;3;120;0;1;0;0;0;0;0
5;2025-12-18;1;3;121;2;1;0;0;0;0;0
5;2025-12-18;2;3;122;4;1;0;0;0;0;0
5;2025-12-18;3;3;123;6;1;0;0;0;0;0
5;2025-12-18;4;3;124;8;1;0;0;0;0;0
5;2025-12-18;5;3;125;10;1;0;0;0;0;0
5;2025-12-18;6;3;126;12;0;0;0;0;0;0
5;2025-12-18;7;3;127;14;0;0;0;0;0;0
5;2025-12-18;8;3;128;16;0;0;0;0;0;0
5;2025-12-18;9;3;129;18;0;0;0;0;0;0
5;2025-12-18;10;3;130;20;0;0;0;0;0;0
5;2025-12-18;11;3;131;22;0;0;0;0;0;0
5;2025-12-18;12;3;132;24;0;0;0;0;0;0
5;2025-12-18;13;3;133;26;0;0;0;0;0;0
5;2025-12-18;14;3;134;28;0;0;0;0;0;0
5;2025-12-18;15;3;135;30;0;0;0;0;0;0
5;2025-12-18;16;3;136;32;0;0;0;0;0;0
5;2025-12-18;17;3;137;34;0;0;0;0;0;0
5;2025-12-18;18;3;138;36;0;0;0;0;0;0
5;2025-12-18;19;3;139;38;0;0;0;0;0;0
5;2025-12-18;20;3;140;40;0;0;0;0;0;0
5;2025-12-18;21;3;141;42;0;0;0;0;0;0
5;2025-12-18;22;3;142;44;0;0;0;0;0;0
5;2025-12-18;23;3;143;46;0;0;0;0;0;0
5;2025-12-19;0;4;120;0;1;0;0;0;0;0
5;2025-12-19;1;4;121;2;1;0;0;0;0;0
5;2025-12-19;2;4;122;4;1;0;0;0;0;0
5;2025-12-19;3;4;123;6;1;0;0;0;0;0
5;2025-12-19;4;4;124;8;1;0;0;0;0;0
5;2025-12-19;5;4;125;10;1;0;0;0;0;0
5;2025-12-19;6;4;126;12;0;0;0;0;0;0
5;2025-12-19;7;4;127;14;0;0;0;0;0;0
5;2025-12-19;8;4;128;16;0;0;0;0;0;0
5;2025-12-19;9;4;129;18;0;0;0;0;0;0
5;2025-12-19;10;4;130;20;0;0;0;0;0;0
5;2025-12-19;11;4;131;22;0;0;0;0;0;0
5;2025-12-19;12;4;132;24;0;0;0;0;0;0
5;2025-12-19;13;4;133;26;0;0;0;0;0;0
5;2025-12-19;14;4;134;28;0;0;0;0;0;0
5;2025-12-19;15;4;135;30;0;0;0;0;0;0
5;2025-12-19;16;4;136;32;0;0;0;0;0;0
5;2025-12-19;17;4;137;34;0;0;0;0;0;0
5;2025-12-19;18;4;138;36;0;0;0;0;0;0
5;2025-12-19;19;4;139;38;0;0;0;0;0;0
5;2025-12-19;20;4;140;40;0;0;0;0;0;0
5;2025-12-19;21;4;141;42;0;0;0;0;0;0
5;2025-12-19;22;4;142;44;0;0;0;0;0;0
5;2025-12-19;23;4;143;46;0;0;0;0;0;0
5;2025-12-20;0;5;120;1;1;1;0;0;0;0
5;2025-12-20;1;5;121;3;1;1;0;0;0;0
5;2025-12-20;2;5;122;5;1;1;0;0;0;0
5;2025-12-20;3;5;123;7;1;1;0;0;0;0
5;2025-12-20;4;5;124;9;1;1;0;0;0;0
5;2025-12-20;5;5;125;11;1;1;0;0;0;0
5;2025-12-20;6;5;126;13;0;1;0;0;0;0
5;2025-12-20;7;5;127;15;0;1;0;0;0;0
5;2025-12-20;8;5;128;17;0;1;0;0;0;0
5;2025-12-20;9;5;129;19;0;1;0;0;0;0
5;2025-12-20;10;5;130;21;0;1;0;0;0;0
5;2025-12-20;11;5;131;23;0;1;0;0;0;0
5;2025-12-20;12;5;132;25;0;1;0;0;0;0
5;2025-12-20;13;5;133;27;0;1;0;0;0;0
5;2025-12-20;14;5;134;29;0;1;0;0;0;0
5;2025-12-20;15;5;135;31;0;1;0;0;0;0
5;2025-12-20;16;5;136;33;0;1;0;0;0;0
5;2025-12-20;17;5;137;35;0;1;0;0;0;0
5;2025-12-20;18;5;138;37;0;1;0;0;0;0
5;2025-12-20;19;5;139;39;0;1;0;0;0;0
5;2025-12-20;20;5;140;41;0;1;0;0;0;0
5;2025-12-20;21;5;141;43;0;1;0;0;0;0
5;2025-12-20;22;5;142;45;0;1;0;0;0;0
5;2025-12-20;23;5;143;47;0;1;0;0;0;0
5;2025-12-21;0;6;120;1;1;1;0;0;0;0
5;2025-12-21;1;6;121;3;1;1;0;0;0;0
5;2025-12-21;2;6;122;5;1;1;0;0;0;0
5;2025-12-21;3;6;123;7;1;1;0;0;0;0
5;2025-12-21;4;6;124;9;1;1;0;0;0;0
5;2025-12-21;5;6;125;11;1;1;0;0;0;0
5;2025-12-21;6;6;126;13;0;1;0;0;0;0
5;2025-12-21;7;6;127;15;0;1;0;0;0;0
5;2025-12-21;8;6;128;17;0;1;0;0;0;0
5;2025-12-21;9;6;129;19;0;1;0;0;0;0
5;2025-12-21;10;6;130;21;0;1;0;0;0;0
5;2025-12-21;11;6;131;23;0;1;0;0;0;0
5;2025-12-21;12;6;132;25;0;1;0;0;0;0
5;2025-12-21;13;6;133;27;0;1;0;0;0;0
5;2025-12-21;14;6;134;29;0;1;0;0;0;0
5;2025-12-21;15;6;135;31;0;1;0;0;0;0
5;2025-12-21;16;6;136;33;0;1;0;0;0;0
5;2025-12-21;17;6;137;35;0;1;0;0;0;0
5;2025-12-21;18;6;138;37;0;1;0;0;0;0
5;2025-12-21;19;6;139;39;0;1;0;0;0;0
5;2025-12-21;20;6;140;41;0;1;0;0;0;0
5;2025-12-21;21;6;141;43;0;1;0;0;0;0
5;2025-12-21;22;6;142;45;0;1;0;0;0;0
5;2025-12-21;23;6;143;47;0;1;0;0;0;0
5;2025-12-22;0;0;120;0;1;0;0;0;0;0
5;2025-12-22;1;0;121;2;1;0;0;0;0;0
5;2025-12-22;2;0;122;4;1;0;0;0;0;0
5;2025-12-22;3;0;123;6;1;0;0;0;0;0
5;2025-12-22;4;0;124;8;1;0;0;0;0;0
5;2025-12-22;5;0;125;10;1;0;0;0;0;0
5;2025-12-22;6;0;126;12;0;0;0;0;0;0
5;2025-12-22;7;0;127;14;0;0;0;0;0;0
5;2025-12-22;8;0;128;16;0;0;0;0;0;0
5;2025-12-22;9;0;129;18;0;0;0;0;0;0
5;2025-12-22;10;0;130;20;0;0;0;0;0;0
5;2025-12-22;11;0;131;22;0;0;0;0;0;0
5;2025-12-22;12;0;132;24;0;0;0;0;0;0
5;2025-12-22;13;0;133;26;0;0;0;0;0;0
5;2025-12-22;14;0;134;28;0;0;0;0;0;0
5;2025-12-22;15;0;135;30;0;0;0;0;0;0
5;2025-12-22;16;0;136;32;0;0;0;0;0;0
5;2025-12-22;17;0;137;34;0;0;0;0;0;0
5;2025-12-22;18;0;138;36;0;0;0;0;0;0
5;2025-12-22;19;0;139;38;0;0;0;0;0;0
5;2025-12-22;20;0;140;40;0;0;0;0;0;0
5;2025-12-22;21;0;141;42;0;0;0;0;0;0
5;2025-12-22;22;0;142;44;0;0;0;0;0;0
5;2025-12-22;23;0;143;46;0;0;0;0;0;0
5;2025-12-23;0;1;120;0;1;0;0;0;0;0
5;2025-12-23;1;1;121;2;1;0;0;0;0;0
5;2025-12-23;2;1;122;4;1;0;0;0;0;0
5;2025-12-23;3;1;123;6;1;0;0;0;0;0
5;2025-12-23;4;1;124;8;1;0;0;0;0;0
5;2025-12-23;5;1;125;10;1;0;0;0;0;0
5;2025-12-23;6;1;126;12;0;0;0;0;0;0
5;2025-12-23;7;1;127;14;0;0;0;0;0;0
5;2025-12-23;8;1;128;16;0;0;0;0;0;0
5;2025-12-23;9;1;129;18;0;0;0;0;0;0
5;2025-12-23;10;1;130;20;0;0;0;0;0;0
5;2025-12-23;11;1;131;22;0;0;0;0;0;0
5;2025-12-23;12;1;132;24;0;0;0;0;0;0
5;2025-12-23;13;1;133;26;0;0;0;0;0;0
5;2025-12-23;14;1;134;28;0;0;0;0;0;0
5;2025-12-23;15;1;135;30;0;0;0;0;0;0
5;2025-12-23;16;1;136;32;0;0;0;0;0;0
5;2025-12-23;17;1;137;34;0;0;0;0;0;0
5;2025-12-23;18;1;138;36;0;0;0;0;0;0
5;2025-12-23;19;1;139;38;0;0;0;0;0;0
5;2025-12-23;20;1;140;40;0;0;0;0;0;0
5;2025-12-23;21;1;141;42;0;0;0;0;0;0
5;2025-12-23;22;1;142;44;0;0;0;0;0;0
5;2025-12-23;23;1;143;46;0;0;0;0;0;0
5;2025-12-24;0;2;120;0;1;0;0;0;0;0
5;2025-12-24;1;2;121;2;1;0;0;0;0;0
5;2025-12-24;2;2;122;4;1;0;0;0;0;0
5;2025-12-24;3;2;123;6;1;0;0;0;0;0
5;2025-12-24;4;2;124;8;1;0;0;0;0;0
5;2025-12-24;5;2;125;10;1;0;0;0;0;0
5;2025-12-24;6;2;126;12;0;0;0;0;0;0
5;2025-12-24;7;2;127;14;0;0;0;0;0;0
5;2025-12-24;8;2;128;16;0;0;0;0;0;0
5;2025-12-24;9;2;129;18;0;0;0;0;0;0
5;2025-12-24;10;2;130;20;0;0;0;0;0;0
5;2025-12-24;11;2;131;22;0;0;0;0;0;0
5;2025-12-24;12;2;132;24;0;0;0;0;0;0
5;2025-12-24;13;2;133;26;0;0;0;0;0;0
5;2025-12-24;14;2;134;28;0;0;0;0;0;0
5;2025-12-24;15;2;135;30;0;0;0;0;0;0
5;2025-12-24;16;2;136;32;0;0;0;0;0;0
5;2025-12-24;17;2;137;34;0;0;0;0;0;0
5;2025-12-24;18;2;138;36;0;0;0;0;0;0
5;2025-12-24;19;2;139;38;0;0;0;0;0;0
5;2025-12-24;20;2;140;40;0;0;0;0;0;0
5;2025-12-24;21;2;141;42;0;0;0;0;0;0
5;2025-12-24;22;2;142;44;0;0;0;0;0;0
5;2025-12-24;23;2;143;46;0;0;0;0;0;0
5;2025-12-25;0;3;120;0;1;0;0;0;0;0
5;2025-12-25;1;3;121;2;1;0;0;0;0;0
5;2025-12-25;2;3;122;4;1;0;0;0;0;0
5;2025-12-25;3;3;123;6;1;0;0;0;0;0
5;2025-12-25;4;3;124;8;1;0;0;0;0;0
5;2025-12-25;5;3;125;10;1;0;0;0;0;0
5;2025-12-25;6;3;126;12;0;0;0;0;0;0
5;2025-12-25;7;3;127;14;0;0;0;0;0;0
5;2025-12-25;8;3;128;16;0;0;0;0;0;0
5;2025-12-25;9;3;129;18;0;0;0;0;0;0
5;2025-12-25;10;3;130;20;0;0;0;0;0;0
5;2025-12-25;11;3;131;22;0;0;0;0;0;0
5;2025-12-25;12;3;132;24;0;0;0;0;0;0
5;2025-12-25;13;3;133;26;0;0;0;0;0;0
5;2025-12-25;14;3;134;28;0;0;0;0;0;0
5;2025-12-25;15;3;135;30;0;0;0;0;0;0
5;2025-12-25;16;3;136;32;0;0;0;0;0;0
5;2025-12-25;17;3;137;34;0;0;0;0;0;0
5;2025-12-25;18;3;138;36;0;0;0;0;0;0
5;2025-12-25;19;3;139;38;0;0;0;0;0;0
5;2025-12-25;20;3;140;40;0;0;0;0;0;0
5;2025-12-25;21;3;141;42;0;0;0;0;0;0
5;2025-12-25;22;3;142;44;0;0;0;0;0;0
5;2025-12-25;23;3;143;46;0;0;0;0;0;0
5;2025-12-26;0;4;120;0;1;0;0;0;0;0
5;2025-12-26;1;4;121;2;1;0;0;0;0;0
5;2025-12-26;2;4;122;4;1;0;0;0;0;0
5;2025-12-26;3;4;123;6;1;0;0;0;0;0
5;2025-12-26;4;4;124;8;1;0;0;0;0;0
5;2025-12-26;5;4;125;10;1;0;0;0;0;0
5;2025-12-26;6;4;126;12;0;0;0;0;0;0
5;2025-12-26;7;4;127;14;0;0;0;0;0;0
5;2025-12-26;8;4;128;16;0;0;0;0;0;0
5;2025-12-26;9;4;129;18;0;0;0;0;0;0
5;2025-12-26;10;4;130;20;0;0;0;0;0;0
5;2025-12-26;11;4;131;22;0;0;0;0;0;0
5;2025-12-26;12;4;132;24;0;0;0;0;0;0
5;2025-12-26;13;4;133;26;0;0;0;0;0;0
5;2025-12-26;14;4;134;28;0;0;0;0;0;0
5;2025-12-26;15;4;135;30;0;0;0;0;0;0
5;2025-12-26;16;4;136;32;0;0;0;0;0;0
5;2025-12-26;17;4;137;34;0;0;0;0;0;0
5;2025-12-26;18;4;138;36;0;0;0;0;0;0
5;2025-12-26;19;4;139;38;0;0;0;0;0;0
5;2025-12-26;20;4;140;40;0;0;0;0;0;0
5;2025-12-26;21;4;141;42;0;0;0;0;0;0
5;2025-12-26;22;4;142;44;0;0;0;0;0;0
5;2025-12-26;23;4;143;46;0;0;0;0;0;0
5;2025-12-27;0;5;120;1;1;1;0;0;0;0
5;2025-12-27;1;5;121;3;1;1;0;0;0;0
5;2025-12-27;2;5;122;5;1;1;0;0;0;0
5;2025-12-27;3;5;123;7;1;1;0;0;0;0
5;2025-12-27;4;5;124;9;1;1;0;0;0;0
5;2025-12-27;5;5;125;11;1;1;0;0;0;0
5;2025-12-27;6;5;126;13;0;1;0;0;0;0
5;2025-12-27;7;5;127;15;0;1;0;0;0;0
5;2025-12-27;8;5;128;17;0;1;0;0;0;0
5;2025-12-27;9;5;129;19;0;1;0;0;0;0
5;2025-12-27;10;5;130;21;0;1;0;0;0;0
5;2025-12-27;11;5;131;23;0;1;0;0;0;0
5;2025-12-27;12;5;132;25;0;1;0;0;0;0
5;2025-12-27;13;5;133;27;0;1;0;0;0;0
5;2025-12-27;14;5;134;29;0;1;0;0;0;0
5;2025-12-27;15;5;135;31;0;1;0;0;0;0
5;2025-12-27;16;5;136;33;0;1;0;0;0;0
5;2025-12-27;17;5;137;35;0;1;0;0;0;0
5;2025-12-27;18;5;138;37;0;1;0;0;0;0
5;2025-12-27;19;5;139;39;0;1;0;0;0;0
5;2025-12-27;20;5;140;41;0;1;0;0;0;0
5;2025-12-27;21;5;141;43;0;1;0;0;0;0
5;2025-12-27;22;5;142;45;0;1;0;0;0;0
5;2025-12-27;23;5;143;47;0;1;0;0;0;0
5;2025-12-28;0;6;120;1;1;1;0;0;0;0
5;2025-12-28;1;6;121;3;1;1;0;0;0;0
5;2025-12-28;2;6;122;5;1;1;0;0;0;0
5;2025-12-28;3;6;123;7;1;1;0;0;0;0
5;2025-12-28;4;6;124;9;1;1;0;0;0;0
5;2025-12-28;5;6;125;11;1;1;0;0;0;0
5;2025-12-28;6;6;126;13;0;1;0;0;0;0
5;2025-12-28;7;6;127;15;0;1;0;0;0;0
5;2025-12-28;8;6;128;17;0;1;0;0;0;0
5;2025-12-28;9;6;129;19;0;1;0;0;0;0
5;2025-12-28;10;6;130;21;0;1;0;0;0;0
5;2025-12-28;11;6;131;23;0;1;0;0;0;0
5;2025-12-28;12;6;132;25;0;1;0;0;0;0
5;2025-12-28;13;6;133;27;0;1;0;0;0;0
5;2025-12-28;14;6;134;29;0;1;0;0;0;0
5;2025-12-28;15;6;135;31;0;1;0;0;0;0
5;2025-12-28;16;6;136;33;0;1;0;0;0;0
5;2025-12-28;17;6;137;35;0;1;0;0;0;0
5;2025-12-28;18;6;138;37;0;1;0;0;0;0
5;2025-12-28;19;6;139;39;0;1;0;0;0;0
5;2025-12-28;20;6;140;41;0;1;0;0;0;0
5;2025-12-28;21;6;141;43;0;1;0;0;0;0
5;2025-12-28;22;6;142;45;0;1;0;0;0;0
5;2025-12-28;23;6;143;47;0;1;0;0;0;0
5;2025-12-29;0;0;120;0;1;0;0;0;0;0
5;2025-12-29;1;0;121;2;1;0;0;0;0;0
5;2025-12-29;2;0;122;4;1;0;0;0;0;0
5;2025-12-29;3;0;123;6;1;0;0;0;0;0
5;2025-12-29;4;0;124;8;1;0;0;0;0;0
5;2025-12-29;5;0;125;10;1;0;0;0;0;0
5;2025-12-29;6;0;126;12;0;0;0;0;0;0
5;2025-12-29;7;0;127;14;0;0;0;0;0;0
5;2025-12-29;8;0;128;16;0;0;0;0;0;0
5;2025-12-29;9;0;129;18;0;0;0;0;0;0
5;2025-12-29;10;0;130;20;0;0;0;0;0;0
5;2025-12-29;11;0;131;22;0;0;0;0;0;0
5;2025-12-29;12;0;132;24;0;0;0;0;0;0
5;2025-12-29;13;0;133;26;0;0;0;0;0;0
5;2025-12-29;14;0;134;28;0;0;0;0;0;0
5;2025-12-29;15;0;135;30;0;0;0;0;0;0
5;2025-12-29;16;0;136;32;0;0;0;0;0;0
5;2025-12-29;17;0;137;34;0;0;0;0;0;0
5;2025-12-29;18;0;138;36;0;0;0;0;0;0
5;2025-12-29;19;0;139;38;0;0;0;0;0;0
5;2025-12-29;20;0;140;40;0;0;0;0;0;0
5;2025-12-29;21;0;141;42;0;0;0;0;0;0
5;2025-12-29;22;0;142;44;0;0;0;0;0;0
5;2025-12-29;23;0;143;46;0;0;0;0;0;0
5;2025-12-30;0;1;120;0;1;0;0;0;0;0
5;2025-12-30;1;1;121;2;1;0;0;0;0;0
5;2025-12-30;2;1;122;4;1;0;0;0;0;0
5;2025-12-30;3;1;123;6;1;0;0;0;0;0
5;2025-12-30;4;1;124;8;1;0;0;0;0;0
5;2025-12-30;5;1;125;10;1;0;0;0;0;0
5;2025-12-30;6;1;126;12;0;0;0;0;0;0
5;2025-12-30;7;1;127;14;0;0;0;0;0;0
5;2025-12-30;8;1;128;16;0;0;0;0;0;0
5;2025-12-30;9;1;129;18;0;0;0;0;0;0
5;2025-12-30;10;1;130;20;0;0;0;0;0;0
5;2025-12-30;11;1;131;22;0;0;0;0;0;0
5;2025-12-30;12;1;132;24;0;0;0;0;0;0
5;2025-12-30;13;1;133;26;0;0;0;0;0;0
5;2025-12-30;14;1;134;28;0;0;0;0;0;0
5;2025-12-30;15;1;135;30;0;0;0;0;0;0
5;2025-12-30;16;1;136;32;0;0;0;0;0;0
5;2025-12-30;17;1;137;34;0;0;0;0;0;0
5;2025-12-30;18;1;138;36;0;0;0;0;0;0
5;2025-12-30;19;1;139;38;0;0;0;0;0;0
5;2025-12-30;20;1;140;40;0;0;0;0;0;0
5;2025-12-30;21;1;141;42;0;0;0;0;0;0
5;2025-12-30;22;1;142;44;0;0;0;0;0;0
5;2025-12-30;23;1;143;46;0;0;0;0;0;0
5;2025-12-31;0;2;120;0;1;1;0;1;0;0
5;2025-12-31;1;2;121;2;1;1;0;1;0;0
5;2025-12-31;2;2;122;4;1;1;0;1;0;0
5;2025-12-31;3;2;123;6;1;1;0;1;0;0
5;2025-12-31;4;2;124;8;1;1;0;1;0;0
5;2025-12-31;5;2;125;10;1;1;0;1;0;0
5;2025-12-31;6;2;126;12;0;1;0;1;0;0
5;2025-12-31;7;2;127;14;0;1;0;1;0;0
5;2025-12-31;8;2;128;16;0;1;0;1;0;0
5;2025-12-31;9;2;129;18;0;1;0;1;0;0
5;2025-12-31;10;2;130;20;0;1;0;1;0;0
5;2025-12-31;11;2;131;22;0;1;0;1;0;0
5;2025-12-31;12;2;132;24;0;1;0;1;0;0
5;2025-12-31;13;2;133;26;0;1;0;1;0;0
5;2025-12-31;14;2;134;28;0;1;0;1;0;0
5;2025-12-31;15;2;135;30;0;1;0;1;0;0
5;2025-12-31;16;2;136;32;0;1;0;1;0;0
5;2025-12-31;17;2;137;34;0;1;0;1;0;0
5;2025-12-31;18;2;138;36;0;1;0;1;0;0
5;2025-12-31;19;2;139;38;0;1;0;1;0;0
5;2025-12-31;20;2;140;40;0;1;0;1;0;0
5;2025-12-31;21;2;141;42;0;1;0;1;0;0
5;2025-12-31;22;2;142;44;0;1;0;1;0;0
5;2025-12-31;23;2;143;46;0;1;0;1;0;0
7;2025-11-01;0;5;168;1;1;0;0;0;1;1
7;2025-11-01;1;5;169;3;1;0;0;0;1;1
7;2025-11-01;2;5;170;5;1;0;0;0;1;1
7;2025-11-01;3;5;171;7;1;0;0;0;1;1
7;2025-11-01;4;5;172;9;1;0;0;0;1;1
7;2025-11-01;5;5;173;11;1;0;0;0;1;1
7;2025-11-01;6;5;174;13;0;0;0;0;1;1
7;2025-11-01;7;5;175;15;0;0;0;0;1;1
7;2025-11-01;8;5;176;17;0;0;0;0;1;1
7;2025-11-01;9;5;177;19;0;0;0;0;1;1
7;2025-11-01;10;5;178;21;0;0;0;0;1;1
7;2025-11-01;11;5;179;23;0;0;0;0;1;1
7;2025-11-01;12;5;180;25;0;0;0;0;1;1
7;2025-11-01;13;5;181;27;0;0;0;0;1;1
7;2025-11-01;14;5;182;29;0;0;0;0;1;1
7;2025-11-01;15;5;183;31;0;0;0;0;1;1
7;2025-11-01;16;5;184;33;0;0;0;0;1;1
7;2025-11-01;17;5;185;35;0;0;0;0;1;1
7;2025-11-01;18;5;186;37;0;0;0;0;1;1
7;2025-11-01;19;5;187;39;0;0;0;0;1;1
7;2025-11-01;20;5;188;41;0;0;0;0;1;1
7;2025-11-01;21;5;189;43;0;0;0;0;1;1
7;2025-11-01;22;5;190;45;0;0;0;0;1;1
7;2025-11-01;23;5;191;47;0;0;0;0;1;1
7;2025-11-02;0;6;168;1;1;1;0;0;0;0
7;2025-11-02;1;6;169;3;1;1;0;0;0;0
7;2025-11-02;2;6;170;5;1;1;0;0;0;0
7;2025-11-02;3;6;171;7;1;1;0;0;0;0
7;2025-11-02;4;6;172;9;1;1;0;0;0;0
7;2025-11-02;5;6;173;11;1;1;0;0;0;0
7;2025-11-02;6;6;174;13;0;1;0;0;0;0
7;2025-11-02;7;6;175;15;0;1;0;0;0;0
7;2025-11-02;8;6;176;17;0;1;0;0;0;0
7;2025-11-02;9;6;177;19;0;1;0;0;0;0
7;2025-11-02;10;6;178;21;0;1;0;0;0;0
7;2025-11-02;11;6;179;23;0;1;0;0;0;0
7;2025-11-02;12;6;180;25;0;1;0;0;0;0
7;2025-11-02;13;6;181;27;0;1;0;0;0;0
7;2025-11-02;14;6;182;29;0;1;0;0;0;0
7;2025-11-02;15;6;183;31;0;1;0;0;0;0
7;2025-11-02;16;6;184;33;0;1;0;0;0;0
7;2025-11-02;17;6;185;35;0;1;0;0;0;0
7;2025-11-02;18;6;186;37;0;1;0;0;0;0
7;2025-11-02;19;6;187;39;0;1;0;0;0;0
7;2025-11-02;20;6;188;41;0;1;0;0;0;0
7;2025-11-02;21;6;189;43;0;1;0;0;0;0
7;2025-11-02;22;6;190;45;0;1;0;0;0;0
7;2025-11-02;23;6;191;47;0;1;0;0;0;0
7;2025-11-03;0;0;168;0;1;1;0;1;0;0
7;2025-11-03;1;0;169;2;1;1;0;1;0;0
7;2025-11-03;2;0;170;4;1;1;0;1;0;0
7;2025-11-03;3;0;171;6;1;1;0;1;0;0
7;2025-11-03;4;0;172;8;1;1;0;1;0;0
7;2025-11-03;5;0;173;10;1;1;0;1;0;0
7;2025-11-03;6;0;174;12;0;1;0;1;0;0
7;2025-11-03;7;0;175;14;0;1;0;1;0;0
7;2025-11-03;8;0;176;16;0;1;0;1;0;0
7;2025-11-03;9;0;177;18;0;1;0;1;0;0
7;2025-11-03;10;0;178;20;0;1;0;1;0;0
7;2025-11-03;11;0;179;22;0;1;0;1;0;0
7;2025-11-03;12;0;180;24;0;1;0;1;0;0
7;2025-11-03;13;0;181;26;0;1;0;1;0;0
7;2025-11-03;14;0;182;28;0;1;0;1;0;0
7;2025-11-03;15;0;183;30;0;1;0;1;0;0
7;2025-11-03;16;0;184;32;0;1;0;1;0;0
7;2025-11-03;17;0;185;34;0;1;0;1;0;0
7;2025-11-03;18;0;186;36;0;1;0;1;0;0
7;2025-11-03;19;0;187;38;0;1;0;1;0;0
7;2025-11-03;20;0;188;40;0;1;0;1;0;0
7;2025-11-03;21;0;189;42;0;1;0;1;0;0
7;2025-11-03;22;0;190;44;0;1;0;1;0;0
7;2025-11-03;23;0;191;46;0;1;0;1;0;0
7;2025-11-04;0;1;168;0;1;1;1;0;0;0
7;2025-11-04;1;1;169;2;1;1;1;0;0;0
7;2025-11-04;2;1;170;4;1;1;1;0;0;0
7;2025-11-04;3;1;171;6;1;1;1;0;0;0
7;2025-11-04;4;1;172;8;1;1;1;0;0;0
7;2025-11-04;5;1;173;10;1;1;1;0;0;0
7;2025-11-04;6;1;174;12;0;1;1;0;0;0
7;2025-11-04;7;1;175;14;0;1;1;0;0;0
7;2025-11-04;8;1;176;16;0;1;1;0;0;0
7;2025-11-04;9;1;177;18;0;1;1;0;0;0
7;2025-11-04;10;1;178;20;0;1;1;0;0;0
7;2025-11-04;11;1;179;22;0;1;1;0;0;0
7;2025-11-04;12;1;180;24;0;1;1;0;0;0
7;2025-11-04;13;1;181;26;0;1;1;0;0;0
7;2025-11-04;14;1;182;28;0;1;1;0;0;0
7;2025-11-04;15;1;183;30;0;1;1;0;0;0
7;2025-11-04;16;1;184;32;0;1;1;0;0;0
7;2025-11-04;17;1;185;34;0;1;1;0;0;0
7;2025-11-04;18;1;186;36;0;1;1;0;0;0
7;2025-11-04;19;1;187;38;0;1;1;0;0;0
7;2025-11-04;20;1;188;40;0;1;1;0;0;0
7;2025-11-04;21;1;189;42;0;1;1;0;0;0
7;2025-11-04;22;1;190;44;0;1;1;0;0;0
7;2025-11-04;23;1;191;46;0;1;1;0;0;0
7;2025-11-05;0;2;168;0;1;0;0;0;0;0
7;2025-11-05;1;2;169;2;1;0;0;0;0;0
7;2025-11-05;2;2;170;4;1;0;0;0;0;0
7;2025-11-05;3;2;171;6;1;0;0;0;0;0
7;2025-11-05;4;2;172;8;1;0;0;0;0;0
7;2025-11-05;5;2;173;10;1;0;0;0;0;0
7;2025-11-05;6;2;174;12;0;0;0;0;0;0
7;2025-11-05;7;2;175;14;0;0;0;0;0;0
7;2025-11-05;8;2;176;16;0;0;0;0;0;0
7;2025-11-05;9;2;177;18;0;0;0;0;0;0
7;2025-11-05;10;2;178;20;0;0;0;0;0;0
7;2025-11-05;11;2;179;22;0;0;0;0;0;0
7;2025-11-05;12;2;180;24;0;0;0;0;0;0
7;2025-11-05;13;2;181;26;0;0;0;0;0;0
7;2025-11-05;14;2;182;28;0;0;0;0;0;0
7;2025-11-05;15;2;183;30;0;0;0;0;0;0
7;2025-11-05;16;2;184;32;0;0;0;0;0;0
7;2025-11-05;17;2;185;34;0;0;0;0;0;0
7;2025-11-05;18;2;186;36;0;0;0;0;0;0
7;2025-11-05;19;2;187;38;0;0;0;0;0;0
7;2025-11-05;20;2;188;40;0;0;0;0;0;0
7;2025-11-05;21;2;189;42;0;0;0;0;0;0
7;2025-11-05;22;2;190;44;0;0;0;0;0;0
7;2025-11-05;23;2;191;46;0;0;0;0;0;0
7;2025-11-06;0;3;168;0;1;0;0;0;0;0
7;2025-11-06;1;3;169;2;1;0;0;0;0;0
7;2025-11-06;2;3;170;4;1;0;0;0;0;0
7;2025-11-06;3;3;171;6;1;0;0;0;0;0
7;2025-11-06;4;3;172;8;1;0;0;0;0;0
7;2025-11-06;5;3;173;10;1;0;0;0;0;0
7;2025-11-06;6;3;174;12;0;0;0;0;0;0
7;2025-11-06;7;3;175;14;0;0;0;0;0;0
7;2025-11-06;8;3;176;16;0;0;0;0;0;0
7;2025-11-06;9;3;177;18;0;0;0;0;0;0
7;2025-11-06;10;3;178;20;0;0;0;0;0;0
7;2025-11-06;11;3;179;22;0;0;0;0;0;0
7;2025-11-06;12;3;180;24;0;0;0;0;0;0
7;2025-11-06;13;3;181;26;0;0;0;0;0;0
7;2025-11-06;14;3;182;28;0;0;0;0;0;0
7;2025-11-06;15;3;183;30;0;0;0;0;0;0
7;2025-11-06;16;3;184;32;0;0;0;0;0;0
7;2025-11-06;17;3;185;34;0;0;0;0;0;0
7;2025-11-06;18;3;186;36;0;0;0;0;0;0
7;2025-11-06;19;3;187;38;0;0;0;0;0;0
7;2025-11-06;20;3;188;40;0;0;0;0;0;0
7;2025-11-06;21;3;189;42;0;0;0;0;0;0
7;2025-11-06;22;3;190;44;0;0;0;0;0;0
7;2025-11-06;23;3;191;46;0;0;0;0;0;0
7;2025-11-07;0;4;168;0;1;0;0;0;0;0
7;2025-11-07;1;4;169;2;1;0;0;0;0;0
7;2025-11-07;2;4;170;4;1;0;0;0;0;0
7;2025-11-07;3;4;171;6;1;0;0;0;0;0
7;2025-11-07;4;4;172;8;1;0;0;0;0;0
7;2025-11-07;5;4;173;10;1;0;0;0;0;0
7;2025-11-07;6;4;174;12;0;0;0;0;0;0
7;2025-11-07;7;4;175;14;0;0;0;0;0;0
7;2025-11-07;8;4;176;16;0;0;0;0;0;0
7;2025-11-07;9;4;177;18;0;0;0;0;0;0
7;2025-11-07;10;4;178;20;0;0;0;0;0;0
7;2025-11-07;11;4;179;22;0;0;0;0;0;0
7;2025-11-07;12;4;180;24;0;0;0;0;0;0
7;2025-11-07;13;4;181;26;0;0;0;0;0;0
7;2025-11-07;14;4;182;28;0;0;0;0;0;0
7;2025-11-07;15;4;183;30;0;0;0;0;0;0
7;2025-11-07;16;4;184;32;0;0;0;0;0;0
7;2025-11-07;17;4;185;34;0;0;0;0;0;0
7;2025-11-07;18;4;186;36;0;0;0;0;0;0
7;2025-11-07;19;4;187;38;0;0;0;0;0;0
7;2025-11-07;20;4;188;40;0;0;0;0;0;0
7;2025-11-07;21;4;189;42;0;0;0;0;0;0
7;2025-11-07;22;4;190;44;0;0;0;0;0;0
7;2025-11-07;23;4;191;46;0;0;0;0;0;0
7;2025-11-08;0;5;168;1;1;1;0;0;0;0
7;2025-11-08;1;5;169;3;1;1;0;0;0;0
7;2025-11-08;2;5;170;5;1;1;0;0;0;0
7;2025-11-08;3;5;171;7;1;1;0;0;0;0
7;2025-11-08;4;5;172;9;1;1;0;0;0;0
7;2025-11-08;5;5;173;11;1;1;0;0;0;0
7;2025-11-08;6;5;174;13;0;1;0;0;0;0
7;2025-11-08;7;5;175;15;0;1;0;0;0;0
7;2025-11-08;8;5;176;17;0;1;0;0;0;0
7;2025-11-08;9;5;177;19;0;1;0;0;0;0
7;2025-11-08;10;5;178;21;0;1;0;0;0;0
7;2025-11-08;11;5;179;23;0;1;0;0;0;0
7;2025-11-08;12;5;180;25;0;1;0;0;0;0
7;2025-11-08;13;5;181;27;0;1;0;0;0;0
7;2025-11-08;14;5;182;29;0;1;0;0;0;0
7;2025-11-08;15;5;183;31;0;1;0;0;0;0
7;2025-11-08;16;5;184;33;0;1;0;0;0;0
7;2025-11-08;17;5;185;35;0;1;0;0;0;0
7;2025-11-08;18;5;186;37;0;1;0;0;0;0
7;2025-11-08;19;5;187;39;0;1;0;0;0;0
7;2025-11-08;20;5;188;41;0;1;0;0;0;0
7;2025-11-08;21;5;189;43;0;1;0;0;0;0
7;2025-11-08;22;5;190;45;0;1;0;0;0;0
7;2025-11-08;23;5;191;47;0;1;0;0;0;0
7;2025-11-09;0;6;168;1;1;1;0;0;0;0
7;2025-11-09;1;6;169;3;1;1;0;0;0;0
7;2025-11-09;2;6;170;5;1;1;0;0;0;0
7;2025-11-09;3;6;171;7;1;1;0;0;0;0
7;2025-11-09;4;6;172;9;1;1;0;0;0;0
7;2025-11-09;5;6;173;11;1;1;0;0;0;0
7;2025-11-09;6;6;174;13;0;1;0;0;0;0
7;2025-11-09;7;6;175;15;0;1;0;0;0;0
7;2025-11-09;8;6;176;17;0;1;0;0;0;0
7;2025-11-09;9;6;177;19;0;1;0;0;0;0
7;2025-11-09;10;6;178;21;0;1;0;0;0;0
7;2025-11-09;11;6;179;23;0;1;0;0;0;0
7;2025-11-09;12;6;180;25;0;1;0;0;0;0
7;2025-11-09;13;6;181;27;0;1;0;0;0;0
7;2025-11-09;14;6;182;29;0;1;0;0;0;0
7;2025-11-09;15;6;183;31;0;1;0;0;0;0
7;2025-11-09;16;6;184;33;0;1;0;0;0;0
7;2025-11-09;17;6;185;35;0;1;0;0;0;0
7;2025-11-09;18;6;186;37;0;1;0;0;0;0
7;2025-11-09;19;6;187;39;0;1;0;0;0;0
7;2025-11-09;20;6;188;41;0;1;0;0;0;0
7;2025-11-09;21;6;189;43;0;1;0;0;0;0
7;2025-11-09;22;6;190;45;0;1;0;0;0;0
7;2025-11-09;23;6;191;47;0;1;0;0;0;0
7;2025-11-10;0;0;168;0;1;0;0;0;0;0
7;2025-11-10;1;0;169;2;1;0;0;0;0;0
7;2025-11-10;2;0;170;4;1;0;0;0;0;0
7;2025-11-10;3;0;171;6;1;0;0;0;0;0
7;2025-11-10;4;0;172;8;1;0;0;0;0;0
7;2025-11-10;5;0;173;10;1;0;0;0;0;0
7;2025-11-10;6;0;174;12;0;0;0;0;0;0
7;2025-11-10;7;0;175;14;0;0;0;0;0;0
7;2025-11-10;8;0;176;16;0;0;0;0;0;0
7;2025-11-10;9;0;177;18;0;0;0;0;0;0
7;2025-11-10;10;0;178;20;0;0;0;0;0;0
7;2025-11-10;11;0;179;22;0;0;0;0;0;0
7;2025-11-10;12;0;180;24;0;0;0;0;0;0
7;2025-11-10;13;0;181;26;0;0;0;0;0;0
7;2025-11-10;14;0;182;28;0;0;0;0;0;0
7;2025-11-10;15;0;183;30;0;0;0;0;0;0
7;2025-11-10;16;0;184;32;0;0;0;0;0;0
7;2025-11-10;17;0;185;34;0;0;0;0;0;0
7;2025-11-10;18;0;186;36;0;0;0;0;0;0
7;2025-11-10;19;0;187;38;0;0;0;0;0;0
7;2025-11-10;20;0;188;40;0;0;0;0;0;0
7;2025-11-10;21;0;189;42;0;0;0;0;0;0
7;2025-11-10;22;0;190;44;0;0;0;0;0;0
7;2025-11-10;23;0;191;46;0;0;0;0;0;0
7;2025-11-11;0;1;168;0;1;0;0;0;0;0
7;2025-11-11;1;1;169;2;1;0;0;0;0;0
7;2025-11-11;2;1;170;4;1;0;0;0;0;0
7;2025-11-11;3;1;171;6;1;0;0;0;0;0
7;2025-11-11;4;1;172;8;1;0;0;0;0;0
7;2025-11-11;5;1;173;10;1;0;0;0;0;0
7;2025-11-11;6;1;174;12;0;0;0;0;0;0
7;2025-11-11;7;1;175;14;0;0;0;0;0;0
7;2025-11-11;8;1;176;16;0;0;0;0;0;0
7;2025-11-11;9;1;177;18;0;0;0;0;0;0
7;2025-11-11;10;1;178;20;0;0;0;0;0;0
7;2025-11-11;11;1;179;22;0;0;0;0;0;0
7;2025-11-11;12;1;180;24;0;0;0;0;0;0
7;2025-11-11;13;1;181;26;0;0;0;0;0;0
7;2025-11-11;14;1;182;28;0;0;0;0;0;0
7;2025-11-11;15;1;183;30;0;0;0;0;0;0
7;2025-11-11;16;1;184;32;0;0;0;0;0;0
7;2025-11-11;17;1;185;34;0;0;0;0;0;0
7;2025-11-11;18;1;186;36;0;0;0;0;0;0
7;2025-11-11;19;1;187;38;0;0;0;0;0;0
7;2025-11-11;20;1;188;40;0;0;0;0;0;0
7;2025-11-11;21;1;189;42;0;0;0;0;0;0
7;2025-11-11;22;1;190;44;0;0;0;0;0;0
7;2025-11-11;23;1;191;46;0;0;0;0;0;0
7;2025-11-12;0;2;168;0;1;0;0;0;0;0
7;2025-11-12;1;2;169;2;1;0;0;0;0;0
7;2025-11-12;2;2;170;4;1;0;0;0;0;0
7;2025-11-12;3;2;171;6;1;0;0;0;0;0
7;2025-11-12;4;2;172;8;1;0;0;0;0;0
7;2025-11-12;5;2;173;10;1;0;0;0;0;0
7;2025-11-12;6;2;174;12;0;0;0;0;0;0
7;2025-11-12;7;2;175;14;0;0;0;0;0;0
7;2025-11-12;8;2;176;16;0;0;0;0;0;0
7;2025-11-12;9;2;177;18;0;0;0;0;0;0
7;2025-11-12;10;2;178;20;0;0;0;0;0;0
7;2025-11-12;11;2;179;22;0;0;0;0;0;0
7;2025-11-12;12;2;180;24;0;0;0;0;0;0
7;2025-11-12;13;2;181;26;0;0;0;0;0;0
7;2025-11-12;14;2;182;28;0;0;0;0;0;0
7;2025-11-12;15;2;183;30;0;0;0;0;0;0
7;2025-11-12;16;2;184;32;0;0;0;0;0;0
7;2025-11-12;17;2;185;34;0;0;0;0;0;0
7;2025-11-12;18;2;186;36;0;0;0;0;0;0
7;2025-11-12;19;2;187;38;0;0;0;0;0;0
7;2025-11-12;20;2;188;40;0;0;0;0;0;0
7;2025-11-12;21;2;189;42;0;0;0;0;0;0
7;2025-11-12;22;2;190;44;0;0;0;0;0;0
7;2025-11-12;23;2;191;46;0;0;0;0;0;0
7;2025-11-13;0;3;168;0;1;0;0;0;0;0
7;2025-11-13;1;3;169;2;1;0;0;0;0;0
7;2025-11-13;2;3;170;4;1;0;0;0;0;0
7;2025-11-13;3;3;171;6;1;0;0;0;0;0
7;2025-11-13;4;3;172;8;1;0;0;0;0;0
7;2025-11-13;5;3;173;10;1;0;0;0;0;0
7;2025-11-13;6;3;174;12;0;0;0;0;0;0
7;2025-11-13;7;3;175;14;0;0;0;0;0;0
7;2025-11-13;8;3;176;16;0;0;0;0;0;0
7;2025-11-13;9;3;177;18;0;0;0;0;0;0
7;2025-11-13;10;3;178;20;0;0;0;0;0;0
7;2025-11-13;11;3;179;22;0;0;0;0;0;0
7;2025-11-13;12;3;180;24;0;0;0;0;0;0
7;2025-11-13;13;3;181;26;0;0;0;0;0;0
7;2025-11-13;14;3;182;28;0;0;0;0;0;0
7;2025-11-13;15;3;183;30;0;0;0;0;0;0
7;2025-11-13;16;3;184;32;0;0;0;0;0;0
7;2025-11-13;17;3;185;34;0;0;0;0;0;0
7;2025-11-13;18;3;186;36;0;0;0;0;0;0
7;2025-11-13;19;3;187;38;0;0;0;0;0;0
7;2025-11-13;20;3;188;40;0;0;0;0;0;0
7;2025-11-13;21;3;189;42;0;0;0;0;0;0
7;2025-11-13;22;3;190;44;0;0;0;0;0;0
7;2025-11-13;23;3;191;46;0;0;0;0;0;0
7;2025-11-14;0;4;168;0;1;0;0;0;0;0
7;2025-11-14;1;4;169;2;1;0;0;0;0;0
7;2025-11-14;2;4;170;4;1;0;0;0;0;0
7;2025-11-14;3;4;171;6;1;0;0;0;0;0
7;2025-11-14;4;4;172;8;1;0;0;0;0;0
7;2025-11-14;5;4;173;10;1;0;0;0;0;0
7;2025-11-14;6;4;174;12;0;0;0;0;0;0
7;2025-11-14;7;4;175;14;0;0;0;0;0;0
7;2025-11-14;8;4;176;16;0;0;0;0;0;0
7;2025-11-14;9;4;177;18;0;0;0;0;0;0
7;2025-11-14;10;4;178;20;0;0;0;0;0;0
7;2025-11-14;11;4;179;22;0;0;0;0;0;0
7;2025-11-14;12;4;180;24;0;0;0;0;0;0
7;2025-11-14;13;4;181;26;0;0;0;0;0;0
7;2025-11-14;14;4;182;28;0;0;0;0;0;0
7;2025-11-14;15;4;183;30;0;0;0;0;0;0
7;2025-11-14;16;4;184;32;0;0;0;0;0;0
7;2025-11-14;17;4;185;34;0;0;0;0;0;0
7;2025-11-14;18;4;186;36;0;0;0;0;0;0
7;2025-11-14;19;4;187;38;0;0;0;0;0;0
7;2025-11-14;20;4;188;40;0;0;0;0;0;0
7;2025-11-14;21;4;189;42;0;0;0;0;0;0
7;2025-11-14;22;4;190;44;0;0;0;0;0;0
7;2025-11-14;23;4;191;46;0;0;0;0;0;0
7;2025-11-15;0;5;168;1;1;1;0;0;0;0
7;2025-11-15;1;5;169;3;1;1;0;0;0;0
7;2025-11-15;2;5;170;5;1;1;0;0;0;0
7;2025-11-15;3;5;171;7;1;1;0;0;0;0
7;2025-11-15;4;5;172;9;1;1;0;0;0;0
7;2025-11-15;5;5;173;11;1;1;0;0;0;0
7;2025-11-15;6;5;174;13;0;1;0;0;0;0
7;2025-11-15;7;5;175;15;0;1;0;0;0;0
7;2025-11-15;8;5;176;17;0;1;0;0;0;0
7;2025-11-15;9;5;177;19;0;1;0;0;0;0
7;2025-11-15;10;5;178;21;0;1;0;0;0;0
7;2025-11-15;11;5;179;23;0;1;0;0;0;0
7;2025-11-15;12;5;180;25;0;1;0;0;0;0
7;2025-11-15;13;5;181;27;0;1;0;0;0;0
7;2025-11-15;14;5;182;29;0;1;0;0;0;0
7;2025-11-15;15;5;183;31;0;1;0;0;0;0
7;2025-11-15;16;5;184;33;0;1;0;0;0;0
7;2025-11-15;17;5;185;35;0;1;0;0;0;0
7;2025-11-15;18;5;186;37;0;1;0;0;0;0
7;2025-11-15;19;5;187;39;0;1;0;0;0;0
7;2025-11-15;20;5;188;41;0;1;0;0;0;0
7;2025-11-15;21;5;189;43;0;1;0;0;0;0
7;2025-11-15;22;5;190;45;0;1;0;0;0;0
7;2025-11-15;23;5;191;47;0;1;0;0;0;0
7;2025-11-16;0;6;168;1;1;1;0;0;0;0
7;2025-11-16;1;6;169;3;1;1;0;0;0;0
7;2025-11-16;2;6;170;5;1;1;0;0;0;0
7;2025-11-16;3;6;171;7;1;1;0;0;0;0
7;2025-11-16;4;6;172;9;1;1;0;0;0;0
7;2025-11-16;5;6;173;11;1;1;0;0;0;0
7;2025-11-16;6;6;174;13;0;1;0;0;0;0
7;2025-11-16;7;6;175;15;0;1;0;0;0;0
7;2025-11-16;8;6;176;17;0;1;0;0;0;0
7;2025-11-16;9;6;177;19;0;1;0;0;0;0
7;2025-11-16;10;6;178;21;0;1;0;0;0;0
7;2025-11-16;11;6;179;23;0;1;0;0;0;0
7;2025-11-16;12;6;180;25;0;1;0;0;0;0
7;2025-11-16;13;6;181;27;0;1;0;0;0;0
7;2025-11-16;14;6;182;29;0;1;0;0;0;0
7;2025-11-16;15;6;183;31;0;1;0;0;0;0
7;2025-11-16;16;6;184;33;0;1;0;0;0;0
7;2025-11-16;17;6;185;35;0;1;0;0;0;0
7;2025-11-16;18;6;186;37;0;1;0;0;0;0
7;2025-11-16;19;6;187;39;0;1;0;0;0;0
7;2025-11-16;20;6;188;41;0;1;0;0;0;0
7;2025-11-16;21;6;189;43;0;1;0;0;0;0
7;2025-11-16;22;6;190;45;0;1;0;0;0;0
7;2025-11-16;23;6;191;47;0;1;0;0;0;0
7;2025-11-17;0;0;168;0;1;0;0;0;0;0
7;2025-11-17;1;0;169;2;1;0;0;0;0;0
7;2025-11-17;2;0;170;4;1;0;0;0;0;0
7;2025-11-17;3;0;171;6;1;0;0;0;0;0
7;2025-11-17;4;0;172;8;1;0;0;0;0;0
7;2025-11-17;5;0;173;10;1;0;0;0;0;0
7;2025-11-17;6;0;174;12;0;0;0;0;0;0
7;2025-11-17;7;0;175;14;0;0;0;0;0;0
7;2025-11-17;8;0;176;16;0;0;0;0;0;0
7;2025-11-17;9;0;177;18;0;0;0;0;0;0
7;2025-11-17;10;0;178;20;0;0;0;0;0;0
7;2025-11-17;11;0;179;22;0;0;0;0;0;0
7;2025-11-17;12;0;180;24;0;0;0;0;0;0
7;2025-11-17;13;0;181;26;0;0;0;0;0;0
7;2025-11-17;14;0;182;28;0;0;0;0;0;0
7;2025-11-17;15;0;183;30;0;0;0;0;0;0
7;2025-11-17;16;0;184;32;0;0;0;0;0;0
7;2025-11-17;17;0;185;34;0;0;0;0;0;0
7;2025-11-17;18;0;186;36;0;0;0;0;0;0
7;2025-11-17;19;0;187;38;0;0;0;0;0;0
7;2025-11-17;20;0;188;40;0;0;0;0;0;0
7;2025-11-17;21;0;189;42;0;0;0;0;0;0
7;2025-11-17;22;0;190;44;0;0;0;0;0;0
7;2025-11-17;23;0;191;46;0;0;0;0;0;0
7;2025-11-18;0;1;168;0;1;0;0;0;0;0
7;2025-11-18;1;1;169;2;1;0;0;0;0;0
7;2025-11-18;2;1;170;4;1;0;0;0;0;0
7;2025-11-18;3;1;171;6;1;0;0;0;0;0
7;2025-11-18;4;1;172;8;1;0;0;0;0;0
7;2025-11-18;5;1;173;10;1;0;0;0;0;0
7;2025-11-18;6;1;174;12;0;0;0;0;0;0
7;2025-11-18;7;1;175;14;0;0;0;0;0;0
7;2025-11-18;8;1;176;16;0;0;0;0;0;0
7;2025-11-18;9;1;177;18;0;0;0;0;0;0
7;2025-11-18;10;1;178;20;0;0;0;0;0;0
7;2025-11-18;11;1;179;22;0;0;0;0;0;0
7;2025-11-18;12;1;180;24;0;0;0;0;0;0
7;2025-11-18;13;1;181;26;0;0;0;0;0;0
7;2025-11-18;14;1;182;28;0;0;0;0;0;0
7;2025-11-18;15;1;183;30;0;0;0;0;0;0
7;2025-11-18;16;1;184;32;0;0;0;0;0;0
7;2025-11-18;17;1;185;34;0;0;0;0;0;0
7;2025-11-18;18;1;186;36;0;0;0;0;0;0
7;2025-11-18;19;1;187;38;0;0;0;0;0;0
7;2025-11-18;20;1;188;40;0;0;0;0;0;0
7;2025-11-18;21;1;189;42;0;0;0;0;0;0
7;2025-11-18;22;1;190;44;0;0;0;0;0;0
7;2025-11-18;23;1;191;46;0;0;0;0;0;0
7;2025-11-19;0;2;168;0;1;0;0;0;0;0
7;2025-11-19;1;2;169;2;1;0;0;0;0;0
7;2025-11-19;2;2;170;4;1;0;0;0;0;0
7;2025-11-19;3;2;171;6;1;0;0;0;0;0
7;2025-11-19;4;2;172;8;1;0;0;0;0;0
7;2025-11-19;5;2;173;10;1;0;0;0;0;0
7;2025-11-19;6;2;174;12;0;0;0;0;0;0
7;2025-11-19;7;2;175;14;0;0;0;0;0;0
7;2025-11-19;8;2;176;16;0;0;0;0;0;0
7;2025-11-19;9;2;177;18;0;0;0;0;0;0
7;2025-11-19;10;2;178;20;0;0;0;0;0;0
7;2025-11-19;11;2;179;22;0;0;0;0;0;0
7;2025-11-19;12;2;180;24;0;0;0;0;0;0
7;2025-11-19;13;2;181;26;0;0;0;0;0;0
7;2025-11-19;14;2;182;28;0;0;0;0;0;0
7;2025-11-19;15;2;183;30;0;0;0;0;0;0
7;2025-11-19;16;2;184;32;0;0;0;0;0;0
7;2025-11-19;17;2;185;34;0;0;0;0;0;0
7;2025-11-19;18;2;186;36;0;0;0;0;0;0
7;2025-11-19;19;2;187;38;0;0;0;0;0;0
7;2025-11-19;20;2;188;40;0;0;0;0;0;0
7;2025-11-19;21;2;189;42;0;0;0;0;0;0
7;2025-11-19;22;2;190;44;0;0;0;0;0;0
7;2025-11-19;23;2;191;46;0;0;0;0;0;0
7;2025-11-20;0;3;168;0;1;0;0;0;0;0
7;2025-11-20;1;3;169;2;1;0;0;0;0;0
7;2025-11-20;2;3;170;4;1;0;0;0;0;0
7;2025-11-20;3;3;171;6;1;0;0;0;0;0
7;2025-11-20;4;3;172;8;1;0;0;0;0;0
7;2025-11-20;5;3;173;10;1;0;0;0;0;0
7;2025-11-20;6;3;174;12;0;0;0;0;0;0
7;2025-11-20;7;3;175;14;0;0;0;0;0;0
7;2025-11-20;8;3;176;16;0;0;0;0;0;0
7;2025-11-20;9;3;177;18;0;0;0;0;0;0
7;2025-11-20;10;3;178;20;0;0;0;0;0;0
7;2025-11-20;11;3;179;22;0;0;0;0;0;0
7;2025-11-20;12;3;180;24;0;0;0;0;0;0
7;2025-11-20;13;3;181;26;0;0;0;0;0;0
7;2025-11-20;14;3;182;28;0;0;0;0;0;0
7;2025-11-20;15;3;183;30;0;0;0;0;0;0
7;2025-11-20;16;3;184;32;0;0;0;0;0;0
7;2025-11-20;17;3;185;34;0;0;0;0;0;0
7;2025-11-20;18;3;186;36;0;0;0;0;0;0
7;2025-11-20;19;3;187;38;0;0;0;0;0;0
7;2025-11-20;20;3;188;40;0;0;0;0;0;0
7;2025-11-20;21;3;189;42;0;0;0;0;0;0
7;2025-11-20;22;3;190;44;0;0;0;0;0;0
7;2025-11-20;23;3;191;46;0;0;0;0;0;0
7;2025-11-21;0;4;168;0;1;0;0;0;0;0
7;2025-11-21;1;4;169;2;1;0;0;0;0;0
7;2025-11-21;2;4;170;4;1;0;0;0;0;0
7;2025-11-21;3;4;171;6;1;0;0;0;0;0
7;2025-11-21;4;4;172;8;1;0;0;0;0;0
7;2025-11-21;5;4;173;10;1;0;0;0;0;0
7;2025-11-21;6;4;174;12;0;0;0;0;0;0
7;2025-11-21;7;4;175;14;0;0;0;0;0;0
7;2025-11-21;8;4;176;16;0;0;0;0;0;0
7;2025-11-21;9;4;177;18;0;0;0;0;0;0
7;2025-11-21;10;4;178;20;0;0;0;0;0;0
7;2025-11-21;11;4;179;22;0;0;0;0;0;0
7;2025-11-21;12;4;180;24;0;0;0;0;0;0
7;2025-11-21;13;4;181;26;0;0;0;0;0;0
7;2025-11-21;14;4;182;28;0;0;0;0;0;0
7;2025-11-21;15;4;183;30;0;0;0;0;0;0
7;2025-11-21;16;4;184;32;0;0;0;0;0;0
7;2025-11-21;17;4;185;34;0;0;0;0;0;0
7;2025-11-21;18;4;186;36;0;0;0;0;0;0
7;2025-11-21;19;4;187;38;0;0;0;0;0;0
7;2025-11-21;20;4;188;40;0;0;0;0;0;0
7;2025-11-21;21;4;189;42;0;0;0;0;0;0
7;2025-11-21;22;4;190;44;0;0;0;0;0;0
7;2025-11-21;23;4;191;46;0;0;0;0;0;0
7;2025-11-22;0;5;168;1;1;1;0;0;0;0
7;2025-11-22;1;5;169;3;1;1;0;0;0;0
7;2025-11-22;2;5;170;5;1;1;0;0;0;0
7;2025-11-22;3;5;171;7;1;1;0;0;0;0
7;2025-11-22;4;5;172;9;1;1;0;0;0;0
7;2025-11-22;5;5;173;11;1;1;0;0;0;0
7;2025-11-22;6;5;174;13;0;1;0;0;0;0
7;2025-11-22;7;5;175;15;0;1;0;0;0;0
7;2025-11-22;8;5;176;17;0;1;0;0;0;0
7;2025-11-22;9;5;177;19;0;1;0;0;0;0
7;2025-11-22;10;5;178;21;0;1;0;0;0;0
7;2025-11-22;11;5;179;23;0;1;0;0;0;0
7;2025-11-22;12;5;180;25;0;1;0;0;0;0
7;2025-11-22;13;5;181;27;0;1;0;0;0;0
7;2025-11-22;14;5;182;29;0;1;0;0;0;0
7;2025-11-22;15;5;183;31;0;1;0;0;0;0
7;2025-11-22;16;5;184;33;0;1;0;0;0;0
7;2025-11-22;17;5;185;35;0;1;0;0;0;0
7;2025-11-22;18;5;186;37;0;1;0;0;0;0
7;2025-11-22;19;5;187;39;0;1;0;0;0;0
7;2025-11-22;20;5;188;41;0;1;0;0;0;0
7;2025-11-22;21;5;189;43;0;1;0;0;0;0
7;2025-11-22;22;5;190;45;0;1;0;0;0;0
7;2025-11-22;23;5;191;47;0;1;0;0;0;0
7;2025-11-23;0;6;168;1;1;1;0;0;0;0
7;2025-11-23;1;6;169;3;1;1;0;0;0;0
7;2025-11-23;2;6;170;5;1;1;0;0;0;0
7;2025-11-23;3;6;171;7;1;1;0;0;0;0
7;2025-11-23;4;6;172;9;1;1;0;0;0;0
7;2025-11-23;5;6;173;11;1;1;0;0;0;0
7;2025-11-23;6;6;174;13;0;1;0;0;0;0
7;2025-11-23;7;6;175;15;0;1;0;0;0;0
7;2025-11-23;8;6;176;17;0;1;0;0;0;0
7;2025-11-23;9;6;177;19;0;1;0;0;0;0
7;2025-11-23;10;6;178;21;0;1;0;0;0;0
7;2025-11-23;11;6;179;23;0;1;0;0;0;0
7;2025-11-23;12;6;180;25;0;1;0;0;0;0
7;2025-11-23;13;6;181;27;0;1;0;0;0;0
7;2025-11-23;14;6;182;29;0;1;0;0;0;0
7;2025-11-23;15;6;183;31;0;1;0;0;0;0
7;2025-11-23;16;6;184;33;0;1;0;0;0;0
7;2025-11-23;17;6;185;35;0;1;0;0;0;0
7;2025-11-23;18;6;186;37;0;1;0;0;0;0
7;2025-11-23;19;6;187;39;0;1;0;0;0;0
7;2025-11-23;20;6;188;41;0;1;0;0;0;0
7;2025-11-23;21;6;189;43;0;1;0;0;0;0
7;2025-11-23;22;6;190;45;0;1;0;0;0;0
7;2025-11-23;23;6;191;47;0;1;0;0;0;0
7;2025-11-24;0;0;168;0;1;0;0;0;0;0
7;2025-11-24;1;0;169;2;1;0;0;0;0;0
7;2025-11-24;2;0;170;4;1;0;0;0;0;0
7;2025-11-24;3;0;171;6;1;0;0;0;0;0
7;2025-11-24;4;0;172;8;1;0;0;0;0;0
7;2025-11-24;5;0;173;10;1;0;0;0;0;0
7;2025-11-24;6;0;174;12;0;0;0;0;0;0
7;2025-11-24;7;0;175;14;0;0;0;0;0;0
7;2025-11-24;8;0;176;16;0;0;0;0;0;0
7;2025-11-24;9;0;177;18;0;0;0;0;0;0
7;2025-11-24;10;0;178;20;0;0;0;0;0;0
7;2025-11-24;11;0;179;22;0;0;0;0;0;0
7;2025-11-24;12;0;180;24;0;0;0;0;0;0
7;2025-11-24;13;0;181;26;0;0;0;0;0;0
7;2025-11-24;14;0;182;28;0;0;0;0;0;0
7;2025-11-24;15;0;183;30;0;0;0;0;0;0
7;2025-11-24;16;0;184;32;0;0;0;0;0;0
7;2025-11-24;17;0;185;34;0;0;0;0;0;0
7;2025-11-24;18;0;186;36;0;0;0;0;0;0
7;2025-11-24;19;0;187;38;0;0;0;0;0;0
7;2025-11-24;20;0;188;40;0;0;0;0;0;0
7;2025-11-24;21;0;189;42;0;0;0;0;0;0
7;2025-11-24;22;0;190;44;0;0;0;0;0;0
7;2025-11-24;23;0;191;46;0;0;0;0;0;0
7;2025-11-25;0;1;168;0;1;0;0;0;0;0
7;2025-11-25;1;1;169;2;1;0;0;0;0;0
7;2025-11-25;2;1;170;4;1;0;0;0;0;0
7;2025-11-25;3;1;171;6;1;0;0;0;0;0
7;2025-11-25;4;1;172;8;1;0;0;0;0;0
7;2025-11-25;5;1;173;10;1;0;0;0;0;0
7;2025-11-25;6;1;174;12;0;0;0;0;0;0
7;2025-11-25;7;1;175;14;0;0;0;0;0;0
7;2025-11-25;8;1;176;16;0;0;0;0;0;0
7;2025-11-25;9;1;177;18;0;0;0;0;0;0
7;2025-11-25;10;1;178;20;0;0;0;0;0;0
7;2025-11-25;11;1;179;22;0;0;0;0;0;0
7;2025-11-25;12;1;180;24;0;0;0;0;0;0
7;2025-11-25;13;1;181;26;0;0;0;0;0;0
7;2025-11-25;14;1;182;28;0;0;0;0;0;0
7;2025-11-25;15;1;183;30;0;0;0;0;0;0
7;2025-11-25;16;1;184;32;0;0;0;0;0;0
7;2025-11-25;17;1;185;34;0;0;0;0;0;0
7;2025-11-25;18;1;186;36;0;0;0;0;0;0
7;2025-11-25;19;1;187;38;0;0;0;0;0;0
7;2025-11-25;20;1;188;40;0;0;0;0;0;0
7;2025-11-25;21;1;189;42;0;0;0;0;0;0
7;2025-11-25;22;1;190;44;0;0;0;0;0;0
7;2025-11-25;23;1;191;46;0;0;0;0;0;0
7;2025-11-26;0;2;168;0;1;0;0;0;0;0
7;2025-11-26;1;2;169;2;1;0;0;0;0;0
7;2025-11-26;2;2;170;4;1;0;0;0;0;0
7;2025-11-26;3;2;171;6;1;0;0;0;0;0
7;2025-11-26;4;2;172;8;1;0;0;0;0;0
7;2025-11-26;5;2;173;10;1;0;0;0;0;0
7;2025-11-26;6;2;174;12;0;0;0;0;0;0
7;2025-11-26;7;2;175;14;0;0;0;0;0;0
7;2025-11-26;8;2;176;16;0;0;0;0;0;0
7;2025-11-26;9;2;177;18;0;0;0;0;0;0
7;2025-11-26;10;2;178;20;0;0;0;0;0;0
7;2025-11-26;11;2;179;22;0;0;0;0;0;0
7;2025-11-26;12;2;180;24;0;0;0;0;0;0
7;2025-11-26;13;2;181;26;0;0;0;0;0;0
7;2025-11-26;14;2;182;28;0;0;0;0;0;0
7;2025-11-26;15;2;183;30;0;0;0;0;0;0
7;2025-11-26;16;2;184;32;0;0;0;0;0;0
7;2025-11-26;17;2;185;34;0;0;0;0;0;0
7;2025-11-26;18;2;186;36;0;0;0;0;0;0
7;2025-11-26;19;2;187;38;0;0;0;0;0;0
7;2025-11-26;20;2;188;40;0;0;0;0;0;0
7;2025-11-26;21;2;189;42;0;0;0;0;0;0
7;2025-11-26;22;2;190;44;0;0;0;0;0;0
7;2025-11-26;23;2;191;46;0;0;0;0;0;0
7;2025-11-27;0;3;168;0;1;0;0;0;0;0
7;2025-11-27;1;3;169;2;1;0;0;0;0;0
7;2025-11-27;2;3;170;4;1;0;0;0;0;0
7;2025-11-27;3;3;171;6;1;0;0;0;0;0
7;2025-11-27;4;3;172;8;1;0;0;0;0;0
7;2025-11-27;5;3;173;10;1;0;0;0;0;0
7;2025-11-27;6;3;174;12;0;0;0;0;0;0
7;2025-11-27;7;3;175;14;0;0;0;0;0;0
7;2025-11-27;8;3;176;16;0;0;0;0;0;0
7;2025-11-27;9;3;177;18;0;0;0;0;0;0
7;2025-11-27;10;3;178;20;0;0;0;0;0;0
7;2025-11-27;11;3;179;22;0;0;0;0;0;0
7;2025-11-27;12;3;180;24;0;0;0;0;0;0
7;2025-11-27;13;3;181;26;0;0;0;0;0;0
7;2025-11-27;14;3;182;28;0;0;0;0;0;0
7;2025-11-27;15;3;183;30;0;0;0;0;0;0
7;2025-11-27;16;3;184;32;0;0;0;0;0;0
7;2025-11-27;17;3;185;34;0;0;0;0;0;0
7;2025-11-27;18;3;186;36;0;0;0;0;0;0
7;2025-11-27;19;3;187;38;0;0;0;0;0;0
7;2025-11-27;20;3;188;40;0;0;0;0;0;0
7;2025-11-27;21;3;189;42;0;0;0;0;0;0
7;2025-11-27;22;3;190;44;0;0;0;0;0;0
7;2025-11-27;23;3;191;46;0;0;0;0;0;0
7;2025-11-28;0;4;168;0;1;0;0;0;0;0
7;2025-11-28;1;4;169;2;1;0;0;0;0;0
7;2025-11-28;2;4;170;4;1;0;0;0;0;0
7;2025-11-28;3;4;171;6;1;0;0;0;0;0
7;2025-11-28;4;4;172;8;1;0;0;0;0;0
7;2025-11-28;5;4;173;10;1;0;0;0;0;0
7;2025-11-28;6;4;174;12;0;0;0;0;0;0
7;2025-11-28;7;4;175;14;0;0;0;0;0;0
7;2025-11-28;8;4;176;16;0;0;0;0;0;0
7;2025-11-28;9;4;177;18;0;0;0;0;0;0
7;2025-11-28;10;4;178;20;0;0;0;0;0;0
7;2025-11-28;11;4;179;22;0;0;0;0;0;0
7;2025-11-28;12;4;180;24;0;0;0;0;0;0
7;2025-11-28;13;4;181;26;0;0;0;0;0;0
7;2025-11-28;14;4;182;28;0;0;0;0;0;0
7;2025-11-28;15;4;183;30;0;0;0;0;0;0
7;2025-11-28;16;4;184;32;0;0;0;0;0;0
7;2025-11-28;17;4;185;34;0;0;0;0;0;0
7;2025-11-28;18;4;186;36;0;0;0;0;0;0
7;2025-11-28;19;4;187;38;0;0;0;0;0;0
7;2025-11-28;20;4;188;40;0;0;0;0;0;0
7;2025-11-28;21;4;189;42;0;0;0;0;0;0
7;2025-11-28;22;4;190;44;0;0;0;0;0;0
7;2025-11-28;23;4;191;46;0;0;0;0;0;0
7;2025-11-29;0;5;168;1;1;1;0;0;0;0
7;2025-11-29;1;5;169;3;1;1;0;0;0;0
7;2025-11-29;2;5;170;5;1;1;0;0;0;0
7;2025-11-29;3;5;171;7;1;1;0;0;0;0
7;2025-11-29;4;5;172;9;1;1;0;0;0;0
7;2025-11-29;5;5;173;11;1;1;0;0;0;0
7;2025-11-29;6;5;174;13;0;1;0;0;0;0
7;2025-11-29;7;5;175;15;0;1;0;0;0;0
7;2025-11-29;8;5;176;17;0;1;0;0;0;0
7;2025-11-29;9;5;177;19;0;1;0;0;0;0
7;2025-11-29;10;5;178;21;0;1;0;0;0;0
7;2025-11-29;11;5;179;23;0;1;0;0;0;0
7;2025-11-29;12;5;180;25;0;1;0;0;0;0
7;2025-11-29;13;5;181;27;0;1;0;0;0;0
7;2025-11-29;14;5;182;29;0;1;0;0;0;0
7;2025-11-29;15;5;183;31;0;1;0;0;0;0
7;2025-11-29;16;5;184;33;0;1;0;0;0;0
7;2025-11-29;17;5;185;35;0;1;0;0;0;0
7;2025-11-29;18;5;186;37;0;1;0;0;0;0
7;2025-11-29;19;5;187;39;0;1;0;0;0;0
7;2025-11-29;20;5;188;41;0;1;0;0;0;0
7;2025-11-29;21;5;189;43;0;1;0;0;0;0
7;2025-11-29;22;5;190;45;0;1;0;0;0;0
7;2025-11-29;23;5;191;47;0;1;0;0;0;0
7;2025-11-30;0;6;168;1;1;1;0;0;0;0
7;2025-11-30;1;6;169;3;1;1;0;0;0;0
7;2025-11-30;2;6;170;5;1;1;0;0;0;0
7;2025-11-30;3;6;171;7;1;1;0;0;0;0
7;2025-11-30;4;6;172;9;1;1;0;0;0;0
7;2025-11-30;5;6;173;11;1;1;0;0;0;0
7;2025-11-30;6;6;174;13;0;1;0;0;0;0
7;2025-11-30;7;6;175;15;0;1;0;0;0;0
7;2025-11-30;8;6;176;17;0;1;0;0;0;0
7;2025-11-30;9;6;177;19;0;1;0;0;0;0
7;2025-11-30;10;6;178;21;0;1;0;0;0;0
7;2025-11-30;11;6;179;23;0;1;0;0;0;0
7;2025-11-30;12;6;180;25;0;1;0;0;0;0
7;2025-11-30;13;6;181;27;0;1;0;0;0;0
7;2025-11-30;14;6;182;29;0;1;0;0;0;0
7;2025-11-30;15;6;183;31;0;1;0;0;0;0
7;2025-11-30;16;6;184;33;0;1;0;0;0;0
7;2025-11-30;17;6;185;35;0;1;0;0;0;0
7;2025-11-30;18;6;186;37;0;1;0;0;0;0
7;2025-11-30;19;6;187;39;0;1;0;0;0;0
7;2025-11-30;20;6;188;41;0;1;0;0;0;0
7;2025-11-30;21;6;189;43;0;1;0;0;0;0
7;2025-11-30;22;6;190;45;0;1;0;0;0;0
7;2025-11-30;23;6;191;47;0;1;0;0;0;0
7;2025-12-01;0;0;168;0;1;0;0;0;0;0
7;2025-12-01;1;0;169;2;1;0;0;0;0;0
7;2025-12-01;2;0;170;4;1;0;0;0;0;0
7;2025-12-01;3;0;171;6;1;0;0;0;0;0
7;2025-12-01;4;0;172;8;1;0;0;0;0;0
7;2025-12-01;5;0;173;10;1;0;0;0;0;0
7;2025-12-01;6;0;174;12;0;0;0;0;0;0
7;2025-12-01;7;0;175;14;0;0;0;0;0;0
7;2025-12-01;8;0;176;16;0;0;0;0;0;0
7;2025-12-01;9;0;177;18;0;0;0;0;0;0
7;2025-12-01;10;0;178;20;0;0;0;0;0;0
7;2025-12-01;11;0;179;22;0;0;0;0;0;0
7;2025-12-01;12;0;180;24;0;0;0;0;0;0
7;2025-12-01;13;0;181;26;0;0;0;0;0;0
7;2025-12-01;14;0;182;28;0;0;0;0;0;0
7;2025-12-01;15;0;183;30;0;0;0;0;0;0
7;2025-12-01;16;0;184;32;0;0;0;0;0;0
7;2025-12-01;17;0;185;34;0;0;0;0;0;0
7;2025-12-01;18;0;186;36;0;0;0;0;0;0
7;2025-12-01;19;0;187;38;0;0;0;0;0;0
7;2025-12-01;20;0;188;40;0;0;0;0;0;0
7;2025-12-01;21;0;189;42;0;0;0;0;0;0
7;2025-12-01;22;0;190;44;0;0;0;0;0;0
7;2025-12-01;23;0;191;46;0;0;0;0;0;0
7;2025-12-02;0;1;168;0;1;0;0;0;0;0
7;2025-12-02;1;1;169;2;1;0;0;0;0;0
7;2025-12-02;2;1;170;4;1;0;0;0;0;0
7;2025-12-02;3;1;171;6;1;0;0;0;0;0
7;2025-12-02;4;1;172;8;1;0;0;0;0;0
7;2025-12-02;5;1;173;10;1;0;0;0;0;0
7;2025-12-02;6;1;174;12;0;0;0;0;0;0
7;2025-12-02;7;1;175;14;0;0;0;0;0;0
7;2025-12-02;8;1;176;16;0;0;0;0;0;0
7;2025-12-02;9;1;177;18;0;0;0;0;0;0
7;2025-12-02;10;1;178;20;0;0;0;0;0;0
7;2025-12-02;11;1;179;22;0;0;0;0;0;0
7;2025-12-02;12;1;180;24;0;0;0;0;0;0
7;2025-12-02;13;1;181;26;0;0;0;0;0;0
7;2025-12-02;14;1;182;28;0;0;0;0;0;0
7;2025-12-02;15;1;183;30;0;0;0;0;0;0
7;2025-12-02;16;1;184;32;0;0;0;0;0;0
7;2025-12-02;17;1;185;34;0;0;0;0;0;0
7;2025-12-02;18;1;186;36;0;0;0;0;0;0
7;2025-12-02;19;1;187;38;0;0;0;0;0;0
7;2025-12-02;20;1;188;40;0;0;0;0;0;0
7;2025-12-02;21;1;189;42;0;0;0;0;0;0
7;2025-12-02;22;1;190;44;0;0;0;0;0;0
7;2025-12-02;23;1;191;46;0;0;0;0;0;0
7;2025-12-03;0;2;168;0;1;0;0;0;0;0
7;2025-12-03;1;2;169;2;1;0;0;0;0;0
7;2025-12-03;2;2;170;4;1;0;0;0;0;0
7;2025-12-03;3;2;171;6;1;0;0;0;0;0
7;2025-12-03;4;2;172;8;1;0;0;0;0;0
7;2025-12-03;5;2;173;10;1;0;0;0;0;0
7;2025-12-03;6;2;174;12;0;0;0;0;0;0
7;2025-12-03;7;2;175;14;0;0;0;0;0;0
7;2025-12-03;8;2;176;16;0;0;0;0;0;0
7;2025-12-03;9;2;177;18;0;0;0;0;0;0
7;2025-12-03;10;2;178;20;0;0;0;0;0;0
7;2025-12-03;11;2;179;22;0;0;0;0;0;0
7;2025-12-03;12;2;180;24;0;0;0;0;0;0
7;2025-12-03;13;2;181;26;0;0;0;0;0;0
7;2025-12-03;14;2;182;28;0;0;0;0;0;0
7;2025-12-03;15;2;183;30;0;0;0;0;0;0
7;2025-12-03;16;2;184;32;0;0;0;0;0;0
7;2025-12-03;17;2;185;34;0;0;0;0;0;0
7;2025-12-03;18;2;186;36;0;0;0;0;0;0
7;2025-12-03;19;2;187;38;0;0;0;0;0;0
7;2025-12-03;20;2;188;40;0;0;0;0;0;0
7;2025-12-03;21;2;189;42;0;0;0;0;0;0
7;2025-12-03;22;2;190;44;0;0;0;0;0;0
7;2025-12-03;23;2;191;46;0;0;0;0;0;0
7;2025-12-04;0;3;168;0;1;0;0;0;0;0
7;2025-12-04;1;3;169;2;1;0;0;0;0;0
7;2025-12-04;2;3;170;4;1;0;0;0;0;0
7;2025-12-04;3;3;171;6;1;0;0;0;0;0
7;2025-12-04;4;3;172;8;1;0;0;0;0;0
7;2025-12-04;5;3;173;10;1;0;0;0;0;0
7;2025-12-04;6;3;174;12;0;0;0;0;0;0
7;2025-12-04;7;3;175;14;0;0;0;0;0;0
7;2025-12-04;8;3;176;16;0;0;0;0;0;0
7;2025-12-04;9;3;177;18;0;0;0;0;0;0
7;2025-12-04;10;3;178;20;0;0;0;0;0;0
7;2025-12-04;11;3;179;22;0;0;0;0;0;0
7;2025-12-04;12;3;180;24;0;0;0;0;0;0
7;2025-12-04;13;3;181;26;0;0;0;0;0;0
7;2025-12-04;14;3;182;28;0;0;0;0;0;0
7;2025-12-04;15;3;183;30;0;0;0;0;0;0
7;2025-12-04;16;3;184;32;0;0;0;0;0;0
7;2025-12-04;17;3;185;34;0;0;0;0;0;0
7;2025-12-04;18;3;186;36;0;0;0;0;0;0
7;2025-12-04;19;3;187;38;0;0;0;0;0;0
7;2025-12-04;20;3;188;40;0;0;0;0;0;0
7;2025-12-04;21;3;189;42;0;0;0;0;0;0
7;2025-12-04;22;3;190;44;0;0;0;0;0;0
7;2025-12-04;23;3;191;46;0;0;0;0;0;0
7;2025-12-05;0;4;168;0;1;0;0;0;0;0
7;2025-12-05;1;4;169;2;1;0;0;0;0;0
7;2025-12-05;2;4;170;4;1;0;0;0;0;0
7;2025-12-05;3;4;171;6;1;0;0;0;0;0
7;2025-12-05;4;4;172;8;1;0;0;0;0;0
7;2025-12-05;5;4;173;10;1;0;0;0;0;0
7;2025-12-05;6;4;174;12;0;0;0;0;0;0
7;2025-12-05;7;4;175;14;0;0;0;0;0;0
7;2025-12-05;8;4;176;16;0;0;0;0;0;0
7;2025-12-05;9;4;177;18;0;0;0;0;0;0
7;2025-12-05;10;4;178;20;0;0;0;0;0;0
7;2025-12-05;11;4;179;22;0;0;0;0;0;0
7;2025-12-05;12;4;180;24;0;0;0;0;0;0
7;2025-12-05;13;4;181;26;0;0;0;0;0;0
7;2025-12-05;14;4;182;28;0;0;0;0;0;0
7;2025-12-05;15;4;183;30;0;0;0;0;0;0
7;2025-12-05;16;4;184;32;0;0;0;0;0;0
7;2025-12-05;17;4;185;34;0;0;0;0;0;0
7;2025-12-05;18;4;186;36;0;0;0;0;0;0
7;2025-12-05;19;4;187;38;0;0;0;0;0;0
7;2025-12-05;20;4;188;40;0;0;0;0;0;0
7;2025-12-05;21;4;189;42;0;0;0;0;0;0
7;2025-12-05;22;4;190;44;0;0;0;0;0;0
7;2025-12-05;23;4;191;46;0;0;0;0;0;0
7;2025-12-06;0;5;168;1;1;1;0;0;0;0
7;2025-12-06;1;5;169;3;1;1;0;0;0;0
7;2025-12-06;2;5;170;5;1;1;0;0;0;0
7;2025-12-06;3;5;171;7;1;1;0;0;0;0
7;2025-12-06;4;5;172;9;1;1;0;0;0;0
7;2025-12-06;5;5;173;11;1;1;0;0;0;0
7;2025-12-06;6;5;174;13;0;1;0;0;0;0
7;2025-12-06;7;5;175;15;0;1;0;0;0;0
7;2025-12-06;8;5;176;17;0;1;0;0;0;0
7;2025-12-06;9;5;177;19;0;1;0;0;0;0
7;2025-12-06;10;5;178;21;0;1;0;0;0;0
7;2025-12-06;11;5;179;23;0;1;0;0;0;0
7;2025-12-06;12;5;180;25;0;1;0;0;0;0
7;2025-12-06;13;5;181;27;0;1;0;0;0;0
7;2025-12-06;14;5;182;29;0;1;0;0;0;0
7;2025-12-06;15;5;183;31;0;1;0;0;0;0
7;2025-12-06;16;5;184;33;0;1;0;0;0;0
7;2025-12-06;17;5;185;35;0;1;0;0;0;0
7;2025-12-06;18;5;186;37;0;1;0;0;0;0
7;2025-12-06;19;5;187;39;0;1;0;0;0;0
7;2025-12-06;20;5;188;41;0;1;0;0;0;0
7;2025-12-06;21;5;189;43;0;1;0;0;0;0
7;2025-12-06;22;5;190;45;0;1;0;0;0;0
7;2025-12-06;23;5;191;47;0;1;0;0;0;0
7;2025-12-07;0;6;168;1;1;1;0;0;0;0
7;2025-12-07;1;6;169;3;1;1;0;0;0;0
7;2025-12-07;2;6;170;5;1;1;0;0;0;0
7;2025-12-07;3;6;171;7;1;1;0;0;0;0
7;2025-12-07;4;6;172;9;1;1;0;0;0;0
7;2025-12-07;5;6;173;11;1;1;0;0;0;0
7;2025-12-07;6;6;174;13;0;1;0;0;0;0
7;2025-12-07;7;6;175;15;0;1;0;0;0;0
7;2025-12-07;8;6;176;17;0;1;0;0;0;0
7;2025-12-07;9;6;177;19;0;1;0;0;0;0
7;2025-12-07;10;6;178;21;0;1;0;0;0;0
7;2025-12-07;11;6;179;23;0;1;0;0;0;0
7;2025-12-07;12;6;180;25;0;1;0;0;0;0
7;2025-12-07;13;6;181;27;0;1;0;0;0;0
7;2025-12-07;14;6;182;29;0;1;0;0;0;0
7;2025-12-07;15;6;183;31;0;1;0;0;0;0
7;2025-12-07;16;6;184;33;0;1;0;0;0;0
7;2025-12-07;17;6;185;35;0;1;0;0;0;0
7;2025-12-07;18;6;186;37;0;1;0;0;0;0
7;2025-12-07;19;6;187;39;0;1;0;0;0;0
7;2025-12-07;20;6;188;41;0;1;0;0;0;0
7;2025-12-07;21;6;189;43;0;1;0;0;0;0
7;2025-12-07;22;6;190;45;0;1;0;0;0;0
7;2025-12-07;23;6;191;47;0;1;0;0;0;0
7;2025-12-08;0;0;168;0;1;0;0;0;0;0
7;2025-12-08;1;0;169;2;1;0;0;0;0;0
7;2025-12-08;2;0;170;4;1;0;0;0;0;0
7;2025-12-08;3;0;171;6;1;0;0;0;0;0
7;2025-12-08;4;0;172;8;1;0;0;0;0;0
7;2025-12-08;5;0;173;10;1;0;0;0;0;0
7;2025-12-08;6;0;174;12;0;0;0;0;0;0
7;2025-12-08;7;0;175;14;0;0;0;0;0;0
7;2025-12-08;8;0;176;16;0;0;0;0;0;0
7;2025-12-08;9;0;177;18;0;0;0;0;0;0
7;2025-12-08;10;0;178;20;0;0;0;0;0;0
7;2025-12-08;11;0;179;22;0;0;0;0;0;0
7;2025-12-08;12;0;180;24;0;0;0;0;0;0
7;2025-12-08;13;0;181;26;0;0;0;0;0;0
7;2025-12-08;14;0;182;28;0;0;0;0;0;0
7;2025-12-08;15;0;183;30;0;0;0;0;0;0
7;2025-12-08;16;0;184;32;0;0;0;0;0;0
7;2025-12-08;17;0;185;34;0;0;0;0;0;0
7;2025-12-08;18;0;186;36;0;0;0;0;0;0
7;2025-12-08;19;0;187;38;0;0;0;0;0;0
7;2025-12-08;20;0;188;40;0;0;0;0;0;0
7;2025-12-08;21;0;189;42;0;0;0;0;0;0
7;2025-12-08;22;0;190;44;0;0;0;0;0;0
7;2025-12-08;23;0;191;46;0;0;0;0;0;0
7;2025-12-09;0;1;168;0;1;0;0;0;0;0
7;2025-12-09;1;1;169;2;1;0;0;0;0;0
7;2025-12-09;2;1;170;4;1;0;0;0;0;0
7;2025-12-09;3;1;171;6;1;0;0;0;0;0
7;2025-12-09;4;1;172;8;1;0;0;0;0;0
7;2025-12-09;5;1;173;10;1;0;0;0;0;0
7;2025-12-09;6;1;174;12;0;0;0;0;0;0
7;2025-12-09;7;1;175;14;0;0;0;0;0;0
7;2025-12-09;8;1;176;16;0;0;0;0;0;0
7;2025-12-09;9;1;177;18;0;0;0;0;0;0
7;2025-12-09;10;1;178;20;0;0;0;0;0;0
7;2025-12-09;11;1;179;22;0;0;0;0;0;0
7;2025-12-09;12;1;180;24;0;0;0;0;0;0
7;2025-12-09;13;1;181;26;0;0;0;0;0;0
7;2025-12-09;14;1;182;28;0;0;0;0;0;0
7;2025-12-09;15;1;183;30;0;0;0;0;0;0
7;2025-12-09;16;1;184;32;0;0;0;0;0;0
7;2025-12-09;17;1;185;34;0;0;0;0;0;0
7;2025-12-09;18;1;186;36;0;0;0;0;0;0
7;2025-12-09;19;1;187;38;0;0;0;0;0;0
7;2025-12-09;20;1;188;40;0;0;0;0;0;0
7;2025-12-09;21;1;189;42;0;0;0;0;0;0
7;2025-12-09;22;1;190;44;0;0;0;0;0;0
7;2025-12-09;23;1;191;46;0;0;0;0;0;0
7;2025-12-10;0;2;168;0;1;0;0;0;0;0
7;2025-12-10;1;2;169;2;1;0;0;0;0;0
7;2025-12-10;2;2;170;4;1;0;0;0;0;0
7;2025-12-10;3;2;171;6;1;0;0;0;0;0
7;2025-12-10;4;2;172;8;1;0;0;0;0;0
7;2025-12-10;5;2;173;10;1;0;0;0;0;0
7;2025-12-10;6;2;174;12;0;0;0;0;0;0
7;2025-12-10;7;2;175;14;0;0;0;0;0;0
7;2025-12-10;8;2;176;16;0;0;0;0;0;0
7;2025-12-10;9;2;177;18;0;0;0;0;0;0
7;2025-12-10;10;2;178;20;0;0;0;0;0;0
7;2025-12-10;11;2;179;22;0;0;0;0;0;0
7;2025-12-10;12;2;180;24;0;0;0;0;0;0
7;2025-12-10;13;2;181;26;0;0;0;0;0;0
7;2025-12-10;14;2;182;28;0;0;0;0;0;0
7;2025-12-10;15;2;183;30;0;0;0;0;0;0
7;2025-12-10;16;2;184;32;0;0;0;0;0;0
7;2025-12-10;17;2;185;34;0;0;0;0;0;0
7;2025-12-10;18;2;186;36;0;0;0;0;0;0
7;2025-12-10;19;2;187;38;0;0;0;0;0;0
7;2025-12-10;20;2;188;40;0;0;0;0;0;0
7;2025-12-10;21;2;189;42;0;0;0;0;0;0
7;2025-12-10;22;2;190;44;0;0;0;0;0;0
7;2025-12-10;23;2;191;46;0;0;0;0;0;0
7;2025-12-11;0;3;168;0;1;0;0;0;0;0
7;2025-12-11;1;3;169;2;1;0;0;0;0;0
7;2025-12-11;2;3;170;4;1;0;0;0;0;0
7;2025-12-11;3;3;171;6;1;0;0;0;0;0
7;2025-12-11;4;3;172;8;1;0;0;0;0;0
7;2025-12-11;5;3;173;10;1;0;0;0;0;0
7;2025-12-11;6;3;174;12;0;0;0;0;0;0
7;2025-12-11;7;3;175;14;0;0;0;0;0;0
7;2025-12-11;8;3;176;16;0;0;0;0;0;0
7;2025-12-11;9;3;177;18;0;0;0;0;0;0
7;2025-12-11;10;3;178;20;0;0;0;0;0;0
7;2025-12-11;11;3;179;22;0;0;0;0;0;0
7;2025-12-11;12;3;180;24;0;0;0;0;0;0
7;2025-12-11;13;3;181;26;0;0;0;0;0;0
7;2025-12-11;14;3;182;28;0;0;0;0;0;0
7;2025-12-11;15;3;183;30;0;0;0;0;0;0
7;2025-12-11;16;3;184;32;0;0;0;0;0;0
7;2025-12-11;17;3;185;34;0;0;0;0;0;0
7;2025-12-11;18;3;186;36;0;0;0;0;0;0
7;2025-12-11;19;3;187;38;0;0;0;0;0;0
7;2025-12-11;20;3;188;40;0;0;0;0;0;0
7;2025-12-11;21;3;189;42;0;0;0;0;0;0
7;2025-12-11;22;3;190;44;0;0;0;0;0;0
7;2025-12-11;23;3;191;46;0;0;0;0;0;0
7;2025-12-12;0;4;168;0;1;0;0;0;0;0
7;2025-12-12;1;4;169;2;1;0;0;0;0;0
7;2025-12-12;2;4;170;4;1;0;0;0;0;0
7;2025-12-12;3;4;171;6;1;0;0;0;0;0
7;2025-12-12;4;4;172;8;1;0;0;0;0;0
7;2025-12-12;5;4;173;10;1;0;0;0;0;0
7;2025-12-12;6;4;174;12;0;0;0;0;0;0
7;2025-12-12;7;4;175;14;0;0;0;0;0;0
7;2025-12-12;8;4;176;16;0;0;0;0;0;0
7;2025-12-12;9;4;177;18;0;0;0;0;0;0
7;2025-12-12;10;4;178;20;0;0;0;0;0;0
7;2025-12-12;11;4;179;22;0;0;0;0;0;0
7;2025-12-12;12;4;180;24;0;0;0;0;0;0
7;2025-12-12;13;4;181;26;0;0;0;0;0;0
7;2025-12-12;14;4;182;28;0;0;0;0;0;0
7;2025-12-12;15;4;183;30;0;0;0;0;0;0
7;2025-12-12;16;4;184;32;0;0;0;0;0;0
7;2025-12-12;17;4;185;34;0;0;0;0;0;0
7;2025-12-12;18;4;186;36;0;0;0;0;0;0
7;2025-12-12;19;4;187;38;0;0;0;0;0;0
7;2025-12-12;20;4;188;40;0;0;0;0;0;0
7;2025-12-12;21;4;189;42;0;0;0;0;0;0
7;2025-12-12;22;4;190;44;0;0;0;0;0;0
7;2025-12-12;23;4;191;46;0;0;0;0;0;0
7;2025-12-13;0;5;168;1;1;1;0;0;0;0
7;2025-12-13;1;5;169;3;1;1;0;0;0;0
7;2025-12-13;2;5;170;5;1;1;0;0;0;0
7;2025-12-13;3;5;171;7;1;1;0;0;0;0
7;2025-12-13;4;5;172;9;1;1;0;0;0;0
7;2025-12-13;5;5;173;11;1;1;0;0;0;0
7;2025-12-13;6;5;174;13;0;1;0;0;0;0
7;2025-12-13;7;5;175;15;0;1;0;0;0;0
7;2025-12-13;8;5;176;17;0;1;0;0;0;0
7;2025-12-13;9;5;177;19;0;1;0;0;0;0
7;2025-12-13;10;5;178;21;0;1;0;0;0;0
7;2025-12-13;11;5;179;23;0;1;0;0;0;0
7;2025-12-13;12;5;180;25;0;1;0;0;0;0
7;2025-12-13;13;5;181;27;0;1;0;0;0;0
7;2025-12-13;14;5;182;29;0;1;0;0;0;0
7;2025-12-13;15;5;183;31;0;1;0;0;0;0
7;2025-12-13;16;5;184;33;0;1;0;0;0;0
7;2025-12-13;17;5;185;35;0;1;0;0;0;0
7;2025-12-13;18;5;186;37;0;1;0;0;0;0
7;2025-12-13;19;5;187;39;0;1;0;0;0;0
7;2025-12-13;20;5;188;41;0;1;0;0;0;0
7;2025-12-13;21;5;189;43;0;1;0;0;0;0
7;2025-12-13;22;5;190;45;0;1;0;0;0;0
7;2025-12-13;23;5;191;47;0;1;0;0;0;0
7;2025-12-14;0;6;168;1;1;1;0;0;0;0
7;2025-12-14;1;6;169;3;1;1;0;0;0;0
7;2025-12-14;2;6;170;5;1;1;0;0;0;0
7;2025-12-14;3;6;171;7;1;1;0;0;0;0
7;2025-12-14;4;6;172;9;1;1;0;0;0;0
7;2025-12-14;5;6;173;11;1;1;0;0;0;0
7;2025-12-14;6;6;174;13;0;1;0;0;0;0
7;2025-12-14;7;6;175;15;0;1;0;0;0;0
7;2025-12-14;8;6;176;17;0;1;0;0;0;0
7;2025-12-14;9;6;177;19;0;1;0;0;0;0
7;2025-12-14;10;6;178;21;0;1;0;0;0;0
7;2025-12-14;11;6;179;23;0;1;0;0;0;0
7;2025-12-14;12;6;180;25;0;1;0;0;0;0
7;2025-12-14;13;6;181;27;0;1;0;0;0;0
7;2025-12-14;14;6;182;29;0;1;0;0;0;0
7;2025-12-14;15;6;183;31;0;1;0;0;0;0
7;2025-12-14;16;6;184;33;0;1;0;0;0;0
7;2025-12-14;17;6;185;35;0;1;0;0;0;0
7;2025-12-14;18;6;186;37;0;1;0;0;0;0
7;2025-12-14;19;6;187;39;0;1;0;0;0;0
7;2025-12-14;20;6;188;41;0;1;0;0;0;0
7;2025-12-14;21;6;189;43;0;1;0;0;0;0
7;2025-12-14;22;6;190;45;0;1;0;0;0;0
7;2025-12-14;23;6;191;47;0;1;0;0;0;0
7;2025-12-15;0;0;168;0;1;0;0;0;0;0
7;2025-12-15;1;0;169;2;1;0;0;0;0;0
7;2025-12-15;2;0;170;4;1;0;0;0;0;0
7;2025-12-15;3;0;171;6;1;0;0;0;0;0
7;2025-12-15;4;0;172;8;1;0;0;0;0;0
7;2025-12-15;5;0;173;10;1;0;0;0;0;0
7;2025-12-15;6;0;174;12;0;0;0;0;0;0
7;2025-12-15;7;0;175;14;0;0;0;0;0;0
7;2025-12-15;8;0;176;16;0;0;0;0;0;0
7;2025-12-15;9;0;177;18;0;0;0;0;0;0
7;2025-12-15;10;0;178;20;0;0;0;0;0;0
7;2025-12-15;11;0;179;22;0;0;0;0;0;0
7;2025-12-15;12;0;180;24;0;0;0;0;0;0
7;2025-12-15;13;0;181;26;0;0;0;0;0;0
7;2025-12-15;14;0;182;28;0;0;0;0;0;0
7;2025-12-15;15;0;183;30;0;0;0;0;0;0
7;2025-12-15;16;0;184;32;0;0;0;0;0;0
7;2025-12-15;17;0;185;34;0;0;0;0;0;0
7;2025-12-15;18;0;186;36;0;0;0;0;0;0
7;2025-12-15;19;0;187;38;0;0;0;0;0;0
7;2025-12-15;20;0;188;40;0;0;0;0;0;0
7;2025-12-15;21;0;189;42;0;0;0;0;0;0
7;2025-12-15;22;0;190;44;0;0;0;0;0;0
7;2025-12-15;23;0;191;46;0;0;0;0;0;0
7;2025-12-16;0;1;168;0;1;0;0;0;0;0
7;2025-12-16;1;1;169;2;1;0;0;0;0;0
7;2025-12-16;2;1;170;4;1;0;0;0;0;0
7;2025-12-16;3;1;171;6;1;0;0;0;0;0
7;2025-12-16;4;1;172;8;1;0;0;0;0;0
7;2025-12-16;5;1;173;10;1;0;0;0;0;0
7;2025-12-16;6;1;174;12;0;0;0;0;0;0
7;2025-12-16;7;1;175;14;0;0;0;0;0;0
7;2025-12-16;8;1;176;16;0;0;0;0;0;0
7;2025-12-16;9;1;177;18;0;0;0;0;0;0
7;2025-12-16;10;1;178;20;0;0;0;0;0;0
7;2025-12-16;11;1;179;22;0;0;0;0;0;0
7;2025-12-16;12;1;180;24;0;0;0;0;0;0
7;2025-12-16;13;1;181;26;0;0;0;0;0;0
7;2025-12-16;14;1;182;28;0;0;0;0;0;0
7;2025-12-16;15;1;183;30;0;0;0;0;0;0
7;2025-12-16;16;1;184;32;0;0;0;0;0;0
7;2025-12-16;17;1;185;34;0;0;0;0;0;0
7;2025-12-16;18;1;186;36;0;0;0;0;0;0
7;2025-12-16;19;1;187;38;0;0;0;0;0;0
7;2025-12-16;20;1;188;40;0;0;0;0;0;0
7;2025-12-16;21;1;189;42;0;0;0;0;0;0
7;2025-12-16;22;1;190;44;0;0;0;0;0;0
7;2025-12-16;23;1;191;46;0;0;0;0;0;0
7;2025-12-17;0;2;168;0;1;0;0;0;0;0
7;2025-12-17;1;2;169;2;1;0;0;0;0;0
7;2025-12-17;2;2;170;4;1;0;0;0;0;0
7;2025-12-17;3;2;171;6;1;0;0;0;0;0
7;2025-12-17;4;2;172;8;1;0;0;0;0;0
7;2025-12-17;5;2;173;10;1;0;0;0;0;0
7;2025-12-17;6;2;174;12;0;0;0;0;0;0
7;2025-12-17;7;2;175;14;0;0;0;0;0;0
7;2025-12-17;8;2;176;16;0;0;0;0;0;0
7;2025-12-17;9;2;177;18;0;0;0;0;0;0
7;2025-12-17;10;2;178;20;0;0;0;0;0;0
7;2025-12-17;11;2;179;22;0;0;0;0;0;0
7;2025-12-17;12;2;180;24;0;0;0;0;0;0
7;2025-12-17;13;2;181;26;0;0;0;0;0;0
7;2025-12-17;14;2;182;28;0;0;0;0;0;0
7;2025-12-17;15;2;183;30;0;0;0;0;0;0
7;2025-12-17;16;2;184;32;0;0;0;0;0;0
7;2025-12-17;17;2;185;34;0;0;0;0;0;0
7;2025-12-17;18;2;186;36;0;0;0;0;0;0
7;2025-12-17;19;2;187;38;0;0;0;0;0;0
7;2025-12-17;20;2;188;40;0;0;0;0;0;0
7;2025-12-17;21;2;189;42;0;0;0;0;0;0
7;2025-12-17;22;2;190;44;0;0;0;0;0;0
7;2025-12-17;23;2;191;46;0;0;0;0;0;0
7;2025-12-18;0;3;168;0;1;0;0;0;0;0
7;2025-12-18;1;3;169;2;1;0;0;0;0;0
7;2025-12-18;2;3;170;4;1;0;0;0;0;0
7;2025-12-18;3;3;171;6;1;0;0;0;0;0
7;2025-12-18;4;3;172;8;1;0;0;0;0;0
7;2025-12-18;5;3;173;10;1;0;0;0;0;0
7;2025-12-18;6;3;174;12;0;0;0;0;0;0
7;2025-12-18;7;3;175;14;0;0;0;0;0;0
7;2025-12-18;8;3;176;16;0;0;0;0;0;0
7;2025-12-18;9;3;177;18;0;0;0;0;0;0
7;2025-12-18;10;3;178;20;0;0;0;0;0;0
7;2025-12-18;11;3;179;22;0;0;0;0;0;0
7;2025-12-18;12;3;180;24;0;0;0;0;0;0
7;2025-12-18;13;3;181;26;0;0;0;0;0;0
7;2025-12-18;14;3;182;28;0;0;0;0;0;0
7;2025-12-18;15;3;183;30;0;0;0;0;0;0
7;2025-12-18;16;3;184;32;0;0;0;0;0;0
7;2025-12-18;17;3;185;34;0;0;0;0;0;0
7;2025-12-18;18;3;186;36;0;0;0;0;0;0
7;2025-12-18;19;3;187;38;0;0;0;0;0;0
7;2025-12-18;20;3;188;40;0;0;0;0;0;0
7;2025-12-18;21;3;189;42;0;0;0;0;0;0
7;2025-12-18;22;3;190;44;0;0;0;0;0;0
7;2025-12-18;23;3;191;46;0;0;0;0;0;0
7;2025-12-19;0;4;168;0;1;0;0;0;0;0
7;2025-12-19;1;4;169;2;1;0;0;0;0;0
7;2025-12-19;2;4;170;4;1;0;0;0;0;0
7;2025-12-19;3;4;171;6;1;0;0;0;0;0
7;2025-12-19;4;4;172;8;1;0;0;0;0;0
7;2025-12-19;5;4;173;10;1;0;0;0;0;0
7;2025-12-19;6;4;174;12;0;0;0;0;0;0
7;2025-12-19;7;4;175;14;0;0;0;0;0;0
7;2025-12-19;8;4;176;16;0;0;0;0;0;0
7;2025-12-19;9;4;177;18;0;0;0;0;0;0
7;2025-12-19;10;4;178;20;0;0;0;0;0;0
7;2025-12-19;11;4;179;22;0;0;0;0;0;0
7;2025-12-19;12;4;180;24;0;0;0;0;0;0
7;2025-12-19;13;4;181;26;0;0;0;0;0;0
7;2025-12-19;14;4;182;28;0;0;0;0;0;0
7;2025-12-19;15;4;183;30;0;0;0;0;0;0
7;2025-12-19;16;4;184;32;0;0;0;0;0;0
7;2025-12-19;17;4;185;34;0;0;0;0;0;0
7;2025-12-19;18;4;186;36;0;0;0;0;0;0
7;2025-12-19;19;4;187;38;0;0;0;0;0;0
7;2025-12-19;20;4;188;40;0;0;0;0;0;0
7;2025-12-19;21;4;189;42;0;0;0;0;0;0
7;2025-12-19;22;4;190;44;0;0;0;0;0;0
7;2025-12-19;23;4;191;46;0;0;0;0;0;0
7;2025-12-20;0;5;168;1;1;1;0;0;0;0
7;2025-12-20;1;5;169;3;1;1;0;0;0;0
7;2025-12-20;2;5;170;5;1;1;0;0;0;0
7;2025-12-20;3;5;171;7;1;1;0;0;0;0
7;2025-12-20;4;5;172;9;1;1;0;0;0;0
7;2025-12-20;5;5;173;11;1;1;0;0;0;0
7;2025-12-20;6;5;174;13;0;1;0;0;0;0
7;2025-12-20;7;5;175;15;0;1;0;0;0;0
7;2025-12-20;8;5;176;17;0;1;0;0;0;0
7;2025-12-20;9;5;177;19;0;1;0;0;0;0
7;2025-12-20;10;5;178;21;0;1;0;0;0;0
7;2025-12-20;11;5;179;23;0;1;0;0;0;0
7;2025-12-20;12;5;180;25;0;1;0;0;0;0
7;2025-12-20;13;5;181;27;0;1;0;0;0;0
7;2025-12-20;14;5;182;29;0;1;0;0;0;0
7;2025-12-20;15;5;183;31;0;1;0;0;0;0
7;2025-12-20;16;5;184;33;0;1;0;0;0;0
7;2025-12-20;17;5;185;35;0;1;0;0;0;0
7;2025-12-20;18;5;186;37;0;1;0;0;0;0
7;2025-12-20;19;5;187;39;0;1;0;0;0;0
7;2025-12-20;20;5;188;41;0;1;0;0;0;0
7;2025-12-20;21;5;189;43;0;1;0;0;0;0
7;2025-12-20;22;5;190;45;0;1;0;0;0;0
7;2025-12-20;23;5;191;47;0;1;0;0;0;0
7;2025-12-21;0;6;168;1;1;1;0;0;0;0
7;2025-12-21;1;6;169;3;1;1;0;0;0;0
7;2025-12-21;2;6;170;5;1;1;0;0;0;0
7;2025-12-21;3;6;171;7;1;1;0;0;0;0
7;2025-12-21;4;6;172;9;1;1;0;0;0;0
7;2025-12-21;5;6;173;11;1;1;0;0;0;0
7;2025-12-21;6;6;174;13;0;1;0;0;0;0
7;2025-12-21;7;6;175;15;0;1;0;0;0;0
7;2025-12-21;8;6;176;17;0;1;0;0;0;0
7;2025-12-21;9;6;177;19;0;1;0;0;0;0
7;2025-12-21;10;6;178;21;0;1;0;0;0;0
7;2025-12-21;11;6;179;23;0;1;0;0;0;0
7;2025-12-21;12;6;180;25;0;1;0;0;0;0
7;2025-12-21;13;6;181;27;0;1;0;0;0;0
7;2025-12-21;14;6;182;29;0;1;0;0;0;0
7;2025-12-21;15;6;183;31;0;1;0;0;0;0
7;2025-12-21;16;6;184;33;0;1;0;0;0;0
7;2025-12-21;17;6;185;35;0;1;0;0;0;0
7;2025-12-21;18;6;186;37;0;1;0;0;0;0
7;2025-12-21;19;6;187;39;0;1;0;0;0;0
7;2025-12-21;20;6;188;41;0;1;0;0;0;0
7;2025-12-21;21;6;189;43;0;1;0;0;0;0
7;2025-12-21;22;6;190;45;0;1;0;0;0;0
7;2025-12-21;23;6;191;47;0;1;0;0;0;0
7;2025-12-22;0;0;168;0;1;0;0;0;0;0
7;2025-12-22;1;0;169;2;1;0;0;0;0;0
7;2025-12-22;2;0;170;4;1;0;0;0;0;0
7;2025-12-22;3;0;171;6;1;0;0;0;0;0
7;2025-12-22;4;0;172;8;1;0;0;0;0;0
7;2025-12-22;5;0;173;10;1;0;0;0;0;0
7;2025-12-22;6;0;174;12;0;0;0;0;0;0
7;2025-12-22;7;0;175;14;0;0;0;0;0;0
7;2025-12-22;8;0;176;16;0;0;0;0;0;0
7;2025-12-22;9;0;177;18;0;0;0;0;0;0
7;2025-12-22;10;0;178;20;0;0;0;0;0;0
7;2025-12-22;11;0;179;22;0;0;0;0;0;0
7;2025-12-22;12;0;180;24;0;0;0;0;0;0
7;2025-12-22;13;0;181;26;0;0;0;0;0;0
7;2025-12-22;14;0;182;28;0;0;0;0;0;0
7;2025-12-22;15;0;183;30;0;0;0;0;0;0
7;2025-12-22;16;0;184;32;0;0;0;0;0;0
7;2025-12-22;17;0;185;34;0;0;0;0;0;0
7;2025-12-22;18;0;186;36;0;0;0;0;0;0
7;2025-12-22;19;0;187;38;0;0;0;0;0;0
7;2025-12-22;20;0;188;40;0;0;0;0;0;0
7;2025-12-22;21;0;189;42;0;0;0;0;0;0
7;2025-12-22;22;0;190;44;0;0;0;0;0;0
7;2025-12-22;23;0;191;46;0;0;0;0;0;0
7;2025-12-23;0;1;168;0;1;0;0;0;0;0
7;2025-12-23;1;1;169;2;1;0;0;0;0;0
7;2025-12-23;2;1;170;4;1;0;0;0;0;0
7;2025-12-23;3;1;171;6;1;0;0;0;0;0
7;2025-12-23;4;1;172;8;1;0;0;0;0;0
7;2025-12-23;5;1;173;10;1;0;0;0;0;0
7;2025-12-23;6;1;174;12;0;0;0;0;0;0
7;2025-12-23;7;1;175;14;0;0;0;0;0;0
7;2025-12-23;8;1;176;16;0;0;0;0;0;0
7;2025-12-23;9;1;177;18;0;0;0;0;0;0
7;2025-12-23;10;1;178;20;0;0;0;0;0;0
7;2025-12-23;11;1;179;22;0;0;0;0;0;0
7;2025-12-23;12;1;180;24;0;0;0;0;0;0
7;2025-12-23;13;1;181;26;0;0;0;0;0;0
7;2025-12-23;14;1;182;28;0;0;0;0;0;0
7;2025-12-23;15;1;183;30;0;0;0;0;0;0
7;2025-12-23;16;1;184;32;0;0;0;0;0;0
7;2025-12-23;17;1;185;34;0;0;0;0;0;0
7;2025-12-23;18;1;186;36;0;0;0;0;0;0
7;2025-12-23;19;1;187;38;0;0;0;0;0;0
7;2025-12-23;20;1;188;40;0;0;0;0;0;0
7;2025-12-23;21;1;189;42;0;0;0;0;0;0
7;2025-12-23;22;1;190;44;0;0;0;0;0;0
7;2025-12-23;23;1;191;46;0;0;0;0;0;0
7;2025-12-24;0;2;168;0;1;0;0;0;0;0
7;2025-12-24;1;2;169;2;1;0;0;0;0;0
7;2025-12-24;2;2;170;4;1;0;0;0;0;0
7;2025-12-24;3;2;171;6;1;0;0;0;0;0
7;2025-12-24;4;2;172;8;1;0;0;0;0;0
7;2025-12-24;5;2;173;10;1;0;0;0;0;0
7;2025-12-24;6;2;174;12;0;0;0;0;0;0
7;2025-12-24;7;2;175;14;0;0;0;0;0;0
7;2025-12-24;8;2;176;16;0;0;0;0;0;0
7;2025-12-24;9;2;177;18;0;0;0;0;0;0
7;2025-12-24;10;2;178;20;0;0;0;0;0;0
7;2025-12-24;11;2;179;22;0;0;0;0;0;0
7;2025-12-24;12;2;180;24;0;0;0;0;0;0
7;2025-12-24;13;2;181;26;0;0;0;0;0;0
7;2025-12-24;14;2;182;28;0;0;0;0;0;0
7;2025-12-24;15;2;183;30;0;0;0;0;0;0
7;2025-12-24;16;2;184;32;0;0;0;0;0;0
7;2025-12-24;17;2;185;34;0;0;0;0;0;0
7;2025-12-24;18;2;186;36;0;0;0;0;0;0
7;2025-12-24;19;2;187;38;0;0;0;0;0;0
7;2025-12-24;20;2;188;40;0;0;0;0;0;0
7;2025-12-24;21;2;189;42;0;0;0;0;0;0
7;2025-12-24;22;2;190;44;0;0;0;0;0;0
7;2025-12-24;23;2;191;46;0;0;0;0;0;0
7;2025-12-25;0;3;168;0;1;0;0;0;0;0
7;2025-12-25;1;3;169;2;1;0;0;0;0;0
7;2025-12-25;2;3;170;4;1;0;0;0;0;0
7;2025-12-25;3;3;171;6;1;0;0;0;0;0
7;2025-12-25;4;3;172;8;1;0;0;0;0;0
7;2025-12-25;5;3;173;10;1;0;0;0;0;0
7;2025-12-25;6;3;174;12;0;0;0;0;0;0
7;2025-12-25;7;3;175;14;0;0;0;0;0;0
7;2025-12-25;8;3;176;16;0;0;0;0;0;0
7;2025-12-25;9;3;177;18;0;0;0;0;0;0
7;2025-12-25;10;3;178;20;0;0;0;0;0;0
7;2025-12-25;11;3;179;22;0;0;0;0;0;0
7;2025-12-25;12;3;180;24;0;0;0;0;0;0
7;2025-12-25;13;3;181;26;0;0;0;0;0;0
7;2025-12-25;14;3;182;28;0;0;0;0;0;0
7;2025-12-25;15;3;183;30;0;0;0;0;0;0
7;2025-12-25;16;3;184;32;0;0;0;0;0;0
7;2025-12-25;17;3;185;34;0;0;0;0;0;0
7;2025-12-25;18;3;186;36;0;0;0;0;0;0
7;2025-12-25;19;3;187;38;0;0;0;0;0;0
7;2025-12-25;20;3;188;40;0;0;0;0;0;0
7;2025-12-25;21;3;189;42;0;0;0;0;0;0
7;2025-12-25;22;3;190;44;0;0;0;0;0;0
7;2025-12-25;23;3;191;46;0;0;0;0;0;0
7;2025-12-26;0;4;168;0;1;0;0;0;0;0
7;2025-12-26;1;4;169;2;1;0;0;0;0;0
7;2025-12-26;2;4;170;4;1;0;0;0;0;0
7;2025-12-26;3;4;171;6;1;0;0;0;0;0
7;2025-12-26;4;4;172;8;1;0;0;0;0;0
7;2025-12-26;5;4;173;10;1;0;0;0;0;0
7;2025-12-26;6;4;174;12;0;0;0;0;0;0
7;2025-12-26;7;4;175;14;0;0;0;0;0;0
7;2025-12-26;8;4;176;16;0;0;0;0;0;0
7;2025-12-26;9;4;177;18;0;0;0;0;0;0
7;2025-12-26;10;4;178;20;0;0;0;0;0;0
7;2025-12-26;11;4;179;22;0;0;0;0;0;0
7;2025-12-26;12;4;180;24;0;0;0;0;0;0
7;2025-12-26;13;4;181;26;0;0;0;0;0;0
7;2025-12-26;14;4;182;28;0;0;0;0;0;0
7;2025-12-26;15;4;183;30;0;0;0;0;0;0
7;2025-12-26;16;4;184;32;0;0;0;0;0;0
7;2025-12-26;17;4;185;34;0;0;0;0;0;0
7;2025-12-26;18;4;186;36;0;0;0;0;0;0
7;2025-12-26;19;4;187;38;0;0;0;0;0;0
7;2025-12-26;20;4;188;40;0;0;0;0;0;0
7;2025-12-26;21;4;189;42;0;0;0;0;0;0
7;2025-12-26;22;4;190;44;0;0;0;0;0;0
7;2025-12-26;23;4;191;46;0;0;0;0;0;0
7;2025-12-27;0;5;168;1;1;1;0;0;0;0
7;2025-12-27;1;5;169;3;1;1;0;0;0;0
7;2025-12-27;2;5;170;5;1;1;0;0;0;0
7;2025-12-27;3;5;171;7;1;1;0;0;0;0
7;2025-12-27;4;5;172;9;1;1;0;0;0;0
7;2025-12-27;5;5;173;11;1;1;0;0;0;0
7;2025-12-27;6;5;174;13;0;1;0;0;0;0
7;2025-12-27;7;5;175;15;0;1;0;0;0;0
7;2025-12-27;8;5;176;17;0;1;0;0;0;0
7;2025-12-27;9;5;177;19;0;1;0;0;0;0
7;2025-12-27;10;5;178;21;0;1;0;0;0;0
7;2025-12-27;11;5;179;23;0;1;0;0;0;0
7;2025-12-27;12;5;180;25;0;1;0;0;0;0
7;2025-12-27;13;5;181;27;0;1;0;0;0;0
7;2025-12-27;14;5;182;29;0;1;0;0;0;0
7;2025-12-27;15;5;183;31;0;1;0;0;0;0
7;2025-12-27;16;5;184;33;0;1;0;0;0;0
7;2025-12-27;17;5;185;35;0;1;0;0;0;0
7;2025-12-27;18;5;186;37;0;1;0;0;0;0
7;2025-12-27;19;5;187;39;0;1;0;0;0;0
7;2025-12-27;20;5;188;41;0;1;0;0;0;0
7;2025-12-27;21;5;189;43;0;1;0;0;0;0
7;2025-12-27;22;5;190;45;0;1;0;0;0;0
7;2025-12-27;23;5;191;47;0;1;0;0;0;0
7;2025-12-28;0;6;168;1;1;1;0;0;0;0
7;2025-12-28;1;6;169;3;1;1;0;0;0;0
7;2025-12-28;2;6;170;5;1;1;0;0;0;0
7;2025-12-28;3;6;171;7;1;1;0;0;0;0
7;2025-12-28;4;6;172;9;1;1;0;0;0;0
7;2025-12-28;5;6;173;11;1;1;0;0;0;0
7;2025-12-28;6;6;174;13;0;1;0;0;0;0
7;2025-12-28;7;6;175;15;0;1;0;0;0;0
7;2025-12-28;8;6;176;17;0;1;0;0;0;0
7;2025-12-28;9;6;177;19;0;1;0;0;0;0
7;2025-12-28;10;6;178;21;0;1;0;0;0;0
7;2025-12-28;11;6;179;23;0;1;0;0;0;0
7;2025-12-28;12;6;180;25;0;1;0;0;0;0
7;2025-12-28;13;6;181;27;0;1;0;0;0;0
7;2025-12-28;14;6;182;29;0;1;0;0;0;0
7;2025-12-28;15;6;183;31;0;1;0;0;0;0
7;2025-12-28;16;6;184;33;0;1;0;0;0;0
7;2025-12-28;17;6;185;35;0;1;0;0;0;0
7;2025-12-28;18;6;186;37;0;1;0;0;0;0
7;2025-12-28;19;6;187;39;0;1;0;0;0;0
7;2025-12-28;20;6;188;41;0;1;0;0;0;0
7;2025-12-28;21;6;189;43;0;1;0;0;0;0
7;2025-12-28;22;6;190;45;0;1;0;0;0;0
7;2025-12-28;23;6;191;47;0;1;0;0;0;0
7;2025-12-29;0;0;168;0;1;0;0;0;0;0
7;2025-12-29;1;0;169;2;1;0;0;0;0;0
7;2025-12-29;2;0;170;4;1;0;0;0;0;0
7;2025-12-29;3;0;171;6;1;0;0;0;0;0
7;2025-12-29;4;0;172;8;1;0;0;0;0;0
7;2025-12-29;5;0;173;10;1;0;0;0;0;0
7;2025-12-29;6;0;174;12;0;0;0;0;0;0
7;2025-12-29;7;0;175;14;0;0;0;0;0;0
7;2025-12-29;8;0;176;16;0;0;0;0;0;0
7;2025-12-29;9;0;177;18;0;0;0;0;0;0
7;2025-12-29;10;0;178;20;0;0;0;0;0;0
7;2025-12-29;11;0;179;22;0;0;0;0;0;0
7;2025-12-29;12;0;180;24;0;0;0;0;0;0
7;2025-12-29;13;0;181;26;0;0;0;0;0;0
7;2025-12-29;14;0;182;28;0;0;0;0;0;0
7;2025-12-29;15;0;183;30;0;0;0;0;0;0
7;2025-12-29;16;0;184;32;0;0;0;0;0;0
7;2025-12-29;17;0;185;34;0;0;0;0;0;0
7;2025-12-29;18;0;186;36;0;0;0;0;0;0
7;2025-12-29;19;0;187;38;0;0;0;0;0;0
7;2025-12-29;20;0;188;40;0;0;0;0;0;0
7;2025-12-29;21;0;189;42;0;0;0;0;0;0
7;2025-12-29;22;0;190;44;0;0;0;0;0;0
7;2025-12-29;23;0;191;46;0;0;0;0;0;0
7;2025-12-30;0;1;168;0;1;0;0;0;0;0
7;2025-12-30;1;1;169;2;1;0;0;0;0;0
7;2025-12-30;2;1;170;4;1;0;0;0;0;0
7;2025-12-30;3;1;171;6;1;0;0;0;0;0
7;2025-12-30;4;1;172;8;1;0;0;0;0;0
7;2025-12-30;5;1;173;10;1;0;0;0;0;0
7;2025-12-30;6;1;174;12;0;0;0;0;0;0
7;2025-12-30;7;1;175;14;0;0;0;0;0;0
7;2025-12-30;8;1;176;16;0;0;0;0;0;0
7;2025-12-30;9;1;177;18;0;0;0;0;0;0
7;2025-12-30;10;1;178;20;0;0;0;0;0;0
7;2025-12-30;11;1;179;22;0;0;0;0;0;0
7;2025-12-30;12;1;180;24;0;0;0;0;0;0
7;2025-12-30;13;1;181;26;0;0;0;0;0;0
7;2025-12-30;14;1;182;28;0;0;0;0;0;0
7;2025-12-30;15;1;183;30;0;0;0;0;0;0
7;2025-12-30;16;1;184;32;0;0;0;0;0;0
7;2025-12-30;17;1;185;34;0;0;0;0;0;0
7;2025-12-30;18;1;186;36;0;0;0;0;0;0
7;2025-12-30;19;1;187;38;0;0;0;0;0;0
7;2025-12-30;20;1;188;40;0;0;0;0;0;0
7;2025-12-30;21;1;189;42;0;0;0;0;0;0
7;2025-12-30;22;1;190;44;0;0;0;0;0;0
7;2025-12-30;23;1;191;46;0;0;0;0;0;0
7;2025-12-31;0;2;168;0;1;1;0;1;0;0
7;2025-12-31;1;2;169;2;1;1;0;1;0;0
7;2025-12-31;2;2;170;4;1;1;0;1;0;0
7;2025-12-31;3;2;171;6;1;1;0;1;0;0
7;2025-12-31;4;2;172;8;1;1;0;1;0;0
7;2025-12-31;5;2;173;10;1;1;0;1;0;0
7;2025-12-31;6;2;174;12;0;1;0;1;0;0
7;2025-12-31;7;2;175;14;0;1;0;1;0;0
7;2025-12-31;8;2;176;16;0;1;0;1;0;0
7;2025-12-31;9;2;177;18;0;1;0;1;0;0
7;2025-12-31;10;2;178;20;0;1;0;1;0;0
7;2025-12-31;11;2;179;22;0;1;0;1;0;0
7;2025-12-31;12;2;180;24;0;1;0;1;0;0
7;2025-12-31;13;2;181;26;0;1;0;1;0;0
7;2025-12-31;14;2;182;28;0;1;0;1;0;0
7;2025-12-31;15;2;183;30;0;1;0;1;0;0
7;2025-12-31;16;2;184;32;0;1;0;1;0;0
7;2025-12-31;17;2;185;34;0;1;0;1;0;0
7;2025-12-31;18;2;186;36;0;1;0;1;0;0
7;2025-12-31;19;2;187;38;0;1;0;1;0;0
7;2025-12-31;20;2;188;40;0;1;0;1;0;0
7;2025-12-31;21;2;189;42;0;1;0;1;0;0
7;2025-12-31;22;2;190;44;0;1;0;1;0;0
7;2025-12-31;23;2;191;46;0;1;0;1;0;0
11;2025-11-01;0;5;264;1;1;0;0;0;1;1
11;2025-11-01;1;5;265;3;1;0;0;0;1;1
11;2025-11-01;2;5;266;5;1;0;0;0;1;1
11;2025-11-01;3;5;267;7;1;0;0;0;1;1
11;2025-11-01;4;5;268;9;1;0;0;0;1;1
11;2025-11-01;5;5;269;11;1;0;0;0;1;1
11;2025-11-01;6;5;270;13;0;0;0;0;1;1
11;2025-11-01;7;5;271;15;0;0;0;0;1;1
11;2025-11-01;8;5;272;17;0;0;0;0;1;1
11;2025-11-01;9;5;273;19;0;0;0;0;1;1
11;2025-11-01;10;5;274;21;0;0;0;0;1;1
11;2025-11-01;11;5;275;23;0;0;0;0;1;1
11;2025-11-01;12;5;276;25;0;0;0;0;1;1
11;2025-11-01;13;5;277;27;0;0;0;0;1;1
11;2025-11-01;14;5;278;29;0;0;0;0;1;1
11;2025-11-01;15;5;279;31;0;0;0;0;1;1
11;2025-11-01;16;5;280;33;0;0;0;0;1;1
11;2025-11-01;17;5;281;35;0;0;0;0;1;1
11;2025-11-01;18;5;282;37;0;0;0;0;1;1
11;2025-11-01;19;5;283;39;0;0;0;0;1;1
11;2025-11-01;20;5;284;41;0;0;0;0;1;1
11;2025-11-01;21;5;285;43;0;0;0;0;1;1
11;2025-11-01;22;5;286;45;0;0;0;0;1;1
11;2025-11-01;23;5;287;47;0;0;0;0;1;1
11;2025-11-02;0;6;264;1;1;1;0;0;0;0
11;2025-11-02;1;6;265;3;1;1;0;0;0;0
11;2025-11-02;2;6;266;5;1;1;0;0;0;0
11;2025-11-02;3;6;267;7;1;1;0;0;0;0
11;2025-11-02;4;6;268;9;1;1;0;0;0;0
11;2025-11-02;5;6;269;11;1;1;0;0;0;0
11;2025-11-02;6;6;270;13;0;1;0;0;0;0
11;2025-11-02;7;6;271;15;0;1;0;0;0;0
11;2025-11-02;8;6;272;17;0;1;0;0;0;0
11;2025-11-02;9;6;273;19;0;1;0;0;0;0
11;2025-11-02;10;6;274;21;0;1;0;0;0;0
11;2025-11-02;11;6;275;23;0;1;0;0;0;0
11;2025-11-02;12;6;276;25;0;1;0;0;0;0
11;2025-11-02;13;6;277;27;0;1;0;0;0;0
11;2025-11-02;14;6;278;29;0;1;0;0;0;0
11;2025-11-02;15;6;279;31;0;1;0;0;0;0
11;2025-11-02;16;6;280;33;0;1;0;0;0;0
11;2025-11-02;17;6;281;35;0;1;0;0;0;0
11;2025-11-02;18;6;282;37;0;1;0;0;0;0
11;2025-11-02;19;6;283;39;0;1;0;0;0;0
11;2025-11-02;20;6;284;41;0;1;0;0;0;0
11;2025-11-02;21;6;285;43;0;1;0;0;0;0
11;2025-11-02;22;6;286;45;0;1;0;0;0;0
11;2025-11-02;23;6;287;47;0;1;0;0;0;0
11;2025-11-03;0;0;264;0;1;1;0;1;0;0
11;2025-11-03;1;0;265;2;1;1;0;1;0;0
11;2025-11-03;2;0;266;4;1;1;0;1;0;0
11;2025-11-03;3;0;267;6;1;1;0;1;0;0
11;2025-11-03;4;0;268;8;1;1;0;1;0;0
11;2025-11-03;5;0;269;10;1;1;0;1;0;0
11;2025-11-03;6;0;270;12;0;1;0;1;0;0
11;2025-11-03;7;0;271;14;0;1;0;1;0;0
11;2025-11-03;8;0;272;16;0;1;0;1;0;0
11;2025-11-03;9;0;273;18;0;1;0;1;0;0
11;2025-11-03;10;0;274;20;0;1;0;1;0;0
11;2025-11-03;11;0;275;22;0;1;0;1;0;0
11;2025-11-03;12;0;276;24;0;1;0;1;0;0
11;2025-11-03;13;0;277;26;0;1;0;1;0;0
11;2025-11-03;14;0;278;28;0;1;0;1;0;0
11;2025-11-03;15;0;279;30;0;1;0;1;0;0
11;2025-11-03;16;0;280;32;0;1;0;1;0;0
11;2025-11-03;17;0;281;34;0;1;0;1;0;0
11;2025-11-03;18;0;282;36;0;1;0;1;0;0
11;2025-11-03;19;0;283;38;0;1;0;1;0;0
11;2025-11-03;20;0;284;40;0;1;0;1;0;0
11;2025-11-03;21;0;285;42;0;1;0;1;0;0
11;2025-11-03;22;0;286;44;0;1;0;1;0;0
11;2025-11-03;23;0;287;46;0;1;0;1;0;0
11;2025-11-04;0;1;264;0;1;1;1;0;0;0
11;2025-11-04;1;1;265;2;1;1;1;0;0;0
11;2025-11-04;2;1;266;4;1;1;1;0;0;0
11;2025-11-04;3;1;267;6;1;1;1;0;0;0
11;2025-11-04;4;1;268;8;1;1;1;0;0;0
11;2025-11-04;5;1;269;10;1;1;1;0;0;0
11;2025-11-04;6;1;270;12;0;1;1;0;0;0
11;2025-11-04;7;1;271;14;0;1;1;0;0;0
11;2025-11-04;8;1;272;16;0;1;1;0;0;0
11;2025-11-04;9;1;273;18;0;1;1;0;0;0
11;2025-11-04;10;1;274;20;0;1;1;0;0;0
11;2025-11-04;11;1;275;22;0;1;1;0;0;0
11;2025-11-04;12;1;276;24;0;1;1;0;0;0
11;2025-11-04;13;1;277;26;0;1;1;0;0;0
11;2025-11-04;14;1;278;28;0;1;1;0;0;0
11;2025-11-04;15;1;279;30;0;1;1;0;0;0
11;2025-11-04;16;1;280;32;0;1;1;0;0;0
11;2025-11-04;17;1;281;34;0;1;1;0;0;0
11;2025-11-04;18;1;282;36;0;1;1;0;0;0
11;2025-11-04;19;1;283;38;0;1;1;0;0;0
11;2025-11-04;20;1;284;40;0;1;1;0;0;0
11;2025-11-04;21;1;285;42;0;1;1;0;0;0
11;2025-11-04;22;1;286;44;0;1;1;0;0;0
11;2025-11-04;23;1;287;46;0;1;1;0;0;0
11;2025-11-05;0;2;264;0;1;0;0;0;0;0
11;2025-11-05;1;2;265;2;1;0;0;0;0;0
11;2025-11-05;2;2;266;4;1;0;0;0;0;0
11;2025-11-05;3;2;267;6;1;0;0;0;0;0
11;2025-11-05;4;2;268;8;1;0;0;0;0;0
11;2025-11-05;5;2;269;10;1;0;0;0;0;0
11;2025-11-05;6;2;270;12;0;0;0;0;0;0
11;2025-11-05;7;2;271;14;0;0;0;0;0;0
11;2025-11-05;8;2;272;16;0;0;0;0;0;0
11;2025-11-05;9;2;273;18;0;0;0;0;0;0
11;2025-11-05;10;2;274;20;0;0;0;0;0;0
11;2025-11-05;11;2;275;22;0;0;0;0;0;0
11;2025-11-05;12;2;276;24;0;0;0;0;0;0
11;2025-11-05;13;2;277;26;0;0;0;0;0;0
11;2025-11-05;14;2;278;28;0;0;0;0;0;0
11;2025-11-05;15;2;279;30;0;0;0;0;0;0
11;2025-11-05;16;2;280;32;0;0;0;0;0;0
11;2025-11-05;17;2;281;34;0;0;0;0;0;0
11;2025-11-05;18;2;282;36;0;0;0;0;0;0
11;2025-11-05;19;2;283;38;0;0;0;0;0;0
11;2025-11-05;20;2;284;40;0;0;0;0;0;0
11;2025-11-05;21;2;285;42;0;0;0;0;0;0
11;2025-11-05;22;2;286;44;0;0;0;0;0;0
11;2025-11-05;23;2;287;46;0;0;0;0;0;0
11;2025-11-06;0;3;264;0;1;0;0;0;0;0
11;2025-11-06;1;3;265;2;1;0;0;0;0;0
11;2025-11-06;2;3;266;4;1;0;0;0;0;0
11;2025-11-06;3;3;267;6;1;0;0;0;0;0
11;2025-11-06;4;3;268;8;1;0;0;0;0;0
11;2025-11-06;5;3;269;10;1;0;0;0;0;0
11;2025-11-06;6;3;270;12;0;0;0;0;0;0
11;2025-11-06;7;3;271;14;0;0;0;0;0;0
11;2025-11-06;8;3;272;16;0;0;0;0;0;0
11;2025-11-06;9;3;273;18;0;0;0;0;0;0
11;2025-11-06;10;3;274;20;0;0;0;0;0;0
11;2025-11-06;11;3;275;22;0;0;0;0;0;0
11;2025-11-06;12;3;276;24;0;0;0;0;0;0
11;2025-11-06;13;3;277;26;0;0;0;0;0;0
11;2025-11-06;14;3;278;28;0;0;0;0;0;0
11;2025-11-06;15;3;279;30;0;0;0;0;0;0
11;2025-11-06;16;3;280;32;0;0;0;0;0;0
11;2025-11-06;17;3;281;34;0;0;0;0;0;0
11;2025-11-06;18;3;282;36;0;0;0;0;0;0
11;2025-11-06;19;3;283;38;0;0;0;0;0;0
11;2025-11-06;20;3;284;40;0;0;0;0;0;0
11;2025-11-06;21;3;285;42;0;0;0;0;0;0
11;2025-11-06;22;3;286;44;0;0;0;0;0;0
11;2025-11-06;23;3;287;46;0;0;0;0;0;0
11;2025-11-07;0;4;264;0;1;0;0;0;0;0
11;2025-11-07;1;4;265;2;1;0;0;0;0;0
11;2025-11-07;2;4;266;4;1;0;0;0;0;0
11;2025-11-07;3;4;267;6;1;0;0;0;0;0
11;2025-11-07;4;4;268;8;1;0;0;0;0;0
11;2025-11-07;5;4;269;10;1;0;0;0;0;0
11;2025-11-07;6;4;270;12;0;0;0;0;0;0
11;2025-11-07;7;4;271;14;0;0;0;0;0;0
11;2025-11-07;8;4;272;16;0;0;0;0;0;0
11;2025-11-07;9;4;273;18;0;0;0;0;0;0
11;2025-11-07;10;4;274;20;0;0;0;0;0;0
11;2025-11-07;11;4;275;22;0;0;0;0;0;0
11;2025-11-07;12;4;276;24;0;0;0;0;0;0
11;2025-11-07;13;4;277;26;0;0;0;0;0;0
11;2025-11-07;14;4;278;28;0;0;0;0;0;0
11;2025-11-07;15;4;279;30;0;0;0;0;0;0
11;2025-11-07;16;4;280;32;0;0;0;0;0;0
11;2025-11-07;17;4;281;34;0;0;0;0;0;0
11;2025-11-07;18;4;282;36;0;0;0;0;0;0
11;2025-11-07;19;4;283;38;0;0;0;0;0;0
11;2025-11-07;20;4;284;40;0;0;0;0;0;0
11;2025-11-07;21;4;285;42;0;0;0;0;0;0
11;2025-11-07;22;4;286;44;0;0;0;0;0;0
11;2025-11-07;23;4;287;46;0;0;0;0;0;0
11;2025-11-08;0;5;264;1;1;1;0;0;0;0
11;2025-11-08;1;5;265;3;1;1;0;0;0;0
11;2025-11-08;2;5;266;5;1;1;0;0;0;0
11;2025-11-08;3;5;267;7;1;1;0;0;0;0
11;2025-11-08;4;5;268;9;1;1;0;0;0;0
11;2025-11-08;5;5;269;11;1;1;0;0;0;0
11;2025-11-08;6;5;270;13;0;1;0;0;0;0
11;2025-11-08;7;5;271;15;0;1;0;0;0;0
11;2025-11-08;8;5;272;17;0;1;0;0;0;0
11;2025-11-08;9;5;273;19;0;1;0;0;0;0
11;2025-11-08;10;5;274;21;0;1;0;0;0;0
11;2025-11-08;11;5;275;23;0;1;0;0;0;0
11;2025-11-08;12;5;276;25;0;1;0;0;0;0
11;2025-11-08;13;5;277;27;0;1;0;0;0;0
11;2025-11-08;14;5;278;29;0;1;0;0;0;0
11;2025-11-08;15;5;279;31;0;1;0;0;0;0
11;2025-11-08;16;5;280;33;0;1;0;0;0;0
11;2025-11-08;17;5;281;35;0;1;0;0;0;0
11;2025-11-08;18;5;282;37;0;1;0;0;0;0
11;2025-11-08;19;5;283;39;0;1;0;0;0;0
11;2025-11-08;20;5;284;41;0;1;0;0;0;0
11;2025-11-08;21;5;285;43;0;1;0;0;0;0
11;2025-11-08;22;5;286;45;0;1;0;0;0;0
11;2025-11-08;23;5;287;47;0;1;0;0;0;0
11;2025-11-09;0;6;264;1;1;1;0;0;0;0
11;2025-11-09;1;6;265;3;1;1;0;0;0;0
11;2025-11-09;2;6;266;5;1;1;0;0;0;0
11;2025-11-09;3;6;267;7;1;1;0;0;0;0
11;2025-11-09;4;6;268;9;1;1;0;0;0;0
11;2025-11-09;5;6;269;11;1;1;0;0;0;0
11;2025-11-09;6;6;270;13;0;1;0;0;0;0
11;2025-11-09;7;6;271;15;0;1;0;0;0;0
11;2025-11-09;8;6;272;17;0;1;0;0;0;0
11;2025-11-09;9;6;273;19;0;1;0;0;0;0
11;2025-11-09;10;6;274;21;0;1;0;0;0;0
11;2025-11-09;11;6;275;23;0;1;0;0;0;0
11;2025-11-09;12;6;276;25;0;1;0;0;0;0
11;2025-11-09;13;6;277;27;0;1;0;0;0;0
11;2025-11-09;14;6;278;29;0;1;0;0;0;0
11;2025-11-09;15;6;279;31;0;1;0;0;0;0
11;2025-11-09;16;6;280;33;0;1;0;0;0;0
11;2025-11-09;17;6;281;35;0;1;0;0;0;0
11;2025-11-09;18;6;282;37;0;1;0;0;0;0
11;2025-11-09;19;6;283;39;0;1;0;0;0;0
11;2025-11-09;20;6;284;41;0;1;0;0;0;0
11;2025-11-09;21;6;285;43;0;1;0;0;0;0
11;2025-11-09;22;6;286;45;0;1;0;0;0;0
11;2025-11-09;23;6;287;47;0;1;0;0;0;0
11;2025-11-10;0;0;264;0;1;0;0;0;0;0
11;2025-11-10;1;0;265;2;1;0;0;0;0;0
11;2025-11-10;2;0;266;4;1;0;0;0;0;0
11;2025-11-10;3;0;267;6;1;0;0;0;0;0
11;2025-11-10;4;0;268;8;1;0;0;0;0;0
11;2025-11-10;5;0;269;10;1;0;0;0;0;0
11;2025-11-10;6;0;270;12;0;0;0;0;0;0
11;2025-11-10;7;0;271;14;0;0;0;0;0;0
11;2025-11-10;8;0;272;16;0;0;0;0;0;0
11;2025-11-10;9;0;273;18;0;0;0;0;0;0
11;2025-11-10;10;0;274;20;0;0;0;0;0;0
11;2025-11-10;11;0;275;22;0;0;0;0;0;0
11;2025-11-10;12;0;276;24;0;0;0;0;0;0
11;2025-11-10;13;0;277;26;0;0;0;0;0;0
11;2025-11-10;14;0;278;28;0;0;0;0;0;0
11;2025-11-10;15;0;279;30;0;0;0;0;0;0
11;2025-11-10;16;0;280;32;0;0;0;0;0;0
11;2025-11-10;17;0;281;34;0;0;0;0;0;0
11;2025-11-10;18;0;282;36;0;0;0;0;0;0
11;2025-11-10;19;0;283;38;0;0;0;0;0;0
11;2025-11-10;20;0;284;40;0;0;0;0;0;0
11;2025-11-10;21;0;285;42;0;0;0;0;0;0
11;2025-11-10;22;0;286;44;0;0;0;0;0;0
11;2025-11-10;23;0;287;46;0;0;0;0;0;0
11;2025-11-11;0;1;264;0;1;0;0;0;0;0
11;2025-11-11;1;1;265;2;1;0;0;0;0;0
11;2025-11-11;2;1;266;4;1;0;0;0;0;0
11;2025-11-11;3;1;267;6;1;0;0;0;0;0
11;2025-11-11;4;1;268;8;1;0;0;0;0;0
11;2025-11-11;5;1;269;10;1;0;0;0;0;0
11;2025-11-11;6;1;270;12;0;0;0;0;0;0
11;2025-11-11;7;1;271;14;0;0;0;0;0;0
11;2025-11-11;8;1;272;16;0;0;0;0;0;0
11;2025-11-11;9;1;273;18;0;0;0;0;0;0
11;2025-11-11;10;1;274;20;0;0;0;0;0;0
11;2025-11-11;11;1;275;22;0;0;0;0;0;0
11;2025-11-11;12;1;276;24;0;0;0;0;0;0
11;2025-11-11;13;1;277;26;0;0;0;0;0;0
11;2025-11-11;14;1;278;28;0;0;0;0;0;0
11;2025-11-11;15;1;279;30;0;0;0;0;0;0
11;2025-11-11;16;1;280;32;0;0;0;0;0;0
11;2025-11-11;17;1;281;34;0;0;0;0;0;0
11;2025-11-11;18;1;282;36;0;0;0;0;0;0
11;2025-11-11;19;1;283;38;0;0;0;0;0;0
11;2025-11-11;20;1;284;40;0;0;0;0;0;0
11;2025-11-11;21;1;285;42;0;0;0;0;0;0
11;2025-11-11;22;1;286;44;0;0;0;0;0;0
11;2025-11-11;23;1;287;46;0;0;0;0;0;0
11;2025-11-12;0;2;264;0;1;0;0;0;0;0
11;2025-11-12;1;2;265;2;1;0;0;0;0;0
11;2025-11-12;2;2;266;4;1;0;0;0;0;0
11;2025-11-12;3;2;267;6;1;0;0;0;0;0
11;2025-11-12;4;2;268;8;1;0;0;0;0;0
11;2025-11-12;5;2;269;10;1;0;0;0;0;0
11;2025-11-12;6;2;270;12;0;0;0;0;0;0
11;2025-11-12;7;2;271;14;0;0;0;0;0;0
11;2025-11-12;8;2;272;16;0;0;0;0;0;0
11;2025-11-12;9;2;273;18;0;0;0;0;0;0
11;2025-11-12;10;2;274;20;0;0;0;0;0;0
11;2025-11-12;11;2;275;22;0;0;0;0;0;0
11;2025-11-12;12;2;276;24;0;0;0;0;0;0
11;2025-11-12;13;2;277;26;0;0;0;0;0;0
11;2025-11-12;14;2;278;28;0;0;0;0;0;0
11;2025-11-12;15;2;279;30;0;0;0;0;0;0
11;2025-11-12;16;2;280;32;0;0;0;0;0;0
11;2025-11-12;17;2;281;34;0;0;0;0;0;0
11;2025-11-12;18;2;282;36;0;0;0;0;0;0
11;2025-11-12;19;2;283;38;0;0;0;0;0;0
11;2025-11-12;20;2;284;40;0;0;0;0;0;0
11;2025-11-12;21;2;285;42;0;0;0;0;0;0
11;2025-11-12;22;2;286;44;0;0;0;0;0;0
11;2025-11-12;23;2;287;46;0;0;0;0;0;0
11;2025-11-13;0;3;264;0;1;0;0;0;0;0
11;2025-11-13;1;3;265;2;1;0;0;0;0;0
11;2025-11-13;2;3;266;4;1;0;0;0;0;0
11;2025-11-13;3;3;267;6;1;0;0;0;0;0
11;2025-11-13;4;3;268;8;1;0;0;0;0;0
11;2025-11-13;5;3;269;10;1;0;0;0;0;0
11;2025-11-13;6;3;270;12;0;0;0;0;0;0
11;2025-11-13;7;3;271;14;0;0;0;0;0;0
11;2025-11-13;8;3;272;16;0;0;0;0;0;0
11;2025-11-13;9;3;273;18;0;0;0;0;0;0
11;2025-11-13;10;3;274;20;0;0;0;0;0;0
11;2025-11-13;11;3;275;22;0;0;0;0;0;0
11;2025-11-13;12;3;276;24;0;0;0;0;0;0
11;2025-11-13;13;3;277;26;0;0;0;0;0;0
11;2025-11-13;14;3;278;28;0;0;0;0;0;0
11;2025-11-13;15;3;279;30;0;0;0;0;0;0
11;2025-11-13;16;3;280;32;0;0;0;0;0;0
11;2025-11-13;17;3;281;34;0;0;0;0;0;0
11;2025-11-13;18;3;282;36;0;0;0;0;0;0
11;2025-11-13;19;3;283;38;0;0;0;0;0;0
11;2025-11-13;20;3;284;40;0;0;0;0;0;0
11;2025-11-13;21;3;285;42;0;0;0;0;0;0
11;2025-11-13;22;3;286;44;0;0;0;0;0;0
11;2025-11-13;23;3;287;46;0;0;0;0;0;0
11;2025-11-14;0;4;264;0;1;0;0;0;0;0
11;2025-11-14;1;4;265;2;1;0;0;0;0;0
11;2025-11-14;2;4;266;4;1;0;0;0;0;0
11;2025-11-14;3;4;267;6;1;0;0;0;0;0
11;2025-11-14;4;4;268;8;1;0;0;0;0;0
11;2025-11-14;5;4;269;10;1;0;0;0;0;0
11;2025-11-14;6;4;270;12;0;0;0;0;0;0
11;2025-11-14;7;4;271;14;0;0;0;0;0;0
11;2025-11-14;8;4;272;16;0;0;0;0;0;0
11;2025-11-14;9;4;273;18;0;0;0;0;0;0
11;2025-11-14;10;4;274;20;0;0;0;0;0;0
11;2025-11-14;11;4;275;22;0;0;0;0;0;0
11;2025-11-14;12;4;276;24;0;0;0;0;0;0
11;2025-11-14;13;4;277;26;0;0;0;0;0;0
11;2025-11-14;14;4;278;28;0;0;0;0;0;0
11;2025-11-14;15;4;279;30;0;0;0;0;0;0
11;2025-11-14;16;4;280;32;0;0;0;0;0;0
11;2025-11-14;17;4;281;34;0;0;0;0;0;0
11;2025-11-14;18;4;282;36;0;0;0;0;0;0
11;2025-11-14;19;4;283;38;0;0;0;0;0;0
11;2025-11-14;20;4;284;40;0;0;0;0;0;0
11;2025-11-14;21;4;285;42;0;0;0;0;0;0
11;2025-11-14;22;4;286;44;0;0;0;0;0;0
11;2025-11-14;23;4;287;46;0;0;0;0;0;0
11;2025-11-15;0;5;264;1;1;1;0;0;0;0
11;2025-11-15;1;5;265;3;1;1;0;0;0;0
11;2025-11-15;2;5;266;5;1;1;0;0;0;0
11;2025-11-15;3;5;267;7;1;1;0;0;0;0
11;2025-11-15;4;5;268;9;1;1;0;0;0;0
11;2025-11-15;5;5;269;11;1;1;0;0;0;0
11;2025-11-15;6;5;270;13;0;1;0;0;0;0
11;2025-11-15;7;5;271;15;0;1;0;0;0;0
11;2025-11-15;8;5;272;17;0;1;0;0;0;0
11;2025-11-15;9;5;273;19;0;1;0;0;0;0
11;2025-11-15;10;5;274;21;0;1;0;0;0;0
11;2025-11-15;11;5;275;23;0;1;0;0;0;0
11;2025-11-15;12;5;276;25;0;1;0;0;0;0
11;2025-11-15;13;5;277;27;0;1;0;0;0;0
11;2025-11-15;14;5;278;29;0;1;0;0;0;0
11;2025-11-15;15;5;279;31;0;1;0;0;0;0
11;2025-11-15;16;5;280;33;0;1;0;0;0;0
11;2025-11-15;17;5;281;35;0;1;0;0;0;0
11;2025-11-15;18;5;282;37;0;1;0;0;0;0
11;2025-11-15;19;5;283;39;0;1;0;0;0;0
11;2025-11-15;20;5;284;41;0;1;0;0;0;0
11;2025-11-15;21;5;285;43;0;1;0;0;0;0
11;2025-11-15;22;5;286;45;0;1;0;0;0;0
11;2025-11-15;23;5;287;47;0;1;0;0;0;0
11;2025-11-16;0;6;264;1;1;1;0;0;0;0
11;2025-11-16;1;6;265;3;1;1;0;0;0;0
11;2025-11-16;2;6;266;5;1;1;0;0;0;0
11;2025-11-16;3;6;267;7;1;1;0;0;0;0
11;2025-11-16;4;6;268;9;1;1;0;0;0;0
11;2025-11-16;5;6;269;11;1;1;0;0;0;0
11;2025-11-16;6;6;270;13;0;1;0;0;0;0
11;2025-11-16;7;6;271;15;0;1;0;0;0;0
11;2025-11-16;8;6;272;17;0;1;0;0;0;0
11;2025-11-16;9;6;273;19;0;1;0;0;0;0
11;2025-11-16;10;6;274;21;0;1;0;0;0;0
11;2025-11-16;11;6;275;23;0;1;0;0;0;0
11;2025-11-16;12;6;276;25;0;1;0;0;0;0
11;2025-11-16;13;6;277;27;0;1;0;0;0;0
11;2025-11-16;14;6;278;29;0;1;0;0;0;0
11;2025-11-16;15;6;279;31;0;1;0;0;0;0
11;2025-11-16;16;6;280;33;0;1;0;0;0;0
11;2025-11-16;17;6;281;35;0;1;0;0;0;0
11;2025-11-16;18;6;282;37;0;1;0;0;0;0
11;2025-11-16;19;6;283;39;0;1;0;0;0;0
11;2025-11-16;20;6;284;41;0;1;0;0;0;0
11;2025-11-16;21;6;285;43;0;1;0;0;0;0
11;2025-11-16;22;6;286;45;0;1;0;0;0;0
11;2025-11-16;23;6;287;47;0;1;0;0;0;0
11;2025-11-17;0;0;264;0;1;0;0;0;0;0
11;2025-11-17;1;0;265;2;1;0;0;0;0;0
11;2025-11-17;2;0;266;4;1;0;0;0;0;0
11;2025-11-17;3;0;267;6;1;0;0;0;0;0
11;2025-11-17;4;0;268;8;1;0;0;0;0;0
11;2025-11-17;5;0;269;10;1;0;0;0;0;0
11;2025-11-17;6;0;270;12;0;0;0;0;0;0
11;2025-11-17;7;0;271;14;0;0;0;0;0;0
11;2025-11-17;8;0;272;16;0;0;0;0;0;0
11;2025-11-17;9;0;273;18;0;0;0;0;0;0
11;2025-11-17;10;0;274;20;0;0;0;0;0;0
11;2025-11-17;11;0;275;22;0;0;0;0;0;0
11;2025-11-17;12;0;276;24;0;0;0;0;0;0
11;2025-11-17;13;0;277;26;0;0;0;0;0;0
11;2025-11-17;14;0;278;28;0;0;0;0;0;0
11;2025-11-17;15;0;279;30;0;0;0;0;0;0
11;2025-11-17;16;0;280;32;0;0;0;0;0;0
11;2025-11-17;17;0;281;34;0;0;0;0;0;0
11;2025-11-17;18;0;282;36;0;0;0;0;0;0
11;2025-11-17;19;0;283;38;0;0;0;0;0;0
11;2025-11-17;20;0;284;40;0;0;0;0;0;0
11;2025-11-17;21;0;285;42;0;0;0;0;0;0
11;2025-11-17;22;0;286;44;0;0;0;0;0;0
11;2025-11-17;23;0;287;46;0;0;0;0;0;0
11;2025-11-18;0;1;264;0;1;0;0;0;0;0
11;2025-11-18;1;1;265;2;1;0;0;0;0;0
11;2025-11-18;2;1;266;4;1;0;0;0;0;0
11;2025-11-18;3;1;267;6;1;0;0;0;0;0
11;2025-11-18;4;1;268;8;1;0;0;0;0;0
11;2025-11-18;5;1;269;10;1;0;0;0;0;0
11;2025-11-18;6;1;270;12;0;0;0;0;0;0
11;2025-11-18;7;1;271;14;0;0;0;0;0;0
11;2025-11-18;8;1;272;16;0;0;0;0;0;0
11;2025-11-18;9;1;273;18;0;0;0;0;0;0
11;2025-11-18;10;1;274;20;0;0;0;0;0;0
11;2025-11-18;11;1;275;22;0;0;0;0;0;0
11;2025-11-18;12;1;276;24;0;0;0;0;0;0
11;2025-11-18;13;1;277;26;0;0;0;0;0;0
11;2025-11-18;14;1;278;28;0;0;0;0;0;0
11;2025-11-18;15;1;279;30;0;0;0;0;0;0
11;2025-11-18;16;1;280;32;0;0;0;0;0;0
11;2025-11-18;17;1;281;34;0;0;0;0;0;0
11;2025-11-18;18;1;282;36;0;0;0;0;0;0
11;2025-11-18;19;1;283;38;0;0;0;0;0;0
11;2025-11-18;20;1;284;40;0;0;0;0;0;0
11;2025-11-18;21;1;285;42;0;0;0;0;0;0
11;2025-11-18;22;1;286;44;0;0;0;0;0;0
11;2025-11-18;23;1;287;46;0;0;0;0;0;0
11;2025-11-19;0;2;264;0;1;0;0;0;0;0
11;2025-11-19;1;2;265;2;1;0;0;0;0;0
11;2025-11-19;2;2;266;4;1;0;0;0;0;0
11;2025-11-19;3;2;267;6;1;0;0;0;0;0
11;2025-11-19;4;2;268;8;1;0;0;0;0;0
11;2025-11-19;5;2;269;10;1;0;0;0;0;0
11;2025-11-19;6;2;270;12;0;0;0;0;0;0
11;2025-11-19;7;2;271;14;0;0;0;0;0;0
11;2025-11-19;8;2;272;16;0;0;0;0;0;0
11;2025-11-19;9;2;273;18;0;0;0;0;0;0
11;2025-11-19;10;2;274;20;0;0;0;0;0;0
11;2025-11-19;11;2;275;22;0;0;0;0;0;0
11;2025-11-19;12;2;276;24;0;0;0;0;0;0
11;2025-11-19;13;2;277;26;0;0;0;0;0;0
11;2025-11-19;14;2;278;28;0;0;0;0;0;0
11;2025-11-19;15;2;279;30;0;0;0;0;0;0
11;2025-11-19;16;2;280;32;0;0;0;0;0;0
11;2025-11-19;17;2;281;34;0;0;0;0;0;0
11;2025-11-19;18;2;282;36;0;0;0;0;0;0
11;2025-11-19;19;2;283;38;0;0;0;0;0;0
11;2025-11-19;20;2;284;40;0;0;0;0;0;0
11;2025-11-19;21;2;285;42;0;0;0;0;0;0
11;2025-11-19;22;2;286;44;0;0;0;0;0;0
11;2025-11-19;23;2;287;46;0;0;0;0;0;0
11;2025-11-20;0;3;264;0;1;0;0;0;0;0
11;2025-11-20;1;3;265;2;1;0;0;0;0;0
11;2025-11-20;2;3;266;4;1;0;0;0;0;0
11;2025-11-20;3;3;267;6;1;0;0;0;0;0
11;2025-11-20;4;3;268;8;1;0;0;0;0;0
11;2025-11-20;5;3;269;10;1;0;0;0;0;0
11;2025-11-20;6;3;270;12;0;0;0;0;0;0
11;2025-11-20;7;3;271;14;0;0;0;0;0;0
11;2025-11-20;8;3;272;16;0;0;0;0;0;0
11;2025-11-20;9;3;273;18;0;0;0;0;0;0
11;2025-11-20;10;3;274;20;0;0;0;0;0;0
11;2025-11-20;11;3;275;22;0;0;0;0;0;0
11;2025-11-20;12;3;276;24;0;0;0;0;0;0
11;2025-11-20;13;3;277;26;0;0;0;0;0;0
11;2025-11-20;14;3;278;28;0;0;0;0;0;0
11;2025-11-20;15;3;279;30;0;0;0;0;0;0
11;2025-11-20;16;3;280;32;0;0;0;0;0;0
11;2025-11-20;17;3;281;34;0;0;0;0;0;0
11;2025-11-20;18;3;282;36;0;0;0;0;0;0
11;2025-11-20;19;3;283;38;0;0;0;0;0;0
11;2025-11-20;20;3;284;40;0;0;0;0;0;0
11;2025-11-20;21;3;285;42;0;0;0;0;0;0
11;2025-11-20;22;3;286;44;0;0;0;0;0;0
11;2025-11-20;23;3;287;46;0;0;0;0;0;0
11;2025-11-21;0;4;264;0;1;0;0;0;0;0
11;2025-11-21;1;4;265;2;1;0;0;0;0;0
11;2025-11-21;2;4;266;4;1;0;0;0;0;0
11;2025-11-21;3;4;267;6;1;0;0;0;0;0
11;2025-11-21;4;4;268;8;1;0;0;0;0;0
11;2025-11-21;5;4;269;10;1;0;0;0;0;0
11;2025-11-21;6;4;270;12;0;0;0;0;0;0
11;2025-11-21;7;4;271;14;0;0;0;0;0;0
11;2025-11-21;8;4;272;16;0;0;0;0;0;0
11;2025-11-21;9;4;273;18;0;0;0;0;0;0
11;2025-11-21;10;4;274;20;0;0;0;0;0;0
11;2025-11-21;11;4;275;22;0;0;0;0;0;0
11;2025-11-21;12;4;276;24;0;0;0;0;0;0
11;2025-11-21;13;4;277;26;0;0;0;0;0;0
11;2025-11-21;14;4;278;28;0;0;0;0;0;0
11;2025-11-21;15;4;279;30;0;0;0;0;0;0
11;2025-11-21;16;4;280;32;0;0;0;0;0;0
11;2025-11-21;17;4;281;34;0;0;0;0;0;0
11;2025-11-21;18;4;282;36;0;0;0;0;0;0
11;2025-11-21;19;4;283;38;0;0;0;0;0;0
11;2025-11-21;20;4;284;40;0;0;0;0;0;0
11;2025-11-21;21;4;285;42;0;0;0;0;0;0
11;2025-11-21;22;4;286;44;0;0;0;0;0;0
11;2025-11-21;23;4;287;46;0;0;0;0;0;0
11;2025-11-22;0;5;264;1;1;1;0;0;0;0
11;2025-11-22;1;5;265;3;1;1;0;0;0;0
11;2025-11-22;2;5;266;5;1;1;0;0;0;0
11;2025-11-22;3;5;267;7;1;1;0;0;0;0
11;2025-11-22;4;5;268;9;1;1;0;0;0;0
11;2025-11-22;5;5;269;11;1;1;0;0;0;0
11;2025-11-22;6;5;270;13;0;1;0;0;0;0
11;2025-11-22;7;5;271;15;0;1;0;0;0;0
11;2025-11-22;8;5;272;17;0;1;0;0;0;0
11;2025-11-22;9;5;273;19;0;1;0;0;0;0
11;2025-11-22;10;5;274;21;0;1;0;0;0;0
11;2025-11-22;11;5;275;23;0;1;0;0;0;0
11;2025-11-22;12;5;276;25;0;1;0;0;0;0
11;2025-11-22;13;5;277;27;0;1;0;0;0;0
11;2025-11-22;14;5;278;29;0;1;0;0;0;0
11;2025-11-22;15;5;279;31;0;1;0;0;0;0
11;2025-11-22;16;5;280;33;0;1;0;0;0;0
11;2025-11-22;17;5;281;35;0;1;0;0;0;0
11;2025-11-22;18;5;282;37;0;1;0;0;0;0
11;2025-11-22;19;5;283;39;0;1;0;0;0;0
11;2025-11-22;20;5;284;41;0;1;0;0;0;0
11;2025-11-22;21;5;285;43;0;1;0;0;0;0
11;2025-11-22;22;5;286;45;0;1;0;0;0;0
11;2025-11-22;23;5;287;47;0;1;0;0;0;0
11;2025-11-23;0;6;264;1;1;1;0;0;0;0
11;2025-11-23;1;6;265;3;1;1;0;0;0;0
11;2025-11-23;2;6;266;5;1;1;0;0;0;0
11;2025-11-23;3;6;267;7;1;1;0;0;0;0
11;2025-11-23;4;6;268;9;1;1;0;0;0;0
11;2025-11-23;5;6;269;11;1;1;0;0;0;0
11;2025-11-23;6;6;270;13;0;1;0;0;0;0
11;2025-11-23;7;6;271;15;0;1;0;0;0;0
11;2025-11-23;8;6;272;17;0;1;0;0;0;0
11;2025-11-23;9;6;273;19;0;1;0;0;0;0
11;2025-11-23;10;6;274;21;0;1;0;0;0;0
11;2025-11-23;11;6;275;23;0;1;0;0;0;0
11;2025-11-23;12;6;276;25;0;1;0;0;0;0
11;2025-11-23;13;6;277;27;0;1;0;0;0;0
11;2025-11-23;14;6;278;29;0;1;0;0;0;0
11;2025-11-23;15;6;279;31;0;1;0;0;0;0
11;2025-11-23;16;6;280;33;0;1;0;0;0;0
11;2025-11-23;17;6;281;35;0;1;0;0;0;0
11;2025-11-23;18;6;282;37;0;1;0;0;0;0
11;2025-11-23;19;6;283;39;0;1;0;0;0;0
11;2025-11-23;20;6;284;41;0;1;0;0;0;0
11;2025-11-23;21;6;285;43;0;1;0;0;0;0
11;2025-11-23;22;6;286;45;0;1;0;0;0;0
11;2025-11-23;23;6;287;47;0;1;0;0;0;0
11;2025-11-24;0;0;264;0;1;0;0;0;0;0
11;2025-11-24;1;0;265;2;1;0;0;0;0;0
11;2025-11-24;2;0;266;4;1;0;0;0;0;0
11;2025-11-24;3;0;267;6;1;0;0;0;0;0
11;2025-11-24;4;0;268;8;1;0;0;0;0;0
11;2025-11-24;5;0;269;10;1;0;0;0;0;0
11;2025-11-24;6;0;270;12;0;0;0;0;0;0
11;2025-11-24;7;0;271;14;0;0;0;0;0;0
11;2025-11-24;8;0;272;16;0;0;0;0;0;0
11;2025-11-24;9;0;273;18;0;0;0;0;0;0
11;2025-11-24;10;0;274;20;0;0;0;0;0;0
11;2025-11-24;11;0;275;22;0;0;0;0;0;0
11;2025-11-24;12;0;276;24;0;0;0;0;0;0
11;2025-11-24;13;0;277;26;0;0;0;0;0;0
11;2025-11-24;14;0;278;28;0;0;0;0;0;0
11;2025-11-24;15;0;279;30;0;0;0;0;0;0
11;2025-11-24;16;0;280;32;0;0;0;0;0;0
11;2025-11-24;17;0;281;34;0;0;0;0;0;0
11;2025-11-24;18;0;282;36;0;0;0;0;0;0
11;2025-11-24;19;0;283;38;0;0;0;0;0;0
11;2025-11-24;20;0;284;40;0;0;0;0;0;0
11;2025-11-24;21;0;285;42;0;0;0;0;0;0
11;2025-11-24;22;0;286;44;0;0;0;0;0;0
11;2025-11-24;23;0;287;46;0;0;0;0;0;0
11;2025-11-25;0;1;264;0;1;0;0;0;0;0
11;2025-11-25;1;1;265;2;1;0;0;0;0;0
11;2025-11-25;2;1;266;4;1;0;0;0;0;0
11;2025-11-25;3;1;267;6;1;0;0;0;0;0
11;2025-11-25;4;1;268;8;1;0;0;0;0;0
11;2025-11-25;5;1;269;10;1;0;0;0;0;0
11;2025-11-25;6;1;270;12;0;0;0;0;0;0
11;2025-11-25;7;1;271;14;0;0;0;0;0;0
11;2025-11-25;8;1;272;16;0;0;0;0;0;0
11;2025-11-25;9;1;273;18;0;0;0;0;0;0
11;2025-11-25;10;1;274;20;0;0;0;0;0;0
11;2025-11-25;11;1;275;22;0;0;0;0;0;0
11;2025-11-25;12;1;276;24;0;0;0;0;0;0
11;2025-11-25;13;1;277;26;0;0;0;0;0;0
11;2025-11-25;14;1;278;28;0;0;0;0;0;0
11;2025-11-25;15;1;279;30;0;0;0;0;0;0
11;2025-11-25;16;1;280;32;0;0;0;0;0;0
11;2025-11-25;17;1;281;34;0;0;0;0;0;0
11;2025-11-25;18;1;282;36;0;0;0;0;0;0
11;2025-11-25;19;1;283;38;0;0;0;0;0;0
11;2025-11-25;20;1;284;40;0;0;0;0;0;0
11;2025-11-25;21;1;285;42;0;0;0;0;0;0
11;2025-11-25;22;1;286;44;0;0;0;0;0;0
11;2025-11-25;23;1;287;46;0;0;0;0;0;0
11;2025-11-26;0;2;264;0;1;0;0;0;0;0
11;2025-11-26;1;2;265;2;1;0;0;0;0;0
11;2025-11-26;2;2;266;4;1;0;0;0;0;0
11;2025-11-26;3;2;267;6;1;0;0;0;0;0
11;2025-11-26;4;2;268;8;1;0;0;0;0;0
11;2025-11-26;5;2;269;10;1;0;0;0;0;0
11;2025-11-26;6;2;270;12;0;0;0;0;0;0
11;2025-11-26;7;2;271;14;0;0;0;0;0;0
11;2025-11-26;8;2;272;16;0;0;0;0;0;0
11;2025-11-26;9;2;273;18;0;0;0;0;0;0
11;2025-11-26;10;2;274;20;0;0;0;0;0;0
11;2025-11-26;11;2;275;22;0;0;0;0;0;0
11;2025-11-26;12;2;276;24;0;0;0;0;0;0
11;2025-11-26;13;2;277;26;0;0;0;0;0;0
11;2025-11-26;14;2;278;28;0;0;0;0;0;0
11;2025-11-26;15;2;279;30;0;0;0;0;0;0
11;2025-11-26;16;2;280;32;0;0;0;0;0;0
11;2025-11-26;17;2;281;34;0;0;0;0;0;0
11;2025-11-26;18;2;282;36;0;0;0;0;0;0
11;2025-11-26;19;2;283;38;0;0;0;0;0;0
11;2025-11-26;20;2;284;40;0;0;0;0;0;0
11;2025-11-26;21;2;285;42;0;0;0;0;0;0
11;2025-11-26;22;2;286;44;0;0;0;0;0;0
11;2025-11-26;23;2;287;46;0;0;0;0;0;0
11;2025-11-27;0;3;264;0;1;0;0;0;0;0
11;2025-11-27;1;3;265;2;1;0;0;0;0;0
11;2025-11-27;2;3;266;4;1;0;0;0;0;0
11;2025-11-27;3;3;267;6;1;0;0;0;0;0
11;2025-11-27;4;3;268;8;1;0;0;0;0;0
11;2025-11-27;5;3;269;10;1;0;0;0;0;0
11;2025-11-27;6;3;270;12;0;0;0;0;0;0
11;2025-11-27;7;3;271;14;0;0;0;0;0;0
11;2025-11-27;8;3;272;16;0;0;0;0;0;0
11;2025-11-27;9;3;273;18;0;0;0;0;0;0
11;2025-11-27;10;3;274;20;0;0;0;0;0;0
11;2025-11-27;11;3;275;22;0;0;0;0;0;0
11;2025-11-27;12;3;276;24;0;0;0;0;0;0
11;2025-11-27;13;3;277;26;0;0;0;0;0;0
11;2025-11-27;14;3;278;28;0;0;0;0;0;0
11;2025-11-27;15;3;279;30;0;0;0;0;0;0
11;2025-11-27;16;3;280;32;0;0;0;0;0;0
11;2025-11-27;17;3;281;34;0;0;0;0;0;0
11;2025-11-27;18;3;282;36;0;0;0;0;0;0
11;2025-11-27;19;3;283;38;0;0;0;0;0;0
11;2025-11-27;20;3;284;40;0;0;0;0;0;0
11;2025-11-27;21;3;285;42;0;0;0;0;0;0
11;2025-11-27;22;3;286;44;0;0;0;0;0;0
11;2025-11-27;23;3;287;46;0;0;0;0;0;0
11;2025-11-28;0;4;264;0;1;0;0;0;0;0
11;2025-11-28;1;4;265;2;1;0;0;0;0;0
11;2025-11-28;2;4;266;4;1;0;0;0;0;0
11;2025-11-28;3;4;267;6;1;0;0;0;0;0
11;2025-11-28;4;4;268;8;1;0;0;0;0;0
11;2025-11-28;5;4;269;10;1;0;0;0;0;0
11;2025-11-28;6;4;270;12;0;0;0;0;0;0
11;2025-11-28;7;4;271;14;0;0;0;0;0;0
11;2025-11-28;8;4;272;16;0;0;0;0;0;0
11;2025-11-28;9;4;273;18;0;0;0;0;0;0
11;2025-11-28;10;4;274;20;0;0;0;0;0;0
11;2025-11-28;11;4;275;22;0;0;0;0;0;0
11;2025-11-28;12;4;276;24;0;0;0;0;0;0
11;2025-11-28;13;4;277;26;0;0;0;0;0;0
11;2025-11-28;14;4;278;28;0;0;0;0;0;0
11;2025-11-28;15;4;279;30;0;0;0;0;0;0
11;2025-11-28;16;4;280;32;0;0;0;0;0;0
11;2025-11-28;17;4;281;34;0;0;0;0;0;0
11;2025-11-28;18;4;282;36;0;0;0;0;0;0
11;2025-11-28;19;4;283;38;0;0;0;0;0;0
11;2025-11-28;20;4;284;40;0;0;0;0;0;0
11;2025-11-28;21;4;285;42;0;0;0;0;0;0
11;2025-11-28;22;4;286;44;0;0;0;0;0;0
11;2025-11-28;23;4;287;46;0;0;0;0;0;0
11;2025-11-29;0;5;264;1;1;1;0;0;0;0
11;2025-11-29;1;5;265;3;1;1;0;0;0;0
11;2025-11-29;2;5;266;5;1;1;0;0;0;0
11;2025-11-29;3;5;267;7;1;1;0;0;0;0
11;2025-11-29;4;5;268;9;1;1;0;0;0;0
11;2025-11-29;5;5;269;11;1;1;0;0;0;0
11;2025-11-29;6;5;270;13;0;1;0;0;0;0
11;2025-11-29;7;5;271;15;0;1;0;0;0;0
11;2025-11-29;8;5;272;17;0;1;0;0;0;0
11;2025-11-29;9;5;273;19;0;1;0;0;0;0
11;2025-11-29;10;5;274;21;0;1;0;0;0;0
11;2025-11-29;11;5;275;23;0;1;0;0;0;0
11;2025-11-29;12;5;276;25;0;1;0;0;0;0
11;2025-11-29;13;5;277;27;0;1;0;0;0;0
11;2025-11-29;14;5;278;29;0;1;0;0;0;0
11;2025-11-29;15;5;279;31;0;1;0;0;0;0
11;2025-11-29;16;5;280;33;0;1;0;0;0;0
11;2025-11-29;17;5;281;35;0;1;0;0;0;0
11;2025-11-29;18;5;282;37;0;1;0;0;0;0
11;2025-11-29;19;5;283;39;0;1;0;0;0;0
11;2025-11-29;20;5;284;41;0;1;0;0;0;0
11;2025-11-29;21;5;285;43;0;1;0;0;0;0
11;2025-11-29;22;5;286;45;0;1;0;0;0;0
11;2025-11-29;23;5;287;47;0;1;0;0;0;0
11;2025-11-30;0;6;264;1;1;1;0;0;0;0
11;2025-11-30;1;6;265;3;1;1;0;0;0;0
11;2025-11-30;2;6;266;5;1;1;0;0;0;0
11;2025-11-30;3;6;267;7;1;1;0;0;0;0
11;2025-11-30;4;6;268;9;1;1;0;0;0;0
11;2025-11-30;5;6;269;11;1;1;0;0;0;0
11;2025-11-30;6;6;270;13;0;1;0;0;0;0
11;2025-11-30;7;6;271;15;0;1;0;0;0;0
11;2025-11-30;8;6;272;17;0;1;0;0;0;0
11;2025-11-30;9;6;273;19;0;1;0;0;0;0
11;2025-11-30;10;6;274;21;0;1;0;0;0;0
11;2025-11-30;11;6;275;23;0;1;0;0;0;0
11;2025-11-30;12;6;276;25;0;1;0;0;0;0
11;2025-11-30;13;6;277;27;0;1;0;0;0;0
11;2025-11-30;14;6;278;29;0;1;0;0;0;0
11;2025-11-30;15;6;279;31;0;1;0;0;0;0
11;2025-11-30;16;6;280;33;0;1;0;0;0;0
11;2025-11-30;17;6;281;35;0;1;0;0;0;0
11;2025-11-30;18;6;282;37;0;1;0;0;0;0
11;2025-11-30;19;6;283;39;0;1;0;0;0;0
11;2025-11-30;20;6;284;41;0;1;0;0;0;0
11;2025-11-30;21;6;285;43;0;1;0;0;0;0
11;2025-11-30;22;6;286;45;0;1;0;0;0;0
11;2025-11-30;23;6;287;47;0;1;0;0;0;0
11;2025-12-01;0;0;264;0;1;0;0;0;0;0
11;2025-12-01;1;0;265;2;1;0;0;0;0;0
11;2025-12-01;2;0;266;4;1;0;0;0;0;0
11;2025-12-01;3;0;267;6;1;0;0;0;0;0
11;2025-12-01;4;0;268;8;1;0;0;0;0;0
11;2025-12-01;5;0;269;10;1;0;0;0;0;0
11;2025-12-01;6;0;270;12;0;0;0;0;0;0
11;2025-12-01;7;0;271;14;0;0;0;0;0;0
11;2025-12-01;8;0;272;16;0;0;0;0;0;0
11;2025-12-01;9;0;273;18;0;0;0;0;0;0
11;2025-12-01;10;0;274;20;0;0;0;0;0;0
11;2025-12-01;11;0;275;22;0;0;0;0;0;0
11;2025-12-01;12;0;276;24;0;0;0;0;0;0
11;2025-12-01;13;0;277;26;0;0;0;0;0;0
11;2025-12-01;14;0;278;28;0;0;0;0;0;0
11;2025-12-01;15;0;279;30;0;0;0;0;0;0
11;2025-12-01;16;0;280;32;0;0;0;0;0;0
11;2025-12-01;17;0;281;34;0;0;0;0;0;0
11;2025-12-01;18;0;282;36;0;0;0;0;0;0
11;2025-12-01;19;0;283;38;0;0;0;0;0;0
11;2025-12-01;20;0;284;40;0;0;0;0;0;0
11;2025-12-01;21;0;285;42;0;0;0;0;0;0
11;2025-12-01;22;0;286;44;0;0;0;0;0;0
11;2025-12-01;23;0;287;46;0;0;0;0;0;0
11;2025-12-02;0;1;264;0;1;0;0;0;0;0
11;2025-12-02;1;1;265;2;1;0;0;0;0;0
11;2025-12-02;2;1;266;4;1;0;0;0;0;0
11;2025-12-02;3;1;267;6;1;0;0;0;0;0
11;2025-12-02;4;1;268;8;1;0;0;0;0;0
11;2025-12-02;5;1;269;10;1;0;0;0;0;0
11;2025-12-02;6;1;270;12;0;0;0;0;0;0
11;2025-12-02;7;1;271;14;0;0;0;0;0;0
11;2025-12-02;8;1;272;16;0;0;0;0;0;0
11;2025-12-02;9;1;273;18;0;0;0;0;0;0
11;2025-12-02;10;1;274;20;0;0;0;0;0;0
11;2025-12-02;11;1;275;22;0;0;0;0;0;0
11;2025-12-02;12;1;276;24;0;0;0;0;0;0
11;2025-12-02;13;1;277;26;0;0;0;0;0;0
11;2025-12-02;14;1;278;28;0;0;0;0;0;0
11;2025-12-02;15;1;279;30;0;0;0;0;0;0
11;2025-12-02;16;1;280;32;0;0;0;0;0;0
11;2025-12-02;17;1;281;34;0;0;0;0;0;0
11;2025-12-02;18;1;282;36;0;0;0;0;0;0
11;2025-12-02;19;1;283;38;0;0;0;0;0;0
11;2025-12-02;20;1;284;40;0;0;0;0;0;0
11;2025-12-02;21;1;285;42;0;0;0;0;0;0
11;2025-12-02;22;1;286;44;0;0;0;0;0;0
11;2025-12-02;23;1;287;46;0;0;0;0;0;0
11;2025-12-03;0;2;264;0;1;0;0;0;0;0
11;2025-12-03;1;2;265;2;1;0;0;0;0;0
11;2025-12-03;2;2;266;4;1;0;0;0;0;0
11;2025-12-03;3;2;267;6;1;0;0;0;0;0
11;2025-12-03;4;2;268;8;1;0;0;0;0;0
11;2025-12-03;5;2;269;10;1;0;0;0;0;0
11;2025-12-03;6;2;270;12;0;0;0;0;0;0
11;2025-12-03;7;2;271;14;0;0;0;0;0;0
11;2025-12-03;8;2;272;16;0;0;0;0;0;0
11;2025-12-03;9;2;273;18;0;0;0;0;0;0
11;2025-12-03;10;2;274;20;0;0;0;0;0;0
11;2025-12-03;11;2;275;22;0;0;0;0;0;0
11;2025-12-03;12;2;276;24;0;0;0;0;0;0
11;2025-12-03;13;2;277;26;0;0;0;0;0;0
11;2025-12-03;14;2;278;28;0;0;0;0;0;0
11;2025-12-03;15;2;279;30;0;0;0;0;0;0
11;2025-12-03;16;2;280;32;0;0;0;0;0;0
11;2025-12-03;17;2;281;34;0;0;0;0;0;0
11;2025-12-03;18;2;282;36;0;0;0;0;0;0
11;2025-12-03;19;2;283;38;0;0;0;0;0;0
11;2025-12-03;20;2;284;40;0;0;0;0;0;0
11;2025-12-03;21;2;285;42;0;0;0;0;0;0
11;2025-12-03;22;2;286;44;0;0;0;0;0;0
11;2025-12-03;23;2;287;46;0;0;0;0;0;0
11;2025-12-04;0;3;264;0;1;0;0;0;0;0
11;2025-12-04;1;3;265;2;1;0;0;0;0;0
11;2025-12-04;2;3;266;4;1;0;0;0;0;0
11;2025-12-04;3;3;267;6;1;0;0;0;0;0
11;2025-12-04;4;3;268;8;1;0;0;0;0;0
11;2025-12-04;5;3;269;10;1;0;0;0;0;0
11;2025-12-04;6;3;270;12;0;0;0;0;0;0
11;2025-12-04;7;3;271;14;0;0;0;0;0;0
11;2025-12-04;8;3;272;16;0;0;0;0;0;0
11;2025-12-04;9;3;273;18;0;0;0;0;0;0
11;2025-12-04;10;3;274;20;0;0;0;0;0;0
11;2025-12-04;11;3;275;22;0;0;0;0;0;0
11;2025-12-04;12;3;276;24;0;0;0;0;0;0
11;2025-12-04;13;3;277;26;0;0;0;0;0;0
11;2025-12-04;14;3;278;28;0;0;0;0;0;0
11;2025-12-04;15;3;279;30;0;0;0;0;0;0
11;2025-12-04;16;3;280;32;0;0;0;0;0;0
11;2025-12-04;17;3;281;34;0;0;0;0;0;0
11;2025-12-04;18;3;282;36;0;0;0;0;0;0
11;2025-12-04;19;3;283;38;0;0;0;0;0;0
11;2025-12-04;20;3;284;40;0;0;0;0;0;0
11;2025-12-04;21;3;285;42;0;0;0;0;0;0
11;2025-12-04;22;3;286;44;0;0;0;0;0;0
11;2025-12-04;23;3;287;46;0;0;0;0;0;0
11;2025-12-05;0;4;264;0;1;0;0;0;0;0
11;2025-12-05;1;4;265;2;1;0;0;0;0;0
11;2025-12-05;2;4;266;4;1;0;0;0;0;0
11;2025-12-05;3;4;267;6;1;0;0;0;0;0
11;2025-12-05;4;4;268;8;1;0;0;0;0;0
11;2025-12-05;5;4;269;10;1;0;0;0;0;0
11;2025-12-05;6;4;270;12;0;0;0;0;0;0
11;2025-12-05;7;4;271;14;0;0;0;0;0;0
11;2025-12-05;8;4;272;16;0;0;0;0;0;0
11;2025-12-05;9;4;273;18;0;0;0;0;0;0
11;2025-12-05;10;4;274;20;0;0;0;0;0;0
11;2025-12-05;11;4;275;22;0;0;0;0;0;0
11;2025-12-05;12;4;276;24;0;0;0;0;0;0
11;2025-12-05;13;4;277;26;0;0;0;0;0;0
11;2025-12-05;14;4;278;28;0;0;0;0;0;0
11;2025-12-05;15;4;279;30;0;0;0;0;0;0
11;2025-12-05;16;4;280;32;0;0;0;0;0;0
11;2025-12-05;17;4;281;34;0;0;0;0;0;0
11;2025-12-05;18;4;282;36;0;0;0;0;0;0
11;2025-12-05;19;4;283;38;0;0;0;0;0;0
11;2025-12-05;20;4;284;40;0;0;0;0;0;0
11;2025-12-05;21;4;285;42;0;0;0;0;0;0
11;2025-12-05;22;4;286;44;0;0;0;0;0;0
11;2025-12-05;23;4;287;46;0;0;0;0;0;0
11;2025-12-06;0;5;264;1;1;1;0;0;0;0
11;2025-12-06;1;5;265;3;1;1;0;0;0;0
11;2025-12-06;2;5;266;5;1;1;0;0;0;0
11;2025-12-06;3;5;267;7;1;1;0;0;0;0
11;2025-12-06;4;5;268;9;1;1;0;0;0;0
11;2025-12-06;5;5;269;11;1;1;0;0;0;0
11;2025-12-06;6;5;270;13;0;1;0;0;0;0
11;2025-12-06;7;5;271;15;0;1;0;0;0;0
11;2025-12-06;8;5;272;17;0;1;0;0;0;0
11;2025-12-06;9;5;273;19;0;1;0;0;0;0
11;2025-12-06;10;5;274;21;0;1;0;0;0;0
11;2025-12-06;11;5;275;23;0;1;0;0;0;0
11;2025-12-06;12;5;276;25;0;1;0;0;0;0
11;2025-12-06;13;5;277;27;0;1;0;0;0;0
11;2025-12-06;14;5;278;29;0;1;0;0;0;0
11;2025-12-06;15;5;279;31;0;1;0;0;0;0
11;2025-12-06;16;5;280;33;0;1;0;0;0;0
11;2025-12-06;17;5;281;35;0;1;0;0;0;0
11;2025-12-06;18;5;282;37;0;1;0;0;0;0
11;2025-12-06;19;5;283;39;0;1;0;0;0;0
11;2025-12-06;20;5;284;41;0;1;0;0;0;0
11;2025-12-06;21;5;285;43;0;1;0;0;0;0
11;2025-12-06;22;5;286;45;0;1;0;0;0;0
11;2025-12-06;23;5;287;47;0;1;0;0;0;0
11;2025-12-07;0;6;264;1;1;1;0;0;0;0
11;2025-12-07;1;6;265;3;1;1;0;0;0;0
11;2025-12-07;2;6;266;5;1;1;0;0;0;0
11;2025-12-07;3;6;267;7;1;1;0;0;0;0
11;2025-12-07;4;6;268;9;1;1;0;0;0;0
11;2025-12-07;5;6;269;11;1;1;0;0;0;0
11;2025-12-07;6;6;270;13;0;1;0;0;0;0
11;2025-12-07;7;6;271;15;0;1;0;0;0;0
11;2025-12-07;8;6;272;17;0;1;0;0;0;0
11;2025-12-07;9;6;273;19;0;1;0;0;0;0
11;2025-12-07;10;6;274;21;0;1;0;0;0;0
11;2025-12-07;11;6;275;23;0;1;0;0;0;0
11;2025-12-07;12;6;276;25;0;1;0;0;0;0
11;2025-12-07;13;6;277;27;0;1;0;0;0;0
11;2025-12-07;14;6;278;29;0;1;0;0;0;0
11;2025-12-07;15;6;279;31;0;1;0;0;0;0
11;2025-12-07;16;6;280;33;0;1;0;0;0;0
11;2025-12-07;17;6;281;35;0;1;0;0;0;0
11;2025-12-07;18;6;282;37;0;1;0;0;0;0
11;2025-12-07;19;6;283;39;0;1;0;0;0;0
11;2025-12-07;20;6;284;41;0;1;0;0;0;0
11;2025-12-07;21;6;285;43;0;1;0;0;0;0
11;2025-12-07;22;6;286;45;0;1;0;0;0;0
11;2025-12-07;23;6;287;47;0;1;0;0;0;0
11;2025-12-08;0;0;264;0;1;0;0;0;0;0
11;2025-12-08;1;0;265;2;1;0;0;0;0;0
11;2025-12-08;2;0;266;4;1;0;0;0;0;0
11;2025-12-08;3;0;267;6;1;0;0;0;0;0
11;2025-12-08;4;0;268;8;1;0;0;0;0;0
11;2025-12-08;5;0;269;10;1;0;0;0;0;0
11;2025-12-08;6;0;270;12;0;0;0;0;0;0
11;2025-12-08;7;0;271;14;0;0;0;0;0;0
11;2025-12-08;8;0;272;16;0;0;0;0;0;0
11;2025-12-08;9;0;273;18;0;0;0;0;0;0
11;2025-12-08;10;0;274;20;0;0;0;0;0;0
11;2025-12-08;11;0;275;22;0;0;0;0;0;0
11;2025-12-08;12;0;276;24;0;0;0;0;0;0
11;2025-12-08;13;0;277;26;0;0;0;0;0;0
11;2025-12-08;14;0;278;28;0;0;0;0;0;0
11;2025-12-08;15;0;279;30;0;0;0;0;0;0
11;2025-12-08;16;0;280;32;0;0;0;0;0;0
11;2025-12-08;17;0;281;34;0;0;0;0;0;0
11;2025-12-08;18;0;282;36;0;0;0;0;0;0
11;2025-12-08;19;0;283;38;0;0;0;0;0;0
11;2025-12-08;20;0;284;40;0;0;0;0;0;0
11;2025-12-08;21;0;285;42;0;0;0;0;0;0
11;2025-12-08;22;0;286;44;0;0;0;0;0;0
11;2025-12-08;23;0;287;46;0;0;0;0;0;0
11;2025-12-09;0;1;264;0;1;0;0;0;0;0
11;2025-12-09;1;1;265;2;1;0;0;0;0;0
11;2025-12-09;2;1;266;4;1;0;0;0;0;0
11;2025-12-09;3;1;267;6;1;0;0;0;0;0
11;2025-12-09;4;1;268;8;1;0;0;0;0;0
11;2025-12-09;5;1;269;10;1;0;0;0;0;0
11;2025-12-09;6;1;270;12;0;0;0;0;0;0
11;2025-12-09;7;1;271;14;0;0;0;0;0;0
11;2025-12-09;8;1;272;16;0;0;0;0;0;0
11;2025-12-09;9;1;273;18;0;0;0;0;0;0
11;2025-12-09;10;1;274;20;0;0;0;0;0;0
11;2025-12-09;11;1;275;22;0;0;0;0;0;0
11;2025-12-09;12;1;276;24;0;0;0;0;0;0
11;2025-12-09;13;1;277;26;0;0;0;0;0;0
11;2025-12-09;14;1;278;28;0;0;0;0;0;0
11;2025-12-09;15;1;279;30;0;0;0;0;0;0
11;2025-12-09;16;1;280;32;0;0;0;0;0;0
11;2025-12-09;17;1;281;34;0;0;0;0;0;0
11;2025-12-09;18;1;282;36;0;0;0;0;0;0
11;2025-12-09;19;1;283;38;0;0;0;0;0;0
11;2025-12-09;20;1;284;40;0;0;0;0;0;0
11;2025-12-09;21;1;285;42;0;0;0;0;0;0
11;2025-12-09;22;1;286;44;0;0;0;0;0;0
11;2025-12-09;23;1;287;46;0;0;0;0;0;0
11;2025-12-10;0;2;264;0;1;0;0;0;0;0
11;2025-12-10;1;2;265;2;1;0;0;0;0;0
11;2025-12-10;2;2;266;4;1;0;0;0;0;0
11;2025-12-10;3;2;267;6;1;0;0;0;0;0
11;2025-12-10;4;2;268;8;1;0;0;0;0;0
11;2025-12-10;5;2;269;10;1;0;0;0;0;0
11;2025-12-10;6;2;270;12;0;0;0;0;0;0
11;2025-12-10;7;2;271;14;0;0;0;0;0;0
11;2025-12-10;8;2;272;16;0;0;0;0;0;0
11;2025-12-10;9;2;273;18;0;0;0;0;0;0
11;2025-12-10;10;2;274;20;0;0;0;0;0;0
11;2025-12-10;11;2;275;22;0;0;0;0;0;0
11;2025-12-10;12;2;276;24;0;0;0;0;0;0
11;2025-12-10;13;2;277;26;0;0;0;0;0;0
11;2025-12-10;14;2;278;28;0;0;0;0;0;0
11;2025-12-10;15;2;279;30;0;0;0;0;0;0
11;2025-12-10;16;2;280;32;0;0;0;0;0;0
11;2025-12-10;17;2;281;34;0;0;0;0;0;0
11;2025-12-10;18;2;282;36;0;0;0;0;0;0
11;2025-12-10;19;2;283;38;0;0;0;0;0;0
11;2025-12-10;20;2;284;40;0;0;0;0;0;0
11;2025-12-10;21;2;285;42;0;0;0;0;0;0
11;2025-12-10;22;2;286;44;0;0;0;0;0;0
11;2025-12-10;23;2;287;46;0;0;0;0;0;0
11;2025-12-11;0;3;264;0;1;0;0;0;0;0
11;2025-12-11;1;3;265;2;1;0;0;0;0;0
11;2025-12-11;2;3;266;4;1;0;0;0;0;0
11;2025-12-11;3;3;267;6;1;0;0;0;0;0
11;2025-12-11;4;3;268;8;1;0;0;0;0;0
11;2025-12-11;5;3;269;10;1;0;0;0;0;0
11;2025-12-11;6;3;270;12;0;0;0;0;0;0
11;2025-12-11;7;3;271;14;0;0;0;0;0;0
11;2025-12-11;8;3;272;16;0;0;0;0;0;0
11;2025-12-11;9;3;273;18;0;0;0;0;0;0
11;2025-12-11;10;3;274;20;0;0;0;0;0;0
11;2025-12-11;11;3;275;22;0;0;0;0;0;0
11;2025-12-11;12;3;276;24;0;0;0;0;0;0
11;2025-12-11;13;3;277;26;0;0;0;0;0;0
11;2025-12-11;14;3;278;28;0;0;0;0;0;0
11;2025-12-11;15;3;279;30;0;0;0;0;0;0
11;2025-12-11;16;3;280;32;0;0;0;0;0;0
11;2025-12-11;17;3;281;34;0;0;0;0;0;0
11;2025-12-11;18;3;282;36;0;0;0;0;0;0
11;2025-12-11;19;3;283;38;0;0;0;0;0;0
11;2025-12-11;20;3;284;40;0;0;0;0;0;0
11;2025-12-11;21;3;285;42;0;0;0;0;0;0
11;2025-12-11;22;3;286;44;0;0;0;0;0;0
11;2025-12-11;23;3;287;46;0;0;0;0;0;0
11;2025-12-12;0;4;264;0;1;0;0;0;0;0
11;2025-12-12;1;4;265;2;1;0;0;0;0;0
11;2025-12-12;2;4;266;4;1;0;0;0;0;0
11;2025-12-12;3;4;267;6;1;0;0;0;0;0
11;2025-12-12;4;4;268;8;1;0;0;0;0;0
11;2025-12-12;5;4;269;10;1;0;0;0;0;0
11;2025-12-12;6;4;270;12;0;0;0;0;0;0
11;2025-12-12;7;4;271;14;0;0;0;0;0;0
11;2025-12-12;8;4;272;16;0;0;0;0;0;0
11;2025-12-12;9;4;273;18;0;0;0;0;0;0
11;2025-12-12;10;4;274;20;0;0;0;0;0;0
11;2025-12-12;11;4;275;22;0;0;0;0;0;0
11;2025-12-12;12;4;276;24;0;0;0;0;0;0
11;2025-12-12;13;4;277;26;0;0;0;0;0;0
11;2025-12-12;14;4;278;28;0;0;0;0;0;0
11;2025-12-12;15;4;279;30;0;0;0;0;0;0
11;2025-12-12;16;4;280;32;0;0;0;0;0;0
11;2025-12-12;17;4;281;34;0;0;0;0;0;0
11;2025-12-12;18;4;282;36;0;0;0;0;0;0
11;2025-12-12;19;4;283;38;0;0;0;0;0;0
11;2025-12-12;20;4;284;40;0;0;0;0;0;0
11;2025-12-12;21;4;285;42;0;0;0;0;0;0
11;2025-12-12;22;4;286;44;0;0;0;0;0;0
11;2025-12-12;23;4;287;46;0;0;0;0;0;0
11;2025-12-13;0;5;264;1;1;1;0;0;0;0
11;2025-12-13;1;5;265;3;1;1;0;0;0;0
11;2025-12-13;2;5;266;5;1;1;0;0;0;0
11;2025-12-13;3;5;267;7;1;1;0;0;0;0
11;2025-12-13;4;5;268;9;1;1;0;0;0;0
11;2025-12-13;5;5;269;11;1;1;0;0;0;0
11;2025-12-13;6;5;270;13;0;1;0;0;0;0
11;2025-12-13;7;5;271;15;0;1;0;0;0;0
11;2025-12-13;8;5;272;17;0;1;0;0;0;0
11;2025-12-13;9;5;273;19;0;1;0;0;0;0
11;2025-12-13;10;5;274;21;0;1;0;0;0;0
11;2025-12-13;11;5;275;23;0;1;0;0;0;0
11;2025-12-13;12;5;276;25;0;1;0;0;0;0
11;2025-12-13;13;5;277;27;0;1;0;0;0;0
11;2025-12-13;14;5;278;29;0;1;0;0;0;0
11;2025-12-13;15;5;279;31;0;1;0;0;0;0
11;2025-12-13;16;5;280;33;0;1;0;0;0;0
11;2025-12-13;17;5;281;35;0;1;0;0;0;0
11;2025-12-13;18;5;282;37;0;1;0;0;0;0
11;2025-12-13;19;5;283;39;0;1;0;0;0;0
11;2025-12-13;20;5;284;41;0;1;0;0;0;0
11;2025-12-13;21;5;285;43;0;1;0;0;0;0
11;2025-12-13;22;5;286;45;0;1;0;0;0;0
11;2025-12-13;23;5;287;47;0;1;0;0;0;0
11;2025-12-14;0;6;264;1;1;1;0;0;0;0
11;2025-12-14;1;6;265;3;1;1;0;0;0;0
11;2025-12-14;2;6;266;5;1;1;0;0;0;0
11;2025-12-14;3;6;267;7;1;1;0;0;0;0
11;2025-12-14;4;6;268;9;1;1;0;0;0;0
11;2025-12-14;5;6;269;11;1;1;0;0;0;0
11;2025-12-14;6;6;270;13;0;1;0;0;0;0
11;2025-12-14;7;6;271;15;0;1;0;0;0;0
11;2025-12-14;8;6;272;17;0;1;0;0;0;0
11;2025-12-14;9;6;273;19;0;1;0;0;0;0
11;2025-12-14;10;6;274;21;0;1;0;0;0;0
11;2025-12-14;11;6;275;23;0;1;0;0;0;0
11;2025-12-14;12;6;276;25;0;1;0;0;0;0
11;2025-12-14;13;6;277;27;0;1;0;0;0;0
11;2025-12-14;14;6;278;29;0;1;0;0;0;0
11;2025-12-14;15;6;279;31;0;1;0;0;0;0
11;2025-12-14;16;6;280;33;0;1;0;0;0;0
11;2025-12-14;17;6;281;35;0;1;0;0;0;0
11;2025-12-14;18;6;282;37;0;1;0;0;0;0
11;2025-12-14;19;6;283;39;0;1;0;0;0;0
11;2025-12-14;20;6;284;41;0;1;0;0;0;0
11;2025-12-14;21;6;285;43;0;1;0;0;0;0
11;2025-12-14;22;6;286;45;0;1;0;0;0;0
11;2025-12-14;23;6;287;47;0;1;0;0;0;0
11;2025-12-15;0;0;264;0;1;0;0;0;0;0
11;2025-12-15;1;0;265;2;1;0;0;0;0;0
11;2025-12-15;2;0;266;4;1;0;0;0;0;0
11;2025-12-15;3;0;267;6;1;0;0;0;0;0
11;2025-12-15;4;0;268;8;1;0;0;0;0;0
11;2025-12-15;5;0;269;10;1;0;0;0;0;0
11;2025-12-15;6;0;270;12;0;0;0;0;0;0
11;2025-12-15;7;0;271;14;0;0;0;0;0;0
11;2025-12-15;8;0;272;16;0;0;0;0;0;0
11;2025-12-15;9;0;273;18;0;0;0;0;0;0
11;2025-12-15;10;0;274;20;0;0;0;0;0;0
11;2025-12-15;11;0;275;22;0;0;0;0;0;0
11;2025-12-15;12;0;276;24;0;0;0;0;0;0
11;2025-12-15;13;0;277;26;0;0;0;0;0;0
11;2025-12-15;14;0;278;28;0;0;0;0;0;0
11;2025-12-15;15;0;279;30;0;0;0;0;0;0
11;2025-12-15;16;0;280;32;0;0;0;0;0;0
11;2025-12-15;17;0;281;34;0;0;0;0;0;0
11;2025-12-15;18;0;282;36;0;0;0;0;0;0
11;2025-12-15;19;0;283;38;0;0;0;0;0;0
11;2025-12-15;20;0;284;40;0;0;0;0;0;0
11;2025-12-15;21;0;285;42;0;0;0;0;0;0
11;2025-12-15;22;0;286;44;0;0;0;0;0;0
11;2025-12-15;23;0;287;46;0;0;0;0;0;0
11;2025-12-16;0;1;264;0;1;0;0;0;0;0
11;2025-12-16;1;1;265;2;1;0;0;0;0;0
11;2025-12-16;2;1;266;4;1;0;0;0;0;0
11;2025-12-16;3;1;267;6;1;0;0;0;0;0
11;2025-12-16;4;1;268;8;1;0;0;0;0;0
11;2025-12-16;5;1;269;10;1;0;0;0;0;0
11;2025-12-16;6;1;270;12;0;0;0;0;0;0
11;2025-12-16;7;1;271;14;0;0;0;0;0;0
11;2025-12-16;8;1;272;16;0;0;0;0;0;0
11;2025-12-16;9;1;273;18;0;0;0;0;0;0
11;2025-12-16;10;1;274;20;0;0;0;0;0;0
11;2025-12-16;11;1;275;22;0;0;0;0;0;0
11;2025-12-16;12;1;276;24;0;0;0;0;0;0
11;2025-12-16;13;1;277;26;0;0;0;0;0;0
11;2025-12-16;14;1;278;28;0;0;0;0;0;0
11;2025-12-16;15;1;279;30;0;0;0;0;0;0
11;2025-12-16;16;1;280;32;0;0;0;0;0;0
11;2025-12-16;17;1;281;34;0;0;0;0;0;0
11;2025-12-16;18;1;282;36;0;0;0;0;0;0
11;2025-12-16;19;1;283;38;0;0;0;0;0;0
11;2025-12-16;20;1;284;40;0;0;0;0;0;0
11;2025-12-16;21;1;285;42;0;0;0;0;0;0
11;2025-12-16;22;1;286;44;0;0;0;0;0;0
11;2025-12-16;23;1;287;46;0;0;0;0;0;0
11;2025-12-17;0;2;264;0;1;0;0;0;0;0
11;2025-12-17;1;2;265;2;1;0;0;0;0;0
11;2025-12-17;2;2;266;4;1;0;0;0;0;0
11;2025-12-17;3;2;267;6;1;0;0;0;0;0
11;2025-12-17;4;2;268;8;1;0;0;0;0;0
11;2025-12-17;5;2;269;10;1;0;0;0;0;0
11;2025-12-17;6;2;270;12;0;0;0;0;0;0
11;2025-12-17;7;2;271;14;0;0;0;0;0;0
11;2025-12-17;8;2;272;16;0;0;0;0;0;0
11;2025-12-17;9;2;273;18;0;0;0;0;0;0
11;2025-12-17;10;2;274;20;0;0;0;0;0;0
11;2025-12-17;11;2;275;22;0;0;0;0;0;0
11;2025-12-17;12;2;276;24;0;0;0;0;0;0
11;2025-12-17;13;2;277;26;0;0;0;0;0;0
11;2025-12-17;14;2;278;28;0;0;0;0;0;0
11;2025-12-17;15;2;279;30;0;0;0;0;0;0
11;2025-12-17;16;2;280;32;0;0;0;0;0;0
11;2025-12-17;17;2;281;34;0;0;0;0;0;0
11;2025-12-17;18;2;282;36;0;0;0;0;0;0
11;2025-12-17;19;2;283;38;0;0;0;0;0;0
11;2025-12-17;20;2;284;40;0;0;0;0;0;0
11;2025-12-17;21;2;285;42;0;0;0;0;0;0
11;2025-12-17;22;2;286;44;0;0;0;0;0;0
11;2025-12-17;23;2;287;46;0;0;0;0;0;0
11;2025-12-18;0;3;264;0;1;0;0;0;0;0
11;2025-12-18;1;3;265;2;1;0;0;0;0;0
11;2025-12-18;2;3;266;4;1;0;0;0;0;0
11;2025-12-18;3;3;267;6;1;0;0;0;0;0
11;2025-12-18;4;3;268;8;1;0;0;0;0;0
11;2025-12-18;5;3;269;10;1;0;0;0;0;0
11;2025-12-18;6;3;270;12;0;0;0;0;0;0
11;2025-12-18;7;3;271;14;0;0;0;0;0;0
11;2025-12-18;8;3;272;16;0;0;0;0;0;0
11;2025-12-18;9;3;273;18;0;0;0;0;0;0
11;2025-12-18;10;3;274;20;0;0;0;0;0;0
11;2025-12-18;11;3;275;22;0;0;0;0;0;0
11;2025-12-18;12;3;276;24;0;0;0;0;0;0
11;2025-12-18;13;3;277;26;0;0;0;0;0;0
11;2025-12-18;14;3;278;28;0;0;0;0;0;0
11;2025-12-18;15;3;279;30;0;0;0;0;0;0
11;2025-12-18;16;3;280;32;0;0;0;0;0;0
11;2025-12-18;17;3;281;34;0;0;0;0;0;0
11;2025-12-18;18;3;282;36;0;0;0;0;0;0
11;2025-12-18;19;3;283;38;0;0;0;0;0;0
11;2025-12-18;20;3;284;40;0;0;0;0;0;0
11;2025-12-18;21;3;285;42;0;0;0;0;0;0
11;2025-12-18;22;3;286;44;0;0;0;0;0;0
11;2025-12-18;23;3;287;46;0;0;0;0;0;0
11;2025-12-19;0;4;264;0;1;0;0;0;0;0
11;2025-12-19;1;4;265;2;1;0;0;0;0;0
11;2025-12-19;2;4;266;4;1;0;0;0;0;0
11;2025-12-19;3;4;267;6;1;0;0;0;0;0
11;2025-12-19;4;4;268;8;1;0;0;0;0;0
11;2025-12-19;5;4;269;10;1;0;0;0;0;0
11;2025-12-19;6;4;270;12;0;0;0;0;0;0
11;2025-12-19;7;4;271;14;0;0;0;0;0;0
11;2025-12-19;8;4;272;16;0;0;0;0;0;0
11;2025-12-19;9;4;273;18;0;0;0;0;0;0
11;2025-12-19;10;4;274;20;0;0;0;0;0;0
11;2025-12-19;11;4;275;22;0;0;0;0;0;0
11;2025-12-19;12;4;276;24;0;0;0;0;0;0
11;2025-12-19;13;4;277;26;0;0;0;0;0;0
11;2025-12-19;14;4;278;28;0;0;0;0;0;0
11;2025-12-19;15;4;279;30;0;0;0;0;0;0
11;2025-12-19;16;4;280;32;0;0;0;0;0;0
11;2025-12-19;17;4;281;34;0;0;0;0;0;0
11;2025-12-19;18;4;282;36;0;0;0;0;0;0
11;2025-12-19;19;4;283;38;0;0;0;0;0;0
11;2025-12-19;20;4;284;40;0;0;0;0;0;0
11;2025-12-19;21;4;285;42;0;0;0;0;0;0
11;2025-12-19;22;4;286;44;0;0;0;0;0;0
11;2025-12-19;23;4;287;46;0;0;0;0;0;0
11;2025-12-20;0;5;264;1;1;1;0;0;0;0
11;2025-12-20;1;5;265;3;1;1;0;0;0;0
11;2025-12-20;2;5;266;5;1;1;0;0;0;0
11;2025-12-20;3;5;267;7;1;1;0;0;0;0
11;2025-12-20;4;5;268;9;1;1;0;0;0;0
11;2025-12-20;5;5;269;11;1;1;0;0;0;0
11;2025-12-20;6;5;270;13;0;1;0;0;0;0
11;2025-12-20;7;5;271;15;0;1;0;0;0;0
11;2025-12-20;8;5;272;17;0;1;0;0;0;0
11;2025-12-20;9;5;273;19;0;1;0;0;0;0
11;2025-12-20;10;5;274;21;0;1;0;0;0;0
11;2025-12-20;11;5;275;23;0;1;0;0;0;0
11;2025-12-20;12;5;276;25;0;1;0;0;0;0
11;2025-12-20;13;5;277;27;0;1;0;0;0;0
11;2025-12-20;14;5;278;29;0;1;0;0;0;0
11;2025-12-20;15;5;279;31;0;1;0;0;0;0
11;2025-12-20;16;5;280;33;0;1;0;0;0;0
11;2025-12-20;17;5;281;35;0;1;0;0;0;0
11;2025-12-20;18;5;282;37;0;1;0;0;0;0
11;2025-12-20;19;5;283;39;0;1;0;0;0;0
11;2025-12-20;20;5;284;41;0;1;0;0;0;0
11;2025-12-20;21;5;285;43;0;1;0;0;0;0
11;2025-12-20;22;5;286;45;0;1;0;0;0;0
11;2025-12-20;23;5;287;47;0;1;0;0;0;0
11;2025-12-21;0;6;264;1;1;1;0;0;0;0
11;2025-12-21;1;6;265;3;1;1;0;0;0;0
11;2025-12-21;2;6;266;5;1;1;0;0;0;0
11;2025-12-21;3;6;267;7;1;1;0;0;0;0
11;2025-12-21;4;6;268;9;1;1;0;0;0;0
11;2025-12-21;5;6;269;11;1;1;0;0;0;0
11;2025-12-21;6;6;270;13;0;1;0;0;0;0
11;2025-12-21;7;6;271;15;0;1;0;0;0;0
11;2025-12-21;8;6;272;17;0;1;0;0;0;0
11;2025-12-21;9;6;273;19;0;1;0;0;0;0
11;2025-12-21;10;6;274;21;0;1;0;0;0;0
11;2025-12-21;11;6;275;23;0;1;0;0;0;0
11;2025-12-21;12;6;276;25;0;1;0;0;0;0
11;2025-12-21;13;6;277;27;0;1;0;0;0;0
11;2025-12-21;14;6;278;29;0;1;0;0;0;0
11;2025-12-21;15;6;279;31;0;1;0;0;0;0
11;2025-12-21;16;6;280;33;0;1;0;0;0;0
11;2025-12-21;17;6;281;35;0;1;0;0;0;0
11;2025-12-21;18;6;282;37;0;1;0;0;0;0
11;2025-12-21;19;6;283;39;0;1;0;0;0;0
11;2025-12-21;20;6;284;41;0;1;0;0;0;0
11;2025-12-21;21;6;285;43;0;1;0;0;0;0
11;2025-12-21;22;6;286;45;0;1;0;0;0;0
11;2025-12-21;23;6;287;47;0;1;0;0;0;0
11;2025-12-22;0;0;264;0;1;0;0;0;0;0
11;2025-12-22;1;0;265;2;1;0;0;0;0;0
11;2025-12-22;2;0;266;4;1;0;0;0;0;0
11;2025-12-22;3;0;267;6;1;0;0;0;0;0
11;2025-12-22;4;0;268;8;1;0;0;0;0;0
11;2025-12-22;5;0;269;10;1;0;0;0;0;0
11;2025-12-22;6;0;270;12;0;0;0;0;0;0
11;2025-12-22;7;0;271;14;0;0;0;0;0;0
11;2025-12-22;8;0;272;16;0;0;0;0;0;0
11;2025-12-22;9;0;273;18;0;0;0;0;0;0
11;2025-12-22;10;0;274;20;0;0;0;0;0;0
11;2025-12-22;11;0;275;22;0;0;0;0;0;0
11;2025-12-22;12;0;276;24;0;0;0;0;0;0
11;2025-12-22;13;0;277;26;0;0;0;0;0;0
11;2025-12-22;14;0;278;28;0;0;0;0;0;0
11;2025-12-22;15;0;279;30;0;0;0;0;0;0
11;2025-12-22;16;0;280;32;0;0;0;0;0;0
11;2025-12-22;17;0;281;34;0;0;0;0;0;0
11;2025-12-22;18;0;282;36;0;0;0;0;0;0
11;2025-12-22;19;0;283;38;0;0;0;0;0;0
11;2025-12-22;20;0;284;40;0;0;0;0;0;0
11;2025-12-22;21;0;285;42;0;0;0;0;0;0
11;2025-12-22;22;0;286;44;0;0;0;0;0;0
11;2025-12-22;23;0;287;46;0;0;0;0;0;0
11;2025-12-23;0;1;264;0;1;0;0;0;0;0
11;2025-12-23;1;1;265;2;1;0;0;0;0;0
11;2025-12-23;2;1;266;4;1;0;0;0;0;0
11;2025-12-23;3;1;267;6;1;0;0;0;0;0
11;2025-12-23;4;1;268;8;1;0;0;0;0;0
11;2025-12-23;5;1;269;10;1;0;0;0;0;0
11;2025-12-23;6;1;270;12;0;0;0;0;0;0
11;2025-12-23;7;1;271;14;0;0;0;0;0;0
11;2025-12-23;8;1;272;16;0;0;0;0;0;0
11;2025-12-23;9;1;273;18;0;0;0;0;0;0
11;2025-12-23;10;1;274;20;0;0;0;0;0;0
11;2025-12-23;11;1;275;22;0;0;0;0;0;0
11;2025-12-23;12;1;276;24;0;0;0;0;0;0
11;2025-12-23;13;1;277;26;0;0;0;0;0;0
11;2025-12-23;14;1;278;28;0;0;0;0;0;0
11;2025-12-23;15;1;279;30;0;0;0;0;0;0
11;2025-12-23;16;1;280;32;0;0;0;0;0;0
11;2025-12-23;17;1;281;34;0;0;0;0;0;0
11;2025-12-23;18;1;282;36;0;0;0;0;0;0
11;2025-12-23;19;1;283;38;0;0;0;0;0;0
11;2025-12-23;20;1;284;40;0;0;0;0;0;0
11;2025-12-23;21;1;285;42;0;0;0;0;0;0
11;2025-12-23;22;1;286;44;0;0;0;0;0;0
11;2025-12-23;23;1;287;46;0;0;0;0;0;0
11;2025-12-24;0;2;264;0;1;0;0;0;0;0
11;2025-12-24;1;2;265;2;1;0;0;0;0;0
11;2025-12-24;2;2;266;4;1;0;0;0;0;0
11;2025-12-24;3;2;267;6;1;0;0;0;0;0
11;2025-12-24;4;2;268;8;1;0;0;0;0;0
11;2025-12-24;5;2;269;10;1;0;0;0;0;0
11;2025-12-24;6;2;270;12;0;0;0;0;0;0
11;2025-12-24;7;2;271;14;0;0;0;0;0;0
11;2025-12-24;8;2;272;16;0;0;0;0;0;0
11;2025-12-24;9;2;273;18;0;0;0;0;0;0
11;2025-12-24;10;2;274;20;0;0;0;0;0;0
11;2025-12-24;11;2;275;22;0;0;0;0;0;0
11;2025-12-24;12;2;276;24;0;0;0;0;0;0
11;2025-12-24;13;2;277;26;0;0;0;0;0;0
11;2025-12-24;14;2;278;28;0;0;0;0;0;0
11;2025-12-24;15;2;279;30;0;0;0;0;0;0
11;2025-12-24;16;2;280;32;0;0;0;0;0;0
11;2025-12-24;17;2;281;34;0;0;0;0;0;0
11;2025-12-24;18;2;282;36;0;0;0;0;0;0
11;2025-12-24;19;2;283;38;0;0;0;0;0;0
11;2025-12-24;20;2;284;40;0;0;0;0;0;0
11;2025-12-24;21;2;285;42;0;0;0;0;0;0
11;2025-12-24;22;2;286;44;0;0;0;0;0;0
11;2025-12-24;23;2;287;46;0;0;0;0;0;0
11;2025-12-25;0;3;264;0;1;0;0;0;0;0
11;2025-12-25;1;3;265;2;1;0;0;0;0;0
11;2025-12-25;2;3;266;4;1;0;0;0;0;0
11;2025-12-25;3;3;267;6;1;0;0;0;0;0
11;2025-12-25;4;3;268;8;1;0;0;0;0;0
11;2025-12-25;5;3;269;10;1;0;0;0;0;0
11;2025-12-25;6;3;270;12;0;0;0;0;0;0
11;2025-12-25;7;3;271;14;0;0;0;0;0;0
11;2025-12-25;8;3;272;16;0;0;0;0;0;0
11;2025-12-25;9;3;273;18;0;0;0;0;0;0
11;2025-12-25;10;3;274;20;0;0;0;0;0;0
11;2025-12-25;11;3;275;22;0;0;0;0;0;0
11;2025-12-25;12;3;276;24;0;0;0;0;0;0
11;2025-12-25;13;3;277;26;0;0;0;0;0;0
11;2025-12-25;14;3;278;28;0;0;0;0;0;0
11;2025-12-25;15;3;279;30;0;0;0;0;0;0
11;2025-12-25;16;3;280;32;0;0;0;0;0;0
11;2025-12-25;17;3;281;34;0;0;0;0;0;0
11;2025-12-25;18;3;282;36;0;0;0;0;0;0
11;2025-12-25;19;3;283;38;0;0;0;0;0;0
11;2025-12-25;20;3;284;40;0;0;0;0;0;0
11;2025-12-25;21;3;285;42;0;0;0;0;0;0
11;2025-12-25;22;3;286;44;0;0;0;0;0;0
11;2025-12-25;23;3;287;46;0;0;0;0;0;0
11;2025-12-26;0;4;264;0;1;0;0;0;0;0
11;2025-12-26;1;4;265;2;1;0;0;0;0;0
11;2025-12-26;2;4;266;4;1;0;0;0;0;0
11;2025-12-26;3;4;267;6;1;0;0;0;0;0
11;2025-12-26;4;4;268;8;1;0;0;0;0;0
11;2025-12-26;5;4;269;10;1;0;0;0;0;0
11;2025-12-26;6;4;270;12;0;0;0;0;0;0
11;2025-12-26;7;4;271;14;0;0;0;0;0;0
11;2025-12-26;8;4;272;16;0;0;0;0;0;0
11;2025-12-26;9;4;273;18;0;0;0;0;0;0
11;2025-12-26;10;4;274;20;0;0;0;0;0;0
11;2025-12-26;11;4;275;22;0;0;0;0;0;0
11;2025-12-26;12;4;276;24;0;0;0;0;0;0
11;2025-12-26;13;4;277;26;0;0;0;0;0;0
11;2025-12-26;14;4;278;28;0;0;0;0;0;0
11;2025-12-26;15;4;279;30;0;0;0;0;0;0
11;2025-12-26;16;4;280;32;0;0;0;0;0;0
11;2025-12-26;17;4;281;34;0;0;0;0;0;0
11;2025-12-26;18;4;282;36;0;0;0;0;0;0
11;2025-12-26;19;4;283;38;0;0;0;0;0;0
11;2025-12-26;20;4;284;40;0;0;0;0;0;0
11;2025-12-26;21;4;285;42;0;0;0;0;0;0
11;2025-12-26;22;4;286;44;0;0;0;0;0;0
11;2025-12-26;23;4;287;46;0;0;0;0;0;0
11;2025-12-27;0;5;264;1;1;1;0;0;0;0
11;2025-12-27;1;5;265;3;1;1;0;0;0;0
11;2025-12-27;2;5;266;5;1;1;0;0;0;0
11;2025-12-27;3;5;267;7;1;1;0;0;0;0
11;2025-12-27;4;5;268;9;1;1;0;0;0;0
11;2025-12-27;5;5;269;11;1;1;0;0;0;0
11;2025-12-27;6;5;270;13;0;1;0;0;0;0
11;2025-12-27;7;5;271;15;0;1;0;0;0;0
11;2025-12-27;8;5;272;17;0;1;0;0;0;0
11;2025-12-27;9;5;273;19;0;1;0;0;0;0
11;2025-12-27;10;5;274;21;0;1;0;0;0;0
11;2025-12-27;11;5;275;23;0;1;0;0;0;0
11;2025-12-27;12;5;276;25;0;1;0;0;0;0
11;2025-12-27;13;5;277;27;0;1;0;0;0;0
11;2025-12-27;14;5;278;29;0;1;0;0;0;0
11;2025-12-27;15;5;279;31;0;1;0;0;0;0
11;2025-12-27;16;5;280;33;0;1;0;0;0;0
11;2025-12-27;17;5;281;35;0;1;0;0;0;0
11;2025-12-27;18;5;282;37;0;1;0;0;0;0
11;2025-12-27;19;5;283;39;0;1;0;0;0;0
11;2025-12-27;20;5;284;41;0;1;0;0;0;0
11;2025-12-27;21;5;285;43;0;1;0;0;0;0
11;2025-12-27;22;5;286;45;0;1;0;0;0;0
11;2025-12-27;23;5;287;47;0;1;0;0;0;0
11;2025-12-28;0;6;264;1;1;1;0;0;0;0
11;2025-12-28;1;6;265;3;1;1;0;0;0;0
11;2025-12-28;2;6;266;5;1;1;0;0;0;0
11;2025-12-28;3;6;267;7;1;1;0;0;0;0
11;2025-12-28;4;6;268;9;1;1;0;0;0;0
11;2025-12-28;5;6;269;11;1;1;0;0;0;0
11;2025-12-28;6;6;270;13;0;1;0;0;0;0
11;2025-12-28;7;6;271;15;0;1;0;0;0;0
11;2025-12-28;8;6;272;17;0;1;0;0;0;0
11;2025-12-28;9;6;273;19;0;1;0;0;0;0
11;2025-12-28;10;6;274;21;0;1;0;0;0;0
11;2025-12-28;11;6;275;23;0;1;0;0;0;0
11;2025-12-28;12;6;276;25;0;1;0;0;0;0
11;2025-12-28;13;6;277;27;0;1;0;0;0;0
11;2025-12-28;14;6;278;29;0;1;0;0;0;0
11;2025-12-28;15;6;279;31;0;1;0;0;0;0
11;2025-12-28;16;6;280;33;0;1;0;0;0;0
11;2025-12-28;17;6;281;35;0;1;0;0;0;0
11;2025-12-28;18;6;282;37;0;1;0;0;0;0
11;2025-12-28;19;6;283;39;0;1;0;0;0;0
11;2025-12-28;20;6;284;41;0;1;0;0;0;0
11;2025-12-28;21;6;285;43;0;1;0;0;0;0
11;2025-12-28;22;6;286;45;0;1;0;0;0;0
11;2025-12-28;23;6;287;47;0;1;0;0;0;0
11;2025-12-29;0;0;264;0;1;0;0;0;0;0
11;2025-12-29;1;0;265;2;1;0;0;0;0;0
11;2025-12-29;2;0;266;4;1;0;0;0;0;0
11;2025-12-29;3;0;267;6;1;0;0;0;0;0
11;2025-12-29;4;0;268;8;1;0;0;0;0;0
11;2025-12-29;5;0;269;10;1;0;0;0;0;0
11;2025-12-29;6;0;270;12;0;0;0;0;0;0
11;2025-12-29;7;0;271;14;0;0;0;0;0;0
11;2025-12-29;8;0;272;16;0;0;0;0;0;0
11;2025-12-29;9;0;273;18;0;0;0;0;0;0
11;2025-12-29;10;0;274;20;0;0;0;0;0;0
11;2025-12-29;11;0;275;22;0;0;0;0;0;0
11;2025-12-29;12;0;276;24;0;0;0;0;0;0
11;2025-12-29;13;0;277;26;0;0;0;0;0;0
11;2025-12-29;14;0;278;28;0;0;0;0;0;0
11;2025-12-29;15;0;279;30;0;0;0;0;0;0
11;2025-12-29;16;0;280;32;0;0;0;0;0;0
11;2025-12-29;17;0;281;34;0;0;0;0;0;0
11;2025-12-29;18;0;282;36;0;0;0;0;0;0
11;2025-12-29;19;0;283;38;0;0;0;0;0;0
11;2025-12-29;20;0;284;40;0;0;0;0;0;0
11;2025-12-29;21;0;285;42;0;0;0;0;0;0
11;2025-12-29;22;0;286;44;0;0;0;0;0;0
11;2025-12-29;23;0;287;46;0;0;0;0;0;0
11;2025-12-30;0;1;264;0;1;0;0;0;0;0
11;2025-12-30;1;1;265;2;1;0;0;0;0;0
11;2025-12-30;2;1;266;4;1;0;0;0;0;0
11;2025-12-30;3;1;267;6;1;0;0;0;0;0
11;2025-12-30;4;1;268;8;1;0;0;0;0;0
11;2025-12-30;5;1;269;10;1;0;0;0;0;0
11;2025-12-30;6;1;270;12;0;0;0;0;0;0
11;2025-12-30;7;1;271;14;0;0;0;0;0;0
11;2025-12-30;8;1;272;16;0;0;0;0;0;0
11;2025-12-30;9;1;273;18;0;0;0;0;0;0
11;2025-12-30;10;1;274;20;0;0;0;0;0;0
11;2025-12-30;11;1;275;22;0;0;0;0;0;0
11;2025-12-30;12;1;276;24;0;0;0;0;0;0
11;2025-12-30;13;1;277;26;0;0;0;0;0;0
11;2025-12-30;14;1;278;28;0;0;0;0;0;0
11;2025-12-30;15;1;279;30;0;0;0;0;0;0
11;2025-12-30;16;1;280;32;0;0;0;0;0;0
11;2025-12-30;17;1;281;34;0;0;0;0;0;0
11;2025-12-30;18;1;282;36;0;0;0;0;0;0
11;2025-12-30;19;1;283;38;0;0;0;0;0;0
11;2025-12-30;20;1;284;40;0;0;0;0;0;0
11;2025-12-30;21;1;285;42;0;0;0;0;0;0
11;2025-12-30;22;1;286;44;0;0;0;0;0;0
11;2025-12-30;23;1;287;46;0;0;0;0;0;0
11;2025-12-31;0;2;264;0;1;1;0;1;0;0
11;2025-12-31;1;2;265;2;1;1;0;1;0;0
11;2025-12-31;2;2;266;4;1;1;0;1;0;0
11;2025-12-31;3;2;267;6;1;1;0;1;0;0
11;2025-12-31;4;2;268;8;1;1;0;1;0;0
11;2025-12-31;5;2;269;10;1;1;0;1;0;0
11;2025-12-31;6;2;270;12;0;1;0;1;0;0
11;2025-12-31;7;2;271;14;0;1;0;1;0;0
11;2025-12-31;8;2;272;16;0;1;0;1;0;0
11;2025-12-31;9;2;273;18;0;1;0;1;0;0
11;2025-12-31;10;2;274;20;0;1;0;1;0;0
11;2025-12-31;11;2;275;22;0;1;0;1;0;0
11;2025-12-31;12;2;276;24;0;1;0;1;0;0
11;2025-12-31;13;2;277;26;0;1;0;1;0;0
11;2025-12-31;14;2;278;28;0;1;0;1;0;0
11;2025-12-31;15;2;279;30;0;1;0;1;0;0
11;2025-12-31;16;2;280;32;0;1;0;1;0;0
11;2025-12-31;17;2;281;34;0;1;0;1;0;0
11;2025-12-31;18;2;282;36;0;1;0;1;0;0
11;2025-12-31;19;2;283;38;0;1;0;1;0;0
11;2025-12-31;20;2;284;40;0;1;0;1;0;0
11;2025-12-31;21;2;285;42;0;1;0;1;0;0
11;2025-12-31;22;2;286;44;0;1;0;1;0;0
11;2025-12-31;23;2;287;46;0;1;0;1;0;0
12;2025-11-01;0;5;288;1;1;0;0;0;1;1
12;2025-11-01;1;5;289;3;1;0;0;0;1;1
12;2025-11-01;2;5;290;5;1;0;0;0;1;1
12;2025-11-01;3;5;291;7;1;0;0;0;1;1
12;2025-11-01;4;5;292;9;1;0;0;0;1;1
12;2025-11-01;5;5;293;11;1;0;0;0;1;1
12;2025-11-01;6;5;294;13;0;0;0;0;1;1
12;2025-11-01;7;5;295;15;0;0;0;0;1;1
12;2025-11-01;8;5;296;17;0;0;0;0;1;1
12;2025-11-01;9;5;297;19;0;0;0;0;1;1
12;2025-11-01;10;5;298;21;0;0;0;0;1;1
12;2025-11-01;11;5;299;23;0;0;0;0;1;1
12;2025-11-01;12;5;300;25;0;0;0;0;1;1
12;2025-11-01;13;5;301;27;0;0;0;0;1;1
12;2025-11-01;14;5;302;29;0;0;0;0;1;1
12;2025-11-01;15;5;303;31;0;0;0;0;1;1
12;2025-11-01;16;5;304;33;0;0;0;0;1;1
12;2025-11-01;17;5;305;35;0;0;0;0;1;1
12;2025-11-01;18;5;306;37;0;0;0;0;1;1
12;2025-11-01;19;5;307;39;0;0;0;0;1;1
12;2025-11-01;20;5;308;41;0;0;0;0;1;1
12;2025-11-01;21;5;309;43;0;0;0;0;1;1
12;2025-11-01;22;5;310;45;0;0;0;0;1;1
12;2025-11-01;23;5;311;47;0;0;0;0;1;1
12;2025-11-02;0;6;288;1;1;1;0;0;0;0
12;2025-11-02;1;6;289;3;1;1;0;0;0;0
12;2025-11-02;2;6;290;5;1;1;0;0;0;0
12;2025-11-02;3;6;291;7;1;1;0;0;0;0
12;2025-11-02;4;6;292;9;1;1;0;0;0;0
12;2025-11-02;5;6;293;11;1;1;0;0;0;0
12;2025-11-02;6;6;294;13;0;1;0;0;0;0
12;2025-11-02;7;6;295;15;0;1;0;0;0;0
12;2025-11-02;8;6;296;17;0;1;0;0;0;0
12;2025-11-02;9;6;297;19;0;1;0;0;0;0
12;2025-11-02;10;6;298;21;0;1;0;0;0;0
12;2025-11-02;11;6;299;23;0;1;0;0;0;0
12;2025-11-02;12;6;300;25;0;1;0;0;0;0
12;2025-11-02;13;6;301;27;0;1;0;0;0;0
12;2025-11-02;14;6;302;29;0;1;0;0;0;0
12;2025-11-02;15;6;303;31;0;1;0;0;0;0
12;2025-11-02;16;6;304;33;0;1;0;0;0;0
12;2025-11-02;17;6;305;35;0;1;0;0;0;0
12;2025-11-02;18;6;306;37;0;1;0;0;0;0
12;2025-11-02;19;6;307;39;0;1;0;0;0;0
12;2025-11-02;20;6;308;41;0;1;0;0;0;0
12;2025-11-02;21;6;309;43;0;1;0;0;0;0
12;2025-11-02;22;6;310;45;0;1;0;0;0;0
12;2025-11-02;23;6;311;47;0;1;0;0;0;0
12;2025-11-03;0;0;288;0;1;1;0;1;0;0
12;2025-11-03;1;0;289;2;1;1;0;1;0;0
12;2025-11-03;2;0;290;4;1;1;0;1;0;0
12;2025-11-03;3;0;291;6;1;1;0;1;0;0
12;2025-11-03;4;0;292;8;1;1;0;1;0;0
12;2025-11-03;5;0;293;10;1;1;0;1;0;0
12;2025-11-03;6;0;294;12;0;1;0;1;0;0
12;2025-11-03;7;0;295;14;0;1;0;1;0;0
12;2025-11-03;8;0;296;16;0;1;0;1;0;0
12;2025-11-03;9;0;297;18;0;1;0;1;0;0
12;2025-11-03;10;0;298;20;0;1;0;1;0;0
12;2025-11-03;11;0;299;22;0;1;0;1;0;0
12;2025-11-03;12;0;300;24;0;1;0;1;0;0
12;2025-11-03;13;0;301;26;0;1;0;1;0;0
12;2025-11-03;14;0;302;28;0;1;0;1;0;0
12;2025-11-03;15;0;303;30;0;1;0;1;0;0
12;2025-11-03;16;0;304;32;0;1;0;1;0;0
12;2025-11-03;17;0;305;34;0;1;0;1;0;0
12;2025-11-03;18;0;306;36;0;1;0;1;0;0
12;2025-11-03;19;0;307;38;0;1;0;1;0;0
12;2025-11-03;20;0;308;40;0;1;0;1;0;0
12;2025-11-03;21;0;309;42;0;1;0;1;0;0
12;2025-11-03;22;0;310;44;0;1;0;1;0;0
12;2025-11-03;23;0;311;46;0;1;0;1;0;0
12;2025-11-04;0;1;288;0;1;1;1;0;0;0
12;2025-11-04;1;1;289;2;1;1;1;0;0;0
12;2025-11-04;2;1;290;4;1;1;1;0;0;0
12;2025-11-04;3;1;291;6;1;1;1;0;0;0
12;2025-11-04;4;1;292;8;1;1;1;0;0;0
12;2025-11-04;5;1;293;10;1;1;1;0;0;0
12;2025-11-04;6;1;294;12;0;1;1;0;0;0
12;2025-11-04;7;1;295;14;0;1;1;0;0;0
12;2025-11-04;8;1;296;16;0;1;1;0;0;0
12;2025-11-04;9;1;297;18;0;1;1;0;0;0
12;2025-11-04;10;1;298;20;0;1;1;0;0;0
12;2025-11-04;11;1;299;22;0;1;1;0;0;0
12;2025-11-04;12;1;300;24;0;1;1;0;0;0
12;2025-11-04;13;1;301;26;0;1;1;0;0;0
12;2025-11-04;14;1;302;28;0;1;1;0;0;0
12;2025-11-04;15;1;303;30;0;1;1;0;0;0
12;2025-11-04;16;1;304;32;0;1;1;0;0;0
12;2025-11-04;17;1;305;34;0;1;1;0;0;0
12;2025-11-04;18;1;306;36;0;1;1;0;0;0
12;2025-11-04;19;1;307;38;0;1;1;0;0;0
12;2025-11-04;20;1;308;40;0;1;1;0;0;0
12;2025-11-04;21;1;309;42;0;1;1;0;0;0
12;2025-11-04;22;1;310;44;0;1;1;0;0;0
12;2025-11-04;23;1;311;46;0;1;1;0;0;0
12;2025-11-05;0;2;288;0;1;0;0;0;0;0
12;2025-11-05;1;2;289;2;1;0;0;0;0;0
12;2025-11-05;2;2;290;4;1;0;0;0;0;0
12;2025-11-05;3;2;291;6;1;0;0;0;0;0
12;2025-11-05;4;2;292;8;1;0;0;0;0;0
12;2025-11-05;5;2;293;10;1;0;0;0;0;0
12;2025-11-05;6;2;294;12;0;0;0;0;0;0
12;2025-11-05;7;2;295;14;0;0;0;0;0;0
12;2025-11-05;8;2;296;16;0;0;0;0;0;0
12;2025-11-05;9;2;297;18;0;0;0;0;0;0
12;2025-11-05;10;2;298;20;0;0;0;0;0;0
12;2025-11-05;11;2;299;22;0;0;0;0;0;0
12;2025-11-05;12;2;300;24;0;0;0;0;0;0
12;2025-11-05;13;2;301;26;0;0;0;0;0;0
12;2025-11-05;14;2;302;28;0;0;0;0;0;0
12;2025-11-05;15;2;303;30;0;0;0;0;0;0
12;2025-11-05;16;2;304;32;0;0;0;0;0;0
12;2025-11-05;17;2;305;34;0;0;0;0;0;0
12;2025-11-05;18;2;306;36;0;0;0;0;0;0
12;2025-11-05;19;2;307;38;0;0;0;0;0;0
12;2025-11-05;20;2;308;40;0;0;0;0;0;0
12;2025-11-05;21;2;309;42;0;0;0;0;0;0
12;2025-11-05;22;2;310;44;0;0;0;0;0;0
12;2025-11-05;23;2;311;46;0;0;0;0;0;0
12;2025-11-06;0;3;288;0;1;0;0;0;0;0
12;2025-11-06;1;3;289;2;1;0;0;0;0;0
12;2025-11-06;2;3;290;4;1;0;0;0;0;0
12;2025-11-06;3;3;291;6;1;0;0;0;0;0
12;2025-11-06;4;3;292;8;1;0;0;0;0;0
12;2025-11-06;5;3;293;10;1;0;0;0;0;0
12;2025-11-06;6;3;294;12;0;0;0;0;0;0
12;2025-11-06;7;3;295;14;0;0;0;0;0;0
12;2025-11-06;8;3;296;16;0;0;0;0;0;0
12;2025-11-06;9;3;297;18;0;0;0;0;0;0
12;2025-11-06;10;3;298;20;0;0;0;0;0;0
12;2025-11-06;11;3;299;22;0;0;0;0;0;0
12;2025-11-06;12;3;300;24;0;0;0;0;0;0
12;2025-11-06;13;3;301;26;0;0;0;0;0;0
12;2025-11-06;14;3;302;28;0;0;0;0;0;0
12;2025-11-06;15;3;303;30;0;0;0;0;0;0
12;2025-11-06;16;3;304;32;0;0;0;0;0;0
12;2025-11-06;17;3;305;34;0;0;0;0;0;0
12;2025-11-06;18;3;306;36;0;0;0;0;0;0
12;2025-11-06;19;3;307;38;0;0;0;0;0;0
12;2025-11-06;20;3;308;40;0;0;0;0;0;0
12;2025-11-06;21;3;309;42;0;0;0;0;0;0
12;2025-11-06;22;3;310;44;0;0;0;0;0;0
12;2025-11-06;23;3;311;46;0;0;0;0;0;0
12;2025-11-07;0;4;288;0;1;0;0;0;0;0
12;2025-11-07;1;4;289;2;1;0;0;0;0;0
12;2025-11-07;2;4;290;4;1;0;0;0;0;0
12;2025-11-07;3;4;291;6;1;0;0;0;0;0
12;2025-11-07;4;4;292;8;1;0;0;0;0;0
12;2025-11-07;5;4;293;10;1;0;0;0;0;0
12;2025-11-07;6;4;294;12;0;0;0;0;0;0
12;2025-11-07;7;4;295;14;0;0;0;0;0;0
12;2025-11-07;8;4;296;16;0;0;0;0;0;0
12;2025-11-07;9;4;297;18;0;0;0;0;0;0
12;2025-11-07;10;4;298;20;0;0;0;0;0;0
12;2025-11-07;11;4;299;22;0;0;0;0;0;0
12;2025-11-07;12;4;300;24;0;0;0;0;0;0
12;2025-11-07;13;4;301;26;0;0;0;0;0;0
12;2025-11-07;14;4;302;28;0;0;0;0;0;0
12;2025-11-07;15;4;303;30;0;0;0;0;0;0
12;2025-11-07;16;4;304;32;0;0;0;0;0;0
12;2025-11-07;17;4;305;34;0;0;0;0;0;0
12;2025-11-07;18;4;306;36;0;0;0;0;0;0
12;2025-11-07;19;4;307;38;0;0;0;0;0;0
12;2025-11-07;20;4;308;40;0;0;0;0;0;0
12;2025-11-07;21;4;309;42;0;0;0;0;0;0
12;2025-11-07;22;4;310;44;0;0;0;0;0;0
12;2025-11-07;23;4;311;46;0;0;0;0;0;0
12;2025-11-08;0;5;288;1;1;1;0;0;0;0
12;2025-11-08;1;5;289;3;1;1;0;0;0;0
12;2025-11-08;2;5;290;5;1;1;0;0;0;0
12;2025-11-08;3;5;291;7;1;1;0;0;0;0
12;2025-11-08;4;5;292;9;1;1;0;0;0;0
12;2025-11-08;5;5;293;11;1;1;0;0;0;0
12;2025-11-08;6;5;294;13;0;1;0;0;0;0
12;2025-11-08;7;5;295;15;0;1;0;0;0;0
12;2025-11-08;8;5;296;17;0;1;0;0;0;0
12;2025-11-08;9;5;297;19;0;1;0;0;0;0
12;2025-11-08;10;5;298;21;0;1;0;0;0;0
12;2025-11-08;11;5;299;23;0;1;0;0;0;0
12;2025-11-08;12;5;300;25;0;1;0;0;0;0
12;2025-11-08;13;5;301;27;0;1;0;0;0;0
12;2025-11-08;14;5;302;29;0;1;0;0;0;0
12;2025-11-08;15;5;303;31;0;1;0;0;0;0
12;2025-11-08;16;5;304;33;0;1;0;0;0;0
12;2025-11-08;17;5;305;35;0;1;0;0;0;0
12;2025-11-08;18;5;306;37;0;1;0;0;0;0
12;2025-11-08;19;5;307;39;0;1;0;0;0;0
12;2025-11-08;20;5;308;41;0;1;0;0;0;0
12;2025-11-08;21;5;309;43;0;1;0;0;0;0
12;2025-11-08;22;5;310;45;0;1;0;0;0;0
12;2025-11-08;23;5;311;47;0;1;0;0;0;0
12;2025-11-09;0;6;288;1;1;1;0;0;0;0
12;2025-11-09;1;6;289;3;1;1;0;0;0;0
12;2025-11-09;2;6;290;5;1;1;0;0;0;0
12;2025-11-09;3;6;291;7;1;1;0;0;0;0
12;2025-11-09;4;6;292;9;1;1;0;0;0;0
12;2025-11-09;5;6;293;11;1;1;0;0;0;0
12;2025-11-09;6;6;294;13;0;1;0;0;0;0
12;2025-11-09;7;6;295;15;0;1;0;0;0;0
12;2025-11-09;8;6;296;17;0;1;0;0;0;0
12;2025-11-09;9;6;297;19;0;1;0;0;0;0
12;2025-11-09;10;6;298;21;0;1;0;0;0;0
12;2025-11-09;11;6;299;23;0;1;0;0;0;0
12;2025-11-09;12;6;300;25;0;1;0;0;0;0
12;2025-11-09;13;6;301;27;0;1;0;0;0;0
12;2025-11-09;14;6;302;29;0;1;0;0;0;0
12;2025-11-09;15;6;303;31;0;1;0;0;0;0
12;2025-11-09;16;6;304;33;0;1;0;0;0;0
12;2025-11-09;17;6;305;35;0;1;0;0;0;0
12;2025-11-09;18;6;306;37;0;1;0;0;0;0
12;2025-11-09;19;6;307;39;0;1;0;0;0;0
12;2025-11-09;20;6;308;41;0;1;0;0;0;0
12;2025-11-09;21;6;309;43;0;1;0;0;0;0
12;2025-11-09;22;6;310;45;0;1;0;0;0;0
12;2025-11-09;23;6;311;47;0;1;0;0;0;0
12;2025-11-10;0;0;288;0;1;0;0;0;0;0
12;2025-11-10;1;0;289;2;1;0;0;0;0;0
12;2025-11-10;2;0;290;4;1;0;0;0;0;0
12;2025-11-10;3;0;291;6;1;0;0;0;0;0
12;2025-11-10;4;0;292;8;1;0;0;0;0;0
12;2025-11-10;5;0;293;10;1;0;0;0;0;0
12;2025-11-10;6;0;294;12;0;0;0;0;0;0
12;2025-11-10;7;0;295;14;0;0;0;0;0;0
12;2025-11-10;8;0;296;16;0;0;0;0;0;0
12;2025-11-10;9;0;297;18;0;0;0;0;0;0
12;2025-11-10;10;0;298;20;0;0;0;0;0;0
12;2025-11-10;11;0;299;22;0;0;0;0;0;0
12;2025-11-10;12;0;300;24;0;0;0;0;0;0
12;2025-11-10;13;0;301;26;0;0;0;0;0;0
12;2025-11-10;14;0;302;28;0;0;0;0;0;0
12;2025-11-10;15;0;303;30;0;0;0;0;0;0
12;2025-11-10;16;0;304;32;0;0;0;0;0;0
12;2025-11-10;17;0;305;34;0;0;0;0;0;0
12;2025-11-10;18;0;306;36;0;0;0;0;0;0
12;2025-11-10;19;0;307;38;0;0;0;0;0;0
12;2025-11-10;20;0;308;40;0;0;0;0;0;0
12;2025-11-10;21;0;309;42;0;0;0;0;0;0
12;2025-11-10;22;0;310;44;0;0;0;0;0;0
12;2025-11-10;23;0;311;46;0;0;0;0;0;0
12;2025-11-11;0;1;288;0;1;0;0;0;0;0
12;2025-11-11;1;1;289;2;1;0;0;0;0;0
12;2025-11-11;2;1;290;4;1;0;0;0;0;0
12;2025-11-11;3;1;291;6;1;0;0;0;0;0
12;2025-11-11;4;1;292;8;1;0;0;0;0;0
12;2025-11-11;5;1;293;10;1;0;0;0;0;0
12;2025-11-11;6;1;294;12;0;0;0;0;0;0
12;2025-11-11;7;1;295;14;0;0;0;0;0;0
12;2025-11-11;8;1;296;16;0;0;0;0;0;0
12;2025-11-11;9;1;297;18;0;0;0;0;0;0
12;2025-11-11;10;1;298;20;0;0;0;0;0;0
12;2025-11-11;11;1;299;22;0;0;0;0;0;0
12;2025-11-11;12;1;300;24;0;0;0;0;0;0
12;2025-11-11;13;1;301;26;0;0;0;0;0;0
12;2025-11-11;14;1;302;28;0;0;0;0;0;0
12;2025-11-11;15;1;303;30;0;0;0;0;0;0
12;2025-11-11;16;1;304;32;0;0;0;0;0;0
12;2025-11-11;17;1;305;34;0;0;0;0;0;0
12;2025-11-11;18;1;306;36;0;0;0;0;0;0
12;2025-11-11;19;1;307;38;0;0;0;0;0;0
12;2025-11-11;20;1;308;40;0;0;0;0;0;0
12;2025-11-11;21;1;309;42;0;0;0;0;0;0
12;2025-11-11;22;1;310;44;0;0;0;0;0;0
12;2025-11-11;23;1;311;46;0;0;0;0;0;0
12;2025-11-12;0;2;288;0;1;0;0;0;0;0
12;2025-11-12;1;2;289;2;1;0;0;0;0;0
12;2025-11-12;2;2;290;4;1;0;0;0;0;0
12;2025-11-12;3;2;291;6;1;0;0;0;0;0
12;2025-11-12;4;2;292;8;1;0;0;0;0;0
12;2025-11-12;5;2;293;10;1;0;0;0;0;0
12;2025-11-12;6;2;294;12;0;0;0;0;0;0
12;2025-11-12;7;2;295;14;0;0;0;0;0;0
12;2025-11-12;8;2;296;16;0;0;0;0;0;0
12;2025-11-12;9;2;297;18;0;0;0;0;0;0
12;2025-11-12;10;2;298;20;0;0;0;0;0;0
12;2025-11-12;11;2;299;22;0;0;0;0;0;0
12;2025-11-12;12;2;300;24;0;0;0;0;0;0
12;2025-11-12;13;2;301;26;0;0;0;0;0;0
12;2025-11-12;14;2;302;28;0;0;0;0;0;0
12;2025-11-12;15;2;303;30;0;0;0;0;0;0
12;2025-11-12;16;2;304;32;0;0;0;0;0;0
12;2025-11-12;17;2;305;34;0;0;0;0;0;0
12;2025-11-12;18;2;306;36;0;0;0;0;0;0
12;2025-11-12;19;2;307;38;0;0;0;0;0;0
12;2025-11-12;20;2;308;40;0;0;0;0;0;0
12;2025-11-12;21;2;309;42;0;0;0;0;0;0
12;2025-11-12;22;2;310;44;0;0;0;0;0;0
12;2025-11-12;23;2;311;46;0;0;0;0;0;0
12;2025-11-13;0;3;288;0;1;0;0;0;0;0
12;2025-11-13;1;3;289;2;1;0;0;0;0;0
12;2025-11-13;2;3;290;4;1;0;0;0;0;0
12;2025-11-13;3;3;291;6;1;0;0;0;0;0
12;2025-11-13;4;3;292;8;1;0;0;0;0;0
12;2025-11-13;5;3;293;10;1;0;0;0;0;0
12;2025-11-13;6;3;294;12;0;0;0;0;0;0
12;2025-11-13;7;3;295;14;0;0;0;0;0;0
12;2025-11-13;8;3;296;16;0;0;0;0;0;0
12;2025-11-13;9;3;297;18;0;0;0;0;0;0
12;2025-11-13;10;3;298;20;0;0;0;0;0;0
12;2025-11-13;11;3;299;22;0;0;0;0;0;0
12;2025-11-13;12;3;300;24;0;0;0;0;0;0
12;2025-11-13;13;3;301;26;0;0;0;0;0;0
12;2025-11-13;14;3;302;28;0;0;0;0;0;0
12;2025-11-13;15;3;303;30;0;0;0;0;0;0
12;2025-11-13;16;3;304;32;0;0;0;0;0;0
12;2025-11-13;17;3;305;34;0;0;0;0;0;0
12;2025-11-13;18;3;306;36;0;0;0;0;0;0
12;2025-11-13;19;3;307;38;0;0;0;0;0;0
12;2025-11-13;20;3;308;40;0;0;0;0;0;0
12;2025-11-13;21;3;309;42;0;0;0;0;0;0
12;2025-11-13;22;3;310;44;0;0;0;0;0;0
12;2025-11-13;23;3;311;46;0;0;0;0;0;0
12;2025-11-14;0;4;288;0;1;0;0;0;0;0
12;2025-11-14;1;4;289;2;1;0;0;0;0;0
12;2025-11-14;2;4;290;4;1;0;0;0;0;0
12;2025-11-14;3;4;291;6;1;0;0;0;0;0
12;2025-11-14;4;4;292;8;1;0;0;0;0;0
12;2025-11-14;5;4;293;10;1;0;0;0;0;0
12;2025-11-14;6;4;294;12;0;0;0;0;0;0
12;2025-11-14;7;4;295;14;0;0;0;0;0;0
12;2025-11-14;8;4;296;16;0;0;0;0;0;0
12;2025-11-14;9;4;297;18;0;0;0;0;0;0
12;2025-11-14;10;4;298;20;0;0;0;0;0;0
12;2025-11-14;11;4;299;22;0;0;0;0;0;0
12;2025-11-14;12;4;300;24;0;0;0;0;0;0
12;2025-11-14;13;4;301;26;0;0;0;0;0;0
12;2025-11-14;14;4;302;28;0;0;0;0;0;0
12;2025-11-14;15;4;303;30;0;0;0;0;0;0
12;2025-11-14;16;4;304;32;0;0;0;0;0;0
12;2025-11-14;17;4;305;34;0;0;0;0;0;0
12;2025-11-14;18;4;306;36;0;0;0;0;0;0
12;2025-11-14;19;4;307;38;0;0;0;0;0;0
12;2025-11-14;20;4;308;40;0;0;0;0;0;0
12;2025-11-14;21;4;309;42;0;0;0;0;0;0
12;2025-11-14;22;4;310;44;0;0;0;0;0;0
12;2025-11-14;23;4;311;46;0;0;0;0;0;0
12;2025-11-15;0;5;288;1;1;1;0;0;0;0
12;2025-11-15;1;5;289;3;1;1;0;0;0;0
12;2025-11-15;2;5;290;5;1;1;0;0;0;0
12;2025-11-15;3;5;291;7;1;1;0;0;0;0
12;2025-11-15;4;5;292;9;1;1;0;0;0;0
12;2025-11-15;5;5;293;11;1;1;0;0;0;0
12;2025-11-15;6;5;294;13;0;1;0;0;0;0
12;2025-11-15;7;5;295;15;0;1;0;0;0;0
12;2025-11-15;8;5;296;17;0;1;0;0;0;0
12;2025-11-15;9;5;297;19;0;1;0;0;0;0
12;2025-11-15;10;5;298;21;0;1;0;0;0;0
12;2025-11-15;11;5;299;23;0;1;0;0;0;0
12;2025-11-15;12;5;300;25;0;1;0;0;0;0
12;2025-11-15;13;5;301;27;0;1;0;0;0;0
12;2025-11-15;14;5;302;29;0;1;0;0;0;0
12;2025-11-15;15;5;303;31;0;1;0;0;0;0
12;2025-11-15;16;5;304;33;0;1;0;0;0;0
12;2025-11-15;17;5;305;35;0;1;0;0;0;0
12;2025-11-15;18;5;306;37;0;1;0;0;0;0
12;2025-11-15;19;5;307;39;0;1;0;0;0;0
12;2025-11-15;20;5;308;41;0;1;0;0;0;0
12;2025-11-15;21;5;309;43;0;1;0;0;0;0
12;2025-11-15;22;5;310;45;0;1;0;0;0;0
12;2025-11-15;23;5;311;47;0;1;0;0;0;0
12;2025-11-16;0;6;288;1;1;1;0;0;0;0
12;2025-11-16;1;6;289;3;1;1;0;0;0;0
12;2025-11-16;2;6;290;5;1;1;0;0;0;0
12;2025-11-16;3;6;291;7;1;1;0;0;0;0
12;2025-11-16;4;6;292;9;1;1;0;0;0;0
12;2025-11-16;5;6;293;11;1;1;0;0;0;0
12;2025-11-16;6;6;294;13;0;1;0;0;0;0
12;2025-11-16;7;6;295;15;0;1;0;0;0;0
12;2025-11-16;8;6;296;17;0;1;0;0;0;0
12;2025-11-16;9;6;297;19;0;1;0;0;0;0
12;2025-11-16;10;6;298;21;0;1;0;0;0;0
12;2025-11-16;11;6;299;23;0;1;0;0;0;0
12;2025-11-16;12;6;300;25;0;1;0;0;0;0
12;2025-11-16;13;6;301;27;0;1;0;0;0;0
12;2025-11-16;14;6;302;29;0;1;0;0;0;0
12;2025-11-16;15;6;303;31;0;1;0;0;0;0
12;2025-11-16;16;6;304;33;0;1;0;0;0;0
12;2025-11-16;17;6;305;35;0;1;0;0;0;0
12;2025-11-16;18;6;306;37;0;1;0;0;0;0
12;2025-11-16;19;6;307;39;0;1;0;0;0;0
12;2025-11-16;20;6;308;41;0;1;0;0;0;0
12;2025-11-16;21;6;309;43;0;1;0;0;0;0
12;2025-11-16;22;6;310;45;0;1;0;0;0;0
12;2025-11-16;23;6;311;47;0;1;0;0;0;0
12;2025-11-17;0;0;288;0;1;0;0;0;0;0
12;2025-11-17;1;0;289;2;1;0;0;0;0;0
12;2025-11-17;2;0;290;4;1;0;0;0;0;0
12;2025-11-17;3;0;291;6;1;0;0;0;0;0
12;2025-11-17;4;0;292;8;1;0;0;0;0;0
12;2025-11-17;5;0;293;10;1;0;0;0;0;0
12;2025-11-17;6;0;294;12;0;0;0;0;0;0
12;2025-11-17;7;0;295;14;0;0;0;0;0;0
12;2025-11-17;8;0;296;16;0;0;0;0;0;0
12;2025-11-17;9;0;297;18;0;0;0;0;0;0
12;2025-11-17;10;0;298;20;0;0;0;0;0;0
12;2025-11-17;11;0;299;22;0;0;0;0;0;0
12;2025-11-17;12;0;300;24;0;0;0;0;0;0
12;2025-11-17;13;0;301;26;0;0;0;0;0;0
12;2025-11-17;14;0;302;28;0;0;0;0;0;0
12;2025-11-17;15;0;303;30;0;0;0;0;0;0
12;2025-11-17;16;0;304;32;0;0;0;0;0;0
12;2025-11-17;17;0;305;34;0;0;0;0;0;0
12;2025-11-17;18;0;306;36;0;0;0;0;0;0
12;2025-11-17;19;0;307;38;0;0;0;0;0;0
12;2025-11-17;20;0;308;40;0;0;0;0;0;0
12;2025-11-17;21;0;309;42;0;0;0;0;0;0
12;2025-11-17;22;0;310;44;0;0;0;0;0;0
12;2025-11-17;23;0;311;46;0;0;0;0;0;0
12;2025-11-18;0;1;288;0;1;0;0;0;0;0
12;2025-11-18;1;1;289;2;1;0;0;0;0;0
12;2025-11-18;2;1;290;4;1;0;0;0;0;0
12;2025-11-18;3;1;291;6;1;0;0;0;0;0
12;2025-11-18;4;1;292;8;1;0;0;0;0;0
12;2025-11-18;5;1;293;10;1;0;0;0;0;0
12;2025-11-18;6;1;294;12;0;0;0;0;0;0
12;2025-11-18;7;1;295;14;0;0;0;0;0;0
12;2025-11-18;8;1;296;16;0;0;0;0;0;0
12;2025-11-18;9;1;297;18;0;0;0;0;0;0
12;2025-11-18;10;1;298;20;0;0;0;0;0;0
12;2025-11-18;11;1;299;22;0;0;0;0;0;0
12;2025-11-18;12;1;300;24;0;0;0;0;0;0
12;2025-11-18;13;1;301;26;0;0;0;0;0;0
12;2025-11-18;14;1;302;28;0;0;0;0;0;0
12;2025-11-18;15;1;303;30;0;0;0;0;0;0
12;2025-11-18;16;1;304;32;0;0;0;0;0;0
12;2025-11-18;17;1;305;34;0;0;0;0;0;0
12;2025-11-18;18;1;306;36;0;0;0;0;0;0
12;2025-11-18;19;1;307;38;0;0;0;0;0;0
12;2025-11-18;20;1;308;40;0;0;0;0;0;0
12;2025-11-18;21;1;309;42;0;0;0;0;0;0
12;2025-11-18;22;1;310;44;0;0;0;0;0;0
12;2025-11-18;23;1;311;46;0;0;0;0;0;0
12;2025-11-19;0;2;288;0;1;0;0;0;0;0
12;2025-11-19;1;2;289;2;1;0;0;0;0;0
12;2025-11-19;2;2;290;4;1;0;0;0;0;0
12;2025-11-19;3;2;291;6;1;0;0;0;0;0
12;2025-11-19;4;2;292;8;1;0;0;0;0;0
12;2025-11-19;5;2;293;10;1;0;0;0;0;0
12;2025-11-19;6;2;294;12;0;0;0;0;0;0
12;2025-11-19;7;2;295;14;0;0;0;0;0;0
12;2025-11-19;8;2;296;16;0;0;0;0;0;0
12;2025-11-19;9;2;297;18;0;0;0;0;0;0
12;2025-11-19;10;2;298;20;0;0;0;0;0;0
12;2025-11-19;11;2;299;22;0;0;0;0;0;0
12;2025-11-19;12;2;300;24;0;0;0;0;0;0
12;2025-11-19;13;2;301;26;0;0;0;0;0;0
12;2025-11-19;14;2;302;28;0;0;0;0;0;0
12;2025-11-19;15;2;303;30;0;0;0;0;0;0
12;2025-11-19;16;2;304;32;0;0;0;0;0;0
12;2025-11-19;17;2;305;34;0;0;0;0;0;0
12;2025-11-19;18;2;306;36;0;0;0;0;0;0
12;2025-11-19;19;2;307;38;0;0;0;0;0;0
12;2025-11-19;20;2;308;40;0;0;0;0;0;0
12;2025-11-19;21;2;309;42;0;0;0;0;0;0
12;2025-11-19;22;2;310;44;0;0;0;0;0;0
12;2025-11-19;23;2;311;46;0;0;0;0;0;0
12;2025-11-20;0;3;288;0;1;0;0;0;0;0
12;2025-11-20;1;3;289;2;1;0;0;0;0;0
12;2025-11-20;2;3;290;4;1;0;0;0;0;0
12;2025-11-20;3;3;291;6;1;0;0;0;0;0
12;2025-11-20;4;3;292;8;1;0;0;0;0;0
12;2025-11-20;5;3;293;10;1;0;0;0;0;0
12;2025-11-20;6;3;294;12;0;0;0;0;0;0
12;2025-11-20;7;3;295;14;0;0;0;0;0;0
12;2025-11-20;8;3;296;16;0;0;0;0;0;0
12;2025-11-20;9;3;297;18;0;0;0;0;0;0
12;2025-11-20;10;3;298;20;0;0;0;0;0;0
12;2025-11-20;11;3;299;22;0;0;0;0;0;0
12;2025-11-20;12;3;300;24;0;0;0;0;0;0
12;2025-11-20;13;3;301;26;0;0;0;0;0;0
12;2025-11-20;14;3;302;28;0;0;0;0;0;0
12;2025-11-20;15;3;303;30;0;0;0;0;0;0
12;2025-11-20;16;3;304;32;0;0;0;0;0;0
12;2025-11-20;17;3;305;34;0;0;0;0;0;0
12;2025-11-20;18;3;306;36;0;0;0;0;0;0
12;2025-11-20;19;3;307;38;0;0;0;0;0;0
12;2025-11-20;20;3;308;40;0;0;0;0;0;0
12;2025-11-20;21;3;309;42;0;0;0;0;0;0
12;2025-11-20;22;3;310;44;0;0;0;0;0;0
12;2025-11-20;23;3;311;46;0;0;0;0;0;0
12;2025-11-21;0;4;288;0;1;0;0;0;0;0
12;2025-11-21;1;4;289;2;1;0;0;0;0;0
12;2025-11-21;2;4;290;4;1;0;0;0;0;0
12;2025-11-21;3;4;291;6;1;0;0;0;0;0
12;2025-11-21;4;4;292;8;1;0;0;0;0;0
12;2025-11-21;5;4;293;10;1;0;0;0;0;0
12;2025-11-21;6;4;294;12;0;0;0;0;0;0
12;2025-11-21;7;4;295;14;0;0;0;0;0;0
12;2025-11-21;8;4;296;16;0;0;0;0;0;0
12;2025-11-21;9;4;297;18;0;0;0;0;0;0
12;2025-11-21;10;4;298;20;0;0;0;0;0;0
12;2025-11-21;11;4;299;22;0;0;0;0;0;0
12;2025-11-21;12;4;300;24;0;0;0;0;0;0
12;2025-11-21;13;4;301;26;0;0;0;0;0;0
12;2025-11-21;14;4;302;28;0;0;0;0;0;0
12;2025-11-21;15;4;303;30;0;0;0;0;0;0
12;2025-11-21;16;4;304;32;0;0;0;0;0;0
12;2025-11-21;17;4;305;34;0;0;0;0;0;0
12;2025-11-21;18;4;306;36;0;0;0;0;0;0
12;2025-11-21;19;4;307;38;0;0;0;0;0;0
12;2025-11-21;20;4;308;40;0;0;0;0;0;0
12;2025-11-21;21;4;309;42;0;0;0;0;0;0
12;2025-11-21;22;4;310;44;0;0;0;0;0;0
12;2025-11-21;23;4;311;46;0;0;0;0;0;0
12;2025-11-22;0;5;288;1;1;1;0;0;0;0
12;2025-11-22;1;5;289;3;1;1;0;0;0;0
12;2025-11-22;2;5;290;5;1;1;0;0;0;0
12;2025-11-22;3;5;291;7;1;1;0;0;0;0
12;2025-11-22;4;5;292;9;1;1;0;0;0;0
12;2025-11-22;5;5;293;11;1;1;0;0;0;0
12;2025-11-22;6;5;294;13;0;1;0;0;0;0
12;2025-11-22;7;5;295;15;0;1;0;0;0;0
12;2025-11-22;8;5;296;17;0;1;0;0;0;0
12;2025-11-22;9;5;297;19;0;1;0;0;0;0
12;2025-11-22;10;5;298;21;0;1;0;0;0;0
12;2025-11-22;11;5;299;23;0;1;0;0;0;0
12;2025-11-22;12;5;300;25;0;1;0;0;0;0
12;2025-11-22;13;5;301;27;0;1;0;0;0;0
12;2025-11-22;14;5;302;29;0;1;0;0;0;0
12;2025-11-22;15;5;303;31;0;1;0;0;0;0
12;2025-11-22;16;5;304;33;0;1;0;0;0;0
12;2025-11-22;17;5;305;35;0;1;0;0;0;0
12;2025-11-22;18;5;306;37;0;1;0;0;0;0
12;2025-11-22;19;5;307;39;0;1;0;0;0;0
12;2025-11-22;20;5;308;41;0;1;0;0;0;0
12;2025-11-22;21;5;309;43;0;1;0;0;0;0
12;2025-11-22;22;5;310;45;0;1;0;0;0;0
12;2025-11-22;23;5;311;47;0;1;0;0;0;0
12;2025-11-23;0;6;288;1;1;1;0;0;0;0
12;2025-11-23;1;6;289;3;1;1;0;0;0;0
12;2025-11-23;2;6;290;5;1;1;0;0;0;0
12;2025-11-23;3;6;291;7;1;1;0;0;0;0
12;2025-11-23;4;6;292;9;1;1;0;0;0;0
12;2025-11-23;5;6;293;11;1;1;0;0;0;0
12;2025-11-23;6;6;294;13;0;1;0;0;0;0
12;2025-11-23;7;6;295;15;0;1;0;0;0;0
12;2025-11-23;8;6;296;17;0;1;0;0;0;0
12;2025-11-23;9;6;297;19;0;1;0;0;0;0
12;2025-11-23;10;6;298;21;0;1;0;0;0;0
12;2025-11-23;11;6;299;23;0;1;0;0;0;0
12;2025-11-23;12;6;300;25;0;1;0;0;0;0
12;2025-11-23;13;6;301;27;0;1;0;0;0;0
12;2025-11-23;14;6;302;29;0;1;0;0;0;0
12;2025-11-23;15;6;303;31;0;1;0;0;0;0
12;2025-11-23;16;6;304;33;0;1;0;0;0;0
12;2025-11-23;17;6;305;35;0;1;0;0;0;0
12;2025-11-23;18;6;306;37;0;1;0;0;0;0
12;2025-11-23;19;6;307;39;0;1;0;0;0;0
12;2025-11-23;20;6;308;41;0;1;0;0;0;0
12;2025-11-23;21;6;309;43;0;1;0;0;0;0
12;2025-11-23;22;6;310;45;0;1;0;0;0;0
12;2025-11-23;23;6;311;47;0;1;0;0;0;0
12;2025-11-24;0;0;288;0;1;0;0;0;0;0
12;2025-11-24;1;0;289;2;1;0;0;0;0;0
12;2025-11-24;2;0;290;4;1;0;0;0;0;0
12;2025-11-24;3;0;291;6;1;0;0;0;0;0
12;2025-11-24;4;0;292;8;1;0;0;0;0;0
12;2025-11-24;5;0;293;10;1;0;0;0;0;0
12;2025-11-24;6;0;294;12;0;0;0;0;0;0
12;2025-11-24;7;0;295;14;0;0;0;0;0;0
12;2025-11-24;8;0;296;16;0;0;0;0;0;0
12;2025-11-24;9;0;297;18;0;0;0;0;0;0
12;2025-11-24;10;0;298;20;0;0;0;0;0;0
12;2025-11-24;11;0;299;22;0;0;0;0;0;0
12;2025-11-24;12;0;300;24;0;0;0;0;0;0
12;2025-11-24;13;0;301;26;0;0;0;0;0;0
12;2025-11-24;14;0;302;28;0;0;0;0;0;0
12;2025-11-24;15;0;303;30;0;0;0;0;0;0
12;2025-11-24;16;0;304;32;0;0;0;0;0;0
12;2025-11-24;17;0;305;34;0;0;0;0;0;0
12;2025-11-24;18;0;306;36;0;0;0;0;0;0
12;2025-11-24;19;0;307;38;0;0;0;0;0;0
12;2025-11-24;20;0;308;40;0;0;0;0;0;0
12;2025-11-24;21;0;309;42;0;0;0;0;0;0
12;2025-11-24;22;0;310;44;0;0;0;0;0;0
12;2025-11-24;23;0;311;46;0;0;0;0;0;0
12;2025-11-25;0;1;288;0;1;0;0;0;0;0
12;2025-11-25;1;1;289;2;1;0;0;0;0;0
12;2025-11-25;2;1;290;4;1;0;0;0;0;0
12;2025-11-25;3;1;291;6;1;0;0;0;0;0
12;2025-11-25;4;1;292;8;1;0;0;0;0;0
12;2025-11-25;5;1;293;10;1;0;0;0;0;0
12;2025-11-25;6;1;294;12;0;0;0;0;0;0
12;2025-11-25;7;1;295;14;0;0;0;0;0;0
12;2025-11-25;8;1;296;16;0;0;0;0;0;0
12;2025-11-25;9;1;297;18;0;0;0;0;0;0
12;2025-11-25;10;1;298;20;0;0;0;0;0;0
12;2025-11-25;11;1;299;22;0;0;0;0;0;0
12;2025-11-25;12;1;300;24;0;0;0;0;0;0
12;2025-11-25;13;1;301;26;0;0;0;0;0;0
12;2025-11-25;14;1;302;28;0;0;0;0;0;0
12;2025-11-25;15;1;303;30;0;0;0;0;0;0
12;2025-11-25;16;1;304;32;0;0;0;0;0;0
12;2025-11-25;17;1;305;34;0;0;0;0;0;0
12;2025-11-25;18;1;306;36;0;0;0;0;0;0
12;2025-11-25;19;1;307;38;0;0;0;0;0;0
12;2025-11-25;20;1;308;40;0;0;0;0;0;0
12;2025-11-25;21;1;309;42;0;0;0;0;0;0
12;2025-11-25;22;1;310;44;0;0;0;0;0;0
12;2025-11-25;23;1;311;46;0;0;0;0;0;0
12;2025-11-26;0;2;288;0;1;0;0;0;0;0
12;2025-11-26;1;2;289;2;1;0;0;0;0;0
12;2025-11-26;2;2;290;4;1;0;0;0;0;0
12;2025-11-26;3;2;291;6;1;0;0;0;0;0
12;2025-11-26;4;2;292;8;1;0;0;0;0;0
12;2025-11-26;5;2;293;10;1;0;0;0;0;0
12;2025-11-26;6;2;294;12;0;0;0;0;0;0
12;2025-11-26;7;2;295;14;0;0;0;0;0;0
12;2025-11-26;8;2;296;16;0;0;0;0;0;0
12;2025-11-26;9;2;297;18;0;0;0;0;0;0
12;2025-11-26;10;2;298;20;0;0;0;0;0;0
12;2025-11-26;11;2;299;22;0;0;0;0;0;0
12;2025-11-26;12;2;300;24;0;0;0;0;0;0
12;2025-11-26;13;2;301;26;0;0;0;0;0;0
12;2025-11-26;14;2;302;28;0;0;0;0;0;0
12;2025-11-26;15;2;303;30;0;0;0;0;0;0
12;2025-11-26;16;2;304;32;0;0;0;0;0;0
12;2025-11-26;17;2;305;34;0;0;0;0;0;0
12;2025-11-26;18;2;306;36;0;0;0;0;0;0
12;2025-11-26;19;2;307;38;0;0;0;0;0;0
12;2025-11-26;20;2;308;40;0;0;0;0;0;0
12;2025-11-26;21;2;309;42;0;0;0;0;0;0
12;2025-11-26;22;2;310;44;0;0;0;0;0;0
12;2025-11-26;23;2;311;46;0;0;0;0;0;0
12;2025-11-27;0;3;288;0;1;0;0;0;0;0
12;2025-11-27;1;3;289;2;1;0;0;0;0;0
12;2025-11-27;2;3;290;4;1;0;0;0;0;0
12;2025-11-27;3;3;291;6;1;0;0;0;0;0
12;2025-11-27;4;3;292;8;1;0;0;0;0;0
12;2025-11-27;5;3;293;10;1;0;0;0;0;0
12;2025-11-27;6;3;294;12;0;0;0;0;0;0
12;2025-11-27;7;3;295;14;0;0;0;0;0;0
12;2025-11-27;8;3;296;16;0;0;0;0;0;0
12;2025-11-27;9;3;297;18;0;0;0;0;0;0
12;2025-11-27;10;3;298;20;0;0;0;0;0;0
12;2025-11-27;11;3;299;22;0;0;0;0;0;0
12;2025-11-27;12;3;300;24;0;0;0;0;0;0
12;2025-11-27;13;3;301;26;0;0;0;0;0;0
12;2025-11-27;14;3;302;28;0;0;0;0;0;0
12;2025-11-27;15;3;303;30;0;0;0;0;0;0
12;2025-11-27;16;3;304;32;0;0;0;0;0;0
12;2025-11-27;17;3;305;34;0;0;0;0;0;0
12;2025-11-27;18;3;306;36;0;0;0;0;0;0
12;2025-11-27;19;3;307;38;0;0;0;0;0;0
12;2025-11-27;20;3;308;40;0;0;0;0;0;0
12;2025-11-27;21;3;309;42;0;0;0;0;0;0
12;2025-11-27;22;3;310;44;0;0;0;0;0;0
12;2025-11-27;23;3;311;46;0;0;0;0;0;0
12;2025-11-28;0;4;288;0;1;0;0;0;0;0
12;2025-11-28;1;4;289;2;1;0;0;0;0;0
12;2025-11-28;2;4;290;4;1;0;0;0;0;0
12;2025-11-28;3;4;291;6;1;0;0;0;0;0
12;2025-11-28;4;4;292;8;1;0;0;0;0;0
12;2025-11-28;5;4;293;10;1;0;0;0;0;0
12;2025-11-28;6;4;294;12;0;0;0;0;0;0
12;2025-11-28;7;4;295;14;0;0;0;0;0;0
12;2025-11-28;8;4;296;16;0;0;0;0;0;0
12;2025-11-28;9;4;297;18;0;0;0;0;0;0
12;2025-11-28;10;4;298;20;0;0;0;0;0;0
12;2025-11-28;11;4;299;22;0;0;0;0;0;0
12;2025-11-28;12;4;300;24;0;0;0;0;0;0
12;2025-11-28;13;4;301;26;0;0;0;0;0;0
12;2025-11-28;14;4;302;28;0;0;0;0;0;0
12;2025-11-28;15;4;303;30;0;0;0;0;0;0
12;2025-11-28;16;4;304;32;0;0;0;0;0;0
12;2025-11-28;17;4;305;34;0;0;0;0;0;0
12;2025-11-28;18;4;306;36;0;0;0;0;0;0
12;2025-11-28;19;4;307;38;0;0;0;0;0;0
12;2025-11-28;20;4;308;40;0;0;0;0;0;0
12;2025-11-28;21;4;309;42;0;0;0;0;0;0
12;2025-11-28;22;4;310;44;0;0;0;0;0;0
12;2025-11-28;23;4;311;46;0;0;0;0;0;0
12;2025-11-29;0;5;288;1;1;1;0;0;0;0
12;2025-11-29;1;5;289;3;1;1;0;0;0;0
12;2025-11-29;2;5;290;5;1;1;0;0;0;0
12;2025-11-29;3;5;291;7;1;1;0;0;0;0
12;2025-11-29;4;5;292;9;1;1;0;0;0;0
12;2025-11-29;5;5;293;11;1;1;0;0;0;0
12;2025-11-29;6;5;294;13;0;1;0;0;0;0
12;2025-11-29;7;5;295;15;0;1;0;0;0;0
12;2025-11-29;8;5;296;17;0;1;0;0;0;0
12;2025-11-29;9;5;297;19;0;1;0;0;0;0
12;2025-11-29;10;5;298;21;0;1;0;0;0;0
12;2025-11-29;11;5;299;23;0;1;0;0;0;0
12;2025-11-29;12;5;300;25;0;1;0;0;0;0
12;2025-11-29;13;5;301;27;0;1;0;0;0;0
12;2025-11-29;14;5;302;29;0;1;0;0;0;0
12;2025-11-29;15;5;303;31;0;1;0;0;0;0
12;2025-11-29;16;5;304;33;0;1;0;0;0;0
12;2025-11-29;17;5;305;35;0;1;0;0;0;0
12;2025-11-29;18;5;306;37;0;1;0;0;0;0
12;2025-11-29;19;5;307;39;0;1;0;0;0;0
12;2025-11-29;20;5;308;41;0;1;0;0;0;0
12;2025-11-29;21;5;309;43;0;1;0;0;0;0
12;2025-11-29;22;5;310;45;0;1;0;0;0;0
12;2025-11-29;23;5;311;47;0;1;0;0;0;0
12;2025-11-30;0;6;288;1;1;1;0;0;0;0
12;2025-11-30;1;6;289;3;1;1;0;0;0;0
12;2025-11-30;2;6;290;5;1;1;0;0;0;0
12;2025-11-30;3;6;291;7;1;1;0;0;0;0
12;2025-11-30;4;6;292;9;1;1;0;0;0;0
12;2025-11-30;5;6;293;11;1;1;0;0;0;0
12;2025-11-30;6;6;294;13;0;1;0;0;0;0
12;2025-11-30;7;6;295;15;0;1;0;0;0;0
12;2025-11-30;8;6;296;17;0;1;0;0;0;0
12;2025-11-30;9;6;297;19;0;1;0;0;0;0
12;2025-11-30;10;6;298;21;0;1;0;0;0;0
12;2025-11-30;11;6;299;23;0;1;0;0;0;0
12;2025-11-30;12;6;300;25;0;1;0;0;0;0
12;2025-11-30;13;6;301;27;0;1;0;0;0;0
12;2025-11-30;14;6;302;29;0;1;0;0;0;0
12;2025-11-30;15;6;303;31;0;1;0;0;0;0
12;2025-11-30;16;6;304;33;0;1;0;0;0;0
12;2025-11-30;17;6;305;35;0;1;0;0;0;0
12;2025-11-30;18;6;306;37;0;1;0;0;0;0
12;2025-11-30;19;6;307;39;0;1;0;0;0;0
12;2025-11-30;20;6;308;41;0;1;0;0;0;0
12;2025-11-30;21;6;309;43;0;1;0;0;0;0
12;2025-11-30;22;6;310;45;0;1;0;0;0;0
12;2025-11-30;23;6;311;47;0;1;0;0;0;0
12;2025-12-01;0;0;288;0;1;0;0;0;0;0
12;2025-12-01;1;0;289;2;1;0;0;0;0;0
12;2025-12-01;2;0;290;4;1;0;0;0;0;0
12;2025-12-01;3;0;291;6;1;0;0;0;0;0
12;2025-12-01;4;0;292;8;1;0;0;0;0;0
12;2025-12-01;5;0;293;10;1;0;0;0;0;0
12;2025-12-01;6;0;294;12;0;0;0;0;0;0
12;2025-12-01;7;0;295;14;0;0;0;0;0;0
12;2025-12-01;8;0;296;16;0;0;0;0;0;0
12;2025-12-01;9;0;297;18;0;0;0;0;0;0
12;2025-12-01;10;0;298;20;0;0;0;0;0;0
12;2025-12-01;11;0;299;22;0;0;0;0;0;0
12;2025-12-01;12;0;300;24;0;0;0;0;0;0
12;2025-12-01;13;0;301;26;0;0;0;0;0;0
12;2025-12-01;14;0;302;28;0;0;0;0;0;0
12;2025-12-01;15;0;303;30;0;0;0;0;0;0
12;2025-12-01;16;0;304;32;0;0;0;0;0;0
12;2025-12-01;17;0;305;34;0;0;0;0;0;0
12;2025-12-01;18;0;306;36;0;0;0;0;0;0
12;2025-12-01;19;0;307;38;0;0;0;0;0;0
12;2025-12-01;20;0;308;40;0;0;0;0;0;0
12;2025-12-01;21;0;309;42;0;0;0;0;0;0
12;2025-12-01;22;0;310;44;0;0;0;0;0;0
12;2025-12-01;23;0;311;46;0;0;0;0;0;0
12;2025-12-02;0;1;288;0;1;0;0;0;0;0
12;2025-12-02;1;1;289;2;1;0;0;0;0;0
12;2025-12-02;2;1;290;4;1;0;0;0;0;0
12;2025-12-02;3;1;291;6;1;0;0;0;0;0
12;2025-12-02;4;1;292;8;1;0;0;0;0;0
12;2025-12-02;5;1;293;10;1;0;0;0;0;0
12;2025-12-02;6;1;294;12;0;0;0;0;0;0
12;2025-12-02;7;1;295;14;0;0;0;0;0;0
12;2025-12-02;8;1;296;16;0;0;0;0;0;0
12;2025-12-02;9;1;297;18;0;0;0;0;0;0
12;2025-12-02;10;1;298;20;0;0;0;0;0;0
12;2025-12-02;11;1;299;22;0;0;0;0;0;0
12;2025-12-02;12;1;300;24;0;0;0;0;0;0
12;2025-12-02;13;1;301;26;0;0;0;0;0;0
12;2025-12-02;14;1;302;28;0;0;0;0;0;0
12;2025-12-02;15;1;303;30;0;0;0;0;0;0
12;2025-12-02;16;1;304;32;0;0;0;0;0;0
12;2025-12-02;17;1;305;34;0;0;0;0;0;0
12;2025-12-02;18;1;306;36;0;0;0;0;0;0
12;2025-12-02;19;1;307;38;0;0;0;0;0;0
12;2025-12-02;20;1;308;40;0;0;0;0;0;0
12;2025-12-02;21;1;309;42;0;0;0;0;0;0
12;2025-12-02;22;1;310;44;0;0;0;0;0;0
12;2025-12-02;23;1;311;46;0;0;0;0;0;0
12;2025-12-03;0;2;288;0;1;0;0;0;0;0
12;2025-12-03;1;2;289;2;1;0;0;0;0;0
12;2025-12-03;2;2;290;4;1;0;0;0;0;0
12;2025-12-03;3;2;291;6;1;0;0;0;0;0
12;2025-12-03;4;2;292;8;1;0;0;0;0;0
12;2025-12-03;5;2;293;10;1;0;0;0;0;0
12;2025-12-03;6;2;294;12;0;0;0;0;0;0
12;2025-12-03;7;2;295;14;0;0;0;0;0;0
12;2025-12-03;8;2;296;16;0;0;0;0;0;0
12;2025-12-03;9;2;297;18;0;0;0;0;0;0
12;2025-12-03;10;2;298;20;0;0;0;0;0;0
12;2025-12-03;11;2;299;22;0;0;0;0;0;0
12;2025-12-03;12;2;300;24;0;0;0;0;0;0
12;2025-12-03;13;2;301;26;0;0;0;0;0;0
12;2025-12-03;14;2;302;28;0;0;0;0;0;0
12;2025-12-03;15;2;303;30;0;0;0;0;0;0
12;2025-12-03;16;2;304;32;0;0;0;0;0;0
12;2025-12-03;17;2;305;34;0;0;0;0;0;0
12;2025-12-03;18;2;306;36;0;0;0;0;0;0
12;2025-12-03;19;2;307;38;0;0;0;0;0;0
12;2025-12-03;20;2;308;40;0;0;0;0;0;0
12;2025-12-03;21;2;309;42;0;0;0;0;0;0
12;2025-12-03;22;2;310;44;0;0;0;0;0;0
12;2025-12-03;23;2;311;46;0;0;0;0;0;0
12;2025-12-04;0;3;288;0;1;0;0;0;0;0
12;2025-12-04;1;3;289;2;1;0;0;0;0;0
12;2025-12-04;2;3;290;4;1;0;0;0;0;0
12;2025-12-04;3;3;291;6;1;0;0;0;0;0
12;2025-12-04;4;3;292;8;1;0;0;0;0;0
12;2025-12-04;5;3;293;10;1;0;0;0;0;0
12;2025-12-04;6;3;294;12;0;0;0;0;0;0
12;2025-12-04;7;3;295;14;0;0;0;0;0;0
12;2025-12-04;8;3;296;16;0;0;0;0;0;0
12;2025-12-04;9;3;297;18;0;0;0;0;0;0
12;2025-12-04;10;3;298;20;0;0;0;0;0;0
12;2025-12-04;11;3;299;22;0;0;0;0;0;0
12;2025-12-04;12;3;300;24;0;0;0;0;0;0
12;2025-12-04;13;3;301;26;0;0;0;0;0;0
12;2025-12-04;14;3;302;28;0;0;0;0;0;0
12;2025-12-04;15;3;303;30;0;0;0;0;0;0
12;2025-12-04;16;3;304;32;0;0;0;0;0;0
12;2025-12-04;17;3;305;34;0;0;0;0;0;0
12;2025-12-04;18;3;306;36;0;0;0;0;0;0
12;2025-12-04;19;3;307;38;0;0;0;0;0;0
12;2025-12-04;20;3;308;40;0;0;0;0;0;0
12;2025-12-04;21;3;309;42;0;0;0;0;0;0
12;2025-12-04;22;3;310;44;0;0;0;0;0;0
12;2025-12-04;23;3;311;46;0;0;0;0;0;0
12;2025-12-05;0;4;288;0;1;0;0;0;0;0
12;2025-12-05;1;4;289;2;1;0;0;0;0;0
12;2025-12-05;2;4;290;4;1;0;0;0;0;0
12;2025-12-05;3;4;291;6;1;0;0;0;0;0
12;2025-12-05;4;4;292;8;1;0;0;0;0;0
12;2025-12-05;5;4;293;10;1;0;0;0;0;0
12;2025-12-05;6;4;294;12;0;0;0;0;0;0
12;2025-12-05;7;4;295;14;0;0;0;0;0;0
12;2025-12-05;8;4;296;16;0;0;0;0;0;0
12;2025-12-05;9;4;297;18;0;0;0;0;0;0
12;2025-12-05;10;4;298;20;0;0;0;0;0;0
12;2025-12-05;11;4;299;22;0;0;0;0;0;0
12;2025-12-05;12;4;300;24;0;0;0;0;0;0
12;2025-12-05;13;4;301;26;0;0;0;0;0;0
12;2025-12-05;14;4;302;28;0;0;0;0;0;0
12;2025-12-05;15;4;303;30;0;0;0;0;0;0
12;2025-12-05;16;4;304;32;0;0;0;0;0;0
12;2025-12-05;17;4;305;34;0;0;0;0;0;0
12;2025-12-05;18;4;306;36;0;0;0;0;0;0
12;2025-12-05;19;4;307;38;0;0;0;0;0;0
12;2025-12-05;20;4;308;40;0;0;0;0;0;0
12;2025-12-05;21;4;309;42;0;0;0;0;0;0
12;2025-12-05;22;4;310;44;0;0;0;0;0;0
12;2025-12-05;23;4;311;46;0;0;0;0;0;0
12;2025-12-06;0;5;288;1;1;1;0;0;0;0
12;2025-12-06;1;5;289;3;1;1;0;0;0;0
12;2025-12-06;2;5;290;5;1;1;0;0;0;0
12;2025-12-06;3;5;291;7;1;1;0;0;0;0
12;2025-12-06;4;5;292;9;1;1;0;0;0;0
12;2025-12-06;5;5;293;11;1;1;0;0;0;0
12;2025-12-06;6;5;294;13;0;1;0;0;0;0
12;2025-12-06;7;5;295;15;0;1;0;0;0;0
12;2025-12-06;8;5;296;17;0;1;0;0;0;0
12;2025-12-06;9;5;297;19;0;1;0;0;0;0
12;2025-12-06;10;5;298;21;0;1;0;0;0;0
12;2025-12-06;11;5;299;23;0;1;0;0;0;0
12;2025-12-06;12;5;300;25;0;1;0;0;0;0
12;2025-12-06;13;5;301;27;0;1;0;0;0;0
12;2025-12-06;14;5;302;29;0;1;0;0;0;0
12;2025-12-06;15;5;303;31;0;1;0;0;0;0
12;2025-12-06;16;5;304;33;0;1;0;0;0;0
12;2025-12-06;17;5;305;35;0;1;0;0;0;0
12;2025-12-06;18;5;306;37;0;1;0;0;0;0
12;2025-12-06;19;5;307;39;0;1;0;0;0;0
12;2025-12-06;20;5;308;41;0;1;0;0;0;0
12;2025-12-06;21;5;309;43;0;1;0;0;0;0
12;2025-12-06;22;5;310;45;0;1;0;0;0;0
12;2025-12-06;23;5;311;47;0;1;0;0;0;0
12;2025-12-07;0;6;288;1;1;1;0;0;0;0
12;2025-12-07;1;6;289;3;1;1;0;0;0;0
12;2025-12-07;2;6;290;5;1;1;0;0;0;0
12;2025-12-07;3;6;291;7;1;1;0;0;0;0
12;2025-12-07;4;6;292;9;1;1;0;0;0;0
12;2025-12-07;5;6;293;11;1;1;0;0;0;0
12;2025-12-07;6;6;294;13;0;1;0;0;0;0
12;2025-12-07;7;6;295;15;0;1;0;0;0;0
12;2025-12-07;8;6;296;17;0;1;0;0;0;0
12;2025-12-07;9;6;297;19;0;1;0;0;0;0
12;2025-12-07;10;6;298;21;0;1;0;0;0;0
12;2025-12-07;11;6;299;23;0;1;0;0;0;0
12;2025-12-07;12;6;300;25;0;1;0;0;0;0
12;2025-12-07;13;6;301;27;0;1;0;0;0;0
12;2025-12-07;14;6;302;29;0;1;0;0;0;0
12;2025-12-07;15;6;303;31;0;1;0;0;0;0
12;2025-12-07;16;6;304;33;0;1;0;0;0;0
12;2025-12-07;17;6;305;35;0;1;0;0;0;0
12;2025-12-07;18;6;306;37;0;1;0;0;0;0
12;2025-12-07;19;6;307;39;0;1;0;0;0;0
12;2025-12-07;20;6;308;41;0;1;0;0;0;0
12;2025-12-07;21;6;309;43;0;1;0;0;0;0
12;2025-12-07;22;6;310;45;0;1;0;0;0;0
12;2025-12-07;23;6;311;47;0;1;0;0;0;0
12;2025-12-08;0;0;288;0;1;0;0;0;0;0
12;2025-12-08;1;0;289;2;1;0;0;0;0;0
12;2025-12-08;2;0;290;4;1;0;0;0;0;0
12;2025-12-08;3;0;291;6;1;0;0;0;0;0
12;2025-12-08;4;0;292;8;1;0;0;0;0;0
12;2025-12-08;5;0;293;10;1;0;0;0;0;0
12;2025-12-08;6;0;294;12;0;0;0;0;0;0
12;2025-12-08;7;0;295;14;0;0;0;0;0;0
12;2025-12-08;8;0;296;16;0;0;0;0;0;0
12;2025-12-08;9;0;297;18;0;0;0;0;0;0
12;2025-12-08;10;0;298;20;0;0;0;0;0;0
12;2025-12-08;11;0;299;22;0;0;0;0;0;0
12;2025-12-08;12;0;300;24;0;0;0;0;0;0
12;2025-12-08;13;0;301;26;0;0;0;0;0;0
12;2025-12-08;14;0;302;28;0;0;0;0;0;0
12;2025-12-08;15;0;303;30;0;0;0;0;0;0
12;2025-12-08;16;0;304;32;0;0;0;0;0;0
12;2025-12-08;17;0;305;34;0;0;0;0;0;0
12;2025-12-08;18;0;306;36;0;0;0;0;0;0
12;2025-12-08;19;0;307;38;0;0;0;0;0;0
12;2025-12-08;20;0;308;40;0;0;0;0;0;0
12;2025-12-08;21;0;309;42;0;0;0;0;0;0
12;2025-12-08;22;0;310;44;0;0;0;0;0;0
12;2025-12-08;23;0;311;46;0;0;0;0;0;0
12;2025-12-09;0;1;288;0;1;0;0;0;0;0
12;2025-12-09;1;1;289;2;1;0;0;0;0;0
12;2025-12-09;2;1;290;4;1;0;0;0;0;0
12;2025-12-09;3;1;291;6;1;0;0;0;0;0
12;2025-12-09;4;1;292;8;1;0;0;0;0;0
12;2025-12-09;5;1;293;10;1;0;0;0;0;0
12;2025-12-09;6;1;294;12;0;0;0;0;0;0
12;2025-12-09;7;1;295;14;0;0;0;0;0;0
12;2025-12-09;8;1;296;16;0;0;0;0;0;0
12;2025-12-09;9;1;297;18;0;0;0;0;0;0
12;2025-12-09;10;1;298;20;0;0;0;0;0;0
12;2025-12-09;11;1;299;22;0;0;0;0;0;0
12;2025-12-09;12;1;300;24;0;0;0;0;0;0
12;2025-12-09;13;1;301;26;0;0;0;0;0;0
12;2025-12-09;14;1;302;28;0;0;0;0;0;0
12;2025-12-09;15;1;303;30;0;0;0;0;0;0
12;2025-12-09;16;1;304;32;0;0;0;0;0;0
12;2025-12-09;17;1;305;34;0;0;0;0;0;0
12;2025-12-09;18;1;306;36;0;0;0;0;0;0
12;2025-12-09;19;1;307;38;0;0;0;0;0;0
12;2025-12-09;20;1;308;40;0;0;0;0;0;0
12;2025-12-09;21;1;309;42;0;0;0;0;0;0
12;2025-12-09;22;1;310;44;0;0;0;0;0;0
12;2025-12-09;23;1;311;46;0;0;0;0;0;0
12;2025-12-10;0;2;288;0;1;0;0;0;0;0
12;2025-12-10;1;2;289;2;1;0;0;0;0;0
12;2025-12-10;2;2;290;4;1;0;0;0;0;0
12;2025-12-10;3;2;291;6;1;0;0;0;0;0
12;2025-12-10;4;2;292;8;1;0;0;0;0;0
12;2025-12-10;5;2;293;10;1;0;0;0;0;0
12;2025-12-10;6;2;294;12;0;0;0;0;0;0
12;2025-12-10;7;2;295;14;0;0;0;0;0;0
12;2025-12-10;8;2;296;16;0;0;0;0;0;0
12;2025-12-10;9;2;297;18;0;0;0;0;0;0
12;2025-12-10;10;2;298;20;0;0;0;0;0;0
12;2025-12-10;11;2;299;22;0;0;0;0;0;0
12;2025-12-10;12;2;300;24;0;0;0;0;0;0
12;2025-12-10;13;2;301;26;0;0;0;0;0;0
12;2025-12-10;14;2;302;28;0;0;0;0;0;0
12;2025-12-10;15;2;303;30;0;0;0;0;0;0
12;2025-12-10;16;2;304;32;0;0;0;0;0;0
12;2025-12-10;17;2;305;34;0;0;0;0;0;0
12;2025-12-10;18;2;306;36;0;0;0;0;0;0
12;2025-12-10;19;2;307;38;0;0;0;0;0;0
12;2025-12-10;20;2;308;40;0;0;0;0;0;0
12;2025-12-10;21;2;309;42;0;0;0;0;0;0
12;2025-12-10;22;2;310;44;0;0;0;0;0;0
12;2025-12-10;23;2;311;46;0;0;0;0;0;0
12;2025-12-11;0;3;288;0;1;0;0;0;0;0
12;2025-12-11;1;3;289;2;1;0;0;0;0;0
12;2025-12-11;2;3;290;4;1;0;0;0;0;0
12;2025-12-11;3;3;291;6;1;0;0;0;0;0
12;2025-12-11;4;3;292;8;1;0;0;0;0;0
12;2025-12-11;5;3;293;10;1;0;0;0;0;0
12;2025-12-11;6;3;294;12;0;0;0;0;0;0
12;2025-12-11;7;3;295;14;0;0;0;0;0;0
12;2025-12-11;8;3;296;16;0;0;0;0;0;0
12;2025-12-11;9;3;297;18;0;0;0;0;0;0
12;2025-12-11;10;3;298;20;0;0;0;0;0;0
12;2025-12-11;11;3;299;22;0;0;0;0;0;0
12;2025-12-11;12;3;300;24;0;0;0;0;0;0
12;2025-12-11;13;3;301;26;0;0;0;0;0;0
12;2025-12-11;14;3;302;28;0;0;0;0;0;0
12;2025-12-11;15;3;303;30;0;0;0;0;0;0
12;2025-12-11;16;3;304;32;0;0;0;0;0;0
12;2025-12-11;17;3;305;34;0;0;0;0;0;0
12;2025-12-11;18;3;306;36;0;0;0;0;0;0
12;2025-12-11;19;3;307;38;0;0;0;0;0;0
12;2025-12-11;20;3;308;40;0;0;0;0;0;0
12;2025-12-11;21;3;309;42;0;0;0;0;0;0
12;2025-12-11;22;3;310;44;0;0;0;0;0;0
12;2025-12-11;23;3;311;46;0;0;0;0;0;0
12;2025-12-12;0;4;288;0;1;0;0;0;0;0
12;2025-12-12;1;4;289;2;1;0;0;0;0;0
12;2025-12-12;2;4;290;4;1;0;0;0;0;0
12;2025-12-12;3;4;291;6;1;0;0;0;0;0
12;2025-12-12;4;4;292;8;1;0;0;0;0;0
12;2025-12-12;5;4;293;10;1;0;0;0;0;0
12;2025-12-12;6;4;294;12;0;0;0;0;0;0
12;2025-12-12;7;4;295;14;0;0;0;0;0;0
12;2025-12-12;8;4;296;16;0;0;0;0;0;0
12;2025-12-12;9;4;297;18;0;0;0;0;0;0
12;2025-12-12;10;4;298;20;0;0;0;0;0;0
12;2025-12-12;11;4;299;22;0;0;0;0;0;0
12;2025-12-12;12;4;300;24;0;0;0;0;0;0
12;2025-12-12;13;4;301;26;0;0;0;0;0;0
12;2025-12-12;14;4;302;28;0;0;0;0;0;0
12;2025-12-12;15;4;303;30;0;0;0;0;0;0
12;2025-12-12;16;4;304;32;0;0;0;0;0;0
12;2025-12-12;17;4;305;34;0;0;0;0;0;0
12;2025-12-12;18;4;306;36;0;0;0;0;0;0
12;2025-12-12;19;4;307;38;0;0;0;0;0;0
12;2025-12-12;20;4;308;40;0;0;0;0;0;0
12;2025-12-12;21;4;309;42;0;0;0;0;0;0
12;2025-12-12;22;4;310;44;0;0;0;0;0;0
12;2025-12-12;23;4;311;46;0;0;0;0;0;0
12;2025-12-13;0;5;288;1;1;1;0;0;0;0
12;2025-12-13;1;5;289;3;1;1;0;0;0;0
12;2025-12-13;2;5;290;5;1;1;0;0;0;0
12;2025-12-13;3;5;291;7;1;1;0;0;0;0
12;2025-12-13;4;5;292;9;1;1;0;0;0;0
12;2025-12-13;5;5;293;11;1;1;0;0;0;0
12;2025-12-13;6;5;294;13;0;1;0;0;0;0
12;2025-12-13;7;5;295;15;0;1;0;0;0;0
12;2025-12-13;8;5;296;17;0;1;0;0;0;0
12;2025-12-13;9;5;297;19;0;1;0;0;0;0
12;2025-12-13;10;5;298;21;0;1;0;0;0;0
12;2025-12-13;11;5;299;23;0;1;0;0;0;0
12;2025-12-13;12;5;300;25;0;1;0;0;0;0
12;2025-12-13;13;5;301;27;0;1;0;0;0;0
12;2025-12-13;14;5;302;29;0;1;0;0;0;0
12;2025-12-13;15;5;303;31;0;1;0;0;0;0
12;2025-12-13;16;5;304;33;0;1;0;0;0;0
12;2025-12-13;17;5;305;35;0;1;0;0;0;0
12;2025-12-13;18;5;306;37;0;1;0;0;0;0
12;2025-12-13;19;5;307;39;0;1;0;0;0;0
12;2025-12-13;20;5;308;41;0;1;0;0;0;0
12;2025-12-13;21;5;309;43;0;1;0;0;0;0
12;2025-12-13;22;5;310;45;0;1;0;0;0;0
12;2025-12-13;23;5;311;47;0;1;0;0;0;0
12;2025-12-14;0;6;288;1;1;1;0;0;0;0
12;2025-12-14;1;6;289;3;1;1;0;0;0;0
12;2025-12-14;2;6;290;5;1;1;0;0;0;0
12;2025-12-14;3;6;291;7;1;1;0;0;0;0
12;2025-12-14;4;6;292;9;1;1;0;0;0;0
12;2025-12-14;5;6;293;11;1;1;0;0;0;0
12;2025-12-14;6;6;294;13;0;1;0;0;0;0
12;2025-12-14;7;6;295;15;0;1;0;0;0;0
12;2025-12-14;8;6;296;17;0;1;0;0;0;0
12;2025-12-14;9;6;297;19;0;1;0;0;0;0
12;2025-12-14;10;6;298;21;0;1;0;0;0;0
12;2025-12-14;11;6;299;23;0;1;0;0;0;0
12;2025-12-14;12;6;300;25;0;1;0;0;0;0
12;2025-12-14;13;6;301;27;0;1;0;0;0;0
12;2025-12-14;14;6;302;29;0;1;0;0;0;0
12;2025-12-14;15;6;303;31;0;1;0;0;0;0
12;2025-12-14;16;6;304;33;0;1;0;0;0;0
12;2025-12-14;17;6;305;35;0;1;0;0;0;0
12;2025-12-14;18;6;306;37;0;1;0;0;0;0
12;2025-12-14;19;6;307;39;0;1;0;0;0;0
12;2025-12-14;20;6;308;41;0;1;0;0;0;0
12;2025-12-14;21;6;309;43;0;1;0;0;0;0
12;2025-12-14;22;6;310;45;0;1;0;0;0;0
12;2025-12-14;23;6;311;47;0;1;0;0;0;0
12;2025-12-15;0;0;288;0;1;0;0;0;0;0
12;2025-12-15;1;0;289;2;1;0;0;0;0;0
12;2025-12-15;2;0;290;4;1;0;0;0;0;0
12;2025-12-15;3;0;291;6;1;0;0;0;0;0
12;2025-12-15;4;0;292;8;1;0;0;0;0;0
12;2025-12-15;5;0;293;10;1;0;0;0;0;0
12;2025-12-15;6;0;294;12;0;0;0;0;0;0
12;2025-12-15;7;0;295;14;0;0;0;0;0;0
12;2025-12-15;8;0;296;16;0;0;0;0;0;0
12;2025-12-15;9;0;297;18;0;0;0;0;0;0
12;2025-12-15;10;0;298;20;0;0;0;0;0;0
12;2025-12-15;11;0;299;22;0;0;0;0;0;0
12;2025-12-15;12;0;300;24;0;0;0;0;0;0
12;2025-12-15;13;0;301;26;0;0;0;0;0;0
12;2025-12-15;14;0;302;28;0;0;0;0;0;0
12;2025-12-15;15;0;303;30;0;0;0;0;0;0
12;2025-12-15;16;0;304;32;0;0;0;0;0;0
12;2025-12-15;17;0;305;34;0;0;0;0;0;0
12;2025-12-15;18;0;306;36;0;0;0;0;0;0
12;2025-12-15;19;0;307;38;0;0;0;0;0;0
12;2025-12-15;20;0;308;40;0;0;0;0;0;0
12;2025-12-15;21;0;309;42;0;0;0;0;0;0
12;2025-12-15;22;0;310;44;0;0;0;0;0;0
12;2025-12-15;23;0;311;46;0;0;0;0;0;0
12;2025-12-16;0;1;288;0;1;0;0;0;0;0
12;2025-12-16;1;1;289;2;1;0;0;0;0;0
12;2025-12-16;2;1;290;4;1;0;0;0;0;0
12;2025-12-16;3;1;291;6;1;0;0;0;0;0
12;2025-12-16;4;1;292;8;1;0;0;0;0;0
12;2025-12-16;5;1;293;10;1;0;0;0;0;0
12;2025-12-16;6;1;294;12;0;0;0;0;0;0
12;2025-12-16;7;1;295;14;0;0;0;0;0;0
12;2025-12-16;8;1;296;16;0;0;0;0;0;0
12;2025-12-16;9;1;297;18;0;0;0;0;0;0
12;2025-12-16;10;1;298;20;0;0;0;0;0;0
12;2025-12-16;11;1;299;22;0;0;0;0;0;0
12;2025-12-16;12;1;300;24;0;0;0;0;0;0
12;2025-12-16;13;1;301;26;0;0;0;0;0;0
12;2025-12-16;14;1;302;28;0;0;0;0;0;0
12;2025-12-16;15;1;303;30;0;0;0;0;0;0
12;2025-12-16;16;1;304;32;0;0;0;0;0;0
12;2025-12-16;17;1;305;34;0;0;0;0;0;0
12;2025-12-16;18;1;306;36;0;0;0;0;0;0
12;2025-12-16;19;1;307;38;0;0;0;0;0;0
12;2025-12-16;20;1;308;40;0;0;0;0;0;0
12;2025-12-16;21;1;309;42;0;0;0;0;0;0
12;2025-12-16;22;1;310;44;0;0;0;0;0;0
12;2025-12-16;23;1;311;46;0;0;0;0;0;0
12;2025-12-17;0;2;288;0;1;0;0;0;0;0
12;2025-12-17;1;2;289;2;1;0;0;0;0;0
12;2025-12-17;2;2;290;4;1;0;0;0;0;0
12;2025-12-17;3;2;291;6;1;0;0;0;0;0
12;2025-12-17;4;2;292;8;1;0;0;0;0;0
12;2025-12-17;5;2;293;10;1;0;0;0;0;0
12;2025-12-17;6;2;294;12;0;0;0;0;0;0
12;2025-12-17;7;2;295;14;0;0;0;0;0;0
12;2025-12-17;8;2;296;16;0;0;0;0;0;0
12;2025-12-17;9;2;297;18;0;0;0;0;0;0
12;2025-12-17;10;2;298;20;0;0;0;0;0;0
12;2025-12-17;11;2;299;22;0;0;0;0;0;0
12;2025-12-17;12;2;300;24;0;0;0;0;0;0
12;2025-12-17;13;2;301;26;0;0;0;0;0;0
12;2025-12-17;14;2;302;28;0;0;0;0;0;0
12;2025-12-17;15;2;303;30;0;0;0;0;0;0
12;2025-12-17;16;2;304;32;0;0;0;0;0;0
12;2025-12-17;17;2;305;34;0;0;0;0;0;0
12;2025-12-17;18;2;306;36;0;0;0;0;0;0
12;2025-12-17;19;2;307;38;0;0;0;0;0;0
12;2025-12-17;20;2;308;40;0;0;0;0;0;0
12;2025-12-17;21;2;309;42;0;0;0;0;0;0
12;2025-12-17;22;2;310;44;0;0;0;0;0;0
12;2025-12-17;23;2;311;46;0;0;0;0;0;0
12;2025-12-18;0;3;288;0;1;0;0;0;0;0
12;2025-12-18;1;3;289;2;1;0;0;0;0;0
12;2025-12-18;2;3;290;4;1;0;0;0;0;0
12;2025-12-18;3;3;291;6;1;0;0;0;0;0
12;2025-12-18;4;3;292;8;1;0;0;0;0;0
12;2025-12-18;5;3;293;10;1;0;0;0;0;0
12;2025-12-18;6;3;294;12;0;0;0;0;0;0
12;2025-12-18;7;3;295;14;0;0;0;0;0;0
12;2025-12-18;8;3;296;16;0;0;0;0;0;0
12;2025-12-18;9;3;297;18;0;0;0;0;0;0
12;2025-12-18;10;3;298;20;0;0;0;0;0;0
12;2025-12-18;11;3;299;22;0;0;0;0;0;0
12;2025-12-18;12;3;300;24;0;0;0;0;0;0
12;2025-12-18;13;3;301;26;0;0;0;0;0;0
12;2025-12-18;14;3;302;28;0;0;0;0;0;0
12;2025-12-18;15;3;303;30;0;0;0;0;0;0
12;2025-12-18;16;3;304;32;0;0;0;0;0;0
12;2025-12-18;17;3;305;34;0;0;0;0;0;0
12;2025-12-18;18;3;306;36;0;0;0;0;0;0
12;2025-12-18;19;3;307;38;0;0;0;0;0;0
12;2025-12-18;20;3;308;40;0;0;0;0;0;0
12;2025-12-18;21;3;309;42;0;0;0;0;0;0
12;2025-12-18;22;3;310;44;0;0;0;0;0;0
12;2025-12-18;23;3;311;46;0;0;0;0;0;0
12;2025-12-19;0;4;288;0;1;0;0;0;0;0
12;2025-12-19;1;4;289;2;1;0;0;0;0;0
12;2025-12-19;2;4;290;4;1;0;0;0;0;0
12;2025-12-19;3;4;291;6;1;0;0;0;0;0
12;2025-12-19;4;4;292;8;1;0;0;0;0;0
12;2025-12-19;5;4;293;10;1;0;0;0;0;0
12;2025-12-19;6;4;294;12;0;0;0;0;0;0
12;2025-12-19;7;4;295;14;0;0;0;0;0;0
12;2025-12-19;8;4;296;16;0;0;0;0;0;0
12;2025-12-19;9;4;297;18;0;0;0;0;0;0
12;2025-12-19;10;4;298;20;0;0;0;0;0;0
12;2025-12-19;11;4;299;22;0;0;0;0;0;0
12;2025-12-19;12;4;300;24;0;0;0;0;0;0
12;2025-12-19;13;4;301;26;0;0;0;0;0;0
12;2025-12-19;14;4;302;28;0;0;0;0;0;0
12;2025-12-19;15;4;303;30;0;0;0;0;0;0
12;2025-12-19;16;4;304;32;0;0;0;0;0;0
12;2025-12-19;17;4;305;34;0;0;0;0;0;0
12;2025-12-19;18;4;306;36;0;0;0;0;0;0
12;2025-12-19;19;4;307;38;0;0;0;0;0;0
12;2025-12-19;20;4;308;40;0;0;0;0;0;0
12;2025-12-19;21;4;309;42;0;0;0;0;0;0
12;2025-12-19;22;4;310;44;0;0;0;0;0;0
12;2025-12-19;23;4;311;46;0;0;0;0;0;0
12;2025-12-20;0;5;288;1;1;1;0;0;0;0
12;2025-12-20;1;5;289;3;1;1;0;0;0;0
12;2025-12-20;2;5;290;5;1;1;0;0;0;0
12;2025-12-20;3;5;291;7;1;1;0;0;0;0
12;2025-12-20;4;5;292;9;1;1;0;0;0;0
12;2025-12-20;5;5;293;11;1;1;0;0;0;0
12;2025-12-20;6;5;294;13;0;1;0;0;0;0
12;2025-12-20;7;5;295;15;0;1;0;0;0;0
12;2025-12-20;8;5;296;17;0;1;0;0;0;0
12;2025-12-20;9;5;297;19;0;1;0;0;0;0
12;2025-12-20;10;5;298;21;0;1;0;0;0;0
12;2025-12-20;11;5;299;23;0;1;0;0;0;0
12;2025-12-20;12;5;300;25;0;1;0;0;0;0
12;2025-12-20;13;5;301;27;0;1;0;0;0;0
12;2025-12-20;14;5;302;29;0;1;0;0;0;0
12;2025-12-20;15;5;303;31;0;1;0;0;0;0
12;2025-12-20;16;5;304;33;0;1;0;0;0;0
12;2025-12-20;17;5;305;35;0;1;0;0;0;0
12;2025-12-20;18;5;306;37;0;1;0;0;0;0
12;2025-12-20;19;5;307;39;0;1;0;0;0;0
12;2025-12-20;20;5;308;41;0;1;0;0;0;0
12;2025-12-20;21;5;309;43;0;1;0;0;0;0
12;2025-12-20;22;5;310;45;0;1;0;0;0;0
12;2025-12-20;23;5;311;47;0;1;0;0;0;0
12;2025-12-21;0;6;288;1;1;1;0;0;0;0
12;2025-12-21;1;6;289;3;1;1;0;0;0;0
12;2025-12-21;2;6;290;5;1;1;0;0;0;0
12;2025-12-21;3;6;291;7;1;1;0;0;0;0
12;2025-12-21;4;6;292;9;1;1;0;0;0;0
12;2025-12-21;5;6;293;11;1;1;0;0;0;0
12;2025-12-21;6;6;294;13;0;1;0;0;0;0
12;2025-12-21;7;6;295;15;0;1;0;0;0;0
12;2025-12-21;8;6;296;17;0;1;0;0;0;0
12;2025-12-21;9;6;297;19;0;1;0;0;0;0
12;2025-12-21;10;6;298;21;0;1;0;0;0;0
12;2025-12-21;11;6;299;23;0;1;0;0;0;0
12;2025-12-21;12;6;300;25;0;1;0;0;0;0
12;2025-12-21;13;6;301;27;0;1;0;0;0;0
12;2025-12-21;14;6;302;29;0;1;0;0;0;0
12;2025-12-21;15;6;303;31;0;1;0;0;0;0
12;2025-12-21;16;6;304;33;0;1;0;0;0;0
12;2025-12-21;17;6;305;35;0;1;0;0;0;0
12;2025-12-21;18;6;306;37;0;1;0;0;0;0
12;2025-12-21;19;6;307;39;0;1;0;0;0;0
12;2025-12-21;20;6;308;41;0;1;0;0;0;0
12;2025-12-21;21;6;309;43;0;1;0;0;0;0
12;2025-12-21;22;6;310;45;0;1;0;0;0;0
12;2025-12-21;23;6;311;47;0;1;0;0;0;0
12;2025-12-22;0;0;288;0;1;0;0;0;0;0
12;2025-12-22;1;0;289;2;1;0;0;0;0;0
12;2025-12-22;2;0;290;4;1;0;0;0;0;0
12;2025-12-22;3;0;291;6;1;0;0;0;0;0
12;2025-12-22;4;0;292;8;1;0;0;0;0;0
12;2025-12-22;5;0;293;10;1;0;0;0;0;0
12;2025-12-22;6;0;294;12;0;0;0;0;0;0
12;2025-12-22;7;0;295;14;0;0;0;0;0;0
12;2025-12-22;8;0;296;16;0;0;0;0;0;0
12;2025-12-22;9;0;297;18;0;0;0;0;0;0
12;2025-12-22;10;0;298;20;0;0;0;0;0;0
12;2025-12-22;11;0;299;22;0;0;0;0;0;0
12;2025-12-22;12;0;300;24;0;0;0;0;0;0
12;2025-12-22;13;0;301;26;0;0;0;0;0;0
12;2025-12-22;14;0;302;28;0;0;0;0;0;0
12;2025-12-22;15;0;303;30;0;0;0;0;0;0
12;2025-12-22;16;0;304;32;0;0;0;0;0;0
12;2025-12-22;17;0;305;34;0;0;0;0;0;0
12;2025-12-22;18;0;306;36;0;0;0;0;0;0
12;2025-12-22;19;0;307;38;0;0;0;0;0;0
12;2025-12-22;20;0;308;40;0;0;0;0;0;0
12;2025-12-22;21;0;309;42;0;0;0;0;0;0
12;2025-12-22;22;0;310;44;0;0;0;0;0;0
12;2025-12-22;23;0;311;46;0;0;0;0;0;0
12;2025-12-23;0;1;288;0;1;0;0;0;0;0
12;2025-12-23;1;1;289;2;1;0;0;0;0;0
12;2025-12-23;2;1;290;4;1;0;0;0;0;0
12;2025-12-23;3;1;291;6;1;0;0;0;0;0
12;2025-12-23;4;1;292;8;1;0;0;0;0;0
12;2025-12-23;5;1;293;10;1;0;0;0;0;0
12;2025-12-23;6;1;294;12;0;0;0;0;0;0
12;2025-12-23;7;1;295;14;0;0;0;0;0;0
12;2025-12-23;8;1;296;16;0;0;0;0;0;0
12;2025-12-23;9;1;297;18;0;0;0;0;0;0
12;2025-12-23;10;1;298;20;0;0;0;0;0;0
12;2025-12-23;11;1;299;22;0;0;0;0;0;0
12;2025-12-23;12;1;300;24;0;0;0;0;0;0
12;2025-12-23;13;1;301;26;0;0;0;0;0;0
12;2025-12-23;14;1;302;28;0;0;0;0;0;0
12;2025-12-23;15;1;303;30;0;0;0;0;0;0
12;2025-12-23;16;1;304;32;0;0;0;0;0;0
12;2025-12-23;17;1;305;34;0;0;0;0;0;0
12;2025-12-23;18;1;306;36;0;0;0;0;0;0
12;2025-12-23;19;1;307;38;0;0;0;0;0;0
12;2025-12-23;20;1;308;40;0;0;0;0;0;0
12;2025-12-23;21;1;309;42;0;0;0;0;0;0
12;2025-12-23;22;1;310;44;0;0;0;0;0;0
12;2025-12-23;23;1;311;46;0;0;0;0;0;0
12;2025-12-24;0;2;288;0;1;0;0;0;0;0
12;2025-12-24;1;2;289;2;1;0;0;0;0;0
12;2025-12-24;2;2;290;4;1;0;0;0;0;0
12;2025-12-24;3;2;291;6;1;0;0;0;0;0
12;2025-12-24;4;2;292;8;1;0;0;0;0;0
12;2025-12-24;5;2;293;10;1;0;0;0;0;0
12;2025-12-24;6;2;294;12;0;0;0;0;0;0
12;2025-12-24;7;2;295;14;0;0;0;0;0;0
12;2025-12-24;8;2;296;16;0;0;0;0;0;0
12;2025-12-24;9;2;297;18;0;0;0;0;0;0
12;2025-12-24;10;2;298;20;0;0;0;0;0;0
12;2025-12-24;11;2;299;22;0;0;0;0;0;0
12;2025-12-24;12;2;300;24;0;0;0;0;0;0
12;2025-12-24;13;2;301;26;0;0;0;0;0;0
12;2025-12-24;14;2;302;28;0;0;0;0;0;0
12;2025-12-24;15;2;303;30;0;0;0;0;0;0
12;2025-12-24;16;2;304;32;0;0;0;0;0;0
12;2025-12-24;17;2;305;34;0;0;0;0;0;0
12;2025-12-24;18;2;306;36;0;0;0;0;0;0
12;2025-12-24;19;2;307;38;0;0;0;0;0;0
12;2025-12-24;20;2;308;40;0;0;0;0;0;0
12;2025-12-24;21;2;309;42;0;0;0;0;0;0
12;2025-12-24;22;2;310;44;0;0;0;0;0;0
12;2025-12-24;23;2;311;46;0;0;0;0;0;0
12;2025-12-25;0;3;288;0;1;0;0;0;0;0
12;2025-12-25;1;3;289;2;1;0;0;0;0;0
12;2025-12-25;2;3;290;4;1;0;0;0;0;0
12;2025-12-25;3;3;291;6;1;0;0;0;0;0
12;2025-12-25;4;3;292;8;1;0;0;0;0;0
12;2025-12-25;5;3;293;10;1;0;0;0;0;0
12;2025-12-25;6;3;294;12;0;0;0;0;0;0
12;2025-12-25;7;3;295;14;0;0;0;0;0;0
12;2025-12-25;8;3;296;16;0;0;0;0;0;0
12;2025-12-25;9;3;297;18;0;0;0;0;0;0
12;2025-12-25;10;3;298;20;0;0;0;0;0;0
12;2025-12-25;11;3;299;22;0;0;0;0;0;0
12;2025-12-25;12;3;300;24;0;0;0;0;0;0
12;2025-12-25;13;3;301;26;0;0;0;0;0;0
12;2025-12-25;14;3;302;28;0;0;0;0;0;0
12;2025-12-25;15;3;303;30;0;0;0;0;0;0
12;2025-12-25;16;3;304;32;0;0;0;0;0;0
12;2025-12-25;17;3;305;34;0;0;0;0;0;0
12;2025-12-25;18;3;306;36;0;0;0;0;0;0
12;2025-12-25;19;3;307;38;0;0;0;0;0;0
12;2025-12-25;20;3;308;40;0;0;0;0;0;0
12;2025-12-25;21;3;309;42;0;0;0;0;0;0
12;2025-12-25;22;3;310;44;0;0;0;0;0;0
12;2025-12-25;23;3;311;46;0;0;0;0;0;0
12;2025-12-26;0;4;288;0;1;0;0;0;0;0
12;2025-12-26;1;4;289;2;1;0;0;0;0;0
12;2025-12-26;2;4;290;4;1;0;0;0;0;0
12;2025-12-26;3;4;291;6;1;0;0;0;0;0
12;2025-12-26;4;4;292;8;1;0;0;0;0;0
12;2025-12-26;5;4;293;10;1;0;0;0;0;0
12;2025-12-26;6;4;294;12;0;0;0;0;0;0
12;2025-12-26;7;4;295;14;0;0;0;0;0;0
12;2025-12-26;8;4;296;16;0;0;0;0;0;0
12;2025-12-26;9;4;297;18;0;0;0;0;0;0
12;2025-12-26;10;4;298;20;0;0;0;0;0;0
12;2025-12-26;11;4;299;22;0;0;0;0;0;0
12;2025-12-26;12;4;300;24;0;0;0;0;0;0
12;2025-12-26;13;4;301;26;0;0;0;0;0;0
12;2025-12-26;14;4;302;28;0;0;0;0;0;0
12;2025-12-26;15;4;303;30;0;0;0;0;0;0
12;2025-12-26;16;4;304;32;0;0;0;0;0;0
12;2025-12-26;17;4;305;34;0;0;0;0;0;0
12;2025-12-26;18;4;306;36;0;0;0;0;0;0
12;2025-12-26;19;4;307;38;0;0;0;0;0;0
12;2025-12-26;20;4;308;40;0;0;0;0;0;0
12;2025-12-26;21;4;309;42;0;0;0;0;0;0
12;2025-12-26;22;4;310;44;0;0;0;0;0;0
12;2025-12-26;23;4;311;46;0;0;0;0;0;0
12;2025-12-27;0;5;288;1;1;1;0;0;0;0
12;2025-12-27;1;5;289;3;1;1;0;0;0;0
12;2025-12-27;2;5;290;5;1;1;0;0;0;0
12;2025-12-27;3;5;291;7;1;1;0;0;0;0
12;2025-12-27;4;5;292;9;1;1;0;0;0;0
12;2025-12-27;5;5;293;11;1;1;0;0;0;0
12;2025-12-27;6;5;294;13;0;1;0;0;0;0
12;2025-12-27;7;5;295;15;0;1;0;0;0;0
12;2025-12-27;8;5;296;17;0;1;0;0;0;0
12;2025-12-27;9;5;297;19;0;1;0;0;0;0
12;2025-12-27;10;5;298;21;0;1;0;0;0;0
12;2025-12-27;11;5;299;23;0;1;0;0;0;0
12;2025-12-27;12;5;300;25;0;1;0;0;0;0
12;2025-12-27;13;5;301;27;0;1;0;0;0;0
12;2025-12-27;14;5;302;29;0;1;0;0;0;0
12;2025-12-27;15;5;303;31;0;1;0;0;0;0
12;2025-12-27;16;5;304;33;0;1;0;0;0;0
12;2025-12-27;17;5;305;35;0;1;0;0;0;0
12;2025-12-27;18;5;306;37;0;1;0;0;0;0
12;2025-12-27;19;5;307;39;0;1;0;0;0;0
12;2025-12-27;20;5;308;41;0;1;0;0;0;0
12;2025-12-27;21;5;309;43;0;1;0;0;0;0
12;2025-12-27;22;5;310;45;0;1;0;0;0;0
12;2025-12-27;23;5;311;47;0;1;0;0;0;0
12;2025-12-28;0;6;288;1;1;1;0;0;0;0
12;2025-12-28;1;6;289;3;1;1;0;0;0;0
12;2025-12-28;2;6;290;5;1;1;0;0;0;0
12;2025-12-28;3;6;291;7;1;1;0;0;0;0
12;2025-12-28;4;6;292;9;1;1;0;0;0;0
12;2025-12-28;5;6;293;11;1;1;0;0;0;0
12;2025-12-28;6;6;294;13;0;1;0;0;0;0
12;2025-12-28;7;6;295;15;0;1;0;0;0;0
12;2025-12-28;8;6;296;17;0;1;0;0;0;0
12;2025-12-28;9;6;297;19;0;1;0;0;0;0
12;2025-12-28;10;6;298;21;0;1;0;0;0;0
12;2025-12-28;11;6;299;23;0;1;0;0;0;0
12;2025-12-28;12;6;300;25;0;1;0;0;0;0
12;2025-12-28;13;6;301;27;0;1;0;0;0;0
12;2025-12-28;14;6;302;29;0;1;0;0;0;0
12;2025-12-28;15;6;303;31;0;1;0;0;0;0
12;2025-12-28;16;6;304;33;0;1;0;0;0;0
12;2025-12-28;17;6;305;35;0;1;0;0;0;0
12;2025-12-28;18;6;306;37;0;1;0;0;0;0
12;2025-12-28;19;6;307;39;0;1;0;0;0;0
12;2025-12-28;20;6;308;41;0;1;0;0;0;0
12;2025-12-28;21;6;309;43;0;1;0;0;0;0
12;2025-12-28;22;6;310;45;0;1;0;0;0;0
12;2025-12-28;23;6;311;47;0;1;0;0;0;0
12;2025-12-29;0;0;288;0;1;0;0;0;0;0
12;2025-12-29;1;0;289;2;1;0;0;0;0;0
12;2025-12-29;2;0;290;4;1;0;0;0;0;0
12;2025-12-29;3;0;291;6;1;0;0;0;0;0
12;2025-12-29;4;0;292;8;1;0;0;0;0;0
12;2025-12-29;5;0;293;10;1;0;0;0;0;0
12;2025-12-29;6;0;294;12;0;0;0;0;0;0
12;2025-12-29;7;0;295;14;0;0;0;0;0;0
12;2025-12-29;8;0;296;16;0;0;0;0;0;0
12;2025-12-29;9;0;297;18;0;0;0;0;0;0
12;2025-12-29;10;0;298;20;0;0;0;0;0;0
12;2025-12-29;11;0;299;22;0;0;0;0;0;0
12;2025-12-29;12;0;300;24;0;0;0;0;0;0
12;2025-12-29;13;0;301;26;0;0;0;0;0;0
12;2025-12-29;14;0;302;28;0;0;0;0;0;0
12;2025-12-29;15;0;303;30;0;0;0;0;0;0
12;2025-12-29;16;0;304;32;0;0;0;0;0;0
12;2025-12-29;17;0;305;34;0;0;0;0;0;0
12;2025-12-29;18;0;306;36;0;0;0;0;0;0
12;2025-12-29;19;0;307;38;0;0;0;0;0;0
12;2025-12-29;20;0;308;40;0;0;0;0;0;0
12;2025-12-29;21;0;309;42;0;0;0;0;0;0
12;2025-12-29;22;0;310;44;0;0;0;0;0;0
12;2025-12-29;23;0;311;46;0;0;0;0;0;0
12;2025-12-30;0;1;288;0;1;0;0;0;0;0
12;2025-12-30;1;1;289;2;1;0;0;0;0;0
12;2025-12-30;2;1;290;4;1;0;0;0;0;0
12;2025-12-30;3;1;291;6;1;0;0;0;0;0
12;2025-12-30;4;1;292;8;1;0;0;0;0;0
12;2025-12-30;5;1;293;10;1;0;0;0;0;0
12;2025-12-30;6;1;294;12;0;0;0;0;0;0
12;2025-12-30;7;1;295;14;0;0;0;0;0;0
12;2025-12-30;8;1;296;16;0;0;0;0;0;0
12;2025-12-30;9;1;297;18;0;0;0;0;0;0
12;2025-12-30;10;1;298;20;0;0;0;0;0;0
12;2025-12-30;11;1;299;22;0;0;0;0;0;0
12;2025-12-30;12;1;300;24;0;0;0;0;0;0
12;2025-12-30;13;1;301;26;0;0;0;0;0;0
12;2025-12-30;14;1;302;28;0;0;0;0;0;0
12;2025-12-30;15;1;303;30;0;0;0;0;0;0
12;2025-12-30;16;1;304;32;0;0;0;0;0;0
12;2025-12-30;17;1;305;34;0;0;0;0;0;0
12;2025-12-30;18;1;306;36;0;0;0;0;0;0
12;2025-12-30;19;1;307;38;0;0;0;0;0;0
12;2025-12-30;20;1;308;40;0;0;0;0;0;0
12;2025-12-30;21;1;309;42;0;0;0;0;0;0
12;2025-12-30;22;1;310;44;0;0;0;0;0;0
12;2025-12-30;23;1;311;46;0;0;0;0;0;0
12;2025-12-31;0;2;288;0;1;1;0;1;0;0
12;2025-12-31;1;2;289;2;1;1;0;1;0;0
12;2025-12-31;2;2;290;4;1;1;0;1;0;0
12;2025-12-31;3;2;291;6;1;1;0;1;0;0
12;2025-12-31;4;2;292;8;1;1;0;1;0;0
12;2025-12-31;5;2;293;10;1;1;0;1;0;0
12;2025-12-31;6;2;294;12;0;1;0;1;0;0
12;2025-12-31;7;2;295;14;0;1;0;1;0;0
12;2025-12-31;8;2;296;16;0;1;0;1;0;0
12;2025-12-31;9;2;297;18;0;1;0;1;0;0
12;2025-12-31;10;2;298;20;0;1;0;1;0;0
12;2025-12-31;11;2;299;22;0;1;0;1;0;0
12;2025-12-31;12;2;300;24;0;1;0;1;0;0
12;2025-12-31;13;2;301;26;0;1;0;1;0;0
12;2025-12-31;14;2;302;28;0;1;0;1;0;0
12;2025-12-31;15;2;303;30;0;1;0;1;0;0
12;2025-12-31;16;2;304;32;0;1;0;1;0;0
12;2025-12-31;17;2;305;34;0;1;0;1;0;0
12;2025-12-31;18;2;306;36;0;1;0;1;0;0
12;2025-12-31;19;2;307;38;0;1;0;1;0;0
12;2025-12-31;20;2;308;40;0;1;0;1;0;0
12;2025-12-31;21;2;309;42;0;1;0;1;0;0
12;2025-12-31;22;2;310;44;0;1;0;1;0;0
12;2025-12-31;23;2;311;46;0;1;0;1;0;0
17;2025-11-01;0;5;408;1;1;0;0;0;1;1
17;2025-11-01;1;5;409;3;1;0;0;0;1;1
17;2025-11-01;2;5;410;5;1;0;0;0;1;1
17;2025-11-01;3;5;411;7;1;0;0;0;1;1
17;2025-11-01;4;5;412;9;1;0;0;0;1;1
17;2025-11-01;5;5;413;11;1;0;0;0;1;1
17;2025-11-01;6;5;414;13;0;0;0;0;1;1
17;2025-11-01;7;5;415;15;0;0;0;0;1;1
17;2025-11-01;8;5;416;17;0;0;0;0;1;1
17;2025-11-01;9;5;417;19;0;0;0;0;1;1
17;2025-11-01;10;5;418;21;0;0;0;0;1;1
17;2025-11-01;11;5;419;23;0;0;0;0;1;1
17;2025-11-01;12;5;420;25;0;0;0;0;1;1
17;2025-11-01;13;5;421;27;0;0;0;0;1;1
17;2025-11-01;14;5;422;29;0;0;0;0;1;1
17;2025-11-01;15;5;423;31;0;0;0;0;1;1
17;2025-11-01;16;5;424;33;0;0;0;0;1;1
17;2025-11-01;17;5;425;35;0;0;0;0;1;1
17;2025-11-01;18;5;426;37;0;0;0;0;1;1
17;2025-11-01;19;5;427;39;0;0;0;0;1;1
17;2025-11-01;20;5;428;41;0;0;0;0;1;1
17;2025-11-01;21;5;429;43;0;0;0;0;1;1
17;2025-11-01;22;5;430;45;0;0;0;0;1;1
17;2025-11-01;23;5;431;47;0;0;0;0;1;1
17;2025-11-02;0;6;408;1;1;1;0;0;0;0
17;2025-11-02;1;6;409;3;1;1;0;0;0;0
17;2025-11-02;2;6;410;5;1;1;0;0;0;0
17;2025-11-02;3;6;411;7;1;1;0;0;0;0
17;2025-11-02;4;6;412;9;1;1;0;0;0;0
17;2025-11-02;5;6;413;11;1;1;0;0;0;0
17;2025-11-02;6;6;414;13;0;1;0;0;0;0
17;2025-11-02;7;6;415;15;0;1;0;0;0;0
17;2025-11-02;8;6;416;17;0;1;0;0;0;0
17;2025-11-02;9;6;417;19;0;1;0;0;0;0
17;2025-11-02;10;6;418;21;0;1;0;0;0;0
17;2025-11-02;11;6;419;23;0;1;0;0;0;0
17;2025-11-02;12;6;420;25;0;1;0;0;0;0
17;2025-11-02;13;6;421;27;0;1;0;0;0;0
17;2025-11-02;14;6;422;29;0;1;0;0;0;0
17;2025-11-02;15;6;423;31;0;1;0;0;0;0
17;2025-11-02;16;6;424;33;0;1;0;0;0;0
17;2025-11-02;17;6;425;35;0;1;0;0;0;0
17;2025-11-02;18;6;426;37;0;1;0;0;0;0
17;2025-11-02;19;6;427;39;0;1;0;0;0;0
17;2025-11-02;20;6;428;41;0;1;0;0;0;0
17;2025-11-02;21;6;429;43;0;1;0;0;0;0
17;2025-11-02;22;6;430;45;0;1;0;0;0;0
17;2025-11-02;23;6;431;47;0;1;0;0;0;0
17;2025-11-03;0;0;408;0;1;1;0;1;0;0
17;2025-11-03;1;0;409;2;1;1;0;1;0;0
17;2025-11-03;2;0;410;4;1;1;0;1;0;0
17;2025-11-03;3;0;411;6;1;1;0;1;0;0
17;2025-11-03;4;0;412;8;1;1;0;1;0;0
17;2025-11-03;5;0;413;10;1;1;0;1;0;0
17;2025-11-03;6;0;414;12;0;1;0;1;0;0
17;2025-11-03;7;0;415;14;0;1;0;1;0;0
17;2025-11-03;8;0;416;16;0;1;0;1;0;0
17;2025-11-03;9;0;417;18;0;1;0;1;0;0
17;2025-11-03;10;0;418;20;0;1;0;1;0;0
17;2025-11-03;11;0;419;22;0;1;0;1;0;0
17;2025-11-03;12;0;420;24;0;1;0;1;0;0
17;2025-11-03;13;0;421;26;0;1;0;1;0;0
17;2025-11-03;14;0;422;28;0;1;0;1;0;0
17;2025-11-03;15;0;423;30;0;1;0;1;0;0
17;2025-11-03;16;0;424;32;0;1;0;1;0;0
17;2025-11-03;17;0;425;34;0;1;0;1;0;0
17;2025-11-03;18;0;426;36;0;1;0;1;0;0
17;2025-11-03;19;0;427;38;0;1;0;1;0;0
17;2025-11-03;20;0;428;40;0;1;0;1;0;0
17;2025-11-03;21;0;429;42;0;1;0;1;0;0
17;2025-11-03;22;0;430;44;0;1;0;1;0;0
17;2025-11-03;23;0;431;46;0;1;0;1;0;0
17;2025-11-04;0;1;408;0;1;1;1;0;0;0
17;2025-11-04;1;1;409;2;1;1;1;0;0;0
17;2025-11-04;2;1;410;4;1;1;1;0;0;0
17;2025-11-04;3;1;411;6;1;1;1;0;0;0
17;2025-11-04;4;1;412;8;1;1;1;0;0;0
17;2025-11-04;5;1;413;10;1;1;1;0;0;0
17;2025-11-04;6;1;414;12;0;1;1;0;0;0
17;2025-11-04;7;1;415;14;0;1;1;0;0;0
17;2025-11-04;8;1;416;16;0;1;1;0;0;0
17;2025-11-04;9;1;417;18;0;1;1;0;0;0
17;2025-11-04;10;1;418;20;0;1;1;0;0;0
17;2025-11-04;11;1;419;22;0;1;1;0;0;0
17;2025-11-04;12;1;420;24;0;1;1;0;0;0
17;2025-11-04;13;1;421;26;0;1;1;0;0;0
17;2025-11-04;14;1;422;28;0;1;1;0;0;0
17;2025-11-04;15;1;423;30;0;1;1;0;0;0
17;2025-11-04;16;1;424;32;0;1;1;0;0;0
17;2025-11-04;17;1;425;34;0;1;1;0;0;0
17;2025-11-04;18;1;426;36;0;1;1;0;0;0
17;2025-11-04;19;1;427;38;0;1;1;0;0;0
17;2025-11-04;20;1;428;40;0;1;1;0;0;0
17;2025-11-04;21;1;429;42;0;1;1;0;0;0
17;2025-11-04;22;1;430;44;0;1;1;0;0;0
17;2025-11-04;23;1;431;46;0;1;1;0;0;0
17;2025-11-05;0;2;408;0;1;0;0;0;0;0
17;2025-11-05;1;2;409;2;1;0;0;0;0;0
17;2025-11-05;2;2;410;4;1;0;0;0;0;0
17;2025-11-05;3;2;411;6;1;0;0;0;0;0
17;2025-11-05;4;2;412;8;1;0;0;0;0;0
17;2025-11-05;5;2;413;10;1;0;0;0;0;0
17;2025-11-05;6;2;414;12;0;0;0;0;0;0
17;2025-11-05;7;2;415;14;0;0;0;0;0;0
17;2025-11-05;8;2;416;16;0;0;0;0;0;0
17;2025-11-05;9;2;417;18;0;0;0;0;0;0
17;2025-11-05;10;2;418;20;0;0;0;0;0;0
17;2025-11-05;11;2;419;22;0;0;0;0;0;0
17;2025-11-05;12;2;420;24;0;0;0;0;0;0
17;2025-11-05;13;2;421;26;0;0;0;0;0;0
17;2025-11-05;14;2;422;28;0;0;0;0;0;0
17;2025-11-05;15;2;423;30;0;0;0;0;0;0
17;2025-11-05;16;2;424;32;0;0;0;0;0;0
17;2025-11-05;17;2;425;34;0;0;0;0;0;0
17;2025-11-05;18;2;426;36;0;0;0;0;0;0
17;2025-11-05;19;2;427;38;0;0;0;0;0;0
17;2025-11-05;20;2;428;40;0;0;0;0;0;0
17;2025-11-05;21;2;429;42;0;0;0;0;0;0
17;2025-11-05;22;2;430;44;0;0;0;0;0;0
17;2025-11-05;23;2;431;46;0;0;0;0;0;0
17;2025-11-06;0;3;408;0;1;0;0;0;0;0
17;2025-11-06;1;3;409;2;1;0;0;0;0;0
17;2025-11-06;2;3;410;4;1;0;0;0;0;0
17;2025-11-06;3;3;411;6;1;0;0;0;0;0
17;2025-11-06;4;3;412;8;1;0;0;0;0;0
17;2025-11-06;5;3;413;10;1;0;0;0;0;0
17;2025-11-06;6;3;414;12;0;0;0;0;0;0
17;2025-11-06;7;3;415;14;0;0;0;0;0;0
17;2025-11-06;8;3;416;16;0;0;0;0;0;0
17;2025-11-06;9;3;417;18;0;0;0;0;0;0
17;2025-11-06;10;3;418;20;0;0;0;0;0;0
17;2025-11-06;11;3;419;22;0;0;0;0;0;0
17;2025-11-06;12;3;420;24;0;0;0;0;0;0
17;2025-11-06;13;3;421;26;0;0;0;0;0;0
17;2025-11-06;14;3;422;28;0;0;0;0;0;0
17;2025-11-06;15;3;423;30;0;0;0;0;0;0
17;2025-11-06;16;3;424;32;0;0;0;0;0;0
17;2025-11-06;17;3;425;34;0;0;0;0;0;0
17;2025-11-06;18;3;426;36;0;0;0;0;0;0
17;2025-11-06;19;3;427;38;0;0;0;0;0;0
17;2025-11-06;20;3;428;40;0;0;0;0;0;0
17;2025-11-06;21;3;429;42;0;0;0;0;0;0
17;2025-11-06;22;3;430;44;0;0;0;0;0;0
17;2025-11-06;23;3;431;46;0;0;0;0;0;0
17;2025-11-07;0;4;408;0;1;0;0;0;0;0
17;2025-11-07;1;4;409;2;1;0;0;0;0;0
17;2025-11-07;2;4;410;4;1;0;0;0;0;0
17;2025-11-07;3;4;411;6;1;0;0;0;0;0
17;2025-11-07;4;4;412;8;1;0;0;0;0;0
17;2025-11-07;5;4;413;10;1;0;0;0;0;0
17;2025-11-07;6;4;414;12;0;0;0;0;0;0
17;2025-11-07;7;4;415;14;0;0;0;0;0;0
17;2025-11-07;8;4;416;16;0;0;0;0;0;0
17;2025-11-07;9;4;417;18;0;0;0;0;0;0
17;2025-11-07;10;4;418;20;0;0;0;0;0;0
17;2025-11-07;11;4;419;22;0;0;0;0;0;0
17;2025-11-07;12;4;420;24;0;0;0;0;0;0
17;2025-11-07;13;4;421;26;0;0;0;0;0;0
17;2025-11-07;14;4;422;28;0;0;0;0;0;0
17;2025-11-07;15;4;423;30;0;0;0;0;0;0
17;2025-11-07;16;4;424;32;0;0;0;0;0;0
17;2025-11-07;17;4;425;34;0;0;0;0;0;0
17;2025-11-07;18;4;426;36;0;0;0;0;0;0
17;2025-11-07;19;4;427;38;0;0;0;0;0;0
17;2025-11-07;20;4;428;40;0;0;0;0;0;0
17;2025-11-07;21;4;429;42;0;0;0;0;0;0
17;2025-11-07;22;4;430;44;0;0;0;0;0;0
17;2025-11-07;23;4;431;46;0;0;0;0;0;0
17;2025-11-08;0;5;408;1;1;1;0;0;0;0
17;2025-11-08;1;5;409;3;1;1;0;0;0;0
17;2025-11-08;2;5;410;5;1;1;0;0;0;0
17;2025-11-08;3;5;411;7;1;1;0;0;0;0
17;2025-11-08;4;5;412;9;1;1;0;0;0;0
17;2025-11-08;5;5;413;11;1;1;0;0;0;0
17;2025-11-08;6;5;414;13;0;1;0;0;0;0
17;2025-11-08;7;5;415;15;0;1;0;0;0;0
17;2025-11-08;8;5;416;17;0;1;0;0;0;0
17;2025-11-08;9;5;417;19;0;1;0;0;0;0
17;2025-11-08;10;5;418;21;0;1;0;0;0;0
17;2025-11-08;11;5;419;23;0;1;0;0;0;0
17;2025-11-08;12;5;420;25;0;1;0;0;0;0
17;2025-11-08;13;5;421;27;0;1;0;0;0;0
17;2025-11-08;14;5;422;29;0;1;0;0;0;0
17;2025-11-08;15;5;423;31;0;1;0;0;0;0
17;2025-11-08;16;5;424;33;0;1;0;0;0;0
17;2025-11-08;17;5;425;35;0;1;0;0;0;0
17;2025-11-08;18;5;426;37;0;1;0;0;0;0
17;2025-11-08;19;5;427;39;0;1;0;0;0;0
17;2025-11-08;20;5;428;41;0;1;0;0;0;0
17;2025-11-08;21;5;429;43;0;1;0;0;0;0
17;2025-11-08;22;5;430;45;0;1;0;0;0;0
17;2025-11-08;23;5;431;47;0;1;0;0;0;0
17;2025-11-09;0;6;408;1;1;1;0;0;0;0
17;2025-11-09;1;6;409;3;1;1;0;0;0;0
17;2025-11-09;2;6;410;5;1;1;0;0;0;0
17;2025-11-09;3;6;411;7;1;1;0;0;0;0
17;2025-11-09;4;6;412;9;1;1;0;0;0;0
17;2025-11-09;5;6;413;11;1;1;0;0;0;0
17;2025-11-09;6;6;414;13;0;1;0;0;0;0
17;2025-11-09;7;6;415;15;0;1;0;0;0;0
17;2025-11-09;8;6;416;17;0;1;0;0;0;0
17;2025-11-09;9;6;417;19;0;1;0;0;0;0
17;2025-11-09;10;6;418;21;0;1;0;0;0;0
17;2025-11-09;11;6;419;23;0;1;0;0;0;0
17;2025-11-09;12;6;420;25;0;1;0;0;0;0
17;2025-11-09;13;6;421;27;0;1;0;0;0;0
17;2025-11-09;14;6;422;29;0;1;0;0;0;0
17;2025-11-09;15;6;423;31;0;1;0;0;0;0
17;2025-11-09;16;6;424;33;0;1;0;0;0;0
17;2025-11-09;17;6;425;35;0;1;0;0;0;0
17;2025-11-09;18;6;426;37;0;1;0;0;0;0
17;2025-11-09;19;6;427;39;0;1;0;0;0;0
17;2025-11-09;20;6;428;41;0;1;0;0;0;0
17;2025-11-09;21;6;429;43;0;1;0;0;0;0
17;2025-11-09;22;6;430;45;0;1;0;0;0;0
17;2025-11-09;23;6;431;47;0;1;0;0;0;0
17;2025-11-10;0;0;408;0;1;0;0;0;0;0
17;2025-11-10;1;0;409;2;1;0;0;0;0;0
17;2025-11-10;2;0;410;4;1;0;0;0;0;0
17;2025-11-10;3;0;411;6;1;0;0;0;0;0
17;2025-11-10;4;0;412;8;1;0;0;0;0;0
17;2025-11-10;5;0;413;10;1;0;0;0;0;0
17;2025-11-10;6;0;414;12;0;0;0;0;0;0
17;2025-11-10;7;0;415;14;0;0;0;0;0;0
17;2025-11-10;8;0;416;16;0;0;0;0;0;0
17;2025-11-10;9;0;417;18;0;0;0;0;0;0
17;2025-11-10;10;0;418;20;0;0;0;0;0;0
17;2025-11-10;11;0;419;22;0;0;0;0;0;0
17;2025-11-10;12;0;420;24;0;0;0;0;0;0
17;2025-11-10;13;0;421;26;0;0;0;0;0;0
17;2025-11-10;14;0;422;28;0;0;0;0;0;0
17;2025-11-10;15;0;423;30;0;0;0;0;0;0
17;2025-11-10;16;0;424;32;0;0;0;0;0;0
17;2025-11-10;17;0;425;34;0;0;0;0;0;0
17;2025-11-10;18;0;426;36;0;0;0;0;0;0
17;2025-11-10;19;0;427;38;0;0;0;0;0;0
17;2025-11-10;20;0;428;40;0;0;0;0;0;0
17;2025-11-10;21;0;429;42;0;0;0;0;0;0
17;2025-11-10;22;0;430;44;0;0;0;0;0;0
17;2025-11-10;23;0;431;46;0;0;0;0;0;0
17;2025-11-11;0;1;408;0;1;0;0;0;0;0
17;2025-11-11;1;1;409;2;1;0;0;0;0;0
17;2025-11-11;2;1;410;4;1;0;0;0;0;0
17;2025-11-11;3;1;411;6;1;0;0;0;0;0
17;2025-11-11;4;1;412;8;1;0;0;0;0;0
17;2025-11-11;5;1;413;10;1;0;0;0;0;0
17;2025-11-11;6;1;414;12;0;0;0;0;0;0
17;2025-11-11;7;1;415;14;0;0;0;0;0;0
17;2025-11-11;8;1;416;16;0;0;0;0;0;0
17;2025-11-11;9;1;417;18;0;0;0;0;0;0
17;2025-11-11;10;1;418;20;0;0;0;0;0;0
17;2025-11-11;11;1;419;22;0;0;0;0;0;0
17;2025-11-11;12;1;420;24;0;0;0;0;0;0
17;2025-11-11;13;1;421;26;0;0;0;0;0;0
17;2025-11-11;14;1;422;28;0;0;0;0;0;0
17;2025-11-11;15;1;423;30;0;0;0;0;0;0
17;2025-11-11;16;1;424;32;0;0;0;0;0;0
17;2025-11-11;17;1;425;34;0;0;0;0;0;0
17;2025-11-11;18;1;426;36;0;0;0;0;0;0
17;2025-11-11;19;1;427;38;0;0;0;0;0;0
17;2025-11-11;20;1;428;40;0;0;0;0;0;0
17;2025-11-11;21;1;429;42;0;0;0;0;0;0
17;2025-11-11;22;1;430;44;0;0;0;0;0;0
17;2025-11-11;23;1;431;46;0;0;0;0;0;0
17;2025-11-12;0;2;408;0;1;0;0;0;0;0
17;2025-11-12;1;2;409;2;1;0;0;0;0;0
17;2025-11-12;2;2;410;4;1;0;0;0;0;0
17;2025-11-12;3;2;411;6;1;0;0;0;0;0
17;2025-11-12;4;2;412;8;1;0;0;0;0;0
17;2025-11-12;5;2;413;10;1;0;0;0;0;0
17;2025-11-12;6;2;414;12;0;0;0;0;0;0
17;2025-11-12;7;2;415;14;0;0;0;0;0;0
17;2025-11-12;8;2;416;16;0;0;0;0;0;0
17;2025-11-12;9;2;417;18;0;0;0;0;0;0
17;2025-11-12;10;2;418;20;0;0;0;0;0;0
17;2025-11-12;11;2;419;22;0;0;0;0;0;0
17;2025-11-12;12;2;420;24;0;0;0;0;0;0
17;2025-11-12;13;2;421;26;0;0;0;0;0;0
17;2025-11-12;14;2;422;28;0;0;0;0;0;0
17;2025-11-12;15;2;423;30;0;0;0;0;0;0
17;2025-11-12;16;2;424;32;0;0;0;0;0;0
17;2025-11-12;17;2;425;34;0;0;0;0;0;0
17;2025-11-12;18;2;426;36;0;0;0;0;0;0
17;2025-11-12;19;2;427;38;0;0;0;0;0;0
17;2025-11-12;20;2;428;40;0;0;0;0;0;0
17;2025-11-12;21;2;429;42;0;0;0;0;0;0
17;2025-11-12;22;2;430;44;0;0;0;0;0;0
17;2025-11-12;23;2;431;46;0;0;0;0;0;0
17;2025-11-13;0;3;408;0;1;0;0;0;0;0
17;2025-11-13;1;3;409;2;1;0;0;0;0;0
17;2025-11-13;2;3;410;4;1;0;0;0;0;0
17;2025-11-13;3;3;411;6;1;0;0;0;0;0
17;2025-11-13;4;3;412;8;1;0;0;0;0;0
17;2025-11-13;5;3;413;10;1;0;0;0;0;0
17;2025-11-13;6;3;414;12;0;0;0;0;0;0
17;2025-11-13;7;3;415;14;0;0;0;0;0;0
17;2025-11-13;8;3;416;16;0;0;0;0;0;0
17;2025-11-13;9;3;417;18;0;0;0;0;0;0
17;2025-11-13;10;3;418;20;0;0;0;0;0;0
17;2025-11-13;11;3;419;22;0;0;0;0;0;0
17;2025-11-13;12;3;420;24;0;0;0;0;0;0
17;2025-11-13;13;3;421;26;0;0;0;0;0;0
17;2025-11-13;14;3;422;28;0;0;0;0;0;0
17;2025-11-13;15;3;423;30;0;0;0;0;0;0
17;2025-11-13;16;3;424;32;0;0;0;0;0;0
17;2025-11-13;17;3;425;34;0;0;0;0;0;0
17;2025-11-13;18;3;426;36;0;0;0;0;0;0
17;2025-11-13;19;3;427;38;0;0;0;0;0;0
17;2025-11-13;20;3;428;40;0;0;0;0;0;0
17;2025-11-13;21;3;429;42;0;0;0;0;0;0
17;2025-11-13;22;3;430;44;0;0;0;0;0;0
17;2025-11-13;23;3;431;46;0;0;0;0;0;0
17;2025-11-14;0;4;408;0;1;0;0;0;0;0
17;2025-11-14;1;4;409;2;1;0;0;0;0;0
17;2025-11-14;2;4;410;4;1;0;0;0;0;0
17;2025-11-14;3;4;411;6;1;0;0;0;0;0
17;2025-11-14;4;4;412;8;1;0;0;0;0;0
17;2025-11-14;5;4;413;10;1;0;0;0;0;0
17;2025-11-14;6;4;414;12;0;0;0;0;0;0
17;2025-11-14;7;4;415;14;0;0;0;0;0;0
17;2025-11-14;8;4;416;16;0;0;0;0;0;0
17;2025-11-14;9;4;417;18;0;0;0;0;0;0
17;2025-11-14;10;4;418;20;0;0;0;0;0;0
17;2025-11-14;11;4;419;22;0;0;0;0;0;0
17;2025-11-14;12;4;420;24;0;0;0;0;0;0
17;2025-11-14;13;4;421;26;0;0;0;0;0;0
17;2025-11-14;14;4;422;28;0;0;0;0;0;0
17;2025-11-14;15;4;423;30;0;0;0;0;0;0
17;2025-11-14;16;4;424;32;0;0;0;0;0;0
17;2025-11-14;17;4;425;34;0;0;0;0;0;0
17;2025-11-14;18;4;426;36;0;0;0;0;0;0
17;2025-11-14;19;4;427;38;0;0;0;0;0;0
17;2025-11-14;20;4;428;40;0;0;0;0;0;0
17;2025-11-14;21;4;429;42;0;0;0;0;0;0
17;2025-11-14;22;4;430;44;0;0;0;0;0;0
17;2025-11-14;23;4;431;46;0;0;0;0;0;0
17;2025-11-15;0;5;408;1;1;1;0;0;0;0
17;2025-11-15;1;5;409;3;1;1;0;0;0;0
17;2025-11-15;2;5;410;5;1;1;0;0;0;0
17;2025-11-15;3;5;411;7;1;1;0;0;0;0
17;2025-11-15;4;5;412;9;1;1;0;0;0;0
17;2025-11-15;5;5;413;11;1;1;0;0;0;0
17;2025-11-15;6;5;414;13;0;1;0;0;0;0
17;2025-11-15;7;5;415;15;0;1;0;0;0;0
17;2025-11-15;8;5;416;17;0;1;0;0;0;0
17;2025-11-15;9;5;417;19;0;1;0;0;0;0
17;2025-11-15;10;5;418;21;0;1;0;0;0;0
17;2025-11-15;11;5;419;23;0;1;0;0;0;0
17;2025-11-15;12;5;420;25;0;1;0;0;0;0
17;2025-11-15;13;5;421;27;0;1;0;0;0;0
17;2025-11-15;14;5;422;29;0;1;0;0;0;0
17;2025-11-15;15;5;423;31;0;1;0;0;0;0
17;2025-11-15;16;5;424;33;0;1;0;0;0;0
17;2025-11-15;17;5;425;35;0;1;0;0;0;0
17;2025-11-15;18;5;426;37;0;1;0;0;0;0
17;2025-11-15;19;5;427;39;0;1;0;0;0;0
17;2025-11-15;20;5;428;41;0;1;0;0;0;0
17;2025-11-15;21;5;429;43;0;1;0;0;0;0
17;2025-11-15;22;5;430;45;0;1;0;0;0;0
17;2025-11-15;23;5;431;47;0;1;0;0;0;0
17;2025-11-16;0;6;408;1;1;1;0;0;0;0
17;2025-11-16;1;6;409;3;1;1;0;0;0;0
17;2025-11-16;2;6;410;5;1;1;0;0;0;0
17;2025-11-16;3;6;411;7;1;1;0;0;0;0
17;2025-11-16;4;6;412;9;1;1;0;0;0;0
17;2025-11-16;5;6;413;11;1;1;0;0;0;0
17;2025-11-16;6;6;414;13;0;1;0;0;0;0
17;2025-11-16;7;6;415;15;0;1;0;0;0;0
17;2025-11-16;8;6;416;17;0;1;0;0;0;0
17;2025-11-16;9;6;417;19;0;1;0;0;0;0
17;2025-11-16;10;6;418;21;0;1;0;0;0;0
17;2025-11-16;11;6;419;23;0;1;0;0;0;0
17;2025-11-16;12;6;420;25;0;1;0;0;0;0
17;2025-11-16;13;6;421;27;0;1;0;0;0;0
17;2025-11-16;14;6;422;29;0;1;0;0;0;0
17;2025-11-16;15;6;423;31;0;1;0;0;0;0
17;2025-11-16;16;6;424;33;0;1;0;0;0;0
17;2025-11-16;17;6;425;35;0;1;0;0;0;0
17;2025-11-16;18;6;426;37;0;1;0;0;0;0
17;2025-11-16;19;6;427;39;0;1;0;0;0;0
17;2025-11-16;20;6;428;41;0;1;0;0;0;0
17;2025-11-16;21;6;429;43;0;1;0;0;0;0
17;2025-11-16;22;6;430;45;0;1;0;0;0;0
17;2025-11-16;23;6;431;47;0;1;0;0;0;0
17;2025-11-17;0;0;408;0;1;0;0;0;0;0
17;2025-11-17;1;0;409;2;1;0;0;0;0;0
17;2025-11-17;2;0;410;4;1;0;0;0;0;0
17;2025-11-17;3;0;411;6;1;0;0;0;0;0
17;2025-11-17;4;0;412;8;1;0;0;0;0;0
17;2025-11-17;5;0;413;10;1;0;0;0;0;0
17;2025-11-17;6;0;414;12;0;0;0;0;0;0
17;2025-11-17;7;0;415;14;0;0;0;0;0;0
17;2025-11-17;8;0;416;16;0;0;0;0;0;0
17;2025-11-17;9;0;417;18;0;0;0;0;0;0
17;2025-11-17;10;0;418;20;0;0;0;0;0;0
17;2025-11-17;11;0;419;22;0;0;0;0;0;0
17;2025-11-17;12;0;420;24;0;0;0;0;0;0
17;2025-11-17;13;0;421;26;0;0;0;0;0;0
17;2025-11-17;14;0;422;28;0;0;0;0;0;0
17;2025-11-17;15;0;423;30;0;0;0;0;0;0
17;2025-11-17;16;0;424;32;0;0;0;0;0;0
17;2025-11-17;17;0;425;34;0;0;0;0;0;0
17;2025-11-17;18;0;426;36;0;0;0;0;0;0
17;2025-11-17;19;0;427;38;0;0;0;0;0;0
17;2025-11-17;20;0;428;40;0;0;0;0;0;0
17;2025-11-17;21;0;429;42;0;0;0;0;0;0
17;2025-11-17;22;0;430;44;0;0;0;0;0;0
17;2025-11-17;23;0;431;46;0;0;0;0;0;0
17;2025-11-18;0;1;408;0;1;0;0;0;0;0
17;2025-11-18;1;1;409;2;1;0;0;0;0;0
17;2025-11-18;2;1;410;4;1;0;0;0;0;0
17;2025-11-18;3;1;411;6;1;0;0;0;0;0
17;2025-11-18;4;1;412;8;1;0;0;0;0;0
17;2025-11-18;5;1;413;10;1;0;0;0;0;0
17;2025-11-18;6;1;414;12;0;0;0;0;0;0
17;2025-11-18;7;1;415;14;0;0;0;0;0;0
17;2025-11-18;8;1;416;16;0;0;0;0;0;0
17;2025-11-18;9;1;417;18;0;0;0;0;0;0
17;2025-11-18;10;1;418;20;0;0;0;0;0;0
17;2025-11-18;11;1;419;22;0;0;0;0;0;0
17;2025-11-18;12;1;420;24;0;0;0;0;0;0
17;2025-11-18;13;1;421;26;0;0;0;0;0;0
17;2025-11-18;14;1;422;28;0;0;0;0;0;0
17;2025-11-18;15;1;423;30;0;0;0;0;0;0
17;2025-11-18;16;1;424;32;0;0;0;0;0;0
17;2025-11-18;17;1;425;34;0;0;0;0;0;0
17;2025-11-18;18;1;426;36;0;0;0;0;0;0
17;2025-11-18;19;1;427;38;0;0;0;0;0;0
17;2025-11-18;20;1;428;40;0;0;0;0;0;0
17;2025-11-18;21;1;429;42;0;0;0;0;0;0
17;2025-11-18;22;1;430;44;0;0;0;0;0;0
17;2025-11-18;23;1;431;46;0;0;0;0;0;0
17;2025-11-19;0;2;408;0;1;0;0;0;0;0
17;2025-11-19;1;2;409;2;1;0;0;0;0;0
17;2025-11-19;2;2;410;4;1;0;0;0;0;0
17;2025-11-19;3;2;411;6;1;0;0;0;0;0
17;2025-11-19;4;2;412;8;1;0;0;0;0;0
17;2025-11-19;5;2;413;10;1;0;0;0;0;0
17;2025-11-19;6;2;414;12;0;0;0;0;0;0
17;2025-11-19;7;2;415;14;0;0;0;0;0;0
17;2025-11-19;8;2;416;16;0;0;0;0;0;0
17;2025-11-19;9;2;417;18;0;0;0;0;0;0
17;2025-11-19;10;2;418;20;0;0;0;0;0;0
17;2025-11-19;11;2;419;22;0;0;0;0;0;0
17;2025-11-19;12;2;420;24;0;0;0;0;0;0
17;2025-11-19;13;2;421;26;0;0;0;0;0;0
17;2025-11-19;14;2;422;28;0;0;0;0;0;0
17;2025-11-19;15;2;423;30;0;0;0;0;0;0
17;2025-11-19;16;2;424;32;0;0;0;0;0;0
17;2025-11-19;17;2;425;34;0;0;0;0;0;0
17;2025-11-19;18;2;426;36;0;0;0;0;0;0
17;2025-11-19;19;2;427;38;0;0;0;0;0;0
17;2025-11-19;20;2;428;40;0;0;0;0;0;0
17;2025-11-19;21;2;429;42;0;0;0;0;0;0
17;2025-11-19;22;2;430;44;0;0;0;0;0;0
17;2025-11-19;23;2;431;46;0;0;0;0;0;0
17;2025-11-20;0;3;408;0;1;0;0;0;0;0
17;2025-11-20;1;3;409;2;1;0;0;0;0;0
17;2025-11-20;2;3;410;4;1;0;0;0;0;0
17;2025-11-20;3;3;411;6;1;0;0;0;0;0
17;2025-11-20;4;3;412;8;1;0;0;0;0;0
17;2025-11-20;5;3;413;10;1;0;0;0;0;0
17;2025-11-20;6;3;414;12;0;0;0;0;0;0
17;2025-11-20;7;3;415;14;0;0;0;0;0;0
17;2025-11-20;8;3;416;16;0;0;0;0;0;0
17;2025-11-20;9;3;417;18;0;0;0;0;0;0
17;2025-11-20;10;3;418;20;0;0;0;0;0;0
17;2025-11-20;11;3;419;22;0;0;0;0;0;0
17;2025-11-20;12;3;420;24;0;0;0;0;0;0
17;2025-11-20;13;3;421;26;0;0;0;0;0;0
17;2025-11-20;14;3;422;28;0;0;0;0;0;0
17;2025-11-20;15;3;423;30;0;0;0;0;0;0
17;2025-11-20;16;3;424;32;0;0;0;0;0;0
17;2025-11-20;17;3;425;34;0;0;0;0;0;0
17;2025-11-20;18;3;426;36;0;0;0;0;0;0
17;2025-11-20;19;3;427;38;0;0;0;0;0;0
17;2025-11-20;20;3;428;40;0;0;0;0;0;0
17;2025-11-20;21;3;429;42;0;0;0;0;0;0
17;2025-11-20;22;3;430;44;0;0;0;0;0;0
17;2025-11-20;23;3;431;46;0;0;0;0;0;0
17;2025-11-21;0;4;408;0;1;0;0;0;0;0
17;2025-11-21;1;4;409;2;1;0;0;0;0;0
17;2025-11-21;2;4;410;4;1;0;0;0;0;0
17;2025-11-21;3;4;411;6;1;0;0;0;0;0
17;2025-11-21;4;4;412;8;1;0;0;0;0;0
17;2025-11-21;5;4;413;10;1;0;0;0;0;0
17;2025-11-21;6;4;414;12;0;0;0;0;0;0
17;2025-11-21;7;4;415;14;0;0;0;0;0;0
17;2025-11-21;8;4;416;16;0;0;0;0;0;0
17;2025-11-21;9;4;417;18;0;0;0;0;0;0
17;2025-11-21;10;4;418;20;0;0;0;0;0;0
17;2025-11-21;11;4;419;22;0;0;0;0;0;0
17;2025-11-21;12;4;420;24;0;0;0;0;0;0
17;2025-11-21;13;4;421;26;0;0;0;0;0;0
17;2025-11-21;14;4;422;28;0;0;0;0;0;0
17;2025-11-21;15;4;423;30;0;0;0;0;0;0
17;2025-11-21;16;4;424;32;0;0;0;0;0;0
17;2025-11-21;17;4;425;34;0;0;0;0;0;0
17;2025-11-21;18;4;426;36;0;0;0;0;0;0
17;2025-11-21;19;4;427;38;0;0;0;0;0;0
17;2025-11-21;20;4;428;40;0;0;0;0;0;0
17;2025-11-21;21;4;429;42;0;0;0;0;0;0
17;2025-11-21;22;4;430;44;0;0;0;0;0;0
17;2025-11-21;23;4;431;46;0;0;0;0;0;0
17;2025-11-22;0;5;408;1;1;1;0;0;0;0
17;2025-11-22;1;5;409;3;1;1;0;0;0;0
17;2025-11-22;2;5;410;5;1;1;0;0;0;0
17;2025-11-22;3;5;411;7;1;1;0;0;0;0
17;2025-11-22;4;5;412;9;1;1;0;0;0;0
17;2025-11-22;5;5;413;11;1;1;0;0;0;0
17;2025-11-22;6;5;414;13;0;1;0;0;0;0
17;2025-11-22;7;5;415;15;0;1;0;0;0;0
17;2025-11-22;8;5;416;17;0;1;0;0;0;0
17;2025-11-22;9;5;417;19;0;1;0;0;0;0
17;2025-11-22;10;5;418;21;0;1;0;0;0;0
17;2025-11-22;11;5;419;23;0;1;0;0;0;0
17;2025-11-22;12;5;420;25;0;1;0;0;0;0
17;2025-11-22;13;5;421;27;0;1;0;0;0;0
17;2025-11-22;14;5;422;29;0;1;0;0;0;0
17;2025-11-22;15;5;423;31;0;1;0;0;0;0
17;2025-11-22;16;5;424;33;0;1;0;0;0;0
17;2025-11-22;17;5;425;35;0;1;0;0;0;0
17;2025-11-22;18;5;426;37;0;1;0;0;0;0
17;2025-11-22;19;5;427;39;0;1;0;0;0;0
17;2025-11-22;20;5;428;41;0;1;0;0;0;0
17;2025-11-22;21;5;429;43;0;1;0;0;0;0
17;2025-11-22;22;5;430;45;0;1;0;0;0;0
17;2025-11-22;23;5;431;47;0;1;0;0;0;0
17;2025-11-23;0;6;408;1;1;1;0;0;0;0
17;2025-11-23;1;6;409;3;1;1;0;0;0;0
17;2025-11-23;2;6;410;5;1;1;0;0;0;0
17;2025-11-23;3;6;411;7;1;1;0;0;0;0
17;2025-11-23;4;6;412;9;1;1;0;0;0;0
17;2025-11-23;5;6;413;11;1;1;0;0;0;0
17;2025-11-23;6;6;414;13;0;1;0;0;0;0
17;2025-11-23;7;6;415;15;0;1;0;0;0;0
17;2025-11-23;8;6;416;17;0;1;0;0;0;0
17;2025-11-23;9;6;417;19;0;1;0;0;0;0
17;2025-11-23;10;6;418;21;0;1;0;0;0;0
17;2025-11-23;11;6;419;23;0;1;0;0;0;0
17;2025-11-23;12;6;420;25;0;1;0;0;0;0
17;2025-11-23;13;6;421;27;0;1;0;0;0;0
17;2025-11-23;14;6;422;29;0;1;0;0;0;0
17;2025-11-23;15;6;423;31;0;1;0;0;0;0
17;2025-11-23;16;6;424;33;0;1;0;0;0;0
17;2025-11-23;17;6;425;35;0;1;0;0;0;0
17;2025-11-23;18;6;426;37;0;1;0;0;0;0
17;2025-11-23;19;6;427;39;0;1;0;0;0;0
17;2025-11-23;20;6;428;41;0;1;0;0;0;0
17;2025-11-23;21;6;429;43;0;1;0;0;0;0
17;2025-11-23;22;6;430;45;0;1;0;0;0;0
17;2025-11-23;23;6;431;47;0;1;0;0;0;0
17;2025-11-24;0;0;408;0;1;0;0;0;0;0
17;2025-11-24;1;0;409;2;1;0;0;0;0;0
17;2025-11-24;2;0;410;4;1;0;0;0;0;0
17;2025-11-24;3;0;411;6;1;0;0;0;0;0
17;2025-11-24;4;0;412;8;1;0;0;0;0;0
17;2025-11-24;5;0;413;10;1;0;0;0;0;0
17;2025-11-24;6;0;414;12;0;0;0;0;0;0
17;2025-11-24;7;0;415;14;0;0;0;0;0;0
17;2025-11-24;8;0;416;16;0;0;0;0;0;0
17;2025-11-24;9;0;417;18;0;0;0;0;0;0
17;2025-11-24;10;0;418;20;0;0;0;0;0;0
17;2025-11-24;11;0;419;22;0;0;0;0;0;0
17;2025-11-24;12;0;420;24;0;0;0;0;0;0
17;2025-11-24;13;0;421;26;0;0;0;0;0;0
17;2025-11-24;14;0;422;28;0;0;0;0;0;0
17;2025-11-24;15;0;423;30;0;0;0;0;0;0
17;2025-11-24;16;0;424;32;0;0;0;0;0;0
17;2025-11-24;17;0;425;34;0;0;0;0;0;0
17;2025-11-24;18;0;426;36;0;0;0;0;0;0
17;2025-11-24;19;0;427;38;0;0;0;0;0;0
17;2025-11-24;20;0;428;40;0;0;0;0;0;0
17;2025-11-24;21;0;429;42;0;0;0;0;0;0
17;2025-11-24;22;0;430;44;0;0;0;0;0;0
17;2025-11-24;23;0;431;46;0;0;0;0;0;0
17;2025-11-25;0;1;408;0;1;0;0;0;0;0
17;2025-11-25;1;1;409;2;1;0;0;0;0;0
17;2025-11-25;2;1;410;4;1;0;0;0;0;0
17;2025-11-25;3;1;411;6;1;0;0;0;0;0
17;2025-11-25;4;1;412;8;1;0;0;0;0;0
17;2025-11-25;5;1;413;10;1;0;0;0;0;0
17;2025-11-25;6;1;414;12;0;0;0;0;0;0
17;2025-11-25;7;1;415;14;0;0;0;0;0;0
17;2025-11-25;8;1;416;16;0;0;0;0;0;0
17;2025-11-25;9;1;417;18;0;0;0;0;0;0
17;2025-11-25;10;1;418;20;0;0;0;0;0;0
17;2025-11-25;11;1;419;22;0;0;0;0;0;0
17;2025-11-25;12;1;420;24;0;0;0;0;0;0
17;2025-11-25;13;1;421;26;0;0;0;0;0;0
17;2025-11-25;14;1;422;28;0;0;0;0;0;0
17;2025-11-25;15;1;423;30;0;0;0;0;0;0
17;2025-11-25;16;1;424;32;0;0;0;0;0;0
17;2025-11-25;17;1;425;34;0;0;0;0;0;0
17;2025-11-25;18;1;426;36;0;0;0;0;0;0
17;2025-11-25;19;1;427;38;0;0;0;0;0;0
17;2025-11-25;20;1;428;40;0;0;0;0;0;0
17;2025-11-25;21;1;429;42;0;0;0;0;0;0
17;2025-11-25;22;1;430;44;0;0;0;0;0;0
17;2025-11-25;23;1;431;46;0;0;0;0;0;0
17;2025-11-26;0;2;408;0;1;0;0;0;0;0
17;2025-11-26;1;2;409;2;1;0;0;0;0;0
17;2025-11-26;2;2;410;4;1;0;0;0;0;0
17;2025-11-26;3;2;411;6;1;0;0;0;0;0
17;2025-11-26;4;2;412;8;1;0;0;0;0;0
17;2025-11-26;5;2;413;10;1;0;0;0;0;0
17;2025-11-26;6;2;414;12;0;0;0;0;0;0
17;2025-11-26;7;2;415;14;0;0;0;0;0;0
17;2025-11-26;8;2;416;16;0;0;0;0;0;0
17;2025-11-26;9;2;417;18;0;0;0;0;0;0
17;2025-11-26;10;2;418;20;0;0;0;0;0;0
17;2025-11-26;11;2;419;22;0;0;0;0;0;0
17;2025-11-26;12;2;420;24;0;0;0;0;0;0
17;2025-11-26;13;2;421;26;0;0;0;0;0;0
17;2025-11-26;14;2;422;28;0;0;0;0;0;0
17;2025-11-26;15;2;423;30;0;0;0;0;0;0
17;2025-11-26;16;2;424;32;0;0;0;0;0;0
17;2025-11-26;17;2;425;34;0;0;0;0;0;0
17;2025-11-26;18;2;426;36;0;0;0;0;0;0
17;2025-11-26;19;2;427;38;0;0;0;0;0;0
17;2025-11-26;20;2;428;40;0;0;0;0;0;0
17;2025-11-26;21;2;429;42;0;0;0;0;0;0
17;2025-11-26;22;2;430;44;0;0;0;0;0;0
17;2025-11-26;23;2;431;46;0;0;0;0;0;0
17;2025-11-27;0;3;408;0;1;0;0;0;0;0
17;2025-11-27;1;3;409;2;1;0;0;0;0;0
17;2025-11-27;2;3;410;4;1;0;0;0;0;0
17;2025-11-27;3;3;411;6;1;0;0;0;0;0
17;2025-11-27;4;3;412;8;1;0;0;0;0;0
17;2025-11-27;5;3;413;10;1;0;0;0;0;0
17;2025-11-27;6;3;414;12;0;0;0;0;0;0
17;2025-11-27;7;3;415;14;0;0;0;0;0;0
17;2025-11-27;8;3;416;16;0;0;0;0;0;0
17;2025-11-27;9;3;417;18;0;0;0;0;0;0
17;2025-11-27;10;3;418;20;0;0;0;0;0;0
17;2025-11-27;11;3;419;22;0;0;0;0;0;0
17;2025-11-27;12;3;420;24;0;0;0;0;0;0
17;2025-11-27;13;3;421;26;0;0;0;0;0;0
17;2025-11-27;14;3;422;28;0;0;0;0;0;0
17;2025-11-27;15;3;423;30;0;0;0;0;0;0
17;2025-11-27;16;3;424;32;0;0;0;0;0;0
17;2025-11-27;17;3;425;34;0;0;0;0;0;0
17;2025-11-27;18;3;426;36;0;0;0;0;0;0
17;2025-11-27;19;3;427;38;0;0;0;0;0;0
17;2025-11-27;20;3;428;40;0;0;0;0;0;0
17;2025-11-27;21;3;429;42;0;0;0;0;0;0
17;2025-11-27;22;3;430;44;0;0;0;0;0;0
17;2025-11-27;23;3;431;46;0;0;0;0;0;0
17;2025-11-28;0;4;408;0;1;0;0;0;0;0
17;2025-11-28;1;4;409;2;1;0;0;0;0;0
17;2025-11-28;2;4;410;4;1;0;0;0;0;0
17;2025-11-28;3;4;411;6;1;0;0;0;0;0
17;2025-11-28;4;4;412;8;1;0;0;0;0;0
17;2025-11-28;5;4;413;10;1;0;0;0;0;0
17;2025-11-28;6;4;414;12;0;0;0;0;0;0
17;2025-11-28;7;4;415;14;0;0;0;0;0;0
17;2025-11-28;8;4;416;16;0;0;0;0;0;0
17;2025-11-28;9;4;417;18;0;0;0;0;0;0
17;2025-11-28;10;4;418;20;0;0;0;0;0;0
17;2025-11-28;11;4;419;22;0;0;0;0;0;0
17;2025-11-28;12;4;420;24;0;0;0;0;0;0
17;2025-11-28;13;4;421;26;0;0;0;0;0;0
17;2025-11-28;14;4;422;28;0;0;0;0;0;0
17;2025-11-28;15;4;423;30;0;0;0;0;0;0
17;2025-11-28;16;4;424;32;0;0;0;0;0;0
17;2025-11-28;17;4;425;34;0;0;0;0;0;0
17;2025-11-28;18;4;426;36;0;0;0;0;0;0
17;2025-11-28;19;4;427;38;0;0;0;0;0;0
17;2025-11-28;20;4;428;40;0;0;0;0;0;0
17;2025-11-28;21;4;429;42;0;0;0;0;0;0
17;2025-11-28;22;4;430;44;0;0;0;0;0;0
17;2025-11-28;23;4;431;46;0;0;0;0;0;0
17;2025-11-29;0;5;408;1;1;1;0;0;0;0
17;2025-11-29;1;5;409;3;1;1;0;0;0;0
17;2025-11-29;2;5;410;5;1;1;0;0;0;0
17;2025-11-29;3;5;411;7;1;1;0;0;0;0
17;2025-11-29;4;5;412;9;1;1;0;0;0;0
17;2025-11-29;5;5;413;11;1;1;0;0;0;0
17;2025-11-29;6;5;414;13;0;1;0;0;0;0
17;2025-11-29;7;5;415;15;0;1;0;0;0;0
17;2025-11-29;8;5;416;17;0;1;0;0;0;0
17;2025-11-29;9;5;417;19;0;1;0;0;0;0
17;2025-11-29;10;5;418;21;0;1;0;0;0;0
17;2025-11-29;11;5;419;23;0;1;0;0;0;0
17;2025-11-29;12;5;420;25;0;1;0;0;0;0
17;2025-11-29;13;5;421;27;0;1;0;0;0;0
17;2025-11-29;14;5;422;29;0;1;0;0;0;0
17;2025-11-29;15;5;423;31;0;1;0;0;0;0
17;2025-11-29;16;5;424;33;0;1;0;0;0;0
17;2025-11-29;17;5;425;35;0;1;0;0;0;0
17;2025-11-29;18;5;426;37;0;1;0;0;0;0
17;2025-11-29;19;5;427;39;0;1;0;0;0;0
17;2025-11-29;20;5;428;41;0;1;0;0;0;0
17;2025-11-29;21;5;429;43;0;1;0;0;0;0
17;2025-11-29;22;5;430;45;0;1;0;0;0;0
17;2025-11-29;23;5;431;47;0;1;0;0;0;0
17;2025-11-30;0;6;408;1;1;1;0;0;0;0
17;2025-11-30;1;6;409;3;1;1;0;0;0;0
17;2025-11-30;2;6;410;5;1;1;0;0;0;0
17;2025-11-30;3;6;411;7;1;1;0;0;0;0
17;2025-11-30;4;6;412;9;1;1;0;0;0;0
17;2025-11-30;5;6;413;11;1;1;0;0;0;0
17;2025-11-30;6;6;414;13;0;1;0;0;0;0
17;2025-11-30;7;6;415;15;0;1;0;0;0;0
17;2025-11-30;8;6;416;17;0;1;0;0;0;0
17;2025-11-30;9;6;417;19;0;1;0;0;0;0
17;2025-11-30;10;6;418;21;0;1;0;0;0;0
17;2025-11-30;11;6;419;23;0;1;0;0;0;0
17;2025-11-30;12;6;420;25;0;1;0;0;0;0
17;2025-11-30;13;6;421;27;0;1;0;0;0;0
17;2025-11-30;14;6;422;29;0;1;0;0;0;0
17;2025-11-30;15;6;423;31;0;1;0;0;0;0
17;2025-11-30;16;6;424;33;0;1;0;0;0;0
17;2025-11-30;17;6;425;35;0;1;0;0;0;0
17;2025-11-30;18;6;426;37;0;1;0;0;0;0
17;2025-11-30;19;6;427;39;0;1;0;0;0;0
17;2025-11-30;20;6;428;41;0;1;0;0;0;0
17;2025-11-30;21;6;429;43;0;1;0;0;0;0
17;2025-11-30;22;6;430;45;0;1;0;0;0;0
17;2025-11-30;23;6;431;47;0;1;0;0;0;0
17;2025-12-01;0;0;408;0;1;0;0;0;0;0
17;2025-12-01;1;0;409;2;1;0;0;0;0;0
17;2025-12-01;2;0;410;4;1;0;0;0;0;0
17;2025-12-01;3;0;411;6;1;0;0;0;0;0
17;2025-12-01;4;0;412;8;1;0;0;0;0;0
17;2025-12-01;5;0;413;10;1;0;0;0;0;0
17;2025-12-01;6;0;414;12;0;0;0;0;0;0
17;2025-12-01;7;0;415;14;0;0;0;0;0;0
17;2025-12-01;8;0;416;16;0;0;0;0;0;0
17;2025-12-01;9;0;417;18;0;0;0;0;0;0
17;2025-12-01;10;0;418;20;0;0;0;0;0;0
17;2025-12-01;11;0;419;22;0;0;0;0;0;0
17;2025-12-01;12;0;420;24;0;0;0;0;0;0
17;2025-12-01;13;0;421;26;0;0;0;0;0;0
17;2025-12-01;14;0;422;28;0;0;0;0;0;0
17;2025-12-01;15;0;423;30;0;0;0;0;0;0
17;2025-12-01;16;0;424;32;0;0;0;0;0;0
17;2025-12-01;17;0;425;34;0;0;0;0;0;0
17;2025-12-01;18;0;426;36;0;0;0;0;0;0
17;2025-12-01;19;0;427;38;0;0;0;0;0;0
17;2025-12-01;20;0;428;40;0;0;0;0;0;0
17;2025-12-01;21;0;429;42;0;0;0;0;0;0
17;2025-12-01;22;0;430;44;0;0;0;0;0;0
17;2025-12-01;23;0;431;46;0;0;0;0;0;0
17;2025-12-02;0;1;408;0;1;0;0;0;0;0
17;2025-12-02;1;1;409;2;1;0;0;0;0;0
17;2025-12-02;2;1;410;4;1;0;0;0;0;0
17;2025-12-02;3;1;411;6;1;0;0;0;0;0
17;2025-12-02;4;1;412;8;1;0;0;0;0;0
17;2025-12-02;5;1;413;10;1;0;0;0;0;0
17;2025-12-02;6;1;414;12;0;0;0;0;0;0
17;2025-12-02;7;1;415;14;0;0;0;0;0;0
17;2025-12-02;8;1;416;16;0;0;0;0;0;0
17;2025-12-02;9;1;417;18;0;0;0;0;0;0
17;2025-12-02;10;1;418;20;0;0;0;0;0;0
17;2025-12-02;11;1;419;22;0;0;0;0;0;0
17;2025-12-02;12;1;420;24;0;0;0;0;0;0
17;2025-12-02;13;1;421;26;0;0;0;0;0;0
17;2025-12-02;14;1;422;28;0;0;0;0;0;0
17;2025-12-02;15;1;423;30;0;0;0;0;0;0
17;2025-12-02;16;1;424;32;0;0;0;0;0;0
17;2025-12-02;17;1;425;34;0;0;0;0;0;0
17;2025-12-02;18;1;426;36;0;0;0;0;0;0
17;2025-12-02;19;1;427;38;0;0;0;0;0;0
17;2025-12-02;20;1;428;40;0;0;0;0;0;0
17;2025-12-02;21;1;429;42;0;0;0;0;0;0
17;2025-12-02;22;1;430;44;0;0;0;0;0;0
17;2025-12-02;23;1;431;46;0;0;0;0;0;0
17;2025-12-03;0;2;408;0;1;0;0;0;0;0
17;2025-12-03;1;2;409;2;1;0;0;0;0;0
17;2025-12-03;2;2;410;4;1;0;0;0;0;0
17;2025-12-03;3;2;411;6;1;0;0;0;0;0
17;2025-12-03;4;2;412;8;1;0;0;0;0;0
17;2025-12-03;5;2;413;10;1;0;0;0;0;0
17;2025-12-03;6;2;414;12;0;0;0;0;0;0
17;2025-12-03;7;2;415;14;0;0;0;0;0;0
17;2025-12-03;8;2;416;16;0;0;0;0;0;0
17;2025-12-03;9;2;417;18;0;0;0;0;0;0
17;2025-12-03;10;2;418;20;0;0;0;0;0;0
17;2025-12-03;11;2;419;22;0;0;0;0;0;0
17;2025-12-03;12;2;420;24;0;0;0;0;0;0
17;2025-12-03;13;2;421;26;0;0;0;0;0;0
17;2025-12-03;14;2;422;28;0;0;0;0;0;0
17;2025-12-03;15;2;423;30;0;0;0;0;0;0
17;2025-12-03;16;2;424;32;0;0;0;0;0;0
17;2025-12-03;17;2;425;34;0;0;0;0;0;0
17;2025-12-03;18;2;426;36;0;0;0;0;0;0
17;2025-12-03;19;2;427;38;0;0;0;0;0;0
17;2025-12-03;20;2;428;40;0;0;0;0;0;0
17;2025-12-03;21;2;429;42;0;0;0;0;0;0
17;2025-12-03;22;2;430;44;0;0;0;0;0;0
17;2025-12-03;23;2;431;46;0;0;0;0;0;0
17;2025-12-04;0;3;408;0;1;0;0;0;0;0
17;2025-12-04;1;3;409;2;1;0;0;0;0;0
17;2025-12-04;2;3;410;4;1;0;0;0;0;0
17;2025-12-04;3;3;411;6;1;0;0;0;0;0
17;2025-12-04;4;3;412;8;1;0;0;0;0;0
17;2025-12-04;5;3;413;10;1;0;0;0;0;0
17;2025-12-04;6;3;414;12;0;0;0;0;0;0
17;2025-12-04;7;3;415;14;0;0;0;0;0;0
17;2025-12-04;8;3;416;16;0;0;0;0;0;0
17;2025-12-04;9;3;417;18;0;0;0;0;0;0
17;2025-12-04;10;3;418;20;0;0;0;0;0;0
17;2025-12-04;11;3;419;22;0;0;0;0;0;0
17;2025-12-04;12;3;420;24;0;0;0;0;0;0
17;2025-12-04;13;3;421;26;0;0;0;0;0;0
17;2025-12-04;14;3;422;28;0;0;0;0;0;0
17;2025-12-04;15;3;423;30;0;0;0;0;0;0
17;2025-12-04;16;3;424;32;0;0;0;0;0;0
17;2025-12-04;17;3;425;34;0;0;0;0;0;0
17;2025-12-04;18;3;426;36;0;0;0;0;0;0
17;2025-12-04;19;3;427;38;0;0;0;0;0;0
17;2025-12-04;20;3;428;40;0;0;0;0;0;0
17;2025-12-04;21;3;429;42;0;0;0;0;0;0
17;2025-12-04;22;3;430;44;0;0;0;0;0;0
17;2025-12-04;23;3;431;46;0;0;0;0;0;0
17;2025-12-05;0;4;408;0;1;0;0;0;0;0
17;2025-12-05;1;4;409;2;1;0;0;0;0;0
17;2025-12-05;2;4;410;4;1;0;0;0;0;0
17;2025-12-05;3;4;411;6;1;0;0;0;0;0
17;2025-12-05;4;4;412;8;1;0;0;0;0;0
17;2025-12-05;5;4;413;10;1;0;0;0;0;0
17;2025-12-05;6;4;414;12;0;0;0;0;0;0
17;2025-12-05;7;4;415;14;0;0;0;0;0;0
17;2025-12-05;8;4;416;16;0;0;0;0;0;0
17;2025-12-05;9;4;417;18;0;0;0;0;0;0
17;2025-12-05;10;4;418;20;0;0;0;0;0;0
17;2025-12-05;11;4;419;22;0;0;0;0;0;0
17;2025-12-05;12;4;420;24;0;0;0;0;0;0
17;2025-12-05;13;4;421;26;0;0;0;0;0;0
17;2025-12-05;14;4;422;28;0;0;0;0;0;0
17;2025-12-05;15;4;423;30;0;0;0;0;0;0
17;2025-12-05;16;4;424;32;0;0;0;0;0;0
17;2025-12-05;17;4;425;34;0;0;0;0;0;0
17;2025-12-05;18;4;426;36;0;0;0;0;0;0
17;2025-12-05;19;4;427;38;0;0;0;0;0;0
17;2025-12-05;20;4;428;40;0;0;0;0;0;0
17;2025-12-05;21;4;429;42;0;0;0;0;0;0
17;2025-12-05;22;4;430;44;0;0;0;0;0;0
17;2025-12-05;23;4;431;46;0;0;0;0;0;0
17;2025-12-06;0;5;408;1;1;1;0;0;0;0
17;2025-12-06;1;5;409;3;1;1;0;0;0;0
17;2025-12-06;2;5;410;5;1;1;0;0;0;0
17;2025-12-06;3;5;411;7;1;1;0;0;0;0
17;2025-12-06;4;5;412;9;1;1;0;0;0;0
17;2025-12-06;5;5;413;11;1;1;0;0;0;0
17;2025-12-06;6;5;414;13;0;1;0;0;0;0
17;2025-12-06;7;5;415;15;0;1;0;0;0;0
17;2025-12-06;8;5;416;17;0;1;0;0;0;0
17;2025-12-06;9;5;417;19;0;1;0;0;0;0
17;2025-12-06;10;5;418;21;0;1;0;0;0;0
17;2025-12-06;11;5;419;23;0;1;0;0;0;0
17;2025-12-06;12;5;420;25;0;1;0;0;0;0
17;2025-12-06;13;5;421;27;0;1;0;0;0;0
17;2025-12-06;14;5;422;29;0;1;0;0;0;0
17;2025-12-06;15;5;423;31;0;1;0;0;0;0
17;2025-12-06;16;5;424;33;0;1;0;0;0;0
17;2025-12-06;17;5;425;35;0;1;0;0;0;0
17;2025-12-06;18;5;426;37;0;1;0;0;0;0
17;2025-12-06;19;5;427;39;0;1;0;0;0;0
17;2025-12-06;20;5;428;41;0;1;0;0;0;0
17;2025-12-06;21;5;429;43;0;1;0;0;0;0
17;2025-12-06;22;5;430;45;0;1;0;0;0;0
17;2025-12-06;23;5;431;47;0;1;0;0;0;0
17;2025-12-07;0;6;408;1;1;1;0;0;0;0
17;2025-12-07;1;6;409;3;1;1;0;0;0;0
17;2025-12-07;2;6;410;5;1;1;0;0;0;0
17;2025-12-07;3;6;411;7;1;1;0;0;0;0
17;2025-12-07;4;6;412;9;1;1;0;0;0;0
17;2025-12-07;5;6;413;11;1;1;0;0;0;0
17;2025-12-07;6;6;414;13;0;1;0;0;0;0
17;2025-12-07;7;6;415;15;0;1;0;0;0;0
17;2025-12-07;8;6;416;17;0;1;0;0;0;0
17;2025-12-07;9;6;417;19;0;1;0;0;0;0
17;2025-12-07;10;6;418;21;0;1;0;0;0;0
17;2025-12-07;11;6;419;23;0;1;0;0;0;0
17;2025-12-07;12;6;420;25;0;1;0;0;0;0
17;2025-12-07;13;6;421;27;0;1;0;0;0;0
17;2025-12-07;14;6;422;29;0;1;0;0;0;0
17;2025-12-07;15;6;423;31;0;1;0;0;0;0
17;2025-12-07;16;6;424;33;0;1;0;0;0;0
17;2025-12-07;17;6;425;35;0;1;0;0;0;0
17;2025-12-07;18;6;426;37;0;1;0;0;0;0
17;2025-12-07;19;6;427;39;0;1;0;0;0;0
17;2025-12-07;20;6;428;41;0;1;0;0;0;0
17;2025-12-07;21;6;429;43;0;1;0;0;0;0
17;2025-12-07;22;6;430;45;0;1;0;0;0;0
17;2025-12-07;23;6;431;47;0;1;0;0;0;0
17;2025-12-08;0;0;408;0;1;0;0;0;0;0
17;2025-12-08;1;0;409;2;1;0;0;0;0;0
17;2025-12-08;2;0;410;4;1;0;0;0;0;0
17;2025-12-08;3;0;411;6;1;0;0;0;0;0
17;2025-12-08;4;0;412;8;1;0;0;0;0;0
17;2025-12-08;5;0;413;10;1;0;0;0;0;0
17;2025-12-08;6;0;414;12;0;0;0;0;0;0
17;2025-12-08;7;0;415;14;0;0;0;0;0;0
17;2025-12-08;8;0;416;16;0;0;0;0;0;0
17;2025-12-08;9;0;417;18;0;0;0;0;0;0
17;2025-12-08;10;0;418;20;0;0;0;0;0;0
17;2025-12-08;11;0;419;22;0;0;0;0;0;0
17;2025-12-08;12;0;420;24;0;0;0;0;0;0
17;2025-12-08;13;0;421;26;0;0;0;0;0;0
17;2025-12-08;14;0;422;28;0;0;0;0;0;0
17;2025-12-08;15;0;423;30;0;0;0;0;0;0
17;2025-12-08;16;0;424;32;0;0;0;0;0;0
17;2025-12-08;17;0;425;34;0;0;0;0;0;0
17;2025-12-08;18;0;426;36;0;0;0;0;0;0
17;2025-12-08;19;0;427;38;0;0;0;0;0;0
17;2025-12-08;20;0;428;40;0;0;0;0;0;0
17;2025-12-08;21;0;429;42;0;0;0;0;0;0
17;2025-12-08;22;0;430;44;0;0;0;0;0;0
17;2025-12-08;23;0;431;46;0;0;0;0;0;0
17;2025-12-09;0;1;408;0;1;0;0;0;0;0
17;2025-12-09;1;1;409;2;1;0;0;0;0;0
17;2025-12-09;2;1;410;4;1;0;0;0;0;0
17;2025-12-09;3;1;411;6;1;0;0;0;0;0
17;2025-12-09;4;1;412;8;1;0;0;0;0;0
17;2025-12-09;5;1;413;10;1;0;0;0;0;0
17;2025-12-09;6;1;414;12;0;0;0;0;0;0
17;2025-12-09;7;1;415;14;0;0;0;0;0;0
17;2025-12-09;8;1;416;16;0;0;0;0;0;0
17;2025-12-09;9;1;417;18;0;0;0;0;0;0
17;2025-12-09;10;1;418;20;0;0;0;0;0;0
17;2025-12-09;11;1;419;22;0;0;0;0;0;0
17;2025-12-09;12;1;420;24;0;0;0;0;0;0
17;2025-12-09;13;1;421;26;0;0;0;0;0;0
17;2025-12-09;14;1;422;28;0;0;0;0;0;0
17;2025-12-09;15;1;423;30;0;0;0;0;0;0
17;2025-12-09;16;1;424;32;0;0;0;0;0;0
17;2025-12-09;17;1;425;34;0;0;0;0;0;0
17;2025-12-09;18;1;426;36;0;0;0;0;0;0
17;2025-12-09;19;1;427;38;0;0;0;0;0;0
17;2025-12-09;20;1;428;40;0;0;0;0;0;0
17;2025-12-09;21;1;429;42;0;0;0;0;0;0
17;2025-12-09;22;1;430;44;0;0;0;0;0;0
17;2025-12-09;23;1;431;46;0;0;0;0;0;0
17;2025-12-10;0;2;408;0;1;0;0;0;0;0
17;2025-12-10;1;2;409;2;1;0;0;0;0;0
17;2025-12-10;2;2;410;4;1;0;0;0;0;0
17;2025-12-10;3;2;411;6;1;0;0;0;0;0
17;2025-12-10;4;2;412;8;1;0;0;0;0;0
17;2025-12-10;5;2;413;10;1;0;0;0;0;0
17;2025-12-10;6;2;414;12;0;0;0;0;0;0
17;2025-12-10;7;2;415;14;0;0;0;0;0;0
17;2025-12-10;8;2;416;16;0;0;0;0;0;0
17;2025-12-10;9;2;417;18;0;0;0;0;0;0
17;2025-12-10;10;2;418;20;0;0;0;0;0;0
17;2025-12-10;11;2;419;22;0;0;0;0;0;0
17;2025-12-10;12;2;420;24;0;0;0;0;0;0
17;2025-12-10;13;2;421;26;0;0;0;0;0;0
17;2025-12-10;14;2;422;28;0;0;0;0;0;0
17;2025-12-10;15;2;423;30;0;0;0;0;0;0
17;2025-12-10;16;2;424;32;0;0;0;0;0;0
17;2025-12-10;17;2;425;34;0;0;0;0;0;0
17;2025-12-10;18;2;426;36;0;0;0;0;0;0
17;2025-12-10;19;2;427;38;0;0;0;0;0;0
17;2025-12-10;20;2;428;40;0;0;0;0;0;0
17;2025-12-10;21;2;429;42;0;0;0;0;0;0
17;2025-12-10;22;2;430;44;0;0;0;0;0;0
17;2025-12-10;23;2;431;46;0;0;0;0;0;0
17;2025-12-11;0;3;408;0;1;0;0;0;0;0
17;2025-12-11;1;3;409;2;1;0;0;0;0;0
17;2025-12-11;2;3;410;4;1;0;0;0;0;0
17;2025-12-11;3;3;411;6;1;0;0;0;0;0
17;2025-12-11;4;3;412;8;1;0;0;0;0;0
17;2025-12-11;5;3;413;10;1;0;0;0;0;0
17;2025-12-11;6;3;414;12;0;0;0;0;0;0
17;2025-12-11;7;3;415;14;0;0;0;0;0;0
17;2025-12-11;8;3;416;16;0;0;0;0;0;0
17;2025-12-11;9;3;417;18;0;0;0;0;0;0
17;2025-12-11;10;3;418;20;0;0;0;0;0;0
17;2025-12-11;11;3;419;22;0;0;0;0;0;0
17;2025-12-11;12;3;420;24;0;0;0;0;0;0
17;2025-12-11;13;3;421;26;0;0;0;0;0;0
17;2025-12-11;14;3;422;28;0;0;0;0;0;0
17;2025-12-11;15;3;423;30;0;0;0;0;0;0
17;2025-12-11;16;3;424;32;0;0;0;0;0;0
17;2025-12-11;17;3;425;34;0;0;0;0;0;0
17;2025-12-11;18;3;426;36;0;0;0;0;0;0
17;2025-12-11;19;3;427;38;0;0;0;0;0;0
17;2025-12-11;20;3;428;40;0;0;0;0;0;0
17;2025-12-11;21;3;429;42;0;0;0;0;0;0
17;2025-12-11;22;3;430;44;0;0;0;0;0;0
17;2025-12-11;23;3;431;46;0;0;0;0;0;0
17;2025-12-12;0;4;408;0;1;0;0;0;0;0
17;2025-12-12;1;4;409;2;1;0;0;0;0;0
17;2025-12-12;2;4;410;4;1;0;0;0;0;0
17;2025-12-12;3;4;411;6;1;0;0;0;0;0
17;2025-12-12;4;4;412;8;1;0;0;0;0;0
17;2025-12-12;5;4;413;10;1;0;0;0;0;0
17;2025-12-12;6;4;414;12;0;0;0;0;0;0
17;2025-12-12;7;4;415;14;0;0;0;0;0;0
17;2025-12-12;8;4;416;16;0;0;0;0;0;0
17;2025-12-12;9;4;417;18;0;0;0;0;0;0
17;2025-12-12;10;4;418;20;0;0;0;0;0;0
17;2025-12-12;11;4;419;22;0;0;0;0;0;0
17;2025-12-12;12;4;420;24;0;0;0;0;0;0
17;2025-12-12;13;4;421;26;0;0;0;0;0;0
17;2025-12-12;14;4;422;28;0;0;0;0;0;0
17;2025-12-12;15;4;423;30;0;0;0;0;0;0
17;2025-12-12;16;4;424;32;0;0;0;0;0;0
17;2025-12-12;17;4;425;34;0;0;0;0;0;0
17;2025-12-12;18;4;426;36;0;0;0;0;0;0
17;2025-12-12;19;4;427;38;0;0;0;0;0;0
17;2025-12-12;20;4;428;40;0;0;0;0;0;0
17;2025-12-12;21;4;429;42;0;0;0;0;0;0
17;2025-12-12;22;4;430;44;0;0;0;0;0;0
17;2025-12-12;23;4;431;46;0;0;0;0;0;0
17;2025-12-13;0;5;408;1;1;1;0;0;0;0
17;2025-12-13;1;5;409;3;1;1;0;0;0;0
17;2025-12-13;2;5;410;5;1;1;0;0;0;0
17;2025-12-13;3;5;411;7;1;1;0;0;0;0
17;2025-12-13;4;5;412;9;1;1;0;0;0;0
17;2025-12-13;5;5;413;11;1;1;0;0;0;0
17;2025-12-13;6;5;414;13;0;1;0;0;0;0
17;2025-12-13;7;5;415;15;0;1;0;0;0;0
17;2025-12-13;8;5;416;17;0;1;0;0;0;0
17;2025-12-13;9;5;417;19;0;1;0;0;0;0
17;2025-12-13;10;5;418;21;0;1;0;0;0;0
17;2025-12-13;11;5;419;23;0;1;0;0;0;0
17;2025-12-13;12;5;420;25;0;1;0;0;0;0
17;2025-12-13;13;5;421;27;0;1;0;0;0;0
17;2025-12-13;14;5;422;29;0;1;0;0;0;0
17;2025-12-13;15;5;423;31;0;1;0;0;0;0
17;2025-12-13;16;5;424;33;0;1;0;0;0;0
17;2025-12-13;17;5;425;35;0;1;0;0;0;0
17;2025-12-13;18;5;426;37;0;1;0;0;0;0
17;2025-12-13;19;5;427;39;0;1;0;0;0;0
17;2025-12-13;20;5;428;41;0;1;0;0;0;0
17;2025-12-13;21;5;429;43;0;1;0;0;0;0
17;2025-12-13;22;5;430;45;0;1;0;0;0;0
17;2025-12-13;23;5;431;47;0;1;0;0;0;0
17;2025-12-14;0;6;408;1;1;1;0;0;0;0
17;2025-12-14;1;6;409;3;1;1;0;0;0;0
17;2025-12-14;2;6;410;5;1;1;0;0;0;0
17;2025-12-14;3;6;411;7;1;1;0;0;0;0
17;2025-12-14;4;6;412;9;1;1;0;0;0;0
17;2025-12-14;5;6;413;11;1;1;0;0;0;0
17;2025-12-14;6;6;414;13;0;1;0;0;0;0
17;2025-12-14;7;6;415;15;0;1;0;0;0;0
17;2025-12-14;8;6;416;17;0;1;0;0;0;0
17;2025-12-14;9;6;417;19;0;1;0;0;0;0
17;2025-12-14;10;6;418;21;0;1;0;0;0;0
17;2025-12-14;11;6;419;23;0;1;0;0;0;0
17;2025-12-14;12;6;420;25;0;1;0;0;0;0
17;2025-12-14;13;6;421;27;0;1;0;0;0;0
17;2025-12-14;14;6;422;29;0;1;0;0;0;0
17;2025-12-14;15;6;423;31;0;1;0;0;0;0
17;2025-12-14;16;6;424;33;0;1;0;0;0;0
17;2025-12-14;17;6;425;35;0;1;0;0;0;0
17;2025-12-14;18;6;426;37;0;1;0;0;0;0
17;2025-12-14;19;6;427;39;0;1;0;0;0;0
17;2025-12-14;20;6;428;41;0;1;0;0;0;0
17;2025-12-14;21;6;429;43;0;1;0;0;0;0
17;2025-12-14;22;6;430;45;0;1;0;0;0;0
17;2025-12-14;23;6;431;47;0;1;0;0;0;0
17;2025-12-15;0;0;408;0;1;0;0;0;0;0
17;2025-12-15;1;0;409;2;1;0;0;0;0;0
17;2025-12-15;2;0;410;4;1;0;0;0;0;0
17;2025-12-15;3;0;411;6;1;0;0;0;0;0
17;2025-12-15;4;0;412;8;1;0;0;0;0;0
17;2025-12-15;5;0;413;10;1;0;0;0;0;0
17;2025-12-15;6;0;414;12;0;0;0;0;0;0
17;2025-12-15;7;0;415;14;0;0;0;0;0;0
17;2025-12-15;8;0;416;16;0;0;0;0;0;0
17;2025-12-15;9;0;417;18;0;0;0;0;0;0
17;2025-12-15;10;0;418;20;0;0;0;0;0;0
17;2025-12-15;11;0;419;22;0;0;0;0;0;0
17;2025-12-15;12;0;420;24;0;0;0;0;0;0
17;2025-12-15;13;0;421;26;0;0;0;0;0;0
17;2025-12-15;14;0;422;28;0;0;0;0;0;0
17;2025-12-15;15;0;423;30;0;0;0;0;0;0
17;2025-12-15;16;0;424;32;0;0;0;0;0;0
17;2025-12-15;17;0;425;34;0;0;0;0;0;0
17;2025-12-15;18;0;426;36;0;0;0;0;0;0
17;2025-12-15;19;0;427;38;0;0;0;0;0;0
17;2025-12-15;20;0;428;40;0;0;0;0;0;0
17;2025-12-15;21;0;429;42;0;0;0;0;0;0
17;2025-12-15;22;0;430;44;0;0;0;0;0;0
17;2025-12-15;23;0;431;46;0;0;0;0;0;0
17;2025-12-16;0;1;408;0;1;0;0;0;0;0
17;2025-12-16;1;1;409;2;1;0;0;0;0;0
17;2025-12-16;2;1;410;4;1;0;0;0;0;0
17;2025-12-16;3;1;411;6;1;0;0;0;0;0
17;2025-12-16;4;1;412;8;1;0;0;0;0;0
17;2025-12-16;5;1;413;10;1;0;0;0;0;0
17;2025-12-16;6;1;414;12;0;0;0;0;0;0
17;2025-12-16;7;1;415;14;0;0;0;0;0;0
17;2025-12-16;8;1;416;16;0;0;0;0;0;0
17;2025-12-16;9;1;417;18;0;0;0;0;0;0
17;2025-12-16;10;1;418;20;0;0;0;0;0;0
17;2025-12-16;11;1;419;22;0;0;0;0;0;0
17;2025-12-16;12;1;420;24;0;0;0;0;0;0
17;2025-12-16;13;1;421;26;0;0;0;0;0;0
17;2025-12-16;14;1;422;28;0;0;0;0;0;0
17;2025-12-16;15;1;423;30;0;0;0;0;0;0
17;2025-12-16;16;1;424;32;0;0;0;0;0;0
17;2025-12-16;17;1;425;34;0;0;0;0;0;0
17;2025-12-16;18;1;426;36;0;0;0;0;0;0
17;2025-12-16;19;1;427;38;0;0;0;0;0;0
17;2025-12-16;20;1;428;40;0;0;0;0;0;0
17;2025-12-16;21;1;429;42;0;0;0;0;0;0
17;2025-12-16;22;1;430;44;0;0;0;0;0;0
17;2025-12-16;23;1;431;46;0;0;0;0;0;0
17;2025-12-17;0;2;408;0;1;0;0;0;0;0
17;2025-12-17;1;2;409;2;1;0;0;0;0;0
17;2025-12-17;2;2;410;4;1;0;0;0;0;0
17;2025-12-17;3;2;411;6;1;0;0;0;0;0
17;2025-12-17;4;2;412;8;1;0;0;0;0;0
17;2025-12-17;5;2;413;10;1;0;0;0;0;0
17;2025-12-17;6;2;414;12;0;0;0;0;0;0
17;2025-12-17;7;2;415;14;0;0;0;0;0;0
17;2025-12-17;8;2;416;16;0;0;0;0;0;0
17;2025-12-17;9;2;417;18;0;0;0;0;0;0
17;2025-12-17;10;2;418;20;0;0;0;0;0;0
17;2025-12-17;11;2;419;22;0;0;0;0;0;0
17;2025-12-17;12;2;420;24;0;0;0;0;0;0
17;2025-12-17;13;2;421;26;0;0;0;0;0;0
17;2025-12-17;14;2;422;28;0;0;0;0;0;0
17;2025-12-17;15;2;423;30;0;0;0;0;0;0
17;2025-12-17;16;2;424;32;0;0;0;0;0;0
17;2025-12-17;17;2;425;34;0;0;0;0;0;0
17;2025-12-17;18;2;426;36;0;0;0;0;0;0
17;2025-12-17;19;2;427;38;0;0;0;0;0;0
17;2025-12-17;20;2;428;40;0;0;0;0;0;0
17;2025-12-17;21;2;429;42;0;0;0;0;0;0
17;2025-12-17;22;2;430;44;0;0;0;0;0;0
17;2025-12-17;23;2;431;46;0;0;0;0;0;0
17;2025-12-18;0;3;408;0;1;0;0;0;0;0
17;2025-12-18;1;3;409;2;1;0;0;0;0;0
17;2025-12-18;2;3;410;4;1;0;0;0;0;0
17;2025-12-18;3;3;411;6;1;0;0;0;0;0
17;2025-12-18;4;3;412;8;1;0;0;0;0;0
17;2025-12-18;5;3;413;10;1;0;0;0;0;0
17;2025-12-18;6;3;414;12;0;0;0;0;0;0
17;2025-12-18;7;3;415;14;0;0;0;0;0;0
17;2025-12-18;8;3;416;16;0;0;0;0;0;0
17;2025-12-18;9;3;417;18;0;0;0;0;0;0
17;2025-12-18;10;3;418;20;0;0;0;0;0;0
17;2025-12-18;11;3;419;22;0;0;0;0;0;0
17;2025-12-18;12;3;420;24;0;0;0;0;0;0
17;2025-12-18;13;3;421;26;0;0;0;0;0;0
17;2025-12-18;14;3;422;28;0;0;0;0;0;0
17;2025-12-18;15;3;423;30;0;0;0;0;0;0
17;2025-12-18;16;3;424;32;0;0;0;0;0;0
17;2025-12-18;17;3;425;34;0;0;0;0;0;0
17;2025-12-18;18;3;426;36;0;0;0;0;0;0
17;2025-12-18;19;3;427;38;0;0;0;0;0;0
17;2025-12-18;20;3;428;40;0;0;0;0;0;0
17;2025-12-18;21;3;429;42;0;0;0;0;0;0
17;2025-12-18;22;3;430;44;0;0;0;0;0;0
17;2025-12-18;23;3;431;46;0;0;0;0;0;0
17;2025-12-19;0;4;408;0;1;0;0;0;0;0
17;2025-12-19;1;4;409;2;1;0;0;0;0;0
17;2025-12-19;2;4;410;4;1;0;0;0;0;0
17;2025-12-19;3;4;411;6;1;0;0;0;0;0
17;2025-12-19;4;4;412;8;1;0;0;0;0;0
17;2025-12-19;5;4;413;10;1;0;0;0;0;0
17;2025-12-19;6;4;414;12;0;0;0;0;0;0
17;2025-12-19;7;4;415;14;0;0;0;0;0;0
17;2025-12-19;8;4;416;16;0;0;0;0;0;0
17;2025-12-19;9;4;417;18;0;0;0;0;0;0
17;2025-12-19;10;4;418;20;0;0;0;0;0;0
17;2025-12-19;11;4;419;22;0;0;0;0;0;0
17;2025-12-19;12;4;420;24;0;0;0;0;0;0
17;2025-12-19;13;4;421;26;0;0;0;0;0;0
17;2025-12-19;14;4;422;28;0;0;0;0;0;0
17;2025-12-19;15;4;423;30;0;0;0;0;0;0
17;2025-12-19;16;4;424;32;0;0;0;0;0;0
17;2025-12-19;17;4;425;34;0;0;0;0;0;0
17;2025-12-19;18;4;426;36;0;0;0;0;0;0
17;2025-12-19;19;4;427;38;0;0;0;0;0;0
17;2025-12-19;20;4;428;40;0;0;0;0;0;0
17;2025-12-19;21;4;429;42;0;0;0;0;0;0
17;2025-12-19;22;4;430;44;0;0;0;0;0;0
17;2025-12-19;23;4;431;46;0;0;0;0;0;0
17;2025-12-20;0;5;408;1;1;1;0;0;0;0
17;2025-12-20;1;5;409;3;1;1;0;0;0;0
17;2025-12-20;2;5;410;5;1;1;0;0;0;0
17;2025-12-20;3;5;411;7;1;1;0;0;0;0
17;2025-12-20;4;5;412;9;1;1;0;0;0;0
17;2025-12-20;5;5;413;11;1;1;0;0;0;0
17;2025-12-20;6;5;414;13;0;1;0;0;0;0
17;2025-12-20;7;5;415;15;0;1;0;0;0;0
17;2025-12-20;8;5;416;17;0;1;0;0;0;0
17;2025-12-20;9;5;417;19;0;1;0;0;0;0
17;2025-12-20;10;5;418;21;0;1;0;0;0;0
17;2025-12-20;11;5;419;23;0;1;0;0;0;0
17;2025-12-20;12;5;420;25;0;1;0;0;0;0
17;2025-12-20;13;5;421;27;0;1;0;0;0;0
17;2025-12-20;14;5;422;29;0;1;0;0;0;0
17;2025-12-20;15;5;423;31;0;1;0;0;0;0
17;2025-12-20;16;5;424;33;0;1;0;0;0;0
17;2025-12-20;17;5;425;35;0;1;0;0;0;0
17;2025-12-20;18;5;426;37;0;1;0;0;0;0
17;2025-12-20;19;5;427;39;0;1;0;0;0;0
17;2025-12-20;20;5;428;41;0;1;0;0;0;0
17;2025-12-20;21;5;429;43;0;1;0;0;0;0
17;2025-12-20;22;5;430;45;0;1;0;0;0;0
17;2025-12-20;23;5;431;47;0;1;0;0;0;0
17;2025-12-21;0;6;408;1;1;1;0;0;0;0
17;2025-12-21;1;6;409;3;1;1;0;0;0;0
17;2025-12-21;2;6;410;5;1;1;0;0;0;0
17;2025-12-21;3;6;411;7;1;1;0;0;0;0
17;2025-12-21;4;6;412;9;1;1;0;0;0;0
17;2025-12-21;5;6;413;11;1;1;0;0;0;0
17;2025-12-21;6;6;414;13;0;1;0;0;0;0
17;2025-12-21;7;6;415;15;0;1;0;0;0;0
17;2025-12-21;8;6;416;17;0;1;0;0;0;0
17;2025-12-21;9;6;417;19;0;1;0;0;0;0
17;2025-12-21;10;6;418;21;0;1;0;0;0;0
17;2025-12-21;11;6;419;23;0;1;0;0;0;0
17;2025-12-21;12;6;420;25;0;1;0;0;0;0
17;2025-12-21;13;6;421;27;0;1;0;0;0;0
17;2025-12-21;14;6;422;29;0;1;0;0;0;0
17;2025-12-21;15;6;423;31;0;1;0;0;0;0
17;2025-12-21;16;6;424;33;0;1;0;0;0;0
17;2025-12-21;17;6;425;35;0;1;0;0;0;0
17;2025-12-21;18;6;426;37;0;1;0;0;0;0
17;2025-12-21;19;6;427;39;0;1;0;0;0;0
17;2025-12-21;20;6;428;41;0;1;0;0;0;0
17;2025-12-21;21;6;429;43;0;1;0;0;0;0
17;2025-12-21;22;6;430;45;0;1;0;0;0;0
17;2025-12-21;23;6;431;47;0;1;0;0;0;0
17;2025-12-22;0;0;408;0;1;0;0;0;0;0
17;2025-12-22;1;0;409;2;1;0;0;0;0;0
17;2025-12-22;2;0;410;4;1;0;0;0;0;0
17;2025-12-22;3;0;411;6;1;0;0;0;0;0
17;2025-12-22;4;0;412;8;1;0;0;0;0;0
17;2025-12-22;5;0;413;10;1;0;0;0;0;0
17;2025-12-22;6;0;414;12;0;0;0;0;0;0
17;2025-12-22;7;0;415;14;0;0;0;0;0;0
17;2025-12-22;8;0;416;16;0;0;0;0;0;0
17;2025-12-22;9;0;417;18;0;0;0;0;0;0
17;2025-12-22;10;0;418;20;0;0;0;0;0;0
17;2025-12-22;11;0;419;22;0;0;0;0;0;0
17;2025-12-22;12;0;420;24;0;0;0;0;0;0
17;2025-12-22;13;0;421;26;0;0;0;0;0;0
17;2025-12-22;14;0;422;28;0;0;0;0;0;0
17;2025-12-22;15;0;423;30;0;0;0;0;0;0
17;2025-12-22;16;0;424;32;0;0;0;0;0;0
17;2025-12-22;17;0;425;34;0;0;0;0;0;0
17;2025-12-22;18;0;426;36;0;0;0;0;0;0
17;2025-12-22;19;0;427;38;0;0;0;0;0;0
17;2025-12-22;20;0;428;40;0;0;0;0;0;0
17;2025-12-22;21;0;429;42;0;0;0;0;0;0
17;2025-12-22;22;0;430;44;0;0;0;0;0;0
17;2025-12-22;23;0;431;46;0;0;0;0;0;0
17;2025-12-23;0;1;408;0;1;0;0;0;0;0
17;2025-12-23;1;1;409;2;1;0;0;0;0;0
17;2025-12-23;2;1;410;4;1;0;0;0;0;0
17;2025-12-23;3;1;411;6;1;0;0;0;0;0
17;2025-12-23;4;1;412;8;1;0;0;0;0;0
17;2025-12-23;5;1;413;10;1;0;0;0;0;0
17;2025-12-23;6;1;414;12;0;0;0;0;0;0
17;2025-12-23;7;1;415;14;0;0;0;0;0;0
17;2025-12-23;8;1;416;16;0;0;0;0;0;0
17;2025-12-23;9;1;417;18;0;0;0;0;0;0
17;2025-12-23;10;1;418;20;0;0;0;0;0;0
17;2025-12-23;11;1;419;22;0;0;0;0;0;0
17;2025-12-23;12;1;420;24;0;0;0;0;0;0
17;2025-12-23;13;1;421;26;0;0;0;0;0;0
17;2025-12-23;14;1;422;28;0;0;0;0;0;0
17;2025-12-23;15;1;423;30;0;0;0;0;0;0
17;2025-12-23;16;1;424;32;0;0;0;0;0;0
17;2025-12-23;17;1;425;34;0;0;0;0;0;0
17;2025-12-23;18;1;426;36;0;0;0;0;0;0
17;2025-12-23;19;1;427;38;0;0;0;0;0;0
17;2025-12-23;20;1;428;40;0;0;0;0;0;0
17;2025-12-23;21;1;429;42;0;0;0;0;0;0
17;2025-12-23;22;1;430;44;0;0;0;0;0;0
17;2025-12-23;23;1;431;46;0;0;0;0;0;0
17;2025-12-24;0;2;408;0;1;0;0;0;0;0
17;2025-12-24;1;2;409;2;1;0;0;0;0;0
17;2025-12-24;2;2;410;4;1;0;0;0;0;0
17;2025-12-24;3;2;411;6;1;0;0;0;0;0
17;2025-12-24;4;2;412;8;1;0;0;0;0;0
17;2025-12-24;5;2;413;10;1;0;0;0;0;0
17;2025-12-24;6;2;414;12;0;0;0;0;0;0
17;2025-12-24;7;2;415;14;0;0;0;0;0;0
17;2025-12-24;8;2;416;16;0;0;0;0;0;0
17;2025-12-24;9;2;417;18;0;0;0;0;0;0
17;2025-12-24;10;2;418;20;0;0;0;0;0;0
17;2025-12-24;11;2;419;22;0;0;0;0;0;0
17;2025-12-24;12;2;420;24;0;0;0;0;0;0
17;2025-12-24;13;2;421;26;0;0;0;0;0;0
17;2025-12-24;14;2;422;28;0;0;0;0;0;0
17;2025-12-24;15;2;423;30;0;0;0;0;0;0
17;2025-12-24;16;2;424;32;0;0;0;0;0;0
17;2025-12-24;17;2;425;34;0;0;0;0;0;0
17;2025-12-24;18;2;426;36;0;0;0;0;0;0
17;2025-12-24;19;2;427;38;0;0;0;0;0;0
17;2025-12-24;20;2;428;40;0;0;0;0;0;0
17;2025-12-24;21;2;429;42;0;0;0;0;0;0
17;2025-12-24;22;2;430;44;0;0;0;0;0;0
17;2025-12-24;23;2;431;46;0;0;0;0;0;0
17;2025-12-25;0;3;408;0;1;0;0;0;0;0
17;2025-12-25;1;3;409;2;1;0;0;0;0;0
17;2025-12-25;2;3;410;4;1;0;0;0;0;0
17;2025-12-25;3;3;411;6;1;0;0;0;0;0
17;2025-12-25;4;3;412;8;1;0;0;0;0;0
17;2025-12-25;5;3;413;10;1;0;0;0;0;0
17;2025-12-25;6;3;414;12;0;0;0;0;0;0
17;2025-12-25;7;3;415;14;0;0;0;0;0;0
17;2025-12-25;8;3;416;16;0;0;0;0;0;0
17;2025-12-25;9;3;417;18;0;0;0;0;0;0
17;2025-12-25;10;3;418;20;0;0;0;0;0;0
17;2025-12-25;11;3;419;22;0;0;0;0;0;0
17;2025-12-25;12;3;420;24;0;0;0;0;0;0
17;2025-12-25;13;3;421;26;0;0;0;0;0;0
17;2025-12-25;14;3;422;28;0;0;0;0;0;0
17;2025-12-25;15;3;423;30;0;0;0;0;0;0
17;2025-12-25;16;3;424;32;0;0;0;0;0;0
17;2025-12-25;17;3;425;34;0;0;0;0;0;0
17;2025-12-25;18;3;426;36;0;0;0;0;0;0
17;2025-12-25;19;3;427;38;0;0;0;0;0;0
17;2025-12-25;20;3;428;40;0;0;0;0;0;0
17;2025-12-25;21;3;429;42;0;0;0;0;0;0
17;2025-12-25;22;3;430;44;0;0;0;0;0;0
17;2025-12-25;23;3;431;46;0;0;0;0;0;0
17;2025-12-26;0;4;408;0;1;0;0;0;0;0
17;2025-12-26;1;4;409;2;1;0;0;0;0;0
17;2025-12-26;2;4;410;4;1;0;0;0;0;0
17;2025-12-26;3;4;411;6;1;0;0;0;0;0
17;2025-12-26;4;4;412;8;1;0;0;0;0;0
17;2025-12-26;5;4;413;10;1;0;0;0;0;0
17;2025-12-26;6;4;414;12;0;0;0;0;0;0
17;2025-12-26;7;4;415;14;0;0;0;0;0;0
17;2025-12-26;8;4;416;16;0;0;0;0;0;0
17;2025-12-26;9;4;417;18;0;0;0;0;0;0
17;2025-12-26;10;4;418;20;0;0;0;0;0;0
17;2025-12-26;11;4;419;22;0;0;0;0;0;0
17;2025-12-26;12;4;420;24;0;0;0;0;0;0
17;2025-12-26;13;4;421;26;0;0;0;0;0;0
17;2025-12-26;14;4;422;28;0;0;0;0;0;0
17;2025-12-26;15;4;423;30;0;0;0;0;0;0
17;2025-12-26;16;4;424;32;0;0;0;0;0;0
17;2025-12-26;17;4;425;34;0;0;0;0;0;0
17;2025-12-26;18;4;426;36;0;0;0;0;0;0
17;2025-12-26;19;4;427;38;0;0;0;0;0;0
17;2025-12-26;20;4;428;40;0;0;0;0;0;0
17;2025-12-26;21;4;429;42;0;0;0;0;0;0
17;2025-12-26;22;4;430;44;0;0;0;0;0;0
17;2025-12-26;23;4;431;46;0;0;0;0;0;0
17;2025-12-27;0;5;408;1;1;1;0;0;0;0
17;2025-12-27;1;5;409;3;1;1;0;0;0;0
17;2025-12-27;2;5;410;5;1;1;0;0;0;0
17;2025-12-27;3;5;411;7;1;1;0;0;0;0
17;2025-12-27;4;5;412;9;1;1;0;0;0;0
17;2025-12-27;5;5;413;11;1;1;0;0;0;0
17;2025-12-27;6;5;414;13;0;1;0;0;0;0
17;2025-12-27;7;5;415;15;0;1;0;0;0;0
17;2025-12-27;8;5;416;17;0;1;0;0;0;0
17;2025-12-27;9;5;417;19;0;1;0;0;0;0
17;2025-12-27;10;5;418;21;0;1;0;0;0;0
17;2025-12-27;11;5;419;23;0;1;0;0;0;0
17;2025-12-27;12;5;420;25;0;1;0;0;0;0
17;2025-12-27;13;5;421;27;0;1;0;0;0;0
17;2025-12-27;14;5;422;29;0;1;0;0;0;0
17;2025-12-27;15;5;423;31;0;1;0;0;0;0
17;2025-12-27;16;5;424;33;0;1;0;0;0;0
17;2025-12-27;17;5;425;35;0;1;0;0;0;0
17;2025-12-27;18;5;426;37;0;1;0;0;0;0
17;2025-12-27;19;5;427;39;0;1;0;0;0;0
17;2025-12-27;20;5;428;41;0;1;0;0;0;0
17;2025-12-27;21;5;429;43;0;1;0;0;0;0
17;2025-12-27;22;5;430;45;0;1;0;0;0;0
17;2025-12-27;23;5;431;47;0;1;0;0;0;0
17;2025-12-28;0;6;408;1;1;1;0;0;0;0
17;2025-12-28;1;6;409;3;1;1;0;0;0;0
17;2025-12-28;2;6;410;5;1;1;0;0;0;0
17;2025-12-28;3;6;411;7;1;1;0;0;0;0
17;2025-12-28;4;6;412;9;1;1;0;0;0;0
17;2025-12-28;5;6;413;11;1;1;0;0;0;0
17;2025-12-28;6;6;414;13;0;1;0;0;0;0
17;2025-12-28;7;6;415;15;0;1;0;0;0;0
17;2025-12-28;8;6;416;17;0;1;0;0;0;0
17;2025-12-28;9;6;417;19;0;1;0;0;0;0
17;2025-12-28;10;6;418;21;0;1;0;0;0;0
17;2025-12-28;11;6;419;23;0;1;0;0;0;0
17;2025-12-28;12;6;420;25;0;1;0;0;0;0
17;2025-12-28;13;6;421;27;0;1;0;0;0;0
17;2025-12-28;14;6;422;29;0;1;0;0;0;0
17;2025-12-28;15;6;423;31;0;1;0;0;0;0
17;2025-12-28;16;6;424;33;0;1;0;0;0;0
17;2025-12-28;17;6;425;35;0;1;0;0;0;0
17;2025-12-28;18;6;426;37;0;1;0;0;0;0
17;2025-12-28;19;6;427;39;0;1;0;0;0;0
17;2025-12-28;20;6;428;41;0;1;0;0;0;0
17;2025-12-28;21;6;429;43;0;1;0;0;0;0
17;2025-12-28;22;6;430;45;0;1;0;0;0;0
17;2025-12-28;23;6;431;47;0;1;0;0;0;0
17;2025-12-29;0;0;408;0;1;0;0;0;0;0
17;2025-12-29;1;0;409;2;1;0;0;0;0;0
17;2025-12-29;2;0;410;4;1;0;0;0;0;0
17;2025-12-29;3;0;411;6;1;0;0;0;0;0
17;2025-12-29;4;0;412;8;1;0;0;0;0;0
17;2025-12-29;5;0;413;10;1;0;0;0;0;0
17;2025-12-29;6;0;414;12;0;0;0;0;0;0
17;2025-12-29;7;0;415;14;0;0;0;0;0;0
17;2025-12-29;8;0;416;16;0;0;0;0;0;0
17;2025-12-29;9;0;417;18;0;0;0;0;0;0
17;2025-12-29;10;0;418;20;0;0;0;0;0;0
17;2025-12-29;11;0;419;22;0;0;0;0;0;0
17;2025-12-29;12;0;420;24;0;0;0;0;0;0
17;2025-12-29;13;0;421;26;0;0;0;0;0;0
17;2025-12-29;14;0;422;28;0;0;0;0;0;0
17;2025-12-29;15;0;423;30;0;0;0;0;0;0
17;2025-12-29;16;0;424;32;0;0;0;0;0;0
17;2025-12-29;17;0;425;34;0;0;0;0;0;0
17;2025-12-29;18;0;426;36;0;0;0;0;0;0
17;2025-12-29;19;0;427;38;0;0;0;0;0;0
17;2025-12-29;20;0;428;40;0;0;0;0;0;0
17;2025-12-29;21;0;429;42;0;0;0;0;0;0
17;2025-12-29;22;0;430;44;0;0;0;0;0;0
17;2025-12-29;23;0;431;46;0;0;0;0;0;0
17;2025-12-30;0;1;408;0;1;0;0;0;0;0
17;2025-12-30;1;1;409;2;1;0;0;0;0;0
17;2025-12-30;2;1;410;4;1;0;0;0;0;0
17;2025-12-30;3;1;411;6;1;0;0;0;0;0
17;2025-12-30;4;1;412;8;1;0;0;0;0;0
17;2025-12-30;5;1;413;10;1;0;0;0;0;0
17;2025-12-30;6;1;414;12;0;0;0;0;0;0
17;2025-12-30;7;1;415;14;0;0;0;0;0;0
17;2025-12-30;8;1;416;16;0;0;0;0;0;0
17;2025-12-30;9;1;417;18;0;0;0;0;0;0
17;2025-12-30;10;1;418;20;0;0;0;0;0;0
17;2025-12-30;11;1;419;22;0;0;0;0;0;0
17;2025-12-30;12;1;420;24;0;0;0;0;0;0
17;2025-12-30;13;1;421;26;0;0;0;0;0;0
17;2025-12-30;14;1;422;28;0;0;0;0;0;0
17;2025-12-30;15;1;423;30;0;0;0;0;0;0
17;2025-12-30;16;1;424;32;0;0;0;0;0;0
17;2025-12-30;17;1;425;34;0;0;0;0;0;0
17;2025-12-30;18;1;426;36;0;0;0;0;0;0
17;2025-12-30;19;1;427;38;0;0;0;0;0;0
17;2025-12-30;20;1;428;40;0;0;0;0;0;0
17;2025-12-30;21;1;429;42;0;0;0;0;0;0
17;2025-12-30;22;1;430;44;0;0;0;0;0;0
17;2025-12-30;23;1;431;46;0;0;0;0;0;0
17;2025-12-31;0;2;408;0;1;1;0;1;0;0
17;2025-12-31;1;2;409;2;1;1;0;1;0;0
17;2025-12-31;2;2;410;4;1;1;0;1;0;0
17;2025-12-31;3;2;411;6;1;1;0;1;0;0
17;2025-12-31;4;2;412;8;1;1;0;1;0;0
17;2025-12-31;5;2;413;10;1;1;0;1;0;0
17;2025-12-31;6;2;414;12;0;1;0;1;0;0
17;2025-12-31;7;2;415;14;0;1;0;1;0;0
17;2025-12-31;8;2;416;16;0;1;0;1;0;0
17;2025-12-31;9;2;417;18;0;1;0;1;0;0
17;2025-12-31;10;2;418;20;0;1;0;1;0;0
17;2025-12-31;11;2;419;22;0;1;0;1;0;0
17;2025-12-31;12;2;420;24;0;1;0;1;0;0
17;2025-12-31;13;2;421;26;0;1;0;1;0;0
17;2025-12-31;14;2;422;28;0;1;0;1;0;0
17;2025-12-31;15;2;423;30;0;1;0;1;0;0
17;2025-12-31;16;2;424;32;0;1;0;1;0;0
17;2025-12-31;17;2;425;34;0;1;0;1;0;0
17;2025-12-31;18;2;426;36;0;1;0;1;0;0
17;2025-12-31;19;2;427;38;0;1;0;1;0;0
17;2025-12-31;20;2;428;40;0;1;0;1;0;0
17;2025-12-31;21;2;429;42;0;1;0;1;0;0
17;2025-12-31;22;2;430;44;0;1;0;1;0;0
17;2025-12-31;23;2;431;46;0;1;0;1;0;0
25;2025-11-01;0;5;600;1;1;0;0;0;1;1
25;2025-11-01;1;5;601;3;1;0;0;0;1;1
25;2025-11-01;2;5;602;5;1;0;0;0;1;1
25;2025-11-01;3;5;603;7;1;0;0;0;1;1
25;2025-11-01;4;5;604;9;1;0;0;0;1;1
25;2025-11-01;5;5;605;11;1;0;0;0;1;1
25;2025-11-01;6;5;606;13;0;0;0;0;1;1
25;2025-11-01;7;5;607;15;0;0;0;0;1;1
25;2025-11-01;8;5;608;17;0;0;0;0;1;1
25;2025-11-01;9;5;609;19;0;0;0;0;1;1
25;2025-11-01;10;5;610;21;0;0;0;0;1;1
25;2025-11-01;11;5;611;23;0;0;0;0;1;1
25;2025-11-01;12;5;612;25;0;0;0;0;1;1
25;2025-11-01;13;5;613;27;0;0;0;0;1;1
25;2025-11-01;14;5;614;29;0;0;0;0;1;1
25;2025-11-01;15;5;615;31;0;0;0;0;1;1
25;2025-11-01;16;5;616;33;0;0;0;0;1;1
25;2025-11-01;17;5;617;35;0;0;0;0;1;1
25;2025-11-01;18;5;618;37;0;0;0;0;1;1
25;2025-11-01;19;5;619;39;0;0;0;0;1;1
25;2025-11-01;20;5;620;41;0;0;0;0;1;1
25;2025-11-01;21;5;621;43;0;0;0;0;1;1
25;2025-11-01;22;5;622;45;0;0;0;0;1;1
25;2025-11-01;23;5;623;47;0;0;0;0;1;1
25;2025-11-02;0;6;600;1;1;1;0;0;0;0
25;2025-11-02;1;6;601;3;1;1;0;0;0;0
25;2025-11-02;2;6;602;5;1;1;0;0;0;0
25;2025-11-02;3;6;603;7;1;1;0;0;0;0
25;2025-11-02;4;6;604;9;1;1;0;0;0;0
25;2025-11-02;5;6;605;11;1;1;0;0;0;0
25;2025-11-02;6;6;606;13;0;1;0;0;0;0
25;2025-11-02;7;6;607;15;0;1;0;0;0;0
25;2025-11-02;8;6;608;17;0;1;0;0;0;0
25;2025-11-02;9;6;609;19;0;1;0;0;0;0
25;2025-11-02;10;6;610;21;0;1;0;0;0;0
25;2025-11-02;11;6;611;23;0;1;0;0;0;0
25;2025-11-02;12;6;612;25;0;1;0;0;0;0
25;2025-11-02;13;6;613;27;0;1;0;0;0;0
25;2025-11-02;14;6;614;29;0;1;0;0;0;0
25;2025-11-02;15;6;615;31;0;1;0;0;0;0
25;2025-11-02;16;6;616;33;0;1;0;0;0;0
25;2025-11-02;17;6;617;35;0;1;0;0;0;0
25;2025-11-02;18;6;618;37;0;1;0;0;0;0
25;2025-11-02;19;6;619;39;0;1;0;0;0;0
25;2025-11-02;20;6;620;41;0;1;0;0;0;0
25;2025-11-02;21;6;621;43;0;1;0;0;0;0
25;2025-11-02;22;6;622;45;0;1;0;0;0;0
25;2025-11-02;23;6;623;47;0;1;0;0;0;0
25;2025-11-03;0;0;600;0;1;1;0;1;0;0
25;2025-11-03;1;0;601;2;1;1;0;1;0;0
25;2025-11-03;2;0;602;4;1;1;0;1;0;0
25;2025-11-03;3;0;603;6;1;1;0;1;0;0
25;2025-11-03;4;0;604;8;1;1;0;1;0;0
25;2025-11-03;5;0;605;10;1;1;0;1;0;0
25;2025-11-03;6;0;606;12;0;1;0;1;0;0
25;2025-11-03;7;0;607;14;0;1;0;1;0;0
25;2025-11-03;8;0;608;16;0;1;0;1;0;0
25;2025-11-03;9;0;609;18;0;1;0;1;0;0
25;2025-11-03;10;0;610;20;0;1;0;1;0;0
25;2025-11-03;11;0;611;22;0;1;0;1;0;0
25;2025-11-03;12;0;612;24;0;1;0;1;0;0
25;2025-11-03;13;0;613;26;0;1;0;1;0;0
25;2025-11-03;14;0;614;28;0;1;0;1;0;0
25;2025-11-03;15;0;615;30;0;1;0;1;0;0
25;2025-11-03;16;0;616;32;0;1;0;1;0;0
25;2025-11-03;17;0;617;34;0;1;0;1;0;0
25;2025-11-03;18;0;618;36;0;1;0;1;0;0
25;2025-11-03;19;0;619;38;0;1;0;1;0;0
25;2025-11-03;20;0;620;40;0;1;0;1;0;0
25;2025-11-03;21;0;621;42;0;1;0;1;0;0
25;2025-11-03;22;0;622;44;0;1;0;1;0;0
25;2025-11-03;23;0;623;46;0;1;0;1;0;0
25;2025-11-04;0;1;600;0;1;1;1;0;0;0
25;2025-11-04;1;1;601;2;1;1;1;0;0;0
25;2025-11-04;2;1;602;4;1;1;1;0;0;0
25;2025-11-04;3;1;603;6;1;1;1;0;0;0
25;2025-11-04;4;1;604;8;1;1;1;0;0;0
25;2025-11-04;5;1;605;10;1;1;1;0;0;0
25;2025-11-04;6;1;606;12;0;1;1;0;0;0
25;2025-11-04;7;1;607;14;0;1;1;0;0;0
25;2025-11-04;8;1;608;16;0;1;1;0;0;0
25;2025-11-04;9;1;609;18;0;1;1;0;0;0
25;2025-11-04;10;1;610;20;0;1;1;0;0;0
25;2025-11-04;11;1;611;22;0;1;1;0;0;0
25;2025-11-04;12;1;612;24;0;1;1;0;0;0
25;2025-11-04;13;1;613;26;0;1;1;0;0;0
25;2025-11-04;14;1;614;28;0;1;1;0;0;0
25;2025-11-04;15;1;615;30;0;1;1;0;0;0
25;2025-11-04;16;1;616;32;0;1;1;0;0;0
25;2025-11-04;17;1;617;34;0;1;1;0;0;0
25;2025-11-04;18;1;618;36;0;1;1;0;0;0
25;2025-11-04;19;1;619;38;0;1;1;0;0;0
25;2025-11-04;20;1;620;40;0;1;1;0;0;0
25;2025-11-04;21;1;621;42;0;1;1;0;0;0
25;2025-11-04;22;1;622;44;0;1;1;0;0;0
25;2025-11-04;23;1;623;46;0;1;1;0;0;0
25;2025-11-05;0;2;600;0;1;0;0;0;0;0
25;2025-11-05;1;2;601;2;1;0;0;0;0;0
25;2025-11-05;2;2;602;4;1;0;0;0;0;0
25;2025-11-05;3;2;603;6;1;0;0;0;0;0
25;2025-11-05;4;2;604;8;1;0;0;0;0;0
25;2025-11-05;5;2;605;10;1;0;0;0;0;0
25;2025-11-05;6;2;606;12;0;0;0;0;0;0
25;2025-11-05;7;2;607;14;0;0;0;0;0;0
25;2025-11-05;8;2;608;16;0;0;0;0;0;0
25;2025-11-05;9;2;609;18;0;0;0;0;0;0
25;2025-11-05;10;2;610;20;0;0;0;0;0;0
25;2025-11-05;11;2;611;22;0;0;0;0;0;0
25;2025-11-05;12;2;612;24;0;0;0;0;0;0
25;2025-11-05;13;2;613;26;0;0;0;0;0;0
25;2025-11-05;14;2;614;28;0;0;0;0;0;0
25;2025-11-05;15;2;615;30;0;0;0;0;0;0
25;2025-11-05;16;2;616;32;0;0;0;0;0;0
25;2025-11-05;17;2;617;34;0;0;0;0;0;0
25;2025-11-05;18;2;618;36;0;0;0;0;0;0
25;2025-11-05;19;2;619;38;0;0;0;0;0;0
25;2025-11-05;20;2;620;40;0;0;0;0;0;0
25;2025-11-05;21;2;621;42;0;0;0;0;0;0
25;2025-11-05;22;2;622;44;0;0;0;0;0;0
25;2025-11-05;23;2;623;46;0;0;0;0;0;0
25;2025-11-06;0;3;600;0;1;0;0;0;0;0
25;2025-11-06;1;3;601;2;1;0;0;0;0;0
25;2025-11-06;2;3;602;4;1;0;0;0;0;0
25;2025-11-06;3;3;603;6;1;0;0;0;0;0
25;2025-11-06;4;3;604;8;1;0;0;0;0;0
25;2025-11-06;5;3;605;10;1;0;0;0;0;0
25;2025-11-06;6;3;606;12;0;0;0;0;0;0
25;2025-11-06;7;3;607;14;0;0;0;0;0;0
25;2025-11-06;8;3;608;16;0;0;0;0;0;0
25;2025-11-06;9;3;609;18;0;0;0;0;0;0
25;2025-11-06;10;3;610;20;0;0;0;0;0;0
25;2025-11-06;11;3;611;22;0;0;0;0;0;0
25;2025-11-06;12;3;612;24;0;0;0;0;0;0
25;2025-11-06;13;3;613;26;0;0;0;0;0;0
25;2025-11-06;14;3;614;28;0;0;0;0;0;0
25;2025-11-06;15;3;615;30;0;0;0;0;0;0
25;2025-11-06;16;3;616;32;0;0;0;0;0;0
25;2025-11-06;17;3;617;34;0;0;0;0;0;0
25;2025-11-06;18;3;618;36;0;0;0;0;0;0
25;2025-11-06;19;3;619;38;0;0;0;0;0;0
25;2025-11-06;20;3;620;40;0;0;0;0;0;0
25;2025-11-06;21;3;621;42;0;0;0;0;0;0
25;2025-11-06;22;3;622;44;0;0;0;0;0;0
25;2025-11-06;23;3;623;46;0;0;0;0;0;0
25;2025-11-07;0;4;600;0;1;0;0;0;0;0
25;2025-11-07;1;4;601;2;1;0;0;0;0;0
25;2025-11-07;2;4;602;4;1;0;0;0;0;0
25;2025-11-07;3;4;603;6;1;0;0;0;0;0
25;2025-11-07;4;4;604;8;1;0;0;0;0;0
25;2025-11-07;5;4;605;10;1;0;0;0;0;0
25;2025-11-07;6;4;606;12;0;0;0;0;0;0
25;2025-11-07;7;4;607;14;0;0;0;0;0;0
25;2025-11-07;8;4;608;16;0;0;0;0;0;0
25;2025-11-07;9;4;609;18;0;0;0;0;0;0
25;2025-11-07;10;4;610;20;0;0;0;0;0;0
25;2025-11-07;11;4;611;22;0;0;0;0;0;0
25;2025-11-07;12;4;612;24;0;0;0;0;0;0
25;2025-11-07;13;4;613;26;0;0;0;0;0;0
25;2025-11-07;14;4;614;28;0;0;0;0;0;0
25;2025-11-07;15;4;615;30;0;0;0;0;0;0
25;2025-11-07;16;4;616;32;0;0;0;0;0;0
25;2025-11-07;17;4;617;34;0;0;0;0;0;0
25;2025-11-07;18;4;618;36;0;0;0;0;0;0
25;2025-11-07;19;4;619;38;0;0;0;0;0;0
25;2025-11-07;20;4;620;40;0;0;0;0;0;0
25;2025-11-07;21;4;621;42;0;0;0;0;0;0
25;2025-11-07;22;4;622;44;0;0;0;0;0;0
25;2025-11-07;23;4;623;46;0;0;0;0;0;0
25;2025-11-08;0;5;600;1;1;1;0;0;0;0
25;2025-11-08;1;5;601;3;1;1;0;0;0;0
25;2025-11-08;2;5;602;5;1;1;0;0;0;0
25;2025-11-08;3;5;603;7;1;1;0;0;0;0
25;2025-11-08;4;5;604;9;1;1;0;0;0;0
25;2025-11-08;5;5;605;11;1;1;0;0;0;0
25;2025-11-08;6;5;606;13;0;1;0;0;0;0
25;2025-11-08;7;5;607;15;0;1;0;0;0;0
25;2025-11-08;8;5;608;17;0;1;0;0;0;0
25;2025-11-08;9;5;609;19;0;1;0;0;0;0
25;2025-11-08;10;5;610;21;0;1;0;0;0;0
25;2025-11-08;11;5;611;23;0;1;0;0;0;0
25;2025-11-08;12;5;612;25;0;1;0;0;0;0
25;2025-11-08;13;5;613;27;0;1;0;0;0;0
25;2025-11-08;14;5;614;29;0;1;0;0;0;0
25;2025-11-08;15;5;615;31;0;1;0;0;0;0
25;2025-11-08;16;5;616;33;0;1;0;0;0;0
25;2025-11-08;17;5;617;35;0;1;0;0;0;0
25;2025-11-08;18;5;618;37;0;1;0;0;0;0
25;2025-11-08;19;5;619;39;0;1;0;0;0;0
25;2025-11-08;20;5;620;41;0;1;0;0;0;0
25;2025-11-08;21;5;621;43;0;1;0;0;0;0
25;2025-11-08;22;5;622;45;0;1;0;0;0;0
25;2025-11-08;23;5;623;47;0;1;0;0;0;0
25;2025-11-09;0;6;600;1;1;1;0;0;0;0
25;2025-11-09;1;6;601;3;1;1;0;0;0;0
25;2025-11-09;2;6;602;5;1;1;0;0;0;0
25;2025-11-09;3;6;603;7;1;1;0;0;0;0
25;2025-11-09;4;6;604;9;1;1;0;0;0;0
25;2025-11-09;5;6;605;11;1;1;0;0;0;0
25;2025-11-09;6;6;606;13;0;1;0;0;0;0
25;2025-11-09;7;6;607;15;0;1;0;0;0;0
25;2025-11-09;8;6;608;17;0;1;0;0;0;0
25;2025-11-09;9;6;609;19;0;1;0;0;0;0
25;2025-11-09;10;6;610;21;0;1;0;0;0;0
25;2025-11-09;11;6;611;23;0;1;0;0;0;0
25;2025-11-09;12;6;612;25;0;1;0;0;0;0
25;2025-11-09;13;6;613;27;0;1;0;0;0;0
25;2025-11-09;14;6;614;29;0;1;0;0;0;0
25;2025-11-09;15;6;615;31;0;1;0;0;0;0
25;2025-11-09;16;6;616;33;0;1;0;0;0;0
25;2025-11-09;17;6;617;35;0;1;0;0;0;0
25;2025-11-09;18;6;618;37;0;1;0;0;0;0
25;2025-11-09;19;6;619;39;0;1;0;0;0;0
25;2025-11-09;20;6;620;41;0;1;0;0;0;0
25;2025-11-09;21;6;621;43;0;1;0;0;0;0
25;2025-11-09;22;6;622;45;0;1;0;0;0;0
25;2025-11-09;23;6;623;47;0;1;0;0;0;0
25;2025-11-10;0;0;600;0;1;0;0;0;0;0
25;2025-11-10;1;0;601;2;1;0;0;0;0;0
25;2025-11-10;2;0;602;4;1;0;0;0;0;0
25;2025-11-10;3;0;603;6;1;0;0;0;0;0
25;2025-11-10;4;0;604;8;1;0;0;0;0;0
25;2025-11-10;5;0;605;10;1;0;0;0;0;0
25;2025-11-10;6;0;606;12;0;0;0;0;0;0
25;2025-11-10;7;0;607;14;0;0;0;0;0;0
25;2025-11-10;8;0;608;16;0;0;0;0;0;0
25;2025-11-10;9;0;609;18;0;0;0;0;0;0
25;2025-11-10;10;0;610;20;0;0;0;0;0;0
25;2025-11-10;11;0;611;22;0;0;0;0;0;0
25;2025-11-10;12;0;612;24;0;0;0;0;0;0
25;2025-11-10;13;0;613;26;0;0;0;0;0;0
25;2025-11-10;14;0;614;28;0;0;0;0;0;0
25;2025-11-10;15;0;615;30;0;0;0;0;0;0
25;2025-11-10;16;0;616;32;0;0;0;0;0;0
25;2025-11-10;17;0;617;34;0;0;0;0;0;0
25;2025-11-10;18;0;618;36;0;0;0;0;0;0
25;2025-11-10;19;0;619;38;0;0;0;0;0;0
25;2025-11-10;20;0;620;40;0;0;0;0;0;0
25;2025-11-10;21;0;621;42;0;0;0;0;0;0
25;2025-11-10;22;0;622;44;0;0;0;0;0;0
25;2025-11-10;23;0;623;46;0;0;0;0;0;0
25;2025-11-11;0;1;600;0;1;0;0;0;0;0
25;2025-11-11;1;1;601;2;1;0;0;0;0;0
25;2025-11-11;2;1;602;4;1;0;0;0;0;0
25;2025-11-11;3;1;603;6;1;0;0;0;0;0
25;2025-11-11;4;1;604;8;1;0;0;0;0;0
25;2025-11-11;5;1;605;10;1;0;0;0;0;0
25;2025-11-11;6;1;606;12;0;0;0;0;0;0
25;2025-11-11;7;1;607;14;0;0;0;0;0;0
25;2025-11-11;8;1;608;16;0;0;0;0;0;0
25;2025-11-11;9;1;609;18;0;0;0;0;0;0
25;2025-11-11;10;1;610;20;0;0;0;0;0;0
25;2025-11-11;11;1;611;22;0;0;0;0;0;0
25;2025-11-11;12;1;612;24;0;0;0;0;0;0
25;2025-11-11;13;1;613;26;0;0;0;0;0;0
25;2025-11-11;14;1;614;28;0;0;0;0;0;0
25;2025-11-11;15;1;615;30;0;0;0;0;0;0
25;2025-11-11;16;1;616;32;0;0;0;0;0;0
25;2025-11-11;17;1;617;34;0;0;0;0;0;0
25;2025-11-11;18;1;618;36;0;0;0;0;0;0
25;2025-11-11;19;1;619;38;0;0;0;0;0;0
25;2025-11-11;20;1;620;40;0;0;0;0;0;0
25;2025-11-11;21;1;621;42;0;0;0;0;0;0
25;2025-11-11;22;1;622;44;0;0;0;0;0;0
25;2025-11-11;23;1;623;46;0;0;0;0;0;0
25;2025-11-12;0;2;600;0;1;0;0;0;0;0
25;2025-11-12;1;2;601;2;1;0;0;0;0;0
25;2025-11-12;2;2;602;4;1;0;0;0;0;0
25;2025-11-12;3;2;603;6;1;0;0;0;0;0
25;2025-11-12;4;2;604;8;1;0;0;0;0;0
25;2025-11-12;5;2;605;10;1;0;0;0;0;0
25;2025-11-12;6;2;606;12;0;0;0;0;0;0
25;2025-11-12;7;2;607;14;0;0;0;0;0;0
25;2025-11-12;8;2;608;16;0;0;0;0;0;0
25;2025-11-12;9;2;609;18;0;0;0;0;0;0
25;2025-11-12;10;2;610;20;0;0;0;0;0;0
25;2025-11-12;11;2;611;22;0;0;0;0;0;0
25;2025-11-12;12;2;612;24;0;0;0;0;0;0
25;2025-11-12;13;2;613;26;0;0;0;0;0;0
25;2025-11-12;14;2;614;28;0;0;0;0;0;0
25;2025-11-12;15;2;615;30;0;0;0;0;0;0
25;2025-11-12;16;2;616;32;0;0;0;0;0;0
25;2025-11-12;17;2;617;34;0;0;0;0;0;0
25;2025-11-12;18;2;618;36;0;0;0;0;0;0
25;2025-11-12;19;2;619;38;0;0;0;0;0;0
25;2025-11-12;20;2;620;40;0;0;0;0;0;0
25;2025-11-12;21;2;621;42;0;0;0;0;0;0
25;2025-11-12;22;2;622;44;0;0;0;0;0;0
25;2025-11-12;23;2;623;46;0;0;0;0;0;0
25;2025-11-13;0;3;600;0;1;0;0;0;0;0
25;2025-11-13;1;3;601;2;1;0;0;0;0;0
25;2025-11-13;2;3;602;4;1;0;0;0;0;0
25;2025-11-13;3;3;603;6;1;0;0;0;0;0
25;2025-11-13;4;3;604;8;1;0;0;0;0;0
25;2025-11-13;5;3;605;10;1;0;0;0;0;0
25;2025-11-13;6;3;606;12;0;0;0;0;0;0
25;2025-11-13;7;3;607;14;0;0;0;0;0;0
25;2025-11-13;8;3;608;16;0;0;0;0;0;0
25;2025-11-13;9;3;609;18;0;0;0;0;0;0
25;2025-11-13;10;3;610;20;0;0;0;0;0;0
25;2025-11-13;11;3;611;22;0;0;0;0;0;0
25;2025-11-13;12;3;612;24;0;0;0;0;0;0
25;2025-11-13;13;3;613;26;0;0;0;0;0;0
25;2025-11-13;14;3;614;28;0;0;0;0;0;0
25;2025-11-13;15;3;615;30;0;0;0;0;0;0
25;2025-11-13;16;3;616;32;0;0;0;0;0;0
25;2025-11-13;17;3;617;34;0;0;0;0;0;0
25;2025-11-13;18;3;618;36;0;0;0;0;0;0
25;2025-11-13;19;3;619;38;0;0;0;0;0;0
25;2025-11-13;20;3;620;40;0;0;0;0;0;0
25;2025-11-13;21;3;621;42;0;0;0;0;0;0
25;2025-11-13;22;3;622;44;0;0;0;0;0;0
25;2025-11-13;23;3;623;46;0;0;0;0;0;0
25;2025-11-14;0;4;600;0;1;0;0;0;0;0
25;2025-11-14;1;4;601;2;1;0;0;0;0;0
25;2025-11-14;2;4;602;4;1;0;0;0;0;0
25;2025-11-14;3;4;603;6;1;0;0;0;0;0
25;2025-11-14;4;4;604;8;1;0;0;0;0;0
25;2025-11-14;5;4;605;10;1;0;0;0;0;0
25;2025-11-14;6;4;606;12;0;0;0;0;0;0
25;2025-11-14;7;4;607;14;0;0;0;0;0;0
25;2025-11-14;8;4;608;16;0;0;0;0;0;0
25;2025-11-14;9;4;609;18;0;0;0;0;0;0
25;2025-11-14;10;4;610;20;0;0;0;0;0;0
25;2025-11-14;11;4;611;22;0;0;0;0;0;0
25;2025-11-14;12;4;612;24;0;0;0;0;0;0
25;2025-11-14;13;4;613;26;0;0;0;0;0;0
25;2025-11-14;14;4;614;28;0;0;0;0;0;0
25;2025-11-14;15;4;615;30;0;0;0;0;0;0
25;2025-11-14;16;4;616;32;0;0;0;0;0;0
25;2025-11-14;17;4;617;34;0;0;0;0;0;0
25;2025-11-14;18;4;618;36;0;0;0;0;0;0
25;2025-11-14;19;4;619;38;0;0;0;0;0;0
25;2025-11-14;20;4;620;40;0;0;0;0;0;0
25;2025-11-14;21;4;621;42;0;0;0;0;0;0
25;2025-11-14;22;4;622;44;0;0;0;0;0;0
25;2025-11-14;23;4;623;46;0;0;0;0;0;0
25;2025-11-15;0;5;600;1;1;1;0;0;0;0
25;2025-11-15;1;5;601;3;1;1;0;0;0;0
25;2025-11-15;2;5;602;5;1;1;0;0;0;0
25;2025-11-15;3;5;603;7;1;1;0;0;0;0
25;2025-11-15;4;5;604;9;1;1;0;0;0;0
25;2025-11-15;5;5;605;11;1;1;0;0;0;0
25;2025-11-15;6;5;606;13;0;1;0;0;0;0
25;2025-11-15;7;5;607;15;0;1;0;0;0;0
25;2025-11-15;8;5;608;17;0;1;0;0;0;0
25;2025-11-15;9;5;609;19;0;1;0;0;0;0
25;2025-11-15;10;5;610;21;0;1;0;0;0;0
25;2025-11-15;11;5;611;23;0;1;0;0;0;0
25;2025-11-15;12;5;612;25;0;1;0;0;0;0
25;2025-11-15;13;5;613;27;0;1;0;0;0;0
25;2025-11-15;14;5;614;29;0;1;0;0;0;0
25;2025-11-15;15;5;615;31;0;1;0;0;0;0
25;2025-11-15;16;5;616;33;0;1;0;0;0;0
25;2025-11-15;17;5;617;35;0;1;0;0;0;0
25;2025-11-15;18;5;618;37;0;1;0;0;0;0
25;2025-11-15;19;5;619;39;0;1;0;0;0;0
25;2025-11-15;20;5;620;41;0;1;0;0;0;0
25;2025-11-15;21;5;621;43;0;1;0;0;0;0
25;2025-11-15;22;5;622;45;0;1;0;0;0;0
25;2025-11-15;23;5;623;47;0;1;0;0;0;0
25;2025-11-16;0;6;600;1;1;1;0;0;0;0
25;2025-11-16;1;6;601;3;1;1;0;0;0;0
25;2025-11-16;2;6;602;5;1;1;0;0;0;0
25;2025-11-16;3;6;603;7;1;1;0;0;0;0
25;2025-11-16;4;6;604;9;1;1;0;0;0;0
25;2025-11-16;5;6;605;11;1;1;0;0;0;0
25;2025-11-16;6;6;606;13;0;1;0;0;0;0
25;2025-11-16;7;6;607;15;0;1;0;0;0;0
25;2025-11-16;8;6;608;17;0;1;0;0;0;0
25;2025-11-16;9;6;609;19;0;1;0;0;0;0
25;2025-11-16;10;6;610;21;0;1;0;0;0;0
25;2025-11-16;11;6;611;23;0;1;0;0;0;0
25;2025-11-16;12;6;612;25;0;1;0;0;0;0
25;2025-11-16;13;6;613;27;0;1;0;0;0;0
25;2025-11-16;14;6;614;29;0;1;0;0;0;0
25;2025-11-16;15;6;615;31;0;1;0;0;0;0
25;2025-11-16;16;6;616;33;0;1;0;0;0;0
25;2025-11-16;17;6;617;35;0;1;0;0;0;0
25;2025-11-16;18;6;618;37;0;1;0;0;0;0
25;2025-11-16;19;6;619;39;0;1;0;0;0;0
25;2025-11-16;20;6;620;41;0;1;0;0;0;0
25;2025-11-16;21;6;621;43;0;1;0;0;0;0
25;2025-11-16;22;6;622;45;0;1;0;0;0;0
25;2025-11-16;23;6;623;47;0;1;0;0;0;0
25;2025-11-17;0;0;600;0;1;0;0;0;0;0
25;2025-11-17;1;0;601;2;1;0;0;0;0;0
25;2025-11-17;2;0;602;4;1;0;0;0;0;0
25;2025-11-17;3;0;603;6;1;0;0;0;0;0
25;2025-11-17;4;0;604;8;1;0;0;0;0;0
25;2025-11-17;5;0;605;10;1;0;0;0;0;0
25;2025-11-17;6;0;606;12;0;0;0;0;0;0
25;2025-11-17;7;0;607;14;0;0;0;0;0;0
25;2025-11-17;8;0;608;16;0;0;0;0;0;0
25;2025-11-17;9;0;609;18;0;0;0;0;0;0
25;2025-11-17;10;0;610;20;0;0;0;0;0;0
25;2025-11-17;11;0;611;22;0;0;0;0;0;0
25;2025-11-17;12;0;612;24;0;0;0;0;0;0
25;2025-11-17;13;0;613;26;0;0;0;0;0;0
25;2025-11-17;14;0;614;28;0;0;0;0;0;0
25;2025-11-17;15;0;615;30;0;0;0;0;0;0
25;2025-11-17;16;0;616;32;0;0;0;0;0;0
25;2025-11-17;17;0;617;34;0;0;0;0;0;0
25;2025-11-17;18;0;618;36;0;0;0;0;0;0
25;2025-11-17;19;0;619;38;0;0;0;0;0;0
25;2025-11-17;20;0;620;40;0;0;0;0;0;0
25;2025-11-17;21;0;621;42;0;0;0;0;0;0
25;2025-11-17;22;0;622;44;0;0;0;0;0;0
25;2025-11-17;23;0;623;46;0;0;0;0;0;0
25;2025-11-18;0;1;600;0;1;0;0;0;0;0
25;2025-11-18;1;1;601;2;1;0;0;0;0;0
25;2025-11-18;2;1;602;4;1;0;0;0;0;0
25;2025-11-18;3;1;603;6;1;0;0;0;0;0
25;2025-11-18;4;1;604;8;1;0;0;0;0;0
25;2025-11-18;5;1;605;10;1;0;0;0;0;0
25;2025-11-18;6;1;606;12;0;0;0;0;0;0
25;2025-11-18;7;1;607;14;0;0;0;0;0;0
25;2025-11-18;8;1;608;16;0;0;0;0;0;0
25;2025-11-18;9;1;609;18;0;0;0;0;0;0
25;2025-11-18;10;1;610;20;0;0;0;0;0;0
25;2025-11-18;11;1;611;22;0;0;0;0;0;0
25;2025-11-18;12;1;612;24;0;0;0;0;0;0
25;2025-11-18;13;1;613;26;0;0;0;0;0;0
25;2025-11-18;14;1;614;28;0;0;0;0;0;0
25;2025-11-18;15;1;615;30;0;0;0;0;0;0
25;2025-11-18;16;1;616;32;0;0;0;0;0;0
25;2025-11-18;17;1;617;34;0;0;0;0;0;0
25;2025-11-18;18;1;618;36;0;0;0;0;0;0
25;2025-11-18;19;1;619;38;0;0;0;0;0;0
25;2025-11-18;20;1;620;40;0;0;0;0;0;0
25;2025-11-18;21;1;621;42;0;0;0;0;0;0
25;2025-11-18;22;1;622;44;0;0;0;0;0;0
25;2025-11-18;23;1;623;46;0;0;0;0;0;0
25;2025-11-19;0;2;600;0;1;0;0;0;0;0
25;2025-11-19;1;2;601;2;1;0;0;0;0;0
25;2025-11-19;2;2;602;4;1;0;0;0;0;0
25;2025-11-19;3;2;603;6;1;0;0;0;0;0
25;2025-11-19;4;2;604;8;1;0;0;0;0;0
25;2025-11-19;5;2;605;10;1;0;0;0;0;0
25;2025-11-19;6;2;606;12;0;0;0;0;0;0
25;2025-11-19;7;2;607;14;0;0;0;0;0;0
25;2025-11-19;8;2;608;16;0;0;0;0;0;0
25;2025-11-19;9;2;609;18;0;0;0;0;0;0
25;2025-11-19;10;2;610;20;0;0;0;0;0;0
25;2025-11-19;11;2;611;22;0;0;0;0;0;0
25;2025-11-19;12;2;612;24;0;0;0;0;0;0
25;2025-11-19;13;2;613;26;0;0;0;0;0;0
25;2025-11-19;14;2;614;28;0;0;0;0;0;0
25;2025-11-19;15;2;615;30;0;0;0;0;0;0
25;2025-11-19;16;2;616;32;0;0;0;0;0;0
25;2025-11-19;17;2;617;34;0;0;0;0;0;0
25;2025-11-19;18;2;618;36;0;0;0;0;0;0
25;2025-11-19;19;2;619;38;0;0;0;0;0;0
25;2025-11-19;20;2;620;40;0;0;0;0;0;0
25;2025-11-19;21;2;621;42;0;0;0;0;0;0
25;2025-11-19;22;2;622;44;0;0;0;0;0;0
25;2025-11-19;23;2;623;46;0;0;0;0;0;0
25;2025-11-20;0;3;600;0;1;0;0;0;0;0
25;2025-11-20;1;3;601;2;1;0;0;0;0;0
25;2025-11-20;2;3;602;4;1;0;0;0;0;0
25;2025-11-20;3;3;603;6;1;0;0;0;0;0
25;2025-11-20;4;3;604;8;1;0;0;0;0;0
25;2025-11-20;5;3;605;10;1;0;0;0;0;0
25;2025-11-20;6;3;606;12;0;0;0;0;0;0
25;2025-11-20;7;3;607;14;0;0;0;0;0;0
25;2025-11-20;8;3;608;16;0;0;0;0;0;0
25;2025-11-20;9;3;609;18;0;0;0;0;0;0
25;2025-11-20;10;3;610;20;0;0;0;0;0;0
25;2025-11-20;11;3;611;22;0;0;0;0;0;0
25;2025-11-20;12;3;612;24;0;0;0;0;0;0
25;2025-11-20;13;3;613;26;0;0;0;0;0;0
25;2025-11-20;14;3;614;28;0;0;0;0;0;0
25;2025-11-20;15;3;615;30;0;0;0;0;0;0
25;2025-11-20;16;3;616;32;0;0;0;0;0;0
25;2025-11-20;17;3;617;34;0;0;0;0;0;0
25;2025-11-20;18;3;618;36;0;0;0;0;0;0
25;2025-11-20;19;3;619;38;0;0;0;0;0;0
25;2025-11-20;20;3;620;40;0;0;0;0;0;0
25;2025-11-20;21;3;621;42;0;0;0;0;0;0
25;2025-11-20;22;3;622;44;0;0;0;0;0;0
25;2025-11-20;23;3;623;46;0;0;0;0;0;0
25;2025-11-21;0;4;600;0;1;0;0;0;0;0
25;2025-11-21;1;4;601;2;1;0;0;0;0;0
25;2025-11-21;2;4;602;4;1;0;0;0;0;0
25;2025-11-21;3;4;603;6;1;0;0;0;0;0
25;2025-11-21;4;4;604;8;1;0;0;0;0;0
25;2025-11-21;5;4;605;10;1;0;0;0;0;0
25;2025-11-21;6;4;606;12;0;0;0;0;0;0
25;2025-11-21;7;4;607;14;0;0;0;0;0;0
25;2025-11-21;8;4;608;16;0;0;0;0;0;0
25;2025-11-21;9;4;609;18;0;0;0;0;0;0
25;2025-11-21;10;4;610;20;0;0;0;0;0;0
25;2025-11-21;11;4;611;22;0;0;0;0;0;0
25;2025-11-21;12;4;612;24;0;0;0;0;0;0
25;2025-11-21;13;4;613;26;0;0;0;0;0;0
25;2025-11-21;14;4;614;28;0;0;0;0;0;0
25;2025-11-21;15;4;615;30;0;0;0;0;0;0
25;2025-11-21;16;4;616;32;0;0;0;0;0;0
25;2025-11-21;17;4;617;34;0;0;0;0;0;0
25;2025-11-21;18;4;618;36;0;0;0;0;0;0
25;2025-11-21;19;4;619;38;0;0;0;0;0;0
25;2025-11-21;20;4;620;40;0;0;0;0;0;0
25;2025-11-21;21;4;621;42;0;0;0;0;0;0
25;2025-11-21;22;4;622;44;0;0;0;0;0;0
25;2025-11-21;23;4;623;46;0;0;0;0;0;0
25;2025-11-22;0;5;600;1;1;1;0;0;0;0
25;2025-11-22;1;5;601;3;1;1;0;0;0;0
25;2025-11-22;2;5;602;5;1;1;0;0;0;0
25;2025-11-22;3;5;603;7;1;1;0;0;0;0
25;2025-11-22;4;5;604;9;1;1;0;0;0;0
25;2025-11-22;5;5;605;11;1;1;0;0;0;0
25;2025-11-22;6;5;606;13;0;1;0;0;0;0
25;2025-11-22;7;5;607;15;0;1;0;0;0;0
25;2025-11-22;8;5;608;17;0;1;0;0;0;0
25;2025-11-22;9;5;609;19;0;1;0;0;0;0
25;2025-11-22;10;5;610;21;0;1;0;0;0;0
25;2025-11-22;11;5;611;23;0;1;0;0;0;0
25;2025-11-22;12;5;612;25;0;1;0;0;0;0
25;2025-11-22;13;5;613;27;0;1;0;0;0;0
25;2025-11-22;14;5;614;29;0;1;0;0;0;0
25;2025-11-22;15;5;615;31;0;1;0;0;0;0
25;2025-11-22;16;5;616;33;0;1;0;0;0;0
25;2025-11-22;17;5;617;35;0;1;0;0;0;0
25;2025-11-22;18;5;618;37;0;1;0;0;0;0
25;2025-11-22;19;5;619;39;0;1;0;0;0;0
25;2025-11-22;20;5;620;41;0;1;0;0;0;0
25;2025-11-22;21;5;621;43;0;1;0;0;0;0
25;2025-11-22;22;5;622;45;0;1;0;0;0;0
25;2025-11-22;23;5;623;47;0;1;0;0;0;0
25;2025-11-23;0;6;600;1;1;1;0;0;0;0
25;2025-11-23;1;6;601;3;1;1;0;0;0;0
25;2025-11-23;2;6;602;5;1;1;0;0;0;0
25;2025-11-23;3;6;603;7;1;1;0;0;0;0
25;2025-11-23;4;6;604;9;1;1;0;0;0;0
25;2025-11-23;5;6;605;11;1;1;0;0;0;0
25;2025-11-23;6;6;606;13;0;1;0;0;0;0
25;2025-11-23;7;6;607;15;0;1;0;0;0;0
25;2025-11-23;8;6;608;17;0;1;0;0;0;0
25;2025-11-23;9;6;609;19;0;1;0;0;0;0
25;2025-11-23;10;6;610;21;0;1;0;0;0;0
25;2025-11-23;11;6;611;23;0;1;0;0;0;0
25;2025-11-23;12;6;612;25;0;1;0;0;0;0
25;2025-11-23;13;6;613;27;0;1;0;0;0;0
25;2025-11-23;14;6;614;29;0;1;0;0;0;0
25;2025-11-23;15;6;615;31;0;1;0;0;0;0
25;2025-11-23;16;6;616;33;0;1;0;0;0;0
25;2025-11-23;17;6;617;35;0;1;0;0;0;0
25;2025-11-23;18;6;618;37;0;1;0;0;0;0
25;2025-11-23;19;6;619;39;0;1;0;0;0;0
25;2025-11-23;20;6;620;41;0;1;0;0;0;0
25;2025-11-23;21;6;621;43;0;1;0;0;0;0
25;2025-11-23;22;6;622;45;0;1;0;0;0;0
25;2025-11-23;23;6;623;47;0;1;0;0;0;0
25;2025-11-24;0;0;600;0;1;0;0;0;0;0
25;2025-11-24;1;0;601;2;1;0;0;0;0;0
25;2025-11-24;2;0;602;4;1;0;0;0;0;0
25;2025-11-24;3;0;603;6;1;0;0;0;0;0
25;2025-11-24;4;0;604;8;1;0;0;0;0;0
25;2025-11-24;5;0;605;10;1;0;0;0;0;0
25;2025-11-24;6;0;606;12;0;0;0;0;0;0
25;2025-11-24;7;0;607;14;0;0;0;0;0;0
25;2025-11-24;8;0;608;16;0;0;0;0;0;0
25;2025-11-24;9;0;609;18;0;0;0;0;0;0
25;2025-11-24;10;0;610;20;0;0;0;0;0;0
25;2025-11-24;11;0;611;22;0;0;0;0;0;0
25;2025-11-24;12;0;612;24;0;0;0;0;0;0
25;2025-11-24;13;0;613;26;0;0;0;0;0;0
25;2025-11-24;14;0;614;28;0;0;0;0;0;0
25;2025-11-24;15;0;615;30;0;0;0;0;0;0
25;2025-11-24;16;0;616;32;0;0;0;0;0;0
25;2025-11-24;17;0;617;34;0;0;0;0;0;0
25;2025-11-24;18;0;618;36;0;0;0;0;0;0
25;2025-11-24;19;0;619;38;0;0;0;0;0;0
25;2025-11-24;20;0;620;40;0;0;0;0;0;0
25;2025-11-24;21;0;621;42;0;0;0;0;0;0
25;2025-11-24;22;0;622;44;0;0;0;0;0;0
25;2025-11-24;23;0;623;46;0;0;0;0;0;0
25;2025-11-25;0;1;600;0;1;0;0;0;0;0
25;2025-11-25;1;1;601;2;1;0;0;0;0;0
25;2025-11-25;2;1;602;4;1;0;0;0;0;0
25;2025-11-25;3;1;603;6;1;0;0;0;0;0
25;2025-11-25;4;1;604;8;1;0;0;0;0;0
25;2025-11-25;5;1;605;10;1;0;0;0;0;0
25;2025-11-25;6;1;606;12;0;0;0;0;0;0
25;2025-11-25;7;1;607;14;0;0;0;0;0;0
25;2025-11-25;8;1;608;16;0;0;0;0;0;0
25;2025-11-25;9;1;609;18;0;0;0;0;0;0
25;2025-11-25;10;1;610;20;0;0;0;0;0;0
25;2025-11-25;11;1;611;22;0;0;0;0;0;0
25;2025-11-25;12;1;612;24;0;0;0;0;0;0
25;2025-11-25;13;1;613;26;0;0;0;0;0;0
25;2025-11-25;14;1;614;28;0;0;0;0;0;0
25;2025-11-25;15;1;615;30;0;0;0;0;0;0
25;2025-11-25;16;1;616;32;0;0;0;0;0;0
25;2025-11-25;17;1;617;34;0;0;0;0;0;0
25;2025-11-25;18;1;618;36;0;0;0;0;0;0
25;2025-11-25;19;1;619;38;0;0;0;0;0;0
25;2025-11-25;20;1;620;40;0;0;0;0;0;0
25;2025-11-25;21;1;621;42;0;0;0;0;0;0
25;2025-11-25;22;1;622;44;0;0;0;0;0;0
25;2025-11-25;23;1;623;46;0;0;0;0;0;0
25;2025-11-26;0;2;600;0;1;0;0;0;0;0
25;2025-11-26;1;2;601;2;1;0;0;0;0;0
25;2025-11-26;2;2;602;4;1;0;0;0;0;0
25;2025-11-26;3;2;603;6;1;0;0;0;0;0
25;2025-11-26;4;2;604;8;1;0;0;0;0;0
25;2025-11-26;5;2;605;10;1;0;0;0;0;0
25;2025-11-26;6;2;606;12;0;0;0;0;0;0
25;2025-11-26;7;2;607;14;0;0;0;0;0;0
25;2025-11-26;8;2;608;16;0;0;0;0;0;0
25;2025-11-26;9;2;609;18;0;0;0;0;0;0
25;2025-11-26;10;2;610;20;0;0;0;0;0;0
25;2025-11-26;11;2;611;22;0;0;0;0;0;0
25;2025-11-26;12;2;612;24;0;0;0;0;0;0
25;2025-11-26;13;2;613;26;0;0;0;0;0;0
25;2025-11-26;14;2;614;28;0;0;0;0;0;0
25;2025-11-26;15;2;615;30;0;0;0;0;0;0
25;2025-11-26;16;2;616;32;0;0;0;0;0;0
25;2025-11-26;17;2;617;34;0;0;0;0;0;0
25;2025-11-26;18;2;618;36;0;0;0;0;0;0
25;2025-11-26;19;2;619;38;0;0;0;0;0;0
25;2025-11-26;20;2;620;40;0;0;0;0;0;0
25;2025-11-26;21;2;621;42;0;0;0;0;0;0
25;2025-11-26;22;2;622;44;0;0;0;0;0;0
25;2025-11-26;23;2;623;46;0;0;0;0;0;0
25;2025-11-27;0;3;600;0;1;0;0;0;0;0
25;2025-11-27;1;3;601;2;1;0;0;0;0;0
25;2025-11-27;2;3;602;4;1;0;0;0;0;0
25;2025-11-27;3;3;603;6;1;0;0;0;0;0
25;2025-11-27;4;3;604;8;1;0;0;0;0;0
25;2025-11-27;5;3;605;10;1;0;0;0;0;0
25;2025-11-27;6;3;606;12;0;0;0;0;0;0
25;2025-11-27;7;3;607;14;0;0;0;0;0;0
25;2025-11-27;8;3;608;16;0;0;0;0;0;0
25;2025-11-27;9;3;609;18;0;0;0;0;0;0
25;2025-11-27;10;3;610;20;0;0;0;0;0;0
25;2025-11-27;11;3;611;22;0;0;0;0;0;0
25;2025-11-27;12;3;612;24;0;0;0;0;0;0
25;2025-11-27;13;3;613;26;0;0;0;0;0;0
25;2025-11-27;14;3;614;28;0;0;0;0;0;0
25;2025-11-27;15;3;615;30;0;0;0;0;0;0
25;2025-11-27;16;3;616;32;0;0;0;0;0;0
25;2025-11-27;17;3;617;34;0;0;0;0;0;0
25;2025-11-27;18;3;618;36;0;0;0;0;0;0
25;2025-11-27;19;3;619;38;0;0;0;0;0;0
25;2025-11-27;20;3;620;40;0;0;0;0;0;0
25;2025-11-27;21;3;621;42;0;0;0;0;0;0
25;2025-11-27;22;3;622;44;0;0;0;0;0;0
25;2025-11-27;23;3;623;46;0;0;0;0;0;0
25;2025-11-28;0;4;600;0;1;0;0;0;0;0
25;2025-11-28;1;4;601;2;1;0;0;0;0;0
25;2025-11-28;2;4;602;4;1;0;0;0;0;0
25;2025-11-28;3;4;603;6;1;0;0;0;0;0
25;2025-11-28;4;4;604;8;1;0;0;0;0;0
25;2025-11-28;5;4;605;10;1;0;0;0;0;0
25;2025-11-28;6;4;606;12;0;0;0;0;0;0
25;2025-11-28;7;4;607;14;0;0;0;0;0;0
25;2025-11-28;8;4;608;16;0;0;0;0;0;0
25;2025-11-28;9;4;609;18;0;0;0;0;0;0
25;2025-11-28;10;4;610;20;0;0;0;0;0;0
25;2025-11-28;11;4;611;22;0;0;0;0;0;0
25;2025-11-28;12;4;612;24;0;0;0;0;0;0
25;2025-11-28;13;4;613;26;0;0;0;0;0;0
25;2025-11-28;14;4;614;28;0;0;0;0;0;0
25;2025-11-28;15;4;615;30;0;0;0;0;0;0
25;2025-11-28;16;4;616;32;0;0;0;0;0;0
25;2025-11-28;17;4;617;34;0;0;0;0;0;0
25;2025-11-28;18;4;618;36;0;0;0;0;0;0
25;2025-11-28;19;4;619;38;0;0;0;0;0;0
25;2025-11-28;20;4;620;40;0;0;0;0;0;0
25;2025-11-28;21;4;621;42;0;0;0;0;0;0
25;2025-11-28;22;4;622;44;0;0;0;0;0;0
25;2025-11-28;23;4;623;46;0;0;0;0;0;0
25;2025-11-29;0;5;600;1;1;1;0;0;0;0
25;2025-11-29;1;5;601;3;1;1;0;0;0;0
25;2025-11-29;2;5;602;5;1;1;0;0;0;0
25;2025-11-29;3;5;603;7;1;1;0;0;0;0
25;2025-11-29;4;5;604;9;1;1;0;0;0;0
25;2025-11-29;5;5;605;11;1;1;0;0;0;0
25;2025-11-29;6;5;606;13;0;1;0;0;0;0
25;2025-11-29;7;5;607;15;0;1;0;0;0;0
25;2025-11-29;8;5;608;17;0;1;0;0;0;0
25;2025-11-29;9;5;609;19;0;1;0;0;0;0
25;2025-11-29;10;5;610;21;0;1;0;0;0;0
25;2025-11-29;11;5;611;23;0;1;0;0;0;0
25;2025-11-29;12;5;612;25;0;1;0;0;0;0
25;2025-11-29;13;5;613;27;0;1;0;0;0;0
25;2025-11-29;14;5;614;29;0;1;0;0;0;0
25;2025-11-29;15;5;615;31;0;1;0;0;0;0
25;2025-11-29;16;5;616;33;0;1;0;0;0;0
25;2025-11-29;17;5;617;35;0;1;0;0;0;0
25;2025-11-29;18;5;618;37;0;1;0;0;0;0
25;2025-11-29;19;5;619;39;0;1;0;0;0;0
25;2025-11-29;20;5;620;41;0;1;0;0;0;0
25;2025-11-29;21;5;621;43;0;1;0;0;0;0
25;2025-11-29;22;5;622;45;0;1;0;0;0;0
25;2025-11-29;23;5;623;47;0;1;0;0;0;0
25;2025-11-30;0;6;600;1;1;1;0;0;0;0
25;2025-11-30;1;6;601;3;1;1;0;0;0;0
25;2025-11-30;2;6;602;5;1;1;0;0;0;0
25;2025-11-30;3;6;603;7;1;1;0;0;0;0
25;2025-11-30;4;6;604;9;1;1;0;0;0;0
25;2025-11-30;5;6;605;11;1;1;0;0;0;0
25;2025-11-30;6;6;606;13;0;1;0;0;0;0
25;2025-11-30;7;6;607;15;0;1;0;0;0;0
25;2025-11-30;8;6;608;17;0;1;0;0;0;0
25;2025-11-30;9;6;609;19;0;1;0;0;0;0
25;2025-11-30;10;6;610;21;0;1;0;0;0;0
25;2025-11-30;11;6;611;23;0;1;0;0;0;0
25;2025-11-30;12;6;612;25;0;1;0;0;0;0
25;2025-11-30;13;6;613;27;0;1;0;0;0;0
25;2025-11-30;14;6;614;29;0;1;0;0;0;0
25;2025-11-30;15;6;615;31;0;1;0;0;0;0
25;2025-11-30;16;6;616;33;0;1;0;0;0;0
25;2025-11-30;17;6;617;35;0;1;0;0;0;0
25;2025-11-30;18;6;618;37;0;1;0;0;0;0
25;2025-11-30;19;6;619;39;0;1;0;0;0;0
25;2025-11-30;20;6;620;41;0;1;0;0;0;0
25;2025-11-30;21;6;621;43;0;1;0;0;0;0
25;2025-11-30;22;6;622;45;0;1;0;0;0;0
25;2025-11-30;23;6;623;47;0;1;0;0;0;0
25;2025-12-01;0;0;600;0;1;0;0;0;0;0
25;2025-12-01;1;0;601;2;1;0;0;0;0;0
25;2025-12-01;2;0;602;4;1;0;0;0;0;0
25;2025-12-01;3;0;603;6;1;0;0;0;0;0
25;2025-12-01;4;0;604;8;1;0;0;0;0;0
25;2025-12-01;5;0;605;10;1;0;0;0;0;0
25;2025-12-01;6;0;606;12;0;0;0;0;0;0
25;2025-12-01;7;0;607;14;0;0;0;0;0;0
25;2025-12-01;8;0;608;16;0;0;0;0;0;0
25;2025-12-01;9;0;609;18;0;0;0;0;0;0
25;2025-12-01;10;0;610;20;0;0;0;0;0;0
25;2025-12-01;11;0;611;22;0;0;0;0;0;0
25;2025-12-01;12;0;612;24;0;0;0;0;0;0
25;2025-12-01;13;0;613;26;0;0;0;0;0;0
25;2025-12-01;14;0;614;28;0;0;0;0;0;0
25;2025-12-01;15;0;615;30;0;0;0;0;0;0
25;2025-12-01;16;0;616;32;0;0;0;0;0;0
25;2025-12-01;17;0;617;34;0;0;0;0;0;0
25;2025-12-01;18;0;618;36;0;0;0;0;0;0
25;2025-12-01;19;0;619;38;0;0;0;0;0;0
25;2025-12-01;20;0;620;40;0;0;0;0;0;0
25;2025-12-01;21;0;621;42;0;0;0;0;0;0
25;2025-12-01;22;0;622;44;0;0;0;0;0;0
25;2025-12-01;23;0;623;46;0;0;0;0;0;0
25;2025-12-02;0;1;600;0;1;0;0;0;0;0
25;2025-12-02;1;1;601;2;1;0;0;0;0;0
25;2025-12-02;2;1;602;4;1;0;0;0;0;0
25;2025-12-02;3;1;603;6;1;0;0;0;0;0
25;2025-12-02;4;1;604;8;1;0;0;0;0;0
25;2025-12-02;5;1;605;10;1;0;0;0;0;0
25;2025-12-02;6;1;606;12;0;0;0;0;0;0
25;2025-12-02;7;1;607;14;0;0;0;0;0;0
25;2025-12-02;8;1;608;16;0;0;0;0;0;0
25;2025-12-02;9;1;609;18;0;0;0;0;0;0
25;2025-12-02;10;1;610;20;0;0;0;0;0;0
25;2025-12-02;11;1;611;22;0;0;0;0;0;0
25;2025-12-02;12;1;612;24;0;0;0;0;0;0
25;2025-12-02;13;1;613;26;0;0;0;0;0;0
25;2025-12-02;14;1;614;28;0;0;0;0;0;0
25;2025-12-02;15;1;615;30;0;0;0;0;0;0
25;2025-12-02;16;1;616;32;0;0;0;0;0;0
25;2025-12-02;17;1;617;34;0;0;0;0;0;0
25;2025-12-02;18;1;618;36;0;0;0;0;0;0
25;2025-12-02;19;1;619;38;0;0;0;0;0;0
25;2025-12-02;20;1;620;40;0;0;0;0;0;0
25;2025-12-02;21;1;621;42;0;0;0;0;0;0
25;2025-12-02;22;1;622;44;0;0;0;0;0;0
25;2025-12-02;23;1;623;46;0;0;0;0;0;0
25;2025-12-03;0;2;600;0;1;0;0;0;0;0
25;2025-12-03;1;2;601;2;1;0;0;0;0;0
25;2025-12-03;2;2;602;4;1;0;0;0;0;0
25;2025-12-03;3;2;603;6;1;0;0;0;0;0
25;2025-12-03;4;2;604;8;1;0;0;0;0;0
25;2025-12-03;5;2;605;10;1;0;0;0;0;0
25;2025-12-03;6;2;606;12;0;0;0;0;0;0
25;2025-12-03;7;2;607;14;0;0;0;0;0;0
25;2025-12-03;8;2;608;16;0;0;0;0;0;0
25;2025-12-03;9;2;609;18;0;0;0;0;0;0
25;2025-12-03;10;2;610;20;0;0;0;0;0;0
25;2025-12-03;11;2;611;22;0;0;0;0;0;0
25;2025-12-03;12;2;612;24;0;0;0;0;0;0
25;2025-12-03;13;2;613;26;0;0;0;0;0;0
25;2025-12-03;14;2;614;28;0;0;0;0;0;0
25;2025-12-03;15;2;615;30;0;0;0;0;0;0
25;2025-12-03;16;2;616;32;0;0;0;0;0;0
25;2025-12-03;17;2;617;34;0;0;0;0;0;0
25;2025-12-03;18;2;618;36;0;0;0;0;0;0
25;2025-12-03;19;2;619;38;0;0;0;0;0;0
25;2025-12-03;20;2;620;40;0;0;0;0;0;0
25;2025-12-03;21;2;621;42;0;0;0;0;0;0
25;2025-12-03;22;2;622;44;0;0;0;0;0;0
25;2025-12-03;23;2;623;46;0;0;0;0;0;0
25;2025-12-04;0;3;600;0;1;0;0;0;0;0
25;2025-12-04;1;3;601;2;1;0;0;0;0;0
25;2025-12-04;2;3;602;4;1;0;0;0;0;0
25;2025-12-04;3;3;603;6;1;0;0;0;0;0
25;2025-12-04;4;3;604;8;1;0;0;0;0;0
25;2025-12-04;5;3;605;10;1;0;0;0;0;0
25;2025-12-04;6;3;606;12;0;0;0;0;0;0
25;2025-12-04;7;3;607;14;0;0;0;0;0;0
25;2025-12-04;8;3;608;16;0;0;0;0;0;0
25;2025-12-04;9;3;609;18;0;0;0;0;0;0
25;2025-12-04;10;3;610;20;0;0;0;0;0;0
25;2025-12-04;11;3;611;22;0;0;0;0;0;0
25;2025-12-04;12;3;612;24;0;0;0;0;0;0
25;2025-12-04;13;3;613;26;0;0;0;0;0;0
25;2025-12-04;14;3;614;28;0;0;0;0;0;0
25;2025-12-04;15;3;615;30;0;0;0;0;0;0
25;2025-12-04;16;3;616;32;0;0;0;0;0;0
25;2025-12-04;17;3;617;34;0;0;0;0;0;0
25;2025-12-04;18;3;618;36;0;0;0;0;0;0
25;2025-12-04;19;3;619;38;0;0;0;0;0;0
25;2025-12-04;20;3;620;40;0;0;0;0;0;0
25;2025-12-04;21;3;621;42;0;0;0;0;0;0
25;2025-12-04;22;3;622;44;0;0;0;0;0;0
25;2025-12-04;23;3;623;46;0;0;0;0;0;0
25;2025-12-05;0;4;600;0;1;0;0;0;0;0
25;2025-12-05;1;4;601;2;1;0;0;0;0;0
25;2025-12-05;2;4;602;4;1;0;0;0;0;0
25;2025-12-05;3;4;603;6;1;0;0;0;0;0
25;2025-12-05;4;4;604;8;1;0;0;0;0;0
25;2025-12-05;5;4;605;10;1;0;0;0;0;0
25;2025-12-05;6;4;606;12;0;0;0;0;0;0
25;2025-12-05;7;4;607;14;0;0;0;0;0;0
25;2025-12-05;8;4;608;16;0;0;0;0;0;0
25;2025-12-05;9;4;609;18;0;0;0;0;0;0
25;2025-12-05;10;4;610;20;0;0;0;0;0;0
25;2025-12-05;11;4;611;22;0;0;0;0;0;0
25;2025-12-05;12;4;612;24;0;0;0;0;0;0
25;2025-12-05;13;4;613;26;0;0;0;0;0;0
25;2025-12-05;14;4;614;28;0;0;0;0;0;0
25;2025-12-05;15;4;615;30;0;0;0;0;0;0
25;2025-12-05;16;4;616;32;0;0;0;0;0;0
25;2025-12-05;17;4;617;34;0;0;0;0;0;0
25;2025-12-05;18;4;618;36;0;0;0;0;0;0
25;2025-12-05;19;4;619;38;0;0;0;0;0;0
25;2025-12-05;20;4;620;40;0;0;0;0;0;0
25;2025-12-05;21;4;621;42;0;0;0;0;0;0
25;2025-12-05;22;4;622;44;0;0;0;0;0;0
25;2025-12-05;23;4;623;46;0;0;0;0;0;0
25;2025-12-06;0;5;600;1;1;1;0;0;0;0
25;2025-12-06;1;5;601;3;1;1;0;0;0;0
25;2025-12-06;2;5;602;5;1;1;0;0;0;0
25;2025-12-06;3;5;603;7;1;1;0;0;0;0
25;2025-12-06;4;5;604;9;1;1;0;0;0;0
25;2025-12-06;5;5;605;11;1;1;0;0;0;0
25;2025-12-06;6;5;606;13;0;1;0;0;0;0
25;2025-12-06;7;5;607;15;0;1;0;0;0;0
25;2025-12-06;8;5;608;17;0;1;0;0;0;0
25;2025-12-06;9;5;609;19;0;1;0;0;0;0
25;2025-12-06;10;5;610;21;0;1;0;0;0;0
25;2025-12-06;11;5;611;23;0;1;0;0;0;0
25;2025-12-06;12;5;612;25;0;1;0;0;0;0
25;2025-12-06;13;5;613;27;0;1;0;0;0;0
25;2025-12-06;14;5;614;29;0;1;0;0;0;0
25;2025-12-06;15;5;615;31;0;1;0;0;0;0
25;2025-12-06;16;5;616;33;0;1;0;0;0;0
25;2025-12-06;17;5;617;35;0;1;0;0;0;0
25;2025-12-06;18;5;618;37;0;1;0;0;0;0
25;2025-12-06;19;5;619;39;0;1;0;0;0;0
25;2025-12-06;20;5;620;41;0;1;0;0;0;0
25;2025-12-06;21;5;621;43;0;1;0;0;0;0
25;2025-12-06;22;5;622;45;0;1;0;0;0;0
25;2025-12-06;23;5;623;47;0;1;0;0;0;0
25;2025-12-07;0;6;600;1;1;1;0;0;0;0
25;2025-12-07;1;6;601;3;1;1;0;0;0;0
25;2025-12-07;2;6;602;5;1;1;0;0;0;0
25;2025-12-07;3;6;603;7;1;1;0;0;0;0
25;2025-12-07;4;6;604;9;1;1;0;0;0;0
25;2025-12-07;5;6;605;11;1;1;0;0;0;0
25;2025-12-07;6;6;606;13;0;1;0;0;0;0
25;2025-12-07;7;6;607;15;0;1;0;0;0;0
25;2025-12-07;8;6;608;17;0;1;0;0;0;0
25;2025-12-07;9;6;609;19;0;1;0;0;0;0
25;2025-12-07;10;6;610;21;0;1;0;0;0;0
25;2025-12-07;11;6;611;23;0;1;0;0;0;0
25;2025-12-07;12;6;612;25;0;1;0;0;0;0
25;2025-12-07;13;6;613;27;0;1;0;0;0;0
25;2025-12-07;14;6;614;29;0;1;0;0;0;0
25;2025-12-07;15;6;615;31;0;1;0;0;0;0
25;2025-12-07;16;6;616;33;0;1;0;0;0;0
25;2025-12-07;17;6;617;35;0;1;0;0;0;0
25;2025-12-07;18;6;618;37;0;1;0;0;0;0
25;2025-12-07;19;6;619;39;0;1;0;0;0;0
25;2025-12-07;20;6;620;41;0;1;0;0;0;0
25;2025-12-07;21;6;621;43;0;1;0;0;0;0
25;2025-12-07;22;6;622;45;0;1;0;0;0;0
25;2025-12-07;23;6;623;47;0;1;0;0;0;0
25;2025-12-08;0;0;600;0;1;0;0;0;0;0
25;2025-12-08;1;0;601;2;1;0;0;0;0;0
25;2025-12-08;2;0;602;4;1;0;0;0;0;0
25;2025-12-08;3;0;603;6;1;0;0;0;0;0
25;2025-12-08;4;0;604;8;1;0;0;0;0;0
25;2025-12-08;5;0;605;10;1;0;0;0;0;0
25;2025-12-08;6;0;606;12;0;0;0;0;0;0
25;2025-12-08;7;0;607;14;0;0;0;0;0;0
25;2025-12-08;8;0;608;16;0;0;0;0;0;0
25;2025-12-08;9;0;609;18;0;0;0;0;0;0
25;2025-12-08;10;0;610;20;0;0;0;0;0;0
25;2025-12-08;11;0;611;22;0;0;0;0;0;0
25;2025-12-08;12;0;612;24;0;0;0;0;0;0
25;2025-12-08;13;0;613;26;0;0;0;0;0;0
25;2025-12-08;14;0;614;28;0;0;0;0;0;0
25;2025-12-08;15;0;615;30;0;0;0;0;0;0
25;2025-12-08;16;0;616;32;0;0;0;0;0;0
25;2025-12-08;17;0;617;34;0;0;0;0;0;0
25;2025-12-08;18;0;618;36;0;0;0;0;0;0
25;2025-12-08;19;0;619;38;0;0;0;0;0;0
25;2025-12-08;20;0;620;40;0;0;0;0;0;0
25;2025-12-08;21;0;621;42;0;0;0;0;0;0
25;2025-12-08;22;0;622;44;0;0;0;0;0;0
25;2025-12-08;23;0;623;46;0;0;0;0;0;0
25;2025-12-09;0;1;600;0;1;0;0;0;0;0
25;2025-12-09;1;1;601;2;1;0;0;0;0;0
25;2025-12-09;2;1;602;4;1;0;0;0;0;0
25;2025-12-09;3;1;603;6;1;0;0;0;0;0
25;2025-12-09;4;1;604;8;1;0;0;0;0;0
25;2025-12-09;5;1;605;10;1;0;0;0;0;0
25;2025-12-09;6;1;606;12;0;0;0;0;0;0
25;2025-12-09;7;1;607;14;0;0;0;0;0;0
25;2025-12-09;8;1;608;16;0;0;0;0;0;0
25;2025-12-09;9;1;609;18;0;0;0;0;0;0
25;2025-12-09;10;1;610;20;0;0;0;0;0;0
25;2025-12-09;11;1;611;22;0;0;0;0;0;0
25;2025-12-09;12;1;612;24;0;0;0;0;0;0
25;2025-12-09;13;1;613;26;0;0;0;0;0;0
25;2025-12-09;14;1;614;28;0;0;0;0;0;0
25;2025-12-09;15;1;615;30;0;0;0;0;0;0
25;2025-12-09;16;1;616;32;0;0;0;0;0;0
25;2025-12-09;17;1;617;34;0;0;0;0;0;0
25;2025-12-09;18;1;618;36;0;0;0;0;0;0
25;2025-12-09;19;1;619;38;0;0;0;0;0;0
25;2025-12-09;20;1;620;40;0;0;0;0;0;0
25;2025-12-09;21;1;621;42;0;0;0;0;0;0
25;2025-12-09;22;1;622;44;0;0;0;0;0;0
25;2025-12-09;23;1;623;46;0;0;0;0;0;0
25;2025-12-10;0;2;600;0;1;0;0;0;0;0
25;2025-12-10;1;2;601;2;1;0;0;0;0;0
25;2025-12-10;2;2;602;4;1;0;0;0;0;0
25;2025-12-10;3;2;603;6;1;0;0;0;0;0
25;2025-12-10;4;2;604;8;1;0;0;0;0;0
25;2025-12-10;5;2;605;10;1;0;0;0;0;0
25;2025-12-10;6;2;606;12;0;0;0;0;0;0
25;2025-12-10;7;2;607;14;0;0;0;0;0;0
25;2025-12-10;8;2;608;16;0;0;0;0;0;0
25;2025-12-10;9;2;609;18;0;0;0;0;0;0
25;2025-12-10;10;2;610;20;0;0;0;0;0;0
25;2025-12-10;11;2;611;22;0;0;0;0;0;0
25;2025-12-10;12;2;612;24;0;0;0;0;0;0
25;2025-12-10;13;2;613;26;0;0;0;0;0;0
25;2025-12-10;14;2;614;28;0;0;0;0;0;0
25;2025-12-10;15;2;615;30;0;0;0;0;0;0
25;2025-12-10;16;2;616;32;0;0;0;0;0;0
25;2025-12-10;17;2;617;34;0;0;0;0;0;0
25;2025-12-10;18;2;618;36;0;0;0;0;0;0
25;2025-12-10;19;2;619;38;0;0;0;0;0;0
25;2025-12-10;20;2;620;40;0;0;0;0;0;0
25;2025-12-10;21;2;621;42;0;0;0;0;0;0
25;2025-12-10;22;2;622;44;0;0;0;0;0;0
25;2025-12-10;23;2;623;46;0;0;0;0;0;0
25;2025-12-11;0;3;600;0;1;0;0;0;0;0
25;2025-12-11;1;3;601;2;1;0;0;0;0;0
25;2025-12-11;2;3;602;4;1;0;0;0;0;0
25;2025-12-11;3;3;603;6;1;0;0;0;0;0
25;2025-12-11;4;3;604;8;1;0;0;0;0;0
25;2025-12-11;5;3;605;10;1;0;0;0;0;0
25;2025-12-11;6;3;606;12;0;0;0;0;0;0
25;2025-12-11;7;3;607;14;0;0;0;0;0;0
25;2025-12-11;8;3;608;16;0;0;0;0;0;0
25;2025-12-11;9;3;609;18;0;0;0;0;0;0
25;2025-12-11;10;3;610;20;0;0;0;0;0;0
25;2025-12-11;11;3;611;22;0;0;0;0;0;0
25;2025-12-11;12;3;612;24;0;0;0;0;0;0
25;2025-12-11;13;3;613;26;0;0;0;0;0;0
25;2025-12-11;14;3;614;28;0;0;0;0;0;0
25;2025-12-11;15;3;615;30;0;0;0;0;0;0
25;2025-12-11;16;3;616;32;0;0;0;0;0;0
25;2025-12-11;17;3;617;34;0;0;0;0;0;0
25;2025-12-11;18;3;618;36;0;0;0;0;0;0
25;2025-12-11;19;3;619;38;0;0;0;0;0;0
25;2025-12-11;20;3;620;40;0;0;0;0;0;0
25;2025-12-11;21;3;621;42;0;0;0;0;0;0
25;2025-12-11;22;3;622;44;0;0;0;0;0;0
25;2025-12-11;23;3;623;46;0;0;0;0;0;0
25;2025-12-12;0;4;600;0;1;0;0;0;0;0
25;2025-12-12;1;4;601;2;1;0;0;0;0;0
25;2025-12-12;2;4;602;4;1;0;0;0;0;0
25;2025-12-12;3;4;603;6;1;0;0;0;0;0
25;2025-12-12;4;4;604;8;1;0;0;0;0;0
25;2025-12-12;5;4;605;10;1;0;0;0;0;0
25;2025-12-12;6;4;606;12;0;0;0;0;0;0
25;2025-12-12;7;4;607;14;0;0;0;0;0;0
25;2025-12-12;8;4;608;16;0;0;0;0;0;0
25;2025-12-12;9;4;609;18;0;0;0;0;0;0
25;2025-12-12;10;4;610;20;0;0;0;0;0;0
25;2025-12-12;11;4;611;22;0;0;0;0;0;0
25;2025-12-12;12;4;612;24;0;0;0;0;0;0
25;2025-12-12;13;4;613;26;0;0;0;0;0;0
25;2025-12-12;14;4;614;28;0;0;0;0;0;0
25;2025-12-12;15;4;615;30;0;0;0;0;0;0
25;2025-12-12;16;4;616;32;0;0;0;0;0;0
25;2025-12-12;17;4;617;34;0;0;0;0;0;0
25;2025-12-12;18;4;618;36;0;0;0;0;0;0
25;2025-12-12;19;4;619;38;0;0;0;0;0;0
25;2025-12-12;20;4;620;40;0;0;0;0;0;0
25;2025-12-12;21;4;621;42;0;0;0;0;0;0
25;2025-12-12;22;4;622;44;0;0;0;0;0;0
25;2025-12-12;23;4;623;46;0;0;0;0;0;0
25;2025-12-13;0;5;600;1;1;1;0;0;0;0
25;2025-12-13;1;5;601;3;1;1;0;0;0;0
25;2025-12-13;2;5;602;5;1;1;0;0;0;0
25;2025-12-13;3;5;603;7;1;1;0;0;0;0
25;2025-12-13;4;5;604;9;1;1;0;0;0;0
25;2025-12-13;5;5;605;11;1;1;0;0;0;0
25;2025-12-13;6;5;606;13;0;1;0;0;0;0
25;2025-12-13;7;5;607;15;0;1;0;0;0;0
25;2025-12-13;8;5;608;17;0;1;0;0;0;0
25;2025-12-13;9;5;609;19;0;1;0;0;0;0
25;2025-12-13;10;5;610;21;0;1;0;0;0;0
25;2025-12-13;11;5;611;23;0;1;0;0;0;0
25;2025-12-13;12;5;612;25;0;1;0;0;0;0
25;2025-12-13;13;5;613;27;0;1;0;0;0;0
25;2025-12-13;14;5;614;29;0;1;0;0;0;0
25;2025-12-13;15;5;615;31;0;1;0;0;0;0
25;2025-12-13;16;5;616;33;0;1;0;0;0;0
25;2025-12-13;17;5;617;35;0;1;0;0;0;0
25;2025-12-13;18;5;618;37;0;1;0;0;0;0
25;2025-12-13;19;5;619;39;0;1;0;0;0;0
25;2025-12-13;20;5;620;41;0;1;0;0;0;0
25;2025-12-13;21;5;621;43;0;1;0;0;0;0
25;2025-12-13;22;5;622;45;0;1;0;0;0;0
25;2025-12-13;23;5;623;47;0;1;0;0;0;0
25;2025-12-14;0;6;600;1;1;1;0;0;0;0
25;2025-12-14;1;6;601;3;1;1;0;0;0;0
25;2025-12-14;2;6;602;5;1;1;0;0;0;0
25;2025-12-14;3;6;603;7;1;1;0;0;0;0
25;2025-12-14;4;6;604;9;1;1;0;0;0;0
25;2025-12-14;5;6;605;11;1;1;0;0;0;0
25;2025-12-14;6;6;606;13;0;1;0;0;0;0
25;2025-12-14;7;6;607;15;0;1;0;0;0;0
25;2025-12-14;8;6;608;17;0;1;0;0;0;0
25;2025-12-14;9;6;609;19;0;1;0;0;0;0
25;2025-12-14;10;6;610;21;0;1;0;0;0;0
25;2025-12-14;11;6;611;23;0;1;0;0;0;0
25;2025-12-14;12;6;612;25;0;1;0;0;0;0
25;2025-12-14;13;6;613;27;0;1;0;0;0;0
25;2025-12-14;14;6;614;29;0;1;0;0;0;0
25;2025-12-14;15;6;615;31;0;1;0;0;0;0
25;2025-12-14;16;6;616;33;0;1;0;0;0;0
25;2025-12-14;17;6;617;35;0;1;0;0;0;0
25;2025-12-14;18;6;618;37;0;1;0;0;0;0
25;2025-12-14;19;6;619;39;0;1;0;0;0;0
25;2025-12-14;20;6;620;41;0;1;0;0;0;0
25;2025-12-14;21;6;621;43;0;1;0;0;0;0
25;2025-12-14;22;6;622;45;0;1;0;0;0;0
25;2025-12-14;23;6;623;47;0;1;0;0;0;0
25;2025-12-15;0;0;600;0;1;0;0;0;0;0
25;2025-12-15;1;0;601;2;1;0;0;0;0;0
25;2025-12-15;2;0;602;4;1;0;0;0;0;0
25;2025-12-15;3;0;603;6;1;0;0;0;0;0
25;2025-12-15;4;0;604;8;1;0;0;0;0;0
25;2025-12-15;5;0;605;10;1;0;0;0;0;0
25;2025-12-15;6;0;606;12;0;0;0;0;0;0
25;2025-12-15;7;0;607;14;0;0;0;0;0;0
25;2025-12-15;8;0;608;16;0;0;0;0;0;0
25;2025-12-15;9;0;609;18;0;0;0;0;0;0
25;2025-12-15;10;0;610;20;0;0;0;0;0;0
25;2025-12-15;11;0;611;22;0;0;0;0;0;0
25;2025-12-15;12;0;612;24;0;0;0;0;0;0
25;2025-12-15;13;0;613;26;0;0;0;0;0;0
25;2025-12-15;14;0;614;28;0;0;0;0;0;0
25;2025-12-15;15;0;615;30;0;0;0;0;0;0
25;2025-12-15;16;0;616;32;0;0;0;0;0;0
25;2025-12-15;17;0;617;34;0;0;0;0;0;0
25;2025-12-15;18;0;618;36;0;0;0;0;0;0
25;2025-12-15;19;0;619;38;0;0;0;0;0;0
25;2025-12-15;20;0;620;40;0;0;0;0;0;0
25;2025-12-15;21;0;621;42;0;0;0;0;0;0
25;2025-12-15;22;0;622;44;0;0;0;0;0;0
25;2025-12-15;23;0;623;46;0;0;0;0;0;0
25;2025-12-16;0;1;600;0;1;0;0;0;0;0
25;2025-12-16;1;1;601;2;1;0;0;0;0;0
25;2025-12-16;2;1;602;4;1;0;0;0;0;0
25;2025-12-16;3;1;603;6;1;0;0;0;0;0
25;2025-12-16;4;1;604;8;1;0;0;0;0;0
25;2025-12-16;5;1;605;10;1;0;0;0;0;0
25;2025-12-16;6;1;606;12;0;0;0;0;0;0
25;2025-12-16;7;1;607;14;0;0;0;0;0;0
25;2025-12-16;8;1;608;16;0;0;0;0;0;0
25;2025-12-16;9;1;609;18;0;0;0;0;0;0
25;2025-12-16;10;1;610;20;0;0;0;0;0;0
25;2025-12-16;11;1;611;22;0;0;0;0;0;0
25;2025-12-16;12;1;612;24;0;0;0;0;0;0
25;2025-12-16;13;1;613;26;0;0;0;0;0;0
25;2025-12-16;14;1;614;28;0;0;0;0;0;0
25;2025-12-16;15;1;615;30;0;0;0;0;0;0
25;2025-12-16;16;1;616;32;0;0;0;0;0;0
25;2025-12-16;17;1;617;34;0;0;0;0;0;0
25;2025-12-16;18;1;618;36;0;0;0;0;0;0
25;2025-12-16;19;1;619;38;0;0;0;0;0;0
25;2025-12-16;20;1;620;40;0;0;0;0;0;0
25;2025-12-16;21;1;621;42;0;0;0;0;0;0
25;2025-12-16;22;1;622;44;0;0;0;0;0;0
25;2025-12-16;23;1;623;46;0;0;0;0;0;0
25;2025-12-17;0;2;600;0;1;0;0;0;0;0
25;2025-12-17;1;2;601;2;1;0;0;0;0;0
25;2025-12-17;2;2;602;4;1;0;0;0;0;0
25;2025-12-17;3;2;603;6;1;0;0;0;0;0
25;2025-12-17;4;2;604;8;1;0;0;0;0;0
25;2025-12-17;5;2;605;10;1;0;0;0;0;0
25;2025-12-17;6;2;606;12;0;0;0;0;0;0
25;2025-12-17;7;2;607;14;0;0;0;0;0;0
25;2025-12-17;8;2;608;16;0;0;0;0;0;0
25;2025-12-17;9;2;609;18;0;0;0;0;0;0
25;2025-12-17;10;2;610;20;0;0;0;0;0;0
25;2025-12-17;11;2;611;22;0;0;0;0;0;0
25;2025-12-17;12;2;612;24;0;0;0;0;0;0
25;2025-12-17;13;2;613;26;0;0;0;0;0;0
25;2025-12-17;14;2;614;28;0;0;0;0;0;0
25;2025-12-17;15;2;615;30;0;0;0;0;0;0
25;2025-12-17;16;2;616;32;0;0;0;0;0;0
25;2025-12-17;17;2;617;34;0;0;0;0;0;0
25;2025-12-17;18;2;618;36;0;0;0;0;0;0
25;2025-12-17;19;2;619;38;0;0;0;0;0;0
25;2025-12-17;20;2;620;40;0;0;0;0;0;0
25;2025-12-17;21;2;621;42;0;0;0;0;0;0
25;2025-12-17;22;2;622;44;0;0;0;0;0;0
25;2025-12-17;23;2;623;46;0;0;0;0;0;0
25;2025-12-18;0;3;600;0;1;0;0;0;0;0
25;2025-12-18;1;3;601;2;1;0;0;0;0;0
25;2025-12-18;2;3;602;4;1;0;0;0;0;0
25;2025-12-18;3;3;603;6;1;0;0;0;0;0
25;2025-12-18;4;3;604;8;1;0;0;0;0;0
25;2025-12-18;5;3;605;10;1;0;0;0;0;0
25;2025-12-18;6;3;606;12;0;0;0;0;0;0
25;2025-12-18;7;3;607;14;0;0;0;0;0;0
25;2025-12-18;8;3;608;16;0;0;0;0;0;0
25;2025-12-18;9;3;609;18;0;0;0;0;0;0
25;2025-12-18;10;3;610;20;0;0;0;0;0;0
25;2025-12-18;11;3;611;22;0;0;0;0;0;0
25;2025-12-18;12;3;612;24;0;0;0;0;0;0
25;2025-12-18;13;3;613;26;0;0;0;0;0;0
25;2025-12-18;14;3;614;28;0;0;0;0;0;0
25;2025-12-18;15;3;615;30;0;0;0;0;0;0
25;2025-12-18;16;3;616;32;0;0;0;0;0;0
25;2025-12-18;17;3;617;34;0;0;0;0;0;0
25;2025-12-18;18;3;618;36;0;0;0;0;0;0
25;2025-12-18;19;3;619;38;0;0;0;0;0;0
25;2025-12-18;20;3;620;40;0;0;0;0;0;0
25;2025-12-18;21;3;621;42;0;0;0;0;0;0
25;2025-12-18;22;3;622;44;0;0;0;0;0;0
25;2025-12-18;23;3;623;46;0;0;0;0;0;0
25;2025-12-19;0;4;600;0;1;0;0;0;0;0
25;2025-12-19;1;4;601;2;1;0;0;0;0;0
25;2025-12-19;2;4;602;4;1;0;0;0;0;0
25;2025-12-19;3;4;603;6;1;0;0;0;0;0
25;2025-12-19;4;4;604;8;1;0;0;0;0;0
25;2025-12-19;5;4;605;10;1;0;0;0;0;0
25;2025-12-19;6;4;606;12;0;0;0;0;0;0
25;2025-12-19;7;4;607;14;0;0;0;0;0;0
25;2025-12-19;8;4;608;16;0;0;0;0;0;0
25;2025-12-19;9;4;609;18;0;0;0;0;0;0
25;2025-12-19;10;4;610;20;0;0;0;0;0;0
25;2025-12-19;11;4;611;22;0;0;0;0;0;0
25;2025-12-19;12;4;612;24;0;0;0;0;0;0
25;2025-12-19;13;4;613;26;0;0;0;0;0;0
25;2025-12-19;14;4;614;28;0;0;0;0;0;0
25;2025-12-19;15;4;615;30;0;0;0;0;0;0
25;2025-12-19;16;4;616;32;0;0;0;0;0;0
25;2025-12-19;17;4;617;34;0;0;0;0;0;0
25;2025-12-19;18;4;618;36;0;0;0;0;0;0
25;2025-12-19;19;4;619;38;0;0;0;0;0;0
25;2025-12-19;20;4;620;40;0;0;0;0;0;0
25;2025-12-19;21;4;621;42;0;0;0;0;0;0
25;2025-12-19;22;4;622;44;0;0;0;0;0;0
25;2025-12-19;23;4;623;46;0;0;0;0;0;0
25;2025-12-20;0;5;600;1;1;1;0;0;0;0
25;2025-12-20;1;5;601;3;1;1;0;0;0;0
25;2025-12-20;2;5;602;5;1;1;0;0;0;0
25;2025-12-20;3;5;603;7;1;1;0;0;0;0
25;2025-12-20;4;5;604;9;1;1;0;0;0;0
25;2025-12-20;5;5;605;11;1;1;0;0;0;0
25;2025-12-20;6;5;606;13;0;1;0;0;0;0
25;2025-12-20;7;5;607;15;0;1;0;0;0;0
25;2025-12-20;8;5;608;17;0;1;0;0;0;0
25;2025-12-20;9;5;609;19;0;1;0;0;0;0
25;2025-12-20;10;5;610;21;0;1;0;0;0;0
25;2025-12-20;11;5;611;23;0;1;0;0;0;0
25;2025-12-20;12;5;612;25;0;1;0;0;0;0
25;2025-12-20;13;5;613;27;0;1;0;0;0;0
25;2025-12-20;14;5;614;29;0;1;0;0;0;0
25;2025-12-20;15;5;615;31;0;1;0;0;0;0
25;2025-12-20;16;5;616;33;0;1;0;0;0;0
25;2025-12-20;17;5;617;35;0;1;0;0;0;0
25;2025-12-20;18;5;618;37;0;1;0;0;0;0
25;2025-12-20;19;5;619;39;0;1;0;0;0;0
25;2025-12-20;20;5;620;41;0;1;0;0;0;0
25;2025-12-20;21;5;621;43;0;1;0;0;0;0
25;2025-12-20;22;5;622;45;0;1;0;0;0;0
25;2025-12-20;23;5;623;47;0;1;0;0;0;0
25;2025-12-21;0;6;600;1;1;1;0;0;0;0
25;2025-12-21;1;6;601;3;1;1;0;0;0;0
25;2025-12-21;2;6;602;5;1;1;0;0;0;0
25;2025-12-21;3;6;603;7;1;1;0;0;0;0
25;2025-12-21;4;6;604;9;1;1;0;0;0;0
25;2025-12-21;5;6;605;11;1;1;0;0;0;0
25;2025-12-21;6;6;606;13;0;1;0;0;0;0
25;2025-12-21;7;6;607;15;0;1;0;0;0;0
25;2025-12-21;8;6;608;17;0;1;0;0;0;0
25;2025-12-21;9;6;609;19;0;1;0;0;0;0
25;2025-12-21;10;6;610;21;0;1;0;0;0;0
25;2025-12-21;11;6;611;23;0;1;0;0;0;0
25;2025-12-21;12;6;612;25;0;1;0;0;0;0
25;2025-12-21;13;6;613;27;0;1;0;0;0;0
25;2025-12-21;14;6;614;29;0;1;0;0;0;0
25;2025-12-21;15;6;615;31;0;1;0;0;0;0
25;2025-12-21;16;6;616;33;0;1;0;0;0;0
25;2025-12-21;17;6;617;35;0;1;0;0;0;0
25;2025-12-21;18;6;618;37;0;1;0;0;0;0
25;2025-12-21;19;6;619;39;0;1;0;0;0;0
25;2025-12-21;20;6;620;41;0;1;0;0;0;0
25;2025-12-21;21;6;621;43;0;1;0;0;0;0
25;2025-12-21;22;6;622;45;0;1;0;0;0;0
25;2025-12-21;23;6;623;47;0;1;0;0;0;0
25;2025-12-22;0;0;600;0;1;0;0;0;0;0
25;2025-12-22;1;0;601;2;1;0;0;0;0;0
25;2025-12-22;2;0;602;4;1;0;0;0;0;0
25;2025-12-22;3;0;603;6;1;0;0;0;0;0
25;2025-12-22;4;0;604;8;1;0;0;0;0;0
25;2025-12-22;5;0;605;10;1;0;0;0;0;0
25;2025-12-22;6;0;606;12;0;0;0;0;0;0
25;2025-12-22;7;0;607;14;0;0;0;0;0;0
25;2025-12-22;8;0;608;16;0;0;0;0;0;0
25;2025-12-22;9;0;609;18;0;0;0;0;0;0
25;2025-12-22;10;0;610;20;0;0;0;0;0;0
25;2025-12-22;11;0;611;22;0;0;0;0;0;0
25;2025-12-22;12;0;612;24;0;0;0;0;0;0
25;2025-12-22;13;0;613;26;0;0;0;0;0;0
25;2025-12-22;14;0;614;28;0;0;0;0;0;0
25;2025-12-22;15;0;615;30;0;0;0;0;0;0
25;2025-12-22;16;0;616;32;0;0;0;0;0;0
25;2025-12-22;17;0;617;34;0;0;0;0;0;0
25;2025-12-22;18;0;618;36;0;0;0;0;0;0
25;2025-12-22;19;0;619;38;0;0;0;0;0;0
25;2025-12-22;20;0;620;40;0;0;0;0;0;0
25;2025-12-22;21;0;621;42;0;0;0;0;0;0
25;2025-12-22;22;0;622;44;0;0;0;0;0;0
25;2025-12-22;23;0;623;46;0;0;0;0;0;0
25;2025-12-23;0;1;600;0;1;0;0;0;0;0
25;2025-12-23;1;1;601;2;1;0;0;0;0;0
25;2025-12-23;2;1;602;4;1;0;0;0;0;0
25;2025-12-23;3;1;603;6;1;0;0;0;0;0
25;2025-12-23;4;1;604;8;1;0;0;0;0;0
25;2025-12-23;5;1;605;10;1;0;0;0;0;0
25;2025-12-23;6;1;606;12;0;0;0;0;0;0
25;2025-12-23;7;1;607;14;0;0;0;0;0;0
25;2025-12-23;8;1;608;16;0;0;0;0;0;0
25;2025-12-23;9;1;609;18;0;0;0;0;0;0
25;2025-12-23;10;1;610;20;0;0;0;0;0;0
25;2025-12-23;11;1;611;22;0;0;0;0;0;0
25;2025-12-23;12;1;612;24;0;0;0;0;0;0
25;2025-12-23;13;1;613;26;0;0;0;0;0;0
25;2025-12-23;14;1;614;28;0;0;0;0;0;0
25;2025-12-23;15;1;615;30;0;0;0;0;0;0
25;2025-12-23;16;1;616;32;0;0;0;0;0;0
25;2025-12-23;17;1;617;34;0;0;0;0;0;0
25;2025-12-23;18;1;618;36;0;0;0;0;0;0
25;2025-12-23;19;1;619;38;0;0;0;0;0;0
25;2025-12-23;20;1;620;40;0;0;0;0;0;0
25;2025-12-23;21;1;621;42;0;0;0;0;0;0
25;2025-12-23;22;1;622;44;0;0;0;0;0;0
25;2025-12-23;23;1;623;46;0;0;0;0;0;0
25;2025-12-24;0;2;600;0;1;0;0;0;0;0
25;2025-12-24;1;2;601;2;1;0;0;0;0;0
25;2025-12-24;2;2;602;4;1;0;0;0;0;0
25;2025-12-24;3;2;603;6;1;0;0;0;0;0
25;2025-12-24;4;2;604;8;1;0;0;0;0;0
25;2025-12-24;5;2;605;10;1;0;0;0;0;0
25;2025-12-24;6;2;606;12;0;0;0;0;0;0
25;2025-12-24;7;2;607;14;0;0;0;0;0;0
25;2025-12-24;8;2;608;16;0;0;0;0;0;0
25;2025-12-24;9;2;609;18;0;0;0;0;0;0
25;2025-12-24;10;2;610;20;0;0;0;0;0;0
25;2025-12-24;11;2;611;22;0;0;0;0;0;0
25;2025-12-24;12;2;612;24;0;0;0;0;0;0
25;2025-12-24;13;2;613;26;0;0;0;0;0;0
25;2025-12-24;14;2;614;28;0;0;0;0;0;0
25;2025-12-24;15;2;615;30;0;0;0;0;0;0
25;2025-12-24;16;2;616;32;0;0;0;0;0;0
25;2025-12-24;17;2;617;34;0;0;0;0;0;0
25;2025-12-24;18;2;618;36;0;0;0;0;0;0
25;2025-12-24;19;2;619;38;0;0;0;0;0;0
25;2025-12-24;20;2;620;40;0;0;0;0;0;0
25;2025-12-24;21;2;621;42;0;0;0;0;0;0
25;2025-12-24;22;2;622;44;0;0;0;0;0;0
25;2025-12-24;23;2;623;46;0;0;0;0;0;0
25;2025-12-25;0;3;600;0;1;0;0;0;0;0
25;2025-12-25;1;3;601;2;1;0;0;0;0;0
25;2025-12-25;2;3;602;4;1;0;0;0;0;0
25;2025-12-25;3;3;603;6;1;0;0;0;0;0
25;2025-12-25;4;3;604;8;1;0;0;0;0;0
25;2025-12-25;5;3;605;10;1;0;0;0;0;0
25;2025-12-25;6;3;606;12;0;0;0;0;0;0
25;2025-12-25;7;3;607;14;0;0;0;0;0;0
25;2025-12-25;8;3;608;16;0;0;0;0;0;0
25;2025-12-25;9;3;609;18;0;0;0;0;0;0
25;2025-12-25;10;3;610;20;0;0;0;0;0;0
25;2025-12-25;11;3;611;22;0;0;0;0;0;0
25;2025-12-25;12;3;612;24;0;0;0;0;0;0
25;2025-12-25;13;3;613;26;0;0;0;0;0;0
25;2025-12-25;14;3;614;28;0;0;0;0;0;0
25;2025-12-25;15;3;615;30;0;0;0;0;0;0
25;2025-12-25;16;3;616;32;0;0;0;0;0;0
25;2025-12-25;17;3;617;34;0;0;0;0;0;0
25;2025-12-25;18;3;618;36;0;0;0;0;0;0
25;2025-12-25;19;3;619;38;0;0;0;0;0;0
25;2025-12-25;20;3;620;40;0;0;0;0;0;0
25;2025-12-25;21;3;621;42;0;0;0;0;0;0
25;2025-12-25;22;3;622;44;0;0;0;0;0;0
25;2025-12-25;23;3;623;46;0;0;0;0;0;0
25;2025-12-26;0;4;600;0;1;0;0;0;0;0
25;2025-12-26;1;4;601;2;1;0;0;0;0;0
25;2025-12-26;2;4;602;4;1;0;0;0;0;0
25;2025-12-26;3;4;603;6;1;0;0;0;0;0
25;2025-12-26;4;4;604;8;1;0;0;0;0;0
25;2025-12-26;5;4;605;10;1;0;0;0;0;0
25;2025-12-26;6;4;606;12;0;0;0;0;0;0
25;2025-12-26;7;4;607;14;0;0;0;0;0;0
25;2025-12-26;8;4;608;16;0;0;0;0;0;0
25;2025-12-26;9;4;609;18;0;0;0;0;0;0
25;2025-12-26;10;4;610;20;0;0;0;0;0;0
25;2025-12-26;11;4;611;22;0;0;0;0;0;0
25;2025-12-26;12;4;612;24;0;0;0;0;0;0
25;2025-12-26;13;4;613;26;0;0;0;0;0;0
25;2025-12-26;14;4;614;28;0;0;0;0;0;0
25;2025-12-26;15;4;615;30;0;0;0;0;0;0
25;2025-12-26;16;4;616;32;0;0;0;0;0;0
25;2025-12-26;17;4;617;34;0;0;0;0;0;0
25;2025-12-26;18;4;618;36;0;0;0;0;0;0
25;2025-12-26;19;4;619;38;0;0;0;0;0;0
25;2025-12-26;20;4;620;40;0;0;0;0;0;0
25;2025-12-26;21;4;621;42;0;0;0;0;0;0
25;2025-12-26;22;4;622;44;0;0;0;0;0;0
25;2025-12-26;23;4;623;46;0;0;0;0;0;0
25;2025-12-27;0;5;600;1;1;1;0;0;0;0
25;2025-12-27;1;5;601;3;1;1;0;0;0;0
25;2025-12-27;2;5;602;5;1;1;0;0;0;0
25;2025-12-27;3;5;603;7;1;1;0;0;0;0
25;2025-12-27;4;5;604;9;1;1;0;0;0;0
25;2025-12-27;5;5;605;11;1;1;0;0;0;0
25;2025-12-27;6;5;606;13;0;1;0;0;0;0
25;2025-12-27;7;5;607;15;0;1;0;0;0;0
25;2025-12-27;8;5;608;17;0;1;0;0;0;0
25;2025-12-27;9;5;609;19;0;1;0;0;0;0
25;2025-12-27;10;5;610;21;0;1;0;0;0;0
25;2025-12-27;11;5;611;23;0;1;0;0;0;0
25;2025-12-27;12;5;612;25;0;1;0;0;0;0
25;2025-12-27;13;5;613;27;0;1;0;0;0;0
25;2025-12-27;14;5;614;29;0;1;0;0;0;0
25;2025-12-27;15;5;615;31;0;1;0;0;0;0
25;2025-12-27;16;5;616;33;0;1;0;0;0;0
25;2025-12-27;17;5;617;35;0;1;0;0;0;0
25;2025-12-27;18;5;618;37;0;1;0;0;0;0
25;2025-12-27;19;5;619;39;0;1;0;0;0;0
25;2025-12-27;20;5;620;41;0;1;0;0;0;0
25;2025-12-27;21;5;621;43;0;1;0;0;0;0
25;2025-12-27;22;5;622;45;0;1;0;0;0;0
25;2025-12-27;23;5;623;47;0;1;0;0;0;0
25;2025-12-28;0;6;600;1;1;1;0;0;0;0
25;2025-12-28;1;6;601;3;1;1;0;0;0;0
25;2025-12-28;2;6;602;5;1;1;0;0;0;0
25;2025-12-28;3;6;603;7;1;1;0;0;0;0
25;2025-12-28;4;6;604;9;1;1;0;0;0;0
25;2025-12-28;5;6;605;11;1;1;0;0;0;0
25;2025-12-28;6;6;606;13;0;1;0;0;0;0
25;2025-12-28;7;6;607;15;0;1;0;0;0;0
25;2025-12-28;8;6;608;17;0;1;0;0;0;0
25;2025-12-28;9;6;609;19;0;1;0;0;0;0
25;2025-12-28;10;6;610;21;0;1;0;0;0;0
25;2025-12-28;11;6;611;23;0;1;0;0;0;0
25;2025-12-28;12;6;612;25;0;1;0;0;0;0
25;2025-12-28;13;6;613;27;0;1;0;0;0;0
25;2025-12-28;14;6;614;29;0;1;0;0;0;0
25;2025-12-28;15;6;615;31;0;1;0;0;0;0
25;2025-12-28;16;6;616;33;0;1;0;0;0;0
25;2025-12-28;17;6;617;35;0;1;0;0;0;0
25;2025-12-28;18;6;618;37;0;1;0;0;0;0
25;2025-12-28;19;6;619;39;0;1;0;0;0;0
25;2025-12-28;20;6;620;41;0;1;0;0;0;0
25;2025-12-28;21;6;621;43;0;1;0;0;0;0
25;2025-12-28;22;6;622;45;0;1;0;0;0;0
25;2025-12-28;23;6;623;47;0;1;0;0;0;0
25;2025-12-29;0;0;600;0;1;0;0;0;0;0
25;2025-12-29;1;0;601;2;1;0;0;0;0;0
25;2025-12-29;2;0;602;4;1;0;0;0;0;0
25;2025-12-29;3;0;603;6;1;0;0;0;0;0
25;2025-12-29;4;0;604;8;1;0;0;0;0;0
25;2025-12-29;5;0;605;10;1;0;0;0;0;0
25;2025-12-29;6;0;606;12;0;0;0;0;0;0
25;2025-12-29;7;0;607;14;0;0;0;0;0;0
25;2025-12-29;8;0;608;16;0;0;0;0;0;0
25;2025-12-29;9;0;609;18;0;0;0;0;0;0
25;2025-12-29;10;0;610;20;0;0;0;0;0;0
25;2025-12-29;11;0;611;22;0;0;0;0;0;0
25;2025-12-29;12;0;612;24;0;0;0;0;0;0
25;2025-12-29;13;0;613;26;0;0;0;0;0;0
25;2025-12-29;14;0;614;28;0;0;0;0;0;0
25;2025-12-29;15;0;615;30;0;0;0;0;0;0
25;2025-12-29;16;0;616;32;0;0;0;0;0;0
25;2025-12-29;17;0;617;34;0;0;0;0;0;0
25;2025-12-29;18;0;618;36;0;0;0;0;0;0
25;2025-12-29;19;0;619;38;0;0;0;0;0;0
25;2025-12-29;20;0;620;40;0;0;0;0;0;0
25;2025-12-29;21;0;621;42;0;0;0;0;0;0
25;2025-12-29;22;0;622;44;0;0;0;0;0;0
25;2025-12-29;23;0;623;46;0;0;0;0;0;0
25;2025-12-30;0;1;600;0;1;0;0;0;0;0
25;2025-12-30;1;1;601;2;1;0;0;0;0;0
25;2025-12-30;2;1;602;4;1;0;0;0;0;0
25;2025-12-30;3;1;603;6;1;0;0;0;0;0
25;2025-12-30;4;1;604;8;1;0;0;0;0;0
25;2025-12-30;5;1;605;10;1;0;0;0;0;0
25;2025-12-30;6;1;606;12;0;0;0;0;0;0
25;2025-12-30;7;1;607;14;0;0;0;0;0;0
25;2025-12-30;8;1;608;16;0;0;0;0;0;0
25;2025-12-30;9;1;609;18;0;0;0;0;0;0
25;2025-12-30;10;1;610;20;0;0;0;0;0;0
25;2025-12-30;11;1;611;22;0;0;0;0;0;0
25;2025-12-30;12;1;612;24;0;0;0;0;0;0
25;2025-12-30;13;1;613;26;0;0;0;0;0;0
25;2025-12-30;14;1;614;28;0;0;0;0;0;0
25;2025-12-30;15;1;615;30;0;0;0;0;0;0
25;2025-12-30;16;1;616;32;0;0;0;0;0;0
25;2025-12-30;17;1;617;34;0;0;0;0;0;0
25;2025-12-30;18;1;618;36;0;0;0;0;0;0
25;2025-12-30;19;1;619;38;0;0;0;0;0;0
25;2025-12-30;20;1;620;40;0;0;0;0;0;0
25;2025-12-30;21;1;621;42;0;0;0;0;0;0
25;2025-12-30;22;1;622;44;0;0;0;0;0;0
25;2025-12-30;23;1;623;46;0;0;0;0;0;0
25;2025-12-31;0;2;600;0;1;1;0;1;0;0
25;2025-12-31;1;2;601;2;1;1;0;1;0;0
25;2025-12-31;2;2;602;4;1;1;0;1;0;0
25;2025-12-31;3;2;603;6;1;1;0;1;0;0
25;2025-12-31;4;2;604;8;1;1;0;1;0;0
25;2025-12-31;5;2;605;10;1;1;0;1;0;0
25;2025-12-31;6;2;606;12;0;1;0;1;0;0
25;2025-12-31;7;2;607;14;0;1;0;1;0;0
25;2025-12-31;8;2;608;16;0;1;0;1;0;0
25;2025-12-31;9;2;609;18;0;1;0;1;0;0
25;2025-12-31;10;2;610;20;0;1;0;1;0;0
25;2025-12-31;11;2;611;22;0;1;0;1;0;0
25;2025-12-31;12;2;612;24;0;1;0;1;0;0
25;2025-12-31;13;2;613;26;0;1;0;1;0;0
25;2025-12-31;14;2;614;28;0;1;0;1;0;0
25;2025-12-31;15;2;615;30;0;1;0;1;0;0
25;2025-12-31;16;2;616;32;0;1;0;1;0;0
25;2025-12-31;17;2;617;34;0;1;0;1;0;0
25;2025-12-31;18;2;618;36;0;1;0;1;0;0
25;2025-12-31;19;2;619;38;0;1;0;1;0;0
25;2025-12-31;20;2;620;40;0;1;0;1;0;0
25;2025-12-31;21;2;621;42;0;1;0;1;0;0
25;2025-12-31;22;2;622;44;0;1;0;1;0;0
25;2025-12-31;23;2;623;46;0;1;0;1;0;0
26;2025-11-01;0;5;624;1;1;0;0;0;1;1
26;2025-11-01;1;5;625;3;1;0;0;0;1;1
26;2025-11-01;2;5;626;5;1;0;0;0;1;1
26;2025-11-01;3;5;627;7;1;0;0;0;1;1
26;2025-11-01;4;5;628;9;1;0;0;0;1;1
26;2025-11-01;5;5;629;11;1;0;0;0;1;1
26;2025-11-01;6;5;630;13;0;0;0;0;1;1
26;2025-11-01;7;5;631;15;0;0;0;0;1;1
26;2025-11-01;8;5;632;17;0;0;0;0;1;1
26;2025-11-01;9;5;633;19;0;0;0;0;1;1
26;2025-11-01;10;5;634;21;0;0;0;0;1;1
26;2025-11-01;11;5;635;23;0;0;0;0;1;1
26;2025-11-01;12;5;636;25;0;0;0;0;1;1
26;2025-11-01;13;5;637;27;0;0;0;0;1;1
26;2025-11-01;14;5;638;29;0;0;0;0;1;1
26;2025-11-01;15;5;639;31;0;0;0;0;1;1
26;2025-11-01;16;5;640;33;0;0;0;0;1;1
26;2025-11-01;17;5;641;35;0;0;0;0;1;1
26;2025-11-01;18;5;642;37;0;0;0;0;1;1
26;2025-11-01;19;5;643;39;0;0;0;0;1;1
26;2025-11-01;20;5;644;41;0;0;0;0;1;1
26;2025-11-01;21;5;645;43;0;0;0;0;1;1
26;2025-11-01;22;5;646;45;0;0;0;0;1;1
26;2025-11-01;23;5;647;47;0;0;0;0;1;1
26;2025-11-02;0;6;624;1;1;1;0;0;0;0
26;2025-11-02;1;6;625;3;1;1;0;0;0;0
26;2025-11-02;2;6;626;5;1;1;0;0;0;0
26;2025-11-02;3;6;627;7;1;1;0;0;0;0
26;2025-11-02;4;6;628;9;1;1;0;0;0;0
26;2025-11-02;5;6;629;11;1;1;0;0;0;0
26;2025-11-02;6;6;630;13;0;1;0;0;0;0
26;2025-11-02;7;6;631;15;0;1;0;0;0;0
26;2025-11-02;8;6;632;17;0;1;0;0;0;0
26;2025-11-02;9;6;633;19;0;1;0;0;0;0
26;2025-11-02;10;6;634;21;0;1;0;0;0;0
26;2025-11-02;11;6;635;23;0;1;0;0;0;0
26;2025-11-02;12;6;636;25;0;1;0;0;0;0
26;2025-11-02;13;6;637;27;0;1;0;0;0;0
26;2025-11-02;14;6;638;29;0;1;0;0;0;0
26;2025-11-02;15;6;639;31;0;1;0;0;0;0
26;2025-11-02;16;6;640;33;0;1;0;0;0;0
26;2025-11-02;17;6;641;35;0;1;0;0;0;0
26;2025-11-02;18;6;642;37;0;1;0;0;0;0
26;2025-11-02;19;6;643;39;0;1;0;0;0;0
26;2025-11-02;20;6;644;41;0;1;0;0;0;0
26;2025-11-02;21;6;645;43;0;1;0;0;0;0
26;2025-11-02;22;6;646;45;0;1;0;0;0;0
26;2025-11-02;23;6;647;47;0;1;0;0;0;0
26;2025-11-03;0;0;624;0;1;1;0;1;0;0
26;2025-11-03;1;0;625;2;1;1;0;1;0;0
26;2025-11-03;2;0;626;4;1;1;0;1;0;0
26;2025-11-03;3;0;627;6;1;1;0;1;0;0
26;2025-11-03;4;0;628;8;1;1;0;1;0;0
26;2025-11-03;5;0;629;10;1;1;0;1;0;0
26;2025-11-03;6;0;630;12;0;1;0;1;0;0
26;2025-11-03;7;0;631;14;0;1;0;1;0;0
26;2025-11-03;8;0;632;16;0;1;0;1;0;0
26;2025-11-03;9;0;633;18;0;1;0;1;0;0
26;2025-11-03;10;0;634;20;0;1;0;1;0;0
26;2025-11-03;11;0;635;22;0;1;0;1;0;0
26;2025-11-03;12;0;636;24;0;1;0;1;0;0
26;2025-11-03;13;0;637;26;0;1;0;1;0;0
26;2025-11-03;14;0;638;28;0;1;0;1;0;0
26;2025-11-03;15;0;639;30;0;1;0;1;0;0
26;2025-11-03;16;0;640;32;0;1;0;1;0;0
26;2025-11-03;17;0;641;34;0;1;0;1;0;0
26;2025-11-03;18;0;642;36;0;1;0;1;0;0
26;2025-11-03;19;0;643;38;0;1;0;1;0;0
26;2025-11-03;20;0;644;40;0;1;0;1;0;0
26;2025-11-03;21;0;645;42;0;1;0;1;0;0
26;2025-11-03;22;0;646;44;0;1;0;1;0;0
26;2025-11-03;23;0;647;46;0;1;0;1;0;0
26;2025-11-04;0;1;624;0;1;1;1;0;0;0
26;2025-11-04;1;1;625;2;1;1;1;0;0;0
26;2025-11-04;2;1;626;4;1;1;1;0;0;0
26;2025-11-04;3;1;627;6;1;1;1;0;0;0
26;2025-11-04;4;1;628;8;1;1;1;0;0;0
26;2025-11-04;5;1;629;10;1;1;1;0;0;0
26;2025-11-04;6;1;630;12;0;1;1;0;0;0
26;2025-11-04;7;1;631;14;0;1;1;0;0;0
26;2025-11-04;8;1;632;16;0;1;1;0;0;0
26;2025-11-04;9;1;633;18;0;1;1;0;0;0
26;2025-11-04;10;1;634;20;0;1;1;0;0;0
26;2025-11-04;11;1;635;22;0;1;1;0;0;0
26;2025-11-04;12;1;636;24;0;1;1;0;0;0
26;2025-11-04;13;1;637;26;0;1;1;0;0;0
26;2025-11-04;14;1;638;28;0;1;1;0;0;0
26;2025-11-04;15;1;639;30;0;1;1;0;0;0
26;2025-11-04;16;1;640;32;0;1;1;0;0;0
26;2025-11-04;17;1;641;34;0;1;1;0;0;0
26;2025-11-04;18;1;642;36;0;1;1;0;0;0
26;2025-11-04;19;1;643;38;0;1;1;0;0;0
26;2025-11-04;20;1;644;40;0;1;1;0;0;0
26;2025-11-04;21;1;645;42;0;1;1;0;0;0
26;2025-11-04;22;1;646;44;0;1;1;0;0;0
26;2025-11-04;23;1;647;46;0;1;1;0;0;0
26;2025-11-05;0;2;624;0;1;0;0;0;0;0
26;2025-11-05;1;2;625;2;1;0;0;0;0;0
26;2025-11-05;2;2;626;4;1;0;0;0;0;0
26;2025-11-05;3;2;627;6;1;0;0;0;0;0
26;2025-11-05;4;2;628;8;1;0;0;0;0;0
26;2025-11-05;5;2;629;10;1;0;0;0;0;0
26;2025-11-05;6;2;630;12;0;0;0;0;0;0
26;2025-11-05;7;2;631;14;0;0;0;0;0;0
26;2025-11-05;8;2;632;16;0;0;0;0;0;0
26;2025-11-05;9;2;633;18;0;0;0;0;0;0
26;2025-11-05;10;2;634;20;0;0;0;0;0;0
26;2025-11-05;11;2;635;22;0;0;0;0;0;0
26;2025-11-05;12;2;636;24;0;0;0;0;0;0
26;2025-11-05;13;2;637;26;0;0;0;0;0;0
26;2025-11-05;14;2;638;28;0;0;0;0;0;0
26;2025-11-05;15;2;639;30;0;0;0;0;0;0
26;2025-11-05;16;2;640;32;0;0;0;0;0;0
26;2025-11-05;17;2;641;34;0;0;0;0;0;0
26;2025-11-05;18;2;642;36;0;0;0;0;0;0
26;2025-11-05;19;2;643;38;0;0;0;0;0;0
26;2025-11-05;20;2;644;40;0;0;0;0;0;0
26;2025-11-05;21;2;645;42;0;0;0;0;0;0
26;2025-11-05;22;2;646;44;0;0;0;0;0;0
26;2025-11-05;23;2;647;46;0;0;0;0;0;0
26;2025-11-06;0;3;624;0;1;0;0;0;0;0
26;2025-11-06;1;3;625;2;1;0;0;0;0;0
26;2025-11-06;2;3;626;4;1;0;0;0;0;0
26;2025-11-06;3;3;627;6;1;0;0;0;0;0
26;2025-11-06;4;3;628;8;1;0;0;0;0;0
26;2025-11-06;5;3;629;10;1;0;0;0;0;0
26;2025-11-06;6;3;630;12;0;0;0;0;0;0
26;2025-11-06;7;3;631;14;0;0;0;0;0;0
26;2025-11-06;8;3;632;16;0;0;0;0;0;0
26;2025-11-06;9;3;633;18;0;0;0;0;0;0
26;2025-11-06;10;3;634;20;0;0;0;0;0;0
26;2025-11-06;11;3;635;22;0;0;0;0;0;0
26;2025-11-06;12;3;636;24;0;0;0;0;0;0
26;2025-11-06;13;3;637;26;0;0;0;0;0;0
26;2025-11-06;14;3;638;28;0;0;0;0;0;0
26;2025-11-06;15;3;639;30;0;0;0;0;0;0
26;2025-11-06;16;3;640;32;0;0;0;0;0;0
26;2025-11-06;17;3;641;34;0;0;0;0;0;0
26;2025-11-06;18;3;642;36;0;0;0;0;0;0
26;2025-11-06;19;3;643;38;0;0;0;0;0;0
26;2025-11-06;20;3;644;40;0;0;0;0;0;0
26;2025-11-06;21;3;645;42;0;0;0;0;0;0
26;2025-11-06;22;3;646;44;0;0;0;0;0;0
26;2025-11-06;23;3;647;46;0;0;0;0;0;0
26;2025-11-07;0;4;624;0;1;0;0;0;0;0
26;2025-11-07;1;4;625;2;1;0;0;0;0;0
26;2025-11-07;2;4;626;4;1;0;0;0;0;0
26;2025-11-07;3;4;627;6;1;0;0;0;0;0
26;2025-11-07;4;4;628;8;1;0;0;0;0;0
26;2025-11-07;5;4;629;10;1;0;0;0;0;0
26;2025-11-07;6;4;630;12;0;0;0;0;0;0
26;2025-11-07;7;4;631;14;0;0;0;0;0;0
26;2025-11-07;8;4;632;16;0;0;0;0;0;0
26;2025-11-07;9;4;633;18;0;0;0;0;0;0
26;2025-11-07;10;4;634;20;0;0;0;0;0;0
26;2025-11-07;11;4;635;22;0;0;0;0;0;0
26;2025-11-07;12;4;636;24;0;0;0;0;0;0
26;2025-11-07;13;4;637;26;0;0;0;0;0;0
26;2025-11-07;14;4;638;28;0;0;0;0;0;0
26;2025-11-07;15;4;639;30;0;0;0;0;0;0
26;2025-11-07;16;4;640;32;0;0;0;0;0;0
26;2025-11-07;17;4;641;34;0;0;0;0;0;0
26;2025-11-07;18;4;642;36;0;0;0;0;0;0
26;2025-11-07;19;4;643;38;0;0;0;0;0;0
26;2025-11-07;20;4;644;40;0;0;0;0;0;0
26;2025-11-07;21;4;645;42;0;0;0;0;0;0
26;2025-11-07;22;4;646;44;0;0;0;0;0;0
26;2025-11-07;23;4;647;46;0;0;0;0;0;0
26;2025-11-08;0;5;624;1;1;1;0;0;0;0
26;2025-11-08;1;5;625;3;1;1;0;0;0;0
26;2025-11-08;2;5;626;5;1;1;0;0;0;0
26;2025-11-08;3;5;627;7;1;1;0;0;0;0
26;2025-11-08;4;5;628;9;1;1;0;0;0;0
26;2025-11-08;5;5;629;11;1;1;0;0;0;0
26;2025-11-08;6;5;630;13;0;1;0;0;0;0
26;2025-11-08;7;5;631;15;0;1;0;0;0;0
26;2025-11-08;8;5;632;17;0;1;0;0;0;0
26;2025-11-08;9;5;633;19;0;1;0;0;0;0
26;2025-11-08;10;5;634;21;0;1;0;0;0;0
26;2025-11-08;11;5;635;23;0;1;0;0;0;0
26;2025-11-08;12;5;636;25;0;1;0;0;0;0
26;2025-11-08;13;5;637;27;0;1;0;0;0;0
26;2025-11-08;14;5;638;29;0;1;0;0;0;0
26;2025-11-08;15;5;639;31;0;1;0;0;0;0
26;2025-11-08;16;5;640;33;0;1;0;0;0;0
26;2025-11-08;17;5;641;35;0;1;0;0;0;0
26;2025-11-08;18;5;642;37;0;1;0;0;0;0
26;2025-11-08;19;5;643;39;0;1;0;0;0;0
26;2025-11-08;20;5;644;41;0;1;0;0;0;0
26;2025-11-08;21;5;645;43;0;1;0;0;0;0
26;2025-11-08;22;5;646;45;0;1;0;0;0;0
26;2025-11-08;23;5;647;47;0;1;0;0;0;0
26;2025-11-09;0;6;624;1;1;1;0;0;0;0
26;2025-11-09;1;6;625;3;1;1;0;0;0;0
26;2025-11-09;2;6;626;5;1;1;0;0;0;0
26;2025-11-09;3;6;627;7;1;1;0;0;0;0
26;2025-11-09;4;6;628;9;1;1;0;0;0;0
26;2025-11-09;5;6;629;11;1;1;0;0;0;0
26;2025-11-09;6;6;630;13;0;1;0;0;0;0
26;2025-11-09;7;6;631;15;0;1;0;0;0;0
26;2025-11-09;8;6;632;17;0;1;0;0;0;0
26;2025-11-09;9;6;633;19;0;1;0;0;0;0
26;2025-11-09;10;6;634;21;0;1;0;0;0;0
26;2025-11-09;11;6;635;23;0;1;0;0;0;0
26;2025-11-09;12;6;636;25;0;1;0;0;0;0
26;2025-11-09;13;6;637;27;0;1;0;0;0;0
26;2025-11-09;14;6;638;29;0;1;0;0;0;0
26;2025-11-09;15;6;639;31;0;1;0;0;0;0
26;2025-11-09;16;6;640;33;0;1;0;0;0;0
26;2025-11-09;17;6;641;35;0;1;0;0;0;0
26;2025-11-09;18;6;642;37;0;1;0;0;0;0
26;2025-11-09;19;6;643;39;0;1;0;0;0;0
26;2025-11-09;20;6;644;41;0;1;0;0;0;0
26;2025-11-09;21;6;645;43;0;1;0;0;0;0
26;2025-11-09;22;6;646;45;0;1;0;0;0;0
26;2025-11-09;23;6;647;47;0;1;0;0;0;0
26;2025-11-10;0;0;624;0;1;0;0;0;0;0
26;2025-11-10;1;0;625;2;1;0;0;0;0;0
26;2025-11-10;2;0;626;4;1;0;0;0;0;0
26;2025-11-10;3;0;627;6;1;0;0;0;0;0
26;2025-11-10;4;0;628;8;1;0;0;0;0;0
26;2025-11-10;5;0;629;10;1;0;0;0;0;0
26;2025-11-10;6;0;630;12;0;0;0;0;0;0
26;2025-11-10;7;0;631;14;0;0;0;0;0;0
26;2025-11-10;8;0;632;16;0;0;0;0;0;0
26;2025-11-10;9;0;633;18;0;0;0;0;0;0
26;2025-11-10;10;0;634;20;0;0;0;0;0;0
26;2025-11-10;11;0;635;22;0;0;0;0;0;0
26;2025-11-10;12;0;636;24;0;0;0;0;0;0
26;2025-11-10;13;0;637;26;0;0;0;0;0;0
26;2025-11-10;14;0;638;28;0;0;0;0;0;0
26;2025-11-10;15;0;639;30;0;0;0;0;0;0
26;2025-11-10;16;0;640;32;0;0;0;0;0;0
26;2025-11-10;17;0;641;34;0;0;0;0;0;0
26;2025-11-10;18;0;642;36;0;0;0;0;0;0
26;2025-11-10;19;0;643;38;0;0;0;0;0;0
26;2025-11-10;20;0;644;40;0;0;0;0;0;0
26;2025-11-10;21;0;645;42;0;0;0;0;0;0
26;2025-11-10;22;0;646;44;0;0;0;0;0;0
26;2025-11-10;23;0;647;46;0;0;0;0;0;0
26;2025-11-11;0;1;624;0;1;0;0;0;0;0
26;2025-11-11;1;1;625;2;1;0;0;0;0;0
26;2025-11-11;2;1;626;4;1;0;0;0;0;0
26;2025-11-11;3;1;627;6;1;0;0;0;0;0
26;2025-11-11;4;1;628;8;1;0;0;0;0;0
26;2025-11-11;5;1;629;10;1;0;0;0;0;0
26;2025-11-11;6;1;630;12;0;0;0;0;0;0
26;2025-11-11;7;1;631;14;0;0;0;0;0;0
26;2025-11-11;8;1;632;16;0;0;0;0;0;0
26;2025-11-11;9;1;633;18;0;0;0;0;0;0
26;2025-11-11;10;1;634;20;0;0;0;0;0;0
26;2025-11-11;11;1;635;22;0;0;0;0;0;0
26;2025-11-11;12;1;636;24;0;0;0;0;0;0
26;2025-11-11;13;1;637;26;0;0;0;0;0;0
26;2025-11-11;14;1;638;28;0;0;0;0;0;0
26;2025-11-11;15;1;639;30;0;0;0;0;0;0
26;2025-11-11;16;1;640;32;0;0;0;0;0;0
26;2025-11-11;17;1;641;34;0;0;0;0;0;0
26;2025-11-11;18;1;642;36;0;0;0;0;0;0
26;2025-11-11;19;1;643;38;0;0;0;0;0;0
26;2025-11-11;20;1;644;40;0;0;0;0;0;0
26;2025-11-11;21;1;645;42;0;0;0;0;0;0
26;2025-11-11;22;1;646;44;0;0;0;0;0;0
26;2025-11-11;23;1;647;46;0;0;0;0;0;0
26;2025-11-12;0;2;624;0;1;0;0;0;0;0
26;2025-11-12;1;2;625;2;1;0;0;0;0;0
26;2025-11-12;2;2;626;4;1;0;0;0;0;0
26;2025-11-12;3;2;627;6;1;0;0;0;0;0
26;2025-11-12;4;2;628;8;1;0;0;0;0;0
26;2025-11-12;5;2;629;10;1;0;0;0;0;0
26;2025-11-12;6;2;630;12;0;0;0;0;0;0
26;2025-11-12;7;2;631;14;0;0;0;0;0;0
26;2025-11-12;8;2;632;16;0;0;0;0;0;0
26;2025-11-12;9;2;633;18;0;0;0;0;0;0
26;2025-11-12;10;2;634;20;0;0;0;0;0;0
26;2025-11-12;11;2;635;22;0;0;0;0;0;0
26;2025-11-12;12;2;636;24;0;0;0;0;0;0
26;2025-11-12;13;2;637;26;0;0;0;0;0;0
26;2025-11-12;14;2;638;28;0;0;0;0;0;0
26;2025-11-12;15;2;639;30;0;0;0;0;0;0
26;2025-11-12;16;2;640;32;0;0;0;0;0;0
26;2025-11-12;17;2;641;34;0;0;0;0;0;0
26;2025-11-12;18;2;642;36;0;0;0;0;0;0
26;2025-11-12;19;2;643;38;0;0;0;0;0;0
26;2025-11-12;20;2;644;40;0;0;0;0;0;0
26;2025-11-12;21;2;645;42;0;0;0;0;0;0
26;2025-11-12;22;2;646;44;0;0;0;0;0;0
26;2025-11-12;23;2;647;46;0;0;0;0;0;0
26;2025-11-13;0;3;624;0;1;0;0;0;0;0
26;2025-11-13;1;3;625;2;1;0;0;0;0;0
26;2025-11-13;2;3;626;4;1;0;0;0;0;0
26;2025-11-13;3;3;627;6;1;0;0;0;0;0
26;2025-11-13;4;3;628;8;1;0;0;0;0;0
26;2025-11-13;5;3;629;10;1;0;0;0;0;0
26;2025-11-13;6;3;630;12;0;0;0;0;0;0
26;2025-11-13;7;3;631;14;0;0;0;0;0;0
26;2025-11-13;8;3;632;16;0;0;0;0;0;0
26;2025-11-13;9;3;633;18;0;0;0;0;0;0
26;2025-11-13;10;3;634;20;0;0;0;0;0;0
26;2025-11-13;11;3;635;22;0;0;0;0;0;0
26;2025-11-13;12;3;636;24;0;0;0;0;0;0
26;2025-11-13;13;3;637;26;0;0;0;0;0;0
26;2025-11-13;14;3;638;28;0;0;0;0;0;0
26;2025-11-13;15;3;639;30;0;0;0;0;0;0
26;2025-11-13;16;3;640;32;0;0;0;0;0;0
26;2025-11-13;17;3;641;34;0;0;0;0;0;0
26;2025-11-13;18;3;642;36;0;0;0;0;0;0
26;2025-11-13;19;3;643;38;0;0;0;0;0;0
26;2025-11-13;20;3;644;40;0;0;0;0;0;0
26;2025-11-13;21;3;645;42;0;0;0;0;0;0
26;2025-11-13;22;3;646;44;0;0;0;0;0;0
26;2025-11-13;23;3;647;46;0;0;0;0;0;0
26;2025-11-14;0;4;624;0;1;0;0;0;0;0
26;2025-11-14;1;4;625;2;1;0;0;0;0;0
26;2025-11-14;2;4;626;4;1;0;0;0;0;0
26;2025-11-14;3;4;627;6;1;0;0;0;0;0
26;2025-11-14;4;4;628;8;1;0;0;0;0;0
26;2025-11-14;5;4;629;10;1;0;0;0;0;0
26;2025-11-14;6;4;630;12;0;0;0;0;0;0
26;2025-11-14;7;4;631;14;0;0;0;0;0;0
26;2025-11-14;8;4;632;16;0;0;0;0;0;0
26;2025-11-14;9;4;633;18;0;0;0;0;0;0
26;2025-11-14;10;4;634;20;0;0;0;0;0;0
26;2025-11-14;11;4;635;22;0;0;0;0;0;0
26;2025-11-14;12;4;636;24;0;0;0;0;0;0
26;2025-11-14;13;4;637;26;0;0;0;0;0;0
26;2025-11-14;14;4;638;28;0;0;0;0;0;0
26;2025-11-14;15;4;639;30;0;0;0;0;0;0
26;2025-11-14;16;4;640;32;0;0;0;0;0;0
26;2025-11-14;17;4;641;34;0;0;0;0;0;0
26;2025-11-14;18;4;642;36;0;0;0;0;0;0
26;2025-11-14;19;4;643;38;0;0;0;0;0;0
26;2025-11-14;20;4;644;40;0;0;0;0;0;0
26;2025-11-14;21;4;645;42;0;0;0;0;0;0
26;2025-11-14;22;4;646;44;0;0;0;0;0;0
26;2025-11-14;23;4;647;46;0;0;0;0;0;0
26;2025-11-15;0;5;624;1;1;1;0;0;0;0
26;2025-11-15;1;5;625;3;1;1;0;0;0;0
26;2025-11-15;2;5;626;5;1;1;0;0;0;0
26;2025-11-15;3;5;627;7;1;1;0;0;0;0
26;2025-11-15;4;5;628;9;1;1;0;0;0;0
26;2025-11-15;5;5;629;11;1;1;0;0;0;0
26;2025-11-15;6;5;630;13;0;1;0;0;0;0
26;2025-11-15;7;5;631;15;0;1;0;0;0;0
26;2025-11-15;8;5;632;17;0;1;0;0;0;0
26;2025-11-15;9;5;633;19;0;1;0;0;0;0
26;2025-11-15;10;5;634;21;0;1;0;0;0;0
26;2025-11-15;11;5;635;23;0;1;0;0;0;0
26;2025-11-15;12;5;636;25;0;1;0;0;0;0
26;2025-11-15;13;5;637;27;0;1;0;0;0;0
26;2025-11-15;14;5;638;29;0;1;0;0;0;0
26;2025-11-15;15;5;639;31;0;1;0;0;0;0
26;2025-11-15;16;5;640;33;0;1;0;0;0;0
26;2025-11-15;17;5;641;35;0;1;0;0;0;0
26;2025-11-15;18;5;642;37;0;1;0;0;0;0
26;2025-11-15;19;5;643;39;0;1;0;0;0;0
26;2025-11-15;20;5;644;41;0;1;0;0;0;0
26;2025-11-15;21;5;645;43;0;1;0;0;0;0
26;2025-11-15;22;5;646;45;0;1;0;0;0;0
26;2025-11-15;23;5;647;47;0;1;0;0;0;0
26;2025-11-16;0;6;624;1;1;1;0;0;0;0
26;2025-11-16;1;6;625;3;1;1;0;0;0;0
26;2025-11-16;2;6;626;5;1;1;0;0;0;0
26;2025-11-16;3;6;627;7;1;1;0;0;0;0
26;2025-11-16;4;6;628;9;1;1;0;0;0;0
26;2025-11-16;5;6;629;11;1;1;0;0;0;0
26;2025-11-16;6;6;630;13;0;1;0;0;0;0
26;2025-11-16;7;6;631;15;0;1;0;0;0;0
26;2025-11-16;8;6;632;17;0;1;0;0;0;0
26;2025-11-16;9;6;633;19;0;1;0;0;0;0
26;2025-11-16;10;6;634;21;0;1;0;0;0;0
26;2025-11-16;11;6;635;23;0;1;0;0;0;0
26;2025-11-16;12;6;636;25;0;1;0;0;0;0
26;2025-11-16;13;6;637;27;0;1;0;0;0;0
26;2025-11-16;14;6;638;29;0;1;0;0;0;0
26;2025-11-16;15;6;639;31;0;1;0;0;0;0
26;2025-11-16;16;6;640;33;0;1;0;0;0;0
26;2025-11-16;17;6;641;35;0;1;0;0;0;0
26;2025-11-16;18;6;642;37;0;1;0;0;0;0
26;2025-11-16;19;6;643;39;0;1;0;0;0;0
26;2025-11-16;20;6;644;41;0;1;0;0;0;0
26;2025-11-16;21;6;645;43;0;1;0;0;0;0
26;2025-11-16;22;6;646;45;0;1;0;0;0;0
26;2025-11-16;23;6;647;47;0;1;0;0;0;0
26;2025-11-17;0;0;624;0;1;0;0;0;0;0
26;2025-11-17;1;0;625;2;1;0;0;0;0;0
26;2025-11-17;2;0;626;4;1;0;0;0;0;0
26;2025-11-17;3;0;627;6;1;0;0;0;0;0
26;2025-11-17;4;0;628;8;1;0;0;0;0;0
26;2025-11-17;5;0;629;10;1;0;0;0;0;0
26;2025-11-17;6;0;630;12;0;0;0;0;0;0
26;2025-11-17;7;0;631;14;0;0;0;0;0;0
26;2025-11-17;8;0;632;16;0;0;0;0;0;0
26;2025-11-17;9;0;633;18;0;0;0;0;0;0
26;2025-11-17;10;0;634;20;0;0;0;0;0;0
26;2025-11-17;11;0;635;22;0;0;0;0;0;0
26;2025-11-17;12;0;636;24;0;0;0;0;0;0
26;2025-11-17;13;0;637;26;0;0;0;0;0;0
26;2025-11-17;14;0;638;28;0;0;0;0;0;0
26;2025-11-17;15;0;639;30;0;0;0;0;0;0
26;2025-11-17;16;0;640;32;0;0;0;0;0;0
26;2025-11-17;17;0;641;34;0;0;0;0;0;0
26;2025-11-17;18;0;642;36;0;0;0;0;0;0
26;2025-11-17;19;0;643;38;0;0;0;0;0;0
26;2025-11-17;20;0;644;40;0;0;0;0;0;0
26;2025-11-17;21;0;645;42;0;0;0;0;0;0
26;2025-11-17;22;0;646;44;0;0;0;0;0;0
26;2025-11-17;23;0;647;46;0;0;0;0;0;0
26;2025-11-18;0;1;624;0;1;0;0;0;0;0
26;2025-11-18;1;1;625;2;1;0;0;0;0;0
26;2025-11-18;2;1;626;4;1;0;0;0;0;0
26;2025-11-18;3;1;627;6;1;0;0;0;0;0
26;2025-11-18;4;1;628;8;1;0;0;0;0;0
26;2025-11-18;5;1;629;10;1;0;0;0;0;0
26;2025-11-18;6;1;630;12;0;0;0;0;0;0
26;2025-11-18;7;1;631;14;0;0;0;0;0;0
26;2025-11-18;8;1;632;16;0;0;0;0;0;0
26;2025-11-18;9;1;633;18;0;0;0;0;0;0
26;2025-11-18;10;1;634;20;0;0;0;0;0;0
26;2025-11-18;11;1;635;22;0;0;0;0;0;0
26;2025-11-18;12;1;636;24;0;0;0;0;0;0
26;2025-11-18;13;1;637;26;0;0;0;0;0;0
26;2025-11-18;14;1;638;28;0;0;0;0;0;0
26;2025-11-18;15;1;639;30;0;0;0;0;0;0
26;2025-11-18;16;1;640;32;0;0;0;0;0;0
26;2025-11-18;17;1;641;34;0;0;0;0;0;0
26;2025-11-18;18;1;642;36;0;0;0;0;0;0
26;2025-11-18;19;1;643;38;0;0;0;0;0;0
26;2025-11-18;20;1;644;40;0;0;0;0;0;0
26;2025-11-18;21;1;645;42;0;0;0;0;0;0
26;2025-11-18;22;1;646;44;0;0;0;0;0;0
26;2025-11-18;23;1;647;46;0;0;0;0;0;0
26;2025-11-19;0;2;624;0;1;0;0;0;0;0
26;2025-11-19;1;2;625;2;1;0;0;0;0;0
26;2025-11-19;2;2;626;4;1;0;0;0;0;0
26;2025-11-19;3;2;627;6;1;0;0;0;0;0
26;2025-11-19;4;2;628;8;1;0;0;0;0;0
26;2025-11-19;5;2;629;10;1;0;0;0;0;0
26;2025-11-19;6;2;630;12;0;0;0;0;0;0
26;2025-11-19;7;2;631;14;0;0;0;0;0;0
26;2025-11-19;8;2;632;16;0;0;0;0;0;0
26;2025-11-19;9;2;633;18;0;0;0;0;0;0
26;2025-11-19;10;2;634;20;0;0;0;0;0;0
26;2025-11-19;11;2;635;22;0;0;0;0;0;0
26;2025-11-19;12;2;636;24;0;0;0;0;0;0
26;2025-11-19;13;2;637;26;0;0;0;0;0;0
26;2025-11-19;14;2;638;28;0;0;0;0;0;0
26;2025-11-19;15;2;639;30;0;0;0;0;0;0
26;2025-11-19;16;2;640;32;0;0;0;0;0;0
26;2025-11-19;17;2;641;34;0;0;0;0;0;0
26;2025-11-19;18;2;642;36;0;0;0;0;0;0
26;2025-11-19;19;2;643;38;0;0;0;0;0;0
26;2025-11-19;20;2;644;40;0;0;0;0;0;0
26;2025-11-19;21;2;645;42;0;0;0;0;0;0
26;2025-11-19;22;2;646;44;0;0;0;0;0;0
26;2025-11-19;23;2;647;46;0;0;0;0;0;0
26;2025-11-20;0;3;624;0;1;0;0;0;0;0
26;2025-11-20;1;3;625;2;1;0;0;0;0;0
26;2025-11-20;2;3;626;4;1;0;0;0;0;0
26;2025-11-20;3;3;627;6;1;0;0;0;0;0
26;2025-11-20;4;3;628;8;1;0;0;0;0;0
26;2025-11-20;5;3;629;10;1;0;0;0;0;0
26;2025-11-20;6;3;630;12;0;0;0;0;0;0
26;2025-11-20;7;3;631;14;0;0;0;0;0;0
26;2025-11-20;8;3;632;16;0;0;0;0;0;0
26;2025-11-20;9;3;633;18;0;0;0;0;0;0
26;2025-11-20;10;3;634;20;0;0;0;0;0;0
26;2025-11-20;11;3;635;22;0;0;0;0;0;0
26;2025-11-20;12;3;636;24;0;0;0;0;0;0
26;2025-11-20;13;3;637;26;0;0;0;0;0;0
26;2025-11-20;14;3;638;28;0;0;0;0;0;0
26;2025-11-20;15;3;639;30;0;0;0;0;0;0
26;2025-11-20;16;3;640;32;0;0;0;0;0;0
26;2025-11-20;17;3;641;34;0;0;0;0;0;0
26;2025-11-20;18;3;642;36;0;0;0;0;0;0
26;2025-11-20;19;3;643;38;0;0;0;0;0;0
26;2025-11-20;20;3;644;40;0;0;0;0;0;0
26;2025-11-20;21;3;645;42;0;0;0;0;0;0
26;2025-11-20;22;3;646;44;0;0;0;0;0;0
26;2025-11-20;23;3;647;46;0;0;0;0;0;0
26;2025-11-21;0;4;624;0;1;0;0;0;0;0
26;2025-11-21;1;4;625;2;1;0;0;0;0;0
26;2025-11-21;2;4;626;4;1;0;0;0;0;0
26;2025-11-21;3;4;627;6;1;0;0;0;0;0
26;2025-11-21;4;4;628;8;1;0;0;0;0;0
26;2025-11-21;5;4;629;10;1;0;0;0;0;0
26;2025-11-21;6;4;630;12;0;0;0;0;0;0
26;2025-11-21;7;4;631;14;0;0;0;0;0;0
26;2025-11-21;8;4;632;16;0;0;0;0;0;0
26;2025-11-21;9;4;633;18;0;0;0;0;0;0
26;2025-11-21;10;4;634;20;0;0;0;0;0;0
26;2025-11-21;11;4;635;22;0;0;0;0;0;0
26;2025-11-21;12;4;636;24;0;0;0;0;0;0
26;2025-11-21;13;4;637;26;0;0;0;0;0;0
26;2025-11-21;14;4;638;28;0;0;0;0;0;0
26;2025-11-21;15;4;639;30;0;0;0;0;0;0
26;2025-11-21;16;4;640;32;0;0;0;0;0;0
26;2025-11-21;17;4;641;34;0;0;0;0;0;0
26;2025-11-21;18;4;642;36;0;0;0;0;0;0
26;2025-11-21;19;4;643;38;0;0;0;0;0;0
26;2025-11-21;20;4;644;40;0;0;0;0;0;0
26;2025-11-21;21;4;645;42;0;0;0;0;0;0
26;2025-11-21;22;4;646;44;0;0;0;0;0;0
26;2025-11-21;23;4;647;46;0;0;0;0;0;0
26;2025-11-22;0;5;624;1;1;1;0;0;0;0
26;2025-11-22;1;5;625;3;1;1;0;0;0;0
26;2025-11-22;2;5;626;5;1;1;0;0;0;0
26;2025-11-22;3;5;627;7;1;1;0;0;0;0
26;2025-11-22;4;5;628;9;1;1;0;0;0;0
26;2025-11-22;5;5;629;11;1;1;0;0;0;0
26;2025-11-22;6;5;630;13;0;1;0;0;0;0
26;2025-11-22;7;5;631;15;0;1;0;0;0;0
26;2025-11-22;8;5;632;17;0;1;0;0;0;0
26;2025-11-22;9;5;633;19;0;1;0;0;0;0
26;2025-11-22;10;5;634;21;0;1;0;0;0;0
26;2025-11-22;11;5;635;23;0;1;0;0;0;0
26;2025-11-22;12;5;636;25;0;1;0;0;0;0
26;2025-11-22;13;5;637;27;0;1;0;0;0;0
26;2025-11-22;14;5;638;29;0;1;0;0;0;0
26;2025-11-22;15;5;639;31;0;1;0;0;0;0
26;2025-11-22;16;5;640;33;0;1;0;0;0;0
26;2025-11-22;17;5;641;35;0;1;0;0;0;0
26;2025-11-22;18;5;642;37;0;1;0;0;0;0
26;2025-11-22;19;5;643;39;0;1;0;0;0;0
26;2025-11-22;20;5;644;41;0;1;0;0;0;0
26;2025-11-22;21;5;645;43;0;1;0;0;0;0
26;2025-11-22;22;5;646;45;0;1;0;0;0;0
26;2025-11-22;23;5;647;47;0;1;0;0;0;0
26;2025-11-23;0;6;624;1;1;1;0;0;0;0
26;2025-11-23;1;6;625;3;1;1;0;0;0;0
26;2025-11-23;2;6;626;5;1;1;0;0;0;0
26;2025-11-23;3;6;627;7;1;1;0;0;0;0
26;2025-11-23;4;6;628;9;1;1;0;0;0;0
26;2025-11-23;5;6;629;11;1;1;0;0;0;0
26;2025-11-23;6;6;630;13;0;1;0;0;0;0
26;2025-11-23;7;6;631;15;0;1;0;0;0;0
26;2025-11-23;8;6;632;17;0;1;0;0;0;0
26;2025-11-23;9;6;633;19;0;1;0;0;0;0
26;2025-11-23;10;6;634;21;0;1;0;0;0;0
26;2025-11-23;11;6;635;23;0;1;0;0;0;0
26;2025-11-23;12;6;636;25;0;1;0;0;0;0
26;2025-11-23;13;6;637;27;0;1;0;0;0;0
26;2025-11-23;14;6;638;29;0;1;0;0;0;0
26;2025-11-23;15;6;639;31;0;1;0;0;0;0
26;2025-11-23;16;6;640;33;0;1;0;0;0;0
26;2025-11-23;17;6;641;35;0;1;0;0;0;0
26;2025-11-23;18;6;642;37;0;1;0;0;0;0
26;2025-11-23;19;6;643;39;0;1;0;0;0;0
26;2025-11-23;20;6;644;41;0;1;0;0;0;0
26;2025-11-23;21;6;645;43;0;1;0;0;0;0
26;2025-11-23;22;6;646;45;0;1;0;0;0;0
26;2025-11-23;23;6;647;47;0;1;0;0;0;0
26;2025-11-24;0;0;624;0;1;0;0;0;0;0
26;2025-11-24;1;0;625;2;1;0;0;0;0;0
26;2025-11-24;2;0;626;4;1;0;0;0;0;0
26;2025-11-24;3;0;627;6;1;0;0;0;0;0
26;2025-11-24;4;0;628;8;1;0;0;0;0;0
26;2025-11-24;5;0;629;10;1;0;0;0;0;0
26;2025-11-24;6;0;630;12;0;0;0;0;0;0
26;2025-11-24;7;0;631;14;0;0;0;0;0;0
26;2025-11-24;8;0;632;16;0;0;0;0;0;0
26;2025-11-24;9;0;633;18;0;0;0;0;0;0
26;2025-11-24;10;0;634;20;0;0;0;0;0;0
26;2025-11-24;11;0;635;22;0;0;0;0;0;0
26;2025-11-24;12;0;636;24;0;0;0;0;0;0
26;2025-11-24;13;0;637;26;0;0;0;0;0;0
26;2025-11-24;14;0;638;28;0;0;0;0;0;0
26;2025-11-24;15;0;639;30;0;0;0;0;0;0
26;2025-11-24;16;0;640;32;0;0;0;0;0;0
26;2025-11-24;17;0;641;34;0;0;0;0;0;0
26;2025-11-24;18;0;642;36;0;0;0;0;0;0
26;2025-11-24;19;0;643;38;0;0;0;0;0;0
26;2025-11-24;20;0;644;40;0;0;0;0;0;0
26;2025-11-24;21;0;645;42;0;0;0;0;0;0
26;2025-11-24;22;0;646;44;0;0;0;0;0;0
26;2025-11-24;23;0;647;46;0;0;0;0;0;0
26;2025-11-25;0;1;624;0;1;0;0;0;0;0
26;2025-11-25;1;1;625;2;1;0;0;0;0;0
26;2025-11-25;2;1;626;4;1;0;0;0;0;0
26;2025-11-25;3;1;627;6;1;0;0;0;0;0
26;2025-11-25;4;1;628;8;1;0;0;0;0;0
26;2025-11-25;5;1;629;10;1;0;0;0;0;0
26;2025-11-25;6;1;630;12;0;0;0;0;0;0
26;2025-11-25;7;1;631;14;0;0;0;0;0;0
26;2025-11-25;8;1;632;16;0;0;0;0;0;0
26;2025-11-25;9;1;633;18;0;0;0;0;0;0
26;2025-11-25;10;1;634;20;0;0;0;0;0;0
26;2025-11-25;11;1;635;22;0;0;0;0;0;0
26;2025-11-25;12;1;636;24;0;0;0;0;0;0
26;2025-11-25;13;1;637;26;0;0;0;0;0;0
26;2025-11-25;14;1;638;28;0;0;0;0;0;0
26;2025-11-25;15;1;639;30;0;0;0;0;0;0
26;2025-11-25;16;1;640;32;0;0;0;0;0;0
26;2025-11-25;17;1;641;34;0;0;0;0;0;0
26;2025-11-25;18;1;642;36;0;0;0;0;0;0
26;2025-11-25;19;1;643;38;0;0;0;0;0;0
26;2025-11-25;20;1;644;40;0;0;0;0;0;0
26;2025-11-25;21;1;645;42;0;0;0;0;0;0
26;2025-11-25;22;1;646;44;0;0;0;0;0;0
26;2025-11-25;23;1;647;46;0;0;0;0;0;0
26;2025-11-26;0;2;624;0;1;0;0;0;0;0
26;2025-11-26;1;2;625;2;1;0;0;0;0;0
26;2025-11-26;2;2;626;4;1;0;0;0;0;0
26;2025-11-26;3;2;627;6;1;0;0;0;0;0
26;2025-11-26;4;2;628;8;1;0;0;0;0;0
26;2025-11-26;5;2;629;10;1;0;0;0;0;0
26;2025-11-26;6;2;630;12;0;0;0;0;0;0
26;2025-11-26;7;2;631;14;0;0;0;0;0;0
26;2025-11-26;8;2;632;16;0;0;0;0;0;0
26;2025-11-26;9;2;633;18;0;0;0;0;0;0
26;2025-11-26;10;2;634;20;0;0;0;0;0;0
26;2025-11-26;11;2;635;22;0;0;0;0;0;0
26;2025-11-26;12;2;636;24;0;0;0;0;0;0
26;2025-11-26;13;2;637;26;0;0;0;0;0;0
26;2025-11-26;14;2;638;28;0;0;0;0;0;0
26;2025-11-26;15;2;639;30;0;0;0;0;0;0
26;2025-11-26;16;2;640;32;0;0;0;0;0;0
26;2025-11-26;17;2;641;34;0;0;0;0;0;0
26;2025-11-26;18;2;642;36;0;0;0;0;0;0
26;2025-11-26;19;2;643;38;0;0;0;0;0;0
26;2025-11-26;20;2;644;40;0;0;0;0;0;0
26;2025-11-26;21;2;645;42;0;0;0;0;0;0
26;2025-11-26;22;2;646;44;0;0;0;0;0;0
26;2025-11-26;23;2;647;46;0;0;0;0;0;0
26;2025-11-27;0;3;624;0;1;0;0;0;0;0
26;2025-11-27;1;3;625;2;1;0;0;0;0;0
26;2025-11-27;2;3;626;4;1;0;0;0;0;0
26;2025-11-27;3;3;627;6;1;0;0;0;0;0
26;2025-11-27;4;3;628;8;1;0;0;0;0;0
26;2025-11-27;5;3;629;10;1;0;0;0;0;0
26;2025-11-27;6;3;630;12;0;0;0;0;0;0
26;2025-11-27;7;3;631;14;0;0;0;0;0;0
26;2025-11-27;8;3;632;16;0;0;0;0;0;0
26;2025-11-27;9;3;633;18;0;0;0;0;0;0
26;2025-11-27;10;3;634;20;0;0;0;0;0;0
26;2025-11-27;11;3;635;22;0;0;0;0;0;0
26;2025-11-27;12;3;636;24;0;0;0;0;0;0
26;2025-11-27;13;3;637;26;0;0;0;0;0;0
26;2025-11-27;14;3;638;28;0;0;0;0;0;0
26;2025-11-27;15;3;639;30;0;0;0;0;0;0
26;2025-11-27;16;3;640;32;0;0;0;0;0;0
26;2025-11-27;17;3;641;34;0;0;0;0;0;0
26;2025-11-27;18;3;642;36;0;0;0;0;0;0
26;2025-11-27;19;3;643;38;0;0;0;0;0;0
26;2025-11-27;20;3;644;40;0;0;0;0;0;0
26;2025-11-27;21;3;645;42;0;0;0;0;0;0
26;2025-11-27;22;3;646;44;0;0;0;0;0;0
26;2025-11-27;23;3;647;46;0;0;0;0;0;0
26;2025-11-28;0;4;624;0;1;0;0;0;0;0
26;2025-11-28;1;4;625;2;1;0;0;0;0;0
26;2025-11-28;2;4;626;4;1;0;0;0;0;0
26;2025-11-28;3;4;627;6;1;0;0;0;0;0
26;2025-11-28;4;4;628;8;1;0;0;0;0;0
26;2025-11-28;5;4;629;10;1;0;0;0;0;0
26;2025-11-28;6;4;630;12;0;0;0;0;0;0
26;2025-11-28;7;4;631;14;0;0;0;0;0;0
26;2025-11-28;8;4;632;16;0;0;0;0;0;0
26;2025-11-28;9;4;633;18;0;0;0;0;0;0
26;2025-11-28;10;4;634;20;0;0;0;0;0;0
26;2025-11-28;11;4;635;22;0;0;0;0;0;0
26;2025-11-28;12;4;636;24;0;0;0;0;0;0
26;2025-11-28;13;4;637;26;0;0;0;0;0;0
26;2025-11-28;14;4;638;28;0;0;0;0;0;0
26;2025-11-28;15;4;639;30;0;0;0;0;0;0
26;2025-11-28;16;4;640;32;0;0;0;0;0;0
26;2025-11-28;17;4;641;34;0;0;0;0;0;0
26;2025-11-28;18;4;642;36;0;0;0;0;0;0
26;2025-11-28;19;4;643;38;0;0;0;0;0;0
26;2025-11-28;20;4;644;40;0;0;0;0;0;0
26;2025-11-28;21;4;645;42;0;0;0;0;0;0
26;2025-11-28;22;4;646;44;0;0;0;0;0;0
26;2025-11-28;23;4;647;46;0;0;0;0;0;0
26;2025-11-29;0;5;624;1;1;1;0;0;0;0
26;2025-11-29;1;5;625;3;1;1;0;0;0;0
26;2025-11-29;2;5;626;5;1;1;0;0;0;0
26;2025-11-29;3;5;627;7;1;1;0;0;0;0
26;2025-11-29;4;5;628;9;1;1;0;0;0;0
26;2025-11-29;5;5;629;11;1;1;0;0;0;0
26;2025-11-29;6;5;630;13;0;1;0;0;0;0
26;2025-11-29;7;5;631;15;0;1;0;0;0;0
26;2025-11-29;8;5;632;17;0;1;0;0;0;0
26;2025-11-29;9;5;633;19;0;1;0;0;0;0
26;2025-11-29;10;5;634;21;0;1;0;0;0;0
26;2025-11-29;11;5;635;23;0;1;0;0;0;0
26;2025-11-29;12;5;636;25;0;1;0;0;0;0
26;2025-11-29;13;5;637;27;0;1;0;0;0;0
26;2025-11-29;14;5;638;29;0;1;0;0;0;0
26;2025-11-29;15;5;639;31;0;1;0;0;0;0
26;2025-11-29;16;5;640;33;0;1;0;0;0;0
26;2025-11-29;17;5;641;35;0;1;0;0;0;0
26;2025-11-29;18;5;642;37;0;1;0;0;0;0
26;2025-11-29;19;5;643;39;0;1;0;0;0;0
26;2025-11-29;20;5;644;41;0;1;0;0;0;0
26;2025-11-29;21;5;645;43;0;1;0;0;0;0
26;2025-11-29;22;5;646;45;0;1;0;0;0;0
26;2025-11-29;23;5;647;47;0;1;0;0;0;0
26;2025-11-30;0;6;624;1;1;1;0;0;0;0
26;2025-11-30;1;6;625;3;1;1;0;0;0;0
26;2025-11-30;2;6;626;5;1;1;0;0;0;0
26;2025-11-30;3;6;627;7;1;1;0;0;0;0
26;2025-11-30;4;6;628;9;1;1;0;0;0;0
26;2025-11-30;5;6;629;11;1;1;0;0;0;0
26;2025-11-30;6;6;630;13;0;1;0;0;0;0
26;2025-11-30;7;6;631;15;0;1;0;0;0;0
26;2025-11-30;8;6;632;17;0;1;0;0;0;0
26;2025-11-30;9;6;633;19;0;1;0;0;0;0
26;2025-11-30;10;6;634;21;0;1;0;0;0;0
26;2025-11-30;11;6;635;23;0;1;0;0;0;0
26;2025-11-30;12;6;636;25;0;1;0;0;0;0
26;2025-11-30;13;6;637;27;0;1;0;0;0;0
26;2025-11-30;14;6;638;29;0;1;0;0;0;0
26;2025-11-30;15;6;639;31;0;1;0;0;0;0
26;2025-11-30;16;6;640;33;0;1;0;0;0;0
26;2025-11-30;17;6;641;35;0;1;0;0;0;0
26;2025-11-30;18;6;642;37;0;1;0;0;0;0
26;2025-11-30;19;6;643;39;0;1;0;0;0;0
26;2025-11-30;20;6;644;41;0;1;0;0;0;0
26;2025-11-30;21;6;645;43;0;1;0;0;0;0
26;2025-11-30;22;6;646;45;0;1;0;0;0;0
26;2025-11-30;23;6;647;47;0;1;0;0;0;0
26;2025-12-01;0;0;624;0;1;0;0;0;0;0
26;2025-12-01;1;0;625;2;1;0;0;0;0;0
26;2025-12-01;2;0;626;4;1;0;0;0;0;0
26;2025-12-01;3;0;627;6;1;0;0;0;0;0
26;2025-12-01;4;0;628;8;1;0;0;0;0;0
26;2025-12-01;5;0;629;10;1;0;0;0;0;0
26;2025-12-01;6;0;630;12;0;0;0;0;0;0
26;2025-12-01;7;0;631;14;0;0;0;0;0;0
26;2025-12-01;8;0;632;16;0;0;0;0;0;0
26;2025-12-01;9;0;633;18;0;0;0;0;0;0
26;2025-12-01;10;0;634;20;0;0;0;0;0;0
26;2025-12-01;11;0;635;22;0;0;0;0;0;0
26;2025-12-01;12;0;636;24;0;0;0;0;0;0
26;2025-12-01;13;0;637;26;0;0;0;0;0;0
26;2025-12-01;14;0;638;28;0;0;0;0;0;0
26;2025-12-01;15;0;639;30;0;0;0;0;0;0
26;2025-12-01;16;0;640;32;0;0;0;0;0;0
26;2025-12-01;17;0;641;34;0;0;0;0;0;0
26;2025-12-01;18;0;642;36;0;0;0;0;0;0
26;2025-12-01;19;0;643;38;0;0;0;0;0;0
26;2025-12-01;20;0;644;40;0;0;0;0;0;0
26;2025-12-01;21;0;645;42;0;0;0;0;0;0
26;2025-12-01;22;0;646;44;0;0;0;0;0;0
26;2025-12-01;23;0;647;46;0;0;0;0;0;0
26;2025-12-02;0;1;624;0;1;0;0;0;0;0
26;2025-12-02;1;1;625;2;1;0;0;0;0;0
26;2025-12-02;2;1;626;4;1;0;0;0;0;0
26;2025-12-02;3;1;627;6;1;0;0;0;0;0
26;2025-12-02;4;1;628;8;1;0;0;0;0;0
26;2025-12-02;5;1;629;10;1;0;0;0;0;0
26;2025-12-02;6;1;630;12;0;0;0;0;0;0
26;2025-12-02;7;1;631;14;0;0;0;0;0;0
26;2025-12-02;8;1;632;16;0;0;0;0;0;0
26;2025-12-02;9;1;633;18;0;0;0;0;0;0
26;2025-12-02;10;1;634;20;0;0;0;0;0;0
26;2025-12-02;11;1;635;22;0;0;0;0;0;0
26;2025-12-02;12;1;636;24;0;0;0;0;0;0
26;2025-12-02;13;1;637;26;0;0;0;0;0;0
26;2025-12-02;14;1;638;28;0;0;0;0;0;0
26;2025-12-02;15;1;639;30;0;0;0;0;0;0
26;2025-12-02;16;1;640;32;0;0;0;0;0;0
26;2025-12-02;17;1;641;34;0;0;0;0;0;0
26;2025-12-02;18;1;642;36;0;0;0;0;0;0
26;2025-12-02;19;1;643;38;0;0;0;0;0;0
26;2025-12-02;20;1;644;40;0;0;0;0;0;0
26;2025-12-02;21;1;645;42;0;0;0;0;0;0
26;2025-12-02;22;1;646;44;0;0;0;0;0;0
26;2025-12-02;23;1;647;46;0;0;0;0;0;0
26;2025-12-03;0;2;624;0;1;0;0;0;0;0
26;2025-12-03;1;2;625;2;1;0;0;0;0;0
26;2025-12-03;2;2;626;4;1;0;0;0;0;0
26;2025-12-03;3;2;627;6;1;0;0;0;0;0
26;2025-12-03;4;2;628;8;1;0;0;0;0;0
26;2025-12-03;5;2;629;10;1;0;0;0;0;0
26;2025-12-03;6;2;630;12;0;0;0;0;0;0
26;2025-12-03;7;2;631;14;0;0;0;0;0;0
26;2025-12-03;8;2;632;16;0;0;0;0;0;0
26;2025-12-03;9;2;633;18;0;0;0;0;0;0
26;2025-12-03;10;2;634;20;0;0;0;0;0;0
26;2025-12-03;11;2;635;22;0;0;0;0;0;0
26;2025-12-03;12;2;636;24;0;0;0;0;0;0
26;2025-12-03;13;2;637;26;0;0;0;0;0;0
26;2025-12-03;14;2;638;28;0;0;0;0;0;0
26;2025-12-03;15;2;639;30;0;0;0;0;0;0
26;2025-12-03;16;2;640;32;0;0;0;0;0;0
26;2025-12-03;17;2;641;34;0;0;0;0;0;0
26;2025-12-03;18;2;642;36;0;0;0;0;0;0
26;2025-12-03;19;2;643;38;0;0;0;0;0;0
26;2025-12-03;20;2;644;40;0;0;0;0;0;0
26;2025-12-03;21;2;645;42;0;0;0;0;0;0
26;2025-12-03;22;2;646;44;0;0;0;0;0;0
26;2025-12-03;23;2;647;46;0;0;0;0;0;0
26;2025-12-04;0;3;624;0;1;0;0;0;0;0
26;2025-12-04;1;3;625;2;1;0;0;0;0;0
26;2025-12-04;2;3;626;4;1;0;0;0;0;0
26;2025-12-04;3;3;627;6;1;0;0;0;0;0
26;2025-12-04;4;3;628;8;1;0;0;0;0;0
26;2025-12-04;5;3;629;10;1;0;0;0;0;0
26;2025-12-04;6;3;630;12;0;0;0;0;0;0
26;2025-12-04;7;3;631;14;0;0;0;0;0;0
26;2025-12-04;8;3;632;16;0;0;0;0;0;0
26;2025-12-04;9;3;633;18;0;0;0;0;0;0
26;2025-12-04;10;3;634;20;0;0;0;0;0;0
26;2025-12-04;11;3;635;22;0;0;0;0;0;0
26;2025-12-04;12;3;636;24;0;0;0;0;0;0
26;2025-12-04;13;3;637;26;0;0;0;0;0;0
26;2025-12-04;14;3;638;28;0;0;0;0;0;0
26;2025-12-04;15;3;639;30;0;0;0;0;0;0
26;2025-12-04;16;3;640;32;0;0;0;0;0;0
26;2025-12-04;17;3;641;34;0;0;0;0;0;0
26;2025-12-04;18;3;642;36;0;0;0;0;0;0
26;2025-12-04;19;3;643;38;0;0;0;0;0;0
26;2025-12-04;20;3;644;40;0;0;0;0;0;0
26;2025-12-04;21;3;645;42;0;0;0;0;0;0
26;2025-12-04;22;3;646;44;0;0;0;0;0;0
26;2025-12-04;23;3;647;46;0;0;0;0;0;0
26;2025-12-05;0;4;624;0;1;0;0;0;0;0
26;2025-12-05;1;4;625;2;1;0;0;0;0;0
26;2025-12-05;2;4;626;4;1;0;0;0;0;0
26;2025-12-05;3;4;627;6;1;0;0;0;0;0
26;2025-12-05;4;4;628;8;1;0;0;0;0;0
26;2025-12-05;5;4;629;10;1;0;0;0;0;0
26;2025-12-05;6;4;630;12;0;0;0;0;0;0
26;2025-12-05;7;4;631;14;0;0;0;0;0;0
26;2025-12-05;8;4;632;16;0;0;0;0;0;0
26;2025-12-05;9;4;633;18;0;0;0;0;0;0
26;2025-12-05;10;4;634;20;0;0;0;0;0;0
26;2025-12-05;11;4;635;22;0;0;0;0;0;0
26;2025-12-05;12;4;636;24;0;0;0;0;0;0
26;2025-12-05;13;4;637;26;0;0;0;0;0;0
26;2025-12-05;14;4;638;28;0;0;0;0;0;0
26;2025-12-05;15;4;639;30;0;0;0;0;0;0
26;2025-12-05;16;4;640;32;0;0;0;0;0;0
26;2025-12-05;17;4;641;34;0;0;0;0;0;0
26;2025-12-05;18;4;642;36;0;0;0;0;0;0
26;2025-12-05;19;4;643;38;0;0;0;0;0;0
26;2025-12-05;20;4;644;40;0;0;0;0;0;0
26;2025-12-05;21;4;645;42;0;0;0;0;0;0
26;2025-12-05;22;4;646;44;0;0;0;0;0;0
26;2025-12-05;23;4;647;46;0;0;0;0;0;0
26;2025-12-06;0;5;624;1;1;1;0;0;0;0
26;2025-12-06;1;5;625;3;1;1;0;0;0;0
26;2025-12-06;2;5;626;5;1;1;0;0;0;0
26;2025-12-06;3;5;627;7;1;1;0;0;0;0
26;2025-12-06;4;5;628;9;1;1;0;0;0;0
26;2025-12-06;5;5;629;11;1;1;0;0;0;0
26;2025-12-06;6;5;630;13;0;1;0;0;0;0
26;2025-12-06;7;5;631;15;0;1;0;0;0;0
26;2025-12-06;8;5;632;17;0;1;0;0;0;0
26;2025-12-06;9;5;633;19;0;1;0;0;0;0
26;2025-12-06;10;5;634;21;0;1;0;0;0;0
26;2025-12-06;11;5;635;23;0;1;0;0;0;0
26;2025-12-06;12;5;636;25;0;1;0;0;0;0
26;2025-12-06;13;5;637;27;0;1;0;0;0;0
26;2025-12-06;14;5;638;29;0;1;0;0;0;0
26;2025-12-06;15;5;639;31;0;1;0;0;0;0
26;2025-12-06;16;5;640;33;0;1;0;0;0;0
26;2025-12-06;17;5;641;35;0;1;0;0;0;0
26;2025-12-06;18;5;642;37;0;1;0;0;0;0
26;2025-12-06;19;5;643;39;0;1;0;0;0;0
26;2025-12-06;20;5;644;41;0;1;0;0;0;0
26;2025-12-06;21;5;645;43;0;1;0;0;0;0
26;2025-12-06;22;5;646;45;0;1;0;0;0;0
26;2025-12-06;23;5;647;47;0;1;0;0;0;0
26;2025-12-07;0;6;624;1;1;1;0;0;0;0
26;2025-12-07;1;6;625;3;1;1;0;0;0;0
26;2025-12-07;2;6;626;5;1;1;0;0;0;0
26;2025-12-07;3;6;627;7;1;1;0;0;0;0
26;2025-12-07;4;6;628;9;1;1;0;0;0;0
26;2025-12-07;5;6;629;11;1;1;0;0;0;0
26;2025-12-07;6;6;630;13;0;1;0;0;0;0
26;2025-12-07;7;6;631;15;0;1;0;0;0;0
26;2025-12-07;8;6;632;17;0;1;0;0;0;0
26;2025-12-07;9;6;633;19;0;1;0;0;0;0
26;2025-12-07;10;6;634;21;0;1;0;0;0;0
26;2025-12-07;11;6;635;23;0;1;0;0;0;0
26;2025-12-07;12;6;636;25;0;1;0;0;0;0
26;2025-12-07;13;6;637;27;0;1;0;0;0;0
26;2025-12-07;14;6;638;29;0;1;0;0;0;0
26;2025-12-07;15;6;639;31;0;1;0;0;0;0
26;2025-12-07;16;6;640;33;0;1;0;0;0;0
26;2025-12-07;17;6;641;35;0;1;0;0;0;0
26;2025-12-07;18;6;642;37;0;1;0;0;0;0
26;2025-12-07;19;6;643;39;0;1;0;0;0;0
26;2025-12-07;20;6;644;41;0;1;0;0;0;0
26;2025-12-07;21;6;645;43;0;1;0;0;0;0
26;2025-12-07;22;6;646;45;0;1;0;0;0;0
26;2025-12-07;23;6;647;47;0;1;0;0;0;0
26;2025-12-08;0;0;624;0;1;0;0;0;0;0
26;2025-12-08;1;0;625;2;1;0;0;0;0;0
26;2025-12-08;2;0;626;4;1;0;0;0;0;0
26;2025-12-08;3;0;627;6;1;0;0;0;0;0
26;2025-12-08;4;0;628;8;1;0;0;0;0;0
26;2025-12-08;5;0;629;10;1;0;0;0;0;0
26;2025-12-08;6;0;630;12;0;0;0;0;0;0
26;2025-12-08;7;0;631;14;0;0;0;0;0;0
26;2025-12-08;8;0;632;16;0;0;0;0;0;0
26;2025-12-08;9;0;633;18;0;0;0;0;0;0
26;2025-12-08;10;0;634;20;0;0;0;0;0;0
26;2025-12-08;11;0;635;22;0;0;0;0;0;0
26;2025-12-08;12;0;636;24;0;0;0;0;0;0
26;2025-12-08;13;0;637;26;0;0;0;0;0;0
26;2025-12-08;14;0;638;28;0;0;0;0;0;0
26;2025-12-08;15;0;639;30;0;0;0;0;0;0
26;2025-12-08;16;0;640;32;0;0;0;0;0;0
26;2025-12-08;17;0;641;34;0;0;0;0;0;0
26;2025-12-08;18;0;642;36;0;0;0;0;0;0
26;2025-12-08;19;0;643;38;0;0;0;0;0;0
26;2025-12-08;20;0;644;40;0;0;0;0;0;0
26;2025-12-08;21;0;645;42;0;0;0;0;0;0
26;2025-12-08;22;0;646;44;0;0;0;0;0;0
26;2025-12-08;23;0;647;46;0;0;0;0;0;0
26;2025-12-09;0;1;624;0;1;0;0;0;0;0
26;2025-12-09;1;1;625;2;1;0;0;0;0;0
26;2025-12-09;2;1;626;4;1;0;0;0;0;0
26;2025-12-09;3;1;627;6;1;0;0;0;0;0
26;2025-12-09;4;1;628;8;1;0;0;0;0;0
26;2025-12-09;5;1;629;10;1;0;0;0;0;0
26;2025-12-09;6;1;630;12;0;0;0;0;0;0
26;2025-12-09;7;1;631;14;0;0;0;0;0;0
26;2025-12-09;8;1;632;16;0;0;0;0;0;0
26;2025-12-09;9;1;633;18;0;0;0;0;0;0
26;2025-12-09;10;1;634;20;0;0;0;0;0;0
26;2025-12-09;11;1;635;22;0;0;0;0;0;0
26;2025-12-09;12;1;636;24;0;0;0;0;0;0
26;2025-12-09;13;1;637;26;0;0;0;0;0;0
26;2025-12-09;14;1;638;28;0;0;0;0;0;0
26;2025-12-09;15;1;639;30;0;0;0;0;0;0
26;2025-12-09;16;1;640;32;0;0;0;0;0;0
26;2025-12-09;17;1;641;34;0;0;0;0;0;0
26;2025-12-09;18;1;642;36;0;0;0;0;0;0
26;2025-12-09;19;1;643;38;0;0;0;0;0;0
26;2025-12-09;20;1;644;40;0;0;0;0;0;0
26;2025-12-09;21;1;645;42;0;0;0;0;0;0
26;2025-12-09;22;1;646;44;0;0;0;0;0;0
26;2025-12-09;23;1;647;46;0;0;0;0;0;0
26;2025-12-10;0;2;624;0;1;0;0;0;0;0
26;2025-12-10;1;2;625;2;1;0;0;0;0;0
26;2025-12-10;2;2;626;4;1;0;0;0;0;0
26;2025-12-10;3;2;627;6;1;0;0;0;0;0
26;2025-12-10;4;2;628;8;1;0;0;0;0;0
26;2025-12-10;5;2;629;10;1;0;0;0;0;0
26;2025-12-10;6;2;630;12;0;0;0;0;0;0
26;2025-12-10;7;2;631;14;0;0;0;0;0;0
26;2025-12-10;8;2;632;16;0;0;0;0;0;0
26;2025-12-10;9;2;633;18;0;0;0;0;0;0
26;2025-12-10;10;2;634;20;0;0;0;0;0;0
26;2025-12-10;11;2;635;22;0;0;0;0;0;0
26;2025-12-10;12;2;636;24;0;0;0;0;0;0
26;2025-12-10;13;2;637;26;0;0;0;0;0;0
26;2025-12-10;14;2;638;28;0;0;0;0;0;0
26;2025-12-10;15;2;639;30;0;0;0;0;0;0
26;2025-12-10;16;2;640;32;0;0;0;0;0;0
26;2025-12-10;17;2;641;34;0;0;0;0;0;0
26;2025-12-10;18;2;642;36;0;0;0;0;0;0
26;2025-12-10;19;2;643;38;0;0;0;0;0;0
26;2025-12-10;20;2;644;40;0;0;0;0;0;0
26;2025-12-10;21;2;645;42;0;0;0;0;0;0
26;2025-12-10;22;2;646;44;0;0;0;0;0;0
26;2025-12-10;23;2;647;46;0;0;0;0;0;0
26;2025-12-11;0;3;624;0;1;0;0;0;0;0
26;2025-12-11;1;3;625;2;1;0;0;0;0;0
26;2025-12-11;2;3;626;4;1;0;0;0;0;0
26;2025-12-11;3;3;627;6;1;0;0;0;0;0
26;2025-12-11;4;3;628;8;1;0;0;0;0;0
26;2025-12-11;5;3;629;10;1;0;0;0;0;0
26;2025-12-11;6;3;630;12;0;0;0;0;0;0
26;2025-12-11;7;3;631;14;0;0;0;0;0;0
26;2025-12-11;8;3;632;16;0;0;0;0;0;0
26;2025-12-11;9;3;633;18;0;0;0;0;0;0
26;2025-12-11;10;3;634;20;0;0;0;0;0;0
26;2025-12-11;11;3;635;22;0;0;0;0;0;0
26;2025-12-11;12;3;636;24;0;0;0;0;0;0
26;2025-12-11;13;3;637;26;0;0;0;0;0;0
26;2025-12-11;14;3;638;28;0;0;0;0;0;0
26;2025-12-11;15;3;639;30;0;0;0;0;0;0
26;2025-12-11;16;3;640;32;0;0;0;0;0;0
26;2025-12-11;17;3;641;34;0;0;0;0;0;0
26;2025-12-11;18;3;642;36;0;0;0;0;0;0
26;2025-12-11;19;3;643;38;0;0;0;0;0;0
26;2025-12-11;20;3;644;40;0;0;0;0;0;0
26;2025-12-11;21;3;645;42;0;0;0;0;0;0
26;2025-12-11;22;3;646;44;0;0;0;0;0;0
26;2025-12-11;23;3;647;46;0;0;0;0;0;0
26;2025-12-12;0;4;624;0;1;0;0;0;0;0
26;2025-12-12;1;4;625;2;1;0;0;0;0;0
26;2025-12-12;2;4;626;4;1;0;0;0;0;0
26;2025-12-12;3;4;627;6;1;0;0;0;0;0
26;2025-12-12;4;4;628;8;1;0;0;0;0;0
26;2025-12-12;5;4;629;10;1;0;0;0;0;0
26;2025-12-12;6;4;630;12;0;0;0;0;0;0
26;2025-12-12;7;4;631;14;0;0;0;0;0;0
26;2025-12-12;8;4;632;16;0;0;0;0;0;0
26;2025-12-12;9;4;633;18;0;0;0;0;0;0
26;2025-12-12;10;4;634;20;0;0;0;0;0;0
26;2025-12-12;11;4;635;22;0;0;0;0;0;0
26;2025-12-12;12;4;636;24;0;0;0;0;0;0
26;2025-12-12;13;4;637;26;0;0;0;0;0;0
26;2025-12-12;14;4;638;28;0;0;0;0;0;0
26;2025-12-12;15;4;639;30;0;0;0;0;0;0
26;2025-12-12;16;4;640;32;0;0;0;0;0;0
26;2025-12-12;17;4;641;34;0;0;0;0;0;0
26;2025-12-12;18;4;642;36;0;0;0;0;0;0
26;2025-12-12;19;4;643;38;0;0;0;0;0;0
26;2025-12-12;20;4;644;40;0;0;0;0;0;0
26;2025-12-12;21;4;645;42;0;0;0;0;0;0
26;2025-12-12;22;4;646;44;0;0;0;0;0;0
26;2025-12-12;23;4;647;46;0;0;0;0;0;0
26;2025-12-13;0;5;624;1;1;1;0;0;0;0
26;2025-12-13;1;5;625;3;1;1;0;0;0;0
26;2025-12-13;2;5;626;5;1;1;0;0;0;0
26;2025-12-13;3;5;627;7;1;1;0;0;0;0
26;2025-12-13;4;5;628;9;1;1;0;0;0;0
26;2025-12-13;5;5;629;11;1;1;0;0;0;0
26;2025-12-13;6;5;630;13;0;1;0;0;0;0
26;2025-12-13;7;5;631;15;0;1;0;0;0;0
26;2025-12-13;8;5;632;17;0;1;0;0;0;0
26;2025-12-13;9;5;633;19;0;1;0;0;0;0
26;2025-12-13;10;5;634;21;0;1;0;0;0;0
26;2025-12-13;11;5;635;23;0;1;0;0;0;0
26;2025-12-13;12;5;636;25;0;1;0;0;0;0
26;2025-12-13;13;5;637;27;0;1;0;0;0;0
26;2025-12-13;14;5;638;29;0;1;0;0;0;0
26;2025-12-13;15;5;639;31;0;1;0;0;0;0
26;2025-12-13;16;5;640;33;0;1;0;0;0;0
26;2025-12-13;17;5;641;35;0;1;0;0;0;0
26;2025-12-13;18;5;642;37;0;1;0;0;0;0
26;2025-12-13;19;5;643;39;0;1;0;0;0;0
26;2025-12-13;20;5;644;41;0;1;0;0;0;0
26;2025-12-13;21;5;645;43;0;1;0;0;0;0
26;2025-12-13;22;5;646;45;0;1;0;0;0;0
26;2025-12-13;23;5;647;47;0;1;0;0;0;0
26;2025-12-14;0;6;624;1;1;1;0;0;0;0
26;2025-12-14;1;6;625;3;1;1;0;0;0;0
26;2025-12-14;2;6;626;5;1;1;0;0;0;0
26;2025-12-14;3;6;627;7;1;1;0;0;0;0
26;2025-12-14;4;6;628;9;1;1;0;0;0;0
26;2025-12-14;5;6;629;11;1;1;0;0;0;0
26;2025-12-14;6;6;630;13;0;1;0;0;0;0
26;2025-12-14;7;6;631;15;0;1;0;0;0;0
26;2025-12-14;8;6;632;17;0;1;0;0;0;0
26;2025-12-14;9;6;633;19;0;1;0;0;0;0
26;2025-12-14;10;6;634;21;0;1;0;0;0;0
26;2025-12-14;11;6;635;23;0;1;0;0;0;0
26;2025-12-14;12;6;636;25;0;1;0;0;0;0
26;2025-12-14;13;6;637;27;0;1;0;0;0;0
26;2025-12-14;14;6;638;29;0;1;0;0;0;0
26;2025-12-14;15;6;639;31;0;1;0;0;0;0
26;2025-12-14;16;6;640;33;0;1;0;0;0;0
26;2025-12-14;17;6;641;35;0;1;0;0;0;0
26;2025-12-14;18;6;642;37;0;1;0;0;0;0
26;2025-12-14;19;6;643;39;0;1;0;0;0;0
26;2025-12-14;20;6;644;41;0;1;0;0;0;0
26;2025-12-14;21;6;645;43;0;1;0;0;0;0
26;2025-12-14;22;6;646;45;0;1;0;0;0;0
26;2025-12-14;23;6;647;47;0;1;0;0;0;0
26;2025-12-15;0;0;624;0;1;0;0;0;0;0
26;2025-12-15;1;0;625;2;1;0;0;0;0;0
26;2025-12-15;2;0;626;4;1;0;0;0;0;0
26;2025-12-15;3;0;627;6;1;0;0;0;0;0
26;2025-12-15;4;0;628;8;1;0;0;0;0;0
26;2025-12-15;5;0;629;10;1;0;0;0;0;0
26;2025-12-15;6;0;630;12;0;0;0;0;0;0
26;2025-12-15;7;0;631;14;0;0;0;0;0;0
26;2025-12-15;8;0;632;16;0;0;0;0;0;0
26;2025-12-15;9;0;633;18;0;0;0;0;0;0
26;2025-12-15;10;0;634;20;0;0;0;0;0;0
26;2025-12-15;11;0;635;22;0;0;0;0;0;0
26;2025-12-15;12;0;636;24;0;0;0;0;0;0
26;2025-12-15;13;0;637;26;0;0;0;0;0;0
26;2025-12-15;14;0;638;28;0;0;0;0;0;0
26;2025-12-15;15;0;639;30;0;0;0;0;0;0
26;2025-12-15;16;0;640;32;0;0;0;0;0;0
26;2025-12-15;17;0;641;34;0;0;0;0;0;0
26;2025-12-15;18;0;642;36;0;0;0;0;0;0
26;2025-12-15;19;0;643;38;0;0;0;0;0;0
26;2025-12-15;20;0;644;40;0;0;0;0;0;0
26;2025-12-15;21;0;645;42;0;0;0;0;0;0
26;2025-12-15;22;0;646;44;0;0;0;0;0;0
26;2025-12-15;23;0;647;46;0;0;0;0;0;0
26;2025-12-16;0;1;624;0;1;0;0;0;0;0
26;2025-12-16;1;1;625;2;1;0;0;0;0;0
26;2025-12-16;2;1;626;4;1;0;0;0;0;0
26;2025-12-16;3;1;627;6;1;0;0;0;0;0
26;2025-12-16;4;1;628;8;1;0;0;0;0;0
26;2025-12-16;5;1;629;10;1;0;0;0;0;0
26;2025-12-16;6;1;630;12;0;0;0;0;0;0
26;2025-12-16;7;1;631;14;0;0;0;0;0;0
26;2025-12-16;8;1;632;16;0;0;0;0;0;0
26;2025-12-16;9;1;633;18;0;0;0;0;0;0
26;2025-12-16;10;1;634;20;0;0;0;0;0;0
26;2025-12-16;11;1;635;22;0;0;0;0;0;0
26;2025-12-16;12;1;636;24;0;0;0;0;0;0
26;2025-12-16;13;1;637;26;0;0;0;0;0;0
26;2025-12-16;14;1;638;28;0;0;0;0;0;0
26;2025-12-16;15;1;639;30;0;0;0;0;0;0
26;2025-12-16;16;1;640;32;0;0;0;0;0;0
26;2025-12-16;17;1;641;34;0;0;0;0;0;0
26;2025-12-16;18;1;642;36;0;0;0;0;0;0
26;2025-12-16;19;1;643;38;0;0;0;0;0;0
26;2025-12-16;20;1;644;40;0;0;0;0;0;0
26;2025-12-16;21;1;645;42;0;0;0;0;0;0
26;2025-12-16;22;1;646;44;0;0;0;0;0;0
26;2025-12-16;23;1;647;46;0;0;0;0;0;0
26;2025-12-17;0;2;624;0;1;0;0;0;0;0
26;2025-12-17;1;2;625;2;1;0;0;0;0;0
26;2025-12-17;2;2;626;4;1;0;0;0;0;0
26;2025-12-17;3;2;627;6;1;0;0;0;0;0
26;2025-12-17;4;2;628;8;1;0;0;0;0;0
26;2025-12-17;5;2;629;10;1;0;0;0;0;0
26;2025-12-17;6;2;630;12;0;0;0;0;0;0
26;2025-12-17;7;2;631;14;0;0;0;0;0;0
26;2025-12-17;8;2;632;16;0;0;0;0;0;0
26;2025-12-17;9;2;633;18;0;0;0;0;0;0
26;2025-12-17;10;2;634;20;0;0;0;0;0;0
26;2025-12-17;11;2;635;22;0;0;0;0;0;0
26;2025-12-17;12;2;636;24;0;0;0;0;0;0
26;2025-12-17;13;2;637;26;0;0;0;0;0;0
26;2025-12-17;14;2;638;28;0;0;0;0;0;0
26;2025-12-17;15;2;639;30;0;0;0;0;0;0
26;2025-12-17;16;2;640;32;0;0;0;0;0;0
26;2025-12-17;17;2;641;34;0;0;0;0;0;0
26;2025-12-17;18;2;642;36;0;0;0;0;0;0
26;2025-12-17;19;2;643;38;0;0;0;0;0;0
26;2025-12-17;20;2;644;40;0;0;0;0;0;0
26;2025-12-17;21;2;645;42;0;0;0;0;0;0
26;2025-12-17;22;2;646;44;0;0;0;0;0;0
26;2025-12-17;23;2;647;46;0;0;0;0;0;0
26;2025-12-18;0;3;624;0;1;0;0;0;0;0
26;2025-12-18;1;3;625;2;1;0;0;0;0;0
26;2025-12-18;2;3;626;4;1;0;0;0;0;0
26;2025-12-18;3;3;627;6;1;0;0;0;0;0
26;2025-12-18;4;3;628;8;1;0;0;0;0;0
26;2025-12-18;5;3;629;10;1;0;0;0;0;0
26;2025-12-18;6;3;630;12;0;0;0;0;0;0
26;2025-12-18;7;3;631;14;0;0;0;0;0;0
26;2025-12-18;8;3;632;16;0;0;0;0;0;0
26;2025-12-18;9;3;633;18;0;0;0;0;0;0
26;2025-12-18;10;3;634;20;0;0;0;0;0;0
26;2025-12-18;11;3;635;22;0;0;0;0;0;0
26;2025-12-18;12;3;636;24;0;0;0;0;0;0
26;2025-12-18;13;3;637;26;0;0;0;0;0;0
26;2025-12-18;14;3;638;28;0;0;0;0;0;0
26;2025-12-18;15;3;639;30;0;0;0;0;0;0
26;2025-12-18;16;3;640;32;0;0;0;0;0;0
26;2025-12-18;17;3;641;34;0;0;0;0;0;0
26;2025-12-18;18;3;642;36;0;0;0;0;0;0
26;2025-12-18;19;3;643;38;0;0;0;0;0;0
26;2025-12-18;20;3;644;40;0;0;0;0;0;0
26;2025-12-18;21;3;645;42;0;0;0;0;0;0
26;2025-12-18;22;3;646;44;0;0;0;0;0;0
26;2025-12-18;23;3;647;46;0;0;0;0;0;0
26;2025-12-19;0;4;624;0;1;0;0;0;0;0
26;2025-12-19;1;4;625;2;1;0;0;0;0;0
26;2025-12-19;2;4;626;4;1;0;0;0;0;0
26;2025-12-19;3;4;627;6;1;0;0;0;0;0
26;2025-12-19;4;4;628;8;1;0;0;0;0;0
26;2025-12-19;5;4;629;10;1;0;0;0;0;0
26;2025-12-19;6;4;630;12;0;0;0;0;0;0
26;2025-12-19;7;4;631;14;0;0;0;0;0;0
26;2025-12-19;8;4;632;16;0;0;0;0;0;0
26;2025-12-19;9;4;633;18;0;0;0;0;0;0
26;2025-12-19;10;4;634;20;0;0;0;0;0;0
26;2025-12-19;11;4;635;22;0;0;0;0;0;0
26;2025-12-19;12;4;636;24;0;0;0;0;0;0
26;2025-12-19;13;4;637;26;0;0;0;0;0;0
26;2025-12-19;14;4;638;28;0;0;0;0;0;0
26;2025-12-19;15;4;639;30;0;0;0;0;0;0
26;2025-12-19;16;4;640;32;0;0;0;0;0;0
26;2025-12-19;17;4;641;34;0;0;0;0;0;0
26;2025-12-19;18;4;642;36;0;0;0;0;0;0
26;2025-12-19;19;4;643;38;0;0;0;0;0;0
26;2025-12-19;20;4;644;40;0;0;0;0;0;0
26;2025-12-19;21;4;645;42;0;0;0;0;0;0
26;2025-12-19;22;4;646;44;0;0;0;0;0;0
26;2025-12-19;23;4;647;46;0;0;0;0;0;0
26;2025-12-20;0;5;624;1;1;1;0;0;0;0
26;2025-12-20;1;5;625;3;1;1;0;0;0;0
26;2025-12-20;2;5;626;5;1;1;0;0;0;0
26;2025-12-20;3;5;627;7;1;1;0;0;0;0
26;2025-12-20;4;5;628;9;1;1;0;0;0;0
26;2025-12-20;5;5;629;11;1;1;0;0;0;0
26;2025-12-20;6;5;630;13;0;1;0;0;0;0
26;2025-12-20;7;5;631;15;0;1;0;0;0;0
26;2025-12-20;8;5;632;17;0;1;0;0;0;0
26;2025-12-20;9;5;633;19;0;1;0;0;0;0
26;2025-12-20;10;5;634;21;0;1;0;0;0;0
26;2025-12-20;11;5;635;23;0;1;0;0;0;0
26;2025-12-20;12;5;636;25;0;1;0;0;0;0
26;2025-12-20;13;5;637;27;0;1;0;0;0;0
26;2025-12-20;14;5;638;29;0;1;0;0;0;0
26;2025-12-20;15;5;639;31;0;1;0;0;0;0
26;2025-12-20;16;5;640;33;0;1;0;0;0;0
26;2025-12-20;17;5;641;35;0;1;0;0;0;0
26;2025-12-20;18;5;642;37;0;1;0;0;0;0
26;2025-12-20;19;5;643;39;0;1;0;0;0;0
26;2025-12-20;20;5;644;41;0;1;0;0;0;0
26;2025-12-20;21;5;645;43;0;1;0;0;0;0
26;2025-12-20;22;5;646;45;0;1;0;0;0;0
26;2025-12-20;23;5;647;47;0;1;0;0;0;0
26;2025-12-21;0;6;624;1;1;1;0;0;0;0
26;2025-12-21;1;6;625;3;1;1;0;0;0;0
26;2025-12-21;2;6;626;5;1;1;0;0;0;0
26;2025-12-21;3;6;627;7;1;1;0;0;0;0
26;2025-12-21;4;6;628;9;1;1;0;0;0;0
26;2025-12-21;5;6;629;11;1;1;0;0;0;0
26;2025-12-21;6;6;630;13;0;1;0;0;0;0
26;2025-12-21;7;6;631;15;0;1;0;0;0;0
26;2025-12-21;8;6;632;17;0;1;0;0;0;0
26;2025-12-21;9;6;633;19;0;1;0;0;0;0
26;2025-12-21;10;6;634;21;0;1;0;0;0;0
26;2025-12-21;11;6;635;23;0;1;0;0;0;0
26;2025-12-21;12;6;636;25;0;1;0;0;0;0
26;2025-12-21;13;6;637;27;0;1;0;0;0;0
26;2025-12-21;14;6;638;29;0;1;0;0;0;0
26;2025-12-21;15;6;639;31;0;1;0;0;0;0
26;2025-12-21;16;6;640;33;0;1;0;0;0;0
26;2025-12-21;17;6;641;35;0;1;0;0;0;0
26;2025-12-21;18;6;642;37;0;1;0;0;0;0
26;2025-12-21;19;6;643;39;0;1;0;0;0;0
26;2025-12-21;20;6;644;41;0;1;0;0;0;0
26;2025-12-21;21;6;645;43;0;1;0;0;0;0
26;2025-12-21;22;6;646;45;0;1;0;0;0;0
26;2025-12-21;23;6;647;47;0;1;0;0;0;0
26;2025-12-22;0;0;624;0;1;0;0;0;0;0
26;2025-12-22;1;0;625;2;1;0;0;0;0;0
26;2025-12-22;2;0;626;4;1;0;0;0;0;0
26;2025-12-22;3;0;627;6;1;0;0;0;0;0
26;2025-12-22;4;0;628;8;1;0;0;0;0;0
26;2025-12-22;5;0;629;10;1;0;0;0;0;0
26;2025-12-22;6;0;630;12;0;0;0;0;0;0
26;2025-12-22;7;0;631;14;0;0;0;0;0;0
26;2025-12-22;8;0;632;16;0;0;0;0;0;0
26;2025-12-22;9;0;633;18;0;0;0;0;0;0
26;2025-12-22;10;0;634;20;0;0;0;0;0;0
26;2025-12-22;11;0;635;22;0;0;0;0;0;0
26;2025-12-22;12;0;636;24;0;0;0;0;0;0
26;2025-12-22;13;0;637;26;0;0;0;0;0;0
26;2025-12-22;14;0;638;28;0;0;0;0;0;0
26;2025-12-22;15;0;639;30;0;0;0;0;0;0
26;2025-12-22;16;0;640;32;0;0;0;0;0;0
26;2025-12-22;17;0;641;34;0;0;0;0;0;0
26;2025-12-22;18;0;642;36;0;0;0;0;0;0
26;2025-12-22;19;0;643;38;0;0;0;0;0;0
26;2025-12-22;20;0;644;40;0;0;0;0;0;0
26;2025-12-22;21;0;645;42;0;0;0;0;0;0
26;2025-12-22;22;0;646;44;0;0;0;0;0;0
26;2025-12-22;23;0;647;46;0;0;0;0;0;0
26;2025-12-23;0;1;624;0;1;0;0;0;0;0
26;2025-12-23;1;1;625;2;1;0;0;0;0;0
26;2025-12-23;2;1;626;4;1;0;0;0;0;0
26;2025-12-23;3;1;627;6;1;0;0;0;0;0
26;2025-12-23;4;1;628;8;1;0;0;0;0;0
26;2025-12-23;5;1;629;10;1;0;0;0;0;0
26;2025-12-23;6;1;630;12;0;0;0;0;0;0
26;2025-12-23;7;1;631;14;0;0;0;0;0;0
26;2025-12-23;8;1;632;16;0;0;0;0;0;0
26;2025-12-23;9;1;633;18;0;0;0;0;0;0
26;2025-12-23;10;1;634;20;0;0;0;0;0;0
26;2025-12-23;11;1;635;22;0;0;0;0;0;0
26;2025-12-23;12;1;636;24;0;0;0;0;0;0
26;2025-12-23;13;1;637;26;0;0;0;0;0;0
26;2025-12-23;14;1;638;28;0;0;0;0;0;0
26;2025-12-23;15;1;639;30;0;0;0;0;0;0
26;2025-12-23;16;1;640;32;0;0;0;0;0;0
26;2025-12-23;17;1;641;34;0;0;0;0;0;0
26;2025-12-23;18;1;642;36;0;0;0;0;0;0
26;2025-12-23;19;1;643;38;0;0;0;0;0;0
26;2025-12-23;20;1;644;40;0;0;0;0;0;0
26;2025-12-23;21;1;645;42;0;0;0;0;0;0
26;2025-12-23;22;1;646;44;0;0;0;0;0;0
26;2025-12-23;23;1;647;46;0;0;0;0;0;0
26;2025-12-24;0;2;624;0;1;0;0;0;0;0
26;2025-12-24;1;2;625;2;1;0;0;0;0;0
26;2025-12-24;2;2;626;4;1;0;0;0;0;0
26;2025-12-24;3;2;627;6;1;0;0;0;0;0
26;2025-12-24;4;2;628;8;1;0;0;0;0;0
26;2025-12-24;5;2;629;10;1;0;0;0;0;0
26;2025-12-24;6;2;630;12;0;0;0;0;0;0
26;2025-12-24;7;2;631;14;0;0;0;0;0;0
26;2025-12-24;8;2;632;16;0;0;0;0;0;0
26;2025-12-24;9;2;633;18;0;0;0;0;0;0
26;2025-12-24;10;2;634;20;0;0;0;0;0;0
26;2025-12-24;11;2;635;22;0;0;0;0;0;0
26;2025-12-24;12;2;636;24;0;0;0;0;0;0
26;2025-12-24;13;2;637;26;0;0;0;0;0;0
26;2025-12-24;14;2;638;28;0;0;0;0;0;0
26;2025-12-24;15;2;639;30;0;0;0;0;0;0
26;2025-12-24;16;2;640;32;0;0;0;0;0;0
26;2025-12-24;17;2;641;34;0;0;0;0;0;0
26;2025-12-24;18;2;642;36;0;0;0;0;0;0
26;2025-12-24;19;2;643;38;0;0;0;0;0;0
26;2025-12-24;20;2;644;40;0;0;0;0;0;0
26;2025-12-24;21;2;645;42;0;0;0;0;0;0
26;2025-12-24;22;2;646;44;0;0;0;0;0;0
26;2025-12-24;23;2;647;46;0;0;0;0;0;0
26;2025-12-25;0;3;624;0;1;0;0;0;0;0
26;2025-12-25;1;3;625;2;1;0;0;0;0;0
26;2025-12-25;2;3;626;4;1;0;0;0;0;0
26;2025-12-25;3;3;627;6;1;0;0;0;0;0
26;2025-12-25;4;3;628;8;1;0;0;0;0;0
26;2025-12-25;5;3;629;10;1;0;0;0;0;0
26;2025-12-25;6;3;630;12;0;0;0;0;0;0
26;2025-12-25;7;3;631;14;0;0;0;0;0;0
26;2025-12-25;8;3;632;16;0;0;0;0;0;0
26;2025-12-25;9;3;633;18;0;0;0;0;0;0
26;2025-12-25;10;3;634;20;0;0;0;0;0;0
26;2025-12-25;11;3;635;22;0;0;0;0;0;0
26;2025-12-25;12;3;636;24;0;0;0;0;0;0
26;2025-12-25;13;3;637;26;0;0;0;0;0;0
26;2025-12-25;14;3;638;28;0;0;0;0;0;0
26;2025-12-25;15;3;639;30;0;0;0;0;0;0
26;2025-12-25;16;3;640;32;0;0;0;0;0;0
26;2025-12-25;17;3;641;34;0;0;0;0;0;0
26;2025-12-25;18;3;642;36;0;0;0;0;0;0
26;2025-12-25;19;3;643;38;0;0;0;0;0;0
26;2025-12-25;20;3;644;40;0;0;0;0;0;0
26;2025-12-25;21;3;645;42;0;0;0;0;0;0
26;2025-12-25;22;3;646;44;0;0;0;0;0;0
26;2025-12-25;23;3;647;46;0;0;0;0;0;0
26;2025-12-26;0;4;624;0;1;0;0;0;0;0
26;2025-12-26;1;4;625;2;1;0;0;0;0;0
26;2025-12-26;2;4;626;4;1;0;0;0;0;0
26;2025-12-26;3;4;627;6;1;0;0;0;0;0
26;2025-12-26;4;4;628;8;1;0;0;0;0;0
26;2025-12-26;5;4;629;10;1;0;0;0;0;0
26;2025-12-26;6;4;630;12;0;0;0;0;0;0
26;2025-12-26;7;4;631;14;0;0;0;0;0;0
26;2025-12-26;8;4;632;16;0;0;0;0;0;0
26;2025-12-26;9;4;633;18;0;0;0;0;0;0
26;2025-12-26;10;4;634;20;0;0;0;0;0;0
26;2025-12-26;11;4;635;22;0;0;0;0;0;0
26;2025-12-26;12;4;636;24;0;0;0;0;0;0
26;2025-12-26;13;4;637;26;0;0;0;0;0;0
26;2025-12-26;14;4;638;28;0;0;0;0;0;0
26;2025-12-26;15;4;639;30;0;0;0;0;0;0
26;2025-12-26;16;4;640;32;0;0;0;0;0;0
26;2025-12-26;17;4;641;34;0;0;0;0;0;0
26;2025-12-26;18;4;642;36;0;0;0;0;0;0
26;2025-12-26;19;4;643;38;0;0;0;0;0;0
26;2025-12-26;20;4;644;40;0;0;0;0;0;0
26;2025-12-26;21;4;645;42;0;0;0;0;0;0
26;2025-12-26;22;4;646;44;0;0;0;0;0;0
26;2025-12-26;23;4;647;46;0;0;0;0;0;0
26;2025-12-27;0;5;624;1;1;1;0;0;0;0
26;2025-12-27;1;5;625;3;1;1;0;0;0;0
26;2025-12-27;2;5;626;5;1;1;0;0;0;0
26;2025-12-27;3;5;627;7;1;1;0;0;0;0
26;2025-12-27;4;5;628;9;1;1;0;0;0;0
26;2025-12-27;5;5;629;11;1;1;0;0;0;0
26;2025-12-27;6;5;630;13;0;1;0;0;0;0
26;2025-12-27;7;5;631;15;0;1;0;0;0;0
26;2025-12-27;8;5;632;17;0;1;0;0;0;0
26;2025-12-27;9;5;633;19;0;1;0;0;0;0
26;2025-12-27;10;5;634;21;0;1;0;0;0;0
26;2025-12-27;11;5;635;23;0;1;0;0;0;0
26;2025-12-27;12;5;636;25;0;1;0;0;0;0
26;2025-12-27;13;5;637;27;0;1;0;0;0;0
26;2025-12-27;14;5;638;29;0;1;0;0;0;0
26;2025-12-27;15;5;639;31;0;1;0;0;0;0
26;2025-12-27;16;5;640;33;0;1;0;0;0;0
26;2025-12-27;17;5;641;35;0;1;0;0;0;0
26;2025-12-27;18;5;642;37;0;1;0;0;0;0
26;2025-12-27;19;5;643;39;0;1;0;0;0;0
26;2025-12-27;20;5;644;41;0;1;0;0;0;0
26;2025-12-27;21;5;645;43;0;1;0;0;0;0
26;2025-12-27;22;5;646;45;0;1;0;0;0;0
26;2025-12-27;23;5;647;47;0;1;0;0;0;0
26;2025-12-28;0;6;624;1;1;1;0;0;0;0
26;2025-12-28;1;6;625;3;1;1;0;0;0;0
26;2025-12-28;2;6;626;5;1;1;0;0;0;0
26;2025-12-28;3;6;627;7;1;1;0;0;0;0
26;2025-12-28;4;6;628;9;1;1;0;0;0;0
26;2025-12-28;5;6;629;11;1;1;0;0;0;0
26;2025-12-28;6;6;630;13;0;1;0;0;0;0
26;2025-12-28;7;6;631;15;0;1;0;0;0;0
26;2025-12-28;8;6;632;17;0;1;0;0;0;0
26;2025-12-28;9;6;633;19;0;1;0;0;0;0
26;2025-12-28;10;6;634;21;0;1;0;0;0;0
26;2025-12-28;11;6;635;23;0;1;0;0;0;0
26;2025-12-28;12;6;636;25;0;1;0;0;0;0
26;2025-12-28;13;6;637;27;0;1;0;0;0;0
26;2025-12-28;14;6;638;29;0;1;0;0;0;0
26;2025-12-28;15;6;639;31;0;1;0;0;0;0
26;2025-12-28;16;6;640;33;0;1;0;0;0;0
26;2025-12-28;17;6;641;35;0;1;0;0;0;0
26;2025-12-28;18;6;642;37;0;1;0;0;0;0
26;2025-12-28;19;6;643;39;0;1;0;0;0;0
26;2025-12-28;20;6;644;41;0;1;0;0;0;0
26;2025-12-28;21;6;645;43;0;1;0;0;0;0
26;2025-12-28;22;6;646;45;0;1;0;0;0;0
26;2025-12-28;23;6;647;47;0;1;0;0;0;0
26;2025-12-29;0;0;624;0;1;0;0;0;0;0
26;2025-12-29;1;0;625;2;1;0;0;0;0;0
26;2025-12-29;2;0;626;4;1;0;0;0;0;0
26;2025-12-29;3;0;627;6;1;0;0;0;0;0
26;2025-12-29;4;0;628;8;1;0;0;0;0;0
26;2025-12-29;5;0;629;10;1;0;0;0;0;0
26;2025-12-29;6;0;630;12;0;0;0;0;0;0
26;2025-12-29;7;0;631;14;0;0;0;0;0;0
26;2025-12-29;8;0;632;16;0;0;0;0;0;0
26;2025-12-29;9;0;633;18;0;0;0;0;0;0
26;2025-12-29;10;0;634;20;0;0;0;0;0;0
26;2025-12-29;11;0;635;22;0;0;0;0;0;0
26;2025-12-29;12;0;636;24;0;0;0;0;0;0
26;2025-12-29;13;0;637;26;0;0;0;0;0;0
26;2025-12-29;14;0;638;28;0;0;0;0;0;0
26;2025-12-29;15;0;639;30;0;0;0;0;0;0
26;2025-12-29;16;0;640;32;0;0;0;0;0;0
26;2025-12-29;17;0;641;34;0;0;0;0;0;0
26;2025-12-29;18;0;642;36;0;0;0;0;0;0
26;2025-12-29;19;0;643;38;0;0;0;0;0;0
26;2025-12-29;20;0;644;40;0;0;0;0;0;0
26;2025-12-29;21;0;645;42;0;0;0;0;0;0
26;2025-12-29;22;0;646;44;0;0;0;0;0;0
26;2025-12-29;23;0;647;46;0;0;0;0;0;0
26;2025-12-30;0;1;624;0;1;0;0;0;0;0
26;2025-12-30;1;1;625;2;1;0;0;0;0;0
26;2025-12-30;2;1;626;4;1;0;0;0;0;0
26;2025-12-30;3;1;627;6;1;0;0;0;0;0
26;2025-12-30;4;1;628;8;1;0;0;0;0;0
26;2025-12-30;5;1;629;10;1;0;0;0;0;0
26;2025-12-30;6;1;630;12;0;0;0;0;0;0
26;2025-12-30;7;1;631;14;0;0;0;0;0;0
26;2025-12-30;8;1;632;16;0;0;0;0;0;0
26;2025-12-30;9;1;633;18;0;0;0;0;0;0
26;2025-12-30;10;1;634;20;0;0;0;0;0;0
26;2025-12-30;11;1;635;22;0;0;0;0;0;0
26;2025-12-30;12;1;636;24;0;0;0;0;0;0
26;2025-12-30;13;1;637;26;0;0;0;0;0;0
26;2025-12-30;14;1;638;28;0;0;0;0;0;0
26;2025-12-30;15;1;639;30;0;0;0;0;0;0
26;2025-12-30;16;1;640;32;0;0;0;0;0;0
26;2025-12-30;17;1;641;34;0;0;0;0;0;0
26;2025-12-30;18;1;642;36;0;0;0;0;0;0
26;2025-12-30;19;1;643;38;0;0;0;0;0;0
26;2025-12-30;20;1;644;40;0;0;0;0;0;0
26;2025-12-30;21;1;645;42;0;0;0;0;0;0
26;2025-12-30;22;1;646;44;0;0;0;0;0;0
26;2025-12-30;23;1;647;46;0;0;0;0;0;0
26;2025-12-31;0;2;624;0;1;1;0;1;0;0
26;2025-12-31;1;2;625;2;1;1;0;1;0;0
26;2025-12-31;2;2;626;4;1;1;0;1;0;0
26;2025-12-31;3;2;627;6;1;1;0;1;0;0
26;2025-12-31;4;2;628;8;1;1;0;1;0;0
26;2025-12-31;5;2;629;10;1;1;0;1;0;0
26;2025-12-31;6;2;630;12;0;1;0;1;0;0
26;2025-12-31;7;2;631;14;0;1;0;1;0;0
26;2025-12-31;8;2;632;16;0;1;0;1;0;0
26;2025-12-31;9;2;633;18;0;1;0;1;0;0
26;2025-12-31;10;2;634;20;0;1;0;1;0;0
26;2025-12-31;11;2;635;22;0;1;0;1;0;0
26;2025-12-31;12;2;636;24;0;1;0;1;0;0
26;2025-12-31;13;2;637;26;0;1;0;1;0;0
26;2025-12-31;14;2;638;28;0;1;0;1;0;0
26;2025-12-31;15;2;639;30;0;1;0;1;0;0
26;2025-12-31;16;2;640;32;0;1;0;1;0;0
26;2025-12-31;17;2;641;34;0;1;0;1;0;0
26;2025-12-31;18;2;642;36;0;1;0;1;0;0
26;2025-12-31;19;2;643;38;0;1;0;1;0;0
26;2025-12-31;20;2;644;40;0;1;0;1;0;0
26;2025-12-31;21;2;645;42;0;1;0;1;0;0
26;2025-12-31;22;2;646;44;0;1;0;1;0;0
26;2025-12-31;23;2;647;46;0;1;0;1;0;0
28;2025-11-01;0;5;672;1;1;0;0;0;1;1
28;2025-11-01;1;5;673;3;1;0;0;0;1;1
28;2025-11-01;2;5;674;5;1;0;0;0;1;1
28;2025-11-01;3;5;675;7;1;0;0;0;1;1
28;2025-11-01;4;5;676;9;1;0;0;0;1;1
28;2025-11-01;5;5;677;11;1;0;0;0;1;1
28;2025-11-01;6;5;678;13;0;0;0;0;1;1
28;2025-11-01;7;5;679;15;0;0;0;0;1;1
28;2025-11-01;8;5;680;17;0;0;0;0;1;1
28;2025-11-01;9;5;681;19;0;0;0;0;1;1
28;2025-11-01;10;5;682;21;0;0;0;0;1;1
28;2025-11-01;11;5;683;23;0;0;0;0;1;1
28;2025-11-01;12;5;684;25;0;0;0;0;1;1
28;2025-11-01;13;5;685;27;0;0;0;0;1;1
28;2025-11-01;14;5;686;29;0;0;0;0;1;1
28;2025-11-01;15;5;687;31;0;0;0;0;1;1
28;2025-11-01;16;5;688;33;0;0;0;0;1;1
28;2025-11-01;17;5;689;35;0;0;0;0;1;1
28;2025-11-01;18;5;690;37;0;0;0;0;1;1
28;2025-11-01;19;5;691;39;0;0;0;0;1;1
28;2025-11-01;20;5;692;41;0;0;0;0;1;1
28;2025-11-01;21;5;693;43;0;0;0;0;1;1
28;2025-11-01;22;5;694;45;0;0;0;0;1;1
28;2025-11-01;23;5;695;47;0;0;0;0;1;1
28;2025-11-02;0;6;672;1;1;1;0;0;0;0
28;2025-11-02;1;6;673;3;1;1;0;0;0;0
28;2025-11-02;2;6;674;5;1;1;0;0;0;0
28;2025-11-02;3;6;675;7;1;1;0;0;0;0
28;2025-11-02;4;6;676;9;1;1;0;0;0;0
28;2025-11-02;5;6;677;11;1;1;0;0;0;0
28;2025-11-02;6;6;678;13;0;1;0;0;0;0
28;2025-11-02;7;6;679;15;0;1;0;0;0;0
28;2025-11-02;8;6;680;17;0;1;0;0;0;0
28;2025-11-02;9;6;681;19;0;1;0;0;0;0
28;2025-11-02;10;6;682;21;0;1;0;0;0;0
28;2025-11-02;11;6;683;23;0;1;0;0;0;0
28;2025-11-02;12;6;684;25;0;1;0;0;0;0
28;2025-11-02;13;6;685;27;0;1;0;0;0;0
28;2025-11-02;14;6;686;29;0;1;0;0;0;0
28;2025-11-02;15;6;687;31;0;1;0;0;0;0
28;2025-11-02;16;6;688;33;0;1;0;0;0;0
28;2025-11-02;17;6;689;35;0;1;0;0;0;0
28;2025-11-02;18;6;690;37;0;1;0;0;0;0
28;2025-11-02;19;6;691;39;0;1;0;0;0;0
28;2025-11-02;20;6;692;41;0;1;0;0;0;0
28;2025-11-02;21;6;693;43;0;1;0;0;0;0
28;2025-11-02;22;6;694;45;0;1;0;0;0;0
28;2025-11-02;23;6;695;47;0;1;0;0;0;0
28;2025-11-03;0;0;672;0;1;1;0;1;0;0
28;2025-11-03;1;0;673;2;1;1;0;1;0;0
28;2025-11-03;2;0;674;4;1;1;0;1;0;0
28;2025-11-03;3;0;675;6;1;1;0;1;0;0
28;2025-11-03;4;0;676;8;1;1;0;1;0;0
28;2025-11-03;5;0;677;10;1;1;0;1;0;0
28;2025-11-03;6;0;678;12;0;1;0;1;0;0
28;2025-11-03;7;0;679;14;0;1;0;1;0;0
28;2025-11-03;8;0;680;16;0;1;0;1;0;0
28;2025-11-03;9;0;681;18;0;1;0;1;0;0
28;2025-11-03;10;0;682;20;0;1;0;1;0;0
28;2025-11-03;11;0;683;22;0;1;0;1;0;0
28;2025-11-03;12;0;684;24;0;1;0;1;0;0
28;2025-11-03;13;0;685;26;0;1;0;1;0;0
28;2025-11-03;14;0;686;28;0;1;0;1;0;0
28;2025-11-03;15;0;687;30;0;1;0;1;0;0
28;2025-11-03;16;0;688;32;0;1;0;1;0;0
28;2025-11-03;17;0;689;34;0;1;0;1;0;0
28;2025-11-03;18;0;690;36;0;1;0;1;0;0
28;2025-11-03;19;0;691;38;0;1;0;1;0;0
28;2025-11-03;20;0;692;40;0;1;0;1;0;0
28;2025-11-03;21;0;693;42;0;1;0;1;0;0
28;2025-11-03;22;0;694;44;0;1;0;1;0;0
28;2025-11-03;23;0;695;46;0;1;0;1;0;0
28;2025-11-04;0;1;672;0;1;1;1;0;0;0
28;2025-11-04;1;1;673;2;1;1;1;0;0;0
28;2025-11-04;2;1;674;4;1;1;1;0;0;0
28;2025-11-04;3;1;675;6;1;1;1;0;0;0
28;2025-11-04;4;1;676;8;1;1;1;0;0;0
28;2025-11-04;5;1;677;10;1;1;1;0;0;0
28;2025-11-04;6;1;678;12;0;1;1;0;0;0
28;2025-11-04;7;1;679;14;0;1;1;0;0;0
28;2025-11-04;8;1;680;16;0;1;1;0;0;0
28;2025-11-04;9;1;681;18;0;1;1;0;0;0
28;2025-11-04;10;1;682;20;0;1;1;0;0;0
28;2025-11-04;11;1;683;22;0;1;1;0;0;0
28;2025-11-04;12;1;684;24;0;1;1;0;0;0
28;2025-11-04;13;1;685;26;0;1;1;0;0;0
28;2025-11-04;14;1;686;28;0;1;1;0;0;0
28;2025-11-04;15;1;687;30;0;1;1;0;0;0
28;2025-11-04;16;1;688;32;0;1;1;0;0;0
28;2025-11-04;17;1;689;34;0;1;1;0;0;0
28;2025-11-04;18;1;690;36;0;1;1;0;0;0
28;2025-11-04;19;1;691;38;0;1;1;0;0;0
28;2025-11-04;20;1;692;40;0;1;1;0;0;0
28;2025-11-04;21;1;693;42;0;1;1;0;0;0
28;2025-11-04;22;1;694;44;0;1;1;0;0;0
28;2025-11-04;23;1;695;46;0;1;1;0;0;0
28;2025-11-05;0;2;672;0;1;0;0;0;0;0
28;2025-11-05;1;2;673;2;1;0;0;0;0;0
28;2025-11-05;2;2;674;4;1;0;0;0;0;0
28;2025-11-05;3;2;675;6;1;0;0;0;0;0
28;2025-11-05;4;2;676;8;1;0;0;0;0;0
28;2025-11-05;5;2;677;10;1;0;0;0;0;0
28;2025-11-05;6;2;678;12;0;0;0;0;0;0
28;2025-11-05;7;2;679;14;0;0;0;0;0;0
28;2025-11-05;8;2;680;16;0;0;0;0;0;0
28;2025-11-05;9;2;681;18;0;0;0;0;0;0
28;2025-11-05;10;2;682;20;0;0;0;0;0;0
28;2025-11-05;11;2;683;22;0;0;0;0;0;0
28;2025-11-05;12;2;684;24;0;0;0;0;0;0
28;2025-11-05;13;2;685;26;0;0;0;0;0;0
28;2025-11-05;14;2;686;28;0;0;0;0;0;0
28;2025-11-05;15;2;687;30;0;0;0;0;0;0
28;2025-11-05;16;2;688;32;0;0;0;0;0;0
28;2025-11-05;17;2;689;34;0;0;0;0;0;0
28;2025-11-05;18;2;690;36;0;0;0;0;0;0
28;2025-11-05;19;2;691;38;0;0;0;0;0;0
28;2025-11-05;20;2;692;40;0;0;0;0;0;0
28;2025-11-05;21;2;693;42;0;0;0;0;0;0
28;2025-11-05;22;2;694;44;0;0;0;0;0;0
28;2025-11-05;23;2;695;46;0;0;0;0;0;0
28;2025-11-06;0;3;672;0;1;0;0;0;0;0
28;2025-11-06;1;3;673;2;1;0;0;0;0;0
28;2025-11-06;2;3;674;4;1;0;0;0;0;0
28;2025-11-06;3;3;675;6;1;0;0;0;0;0
28;2025-11-06;4;3;676;8;1;0;0;0;0;0
28;2025-11-06;5;3;677;10;1;0;0;0;0;0
28;2025-11-06;6;3;678;12;0;0;0;0;0;0
28;2025-11-06;7;3;679;14;0;0;0;0;0;0
28;2025-11-06;8;3;680;16;0;0;0;0;0;0
28;2025-11-06;9;3;681;18;0;0;0;0;0;0
28;2025-11-06;10;3;682;20;0;0;0;0;0;0
28;2025-11-06;11;3;683;22;0;0;0;0;0;0
28;2025-11-06;12;3;684;24;0;0;0;0;0;0
28;2025-11-06;13;3;685;26;0;0;0;0;0;0
28;2025-11-06;14;3;686;28;0;0;0;0;0;0
28;2025-11-06;15;3;687;30;0;0;0;0;0;0
28;2025-11-06;16;3;688;32;0;0;0;0;0;0
28;2025-11-06;17;3;689;34;0;0;0;0;0;0
28;2025-11-06;18;3;690;36;0;0;0;0;0;0
28;2025-11-06;19;3;691;38;0;0;0;0;0;0
28;2025-11-06;20;3;692;40;0;0;0;0;0;0
28;2025-11-06;21;3;693;42;0;0;0;0;0;0
28;2025-11-06;22;3;694;44;0;0;0;0;0;0
28;2025-11-06;23;3;695;46;0;0;0;0;0;0
28;2025-11-07;0;4;672;0;1;0;0;0;0;0
28;2025-11-07;1;4;673;2;1;0;0;0;0;0
28;2025-11-07;2;4;674;4;1;0;0;0;0;0
28;2025-11-07;3;4;675;6;1;0;0;0;0;0
28;2025-11-07;4;4;676;8;1;0;0;0;0;0
28;2025-11-07;5;4;677;10;1;0;0;0;0;0
28;2025-11-07;6;4;678;12;0;0;0;0;0;0
28;2025-11-07;7;4;679;14;0;0;0;0;0;0
28;2025-11-07;8;4;680;16;0;0;0;0;0;0
28;2025-11-07;9;4;681;18;0;0;0;0;0;0
28;2025-11-07;10;4;682;20;0;0;0;0;0;0
28;2025-11-07;11;4;683;22;0;0;0;0;0;0
28;2025-11-07;12;4;684;24;0;0;0;0;0;0
28;2025-11-07;13;4;685;26;0;0;0;0;0;0
28;2025-11-07;14;4;686;28;0;0;0;0;0;0
28;2025-11-07;15;4;687;30;0;0;0;0;0;0
28;2025-11-07;16;4;688;32;0;0;0;0;0;0
28;2025-11-07;17;4;689;34;0;0;0;0;0;0
28;2025-11-07;18;4;690;36;0;0;0;0;0;0
28;2025-11-07;19;4;691;38;0;0;0;0;0;0
28;2025-11-07;20;4;692;40;0;0;0;0;0;0
28;2025-11-07;21;4;693;42;0;0;0;0;0;0
28;2025-11-07;22;4;694;44;0;0;0;0;0;0
28;2025-11-07;23;4;695;46;0;0;0;0;0;0
28;2025-11-08;0;5;672;1;1;1;0;0;0;0
28;2025-11-08;1;5;673;3;1;1;0;0;0;0
28;2025-11-08;2;5;674;5;1;1;0;0;0;0
28;2025-11-08;3;5;675;7;1;1;0;0;0;0
28;2025-11-08;4;5;676;9;1;1;0;0;0;0
28;2025-11-08;5;5;677;11;1;1;0;0;0;0
28;2025-11-08;6;5;678;13;0;1;0;0;0;0
28;2025-11-08;7;5;679;15;0;1;0;0;0;0
28;2025-11-08;8;5;680;17;0;1;0;0;0;0
28;2025-11-08;9;5;681;19;0;1;0;0;0;0
28;2025-11-08;10;5;682;21;0;1;0;0;0;0
28;2025-11-08;11;5;683;23;0;1;0;0;0;0
28;2025-11-08;12;5;684;25;0;1;0;0;0;0
28;2025-11-08;13;5;685;27;0;1;0;0;0;0
28;2025-11-08;14;5;686;29;0;1;0;0;0;0
28;2025-11-08;15;5;687;31;0;1;0;0;0;0
28;2025-11-08;16;5;688;33;0;1;0;0;0;0
28;2025-11-08;17;5;689;35;0;1;0;0;0;0
28;2025-11-08;18;5;690;37;0;1;0;0;0;0
28;2025-11-08;19;5;691;39;0;1;0;0;0;0
28;2025-11-08;20;5;692;41;0;1;0;0;0;0
28;2025-11-08;21;5;693;43;0;1;0;0;0;0
28;2025-11-08;22;5;694;45;0;1;0;0;0;0
28;2025-11-08;23;5;695;47;0;1;0;0;0;0
28;2025-11-09;0;6;672;1;1;1;0;0;0;0
28;2025-11-09;1;6;673;3;1;1;0;0;0;0
28;2025-11-09;2;6;674;5;1;1;0;0;0;0
28;2025-11-09;3;6;675;7;1;1;0;0;0;0
28;2025-11-09;4;6;676;9;1;1;0;0;0;0
28;2025-11-09;5;6;677;11;1;1;0;0;0;0
28;2025-11-09;6;6;678;13;0;1;0;0;0;0
28;2025-11-09;7;6;679;15;0;1;0;0;0;0
28;2025-11-09;8;6;680;17;0;1;0;0;0;0
28;2025-11-09;9;6;681;19;0;1;0;0;0;0
28;2025-11-09;10;6;682;21;0;1;0;0;0;0
28;2025-11-09;11;6;683;23;0;1;0;0;0;0
28;2025-11-09;12;6;684;25;0;1;0;0;0;0
28;2025-11-09;13;6;685;27;0;1;0;0;0;0
28;2025-11-09;14;6;686;29;0;1;0;0;0;0
28;2025-11-09;15;6;687;31;0;1;0;0;0;0
28;2025-11-09;16;6;688;33;0;1;0;0;0;0
28;2025-11-09;17;6;689;35;0;1;0;0;0;0
28;2025-11-09;18;6;690;37;0;1;0;0;0;0
28;2025-11-09;19;6;691;39;0;1;0;0;0;0
28;2025-11-09;20;6;692;41;0;1;0;0;0;0
28;2025-11-09;21;6;693;43;0;1;0;0;0;0
28;2025-11-09;22;6;694;45;0;1;0;0;0;0
28;2025-11-09;23;6;695;47;0;1;0;0;0;0
28;2025-11-10;0;0;672;0;1;0;0;0;0;0
28;2025-11-10;1;0;673;2;1;0;0;0;0;0
28;2025-11-10;2;0;674;4;1;0;0;0;0;0
28;2025-11-10;3;0;675;6;1;0;0;0;0;0
28;2025-11-10;4;0;676;8;1;0;0;0;0;0
28;2025-11-10;5;0;677;10;1;0;0;0;0;0
28;2025-11-10;6;0;678;12;0;0;0;0;0;0
28;2025-11-10;7;0;679;14;0;0;0;0;0;0
28;2025-11-10;8;0;680;16;0;0;0;0;0;0
28;2025-11-10;9;0;681;18;0;0;0;0;0;0
28;2025-11-10;10;0;682;20;0;0;0;0;0;0
28;2025-11-10;11;0;683;22;0;0;0;0;0;0
28;2025-11-10;12;0;684;24;0;0;0;0;0;0
28;2025-11-10;13;0;685;26;0;0;0;0;0;0
28;2025-11-10;14;0;686;28;0;0;0;0;0;0
28;2025-11-10;15;0;687;30;0;0;0;0;0;0
28;2025-11-10;16;0;688;32;0;0;0;0;0;0
28;2025-11-10;17;0;689;34;0;0;0;0;0;0
28;2025-11-10;18;0;690;36;0;0;0;0;0;0
28;2025-11-10;19;0;691;38;0;0;0;0;0;0
28;2025-11-10;20;0;692;40;0;0;0;0;0;0
28;2025-11-10;21;0;693;42;0;0;0;0;0;0
28;2025-11-10;22;0;694;44;0;0;0;0;0;0
28;2025-11-10;23;0;695;46;0;0;0;0;0;0
28;2025-11-11;0;1;672;0;1;0;0;0;0;0
28;2025-11-11;1;1;673;2;1;0;0;0;0;0
28;2025-11-11;2;1;674;4;1;0;0;0;0;0
28;2025-11-11;3;1;675;6;1;0;0;0;0;0
28;2025-11-11;4;1;676;8;1;0;0;0;0;0
28;2025-11-11;5;1;677;10;1;0;0;0;0;0
28;2025-11-11;6;1;678;12;0;0;0;0;0;0
28;2025-11-11;7;1;679;14;0;0;0;0;0;0
28;2025-11-11;8;1;680;16;0;0;0;0;0;0
28;2025-11-11;9;1;681;18;0;0;0;0;0;0
28;2025-11-11;10;1;682;20;0;0;0;0;0;0
28;2025-11-11;11;1;683;22;0;0;0;0;0;0
28;2025-11-11;12;1;684;24;0;0;0;0;0;0
28;2025-11-11;13;1;685;26;0;0;0;0;0;0
28;2025-11-11;14;1;686;28;0;0;0;0;0;0
28;2025-11-11;15;1;687;30;0;0;0;0;0;0
28;2025-11-11;16;1;688;32;0;0;0;0;0;0
28;2025-11-11;17;1;689;34;0;0;0;0;0;0
28;2025-11-11;18;1;690;36;0;0;0;0;0;0
28;2025-11-11;19;1;691;38;0;0;0;0;0;0
28;2025-11-11;20;1;692;40;0;0;0;0;0;0
28;2025-11-11;21;1;693;42;0;0;0;0;0;0
28;2025-11-11;22;1;694;44;0;0;0;0;0;0
28;2025-11-11;23;1;695;46;0;0;0;0;0;0
28;2025-11-12;0;2;672;0;1;0;0;0;0;0
28;2025-11-12;1;2;673;2;1;0;0;0;0;0
28;2025-11-12;2;2;674;4;1;0;0;0;0;0
28;2025-11-12;3;2;675;6;1;0;0;0;0;0
28;2025-11-12;4;2;676;8;1;0;0;0;0;0
28;2025-11-12;5;2;677;10;1;0;0;0;0;0
28;2025-11-12;6;2;678;12;0;0;0;0;0;0
28;2025-11-12;7;2;679;14;0;0;0;0;0;0
28;2025-11-12;8;2;680;16;0;0;0;0;0;0
28;2025-11-12;9;2;681;18;0;0;0;0;0;0
28;2025-11-12;10;2;682;20;0;0;0;0;0;0
28;2025-11-12;11;2;683;22;0;0;0;0;0;0
28;2025-11-12;12;2;684;24;0;0;0;0;0;0
28;2025-11-12;13;2;685;26;0;0;0;0;0;0
28;2025-11-12;14;2;686;28;0;0;0;0;0;0
28;2025-11-12;15;2;687;30;0;0;0;0;0;0
28;2025-11-12;16;2;688;32;0;0;0;0;0;0
28;2025-11-12;17;2;689;34;0;0;0;0;0;0
28;2025-11-12;18;2;690;36;0;0;0;0;0;0
28;2025-11-12;19;2;691;38;0;0;0;0;0;0
28;2025-11-12;20;2;692;40;0;0;0;0;0;0
28;2025-11-12;21;2;693;42;0;0;0;0;0;0
28;2025-11-12;22;2;694;44;0;0;0;0;0;0
28;2025-11-12;23;2;695;46;0;0;0;0;0;0
28;2025-11-13;0;3;672;0;1;0;0;0;0;0
28;2025-11-13;1;3;673;2;1;0;0;0;0;0
28;2025-11-13;2;3;674;4;1;0;0;0;0;0
28;2025-11-13;3;3;675;6;1;0;0;0;0;0
28;2025-11-13;4;3;676;8;1;0;0;0;0;0
28;2025-11-13;5;3;677;10;1;0;0;0;0;0
28;2025-11-13;6;3;678;12;0;0;0;0;0;0
28;2025-11-13;7;3;679;14;0;0;0;0;0;0
28;2025-11-13;8;3;680;16;0;0;0;0;0;0
28;2025-11-13;9;3;681;18;0;0;0;0;0;0
28;2025-11-13;10;3;682;20;0;0;0;0;0;0
28;2025-11-13;11;3;683;22;0;0;0;0;0;0
28;2025-11-13;12;3;684;24;0;0;0;0;0;0
28;2025-11-13;13;3;685;26;0;0;0;0;0;0
28;2025-11-13;14;3;686;28;0;0;0;0;0;0
28;2025-11-13;15;3;687;30;0;0;0;0;0;0
28;2025-11-13;16;3;688;32;0;0;0;0;0;0
28;2025-11-13;17;3;689;34;0;0;0;0;0;0
28;2025-11-13;18;3;690;36;0;0;0;0;0;0
28;2025-11-13;19;3;691;38;0;0;0;0;0;0
28;2025-11-13;20;3;692;40;0;0;0;0;0;0
28;2025-11-13;21;3;693;42;0;0;0;0;0;0
28;2025-11-13;22;3;694;44;0;0;0;0;0;0
28;2025-11-13;23;3;695;46;0;0;0;0;0;0
28;2025-11-14;0;4;672;0;1;0;0;0;0;0
28;2025-11-14;1;4;673;2;1;0;0;0;0;0
28;2025-11-14;2;4;674;4;1;0;0;0;0;0
28;2025-11-14;3;4;675;6;1;0;0;0;0;0
28;2025-11-14;4;4;676;8;1;0;0;0;0;0
28;2025-11-14;5;4;677;10;1;0;0;0;0;0
28;2025-11-14;6;4;678;12;0;0;0;0;0;0
28;2025-11-14;7;4;679;14;0;0;0;0;0;0
28;2025-11-14;8;4;680;16;0;0;0;0;0;0
28;2025-11-14;9;4;681;18;0;0;0;0;0;0
28;2025-11-14;10;4;682;20;0;0;0;0;0;0
28;2025-11-14;11;4;683;22;0;0;0;0;0;0
28;2025-11-14;12;4;684;24;0;0;0;0;0;0
28;2025-11-14;13;4;685;26;0;0;0;0;0;0
28;2025-11-14;14;4;686;28;0;0;0;0;0;0
28;2025-11-14;15;4;687;30;0;0;0;0;0;0
28;2025-11-14;16;4;688;32;0;0;0;0;0;0
28;2025-11-14;17;4;689;34;0;0;0;0;0;0
28;2025-11-14;18;4;690;36;0;0;0;0;0;0
28;2025-11-14;19;4;691;38;0;0;0;0;0;0
28;2025-11-14;20;4;692;40;0;0;0;0;0;0
28;2025-11-14;21;4;693;42;0;0;0;0;0;0
28;2025-11-14;22;4;694;44;0;0;0;0;0;0
28;2025-11-14;23;4;695;46;0;0;0;0;0;0
28;2025-11-15;0;5;672;1;1;1;0;0;0;0
28;2025-11-15;1;5;673;3;1;1;0;0;0;0
28;2025-11-15;2;5;674;5;1;1;0;0;0;0
28;2025-11-15;3;5;675;7;1;1;0;0;0;0
28;2025-11-15;4;5;676;9;1;1;0;0;0;0
28;2025-11-15;5;5;677;11;1;1;0;0;0;0
28;2025-11-15;6;5;678;13;0;1;0;0;0;0
28;2025-11-15;7;5;679;15;0;1;0;0;0;0
28;2025-11-15;8;5;680;17;0;1;0;0;0;0
28;2025-11-15;9;5;681;19;0;1;0;0;0;0
28;2025-11-15;10;5;682;21;0;1;0;0;0;0
28;2025-11-15;11;5;683;23;0;1;0;0;0;0
28;2025-11-15;12;5;684;25;0;1;0;0;0;0
28;2025-11-15;13;5;685;27;0;1;0;0;0;0
28;2025-11-15;14;5;686;29;0;1;0;0;0;0
28;2025-11-15;15;5;687;31;0;1;0;0;0;0
28;2025-11-15;16;5;688;33;0;1;0;0;0;0
28;2025-11-15;17;5;689;35;0;1;0;0;0;0
28;2025-11-15;18;5;690;37;0;1;0;0;0;0
28;2025-11-15;19;5;691;39;0;1;0;0;0;0
28;2025-11-15;20;5;692;41;0;1;0;0;0;0
28;2025-11-15;21;5;693;43;0;1;0;0;0;0
28;2025-11-15;22;5;694;45;0;1;0;0;0;0
28;2025-11-15;23;5;695;47;0;1;0;0;0;0
28;2025-11-16;0;6;672;1;1;1;0;0;0;0
28;2025-11-16;1;6;673;3;1;1;0;0;0;0
28;2025-11-16;2;6;674;5;1;1;0;0;0;0
28;2025-11-16;3;6;675;7;1;1;0;0;0;0
28;2025-11-16;4;6;676;9;1;1;0;0;0;0
28;2025-11-16;5;6;677;11;1;1;0;0;0;0
28;2025-11-16;6;6;678;13;0;1;0;0;0;0
28;2025-11-16;7;6;679;15;0;1;0;0;0;0
28;2025-11-16;8;6;680;17;0;1;0;0;0;0
28;2025-11-16;9;6;681;19;0;1;0;0;0;0
28;2025-11-16;10;6;682;21;0;1;0;0;0;0
28;2025-11-16;11;6;683;23;0;1;0;0;0;0
28;2025-11-16;12;6;684;25;0;1;0;0;0;0
28;2025-11-16;13;6;685;27;0;1;0;0;0;0
28;2025-11-16;14;6;686;29;0;1;0;0;0;0
28;2025-11-16;15;6;687;31;0;1;0;0;0;0
28;2025-11-16;16;6;688;33;0;1;0;0;0;0
28;2025-11-16;17;6;689;35;0;1;0;0;0;0
28;2025-11-16;18;6;690;37;0;1;0;0;0;0
28;2025-11-16;19;6;691;39;0;1;0;0;0;0
28;2025-11-16;20;6;692;41;0;1;0;0;0;0
28;2025-11-16;21;6;693;43;0;1;0;0;0;0
28;2025-11-16;22;6;694;45;0;1;0;0;0;0
28;2025-11-16;23;6;695;47;0;1;0;0;0;0
28;2025-11-17;0;0;672;0;1;0;0;0;0;0
28;2025-11-17;1;0;673;2;1;0;0;0;0;0
28;2025-11-17;2;0;674;4;1;0;0;0;0;0
28;2025-11-17;3;0;675;6;1;0;0;0;0;0
28;2025-11-17;4;0;676;8;1;0;0;0;0;0
28;2025-11-17;5;0;677;10;1;0;0;0;0;0
28;2025-11-17;6;0;678;12;0;0;0;0;0;0
28;2025-11-17;7;0;679;14;0;0;0;0;0;0
28;2025-11-17;8;0;680;16;0;0;0;0;0;0
28;2025-11-17;9;0;681;18;0;0;0;0;0;0
28;2025-11-17;10;0;682;20;0;0;0;0;0;0
28;2025-11-17;11;0;683;22;0;0;0;0;0;0
28;2025-11-17;12;0;684;24;0;0;0;0;0;0
28;2025-11-17;13;0;685;26;0;0;0;0;0;0
28;2025-11-17;14;0;686;28;0;0;0;0;0;0
28;2025-11-17;15;0;687;30;0;0;0;0;0;0
28;2025-11-17;16;0;688;32;0;0;0;0;0;0
28;2025-11-17;17;0;689;34;0;0;0;0;0;0
28;2025-11-17;18;0;690;36;0;0;0;0;0;0
28;2025-11-17;19;0;691;38;0;0;0;0;0;0
28;2025-11-17;20;0;692;40;0;0;0;0;0;0
28;2025-11-17;21;0;693;42;0;0;0;0;0;0
28;2025-11-17;22;0;694;44;0;0;0;0;0;0
28;2025-11-17;23;0;695;46;0;0;0;0;0;0
28;2025-11-18;0;1;672;0;1;0;0;0;0;0
28;2025-11-18;1;1;673;2;1;0;0;0;0;0
28;2025-11-18;2;1;674;4;1;0;0;0;0;0
28;2025-11-18;3;1;675;6;1;0;0;0;0;0
28;2025-11-18;4;1;676;8;1;0;0;0;0;0
28;2025-11-18;5;1;677;10;1;0;0;0;0;0
28;2025-11-18;6;1;678;12;0;0;0;0;0;0
28;2025-11-18;7;1;679;14;0;0;0;0;0;0
28;2025-11-18;8;1;680;16;0;0;0;0;0;0
28;2025-11-18;9;1;681;18;0;0;0;0;0;0
28;2025-11-18;10;1;682;20;0;0;0;0;0;0
28;2025-11-18;11;1;683;22;0;0;0;0;0;0
28;2025-11-18;12;1;684;24;0;0;0;0;0;0
28;2025-11-18;13;1;685;26;0;0;0;0;0;0
28;2025-11-18;14;1;686;28;0;0;0;0;0;0
28;2025-11-18;15;1;687;30;0;0;0;0;0;0
28;2025-11-18;16;1;688;32;0;0;0;0;0;0
28;2025-11-18;17;1;689;34;0;0;0;0;0;0
28;2025-11-18;18;1;690;36;0;0;0;0;0;0
28;2025-11-18;19;1;691;38;0;0;0;0;0;0
28;2025-11-18;20;1;692;40;0;0;0;0;0;0
28;2025-11-18;21;1;693;42;0;0;0;0;0;0
28;2025-11-18;22;1;694;44;0;0;0;0;0;0
28;2025-11-18;23;1;695;46;0;0;0;0;0;0
28;2025-11-19;0;2;672;0;1;0;0;0;0;0
28;2025-11-19;1;2;673;2;1;0;0;0;0;0
28;2025-11-19;2;2;674;4;1;0;0;0;0;0
28;2025-11-19;3;2;675;6;1;0;0;0;0;0
28;2025-11-19;4;2;676;8;1;0;0;0;0;0
28;2025-11-19;5;2;677;10;1;0;0;0;0;0
28;2025-11-19;6;2;678;12;0;0;0;0;0;0
28;2025-11-19;7;2;679;14;0;0;0;0;0;0
28;2025-11-19;8;2;680;16;0;0;0;0;0;0
28;2025-11-19;9;2;681;18;0;0;0;0;0;0
28;2025-11-19;10;2;682;20;0;0;0;0;0;0
28;2025-11-19;11;2;683;22;0;0;0;0;0;0
28;2025-11-19;12;2;684;24;0;0;0;0;0;0
28;2025-11-19;13;2;685;26;0;0;0;0;0;0
28;2025-11-19;14;2;686;28;0;0;0;0;0;0
28;2025-11-19;15;2;687;30;0;0;0;0;0;0
28;2025-11-19;16;2;688;32;0;0;0;0;0;0
28;2025-11-19;17;2;689;34;0;0;0;0;0;0
28;2025-11-19;18;2;690;36;0;0;0;0;0;0
28;2025-11-19;19;2;691;38;0;0;0;0;0;0
28;2025-11-19;20;2;692;40;0;0;0;0;0;0
28;2025-11-19;21;2;693;42;0;0;0;0;0;0
28;2025-11-19;22;2;694;44;0;0;0;0;0;0
28;2025-11-19;23;2;695;46;0;0;0;0;0;0
28;2025-11-20;0;3;672;0;1;0;0;0;0;0
28;2025-11-20;1;3;673;2;1;0;0;0;0;0
28;2025-11-20;2;3;674;4;1;0;0;0;0;0
28;2025-11-20;3;3;675;6;1;0;0;0;0;0
28;2025-11-20;4;3;676;8;1;0;0;0;0;0
28;2025-11-20;5;3;677;10;1;0;0;0;0;0
28;2025-11-20;6;3;678;12;0;0;0;0;0;0
28;2025-11-20;7;3;679;14;0;0;0;0;0;0
28;2025-11-20;8;3;680;16;0;0;0;0;0;0
28;2025-11-20;9;3;681;18;0;0;0;0;0;0
28;2025-11-20;10;3;682;20;0;0;0;0;0;0
28;2025-11-20;11;3;683;22;0;0;0;0;0;0
28;2025-11-20;12;3;684;24;0;0;0;0;0;0
28;2025-11-20;13;3;685;26;0;0;0;0;0;0
28;2025-11-20;14;3;686;28;0;0;0;0;0;0
28;2025-11-20;15;3;687;30;0;0;0;0;0;0
28;2025-11-20;16;3;688;32;0;0;0;0;0;0
28;2025-11-20;17;3;689;34;0;0;0;0;0;0
28;2025-11-20;18;3;690;36;0;0;0;0;0;0
28;2025-11-20;19;3;691;38;0;0;0;0;0;0
28;2025-11-20;20;3;692;40;0;0;0;0;0;0
28;2025-11-20;21;3;693;42;0;0;0;0;0;0
28;2025-11-20;22;3;694;44;0;0;0;0;0;0
28;2025-11-20;23;3;695;46;0;0;0;0;0;0
28;2025-11-21;0;4;672;0;1;0;0;0;0;0
28;2025-11-21;1;4;673;2;1;0;0;0;0;0
28;2025-11-21;2;4;674;4;1;0;0;0;0;0
28;2025-11-21;3;4;675;6;1;0;0;0;0;0
28;2025-11-21;4;4;676;8;1;0;0;0;0;0
28;2025-11-21;5;4;677;10;1;0;0;0;0;0
28;2025-11-21;6;4;678;12;0;0;0;0;0;0
28;2025-11-21;7;4;679;14;0;0;0;0;0;0
28;2025-11-21;8;4;680;16;0;0;0;0;0;0
28;2025-11-21;9;4;681;18;0;0;0;0;0;0
28;2025-11-21;10;4;682;20;0;0;0;0;0;0
28;2025-11-21;11;4;683;22;0;0;0;0;0;0
28;2025-11-21;12;4;684;24;0;0;0;0;0;0
28;2025-11-21;13;4;685;26;0;0;0;0;0;0
28;2025-11-21;14;4;686;28;0;0;0;0;0;0
28;2025-11-21;15;4;687;30;0;0;0;0;0;0
28;2025-11-21;16;4;688;32;0;0;0;0;0;0
28;2025-11-21;17;4;689;34;0;0;0;0;0;0
28;2025-11-21;18;4;690;36;0;0;0;0;0;0
28;2025-11-21;19;4;691;38;0;0;0;0;0;0
28;2025-11-21;20;4;692;40;0;0;0;0;0;0
28;2025-11-21;21;4;693;42;0;0;0;0;0;0
28;2025-11-21;22;4;694;44;0;0;0;0;0;0
28;2025-11-21;23;4;695;46;0;0;0;0;0;0
28;2025-11-22;0;5;672;1;1;1;0;0;0;0
28;2025-11-22;1;5;673;3;1;1;0;0;0;0
28;2025-11-22;2;5;674;5;1;1;0;0;0;0
28;2025-11-22;3;5;675;7;1;1;0;0;0;0
28;2025-11-22;4;5;676;9;1;1;0;0;0;0
28;2025-11-22;5;5;677;11;1;1;0;0;0;0
28;2025-11-22;6;5;678;13;0;1;0;0;0;0
28;2025-11-22;7;5;679;15;0;1;0;0;0;0
28;2025-11-22;8;5;680;17;0;1;0;0;0;0
28;2025-11-22;9;5;681;19;0;1;0;0;0;0
28;2025-11-22;10;5;682;21;0;1;0;0;0;0
28;2025-11-22;11;5;683;23;0;1;0;0;0;0
28;2025-11-22;12;5;684;25;0;1;0;0;0;0
28;2025-11-22;13;5;685;27;0;1;0;0;0;0
28;2025-11-22;14;5;686;29;0;1;0;0;0;0
28;2025-11-22;15;5;687;31;0;1;0;0;0;0
28;2025-11-22;16;5;688;33;0;1;0;0;0;0
28;2025-11-22;17;5;689;35;0;1;0;0;0;0
28;2025-11-22;18;5;690;37;0;1;0;0;0;0
28;2025-11-22;19;5;691;39;0;1;0;0;0;0
28;2025-11-22;20;5;692;41;0;1;0;0;0;0
28;2025-11-22;21;5;693;43;0;1;0;0;0;0
28;2025-11-22;22;5;694;45;0;1;0;0;0;0
28;2025-11-22;23;5;695;47;0;1;0;0;0;0
28;2025-11-23;0;6;672;1;1;1;0;0;0;0
28;2025-11-23;1;6;673;3;1;1;0;0;0;0
28;2025-11-23;2;6;674;5;1;1;0;0;0;0
28;2025-11-23;3;6;675;7;1;1;0;0;0;0
28;2025-11-23;4;6;676;9;1;1;0;0;0;0
28;2025-11-23;5;6;677;11;1;1;0;0;0;0
28;2025-11-23;6;6;678;13;0;1;0;0;0;0
28;2025-11-23;7;6;679;15;0;1;0;0;0;0
28;2025-11-23;8;6;680;17;0;1;0;0;0;0
28;2025-11-23;9;6;681;19;0;1;0;0;0;0
28;2025-11-23;10;6;682;21;0;1;0;0;0;0
28;2025-11-23;11;6;683;23;0;1;0;0;0;0
28;2025-11-23;12;6;684;25;0;1;0;0;0;0
28;2025-11-23;13;6;685;27;0;1;0;0;0;0
28;2025-11-23;14;6;686;29;0;1;0;0;0;0
28;2025-11-23;15;6;687;31;0;1;0;0;0;0
28;2025-11-23;16;6;688;33;0;1;0;0;0;0
28;2025-11-23;17;6;689;35;0;1;0;0;0;0
28;2025-11-23;18;6;690;37;0;1;0;0;0;0
28;2025-11-23;19;6;691;39;0;1;0;0;0;0
28;2025-11-23;20;6;692;41;0;1;0;0;0;0
28;2025-11-23;21;6;693;43;0;1;0;0;0;0
28;2025-11-23;22;6;694;45;0;1;0;0;0;0
28;2025-11-23;23;6;695;47;0;1;0;0;0;0
28;2025-11-24;0;0;672;0;1;0;0;0;0;0
28;2025-11-24;1;0;673;2;1;0;0;0;0;0
28;2025-11-24;2;0;674;4;1;0;0;0;0;0
28;2025-11-24;3;0;675;6;1;0;0;0;0;0
28;2025-11-24;4;0;676;8;1;0;0;0;0;0
28;2025-11-24;5;0;677;10;1;0;0;0;0;0
28;2025-11-24;6;0;678;12;0;0;0;0;0;0
28;2025-11-24;7;0;679;14;0;0;0;0;0;0
28;2025-11-24;8;0;680;16;0;0;0;0;0;0
28;2025-11-24;9;0;681;18;0;0;0;0;0;0
28;2025-11-24;10;0;682;20;0;0;0;0;0;0
28;2025-11-24;11;0;683;22;0;0;0;0;0;0
28;2025-11-24;12;0;684;24;0;0;0;0;0;0
28;2025-11-24;13;0;685;26;0;0;0;0;0;0
28;2025-11-24;14;0;686;28;0;0;0;0;0;0
28;2025-11-24;15;0;687;30;0;0;0;0;0;0
28;2025-11-24;16;0;688;32;0;0;0;0;0;0
28;2025-11-24;17;0;689;34;0;0;0;0;0;0
28;2025-11-24;18;0;690;36;0;0;0;0;0;0
28;2025-11-24;19;0;691;38;0;0;0;0;0;0
28;2025-11-24;20;0;692;40;0;0;0;0;0;0
28;2025-11-24;21;0;693;42;0;0;0;0;0;0
28;2025-11-24;22;0;694;44;0;0;0;0;0;0
28;2025-11-24;23;0;695;46;0;0;0;0;0;0
28;2025-11-25;0;1;672;0;1;0;0;0;0;0
28;2025-11-25;1;1;673;2;1;0;0;0;0;0
28;2025-11-25;2;1;674;4;1;0;0;0;0;0
28;2025-11-25;3;1;675;6;1;0;0;0;0;0
28;2025-11-25;4;1;676;8;1;0;0;0;0;0
28;2025-11-25;5;1;677;10;1;0;0;0;0;0
28;2025-11-25;6;1;678;12;0;0;0;0;0;0
28;2025-11-25;7;1;679;14;0;0;0;0;0;0
28;2025-11-25;8;1;680;16;0;0;0;0;0;0
28;2025-11-25;9;1;681;18;0;0;0;0;0;0
28;2025-11-25;10;1;682;20;0;0;0;0;0;0
28;2025-11-25;11;1;683;22;0;0;0;0;0;0
28;2025-11-25;12;1;684;24;0;0;0;0;0;0
28;2025-11-25;13;1;685;26;0;0;0;0;0;0
28;2025-11-25;14;1;686;28;0;0;0;0;0;0
28;2025-11-25;15;1;687;30;0;0;0;0;0;0
28;2025-11-25;16;1;688;32;0;0;0;0;0;0
28;2025-11-25;17;1;689;34;0;0;0;0;0;0
28;2025-11-25;18;1;690;36;0;0;0;0;0;0
28;2025-11-25;19;1;691;38;0;0;0;0;0;0
28;2025-11-25;20;1;692;40;0;0;0;0;0;0
28;2025-11-25;21;1;693;42;0;0;0;0;0;0
28;2025-11-25;22;1;694;44;0;0;0;0;0;0
28;2025-11-25;23;1;695;46;0;0;0;0;0;0
28;2025-11-26;0;2;672;0;1;0;0;0;0;0
28;2025-11-26;1;2;673;2;1;0;0;0;0;0
28;2025-11-26;2;2;674;4;1;0;0;0;0;0
28;2025-11-26;3;2;675;6;1;0;0;0;0;0
28;2025-11-26;4;2;676;8;1;0;0;0;0;0
28;2025-11-26;5;2;677;10;1;0;0;0;0;0
28;2025-11-26;6;2;678;12;0;0;0;0;0;0
28;2025-11-26;7;2;679;14;0;0;0;0;0;0
28;2025-11-26;8;2;680;16;0;0;0;0;0;0
28;2025-11-26;9;2;681;18;0;0;0;0;0;0
28;2025-11-26;10;2;682;20;0;0;0;0;0;0
28;2025-11-26;11;2;683;22;0;0;0;0;0;0
28;2025-11-26;12;2;684;24;0;0;0;0;0;0
28;2025-11-26;13;2;685;26;0;0;0;0;0;0
28;2025-11-26;14;2;686;28;0;0;0;0;0;0
28;2025-11-26;15;2;687;30;0;0;0;0;0;0
28;2025-11-26;16;2;688;32;0;0;0;0;0;0
28;2025-11-26;17;2;689;34;0;0;0;0;0;0
28;2025-11-26;18;2;690;36;0;0;0;0;0;0
28;2025-11-26;19;2;691;38;0;0;0;0;0;0
28;2025-11-26;20;2;692;40;0;0;0;0;0;0
28;2025-11-26;21;2;693;42;0;0;0;0;0;0
28;2025-11-26;22;2;694;44;0;0;0;0;0;0
28;2025-11-26;23;2;695;46;0;0;0;0;0;0
28;2025-11-27;0;3;672;0;1;0;0;0;0;0
28;2025-11-27;1;3;673;2;1;0;0;0;0;0
28;2025-11-27;2;3;674;4;1;0;0;0;0;0
28;2025-11-27;3;3;675;6;1;0;0;0;0;0
28;2025-11-27;4;3;676;8;1;0;0;0;0;0
28;2025-11-27;5;3;677;10;1;0;0;0;0;0
28;2025-11-27;6;3;678;12;0;0;0;0;0;0
28;2025-11-27;7;3;679;14;0;0;0;0;0;0
28;2025-11-27;8;3;680;16;0;0;0;0;0;0
28;2025-11-27;9;3;681;18;0;0;0;0;0;0
28;2025-11-27;10;3;682;20;0;0;0;0;0;0
28;2025-11-27;11;3;683;22;0;0;0;0;0;0
28;2025-11-27;12;3;684;24;0;0;0;0;0;0
28;2025-11-27;13;3;685;26;0;0;0;0;0;0
28;2025-11-27;14;3;686;28;0;0;0;0;0;0
28;2025-11-27;15;3;687;30;0;0;0;0;0;0
28;2025-11-27;16;3;688;32;0;0;0;0;0;0
28;2025-11-27;17;3;689;34;0;0;0;0;0;0
28;2025-11-27;18;3;690;36;0;0;0;0;0;0
28;2025-11-27;19;3;691;38;0;0;0;0;0;0
28;2025-11-27;20;3;692;40;0;0;0;0;0;0
28;2025-11-27;21;3;693;42;0;0;0;0;0;0
28;2025-11-27;22;3;694;44;0;0;0;0;0;0
28;2025-11-27;23;3;695;46;0;0;0;0;0;0
28;2025-11-28;0;4;672;0;1;0;0;0;0;0
28;2025-11-28;1;4;673;2;1;0;0;0;0;0
28;2025-11-28;2;4;674;4;1;0;0;0;0;0
28;2025-11-28;3;4;675;6;1;0;0;0;0;0
28;2025-11-28;4;4;676;8;1;0;0;0;0;0
28;2025-11-28;5;4;677;10;1;0;0;0;0;0
28;2025-11-28;6;4;678;12;0;0;0;0;0;0
28;2025-11-28;7;4;679;14;0;0;0;0;0;0
28;2025-11-28;8;4;680;16;0;0;0;0;0;0
28;2025-11-28;9;4;681;18;0;0;0;0;0;0
28;2025-11-28;10;4;682;20;0;0;0;0;0;0
28;2025-11-28;11;4;683;22;0;0;0;0;0;0
28;2025-11-28;12;4;684;24;0;0;0;0;0;0
28;2025-11-28;13;4;685;26;0;0;0;0;0;0
28;2025-11-28;14;4;686;28;0;0;0;0;0;0
28;2025-11-28;15;4;687;30;0;0;0;0;0;0
28;2025-11-28;16;4;688;32;0;0;0;0;0;0
28;2025-11-28;17;4;689;34;0;0;0;0;0;0
28;2025-11-28;18;4;690;36;0;0;0;0;0;0
28;2025-11-28;19;4;691;38;0;0;0;0;0;0
28;2025-11-28;20;4;692;40;0;0;0;0;0;0
28;2025-11-28;21;4;693;42;0;0;0;0;0;0
28;2025-11-28;22;4;694;44;0;0;0;0;0;0
28;2025-11-28;23;4;695;46;0;0;0;0;0;0
28;2025-11-29;0;5;672;1;1;1;0;0;0;0
28;2025-11-29;1;5;673;3;1;1;0;0;0;0
28;2025-11-29;2;5;674;5;1;1;0;0;0;0
28;2025-11-29;3;5;675;7;1;1;0;0;0;0
28;2025-11-29;4;5;676;9;1;1;0;0;0;0
28;2025-11-29;5;5;677;11;1;1;0;0;0;0
28;2025-11-29;6;5;678;13;0;1;0;0;0;0
28;2025-11-29;7;5;679;15;0;1;0;0;0;0
28;2025-11-29;8;5;680;17;0;1;0;0;0;0
28;2025-11-29;9;5;681;19;0;1;0;0;0;0
28;2025-11-29;10;5;682;21;0;1;0;0;0;0
28;2025-11-29;11;5;683;23;0;1;0;0;0;0
28;2025-11-29;12;5;684;25;0;1;0;0;0;0
28;2025-11-29;13;5;685;27;0;1;0;0;0;0
28;2025-11-29;14;5;686;29;0;1;0;0;0;0
28;2025-11-29;15;5;687;31;0;1;0;0;0;0
28;2025-11-29;16;5;688;33;0;1;0;0;0;0
28;2025-11-29;17;5;689;35;0;1;0;0;0;0
28;2025-11-29;18;5;690;37;0;1;0;0;0;0
28;2025-11-29;19;5;691;39;0;1;0;0;0;0
28;2025-11-29;20;5;692;41;0;1;0;0;0;0
28;2025-11-29;21;5;693;43;0;1;0;0;0;0
28;2025-11-29;22;5;694;45;0;1;0;0;0;0
28;2025-11-29;23;5;695;47;0;1;0;0;0;0
28;2025-11-30;0;6;672;1;1;1;0;0;0;0
28;2025-11-30;1;6;673;3;1;1;0;0;0;0
28;2025-11-30;2;6;674;5;1;1;0;0;0;0
28;2025-11-30;3;6;675;7;1;1;0;0;0;0
28;2025-11-30;4;6;676;9;1;1;0;0;0;0
28;2025-11-30;5;6;677;11;1;1;0;0;0;0
28;2025-11-30;6;6;678;13;0;1;0;0;0;0
28;2025-11-30;7;6;679;15;0;1;0;0;0;0
28;2025-11-30;8;6;680;17;0;1;0;0;0;0
28;2025-11-30;9;6;681;19;0;1;0;0;0;0
28;2025-11-30;10;6;682;21;0;1;0;0;0;0
28;2025-11-30;11;6;683;23;0;1;0;0;0;0
28;2025-11-30;12;6;684;25;0;1;0;0;0;0
28;2025-11-30;13;6;685;27;0;1;0;0;0;0
28;2025-11-30;14;6;686;29;0;1;0;0;0;0
28;2025-11-30;15;6;687;31;0;1;0;0;0;0
28;2025-11-30;16;6;688;33;0;1;0;0;0;0
28;2025-11-30;17;6;689;35;0;1;0;0;0;0
28;2025-11-30;18;6;690;37;0;1;0;0;0;0
28;2025-11-30;19;6;691;39;0;1;0;0;0;0
28;2025-11-30;20;6;692;41;0;1;0;0;0;0
28;2025-11-30;21;6;693;43;0;1;0;0;0;0
28;2025-11-30;22;6;694;45;0;1;0;0;0;0
28;2025-11-30;23;6;695;47;0;1;0;0;0;0
28;2025-12-01;0;0;672;0;1;0;0;0;0;0
28;2025-12-01;1;0;673;2;1;0;0;0;0;0
28;2025-12-01;2;0;674;4;1;0;0;0;0;0
28;2025-12-01;3;0;675;6;1;0;0;0;0;0
28;2025-12-01;4;0;676;8;1;0;0;0;0;0
28;2025-12-01;5;0;677;10;1;0;0;0;0;0
28;2025-12-01;6;0;678;12;0;0;0;0;0;0
28;2025-12-01;7;0;679;14;0;0;0;0;0;0
28;2025-12-01;8;0;680;16;0;0;0;0;0;0
28;2025-12-01;9;0;681;18;0;0;0;0;0;0
28;2025-12-01;10;0;682;20;0;0;0;0;0;0
28;2025-12-01;11;0;683;22;0;0;0;0;0;0
28;2025-12-01;12;0;684;24;0;0;0;0;0;0
28;2025-12-01;13;0;685;26;0;0;0;0;0;0
28;2025-12-01;14;0;686;28;0;0;0;0;0;0
28;2025-12-01;15;0;687;30;0;0;0;0;0;0
28;2025-12-01;16;0;688;32;0;0;0;0;0;0
28;2025-12-01;17;0;689;34;0;0;0;0;0;0
28;2025-12-01;18;0;690;36;0;0;0;0;0;0
28;2025-12-01;19;0;691;38;0;0;0;0;0;0
28;2025-12-01;20;0;692;40;0;0;0;0;0;0
28;2025-12-01;21;0;693;42;0;0;0;0;0;0
28;2025-12-01;22;0;694;44;0;0;0;0;0;0
28;2025-12-01;23;0;695;46;0;0;0;0;0;0
28;2025-12-02;0;1;672;0;1;0;0;0;0;0
28;2025-12-02;1;1;673;2;1;0;0;0;0;0
28;2025-12-02;2;1;674;4;1;0;0;0;0;0
28;2025-12-02;3;1;675;6;1;0;0;0;0;0
28;2025-12-02;4;1;676;8;1;0;0;0;0;0
28;2025-12-02;5;1;677;10;1;0;0;0;0;0
28;2025-12-02;6;1;678;12;0;0;0;0;0;0
28;2025-12-02;7;1;679;14;0;0;0;0;0;0
28;2025-12-02;8;1;680;16;0;0;0;0;0;0
28;2025-12-02;9;1;681;18;0;0;0;0;0;0
28;2025-12-02;10;1;682;20;0;0;0;0;0;0
28;2025-12-02;11;1;683;22;0;0;0;0;0;0
28;2025-12-02;12;1;684;24;0;0;0;0;0;0
28;2025-12-02;13;1;685;26;0;0;0;0;0;0
28;2025-12-02;14;1;686;28;0;0;0;0;0;0
28;2025-12-02;15;1;687;30;0;0;0;0;0;0
28;2025-12-02;16;1;688;32;0;0;0;0;0;0
28;2025-12-02;17;1;689;34;0;0;0;0;0;0
28;2025-12-02;18;1;690;36;0;0;0;0;0;0
28;2025-12-02;19;1;691;38;0;0;0;0;0;0
28;2025-12-02;20;1;692;40;0;0;0;0;0;0
28;2025-12-02;21;1;693;42;0;0;0;0;0;0
28;2025-12-02;22;1;694;44;0;0;0;0;0;0
28;2025-12-02;23;1;695;46;0;0;0;0;0;0
28;2025-12-03;0;2;672;0;1;0;0;0;0;0
28;2025-12-03;1;2;673;2;1;0;0;0;0;0
28;2025-12-03;2;2;674;4;1;0;0;0;0;0
28;2025-12-03;3;2;675;6;1;0;0;0;0;0
28;2025-12-03;4;2;676;8;1;0;0;0;0;0
28;2025-12-03;5;2;677;10;1;0;0;0;0;0
28;2025-12-03;6;2;678;12;0;0;0;0;0;0
28;2025-12-03;7;2;679;14;0;0;0;0;0;0
28;2025-12-03;8;2;680;16;0;0;0;0;0;0
28;2025-12-03;9;2;681;18;0;0;0;0;0;0
28;2025-12-03;10;2;682;20;0;0;0;0;0;0
28;2025-12-03;11;2;683;22;0;0;0;0;0;0
28;2025-12-03;12;2;684;24;0;0;0;0;0;0
28;2025-12-03;13;2;685;26;0;0;0;0;0;0
28;2025-12-03;14;2;686;28;0;0;0;0;0;0
28;2025-12-03;15;2;687;30;0;0;0;0;0;0
28;2025-12-03;16;2;688;32;0;0;0;0;0;0
28;2025-12-03;17;2;689;34;0;0;0;0;0;0
28;2025-12-03;18;2;690;36;0;0;0;0;0;0
28;2025-12-03;19;2;691;38;0;0;0;0;0;0
28;2025-12-03;20;2;692;40;0;0;0;0;0;0
28;2025-12-03;21;2;693;42;0;0;0;0;0;0
28;2025-12-03;22;2;694;44;0;0;0;0;0;0
28;2025-12-03;23;2;695;46;0;0;0;0;0;0
28;2025-12-04;0;3;672;0;1;0;0;0;0;0
28;2025-12-04;1;3;673;2;1;0;0;0;0;0
28;2025-12-04;2;3;674;4;1;0;0;0;0;0
28;2025-12-04;3;3;675;6;1;0;0;0;0;0
28;2025-12-04;4;3;676;8;1;0;0;0;0;0
28;2025-12-04;5;3;677;10;1;0;0;0;0;0
28;2025-12-04;6;3;678;12;0;0;0;0;0;0
28;2025-12-04;7;3;679;14;0;0;0;0;0;0
28;2025-12-04;8;3;680;16;0;0;0;0;0;0
28;2025-12-04;9;3;681;18;0;0;0;0;0;0
28;2025-12-04;10;3;682;20;0;0;0;0;0;0
28;2025-12-04;11;3;683;22;0;0;0;0;0;0
28;2025-12-04;12;3;684;24;0;0;0;0;0;0
28;2025-12-04;13;3;685;26;0;0;0;0;0;0
28;2025-12-04;14;3;686;28;0;0;0;0;0;0
28;2025-12-04;15;3;687;30;0;0;0;0;0;0
28;2025-12-04;16;3;688;32;0;0;0;0;0;0
28;2025-12-04;17;3;689;34;0;0;0;0;0;0
28;2025-12-04;18;3;690;36;0;0;0;0;0;0
28;2025-12-04;19;3;691;38;0;0;0;0;0;0
28;2025-12-04;20;3;692;40;0;0;0;0;0;0
28;2025-12-04;21;3;693;42;0;0;0;0;0;0
28;2025-12-04;22;3;694;44;0;0;0;0;0;0
28;2025-12-04;23;3;695;46;0;0;0;0;0;0
28;2025-12-05;0;4;672;0;1;0;0;0;0;0
28;2025-12-05;1;4;673;2;1;0;0;0;0;0
28;2025-12-05;2;4;674;4;1;0;0;0;0;0
28;2025-12-05;3;4;675;6;1;0;0;0;0;0
28;2025-12-05;4;4;676;8;1;0;0;0;0;0
28;2025-12-05;5;4;677;10;1;0;0;0;0;0
28;2025-12-05;6;4;678;12;0;0;0;0;0;0
28;2025-12-05;7;4;679;14;0;0;0;0;0;0
28;2025-12-05;8;4;680;16;0;0;0;0;0;0
28;2025-12-05;9;4;681;18;0;0;0;0;0;0
28;2025-12-05;10;4;682;20;0;0;0;0;0;0
28;2025-12-05;11;4;683;22;0;0;0;0;0;0
28;2025-12-05;12;4;684;24;0;0;0;0;0;0
28;2025-12-05;13;4;685;26;0;0;0;0;0;0
28;2025-12-05;14;4;686;28;0;0;0;0;0;0
28;2025-12-05;15;4;687;30;0;0;0;0;0;0
28;2025-12-05;16;4;688;32;0;0;0;0;0;0
28;2025-12-05;17;4;689;34;0;0;0;0;0;0
28;2025-12-05;18;4;690;36;0;0;0;0;0;0
28;2025-12-05;19;4;691;38;0;0;0;0;0;0
28;2025-12-05;20;4;692;40;0;0;0;0;0;0
28;2025-12-05;21;4;693;42;0;0;0;0;0;0
28;2025-12-05;22;4;694;44;0;0;0;0;0;0
28;2025-12-05;23;4;695;46;0;0;0;0;0;0
28;2025-12-06;0;5;672;1;1;1;0;0;0;0
28;2025-12-06;1;5;673;3;1;1;0;0;0;0
28;2025-12-06;2;5;674;5;1;1;0;0;0;0
28;2025-12-06;3;5;675;7;1;1;0;0;0;0
28;2025-12-06;4;5;676;9;1;1;0;0;0;0
28;2025-12-06;5;5;677;11;1;1;0;0;0;0
28;2025-12-06;6;5;678;13;0;1;0;0;0;0
28;2025-12-06;7;5;679;15;0;1;0;0;0;0
28;2025-12-06;8;5;680;17;0;1;0;0;0;0
28;2025-12-06;9;5;681;19;0;1;0;0;0;0
28;2025-12-06;10;5;682;21;0;1;0;0;0;0
28;2025-12-06;11;5;683;23;0;1;0;0;0;0
28;2025-12-06;12;5;684;25;0;1;0;0;0;0
28;2025-12-06;13;5;685;27;0;1;0;0;0;0
28;2025-12-06;14;5;686;29;0;1;0;0;0;0
28;2025-12-06;15;5;687;31;0;1;0;0;0;0
28;2025-12-06;16;5;688;33;0;1;0;0;0;0
28;2025-12-06;17;5;689;35;0;1;0;0;0;0
28;2025-12-06;18;5;690;37;0;1;0;0;0;0
28;2025-12-06;19;5;691;39;0;1;0;0;0;0
28;2025-12-06;20;5;692;41;0;1;0;0;0;0
28;2025-12-06;21;5;693;43;0;1;0;0;0;0
28;2025-12-06;22;5;694;45;0;1;0;0;0;0
28;2025-12-06;23;5;695;47;0;1;0;0;0;0
28;2025-12-07;0;6;672;1;1;1;0;0;0;0
28;2025-12-07;1;6;673;3;1;1;0;0;0;0
28;2025-12-07;2;6;674;5;1;1;0;0;0;0
28;2025-12-07;3;6;675;7;1;1;0;0;0;0
28;2025-12-07;4;6;676;9;1;1;0;0;0;0
28;2025-12-07;5;6;677;11;1;1;0;0;0;0
28;2025-12-07;6;6;678;13;0;1;0;0;0;0
28;2025-12-07;7;6;679;15;0;1;0;0;0;0
28;2025-12-07;8;6;680;17;0;1;0;0;0;0
28;2025-12-07;9;6;681;19;0;1;0;0;0;0
28;2025-12-07;10;6;682;21;0;1;0;0;0;0
28;2025-12-07;11;6;683;23;0;1;0;0;0;0
28;2025-12-07;12;6;684;25;0;1;0;0;0;0
28;2025-12-07;13;6;685;27;0;1;0;0;0;0
28;2025-12-07;14;6;686;29;0;1;0;0;0;0
28;2025-12-07;15;6;687;31;0;1;0;0;0;0
28;2025-12-07;16;6;688;33;0;1;0;0;0;0
28;2025-12-07;17;6;689;35;0;1;0;0;0;0
28;2025-12-07;18;6;690;37;0;1;0;0;0;0
28;2025-12-07;19;6;691;39;0;1;0;0;0;0
28;2025-12-07;20;6;692;41;0;1;0;0;0;0
28;2025-12-07;21;6;693;43;0;1;0;0;0;0
28;2025-12-07;22;6;694;45;0;1;0;0;0;0
28;2025-12-07;23;6;695;47;0;1;0;0;0;0
28;2025-12-08;0;0;672;0;1;0;0;0;0;0
28;2025-12-08;1;0;673;2;1;0;0;0;0;0
28;2025-12-08;2;0;674;4;1;0;0;0;0;0
28;2025-12-08;3;0;675;6;1;0;0;0;0;0
28;2025-12-08;4;0;676;8;1;0;0;0;0;0
28;2025-12-08;5;0;677;10;1;0;0;0;0;0
28;2025-12-08;6;0;678;12;0;0;0;0;0;0
28;2025-12-08;7;0;679;14;0;0;0;0;0;0
28;2025-12-08;8;0;680;16;0;0;0;0;0;0
28;2025-12-08;9;0;681;18;0;0;0;0;0;0
28;2025-12-08;10;0;682;20;0;0;0;0;0;0
28;2025-12-08;11;0;683;22;0;0;0;0;0;0
28;2025-12-08;12;0;684;24;0;0;0;0;0;0
28;2025-12-08;13;0;685;26;0;0;0;0;0;0
28;2025-12-08;14;0;686;28;0;0;0;0;0;0
28;2025-12-08;15;0;687;30;0;0;0;0;0;0
28;2025-12-08;16;0;688;32;0;0;0;0;0;0
28;2025-12-08;17;0;689;34;0;0;0;0;0;0
28;2025-12-08;18;0;690;36;0;0;0;0;0;0
28;2025-12-08;19;0;691;38;0;0;0;0;0;0
28;2025-12-08;20;0;692;40;0;0;0;0;0;0
28;2025-12-08;21;0;693;42;0;0;0;0;0;0
28;2025-12-08;22;0;694;44;0;0;0;0;0;0
28;2025-12-08;23;0;695;46;0;0;0;0;0;0
28;2025-12-09;0;1;672;0;1;0;0;0;0;0
28;2025-12-09;1;1;673;2;1;0;0;0;0;0
28;2025-12-09;2;1;674;4;1;0;0;0;0;0
28;2025-12-09;3;1;675;6;1;0;0;0;0;0
28;2025-12-09;4;1;676;8;1;0;0;0;0;0
28;2025-12-09;5;1;677;10;1;0;0;0;0;0
28;2025-12-09;6;1;678;12;0;0;0;0;0;0
28;2025-12-09;7;1;679;14;0;0;0;0;0;0
28;2025-12-09;8;1;680;16;0;0;0;0;0;0
28;2025-12-09;9;1;681;18;0;0;0;0;0;0
28;2025-12-09;10;1;682;20;0;0;0;0;0;0
28;2025-12-09;11;1;683;22;0;0;0;0;0;0
28;2025-12-09;12;1;684;24;0;0;0;0;0;0
28;2025-12-09;13;1;685;26;0;0;0;0;0;0
28;2025-12-09;14;1;686;28;0;0;0;0;0;0
28;2025-12-09;15;1;687;30;0;0;0;0;0;0
28;2025-12-09;16;1;688;32;0;0;0;0;0;0
28;2025-12-09;17;1;689;34;0;0;0;0;0;0
28;2025-12-09;18;1;690;36;0;0;0;0;0;0
28;2025-12-09;19;1;691;38;0;0;0;0;0;0
28;2025-12-09;20;1;692;40;0;0;0;0;0;0
28;2025-12-09;21;1;693;42;0;0;0;0;0;0
28;2025-12-09;22;1;694;44;0;0;0;0;0;0
28;2025-12-09;23;1;695;46;0;0;0;0;0;0
28;2025-12-10;0;2;672;0;1;0;0;0;0;0
28;2025-12-10;1;2;673;2;1;0;0;0;0;0
28;2025-12-10;2;2;674;4;1;0;0;0;0;0
28;2025-12-10;3;2;675;6;1;0;0;0;0;0
28;2025-12-10;4;2;676;8;1;0;0;0;0;0
28;2025-12-10;5;2;677;10;1;0;0;0;0;0
28;2025-12-10;6;2;678;12;0;0;0;0;0;0
28;2025-12-10;7;2;679;14;0;0;0;0;0;0
28;2025-12-10;8;2;680;16;0;0;0;0;0;0
28;2025-12-10;9;2;681;18;0;0;0;0;0;0
28;2025-12-10;10;2;682;20;0;0;0;0;0;0
28;2025-12-10;11;2;683;22;0;0;0;0;0;0
28;2025-12-10;12;2;684;24;0;0;0;0;0;0
28;2025-12-10;13;2;685;26;0;0;0;0;0;0
28;2025-12-10;14;2;686;28;0;0;0;0;0;0
28;2025-12-10;15;2;687;30;0;0;0;0;0;0
28;2025-12-10;16;2;688;32;0;0;0;0;0;0
28;2025-12-10;17;2;689;34;0;0;0;0;0;0
28;2025-12-10;18;2;690;36;0;0;0;0;0;0
28;2025-12-10;19;2;691;38;0;0;0;0;0;0
28;2025-12-10;20;2;692;40;0;0;0;0;0;0
28;2025-12-10;21;2;693;42;0;0;0;0;0;0
28;2025-12-10;22;2;694;44;0;0;0;0;0;0
28;2025-12-10;23;2;695;46;0;0;0;0;0;0
28;2025-12-11;0;3;672;0;1;0;0;0;0;0
28;2025-12-11;1;3;673;2;1;0;0;0;0;0
28;2025-12-11;2;3;674;4;1;0;0;0;0;0
28;2025-12-11;3;3;675;6;1;0;0;0;0;0
28;2025-12-11;4;3;676;8;1;0;0;0;0;0
28;2025-12-11;5;3;677;10;1;0;0;0;0;0
28;2025-12-11;6;3;678;12;0;0;0;0;0;0
28;2025-12-11;7;3;679;14;0;0;0;0;0;0
28;2025-12-11;8;3;680;16;0;0;0;0;0;0
28;2025-12-11;9;3;681;18;0;0;0;0;0;0
28;2025-12-11;10;3;682;20;0;0;0;0;0;0
28;2025-12-11;11;3;683;22;0;0;0;0;0;0
28;2025-12-11;12;3;684;24;0;0;0;0;0;0
28;2025-12-11;13;3;685;26;0;0;0;0;0;0
28;2025-12-11;14;3;686;28;0;0;0;0;0;0
28;2025-12-11;15;3;687;30;0;0;0;0;0;0
28;2025-12-11;16;3;688;32;0;0;0;0;0;0
28;2025-12-11;17;3;689;34;0;0;0;0;0;0
28;2025-12-11;18;3;690;36;0;0;0;0;0;0
28;2025-12-11;19;3;691;38;0;0;0;0;0;0
28;2025-12-11;20;3;692;40;0;0;0;0;0;0
28;2025-12-11;21;3;693;42;0;0;0;0;0;0
28;2025-12-11;22;3;694;44;0;0;0;0;0;0
28;2025-12-11;23;3;695;46;0;0;0;0;0;0
28;2025-12-12;0;4;672;0;1;0;0;0;0;0
28;2025-12-12;1;4;673;2;1;0;0;0;0;0
28;2025-12-12;2;4;674;4;1;0;0;0;0;0
28;2025-12-12;3;4;675;6;1;0;0;0;0;0
28;2025-12-12;4;4;676;8;1;0;0;0;0;0
28;2025-12-12;5;4;677;10;1;0;0;0;0;0
28;2025-12-12;6;4;678;12;0;0;0;0;0;0
28;2025-12-12;7;4;679;14;0;0;0;0;0;0
28;2025-12-12;8;4;680;16;0;0;0;0;0;0
28;2025-12-12;9;4;681;18;0;0;0;0;0;0
28;2025-12-12;10;4;682;20;0;0;0;0;0;0
28;2025-12-12;11;4;683;22;0;0;0;0;0;0
28;2025-12-12;12;4;684;24;0;0;0;0;0;0
28;2025-12-12;13;4;685;26;0;0;0;0;0;0
28;2025-12-12;14;4;686;28;0;0;0;0;0;0
28;2025-12-12;15;4;687;30;0;0;0;0;0;0
28;2025-12-12;16;4;688;32;0;0;0;0;0;0
28;2025-12-12;17;4;689;34;0;0;0;0;0;0
28;2025-12-12;18;4;690;36;0;0;0;0;0;0
28;2025-12-12;19;4;691;38;0;0;0;0;0;0
28;2025-12-12;20;4;692;40;0;0;0;0;0;0
28;2025-12-12;21;4;693;42;0;0;0;0;0;0
28;2025-12-12;22;4;694;44;0;0;0;0;0;0
28;2025-12-12;23;4;695;46;0;0;0;0;0;0
28;2025-12-13;0;5;672;1;1;1;0;0;0;0
28;2025-12-13;1;5;673;3;1;1;0;0;0;0
28;2025-12-13;2;5;674;5;1;1;0;0;0;0
28;2025-12-13;3;5;675;7;1;1;0;0;0;0
28;2025-12-13;4;5;676;9;1;1;0;0;0;0
28;2025-12-13;5;5;677;11;1;1;0;0;0;0
28;2025-12-13;6;5;678;13;0;1;0;0;0;0
28;2025-12-13;7;5;679;15;0;1;0;0;0;0
28;2025-12-13;8;5;680;17;0;1;0;0;0;0
28;2025-12-13;9;5;681;19;0;1;0;0;0;0
28;2025-12-13;10;5;682;21;0;1;0;0;0;0
28;2025-12-13;11;5;683;23;0;1;0;0;0;0
28;2025-12-13;12;5;684;25;0;1;0;0;0;0
28;2025-12-13;13;5;685;27;0;1;0;0;0;0
28;2025-12-13;14;5;686;29;0;1;0;0;0;0
28;2025-12-13;15;5;687;31;0;1;0;0;0;0
28;2025-12-13;16;5;688;33;0;1;0;0;0;0
28;2025-12-13;17;5;689;35;0;1;0;0;0;0
28;2025-12-13;18;5;690;37;0;1;0;0;0;0
28;2025-12-13;19;5;691;39;0;1;0;0;0;0
28;2025-12-13;20;5;692;41;0;1;0;0;0;0
28;2025-12-13;21;5;693;43;0;1;0;0;0;0
28;2025-12-13;22;5;694;45;0;1;0;0;0;0
28;2025-12-13;23;5;695;47;0;1;0;0;0;0
28;2025-12-14;0;6;672;1;1;1;0;0;0;0
28;2025-12-14;1;6;673;3;1;1;0;0;0;0
28;2025-12-14;2;6;674;5;1;1;0;0;0;0
28;2025-12-14;3;6;675;7;1;1;0;0;0;0
28;2025-12-14;4;6;676;9;1;1;0;0;0;0
28;2025-12-14;5;6;677;11;1;1;0;0;0;0
28;2025-12-14;6;6;678;13;0;1;0;0;0;0
28;2025-12-14;7;6;679;15;0;1;0;0;0;0
28;2025-12-14;8;6;680;17;0;1;0;0;0;0
28;2025-12-14;9;6;681;19;0;1;0;0;0;0
28;2025-12-14;10;6;682;21;0;1;0;0;0;0
28;2025-12-14;11;6;683;23;0;1;0;0;0;0
28;2025-12-14;12;6;684;25;0;1;0;0;0;0
28;2025-12-14;13;6;685;27;0;1;0;0;0;0
28;2025-12-14;14;6;686;29;0;1;0;0;0;0
28;2025-12-14;15;6;687;31;0;1;0;0;0;0
28;2025-12-14;16;6;688;33;0;1;0;0;0;0
28;2025-12-14;17;6;689;35;0;1;0;0;0;0
28;2025-12-14;18;6;690;37;0;1;0;0;0;0
28;2025-12-14;19;6;691;39;0;1;0;0;0;0
28;2025-12-14;20;6;692;41;0;1;0;0;0;0
28;2025-12-14;21;6;693;43;0;1;0;0;0;0
28;2025-12-14;22;6;694;45;0;1;0;0;0;0
28;2025-12-14;23;6;695;47;0;1;0;0;0;0
28;2025-12-15;0;0;672;0;1;0;0;0;0;0
28;2025-12-15;1;0;673;2;1;0;0;0;0;0
28;2025-12-15;2;0;674;4;1;0;0;0;0;0
28;2025-12-15;3;0;675;6;1;0;0;0;0;0
28;2025-12-15;4;0;676;8;1;0;0;0;0;0
28;2025-12-15;5;0;677;10;1;0;0;0;0;0
28;2025-12-15;6;0;678;12;0;0;0;0;0;0
28;2025-12-15;7;0;679;14;0;0;0;0;0;0
28;2025-12-15;8;0;680;16;0;0;0;0;0;0
28;2025-12-15;9;0;681;18;0;0;0;0;0;0
28;2025-12-15;10;0;682;20;0;0;0;0;0;0
28;2025-12-15;11;0;683;22;0;0;0;0;0;0
28;2025-12-15;12;0;684;24;0;0;0;0;0;0
28;2025-12-15;13;0;685;26;0;0;0;0;0;0
28;2025-12-15;14;0;686;28;0;0;0;0;0;0
28;2025-12-15;15;0;687;30;0;0;0;0;0;0
28;2025-12-15;16;0;688;32;0;0;0;0;0;0
28;2025-12-15;17;0;689;34;0;0;0;0;0;0
28;2025-12-15;18;0;690;36;0;0;0;0;0;0
28;2025-12-15;19;0;691;38;0;0;0;0;0;0
28;2025-12-15;20;0;692;40;0;0;0;0;0;0
28;2025-12-15;21;0;693;42;0;0;0;0;0;0
28;2025-12-15;22;0;694;44;0;0;0;0;0;0
28;2025-12-15;23;0;695;46;0;0;0;0;0;0
28;2025-12-16;0;1;672;0;1;0;0;0;0;0
28;2025-12-16;1;1;673;2;1;0;0;0;0;0
28;2025-12-16;2;1;674;4;1;0;0;0;0;0
28;2025-12-16;3;1;675;6;1;0;0;0;0;0
28;2025-12-16;4;1;676;8;1;0;0;0;0;0
28;2025-12-16;5;1;677;10;1;0;0;0;0;0
28;2025-12-16;6;1;678;12;0;0;0;0;0;0
28;2025-12-16;7;1;679;14;0;0;0;0;0;0
28;2025-12-16;8;1;680;16;0;0;0;0;0;0
28;2025-12-16;9;1;681;18;0;0;0;0;0;0
28;2025-12-16;10;1;682;20;0;0;0;0;0;0
28;2025-12-16;11;1;683;22;0;0;0;0;0;0
28;2025-12-16;12;1;684;24;0;0;0;0;0;0
28;2025-12-16;13;1;685;26;0;0;0;0;0;0
28;2025-12-16;14;1;686;28;0;0;0;0;0;0
28;2025-12-16;15;1;687;30;0;0;0;0;0;0
28;2025-12-16;16;1;688;32;0;0;0;0;0;0
28;2025-12-16;17;1;689;34;0;0;0;0;0;0
28;2025-12-16;18;1;690;36;0;0;0;0;0;0
28;2025-12-16;19;1;691;38;0;0;0;0;0;0
28;2025-12-16;20;1;692;40;0;0;0;0;0;0
28;2025-12-16;21;1;693;42;0;0;0;0;0;0
28;2025-12-16;22;1;694;44;0;0;0;0;0;0
28;2025-12-16;23;1;695;46;0;0;0;0;0;0
28;2025-12-17;0;2;672;0;1;0;0;0;0;0
28;2025-12-17;1;2;673;2;1;0;0;0;0;0
28;2025-12-17;2;2;674;4;1;0;0;0;0;0
28;2025-12-17;3;2;675;6;1;0;0;0;0;0
28;2025-12-17;4;2;676;8;1;0;0;0;0;0
28;2025-12-17;5;2;677;10;1;0;0;0;0;0
28;2025-12-17;6;2;678;12;0;0;0;0;0;0
28;2025-12-17;7;2;679;14;0;0;0;0;0;0
28;2025-12-17;8;2;680;16;0;0;0;0;0;0
28;2025-12-17;9;2;681;18;0;0;0;0;0;0
28;2025-12-17;10;2;682;20;0;0;0;0;0;0
28;2025-12-17;11;2;683;22;0;0;0;0;0;0
28;2025-12-17;12;2;684;24;0;0;0;0;0;0
28;2025-12-17;13;2;685;26;0;0;0;0;0;0
28;2025-12-17;14;2;686;28;0;0;0;0;0;0
28;2025-12-17;15;2;687;30;0;0;0;0;0;0
28;2025-12-17;16;2;688;32;0;0;0;0;0;0
28;2025-12-17;17;2;689;34;0;0;0;0;0;0
28;2025-12-17;18;2;690;36;0;0;0;0;0;0
28;2025-12-17;19;2;691;38;0;0;0;0;0;0
28;2025-12-17;20;2;692;40;0;0;0;0;0;0
28;2025-12-17;21;2;693;42;0;0;0;0;0;0
28;2025-12-17;22;2;694;44;0;0;0;0;0;0
28;2025-12-17;23;2;695;46;0;0;0;0;0;0
28;2025-12-18;0;3;672;0;1;0;0;0;0;0
28;2025-12-18;1;3;673;2;1;0;0;0;0;0
28;2025-12-18;2;3;674;4;1;0;0;0;0;0
28;2025-12-18;3;3;675;6;1;0;0;0;0;0
28;2025-12-18;4;3;676;8;1;0;0;0;0;0
28;2025-12-18;5;3;677;10;1;0;0;0;0;0
28;2025-12-18;6;3;678;12;0;0;0;0;0;0
28;2025-12-18;7;3;679;14;0;0;0;0;0;0
28;2025-12-18;8;3;680;16;0;0;0;0;0;0
28;2025-12-18;9;3;681;18;0;0;0;0;0;0
28;2025-12-18;10;3;682;20;0;0;0;0;0;0
28;2025-12-18;11;3;683;22;0;0;0;0;0;0
28;2025-12-18;12;3;684;24;0;0;0;0;0;0
28;2025-12-18;13;3;685;26;0;0;0;0;0;0
28;2025-12-18;14;3;686;28;0;0;0;0;0;0
28;2025-12-18;15;3;687;30;0;0;0;0;0;0
28;2025-12-18;16;3;688;32;0;0;0;0;0;0
28;2025-12-18;17;3;689;34;0;0;0;0;0;0
28;2025-12-18;18;3;690;36;0;0;0;0;0;0
28;2025-12-18;19;3;691;38;0;0;0;0;0;0
28;2025-12-18;20;3;692;40;0;0;0;0;0;0
28;2025-12-18;21;3;693;42;0;0;0;0;0;0
28;2025-12-18;22;3;694;44;0;0;0;0;0;0
28;2025-12-18;23;3;695;46;0;0;0;0;0;0
28;2025-12-19;0;4;672;0;1;0;0;0;0;0
28;2025-12-19;1;4;673;2;1;0;0;0;0;0
28;2025-12-19;2;4;674;4;1;0;0;0;0;0
28;2025-12-19;3;4;675;6;1;0;0;0;0;0
28;2025-12-19;4;4;676;8;1;0;0;0;0;0
28;2025-12-19;5;4;677;10;1;0;0;0;0;0
28;2025-12-19;6;4;678;12;0;0;0;0;0;0
28;2025-12-19;7;4;679;14;0;0;0;0;0;0
28;2025-12-19;8;4;680;16;0;0;0;0;0;0
28;2025-12-19;9;4;681;18;0;0;0;0;0;0
28;2025-12-19;10;4;682;20;0;0;0;0;0;0
28;2025-12-19;11;4;683;22;0;0;0;0;0;0
28;2025-12-19;12;4;684;24;0;0;0;0;0;0
28;2025-12-19;13;4;685;26;0;0;0;0;0;0
28;2025-12-19;14;4;686;28;0;0;0;0;0;0
28;2025-12-19;15;4;687;30;0;0;0;0;0;0
28;2025-12-19;16;4;688;32;0;0;0;0;0;0
28;2025-12-19;17;4;689;34;0;0;0;0;0;0
28;2025-12-19;18;4;690;36;0;0;0;0;0;0
28;2025-12-19;19;4;691;38;0;0;0;0;0;0
28;2025-12-19;20;4;692;40;0;0;0;0;0;0
28;2025-12-19;21;4;693;42;0;0;0;0;0;0
28;2025-12-19;22;4;694;44;0;0;0;0;0;0
28;2025-12-19;23;4;695;46;0;0;0;0;0;0
28;2025-12-20;0;5;672;1;1;1;0;0;0;0
28;2025-12-20;1;5;673;3;1;1;0;0;0;0
28;2025-12-20;2;5;674;5;1;1;0;0;0;0
28;2025-12-20;3;5;675;7;1;1;0;0;0;0
28;2025-12-20;4;5;676;9;1;1;0;0;0;0
28;2025-12-20;5;5;677;11;1;1;0;0;0;0
28;2025-12-20;6;5;678;13;0;1;0;0;0;0
28;2025-12-20;7;5;679;15;0;1;0;0;0;0
28;2025-12-20;8;5;680;17;0;1;0;0;0;0
28;2025-12-20;9;5;681;19;0;1;0;0;0;0
28;2025-12-20;10;5;682;21;0;1;0;0;0;0
28;2025-12-20;11;5;683;23;0;1;0;0;0;0
28;2025-12-20;12;5;684;25;0;1;0;0;0;0
28;2025-12-20;13;5;685;27;0;1;0;0;0;0
28;2025-12-20;14;5;686;29;0;1;0;0;0;0
28;2025-12-20;15;5;687;31;0;1;0;0;0;0
28;2025-12-20;16;5;688;33;0;1;0;0;0;0
28;2025-12-20;17;5;689;35;0;1;0;0;0;0
28;2025-12-20;18;5;690;37;0;1;0;0;0;0
28;2025-12-20;19;5;691;39;0;1;0;0;0;0
28;2025-12-20;20;5;692;41;0;1;0;0;0;0
28;2025-12-20;21;5;693;43;0;1;0;0;0;0
28;2025-12-20;22;5;694;45;0;1;0;0;0;0
28;2025-12-20;23;5;695;47;0;1;0;0;0;0
28;2025-12-21;0;6;672;1;1;1;0;0;0;0
28;2025-12-21;1;6;673;3;1;1;0;0;0;0
28;2025-12-21;2;6;674;5;1;1;0;0;0;0
28;2025-12-21;3;6;675;7;1;1;0;0;0;0
28;2025-12-21;4;6;676;9;1;1;0;0;0;0
28;2025-12-21;5;6;677;11;1;1;0;0;0;0
28;2025-12-21;6;6;678;13;0;1;0;0;0;0
28;2025-12-21;7;6;679;15;0;1;0;0;0;0
28;2025-12-21;8;6;680;17;0;1;0;0;0;0
28;2025-12-21;9;6;681;19;0;1;0;0;0;0
28;2025-12-21;10;6;682;21;0;1;0;0;0;0
28;2025-12-21;11;6;683;23;0;1;0;0;0;0
28;2025-12-21;12;6;684;25;0;1;0;0;0;0
28;2025-12-21;13;6;685;27;0;1;0;0;0;0
28;2025-12-21;14;6;686;29;0;1;0;0;0;0
28;2025-12-21;15;6;687;31;0;1;0;0;0;0
28;2025-12-21;16;6;688;33;0;1;0;0;0;0
28;2025-12-21;17;6;689;35;0;1;0;0;0;0
28;2025-12-21;18;6;690;37;0;1;0;0;0;0
28;2025-12-21;19;6;691;39;0;1;0;0;0;0
28;2025-12-21;20;6;692;41;0;1;0;0;0;0
28;2025-12-21;21;6;693;43;0;1;0;0;0;0
28;2025-12-21;22;6;694;45;0;1;0;0;0;0
28;2025-12-21;23;6;695;47;0;1;0;0;0;0
28;2025-12-22;0;0;672;0;1;0;0;0;0;0
28;2025-12-22;1;0;673;2;1;0;0;0;0;0
28;2025-12-22;2;0;674;4;1;0;0;0;0;0
28;2025-12-22;3;0;675;6;1;0;0;0;0;0
28;2025-12-22;4;0;676;8;1;0;0;0;0;0
28;2025-12-22;5;0;677;10;1;0;0;0;0;0
28;2025-12-22;6;0;678;12;0;0;0;0;0;0
28;2025-12-22;7;0;679;14;0;0;0;0;0;0
28;2025-12-22;8;0;680;16;0;0;0;0;0;0
28;2025-12-22;9;0;681;18;0;0;0;0;0;0
28;2025-12-22;10;0;682;20;0;0;0;0;0;0
28;2025-12-22;11;0;683;22;0;0;0;0;0;0
28;2025-12-22;12;0;684;24;0;0;0;0;0;0
28;2025-12-22;13;0;685;26;0;0;0;0;0;0
28;2025-12-22;14;0;686;28;0;0;0;0;0;0
28;2025-12-22;15;0;687;30;0;0;0;0;0;0
28;2025-12-22;16;0;688;32;0;0;0;0;0;0
28;2025-12-22;17;0;689;34;0;0;0;0;0;0
28;2025-12-22;18;0;690;36;0;0;0;0;0;0
28;2025-12-22;19;0;691;38;0;0;0;0;0;0
28;2025-12-22;20;0;692;40;0;0;0;0;0;0
28;2025-12-22;21;0;693;42;0;0;0;0;0;0
28;2025-12-22;22;0;694;44;0;0;0;0;0;0
28;2025-12-22;23;0;695;46;0;0;0;0;0;0
28;2025-12-23;0;1;672;0;1;0;0;0;0;0
28;2025-12-23;1;1;673;2;1;0;0;0;0;0
28;2025-12-23;2;1;674;4;1;0;0;0;0;0
28;2025-12-23;3;1;675;6;1;0;0;0;0;0
28;2025-12-23;4;1;676;8;1;0;0;0;0;0
28;2025-12-23;5;1;677;10;1;0;0;0;0;0
28;2025-12-23;6;1;678;12;0;0;0;0;0;0
28;2025-12-23;7;1;679;14;0;0;0;0;0;0
28;2025-12-23;8;1;680;16;0;0;0;0;0;0
28;2025-12-23;9;1;681;18;0;0;0;0;0;0
28;2025-12-23;10;1;682;20;0;0;0;0;0;0
28;2025-12-23;11;1;683;22;0;0;0;0;0;0
28;2025-12-23;12;1;684;24;0;0;0;0;0;0
28;2025-12-23;13;1;685;26;0;0;0;0;0;0
28;2025-12-23;14;1;686;28;0;0;0;0;0;0
28;2025-12-23;15;1;687;30;0;0;0;0;0;0
28;2025-12-23;16;1;688;32;0;0;0;0;0;0
28;2025-12-23;17;1;689;34;0;0;0;0;0;0
28;2025-12-23;18;1;690;36;0;0;0;0;0;0
28;2025-12-23;19;1;691;38;0;0;0;0;0;0
28;2025-12-23;20;1;692;40;0;0;0;0;0;0
28;2025-12-23;21;1;693;42;0;0;0;0;0;0
28;2025-12-23;22;1;694;44;0;0;0;0;0;0
28;2025-12-23;23;1;695;46;0;0;0;0;0;0
28;2025-12-24;0;2;672;0;1;0;0;0;0;0
28;2025-12-24;1;2;673;2;1;0;0;0;0;0
28;2025-12-24;2;2;674;4;1;0;0;0;0;0
28;2025-12-24;3;2;675;6;1;0;0;0;0;0
28;2025-12-24;4;2;676;8;1;0;0;0;0;0
28;2025-12-24;5;2;677;10;1;0;0;0;0;0
28;2025-12-24;6;2;678;12;0;0;0;0;0;0
28;2025-12-24;7;2;679;14;0;0;0;0;0;0
28;2025-12-24;8;2;680;16;0;0;0;0;0;0
28;2025-12-24;9;2;681;18;0;0;0;0;0;0
28;2025-12-24;10;2;682;20;0;0;0;0;0;0
28;2025-12-24;11;2;683;22;0;0;0;0;0;0
28;2025-12-24;12;2;684;24;0;0;0;0;0;0
28;2025-12-24;13;2;685;26;0;0;0;0;0;0
28;2025-12-24;14;2;686;28;0;0;0;0;0;0
28;2025-12-24;15;2;687;30;0;0;0;0;0;0
28;2025-12-24;16;2;688;32;0;0;0;0;0;0
28;2025-12-24;17;2;689;34;0;0;0;0;0;0
28;2025-12-24;18;2;690;36;0;0;0;0;0;0
28;2025-12-24;19;2;691;38;0;0;0;0;0;0
28;2025-12-24;20;2;692;40;0;0;0;0;0;0
28;2025-12-24;21;2;693;42;0;0;0;0;0;0
28;2025-12-24;22;2;694;44;0;0;0;0;0;0
28;2025-12-24;23;2;695;46;0;0;0;0;0;0
28;2025-12-25;0;3;672;0;1;0;0;0;0;0
28;2025-12-25;1;3;673;2;1;0;0;0;0;0
28;2025-12-25;2;3;674;4;1;0;0;0;0;0
28;2025-12-25;3;3;675;6;1;0;0;0;0;0
28;2025-12-25;4;3;676;8;1;0;0;0;0;0
28;2025-12-25;5;3;677;10;1;0;0;0;0;0
28;2025-12-25;6;3;678;12;0;0;0;0;0;0
28;2025-12-25;7;3;679;14;0;0;0;0;0;0
28;2025-12-25;8;3;680;16;0;0;0;0;0;0
28;2025-12-25;9;3;681;18;0;0;0;0;0;0
28;2025-12-25;10;3;682;20;0;0;0;0;0;0
28;2025-12-25;11;3;683;22;0;0;0;0;0;0
28;2025-12-25;12;3;684;24;0;0;0;0;0;0
28;2025-12-25;13;3;685;26;0;0;0;0;0;0
28;2025-12-25;14;3;686;28;0;0;0;0;0;0
28;2025-12-25;15;3;687;30;0;0;0;0;0;0
28;2025-12-25;16;3;688;32;0;0;0;0;0;0
28;2025-12-25;17;3;689;34;0;0;0;0;0;0
28;2025-12-25;18;3;690;36;0;0;0;0;0;0
28;2025-12-25;19;3;691;38;0;0;0;0;0;0
28;2025-12-25;20;3;692;40;0;0;0;0;0;0
28;2025-12-25;21;3;693;42;0;0;0;0;0;0
28;2025-12-25;22;3;694;44;0;0;0;0;0;0
28;2025-12-25;23;3;695;46;0;0;0;0;0;0
28;2025-12-26;0;4;672;0;1;0;0;0;0;0
28;2025-12-26;1;4;673;2;1;0;0;0;0;0
28;2025-12-26;2;4;674;4;1;0;0;0;0;0
28;2025-12-26;3;4;675;6;1;0;0;0;0;0
28;2025-12-26;4;4;676;8;1;0;0;0;0;0
28;2025-12-26;5;4;677;10;1;0;0;0;0;0
28;2025-12-26;6;4;678;12;0;0;0;0;0;0
28;2025-12-26;7;4;679;14;0;0;0;0;0;0
28;2025-12-26;8;4;680;16;0;0;0;0;0;0
28;2025-12-26;9;4;681;18;0;0;0;0;0;0
28;2025-12-26;10;4;682;20;0;0;0;0;0;0
28;2025-12-26;11;4;683;22;0;0;0;0;0;0
28;2025-12-26;12;4;684;24;0;0;0;0;0;0
28;2025-12-26;13;4;685;26;0;0;0;0;0;0
28;2025-12-26;14;4;686;28;0;0;0;0;0;0
28;2025-12-26;15;4;687;30;0;0;0;0;0;0
28;2025-12-26;16;4;688;32;0;0;0;0;0;0
28;2025-12-26;17;4;689;34;0;0;0;0;0;0
28;2025-12-26;18;4;690;36;0;0;0;0;0;0
28;2025-12-26;19;4;691;38;0;0;0;0;0;0
28;2025-12-26;20;4;692;40;0;0;0;0;0;0
28;2025-12-26;21;4;693;42;0;0;0;0;0;0
28;2025-12-26;22;4;694;44;0;0;0;0;0;0
28;2025-12-26;23;4;695;46;0;0;0;0;0;0
28;2025-12-27;0;5;672;1;1;1;0;0;0;0
28;2025-12-27;1;5;673;3;1;1;0;0;0;0
28;2025-12-27;2;5;674;5;1;1;0;0;0;0
28;2025-12-27;3;5;675;7;1;1;0;0;0;0
28;2025-12-27;4;5;676;9;1;1;0;0;0;0
28;2025-12-27;5;5;677;11;1;1;0;0;0;0
28;2025-12-27;6;5;678;13;0;1;0;0;0;0
28;2025-12-27;7;5;679;15;0;1;0;0;0;0
28;2025-12-27;8;5;680;17;0;1;0;0;0;0
28;2025-12-27;9;5;681;19;0;1;0;0;0;0
28;2025-12-27;10;5;682;21;0;1;0;0;0;0
28;2025-12-27;11;5;683;23;0;1;0;0;0;0
28;2025-12-27;12;5;684;25;0;1;0;0;0;0
28;2025-12-27;13;5;685;27;0;1;0;0;0;0
28;2025-12-27;14;5;686;29;0;1;0;0;0;0
28;2025-12-27;15;5;687;31;0;1;0;0;0;0
28;2025-12-27;16;5;688;33;0;1;0;0;0;0
28;2025-12-27;17;5;689;35;0;1;0;0;0;0
28;2025-12-27;18;5;690;37;0;1;0;0;0;0
28;2025-12-27;19;5;691;39;0;1;0;0;0;0
28;2025-12-27;20;5;692;41;0;1;0;0;0;0
28;2025-12-27;21;5;693;43;0;1;0;0;0;0
28;2025-12-27;22;5;694;45;0;1;0;0;0;0
28;2025-12-27;23;5;695;47;0;1;0;0;0;0
28;2025-12-28;0;6;672;1;1;1;0;0;0;0
28;2025-12-28;1;6;673;3;1;1;0;0;0;0
28;2025-12-28;2;6;674;5;1;1;0;0;0;0
28;2025-12-28;3;6;675;7;1;1;0;0;0;0
28;2025-12-28;4;6;676;9;1;1;0;0;0;0
28;2025-12-28;5;6;677;11;1;1;0;0;0;0
28;2025-12-28;6;6;678;13;0;1;0;0;0;0
28;2025-12-28;7;6;679;15;0;1;0;0;0;0
28;2025-12-28;8;6;680;17;0;1;0;0;0;0
28;2025-12-28;9;6;681;19;0;1;0;0;0;0
28;2025-12-28;10;6;682;21;0;1;0;0;0;0
28;2025-12-28;11;6;683;23;0;1;0;0;0;0
28;2025-12-28;12;6;684;25;0;1;0;0;0;0
28;2025-12-28;13;6;685;27;0;1;0;0;0;0
28;2025-12-28;14;6;686;29;0;1;0;0;0;0
28;2025-12-28;15;6;687;31;0;1;0;0;0;0
28;2025-12-28;16;6;688;33;0;1;0;0;0;0
28;2025-12-28;17;6;689;35;0;1;0;0;0;0
28;2025-12-28;18;6;690;37;0;1;0;0;0;0
28;2025-12-28;19;6;691;39;0;1;0;0;0;0
28;2025-12-28;20;6;692;41;0;1;0;0;0;0
28;2025-12-28;21;6;693;43;0;1;0;0;0;0
28;2025-12-28;22;6;694;45;0;1;0;0;0;0
28;2025-12-28;23;6;695;47;0;1;0;0;0;0
28;2025-12-29;0;0;672;0;1;0;0;0;0;0
28;2025-12-29;1;0;673;2;1;0;0;0;0;0
28;2025-12-29;2;0;674;4;1;0;0;0;0;0
28;2025-12-29;3;0;675;6;1;0;0;0;0;0
28;2025-12-29;4;0;676;8;1;0;0;0;0;0
28;2025-12-29;5;0;677;10;1;0;0;0;0;0
28;2025-12-29;6;0;678;12;0;0;0;0;0;0
28;2025-12-29;7;0;679;14;0;0;0;0;0;0
28;2025-12-29;8;0;680;16;0;0;0;0;0;0
28;2025-12-29;9;0;681;18;0;0;0;0;0;0
28;2025-12-29;10;0;682;20;0;0;0;0;0;0
28;2025-12-29;11;0;683;22;0;0;0;0;0;0
28;2025-12-29;12;0;684;24;0;0;0;0;0;0
28;2025-12-29;13;0;685;26;0;0;0;0;0;0
28;2025-12-29;14;0;686;28;0;0;0;0;0;0
28;2025-12-29;15;0;687;30;0;0;0;0;0;0
28;2025-12-29;16;0;688;32;0;0;0;0;0;0
28;2025-12-29;17;0;689;34;0;0;0;0;0;0
28;2025-12-29;18;0;690;36;0;0;0;0;0;0
28;2025-12-29;19;0;691;38;0;0;0;0;0;0
28;2025-12-29;20;0;692;40;0;0;0;0;0;0
28;2025-12-29;21;0;693;42;0;0;0;0;0;0
28;2025-12-29;22;0;694;44;0;0;0;0;0;0
28;2025-12-29;23;0;695;46;0;0;0;0;0;0
28;2025-12-30;0;1;672;0;1;0;0;0;0;0
28;2025-12-30;1;1;673;2;1;0;0;0;0;0
28;2025-12-30;2;1;674;4;1;0;0;0;0;0
28;2025-12-30;3;1;675;6;1;0;0;0;0;0
28;2025-12-30;4;1;676;8;1;0;0;0;0;0
28;2025-12-30;5;1;677;10;1;0;0;0;0;0
28;2025-12-30;6;1;678;12;0;0;0;0;0;0
28;2025-12-30;7;1;679;14;0;0;0;0;0;0
28;2025-12-30;8;1;680;16;0;0;0;0;0;0
28;2025-12-30;9;1;681;18;0;0;0;0;0;0
28;2025-12-30;10;1;682;20;0;0;0;0;0;0
28;2025-12-30;11;1;683;22;0;0;0;0;0;0
28;2025-12-30;12;1;684;24;0;0;0;0;0;0
28;2025-12-30;13;1;685;26;0;0;0;0;0;0
28;2025-12-30;14;1;686;28;0;0;0;0;0;0
28;2025-12-30;15;1;687;30;0;0;0;0;0;0
28;2025-12-30;16;1;688;32;0;0;0;0;0;0
28;2025-12-30;17;1;689;34;0;0;0;0;0;0
28;2025-12-30;18;1;690;36;0;0;0;0;0;0
28;2025-12-30;19;1;691;38;0;0;0;0;0;0
28;2025-12-30;20;1;692;40;0;0;0;0;0;0
28;2025-12-30;21;1;693;42;0;0;0;0;0;0
28;2025-12-30;22;1;694;44;0;0;0;0;0;0
28;2025-12-30;23;1;695;46;0;0;0;0;0;0
28;2025-12-31;0;2;672;0;1;1;0;1;0;0
28;2025-12-31;1;2;673;2;1;1;0;1;0;0
28;2025-12-31;2;2;674;4;1;1;0;1;0;0
28;2025-12-31;3;2;675;6;1;1;0;1;0;0
28;2025-12-31;4;2;676;8;1;1;0;1;0;0
28;2025-12-31;5;2;677;10;1;1;0;1;0;0
28;2025-12-31;6;2;678;12;0;1;0;1;0;0
28;2025-12-31;7;2;679;14;0;1;0;1;0;0
28;2025-12-31;8;2;680;16;0;1;0;1;0;0
28;2025-12-31;9;2;681;18;0;1;0;1;0;0
28;2025-12-31;10;2;682;20;0;1;0;1;0;0
28;2025-12-31;11;2;683;22;0;1;0;1;0;0
28;2025-12-31;12;2;684;24;0;1;0;1;0;0
28;2025-12-31;13;2;685;26;0;1;0;1;0;0
28;2025-12-31;14;2;686;28;0;1;0;1;0;0
28;2025-12-31;15;2;687;30;0;1;0;1;0;0
28;2025-12-31;16;2;688;32;0;1;0;1;0;0
28;2025-12-31;17;2;689;34;0;1;0;1;0;0
28;2025-12-31;18;2;690;36;0;1;0;1;0;0
28;2025-12-31;19;2;691;38;0;1;0;1;0;0
28;2025-12-31;20;2;692;40;0;1;0;1;0;0
28;2025-12-31;21;2;693;42;0;1;0;1;0;0
28;2025-12-31;22;2;694;44;0;1;0;1;0;0
28;2025-12-31;23;2;695;46;0;1;0;1;0;0
50;2025-11-01;0;5;1200;1;1;0;0;0;1;1
50;2025-11-01;1;5;1201;3;1;0;0;0;1;1
50;2025-11-01;2;5;1202;5;1;0;0;0;1;1
50;2025-11-01;3;5;1203;7;1;0;0;0;1;1
50;2025-11-01;4;5;1204;9;1;0;0;0;1;1
50;2025-11-01;5;5;1205;11;1;0;0;0;1;1
50;2025-11-01;6;5;1206;13;0;0;0;0;1;1
50;2025-11-01;7;5;1207;15;0;0;0;0;1;1
50;2025-11-01;8;5;1208;17;0;0;0;0;1;1
50;2025-11-01;9;5;1209;19;0;0;0;0;1;1
50;2025-11-01;10;5;1210;21;0;0;0;0;1;1
50;2025-11-01;11;5;1211;23;0;0;0;0;1;1
50;2025-11-01;12;5;1212;25;0;0;0;0;1;1
50;2025-11-01;13;5;1213;27;0;0;0;0;1;1
50;2025-11-01;14;5;1214;29;0;0;0;0;1;1
50;2025-11-01;15;5;1215;31;0;0;0;0;1;1
50;2025-11-01;16;5;1216;33;0;0;0;0;1;1
50;2025-11-01;17;5;1217;35;0;0;0;0;1;1
50;2025-11-01;18;5;1218;37;0;0;0;0;1;1
50;2025-11-01;19;5;1219;39;0;0;0;0;1;1
50;2025-11-01;20;5;1220;41;0;0;0;0;1;1
50;2025-11-01;21;5;1221;43;0;0;0;0;1;1
50;2025-11-01;22;5;1222;45;0;0;0;0;1;1
50;2025-11-01;23;5;1223;47;0;0;0;0;1;1
50;2025-11-02;0;6;1200;1;1;1;0;0;0;0
50;2025-11-02;1;6;1201;3;1;1;0;0;0;0
50;2025-11-02;2;6;1202;5;1;1;0;0;0;0
50;2025-11-02;3;6;1203;7;1;1;0;0;0;0
50;2025-11-02;4;6;1204;9;1;1;0;0;0;0
50;2025-11-02;5;6;1205;11;1;1;0;0;0;0
50;2025-11-02;6;6;1206;13;0;1;0;0;0;0
50;2025-11-02;7;6;1207;15;0;1;0;0;0;0
50;2025-11-02;8;6;1208;17;0;1;0;0;0;0
50;2025-11-02;9;6;1209;19;0;1;0;0;0;0
50;2025-11-02;10;6;1210;21;0;1;0;0;0;0
50;2025-11-02;11;6;1211;23;0;1;0;0;0;0
50;2025-11-02;12;6;1212;25;0;1;0;0;0;0
50;2025-11-02;13;6;1213;27;0;1;0;0;0;0
50;2025-11-02;14;6;1214;29;0;1;0;0;0;0
50;2025-11-02;15;6;1215;31;0;1;0;0;0;0
50;2025-11-02;16;6;1216;33;0;1;0;0;0;0
50;2025-11-02;17;6;1217;35;0;1;0;0;0;0
50;2025-11-02;18;6;1218;37;0;1;0;0;0;0
50;2025-11-02;19;6;1219;39;0;1;0;0;0;0
50;2025-11-02;20;6;1220;41;0;1;0;0;0;0
50;2025-11-02;21;6;1221;43;0;1;0;0;0;0
50;2025-11-02;22;6;1222;45;0;1;0;0;0;0
50;2025-11-02;23;6;1223;47;0;1;0;0;0;0
50;2025-11-03;0;0;1200;0;1;1;0;1;0;0
50;2025-11-03;1;0;1201;2;1;1;0;1;0;0
50;2025-11-03;2;0;1202;4;1;1;0;1;0;0
50;2025-11-03;3;0;1203;6;1;1;0;1;0;0
50;2025-11-03;4;0;1204;8;1;1;0;1;0;0
50;2025-11-03;5;0;1205;10;1;1;0;1;0;0
50;2025-11-03;6;0;1206;12;0;1;0;1;0;0
50;2025-11-03;7;0;1207;14;0;1;0;1;0;0
50;2025-11-03;8;0;1208;16;0;1;0;1;0;0
50;2025-11-03;9;0;1209;18;0;1;0;1;0;0
50;2025-11-03;10;0;1210;20;0;1;0;1;0;0
50;2025-11-03;11;0;1211;22;0;1;0;1;0;0
50;2025-11-03;12;0;1212;24;0;1;0;1;0;0
50;2025-11-03;13;0;1213;26;0;1;0;1;0;0
50;2025-11-03;14;0;1214;28;0;1;0;1;0;0
50;2025-11-03;15;0;1215;30;0;1;0;1;0;0
50;2025-11-03;16;0;1216;32;0;1;0;1;0;0
50;2025-11-03;17;0;1217;34;0;1;0;1;0;0
50;2025-11-03;18;0;1218;36;0;1;0;1;0;0
50;2025-11-03;19;0;1219;38;0;1;0;1;0;0
50;2025-11-03;20;0;1220;40;0;1;0;1;0;0
50;2025-11-03;21;0;1221;42;0;1;0;1;0;0
50;2025-11-03;22;0;1222;44;0;1;0;1;0;0
50;2025-11-03;23;0;1223;46;0;1;0;1;0;0
50;2025-11-04;0;1;1200;0;1;1;1;0;0;0
50;2025-11-04;1;1;1201;2;1;1;1;0;0;0
50;2025-11-04;2;1;1202;4;1;1;1;0;0;0
50;2025-11-04;3;1;1203;6;1;1;1;0;0;0
50;2025-11-04;4;1;1204;8;1;1;1;0;0;0
50;2025-11-04;5;1;1205;10;1;1;1;0;0;0
50;2025-11-04;6;1;1206;12;0;1;1;0;0;0
50;2025-11-04;7;1;1207;14;0;1;1;0;0;0
50;2025-11-04;8;1;1208;16;0;1;1;0;0;0
50;2025-11-04;9;1;1209;18;0;1;1;0;0;0
50;2025-11-04;10;1;1210;20;0;1;1;0;0;0
50;2025-11-04;11;1;1211;22;0;1;1;0;0;0
50;2025-11-04;12;1;1212;24;0;1;1;0;0;0
50;2025-11-04;13;1;1213;26;0;1;1;0;0;0
50;2025-11-04;14;1;1214;28;0;1;1;0;0;0
50;2025-11-04;15;1;1215;30;0;1;1;0;0;0
50;2025-11-04;16;1;1216;32;0;1;1;0;0;0
50;2025-11-04;17;1;1217;34;0;1;1;0;0;0
50;2025-11-04;18;1;1218;36;0;1;1;0;0;0
50;2025-11-04;19;1;1219;38;0;1;1;0;0;0
50;2025-11-04;20;1;1220;40;0;1;1;0;0;0
50;2025-11-04;21;1;1221;42;0;1;1;0;0;0
50;2025-11-04;22;1;1222;44;0;1;1;0;0;0
50;2025-11-04;23;1;1223;46;0;1;1;0;0;0
50;2025-11-05;0;2;1200;0;1;0;0;0;0;0
50;2025-11-05;1;2;1201;2;1;0;0;0;0;0
50;2025-11-05;2;2;1202;4;1;0;0;0;0;0
50;2025-11-05;3;2;1203;6;1;0;0;0;0;0
50;2025-11-05;4;2;1204;8;1;0;0;0;0;0
50;2025-11-05;5;2;1205;10;1;0;0;0;0;0
50;2025-11-05;6;2;1206;12;0;0;0;0;0;0
50;2025-11-05;7;2;1207;14;0;0;0;0;0;0
50;2025-11-05;8;2;1208;16;0;0;0;0;0;0
50;2025-11-05;9;2;1209;18;0;0;0;0;0;0
50;2025-11-05;10;2;1210;20;0;0;0;0;0;0
50;2025-11-05;11;2;1211;22;0;0;0;0;0;0
50;2025-11-05;12;2;1212;24;0;0;0;0;0;0
50;2025-11-05;13;2;1213;26;0;0;0;0;0;0
50;2025-11-05;14;2;1214;28;0;0;0;0;0;0
50;2025-11-05;15;2;1215;30;0;0;0;0;0;0
50;2025-11-05;16;2;1216;32;0;0;0;0;0;0
50;2025-11-05;17;2;1217;34;0;0;0;0;0;0
50;2025-11-05;18;2;1218;36;0;0;0;0;0;0
50;2025-11-05;19;2;1219;38;0;0;0;0;0;0
50;2025-11-05;20;2;1220;40;0;0;0;0;0;0
50;2025-11-05;21;2;1221;42;0;0;0;0;0;0
50;2025-11-05;22;2;1222;44;0;0;0;0;0;0
50;2025-11-05;23;2;1223;46;0;0;0;0;0;0
50;2025-11-06;0;3;1200;0;1;0;0;0;0;0
50;2025-11-06;1;3;1201;2;1;0;0;0;0;0
50;2025-11-06;2;3;1202;4;1;0;0;0;0;0
50;2025-11-06;3;3;1203;6;1;0;0;0;0;0
50;2025-11-06;4;3;1204;8;1;0;0;0;0;0
50;2025-11-06;5;3;1205;10;1;0;0;0;0;0
50;2025-11-06;6;3;1206;12;0;0;0;0;0;0
50;2025-11-06;7;3;1207;14;0;0;0;0;0;0
50;2025-11-06;8;3;1208;16;0;0;0;0;0;0
50;2025-11-06;9;3;1209;18;0;0;0;0;0;0
50;2025-11-06;10;3;1210;20;0;0;0;0;0;0
50;2025-11-06;11;3;1211;22;0;0;0;0;0;0
50;2025-11-06;12;3;1212;24;0;0;0;0;0;0
50;2025-11-06;13;3;1213;26;0;0;0;0;0;0
50;2025-11-06;14;3;1214;28;0;0;0;0;0;0
50;2025-11-06;15;3;1215;30;0;0;0;0;0;0
50;2025-11-06;16;3;1216;32;0;0;0;0;0;0
50;2025-11-06;17;3;1217;34;0;0;0;0;0;0
50;2025-11-06;18;3;1218;36;0;0;0;0;0;0
50;2025-11-06;19;3;1219;38;0;0;0;0;0;0
50;2025-11-06;20;3;1220;40;0;0;0;0;0;0
50;2025-11-06;21;3;1221;42;0;0;0;0;0;0
50;2025-11-06;22;3;1222;44;0;0;0;0;0;0
50;2025-11-06;23;3;1223;46;0;0;0;0;0;0
50;2025-11-07;0;4;1200;0;1;0;0;0;0;0
50;2025-11-07;1;4;1201;2;1;0;0;0;0;0
50;2025-11-07;2;4;1202;4;1;0;0;0;0;0
50;2025-11-07;3;4;1203;6;1;0;0;0;0;0
50;2025-11-07;4;4;1204;8;1;0;0;0;0;0
50;2025-11-07;5;4;1205;10;1;0;0;0;0;0
50;2025-11-07;6;4;1206;12;0;0;0;0;0;0
50;2025-11-07;7;4;1207;14;0;0;0;0;0;0
50;2025-11-07;8;4;1208;16;0;0;0;0;0;0
50;2025-11-07;9;4;1209;18;0;0;0;0;0;0
50;2025-11-07;10;4;1210;20;0;0;0;0;0;0
50;2025-11-07;11;4;1211;22;0;0;0;0;0;0
50;2025-11-07;12;4;1212;24;0;0;0;0;0;0
50;2025-11-07;13;4;1213;26;0;0;0;0;0;0
50;2025-11-07;14;4;1214;28;0;0;0;0;0;0
50;2025-11-07;15;4;1215;30;0;0;0;0;0;0
50;2025-11-07;16;4;1216;32;0;0;0;0;0;0
50;2025-11-07;17;4;1217;34;0;0;0;0;0;0
50;2025-11-07;18;4;1218;36;0;0;0;0;0;0
50;2025-11-07;19;4;1219;38;0;0;0;0;0;0
50;2025-11-07;20;4;1220;40;0;0;0;0;0;0
50;2025-11-07;21;4;1221;42;0;0;0;0;0;0
50;2025-11-07;22;4;1222;44;0;0;0;0;0;0
50;2025-11-07;23;4;1223;46;0;0;0;0;0;0
50;2025-11-08;0;5;1200;1;1;1;0;0;0;0
50;2025-11-08;1;5;1201;3;1;1;0;0;0;0
50;2025-11-08;2;5;1202;5;1;1;0;0;0;0
50;2025-11-08;3;5;1203;7;1;1;0;0;0;0
50;2025-11-08;4;5;1204;9;1;1;0;0;0;0
50;2025-11-08;5;5;1205;11;1;1;0;0;0;0
50;2025-11-08;6;5;1206;13;0;1;0;0;0;0
50;2025-11-08;7;5;1207;15;0;1;0;0;0;0
50;2025-11-08;8;5;1208;17;0;1;0;0;0;0
50;2025-11-08;9;5;1209;19;0;1;0;0;0;0
50;2025-11-08;10;5;1210;21;0;1;0;0;0;0
50;2025-11-08;11;5;1211;23;0;1;0;0;0;0
50;2025-11-08;12;5;1212;25;0;1;0;0;0;0
50;2025-11-08;13;5;1213;27;0;1;0;0;0;0
50;2025-11-08;14;5;1214;29;0;1;0;0;0;0
50;2025-11-08;15;5;1215;31;0;1;0;0;0;0
50;2025-11-08;16;5;1216;33;0;1;0;0;0;0
50;2025-11-08;17;5;1217;35;0;1;0;0;0;0
50;2025-11-08;18;5;1218;37;0;1;0;0;0;0
50;2025-11-08;19;5;1219;39;0;1;0;0;0;0
50;2025-11-08;20;5;1220;41;0;1;0;0;0;0
50;2025-11-08;21;5;1221;43;0;1;0;0;0;0
50;2025-11-08;22;5;1222;45;0;1;0;0;0;0
50;2025-11-08;23;5;1223;47;0;1;0;0;0;0
50;2025-11-09;0;6;1200;1;1;1;0;0;0;0
50;2025-11-09;1;6;1201;3;1;1;0;0;0;0
50;2025-11-09;2;6;1202;5;1;1;0;0;0;0
50;2025-11-09;3;6;1203;7;1;1;0;0;0;0
50;2025-11-09;4;6;1204;9;1;1;0;0;0;0
50;2025-11-09;5;6;1205;11;1;1;0;0;0;0
50;2025-11-09;6;6;1206;13;0;1;0;0;0;0
50;2025-11-09;7;6;1207;15;0;1;0;0;0;0
50;2025-11-09;8;6;1208;17;0;1;0;0;0;0
50;2025-11-09;9;6;1209;19;0;1;0;0;0;0
50;2025-11-09;10;6;1210;21;0;1;0;0;0;0
50;2025-11-09;11;6;1211;23;0;1;0;0;0;0
50;2025-11-09;12;6;1212;25;0;1;0;0;0;0
50;2025-11-09;13;6;1213;27;0;1;0;0;0;0
50;2025-11-09;14;6;1214;29;0;1;0;0;0;0
50;2025-11-09;15;6;1215;31;0;1;0;0;0;0
50;2025-11-09;16;6;1216;33;0;1;0;0;0;0
50;2025-11-09;17;6;1217;35;0;1;0;0;0;0
50;2025-11-09;18;6;1218;37;0;1;0;0;0;0
50;2025-11-09;19;6;1219;39;0;1;0;0;0;0
50;2025-11-09;20;6;1220;41;0;1;0;0;0;0
50;2025-11-09;21;6;1221;43;0;1;0;0;0;0
50;2025-11-09;22;6;1222;45;0;1;0;0;0;0
50;2025-11-09;23;6;1223;47;0;1;0;0;0;0
50;2025-11-10;0;0;1200;0;1;0;0;0;0;0
50;2025-11-10;1;0;1201;2;1;0;0;0;0;0
50;2025-11-10;2;0;1202;4;1;0;0;0;0;0
50;2025-11-10;3;0;1203;6;1;0;0;0;0;0
50;2025-11-10;4;0;1204;8;1;0;0;0;0;0
50;2025-11-10;5;0;1205;10;1;0;0;0;0;0
50;2025-11-10;6;0;1206;12;0;0;0;0;0;0
50;2025-11-10;7;0;1207;14;0;0;0;0;0;0
50;2025-11-10;8;0;1208;16;0;0;0;0;0;0
50;2025-11-10;9;0;1209;18;0;0;0;0;0;0
50;2025-11-10;10;0;1210;20;0;0;0;0;0;0
50;2025-11-10;11;0;1211;22;0;0;0;0;0;0
50;2025-11-10;12;0;1212;24;0;0;0;0;0;0
50;2025-11-10;13;0;1213;26;0;0;0;0;0;0
50;2025-11-10;14;0;1214;28;0;0;0;0;0;0
50;2025-11-10;15;0;1215;30;0;0;0;0;0;0
50;2025-11-10;16;0;1216;32;0;0;0;0;0;0
50;2025-11-10;17;0;1217;34;0;0;0;0;0;0
50;2025-11-10;18;0;1218;36;0;0;0;0;0;0
50;2025-11-10;19;0;1219;38;0;0;0;0;0;0
50;2025-11-10;20;0;1220;40;0;0;0;0;0;0
50;2025-11-10;21;0;1221;42;0;0;0;0;0;0
50;2025-11-10;22;0;1222;44;0;0;0;0;0;0
50;2025-11-10;23;0;1223;46;0;0;0;0;0;0
50;2025-11-11;0;1;1200;0;1;0;0;0;0;0
50;2025-11-11;1;1;1201;2;1;0;0;0;0;0
50;2025-11-11;2;1;1202;4;1;0;0;0;0;0
50;2025-11-11;3;1;1203;6;1;0;0;0;0;0
50;2025-11-11;4;1;1204;8;1;0;0;0;0;0
50;2025-11-11;5;1;1205;10;1;0;0;0;0;0
50;2025-11-11;6;1;1206;12;0;0;0;0;0;0
50;2025-11-11;7;1;1207;14;0;0;0;0;0;0
50;2025-11-11;8;1;1208;16;0;0;0;0;0;0
50;2025-11-11;9;1;1209;18;0;0;0;0;0;0
50;2025-11-11;10;1;1210;20;0;0;0;0;0;0
50;2025-11-11;11;1;1211;22;0;0;0;0;0;0
50;2025-11-11;12;1;1212;24;0;0;0;0;0;0
50;2025-11-11;13;1;1213;26;0;0;0;0;0;0
50;2025-11-11;14;1;1214;28;0;0;0;0;0;0
50;2025-11-11;15;1;1215;30;0;0;0;0;0;0
50;2025-11-11;16;1;1216;32;0;0;0;0;0;0
50;2025-11-11;17;1;1217;34;0;0;0;0;0;0
50;2025-11-11;18;1;1218;36;0;0;0;0;0;0
50;2025-11-11;19;1;1219;38;0;0;0;0;0;0
50;2025-11-11;20;1;1220;40;0;0;0;0;0;0
50;2025-11-11;21;1;1221;42;0;0;0;0;0;0
50;2025-11-11;22;1;1222;44;0;0;0;0;0;0
50;2025-11-11;23;1;1223;46;0;0;0;0;0;0
50;2025-11-12;0;2;1200;0;1;0;0;0;0;0
50;2025-11-12;1;2;1201;2;1;0;0;0;0;0
50;2025-11-12;2;2;1202;4;1;0;0;0;0;0
50;2025-11-12;3;2;1203;6;1;0;0;0;0;0
50;2025-11-12;4;2;1204;8;1;0;0;0;0;0
50;2025-11-12;5;2;1205;10;1;0;0;0;0;0
50;2025-11-12;6;2;1206;12;0;0;0;0;0;0
50;2025-11-12;7;2;1207;14;0;0;0;0;0;0
50;2025-11-12;8;2;1208;16;0;0;0;0;0;0
50;2025-11-12;9;2;1209;18;0;0;0;0;0;0
50;2025-11-12;10;2;1210;20;0;0;0;0;0;0
50;2025-11-12;11;2;1211;22;0;0;0;0;0;0
50;2025-11-12;12;2;1212;24;0;0;0;0;0;0
50;2025-11-12;13;2;1213;26;0;0;0;0;0;0
50;2025-11-12;14;2;1214;28;0;0;0;0;0;0
50;2025-11-12;15;2;1215;30;0;0;0;0;0;0
50;2025-11-12;16;2;1216;32;0;0;0;0;0;0
50;2025-11-12;17;2;1217;34;0;0;0;0;0;0
50;2025-11-12;18;2;1218;36;0;0;0;0;0;0
50;2025-11-12;19;2;1219;38;0;0;0;0;0;0
50;2025-11-12;20;2;1220;40;0;0;0;0;0;0
50;2025-11-12;21;2;1221;42;0;0;0;0;0;0
50;2025-11-12;22;2;1222;44;0;0;0;0;0;0
50;2025-11-12;23;2;1223;46;0;0;0;0;0;0
50;2025-11-13;0;3;1200;0;1;0;0;0;0;0
50;2025-11-13;1;3;1201;2;1;0;0;0;0;0
50;2025-11-13;2;3;1202;4;1;0;0;0;0;0
50;2025-11-13;3;3;1203;6;1;0;0;0;0;0
50;2025-11-13;4;3;1204;8;1;0;0;0;0;0
50;2025-11-13;5;3;1205;10;1;0;0;0;0;0
50;2025-11-13;6;3;1206;12;0;0;0;0;0;0
50;2025-11-13;7;3;1207;14;0;0;0;0;0;0
50;2025-11-13;8;3;1208;16;0;0;0;0;0;0
50;2025-11-13;9;3;1209;18;0;0;0;0;0;0
50;2025-11-13;10;3;1210;20;0;0;0;0;0;0
50;2025-11-13;11;3;1211;22;0;0;0;0;0;0
50;2025-11-13;12;3;1212;24;0;0;0;0;0;0
50;2025-11-13;13;3;1213;26;0;0;0;0;0;0
50;2025-11-13;14;3;1214;28;0;0;0;0;0;0
50;2025-11-13;15;3;1215;30;0;0;0;0;0;0
50;2025-11-13;16;3;1216;32;0;0;0;0;0;0
50;2025-11-13;17;3;1217;34;0;0;0;0;0;0
50;2025-11-13;18;3;1218;36;0;0;0;0;0;0
50;2025-11-13;19;3;1219;38;0;0;0;0;0;0
50;2025-11-13;20;3;1220;40;0;0;0;0;0;0
50;2025-11-13;21;3;1221;42;0;0;0;0;0;0
50;2025-11-13;22;3;1222;44;0;0;0;0;0;0
50;2025-11-13;23;3;1223;46;0;0;0;0;0;0
50;2025-11-14;0;4;1200;0;1;0;0;0;0;0
50;2025-11-14;1;4;1201;2;1;0;0;0;0;0
50;2025-11-14;2;4;1202;4;1;0;0;0;0;0
50;2025-11-14;3;4;1203;6;1;0;0;0;0;0
50;2025-11-14;4;4;1204;8;1;0;0;0;0;0
50;2025-11-14;5;4;1205;10;1;0;0;0;0;0
50;2025-11-14;6;4;1206;12;0;0;0;0;0;0
50;2025-11-14;7;4;1207;14;0;0;0;0;0;0
50;2025-11-14;8;4;1208;16;0;0;0;0;0;0
50;2025-11-14;9;4;1209;18;0;0;0;0;0;0
50;2025-11-14;10;4;1210;20;0;0;0;0;0;0
50;2025-11-14;11;4;1211;22;0;0;0;0;0;0
50;2025-11-14;12;4;1212;24;0;0;0;0;0;0
50;2025-11-14;13;4;1213;26;0;0;0;0;0;0
50;2025-11-14;14;4;1214;28;0;0;0;0;0;0
50;2025-11-14;15;4;1215;30;0;0;0;0;0;0
50;2025-11-14;16;4;1216;32;0;0;0;0;0;0
50;2025-11-14;17;4;1217;34;0;0;0;0;0;0
50;2025-11-14;18;4;1218;36;0;0;0;0;0;0
50;2025-11-14;19;4;1219;38;0;0;0;0;0;0
50;2025-11-14;20;4;1220;40;0;0;0;0;0;0
50;2025-11-14;21;4;1221;42;0;0;0;0;0;0
50;2025-11-14;22;4;1222;44;0;0;0;0;0;0
50;2025-11-14;23;4;1223;46;0;0;0;0;0;0
50;2025-11-15;0;5;1200;1;1;1;0;0;0;0
50;2025-11-15;1;5;1201;3;1;1;0;0;0;0
50;2025-11-15;2;5;1202;5;1;1;0;0;0;0
50;2025-11-15;3;5;1203;7;1;1;0;0;0;0
50;2025-11-15;4;5;1204;9;1;1;0;0;0;0
50;2025-11-15;5;5;1205;11;1;1;0;0;0;0
50;2025-11-15;6;5;1206;13;0;1;0;0;0;0
50;2025-11-15;7;5;1207;15;0;1;0;0;0;0
50;2025-11-15;8;5;1208;17;0;1;0;0;0;0
50;2025-11-15;9;5;1209;19;0;1;0;0;0;0
50;2025-11-15;10;5;1210;21;0;1;0;0;0;0
50;2025-11-15;11;5;1211;23;0;1;0;0;0;0
50;2025-11-15;12;5;1212;25;0;1;0;0;0;0
50;2025-11-15;13;5;1213;27;0;1;0;0;0;0
50;2025-11-15;14;5;1214;29;0;1;0;0;0;0
50;2025-11-15;15;5;1215;31;0;1;0;0;0;0
50;2025-11-15;16;5;1216;33;0;1;0;0;0;0
50;2025-11-15;17;5;1217;35;0;1;0;0;0;0
50;2025-11-15;18;5;1218;37;0;1;0;0;0;0
50;2025-11-15;19;5;1219;39;0;1;0;0;0;0
50;2025-11-15;20;5;1220;41;0;1;0;0;0;0
50;2025-11-15;21;5;1221;43;0;1;0;0;0;0
50;2025-11-15;22;5;1222;45;0;1;0;0;0;0
50;2025-11-15;23;5;1223;47;0;1;0;0;0;0
50;2025-11-16;0;6;1200;1;1;1;0;0;0;0
50;2025-11-16;1;6;1201;3;1;1;0;0;0;0
50;2025-11-16;2;6;1202;5;1;1;0;0;0;0
50;2025-11-16;3;6;1203;7;1;1;0;0;0;0
50;2025-11-16;4;6;1204;9;1;1;0;0;0;0
50;2025-11-16;5;6;1205;11;1;1;0;0;0;0
50;2025-11-16;6;6;1206;13;0;1;0;0;0;0
50;2025-11-16;7;6;1207;15;0;1;0;0;0;0
50;2025-11-16;8;6;1208;17;0;1;0;0;0;0
50;2025-11-16;9;6;1209;19;0;1;0;0;0;0
50;2025-11-16;10;6;1210;21;0;1;0;0;0;0
50;2025-11-16;11;6;1211;23;0;1;0;0;0;0
50;2025-11-16;12;6;1212;25;0;1;0;0;0;0
50;2025-11-16;13;6;1213;27;0;1;0;0;0;0
50;2025-11-16;14;6;1214;29;0;1;0;0;0;0
50;2025-11-16;15;6;1215;31;0;1;0;0;0;0
50;2025-11-16;16;6;1216;33;0;1;0;0;0;0
50;2025-11-16;17;6;1217;35;0;1;0;0;0;0
50;2025-11-16;18;6;1218;37;0;1;0;0;0;0
50;2025-11-16;19;6;1219;39;0;1;0;0;0;0
50;2025-11-16;20;6;1220;41;0;1;0;0;0;0
50;2025-11-16;21;6;1221;43;0;1;0;0;0;0
50;2025-11-16;22;6;1222;45;0;1;0;0;0;0
50;2025-11-16;23;6;1223;47;0;1;0;0;0;0
50;2025-11-17;0;0;1200;0;1;0;0;0;0;0
50;2025-11-17;1;0;1201;2;1;0;0;0;0;0
50;2025-11-17;2;0;1202;4;1;0;0;0;0;0
50;2025-11-17;3;0;1203;6;1;0;0;0;0;0
50;2025-11-17;4;0;1204;8;1;0;0;0;0;0
50;2025-11-17;5;0;1205;10;1;0;0;0;0;0
50;2025-11-17;6;0;1206;12;0;0;0;0;0;0
50;2025-11-17;7;0;1207;14;0;0;0;0;0;0
50;2025-11-17;8;0;1208;16;0;0;0;0;0;0
50;2025-11-17;9;0;1209;18;0;0;0;0;0;0
50;2025-11-17;10;0;1210;20;0;0;0;0;0;0
50;2025-11-17;11;0;1211;22;0;0;0;0;0;0
50;2025-11-17;12;0;1212;24;0;0;0;0;0;0
50;2025-11-17;13;0;1213;26;0;0;0;0;0;0
50;2025-11-17;14;0;1214;28;0;0;0;0;0;0
50;2025-11-17;15;0;1215;30;0;0;0;0;0;0
50;2025-11-17;16;0;1216;32;0;0;0;0;0;0
50;2025-11-17;17;0;1217;34;0;0;0;0;0;0
50;2025-11-17;18;0;1218;36;0;0;0;0;0;0
50;2025-11-17;19;0;1219;38;0;0;0;0;0;0
50;2025-11-17;20;0;1220;40;0;0;0;0;0;0
50;2025-11-17;21;0;1221;42;0;0;0;0;0;0
50;2025-11-17;22;0;1222;44;0;0;0;0;0;0
50;2025-11-17;23;0;1223;46;0;0;0;0;0;0
50;2025-11-18;0;1;1200;0;1;0;0;0;0;0
50;2025-11-18;1;1;1201;2;1;0;0;0;0;0
50;2025-11-18;2;1;1202;4;1;0;0;0;0;0
50;2025-11-18;3;1;1203;6;1;0;0;0;0;0
50;2025-11-18;4;1;1204;8;1;0;0;0;0;0
50;2025-11-18;5;1;1205;10;1;0;0;0;0;0
50;2025-11-18;6;1;1206;12;0;0;0;0;0;0
50;2025-11-18;7;1;1207;14;0;0;0;0;0;0
50;2025-11-18;8;1;1208;16;0;0;0;0;0;0
50;2025-11-18;9;1;1209;18;0;0;0;0;0;0
50;2025-11-18;10;1;1210;20;0;0;0;0;0;0
50;2025-11-18;11;1;1211;22;0;0;0;0;0;0
50;2025-11-18;12;1;1212;24;0;0;0;0;0;0
50;2025-11-18;13;1;1213;26;0;0;0;0;0;0
50;2025-11-18;14;1;1214;28;0;0;0;0;0;0
50;2025-11-18;15;1;1215;30;0;0;0;0;0;0
50;2025-11-18;16;1;1216;32;0;0;0;0;0;0
50;2025-11-18;17;1;1217;34;0;0;0;0;0;0
50;2025-11-18;18;1;1218;36;0;0;0;0;0;0
50;2025-11-18;19;1;1219;38;0;0;0;0;0;0
50;2025-11-18;20;1;1220;40;0;0;0;0;0;0
50;2025-11-18;21;1;1221;42;0;0;0;0;0;0
50;2025-11-18;22;1;1222;44;0;0;0;0;0;0
50;2025-11-18;23;1;1223;46;0;0;0;0;0;0
50;2025-11-19;0;2;1200;0;1;0;0;0;0;0
50;2025-11-19;1;2;1201;2;1;0;0;0;0;0
50;2025-11-19;2;2;1202;4;1;0;0;0;0;0
50;2025-11-19;3;2;1203;6;1;0;0;0;0;0
50;2025-11-19;4;2;1204;8;1;0;0;0;0;0
50;2025-11-19;5;2;1205;10;1;0;0;0;0;0
50;2025-11-19;6;2;1206;12;0;0;0;0;0;0
50;2025-11-19;7;2;1207;14;0;0;0;0;0;0
50;2025-11-19;8;2;1208;16;0;0;0;0;0;0
50;2025-11-19;9;2;1209;18;0;0;0;0;0;0
50;2025-11-19;10;2;1210;20;0;0;0;0;0;0
50;2025-11-19;11;2;1211;22;0;0;0;0;0;0
50;2025-11-19;12;2;1212;24;0;0;0;0;0;0
50;2025-11-19;13;2;1213;26;0;0;0;0;0;0
50;2025-11-19;14;2;1214;28;0;0;0;0;0;0
50;2025-11-19;15;2;1215;30;0;0;0;0;0;0
50;2025-11-19;16;2;1216;32;0;0;0;0;0;0
50;2025-11-19;17;2;1217;34;0;0;0;0;0;0
50;2025-11-19;18;2;1218;36;0;0;0;0;0;0
50;2025-11-19;19;2;1219;38;0;0;0;0;0;0
50;2025-11-19;20;2;1220;40;0;0;0;0;0;0
50;2025-11-19;21;2;1221;42;0;0;0;0;0;0
50;2025-11-19;22;2;1222;44;0;0;0;0;0;0
50;2025-11-19;23;2;1223;46;0;0;0;0;0;0
50;2025-11-20;0;3;1200;0;1;0;0;0;0;0
50;2025-11-20;1;3;1201;2;1;0;0;0;0;0
50;2025-11-20;2;3;1202;4;1;0;0;0;0;0
50;2025-11-20;3;3;1203;6;1;0;0;0;0;0
50;2025-11-20;4;3;1204;8;1;0;0;0;0;0
50;2025-11-20;5;3;1205;10;1;0;0;0;0;0
50;2025-11-20;6;3;1206;12;0;0;0;0;0;0
50;2025-11-20;7;3;1207;14;0;0;0;0;0;0
50;2025-11-20;8;3;1208;16;0;0;0;0;0;0
50;2025-11-20;9;3;1209;18;0;0;0;0;0;0
50;2025-11-20;10;3;1210;20;0;0;0;0;0;0
50;2025-11-20;11;3;1211;22;0;0;0;0;0;0
50;2025-11-20;12;3;1212;24;0;0;0;0;0;0
50;2025-11-20;13;3;1213;26;0;0;0;0;0;0
50;2025-11-20;14;3;1214;28;0;0;0;0;0;0
50;2025-11-20;15;3;1215;30;0;0;0;0;0;0
50;2025-11-20;16;3;1216;32;0;0;0;0;0;0
50;2025-11-20;17;3;1217;34;0;0;0;0;0;0
50;2025-11-20;18;3;1218;36;0;0;0;0;0;0
50;2025-11-20;19;3;1219;38;0;0;0;0;0;0
50;2025-11-20;20;3;1220;40;0;0;0;0;0;0
50;2025-11-20;21;3;1221;42;0;0;0;0;0;0
50;2025-11-20;22;3;1222;44;0;0;0;0;0;0
50;2025-11-20;23;3;1223;46;0;0;0;0;0;0
50;2025-11-21;0;4;1200;0;1;0;0;0;0;0
50;2025-11-21;1;4;1201;2;1;0;0;0;0;0
50;2025-11-21;2;4;1202;4;1;0;0;0;0;0
50;2025-11-21;3;4;1203;6;1;0;0;0;0;0
50;2025-11-21;4;4;1204;8;1;0;0;0;0;0
50;2025-11-21;5;4;1205;10;1;0;0;0;0;0
50;2025-11-21;6;4;1206;12;0;0;0;0;0;0
50;2025-11-21;7;4;1207;14;0;0;0;0;0;0
50;2025-11-21;8;4;1208;16;0;0;0;0;0;0
50;2025-11-21;9;4;1209;18;0;0;0;0;0;0
50;2025-11-21;10;4;1210;20;0;0;0;0;0;0
50;2025-11-21;11;4;1211;22;0;0;0;0;0;0
50;2025-11-21;12;4;1212;24;0;0;0;0;0;0
50;2025-11-21;13;4;1213;26;0;0;0;0;0;0
50;2025-11-21;14;4;1214;28;0;0;0;0;0;0
50;2025-11-21;15;4;1215;30;0;0;0;0;0;0
50;2025-11-21;16;4;1216;32;0;0;0;0;0;0
50;2025-11-21;17;4;1217;34;0;0;0;0;0;0
50;2025-11-21;18;4;1218;36;0;0;0;0;0;0
50;2025-11-21;19;4;1219;38;0;0;0;0;0;0
50;2025-11-21;20;4;1220;40;0;0;0;0;0;0
50;2025-11-21;21;4;1221;42;0;0;0;0;0;0
50;2025-11-21;22;4;1222;44;0;0;0;0;0;0
50;2025-11-21;23;4;1223;46;0;0;0;0;0;0
50;2025-11-22;0;5;1200;1;1;1;0;0;0;0
50;2025-11-22;1;5;1201;3;1;1;0;0;0;0
50;2025-11-22;2;5;1202;5;1;1;0;0;0;0
50;2025-11-22;3;5;1203;7;1;1;0;0;0;0
50;2025-11-22;4;5;1204;9;1;1;0;0;0;0
50;2025-11-22;5;5;1205;11;1;1;0;0;0;0
50;2025-11-22;6;5;1206;13;0;1;0;0;0;0
50;2025-11-22;7;5;1207;15;0;1;0;0;0;0
50;2025-11-22;8;5;1208;17;0;1;0;0;0;0
50;2025-11-22;9;5;1209;19;0;1;0;0;0;0
50;2025-11-22;10;5;1210;21;0;1;0;0;0;0
50;2025-11-22;11;5;1211;23;0;1;0;0;0;0
50;2025-11-22;12;5;1212;25;0;1;0;0;0;0
50;2025-11-22;13;5;1213;27;0;1;0;0;0;0
50;2025-11-22;14;5;1214;29;0;1;0;0;0;0
50;2025-11-22;15;5;1215;31;0;1;0;0;0;0
50;2025-11-22;16;5;1216;33;0;1;0;0;0;0
50;2025-11-22;17;5;1217;35;0;1;0;0;0;0
50;2025-11-22;18;5;1218;37;0;1;0;0;0;0
50;2025-11-22;19;5;1219;39;0;1;0;0;0;0
50;2025-11-22;20;5;1220;41;0;1;0;0;0;0
50;2025-11-22;21;5;1221;43;0;1;0;0;0;0
50;2025-11-22;22;5;1222;45;0;1;0;0;0;0
50;2025-11-22;23;5;1223;47;0;1;0;0;0;0
50;2025-11-23;0;6;1200;1;1;1;0;0;0;0
50;2025-11-23;1;6;1201;3;1;1;0;0;0;0
50;2025-11-23;2;6;1202;5;1;1;0;0;0;0
50;2025-11-23;3;6;1203;7;1;1;0;0;0;0
50;2025-11-23;4;6;1204;9;1;1;0;0;0;0
50;2025-11-23;5;6;1205;11;1;1;0;0;0;0
50;2025-11-23;6;6;1206;13;0;1;0;0;0;0
50;2025-11-23;7;6;1207;15;0;1;0;0;0;0
50;2025-11-23;8;6;1208;17;0;1;0;0;0;0
50;2025-11-23;9;6;1209;19;0;1;0;0;0;0
50;2025-11-23;10;6;1210;21;0;1;0;0;0;0
50;2025-11-23;11;6;1211;23;0;1;0;0;0;0
50;2025-11-23;12;6;1212;25;0;1;0;0;0;0
50;2025-11-23;13;6;1213;27;0;1;0;0;0;0
50;2025-11-23;14;6;1214;29;0;1;0;0;0;0
50;2025-11-23;15;6;1215;31;0;1;0;0;0;0
50;2025-11-23;16;6;1216;33;0;1;0;0;0;0
50;2025-11-23;17;6;1217;35;0;1;0;0;0;0
50;2025-11-23;18;6;1218;37;0;1;0;0;0;0
50;2025-11-23;19;6;1219;39;0;1;0;0;0;0
50;2025-11-23;20;6;1220;41;0;1;0;0;0;0
50;2025-11-23;21;6;1221;43;0;1;0;0;0;0
50;2025-11-23;22;6;1222;45;0;1;0;0;0;0
50;2025-11-23;23;6;1223;47;0;1;0;0;0;0
50;2025-11-24;0;0;1200;0;1;0;0;0;0;0
50;2025-11-24;1;0;1201;2;1;0;0;0;0;0
50;2025-11-24;2;0;1202;4;1;0;0;0;0;0
50;2025-11-24;3;0;1203;6;1;0;0;0;0;0
50;2025-11-24;4;0;1204;8;1;0;0;0;0;0
50;2025-11-24;5;0;1205;10;1;0;0;0;0;0
50;2025-11-24;6;0;1206;12;0;0;0;0;0;0
50;2025-11-24;7;0;1207;14;0;0;0;0;0;0
50;2025-11-24;8;0;1208;16;0;0;0;0;0;0
50;2025-11-24;9;0;1209;18;0;0;0;0;0;0
50;2025-11-24;10;0;1210;20;0;0;0;0;0;0
50;2025-11-24;11;0;1211;22;0;0;0;0;0;0
50;2025-11-24;12;0;1212;24;0;0;0;0;0;0
50;2025-11-24;13;0;1213;26;0;0;0;0;0;0
50;2025-11-24;14;0;1214;28;0;0;0;0;0;0
50;2025-11-24;15;0;1215;30;0;0;0;0;0;0
50;2025-11-24;16;0;1216;32;0;0;0;0;0;0
50;2025-11-24;17;0;1217;34;0;0;0;0;0;0
50;2025-11-24;18;0;1218;36;0;0;0;0;0;0
50;2025-11-24;19;0;1219;38;0;0;0;0;0;0
50;2025-11-24;20;0;1220;40;0;0;0;0;0;0
50;2025-11-24;21;0;1221;42;0;0;0;0;0;0
50;2025-11-24;22;0;1222;44;0;0;0;0;0;0
50;2025-11-24;23;0;1223;46;0;0;0;0;0;0
50;2025-11-25;0;1;1200;0;1;0;0;0;0;0
50;2025-11-25;1;1;1201;2;1;0;0;0;0;0
50;2025-11-25;2;1;1202;4;1;0;0;0;0;0
50;2025-11-25;3;1;1203;6;1;0;0;0;0;0
50;2025-11-25;4;1;1204;8;1;0;0;0;0;0
50;2025-11-25;5;1;1205;10;1;0;0;0;0;0
50;2025-11-25;6;1;1206;12;0;0;0;0;0;0
50;2025-11-25;7;1;1207;14;0;0;0;0;0;0
50;2025-11-25;8;1;1208;16;0;0;0;0;0;0
50;2025-11-25;9;1;1209;18;0;0;0;0;0;0
50;2025-11-25;10;1;1210;20;0;0;0;0;0;0
50;2025-11-25;11;1;1211;22;0;0;0;0;0;0
50;2025-11-25;12;1;1212;24;0;0;0;0;0;0
50;2025-11-25;13;1;1213;26;0;0;0;0;0;0
50;2025-11-25;14;1;1214;28;0;0;0;0;0;0
50;2025-11-25;15;1;1215;30;0;0;0;0;0;0
50;2025-11-25;16;1;1216;32;0;0;0;0;0;0
50;2025-11-25;17;1;1217;34;0;0;0;0;0;0
50;2025-11-25;18;1;1218;36;0;0;0;0;0;0
50;2025-11-25;19;1;1219;38;0;0;0;0;0;0
50;2025-11-25;20;1;1220;40;0;0;0;0;0;0
50;2025-11-25;21;1;1221;42;0;0;0;0;0;0
50;2025-11-25;22;1;1222;44;0;0;0;0;0;0
50;2025-11-25;23;1;1223;46;0;0;0;0;0;0
50;2025-11-26;0;2;1200;0;1;0;0;0;0;0
50;2025-11-26;1;2;1201;2;1;0;0;0;0;0
50;2025-11-26;2;2;1202;4;1;0;0;0;0;0
50;2025-11-26;3;2;1203;6;1;0;0;0;0;0
50;2025-11-26;4;2;1204;8;1;0;0;0;0;0
50;2025-11-26;5;2;1205;10;1;0;0;0;0;0
50;2025-11-26;6;2;1206;12;0;0;0;0;0;0
50;2025-11-26;7;2;1207;14;0;0;0;0;0;0
50;2025-11-26;8;2;1208;16;0;0;0;0;0;0
50;2025-11-26;9;2;1209;18;0;0;0;0;0;0
50;2025-11-26;10;2;1210;20;0;0;0;0;0;0
50;2025-11-26;11;2;1211;22;0;0;0;0;0;0
50;2025-11-26;12;2;1212;24;0;0;0;0;0;0
50;2025-11-26;13;2;1213;26;0;0;0;0;0;0
50;2025-11-26;14;2;1214;28;0;0;0;0;0;0
50;2025-11-26;15;2;1215;30;0;0;0;0;0;0
50;2025-11-26;16;2;1216;32;0;0;0;0;0;0
50;2025-11-26;17;2;1217;34;0;0;0;0;0;0
50;2025-11-26;18;2;1218;36;0;0;0;0;0;0
50;2025-11-26;19;2;1219;38;0;0;0;0;0;0
50;2025-11-26;20;2;1220;40;0;0;0;0;0;0
50;2025-11-26;21;2;1221;42;0;0;0;0;0;0
50;2025-11-26;22;2;1222;44;0;0;0;0;0;0
50;2025-11-26;23;2;1223;46;0;0;0;0;0;0
50;2025-11-27;0;3;1200;0;1;0;0;0;0;0
50;2025-11-27;1;3;1201;2;1;0;0;0;0;0
50;2025-11-27;2;3;1202;4;1;0;0;0;0;0
50;2025-11-27;3;3;1203;6;1;0;0;0;0;0
50;2025-11-27;4;3;1204;8;1;0;0;0;0;0
50;2025-11-27;5;3;1205;10;1;0;0;0;0;0
50;2025-11-27;6;3;1206;12;0;0;0;0;0;0
50;2025-11-27;7;3;1207;14;0;0;0;0;0;0
50;2025-11-27;8;3;1208;16;0;0;0;0;0;0
50;2025-11-27;9;3;1209;18;0;0;0;0;0;0
50;2025-11-27;10;3;1210;20;0;0;0;0;0;0
50;2025-11-27;11;3;1211;22;0;0;0;0;0;0
50;2025-11-27;12;3;1212;24;0;0;0;0;0;0
50;2025-11-27;13;3;1213;26;0;0;0;0;0;0
50;2025-11-27;14;3;1214;28;0;0;0;0;0;0
50;2025-11-27;15;3;1215;30;0;0;0;0;0;0
50;2025-11-27;16;3;1216;32;0;0;0;0;0;0
50;2025-11-27;17;3;1217;34;0;0;0;0;0;0
50;2025-11-27;18;3;1218;36;0;0;0;0;0;0
50;2025-11-27;19;3;1219;38;0;0;0;0;0;0
50;2025-11-27;20;3;1220;40;0;0;0;0;0;0
50;2025-11-27;21;3;1221;42;0;0;0;0;0;0
50;2025-11-27;22;3;1222;44;0;0;0;0;0;0
50;2025-11-27;23;3;1223;46;0;0;0;0;0;0
50;2025-11-28;0;4;1200;0;1;0;0;0;0;0
50;2025-11-28;1;4;1201;2;1;0;0;0;0;0
50;2025-11-28;2;4;1202;4;1;0;0;0;0;0
50;2025-11-28;3;4;1203;6;1;0;0;0;0;0
50;2025-11-28;4;4;1204;8;1;0;0;0;0;0
50;2025-11-28;5;4;1205;10;1;0;0;0;0;0
50;2025-11-28;6;4;1206;12;0;0;0;0;0;0
50;2025-11-28;7;4;1207;14;0;0;0;0;0;0
50;2025-11-28;8;4;1208;16;0;0;0;0;0;0
50;2025-11-28;9;4;1209;18;0;0;0;0;0;0
50;2025-11-28;10;4;1210;20;0;0;0;0;0;0
50;2025-11-28;11;4;1211;22;0;0;0;0;0;0
50;2025-11-28;12;4;1212;24;0;0;0;0;0;0
50;2025-11-28;13;4;1213;26;0;0;0;0;0;0
50;2025-11-28;14;4;1214;28;0;0;0;0;0;0
50;2025-11-28;15;4;1215;30;0;0;0;0;0;0
50;2025-11-28;16;4;1216;32;0;0;0;0;0;0
50;2025-11-28;17;4;1217;34;0;0;0;0;0;0
50;2025-11-28;18;4;1218;36;0;0;0;0;0;0
50;2025-11-28;19;4;1219;38;0;0;0;0;0;0
50;2025-11-28;20;4;1220;40;0;0;0;0;0;0
50;2025-11-28;21;4;1221;42;0;0;0;0;0;0
50;2025-11-28;22;4;1222;44;0;0;0;0;0;0
50;2025-11-28;23;4;1223;46;0;0;0;0;0;0
50;2025-11-29;0;5;1200;1;1;1;0;0;0;0
50;2025-11-29;1;5;1201;3;1;1;0;0;0;0
50;2025-11-29;2;5;1202;5;1;1;0;0;0;0
50;2025-11-29;3;5;1203;7;1;1;0;0;0;0
50;2025-11-29;4;5;1204;9;1;1;0;0;0;0
50;2025-11-29;5;5;1205;11;1;1;0;0;0;0
50;2025-11-29;6;5;1206;13;0;1;0;0;0;0
50;2025-11-29;7;5;1207;15;0;1;0;0;0;0
50;2025-11-29;8;5;1208;17;0;1;0;0;0;0
50;2025-11-29;9;5;1209;19;0;1;0;0;0;0
50;2025-11-29;10;5;1210;21;0;1;0;0;0;0
50;2025-11-29;11;5;1211;23;0;1;0;0;0;0
50;2025-11-29;12;5;1212;25;0;1;0;0;0;0
50;2025-11-29;13;5;1213;27;0;1;0;0;0;0
50;2025-11-29;14;5;1214;29;0;1;0;0;0;0
50;2025-11-29;15;5;1215;31;0;1;0;0;0;0
50;2025-11-29;16;5;1216;33;0;1;0;0;0;0
50;2025-11-29;17;5;1217;35;0;1;0;0;0;0
50;2025-11-29;18;5;1218;37;0;1;0;0;0;0
50;2025-11-29;19;5;1219;39;0;1;0;0;0;0
50;2025-11-29;20;5;1220;41;0;1;0;0;0;0
50;2025-11-29;21;5;1221;43;0;1;0;0;0;0
50;2025-11-29;22;5;1222;45;0;1;0;0;0;0
50;2025-11-29;23;5;1223;47;0;1;0;0;0;0
50;2025-11-30;0;6;1200;1;1;1;0;0;0;0
50;2025-11-30;1;6;1201;3;1;1;0;0;0;0
50;2025-11-30;2;6;1202;5;1;1;0;0;0;0
50;2025-11-30;3;6;1203;7;1;1;0;0;0;0
50;2025-11-30;4;6;1204;9;1;1;0;0;0;0
50;2025-11-30;5;6;1205;11;1;1;0;0;0;0
50;2025-11-30;6;6;1206;13;0;1;0;0;0;0
50;2025-11-30;7;6;1207;15;0;1;0;0;0;0
50;2025-11-30;8;6;1208;17;0;1;0;0;0;0
50;2025-11-30;9;6;1209;19;0;1;0;0;0;0
50;2025-11-30;10;6;1210;21;0;1;0;0;0;0
50;2025-11-30;11;6;1211;23;0;1;0;0;0;0
50;2025-11-30;12;6;1212;25;0;1;0;0;0;0
50;2025-11-30;13;6;1213;27;0;1;0;0;0;0
50;2025-11-30;14;6;1214;29;0;1;0;0;0;0
50;2025-11-30;15;6;1215;31;0;1;0;0;0;0
50;2025-11-30;16;6;1216;33;0;1;0;0;0;0
50;2025-11-30;17;6;1217;35;0;1;0;0;0;0
50;2025-11-30;18;6;1218;37;0;1;0;0;0;0
50;2025-11-30;19;6;1219;39;0;1;0;0;0;0
50;2025-11-30;20;6;1220;41;0;1;0;0;0;0
50;2025-11-30;21;6;1221;43;0;1;0;0;0;0
50;2025-11-30;22;6;1222;45;0;1;0;0;0;0
50;2025-11-30;23;6;1223;47;0;1;0;0;0;0
50;2025-12-01;0;0;1200;0;1;0;0;0;0;0
50;2025-12-01;1;0;1201;2;1;0;0;0;0;0
50;2025-12-01;2;0;1202;4;1;0;0;0;0;0
50;2025-12-01;3;0;1203;6;1;0;0;0;0;0
50;2025-12-01;4;0;1204;8;1;0;0;0;0;0
50;2025-12-01;5;0;1205;10;1;0;0;0;0;0
50;2025-12-01;6;0;1206;12;0;0;0;0;0;0
50;2025-12-01;7;0;1207;14;0;0;0;0;0;0
50;2025-12-01;8;0;1208;16;0;0;0;0;0;0
50;2025-12-01;9;0;1209;18;0;0;0;0;0;0
50;2025-12-01;10;0;1210;20;0;0;0;0;0;0
50;2025-12-01;11;0;1211;22;0;0;0;0;0;0
50;2025-12-01;12;0;1212;24;0;0;0;0;0;0
50;2025-12-01;13;0;1213;26;0;0;0;0;0;0
50;2025-12-01;14;0;1214;28;0;0;0;0;0;0
50;2025-12-01;15;0;1215;30;0;0;0;0;0;0
50;2025-12-01;16;0;1216;32;0;0;0;0;0;0
50;2025-12-01;17;0;1217;34;0;0;0;0;0;0
50;2025-12-01;18;0;1218;36;0;0;0;0;0;0
50;2025-12-01;19;0;1219;38;0;0;0;0;0;0
50;2025-12-01;20;0;1220;40;0;0;0;0;0;0
50;2025-12-01;21;0;1221;42;0;0;0;0;0;0
50;2025-12-01;22;0;1222;44;0;0;0;0;0;0
50;2025-12-01;23;0;1223;46;0;0;0;0;0;0
50;2025-12-02;0;1;1200;0;1;0;0;0;0;0
50;2025-12-02;1;1;1201;2;1;0;0;0;0;0
50;2025-12-02;2;1;1202;4;1;0;0;0;0;0
50;2025-12-02;3;1;1203;6;1;0;0;0;0;0
50;2025-12-02;4;1;1204;8;1;0;0;0;0;0
50;2025-12-02;5;1;1205;10;1;0;0;0;0;0
50;2025-12-02;6;1;1206;12;0;0;0;0;0;0
50;2025-12-02;7;1;1207;14;0;0;0;0;0;0
50;2025-12-02;8;1;1208;16;0;0;0;0;0;0
50;2025-12-02;9;1;1209;18;0;0;0;0;0;0
50;2025-12-02;10;1;1210;20;0;0;0;0;0;0
50;2025-12-02;11;1;1211;22;0;0;0;0;0;0
50;2025-12-02;12;1;1212;24;0;0;0;0;0;0
50;2025-12-02;13;1;1213;26;0;0;0;0;0;0
50;2025-12-02;14;1;1214;28;0;0;0;0;0;0
50;2025-12-02;15;1;1215;30;0;0;0;0;0;0
50;2025-12-02;16;1;1216;32;0;0;0;0;0;0
50;2025-12-02;17;1;1217;34;0;0;0;0;0;0
50;2025-12-02;18;1;1218;36;0;0;0;0;0;0
50;2025-12-02;19;1;1219;38;0;0;0;0;0;0
50;2025-12-02;20;1;1220;40;0;0;0;0;0;0
50;2025-12-02;21;1;1221;42;0;0;0;0;0;0
50;2025-12-02;22;1;1222;44;0;0;0;0;0;0
50;2025-12-02;23;1;1223;46;0;0;0;0;0;0
50;2025-12-03;0;2;1200;0;1;0;0;0;0;0
50;2025-12-03;1;2;1201;2;1;0;0;0;0;0
50;2025-12-03;2;2;1202;4;1;0;0;0;0;0
50;2025-12-03;3;2;1203;6;1;0;0;0;0;0
50;2025-12-03;4;2;1204;8;1;0;0;0;0;0
50;2025-12-03;5;2;1205;10;1;0;0;0;0;0
50;2025-12-03;6;2;1206;12;0;0;0;0;0;0
50;2025-12-03;7;2;1207;14;0;0;0;0;0;0
50;2025-12-03;8;2;1208;16;0;0;0;0;0;0
50;2025-12-03;9;2;1209;18;0;0;0;0;0;0
50;2025-12-03;10;2;1210;20;0;0;0;0;0;0
50;2025-12-03;11;2;1211;22;0;0;0;0;0;0
50;2025-12-03;12;2;1212;24;0;0;0;0;0;0
50;2025-12-03;13;2;1213;26;0;0;0;0;0;0
50;2025-12-03;14;2;1214;28;0;0;0;0;0;0
50;2025-12-03;15;2;1215;30;0;0;0;0;0;0
50;2025-12-03;16;2;1216;32;0;0;0;0;0;0
50;2025-12-03;17;2;1217;34;0;0;0;0;0;0
50;2025-12-03;18;2;1218;36;0;0;0;0;0;0
50;2025-12-03;19;2;1219;38;0;0;0;0;0;0
50;2025-12-03;20;2;1220;40;0;0;0;0;0;0
50;2025-12-03;21;2;1221;42;0;0;0;0;0;0
50;2025-12-03;22;2;1222;44;0;0;0;0;0;0
50;2025-12-03;23;2;1223;46;0;0;0;0;0;0
50;2025-12-04;0;3;1200;0;1;0;0;0;0;0
50;2025-12-04;1;3;1201;2;1;0;0;0;0;0
50;2025-12-04;2;3;1202;4;1;0;0;0;0;0
50;2025-12-04;3;3;1203;6;1;0;0;0;0;0
50;2025-12-04;4;3;1204;8;1;0;0;0;0;0
50;2025-12-04;5;3;1205;10;1;0;0;0;0;0
50;2025-12-04;6;3;1206;12;0;0;0;0;0;0
50;2025-12-04;7;3;1207;14;0;0;0;0;0;0
50;2025-12-04;8;3;1208;16;0;0;0;0;0;0
50;2025-12-04;9;3;1209;18;0;0;0;0;0;0
50;2025-12-04;10;3;1210;20;0;0;0;0;0;0
50;2025-12-04;11;3;1211;22;0;0;0;0;0;0
50;2025-12-04;12;3;1212;24;0;0;0;0;0;0
50;2025-12-04;13;3;1213;26;0;0;0;0;0;0
50;2025-12-04;14;3;1214;28;0;0;0;0;0;0
50;2025-12-04;15;3;1215;30;0;0;0;0;0;0
50;2025-12-04;16;3;1216;32;0;0;0;0;0;0
50;2025-12-04;17;3;1217;34;0;0;0;0;0;0
50;2025-12-04;18;3;1218;36;0;0;0;0;0;0
50;2025-12-04;19;3;1219;38;0;0;0;0;0;0
50;2025-12-04;20;3;1220;40;0;0;0;0;0;0
50;2025-12-04;21;3;1221;42;0;0;0;0;0;0
50;2025-12-04;22;3;1222;44;0;0;0;0;0;0
50;2025-12-04;23;3;1223;46;0;0;0;0;0;0
50;2025-12-05;0;4;1200;0;1;0;0;0;0;0
50;2025-12-05;1;4;1201;2;1;0;0;0;0;0
50;2025-12-05;2;4;1202;4;1;0;0;0;0;0
50;2025-12-05;3;4;1203;6;1;0;0;0;0;0
50;2025-12-05;4;4;1204;8;1;0;0;0;0;0
50;2025-12-05;5;4;1205;10;1;0;0;0;0;0
50;2025-12-05;6;4;1206;12;0;0;0;0;0;0
50;2025-12-05;7;4;1207;14;0;0;0;0;0;0
50;2025-12-05;8;4;1208;16;0;0;0;0;0;0
50;2025-12-05;9;4;1209;18;0;0;0;0;0;0
50;2025-12-05;10;4;1210;20;0;0;0;0;0;0
50;2025-12-05;11;4;1211;22;0;0;0;0;0;0
50;2025-12-05;12;4;1212;24;0;0;0;0;0;0
50;2025-12-05;13;4;1213;26;0;0;0;0;0;0
50;2025-12-05;14;4;1214;28;0;0;0;0;0;0
50;2025-12-05;15;4;1215;30;0;0;0;0;0;0
50;2025-12-05;16;4;1216;32;0;0;0;0;0;0
50;2025-12-05;17;4;1217;34;0;0;0;0;0;0
50;2025-12-05;18;4;1218;36;0;0;0;0;0;0
50;2025-12-05;19;4;1219;38;0;0;0;0;0;0
50;2025-12-05;20;4;1220;40;0;0;0;0;0;0
50;2025-12-05;21;4;1221;42;0;0;0;0;0;0
50;2025-12-05;22;4;1222;44;0;0;0;0;0;0
50;2025-12-05;23;4;1223;46;0;0;0;0;0;0
50;2025-12-06;0;5;1200;1;1;1;0;0;0;0
50;2025-12-06;1;5;1201;3;1;1;0;0;0;0
50;2025-12-06;2;5;1202;5;1;1;0;0;0;0
50;2025-12-06;3;5;1203;7;1;1;0;0;0;0
50;2025-12-06;4;5;1204;9;1;1;0;0;0;0
50;2025-12-06;5;5;1205;11;1;1;0;0;0;0
50;2025-12-06;6;5;1206;13;0;1;0;0;0;0
50;2025-12-06;7;5;1207;15;0;1;0;0;0;0
50;2025-12-06;8;5;1208;17;0;1;0;0;0;0
50;2025-12-06;9;5;1209;19;0;1;0;0;0;0
50;2025-12-06;10;5;1210;21;0;1;0;0;0;0
50;2025-12-06;11;5;1211;23;0;1;0;0;0;0
50;2025-12-06;12;5;1212;25;0;1;0;0;0;0
50;2025-12-06;13;5;1213;27;0;1;0;0;0;0
50;2025-12-06;14;5;1214;29;0;1;0;0;0;0
50;2025-12-06;15;5;1215;31;0;1;0;0;0;0
50;2025-12-06;16;5;1216;33;0;1;0;0;0;0
50;2025-12-06;17;5;1217;35;0;1;0;0;0;0
50;2025-12-06;18;5;1218;37;0;1;0;0;0;0
50;2025-12-06;19;5;1219;39;0;1;0;0;0;0
50;2025-12-06;20;5;1220;41;0;1;0;0;0;0
50;2025-12-06;21;5;1221;43;0;1;0;0;0;0
50;2025-12-06;22;5;1222;45;0;1;0;0;0;0
50;2025-12-06;23;5;1223;47;0;1;0;0;0;0
50;2025-12-07;0;6;1200;1;1;1;0;0;0;0
50;2025-12-07;1;6;1201;3;1;1;0;0;0;0
50;2025-12-07;2;6;1202;5;1;1;0;0;0;0
50;2025-12-07;3;6;1203;7;1;1;0;0;0;0
50;2025-12-07;4;6;1204;9;1;1;0;0;0;0
50;2025-12-07;5;6;1205;11;1;1;0;0;0;0
50;2025-12-07;6;6;1206;13;0;1;0;0;0;0
50;2025-12-07;7;6;1207;15;0;1;0;0;0;0
50;2025-12-07;8;6;1208;17;0;1;0;0;0;0
50;2025-12-07;9;6;1209;19;0;1;0;0;0;0
50;2025-12-07;10;6;1210;21;0;1;0;0;0;0
50;2025-12-07;11;6;1211;23;0;1;0;0;0;0
50;2025-12-07;12;6;1212;25;0;1;0;0;0;0
50;2025-12-07;13;6;1213;27;0;1;0;0;0;0
50;2025-12-07;14;6;1214;29;0;1;0;0;0;0
50;2025-12-07;15;6;1215;31;0;1;0;0;0;0
50;2025-12-07;16;6;1216;33;0;1;0;0;0;0
50;2025-12-07;17;6;1217;35;0;1;0;0;0;0
50;2025-12-07;18;6;1218;37;0;1;0;0;0;0
50;2025-12-07;19;6;1219;39;0;1;0;0;0;0
50;2025-12-07;20;6;1220;41;0;1;0;0;0;0
50;2025-12-07;21;6;1221;43;0;1;0;0;0;0
50;2025-12-07;22;6;1222;45;0;1;0;0;0;0
50;2025-12-07;23;6;1223;47;0;1;0;0;0;0
50;2025-12-08;0;0;1200;0;1;0;0;0;0;0
50;2025-12-08;1;0;1201;2;1;0;0;0;0;0
50;2025-12-08;2;0;1202;4;1;0;0;0;0;0
50;2025-12-08;3;0;1203;6;1;0;0;0;0;0
50;2025-12-08;4;0;1204;8;1;0;0;0;0;0
50;2025-12-08;5;0;1205;10;1;0;0;0;0;0
50;2025-12-08;6;0;1206;12;0;0;0;0;0;0
50;2025-12-08;7;0;1207;14;0;0;0;0;0;0
50;2025-12-08;8;0;1208;16;0;0;0;0;0;0
50;2025-12-08;9;0;1209;18;0;0;0;0;0;0
50;2025-12-08;10;0;1210;20;0;0;0;0;0;0
50;2025-12-08;11;0;1211;22;0;0;0;0;0;0
50;2025-12-08;12;0;1212;24;0;0;0;0;0;0
50;2025-12-08;13;0;1213;26;0;0;0;0;0;0
50;2025-12-08;14;0;1214;28;0;0;0;0;0;0
50;2025-12-08;15;0;1215;30;0;0;0;0;0;0
50;2025-12-08;16;0;1216;32;0;0;0;0;0;0
50;2025-12-08;17;0;1217;34;0;0;0;0;0;0
50;2025-12-08;18;0;1218;36;0;0;0;0;0;0
50;2025-12-08;19;0;1219;38;0;0;0;0;0;0
50;2025-12-08;20;0;1220;40;0;0;0;0;0;0
50;2025-12-08;21;0;1221;42;0;0;0;0;0;0
50;2025-12-08;22;0;1222;44;0;0;0;0;0;0
50;2025-12-08;23;0;1223;46;0;0;0;0;0;0
50;2025-12-09;0;1;1200;0;1;0;0;0;0;0
50;2025-12-09;1;1;1201;2;1;0;0;0;0;0
50;2025-12-09;2;1;1202;4;1;0;0;0;0;0
50;2025-12-09;3;1;1203;6;1;0;0;0;0;0
50;2025-12-09;4;1;1204;8;1;0;0;0;0;0
50;2025-12-09;5;1;1205;10;1;0;0;0;0;0
50;2025-12-09;6;1;1206;12;0;0;0;0;0;0
50;2025-12-09;7;1;1207;14;0;0;0;0;0;0
50;2025-12-09;8;1;1208;16;0;0;0;0;0;0
50;2025-12-09;9;1;1209;18;0;0;0;0;0;0
50;2025-12-09;10;1;1210;20;0;0;0;0;0;0
50;2025-12-09;11;1;1211;22;0;0;0;0;0;0
50;2025-12-09;12;1;1212;24;0;0;0;0;0;0
50;2025-12-09;13;1;1213;26;0;0;0;0;0;0
50;2025-12-09;14;1;1214;28;0;0;0;0;0;0
50;2025-12-09;15;1;1215;30;0;0;0;0;0;0
50;2025-12-09;16;1;1216;32;0;0;0;0;0;0
50;2025-12-09;17;1;1217;34;0;0;0;0;0;0
50;2025-12-09;18;1;1218;36;0;0;0;0;0;0
50;2025-12-09;19;1;1219;38;0;0;0;0;0;0
50;2025-12-09;20;1;1220;40;0;0;0;0;0;0
50;2025-12-09;21;1;1221;42;0;0;0;0;0;0
50;2025-12-09;22;1;1222;44;0;0;0;0;0;0
50;2025-12-09;23;1;1223;46;0;0;0;0;0;0
50;2025-12-10;0;2;1200;0;1;0;0;0;0;0
50;2025-12-10;1;2;1201;2;1;0;0;0;0;0
50;2025-12-10;2;2;1202;4;1;0;0;0;0;0
50;2025-12-10;3;2;1203;6;1;0;0;0;0;0
50;2025-12-10;4;2;1204;8;1;0;0;0;0;0
50;2025-12-10;5;2;1205;10;1;0;0;0;0;0
50;2025-12-10;6;2;1206;12;0;0;0;0;0;0
50;2025-12-10;7;2;1207;14;0;0;0;0;0;0
50;2025-12-10;8;2;1208;16;0;0;0;0;0;0
50;2025-12-10;9;2;1209;18;0;0;0;0;0;0
50;2025-12-10;10;2;1210;20;0;0;0;0;0;0
50;2025-12-10;11;2;1211;22;0;0;0;0;0;0
50;2025-12-10;12;2;1212;24;0;0;0;0;0;0
50;2025-12-10;13;2;1213;26;0;0;0;0;0;0
50;2025-12-10;14;2;1214;28;0;0;0;0;0;0
50;2025-12-10;15;2;1215;30;0;0;0;0;0;0
50;2025-12-10;16;2;1216;32;0;0;0;0;0;0
50;2025-12-10;17;2;1217;34;0;0;0;0;0;0
50;2025-12-10;18;2;1218;36;0;0;0;0;0;0
50;2025-12-10;19;2;1219;38;0;0;0;0;0;0
50;2025-12-10;20;2;1220;40;0;0;0;0;0;0
50;2025-12-10;21;2;1221;42;0;0;0;0;0;0
50;2025-12-10;22;2;1222;44;0;0;0;0;0;0
50;2025-12-10;23;2;1223;46;0;0;0;0;0;0
50;2025-12-11;0;3;1200;0;1;0;0;0;0;0
50;2025-12-11;1;3;1201;2;1;0;0;0;0;0
50;2025-12-11;2;3;1202;4;1;0;0;0;0;0
50;2025-12-11;3;3;1203;6;1;0;0;0;0;0
50;2025-12-11;4;3;1204;8;1;0;0;0;0;0
50;2025-12-11;5;3;1205;10;1;0;0;0;0;0
50;2025-12-11;6;3;1206;12;0;0;0;0;0;0
50;2025-12-11;7;3;1207;14;0;0;0;0;0;0
50;2025-12-11;8;3;1208;16;0;0;0;0;0;0
50;2025-12-11;9;3;1209;18;0;0;0;0;0;0
50;2025-12-11;10;3;1210;20;0;0;0;0;0;0
50;2025-12-11;11;3;1211;22;0;0;0;0;0;0
50;2025-12-11;12;3;1212;24;0;0;0;0;0;0
50;2025-12-11;13;3;1213;26;0;0;0;0;0;0
50;2025-12-11;14;3;1214;28;0;0;0;0;0;0
50;2025-12-11;15;3;1215;30;0;0;0;0;0;0
50;2025-12-11;16;3;1216;32;0;0;0;0;0;0
50;2025-12-11;17;3;1217;34;0;0;0;0;0;0
50;2025-12-11;18;3;1218;36;0;0;0;0;0;0
50;2025-12-11;19;3;1219;38;0;0;0;0;0;0
50;2025-12-11;20;3;1220;40;0;0;0;0;0;0
50;2025-12-11;21;3;1221;42;0;0;0;0;0;0
50;2025-12-11;22;3;1222;44;0;0;0;0;0;0
50;2025-12-11;23;3;1223;46;0;0;0;0;0;0
50;2025-12-12;0;4;1200;0;1;0;0;0;0;0
50;2025-12-12;1;4;1201;2;1;0;0;0;0;0
50;2025-12-12;2;4;1202;4;1;0;0;0;0;0
50;2025-12-12;3;4;1203;6;1;0;0;0;0;0
50;2025-12-12;4;4;1204;8;1;0;0;0;0;0
50;2025-12-12;5;4;1205;10;1;0;0;0;0;0
50;2025-12-12;6;4;1206;12;0;0;0;0;0;0
50;2025-12-12;7;4;1207;14;0;0;0;0;0;0
50;2025-12-12;8;4;1208;16;0;0;0;0;0;0
50;2025-12-12;9;4;1209;18;0;0;0;0;0;0
50;2025-12-12;10;4;1210;20;0;0;0;0;0;0
50;2025-12-12;11;4;1211;22;0;0;0;0;0;0
50;2025-12-12;12;4;1212;24;0;0;0;0;0;0
50;2025-12-12;13;4;1213;26;0;0;0;0;0;0
50;2025-12-12;14;4;1214;28;0;0;0;0;0;0
50;2025-12-12;15;4;1215;30;0;0;0;0;0;0
50;2025-12-12;16;4;1216;32;0;0;0;0;0;0
50;2025-12-12;17;4;1217;34;0;0;0;0;0;0
50;2025-12-12;18;4;1218;36;0;0;0;0;0;0
50;2025-12-12;19;4;1219;38;0;0;0;0;0;0
50;2025-12-12;20;4;1220;40;0;0;0;0;0;0
50;2025-12-12;21;4;1221;42;0;0;0;0;0;0
50;2025-12-12;22;4;1222;44;0;0;0;0;0;0
50;2025-12-12;23;4;1223;46;0;0;0;0;0;0
50;2025-12-13;0;5;1200;1;1;1;0;0;0;0
50;2025-12-13;1;5;1201;3;1;1;0;0;0;0
50;2025-12-13;2;5;1202;5;1;1;0;0;0;0
50;2025-12-13;3;5;1203;7;1;1;0;0;0;0
50;2025-12-13;4;5;1204;9;1;1;0;0;0;0
50;2025-12-13;5;5;1205;11;1;1;0;0;0;0
50;2025-12-13;6;5;1206;13;0;1;0;0;0;0
50;2025-12-13;7;5;1207;15;0;1;0;0;0;0
50;2025-12-13;8;5;1208;17;0;1;0;0;0;0
50;2025-12-13;9;5;1209;19;0;1;0;0;0;0
50;2025-12-13;10;5;1210;21;0;1;0;0;0;0
50;2025-12-13;11;5;1211;23;0;1;0;0;0;0
50;2025-12-13;12;5;1212;25;0;1;0;0;0;0
50;2025-12-13;13;5;1213;27;0;1;0;0;0;0
50;2025-12-13;14;5;1214;29;0;1;0;0;0;0
50;2025-12-13;15;5;1215;31;0;1;0;0;0;0
50;2025-12-13;16;5;1216;33;0;1;0;0;0;0
50;2025-12-13;17;5;1217;35;0;1;0;0;0;0
50;2025-12-13;18;5;1218;37;0;1;0;0;0;0
50;2025-12-13;19;5;1219;39;0;1;0;0;0;0
50;2025-12-13;20;5;1220;41;0;1;0;0;0;0
50;2025-12-13;21;5;1221;43;0;1;0;0;0;0
50;2025-12-13;22;5;1222;45;0;1;0;0;0;0
50;2025-12-13;23;5;1223;47;0;1;0;0;0;0
50;2025-12-14;0;6;1200;1;1;1;0;0;0;0
50;2025-12-14;1;6;1201;3;1;1;0;0;0;0
50;2025-12-14;2;6;1202;5;1;1;0;0;0;0
50;2025-12-14;3;6;1203;7;1;1;0;0;0;0
50;2025-12-14;4;6;1204;9;1;1;0;0;0;0
50;2025-12-14;5;6;1205;11;1;1;0;0;0;0
50;2025-12-14;6;6;1206;13;0;1;0;0;0;0
50;2025-12-14;7;6;1207;15;0;1;0;0;0;0
50;2025-12-14;8;6;1208;17;0;1;0;0;0;0
50;2025-12-14;9;6;1209;19;0;1;0;0;0;0
50;2025-12-14;10;6;1210;21;0;1;0;0;0;0
50;2025-12-14;11;6;1211;23;0;1;0;0;0;0
50;2025-12-14;12;6;1212;25;0;1;0;0;0;0
50;2025-12-14;13;6;1213;27;0;1;0;0;0;0
50;2025-12-14;14;6;1214;29;0;1;0;0;0;0
50;2025-12-14;15;6;1215;31;0;1;0;0;0;0
50;2025-12-14;16;6;1216;33;0;1;0;0;0;0
50;2025-12-14;17;6;1217;35;0;1;0;0;0;0
50;2025-12-14;18;6;1218;37;0;1;0;0;0;0
50;2025-12-14;19;6;1219;39;0;1;0;0;0;0
50;2025-12-14;20;6;1220;41;0;1;0;0;0;0
50;2025-12-14;21;6;1221;43;0;1;0;0;0;0
50;2025-12-14;22;6;1222;45;0;1;0;0;0;0
50;2025-12-14;23;6;1223;47;0;1;0;0;0;0
50;2025-12-15;0;0;1200;0;1;0;0;0;0;0
50;2025-12-15;1;0;1201;2;1;0;0;0;0;0
50;2025-12-15;2;0;1202;4;1;0;0;0;0;0
50;2025-12-15;3;0;1203;6;1;0;0;0;0;0
50;2025-12-15;4;0;1204;8;1;0;0;0;0;0
50;2025-12-15;5;0;1205;10;1;0;0;0;0;0
50;2025-12-15;6;0;1206;12;0;0;0;0;0;0
50;2025-12-15;7;0;1207;14;0;0;0;0;0;0
50;2025-12-15;8;0;1208;16;0;0;0;0;0;0
50;2025-12-15;9;0;1209;18;0;0;0;0;0;0
50;2025-12-15;10;0;1210;20;0;0;0;0;0;0
50;2025-12-15;11;0;1211;22;0;0;0;0;0;0
50;2025-12-15;12;0;1212;24;0;0;0;0;0;0
50;2025-12-15;13;0;1213;26;0;0;0;0;0;0
50;2025-12-15;14;0;1214;28;0;0;0;0;0;0
50;2025-12-15;15;0;1215;30;0;0;0;0;0;0
50;2025-12-15;16;0;1216;32;0;0;0;0;0;0
50;2025-12-15;17;0;1217;34;0;0;0;0;0;0
50;2025-12-15;18;0;1218;36;0;0;0;0;0;0
50;2025-12-15;19;0;1219;38;0;0;0;0;0;0
50;2025-12-15;20;0;1220;40;0;0;0;0;0;0
50;2025-12-15;21;0;1221;42;0;0;0;0;0;0
50;2025-12-15;22;0;1222;44;0;0;0;0;0;0
50;2025-12-15;23;0;1223;46;0;0;0;0;0;0
50;2025-12-16;0;1;1200;0;1;0;0;0;0;0
50;2025-12-16;1;1;1201;2;1;0;0;0;0;0
50;2025-12-16;2;1;1202;4;1;0;0;0;0;0
50;2025-12-16;3;1;1203;6;1;0;0;0;0;0
50;2025-12-16;4;1;1204;8;1;0;0;0;0;0
50;2025-12-16;5;1;1205;10;1;0;0;0;0;0
50;2025-12-16;6;1;1206;12;0;0;0;0;0;0
50;2025-12-16;7;1;1207;14;0;0;0;0;0;0
50;2025-12-16;8;1;1208;16;0;0;0;0;0;0
50;2025-12-16;9;1;1209;18;0;0;0;0;0;0
50;2025-12-16;10;1;1210;20;0;0;0;0;0;0
50;2025-12-16;11;1;1211;22;0;0;0;0;0;0
50;2025-12-16;12;1;1212;24;0;0;0;0;0;0
50;2025-12-16;13;1;1213;26;0;0;0;0;0;0
50;2025-12-16;14;1;1214;28;0;0;0;0;0;0
50;2025-12-16;15;1;1215;30;0;0;0;0;0;0
50;2025-12-16;16;1;1216;32;0;0;0;0;0;0
50;2025-12-16;17;1;1217;34;0;0;0;0;0;0
50;2025-12-16;18;1;1218;36;0;0;0;0;0;0
50;2025-12-16;19;1;1219;38;0;0;0;0;0;0
50;2025-12-16;20;1;1220;40;0;0;0;0;0;0
50;2025-12-16;21;1;1221;42;0;0;0;0;0;0
50;2025-12-16;22;1;1222;44;0;0;0;0;0;0
50;2025-12-16;23;1;1223;46;0;0;0;0;0;0
50;2025-12-17;0;2;1200;0;1;0;0;0;0;0
50;2025-12-17;1;2;1201;2;1;0;0;0;0;0
50;2025-12-17;2;2;1202;4;1;0;0;0;0;0
50;2025-12-17;3;2;1203;6;1;0;0;0;0;0
50;2025-12-17;4;2;1204;8;1;0;0;0;0;0
50;2025-12-17;5;2;1205;10;1;0;0;0;0;0
50;2025-12-17;6;2;1206;12;0;0;0;0;0;0
50;2025-12-17;7;2;1207;14;0;0;0;0;0;0
50;2025-12-17;8;2;1208;16;0;0;0;0;0;0
50;2025-12-17;9;2;1209;18;0;0;0;0;0;0
50;2025-12-17;10;2;1210;20;0;0;0;0;0;0
50;2025-12-17;11;2;1211;22;0;0;0;0;0;0
50;2025-12-17;12;2;1212;24;0;0;0;0;0;0
50;2025-12-17;13;2;1213;26;0;0;0;0;0;0
50;2025-12-17;14;2;1214;28;0;0;0;0;0;0
50;2025-12-17;15;2;1215;30;0;0;0;0;0;0
50;2025-12-17;16;2;1216;32;0;0;0;0;0;0
50;2025-12-17;17;2;1217;34;0;0;0;0;0;0
50;2025-12-17;18;2;1218;36;0;0;0;0;0;0
50;2025-12-17;19;2;1219;38;0;0;0;0;0;0
50;2025-12-17;20;2;1220;40;0;0;0;0;0;0
50;2025-12-17;21;2;1221;42;0;0;0;0;0;0
50;2025-12-17;22;2;1222;44;0;0;0;0;0;0
50;2025-12-17;23;2;1223;46;0;0;0;0;0;0
50;2025-12-18;0;3;1200;0;1;0;0;0;0;0
50;2025-12-18;1;3;1201;2;1;0;0;0;0;0
50;2025-12-18;2;3;1202;4;1;0;0;0;0;0
50;2025-12-18;3;3;1203;6;1;0;0;0;0;0
50;2025-12-18;4;3;1204;8;1;0;0;0;0;0
50;2025-12-18;5;3;1205;10;1;0;0;0;0;0
50;2025-12-18;6;3;1206;12;0;0;0;0;0;0
50;2025-12-18;7;3;1207;14;0;0;0;0;0;0
50;2025-12-18;8;3;1208;16;0;0;0;0;0;0
50;2025-12-18;9;3;1209;18;0;0;0;0;0;0
50;2025-12-18;10;3;1210;20;0;0;0;0;0;0
50;2025-12-18;11;3;1211;22;0;0;0;0;0;0
50;2025-12-18;12;3;1212;24;0;0;0;0;0;0
50;2025-12-18;13;3;1213;26;0;0;0;0;0;0
50;2025-12-18;14;3;1214;28;0;0;0;0;0;0
50;2025-12-18;15;3;1215;30;0;0;0;0;0;0
50;2025-12-18;16;3;1216;32;0;0;0;0;0;0
50;2025-12-18;17;3;1217;34;0;0;0;0;0;0
50;2025-12-18;18;3;1218;36;0;0;0;0;0;0
50;2025-12-18;19;3;1219;38;0;0;0;0;0;0
50;2025-12-18;20;3;1220;40;0;0;0;0;0;0
50;2025-12-18;21;3;1221;42;0;0;0;0;0;0
50;2025-12-18;22;3;1222;44;0;0;0;0;0;0
50;2025-12-18;23;3;1223;46;0;0;0;0;0;0
50;2025-12-19;0;4;1200;0;1;0;0;0;0;0
50;2025-12-19;1;4;1201;2;1;0;0;0;0;0
50;2025-12-19;2;4;1202;4;1;0;0;0;0;0
50;2025-12-19;3;4;1203;6;1;0;0;0;0;0
50;2025-12-19;4;4;1204;8;1;0;0;0;0;0
50;2025-12-19;5;4;1205;10;1;0;0;0;0;0
50;2025-12-19;6;4;1206;12;0;0;0;0;0;0
50;2025-12-19;7;4;1207;14;0;0;0;0;0;0
50;2025-12-19;8;4;1208;16;0;0;0;0;0;0
50;2025-12-19;9;4;1209;18;0;0;0;0;0;0
50;2025-12-19;10;4;1210;20;0;0;0;0;0;0
50;2025-12-19;11;4;1211;22;0;0;0;0;0;0
50;2025-12-19;12;4;1212;24;0;0;0;0;0;0
50;2025-12-19;13;4;1213;26;0;0;0;0;0;0
50;2025-12-19;14;4;1214;28;0;0;0;0;0;0
50;2025-12-19;15;4;1215;30;0;0;0;0;0;0
50;2025-12-19;16;4;1216;32;0;0;0;0;0;0
50;2025-12-19;17;4;1217;34;0;0;0;0;0;0
50;2025-12-19;18;4;1218;36;0;0;0;0;0;0
50;2025-12-19;19;4;1219;38;0;0;0;0;0;0
50;2025-12-19;20;4;1220;40;0;0;0;0;0;0
50;2025-12-19;21;4;1221;42;0;0;0;0;0;0
50;2025-12-19;22;4;1222;44;0;0;0;0;0;0
50;2025-12-19;23;4;1223;46;0;0;0;0;0;0
50;2025-12-20;0;5;1200;1;1;1;0;0;0;0
50;2025-12-20;1;5;1201;3;1;1;0;0;0;0
50;2025-12-20;2;5;1202;5;1;1;0;0;0;0
50;2025-12-20;3;5;1203;7;1;1;0;0;0;0
50;2025-12-20;4;5;1204;9;1;1;0;0;0;0
50;2025-12-20;5;5;1205;11;1;1;0;0;0;0
50;2025-12-20;6;5;1206;13;0;1;0;0;0;0
50;2025-12-20;7;5;1207;15;0;1;0;0;0;0
50;2025-12-20;8;5;1208;17;0;1;0;0;0;0
50;2025-12-20;9;5;1209;19;0;1;0;0;0;0
50;2025-12-20;10;5;1210;21;0;1;0;0;0;0
50;2025-12-20;11;5;1211;23;0;1;0;0;0;0
50;2025-12-20;12;5;1212;25;0;1;0;0;0;0
50;2025-12-20;13;5;1213;27;0;1;0;0;0;0
50;2025-12-20;14;5;1214;29;0;1;0;0;0;0
50;2025-12-20;15;5;1215;31;0;1;0;0;0;0
50;2025-12-20;16;5;1216;33;0;1;0;0;0;0
50;2025-12-20;17;5;1217;35;0;1;0;0;0;0
50;2025-12-20;18;5;1218;37;0;1;0;0;0;0
50;2025-12-20;19;5;1219;39;0;1;0;0;0;0
50;2025-12-20;20;5;1220;41;0;1;0;0;0;0
50;2025-12-20;21;5;1221;43;0;1;0;0;0;0
50;2025-12-20;22;5;1222;45;0;1;0;0;0;0
50;2025-12-20;23;5;1223;47;0;1;0;0;0;0
50;2025-12-21;0;6;1200;1;1;1;0;0;0;0
50;2025-12-21;1;6;1201;3;1;1;0;0;0;0
50;2025-12-21;2;6;1202;5;1;1;0;0;0;0
50;2025-12-21;3;6;1203;7;1;1;0;0;0;0
50;2025-12-21;4;6;1204;9;1;1;0;0;0;0
50;2025-12-21;5;6;1205;11;1;1;0;0;0;0
50;2025-12-21;6;6;1206;13;0;1;0;0;0;0
50;2025-12-21;7;6;1207;15;0;1;0;0;0;0
50;2025-12-21;8;6;1208;17;0;1;0;0;0;0
50;2025-12-21;9;6;1209;19;0;1;0;0;0;0
50;2025-12-21;10;6;1210;21;0;1;0;0;0;0
50;2025-12-21;11;6;1211;23;0;1;0;0;0;0
50;2025-12-21;12;6;1212;25;0;1;0;0;0;0
50;2025-12-21;13;6;1213;27;0;1;0;0;0;0
50;2025-12-21;14;6;1214;29;0;1;0;0;0;0
50;2025-12-21;15;6;1215;31;0;1;0;0;0;0
50;2025-12-21;16;6;1216;33;0;1;0;0;0;0
50;2025-12-21;17;6;1217;35;0;1;0;0;0;0
50;2025-12-21;18;6;1218;37;0;1;0;0;0;0
50;2025-12-21;19;6;1219;39;0;1;0;0;0;0
50;2025-12-21;20;6;1220;41;0;1;0;0;0;0
50;2025-12-21;21;6;1221;43;0;1;0;0;0;0
50;2025-12-21;22;6;1222;45;0;1;0;0;0;0
50;2025-12-21;23;6;1223;47;0;1;0;0;0;0
50;2025-12-22;0;0;1200;0;1;0;0;0;0;0
50;2025-12-22;1;0;1201;2;1;0;0;0;0;0
50;2025-12-22;2;0;1202;4;1;0;0;0;0;0
50;2025-12-22;3;0;1203;6;1;0;0;0;0;0
50;2025-12-22;4;0;1204;8;1;0;0;0;0;0
50;2025-12-22;5;0;1205;10;1;0;0;0;0;0
50;2025-12-22;6;0;1206;12;0;0;0;0;0;0
50;2025-12-22;7;0;1207;14;0;0;0;0;0;0
50;2025-12-22;8;0;1208;16;0;0;0;0;0;0
50;2025-12-22;9;0;1209;18;0;0;0;0;0;0
50;2025-12-22;10;0;1210;20;0;0;0;0;0;0
50;2025-12-22;11;0;1211;22;0;0;0;0;0;0
50;2025-12-22;12;0;1212;24;0;0;0;0;0;0
50;2025-12-22;13;0;1213;26;0;0;0;0;0;0
50;2025-12-22;14;0;1214;28;0;0;0;0;0;0
50;2025-12-22;15;0;1215;30;0;0;0;0;0;0
50;2025-12-22;16;0;1216;32;0;0;0;0;0;0
50;2025-12-22;17;0;1217;34;0;0;0;0;0;0
50;2025-12-22;18;0;1218;36;0;0;0;0;0;0
50;2025-12-22;19;0;1219;38;0;0;0;0;0;0
50;2025-12-22;20;0;1220;40;0;0;0;0;0;0
50;2025-12-22;21;0;1221;42;0;0;0;0;0;0
50;2025-12-22;22;0;1222;44;0;0;0;0;0;0
50;2025-12-22;23;0;1223;46;0;0;0;0;0;0
50;2025-12-23;0;1;1200;0;1;0;0;0;0;0
50;2025-12-23;1;1;1201;2;1;0;0;0;0;0
50;2025-12-23;2;1;1202;4;1;0;0;0;0;0
50;2025-12-23;3;1;1203;6;1;0;0;0;0;0
50;2025-12-23;4;1;1204;8;1;0;0;0;0;0
50;2025-12-23;5;1;1205;10;1;0;0;0;0;0
50;2025-12-23;6;1;1206;12;0;0;0;0;0;0
50;2025-12-23;7;1;1207;14;0;0;0;0;0;0
50;2025-12-23;8;1;1208;16;0;0;0;0;0;0
50;2025-12-23;9;1;1209;18;0;0;0;0;0;0
50;2025-12-23;10;1;1210;20;0;0;0;0;0;0
50;2025-12-23;11;1;1211;22;0;0;0;0;0;0
50;2025-12-23;12;1;1212;24;0;0;0;0;0;0
50;2025-12-23;13;1;1213;26;0;0;0;0;0;0
50;2025-12-23;14;1;1214;28;0;0;0;0;0;0
50;2025-12-23;15;1;1215;30;0;0;0;0;0;0
50;2025-12-23;16;1;1216;32;0;0;0;0;0;0
50;2025-12-23;17;1;1217;34;0;0;0;0;0;0
50;2025-12-23;18;1;1218;36;0;0;0;0;0;0
50;2025-12-23;19;1;1219;38;0;0;0;0;0;0
50;2025-12-23;20;1;1220;40;0;0;0;0;0;0
50;2025-12-23;21;1;1221;42;0;0;0;0;0;0
50;2025-12-23;22;1;1222;44;0;0;0;0;0;0
50;2025-12-23;23;1;1223;46;0;0;0;0;0;0
50;2025-12-24;0;2;1200;0;1;0;0;0;0;0
50;2025-12-24;1;2;1201;2;1;0;0;0;0;0
50;2025-12-24;2;2;1202;4;1;0;0;0;0;0
50;2025-12-24;3;2;1203;6;1;0;0;0;0;0
50;2025-12-24;4;2;1204;8;1;0;0;0;0;0
50;2025-12-24;5;2;1205;10;1;0;0;0;0;0
50;2025-12-24;6;2;1206;12;0;0;0;0;0;0
50;2025-12-24;7;2;1207;14;0;0;0;0;0;0
50;2025-12-24;8;2;1208;16;0;0;0;0;0;0
50;2025-12-24;9;2;1209;18;0;0;0;0;0;0
50;2025-12-24;10;2;1210;20;0;0;0;0;0;0
50;2025-12-24;11;2;1211;22;0;0;0;0;0;0
50;2025-12-24;12;2;1212;24;0;0;0;0;0;0
50;2025-12-24;13;2;1213;26;0;0;0;0;0;0
50;2025-12-24;14;2;1214;28;0;0;0;0;0;0
50;2025-12-24;15;2;1215;30;0;0;0;0;0;0
50;2025-12-24;16;2;1216;32;0;0;0;0;0;0
50;2025-12-24;17;2;1217;34;0;0;0;0;0;0
50;2025-12-24;18;2;1218;36;0;0;0;0;0;0
50;2025-12-24;19;2;1219;38;0;0;0;0;0;0
50;2025-12-24;20;2;1220;40;0;0;0;0;0;0
50;2025-12-24;21;2;1221;42;0;0;0;0;0;0
50;2025-12-24;22;2;1222;44;0;0;0;0;0;0
50;2025-12-24;23;2;1223;46;0;0;0;0;0;0
50;2025-12-25;0;3;1200;0;1;0;0;0;0;0
50;2025-12-25;1;3;1201;2;1;0;0;0;0;0
50;2025-12-25;2;3;1202;4;1;0;0;0;0;0
50;2025-12-25;3;3;1203;6;1;0;0;0;0;0
50;2025-12-25;4;3;1204;8;1;0;0;0;0;0
50;2025-12-25;5;3;1205;10;1;0;0;0;0;0
50;2025-12-25;6;3;1206;12;0;0;0;0;0;0
50;2025-12-25;7;3;1207;14;0;0;0;0;0;0
50;2025-12-25;8;3;1208;16;0;0;0;0;0;0
50;2025-12-25;9;3;1209;18;0;0;0;0;0;0
50;2025-12-25;10;3;1210;20;0;0;0;0;0;0
50;2025-12-25;11;3;1211;22;0;0;0;0;0;0
50;2025-12-25;12;3;1212;24;0;0;0;0;0;0
50;2025-12-25;13;3;1213;26;0;0;0;0;0;0
50;2025-12-25;14;3;1214;28;0;0;0;0;0;0
50;2025-12-25;15;3;1215;30;0;0;0;0;0;0
50;2025-12-25;16;3;1216;32;0;0;0;0;0;0
50;2025-12-25;17;3;1217;34;0;0;0;0;0;0
50;2025-12-25;18;3;1218;36;0;0;0;0;0;0
50;2025-12-25;19;3;1219;38;0;0;0;0;0;0
50;2025-12-25;20;3;1220;40;0;0;0;0;0;0
50;2025-12-25;21;3;1221;42;0;0;0;0;0;0
50;2025-12-25;22;3;1222;44;0;0;0;0;0;0
50;2025-12-25;23;3;1223;46;0;0;0;0;0;0
50;2025-12-26;0;4;1200;0;1;0;0;0;0;0
50;2025-12-26;1;4;1201;2;1;0;0;0;0;0
50;2025-12-26;2;4;1202;4;1;0;0;0;0;0
50;2025-12-26;3;4;1203;6;1;0;0;0;0;0
50;2025-12-26;4;4;1204;8;1;0;0;0;0;0
50;2025-12-26;5;4;1205;10;1;0;0;0;0;0
50;2025-12-26;6;4;1206;12;0;0;0;0;0;0
50;2025-12-26;7;4;1207;14;0;0;0;0;0;0
50;2025-12-26;8;4;1208;16;0;0;0;0;0;0
50;2025-12-26;9;4;1209;18;0;0;0;0;0;0
50;2025-12-26;10;4;1210;20;0;0;0;0;0;0
50;2025-12-26;11;4;1211;22;0;0;0;0;0;0
50;2025-12-26;12;4;1212;24;0;0;0;0;0;0
50;2025-12-26;13;4;1213;26;0;0;0;0;0;0
50;2025-12-26;14;4;1214;28;0;0;0;0;0;0
50;2025-12-26;15;4;1215;30;0;0;0;0;0;0
50;2025-12-26;16;4;1216;32;0;0;0;0;0;0
50;2025-12-26;17;4;1217;34;0;0;0;0;0;0
50;2025-12-26;18;4;1218;36;0;0;0;0;0;0
50;2025-12-26;19;4;1219;38;0;0;0;0;0;0
50;2025-12-26;20;4;1220;40;0;0;0;0;0;0
50;2025-12-26;21;4;1221;42;0;0;0;0;0;0
50;2025-12-26;22;4;1222;44;0;0;0;0;0;0
50;2025-12-26;23;4;1223;46;0;0;0;0;0;0
50;2025-12-27;0;5;1200;1;1;1;0;0;0;0
50;2025-12-27;1;5;1201;3;1;1;0;0;0;0
50;2025-12-27;2;5;1202;5;1;1;0;0;0;0
50;2025-12-27;3;5;1203;7;1;1;0;0;0;0
50;2025-12-27;4;5;1204;9;1;1;0;0;0;0
50;2025-12-27;5;5;1205;11;1;1;0;0;0;0
50;2025-12-27;6;5;1206;13;0;1;0;0;0;0
50;2025-12-27;7;5;1207;15;0;1;0;0;0;0
50;2025-12-27;8;5;1208;17;0;1;0;0;0;0
50;2025-12-27;9;5;1209;19;0;1;0;0;0;0
50;2025-12-27;10;5;1210;21;0;1;0;0;0;0
50;2025-12-27;11;5;1211;23;0;1;0;0;0;0
50;2025-12-27;12;5;1212;25;0;1;0;0;0;0
50;2025-12-27;13;5;1213;27;0;1;0;0;0;0
50;2025-12-27;14;5;1214;29;0;1;0;0;0;0
50;2025-12-27;15;5;1215;31;0;1;0;0;0;0
50;2025-12-27;16;5;1216;33;0;1;0;0;0;0
50;2025-12-27;17;5;1217;35;0;1;0;0;0;0
50;2025-12-27;18;5;1218;37;0;1;0;0;0;0
50;2025-12-27;19;5;1219;39;0;1;0;0;0;0
50;2025-12-27;20;5;1220;41;0;1;0;0;0;0
50;2025-12-27;21;5;1221;43;0;1;0;0;0;0
50;2025-12-27;22;5;1222;45;0;1;0;0;0;0
50;2025-12-27;23;5;1223;47;0;1;0;0;0;0
50;2025-12-28;0;6;1200;1;1;1;0;0;0;0
50;2025-12-28;1;6;1201;3;1;1;0;0;0;0
50;2025-12-28;2;6;1202;5;1;1;0;0;0;0
50;2025-12-28;3;6;1203;7;1;1;0;0;0;0
50;2025-12-28;4;6;1204;9;1;1;0;0;0;0
50;2025-12-28;5;6;1205;11;1;1;0;0;0;0
50;2025-12-28;6;6;1206;13;0;1;0;0;0;0
50;2025-12-28;7;6;1207;15;0;1;0;0;0;0
50;2025-12-28;8;6;1208;17;0;1;0;0;0;0
50;2025-12-28;9;6;1209;19;0;1;0;0;0;0
50;2025-12-28;10;6;1210;21;0;1;0;0;0;0
50;2025-12-28;11;6;1211;23;0;1;0;0;0;0
50;2025-12-28;12;6;1212;25;0;1;0;0;0;0
50;2025-12-28;13;6;1213;27;0;1;0;0;0;0
50;2025-12-28;14;6;1214;29;0;1;0;0;0;0
50;2025-12-28;15;6;1215;31;0;1;0;0;0;0
50;2025-12-28;16;6;1216;33;0;1;0;0;0;0
50;2025-12-28;17;6;1217;35;0;1;0;0;0;0
50;2025-12-28;18;6;1218;37;0;1;0;0;0;0
50;2025-12-28;19;6;1219;39;0;1;0;0;0;0
50;2025-12-28;20;6;1220;41;0;1;0;0;0;0
50;2025-12-28;21;6;1221;43;0;1;0;0;0;0
50;2025-12-28;22;6;1222;45;0;1;0;0;0;0
50;2025-12-28;23;6;1223;47;0;1;0;0;0;0
50;2025-12-29;0;0;1200;0;1;0;0;0;0;0
50;2025-12-29;1;0;1201;2;1;0;0;0;0;0
50;2025-12-29;2;0;1202;4;1;0;0;0;0;0
50;2025-12-29;3;0;1203;6;1;0;0;0;0;0
50;2025-12-29;4;0;1204;8;1;0;0;0;0;0
50;2025-12-29;5;0;1205;10;1;0;0;0;0;0
50;2025-12-29;6;0;1206;12;0;0;0;0;0;0
50;2025-12-29;7;0;1207;14;0;0;0;0;0;0
50;2025-12-29;8;0;1208;16;0;0;0;0;0;0
50;2025-12-29;9;0;1209;18;0;0;0;0;0;0
50;2025-12-29;10;0;1210;20;0;0;0;0;0;0
50;2025-12-29;11;0;1211;22;0;0;0;0;0;0
50;2025-12-29;12;0;1212;24;0;0;0;0;0;0
50;2025-12-29;13;0;1213;26;0;0;0;0;0;0
50;2025-12-29;14;0;1214;28;0;0;0;0;0;0
50;2025-12-29;15;0;1215;30;0;0;0;0;0;0
50;2025-12-29;16;0;1216;32;0;0;0;0;0;0
50;2025-12-29;17;0;1217;34;0;0;0;0;0;0
50;2025-12-29;18;0;1218;36;0;0;0;0;0;0
50;2025-12-29;19;0;1219;38;0;0;0;0;0;0
50;2025-12-29;20;0;1220;40;0;0;0;0;0;0
50;2025-12-29;21;0;1221;42;0;0;0;0;0;0
50;2025-12-29;22;0;1222;44;0;0;0;0;0;0
50;2025-12-29;23;0;1223;46;0;0;0;0;0;0
50;2025-12-30;0;1;1200;0;1;0;0;0;0;0
50;2025-12-30;1;1;1201;2;1;0;0;0;0;0
50;2025-12-30;2;1;1202;4;1;0;0;0;0;0
50;2025-12-30;3;1;1203;6;1;0;0;0;0;0
50;2025-12-30;4;1;1204;8;1;0;0;0;0;0
50;2025-12-30;5;1;1205;10;1;0;0;0;0;0
50;2025-12-30;6;1;1206;12;0;0;0;0;0;0
50;2025-12-30;7;1;1207;14;0;0;0;0;0;0
50;2025-12-30;8;1;1208;16;0;0;0;0;0;0
50;2025-12-30;9;1;1209;18;0;0;0;0;0;0
50;2025-12-30;10;1;1210;20;0;0;0;0;0;0
50;2025-12-30;11;1;1211;22;0;0;0;0;0;0
50;2025-12-30;12;1;1212;24;0;0;0;0;0;0
50;2025-12-30;13;1;1213;26;0;0;0;0;0;0
50;2025-12-30;14;1;1214;28;0;0;0;0;0;0
50;2025-12-30;15;1;1215;30;0;0;0;0;0;0
50;2025-12-30;16;1;1216;32;0;0;0;0;0;0
50;2025-12-30;17;1;1217;34;0;0;0;0;0;0
50;2025-12-30;18;1;1218;36;0;0;0;0;0;0
50;2025-12-30;19;1;1219;38;0;0;0;0;0;0
50;2025-12-30;20;1;1220;40;0;0;0;0;0;0
50;2025-12-30;21;1;1221;42;0;0;0;0;0;0
50;2025-12-30;22;1;1222;44;0;0;0;0;0;0
50;2025-12-30;23;1;1223;46;0;0;0;0;0;0
50;2025-12-31;0;2;1200;0;1;1;0;1;0;0
50;2025-12-31;1;2;1201;2;1;1;0;1;0;0
50;2025-12-31;2;2;1202;4;1;1;0;1;0;0
50;2025-12-31;3;2;1203;6;1;1;0;1;0;0
50;2025-12-31;4;2;1204;8;1;1;0;1;0;0
50;2025-12-31;5;2;1205;10;1;1;0;1;0;0
50;2025-12-31;6;2;1206;12;0;1;0;1;0;0
50;2025-12-31;7;2;1207;14;0;1;0;1;0;0
50;2025-12-31;8;2;1208;16;0;1;0;1;0;0
50;2025-12-31;9;2;1209;18;0;1;0;1;0;0
50;2025-12-31;10;2;1210;20;0;1;0;1;0;0
50;2025-12-31;11;2;1211;22;0;1;0;1;0;0
50;2025-12-31;12;2;1212;24;0;1;0;1;0;0
50;2025-12-31;13;2;1213;26;0;1;0;1;0;0
50;2025-12-31;14;2;1214;28;0;1;0;1;0;0
50;2025-12-31;15;2;1215;30;0;1;0;1;0;0
50;2025-12-31;16;2;1216;32;0;1;0;1;0;0
50;2025-12-31;17;2;1217;34;0;1;0;1;0;0
50;2025-12-31;18;2;1218;36;0;1;0;1;0;0
50;2025-12-31;19;2;1219;38;0;1;0;1;0;0
50;2025-12-31;20;2;1220;40;0;1;0;1;0;0
50;2025-12-31;21;2;1221;42;0;1;0;1;0;0
50;2025-12-31;22;2;1222;44;0;1;0;1;0;0
50;2025-12-31;23;2;1223;46;0;1;0;1;0;0
