route;date;hour;prediction
1;2025-11-01;0;5
1;2025-11-01;1;0
1;2025-11-01;2;0
1;2025-11-01;3;0
1;2025-11-01;4;3
1;2025-11-01;5;38
1;2025-11-01;6;170
1;2025-11-01;7;349
1;2025-11-01;8;495
1;2025-11-01;9;702
1;2025-11-01;10;838
1;2025-11-01;11;771
1;2025-11-01;12;947
1;2025-11-01;13;1015
1;2025-11-01;14;960
1;2025-11-01;15;836
1;2025-11-01;16;774
1;2025-11-01;17;733
1;2025-11-01;18;630
1;2025-11-01;19;563
1;2025-11-01;20;447
1;2025-11-01;21;330
1;2025-11-01;22;154
1;2025-11-01;23;38
1;2025-11-02;0;1
1;2025-11-02;1;0
1;2025-11-02;2;0
1;2025-11-02;3;0
1;2025-11-02;4;0
1;2025-11-02;5;28
1;2025-11-02;6;119
1;2025-11-02;7;255
1;2025-11-02;8;375
1;2025-11-02;9;598
1;2025-11-02;10;678
1;2025-11-02;11;661
1;2025-11-02;12;880
1;2025-11-02;13;875
1;2025-11-02;14;825
1;2025-11-02;15;763
1;2025-11-02;16;717
1;2025-11-02;17;648
1;2025-11-02;18;562
1;2025-11-02;19;480
1;2025-11-02;20;371
1;2025-11-02;21;271
1;2025-11-02;22;123
1;2025-11-02;23;29
1;2025-11-03;0;0
1;2025-11-03;1;0
1;2025-11-03;2;0
1;2025-11-03;3;0
1;2025-11-03;4;9
1;2025-11-03;5;126
1;2025-11-03;6;512
1;2025-11-03;7;1425
1;2025-11-03;8;1865
1;2025-11-03;9;1444
1;2025-11-03;10;1294
1;2025-11-03;11;1361
1;2025-11-03;12;1368
1;2025-11-03;13;1408
1;2025-11-03;14;1335
1;2025-11-03;15;1508
1;2025-11-03;16;1530
1;2025-11-03;17;1743
1;2025-11-03;18;1734
1;2025-11-03;19;1361
1;2025-11-03;20;871
1;2025-11-03;21;481
1;2025-11-03;22;215
1;2025-11-03;23;33
1;2025-11-04;0;3
1;2025-11-04;1;0
1;2025-11-04;2;0
1;2025-11-04;3;0
1;2025-11-04;4;8
1;2025-11-04;5;130
1;2025-11-04;6;531
1;2025-11-04;7;1452
1;2025-11-04;8;1920
1;2025-11-04;9;1495
1;2025-11-04;10;1331
1;2025-11-04;11;1386
1;2025-11-04;12;1394
1;2025-11-04;13;1447
1;2025-11-04;14;1376
1;2025-11-04;15;1540
1;2025-11-04;16;1541
1;2025-11-04;17;1769
1;2025-11-04;18;1785
1;2025-11-04;19;1418
1;2025-11-04;20;901
1;2025-11-04;21;501
1;2025-11-04;22;236
1;2025-11-04;23;42
1;2025-11-05;0;3
1;2025-11-05;1;0
1;2025-11-05;2;0
1;2025-11-05;3;0
1;2025-11-05;4;8
1;2025-11-05;5;136
1;2025-11-05;6;531
1;2025-11-05;7;1452
1;2025-11-05;8;1920
1;2025-11-05;9;1494
1;2025-11-05;10;1331
1;2025-11-05;11;1386
1;2025-11-05;12;1394
1;2025-11-05;13;1446
1;2025-11-05;14;1376
1;2025-11-05;15;1539
1;2025-11-05;16;1539
1;2025-11-05;17;1769
1;2025-11-05;18;1785
1;2025-11-05;19;1418
1;2025-11-05;20;901
1;2025-11-05;21;504
1;2025-11-05;22;251
1;2025-11-05;23;42
1;2025-11-06;0;4
1;2025-11-06;1;0
1;2025-11-06;2;0
1;2025-11-06;3;0
1;2025-11-06;4;8
1;2025-11-06;5;134
1;2025-11-06;6;531
1;2025-11-06;7;1444
1;2025-11-06;8;1912
1;2025-11-06;9;1487
1;2025-11-06;10;1331
1;2025-11-06;11;1378
1;2025-11-06;12;1386
1;2025-11-06;13;1438
1;2025-11-06;14;1369
1;2025-11-06;15;1532
1;2025-11-06;16;1531
1;2025-11-06;17;1758
1;2025-11-06;18;1777
1;2025-11-06;19;1411
1;2025-11-06;20;893
1;2025-11-06;21;504
1;2025-11-06;22;251
1;2025-11-06;23;44
1;2025-11-07;0;5
1;2025-11-07;1;0
1;2025-11-07;2;0
1;2025-11-07;3;0
1;2025-11-07;4;8
1;2025-11-07;5;135
1;2025-11-07;6;521
1;2025-11-07;7;1420
1;2025-11-07;8;1880
1;2025-11-07;9;1446
1;2025-11-07;10;1298
1;2025-11-07;11;1363
1;2025-11-07;12;1367
1;2025-11-07;13;1406
1;2025-11-07;14;1338
1;2025-11-07;15;1531
1;2025-11-07;16;1549
1;2025-11-07;17;1738
1;2025-11-07;18;1669
1;2025-11-07;19;1323
1;2025-11-07;20;843
1;2025-11-07;21;491
1;2025-11-07;22;250
1;2025-11-07;23;45
1;2025-11-08;0;5
1;2025-11-08;1;0
1;2025-11-08;2;0
1;2025-11-08;3;0
1;2025-11-08;4;3
1;2025-11-08;5;38
1;2025-11-08;6;170
1;2025-11-08;7;349
1;2025-11-08;8;495
1;2025-11-08;9;702
1;2025-11-08;10;838
1;2025-11-08;11;771
1;2025-11-08;12;947
1;2025-11-08;13;1015
1;2025-11-08;14;960
1;2025-11-08;15;836
1;2025-11-08;16;774
1;2025-11-08;17;733
1;2025-11-08;18;630
1;2025-11-08;19;563
1;2025-11-08;20;447
1;2025-11-08;21;330
1;2025-11-08;22;154
1;2025-11-08;23;38
1;2025-11-09;0;1
1;2025-11-09;1;0
1;2025-11-09;2;0
1;2025-11-09;3;0
1;2025-11-09;4;0
1;2025-11-09;5;28
1;2025-11-09;6;119
1;2025-11-09;7;255
1;2025-11-09;8;375
1;2025-11-09;9;598
1;2025-11-09;10;678
1;2025-11-09;11;661
1;2025-11-09;12;880
1;2025-11-09;13;875
1;2025-11-09;14;825
1;2025-11-09;15;763
1;2025-11-09;16;717
1;2025-11-09;17;648
1;2025-11-09;18;562
1;2025-11-09;19;480
1;2025-11-09;20;371
1;2025-11-09;21;271
1;2025-11-09;22;123
1;2025-11-09;23;29
1;2025-11-10;0;0
1;2025-11-10;1;0
1;2025-11-10;2;0
1;2025-11-10;3;0
1;2025-11-10;4;9
1;2025-11-10;5;126
1;2025-11-10;6;512
1;2025-11-10;7;1425
1;2025-11-10;8;1865
1;2025-11-10;9;1444
1;2025-11-10;10;1294
1;2025-11-10;11;1361
1;2025-11-10;12;1368
1;2025-11-10;13;1408
1;2025-11-10;14;1335
1;2025-11-10;15;1508
1;2025-11-10;16;1530
1;2025-11-10;17;1743
1;2025-11-10;18;1734
1;2025-11-10;19;1361
1;2025-11-10;20;871
1;2025-11-10;21;481
1;2025-11-10;22;215
1;2025-11-10;23;33
1;2025-11-11;0;3
1;2025-11-11;1;0
1;2025-11-11;2;0
1;2025-11-11;3;0
1;2025-11-11;4;8
1;2025-11-11;5;130
1;2025-11-11;6;531
1;2025-11-11;7;1452
1;2025-11-11;8;1920
1;2025-11-11;9;1495
1;2025-11-11;10;1331
1;2025-11-11;11;1386
1;2025-11-11;12;1394
1;2025-11-11;13;1447
1;2025-11-11;14;1376
1;2025-11-11;15;1540
1;2025-11-11;16;1541
1;2025-11-11;17;1769
1;2025-11-11;18;1785
1;2025-11-11;19;1418
1;2025-11-11;20;901
1;2025-11-11;21;501
1;2025-11-11;22;236
1;2025-11-11;23;42
1;2025-11-12;0;3
1;2025-11-12;1;0
1;2025-11-12;2;0
1;2025-11-12;3;0
1;2025-11-12;4;8
1;2025-11-12;5;136
1;2025-11-12;6;531
1;2025-11-12;7;1452
1;2025-11-12;8;1920
1;2025-11-12;9;1494
1;2025-11-12;10;1331
1;2025-11-12;11;1386
1;2025-11-12;12;1394
1;2025-11-12;13;1446
1;2025-11-12;14;1376
1;2025-11-12;15;1539
1;2025-11-12;16;1539
1;2025-11-12;17;1769
1;2025-11-12;18;1785
1;2025-11-12;19;1418
1;2025-11-12;20;901
1;2025-11-12;21;504
1;2025-11-12;22;251
1;2025-11-12;23;42
1;2025-11-13;0;4
1;2025-11-13;1;0
1;2025-11-13;2;0
1;2025-11-13;3;0
1;2025-11-13;4;8
1;2025-11-13;5;134
1;2025-11-13;6;531
1;2025-11-13;7;1444
1;2025-11-13;8;1912
1;2025-11-13;9;1487
1;2025-11-13;10;1331
1;2025-11-13;11;1378
1;2025-11-13;12;1386
1;2025-11-13;13;1438
1;2025-11-13;14;1369
1;2025-11-13;15;1532
1;2025-11-13;16;1531
1;2025-11-13;17;1758
1;2025-11-13;18;1777
1;2025-11-13;19;1411
1;2025-11-13;20;893
1;2025-11-13;21;504
1;2025-11-13;22;251
1;2025-11-13;23;44
1;2025-11-14;0;5
1;2025-11-14;1;0
1;2025-11-14;2;0
1;2025-11-14;3;0
1;2025-11-14;4;8
1;2025-11-14;5;135
1;2025-11-14;6;521
1;2025-11-14;7;1420
1;2025-11-14;8;1880
1;2025-11-14;9;1446
1;2025-11-14;10;1298
1;2025-11-14;11;1363
1;2025-11-14;12;1367
1;2025-11-14;13;1406
1;2025-11-14;14;1338
1;2025-11-14;15;1531
1;2025-11-14;16;1549
1;2025-11-14;17;1738
1;2025-11-14;18;1669
1;2025-11-14;19;1323
1;2025-11-14;20;843
1;2025-11-14;21;491
1;2025-11-14;22;250
1;2025-11-14;23;45
1;2025-11-15;0;5
1;2025-11-15;1;0
1;2025-11-15;2;0
1;2025-11-15;3;0
1;2025-11-15;4;3
1;2025-11-15;5;38
1;2025-11-15;6;170
1;2025-11-15;7;349
1;2025-11-15;8;495
1;2025-11-15;9;702
1;2025-11-15;10;838
1;2025-11-15;11;771
1;2025-11-15;12;947
1;2025-11-15;13;1015
1;2025-11-15;14;960
1;2025-11-15;15;836
1;2025-11-15;16;774
1;2025-11-15;17;733
1;2025-11-15;18;630
1;2025-11-15;19;563
1;2025-11-15;20;447
1;2025-11-15;21;330
1;2025-11-15;22;154
1;2025-11-15;23;38
1;2025-11-16;0;1
1;2025-11-16;1;0
1;2025-11-16;2;0
1;2025-11-16;3;0
1;2025-11-16;4;0
1;2025-11-16;5;28
1;2025-11-16;6;119
1;2025-11-16;7;255
1;2025-11-16;8;375
1;2025-11-16;9;598
1;2025-11-16;10;678
1;2025-11-16;11;661
1;2025-11-16;12;880
1;2025-11-16;13;875
1;2025-11-16;14;825
1;2025-11-16;15;763
1;2025-11-16;16;717
1;2025-11-16;17;648
1;2025-11-16;18;562
1;2025-11-16;19;480
1;2025-11-16;20;371
1;2025-11-16;21;271
1;2025-11-16;22;123
1;2025-11-16;23;29
1;2025-11-17;0;0
1;2025-11-17;1;0
1;2025-11-17;2;0
1;2025-11-17;3;0
1;2025-11-17;4;9
1;2025-11-17;5;126
1;2025-11-17;6;512
1;2025-11-17;7;1425
1;2025-11-17;8;1865
1;2025-11-17;9;1444
1;2025-11-17;10;1294
1;2025-11-17;11;1361
1;2025-11-17;12;1368
1;2025-11-17;13;1408
1;2025-11-17;14;1335
1;2025-11-17;15;1508
1;2025-11-17;16;1530
1;2025-11-17;17;1743
1;2025-11-17;18;1734
1;2025-11-17;19;1361
1;2025-11-17;20;871
1;2025-11-17;21;481
1;2025-11-17;22;215
1;2025-11-17;23;33
1;2025-11-18;0;3
1;2025-11-18;1;0
1;2025-11-18;2;0
1;2025-11-18;3;0
1;2025-11-18;4;8
1;2025-11-18;5;130
1;2025-11-18;6;531
1;2025-11-18;7;1452
1;2025-11-18;8;1920
1;2025-11-18;9;1495
1;2025-11-18;10;1331
1;2025-11-18;11;1386
1;2025-11-18;12;1394
1;2025-11-18;13;1447
1;2025-11-18;14;1376
1;2025-11-18;15;1540
1;2025-11-18;16;1541
1;2025-11-18;17;1769
1;2025-11-18;18;1785
1;2025-11-18;19;1418
1;2025-11-18;20;901
1;2025-11-18;21;501
1;2025-11-18;22;236
1;2025-11-18;23;42
1;2025-11-19;0;3
1;2025-11-19;1;0
1;2025-11-19;2;0
1;2025-11-19;3;0
1;2025-11-19;4;8
1;2025-11-19;5;136
1;2025-11-19;6;531
1;2025-11-19;7;1452
1;2025-11-19;8;1920
1;2025-11-19;9;1494
1;2025-11-19;10;1331
1;2025-11-19;11;1386
1;2025-11-19;12;1394
1;2025-11-19;13;1446
1;2025-11-19;14;1376
1;2025-11-19;15;1539
1;2025-11-19;16;1539
1;2025-11-19;17;1769
1;2025-11-19;18;1785
1;2025-11-19;19;1418
1;2025-11-19;20;901
1;2025-11-19;21;504
1;2025-11-19;22;251
1;2025-11-19;23;42
1;2025-11-20;0;4
1;2025-11-20;1;0
1;2025-11-20;2;0
1;2025-11-20;3;0
1;2025-11-20;4;8
1;2025-11-20;5;134
1;2025-11-20;6;531
1;2025-11-20;7;1444
1;2025-11-20;8;1912
1;2025-11-20;9;1487
1;2025-11-20;10;1331
1;2025-11-20;11;1378
1;2025-11-20;12;1386
1;2025-11-20;13;1438
1;2025-11-20;14;1369
1;2025-11-20;15;1532
1;2025-11-20;16;1531
1;2025-11-20;17;1758
1;2025-11-20;18;1777
1;2025-11-20;19;1411
1;2025-11-20;20;893
1;2025-11-20;21;504
1;2025-11-20;22;251
1;2025-11-20;23;44
1;2025-11-21;0;5
1;2025-11-21;1;0
1;2025-11-21;2;0
1;2025-11-21;3;0
1;2025-11-21;4;8
1;2025-11-21;5;135
1;2025-11-21;6;521
1;2025-11-21;7;1420
1;2025-11-21;8;1880
1;2025-11-21;9;1446
1;2025-11-21;10;1298
1;2025-11-21;11;1363
1;2025-11-21;12;1367
1;2025-11-21;13;1406
1;2025-11-21;14;1338
1;2025-11-21;15;1531
1;2025-11-21;16;1549
1;2025-11-21;17;1738
1;2025-11-21;18;1669
1;2025-11-21;19;1323
1;2025-11-21;20;843
1;2025-11-21;21;491
1;2025-11-21;22;250
1;2025-11-21;23;45
1;2025-11-22;0;5
1;2025-11-22;1;0
1;2025-11-22;2;0
1;2025-11-22;3;0
1;2025-11-22;4;3
1;2025-11-22;5;38
1;2025-11-22;6;170
1;2025-11-22;7;349
1;2025-11-22;8;495
1;2025-11-22;9;702
1;2025-11-22;10;838
1;2025-11-22;11;771
1;2025-11-22;12;947
1;2025-11-22;13;1015
1;2025-11-22;14;960
1;2025-11-22;15;836
1;2025-11-22;16;774
1;2025-11-22;17;733
1;2025-11-22;18;630
1;2025-11-22;19;563
1;2025-11-22;20;447
1;2025-11-22;21;330
1;2025-11-22;22;154
1;2025-11-22;23;38
1;2025-11-23;0;1
1;2025-11-23;1;0
1;2025-11-23;2;0
1;2025-11-23;3;0
1;2025-11-23;4;0
1;2025-11-23;5;28
1;2025-11-23;6;119
1;2025-11-23;7;255
1;2025-11-23;8;375
1;2025-11-23;9;598
1;2025-11-23;10;678
1;2025-11-23;11;661
1;2025-11-23;12;880
1;2025-11-23;13;875
1;2025-11-23;14;825
1;2025-11-23;15;763
1;2025-11-23;16;717
1;2025-11-23;17;648
1;2025-11-23;18;562
1;2025-11-23;19;480
1;2025-11-23;20;371
1;2025-11-23;21;271
1;2025-11-23;22;123
1;2025-11-23;23;29
1;2025-11-24;0;0
1;2025-11-24;1;0
1;2025-11-24;2;0
1;2025-11-24;3;0
1;2025-11-24;4;9
1;2025-11-24;5;126
1;2025-11-24;6;512
1;2025-11-24;7;1425
1;2025-11-24;8;1865
1;2025-11-24;9;1444
1;2025-11-24;10;1294
1;2025-11-24;11;1361
1;2025-11-24;12;1368
1;2025-11-24;13;1408
1;2025-11-24;14;1335
1;2025-11-24;15;1508
1;2025-11-24;16;1530
1;2025-11-24;17;1743
1;2025-11-24;18;1734
1;2025-11-24;19;1361
1;2025-11-24;20;871
1;2025-11-24;21;481
1;2025-11-24;22;215
1;2025-11-24;23;33
1;2025-11-25;0;3
1;2025-11-25;1;0
1;2025-11-25;2;0
1;2025-11-25;3;0
1;2025-11-25;4;8
1;2025-11-25;5;130
1;2025-11-25;6;531
1;2025-11-25;7;1452
1;2025-11-25;8;1920
1;2025-11-25;9;1495
1;2025-11-25;10;1331
1;2025-11-25;11;1386
1;2025-11-25;12;1394
1;2025-11-25;13;1447
1;2025-11-25;14;1376
1;2025-11-25;15;1540
1;2025-11-25;16;1541
1;2025-11-25;17;1769
1;2025-11-25;18;1785
1;2025-11-25;19;1418
1;2025-11-25;20;901
1;2025-11-25;21;501
1;2025-11-25;22;236
1;2025-11-25;23;42
1;2025-11-26;0;3
1;2025-11-26;1;0
1;2025-11-26;2;0
1;2025-11-26;3;0
1;2025-11-26;4;8
1;2025-11-26;5;136
1;2025-11-26;6;531
1;2025-11-26;7;1452
1;2025-11-26;8;1920
1;2025-11-26;9;1494
1;2025-11-26;10;1331
1;2025-11-26;11;1386
1;2025-11-26;12;1394
1;2025-11-26;13;1446
1;2025-11-26;14;1376
1;2025-11-26;15;1539
1;2025-11-26;16;1539
1;2025-11-26;17;1769
1;2025-11-26;18;1785
1;2025-11-26;19;1418
1;2025-11-26;20;901
1;2025-11-26;21;504
1;2025-11-26;22;251
1;2025-11-26;23;42
1;2025-11-27;0;4
1;2025-11-27;1;0
1;2025-11-27;2;0
1;2025-11-27;3;0
1;2025-11-27;4;8
1;2025-11-27;5;134
1;2025-11-27;6;531
1;2025-11-27;7;1444
1;2025-11-27;8;1912
1;2025-11-27;9;1487
1;2025-11-27;10;1331
1;2025-11-27;11;1378
1;2025-11-27;12;1386
1;2025-11-27;13;1438
1;2025-11-27;14;1369
1;2025-11-27;15;1532
1;2025-11-27;16;1531
1;2025-11-27;17;1758
1;2025-11-27;18;1777
1;2025-11-27;19;1411
1;2025-11-27;20;893
1;2025-11-27;21;504
1;2025-11-27;22;251
1;2025-11-27;23;44
1;2025-11-28;0;5
1;2025-11-28;1;0
1;2025-11-28;2;0
1;2025-11-28;3;0
1;2025-11-28;4;8
1;2025-11-28;5;135
1;2025-11-28;6;521
1;2025-11-28;7;1420
1;2025-11-28;8;1880
1;2025-11-28;9;1446
1;2025-11-28;10;1298
1;2025-11-28;11;1363
1;2025-11-28;12;1367
1;2025-11-28;13;1406
1;2025-11-28;14;1338
1;2025-11-28;15;1531
1;2025-11-28;16;1549
1;2025-11-28;17;1738
1;2025-11-28;18;1669
1;2025-11-28;19;1323
1;2025-11-28;20;843
1;2025-11-28;21;491
1;2025-11-28;22;250
1;2025-11-28;23;45
1;2025-11-29;0;5
1;2025-11-29;1;0
1;2025-11-29;2;0
1;2025-11-29;3;0
1;2025-11-29;4;3
1;2025-11-29;5;38
1;2025-11-29;6;170
1;2025-11-29;7;349
1;2025-11-29;8;495
1;2025-11-29;9;702
1;2025-11-29;10;838
1;2025-11-29;11;771
1;2025-11-29;12;947
1;2025-11-29;13;1015
1;2025-11-29;14;960
1;2025-11-29;15;836
1;2025-11-29;16;774
1;2025-11-29;17;733
1;2025-11-29;18;630
1;2025-11-29;19;563
1;2025-11-29;20;447
1;2025-11-29;21;330
1;2025-11-29;22;154
1;2025-11-29;23;38
1;2025-11-30;0;1
1;2025-11-30;1;0
1;2025-11-30;2;0
1;2025-11-30;3;0
1;2025-11-30;4;0
1;2025-11-30;5;28
1;2025-11-30;6;119
1;2025-11-30;7;255
1;2025-11-30;8;375
1;2025-11-30;9;598
1;2025-11-30;10;678
1;2025-11-30;11;661
1;2025-11-30;12;880
1;2025-11-30;13;875
1;2025-11-30;14;825
1;2025-11-30;15;763
1;2025-11-30;16;717
1;2025-11-30;17;648
1;2025-11-30;18;562
1;2025-11-30;19;480
1;2025-11-30;20;371
1;2025-11-30;21;271
1;2025-11-30;22;123
1;2025-11-30;23;29
1;2025-12-01;0;0
1;2025-12-01;1;0
1;2025-12-01;2;0
1;2025-12-01;3;0
1;2025-12-01;4;7
1;2025-12-01;5;126
1;2025-12-01;6;516
1;2025-12-01;7;1378
1;2025-12-01;8;1767
1;2025-12-01;9;1347
1;2025-12-01;10;1234
1;2025-12-01;11;1286
1;2025-12-01;12;1327
1;2025-12-01;13;1317
1;2025-12-01;14;1286
1;2025-12-01;15;1421
1;2025-12-01;16;1433
1;2025-12-01;17;1682
1;2025-12-01;18;1701
1;2025-12-01;19;1278
1;2025-12-01;20;817
1;2025-12-01;21;436
1;2025-12-01;22;212
1;2025-12-01;23;43
1;2025-12-02;0;3
1;2025-12-02;1;0
1;2025-12-02;2;0
1;2025-12-02;3;0
1;2025-12-02;4;6
1;2025-12-02;5;128
1;2025-12-02;6;533
1;2025-12-02;7;1405
1;2025-12-02;8;1822
1;2025-12-02;9;1397
1;2025-12-02;10;1271
1;2025-12-02;11;1311
1;2025-12-02;12;1353
1;2025-12-02;13;1356
1;2025-12-02;14;1328
1;2025-12-02;15;1453
1;2025-12-02;16;1444
1;2025-12-02;17;1707
1;2025-12-02;18;1752
1;2025-12-02;19;1335
1;2025-12-02;20;846
1;2025-12-02;21;454
1;2025-12-02;22;230
1;2025-12-02;23;52
1;2025-12-03;0;4
1;2025-12-03;1;0
1;2025-12-03;2;0
1;2025-12-03;3;0
1;2025-12-03;4;6
1;2025-12-03;5;131
1;2025-12-03;6;534
1;2025-12-03;7;1405
1;2025-12-03;8;1822
1;2025-12-03;9;1397
1;2025-12-03;10;1271
1;2025-12-03;11;1311
1;2025-12-03;12;1353
1;2025-12-03;13;1355
1;2025-12-03;14;1328
1;2025-12-03;15;1452
1;2025-12-03;16;1442
1;2025-12-03;17;1707
1;2025-12-03;18;1752
1;2025-12-03;19;1335
1;2025-12-03;20;846
1;2025-12-03;21;457
1;2025-12-03;22;245
1;2025-12-03;23;52
1;2025-12-04;0;4
1;2025-12-04;1;0
1;2025-12-04;2;0
1;2025-12-04;3;0
1;2025-12-04;4;6
1;2025-12-04;5;131
1;2025-12-04;6;533
1;2025-12-04;7;1405
1;2025-12-04;8;1822
1;2025-12-04;9;1397
1;2025-12-04;10;1271
1;2025-12-04;11;1311
1;2025-12-04;12;1352
1;2025-12-04;13;1354
1;2025-12-04;14;1328
1;2025-12-04;15;1452
1;2025-12-04;16;1442
1;2025-12-04;17;1704
1;2025-12-04;18;1752
1;2025-12-04;19;1335
1;2025-12-04;20;846
1;2025-12-04;21;457
1;2025-12-04;22;245
1;2025-12-04;23;53
1;2025-12-05;0;5
1;2025-12-05;1;0
1;2025-12-05;2;0
1;2025-12-05;3;0
1;2025-12-05;4;6
1;2025-12-05;5;130
1;2025-12-05;6;524
1;2025-12-05;7;1380
1;2025-12-05;8;1789
1;2025-12-05;9;1356
1;2025-12-05;10;1238
1;2025-12-05;11;1295
1;2025-12-05;12;1333
1;2025-12-05;13;1323
1;2025-12-05;14;1297
1;2025-12-05;15;1451
1;2025-12-05;16;1460
1;2025-12-05;17;1684
1;2025-12-05;18;1643
1;2025-12-05;19;1247
1;2025-12-05;20;796
1;2025-12-05;21;444
1;2025-12-05;22;244
1;2025-12-05;23;54
1;2025-12-06;0;6
1;2025-12-06;1;0
1;2025-12-06;2;0
1;2025-12-06;3;0
1;2025-12-06;4;3
1;2025-12-06;5;35
1;2025-12-06;6;167
1;2025-12-06;7;326
1;2025-12-06;8;450
1;2025-12-06;9;674
1;2025-12-06;10;805
1;2025-12-06;11;743
1;2025-12-06;12;902
1;2025-12-06;13;987
1;2025-12-06;14;919
1;2025-12-06;15;808
1;2025-12-06;16;724
1;2025-12-06;17;688
1;2025-12-06;18;609
1;2025-12-06;19;545
1;2025-12-06;20;404
1;2025-12-06;21;304
1;2025-12-06;22;151
1;2025-12-06;23;44
1;2025-12-07;0;1
1;2025-12-07;1;0
1;2025-12-07;2;0
1;2025-12-07;3;0
1;2025-12-07;4;0
1;2025-12-07;5;24
1;2025-12-07;6;121
1;2025-12-07;7;236
1;2025-12-07;8;338
1;2025-12-07;9;579
1;2025-12-07;10;654
1;2025-12-07;11;643
1;2025-12-07;12;834
1;2025-12-07;13;848
1;2025-12-07;14;784
1;2025-12-07;15;735
1;2025-12-07;16;667
1;2025-12-07;17;603
1;2025-12-07;18;541
1;2025-12-07;19;459
1;2025-12-07;20;335
1;2025-12-07;21;251
1;2025-12-07;22;120
1;2025-12-07;23;35
1;2025-12-08;0;0
1;2025-12-08;1;0
1;2025-12-08;2;0
1;2025-12-08;3;0
1;2025-12-08;4;7
1;2025-12-08;5;126
1;2025-12-08;6;516
1;2025-12-08;7;1378
1;2025-12-08;8;1767
1;2025-12-08;9;1347
1;2025-12-08;10;1234
1;2025-12-08;11;1286
1;2025-12-08;12;1327
1;2025-12-08;13;1317
1;2025-12-08;14;1286
1;2025-12-08;15;1421
1;2025-12-08;16;1433
1;2025-12-08;17;1682
1;2025-12-08;18;1701
1;2025-12-08;19;1278
1;2025-12-08;20;817
1;2025-12-08;21;436
1;2025-12-08;22;212
1;2025-12-08;23;43
1;2025-12-09;0;3
1;2025-12-09;1;0
1;2025-12-09;2;0
1;2025-12-09;3;0
1;2025-12-09;4;6
1;2025-12-09;5;128
1;2025-12-09;6;533
1;2025-12-09;7;1405
1;2025-12-09;8;1822
1;2025-12-09;9;1397
1;2025-12-09;10;1271
1;2025-12-09;11;1311
1;2025-12-09;12;1353
1;2025-12-09;13;1356
1;2025-12-09;14;1328
1;2025-12-09;15;1453
1;2025-12-09;16;1444
1;2025-12-09;17;1707
1;2025-12-09;18;1752
1;2025-12-09;19;1335
1;2025-12-09;20;846
1;2025-12-09;21;454
1;2025-12-09;22;230
1;2025-12-09;23;52
1;2025-12-10;0;4
1;2025-12-10;1;0
1;2025-12-10;2;0
1;2025-12-10;3;0
1;2025-12-10;4;6
1;2025-12-10;5;131
1;2025-12-10;6;534
1;2025-12-10;7;1405
1;2025-12-10;8;1822
1;2025-12-10;9;1397
1;2025-12-10;10;1271
1;2025-12-10;11;1311
1;2025-12-10;12;1353
1;2025-12-10;13;1355
1;2025-12-10;14;1328
1;2025-12-10;15;1452
1;2025-12-10;16;1442
1;2025-12-10;17;1707
1;2025-12-10;18;1752
1;2025-12-10;19;1335
1;2025-12-10;20;846
1;2025-12-10;21;457
1;2025-12-10;22;245
1;2025-12-10;23;52
1;2025-12-11;0;4
1;2025-12-11;1;0
1;2025-12-11;2;0
1;2025-12-11;3;0
1;2025-12-11;4;6
1;2025-12-11;5;131
1;2025-12-11;6;533
1;2025-12-11;7;1405
1;2025-12-11;8;1822
1;2025-12-11;9;1397
1;2025-12-11;10;1271
1;2025-12-11;11;1311
1;2025-12-11;12;1352
1;2025-12-11;13;1354
1;2025-12-11;14;1328
1;2025-12-11;15;1452
1;2025-12-11;16;1442
1;2025-12-11;17;1704
1;2025-12-11;18;1752
1;2025-12-11;19;1335
1;2025-12-11;20;846
1;2025-12-11;21;457
1;2025-12-11;22;245
1;2025-12-11;23;53
1;2025-12-12;0;5
1;2025-12-12;1;0
1;2025-12-12;2;0
1;2025-12-12;3;0
1;2025-12-12;4;6
1;2025-12-12;5;130
1;2025-12-12;6;524
1;2025-12-12;7;1380
1;2025-12-12;8;1789
1;2025-12-12;9;1356
1;2025-12-12;10;1238
1;2025-12-12;11;1295
1;2025-12-12;12;1333
1;2025-12-12;13;1323
1;2025-12-12;14;1297
1;2025-12-12;15;1451
1;2025-12-12;16;1460
1;2025-12-12;17;1684
1;2025-12-12;18;1643
1;2025-12-12;19;1247
1;2025-12-12;20;796
1;2025-12-12;21;444
1;2025-12-12;22;244
1;2025-12-12;23;54
1;2025-12-13;0;6
1;2025-12-13;1;0
1;2025-12-13;2;0
1;2025-12-13;3;0
1;2025-12-13;4;3
1;2025-12-13;5;35
1;2025-12-13;6;167
1;2025-12-13;7;326
1;2025-12-13;8;450
1;2025-12-13;9;674
1;2025-12-13;10;805
1;2025-12-13;11;743
1;2025-12-13;12;902
1;2025-12-13;13;987
1;2025-12-13;14;919
1;2025-12-13;15;808
1;2025-12-13;16;724
1;2025-12-13;17;688
1;2025-12-13;18;609
1;2025-12-13;19;545
1;2025-12-13;20;404
1;2025-12-13;21;304
1;2025-12-13;22;151
1;2025-12-13;23;44
1;2025-12-14;0;1
1;2025-12-14;1;0
1;2025-12-14;2;0
1;2025-12-14;3;0
1;2025-12-14;4;0
1;2025-12-14;5;24
1;2025-12-14;6;121
1;2025-12-14;7;236
1;2025-12-14;8;338
1;2025-12-14;9;579
1;2025-12-14;10;654
1;2025-12-14;11;643
1;2025-12-14;12;834
1;2025-12-14;13;848
1;2025-12-14;14;784
1;2025-12-14;15;735
1;2025-12-14;16;667
1;2025-12-14;17;603
1;2025-12-14;18;541
1;2025-12-14;19;459
1;2025-12-14;20;335
1;2025-12-14;21;251
1;2025-12-14;22;120
1;2025-12-14;23;35
1;2025-12-15;0;0
1;2025-12-15;1;0
1;2025-12-15;2;0
1;2025-12-15;3;0
1;2025-12-15;4;7
1;2025-12-15;5;126
1;2025-12-15;6;516
1;2025-12-15;7;1378
1;2025-12-15;8;1767
1;2025-12-15;9;1347
1;2025-12-15;10;1234
1;2025-12-15;11;1286
1;2025-12-15;12;1327
1;2025-12-15;13;1317
1;2025-12-15;14;1286
1;2025-12-15;15;1421
1;2025-12-15;16;1433
1;2025-12-15;17;1682
1;2025-12-15;18;1701
1;2025-12-15;19;1278
1;2025-12-15;20;817
1;2025-12-15;21;436
1;2025-12-15;22;212
1;2025-12-15;23;43
1;2025-12-16;0;3
1;2025-12-16;1;0
1;2025-12-16;2;0
1;2025-12-16;3;0
1;2025-12-16;4;6
1;2025-12-16;5;128
1;2025-12-16;6;533
1;2025-12-16;7;1405
1;2025-12-16;8;1822
1;2025-12-16;9;1397
1;2025-12-16;10;1271
1;2025-12-16;11;1311
1;2025-12-16;12;1353
1;2025-12-16;13;1356
1;2025-12-16;14;1328
1;2025-12-16;15;1453
1;2025-12-16;16;1444
1;2025-12-16;17;1707
1;2025-12-16;18;1752
1;2025-12-16;19;1335
1;2025-12-16;20;846
1;2025-12-16;21;454
1;2025-12-16;22;230
1;2025-12-16;23;52
1;2025-12-17;0;4
1;2025-12-17;1;0
1;2025-12-17;2;0
1;2025-12-17;3;0
1;2025-12-17;4;6
1;2025-12-17;5;131
1;2025-12-17;6;534
1;2025-12-17;7;1405
1;2025-12-17;8;1822
1;2025-12-17;9;1397
1;2025-12-17;10;1271
1;2025-12-17;11;1311
1;2025-12-17;12;1353
1;2025-12-17;13;1355
1;2025-12-17;14;1328
1;2025-12-17;15;1452
1;2025-12-17;16;1442
1;2025-12-17;17;1707
1;2025-12-17;18;1752
1;2025-12-17;19;1335
1;2025-12-17;20;846
1;2025-12-17;21;457
1;2025-12-17;22;245
1;2025-12-17;23;52
1;2025-12-18;0;4
1;2025-12-18;1;0
1;2025-12-18;2;0
1;2025-12-18;3;0
1;2025-12-18;4;6
1;2025-12-18;5;131
1;2025-12-18;6;533
1;2025-12-18;7;1405
1;2025-12-18;8;1822
1;2025-12-18;9;1397
1;2025-12-18;10;1271
1;2025-12-18;11;1311
1;2025-12-18;12;1352
1;2025-12-18;13;1354
1;2025-12-18;14;1328
1;2025-12-18;15;1452
1;2025-12-18;16;1442
1;2025-12-18;17;1704
1;2025-12-18;18;1752
1;2025-12-18;19;1335
1;2025-12-18;20;846
1;2025-12-18;21;457
1;2025-12-18;22;245
1;2025-12-18;23;53
1;2025-12-19;0;5
1;2025-12-19;1;0
1;2025-12-19;2;0
1;2025-12-19;3;0
1;2025-12-19;4;6
1;2025-12-19;5;130
1;2025-12-19;6;524
1;2025-12-19;7;1380
1;2025-12-19;8;1789
1;2025-12-19;9;1356
1;2025-12-19;10;1238
1;2025-12-19;11;1295
1;2025-12-19;12;1333
1;2025-12-19;13;1323
1;2025-12-19;14;1297
1;2025-12-19;15;1451
1;2025-12-19;16;1460
1;2025-12-19;17;1684
1;2025-12-19;18;1643
1;2025-12-19;19;1247
1;2025-12-19;20;796
1;2025-12-19;21;444
1;2025-12-19;22;244
1;2025-12-19;23;54
1;2025-12-20;0;6
1;2025-12-20;1;0
1;2025-12-20;2;0
1;2025-12-20;3;0
1;2025-12-20;4;3
1;2025-12-20;5;35
1;2025-12-20;6;167
1;2025-12-20;7;326
1;2025-12-20;8;450
1;2025-12-20;9;674
1;2025-12-20;10;805
1;2025-12-20;11;743
1;2025-12-20;12;902
1;2025-12-20;13;987
1;2025-12-20;14;919
1;2025-12-20;15;808
1;2025-12-20;16;724
1;2025-12-20;17;688
1;2025-12-20;18;609
1;2025-12-20;19;545
1;2025-12-20;20;404
1;2025-12-20;21;304
1;2025-12-20;22;151
1;2025-12-20;23;44
1;2025-12-21;0;1
1;2025-12-21;1;0
1;2025-12-21;2;0
1;2025-12-21;3;0
1;2025-12-21;4;0
1;2025-12-21;5;24
1;2025-12-21;6;121
1;2025-12-21;7;236
1;2025-12-21;8;338
1;2025-12-21;9;579
1;2025-12-21;10;654
1;2025-12-21;11;643
1;2025-12-21;12;834
1;2025-12-21;13;848
1;2025-12-21;14;784
1;2025-12-21;15;735
1;2025-12-21;16;667
1;2025-12-21;17;603
1;2025-12-21;18;541
1;2025-12-21;19;459
1;2025-12-21;20;335
1;2025-12-21;21;251
1;2025-12-21;22;120
1;2025-12-21;23;35
1;2025-12-22;0;0
1;2025-12-22;1;0
1;2025-12-22;2;0
1;2025-12-22;3;0
1;2025-12-22;4;7
1;2025-12-22;5;126
1;2025-12-22;6;516
1;2025-12-22;7;1378
1;2025-12-22;8;1767
1;2025-12-22;9;1347
1;2025-12-22;10;1234
1;2025-12-22;11;1286
1;2025-12-22;12;1327
1;2025-12-22;13;1317
1;2025-12-22;14;1286
1;2025-12-22;15;1421
1;2025-12-22;16;1433
1;2025-12-22;17;1682
1;2025-12-22;18;1701
1;2025-12-22;19;1278
1;2025-12-22;20;817
1;2025-12-22;21;436
1;2025-12-22;22;212
1;2025-12-22;23;43
1;2025-12-23;0;3
1;2025-12-23;1;0
1;2025-12-23;2;0
1;2025-12-23;3;0
1;2025-12-23;4;6
1;2025-12-23;5;128
1;2025-12-23;6;533
1;2025-12-23;7;1405
1;2025-12-23;8;1822
1;2025-12-23;9;1397
1;2025-12-23;10;1271
1;2025-12-23;11;1311
1;2025-12-23;12;1353
1;2025-12-23;13;1356
1;2025-12-23;14;1328
1;2025-12-23;15;1453
1;2025-12-23;16;1444
1;2025-12-23;17;1707
1;2025-12-23;18;1752
1;2025-12-23;19;1335
1;2025-12-23;20;846
1;2025-12-23;21;454
1;2025-12-23;22;230
1;2025-12-23;23;52
1;2025-12-24;0;4
1;2025-12-24;1;0
1;2025-12-24;2;0
1;2025-12-24;3;0
1;2025-12-24;4;6
1;2025-12-24;5;131
1;2025-12-24;6;534
1;2025-12-24;7;1405
1;2025-12-24;8;1822
1;2025-12-24;9;1397
1;2025-12-24;10;1271
1;2025-12-24;11;1311
1;2025-12-24;12;1353
1;2025-12-24;13;1355
1;2025-12-24;14;1328
1;2025-12-24;15;1452
1;2025-12-24;16;1442
1;2025-12-24;17;1707
1;2025-12-24;18;1752
1;2025-12-24;19;1335
1;2025-12-24;20;846
1;2025-12-24;21;457
1;2025-12-24;22;245
1;2025-12-24;23;52
1;2025-12-25;0;4
1;2025-12-25;1;0
1;2025-12-25;2;0
1;2025-12-25;3;0
1;2025-12-25;4;6
1;2025-12-25;5;131
1;2025-12-25;6;533
1;2025-12-25;7;1405
1;2025-12-25;8;1822
1;2025-12-25;9;1397
1;2025-12-25;10;1271
1;2025-12-25;11;1311
1;2025-12-25;12;1352
1;2025-12-25;13;1354
1;2025-12-25;14;1328
1;2025-12-25;15;1452
1;2025-12-25;16;1442
1;2025-12-25;17;1704
1;2025-12-25;18;1752
1;2025-12-25;19;1335
1;2025-12-25;20;846
1;2025-12-25;21;457
1;2025-12-25;22;245
1;2025-12-25;23;53
1;2025-12-26;0;5
1;2025-12-26;1;0
1;2025-12-26;2;0
1;2025-12-26;3;0
1;2025-12-26;4;6
1;2025-12-26;5;130
1;2025-12-26;6;524
1;2025-12-26;7;1380
1;2025-12-26;8;1789
1;2025-12-26;9;1356
1;2025-12-26;10;1238
1;2025-12-26;11;1295
1;2025-12-26;12;1333
1;2025-12-26;13;1323
1;2025-12-26;14;1297
1;2025-12-26;15;1451
1;2025-12-26;16;1460
1;2025-12-26;17;1684
1;2025-12-26;18;1643
1;2025-12-26;19;1247
1;2025-12-26;20;796
1;2025-12-26;21;444
1;2025-12-26;22;244
1;2025-12-26;23;54
1;2025-12-27;0;6
1;2025-12-27;1;0
1;2025-12-27;2;0
1;2025-12-27;3;0
1;2025-12-27;4;3
1;2025-12-27;5;35
1;2025-12-27;6;167
1;2025-12-27;7;326
1;2025-12-27;8;450
1;2025-12-27;9;674
1;2025-12-27;10;805
1;2025-12-27;11;743
1;2025-12-27;12;902
1;2025-12-27;13;987
1;2025-12-27;14;919
1;2025-12-27;15;808
1;2025-12-27;16;724
1;2025-12-27;17;688
1;2025-12-27;18;609
1;2025-12-27;19;545
1;2025-12-27;20;404
1;2025-12-27;21;304
1;2025-12-27;22;151
1;2025-12-27;23;44
1;2025-12-28;0;1
1;2025-12-28;1;0
1;2025-12-28;2;0
1;2025-12-28;3;0
1;2025-12-28;4;0
1;2025-12-28;5;24
1;2025-12-28;6;121
1;2025-12-28;7;236
1;2025-12-28;8;338
1;2025-12-28;9;579
1;2025-12-28;10;654
1;2025-12-28;11;643
1;2025-12-28;12;834
1;2025-12-28;13;848
1;2025-12-28;14;784
1;2025-12-28;15;735
1;2025-12-28;16;667
1;2025-12-28;17;603
1;2025-12-28;18;541
1;2025-12-28;19;459
1;2025-12-28;20;335
1;2025-12-28;21;251
1;2025-12-28;22;120
1;2025-12-28;23;35
1;2025-12-29;0;0
1;2025-12-29;1;0
1;2025-12-29;2;0
1;2025-12-29;3;0
1;2025-12-29;4;7
1;2025-12-29;5;126
1;2025-12-29;6;516
1;2025-12-29;7;1378
1;2025-12-29;8;1767
1;2025-12-29;9;1347
1;2025-12-29;10;1234
1;2025-12-29;11;1286
1;2025-12-29;12;1327
1;2025-12-29;13;1317
1;2025-12-29;14;1286
1;2025-12-29;15;1421
1;2025-12-29;16;1433
1;2025-12-29;17;1682
1;2025-12-29;18;1701
1;2025-12-29;19;1278
1;2025-12-29;20;817
1;2025-12-29;21;436
1;2025-12-29;22;212
1;2025-12-29;23;43
1;2025-12-30;0;3
1;2025-12-30;1;0
1;2025-12-30;2;0
1;2025-12-30;3;0
1;2025-12-30;4;6
1;2025-12-30;5;128
1;2025-12-30;6;533
1;2025-12-30;7;1405
1;2025-12-30;8;1822
1;2025-12-30;9;1397
1;2025-12-30;10;1271
1;2025-12-30;11;1311
1;2025-12-30;12;1353
1;2025-12-30;13;1356
1;2025-12-30;14;1328
1;2025-12-30;15;1453
1;2025-12-30;16;1444
1;2025-12-30;17;1707
1;2025-12-30;18;1752
1;2025-12-30;19;1335
1;2025-12-30;20;846
1;2025-12-30;21;454
1;2025-12-30;22;230
1;2025-12-30;23;52
1;2025-12-31;0;4
1;2025-12-31;1;0
1;2025-12-31;2;0
1;2025-12-31;3;0
1;2025-12-31;4;6
1;2025-12-31;5;131
1;2025-12-31;6;534
1;2025-12-31;7;1405
1;2025-12-31;8;1822
1;2025-12-31;9;1397
1;2025-12-31;10;1271
1;2025-12-31;11;1311
1;2025-12-31;12;1353
1;2025-12-31;13;1355
1;2025-12-31;14;1328
1;2025-12-31;15;1452
1;2025-12-31;16;1442
1;2025-12-31;17;1707
1;2025-12-31;18;1752
1;2025-12-31;19;1335
1;2025-12-31;20;846
1;2025-12-31;21;457
1;2025-12-31;22;245
1;2025-12-31;23;52
5;2025-11-01;0;0
5;2025-11-01;1;0
5;2025-11-01;2;0
5;2025-11-01;3;0
5;2025-11-01;4;0
5;2025-11-01;5;0
5;2025-11-01;6;0
5;2025-11-01;7;0
5;2025-11-01;8;0
5;2025-11-01;9;0
5;2025-11-01;10;0
5;2025-11-01;11;0
5;2025-11-01;12;0
5;2025-11-01;13;0
5;2025-11-01;14;0
5;2025-11-01;15;0
5;2025-11-01;16;0
5;2025-11-01;17;0
5;2025-11-01;18;0
5;2025-11-01;19;0
5;2025-11-01;20;0
5;2025-11-01;21;0
5;2025-11-01;22;0
5;2025-11-01;23;0
5;2025-11-02;0;0
5;2025-11-02;1;0
5;2025-11-02;2;0
5;2025-11-02;3;0
5;2025-11-02;4;0
5;2025-11-02;5;0
5;2025-11-02;6;0
5;2025-11-02;7;0
5;2025-11-02;8;0
5;2025-11-02;9;0
5;2025-11-02;10;0
5;2025-11-02;11;0
5;2025-11-02;12;0
5;2025-11-02;13;0
5;2025-11-02;14;0
5;2025-11-02;15;0
5;2025-11-02;16;0
5;2025-11-02;17;0
5;2025-11-02;18;0
5;2025-11-02;19;0
5;2025-11-02;20;0
5;2025-11-02;21;0
5;2025-11-02;22;0
5;2025-11-02;23;0
5;2025-11-03;0;0
5;2025-11-03;1;0
5;2025-11-03;2;0
5;2025-11-03;3;0
5;2025-11-03;4;0
5;2025-11-03;5;0
5;2025-11-03;6;0
5;2025-11-03;7;0
5;2025-11-03;8;0
5;2025-11-03;9;0
5;2025-11-03;10;0
5;2025-11-03;11;0
5;2025-11-03;12;0
5;2025-11-03;13;0
5;2025-11-03;14;0
5;2025-11-03;15;0
5;2025-11-03;16;0
5;2025-11-03;17;0
5;2025-11-03;18;0
5;2025-11-03;19;0
5;2025-11-03;20;0
5;2025-11-03;21;0
5;2025-11-03;22;0
5;2025-11-03;23;0
5;2025-11-04;0;0
5;2025-11-04;1;0
5;2025-11-04;2;0
5;2025-11-04;3;0
5;2025-11-04;4;0
5;2025-11-04;5;0
5;2025-11-04;6;0
5;2025-11-04;7;0
5;2025-11-04;8;0
5;2025-11-04;9;0
5;2025-11-04;10;0
5;2025-11-04;11;0
5;2025-11-04;12;0
5;2025-11-04;13;0
5;2025-11-04;14;0
5;2025-11-04;15;0
5;2025-11-04;16;0
5;2025-11-04;17;0
5;2025-11-04;18;0
5;2025-11-04;19;0
5;2025-11-04;20;0
5;2025-11-04;21;0
5;2025-11-04;22;0
5;2025-11-04;23;0
5;2025-11-05;0;0
5;2025-11-05;1;0
5;2025-11-05;2;0
5;2025-11-05;3;0
5;2025-11-05;4;0
5;2025-11-05;5;0
5;2025-11-05;6;0
5;2025-11-05;7;0
5;2025-11-05;8;0
5;2025-11-05;9;0
5;2025-11-05;10;0
5;2025-11-05;11;0
5;2025-11-05;12;0
5;2025-11-05;13;0
5;2025-11-05;14;0
5;2025-11-05;15;0
5;2025-11-05;16;0
5;2025-11-05;17;0
5;2025-11-05;18;0
5;2025-11-05;19;0
5;2025-11-05;20;0
5;2025-11-05;21;0
5;2025-11-05;22;0
5;2025-11-05;23;0
5;2025-11-06;0;0
5;2025-11-06;1;0
5;2025-11-06;2;0
5;2025-11-06;3;0
5;2025-11-06;4;0
5;2025-11-06;5;0
5;2025-11-06;6;0
5;2025-11-06;7;0
5;2025-11-06;8;0
5;2025-11-06;9;0
5;2025-11-06;10;0
5;2025-11-06;11;0
5;2025-11-06;12;0
5;2025-11-06;13;0
5;2025-11-06;14;0
5;2025-11-06;15;0
5;2025-11-06;16;0
5;2025-11-06;17;0
5;2025-11-06;18;0
5;2025-11-06;19;0
5;2025-11-06;20;0
5;2025-11-06;21;0
5;2025-11-06;22;0
5;2025-11-06;23;0
5;2025-11-07;0;0
5;2025-11-07;1;0
5;2025-11-07;2;0
5;2025-11-07;3;0
5;2025-11-07;4;0
5;2025-11-07;5;0
5;2025-11-07;6;0
5;2025-11-07;7;0
5;2025-11-07;8;0
5;2025-11-07;9;0
5;2025-11-07;10;0
5;2025-11-07;11;0
5;2025-11-07;12;0
5;2025-11-07;13;0
5;2025-11-07;14;0
5;2025-11-07;15;0
5;2025-11-07;16;0
5;2025-11-07;17;0
5;2025-11-07;18;0
5;2025-11-07;19;0
5;2025-11-07;20;0
5;2025-11-07;21;0
5;2025-11-07;22;0
5;2025-11-07;23;0
5;2025-11-08;0;0
5;2025-11-08;1;0
5;2025-11-08;2;0
5;2025-11-08;3;0
5;2025-11-08;4;0
5;2025-11-08;5;0
5;2025-11-08;6;0
5;2025-11-08;7;0
5;2025-11-08;8;0
5;2025-11-08;9;0
5;2025-11-08;10;0
5;2025-11-08;11;0
5;2025-11-08;12;0
5;2025-11-08;13;0
5;2025-11-08;14;0
5;2025-11-08;15;0
5;2025-11-08;16;0
5;2025-11-08;17;0
5;2025-11-08;18;0
5;2025-11-08;19;0
5;2025-11-08;20;0
5;2025-11-08;21;0
5;2025-11-08;22;0
5;2025-11-08;23;0
5;2025-11-09;0;0
5;2025-11-09;1;0
5;2025-11-09;2;0
5;2025-11-09;3;0
5;2025-11-09;4;0
5;2025-11-09;5;0
5;2025-11-09;6;0
5;2025-11-09;7;0
5;2025-11-09;8;0
5;2025-11-09;9;0
5;2025-11-09;10;0
5;2025-11-09;11;0
5;2025-11-09;12;0
5;2025-11-09;13;0
5;2025-11-09;14;0
5;2025-11-09;15;0
5;2025-11-09;16;0
5;2025-11-09;17;0
5;2025-11-09;18;0
5;2025-11-09;19;0
5;2025-11-09;20;0
5;2025-11-09;21;0
5;2025-11-09;22;0
5;2025-11-09;23;0
5;2025-11-10;0;0
5;2025-11-10;1;0
5;2025-11-10;2;0
5;2025-11-10;3;0
5;2025-11-10;4;0
5;2025-11-10;5;0
5;2025-11-10;6;0
5;2025-11-10;7;0
5;2025-11-10;8;0
5;2025-11-10;9;0
5;2025-11-10;10;0
5;2025-11-10;11;0
5;2025-11-10;12;0
5;2025-11-10;13;0
5;2025-11-10;14;0
5;2025-11-10;15;0
5;2025-11-10;16;0
5;2025-11-10;17;0
5;2025-11-10;18;0
5;2025-11-10;19;0
5;2025-11-10;20;0
5;2025-11-10;21;0
5;2025-11-10;22;0
5;2025-11-10;23;0
5;2025-11-11;0;0
5;2025-11-11;1;0
5;2025-11-11;2;0
5;2025-11-11;3;0
5;2025-11-11;4;0
5;2025-11-11;5;0
5;2025-11-11;6;0
5;2025-11-11;7;0
5;2025-11-11;8;0
5;2025-11-11;9;0
5;2025-11-11;10;0
5;2025-11-11;11;0
5;2025-11-11;12;0
5;2025-11-11;13;0
5;2025-11-11;14;0
5;2025-11-11;15;0
5;2025-11-11;16;0
5;2025-11-11;17;0
5;2025-11-11;18;0
5;2025-11-11;19;0
5;2025-11-11;20;0
5;2025-11-11;21;0
5;2025-11-11;22;0
5;2025-11-11;23;0
5;2025-11-12;0;0
5;2025-11-12;1;0
5;2025-11-12;2;0
5;2025-11-12;3;0
5;2025-11-12;4;0
5;2025-11-12;5;0
5;2025-11-12;6;0
5;2025-11-12;7;0
5;2025-11-12;8;0
5;2025-11-12;9;0
5;2025-11-12;10;0
5;2025-11-12;11;0
5;2025-11-12;12;0
5;2025-11-12;13;0
5;2025-11-12;14;0
5;2025-11-12;15;0
5;2025-11-12;16;0
5;2025-11-12;17;0
5;2025-11-12;18;0
5;2025-11-12;19;0
5;2025-11-12;20;0
5;2025-11-12;21;0
5;2025-11-12;22;0
5;2025-11-12;23;0
5;2025-11-13;0;0
5;2025-11-13;1;0
5;2025-11-13;2;0
5;2025-11-13;3;0
5;2025-11-13;4;0
5;2025-11-13;5;0
5;2025-11-13;6;0
5;2025-11-13;7;0
5;2025-11-13;8;0
5;2025-11-13;9;0
5;2025-11-13;10;0
5;2025-11-13;11;0
5;2025-11-13;12;0
5;2025-11-13;13;0
5;2025-11-13;14;0
5;2025-11-13;15;0
5;2025-11-13;16;0
5;2025-11-13;17;0
5;2025-11-13;18;0
5;2025-11-13;19;0
5;2025-11-13;20;0
5;2025-11-13;21;0
5;2025-11-13;22;0
5;2025-11-13;23;0
5;2025-11-14;0;0
5;2025-11-14;1;0
5;2025-11-14;2;0
5;2025-11-14;3;0
5;2025-11-14;4;0
5;2025-11-14;5;0
5;2025-11-14;6;0
5;2025-11-14;7;0
5;2025-11-14;8;0
5;2025-11-14;9;0
5;2025-11-14;10;0
5;2025-11-14;11;0
5;2025-11-14;12;0
5;2025-11-14;13;0
5;2025-11-14;14;0
5;2025-11-14;15;0
5;2025-11-14;16;0
5;2025-11-14;17;0
5;2025-11-14;18;0
5;2025-11-14;19;0
5;2025-11-14;20;0
5;2025-11-14;21;0
5;2025-11-14;22;0
5;2025-11-14;23;0
5;2025-11-15;0;0
5;2025-11-15;1;0
5;2025-11-15;2;0
5;2025-11-15;3;0
5;2025-11-15;4;0
5;2025-11-15;5;0
5;2025-11-15;6;0
5;2025-11-15;7;0
5;2025-11-15;8;0
5;2025-11-15;9;0
5;2025-11-15;10;0
5;2025-11-15;11;0
5;2025-11-15;12;0
5;2025-11-15;13;0
5;2025-11-15;14;0
5;2025-11-15;15;0
5;2025-11-15;16;0
5;2025-11-15;17;0
5;2025-11-15;18;0
5;2025-11-15;19;0
5;2025-11-15;20;0
5;2025-11-15;21;0
5;2025-11-15;22;0
5;2025-11-15;23;0
5;2025-11-16;0;0
5;2025-11-16;1;0
5;2025-11-16;2;0
5;2025-11-16;3;0
5;2025-11-16;4;0
5;2025-11-16;5;0
5;2025-11-16;6;0
5;2025-11-16;7;0
5;2025-11-16;8;0
5;2025-11-16;9;0
5;2025-11-16;10;0
5;2025-11-16;11;0
5;2025-11-16;12;0
5;2025-11-16;13;0
5;2025-11-16;14;0
5;2025-11-16;15;0
5;2025-11-16;16;0
5;2025-11-16;17;0
5;2025-11-16;18;0
5;2025-11-16;19;0
5;2025-11-16;20;0
5;2025-11-16;21;0
5;2025-11-16;22;0
5;2025-11-16;23;0
5;2025-11-17;0;0
5;2025-11-17;1;0
5;2025-11-17;2;0
5;2025-11-17;3;0
5;2025-11-17;4;0
5;2025-11-17;5;0
5;2025-11-17;6;0
5;2025-11-17;7;0
5;2025-11-17;8;0
5;2025-11-17;9;0
5;2025-11-17;10;0
5;2025-11-17;11;0
5;2025-11-17;12;0
5;2025-11-17;13;0
5;2025-11-17;14;0
5;2025-11-17;15;0
5;2025-11-17;16;0
5;2025-11-17;17;0
5;2025-11-17;18;0
5;2025-11-17;19;0
5;2025-11-17;20;0
5;2025-11-17;21;0
5;2025-11-17;22;0
5;2025-11-17;23;0
5;2025-11-18;0;0
5;2025-11-18;1;0
5;2025-11-18;2;0
5;2025-11-18;3;0
5;2025-11-18;4;0
5;2025-11-18;5;0
5;2025-11-18;6;0
5;2025-11-18;7;0
5;2025-11-18;8;0
5;2025-11-18;9;0
5;2025-11-18;10;0
5;2025-11-18;11;0
5;2025-11-18;12;0
5;2025-11-18;13;0
5;2025-11-18;14;0
5;2025-11-18;15;0
5;2025-11-18;16;0
5;2025-11-18;17;0
5;2025-11-18;18;0
5;2025-11-18;19;0
5;2025-11-18;20;0
5;2025-11-18;21;0
5;2025-11-18;22;0
5;2025-11-18;23;0
5;2025-11-19;0;0
5;2025-11-19;1;0
5;2025-11-19;2;0
5;2025-11-19;3;0
5;2025-11-19;4;0
5;2025-11-19;5;0
5;2025-11-19;6;0
5;2025-11-19;7;0
5;2025-11-19;8;0
5;2025-11-19;9;0
5;2025-11-19;10;0
5;2025-11-19;11;0
5;2025-11-19;12;0
5;2025-11-19;13;0
5;2025-11-19;14;0
5;2025-11-19;15;0
5;2025-11-19;16;0
5;2025-11-19;17;0
5;2025-11-19;18;0
5;2025-11-19;19;0
5;2025-11-19;20;0
5;2025-11-19;21;0
5;2025-11-19;22;0
5;2025-11-19;23;0
5;2025-11-20;0;0
5;2025-11-20;1;0
5;2025-11-20;2;0
5;2025-11-20;3;0
5;2025-11-20;4;0
5;2025-11-20;5;0
5;2025-11-20;6;0
5;2025-11-20;7;0
5;2025-11-20;8;0
5;2025-11-20;9;0
5;2025-11-20;10;0
5;2025-11-20;11;0
5;2025-11-20;12;0
5;2025-11-20;13;0
5;2025-11-20;14;0
5;2025-11-20;15;0
5;2025-11-20;16;0
5;2025-11-20;17;0
5;2025-11-20;18;0
5;2025-11-20;19;0
5;2025-11-20;20;0
5;2025-11-20;21;0
5;2025-11-20;22;0
5;2025-11-20;23;0
5;2025-11-21;0;0
5;2025-11-21;1;0
5;2025-11-21;2;0
5;2025-11-21;3;0
5;2025-11-21;4;0
5;2025-11-21;5;0
5;2025-11-21;6;0
5;2025-11-21;7;0
5;2025-11-21;8;0
5;2025-11-21;9;0
5;2025-11-21;10;0
5;2025-11-21;11;0
5;2025-11-21;12;0
5;2025-11-21;13;0
5;2025-11-21;14;0
5;2025-11-21;15;0
5;2025-11-21;16;0
5;2025-11-21;17;0
5;2025-11-21;18;0
5;2025-11-21;19;0
5;2025-11-21;20;0
5;2025-11-21;21;0
5;2025-11-21;22;0
5;2025-11-21;23;0
5;2025-11-22;0;0
5;2025-11-22;1;0
5;2025-11-22;2;0
5;2025-11-22;3;0
5;2025-11-22;4;0
5;2025-11-22;5;0
5;2025-11-22;6;0
5;2025-11-22;7;0
5;2025-11-22;8;0
5;2025-11-22;9;0
5;2025-11-22;10;0
5;2025-11-22;11;0
5;2025-11-22;12;0
5;2025-11-22;13;0
5;2025-11-22;14;0
5;2025-11-22;15;0
5;2025-11-22;16;0
5;2025-11-22;17;0
5;2025-11-22;18;0
5;2025-11-22;19;0
5;2025-11-22;20;0
5;2025-11-22;21;0
5;2025-11-22;22;0
5;2025-11-22;23;0
5;2025-11-23;0;0
5;2025-11-23;1;0
5;2025-11-23;2;0
5;2025-11-23;3;0
5;2025-11-23;4;0
5;2025-11-23;5;0
5;2025-11-23;6;0
5;2025-11-23;7;0
5;2025-11-23;8;0
5;2025-11-23;9;0
5;2025-11-23;10;0
5;2025-11-23;11;0
5;2025-11-23;12;0
5;2025-11-23;13;0
5;2025-11-23;14;0
5;2025-11-23;15;0
5;2025-11-23;16;0
5;2025-11-23;17;0
5;2025-11-23;18;0
5;2025-11-23;19;0
5;2025-11-23;20;0
5;2025-11-23;21;0
5;2025-11-23;22;0
5;2025-11-23;23;0
5;2025-11-24;0;0
5;2025-11-24;1;0
5;2025-11-24;2;0
5;2025-11-24;3;0
5;2025-11-24;4;0
5;2025-11-24;5;0
5;2025-11-24;6;0
5;2025-11-24;7;0
5;2025-11-24;8;0
5;2025-11-24;9;0
5;2025-11-24;10;0
5;2025-11-24;11;0
5;2025-11-24;12;0
5;2025-11-24;13;0
5;2025-11-24;14;0
5;2025-11-24;15;0
5;2025-11-24;16;0
5;2025-11-24;17;0
5;2025-11-24;18;0
5;2025-11-24;19;0
5;2025-11-24;20;0
5;2025-11-24;21;0
5;2025-11-24;22;0
5;2025-11-24;23;0
5;2025-11-25;0;0
5;2025-11-25;1;0
5;2025-11-25;2;0
5;2025-11-25;3;0
5;2025-11-25;4;0
5;2025-11-25;5;0
5;2025-11-25;6;0
5;2025-11-25;7;0
5;2025-11-25;8;0
5;2025-11-25;9;0
5;2025-11-25;10;0
5;2025-11-25;11;0
5;2025-11-25;12;0
5;2025-11-25;13;0
5;2025-11-25;14;0
5;2025-11-25;15;0
5;2025-11-25;16;0
5;2025-11-25;17;0
5;2025-11-25;18;0
5;2025-11-25;19;0
5;2025-11-25;20;0
5;2025-11-25;21;0
5;2025-11-25;22;0
5;2025-11-25;23;0
5;2025-11-26;0;0
5;2025-11-26;1;0
5;2025-11-26;2;0
5;2025-11-26;3;0
5;2025-11-26;4;0
5;2025-11-26;5;0
5;2025-11-26;6;0
5;2025-11-26;7;0
5;2025-11-26;8;0
5;2025-11-26;9;0
5;2025-11-26;10;0
5;2025-11-26;11;0
5;2025-11-26;12;0
5;2025-11-26;13;0
5;2025-11-26;14;0
5;2025-11-26;15;0
5;2025-11-26;16;0
5;2025-11-26;17;0
5;2025-11-26;18;0
5;2025-11-26;19;0
5;2025-11-26;20;0
5;2025-11-26;21;0
5;2025-11-26;22;0
5;2025-11-26;23;0
5;2025-11-27;0;0
5;2025-11-27;1;0
5;2025-11-27;2;0
5;2025-11-27;3;0
5;2025-11-27;4;0
5;2025-11-27;5;0
5;2025-11-27;6;0
5;2025-11-27;7;0
5;2025-11-27;8;0
5;2025-11-27;9;0
5;2025-11-27;10;0
5;2025-11-27;11;0
5;2025-11-27;12;0
5;2025-11-27;13;0
5;2025-11-27;14;0
5;2025-11-27;15;0
5;2025-11-27;16;0
5;2025-11-27;17;0
5;2025-11-27;18;0
5;2025-11-27;19;0
5;2025-11-27;20;0
5;2025-11-27;21;0
5;2025-11-27;22;0
5;2025-11-27;23;0
5;2025-11-28;0;0
5;2025-11-28;1;0
5;2025-11-28;2;0
5;2025-11-28;3;0
5;2025-11-28;4;0
5;2025-11-28;5;0
5;2025-11-28;6;0
5;2025-11-28;7;0
5;2025-11-28;8;0
5;2025-11-28;9;0
5;2025-11-28;10;0
5;2025-11-28;11;0
5;2025-11-28;12;0
5;2025-11-28;13;0
5;2025-11-28;14;0
5;2025-11-28;15;0
5;2025-11-28;16;0
5;2025-11-28;17;0
5;2025-11-28;18;0
5;2025-11-28;19;0
5;2025-11-28;20;0
5;2025-11-28;21;0
5;2025-11-28;22;0
5;2025-11-28;23;0
5;2025-11-29;0;0
5;2025-11-29;1;0
5;2025-11-29;2;0
5;2025-11-29;3;0
5;2025-11-29;4;0
5;2025-11-29;5;0
5;2025-11-29;6;0
5;2025-11-29;7;0
5;2025-11-29;8;0
5;2025-11-29;9;0
5;2025-11-29;10;0
5;2025-11-29;11;0
5;2025-11-29;12;0
5;2025-11-29;13;0
5;2025-11-29;14;0
5;2025-11-29;15;0
5;2025-11-29;16;0
5;2025-11-29;17;0
5;2025-11-29;18;0
5;2025-11-29;19;0
5;2025-11-29;20;0
5;2025-11-29;21;0
5;2025-11-29;22;0
5;2025-11-29;23;0
5;2025-11-30;0;0
5;2025-11-30;1;0
5;2025-11-30;2;0
5;2025-11-30;3;0
5;2025-11-30;4;0
5;2025-11-30;5;0
5;2025-11-30;6;0
5;2025-11-30;7;0
5;2025-11-30;8;0
5;2025-11-30;9;0
5;2025-11-30;10;0
5;2025-11-30;11;0
5;2025-11-30;12;0
5;2025-11-30;13;0
5;2025-11-30;14;0
5;2025-11-30;15;0
5;2025-11-30;16;0
5;2025-11-30;17;0
5;2025-11-30;18;0
5;2025-11-30;19;0
5;2025-11-30;20;0
5;2025-11-30;21;0
5;2025-11-30;22;0
5;2025-11-30;23;0
5;2025-12-01;0;0
5;2025-12-01;1;0
5;2025-12-01;2;0
5;2025-12-01;3;0
5;2025-12-01;4;0
5;2025-12-01;5;0
5;2025-12-01;6;0
5;2025-12-01;7;0
5;2025-12-01;8;0
5;2025-12-01;9;0
5;2025-12-01;10;0
5;2025-12-01;11;0
5;2025-12-01;12;0
5;2025-12-01;13;0
5;2025-12-01;14;0
5;2025-12-01;15;0
5;2025-12-01;16;0
5;2025-12-01;17;0
5;2025-12-01;18;0
5;2025-12-01;19;0
5;2025-12-01;20;0
5;2025-12-01;21;0
5;2025-12-01;22;0
5;2025-12-01;23;0
5;2025-12-02;0;0
5;2025-12-02;1;0
5;2025-12-02;2;0
5;2025-12-02;3;0
5;2025-12-02;4;0
5;2025-12-02;5;0
5;2025-12-02;6;0
5;2025-12-02;7;0
5;2025-12-02;8;0
5;2025-12-02;9;0
5;2025-12-02;10;0
5;2025-12-02;11;0
5;2025-12-02;12;0
5;2025-12-02;13;0
5;2025-12-02;14;0
5;2025-12-02;15;0
5;2025-12-02;16;0
5;2025-12-02;17;0
5;2025-12-02;18;0
5;2025-12-02;19;0
5;2025-12-02;20;0
5;2025-12-02;21;0
5;2025-12-02;22;0
5;2025-12-02;23;0
5;2025-12-03;0;0
5;2025-12-03;1;0
5;2025-12-03;2;0
5;2025-12-03;3;0
5;2025-12-03;4;0
5;2025-12-03;5;0
5;2025-12-03;6;0
5;2025-12-03;7;0
5;2025-12-03;8;0
5;2025-12-03;9;0
5;2025-12-03;10;0
5;2025-12-03;11;0
5;2025-12-03;12;0
5;2025-12-03;13;0
5;2025-12-03;14;0
5;2025-12-03;15;0
5;2025-12-03;16;0
5;2025-12-03;17;0
5;2025-12-03;18;0
5;2025-12-03;19;0
5;2025-12-03;20;0
5;2025-12-03;21;0
5;2025-12-03;22;0
5;2025-12-03;23;0
5;2025-12-04;0;0
5;2025-12-04;1;0
5;2025-12-04;2;0
5;2025-12-04;3;0
5;2025-12-04;4;0
5;2025-12-04;5;0
5;2025-12-04;6;0
5;2025-12-04;7;0
5;2025-12-04;8;0
5;2025-12-04;9;0
5;2025-12-04;10;0
5;2025-12-04;11;0
5;2025-12-04;12;0
5;2025-12-04;13;0
5;2025-12-04;14;0
5;2025-12-04;15;0
5;2025-12-04;16;0
5;2025-12-04;17;0
5;2025-12-04;18;0
5;2025-12-04;19;0
5;2025-12-04;20;0
5;2025-12-04;21;0
5;2025-12-04;22;0
5;2025-12-04;23;0
5;2025-12-05;0;0
5;2025-12-05;1;0
5;2025-12-05;2;0
5;2025-12-05;3;0
5;2025-12-05;4;0
5;2025-12-05;5;0
5;2025-12-05;6;0
5;2025-12-05;7;0
5;2025-12-05;8;0
5;2025-12-05;9;0
5;2025-12-05;10;0
5;2025-12-05;11;0
5;2025-12-05;12;0
5;2025-12-05;13;0
5;2025-12-05;14;0
5;2025-12-05;15;0
5;2025-12-05;16;0
5;2025-12-05;17;0
5;2025-12-05;18;0
5;2025-12-05;19;0
5;2025-12-05;20;0
5;2025-12-05;21;0
5;2025-12-05;22;0
5;2025-12-05;23;0
5;2025-12-06;0;0
5;2025-12-06;1;0
5;2025-12-06;2;0
5;2025-12-06;3;0
5;2025-12-06;4;0
5;2025-12-06;5;0
5;2025-12-06;6;0
5;2025-12-06;7;0
5;2025-12-06;8;0
5;2025-12-06;9;0
5;2025-12-06;10;0
5;2025-12-06;11;0
5;2025-12-06;12;0
5;2025-12-06;13;0
5;2025-12-06;14;0
5;2025-12-06;15;0
5;2025-12-06;16;0
5;2025-12-06;17;0
5;2025-12-06;18;0
5;2025-12-06;19;0
5;2025-12-06;20;0
5;2025-12-06;21;0
5;2025-12-06;22;0
5;2025-12-06;23;0
5;2025-12-07;0;0
5;2025-12-07;1;0
5;2025-12-07;2;0
5;2025-12-07;3;0
5;2025-12-07;4;0
5;2025-12-07;5;0
5;2025-12-07;6;0
5;2025-12-07;7;0
5;2025-12-07;8;0
5;2025-12-07;9;0
5;2025-12-07;10;0
5;2025-12-07;11;0
5;2025-12-07;12;0
5;2025-12-07;13;0
5;2025-12-07;14;0
5;2025-12-07;15;0
5;2025-12-07;16;0
5;2025-12-07;17;0
5;2025-12-07;18;0
5;2025-12-07;19;0
5;2025-12-07;20;0
5;2025-12-07;21;0
5;2025-12-07;22;0
5;2025-12-07;23;0
5;2025-12-08;0;0
5;2025-12-08;1;0
5;2025-12-08;2;0
5;2025-12-08;3;0
5;2025-12-08;4;0
5;2025-12-08;5;0
5;2025-12-08;6;0
5;2025-12-08;7;0
5;2025-12-08;8;0
5;2025-12-08;9;0
5;2025-12-08;10;0
5;2025-12-08;11;0
5;2025-12-08;12;0
5;2025-12-08;13;0
5;2025-12-08;14;0
5;2025-12-08;15;0
5;2025-12-08;16;0
5;2025-12-08;17;0
5;2025-12-08;18;0
5;2025-12-08;19;0
5;2025-12-08;20;0
5;2025-12-08;21;0
5;2025-12-08;22;0
5;2025-12-08;23;0
5;2025-12-09;0;0
5;2025-12-09;1;0
5;2025-12-09;2;0
5;2025-12-09;3;0
5;2025-12-09;4;0
5;2025-12-09;5;0
5;2025-12-09;6;0
5;2025-12-09;7;0
5;2025-12-09;8;0
5;2025-12-09;9;0
5;2025-12-09;10;0
5;2025-12-09;11;0
5;2025-12-09;12;0
5;2025-12-09;13;0
5;2025-12-09;14;0
5;2025-12-09;15;0
5;2025-12-09;16;0
5;2025-12-09;17;0
5;2025-12-09;18;0
5;2025-12-09;19;0
5;2025-12-09;20;0
5;2025-12-09;21;0
5;2025-12-09;22;0
5;2025-12-09;23;0
5;2025-12-10;0;0
5;2025-12-10;1;0
5;2025-12-10;2;0
5;2025-12-10;3;0
5;2025-12-10;4;0
5;2025-12-10;5;0
5;2025-12-10;6;0
5;2025-12-10;7;0
5;2025-12-10;8;0
5;2025-12-10;9;0
5;2025-12-10;10;0
5;2025-12-10;11;0
5;2025-12-10;12;0
5;2025-12-10;13;0
5;2025-12-10;14;0
5;2025-12-10;15;0
5;2025-12-10;16;0
5;2025-12-10;17;0
5;2025-12-10;18;0
5;2025-12-10;19;0
5;2025-12-10;20;0
5;2025-12-10;21;0
5;2025-12-10;22;0
5;2025-12-10;23;0
5;2025-12-11;0;0
5;2025-12-11;1;0
5;2025-12-11;2;0
5;2025-12-11;3;0
5;2025-12-11;4;0
5;2025-12-11;5;0
5;2025-12-11;6;0
5;2025-12-11;7;0
5;2025-12-11;8;0
5;2025-12-11;9;0
5;2025-12-11;10;0
5;2025-12-11;11;0
5;2025-12-11;12;0
5;2025-12-11;13;0
5;2025-12-11;14;0
5;2025-12-11;15;0
5;2025-12-11;16;0
5;2025-12-11;17;0
5;2025-12-11;18;0
5;2025-12-11;19;0
5;2025-12-11;20;0
5;2025-12-11;21;0
5;2025-12-11;22;0
5;2025-12-11;23;0
5;2025-12-12;0;0
5;2025-12-12;1;0
5;2025-12-12;2;0
5;2025-12-12;3;0
5;2025-12-12;4;0
5;2025-12-12;5;0
5;2025-12-12;6;0
5;2025-12-12;7;0
5;2025-12-12;8;0
5;2025-12-12;9;0
5;2025-12-12;10;0
5;2025-12-12;11;0
5;2025-12-12;12;0
5;2025-12-12;13;0
5;2025-12-12;14;0
5;2025-12-12;15;0
5;2025-12-12;16;0
5;2025-12-12;17;0
5;2025-12-12;18;0
5;2025-12-12;19;0
5;2025-12-12;20;0
5;2025-12-12;21;0
5;2025-12-12;22;0
5;2025-12-12;23;0
5;2025-12-13;0;0
5;2025-12-13;1;0
5;2025-12-13;2;0
5;2025-12-13;3;0
5;2025-12-13;4;0
5;2025-12-13;5;0
5;2025-12-13;6;0
5;2025-12-13;7;0
5;2025-12-13;8;0
5;2025-12-13;9;0
5;2025-12-13;10;0
5;2025-12-13;11;0
5;2025-12-13;12;0
5;2025-12-13;13;0
5;2025-12-13;14;0
5;2025-12-13;15;0
5;2025-12-13;16;0
5;2025-12-13;17;0
5;2025-12-13;18;0
5;2025-12-13;19;0
5;2025-12-13;20;0
5;2025-12-13;21;0
5;2025-12-13;22;0
5;2025-12-13;23;0
5;2025-12-14;0;0
5;2025-12-14;1;0
5;2025-12-14;2;0
5;2025-12-14;3;0
5;2025-12-14;4;0
5;2025-12-14;5;0
5;2025-12-14;6;0
5;2025-12-14;7;0
5;2025-12-14;8;0
5;2025-12-14;9;0
5;2025-12-14;10;0
5;2025-12-14;11;0
5;2025-12-14;12;0
5;2025-12-14;13;0
5;2025-12-14;14;0
5;2025-12-14;15;0
5;2025-12-14;16;0
5;2025-12-14;17;0
5;2025-12-14;18;0
5;2025-12-14;19;0
5;2025-12-14;20;0
5;2025-12-14;21;0
5;2025-12-14;22;0
5;2025-12-14;23;0
5;2025-12-15;0;0
5;2025-12-15;1;0
5;2025-12-15;2;0
5;2025-12-15;3;0
5;2025-12-15;4;0
5;2025-12-15;5;0
5;2025-12-15;6;0
5;2025-12-15;7;0
5;2025-12-15;8;0
5;2025-12-15;9;0
5;2025-12-15;10;0
5;2025-12-15;11;0
5;2025-12-15;12;0
5;2025-12-15;13;0
5;2025-12-15;14;0
5;2025-12-15;15;0
5;2025-12-15;16;0
5;2025-12-15;17;0
5;2025-12-15;18;0
5;2025-12-15;19;0
5;2025-12-15;20;0
5;2025-12-15;21;0
5;2025-12-15;22;0
5;2025-12-15;23;0
5;2025-12-16;0;0
5;2025-12-16;1;0
5;2025-12-16;2;0
5;2025-12-16;3;0
5;2025-12-16;4;0
5;2025-12-16;5;0
5;2025-12-16;6;0
5;2025-12-16;7;0
5;2025-12-16;8;0
5;2025-12-16;9;0
5;2025-12-16;10;0
5;2025-12-16;11;0
5;2025-12-16;12;0
5;2025-12-16;13;0
5;2025-12-16;14;0
5;2025-12-16;15;0
5;2025-12-16;16;0
5;2025-12-16;17;0
5;2025-12-16;18;0
5;2025-12-16;19;0
5;2025-12-16;20;0
5;2025-12-16;21;0
5;2025-12-16;22;0
5;2025-12-16;23;0
5;2025-12-17;0;0
5;2025-12-17;1;0
5;2025-12-17;2;0
5;2025-12-17;3;0
5;2025-12-17;4;0
5;2025-12-17;5;0
5;2025-12-17;6;0
5;2025-12-17;7;0
5;2025-12-17;8;0
5;2025-12-17;9;0
5;2025-12-17;10;0
5;2025-12-17;11;0
5;2025-12-17;12;0
5;2025-12-17;13;0
5;2025-12-17;14;0
5;2025-12-17;15;0
5;2025-12-17;16;0
5;2025-12-17;17;0
5;2025-12-17;18;0
5;2025-12-17;19;0
5;2025-12-17;20;0
5;2025-12-17;21;0
5;2025-12-17;22;0
5;2025-12-17;23;0
5;2025-12-18;0;0
5;2025-12-18;1;0
5;2025-12-18;2;0
5;2025-12-18;3;0
5;2025-12-18;4;0
5;2025-12-18;5;0
5;2025-12-18;6;0
5;2025-12-18;7;0
5;2025-12-18;8;0
5;2025-12-18;9;0
5;2025-12-18;10;0
5;2025-12-18;11;0
5;2025-12-18;12;0
5;2025-12-18;13;0
5;2025-12-18;14;0
5;2025-12-18;15;0
5;2025-12-18;16;0
5;2025-12-18;17;0
5;2025-12-18;18;0
5;2025-12-18;19;0
5;2025-12-18;20;0
5;2025-12-18;21;0
5;2025-12-18;22;0
5;2025-12-18;23;0
5;2025-12-19;0;0
5;2025-12-19;1;0
5;2025-12-19;2;0
5;2025-12-19;3;0
5;2025-12-19;4;0
5;2025-12-19;5;0
5;2025-12-19;6;0
5;2025-12-19;7;0
5;2025-12-19;8;0
5;2025-12-19;9;0
5;2025-12-19;10;0
5;2025-12-19;11;0
5;2025-12-19;12;0
5;2025-12-19;13;0
5;2025-12-19;14;0
5;2025-12-19;15;0
5;2025-12-19;16;0
5;2025-12-19;17;0
5;2025-12-19;18;0
5;2025-12-19;19;0
5;2025-12-19;20;0
5;2025-12-19;21;0
5;2025-12-19;22;0
5;2025-12-19;23;0
5;2025-12-20;0;0
5;2025-12-20;1;0
5;2025-12-20;2;0
5;2025-12-20;3;0
5;2025-12-20;4;0
5;2025-12-20;5;0
5;2025-12-20;6;0
5;2025-12-20;7;0
5;2025-12-20;8;0
5;2025-12-20;9;0
5;2025-12-20;10;0
5;2025-12-20;11;0
5;2025-12-20;12;0
5;2025-12-20;13;0
5;2025-12-20;14;0
5;2025-12-20;15;0
5;2025-12-20;16;0
5;2025-12-20;17;0
5;2025-12-20;18;0
5;2025-12-20;19;0
5;2025-12-20;20;0
5;2025-12-20;21;0
5;2025-12-20;22;0
5;2025-12-20;23;0
5;2025-12-21;0;0
5;2025-12-21;1;0
5;2025-12-21;2;0
5;2025-12-21;3;0
5;2025-12-21;4;0
5;2025-12-21;5;0
5;2025-12-21;6;0
5;2025-12-21;7;0
5;2025-12-21;8;0
5;2025-12-21;9;0
5;2025-12-21;10;0
5;2025-12-21;11;0
5;2025-12-21;12;0
5;2025-12-21;13;0
5;2025-12-21;14;0
5;2025-12-21;15;0
5;2025-12-21;16;0
5;2025-12-21;17;0
5;2025-12-21;18;0
5;2025-12-21;19;0
5;2025-12-21;20;0
5;2025-12-21;21;0
5;2025-12-21;22;0
5;2025-12-21;23;0
5;2025-12-22;0;0
5;2025-12-22;1;0
5;2025-12-22;2;0
5;2025-12-22;3;0
5;2025-12-22;4;0
5;2025-12-22;5;0
5;2025-12-22;6;0
5;2025-12-22;7;0
5;2025-12-22;8;0
5;2025-12-22;9;0
5;2025-12-22;10;0
5;2025-12-22;11;0
5;2025-12-22;12;0
5;2025-12-22;13;0
5;2025-12-22;14;0
5;2025-12-22;15;0
5;2025-12-22;16;0
5;2025-12-22;17;0
5;2025-12-22;18;0
5;2025-12-22;19;0
5;2025-12-22;20;0
5;2025-12-22;21;0
5;2025-12-22;22;0
5;2025-12-22;23;0
5;2025-12-23;0;0
5;2025-12-23;1;0
5;2025-12-23;2;0
5;2025-12-23;3;0
5;2025-12-23;4;0
5;2025-12-23;5;0
5;2025-12-23;6;0
5;2025-12-23;7;0
5;2025-12-23;8;0
5;2025-12-23;9;0
5;2025-12-23;10;0
5;2025-12-23;11;0
5;2025-12-23;12;0
5;2025-12-23;13;0
5;2025-12-23;14;0
5;2025-12-23;15;0
5;2025-12-23;16;0
5;2025-12-23;17;0
5;2025-12-23;18;0
5;2025-12-23;19;0
5;2025-12-23;20;0
5;2025-12-23;21;0
5;2025-12-23;22;0
5;2025-12-23;23;0
5;2025-12-24;0;0
5;2025-12-24;1;0
5;2025-12-24;2;0
5;2025-12-24;3;0
5;2025-12-24;4;0
5;2025-12-24;5;0
5;2025-12-24;6;0
5;2025-12-24;7;0
5;2025-12-24;8;0
5;2025-12-24;9;0
5;2025-12-24;10;0
5;2025-12-24;11;0
5;2025-12-24;12;0
5;2025-12-24;13;0
5;2025-12-24;14;0
5;2025-12-24;15;0
5;2025-12-24;16;0
5;2025-12-24;17;0
5;2025-12-24;18;0
5;2025-12-24;19;0
5;2025-12-24;20;0
5;2025-12-24;21;0
5;2025-12-24;22;0
5;2025-12-24;23;0
5;2025-12-25;0;0
5;2025-12-25;1;0
5;2025-12-25;2;0
5;2025-12-25;3;0
5;2025-12-25;4;0
5;2025-12-25;5;0
5;2025-12-25;6;0
5;2025-12-25;7;0
5;2025-12-25;8;0
5;2025-12-25;9;0
5;2025-12-25;10;0
5;2025-12-25;11;0
5;2025-12-25;12;0
5;2025-12-25;13;0
5;2025-12-25;14;0
5;2025-12-25;15;0
5;2025-12-25;16;0
5;2025-12-25;17;0
5;2025-12-25;18;0
5;2025-12-25;19;0
5;2025-12-25;20;0
5;2025-12-25;21;0
5;2025-12-25;22;0
5;2025-12-25;23;0
5;2025-12-26;0;0
5;2025-12-26;1;0
5;2025-12-26;2;0
5;2025-12-26;3;0
5;2025-12-26;4;0
5;2025-12-26;5;0
5;2025-12-26;6;0
5;2025-12-26;7;0
5;2025-12-26;8;0
5;2025-12-26;9;0
5;2025-12-26;10;0
5;2025-12-26;11;0
5;2025-12-26;12;0
5;2025-12-26;13;0
5;2025-12-26;14;0
5;2025-12-26;15;0
5;2025-12-26;16;0
5;2025-12-26;17;0
5;2025-12-26;18;0
5;2025-12-26;19;0
5;2025-12-26;20;0
5;2025-12-26;21;0
5;2025-12-26;22;0
5;2025-12-26;23;0
5;2025-12-27;0;0
5;2025-12-27;1;0
5;2025-12-27;2;0
5;2025-12-27;3;0
5;2025-12-27;4;0
5;2025-12-27;5;0
5;2025-12-27;6;0
5;2025-12-27;7;0
5;2025-12-27;8;0
5;2025-12-27;9;0
5;2025-12-27;10;0
5;2025-12-27;11;0
5;2025-12-27;12;0
5;2025-12-27;13;0
5;2025-12-27;14;0
5;2025-12-27;15;0
5;2025-12-27;16;0
5;2025-12-27;17;0
5;2025-12-27;18;0
5;2025-12-27;19;0
5;2025-12-27;20;0
5;2025-12-27;21;0
5;2025-12-27;22;0
5;2025-12-27;23;0
5;2025-12-28;0;0
5;2025-12-28;1;0
5;2025-12-28;2;0
5;2025-12-28;3;0
5;2025-12-28;4;0
5;2025-12-28;5;0
5;2025-12-28;6;0
5;2025-12-28;7;0
5;2025-12-28;8;0
5;2025-12-28;9;0
5;2025-12-28;10;0
5;2025-12-28;11;0
5;2025-12-28;12;0
5;2025-12-28;13;0
5;2025-12-28;14;0
5;2025-12-28;15;0
5;2025-12-28;16;0
5;2025-12-28;17;0
5;2025-12-28;18;0
5;2025-12-28;19;0
5;2025-12-28;20;0
5;2025-12-28;21;0
5;2025-12-28;22;0
5;2025-12-28;23;0
5;2025-12-29;0;0
5;2025-12-29;1;0
5;2025-12-29;2;0
5;2025-12-29;3;0
5;2025-12-29;4;0
5;2025-12-29;5;0
5;2025-12-29;6;0
5;2025-12-29;7;0
5;2025-12-29;8;0
5;2025-12-29;9;0
5;2025-12-29;10;0
5;2025-12-29;11;0
5;2025-12-29;12;0
5;2025-12-29;13;0
5;2025-12-29;14;0
5;2025-12-29;15;0
5;2025-12-29;16;0
5;2025-12-29;17;0
5;2025-12-29;18;0
5;2025-12-29;19;0
5;2025-12-29;20;0
5;2025-12-29;21;0
5;2025-12-29;22;0
5;2025-12-29;23;0
5;2025-12-30;0;0
5;2025-12-30;1;0
5;2025-12-30;2;0
5;2025-12-30;3;0
5;2025-12-30;4;0
5;2025-12-30;5;0
5;2025-12-30;6;0
5;2025-12-30;7;0
5;2025-12-30;8;0
5;2025-12-30;9;0
5;2025-12-30;10;0
5;2025-12-30;11;0
5;2025-12-30;12;0
5;2025-12-30;13;0
5;2025-12-30;14;0
5;2025-12-30;15;0
5;2025-12-30;16;0
5;2025-12-30;17;0
5;2025-12-30;18;0
5;2025-12-30;19;0
5;2025-12-30;20;0
5;2025-12-30;21;0
5;2025-12-30;22;0
5;2025-12-30;23;0
5;2025-12-31;0;0
5;2025-12-31;1;0
5;2025-12-31;2;0
5;2025-12-31;3;0
5;2025-12-31;4;0
5;2025-12-31;5;0
5;2025-12-31;6;0
5;2025-12-31;7;0
5;2025-12-31;8;0
5;2025-12-31;9;0
5;2025-12-31;10;0
5;2025-12-31;11;0
5;2025-12-31;12;0
5;2025-12-31;13;0
5;2025-12-31;14;0
5;2025-12-31;15;0
5;2025-12-31;16;0
5;2025-12-31;17;0
5;2025-12-31;18;0
5;2025-12-31;19;0
5;2025-12-31;20;0
5;2025-12-31;21;0
5;2025-12-31;22;0
5;2025-12-31;23;0
7;2025-11-01;0;104
7;2025-11-01;1;26
7;2025-11-01;2;0
7;2025-11-01;3;0
7;2025-11-01;4;0
7;2025-11-01;5;52
7;2025-11-01;6;278
7;2025-11-01;7;498
7;2025-11-01;8;767
7;2025-11-01;9;731
7;2025-11-01;10;836
7;2025-11-01;11;1077
7;2025-11-01;12;1258
7;2025-11-01;13;1256
7;2025-11-01;14;1270
7;2025-11-01;15;1258
7;2025-11-01;16;1112
7;2025-11-01;17;1195
7;2025-11-01;18;1140
7;2025-11-01;19;1059
7;2025-11-01;20;755
7;2025-11-01;21;627
7;2025-11-01;22;333
7;2025-11-01;23;228
7;2025-11-02;0;103
7;2025-11-02;1;21
7;2025-11-02;2;0
7;2025-11-02;3;0
7;2025-11-02;4;0
7;2025-11-02;5;37
7;2025-11-02;6;190
7;2025-11-02;7;337
7;2025-11-02;8;541
7;2025-11-02;9;636
7;2025-11-02;10;706
7;2025-11-02;11;915
7;2025-11-02;12;1122
7;2025-11-02;13;1125
7;2025-11-02;14;1200
7;2025-11-02;15;1135
7;2025-11-02;16;967
7;2025-11-02;17;974
7;2025-11-02;18;925
7;2025-11-02;19;785
7;2025-11-02;20;652
7;2025-11-02;21;517
7;2025-11-02;22;283
7;2025-11-02;23;175
7;2025-11-03;0;68
7;2025-11-03;1;10
7;2025-11-03;2;0
7;2025-11-03;3;0
7;2025-11-03;4;1
7;2025-11-03;5;197
7;2025-11-03;6;654
7;2025-11-03;7;1583
7;2025-11-03;8;2597
7;2025-11-03;9;1865
7;2025-11-03;10;1664
7;2025-11-03;11;1516
7;2025-11-03;12;1584
7;2025-11-03;13;1576
7;2025-11-03;14;1677
7;2025-11-03;15;1789
7;2025-11-03;16;1910
7;2025-11-03;17;2424
7;2025-11-03;18;2588
7;2025-11-03;19;1746
7;2025-11-03;20;1101
7;2025-11-03;21;633
7;2025-11-03;22;318
7;2025-11-03;23;185
7;2025-11-04;0;60
7;2025-11-04;1;12
7;2025-11-04;2;0
7;2025-11-04;3;0
7;2025-11-04;4;2
7;2025-11-04;5;205
7;2025-11-04;6;682
7;2025-11-04;7;1625
7;2025-11-04;8;2635
7;2025-11-04;9;1910
7;2025-11-04;10;1733
7;2025-11-04;11;1582
7;2025-11-04;12;1627
7;2025-11-04;13;1613
7;2025-11-04;14;1713
7;2025-11-04;15;1824
7;2025-11-04;16;1920
7;2025-11-04;17;2466
7;2025-11-04;18;2653
7;2025-11-04;19;1818
7;2025-11-04;20;1140
7;2025-11-04;21;682
7;2025-11-04;22;336
7;2025-11-04;23;202
7;2025-11-05;0;62
7;2025-11-05;1;13
7;2025-11-05;2;0
7;2025-11-05;3;0
7;2025-11-05;4;2
7;2025-11-05;5;205
7;2025-11-05;6;684
7;2025-11-05;7;1625
7;2025-11-05;8;2635
7;2025-11-05;9;1910
7;2025-11-05;10;1733
7;2025-11-05;11;1570
7;2025-11-05;12;1627
7;2025-11-05;13;1627
7;2025-11-05;14;1724
7;2025-11-05;15;1823
7;2025-11-05;16;1918
7;2025-11-05;17;2455
7;2025-11-05;18;2653
7;2025-11-05;19;1818
7;2025-11-05;20;1140
7;2025-11-05;21;685
7;2025-11-05;22;349
7;2025-11-05;23;211
7;2025-11-06;0;68
7;2025-11-06;1;15
7;2025-11-06;2;0
7;2025-11-06;3;0
7;2025-11-06;4;2
7;2025-11-06;5;206
7;2025-11-06;6;684
7;2025-11-06;7;1617
7;2025-11-06;8;2623
7;2025-11-06;9;1902
7;2025-11-06;10;1722
7;2025-11-06;11;1562
7;2025-11-06;12;1619
7;2025-11-06;13;1601
7;2025-11-06;14;1716
7;2025-11-06;15;1815
7;2025-11-06;16;1910
7;2025-11-06;17;2444
7;2025-11-06;18;2641
7;2025-11-06;19;1806
7;2025-11-06;20;1140
7;2025-11-06;21;684
7;2025-11-06;22;349
7;2025-11-06;23;213
7;2025-11-07;0;69
7;2025-11-07;1;14
7;2025-11-07;2;0
7;2025-11-07;3;0
7;2025-11-07;4;1
7;2025-11-07;5;199
7;2025-11-07;6;651
7;2025-11-07;7;1579
7;2025-11-07;8;2538
7;2025-11-07;9;1869
7;2025-11-07;10;1697
7;2025-11-07;11;1551
7;2025-11-07;12;1611
7;2025-11-07;13;1619
7;2025-11-07;14;1708
7;2025-11-07;15;1828
7;2025-11-07;16;1925
7;2025-11-07;17;2402
7;2025-11-07;18;2418
7;2025-11-07;19;1661
7;2025-11-07;20;1098
7;2025-11-07;21;639
7;2025-11-07;22;356
7;2025-11-07;23;231
7;2025-11-08;0;104
7;2025-11-08;1;26
7;2025-11-08;2;0
7;2025-11-08;3;0
7;2025-11-08;4;0
7;2025-11-08;5;52
7;2025-11-08;6;278
7;2025-11-08;7;498
7;2025-11-08;8;767
7;2025-11-08;9;731
7;2025-11-08;10;836
7;2025-11-08;11;1077
7;2025-11-08;12;1258
7;2025-11-08;13;1256
7;2025-11-08;14;1270
7;2025-11-08;15;1258
7;2025-11-08;16;1112
7;2025-11-08;17;1195
7;2025-11-08;18;1140
7;2025-11-08;19;1059
7;2025-11-08;20;755
7;2025-11-08;21;627
7;2025-11-08;22;333
7;2025-11-08;23;228
7;2025-11-09;0;103
7;2025-11-09;1;21
7;2025-11-09;2;0
7;2025-11-09;3;0
7;2025-11-09;4;0
7;2025-11-09;5;37
7;2025-11-09;6;190
7;2025-11-09;7;337
7;2025-11-09;8;541
7;2025-11-09;9;636
7;2025-11-09;10;706
7;2025-11-09;11;915
7;2025-11-09;12;1122
7;2025-11-09;13;1125
7;2025-11-09;14;1200
7;2025-11-09;15;1135
7;2025-11-09;16;967
7;2025-11-09;17;974
7;2025-11-09;18;925
7;2025-11-09;19;785
7;2025-11-09;20;652
7;2025-11-09;21;517
7;2025-11-09;22;283
7;2025-11-09;23;175
7;2025-11-10;0;68
7;2025-11-10;1;10
7;2025-11-10;2;0
7;2025-11-10;3;0
7;2025-11-10;4;1
7;2025-11-10;5;197
7;2025-11-10;6;654
7;2025-11-10;7;1583
7;2025-11-10;8;2597
7;2025-11-10;9;1865
7;2025-11-10;10;1664
7;2025-11-10;11;1516
7;2025-11-10;12;1584
7;2025-11-10;13;1576
7;2025-11-10;14;1677
7;2025-11-10;15;1789
7;2025-11-10;16;1910
7;2025-11-10;17;2424
7;2025-11-10;18;2588
7;2025-11-10;19;1746
7;2025-11-10;20;1101
7;2025-11-10;21;633
7;2025-11-10;22;318
7;2025-11-10;23;185
7;2025-11-11;0;60
7;2025-11-11;1;12
7;2025-11-11;2;0
7;2025-11-11;3;0
7;2025-11-11;4;2
7;2025-11-11;5;205
7;2025-11-11;6;682
7;2025-11-11;7;1625
7;2025-11-11;8;2635
7;2025-11-11;9;1910
7;2025-11-11;10;1733
7;2025-11-11;11;1582
7;2025-11-11;12;1627
7;2025-11-11;13;1613
7;2025-11-11;14;1713
7;2025-11-11;15;1824
7;2025-11-11;16;1920
7;2025-11-11;17;2466
7;2025-11-11;18;2653
7;2025-11-11;19;1818
7;2025-11-11;20;1140
7;2025-11-11;21;682
7;2025-11-11;22;336
7;2025-11-11;23;202
7;2025-11-12;0;62
7;2025-11-12;1;13
7;2025-11-12;2;0
7;2025-11-12;3;0
7;2025-11-12;4;2
7;2025-11-12;5;205
7;2025-11-12;6;684
7;2025-11-12;7;1625
7;2025-11-12;8;2635
7;2025-11-12;9;1910
7;2025-11-12;10;1733
7;2025-11-12;11;1570
7;2025-11-12;12;1627
7;2025-11-12;13;1627
7;2025-11-12;14;1724
7;2025-11-12;15;1823
7;2025-11-12;16;1918
7;2025-11-12;17;2455
7;2025-11-12;18;2653
7;2025-11-12;19;1818
7;2025-11-12;20;1140
7;2025-11-12;21;685
7;2025-11-12;22;349
7;2025-11-12;23;211
7;2025-11-13;0;68
7;2025-11-13;1;15
7;2025-11-13;2;0
7;2025-11-13;3;0
7;2025-11-13;4;2
7;2025-11-13;5;206
7;2025-11-13;6;684
7;2025-11-13;7;1617
7;2025-11-13;8;2623
7;2025-11-13;9;1902
7;2025-11-13;10;1722
7;2025-11-13;11;1562
7;2025-11-13;12;1619
7;2025-11-13;13;1601
7;2025-11-13;14;1716
7;2025-11-13;15;1815
7;2025-11-13;16;1910
7;2025-11-13;17;2444
7;2025-11-13;18;2641
7;2025-11-13;19;1806
7;2025-11-13;20;1140
7;2025-11-13;21;684
7;2025-11-13;22;349
7;2025-11-13;23;213
7;2025-11-14;0;69
7;2025-11-14;1;14
7;2025-11-14;2;0
7;2025-11-14;3;0
7;2025-11-14;4;1
7;2025-11-14;5;199
7;2025-11-14;6;651
7;2025-11-14;7;1579
7;2025-11-14;8;2538
7;2025-11-14;9;1869
7;2025-11-14;10;1697
7;2025-11-14;11;1551
7;2025-11-14;12;1611
7;2025-11-14;13;1619
7;2025-11-14;14;1708
7;2025-11-14;15;1828
7;2025-11-14;16;1925
7;2025-11-14;17;2402
7;2025-11-14;18;2418
7;2025-11-14;19;1661
7;2025-11-14;20;1098
7;2025-11-14;21;639
7;2025-11-14;22;356
7;2025-11-14;23;231
7;2025-11-15;0;104
7;2025-11-15;1;26
7;2025-11-15;2;0
7;2025-11-15;3;0
7;2025-11-15;4;0
7;2025-11-15;5;52
7;2025-11-15;6;278
7;2025-11-15;7;498
7;2025-11-15;8;767
7;2025-11-15;9;731
7;2025-11-15;10;836
7;2025-11-15;11;1077
7;2025-11-15;12;1258
7;2025-11-15;13;1256
7;2025-11-15;14;1270
7;2025-11-15;15;1258
7;2025-11-15;16;1112
7;2025-11-15;17;1195
7;2025-11-15;18;1140
7;2025-11-15;19;1059
7;2025-11-15;20;755
7;2025-11-15;21;627
7;2025-11-15;22;333
7;2025-11-15;23;228
7;2025-11-16;0;103
7;2025-11-16;1;21
7;2025-11-16;2;0
7;2025-11-16;3;0
7;2025-11-16;4;0
7;2025-11-16;5;37
7;2025-11-16;6;190
7;2025-11-16;7;337
7;2025-11-16;8;541
7;2025-11-16;9;636
7;2025-11-16;10;706
7;2025-11-16;11;915
7;2025-11-16;12;1122
7;2025-11-16;13;1125
7;2025-11-16;14;1200
7;2025-11-16;15;1135
7;2025-11-16;16;967
7;2025-11-16;17;974
7;2025-11-16;18;925
7;2025-11-16;19;785
7;2025-11-16;20;652
7;2025-11-16;21;517
7;2025-11-16;22;283
7;2025-11-16;23;175
7;2025-11-17;0;68
7;2025-11-17;1;10
7;2025-11-17;2;0
7;2025-11-17;3;0
7;2025-11-17;4;1
7;2025-11-17;5;197
7;2025-11-17;6;654
7;2025-11-17;7;1583
7;2025-11-17;8;2597
7;2025-11-17;9;1865
7;2025-11-17;10;1664
7;2025-11-17;11;1516
7;2025-11-17;12;1584
7;2025-11-17;13;1576
7;2025-11-17;14;1677
7;2025-11-17;15;1789
7;2025-11-17;16;1910
7;2025-11-17;17;2424
7;2025-11-17;18;2588
7;2025-11-17;19;1746
7;2025-11-17;20;1101
7;2025-11-17;21;633
7;2025-11-17;22;318
7;2025-11-17;23;185
7;2025-11-18;0;60
7;2025-11-18;1;12
7;2025-11-18;2;0
7;2025-11-18;3;0
7;2025-11-18;4;2
7;2025-11-18;5;205
7;2025-11-18;6;682
7;2025-11-18;7;1625
7;2025-11-18;8;2635
7;2025-11-18;9;1910
7;2025-11-18;10;1733
7;2025-11-18;11;1582
7;2025-11-18;12;1627
7;2025-11-18;13;1613
7;2025-11-18;14;1713
7;2025-11-18;15;1824
7;2025-11-18;16;1920
7;2025-11-18;17;2466
7;2025-11-18;18;2653
7;2025-11-18;19;1818
7;2025-11-18;20;1140
7;2025-11-18;21;682
7;2025-11-18;22;336
7;2025-11-18;23;202
7;2025-11-19;0;62
7;2025-11-19;1;13
7;2025-11-19;2;0
7;2025-11-19;3;0
7;2025-11-19;4;2
7;2025-11-19;5;205
7;2025-11-19;6;684
7;2025-11-19;7;1625
7;2025-11-19;8;2635
7;2025-11-19;9;1910
7;2025-11-19;10;1733
7;2025-11-19;11;1570
7;2025-11-19;12;1627
7;2025-11-19;13;1627
7;2025-11-19;14;1724
7;2025-11-19;15;1823
7;2025-11-19;16;1918
7;2025-11-19;17;2455
7;2025-11-19;18;2653
7;2025-11-19;19;1818
7;2025-11-19;20;1140
7;2025-11-19;21;685
7;2025-11-19;22;349
7;2025-11-19;23;211
7;2025-11-20;0;68
7;2025-11-20;1;15
7;2025-11-20;2;0
7;2025-11-20;3;0
7;2025-11-20;4;2
7;2025-11-20;5;206
7;2025-11-20;6;684
7;2025-11-20;7;1617
7;2025-11-20;8;2623
7;2025-11-20;9;1902
7;2025-11-20;10;1722
7;2025-11-20;11;1562
7;2025-11-20;12;1619
7;2025-11-20;13;1601
7;2025-11-20;14;1716
7;2025-11-20;15;1815
7;2025-11-20;16;1910
7;2025-11-20;17;2444
7;2025-11-20;18;2641
7;2025-11-20;19;1806
7;2025-11-20;20;1140
7;2025-11-20;21;684
7;2025-11-20;22;349
7;2025-11-20;23;213
7;2025-11-21;0;69
7;2025-11-21;1;14
7;2025-11-21;2;0
7;2025-11-21;3;0
7;2025-11-21;4;1
7;2025-11-21;5;199
7;2025-11-21;6;651
7;2025-11-21;7;1579
7;2025-11-21;8;2538
7;2025-11-21;9;1869
7;2025-11-21;10;1697
7;2025-11-21;11;1551
7;2025-11-21;12;1611
7;2025-11-21;13;1619
7;2025-11-21;14;1708
7;2025-11-21;15;1828
7;2025-11-21;16;1925
7;2025-11-21;17;2402
7;2025-11-21;18;2418
7;2025-11-21;19;1661
7;2025-11-21;20;1098
7;2025-11-21;21;639
7;2025-11-21;22;356
7;2025-11-21;23;231
7;2025-11-22;0;104
7;2025-11-22;1;26
7;2025-11-22;2;0
7;2025-11-22;3;0
7;2025-11-22;4;0
7;2025-11-22;5;52
7;2025-11-22;6;278
7;2025-11-22;7;498
7;2025-11-22;8;767
7;2025-11-22;9;731
7;2025-11-22;10;836
7;2025-11-22;11;1077
7;2025-11-22;12;1258
7;2025-11-22;13;1256
7;2025-11-22;14;1270
7;2025-11-22;15;1258
7;2025-11-22;16;1112
7;2025-11-22;17;1195
7;2025-11-22;18;1140
7;2025-11-22;19;1059
7;2025-11-22;20;755
7;2025-11-22;21;627
7;2025-11-22;22;333
7;2025-11-22;23;228
7;2025-11-23;0;103
7;2025-11-23;1;21
7;2025-11-23;2;0
7;2025-11-23;3;0
7;2025-11-23;4;0
7;2025-11-23;5;37
7;2025-11-23;6;190
7;2025-11-23;7;337
7;2025-11-23;8;541
7;2025-11-23;9;636
7;2025-11-23;10;706
7;2025-11-23;11;915
7;2025-11-23;12;1122
7;2025-11-23;13;1125
7;2025-11-23;14;1200
7;2025-11-23;15;1135
7;2025-11-23;16;967
7;2025-11-23;17;974
7;2025-11-23;18;925
7;2025-11-23;19;785
7;2025-11-23;20;652
7;2025-11-23;21;517
7;2025-11-23;22;283
7;2025-11-23;23;175
7;2025-11-24;0;68
7;2025-11-24;1;10
7;2025-11-24;2;0
7;2025-11-24;3;0
7;2025-11-24;4;1
7;2025-11-24;5;197
7;2025-11-24;6;654
7;2025-11-24;7;1583
7;2025-11-24;8;2597
7;2025-11-24;9;1865
7;2025-11-24;10;1664
7;2025-11-24;11;1516
7;2025-11-24;12;1584
7;2025-11-24;13;1576
7;2025-11-24;14;1677
7;2025-11-24;15;1789
7;2025-11-24;16;1910
7;2025-11-24;17;2424
7;2025-11-24;18;2588
7;2025-11-24;19;1746
7;2025-11-24;20;1101
7;2025-11-24;21;633
7;2025-11-24;22;318
7;2025-11-24;23;185
7;2025-11-25;0;60
7;2025-11-25;1;12
7;2025-11-25;2;0
7;2025-11-25;3;0
7;2025-11-25;4;2
7;2025-11-25;5;205
7;2025-11-25;6;682
7;2025-11-25;7;1625
7;2025-11-25;8;2635
7;2025-11-25;9;1910
7;2025-11-25;10;1733
7;2025-11-25;11;1582
7;2025-11-25;12;1627
7;2025-11-25;13;1613
7;2025-11-25;14;1713
7;2025-11-25;15;1824
7;2025-11-25;16;1920
7;2025-11-25;17;2466
7;2025-11-25;18;2653
7;2025-11-25;19;1818
7;2025-11-25;20;1140
7;2025-11-25;21;682
7;2025-11-25;22;336
7;2025-11-25;23;202
7;2025-11-26;0;62
7;2025-11-26;1;13
7;2025-11-26;2;0
7;2025-11-26;3;0
7;2025-11-26;4;2
7;2025-11-26;5;205
7;2025-11-26;6;684
7;2025-11-26;7;1625
7;2025-11-26;8;2635
7;2025-11-26;9;1910
7;2025-11-26;10;1733
7;2025-11-26;11;1570
7;2025-11-26;12;1627
7;2025-11-26;13;1627
7;2025-11-26;14;1724
7;2025-11-26;15;1823
7;2025-11-26;16;1918
7;2025-11-26;17;2455
7;2025-11-26;18;2653
7;2025-11-26;19;1818
7;2025-11-26;20;1140
7;2025-11-26;21;685
7;2025-11-26;22;349
7;2025-11-26;23;211
7;2025-11-27;0;68
7;2025-11-27;1;15
7;2025-11-27;2;0
7;2025-11-27;3;0
7;2025-11-27;4;2
7;2025-11-27;5;206
7;2025-11-27;6;684
7;2025-11-27;7;1617
7;2025-11-27;8;2623
7;2025-11-27;9;1902
7;2025-11-27;10;1722
7;2025-11-27;11;1562
7;2025-11-27;12;1619
7;2025-11-27;13;1601
7;2025-11-27;14;1716
7;2025-11-27;15;1815
7;2025-11-27;16;1910
7;2025-11-27;17;2444
7;2025-11-27;18;2641
7;2025-11-27;19;1806
7;2025-11-27;20;1140
7;2025-11-27;21;684
7;2025-11-27;22;349
7;2025-11-27;23;213
7;2025-11-28;0;69
7;2025-11-28;1;14
7;2025-11-28;2;0
7;2025-11-28;3;0
7;2025-11-28;4;1
7;2025-11-28;5;199
7;2025-11-28;6;651
7;2025-11-28;7;1579
7;2025-11-28;8;2538
7;2025-11-28;9;1869
7;2025-11-28;10;1697
7;2025-11-28;11;1551
7;2025-11-28;12;1611
7;2025-11-28;13;1619
7;2025-11-28;14;1708
7;2025-11-28;15;1828
7;2025-11-28;16;1925
7;2025-11-28;17;2402
7;2025-11-28;18;2418
7;2025-11-28;19;1661
7;2025-11-28;20;1098
7;2025-11-28;21;639
7;2025-11-28;22;356
7;2025-11-28;23;231
7;2025-11-29;0;104
7;2025-11-29;1;26
7;2025-11-29;2;0
7;2025-11-29;3;0
7;2025-11-29;4;0
7;2025-11-29;5;52
7;2025-11-29;6;278
7;2025-11-29;7;498
7;2025-11-29;8;767
7;2025-11-29;9;731
7;2025-11-29;10;836
7;2025-11-29;11;1077
7;2025-11-29;12;1258
7;2025-11-29;13;1256
7;2025-11-29;14;1270
7;2025-11-29;15;1258
7;2025-11-29;16;1112
7;2025-11-29;17;1195
7;2025-11-29;18;1140
7;2025-11-29;19;1059
7;2025-11-29;20;755
7;2025-11-29;21;627
7;2025-11-29;22;333
7;2025-11-29;23;228
7;2025-11-30;0;103
7;2025-11-30;1;21
7;2025-11-30;2;0
7;2025-11-30;3;0
7;2025-11-30;4;0
7;2025-11-30;5;37
7;2025-11-30;6;190
7;2025-11-30;7;337
7;2025-11-30;8;541
7;2025-11-30;9;636
7;2025-11-30;10;706
7;2025-11-30;11;915
7;2025-11-30;12;1122
7;2025-11-30;13;1125
7;2025-11-30;14;1200
7;2025-11-30;15;1135
7;2025-11-30;16;967
7;2025-11-30;17;974
7;2025-11-30;18;925
7;2025-11-30;19;785
7;2025-11-30;20;652
7;2025-11-30;21;517
7;2025-11-30;22;283
7;2025-11-30;23;175
7;2025-12-01;0;58
7;2025-12-01;1;8
7;2025-12-01;2;0
7;2025-12-01;3;0
7;2025-12-01;4;0
7;2025-12-01;5;191
7;2025-12-01;6;664
7;2025-12-01;7;1513
7;2025-12-01;8;2504
7;2025-12-01;9;1814
7;2025-12-01;10;1487
7;2025-12-01;11;1388
7;2025-12-01;12;1460
7;2025-12-01;13;1508
7;2025-12-01;14;1596
7;2025-12-01;15;1711
7;2025-12-01;16;1863
7;2025-12-01;17;2393
7;2025-12-01;18;2553
7;2025-12-01;19;1726
7;2025-12-01;20;1027
7;2025-12-01;21;571
7;2025-12-01;22;301
7;2025-12-01;23;160
7;2025-12-02;0;52
7;2025-12-02;1;10
7;2025-12-02;2;0
7;2025-12-02;3;0
7;2025-12-02;4;1
7;2025-12-02;5;198
7;2025-12-02;6;692
7;2025-12-02;7;1554
7;2025-12-02;8;2542
7;2025-12-02;9;1859
7;2025-12-02;10;1556
7;2025-12-02;11;1453
7;2025-12-02;12;1507
7;2025-12-02;13;1545
7;2025-12-02;14;1632
7;2025-12-02;15;1746
7;2025-12-02;16;1873
7;2025-12-02;17;2435
7;2025-12-02;18;2618
7;2025-12-02;19;1793
7;2025-12-02;20;1062
7;2025-12-02;21;619
7;2025-12-02;22;316
7;2025-12-02;23;175
7;2025-12-03;0;52
7;2025-12-03;1;10
7;2025-12-03;2;0
7;2025-12-03;3;0
7;2025-12-03;4;1
7;2025-12-03;5;198
7;2025-12-03;6;694
7;2025-12-03;7;1554
7;2025-12-03;8;2542
7;2025-12-03;9;1859
7;2025-12-03;10;1556
7;2025-12-03;11;1441
7;2025-12-03;12;1507
7;2025-12-03;13;1559
7;2025-12-03;14;1642
7;2025-12-03;15;1744
7;2025-12-03;16;1871
7;2025-12-03;17;2424
7;2025-12-03;18;2618
7;2025-12-03;19;1793
7;2025-12-03;20;1062
7;2025-12-03;21;622
7;2025-12-03;22;329
7;2025-12-03;23;182
7;2025-12-04;0;56
7;2025-12-04;1;12
7;2025-12-04;2;0
7;2025-12-04;3;0
7;2025-12-04;4;1
7;2025-12-04;5;198
7;2025-12-04;6;694
7;2025-12-04;7;1554
7;2025-12-04;8;2538
7;2025-12-04;9;1859
7;2025-12-04;10;1548
7;2025-12-04;11;1437
7;2025-12-04;12;1503
7;2025-12-04;13;1541
7;2025-12-04;14;1642
7;2025-12-04;15;1744
7;2025-12-04;16;1871
7;2025-12-04;17;2420
7;2025-12-04;18;2614
7;2025-12-04;19;1789
7;2025-12-04;20;1062
7;2025-12-04;21;622
7;2025-12-04;22;330
7;2025-12-04;23;185
7;2025-12-05;0;59
7;2025-12-05;1;12
7;2025-12-05;2;0
7;2025-12-05;3;0
7;2025-12-05;4;0
7;2025-12-05;5;192
7;2025-12-05;6;661
7;2025-12-05;7;1516
7;2025-12-05;8;2432
7;2025-12-05;9;1825
7;2025-12-05;10;1527
7;2025-12-05;11;1430
7;2025-12-05;12;1499
7;2025-12-05;13;1558
7;2025-12-05;14;1635
7;2025-12-05;15;1758
7;2025-12-05;16;1886
7;2025-12-05;17;2358
7;2025-12-05;18;2370
7;2025-12-05;19;1624
7;2025-12-05;20;1019
7;2025-12-05;21;576
7;2025-12-05;22;336
7;2025-12-05;23;201
7;2025-12-06;0;91
7;2025-12-06;1;24
7;2025-12-06;2;0
7;2025-12-06;3;0
7;2025-12-06;4;0
7;2025-12-06;5;47
7;2025-12-06;6;282
7;2025-12-06;7;474
7;2025-12-06;8;720
7;2025-12-06;9;723
7;2025-12-06;10;805
7;2025-12-06;11;1020
7;2025-12-06;12;1173
7;2025-12-06;13;1240
7;2025-12-06;14;1240
7;2025-12-06;15;1194
7;2025-12-06;16;1114
7;2025-12-06;17;1141
7;2025-12-06;18;1077
7;2025-12-06;19;1039
7;2025-12-06;20;721
7;2025-12-06;21;589
7;2025-12-06;22;315
7;2025-12-06;23;206
7;2025-12-07;0;93
7;2025-12-07;1;19
7;2025-12-07;2;0
7;2025-12-07;3;0
7;2025-12-07;4;0
7;2025-12-07;5;32
7;2025-12-07;6;195
7;2025-12-07;7;316
7;2025-12-07;8;487
7;2025-12-07;9;634
7;2025-12-07;10;676
7;2025-12-07;11;859
7;2025-12-07;12;1017
7;2025-12-07;13;1109
7;2025-12-07;14;1170
7;2025-12-07;15;1071
7;2025-12-07;16;969
7;2025-12-07;17;916
7;2025-12-07;18;864
7;2025-12-07;19;766
7;2025-12-07;20;629
7;2025-12-07;21;490
7;2025-12-07;22;274
7;2025-12-07;23;156
7;2025-12-08;0;58
7;2025-12-08;1;8
7;2025-12-08;2;0
7;2025-12-08;3;0
7;2025-12-08;4;0
7;2025-12-08;5;191
7;2025-12-08;6;664
7;2025-12-08;7;1513
7;2025-12-08;8;2504
7;2025-12-08;9;1814
7;2025-12-08;10;1487
7;2025-12-08;11;1388
7;2025-12-08;12;1460
7;2025-12-08;13;1508
7;2025-12-08;14;1596
7;2025-12-08;15;1711
7;2025-12-08;16;1863
7;2025-12-08;17;2393
7;2025-12-08;18;2553
7;2025-12-08;19;1726
7;2025-12-08;20;1027
7;2025-12-08;21;571
7;2025-12-08;22;301
7;2025-12-08;23;160
7;2025-12-09;0;52
7;2025-12-09;1;10
7;2025-12-09;2;0
7;2025-12-09;3;0
7;2025-12-09;4;1
7;2025-12-09;5;198
7;2025-12-09;6;692
7;2025-12-09;7;1554
7;2025-12-09;8;2542
7;2025-12-09;9;1859
7;2025-12-09;10;1556
7;2025-12-09;11;1453
7;2025-12-09;12;1507
7;2025-12-09;13;1545
7;2025-12-09;14;1632
7;2025-12-09;15;1746
7;2025-12-09;16;1873
7;2025-12-09;17;2435
7;2025-12-09;18;2618
7;2025-12-09;19;1793
7;2025-12-09;20;1062
7;2025-12-09;21;619
7;2025-12-09;22;316
7;2025-12-09;23;175
7;2025-12-10;0;52
7;2025-12-10;1;10
7;2025-12-10;2;0
7;2025-12-10;3;0
7;2025-12-10;4;1
7;2025-12-10;5;198
7;2025-12-10;6;694
7;2025-12-10;7;1554
7;2025-12-10;8;2542
7;2025-12-10;9;1859
7;2025-12-10;10;1556
7;2025-12-10;11;1441
7;2025-12-10;12;1507
7;2025-12-10;13;1559
7;2025-12-10;14;1642
7;2025-12-10;15;1744
7;2025-12-10;16;1871
7;2025-12-10;17;2424
7;2025-12-10;18;2618
7;2025-12-10;19;1793
7;2025-12-10;20;1062
7;2025-12-10;21;622
7;2025-12-10;22;329
7;2025-12-10;23;182
7;2025-12-11;0;56
7;2025-12-11;1;12
7;2025-12-11;2;0
7;2025-12-11;3;0
7;2025-12-11;4;1
7;2025-12-11;5;198
7;2025-12-11;6;694
7;2025-12-11;7;1554
7;2025-12-11;8;2538
7;2025-12-11;9;1859
7;2025-12-11;10;1548
7;2025-12-11;11;1437
7;2025-12-11;12;1503
7;2025-12-11;13;1541
7;2025-12-11;14;1642
7;2025-12-11;15;1744
7;2025-12-11;16;1871
7;2025-12-11;17;2420
7;2025-12-11;18;2614
7;2025-12-11;19;1789
7;2025-12-11;20;1062
7;2025-12-11;21;622
7;2025-12-11;22;330
7;2025-12-11;23;185
7;2025-12-12;0;59
7;2025-12-12;1;12
7;2025-12-12;2;0
7;2025-12-12;3;0
7;2025-12-12;4;0
7;2025-12-12;5;192
7;2025-12-12;6;661
7;2025-12-12;7;1516
7;2025-12-12;8;2432
7;2025-12-12;9;1825
7;2025-12-12;10;1527
7;2025-12-12;11;1430
7;2025-12-12;12;1499
7;2025-12-12;13;1558
7;2025-12-12;14;1635
7;2025-12-12;15;1758
7;2025-12-12;16;1886
7;2025-12-12;17;2358
7;2025-12-12;18;2370
7;2025-12-12;19;1624
7;2025-12-12;20;1019
7;2025-12-12;21;576
7;2025-12-12;22;336
7;2025-12-12;23;201
7;2025-12-13;0;91
7;2025-12-13;1;24
7;2025-12-13;2;0
7;2025-12-13;3;0
7;2025-12-13;4;0
7;2025-12-13;5;47
7;2025-12-13;6;282
7;2025-12-13;7;474
7;2025-12-13;8;720
7;2025-12-13;9;723
7;2025-12-13;10;805
7;2025-12-13;11;1020
7;2025-12-13;12;1173
7;2025-12-13;13;1240
7;2025-12-13;14;1240
7;2025-12-13;15;1194
7;2025-12-13;16;1114
7;2025-12-13;17;1141
7;2025-12-13;18;1077
7;2025-12-13;19;1039
7;2025-12-13;20;721
7;2025-12-13;21;589
7;2025-12-13;22;315
7;2025-12-13;23;206
7;2025-12-14;0;93
7;2025-12-14;1;19
7;2025-12-14;2;0
7;2025-12-14;3;0
7;2025-12-14;4;0
7;2025-12-14;5;32
7;2025-12-14;6;195
7;2025-12-14;7;316
7;2025-12-14;8;487
7;2025-12-14;9;634
7;2025-12-14;10;676
7;2025-12-14;11;859
7;2025-12-14;12;1017
7;2025-12-14;13;1109
7;2025-12-14;14;1170
7;2025-12-14;15;1071
7;2025-12-14;16;969
7;2025-12-14;17;916
7;2025-12-14;18;864
7;2025-12-14;19;766
7;2025-12-14;20;629
7;2025-12-14;21;490
7;2025-12-14;22;274
7;2025-12-14;23;156
7;2025-12-15;0;58
7;2025-12-15;1;8
7;2025-12-15;2;0
7;2025-12-15;3;0
7;2025-12-15;4;0
7;2025-12-15;5;191
7;2025-12-15;6;664
7;2025-12-15;7;1513
7;2025-12-15;8;2504
7;2025-12-15;9;1814
7;2025-12-15;10;1487
7;2025-12-15;11;1388
7;2025-12-15;12;1460
7;2025-12-15;13;1508
7;2025-12-15;14;1596
7;2025-12-15;15;1711
7;2025-12-15;16;1863
7;2025-12-15;17;2393
7;2025-12-15;18;2553
7;2025-12-15;19;1726
7;2025-12-15;20;1027
7;2025-12-15;21;571
7;2025-12-15;22;301
7;2025-12-15;23;160
7;2025-12-16;0;52
7;2025-12-16;1;10
7;2025-12-16;2;0
7;2025-12-16;3;0
7;2025-12-16;4;1
7;2025-12-16;5;198
7;2025-12-16;6;692
7;2025-12-16;7;1554
7;2025-12-16;8;2542
7;2025-12-16;9;1859
7;2025-12-16;10;1556
7;2025-12-16;11;1453
7;2025-12-16;12;1507
7;2025-12-16;13;1545
7;2025-12-16;14;1632
7;2025-12-16;15;1746
7;2025-12-16;16;1873
7;2025-12-16;17;2435
7;2025-12-16;18;2618
7;2025-12-16;19;1793
7;2025-12-16;20;1062
7;2025-12-16;21;619
7;2025-12-16;22;316
7;2025-12-16;23;175
7;2025-12-17;0;52
7;2025-12-17;1;10
7;2025-12-17;2;0
7;2025-12-17;3;0
7;2025-12-17;4;1
7;2025-12-17;5;198
7;2025-12-17;6;694
7;2025-12-17;7;1554
7;2025-12-17;8;2542
7;2025-12-17;9;1859
7;2025-12-17;10;1556
7;2025-12-17;11;1441
7;2025-12-17;12;1507
7;2025-12-17;13;1559
7;2025-12-17;14;1642
7;2025-12-17;15;1744
7;2025-12-17;16;1871
7;2025-12-17;17;2424
7;2025-12-17;18;2618
7;2025-12-17;19;1793
7;2025-12-17;20;1062
7;2025-12-17;21;622
7;2025-12-17;22;329
7;2025-12-17;23;182
7;2025-12-18;0;56
7;2025-12-18;1;12
7;2025-12-18;2;0
7;2025-12-18;3;0
7;2025-12-18;4;1
7;2025-12-18;5;198
7;2025-12-18;6;694
7;2025-12-18;7;1554
7;2025-12-18;8;2538
7;2025-12-18;9;1859
7;2025-12-18;10;1548
7;2025-12-18;11;1437
7;2025-12-18;12;1503
7;2025-12-18;13;1541
7;2025-12-18;14;1642
7;2025-12-18;15;1744
7;2025-12-18;16;1871
7;2025-12-18;17;2420
7;2025-12-18;18;2614
7;2025-12-18;19;1789
7;2025-12-18;20;1062
7;2025-12-18;21;622
7;2025-12-18;22;330
7;2025-12-18;23;185
7;2025-12-19;0;59
7;2025-12-19;1;12
7;2025-12-19;2;0
7;2025-12-19;3;0
7;2025-12-19;4;0
7;2025-12-19;5;192
7;2025-12-19;6;661
7;2025-12-19;7;1516
7;2025-12-19;8;2432
7;2025-12-19;9;1825
7;2025-12-19;10;1527
7;2025-12-19;11;1430
7;2025-12-19;12;1499
7;2025-12-19;13;1558
7;2025-12-19;14;1635
7;2025-12-19;15;1758
7;2025-12-19;16;1886
7;2025-12-19;17;2358
7;2025-12-19;18;2370
7;2025-12-19;19;1624
7;2025-12-19;20;1019
7;2025-12-19;21;576
7;2025-12-19;22;336
7;2025-12-19;23;201
7;2025-12-20;0;91
7;2025-12-20;1;24
7;2025-12-20;2;0
7;2025-12-20;3;0
7;2025-12-20;4;0
7;2025-12-20;5;47
7;2025-12-20;6;282
7;2025-12-20;7;474
7;2025-12-20;8;720
7;2025-12-20;9;723
7;2025-12-20;10;805
7;2025-12-20;11;1020
7;2025-12-20;12;1173
7;2025-12-20;13;1240
7;2025-12-20;14;1240
7;2025-12-20;15;1194
7;2025-12-20;16;1114
7;2025-12-20;17;1141
7;2025-12-20;18;1077
7;2025-12-20;19;1039
7;2025-12-20;20;721
7;2025-12-20;21;589
7;2025-12-20;22;315
7;2025-12-20;23;206
7;2025-12-21;0;93
7;2025-12-21;1;19
7;2025-12-21;2;0
7;2025-12-21;3;0
7;2025-12-21;4;0
7;2025-12-21;5;32
7;2025-12-21;6;195
7;2025-12-21;7;316
7;2025-12-21;8;487
7;2025-12-21;9;634
7;2025-12-21;10;676
7;2025-12-21;11;859
7;2025-12-21;12;1017
7;2025-12-21;13;1109
7;2025-12-21;14;1170
7;2025-12-21;15;1071
7;2025-12-21;16;969
7;2025-12-21;17;916
7;2025-12-21;18;864
7;2025-12-21;19;766
7;2025-12-21;20;629
7;2025-12-21;21;490
7;2025-12-21;22;274
7;2025-12-21;23;156
7;2025-12-22;0;58
7;2025-12-22;1;8
7;2025-12-22;2;0
7;2025-12-22;3;0
7;2025-12-22;4;0
7;2025-12-22;5;191
7;2025-12-22;6;664
7;2025-12-22;7;1513
7;2025-12-22;8;2504
7;2025-12-22;9;1814
7;2025-12-22;10;1487
7;2025-12-22;11;1388
7;2025-12-22;12;1460
7;2025-12-22;13;1508
7;2025-12-22;14;1596
7;2025-12-22;15;1711
7;2025-12-22;16;1863
7;2025-12-22;17;2393
7;2025-12-22;18;2553
7;2025-12-22;19;1726
7;2025-12-22;20;1027
7;2025-12-22;21;571
7;2025-12-22;22;301
7;2025-12-22;23;160
7;2025-12-23;0;52
7;2025-12-23;1;10
7;2025-12-23;2;0
7;2025-12-23;3;0
7;2025-12-23;4;1
7;2025-12-23;5;198
7;2025-12-23;6;692
7;2025-12-23;7;1554
7;2025-12-23;8;2542
7;2025-12-23;9;1859
7;2025-12-23;10;1556
7;2025-12-23;11;1453
7;2025-12-23;12;1507
7;2025-12-23;13;1545
7;2025-12-23;14;1632
7;2025-12-23;15;1746
7;2025-12-23;16;1873
7;2025-12-23;17;2435
7;2025-12-23;18;2618
7;2025-12-23;19;1793
7;2025-12-23;20;1062
7;2025-12-23;21;619
7;2025-12-23;22;316
7;2025-12-23;23;175
7;2025-12-24;0;52
7;2025-12-24;1;10
7;2025-12-24;2;0
7;2025-12-24;3;0
7;2025-12-24;4;1
7;2025-12-24;5;198
7;2025-12-24;6;694
7;2025-12-24;7;1554
7;2025-12-24;8;2542
7;2025-12-24;9;1859
7;2025-12-24;10;1556
7;2025-12-24;11;1441
7;2025-12-24;12;1507
7;2025-12-24;13;1559
7;2025-12-24;14;1642
7;2025-12-24;15;1744
7;2025-12-24;16;1871
7;2025-12-24;17;2424
7;2025-12-24;18;2618
7;2025-12-24;19;1793
7;2025-12-24;20;1062
7;2025-12-24;21;622
7;2025-12-24;22;329
7;2025-12-24;23;182
7;2025-12-25;0;56
7;2025-12-25;1;12
7;2025-12-25;2;0
7;2025-12-25;3;0
7;2025-12-25;4;1
7;2025-12-25;5;198
7;2025-12-25;6;694
7;2025-12-25;7;1554
7;2025-12-25;8;2538
7;2025-12-25;9;1859
7;2025-12-25;10;1548
7;2025-12-25;11;1437
7;2025-12-25;12;1503
7;2025-12-25;13;1541
7;2025-12-25;14;1642
7;2025-12-25;15;1744
7;2025-12-25;16;1871
7;2025-12-25;17;2420
7;2025-12-25;18;2614
7;2025-12-25;19;1789
7;2025-12-25;20;1062
7;2025-12-25;21;622
7;2025-12-25;22;330
7;2025-12-25;23;185
7;2025-12-26;0;59
7;2025-12-26;1;12
7;2025-12-26;2;0
7;2025-12-26;3;0
7;2025-12-26;4;0
7;2025-12-26;5;192
7;2025-12-26;6;661
7;2025-12-26;7;1516
7;2025-12-26;8;2432
7;2025-12-26;9;1825
7;2025-12-26;10;1527
7;2025-12-26;11;1430
7;2025-12-26;12;1499
7;2025-12-26;13;1558
7;2025-12-26;14;1635
7;2025-12-26;15;1758
7;2025-12-26;16;1886
7;2025-12-26;17;2358
7;2025-12-26;18;2370
7;2025-12-26;19;1624
7;2025-12-26;20;1019
7;2025-12-26;21;576
7;2025-12-26;22;336
7;2025-12-26;23;201
7;2025-12-27;0;91
7;2025-12-27;1;24
7;2025-12-27;2;0
7;2025-12-27;3;0
7;2025-12-27;4;0
7;2025-12-27;5;47
7;2025-12-27;6;282
7;2025-12-27;7;474
7;2025-12-27;8;720
7;2025-12-27;9;723
7;2025-12-27;10;805
7;2025-12-27;11;1020
7;2025-12-27;12;1173
7;2025-12-27;13;1240
7;2025-12-27;14;1240
7;2025-12-27;15;1194
7;2025-12-27;16;1114
7;2025-12-27;17;1141
7;2025-12-27;18;1077
7;2025-12-27;19;1039
7;2025-12-27;20;721
7;2025-12-27;21;589
7;2025-12-27;22;315
7;2025-12-27;23;206
7;2025-12-28;0;93
7;2025-12-28;1;19
7;2025-12-28;2;0
7;2025-12-28;3;0
7;2025-12-28;4;0
7;2025-12-28;5;32
7;2025-12-28;6;195
7;2025-12-28;7;316
7;2025-12-28;8;487
7;2025-12-28;9;634
7;2025-12-28;10;676
7;2025-12-28;11;859
7;2025-12-28;12;1017
7;2025-12-28;13;1109
7;2025-12-28;14;1170
7;2025-12-28;15;1071
7;2025-12-28;16;969
7;2025-12-28;17;916
7;2025-12-28;18;864
7;2025-12-28;19;766
7;2025-12-28;20;629
7;2025-12-28;21;490
7;2025-12-28;22;274
7;2025-12-28;23;156
7;2025-12-29;0;58
7;2025-12-29;1;8
7;2025-12-29;2;0
7;2025-12-29;3;0
7;2025-12-29;4;0
7;2025-12-29;5;191
7;2025-12-29;6;664
7;2025-12-29;7;1513
7;2025-12-29;8;2504
7;2025-12-29;9;1814
7;2025-12-29;10;1487
7;2025-12-29;11;1388
7;2025-12-29;12;1460
7;2025-12-29;13;1508
7;2025-12-29;14;1596
7;2025-12-29;15;1711
7;2025-12-29;16;1863
7;2025-12-29;17;2393
7;2025-12-29;18;2553
7;2025-12-29;19;1726
7;2025-12-29;20;1027
7;2025-12-29;21;571
7;2025-12-29;22;301
7;2025-12-29;23;160
7;2025-12-30;0;52
7;2025-12-30;1;10
7;2025-12-30;2;0
7;2025-12-30;3;0
7;2025-12-30;4;1
7;2025-12-30;5;198
7;2025-12-30;6;692
7;2025-12-30;7;1554
7;2025-12-30;8;2542
7;2025-12-30;9;1859
7;2025-12-30;10;1556
7;2025-12-30;11;1453
7;2025-12-30;12;1507
7;2025-12-30;13;1545
7;2025-12-30;14;1632
7;2025-12-30;15;1746
7;2025-12-30;16;1873
7;2025-12-30;17;2435
7;2025-12-30;18;2618
7;2025-12-30;19;1793
7;2025-12-30;20;1062
7;2025-12-30;21;619
7;2025-12-30;22;316
7;2025-12-30;23;175
7;2025-12-31;0;52
7;2025-12-31;1;10
7;2025-12-31;2;0
7;2025-12-31;3;0
7;2025-12-31;4;1
7;2025-12-31;5;198
7;2025-12-31;6;694
7;2025-12-31;7;1554
7;2025-12-31;8;2542
7;2025-12-31;9;1859
7;2025-12-31;10;1556
7;2025-12-31;11;1441
7;2025-12-31;12;1507
7;2025-12-31;13;1559
7;2025-12-31;14;1642
7;2025-12-31;15;1744
7;2025-12-31;16;1871
7;2025-12-31;17;2424
7;2025-12-31;18;2618
7;2025-12-31;19;1793
7;2025-12-31;20;1062
7;2025-12-31;21;622
7;2025-12-31;22;329
7;2025-12-31;23;182
11;2025-11-01;0;108
11;2025-11-01;1;3
11;2025-11-01;2;0
11;2025-11-01;3;0
11;2025-11-01;4;2
11;2025-11-01;5;190
11;2025-11-01;6;773
11;2025-11-01;7;772
11;2025-11-01;8;1006
11;2025-11-01;9;1127
11;2025-11-01;10;1224
11;2025-11-01;11;1611
11;2025-11-01;12;1792
11;2025-11-01;13;1807
11;2025-11-01;14;1835
11;2025-11-01;15;1847
11;2025-11-01;16;1838
11;2025-11-01;17;1890
11;2025-11-01;18;1622
11;2025-11-01;19;1430
11;2025-11-01;20;1078
11;2025-11-01;21;763
11;2025-11-01;22;447
11;2025-11-01;23;321
11;2025-11-02;0;111
11;2025-11-02;1;11
11;2025-11-02;2;0
11;2025-11-02;3;0
11;2025-11-02;4;2
11;2025-11-02;5;134
11;2025-11-02;6;537
11;2025-11-02;7;529
11;2025-11-02;8;715
11;2025-11-02;9;936
11;2025-11-02;10;1057
11;2025-11-02;11;1480
11;2025-11-02;12;1657
11;2025-11-02;13;1667
11;2025-11-02;14;1718
11;2025-11-02;15;1726
11;2025-11-02;16;1674
11;2025-11-02;17;1732
11;2025-11-02;18;1409
11;2025-11-02;19;1216
11;2025-11-02;20;938
11;2025-11-02;21;708
11;2025-11-02;22;400
11;2025-11-02;23;246
11;2025-11-03;0;74
11;2025-11-03;1;6
11;2025-11-03;2;0
11;2025-11-03;3;0
11;2025-11-03;4;0
11;2025-11-03;5;275
11;2025-11-03;6;1357
11;2025-11-03;7;2300
11;2025-11-03;8;3161
11;2025-11-03;9;2424
11;2025-11-03;10;1841
11;2025-11-03;11;1856
11;2025-11-03;12;1869
11;2025-11-03;13;1992
11;2025-11-03;14;2013
11;2025-11-03;15;2081
11;2025-11-03;16;2307
11;2025-11-03;17;2881
11;2025-11-03;18;3065
11;2025-11-03;19;2308
11;2025-11-03;20;1546
11;2025-11-03;21;894
11;2025-11-03;22;431
11;2025-11-03;23;237
11;2025-11-04;0;65
11;2025-11-04;1;0
11;2025-11-04;2;0
11;2025-11-04;3;0
11;2025-11-04;4;0
11;2025-11-04;5;284
11;2025-11-04;6;1376
11;2025-11-04;7;2354
11;2025-11-04;8;3202
11;2025-11-04;9;2480
11;2025-11-04;10;1913
11;2025-11-04;11;1904
11;2025-11-04;12;1936
11;2025-11-04;13;2059
11;2025-11-04;14;2054
11;2025-11-04;15;2114
11;2025-11-04;16;2355
11;2025-11-04;17;2888
11;2025-11-04;18;3130
11;2025-11-04;19;2374
11;2025-11-04;20;1602
11;2025-11-04;21;927
11;2025-11-04;22;451
11;2025-11-04;23;248
11;2025-11-05;0;66
11;2025-11-05;1;0
11;2025-11-05;2;0
11;2025-11-05;3;0
11;2025-11-05;4;0
11;2025-11-05;5;286
11;2025-11-05;6;1377
11;2025-11-05;7;2353
11;2025-11-05;8;3202
11;2025-11-05;9;2479
11;2025-11-05;10;1913
11;2025-11-05;11;1904
11;2025-11-05;12;1936
11;2025-11-05;13;2058
11;2025-11-05;14;2053
11;2025-11-05;15;2112
11;2025-11-05;16;2342
11;2025-11-05;17;2885
11;2025-11-05;18;3130
11;2025-11-05;19;2374
11;2025-11-05;20;1602
11;2025-11-05;21;930
11;2025-11-05;22;465
11;2025-11-05;23;268
11;2025-11-06;0;70
11;2025-11-06;1;0
11;2025-11-06;2;0
11;2025-11-06;3;0
11;2025-11-06;4;0
11;2025-11-06;5;285
11;2025-11-06;6;1370
11;2025-11-06;7;2345
11;2025-11-06;8;3194
11;2025-11-06;9;2472
11;2025-11-06;10;1905
11;2025-11-06;11;1896
11;2025-11-06;12;1928
11;2025-11-06;13;2050
11;2025-11-06;14;2045
11;2025-11-06;15;2104
11;2025-11-06;16;2331
11;2025-11-06;17;2877
11;2025-11-06;18;3119
11;2025-11-06;19;2362
11;2025-11-06;20;1594
11;2025-11-06;21;930
11;2025-11-06;22;466
11;2025-11-06;23;266
11;2025-11-07;0;73
11;2025-11-07;1;1
11;2025-11-07;2;0
11;2025-11-07;3;0
11;2025-11-07;4;4
11;2025-11-07;5;281
11;2025-11-07;6;1351
11;2025-11-07;7;2303
11;2025-11-07;8;3117
11;2025-11-07;9;2386
11;2025-11-07;10;1863
11;2025-11-07;11;1878
11;2025-11-07;12;1898
11;2025-11-07;13;2026
11;2025-11-07;14;2040
11;2025-11-07;15;2117
11;2025-11-07;16;2366
11;2025-11-07;17;2885
11;2025-11-07;18;2872
11;2025-11-07;19;2251
11;2025-11-07;20;1540
11;2025-11-07;21;904
11;2025-11-07;22;467
11;2025-11-07;23;294
11;2025-11-08;0;108
11;2025-11-08;1;3
11;2025-11-08;2;0
11;2025-11-08;3;0
11;2025-11-08;4;2
11;2025-11-08;5;190
11;2025-11-08;6;773
11;2025-11-08;7;772
11;2025-11-08;8;1006
11;2025-11-08;9;1127
11;2025-11-08;10;1224
11;2025-11-08;11;1611
11;2025-11-08;12;1792
11;2025-11-08;13;1807
11;2025-11-08;14;1835
11;2025-11-08;15;1847
11;2025-11-08;16;1838
11;2025-11-08;17;1890
11;2025-11-08;18;1622
11;2025-11-08;19;1430
11;2025-11-08;20;1078
11;2025-11-08;21;763
11;2025-11-08;22;447
11;2025-11-08;23;321
11;2025-11-09;0;111
11;2025-11-09;1;11
11;2025-11-09;2;0
11;2025-11-09;3;0
11;2025-11-09;4;2
11;2025-11-09;5;134
11;2025-11-09;6;537
11;2025-11-09;7;529
11;2025-11-09;8;715
11;2025-11-09;9;936
11;2025-11-09;10;1057
11;2025-11-09;11;1480
11;2025-11-09;12;1657
11;2025-11-09;13;1667
11;2025-11-09;14;1718
11;2025-11-09;15;1726
11;2025-11-09;16;1674
11;2025-11-09;17;1732
11;2025-11-09;18;1409
11;2025-11-09;19;1216
11;2025-11-09;20;938
11;2025-11-09;21;708
11;2025-11-09;22;400
11;2025-11-09;23;246
11;2025-11-10;0;74
11;2025-11-10;1;6
11;2025-11-10;2;0
11;2025-11-10;3;0
11;2025-11-10;4;0
11;2025-11-10;5;275
11;2025-11-10;6;1357
11;2025-11-10;7;2300
11;2025-11-10;8;3161
11;2025-11-10;9;2424
11;2025-11-10;10;1841
11;2025-11-10;11;1856
11;2025-11-10;12;1869
11;2025-11-10;13;1992
11;2025-11-10;14;2013
11;2025-11-10;15;2081
11;2025-11-10;16;2307
11;2025-11-10;17;2881
11;2025-11-10;18;3065
11;2025-11-10;19;2308
11;2025-11-10;20;1546
11;2025-11-10;21;894
11;2025-11-10;22;431
11;2025-11-10;23;237
11;2025-11-11;0;65
11;2025-11-11;1;0
11;2025-11-11;2;0
11;2025-11-11;3;0
11;2025-11-11;4;0
11;2025-11-11;5;284
11;2025-11-11;6;1376
11;2025-11-11;7;2354
11;2025-11-11;8;3202
11;2025-11-11;9;2480
11;2025-11-11;10;1913
11;2025-11-11;11;1904
11;2025-11-11;12;1936
11;2025-11-11;13;2059
11;2025-11-11;14;2054
11;2025-11-11;15;2114
11;2025-11-11;16;2355
11;2025-11-11;17;2888
11;2025-11-11;18;3130
11;2025-11-11;19;2374
11;2025-11-11;20;1602
11;2025-11-11;21;927
11;2025-11-11;22;451
11;2025-11-11;23;248
11;2025-11-12;0;66
11;2025-11-12;1;0
11;2025-11-12;2;0
11;2025-11-12;3;0
11;2025-11-12;4;0
11;2025-11-12;5;286
11;2025-11-12;6;1377
11;2025-11-12;7;2353
11;2025-11-12;8;3202
11;2025-11-12;9;2479
11;2025-11-12;10;1913
11;2025-11-12;11;1904
11;2025-11-12;12;1936
11;2025-11-12;13;2058
11;2025-11-12;14;2053
11;2025-11-12;15;2112
11;2025-11-12;16;2342
11;2025-11-12;17;2885
11;2025-11-12;18;3130
11;2025-11-12;19;2374
11;2025-11-12;20;1602
11;2025-11-12;21;930
11;2025-11-12;22;465
11;2025-11-12;23;268
11;2025-11-13;0;70
11;2025-11-13;1;0
11;2025-11-13;2;0
11;2025-11-13;3;0
11;2025-11-13;4;0
11;2025-11-13;5;285
11;2025-11-13;6;1370
11;2025-11-13;7;2345
11;2025-11-13;8;3194
11;2025-11-13;9;2472
11;2025-11-13;10;1905
11;2025-11-13;11;1896
11;2025-11-13;12;1928
11;2025-11-13;13;2050
11;2025-11-13;14;2045
11;2025-11-13;15;2104
11;2025-11-13;16;2331
11;2025-11-13;17;2877
11;2025-11-13;18;3119
11;2025-11-13;19;2362
11;2025-11-13;20;1594
11;2025-11-13;21;930
11;2025-11-13;22;466
11;2025-11-13;23;266
11;2025-11-14;0;73
11;2025-11-14;1;1
11;2025-11-14;2;0
11;2025-11-14;3;0
11;2025-11-14;4;4
11;2025-11-14;5;281
11;2025-11-14;6;1351
11;2025-11-14;7;2303
11;2025-11-14;8;3117
11;2025-11-14;9;2386
11;2025-11-14;10;1863
11;2025-11-14;11;1878
11;2025-11-14;12;1898
11;2025-11-14;13;2026
11;2025-11-14;14;2040
11;2025-11-14;15;2117
11;2025-11-14;16;2366
11;2025-11-14;17;2885
11;2025-11-14;18;2872
11;2025-11-14;19;2251
11;2025-11-14;20;1540
11;2025-11-14;21;904
11;2025-11-14;22;467
11;2025-11-14;23;294
11;2025-11-15;0;108
11;2025-11-15;1;3
11;2025-11-15;2;0
11;2025-11-15;3;0
11;2025-11-15;4;2
11;2025-11-15;5;190
11;2025-11-15;6;773
11;2025-11-15;7;772
11;2025-11-15;8;1006
11;2025-11-15;9;1127
11;2025-11-15;10;1224
11;2025-11-15;11;1611
11;2025-11-15;12;1792
11;2025-11-15;13;1807
11;2025-11-15;14;1835
11;2025-11-15;15;1847
11;2025-11-15;16;1838
11;2025-11-15;17;1890
11;2025-11-15;18;1622
11;2025-11-15;19;1430
11;2025-11-15;20;1078
11;2025-11-15;21;763
11;2025-11-15;22;447
11;2025-11-15;23;321
11;2025-11-16;0;111
11;2025-11-16;1;11
11;2025-11-16;2;0
11;2025-11-16;3;0
11;2025-11-16;4;2
11;2025-11-16;5;134
11;2025-11-16;6;537
11;2025-11-16;7;529
11;2025-11-16;8;715
11;2025-11-16;9;936
11;2025-11-16;10;1057
11;2025-11-16;11;1480
11;2025-11-16;12;1657
11;2025-11-16;13;1667
11;2025-11-16;14;1718
11;2025-11-16;15;1726
11;2025-11-16;16;1674
11;2025-11-16;17;1732
11;2025-11-16;18;1409
11;2025-11-16;19;1216
11;2025-11-16;20;938
11;2025-11-16;21;708
11;2025-11-16;22;400
11;2025-11-16;23;246
11;2025-11-17;0;74
11;2025-11-17;1;6
11;2025-11-17;2;0
11;2025-11-17;3;0
11;2025-11-17;4;0
11;2025-11-17;5;275
11;2025-11-17;6;1357
11;2025-11-17;7;2300
11;2025-11-17;8;3161
11;2025-11-17;9;2424
11;2025-11-17;10;1841
11;2025-11-17;11;1856
11;2025-11-17;12;1869
11;2025-11-17;13;1992
11;2025-11-17;14;2013
11;2025-11-17;15;2081
11;2025-11-17;16;2307
11;2025-11-17;17;2881
11;2025-11-17;18;3065
11;2025-11-17;19;2308
11;2025-11-17;20;1546
11;2025-11-17;21;894
11;2025-11-17;22;431
11;2025-11-17;23;237
11;2025-11-18;0;65
11;2025-11-18;1;0
11;2025-11-18;2;0
11;2025-11-18;3;0
11;2025-11-18;4;0
11;2025-11-18;5;284
11;2025-11-18;6;1376
11;2025-11-18;7;2354
11;2025-11-18;8;3202
11;2025-11-18;9;2480
11;2025-11-18;10;1913
11;2025-11-18;11;1904
11;2025-11-18;12;1936
11;2025-11-18;13;2059
11;2025-11-18;14;2054
11;2025-11-18;15;2114
11;2025-11-18;16;2355
11;2025-11-18;17;2888
11;2025-11-18;18;3130
11;2025-11-18;19;2374
11;2025-11-18;20;1602
11;2025-11-18;21;927
11;2025-11-18;22;451
11;2025-11-18;23;248
11;2025-11-19;0;66
11;2025-11-19;1;0
11;2025-11-19;2;0
11;2025-11-19;3;0
11;2025-11-19;4;0
11;2025-11-19;5;286
11;2025-11-19;6;1377
11;2025-11-19;7;2353
11;2025-11-19;8;3202
11;2025-11-19;9;2479
11;2025-11-19;10;1913
11;2025-11-19;11;1904
11;2025-11-19;12;1936
11;2025-11-19;13;2058
11;2025-11-19;14;2053
11;2025-11-19;15;2112
11;2025-11-19;16;2342
11;2025-11-19;17;2885
11;2025-11-19;18;3130
11;2025-11-19;19;2374
11;2025-11-19;20;1602
11;2025-11-19;21;930
11;2025-11-19;22;465
11;2025-11-19;23;268
11;2025-11-20;0;70
11;2025-11-20;1;0
11;2025-11-20;2;0
11;2025-11-20;3;0
11;2025-11-20;4;0
11;2025-11-20;5;285
11;2025-11-20;6;1370
11;2025-11-20;7;2345
11;2025-11-20;8;3194
11;2025-11-20;9;2472
11;2025-11-20;10;1905
11;2025-11-20;11;1896
11;2025-11-20;12;1928
11;2025-11-20;13;2050
11;2025-11-20;14;2045
11;2025-11-20;15;2104
11;2025-11-20;16;2331
11;2025-11-20;17;2877
11;2025-11-20;18;3119
11;2025-11-20;19;2362
11;2025-11-20;20;1594
11;2025-11-20;21;930
11;2025-11-20;22;466
11;2025-11-20;23;266
11;2025-11-21;0;73
11;2025-11-21;1;1
11;2025-11-21;2;0
11;2025-11-21;3;0
11;2025-11-21;4;4
11;2025-11-21;5;281
11;2025-11-21;6;1351
11;2025-11-21;7;2303
11;2025-11-21;8;3117
11;2025-11-21;9;2386
11;2025-11-21;10;1863
11;2025-11-21;11;1878
11;2025-11-21;12;1898
11;2025-11-21;13;2026
11;2025-11-21;14;2040
11;2025-11-21;15;2117
11;2025-11-21;16;2366
11;2025-11-21;17;2885
11;2025-11-21;18;2872
11;2025-11-21;19;2251
11;2025-11-21;20;1540
11;2025-11-21;21;904
11;2025-11-21;22;467
11;2025-11-21;23;294
11;2025-11-22;0;108
11;2025-11-22;1;3
11;2025-11-22;2;0
11;2025-11-22;3;0
11;2025-11-22;4;2
11;2025-11-22;5;190
11;2025-11-22;6;773
11;2025-11-22;7;772
11;2025-11-22;8;1006
11;2025-11-22;9;1127
11;2025-11-22;10;1224
11;2025-11-22;11;1611
11;2025-11-22;12;1792
11;2025-11-22;13;1807
11;2025-11-22;14;1835
11;2025-11-22;15;1847
11;2025-11-22;16;1838
11;2025-11-22;17;1890
11;2025-11-22;18;1622
11;2025-11-22;19;1430
11;2025-11-22;20;1078
11;2025-11-22;21;763
11;2025-11-22;22;447
11;2025-11-22;23;321
11;2025-11-23;0;111
11;2025-11-23;1;11
11;2025-11-23;2;0
11;2025-11-23;3;0
11;2025-11-23;4;2
11;2025-11-23;5;134
11;2025-11-23;6;537
11;2025-11-23;7;529
11;2025-11-23;8;715
11;2025-11-23;9;936
11;2025-11-23;10;1057
11;2025-11-23;11;1480
11;2025-11-23;12;1657
11;2025-11-23;13;1667
11;2025-11-23;14;1718
11;2025-11-23;15;1726
11;2025-11-23;16;1674
11;2025-11-23;17;1732
11;2025-11-23;18;1409
11;2025-11-23;19;1216
11;2025-11-23;20;938
11;2025-11-23;21;708
11;2025-11-23;22;400
11;2025-11-23;23;246
11;2025-11-24;0;74
11;2025-11-24;1;6
11;2025-11-24;2;0
11;2025-11-24;3;0
11;2025-11-24;4;0
11;2025-11-24;5;275
11;2025-11-24;6;1357
11;2025-11-24;7;2300
11;2025-11-24;8;3161
11;2025-11-24;9;2424
11;2025-11-24;10;1841
11;2025-11-24;11;1856
11;2025-11-24;12;1869
11;2025-11-24;13;1992
11;2025-11-24;14;2013
11;2025-11-24;15;2081
11;2025-11-24;16;2307
11;2025-11-24;17;2881
11;2025-11-24;18;3065
11;2025-11-24;19;2308
11;2025-11-24;20;1546
11;2025-11-24;21;894
11;2025-11-24;22;431
11;2025-11-24;23;237
11;2025-11-25;0;65
11;2025-11-25;1;0
11;2025-11-25;2;0
11;2025-11-25;3;0
11;2025-11-25;4;0
11;2025-11-25;5;284
11;2025-11-25;6;1376
11;2025-11-25;7;2354
11;2025-11-25;8;3202
11;2025-11-25;9;2480
11;2025-11-25;10;1913
11;2025-11-25;11;1904
11;2025-11-25;12;1936
11;2025-11-25;13;2059
11;2025-11-25;14;2054
11;2025-11-25;15;2114
11;2025-11-25;16;2355
11;2025-11-25;17;2888
11;2025-11-25;18;3130
11;2025-11-25;19;2374
11;2025-11-25;20;1602
11;2025-11-25;21;927
11;2025-11-25;22;451
11;2025-11-25;23;248
11;2025-11-26;0;66
11;2025-11-26;1;0
11;2025-11-26;2;0
11;2025-11-26;3;0
11;2025-11-26;4;0
11;2025-11-26;5;286
11;2025-11-26;6;1377
11;2025-11-26;7;2353
11;2025-11-26;8;3202
11;2025-11-26;9;2479
11;2025-11-26;10;1913
11;2025-11-26;11;1904
11;2025-11-26;12;1936
11;2025-11-26;13;2058
11;2025-11-26;14;2053
11;2025-11-26;15;2112
11;2025-11-26;16;2342
11;2025-11-26;17;2885
11;2025-11-26;18;3130
11;2025-11-26;19;2374
11;2025-11-26;20;1602
11;2025-11-26;21;930
11;2025-11-26;22;465
11;2025-11-26;23;268
11;2025-11-27;0;70
11;2025-11-27;1;0
11;2025-11-27;2;0
11;2025-11-27;3;0
11;2025-11-27;4;0
11;2025-11-27;5;285
11;2025-11-27;6;1370
11;2025-11-27;7;2345
11;2025-11-27;8;3194
11;2025-11-27;9;2472
11;2025-11-27;10;1905
11;2025-11-27;11;1896
11;2025-11-27;12;1928
11;2025-11-27;13;2050
11;2025-11-27;14;2045
11;2025-11-27;15;2104
11;2025-11-27;16;2331
11;2025-11-27;17;2877
11;2025-11-27;18;3119
11;2025-11-27;19;2362
11;2025-11-27;20;1594
11;2025-11-27;21;930
11;2025-11-27;22;466
11;2025-11-27;23;266
11;2025-11-28;0;73
11;2025-11-28;1;1
11;2025-11-28;2;0
11;2025-11-28;3;0
11;2025-11-28;4;4
11;2025-11-28;5;281
11;2025-11-28;6;1351
11;2025-11-28;7;2303
11;2025-11-28;8;3117
11;2025-11-28;9;2386
11;2025-11-28;10;1863
11;2025-11-28;11;1878
11;2025-11-28;12;1898
11;2025-11-28;13;2026
11;2025-11-28;14;2040
11;2025-11-28;15;2117
11;2025-11-28;16;2366
11;2025-11-28;17;2885
11;2025-11-28;18;2872
11;2025-11-28;19;2251
11;2025-11-28;20;1540
11;2025-11-28;21;904
11;2025-11-28;22;467
11;2025-11-28;23;294
11;2025-11-29;0;108
11;2025-11-29;1;3
11;2025-11-29;2;0
11;2025-11-29;3;0
11;2025-11-29;4;2
11;2025-11-29;5;190
11;2025-11-29;6;773
11;2025-11-29;7;772
11;2025-11-29;8;1006
11;2025-11-29;9;1127
11;2025-11-29;10;1224
11;2025-11-29;11;1611
11;2025-11-29;12;1792
11;2025-11-29;13;1807
11;2025-11-29;14;1835
11;2025-11-29;15;1847
11;2025-11-29;16;1838
11;2025-11-29;17;1890
11;2025-11-29;18;1622
11;2025-11-29;19;1430
11;2025-11-29;20;1078
11;2025-11-29;21;763
11;2025-11-29;22;447
11;2025-11-29;23;321
11;2025-11-30;0;111
11;2025-11-30;1;11
11;2025-11-30;2;0
11;2025-11-30;3;0
11;2025-11-30;4;2
11;2025-11-30;5;134
11;2025-11-30;6;537
11;2025-11-30;7;529
11;2025-11-30;8;715
11;2025-11-30;9;936
11;2025-11-30;10;1057
11;2025-11-30;11;1480
11;2025-11-30;12;1657
11;2025-11-30;13;1667
11;2025-11-30;14;1718
11;2025-11-30;15;1726
11;2025-11-30;16;1674
11;2025-11-30;17;1732
11;2025-11-30;18;1409
11;2025-11-30;19;1216
11;2025-11-30;20;938
11;2025-11-30;21;708
11;2025-11-30;22;400
11;2025-11-30;23;246
11;2025-12-01;0;75
11;2025-12-01;1;7
11;2025-12-01;2;0
11;2025-12-01;3;0
11;2025-12-01;4;4
11;2025-12-01;5;286
11;2025-12-01;6;1292
11;2025-12-01;7;2250
11;2025-12-01;8;3122
11;2025-12-01;9;2418
11;2025-12-01;10;1801
11;2025-12-01;11;1807
11;2025-12-01;12;1810
11;2025-12-01;13;1945
11;2025-12-01;14;1923
11;2025-12-01;15;2033
11;2025-12-01;16;2247
11;2025-12-01;17;2858
11;2025-12-01;18;3078
11;2025-12-01;19;2337
11;2025-12-01;20;1465
11;2025-12-01;21;872
11;2025-12-01;22;416
11;2025-12-01;23;214
11;2025-12-02;0;67
11;2025-12-02;1;2
11;2025-12-02;2;0
11;2025-12-02;3;0
11;2025-12-02;4;5
11;2025-12-02;5;295
11;2025-12-02;6;1311
11;2025-12-02;7;2304
11;2025-12-02;8;3163
11;2025-12-02;9;2474
11;2025-12-02;10;1872
11;2025-12-02;11;1855
11;2025-12-02;12;1876
11;2025-12-02;13;2012
11;2025-12-02;14;1964
11;2025-12-02;15;2066
11;2025-12-02;16;2294
11;2025-12-02;17;2865
11;2025-12-02;18;3143
11;2025-12-02;19;2398
11;2025-12-02;20;1520
11;2025-12-02;21;905
11;2025-12-02;22;438
11;2025-12-02;23;222
11;2025-12-03;0;67
11;2025-12-03;1;1
11;2025-12-03;2;0
11;2025-12-03;3;0
11;2025-12-03;4;5
11;2025-12-03;5;297
11;2025-12-03;6;1312
11;2025-12-03;7;2303
11;2025-12-03;8;3163
11;2025-12-03;9;2473
11;2025-12-03;10;1872
11;2025-12-03;11;1855
11;2025-12-03;12;1876
11;2025-12-03;13;2011
11;2025-12-03;14;1963
11;2025-12-03;15;2063
11;2025-12-03;16;2281
11;2025-12-03;17;2862
11;2025-12-03;18;3143
11;2025-12-03;19;2398
11;2025-12-03;20;1520
11;2025-12-03;21;908
11;2025-12-03;22;460
11;2025-12-03;23;239
11;2025-12-04;0;71
11;2025-12-04;1;1
11;2025-12-04;2;0
11;2025-12-04;3;0
11;2025-12-04;4;5
11;2025-12-04;5;297
11;2025-12-04;6;1312
11;2025-12-04;7;2303
11;2025-12-04;8;3162
11;2025-12-04;9;2473
11;2025-12-04;10;1872
11;2025-12-04;11;1855
11;2025-12-04;12;1871
11;2025-12-04;13;2010
11;2025-12-04;14;1963
11;2025-12-04;15;2059
11;2025-12-04;16;2274
11;2025-12-04;17;2862
11;2025-12-04;18;3139
11;2025-12-04;19;2394
11;2025-12-04;20;1520
11;2025-12-04;21;908
11;2025-12-04;22;461
11;2025-12-04;23;244
11;2025-12-05;0;76
11;2025-12-05;1;2
11;2025-12-05;2;0
11;2025-12-05;3;0
11;2025-12-05;4;8
11;2025-12-05;5;292
11;2025-12-05;6;1293
11;2025-12-05;7;2261
11;2025-12-05;8;3065
11;2025-12-05;9;2387
11;2025-12-05;10;1831
11;2025-12-05;11;1836
11;2025-12-05;12;1845
11;2025-12-05;13;1987
11;2025-12-05;14;1957
11;2025-12-05;15;2076
11;2025-12-05;16;2313
11;2025-12-05;17;2869
11;2025-12-05;18;2872
11;2025-12-05;19;2262
11;2025-12-05;20;1466
11;2025-12-05;21;882
11;2025-12-05;22;462
11;2025-12-05;23;269
11;2025-12-06;0;103
11;2025-12-06;1;3
11;2025-12-06;2;0
11;2025-12-06;3;0
11;2025-12-06;4;5
11;2025-12-06;5;194
11;2025-12-06;6;741
11;2025-12-06;7;749
11;2025-12-06;8;959
11;2025-12-06;9;1105
11;2025-12-06;10;1212
11;2025-12-06;11;1574
11;2025-12-06;12;1727
11;2025-12-06;13;1754
11;2025-12-06;14;1759
11;2025-12-06;15;1808
11;2025-12-06;16;1791
11;2025-12-06;17;1816
11;2025-12-06;18;1559
11;2025-12-06;19;1418
11;2025-12-06;20;1051
11;2025-12-06;21;748
11;2025-12-06;22;440
11;2025-12-06;23;303
11;2025-12-07;0;106
11;2025-12-07;1;11
11;2025-12-07;2;0
11;2025-12-07;3;0
11;2025-12-07;4;4
11;2025-12-07;5;139
11;2025-12-07;6;491
11;2025-12-07;7;493
11;2025-12-07;8;660
11;2025-12-07;9;915
11;2025-12-07;10;1044
11;2025-12-07;11;1443
11;2025-12-07;12;1573
11;2025-12-07;13;1613
11;2025-12-07;14;1641
11;2025-12-07;15;1666
11;2025-12-07;16;1622
11;2025-12-07;17;1658
11;2025-12-07;18;1347
11;2025-12-07;19;1205
11;2025-12-07;20;911
11;2025-12-07;21;693
11;2025-12-07;22;385
11;2025-12-07;23;227
11;2025-12-08;0;75
11;2025-12-08;1;7
11;2025-12-08;2;0
11;2025-12-08;3;0
11;2025-12-08;4;4
11;2025-12-08;5;286
11;2025-12-08;6;1292
11;2025-12-08;7;2250
11;2025-12-08;8;3122
11;2025-12-08;9;2418
11;2025-12-08;10;1801
11;2025-12-08;11;1807
11;2025-12-08;12;1810
11;2025-12-08;13;1945
11;2025-12-08;14;1923
11;2025-12-08;15;2033
11;2025-12-08;16;2247
11;2025-12-08;17;2858
11;2025-12-08;18;3078
11;2025-12-08;19;2337
11;2025-12-08;20;1465
11;2025-12-08;21;872
11;2025-12-08;22;416
11;2025-12-08;23;214
11;2025-12-09;0;67
11;2025-12-09;1;2
11;2025-12-09;2;0
11;2025-12-09;3;0
11;2025-12-09;4;5
11;2025-12-09;5;295
11;2025-12-09;6;1311
11;2025-12-09;7;2304
11;2025-12-09;8;3163
11;2025-12-09;9;2474
11;2025-12-09;10;1872
11;2025-12-09;11;1855
11;2025-12-09;12;1876
11;2025-12-09;13;2012
11;2025-12-09;14;1964
11;2025-12-09;15;2066
11;2025-12-09;16;2294
11;2025-12-09;17;2865
11;2025-12-09;18;3143
11;2025-12-09;19;2398
11;2025-12-09;20;1520
11;2025-12-09;21;905
11;2025-12-09;22;438
11;2025-12-09;23;222
11;2025-12-10;0;67
11;2025-12-10;1;1
11;2025-12-10;2;0
11;2025-12-10;3;0
11;2025-12-10;4;5
11;2025-12-10;5;297
11;2025-12-10;6;1312
11;2025-12-10;7;2303
11;2025-12-10;8;3163
11;2025-12-10;9;2473
11;2025-12-10;10;1872
11;2025-12-10;11;1855
11;2025-12-10;12;1876
11;2025-12-10;13;2011
11;2025-12-10;14;1963
11;2025-12-10;15;2063
11;2025-12-10;16;2281
11;2025-12-10;17;2862
11;2025-12-10;18;3143
11;2025-12-10;19;2398
11;2025-12-10;20;1520
11;2025-12-10;21;908
11;2025-12-10;22;460
11;2025-12-10;23;239
11;2025-12-11;0;71
11;2025-12-11;1;1
11;2025-12-11;2;0
11;2025-12-11;3;0
11;2025-12-11;4;5
11;2025-12-11;5;297
11;2025-12-11;6;1312
11;2025-12-11;7;2303
11;2025-12-11;8;3162
11;2025-12-11;9;2473
11;2025-12-11;10;1872
11;2025-12-11;11;1855
11;2025-12-11;12;1871
11;2025-12-11;13;2010
11;2025-12-11;14;1963
11;2025-12-11;15;2059
11;2025-12-11;16;2274
11;2025-12-11;17;2862
11;2025-12-11;18;3139
11;2025-12-11;19;2394
11;2025-12-11;20;1520
11;2025-12-11;21;908
11;2025-12-11;22;461
11;2025-12-11;23;244
11;2025-12-12;0;76
11;2025-12-12;1;2
11;2025-12-12;2;0
11;2025-12-12;3;0
11;2025-12-12;4;8
11;2025-12-12;5;292
11;2025-12-12;6;1293
11;2025-12-12;7;2261
11;2025-12-12;8;3065
11;2025-12-12;9;2387
11;2025-12-12;10;1831
11;2025-12-12;11;1836
11;2025-12-12;12;1845
11;2025-12-12;13;1987
11;2025-12-12;14;1957
11;2025-12-12;15;2076
11;2025-12-12;16;2313
11;2025-12-12;17;2869
11;2025-12-12;18;2872
11;2025-12-12;19;2262
11;2025-12-12;20;1466
11;2025-12-12;21;882
11;2025-12-12;22;462
11;2025-12-12;23;269
11;2025-12-13;0;103
11;2025-12-13;1;3
11;2025-12-13;2;0
11;2025-12-13;3;0
11;2025-12-13;4;5
11;2025-12-13;5;194
11;2025-12-13;6;741
11;2025-12-13;7;749
11;2025-12-13;8;959
11;2025-12-13;9;1105
11;2025-12-13;10;1212
11;2025-12-13;11;1574
11;2025-12-13;12;1727
11;2025-12-13;13;1754
11;2025-12-13;14;1759
11;2025-12-13;15;1808
11;2025-12-13;16;1791
11;2025-12-13;17;1816
11;2025-12-13;18;1559
11;2025-12-13;19;1418
11;2025-12-13;20;1051
11;2025-12-13;21;748
11;2025-12-13;22;440
11;2025-12-13;23;303
11;2025-12-14;0;106
11;2025-12-14;1;11
11;2025-12-14;2;0
11;2025-12-14;3;0
11;2025-12-14;4;4
11;2025-12-14;5;139
11;2025-12-14;6;491
11;2025-12-14;7;493
11;2025-12-14;8;660
11;2025-12-14;9;915
11;2025-12-14;10;1044
11;2025-12-14;11;1443
11;2025-12-14;12;1573
11;2025-12-14;13;1613
11;2025-12-14;14;1641
11;2025-12-14;15;1666
11;2025-12-14;16;1622
11;2025-12-14;17;1658
11;2025-12-14;18;1347
11;2025-12-14;19;1205
11;2025-12-14;20;911
11;2025-12-14;21;693
11;2025-12-14;22;385
11;2025-12-14;23;227
11;2025-12-15;0;75
11;2025-12-15;1;7
11;2025-12-15;2;0
11;2025-12-15;3;0
11;2025-12-15;4;4
11;2025-12-15;5;286
11;2025-12-15;6;1292
11;2025-12-15;7;2250
11;2025-12-15;8;3122
11;2025-12-15;9;2418
11;2025-12-15;10;1801
11;2025-12-15;11;1807
11;2025-12-15;12;1810
11;2025-12-15;13;1945
11;2025-12-15;14;1923
11;2025-12-15;15;2033
11;2025-12-15;16;2247
11;2025-12-15;17;2858
11;2025-12-15;18;3078
11;2025-12-15;19;2337
11;2025-12-15;20;1465
11;2025-12-15;21;872
11;2025-12-15;22;416
11;2025-12-15;23;214
11;2025-12-16;0;67
11;2025-12-16;1;2
11;2025-12-16;2;0
11;2025-12-16;3;0
11;2025-12-16;4;5
11;2025-12-16;5;295
11;2025-12-16;6;1311
11;2025-12-16;7;2304
11;2025-12-16;8;3163
11;2025-12-16;9;2474
11;2025-12-16;10;1872
11;2025-12-16;11;1855
11;2025-12-16;12;1876
11;2025-12-16;13;2012
11;2025-12-16;14;1964
11;2025-12-16;15;2066
11;2025-12-16;16;2294
11;2025-12-16;17;2865
11;2025-12-16;18;3143
11;2025-12-16;19;2398
11;2025-12-16;20;1520
11;2025-12-16;21;905
11;2025-12-16;22;438
11;2025-12-16;23;222
11;2025-12-17;0;67
11;2025-12-17;1;1
11;2025-12-17;2;0
11;2025-12-17;3;0
11;2025-12-17;4;5
11;2025-12-17;5;297
11;2025-12-17;6;1312
11;2025-12-17;7;2303
11;2025-12-17;8;3163
11;2025-12-17;9;2473
11;2025-12-17;10;1872
11;2025-12-17;11;1855
11;2025-12-17;12;1876
11;2025-12-17;13;2011
11;2025-12-17;14;1963
11;2025-12-17;15;2063
11;2025-12-17;16;2281
11;2025-12-17;17;2862
11;2025-12-17;18;3143
11;2025-12-17;19;2398
11;2025-12-17;20;1520
11;2025-12-17;21;908
11;2025-12-17;22;460
11;2025-12-17;23;239
11;2025-12-18;0;71
11;2025-12-18;1;1
11;2025-12-18;2;0
11;2025-12-18;3;0
11;2025-12-18;4;5
11;2025-12-18;5;297
11;2025-12-18;6;1312
11;2025-12-18;7;2303
11;2025-12-18;8;3162
11;2025-12-18;9;2473
11;2025-12-18;10;1872
11;2025-12-18;11;1855
11;2025-12-18;12;1871
11;2025-12-18;13;2010
11;2025-12-18;14;1963
11;2025-12-18;15;2059
11;2025-12-18;16;2274
11;2025-12-18;17;2862
11;2025-12-18;18;3139
11;2025-12-18;19;2394
11;2025-12-18;20;1520
11;2025-12-18;21;908
11;2025-12-18;22;461
11;2025-12-18;23;244
11;2025-12-19;0;76
11;2025-12-19;1;2
11;2025-12-19;2;0
11;2025-12-19;3;0
11;2025-12-19;4;8
11;2025-12-19;5;292
11;2025-12-19;6;1293
11;2025-12-19;7;2261
11;2025-12-19;8;3065
11;2025-12-19;9;2387
11;2025-12-19;10;1831
11;2025-12-19;11;1836
11;2025-12-19;12;1845
11;2025-12-19;13;1987
11;2025-12-19;14;1957
11;2025-12-19;15;2076
11;2025-12-19;16;2313
11;2025-12-19;17;2869
11;2025-12-19;18;2872
11;2025-12-19;19;2262
11;2025-12-19;20;1466
11;2025-12-19;21;882
11;2025-12-19;22;462
11;2025-12-19;23;269
11;2025-12-20;0;103
11;2025-12-20;1;3
11;2025-12-20;2;0
11;2025-12-20;3;0
11;2025-12-20;4;5
11;2025-12-20;5;194
11;2025-12-20;6;741
11;2025-12-20;7;749
11;2025-12-20;8;959
11;2025-12-20;9;1105
11;2025-12-20;10;1212
11;2025-12-20;11;1574
11;2025-12-20;12;1727
11;2025-12-20;13;1754
11;2025-12-20;14;1759
11;2025-12-20;15;1808
11;2025-12-20;16;1791
11;2025-12-20;17;1816
11;2025-12-20;18;1559
11;2025-12-20;19;1418
11;2025-12-20;20;1051
11;2025-12-20;21;748
11;2025-12-20;22;440
11;2025-12-20;23;303
11;2025-12-21;0;106
11;2025-12-21;1;11
11;2025-12-21;2;0
11;2025-12-21;3;0
11;2025-12-21;4;4
11;2025-12-21;5;139
11;2025-12-21;6;491
11;2025-12-21;7;493
11;2025-12-21;8;660
11;2025-12-21;9;915
11;2025-12-21;10;1044
11;2025-12-21;11;1443
11;2025-12-21;12;1573
11;2025-12-21;13;1613
11;2025-12-21;14;1641
11;2025-12-21;15;1666
11;2025-12-21;16;1622
11;2025-12-21;17;1658
11;2025-12-21;18;1347
11;2025-12-21;19;1205
11;2025-12-21;20;911
11;2025-12-21;21;693
11;2025-12-21;22;385
11;2025-12-21;23;227
11;2025-12-22;0;75
11;2025-12-22;1;7
11;2025-12-22;2;0
11;2025-12-22;3;0
11;2025-12-22;4;4
11;2025-12-22;5;286
11;2025-12-22;6;1292
11;2025-12-22;7;2250
11;2025-12-22;8;3122
11;2025-12-22;9;2418
11;2025-12-22;10;1801
11;2025-12-22;11;1807
11;2025-12-22;12;1810
11;2025-12-22;13;1945
11;2025-12-22;14;1923
11;2025-12-22;15;2033
11;2025-12-22;16;2247
11;2025-12-22;17;2858
11;2025-12-22;18;3078
11;2025-12-22;19;2337
11;2025-12-22;20;1465
11;2025-12-22;21;872
11;2025-12-22;22;416
11;2025-12-22;23;214
11;2025-12-23;0;67
11;2025-12-23;1;2
11;2025-12-23;2;0
11;2025-12-23;3;0
11;2025-12-23;4;5
11;2025-12-23;5;295
11;2025-12-23;6;1311
11;2025-12-23;7;2304
11;2025-12-23;8;3163
11;2025-12-23;9;2474
11;2025-12-23;10;1872
11;2025-12-23;11;1855
11;2025-12-23;12;1876
11;2025-12-23;13;2012
11;2025-12-23;14;1964
11;2025-12-23;15;2066
11;2025-12-23;16;2294
11;2025-12-23;17;2865
11;2025-12-23;18;3143
11;2025-12-23;19;2398
11;2025-12-23;20;1520
11;2025-12-23;21;905
11;2025-12-23;22;438
11;2025-12-23;23;222
11;2025-12-24;0;67
11;2025-12-24;1;1
11;2025-12-24;2;0
11;2025-12-24;3;0
11;2025-12-24;4;5
11;2025-12-24;5;297
11;2025-12-24;6;1312
11;2025-12-24;7;2303
11;2025-12-24;8;3163
11;2025-12-24;9;2473
11;2025-12-24;10;1872
11;2025-12-24;11;1855
11;2025-12-24;12;1876
11;2025-12-24;13;2011
11;2025-12-24;14;1963
11;2025-12-24;15;2063
11;2025-12-24;16;2281
11;2025-12-24;17;2862
11;2025-12-24;18;3143
11;2025-12-24;19;2398
11;2025-12-24;20;1520
11;2025-12-24;21;908
11;2025-12-24;22;460
11;2025-12-24;23;239
11;2025-12-25;0;71
11;2025-12-25;1;1
11;2025-12-25;2;0
11;2025-12-25;3;0
11;2025-12-25;4;5
11;2025-12-25;5;297
11;2025-12-25;6;1312
11;2025-12-25;7;2303
11;2025-12-25;8;3162
11;2025-12-25;9;2473
11;2025-12-25;10;1872
11;2025-12-25;11;1855
11;2025-12-25;12;1871
11;2025-12-25;13;2010
11;2025-12-25;14;1963
11;2025-12-25;15;2059
11;2025-12-25;16;2274
11;2025-12-25;17;2862
11;2025-12-25;18;3139
11;2025-12-25;19;2394
11;2025-12-25;20;1520
11;2025-12-25;21;908
11;2025-12-25;22;461
11;2025-12-25;23;244
11;2025-12-26;0;76
11;2025-12-26;1;2
11;2025-12-26;2;0
11;2025-12-26;3;0
11;2025-12-26;4;8
11;2025-12-26;5;292
11;2025-12-26;6;1293
11;2025-12-26;7;2261
11;2025-12-26;8;3065
11;2025-12-26;9;2387
11;2025-12-26;10;1831
11;2025-12-26;11;1836
11;2025-12-26;12;1845
11;2025-12-26;13;1987
11;2025-12-26;14;1957
11;2025-12-26;15;2076
11;2025-12-26;16;2313
11;2025-12-26;17;2869
11;2025-12-26;18;2872
11;2025-12-26;19;2262
11;2025-12-26;20;1466
11;2025-12-26;21;882
11;2025-12-26;22;462
11;2025-12-26;23;269
11;2025-12-27;0;103
11;2025-12-27;1;3
11;2025-12-27;2;0
11;2025-12-27;3;0
11;2025-12-27;4;5
11;2025-12-27;5;194
11;2025-12-27;6;741
11;2025-12-27;7;749
11;2025-12-27;8;959
11;2025-12-27;9;1105
11;2025-12-27;10;1212
11;2025-12-27;11;1574
11;2025-12-27;12;1727
11;2025-12-27;13;1754
11;2025-12-27;14;1759
11;2025-12-27;15;1808
11;2025-12-27;16;1791
11;2025-12-27;17;1816
11;2025-12-27;18;1559
11;2025-12-27;19;1418
11;2025-12-27;20;1051
11;2025-12-27;21;748
11;2025-12-27;22;440
11;2025-12-27;23;303
11;2025-12-28;0;106
11;2025-12-28;1;11
11;2025-12-28;2;0
11;2025-12-28;3;0
11;2025-12-28;4;4
11;2025-12-28;5;139
11;2025-12-28;6;491
11;2025-12-28;7;493
11;2025-12-28;8;660
11;2025-12-28;9;915
11;2025-12-28;10;1044
11;2025-12-28;11;1443
11;2025-12-28;12;1573
11;2025-12-28;13;1613
11;2025-12-28;14;1641
11;2025-12-28;15;1666
11;2025-12-28;16;1622
11;2025-12-28;17;1658
11;2025-12-28;18;1347
11;2025-12-28;19;1205
11;2025-12-28;20;911
11;2025-12-28;21;693
11;2025-12-28;22;385
11;2025-12-28;23;227
11;2025-12-29;0;75
11;2025-12-29;1;7
11;2025-12-29;2;0
11;2025-12-29;3;0
11;2025-12-29;4;4
11;2025-12-29;5;286
11;2025-12-29;6;1292
11;2025-12-29;7;2250
11;2025-12-29;8;3122
11;2025-12-29;9;2418
11;2025-12-29;10;1801
11;2025-12-29;11;1807
11;2025-12-29;12;1810
11;2025-12-29;13;1945
11;2025-12-29;14;1923
11;2025-12-29;15;2033
11;2025-12-29;16;2247
11;2025-12-29;17;2858
11;2025-12-29;18;3078
11;2025-12-29;19;2337
11;2025-12-29;20;1465
11;2025-12-29;21;872
11;2025-12-29;22;416
11;2025-12-29;23;214
11;2025-12-30;0;67
11;2025-12-30;1;2
11;2025-12-30;2;0
11;2025-12-30;3;0
11;2025-12-30;4;5
11;2025-12-30;5;295
11;2025-12-30;6;1311
11;2025-12-30;7;2304
11;2025-12-30;8;3163
11;2025-12-30;9;2474
11;2025-12-30;10;1872
11;2025-12-30;11;1855
11;2025-12-30;12;1876
11;2025-12-30;13;2012
11;2025-12-30;14;1964
11;2025-12-30;15;2066
11;2025-12-30;16;2294
11;2025-12-30;17;2865
11;2025-12-30;18;3143
11;2025-12-30;19;2398
11;2025-12-30;20;1520
11;2025-12-30;21;905
11;2025-12-30;22;438
11;2025-12-30;23;222
11;2025-12-31;0;67
11;2025-12-31;1;1
11;2025-12-31;2;0
11;2025-12-31;3;0
11;2025-12-31;4;5
11;2025-12-31;5;297
11;2025-12-31;6;1312
11;2025-12-31;7;2303
11;2025-12-31;8;3163
11;2025-12-31;9;2473
11;2025-12-31;10;1872
11;2025-12-31;11;1855
11;2025-12-31;12;1876
11;2025-12-31;13;2011
11;2025-12-31;14;1963
11;2025-12-31;15;2063
11;2025-12-31;16;2281
11;2025-12-31;17;2862
11;2025-12-31;18;3143
11;2025-12-31;19;2398
11;2025-12-31;20;1520
11;2025-12-31;21;908
11;2025-12-31;22;460
11;2025-12-31;23;239
12;2025-11-01;0;91
12;2025-11-01;1;4
12;2025-11-01;2;0
12;2025-11-01;3;0
12;2025-11-01;4;2
12;2025-11-01;5;248
12;2025-11-01;6;820
12;2025-11-01;7;929
12;2025-11-01;8;1040
12;2025-11-01;9;1177
12;2025-11-01;10;1345
12;2025-11-01;11;1498
12;2025-11-01;12;1552
12;2025-11-01;13;1780
12;2025-11-01;14;1690
12;2025-11-01;15;1565
12;2025-11-01;16;1662
12;2025-11-01;17;1619
12;2025-11-01;18;1525
12;2025-11-01;19;1339
12;2025-11-01;20;1008
12;2025-11-01;21;678
12;2025-11-01;22;457
12;2025-11-01;23;291
12;2025-11-02;0;96
12;2025-11-02;1;6
12;2025-11-02;2;0
12;2025-11-02;3;0
12;2025-11-02;4;3
12;2025-11-02;5;191
12;2025-11-02;6;567
12;2025-11-02;7;676
12;2025-11-02;8;770
12;2025-11-02;9;950
12;2025-11-02;10;1146
12;2025-11-02;11;1354
12;2025-11-02;12;1406
12;2025-11-02;13;1663
12;2025-11-02;14;1567
12;2025-11-02;15;1424
12;2025-11-02;16;1497
12;2025-11-02;17;1473
12;2025-11-02;18;1333
12;2025-11-02;19;1111
12;2025-11-02;20;831
12;2025-11-02;21;620
12;2025-11-02;22;409
12;2025-11-02;23;218
12;2025-11-03;0;66
12;2025-11-03;1;3
12;2025-11-03;2;0
12;2025-11-03;3;0
12;2025-11-03;4;7
12;2025-11-03;5;345
12;2025-11-03;6;1451
12;2025-11-03;7;2642
12;2025-11-03;8;3518
12;2025-11-03;9;2456
12;2025-11-03;10;1994
12;2025-11-03;11;1955
12;2025-11-03;12;2015
12;2025-11-03;13;2051
12;2025-11-03;14;1986
12;2025-11-03;15;2295
12;2025-11-03;16;2792
12;2025-11-03;17;3067
12;2025-11-03;18;3133
12;2025-11-03;19;2444
12;2025-11-03;20;1574
12;2025-11-03;21;953
12;2025-11-03;22;488
12;2025-11-03;23;253
12;2025-11-04;0;56
12;2025-11-04;1;1
12;2025-11-04;2;0
12;2025-11-04;3;0
12;2025-11-04;4;8
12;2025-11-04;5;362
12;2025-11-04;6;1480
12;2025-11-04;7;2692
12;2025-11-04;8;3543
12;2025-11-04;9;2530
12;2025-11-04;10;2107
12;2025-11-04;11;2020
12;2025-11-04;12;2088
12;2025-11-04;13;2100
12;2025-11-04;14;2055
12;2025-11-04;15;2329
12;2025-11-04;16;2813
12;2025-11-04;17;3090
12;2025-11-04;18;3207
12;2025-11-04;19;2554
12;2025-11-04;20;1618
12;2025-11-04;21;982
12;2025-11-04;22;512
12;2025-11-04;23;261
12;2025-11-05;0;57
12;2025-11-05;1;1
12;2025-11-05;2;0
12;2025-11-05;3;0
12;2025-11-05;4;8
12;2025-11-05;5;364
12;2025-11-05;6;1481
12;2025-11-05;7;2692
12;2025-11-05;8;3543
12;2025-11-05;9;2530
12;2025-11-05;10;2107
12;2025-11-05;11;2020
12;2025-11-05;12;2088
12;2025-11-05;13;2100
12;2025-11-05;14;2054
12;2025-11-05;15;2328
12;2025-11-05;16;2810
12;2025-11-05;17;3089
12;2025-11-05;18;3206
12;2025-11-05;19;2554
12;2025-11-05;20;1618
12;2025-11-05;21;985
12;2025-11-05;22;526
12;2025-11-05;23;277
12;2025-11-06;0;59
12;2025-11-06;1;2
12;2025-11-06;2;0
12;2025-11-06;3;0
12;2025-11-06;4;8
12;2025-11-06;5;364
12;2025-11-06;6;1474
12;2025-11-06;7;2684
12;2025-11-06;8;3532
12;2025-11-06;9;2523
12;2025-11-06;10;2096
12;2025-11-06;11;2012
12;2025-11-06;12;2080
12;2025-11-06;13;2089
12;2025-11-06;14;2046
12;2025-11-06;15;2320
12;2025-11-06;16;2803
12;2025-11-06;17;3081
12;2025-11-06;18;3195
12;2025-11-06;19;2547
12;2025-11-06;20;1610
12;2025-11-06;21;984
12;2025-11-06;22;527
12;2025-11-06;23;280
12;2025-11-07;0;62
12;2025-11-07;1;3
12;2025-11-07;2;0
12;2025-11-07;3;0
12;2025-11-07;4;6
12;2025-11-07;5;354
12;2025-11-07;6;1447
12;2025-11-07;7;2644
12;2025-11-07;8;3462
12;2025-11-07;9;2456
12;2025-11-07;10;2030
12;2025-11-07;11;1973
12;2025-11-07;12;2037
12;2025-11-07;13;2063
12;2025-11-07;14;2003
12;2025-11-07;15;2344
12;2025-11-07;16;2830
12;2025-11-07;17;3036
12;2025-11-07;18;2945
12;2025-11-07;19;2422
12;2025-11-07;20;1554
12;2025-11-07;21;965
12;2025-11-07;22;527
12;2025-11-07;23;301
12;2025-11-08;0;91
12;2025-11-08;1;4
12;2025-11-08;2;0
12;2025-11-08;3;0
12;2025-11-08;4;2
12;2025-11-08;5;248
12;2025-11-08;6;820
12;2025-11-08;7;929
12;2025-11-08;8;1040
12;2025-11-08;9;1177
12;2025-11-08;10;1345
12;2025-11-08;11;1498
12;2025-11-08;12;1552
12;2025-11-08;13;1780
12;2025-11-08;14;1690
12;2025-11-08;15;1565
12;2025-11-08;16;1662
12;2025-11-08;17;1619
12;2025-11-08;18;1525
12;2025-11-08;19;1339
12;2025-11-08;20;1008
12;2025-11-08;21;678
12;2025-11-08;22;457
12;2025-11-08;23;291
12;2025-11-09;0;96
12;2025-11-09;1;6
12;2025-11-09;2;0
12;2025-11-09;3;0
12;2025-11-09;4;3
12;2025-11-09;5;191
12;2025-11-09;6;567
12;2025-11-09;7;676
12;2025-11-09;8;770
12;2025-11-09;9;950
12;2025-11-09;10;1146
12;2025-11-09;11;1354
12;2025-11-09;12;1406
12;2025-11-09;13;1663
12;2025-11-09;14;1567
12;2025-11-09;15;1424
12;2025-11-09;16;1497
12;2025-11-09;17;1473
12;2025-11-09;18;1333
12;2025-11-09;19;1111
12;2025-11-09;20;831
12;2025-11-09;21;620
12;2025-11-09;22;409
12;2025-11-09;23;218
12;2025-11-10;0;66
12;2025-11-10;1;3
12;2025-11-10;2;0
12;2025-11-10;3;0
12;2025-11-10;4;7
12;2025-11-10;5;345
12;2025-11-10;6;1451
12;2025-11-10;7;2642
12;2025-11-10;8;3518
12;2025-11-10;9;2456
12;2025-11-10;10;1994
12;2025-11-10;11;1955
12;2025-11-10;12;2015
12;2025-11-10;13;2051
12;2025-11-10;14;1986
12;2025-11-10;15;2295
12;2025-11-10;16;2792
12;2025-11-10;17;3067
12;2025-11-10;18;3133
12;2025-11-10;19;2444
12;2025-11-10;20;1574
12;2025-11-10;21;953
12;2025-11-10;22;488
12;2025-11-10;23;253
12;2025-11-11;0;56
12;2025-11-11;1;1
12;2025-11-11;2;0
12;2025-11-11;3;0
12;2025-11-11;4;8
12;2025-11-11;5;362
12;2025-11-11;6;1480
12;2025-11-11;7;2692
12;2025-11-11;8;3543
12;2025-11-11;9;2530
12;2025-11-11;10;2107
12;2025-11-11;11;2020
12;2025-11-11;12;2088
12;2025-11-11;13;2100
12;2025-11-11;14;2055
12;2025-11-11;15;2329
12;2025-11-11;16;2813
12;2025-11-11;17;3090
12;2025-11-11;18;3207
12;2025-11-11;19;2554
12;2025-11-11;20;1618
12;2025-11-11;21;982
12;2025-11-11;22;512
12;2025-11-11;23;261
12;2025-11-12;0;57
12;2025-11-12;1;1
12;2025-11-12;2;0
12;2025-11-12;3;0
12;2025-11-12;4;8
12;2025-11-12;5;364
12;2025-11-12;6;1481
12;2025-11-12;7;2692
12;2025-11-12;8;3543
12;2025-11-12;9;2530
12;2025-11-12;10;2107
12;2025-11-12;11;2020
12;2025-11-12;12;2088
12;2025-11-12;13;2100
12;2025-11-12;14;2054
12;2025-11-12;15;2328
12;2025-11-12;16;2810
12;2025-11-12;17;3089
12;2025-11-12;18;3206
12;2025-11-12;19;2554
12;2025-11-12;20;1618
12;2025-11-12;21;985
12;2025-11-12;22;526
12;2025-11-12;23;277
12;2025-11-13;0;59
12;2025-11-13;1;2
12;2025-11-13;2;0
12;2025-11-13;3;0
12;2025-11-13;4;8
12;2025-11-13;5;364
12;2025-11-13;6;1474
12;2025-11-13;7;2684
12;2025-11-13;8;3532
12;2025-11-13;9;2523
12;2025-11-13;10;2096
12;2025-11-13;11;2012
12;2025-11-13;12;2080
12;2025-11-13;13;2089
12;2025-11-13;14;2046
12;2025-11-13;15;2320
12;2025-11-13;16;2803
12;2025-11-13;17;3081
12;2025-11-13;18;3195
12;2025-11-13;19;2547
12;2025-11-13;20;1610
12;2025-11-13;21;984
12;2025-11-13;22;527
12;2025-11-13;23;280
12;2025-11-14;0;62
12;2025-11-14;1;3
12;2025-11-14;2;0
12;2025-11-14;3;0
12;2025-11-14;4;6
12;2025-11-14;5;354
12;2025-11-14;6;1447
12;2025-11-14;7;2644
12;2025-11-14;8;3462
12;2025-11-14;9;2456
12;2025-11-14;10;2030
12;2025-11-14;11;1973
12;2025-11-14;12;2037
12;2025-11-14;13;2063
12;2025-11-14;14;2003
12;2025-11-14;15;2344
12;2025-11-14;16;2830
12;2025-11-14;17;3036
12;2025-11-14;18;2945
12;2025-11-14;19;2422
12;2025-11-14;20;1554
12;2025-11-14;21;965
12;2025-11-14;22;527
12;2025-11-14;23;301
12;2025-11-15;0;91
12;2025-11-15;1;4
12;2025-11-15;2;0
12;2025-11-15;3;0
12;2025-11-15;4;2
12;2025-11-15;5;248
12;2025-11-15;6;820
12;2025-11-15;7;929
12;2025-11-15;8;1040
12;2025-11-15;9;1177
12;2025-11-15;10;1345
12;2025-11-15;11;1498
12;2025-11-15;12;1552
12;2025-11-15;13;1780
12;2025-11-15;14;1690
12;2025-11-15;15;1565
12;2025-11-15;16;1662
12;2025-11-15;17;1619
12;2025-11-15;18;1525
12;2025-11-15;19;1339
12;2025-11-15;20;1008
12;2025-11-15;21;678
12;2025-11-15;22;457
12;2025-11-15;23;291
12;2025-11-16;0;96
12;2025-11-16;1;6
12;2025-11-16;2;0
12;2025-11-16;3;0
12;2025-11-16;4;3
12;2025-11-16;5;191
12;2025-11-16;6;567
12;2025-11-16;7;676
12;2025-11-16;8;770
12;2025-11-16;9;950
12;2025-11-16;10;1146
12;2025-11-16;11;1354
12;2025-11-16;12;1406
12;2025-11-16;13;1663
12;2025-11-16;14;1567
12;2025-11-16;15;1424
12;2025-11-16;16;1497
12;2025-11-16;17;1473
12;2025-11-16;18;1333
12;2025-11-16;19;1111
12;2025-11-16;20;831
12;2025-11-16;21;620
12;2025-11-16;22;409
12;2025-11-16;23;218
12;2025-11-17;0;66
12;2025-11-17;1;3
12;2025-11-17;2;0
12;2025-11-17;3;0
12;2025-11-17;4;7
12;2025-11-17;5;345
12;2025-11-17;6;1451
12;2025-11-17;7;2642
12;2025-11-17;8;3518
12;2025-11-17;9;2456
12;2025-11-17;10;1994
12;2025-11-17;11;1955
12;2025-11-17;12;2015
12;2025-11-17;13;2051
12;2025-11-17;14;1986
12;2025-11-17;15;2295
12;2025-11-17;16;2792
12;2025-11-17;17;3067
12;2025-11-17;18;3133
12;2025-11-17;19;2444
12;2025-11-17;20;1574
12;2025-11-17;21;953
12;2025-11-17;22;488
12;2025-11-17;23;253
12;2025-11-18;0;56
12;2025-11-18;1;1
12;2025-11-18;2;0
12;2025-11-18;3;0
12;2025-11-18;4;8
12;2025-11-18;5;362
12;2025-11-18;6;1480
12;2025-11-18;7;2692
12;2025-11-18;8;3543
12;2025-11-18;9;2530
12;2025-11-18;10;2107
12;2025-11-18;11;2020
12;2025-11-18;12;2088
12;2025-11-18;13;2100
12;2025-11-18;14;2055
12;2025-11-18;15;2329
12;2025-11-18;16;2813
12;2025-11-18;17;3090
12;2025-11-18;18;3207
12;2025-11-18;19;2554
12;2025-11-18;20;1618
12;2025-11-18;21;982
12;2025-11-18;22;512
12;2025-11-18;23;261
12;2025-11-19;0;57
12;2025-11-19;1;1
12;2025-11-19;2;0
12;2025-11-19;3;0
12;2025-11-19;4;8
12;2025-11-19;5;364
12;2025-11-19;6;1481
12;2025-11-19;7;2692
12;2025-11-19;8;3543
12;2025-11-19;9;2530
12;2025-11-19;10;2107
12;2025-11-19;11;2020
12;2025-11-19;12;2088
12;2025-11-19;13;2100
12;2025-11-19;14;2054
12;2025-11-19;15;2328
12;2025-11-19;16;2810
12;2025-11-19;17;3089
12;2025-11-19;18;3206
12;2025-11-19;19;2554
12;2025-11-19;20;1618
12;2025-11-19;21;985
12;2025-11-19;22;526
12;2025-11-19;23;277
12;2025-11-20;0;59
12;2025-11-20;1;2
12;2025-11-20;2;0
12;2025-11-20;3;0
12;2025-11-20;4;8
12;2025-11-20;5;364
12;2025-11-20;6;1474
12;2025-11-20;7;2684
12;2025-11-20;8;3532
12;2025-11-20;9;2523
12;2025-11-20;10;2096
12;2025-11-20;11;2012
12;2025-11-20;12;2080
12;2025-11-20;13;2089
12;2025-11-20;14;2046
12;2025-11-20;15;2320
12;2025-11-20;16;2803
12;2025-11-20;17;3081
12;2025-11-20;18;3195
12;2025-11-20;19;2547
12;2025-11-20;20;1610
12;2025-11-20;21;984
12;2025-11-20;22;527
12;2025-11-20;23;280
12;2025-11-21;0;62
12;2025-11-21;1;3
12;2025-11-21;2;0
12;2025-11-21;3;0
12;2025-11-21;4;6
12;2025-11-21;5;354
12;2025-11-21;6;1447
12;2025-11-21;7;2644
12;2025-11-21;8;3462
12;2025-11-21;9;2456
12;2025-11-21;10;2030
12;2025-11-21;11;1973
12;2025-11-21;12;2037
12;2025-11-21;13;2063
12;2025-11-21;14;2003
12;2025-11-21;15;2344
12;2025-11-21;16;2830
12;2025-11-21;17;3036
12;2025-11-21;18;2945
12;2025-11-21;19;2422
12;2025-11-21;20;1554
12;2025-11-21;21;965
12;2025-11-21;22;527
12;2025-11-21;23;301
12;2025-11-22;0;91
12;2025-11-22;1;4
12;2025-11-22;2;0
12;2025-11-22;3;0
12;2025-11-22;4;2
12;2025-11-22;5;248
12;2025-11-22;6;820
12;2025-11-22;7;929
12;2025-11-22;8;1040
12;2025-11-22;9;1177
12;2025-11-22;10;1345
12;2025-11-22;11;1498
12;2025-11-22;12;1552
12;2025-11-22;13;1780
12;2025-11-22;14;1690
12;2025-11-22;15;1565
12;2025-11-22;16;1662
12;2025-11-22;17;1619
12;2025-11-22;18;1525
12;2025-11-22;19;1339
12;2025-11-22;20;1008
12;2025-11-22;21;678
12;2025-11-22;22;457
12;2025-11-22;23;291
12;2025-11-23;0;96
12;2025-11-23;1;6
12;2025-11-23;2;0
12;2025-11-23;3;0
12;2025-11-23;4;3
12;2025-11-23;5;191
12;2025-11-23;6;567
12;2025-11-23;7;676
12;2025-11-23;8;770
12;2025-11-23;9;950
12;2025-11-23;10;1146
12;2025-11-23;11;1354
12;2025-11-23;12;1406
12;2025-11-23;13;1663
12;2025-11-23;14;1567
12;2025-11-23;15;1424
12;2025-11-23;16;1497
12;2025-11-23;17;1473
12;2025-11-23;18;1333
12;2025-11-23;19;1111
12;2025-11-23;20;831
12;2025-11-23;21;620
12;2025-11-23;22;409
12;2025-11-23;23;218
12;2025-11-24;0;66
12;2025-11-24;1;3
12;2025-11-24;2;0
12;2025-11-24;3;0
12;2025-11-24;4;7
12;2025-11-24;5;345
12;2025-11-24;6;1451
12;2025-11-24;7;2642
12;2025-11-24;8;3518
12;2025-11-24;9;2456
12;2025-11-24;10;1994
12;2025-11-24;11;1955
12;2025-11-24;12;2015
12;2025-11-24;13;2051
12;2025-11-24;14;1986
12;2025-11-24;15;2295
12;2025-11-24;16;2792
12;2025-11-24;17;3067
12;2025-11-24;18;3133
12;2025-11-24;19;2444
12;2025-11-24;20;1574
12;2025-11-24;21;953
12;2025-11-24;22;488
12;2025-11-24;23;253
12;2025-11-25;0;56
12;2025-11-25;1;1
12;2025-11-25;2;0
12;2025-11-25;3;0
12;2025-11-25;4;8
12;2025-11-25;5;362
12;2025-11-25;6;1480
12;2025-11-25;7;2692
12;2025-11-25;8;3543
12;2025-11-25;9;2530
12;2025-11-25;10;2107
12;2025-11-25;11;2020
12;2025-11-25;12;2088
12;2025-11-25;13;2100
12;2025-11-25;14;2055
12;2025-11-25;15;2329
12;2025-11-25;16;2813
12;2025-11-25;17;3090
12;2025-11-25;18;3207
12;2025-11-25;19;2554
12;2025-11-25;20;1618
12;2025-11-25;21;982
12;2025-11-25;22;512
12;2025-11-25;23;261
12;2025-11-26;0;57
12;2025-11-26;1;1
12;2025-11-26;2;0
12;2025-11-26;3;0
12;2025-11-26;4;8
12;2025-11-26;5;364
12;2025-11-26;6;1481
12;2025-11-26;7;2692
12;2025-11-26;8;3543
12;2025-11-26;9;2530
12;2025-11-26;10;2107
12;2025-11-26;11;2020
12;2025-11-26;12;2088
12;2025-11-26;13;2100
12;2025-11-26;14;2054
12;2025-11-26;15;2328
12;2025-11-26;16;2810
12;2025-11-26;17;3089
12;2025-11-26;18;3206
12;2025-11-26;19;2554
12;2025-11-26;20;1618
12;2025-11-26;21;985
12;2025-11-26;22;526
12;2025-11-26;23;277
12;2025-11-27;0;59
12;2025-11-27;1;2
12;2025-11-27;2;0
12;2025-11-27;3;0
12;2025-11-27;4;8
12;2025-11-27;5;364
12;2025-11-27;6;1474
12;2025-11-27;7;2684
12;2025-11-27;8;3532
12;2025-11-27;9;2523
12;2025-11-27;10;2096
12;2025-11-27;11;2012
12;2025-11-27;12;2080
12;2025-11-27;13;2089
12;2025-11-27;14;2046
12;2025-11-27;15;2320
12;2025-11-27;16;2803
12;2025-11-27;17;3081
12;2025-11-27;18;3195
12;2025-11-27;19;2547
12;2025-11-27;20;1610
12;2025-11-27;21;984
12;2025-11-27;22;527
12;2025-11-27;23;280
12;2025-11-28;0;62
12;2025-11-28;1;3
12;2025-11-28;2;0
12;2025-11-28;3;0
12;2025-11-28;4;6
12;2025-11-28;5;354
12;2025-11-28;6;1447
12;2025-11-28;7;2644
12;2025-11-28;8;3462
12;2025-11-28;9;2456
12;2025-11-28;10;2030
12;2025-11-28;11;1973
12;2025-11-28;12;2037
12;2025-11-28;13;2063
12;2025-11-28;14;2003
12;2025-11-28;15;2344
12;2025-11-28;16;2830
12;2025-11-28;17;3036
12;2025-11-28;18;2945
12;2025-11-28;19;2422
12;2025-11-28;20;1554
12;2025-11-28;21;965
12;2025-11-28;22;527
12;2025-11-28;23;301
12;2025-11-29;0;91
12;2025-11-29;1;4
12;2025-11-29;2;0
12;2025-11-29;3;0
12;2025-11-29;4;2
12;2025-11-29;5;248
12;2025-11-29;6;820
12;2025-11-29;7;929
12;2025-11-29;8;1040
12;2025-11-29;9;1177
12;2025-11-29;10;1345
12;2025-11-29;11;1498
12;2025-11-29;12;1552
12;2025-11-29;13;1780
12;2025-11-29;14;1690
12;2025-11-29;15;1565
12;2025-11-29;16;1662
12;2025-11-29;17;1619
12;2025-11-29;18;1525
12;2025-11-29;19;1339
12;2025-11-29;20;1008
12;2025-11-29;21;678
12;2025-11-29;22;457
12;2025-11-29;23;291
12;2025-11-30;0;96
12;2025-11-30;1;6
12;2025-11-30;2;0
12;2025-11-30;3;0
12;2025-11-30;4;3
12;2025-11-30;5;191
12;2025-11-30;6;567
12;2025-11-30;7;676
12;2025-11-30;8;770
12;2025-11-30;9;950
12;2025-11-30;10;1146
12;2025-11-30;11;1354
12;2025-11-30;12;1406
12;2025-11-30;13;1663
12;2025-11-30;14;1567
12;2025-11-30;15;1424
12;2025-11-30;16;1497
12;2025-11-30;17;1473
12;2025-11-30;18;1333
12;2025-11-30;19;1111
12;2025-11-30;20;831
12;2025-11-30;21;620
12;2025-11-30;22;409
12;2025-11-30;23;218
12;2025-12-01;0;59
12;2025-12-01;1;4
12;2025-12-01;2;0
12;2025-12-01;3;0
12;2025-12-01;4;4
12;2025-12-01;5;326
12;2025-12-01;6;1362
12;2025-12-01;7;2578
12;2025-12-01;8;3467
12;2025-12-01;9;2383
12;2025-12-01;10;1961
12;2025-12-01;11;1907
12;2025-12-01;12;1973
12;2025-12-01;13;1993
12;2025-12-01;14;1946
12;2025-12-01;15;2249
12;2025-12-01;16;2782
12;2025-12-01;17;3073
12;2025-12-01;18;3135
12;2025-12-01;19;2434
12;2025-12-01;20;1491
12;2025-12-01;21;938
12;2025-12-01;22;450
12;2025-12-01;23;232
12;2025-12-02;0;51
12;2025-12-02;1;3
12;2025-12-02;2;0
12;2025-12-02;3;0
12;2025-12-02;4;6
12;2025-12-02;5;343
12;2025-12-02;6;1391
12;2025-12-02;7;2628
12;2025-12-02;8;3491
12;2025-12-02;9;2458
12;2025-12-02;10;2069
12;2025-12-02;11;1971
12;2025-12-02;12;2046
12;2025-12-02;13;2042
12;2025-12-02;14;2015
12;2025-12-02;15;2283
12;2025-12-02;16;2803
12;2025-12-02;17;3096
12;2025-12-02;18;3209
12;2025-12-02;19;2545
12;2025-12-02;20;1535
12;2025-12-02;21;967
12;2025-12-02;22;478
12;2025-12-02;23;239
12;2025-12-03;0;50
12;2025-12-03;1;3
12;2025-12-03;2;0
12;2025-12-03;3;0
12;2025-12-03;4;6
12;2025-12-03;5;345
12;2025-12-03;6;1392
12;2025-12-03;7;2627
12;2025-12-03;8;3491
12;2025-12-03;9;2458
12;2025-12-03;10;2069
12;2025-12-03;11;1971
12;2025-12-03;12;2046
12;2025-12-03;13;2042
12;2025-12-03;14;2013
12;2025-12-03;15;2282
12;2025-12-03;16;2800
12;2025-12-03;17;3095
12;2025-12-03;18;3208
12;2025-12-03;19;2545
12;2025-12-03;20;1535
12;2025-12-03;21;970
12;2025-12-03;22;499
12;2025-12-03;23;255
12;2025-12-04;0;52
12;2025-12-04;1;3
12;2025-12-04;2;0
12;2025-12-04;3;0
12;2025-12-04;4;6
12;2025-12-04;5;344
12;2025-12-04;6;1392
12;2025-12-04;7;2627
12;2025-12-04;8;3487
12;2025-12-04;9;2458
12;2025-12-04;10;2065
12;2025-12-04;11;1971
12;2025-12-04;12;2046
12;2025-12-04;13;2038
12;2025-12-04;14;2013
12;2025-12-04;15;2282
12;2025-12-04;16;2800
12;2025-12-04;17;3095
12;2025-12-04;18;3204
12;2025-12-04;19;2545
12;2025-12-04;20;1535
12;2025-12-04;21;970
12;2025-12-04;22;500
12;2025-12-04;23;260
12;2025-12-05;0;57
12;2025-12-05;1;4
12;2025-12-05;2;0
12;2025-12-05;3;0
12;2025-12-05;4;4
12;2025-12-05;5;334
12;2025-12-05;6;1365
12;2025-12-05;7;2587
12;2025-12-05;8;3397
12;2025-12-05;9;2391
12;2025-12-05;10;1999
12;2025-12-05;11;1932
12;2025-12-05;12;2003
12;2025-12-05;13;2013
12;2025-12-05;14;1970
12;2025-12-05;15;2305
12;2025-12-05;16;2827
12;2025-12-05;17;3050
12;2025-12-05;18;2934
12;2025-12-05;19;2420
12;2025-12-05;20;1479
12;2025-12-05;21;950
12;2025-12-05;22;500
12;2025-12-05;23;280
12;2025-12-06;0;85
12;2025-12-06;1;6
12;2025-12-06;2;0
12;2025-12-06;3;0
12;2025-12-06;4;0
12;2025-12-06;5;224
12;2025-12-06;6;768
12;2025-12-06;7;875
12;2025-12-06;8;978
12;2025-12-06;9;1140
12;2025-12-06;10;1327
12;2025-12-06;11;1456
12;2025-12-06;12;1496
12;2025-12-06;13;1719
12;2025-12-06;14;1644
12;2025-12-06;15;1489
12;2025-12-06;16;1609
12;2025-12-06;17;1551
12;2025-12-06;18;1424
12;2025-12-06;19;1323
12;2025-12-06;20;980
12;2025-12-06;21;660
12;2025-12-06;22;427
12;2025-12-06;23;274
12;2025-12-07;0;89
12;2025-12-07;1;9
12;2025-12-07;2;0
12;2025-12-07;3;0
12;2025-12-07;4;1
12;2025-12-07;5;171
12;2025-12-07;6;500
12;2025-12-07;7;612
12;2025-12-07;8;703
12;2025-12-07;9;913
12;2025-12-07;10;1133
12;2025-12-07;11;1311
12;2025-12-07;12;1351
12;2025-12-07;13;1602
12;2025-12-07;14;1521
12;2025-12-07;15;1347
12;2025-12-07;16;1444
12;2025-12-07;17;1405
12;2025-12-07;18;1232
12;2025-12-07;19;1096
12;2025-12-07;20;803
12;2025-12-07;21;598
12;2025-12-07;22;376
12;2025-12-07;23;197
12;2025-12-08;0;59
12;2025-12-08;1;4
12;2025-12-08;2;0
12;2025-12-08;3;0
12;2025-12-08;4;4
12;2025-12-08;5;326
12;2025-12-08;6;1362
12;2025-12-08;7;2578
12;2025-12-08;8;3467
12;2025-12-08;9;2383
12;2025-12-08;10;1961
12;2025-12-08;11;1907
12;2025-12-08;12;1973
12;2025-12-08;13;1993
12;2025-12-08;14;1946
12;2025-12-08;15;2249
12;2025-12-08;16;2782
12;2025-12-08;17;3073
12;2025-12-08;18;3135
12;2025-12-08;19;2434
12;2025-12-08;20;1491
12;2025-12-08;21;938
12;2025-12-08;22;450
12;2025-12-08;23;232
12;2025-12-09;0;51
12;2025-12-09;1;3
12;2025-12-09;2;0
12;2025-12-09;3;0
12;2025-12-09;4;6
12;2025-12-09;5;343
12;2025-12-09;6;1391
12;2025-12-09;7;2628
12;2025-12-09;8;3491
12;2025-12-09;9;2458
12;2025-12-09;10;2069
12;2025-12-09;11;1971
12;2025-12-09;12;2046
12;2025-12-09;13;2042
12;2025-12-09;14;2015
12;2025-12-09;15;2283
12;2025-12-09;16;2803
12;2025-12-09;17;3096
12;2025-12-09;18;3209
12;2025-12-09;19;2545
12;2025-12-09;20;1535
12;2025-12-09;21;967
12;2025-12-09;22;478
12;2025-12-09;23;239
12;2025-12-10;0;50
12;2025-12-10;1;3
12;2025-12-10;2;0
12;2025-12-10;3;0
12;2025-12-10;4;6
12;2025-12-10;5;345
12;2025-12-10;6;1392
12;2025-12-10;7;2627
12;2025-12-10;8;3491
12;2025-12-10;9;2458
12;2025-12-10;10;2069
12;2025-12-10;11;1971
12;2025-12-10;12;2046
12;2025-12-10;13;2042
12;2025-12-10;14;2013
12;2025-12-10;15;2282
12;2025-12-10;16;2800
12;2025-12-10;17;3095
12;2025-12-10;18;3208
12;2025-12-10;19;2545
12;2025-12-10;20;1535
12;2025-12-10;21;970
12;2025-12-10;22;499
12;2025-12-10;23;255
12;2025-12-11;0;52
12;2025-12-11;1;3
12;2025-12-11;2;0
12;2025-12-11;3;0
12;2025-12-11;4;6
12;2025-12-11;5;344
12;2025-12-11;6;1392
12;2025-12-11;7;2627
12;2025-12-11;8;3487
12;2025-12-11;9;2458
12;2025-12-11;10;2065
12;2025-12-11;11;1971
12;2025-12-11;12;2046
12;2025-12-11;13;2038
12;2025-12-11;14;2013
12;2025-12-11;15;2282
12;2025-12-11;16;2800
12;2025-12-11;17;3095
12;2025-12-11;18;3204
12;2025-12-11;19;2545
12;2025-12-11;20;1535
12;2025-12-11;21;970
12;2025-12-11;22;500
12;2025-12-11;23;260
12;2025-12-12;0;57
12;2025-12-12;1;4
12;2025-12-12;2;0
12;2025-12-12;3;0
12;2025-12-12;4;4
12;2025-12-12;5;334
12;2025-12-12;6;1365
12;2025-12-12;7;2587
12;2025-12-12;8;3397
12;2025-12-12;9;2391
12;2025-12-12;10;1999
12;2025-12-12;11;1932
12;2025-12-12;12;2003
12;2025-12-12;13;2013
12;2025-12-12;14;1970
12;2025-12-12;15;2305
12;2025-12-12;16;2827
12;2025-12-12;17;3050
12;2025-12-12;18;2934
12;2025-12-12;19;2420
12;2025-12-12;20;1479
12;2025-12-12;21;950
12;2025-12-12;22;500
12;2025-12-12;23;280
12;2025-12-13;0;85
12;2025-12-13;1;6
12;2025-12-13;2;0
12;2025-12-13;3;0
12;2025-12-13;4;0
12;2025-12-13;5;224
12;2025-12-13;6;768
12;2025-12-13;7;875
12;2025-12-13;8;978
12;2025-12-13;9;1140
12;2025-12-13;10;1327
12;2025-12-13;11;1456
12;2025-12-13;12;1496
12;2025-12-13;13;1719
12;2025-12-13;14;1644
12;2025-12-13;15;1489
12;2025-12-13;16;1609
12;2025-12-13;17;1551
12;2025-12-13;18;1424
12;2025-12-13;19;1323
12;2025-12-13;20;980
12;2025-12-13;21;660
12;2025-12-13;22;427
12;2025-12-13;23;274
12;2025-12-14;0;89
12;2025-12-14;1;9
12;2025-12-14;2;0
12;2025-12-14;3;0
12;2025-12-14;4;1
12;2025-12-14;5;171
12;2025-12-14;6;500
12;2025-12-14;7;612
12;2025-12-14;8;703
12;2025-12-14;9;913
12;2025-12-14;10;1133
12;2025-12-14;11;1311
12;2025-12-14;12;1351
12;2025-12-14;13;1602
12;2025-12-14;14;1521
12;2025-12-14;15;1347
12;2025-12-14;16;1444
12;2025-12-14;17;1405
12;2025-12-14;18;1232
12;2025-12-14;19;1096
12;2025-12-14;20;803
12;2025-12-14;21;598
12;2025-12-14;22;376
12;2025-12-14;23;197
12;2025-12-15;0;59
12;2025-12-15;1;4
12;2025-12-15;2;0
12;2025-12-15;3;0
12;2025-12-15;4;4
12;2025-12-15;5;326
12;2025-12-15;6;1362
12;2025-12-15;7;2578
12;2025-12-15;8;3467
12;2025-12-15;9;2383
12;2025-12-15;10;1961
12;2025-12-15;11;1907
12;2025-12-15;12;1973
12;2025-12-15;13;1993
12;2025-12-15;14;1946
12;2025-12-15;15;2249
12;2025-12-15;16;2782
12;2025-12-15;17;3073
12;2025-12-15;18;3135
12;2025-12-15;19;2434
12;2025-12-15;20;1491
12;2025-12-15;21;938
12;2025-12-15;22;450
12;2025-12-15;23;232
12;2025-12-16;0;51
12;2025-12-16;1;3
12;2025-12-16;2;0
12;2025-12-16;3;0
12;2025-12-16;4;6
12;2025-12-16;5;343
12;2025-12-16;6;1391
12;2025-12-16;7;2628
12;2025-12-16;8;3491
12;2025-12-16;9;2458
12;2025-12-16;10;2069
12;2025-12-16;11;1971
12;2025-12-16;12;2046
12;2025-12-16;13;2042
12;2025-12-16;14;2015
12;2025-12-16;15;2283
12;2025-12-16;16;2803
12;2025-12-16;17;3096
12;2025-12-16;18;3209
12;2025-12-16;19;2545
12;2025-12-16;20;1535
12;2025-12-16;21;967
12;2025-12-16;22;478
12;2025-12-16;23;239
12;2025-12-17;0;50
12;2025-12-17;1;3
12;2025-12-17;2;0
12;2025-12-17;3;0
12;2025-12-17;4;6
12;2025-12-17;5;345
12;2025-12-17;6;1392
12;2025-12-17;7;2627
12;2025-12-17;8;3491
12;2025-12-17;9;2458
12;2025-12-17;10;2069
12;2025-12-17;11;1971
12;2025-12-17;12;2046
12;2025-12-17;13;2042
12;2025-12-17;14;2013
12;2025-12-17;15;2282
12;2025-12-17;16;2800
12;2025-12-17;17;3095
12;2025-12-17;18;3208
12;2025-12-17;19;2545
12;2025-12-17;20;1535
12;2025-12-17;21;970
12;2025-12-17;22;499
12;2025-12-17;23;255
12;2025-12-18;0;52
12;2025-12-18;1;3
12;2025-12-18;2;0
12;2025-12-18;3;0
12;2025-12-18;4;6
12;2025-12-18;5;344
12;2025-12-18;6;1392
12;2025-12-18;7;2627
12;2025-12-18;8;3487
12;2025-12-18;9;2458
12;2025-12-18;10;2065
12;2025-12-18;11;1971
12;2025-12-18;12;2046
12;2025-12-18;13;2038
12;2025-12-18;14;2013
12;2025-12-18;15;2282
12;2025-12-18;16;2800
12;2025-12-18;17;3095
12;2025-12-18;18;3204
12;2025-12-18;19;2545
12;2025-12-18;20;1535
12;2025-12-18;21;970
12;2025-12-18;22;500
12;2025-12-18;23;260
12;2025-12-19;0;57
12;2025-12-19;1;4
12;2025-12-19;2;0
12;2025-12-19;3;0
12;2025-12-19;4;4
12;2025-12-19;5;334
12;2025-12-19;6;1365
12;2025-12-19;7;2587
12;2025-12-19;8;3397
12;2025-12-19;9;2391
12;2025-12-19;10;1999
12;2025-12-19;11;1932
12;2025-12-19;12;2003
12;2025-12-19;13;2013
12;2025-12-19;14;1970
12;2025-12-19;15;2305
12;2025-12-19;16;2827
12;2025-12-19;17;3050
12;2025-12-19;18;2934
12;2025-12-19;19;2420
12;2025-12-19;20;1479
12;2025-12-19;21;950
12;2025-12-19;22;500
12;2025-12-19;23;280
12;2025-12-20;0;85
12;2025-12-20;1;6
12;2025-12-20;2;0
12;2025-12-20;3;0
12;2025-12-20;4;0
12;2025-12-20;5;224
12;2025-12-20;6;768
12;2025-12-20;7;875
12;2025-12-20;8;978
12;2025-12-20;9;1140
12;2025-12-20;10;1327
12;2025-12-20;11;1456
12;2025-12-20;12;1496
12;2025-12-20;13;1719
12;2025-12-20;14;1644
12;2025-12-20;15;1489
12;2025-12-20;16;1609
12;2025-12-20;17;1551
12;2025-12-20;18;1424
12;2025-12-20;19;1323
12;2025-12-20;20;980
12;2025-12-20;21;660
12;2025-12-20;22;427
12;2025-12-20;23;274
12;2025-12-21;0;89
12;2025-12-21;1;9
12;2025-12-21;2;0
12;2025-12-21;3;0
12;2025-12-21;4;1
12;2025-12-21;5;171
12;2025-12-21;6;500
12;2025-12-21;7;612
12;2025-12-21;8;703
12;2025-12-21;9;913
12;2025-12-21;10;1133
12;2025-12-21;11;1311
12;2025-12-21;12;1351
12;2025-12-21;13;1602
12;2025-12-21;14;1521
12;2025-12-21;15;1347
12;2025-12-21;16;1444
12;2025-12-21;17;1405
12;2025-12-21;18;1232
12;2025-12-21;19;1096
12;2025-12-21;20;803
12;2025-12-21;21;598
12;2025-12-21;22;376
12;2025-12-21;23;197
12;2025-12-22;0;59
12;2025-12-22;1;4
12;2025-12-22;2;0
12;2025-12-22;3;0
12;2025-12-22;4;4
12;2025-12-22;5;326
12;2025-12-22;6;1362
12;2025-12-22;7;2578
12;2025-12-22;8;3467
12;2025-12-22;9;2383
12;2025-12-22;10;1961
12;2025-12-22;11;1907
12;2025-12-22;12;1973
12;2025-12-22;13;1993
12;2025-12-22;14;1946
12;2025-12-22;15;2249
12;2025-12-22;16;2782
12;2025-12-22;17;3073
12;2025-12-22;18;3135
12;2025-12-22;19;2434
12;2025-12-22;20;1491
12;2025-12-22;21;938
12;2025-12-22;22;450
12;2025-12-22;23;232
12;2025-12-23;0;51
12;2025-12-23;1;3
12;2025-12-23;2;0
12;2025-12-23;3;0
12;2025-12-23;4;6
12;2025-12-23;5;343
12;2025-12-23;6;1391
12;2025-12-23;7;2628
12;2025-12-23;8;3491
12;2025-12-23;9;2458
12;2025-12-23;10;2069
12;2025-12-23;11;1971
12;2025-12-23;12;2046
12;2025-12-23;13;2042
12;2025-12-23;14;2015
12;2025-12-23;15;2283
12;2025-12-23;16;2803
12;2025-12-23;17;3096
12;2025-12-23;18;3209
12;2025-12-23;19;2545
12;2025-12-23;20;1535
12;2025-12-23;21;967
12;2025-12-23;22;478
12;2025-12-23;23;239
12;2025-12-24;0;50
12;2025-12-24;1;3
12;2025-12-24;2;0
12;2025-12-24;3;0
12;2025-12-24;4;6
12;2025-12-24;5;345
12;2025-12-24;6;1392
12;2025-12-24;7;2627
12;2025-12-24;8;3491
12;2025-12-24;9;2458
12;2025-12-24;10;2069
12;2025-12-24;11;1971
12;2025-12-24;12;2046
12;2025-12-24;13;2042
12;2025-12-24;14;2013
12;2025-12-24;15;2282
12;2025-12-24;16;2800
12;2025-12-24;17;3095
12;2025-12-24;18;3208
12;2025-12-24;19;2545
12;2025-12-24;20;1535
12;2025-12-24;21;970
12;2025-12-24;22;499
12;2025-12-24;23;255
12;2025-12-25;0;52
12;2025-12-25;1;3
12;2025-12-25;2;0
12;2025-12-25;3;0
12;2025-12-25;4;6
12;2025-12-25;5;344
12;2025-12-25;6;1392
12;2025-12-25;7;2627
12;2025-12-25;8;3487
12;2025-12-25;9;2458
12;2025-12-25;10;2065
12;2025-12-25;11;1971
12;2025-12-25;12;2046
12;2025-12-25;13;2038
12;2025-12-25;14;2013
12;2025-12-25;15;2282
12;2025-12-25;16;2800
12;2025-12-25;17;3095
12;2025-12-25;18;3204
12;2025-12-25;19;2545
12;2025-12-25;20;1535
12;2025-12-25;21;970
12;2025-12-25;22;500
12;2025-12-25;23;260
12;2025-12-26;0;57
12;2025-12-26;1;4
12;2025-12-26;2;0
12;2025-12-26;3;0
12;2025-12-26;4;4
12;2025-12-26;5;334
12;2025-12-26;6;1365
12;2025-12-26;7;2587
12;2025-12-26;8;3397
12;2025-12-26;9;2391
12;2025-12-26;10;1999
12;2025-12-26;11;1932
12;2025-12-26;12;2003
12;2025-12-26;13;2013
12;2025-12-26;14;1970
12;2025-12-26;15;2305
12;2025-12-26;16;2827
12;2025-12-26;17;3050
12;2025-12-26;18;2934
12;2025-12-26;19;2420
12;2025-12-26;20;1479
12;2025-12-26;21;950
12;2025-12-26;22;500
12;2025-12-26;23;280
12;2025-12-27;0;85
12;2025-12-27;1;6
12;2025-12-27;2;0
12;2025-12-27;3;0
12;2025-12-27;4;0
12;2025-12-27;5;224
12;2025-12-27;6;768
12;2025-12-27;7;875
12;2025-12-27;8;978
12;2025-12-27;9;1140
12;2025-12-27;10;1327
12;2025-12-27;11;1456
12;2025-12-27;12;1496
12;2025-12-27;13;1719
12;2025-12-27;14;1644
12;2025-12-27;15;1489
12;2025-12-27;16;1609
12;2025-12-27;17;1551
12;2025-12-27;18;1424
12;2025-12-27;19;1323
12;2025-12-27;20;980
12;2025-12-27;21;660
12;2025-12-27;22;427
12;2025-12-27;23;274
12;2025-12-28;0;89
12;2025-12-28;1;9
12;2025-12-28;2;0
12;2025-12-28;3;0
12;2025-12-28;4;1
12;2025-12-28;5;171
12;2025-12-28;6;500
12;2025-12-28;7;612
12;2025-12-28;8;703
12;2025-12-28;9;913
12;2025-12-28;10;1133
12;2025-12-28;11;1311
12;2025-12-28;12;1351
12;2025-12-28;13;1602
12;2025-12-28;14;1521
12;2025-12-28;15;1347
12;2025-12-28;16;1444
12;2025-12-28;17;1405
12;2025-12-28;18;1232
12;2025-12-28;19;1096
12;2025-12-28;20;803
12;2025-12-28;21;598
12;2025-12-28;22;376
12;2025-12-28;23;197
12;2025-12-29;0;59
12;2025-12-29;1;4
12;2025-12-29;2;0
12;2025-12-29;3;0
12;2025-12-29;4;4
12;2025-12-29;5;326
12;2025-12-29;6;1362
12;2025-12-29;7;2578
12;2025-12-29;8;3467
12;2025-12-29;9;2383
12;2025-12-29;10;1961
12;2025-12-29;11;1907
12;2025-12-29;12;1973
12;2025-12-29;13;1993
12;2025-12-29;14;1946
12;2025-12-29;15;2249
12;2025-12-29;16;2782
12;2025-12-29;17;3073
12;2025-12-29;18;3135
12;2025-12-29;19;2434
12;2025-12-29;20;1491
12;2025-12-29;21;938
12;2025-12-29;22;450
12;2025-12-29;23;232
12;2025-12-30;0;51
12;2025-12-30;1;3
12;2025-12-30;2;0
12;2025-12-30;3;0
12;2025-12-30;4;6
12;2025-12-30;5;343
12;2025-12-30;6;1391
12;2025-12-30;7;2628
12;2025-12-30;8;3491
12;2025-12-30;9;2458
12;2025-12-30;10;2069
12;2025-12-30;11;1971
12;2025-12-30;12;2046
12;2025-12-30;13;2042
12;2025-12-30;14;2015
12;2025-12-30;15;2283
12;2025-12-30;16;2803
12;2025-12-30;17;3096
12;2025-12-30;18;3209
12;2025-12-30;19;2545
12;2025-12-30;20;1535
12;2025-12-30;21;967
12;2025-12-30;22;478
12;2025-12-30;23;239
12;2025-12-31;0;50
12;2025-12-31;1;3
12;2025-12-31;2;0
12;2025-12-31;3;0
12;2025-12-31;4;6
12;2025-12-31;5;345
12;2025-12-31;6;1392
12;2025-12-31;7;2627
12;2025-12-31;8;3491
12;2025-12-31;9;2458
12;2025-12-31;10;2069
12;2025-12-31;11;1971
12;2025-12-31;12;2046
12;2025-12-31;13;2042
12;2025-12-31;14;2013
12;2025-12-31;15;2282
12;2025-12-31;16;2800
12;2025-12-31;17;3095
12;2025-12-31;18;3208
12;2025-12-31;19;2545
12;2025-12-31;20;1535
12;2025-12-31;21;970
12;2025-12-31;22;499
12;2025-12-31;23;255
17;2025-11-01;0;210
17;2025-11-01;1;23
17;2025-11-01;2;0
17;2025-11-01;3;0
17;2025-11-01;4;4
17;2025-11-01;5;130
17;2025-11-01;6;553
17;2025-11-01;7;1111
17;2025-11-01;8;1731
17;2025-11-01;9;1949
17;2025-11-01;10;2194
17;2025-11-01;11;2655
17;2025-11-01;12;2901
17;2025-11-01;13;3206
17;2025-11-01;14;3266
17;2025-11-01;15;3313
17;2025-11-01;16;3194
17;2025-11-01;17;3236
17;2025-11-01;18;2920
17;2025-11-01;19;2329
17;2025-11-01;20;1813
17;2025-11-01;21;1314
17;2025-11-01;22;883
17;2025-11-01;23;441
17;2025-11-02;0;191
17;2025-11-02;1;25
17;2025-11-02;2;0
17;2025-11-02;3;0
17;2025-11-02;4;2
17;2025-11-02;5;96
17;2025-11-02;6;409
17;2025-11-02;7;827
17;2025-11-02;8;1279
17;2025-11-02;9;1665
17;2025-11-02;10;1942
17;2025-11-02;11;2481
17;2025-11-02;12;2823
17;2025-11-02;13;3110
17;2025-11-02;14;3185
17;2025-11-02;15;3213
17;2025-11-02;16;3097
17;2025-11-02;17;3016
17;2025-11-02;18;2611
17;2025-11-02;19;2149
17;2025-11-02;20;1631
17;2025-11-02;21;1199
17;2025-11-02;22;751
17;2025-11-02;23;340
17;2025-11-03;0;127
17;2025-11-03;1;12
17;2025-11-03;2;0
17;2025-11-03;3;0
17;2025-11-03;4;25
17;2025-11-03;5;297
17;2025-11-03;6;1480
17;2025-11-03;7;3912
17;2025-11-03;8;5141
17;2025-11-03;9;3821
17;2025-11-03;10;2929
17;2025-11-03;11;2885
17;2025-11-03;12;2946
17;2025-11-03;13;3021
17;2025-11-03;14;3087
17;2025-11-03;15;3259
17;2025-11-03;16;3696
17;2025-11-03;17;4479
17;2025-11-03;18;4861
17;2025-11-03;19;3362
17;2025-11-03;20;2328
17;2025-11-03;21;1490
17;2025-11-03;22;822
17;2025-11-03;23;359
17;2025-11-04;0;130
17;2025-11-04;1;10
17;2025-11-04;2;0
17;2025-11-04;3;0
17;2025-11-04;4;25
17;2025-11-04;5;310
17;2025-11-04;6;1495
17;2025-11-04;7;3952
17;2025-11-04;8;5170
17;2025-11-04;9;3849
17;2025-11-04;10;3007
17;2025-11-04;11;2934
17;2025-11-04;12;2997
17;2025-11-04;13;3075
17;2025-11-04;14;3148
17;2025-11-04;15;3316
17;2025-11-04;16;3750
17;2025-11-04;17;4512
17;2025-11-04;18;4896
17;2025-11-04;19;3444
17;2025-11-04;20;2401
17;2025-11-04;21;1531
17;2025-11-04;22;875
17;2025-11-04;23;384
17;2025-11-05;0;132
17;2025-11-05;1;11
17;2025-11-05;2;0
17;2025-11-05;3;0
17;2025-11-05;4;26
17;2025-11-05;5;315
17;2025-11-05;6;1497
17;2025-11-05;7;3942
17;2025-11-05;8;5168
17;2025-11-05;9;3849
17;2025-11-05;10;3006
17;2025-11-05;11;2946
17;2025-11-05;12;2996
17;2025-11-05;13;3102
17;2025-11-05;14;3150
17;2025-11-05;15;3303
17;2025-11-05;16;3728
17;2025-11-05;17;4490
17;2025-11-05;18;4895
17;2025-11-05;19;3444
17;2025-11-05;20;2401
17;2025-11-05;21;1535
17;2025-11-05;22;878
17;2025-11-05;23;399
17;2025-11-06;0;145
17;2025-11-06;1;10
17;2025-11-06;2;0
17;2025-11-06;3;0
17;2025-11-06;4;25
17;2025-11-06;5;315
17;2025-11-06;6;1489
17;2025-11-06;7;3934
17;2025-11-06;8;5107
17;2025-11-06;9;3838
17;2025-11-06;10;2998
17;2025-11-06;11;2938
17;2025-11-06;12;2989
17;2025-11-06;13;3080
17;2025-11-06;14;3142
17;2025-11-06;15;3295
17;2025-11-06;16;3725
17;2025-11-06;17;4479
17;2025-11-06;18;4855
17;2025-11-06;19;3432
17;2025-11-06;20;2393
17;2025-11-06;21;1528
17;2025-11-06;22;878
17;2025-11-06;23;408
17;2025-11-07;0;145
17;2025-11-07;1;17
17;2025-11-07;2;0
17;2025-11-07;3;0
17;2025-11-07;4;24
17;2025-11-07;5;303
17;2025-11-07;6;1475
17;2025-11-07;7;3875
17;2025-11-07;8;4950
17;2025-11-07;9;3757
17;2025-11-07;10;2958
17;2025-11-07;11;2931
17;2025-11-07;12;3014
17;2025-11-07;13;3094
17;2025-11-07;14;3156
17;2025-11-07;15;3333
17;2025-11-07;16;3762
17;2025-11-07;17;4487
17;2025-11-07;18;4614
17;2025-11-07;19;3300
17;2025-11-07;20;2346
17;2025-11-07;21;1517
17;2025-11-07;22;873
17;2025-11-07;23;433
17;2025-11-08;0;210
17;2025-11-08;1;23
17;2025-11-08;2;0
17;2025-11-08;3;0
17;2025-11-08;4;4
17;2025-11-08;5;130
17;2025-11-08;6;553
17;2025-11-08;7;1111
17;2025-11-08;8;1731
17;2025-11-08;9;1949
17;2025-11-08;10;2194
17;2025-11-08;11;2655
17;2025-11-08;12;2901
17;2025-11-08;13;3206
17;2025-11-08;14;3266
17;2025-11-08;15;3313
17;2025-11-08;16;3194
17;2025-11-08;17;3236
17;2025-11-08;18;2920
17;2025-11-08;19;2329
17;2025-11-08;20;1813
17;2025-11-08;21;1314
17;2025-11-08;22;883
17;2025-11-08;23;441
17;2025-11-09;0;191
17;2025-11-09;1;25
17;2025-11-09;2;0
17;2025-11-09;3;0
17;2025-11-09;4;2
17;2025-11-09;5;96
17;2025-11-09;6;409
17;2025-11-09;7;827
17;2025-11-09;8;1279
17;2025-11-09;9;1665
17;2025-11-09;10;1942
17;2025-11-09;11;2481
17;2025-11-09;12;2823
17;2025-11-09;13;3110
17;2025-11-09;14;3185
17;2025-11-09;15;3213
17;2025-11-09;16;3097
17;2025-11-09;17;3016
17;2025-11-09;18;2611
17;2025-11-09;19;2149
17;2025-11-09;20;1631
17;2025-11-09;21;1199
17;2025-11-09;22;751
17;2025-11-09;23;340
17;2025-11-10;0;127
17;2025-11-10;1;12
17;2025-11-10;2;0
17;2025-11-10;3;0
17;2025-11-10;4;25
17;2025-11-10;5;297
17;2025-11-10;6;1480
17;2025-11-10;7;3912
17;2025-11-10;8;5141
17;2025-11-10;9;3821
17;2025-11-10;10;2929
17;2025-11-10;11;2885
17;2025-11-10;12;2946
17;2025-11-10;13;3021
17;2025-11-10;14;3087
17;2025-11-10;15;3259
17;2025-11-10;16;3696
17;2025-11-10;17;4479
17;2025-11-10;18;4861
17;2025-11-10;19;3362
17;2025-11-10;20;2328
17;2025-11-10;21;1490
17;2025-11-10;22;822
17;2025-11-10;23;359
17;2025-11-11;0;130
17;2025-11-11;1;10
17;2025-11-11;2;0
17;2025-11-11;3;0
17;2025-11-11;4;25
17;2025-11-11;5;310
17;2025-11-11;6;1495
17;2025-11-11;7;3952
17;2025-11-11;8;5170
17;2025-11-11;9;3849
17;2025-11-11;10;3007
17;2025-11-11;11;2934
17;2025-11-11;12;2997
17;2025-11-11;13;3075
17;2025-11-11;14;3148
17;2025-11-11;15;3316
17;2025-11-11;16;3750
17;2025-11-11;17;4512
17;2025-11-11;18;4896
17;2025-11-11;19;3444
17;2025-11-11;20;2401
17;2025-11-11;21;1531
17;2025-11-11;22;875
17;2025-11-11;23;384
17;2025-11-12;0;132
17;2025-11-12;1;11
17;2025-11-12;2;0
17;2025-11-12;3;0
17;2025-11-12;4;26
17;2025-11-12;5;315
17;2025-11-12;6;1497
17;2025-11-12;7;3942
17;2025-11-12;8;5168
17;2025-11-12;9;3849
17;2025-11-12;10;3006
17;2025-11-12;11;2946
17;2025-11-12;12;2996
17;2025-11-12;13;3102
17;2025-11-12;14;3150
17;2025-11-12;15;3303
17;2025-11-12;16;3728
17;2025-11-12;17;4490
17;2025-11-12;18;4895
17;2025-11-12;19;3444
17;2025-11-12;20;2401
17;2025-11-12;21;1535
17;2025-11-12;22;878
17;2025-11-12;23;399
17;2025-11-13;0;145
17;2025-11-13;1;10
17;2025-11-13;2;0
17;2025-11-13;3;0
17;2025-11-13;4;25
17;2025-11-13;5;315
17;2025-11-13;6;1489
17;2025-11-13;7;3934
17;2025-11-13;8;5107
17;2025-11-13;9;3838
17;2025-11-13;10;2998
17;2025-11-13;11;2938
17;2025-11-13;12;2989
17;2025-11-13;13;3080
17;2025-11-13;14;3142
17;2025-11-13;15;3295
17;2025-11-13;16;3725
17;2025-11-13;17;4479
17;2025-11-13;18;4855
17;2025-11-13;19;3432
17;2025-11-13;20;2393
17;2025-11-13;21;1528
17;2025-11-13;22;878
17;2025-11-13;23;408
17;2025-11-14;0;145
17;2025-11-14;1;17
17;2025-11-14;2;0
17;2025-11-14;3;0
17;2025-11-14;4;24
17;2025-11-14;5;303
17;2025-11-14;6;1475
17;2025-11-14;7;3875
17;2025-11-14;8;4950
17;2025-11-14;9;3757
17;2025-11-14;10;2958
17;2025-11-14;11;2931
17;2025-11-14;12;3014
17;2025-11-14;13;3094
17;2025-11-14;14;3156
17;2025-11-14;15;3333
17;2025-11-14;16;3762
17;2025-11-14;17;4487
17;2025-11-14;18;4614
17;2025-11-14;19;3300
17;2025-11-14;20;2346
17;2025-11-14;21;1517
17;2025-11-14;22;873
17;2025-11-14;23;433
17;2025-11-15;0;210
17;2025-11-15;1;23
17;2025-11-15;2;0
17;2025-11-15;3;0
17;2025-11-15;4;4
17;2025-11-15;5;130
17;2025-11-15;6;553
17;2025-11-15;7;1111
17;2025-11-15;8;1731
17;2025-11-15;9;1949
17;2025-11-15;10;2194
17;2025-11-15;11;2655
17;2025-11-15;12;2901
17;2025-11-15;13;3206
17;2025-11-15;14;3266
17;2025-11-15;15;3313
17;2025-11-15;16;3194
17;2025-11-15;17;3236
17;2025-11-15;18;2920
17;2025-11-15;19;2329
17;2025-11-15;20;1813
17;2025-11-15;21;1314
17;2025-11-15;22;883
17;2025-11-15;23;441
17;2025-11-16;0;191
17;2025-11-16;1;25
17;2025-11-16;2;0
17;2025-11-16;3;0
17;2025-11-16;4;2
17;2025-11-16;5;96
17;2025-11-16;6;409
17;2025-11-16;7;827
17;2025-11-16;8;1279
17;2025-11-16;9;1665
17;2025-11-16;10;1942
17;2025-11-16;11;2481
17;2025-11-16;12;2823
17;2025-11-16;13;3110
17;2025-11-16;14;3185
17;2025-11-16;15;3213
17;2025-11-16;16;3097
17;2025-11-16;17;3016
17;2025-11-16;18;2611
17;2025-11-16;19;2149
17;2025-11-16;20;1631
17;2025-11-16;21;1199
17;2025-11-16;22;751
17;2025-11-16;23;340
17;2025-11-17;0;127
17;2025-11-17;1;12
17;2025-11-17;2;0
17;2025-11-17;3;0
17;2025-11-17;4;25
17;2025-11-17;5;297
17;2025-11-17;6;1480
17;2025-11-17;7;3912
17;2025-11-17;8;5141
17;2025-11-17;9;3821
17;2025-11-17;10;2929
17;2025-11-17;11;2885
17;2025-11-17;12;2946
17;2025-11-17;13;3021
17;2025-11-17;14;3087
17;2025-11-17;15;3259
17;2025-11-17;16;3696
17;2025-11-17;17;4479
17;2025-11-17;18;4861
17;2025-11-17;19;3362
17;2025-11-17;20;2328
17;2025-11-17;21;1490
17;2025-11-17;22;822
17;2025-11-17;23;359
17;2025-11-18;0;130
17;2025-11-18;1;10
17;2025-11-18;2;0
17;2025-11-18;3;0
17;2025-11-18;4;25
17;2025-11-18;5;310
17;2025-11-18;6;1495
17;2025-11-18;7;3952
17;2025-11-18;8;5170
17;2025-11-18;9;3849
17;2025-11-18;10;3007
17;2025-11-18;11;2934
17;2025-11-18;12;2997
17;2025-11-18;13;3075
17;2025-11-18;14;3148
17;2025-11-18;15;3316
17;2025-11-18;16;3750
17;2025-11-18;17;4512
17;2025-11-18;18;4896
17;2025-11-18;19;3444
17;2025-11-18;20;2401
17;2025-11-18;21;1531
17;2025-11-18;22;875
17;2025-11-18;23;384
17;2025-11-19;0;132
17;2025-11-19;1;11
17;2025-11-19;2;0
17;2025-11-19;3;0
17;2025-11-19;4;26
17;2025-11-19;5;315
17;2025-11-19;6;1497
17;2025-11-19;7;3942
17;2025-11-19;8;5168
17;2025-11-19;9;3849
17;2025-11-19;10;3006
17;2025-11-19;11;2946
17;2025-11-19;12;2996
17;2025-11-19;13;3102
17;2025-11-19;14;3150
17;2025-11-19;15;3303
17;2025-11-19;16;3728
17;2025-11-19;17;4490
17;2025-11-19;18;4895
17;2025-11-19;19;3444
17;2025-11-19;20;2401
17;2025-11-19;21;1535
17;2025-11-19;22;878
17;2025-11-19;23;399
17;2025-11-20;0;145
17;2025-11-20;1;10
17;2025-11-20;2;0
17;2025-11-20;3;0
17;2025-11-20;4;25
17;2025-11-20;5;315
17;2025-11-20;6;1489
17;2025-11-20;7;3934
17;2025-11-20;8;5107
17;2025-11-20;9;3838
17;2025-11-20;10;2998
17;2025-11-20;11;2938
17;2025-11-20;12;2989
17;2025-11-20;13;3080
17;2025-11-20;14;3142
17;2025-11-20;15;3295
17;2025-11-20;16;3725
17;2025-11-20;17;4479
17;2025-11-20;18;4855
17;2025-11-20;19;3432
17;2025-11-20;20;2393
17;2025-11-20;21;1528
17;2025-11-20;22;878
17;2025-11-20;23;408
17;2025-11-21;0;145
17;2025-11-21;1;17
17;2025-11-21;2;0
17;2025-11-21;3;0
17;2025-11-21;4;24
17;2025-11-21;5;303
17;2025-11-21;6;1475
17;2025-11-21;7;3875
17;2025-11-21;8;4950
17;2025-11-21;9;3757
17;2025-11-21;10;2958
17;2025-11-21;11;2931
17;2025-11-21;12;3014
17;2025-11-21;13;3094
17;2025-11-21;14;3156
17;2025-11-21;15;3333
17;2025-11-21;16;3762
17;2025-11-21;17;4487
17;2025-11-21;18;4614
17;2025-11-21;19;3300
17;2025-11-21;20;2346
17;2025-11-21;21;1517
17;2025-11-21;22;873
17;2025-11-21;23;433
17;2025-11-22;0;210
17;2025-11-22;1;23
17;2025-11-22;2;0
17;2025-11-22;3;0
17;2025-11-22;4;4
17;2025-11-22;5;130
17;2025-11-22;6;553
17;2025-11-22;7;1111
17;2025-11-22;8;1731
17;2025-11-22;9;1949
17;2025-11-22;10;2194
17;2025-11-22;11;2655
17;2025-11-22;12;2901
17;2025-11-22;13;3206
17;2025-11-22;14;3266
17;2025-11-22;15;3313
17;2025-11-22;16;3194
17;2025-11-22;17;3236
17;2025-11-22;18;2920
17;2025-11-22;19;2329
17;2025-11-22;20;1813
17;2025-11-22;21;1314
17;2025-11-22;22;883
17;2025-11-22;23;441
17;2025-11-23;0;191
17;2025-11-23;1;25
17;2025-11-23;2;0
17;2025-11-23;3;0
17;2025-11-23;4;2
17;2025-11-23;5;96
17;2025-11-23;6;409
17;2025-11-23;7;827
17;2025-11-23;8;1279
17;2025-11-23;9;1665
17;2025-11-23;10;1942
17;2025-11-23;11;2481
17;2025-11-23;12;2823
17;2025-11-23;13;3110
17;2025-11-23;14;3185
17;2025-11-23;15;3213
17;2025-11-23;16;3097
17;2025-11-23;17;3016
17;2025-11-23;18;2611
17;2025-11-23;19;2149
17;2025-11-23;20;1631
17;2025-11-23;21;1199
17;2025-11-23;22;751
17;2025-11-23;23;340
17;2025-11-24;0;127
17;2025-11-24;1;12
17;2025-11-24;2;0
17;2025-11-24;3;0
17;2025-11-24;4;25
17;2025-11-24;5;297
17;2025-11-24;6;1480
17;2025-11-24;7;3912
17;2025-11-24;8;5141
17;2025-11-24;9;3821
17;2025-11-24;10;2929
17;2025-11-24;11;2885
17;2025-11-24;12;2946
17;2025-11-24;13;3021
17;2025-11-24;14;3087
17;2025-11-24;15;3259
17;2025-11-24;16;3696
17;2025-11-24;17;4479
17;2025-11-24;18;4861
17;2025-11-24;19;3362
17;2025-11-24;20;2328
17;2025-11-24;21;1490
17;2025-11-24;22;822
17;2025-11-24;23;359
17;2025-11-25;0;130
17;2025-11-25;1;10
17;2025-11-25;2;0
17;2025-11-25;3;0
17;2025-11-25;4;25
17;2025-11-25;5;310
17;2025-11-25;6;1495
17;2025-11-25;7;3952
17;2025-11-25;8;5170
17;2025-11-25;9;3849
17;2025-11-25;10;3007
17;2025-11-25;11;2934
17;2025-11-25;12;2997
17;2025-11-25;13;3075
17;2025-11-25;14;3148
17;2025-11-25;15;3316
17;2025-11-25;16;3750
17;2025-11-25;17;4512
17;2025-11-25;18;4896
17;2025-11-25;19;3444
17;2025-11-25;20;2401
17;2025-11-25;21;1531
17;2025-11-25;22;875
17;2025-11-25;23;384
17;2025-11-26;0;132
17;2025-11-26;1;11
17;2025-11-26;2;0
17;2025-11-26;3;0
17;2025-11-26;4;26
17;2025-11-26;5;315
17;2025-11-26;6;1497
17;2025-11-26;7;3942
17;2025-11-26;8;5168
17;2025-11-26;9;3849
17;2025-11-26;10;3006
17;2025-11-26;11;2946
17;2025-11-26;12;2996
17;2025-11-26;13;3102
17;2025-11-26;14;3150
17;2025-11-26;15;3303
17;2025-11-26;16;3728
17;2025-11-26;17;4490
17;2025-11-26;18;4895
17;2025-11-26;19;3444
17;2025-11-26;20;2401
17;2025-11-26;21;1535
17;2025-11-26;22;878
17;2025-11-26;23;399
17;2025-11-27;0;145
17;2025-11-27;1;10
17;2025-11-27;2;0
17;2025-11-27;3;0
17;2025-11-27;4;25
17;2025-11-27;5;315
17;2025-11-27;6;1489
17;2025-11-27;7;3934
17;2025-11-27;8;5107
17;2025-11-27;9;3838
17;2025-11-27;10;2998
17;2025-11-27;11;2938
17;2025-11-27;12;2989
17;2025-11-27;13;3080
17;2025-11-27;14;3142
17;2025-11-27;15;3295
17;2025-11-27;16;3725
17;2025-11-27;17;4479
17;2025-11-27;18;4855
17;2025-11-27;19;3432
17;2025-11-27;20;2393
17;2025-11-27;21;1528
17;2025-11-27;22;878
17;2025-11-27;23;408
17;2025-11-28;0;145
17;2025-11-28;1;17
17;2025-11-28;2;0
17;2025-11-28;3;0
17;2025-11-28;4;24
17;2025-11-28;5;303
17;2025-11-28;6;1475
17;2025-11-28;7;3875
17;2025-11-28;8;4950
17;2025-11-28;9;3757
17;2025-11-28;10;2958
17;2025-11-28;11;2931
17;2025-11-28;12;3014
17;2025-11-28;13;3094
17;2025-11-28;14;3156
17;2025-11-28;15;3333
17;2025-11-28;16;3762
17;2025-11-28;17;4487
17;2025-11-28;18;4614
17;2025-11-28;19;3300
17;2025-11-28;20;2346
17;2025-11-28;21;1517
17;2025-11-28;22;873
17;2025-11-28;23;433
17;2025-11-29;0;210
17;2025-11-29;1;23
17;2025-11-29;2;0
17;2025-11-29;3;0
17;2025-11-29;4;4
17;2025-11-29;5;130
17;2025-11-29;6;553
17;2025-11-29;7;1111
17;2025-11-29;8;1731
17;2025-11-29;9;1949
17;2025-11-29;10;2194
17;2025-11-29;11;2655
17;2025-11-29;12;2901
17;2025-11-29;13;3206
17;2025-11-29;14;3266
17;2025-11-29;15;3313
17;2025-11-29;16;3194
17;2025-11-29;17;3236
17;2025-11-29;18;2920
17;2025-11-29;19;2329
17;2025-11-29;20;1813
17;2025-11-29;21;1314
17;2025-11-29;22;883
17;2025-11-29;23;441
17;2025-11-30;0;191
17;2025-11-30;1;25
17;2025-11-30;2;0
17;2025-11-30;3;0
17;2025-11-30;4;2
17;2025-11-30;5;96
17;2025-11-30;6;409
17;2025-11-30;7;827
17;2025-11-30;8;1279
17;2025-11-30;9;1665
17;2025-11-30;10;1942
17;2025-11-30;11;2481
17;2025-11-30;12;2823
17;2025-11-30;13;3110
17;2025-11-30;14;3185
17;2025-11-30;15;3213
17;2025-11-30;16;3097
17;2025-11-30;17;3016
17;2025-11-30;18;2611
17;2025-11-30;19;2149
17;2025-11-30;20;1631
17;2025-11-30;21;1199
17;2025-11-30;22;751
17;2025-11-30;23;340
17;2025-12-01;0;106
17;2025-12-01;1;10
17;2025-12-01;2;0
17;2025-12-01;3;0
17;2025-12-01;4;27
17;2025-12-01;5;290
17;2025-12-01;6;1481
17;2025-12-01;7;3810
17;2025-12-01;8;5117
17;2025-12-01;9;3728
17;2025-12-01;10;2831
17;2025-12-01;11;2811
17;2025-12-01;12;2854
17;2025-12-01;13;2946
17;2025-12-01;14;3023
17;2025-12-01;15;3222
17;2025-12-01;16;3642
17;2025-12-01;17;4419
17;2025-12-01;18;4837
17;2025-12-01;19;3373
17;2025-12-01;20;2320
17;2025-12-01;21;1437
17;2025-12-01;22;787
17;2025-12-01;23;329
17;2025-12-02;0;111
17;2025-12-02;1;8
17;2025-12-02;2;0
17;2025-12-02;3;0
17;2025-12-02;4;28
17;2025-12-02;5;303
17;2025-12-02;6;1496
17;2025-12-02;7;3854
17;2025-12-02;8;5145
17;2025-12-02;9;3757
17;2025-12-02;10;2908
17;2025-12-02;11;2859
17;2025-12-02;12;2904
17;2025-12-02;13;2998
17;2025-12-02;14;3084
17;2025-12-02;15;3278
17;2025-12-02;16;3694
17;2025-12-02;17;4453
17;2025-12-02;18;4871
17;2025-12-02;19;3450
17;2025-12-02;20;2392
17;2025-12-02;21;1478
17;2025-12-02;22;844
17;2025-12-02;23;354
17;2025-12-03;0;111
17;2025-12-03;1;9
17;2025-12-03;2;0
17;2025-12-03;3;0
17;2025-12-03;4;28
17;2025-12-03;5;307
17;2025-12-03;6;1498
17;2025-12-03;7;3844
17;2025-12-03;8;5143
17;2025-12-03;9;3757
17;2025-12-03;10;2907
17;2025-12-03;11;2871
17;2025-12-03;12;2904
17;2025-12-03;13;3026
17;2025-12-03;14;3086
17;2025-12-03;15;3265
17;2025-12-03;16;3672
17;2025-12-03;17;4431
17;2025-12-03;18;4870
17;2025-12-03;19;3450
17;2025-12-03;20;2392
17;2025-12-03;21;1483
17;2025-12-03;22;846
17;2025-12-03;23;368
17;2025-12-04;0;120
17;2025-12-04;1;8
17;2025-12-04;2;0
17;2025-12-04;3;0
17;2025-12-04;4;27
17;2025-12-04;5;305
17;2025-12-04;6;1498
17;2025-12-04;7;3840
17;2025-12-04;8;5090
17;2025-12-04;9;3753
17;2025-12-04;10;2903
17;2025-12-04;11;2866
17;2025-12-04;12;2900
17;2025-12-04;13;3007
17;2025-12-04;14;3081
17;2025-12-04;15;3261
17;2025-12-04;16;3673
17;2025-12-04;17;4428
17;2025-12-04;18;4838
17;2025-12-04;19;3446
17;2025-12-04;20;2392
17;2025-12-04;21;1482
17;2025-12-04;22;847
17;2025-12-04;23;380
17;2025-12-05;0;122
17;2025-12-05;1;15
17;2025-12-05;2;0
17;2025-12-05;3;0
17;2025-12-05;4;27
17;2025-12-05;5;294
17;2025-12-05;6;1483
17;2025-12-05;7;3785
17;2025-12-05;8;4898
17;2025-12-05;9;3652
17;2025-12-05;10;2867
17;2025-12-05;11;2864
17;2025-12-05;12;2929
17;2025-12-05;13;3025
17;2025-12-05;14;3100
17;2025-12-05;15;3303
17;2025-12-05;16;3713
17;2025-12-05;17;4415
17;2025-12-05;18;4577
17;2025-12-05;19;3293
17;2025-12-05;20;2345
17;2025-12-05;21;1472
17;2025-12-05;22;842
17;2025-12-05;23;406
17;2025-12-06;0;179
17;2025-12-06;1;21
17;2025-12-06;2;0
17;2025-12-06;3;0
17;2025-12-06;4;5
17;2025-12-06;5;129
17;2025-12-06;6;540
17;2025-12-06;7;1041
17;2025-12-06;8;1650
17;2025-12-06;9;1888
17;2025-12-06;10;2154
17;2025-12-06;11;2573
17;2025-12-06;12;2830
17;2025-12-06;13;3133
17;2025-12-06;14;3198
17;2025-12-06;15;3222
17;2025-12-06;16;3075
17;2025-12-06;17;3112
17;2025-12-06;18;2795
17;2025-12-06;19;2285
17;2025-12-06;20;1800
17;2025-12-06;21;1258
17;2025-12-06;22;855
17;2025-12-06;23;419
17;2025-12-07;0;161
17;2025-12-07;1;23
17;2025-12-07;2;0
17;2025-12-07;3;0
17;2025-12-07;4;3
17;2025-12-07;5;96
17;2025-12-07;6;384
17;2025-12-07;7;755
17;2025-12-07;8;1193
17;2025-12-07;9;1605
17;2025-12-07;10;1903
17;2025-12-07;11;2400
17;2025-12-07;12;2731
17;2025-12-07;13;3017
17;2025-12-07;14;3097
17;2025-12-07;15;3102
17;2025-12-07;16;2975
17;2025-12-07;17;2888
17;2025-12-07;18;2487
17;2025-12-07;19;2106
17;2025-12-07;20;1618
17;2025-12-07;21;1143
17;2025-12-07;22;720
17;2025-12-07;23;313
17;2025-12-08;0;106
17;2025-12-08;1;10
17;2025-12-08;2;0
17;2025-12-08;3;0
17;2025-12-08;4;27
17;2025-12-08;5;290
17;2025-12-08;6;1481
17;2025-12-08;7;3810
17;2025-12-08;8;5117
17;2025-12-08;9;3728
17;2025-12-08;10;2831
17;2025-12-08;11;2811
17;2025-12-08;12;2854
17;2025-12-08;13;2946
17;2025-12-08;14;3023
17;2025-12-08;15;3222
17;2025-12-08;16;3642
17;2025-12-08;17;4419
17;2025-12-08;18;4837
17;2025-12-08;19;3373
17;2025-12-08;20;2320
17;2025-12-08;21;1437
17;2025-12-08;22;787
17;2025-12-08;23;329
17;2025-12-09;0;111
17;2025-12-09;1;8
17;2025-12-09;2;0
17;2025-12-09;3;0
17;2025-12-09;4;28
17;2025-12-09;5;303
17;2025-12-09;6;1496
17;2025-12-09;7;3854
17;2025-12-09;8;5145
17;2025-12-09;9;3757
17;2025-12-09;10;2908
17;2025-12-09;11;2859
17;2025-12-09;12;2904
17;2025-12-09;13;2998
17;2025-12-09;14;3084
17;2025-12-09;15;3278
17;2025-12-09;16;3694
17;2025-12-09;17;4453
17;2025-12-09;18;4871
17;2025-12-09;19;3450
17;2025-12-09;20;2392
17;2025-12-09;21;1478
17;2025-12-09;22;844
17;2025-12-09;23;354
17;2025-12-10;0;111
17;2025-12-10;1;9
17;2025-12-10;2;0
17;2025-12-10;3;0
17;2025-12-10;4;28
17;2025-12-10;5;307
17;2025-12-10;6;1498
17;2025-12-10;7;3844
17;2025-12-10;8;5143
17;2025-12-10;9;3757
17;2025-12-10;10;2907
17;2025-12-10;11;2871
17;2025-12-10;12;2904
17;2025-12-10;13;3026
17;2025-12-10;14;3086
17;2025-12-10;15;3265
17;2025-12-10;16;3672
17;2025-12-10;17;4431
17;2025-12-10;18;4870
17;2025-12-10;19;3450
17;2025-12-10;20;2392
17;2025-12-10;21;1483
17;2025-12-10;22;846
17;2025-12-10;23;368
17;2025-12-11;0;120
17;2025-12-11;1;8
17;2025-12-11;2;0
17;2025-12-11;3;0
17;2025-12-11;4;27
17;2025-12-11;5;305
17;2025-12-11;6;1498
17;2025-12-11;7;3840
17;2025-12-11;8;5090
17;2025-12-11;9;3753
17;2025-12-11;10;2903
17;2025-12-11;11;2866
17;2025-12-11;12;2900
17;2025-12-11;13;3007
17;2025-12-11;14;3081
17;2025-12-11;15;3261
17;2025-12-11;16;3673
17;2025-12-11;17;4428
17;2025-12-11;18;4838
17;2025-12-11;19;3446
17;2025-12-11;20;2392
17;2025-12-11;21;1482
17;2025-12-11;22;847
17;2025-12-11;23;380
17;2025-12-12;0;122
17;2025-12-12;1;15
17;2025-12-12;2;0
17;2025-12-12;3;0
17;2025-12-12;4;27
17;2025-12-12;5;294
17;2025-12-12;6;1483
17;2025-12-12;7;3785
17;2025-12-12;8;4898
17;2025-12-12;9;3652
17;2025-12-12;10;2867
17;2025-12-12;11;2864
17;2025-12-12;12;2929
17;2025-12-12;13;3025
17;2025-12-12;14;3100
17;2025-12-12;15;3303
17;2025-12-12;16;3713
17;2025-12-12;17;4415
17;2025-12-12;18;4577
17;2025-12-12;19;3293
17;2025-12-12;20;2345
17;2025-12-12;21;1472
17;2025-12-12;22;842
17;2025-12-12;23;406
17;2025-12-13;0;179
17;2025-12-13;1;21
17;2025-12-13;2;0
17;2025-12-13;3;0
17;2025-12-13;4;5
17;2025-12-13;5;129
17;2025-12-13;6;540
17;2025-12-13;7;1041
17;2025-12-13;8;1650
17;2025-12-13;9;1888
17;2025-12-13;10;2154
17;2025-12-13;11;2573
17;2025-12-13;12;2830
17;2025-12-13;13;3133
17;2025-12-13;14;3198
17;2025-12-13;15;3222
17;2025-12-13;16;3075
17;2025-12-13;17;3112
17;2025-12-13;18;2795
17;2025-12-13;19;2285
17;2025-12-13;20;1800
17;2025-12-13;21;1258
17;2025-12-13;22;855
17;2025-12-13;23;419
17;2025-12-14;0;161
17;2025-12-14;1;23
17;2025-12-14;2;0
17;2025-12-14;3;0
17;2025-12-14;4;3
17;2025-12-14;5;96
17;2025-12-14;6;384
17;2025-12-14;7;755
17;2025-12-14;8;1193
17;2025-12-14;9;1605
17;2025-12-14;10;1903
17;2025-12-14;11;2400
17;2025-12-14;12;2731
17;2025-12-14;13;3017
17;2025-12-14;14;3097
17;2025-12-14;15;3102
17;2025-12-14;16;2975
17;2025-12-14;17;2888
17;2025-12-14;18;2487
17;2025-12-14;19;2106
17;2025-12-14;20;1618
17;2025-12-14;21;1143
17;2025-12-14;22;720
17;2025-12-14;23;313
17;2025-12-15;0;106
17;2025-12-15;1;10
17;2025-12-15;2;0
17;2025-12-15;3;0
17;2025-12-15;4;27
17;2025-12-15;5;290
17;2025-12-15;6;1481
17;2025-12-15;7;3810
17;2025-12-15;8;5117
17;2025-12-15;9;3728
17;2025-12-15;10;2831
17;2025-12-15;11;2811
17;2025-12-15;12;2854
17;2025-12-15;13;2946
17;2025-12-15;14;3023
17;2025-12-15;15;3222
17;2025-12-15;16;3642
17;2025-12-15;17;4419
17;2025-12-15;18;4837
17;2025-12-15;19;3373
17;2025-12-15;20;2320
17;2025-12-15;21;1437
17;2025-12-15;22;787
17;2025-12-15;23;329
17;2025-12-16;0;111
17;2025-12-16;1;8
17;2025-12-16;2;0
17;2025-12-16;3;0
17;2025-12-16;4;28
17;2025-12-16;5;303
17;2025-12-16;6;1496
17;2025-12-16;7;3854
17;2025-12-16;8;5145
17;2025-12-16;9;3757
17;2025-12-16;10;2908
17;2025-12-16;11;2859
17;2025-12-16;12;2904
17;2025-12-16;13;2998
17;2025-12-16;14;3084
17;2025-12-16;15;3278
17;2025-12-16;16;3694
17;2025-12-16;17;4453
17;2025-12-16;18;4871
17;2025-12-16;19;3450
17;2025-12-16;20;2392
17;2025-12-16;21;1478
17;2025-12-16;22;844
17;2025-12-16;23;354
17;2025-12-17;0;111
17;2025-12-17;1;9
17;2025-12-17;2;0
17;2025-12-17;3;0
17;2025-12-17;4;28
17;2025-12-17;5;307
17;2025-12-17;6;1498
17;2025-12-17;7;3844
17;2025-12-17;8;5143
17;2025-12-17;9;3757
17;2025-12-17;10;2907
17;2025-12-17;11;2871
17;2025-12-17;12;2904
17;2025-12-17;13;3026
17;2025-12-17;14;3086
17;2025-12-17;15;3265
17;2025-12-17;16;3672
17;2025-12-17;17;4431
17;2025-12-17;18;4870
17;2025-12-17;19;3450
17;2025-12-17;20;2392
17;2025-12-17;21;1483
17;2025-12-17;22;846
17;2025-12-17;23;368
17;2025-12-18;0;120
17;2025-12-18;1;8
17;2025-12-18;2;0
17;2025-12-18;3;0
17;2025-12-18;4;27
17;2025-12-18;5;305
17;2025-12-18;6;1498
17;2025-12-18;7;3840
17;2025-12-18;8;5090
17;2025-12-18;9;3753
17;2025-12-18;10;2903
17;2025-12-18;11;2866
17;2025-12-18;12;2900
17;2025-12-18;13;3007
17;2025-12-18;14;3081
17;2025-12-18;15;3261
17;2025-12-18;16;3673
17;2025-12-18;17;4428
17;2025-12-18;18;4838
17;2025-12-18;19;3446
17;2025-12-18;20;2392
17;2025-12-18;21;1482
17;2025-12-18;22;847
17;2025-12-18;23;380
17;2025-12-19;0;122
17;2025-12-19;1;15
17;2025-12-19;2;0
17;2025-12-19;3;0
17;2025-12-19;4;27
17;2025-12-19;5;294
17;2025-12-19;6;1483
17;2025-12-19;7;3785
17;2025-12-19;8;4898
17;2025-12-19;9;3652
17;2025-12-19;10;2867
17;2025-12-19;11;2864
17;2025-12-19;12;2929
17;2025-12-19;13;3025
17;2025-12-19;14;3100
17;2025-12-19;15;3303
17;2025-12-19;16;3713
17;2025-12-19;17;4415
17;2025-12-19;18;4577
17;2025-12-19;19;3293
17;2025-12-19;20;2345
17;2025-12-19;21;1472
17;2025-12-19;22;842
17;2025-12-19;23;406
17;2025-12-20;0;179
17;2025-12-20;1;21
17;2025-12-20;2;0
17;2025-12-20;3;0
17;2025-12-20;4;5
17;2025-12-20;5;129
17;2025-12-20;6;540
17;2025-12-20;7;1041
17;2025-12-20;8;1650
17;2025-12-20;9;1888
17;2025-12-20;10;2154
17;2025-12-20;11;2573
17;2025-12-20;12;2830
17;2025-12-20;13;3133
17;2025-12-20;14;3198
17;2025-12-20;15;3222
17;2025-12-20;16;3075
17;2025-12-20;17;3112
17;2025-12-20;18;2795
17;2025-12-20;19;2285
17;2025-12-20;20;1800
17;2025-12-20;21;1258
17;2025-12-20;22;855
17;2025-12-20;23;419
17;2025-12-21;0;161
17;2025-12-21;1;23
17;2025-12-21;2;0
17;2025-12-21;3;0
17;2025-12-21;4;3
17;2025-12-21;5;96
17;2025-12-21;6;384
17;2025-12-21;7;755
17;2025-12-21;8;1193
17;2025-12-21;9;1605
17;2025-12-21;10;1903
17;2025-12-21;11;2400
17;2025-12-21;12;2731
17;2025-12-21;13;3017
17;2025-12-21;14;3097
17;2025-12-21;15;3102
17;2025-12-21;16;2975
17;2025-12-21;17;2888
17;2025-12-21;18;2487
17;2025-12-21;19;2106
17;2025-12-21;20;1618
17;2025-12-21;21;1143
17;2025-12-21;22;720
17;2025-12-21;23;313
17;2025-12-22;0;106
17;2025-12-22;1;10
17;2025-12-22;2;0
17;2025-12-22;3;0
17;2025-12-22;4;27
17;2025-12-22;5;290
17;2025-12-22;6;1481
17;2025-12-22;7;3810
17;2025-12-22;8;5117
17;2025-12-22;9;3728
17;2025-12-22;10;2831
17;2025-12-22;11;2811
17;2025-12-22;12;2854
17;2025-12-22;13;2946
17;2025-12-22;14;3023
17;2025-12-22;15;3222
17;2025-12-22;16;3642
17;2025-12-22;17;4419
17;2025-12-22;18;4837
17;2025-12-22;19;3373
17;2025-12-22;20;2320
17;2025-12-22;21;1437
17;2025-12-22;22;787
17;2025-12-22;23;329
17;2025-12-23;0;111
17;2025-12-23;1;8
17;2025-12-23;2;0
17;2025-12-23;3;0
17;2025-12-23;4;28
17;2025-12-23;5;303
17;2025-12-23;6;1496
17;2025-12-23;7;3854
17;2025-12-23;8;5145
17;2025-12-23;9;3757
17;2025-12-23;10;2908
17;2025-12-23;11;2859
17;2025-12-23;12;2904
17;2025-12-23;13;2998
17;2025-12-23;14;3084
17;2025-12-23;15;3278
17;2025-12-23;16;3694
17;2025-12-23;17;4453
17;2025-12-23;18;4871
17;2025-12-23;19;3450
17;2025-12-23;20;2392
17;2025-12-23;21;1478
17;2025-12-23;22;844
17;2025-12-23;23;354
17;2025-12-24;0;111
17;2025-12-24;1;9
17;2025-12-24;2;0
17;2025-12-24;3;0
17;2025-12-24;4;28
17;2025-12-24;5;307
17;2025-12-24;6;1498
17;2025-12-24;7;3844
17;2025-12-24;8;5143
17;2025-12-24;9;3757
17;2025-12-24;10;2907
17;2025-12-24;11;2871
17;2025-12-24;12;2904
17;2025-12-24;13;3026
17;2025-12-24;14;3086
17;2025-12-24;15;3265
17;2025-12-24;16;3672
17;2025-12-24;17;4431
17;2025-12-24;18;4870
17;2025-12-24;19;3450
17;2025-12-24;20;2392
17;2025-12-24;21;1483
17;2025-12-24;22;846
17;2025-12-24;23;368
17;2025-12-25;0;120
17;2025-12-25;1;8
17;2025-12-25;2;0
17;2025-12-25;3;0
17;2025-12-25;4;27
17;2025-12-25;5;305
17;2025-12-25;6;1498
17;2025-12-25;7;3840
17;2025-12-25;8;5090
17;2025-12-25;9;3753
17;2025-12-25;10;2903
17;2025-12-25;11;2866
17;2025-12-25;12;2900
17;2025-12-25;13;3007
17;2025-12-25;14;3081
17;2025-12-25;15;3261
17;2025-12-25;16;3673
17;2025-12-25;17;4428
17;2025-12-25;18;4838
17;2025-12-25;19;3446
17;2025-12-25;20;2392
17;2025-12-25;21;1482
17;2025-12-25;22;847
17;2025-12-25;23;380
17;2025-12-26;0;122
17;2025-12-26;1;15
17;2025-12-26;2;0
17;2025-12-26;3;0
17;2025-12-26;4;27
17;2025-12-26;5;294
17;2025-12-26;6;1483
17;2025-12-26;7;3785
17;2025-12-26;8;4898
17;2025-12-26;9;3652
17;2025-12-26;10;2867
17;2025-12-26;11;2864
17;2025-12-26;12;2929
17;2025-12-26;13;3025
17;2025-12-26;14;3100
17;2025-12-26;15;3303
17;2025-12-26;16;3713
17;2025-12-26;17;4415
17;2025-12-26;18;4577
17;2025-12-26;19;3293
17;2025-12-26;20;2345
17;2025-12-26;21;1472
17;2025-12-26;22;842
17;2025-12-26;23;406
17;2025-12-27;0;179
17;2025-12-27;1;21
17;2025-12-27;2;0
17;2025-12-27;3;0
17;2025-12-27;4;5
17;2025-12-27;5;129
17;2025-12-27;6;540
17;2025-12-27;7;1041
17;2025-12-27;8;1650
17;2025-12-27;9;1888
17;2025-12-27;10;2154
17;2025-12-27;11;2573
17;2025-12-27;12;2830
17;2025-12-27;13;3133
17;2025-12-27;14;3198
17;2025-12-27;15;3222
17;2025-12-27;16;3075
17;2025-12-27;17;3112
17;2025-12-27;18;2795
17;2025-12-27;19;2285
17;2025-12-27;20;1800
17;2025-12-27;21;1258
17;2025-12-27;22;855
17;2025-12-27;23;419
17;2025-12-28;0;161
17;2025-12-28;1;23
17;2025-12-28;2;0
17;2025-12-28;3;0
17;2025-12-28;4;3
17;2025-12-28;5;96
17;2025-12-28;6;384
17;2025-12-28;7;755
17;2025-12-28;8;1193
17;2025-12-28;9;1605
17;2025-12-28;10;1903
17;2025-12-28;11;2400
17;2025-12-28;12;2731
17;2025-12-28;13;3017
17;2025-12-28;14;3097
17;2025-12-28;15;3102
17;2025-12-28;16;2975
17;2025-12-28;17;2888
17;2025-12-28;18;2487
17;2025-12-28;19;2106
17;2025-12-28;20;1618
17;2025-12-28;21;1143
17;2025-12-28;22;720
17;2025-12-28;23;313
17;2025-12-29;0;106
17;2025-12-29;1;10
17;2025-12-29;2;0
17;2025-12-29;3;0
17;2025-12-29;4;27
17;2025-12-29;5;290
17;2025-12-29;6;1481
17;2025-12-29;7;3810
17;2025-12-29;8;5117
17;2025-12-29;9;3728
17;2025-12-29;10;2831
17;2025-12-29;11;2811
17;2025-12-29;12;2854
17;2025-12-29;13;2946
17;2025-12-29;14;3023
17;2025-12-29;15;3222
17;2025-12-29;16;3642
17;2025-12-29;17;4419
17;2025-12-29;18;4837
17;2025-12-29;19;3373
17;2025-12-29;20;2320
17;2025-12-29;21;1437
17;2025-12-29;22;787
17;2025-12-29;23;329
17;2025-12-30;0;111
17;2025-12-30;1;8
17;2025-12-30;2;0
17;2025-12-30;3;0
17;2025-12-30;4;28
17;2025-12-30;5;303
17;2025-12-30;6;1496
17;2025-12-30;7;3854
17;2025-12-30;8;5145
17;2025-12-30;9;3757
17;2025-12-30;10;2908
17;2025-12-30;11;2859
17;2025-12-30;12;2904
17;2025-12-30;13;2998
17;2025-12-30;14;3084
17;2025-12-30;15;3278
17;2025-12-30;16;3694
17;2025-12-30;17;4453
17;2025-12-30;18;4871
17;2025-12-30;19;3450
17;2025-12-30;20;2392
17;2025-12-30;21;1478
17;2025-12-30;22;844
17;2025-12-30;23;354
17;2025-12-31;0;111
17;2025-12-31;1;9
17;2025-12-31;2;0
17;2025-12-31;3;0
17;2025-12-31;4;28
17;2025-12-31;5;307
17;2025-12-31;6;1498
17;2025-12-31;7;3844
17;2025-12-31;8;5143
17;2025-12-31;9;3757
17;2025-12-31;10;2907
17;2025-12-31;11;2871
17;2025-12-31;12;2904
17;2025-12-31;13;3026
17;2025-12-31;14;3086
17;2025-12-31;15;3265
17;2025-12-31;16;3672
17;2025-12-31;17;4431
17;2025-12-31;18;4870
17;2025-12-31;19;3450
17;2025-12-31;20;2392
17;2025-12-31;21;1483
17;2025-12-31;22;846
17;2025-12-31;23;368
25;2025-11-01;0;2
25;2025-11-01;1;0
25;2025-11-01;2;0
25;2025-11-01;3;0
25;2025-11-01;4;0
25;2025-11-01;5;4
25;2025-11-01;6;58
25;2025-11-01;7;119
25;2025-11-01;8;270
25;2025-11-01;9;250
25;2025-11-01;10;262
25;2025-11-01;11;347
25;2025-11-01;12;390
25;2025-11-01;13;507
25;2025-11-01;14;525
25;2025-11-01;15;597
25;2025-11-01;16;546
25;2025-11-01;17;503
25;2025-11-01;18;491
25;2025-11-01;19;399
25;2025-11-01;20;268
25;2025-11-01;21;220
25;2025-11-01;22;133
25;2025-11-01;23;45
25;2025-11-02;0;13
25;2025-11-02;1;0
25;2025-11-02;2;0
25;2025-11-02;3;0
25;2025-11-02;4;0
25;2025-11-02;5;5
25;2025-11-02;6;44
25;2025-11-02;7;94
25;2025-11-02;8;192
25;2025-11-02;9;199
25;2025-11-02;10;215
25;2025-11-02;11;304
25;2025-11-02;12;368
25;2025-11-02;13;478
25;2025-11-02;14;495
25;2025-11-02;15;565
25;2025-11-02;16;465
25;2025-11-02;17;426
25;2025-11-02;18;399
25;2025-11-02;19;322
25;2025-11-02;20;219
25;2025-11-02;21;188
25;2025-11-02;22;107
25;2025-11-02;23;38
25;2025-11-03;0;7
25;2025-11-03;1;0
25;2025-11-03;2;0
25;2025-11-03;3;0
25;2025-11-03;4;0
25;2025-11-03;5;6
25;2025-11-03;6;147
25;2025-11-03;7;496
25;2025-11-03;8;891
25;2025-11-03;9;474
25;2025-11-03;10;360
25;2025-11-03;11;415
25;2025-11-03;12;405
25;2025-11-03;13;518
25;2025-11-03;14;467
25;2025-11-03;15;540
25;2025-11-03;16;693
25;2025-11-03;17;737
25;2025-11-03;18;761
25;2025-11-03;19;497
25;2025-11-03;20;307
25;2025-11-03;21;199
25;2025-11-03;22;105
25;2025-11-03;23;7
25;2025-11-04;0;0
25;2025-11-04;1;0
25;2025-11-04;2;0
25;2025-11-04;3;0
25;2025-11-04;4;0
25;2025-11-04;5;6
25;2025-11-04;6;152
25;2025-11-04;7;508
25;2025-11-04;8;910
25;2025-11-04;9;487
25;2025-11-04;10;382
25;2025-11-04;11;428
25;2025-11-04;12;424
25;2025-11-04;13;532
25;2025-11-04;14;486
25;2025-11-04;15;552
25;2025-11-04;16;701
25;2025-11-04;17;756
25;2025-11-04;18;781
25;2025-11-04;19;525
25;2025-11-04;20;331
25;2025-11-04;21;213
25;2025-11-04;22;117
25;2025-11-04;23;9
25;2025-11-05;0;0
25;2025-11-05;1;0
25;2025-11-05;2;0
25;2025-11-05;3;0
25;2025-11-05;4;0
25;2025-11-05;5;6
25;2025-11-05;6;150
25;2025-11-05;7;507
25;2025-11-05;8;910
25;2025-11-05;9;485
25;2025-11-05;10;382
25;2025-11-05;11;428
25;2025-11-05;12;424
25;2025-11-05;13;532
25;2025-11-05;14;486
25;2025-11-05;15;551
25;2025-11-05;16;701
25;2025-11-05;17;756
25;2025-11-05;18;781
25;2025-11-05;19;525
25;2025-11-05;20;331
25;2025-11-05;21;213
25;2025-11-05;22;117
25;2025-11-05;23;9
25;2025-11-06;0;0
25;2025-11-06;1;0
25;2025-11-06;2;0
25;2025-11-06;3;0
25;2025-11-06;4;0
25;2025-11-06;5;6
25;2025-11-06;6;150
25;2025-11-06;7;507
25;2025-11-06;8;910
25;2025-11-06;9;485
25;2025-11-06;10;382
25;2025-11-06;11;427
25;2025-11-06;12;423
25;2025-11-06;13;532
25;2025-11-06;14;486
25;2025-11-06;15;552
25;2025-11-06;16;701
25;2025-11-06;17;755
25;2025-11-06;18;780
25;2025-11-06;19;525
25;2025-11-06;20;331
25;2025-11-06;21;213
25;2025-11-06;22;117
25;2025-11-06;23;9
25;2025-11-07;0;0
25;2025-11-07;1;0
25;2025-11-07;2;0
25;2025-11-07;3;0
25;2025-11-07;4;0
25;2025-11-07;5;6
25;2025-11-07;6;150
25;2025-11-07;7;504
25;2025-11-07;8;891
25;2025-11-07;9;480
25;2025-11-07;10;372
25;2025-11-07;11;427
25;2025-11-07;12;419
25;2025-11-07;13;528
25;2025-11-07;14;484
25;2025-11-07;15;557
25;2025-11-07;16;705
25;2025-11-07;17;743
25;2025-11-07;18;711
25;2025-11-07;19;482
25;2025-11-07;20;313
25;2025-11-07;21;210
25;2025-11-07;22;119
25;2025-11-07;23;11
25;2025-11-08;0;2
25;2025-11-08;1;0
25;2025-11-08;2;0
25;2025-11-08;3;0
25;2025-11-08;4;0
25;2025-11-08;5;4
25;2025-11-08;6;58
25;2025-11-08;7;119
25;2025-11-08;8;270
25;2025-11-08;9;250
25;2025-11-08;10;262
25;2025-11-08;11;347
25;2025-11-08;12;390
25;2025-11-08;13;507
25;2025-11-08;14;525
25;2025-11-08;15;597
25;2025-11-08;16;546
25;2025-11-08;17;503
25;2025-11-08;18;491
25;2025-11-08;19;399
25;2025-11-08;20;268
25;2025-11-08;21;220
25;2025-11-08;22;133
25;2025-11-08;23;45
25;2025-11-09;0;13
25;2025-11-09;1;0
25;2025-11-09;2;0
25;2025-11-09;3;0
25;2025-11-09;4;0
25;2025-11-09;5;5
25;2025-11-09;6;44
25;2025-11-09;7;94
25;2025-11-09;8;192
25;2025-11-09;9;199
25;2025-11-09;10;215
25;2025-11-09;11;304
25;2025-11-09;12;368
25;2025-11-09;13;478
25;2025-11-09;14;495
25;2025-11-09;15;565
25;2025-11-09;16;465
25;2025-11-09;17;426
25;2025-11-09;18;399
25;2025-11-09;19;322
25;2025-11-09;20;219
25;2025-11-09;21;188
25;2025-11-09;22;107
25;2025-11-09;23;38
25;2025-11-10;0;7
25;2025-11-10;1;0
25;2025-11-10;2;0
25;2025-11-10;3;0
25;2025-11-10;4;0
25;2025-11-10;5;6
25;2025-11-10;6;147
25;2025-11-10;7;496
25;2025-11-10;8;891
25;2025-11-10;9;474
25;2025-11-10;10;360
25;2025-11-10;11;415
25;2025-11-10;12;405
25;2025-11-10;13;518
25;2025-11-10;14;467
25;2025-11-10;15;540
25;2025-11-10;16;693
25;2025-11-10;17;737
25;2025-11-10;18;761
25;2025-11-10;19;497
25;2025-11-10;20;307
25;2025-11-10;21;199
25;2025-11-10;22;105
25;2025-11-10;23;7
25;2025-11-11;0;0
25;2025-11-11;1;0
25;2025-11-11;2;0
25;2025-11-11;3;0
25;2025-11-11;4;0
25;2025-11-11;5;6
25;2025-11-11;6;152
25;2025-11-11;7;508
25;2025-11-11;8;910
25;2025-11-11;9;487
25;2025-11-11;10;382
25;2025-11-11;11;428
25;2025-11-11;12;424
25;2025-11-11;13;532
25;2025-11-11;14;486
25;2025-11-11;15;552
25;2025-11-11;16;701
25;2025-11-11;17;756
25;2025-11-11;18;781
25;2025-11-11;19;525
25;2025-11-11;20;331
25;2025-11-11;21;213
25;2025-11-11;22;117
25;2025-11-11;23;9
25;2025-11-12;0;0
25;2025-11-12;1;0
25;2025-11-12;2;0
25;2025-11-12;3;0
25;2025-11-12;4;0
25;2025-11-12;5;6
25;2025-11-12;6;150
25;2025-11-12;7;507
25;2025-11-12;8;910
25;2025-11-12;9;485
25;2025-11-12;10;382
25;2025-11-12;11;428
25;2025-11-12;12;424
25;2025-11-12;13;532
25;2025-11-12;14;486
25;2025-11-12;15;551
25;2025-11-12;16;701
25;2025-11-12;17;756
25;2025-11-12;18;781
25;2025-11-12;19;525
25;2025-11-12;20;331
25;2025-11-12;21;213
25;2025-11-12;22;117
25;2025-11-12;23;9
25;2025-11-13;0;0
25;2025-11-13;1;0
25;2025-11-13;2;0
25;2025-11-13;3;0
25;2025-11-13;4;0
25;2025-11-13;5;6
25;2025-11-13;6;150
25;2025-11-13;7;507
25;2025-11-13;8;910
25;2025-11-13;9;485
25;2025-11-13;10;382
25;2025-11-13;11;427
25;2025-11-13;12;423
25;2025-11-13;13;532
25;2025-11-13;14;486
25;2025-11-13;15;552
25;2025-11-13;16;701
25;2025-11-13;17;755
25;2025-11-13;18;780
25;2025-11-13;19;525
25;2025-11-13;20;331
25;2025-11-13;21;213
25;2025-11-13;22;117
25;2025-11-13;23;9
25;2025-11-14;0;0
25;2025-11-14;1;0
25;2025-11-14;2;0
25;2025-11-14;3;0
25;2025-11-14;4;0
25;2025-11-14;5;6
25;2025-11-14;6;150
25;2025-11-14;7;504
25;2025-11-14;8;891
25;2025-11-14;9;480
25;2025-11-14;10;372
25;2025-11-14;11;427
25;2025-11-14;12;419
25;2025-11-14;13;528
25;2025-11-14;14;484
25;2025-11-14;15;557
25;2025-11-14;16;705
25;2025-11-14;17;743
25;2025-11-14;18;711
25;2025-11-14;19;482
25;2025-11-14;20;313
25;2025-11-14;21;210
25;2025-11-14;22;119
25;2025-11-14;23;11
25;2025-11-15;0;2
25;2025-11-15;1;0
25;2025-11-15;2;0
25;2025-11-15;3;0
25;2025-11-15;4;0
25;2025-11-15;5;4
25;2025-11-15;6;58
25;2025-11-15;7;119
25;2025-11-15;8;270
25;2025-11-15;9;250
25;2025-11-15;10;262
25;2025-11-15;11;347
25;2025-11-15;12;390
25;2025-11-15;13;507
25;2025-11-15;14;525
25;2025-11-15;15;597
25;2025-11-15;16;546
25;2025-11-15;17;503
25;2025-11-15;18;491
25;2025-11-15;19;399
25;2025-11-15;20;268
25;2025-11-15;21;220
25;2025-11-15;22;133
25;2025-11-15;23;45
25;2025-11-16;0;13
25;2025-11-16;1;0
25;2025-11-16;2;0
25;2025-11-16;3;0
25;2025-11-16;4;0
25;2025-11-16;5;5
25;2025-11-16;6;44
25;2025-11-16;7;94
25;2025-11-16;8;192
25;2025-11-16;9;199
25;2025-11-16;10;215
25;2025-11-16;11;304
25;2025-11-16;12;368
25;2025-11-16;13;478
25;2025-11-16;14;495
25;2025-11-16;15;565
25;2025-11-16;16;465
25;2025-11-16;17;426
25;2025-11-16;18;399
25;2025-11-16;19;322
25;2025-11-16;20;219
25;2025-11-16;21;188
25;2025-11-16;22;107
25;2025-11-16;23;38
25;2025-11-17;0;7
25;2025-11-17;1;0
25;2025-11-17;2;0
25;2025-11-17;3;0
25;2025-11-17;4;0
25;2025-11-17;5;6
25;2025-11-17;6;147
25;2025-11-17;7;496
25;2025-11-17;8;891
25;2025-11-17;9;474
25;2025-11-17;10;360
25;2025-11-17;11;415
25;2025-11-17;12;405
25;2025-11-17;13;518
25;2025-11-17;14;467
25;2025-11-17;15;540
25;2025-11-17;16;693
25;2025-11-17;17;737
25;2025-11-17;18;761
25;2025-11-17;19;497
25;2025-11-17;20;307
25;2025-11-17;21;199
25;2025-11-17;22;105
25;2025-11-17;23;7
25;2025-11-18;0;0
25;2025-11-18;1;0
25;2025-11-18;2;0
25;2025-11-18;3;0
25;2025-11-18;4;0
25;2025-11-18;5;6
25;2025-11-18;6;152
25;2025-11-18;7;508
25;2025-11-18;8;910
25;2025-11-18;9;487
25;2025-11-18;10;382
25;2025-11-18;11;428
25;2025-11-18;12;424
25;2025-11-18;13;532
25;2025-11-18;14;486
25;2025-11-18;15;552
25;2025-11-18;16;701
25;2025-11-18;17;756
25;2025-11-18;18;781
25;2025-11-18;19;525
25;2025-11-18;20;331
25;2025-11-18;21;213
25;2025-11-18;22;117
25;2025-11-18;23;9
25;2025-11-19;0;0
25;2025-11-19;1;0
25;2025-11-19;2;0
25;2025-11-19;3;0
25;2025-11-19;4;0
25;2025-11-19;5;6
25;2025-11-19;6;150
25;2025-11-19;7;507
25;2025-11-19;8;910
25;2025-11-19;9;485
25;2025-11-19;10;382
25;2025-11-19;11;428
25;2025-11-19;12;424
25;2025-11-19;13;532
25;2025-11-19;14;486
25;2025-11-19;15;551
25;2025-11-19;16;701
25;2025-11-19;17;756
25;2025-11-19;18;781
25;2025-11-19;19;525
25;2025-11-19;20;331
25;2025-11-19;21;213
25;2025-11-19;22;117
25;2025-11-19;23;9
25;2025-11-20;0;0
25;2025-11-20;1;0
25;2025-11-20;2;0
25;2025-11-20;3;0
25;2025-11-20;4;0
25;2025-11-20;5;6
25;2025-11-20;6;150
25;2025-11-20;7;507
25;2025-11-20;8;910
25;2025-11-20;9;485
25;2025-11-20;10;382
25;2025-11-20;11;427
25;2025-11-20;12;423
25;2025-11-20;13;532
25;2025-11-20;14;486
25;2025-11-20;15;552
25;2025-11-20;16;701
25;2025-11-20;17;755
25;2025-11-20;18;780
25;2025-11-20;19;525
25;2025-11-20;20;331
25;2025-11-20;21;213
25;2025-11-20;22;117
25;2025-11-20;23;9
25;2025-11-21;0;0
25;2025-11-21;1;0
25;2025-11-21;2;0
25;2025-11-21;3;0
25;2025-11-21;4;0
25;2025-11-21;5;6
25;2025-11-21;6;150
25;2025-11-21;7;504
25;2025-11-21;8;891
25;2025-11-21;9;480
25;2025-11-21;10;372
25;2025-11-21;11;427
25;2025-11-21;12;419
25;2025-11-21;13;528
25;2025-11-21;14;484
25;2025-11-21;15;557
25;2025-11-21;16;705
25;2025-11-21;17;743
25;2025-11-21;18;711
25;2025-11-21;19;482
25;2025-11-21;20;313
25;2025-11-21;21;210
25;2025-11-21;22;119
25;2025-11-21;23;11
25;2025-11-22;0;2
25;2025-11-22;1;0
25;2025-11-22;2;0
25;2025-11-22;3;0
25;2025-11-22;4;0
25;2025-11-22;5;4
25;2025-11-22;6;58
25;2025-11-22;7;119
25;2025-11-22;8;270
25;2025-11-22;9;250
25;2025-11-22;10;262
25;2025-11-22;11;347
25;2025-11-22;12;390
25;2025-11-22;13;507
25;2025-11-22;14;525
25;2025-11-22;15;597
25;2025-11-22;16;546
25;2025-11-22;17;503
25;2025-11-22;18;491
25;2025-11-22;19;399
25;2025-11-22;20;268
25;2025-11-22;21;220
25;2025-11-22;22;133
25;2025-11-22;23;45
25;2025-11-23;0;13
25;2025-11-23;1;0
25;2025-11-23;2;0
25;2025-11-23;3;0
25;2025-11-23;4;0
25;2025-11-23;5;5
25;2025-11-23;6;44
25;2025-11-23;7;94
25;2025-11-23;8;192
25;2025-11-23;9;199
25;2025-11-23;10;215
25;2025-11-23;11;304
25;2025-11-23;12;368
25;2025-11-23;13;478
25;2025-11-23;14;495
25;2025-11-23;15;565
25;2025-11-23;16;465
25;2025-11-23;17;426
25;2025-11-23;18;399
25;2025-11-23;19;322
25;2025-11-23;20;219
25;2025-11-23;21;188
25;2025-11-23;22;107
25;2025-11-23;23;38
25;2025-11-24;0;7
25;2025-11-24;1;0
25;2025-11-24;2;0
25;2025-11-24;3;0
25;2025-11-24;4;0
25;2025-11-24;5;6
25;2025-11-24;6;147
25;2025-11-24;7;496
25;2025-11-24;8;891
25;2025-11-24;9;474
25;2025-11-24;10;360
25;2025-11-24;11;415
25;2025-11-24;12;405
25;2025-11-24;13;518
25;2025-11-24;14;467
25;2025-11-24;15;540
25;2025-11-24;16;693
25;2025-11-24;17;737
25;2025-11-24;18;761
25;2025-11-24;19;497
25;2025-11-24;20;307
25;2025-11-24;21;199
25;2025-11-24;22;105
25;2025-11-24;23;7
25;2025-11-25;0;0
25;2025-11-25;1;0
25;2025-11-25;2;0
25;2025-11-25;3;0
25;2025-11-25;4;0
25;2025-11-25;5;6
25;2025-11-25;6;152
25;2025-11-25;7;508
25;2025-11-25;8;910
25;2025-11-25;9;487
25;2025-11-25;10;382
25;2025-11-25;11;428
25;2025-11-25;12;424
25;2025-11-25;13;532
25;2025-11-25;14;486
25;2025-11-25;15;552
25;2025-11-25;16;701
25;2025-11-25;17;756
25;2025-11-25;18;781
25;2025-11-25;19;525
25;2025-11-25;20;331
25;2025-11-25;21;213
25;2025-11-25;22;117
25;2025-11-25;23;9
25;2025-11-26;0;0
25;2025-11-26;1;0
25;2025-11-26;2;0
25;2025-11-26;3;0
25;2025-11-26;4;0
25;2025-11-26;5;6
25;2025-11-26;6;150
25;2025-11-26;7;507
25;2025-11-26;8;910
25;2025-11-26;9;485
25;2025-11-26;10;382
25;2025-11-26;11;428
25;2025-11-26;12;424
25;2025-11-26;13;532
25;2025-11-26;14;486
25;2025-11-26;15;551
25;2025-11-26;16;701
25;2025-11-26;17;756
25;2025-11-26;18;781
25;2025-11-26;19;525
25;2025-11-26;20;331
25;2025-11-26;21;213
25;2025-11-26;22;117
25;2025-11-26;23;9
25;2025-11-27;0;0
25;2025-11-27;1;0
25;2025-11-27;2;0
25;2025-11-27;3;0
25;2025-11-27;4;0
25;2025-11-27;5;6
25;2025-11-27;6;150
25;2025-11-27;7;507
25;2025-11-27;8;910
25;2025-11-27;9;485
25;2025-11-27;10;382
25;2025-11-27;11;427
25;2025-11-27;12;423
25;2025-11-27;13;532
25;2025-11-27;14;486
25;2025-11-27;15;552
25;2025-11-27;16;701
25;2025-11-27;17;755
25;2025-11-27;18;780
25;2025-11-27;19;525
25;2025-11-27;20;331
25;2025-11-27;21;213
25;2025-11-27;22;117
25;2025-11-27;23;9
25;2025-11-28;0;0
25;2025-11-28;1;0
25;2025-11-28;2;0
25;2025-11-28;3;0
25;2025-11-28;4;0
25;2025-11-28;5;6
25;2025-11-28;6;150
25;2025-11-28;7;504
25;2025-11-28;8;891
25;2025-11-28;9;480
25;2025-11-28;10;372
25;2025-11-28;11;427
25;2025-11-28;12;419
25;2025-11-28;13;528
25;2025-11-28;14;484
25;2025-11-28;15;557
25;2025-11-28;16;705
25;2025-11-28;17;743
25;2025-11-28;18;711
25;2025-11-28;19;482
25;2025-11-28;20;313
25;2025-11-28;21;210
25;2025-11-28;22;119
25;2025-11-28;23;11
25;2025-11-29;0;2
25;2025-11-29;1;0
25;2025-11-29;2;0
25;2025-11-29;3;0
25;2025-11-29;4;0
25;2025-11-29;5;4
25;2025-11-29;6;58
25;2025-11-29;7;119
25;2025-11-29;8;270
25;2025-11-29;9;250
25;2025-11-29;10;262
25;2025-11-29;11;347
25;2025-11-29;12;390
25;2025-11-29;13;507
25;2025-11-29;14;525
25;2025-11-29;15;597
25;2025-11-29;16;546
25;2025-11-29;17;503
25;2025-11-29;18;491
25;2025-11-29;19;399
25;2025-11-29;20;268
25;2025-11-29;21;220
25;2025-11-29;22;133
25;2025-11-29;23;45
25;2025-11-30;0;13
25;2025-11-30;1;0
25;2025-11-30;2;0
25;2025-11-30;3;0
25;2025-11-30;4;0
25;2025-11-30;5;5
25;2025-11-30;6;44
25;2025-11-30;7;94
25;2025-11-30;8;192
25;2025-11-30;9;199
25;2025-11-30;10;215
25;2025-11-30;11;304
25;2025-11-30;12;368
25;2025-11-30;13;478
25;2025-11-30;14;495
25;2025-11-30;15;565
25;2025-11-30;16;465
25;2025-11-30;17;426
25;2025-11-30;18;399
25;2025-11-30;19;322
25;2025-11-30;20;219
25;2025-11-30;21;188
25;2025-11-30;22;107
25;2025-11-30;23;38
25;2025-12-01;0;7
25;2025-12-01;1;0
25;2025-12-01;2;0
25;2025-12-01;3;0
25;2025-12-01;4;0
25;2025-12-01;5;0
25;2025-12-01;6;141
25;2025-12-01;7;471
25;2025-12-01;8;798
25;2025-12-01;9;398
25;2025-12-01;10;284
25;2025-12-01;11;318
25;2025-12-01;12;318
25;2025-12-01;13;388
25;2025-12-01;14;353
25;2025-12-01;15;463
25;2025-12-01;16;613
25;2025-12-01;17;653
25;2025-12-01;18;678
25;2025-12-01;19;419
25;2025-12-01;20;256
25;2025-12-01;21;158
25;2025-12-01;22;104
25;2025-12-01;23;3
25;2025-12-02;0;0
25;2025-12-02;1;0
25;2025-12-02;2;0
25;2025-12-02;3;0
25;2025-12-02;4;0
25;2025-12-02;5;0
25;2025-12-02;6;143
25;2025-12-02;7;479
25;2025-12-02;8;818
25;2025-12-02;9;408
25;2025-12-02;10;310
25;2025-12-02;11;335
25;2025-12-02;12;341
25;2025-12-02;13;400
25;2025-12-02;14;376
25;2025-12-02;15;473
25;2025-12-02;16;619
25;2025-12-02;17;672
25;2025-12-02;18;697
25;2025-12-02;19;446
25;2025-12-02;20;277
25;2025-12-02;21;170
25;2025-12-02;22;114
25;2025-12-02;23;5
25;2025-12-03;0;0
25;2025-12-03;1;0
25;2025-12-03;2;0
25;2025-12-03;3;0
25;2025-12-03;4;0
25;2025-12-03;5;0
25;2025-12-03;6;141
25;2025-12-03;7;479
25;2025-12-03;8;818
25;2025-12-03;9;407
25;2025-12-03;10;310
25;2025-12-03;11;335
25;2025-12-03;12;341
25;2025-12-03;13;400
25;2025-12-03;14;376
25;2025-12-03;15;472
25;2025-12-03;16;619
25;2025-12-03;17;672
25;2025-12-03;18;697
25;2025-12-03;19;446
25;2025-12-03;20;277
25;2025-12-03;21;170
25;2025-12-03;22;114
25;2025-12-03;23;5
25;2025-12-04;0;0
25;2025-12-04;1;0
25;2025-12-04;2;0
25;2025-12-04;3;0
25;2025-12-04;4;0
25;2025-12-04;5;1
25;2025-12-04;6;141
25;2025-12-04;7;479
25;2025-12-04;8;818
25;2025-12-04;9;407
25;2025-12-04;10;309
25;2025-12-04;11;335
25;2025-12-04;12;340
25;2025-12-04;13;400
25;2025-12-04;14;376
25;2025-12-04;15;473
25;2025-12-04;16;619
25;2025-12-04;17;671
25;2025-12-04;18;697
25;2025-12-04;19;446
25;2025-12-04;20;277
25;2025-12-04;21;170
25;2025-12-04;22;114
25;2025-12-04;23;5
25;2025-12-05;0;1
25;2025-12-05;1;0
25;2025-12-05;2;0
25;2025-12-05;3;0
25;2025-12-05;4;0
25;2025-12-05;5;0
25;2025-12-05;6;141
25;2025-12-05;7;476
25;2025-12-05;8;798
25;2025-12-05;9;402
25;2025-12-05;10;300
25;2025-12-05;11;334
25;2025-12-05;12;336
25;2025-12-05;13;396
25;2025-12-05;14;374
25;2025-12-05;15;478
25;2025-12-05;16;623
25;2025-12-05;17;659
25;2025-12-05;18;627
25;2025-12-05;19;403
25;2025-12-05;20;259
25;2025-12-05;21;167
25;2025-12-05;22;116
25;2025-12-05;23;6
25;2025-12-06;0;0
25;2025-12-06;1;0
25;2025-12-06;2;0
25;2025-12-06;3;0
25;2025-12-06;4;0
25;2025-12-06;5;0
25;2025-12-06;6;51
25;2025-12-06;7;113
25;2025-12-06;8;241
25;2025-12-06;9;231
25;2025-12-06;10;239
25;2025-12-06;11;296
25;2025-12-06;12;323
25;2025-12-06;13;391
25;2025-12-06;14;402
25;2025-12-06;15;536
25;2025-12-06;16;478
25;2025-12-06;17;429
25;2025-12-06;18;438
25;2025-12-06;19;360
25;2025-12-06;20;236
25;2025-12-06;21;191
25;2025-12-06;22;126
25;2025-12-06;23;43
25;2025-12-07;0;11
25;2025-12-07;1;0
25;2025-12-07;2;0
25;2025-12-07;3;0
25;2025-12-07;4;0
25;2025-12-07;5;1
25;2025-12-07;6;38
25;2025-12-07;7;89
25;2025-12-07;8;171
25;2025-12-07;9;191
25;2025-12-07;10;203
25;2025-12-07;11;263
25;2025-12-07;12;308
25;2025-12-07;13;365
25;2025-12-07;14;382
25;2025-12-07;15;508
25;2025-12-07;16;416
25;2025-12-07;17;366
25;2025-12-07;18;360
25;2025-12-07;19;289
25;2025-12-07;20;194
25;2025-12-07;21;165
25;2025-12-07;22;105
25;2025-12-07;23;36
25;2025-12-08;0;7
25;2025-12-08;1;0
25;2025-12-08;2;0
25;2025-12-08;3;0
25;2025-12-08;4;0
25;2025-12-08;5;0
25;2025-12-08;6;141
25;2025-12-08;7;471
25;2025-12-08;8;798
25;2025-12-08;9;398
25;2025-12-08;10;284
25;2025-12-08;11;318
25;2025-12-08;12;318
25;2025-12-08;13;388
25;2025-12-08;14;353
25;2025-12-08;15;463
25;2025-12-08;16;613
25;2025-12-08;17;653
25;2025-12-08;18;678
25;2025-12-08;19;419
25;2025-12-08;20;256
25;2025-12-08;21;158
25;2025-12-08;22;104
25;2025-12-08;23;3
25;2025-12-09;0;0
25;2025-12-09;1;0
25;2025-12-09;2;0
25;2025-12-09;3;0
25;2025-12-09;4;0
25;2025-12-09;5;0
25;2025-12-09;6;143
25;2025-12-09;7;479
25;2025-12-09;8;818
25;2025-12-09;9;408
25;2025-12-09;10;310
25;2025-12-09;11;335
25;2025-12-09;12;341
25;2025-12-09;13;400
25;2025-12-09;14;376
25;2025-12-09;15;473
25;2025-12-09;16;619
25;2025-12-09;17;672
25;2025-12-09;18;697
25;2025-12-09;19;446
25;2025-12-09;20;277
25;2025-12-09;21;170
25;2025-12-09;22;114
25;2025-12-09;23;5
25;2025-12-10;0;0
25;2025-12-10;1;0
25;2025-12-10;2;0
25;2025-12-10;3;0
25;2025-12-10;4;0
25;2025-12-10;5;0
25;2025-12-10;6;141
25;2025-12-10;7;479
25;2025-12-10;8;818
25;2025-12-10;9;407
25;2025-12-10;10;310
25;2025-12-10;11;335
25;2025-12-10;12;341
25;2025-12-10;13;400
25;2025-12-10;14;376
25;2025-12-10;15;472
25;2025-12-10;16;619
25;2025-12-10;17;672
25;2025-12-10;18;697
25;2025-12-10;19;446
25;2025-12-10;20;277
25;2025-12-10;21;170
25;2025-12-10;22;114
25;2025-12-10;23;5
25;2025-12-11;0;0
25;2025-12-11;1;0
25;2025-12-11;2;0
25;2025-12-11;3;0
25;2025-12-11;4;0
25;2025-12-11;5;1
25;2025-12-11;6;141
25;2025-12-11;7;479
25;2025-12-11;8;818
25;2025-12-11;9;407
25;2025-12-11;10;309
25;2025-12-11;11;335
25;2025-12-11;12;340
25;2025-12-11;13;400
25;2025-12-11;14;376
25;2025-12-11;15;473
25;2025-12-11;16;619
25;2025-12-11;17;671
25;2025-12-11;18;697
25;2025-12-11;19;446
25;2025-12-11;20;277
25;2025-12-11;21;170
25;2025-12-11;22;114
25;2025-12-11;23;5
25;2025-12-12;0;1
25;2025-12-12;1;0
25;2025-12-12;2;0
25;2025-12-12;3;0
25;2025-12-12;4;0
25;2025-12-12;5;0
25;2025-12-12;6;141
25;2025-12-12;7;476
25;2025-12-12;8;798
25;2025-12-12;9;402
25;2025-12-12;10;300
25;2025-12-12;11;334
25;2025-12-12;12;336
25;2025-12-12;13;396
25;2025-12-12;14;374
25;2025-12-12;15;478
25;2025-12-12;16;623
25;2025-12-12;17;659
25;2025-12-12;18;627
25;2025-12-12;19;403
25;2025-12-12;20;259
25;2025-12-12;21;167
25;2025-12-12;22;116
25;2025-12-12;23;6
25;2025-12-13;0;0
25;2025-12-13;1;0
25;2025-12-13;2;0
25;2025-12-13;3;0
25;2025-12-13;4;0
25;2025-12-13;5;0
25;2025-12-13;6;51
25;2025-12-13;7;113
25;2025-12-13;8;241
25;2025-12-13;9;231
25;2025-12-13;10;239
25;2025-12-13;11;296
25;2025-12-13;12;323
25;2025-12-13;13;391
25;2025-12-13;14;402
25;2025-12-13;15;536
25;2025-12-13;16;478
25;2025-12-13;17;429
25;2025-12-13;18;438
25;2025-12-13;19;360
25;2025-12-13;20;236
25;2025-12-13;21;191
25;2025-12-13;22;126
25;2025-12-13;23;43
25;2025-12-14;0;11
25;2025-12-14;1;0
25;2025-12-14;2;0
25;2025-12-14;3;0
25;2025-12-14;4;0
25;2025-12-14;5;1
25;2025-12-14;6;38
25;2025-12-14;7;89
25;2025-12-14;8;171
25;2025-12-14;9;191
25;2025-12-14;10;203
25;2025-12-14;11;263
25;2025-12-14;12;308
25;2025-12-14;13;365
25;2025-12-14;14;382
25;2025-12-14;15;508
25;2025-12-14;16;416
25;2025-12-14;17;366
25;2025-12-14;18;360
25;2025-12-14;19;289
25;2025-12-14;20;194
25;2025-12-14;21;165
25;2025-12-14;22;105
25;2025-12-14;23;36
25;2025-12-15;0;7
25;2025-12-15;1;0
25;2025-12-15;2;0
25;2025-12-15;3;0
25;2025-12-15;4;0
25;2025-12-15;5;0
25;2025-12-15;6;141
25;2025-12-15;7;471
25;2025-12-15;8;798
25;2025-12-15;9;398
25;2025-12-15;10;284
25;2025-12-15;11;318
25;2025-12-15;12;318
25;2025-12-15;13;388
25;2025-12-15;14;353
25;2025-12-15;15;463
25;2025-12-15;16;613
25;2025-12-15;17;653
25;2025-12-15;18;678
25;2025-12-15;19;419
25;2025-12-15;20;256
25;2025-12-15;21;158
25;2025-12-15;22;104
25;2025-12-15;23;3
25;2025-12-16;0;0
25;2025-12-16;1;0
25;2025-12-16;2;0
25;2025-12-16;3;0
25;2025-12-16;4;0
25;2025-12-16;5;0
25;2025-12-16;6;143
25;2025-12-16;7;479
25;2025-12-16;8;818
25;2025-12-16;9;408
25;2025-12-16;10;310
25;2025-12-16;11;335
25;2025-12-16;12;341
25;2025-12-16;13;400
25;2025-12-16;14;376
25;2025-12-16;15;473
25;2025-12-16;16;619
25;2025-12-16;17;672
25;2025-12-16;18;697
25;2025-12-16;19;446
25;2025-12-16;20;277
25;2025-12-16;21;170
25;2025-12-16;22;114
25;2025-12-16;23;5
25;2025-12-17;0;0
25;2025-12-17;1;0
25;2025-12-17;2;0
25;2025-12-17;3;0
25;2025-12-17;4;0
25;2025-12-17;5;0
25;2025-12-17;6;141
25;2025-12-17;7;479
25;2025-12-17;8;818
25;2025-12-17;9;407
25;2025-12-17;10;310
25;2025-12-17;11;335
25;2025-12-17;12;341
25;2025-12-17;13;400
25;2025-12-17;14;376
25;2025-12-17;15;472
25;2025-12-17;16;619
25;2025-12-17;17;672
25;2025-12-17;18;697
25;2025-12-17;19;446
25;2025-12-17;20;277
25;2025-12-17;21;170
25;2025-12-17;22;114
25;2025-12-17;23;5
25;2025-12-18;0;0
25;2025-12-18;1;0
25;2025-12-18;2;0
25;2025-12-18;3;0
25;2025-12-18;4;0
25;2025-12-18;5;1
25;2025-12-18;6;141
25;2025-12-18;7;479
25;2025-12-18;8;818
25;2025-12-18;9;407
25;2025-12-18;10;309
25;2025-12-18;11;335
25;2025-12-18;12;340
25;2025-12-18;13;400
25;2025-12-18;14;376
25;2025-12-18;15;473
25;2025-12-18;16;619
25;2025-12-18;17;671
25;2025-12-18;18;697
25;2025-12-18;19;446
25;2025-12-18;20;277
25;2025-12-18;21;170
25;2025-12-18;22;114
25;2025-12-18;23;5
25;2025-12-19;0;1
25;2025-12-19;1;0
25;2025-12-19;2;0
25;2025-12-19;3;0
25;2025-12-19;4;0
25;2025-12-19;5;0
25;2025-12-19;6;141
25;2025-12-19;7;476
25;2025-12-19;8;798
25;2025-12-19;9;402
25;2025-12-19;10;300
25;2025-12-19;11;334
25;2025-12-19;12;336
25;2025-12-19;13;396
25;2025-12-19;14;374
25;2025-12-19;15;478
25;2025-12-19;16;623
25;2025-12-19;17;659
25;2025-12-19;18;627
25;2025-12-19;19;403
25;2025-12-19;20;259
25;2025-12-19;21;167
25;2025-12-19;22;116
25;2025-12-19;23;6
25;2025-12-20;0;0
25;2025-12-20;1;0
25;2025-12-20;2;0
25;2025-12-20;3;0
25;2025-12-20;4;0
25;2025-12-20;5;0
25;2025-12-20;6;51
25;2025-12-20;7;113
25;2025-12-20;8;241
25;2025-12-20;9;231
25;2025-12-20;10;239
25;2025-12-20;11;296
25;2025-12-20;12;323
25;2025-12-20;13;391
25;2025-12-20;14;402
25;2025-12-20;15;536
25;2025-12-20;16;478
25;2025-12-20;17;429
25;2025-12-20;18;438
25;2025-12-20;19;360
25;2025-12-20;20;236
25;2025-12-20;21;191
25;2025-12-20;22;126
25;2025-12-20;23;43
25;2025-12-21;0;11
25;2025-12-21;1;0
25;2025-12-21;2;0
25;2025-12-21;3;0
25;2025-12-21;4;0
25;2025-12-21;5;1
25;2025-12-21;6;38
25;2025-12-21;7;89
25;2025-12-21;8;171
25;2025-12-21;9;191
25;2025-12-21;10;203
25;2025-12-21;11;263
25;2025-12-21;12;308
25;2025-12-21;13;365
25;2025-12-21;14;382
25;2025-12-21;15;508
25;2025-12-21;16;416
25;2025-12-21;17;366
25;2025-12-21;18;360
25;2025-12-21;19;289
25;2025-12-21;20;194
25;2025-12-21;21;165
25;2025-12-21;22;105
25;2025-12-21;23;36
25;2025-12-22;0;7
25;2025-12-22;1;0
25;2025-12-22;2;0
25;2025-12-22;3;0
25;2025-12-22;4;0
25;2025-12-22;5;0
25;2025-12-22;6;141
25;2025-12-22;7;471
25;2025-12-22;8;798
25;2025-12-22;9;398
25;2025-12-22;10;284
25;2025-12-22;11;318
25;2025-12-22;12;318
25;2025-12-22;13;388
25;2025-12-22;14;353
25;2025-12-22;15;463
25;2025-12-22;16;613
25;2025-12-22;17;653
25;2025-12-22;18;678
25;2025-12-22;19;419
25;2025-12-22;20;256
25;2025-12-22;21;158
25;2025-12-22;22;104
25;2025-12-22;23;3
25;2025-12-23;0;0
25;2025-12-23;1;0
25;2025-12-23;2;0
25;2025-12-23;3;0
25;2025-12-23;4;0
25;2025-12-23;5;0
25;2025-12-23;6;143
25;2025-12-23;7;479
25;2025-12-23;8;818
25;2025-12-23;9;408
25;2025-12-23;10;310
25;2025-12-23;11;335
25;2025-12-23;12;341
25;2025-12-23;13;400
25;2025-12-23;14;376
25;2025-12-23;15;473
25;2025-12-23;16;619
25;2025-12-23;17;672
25;2025-12-23;18;697
25;2025-12-23;19;446
25;2025-12-23;20;277
25;2025-12-23;21;170
25;2025-12-23;22;114
25;2025-12-23;23;5
25;2025-12-24;0;0
25;2025-12-24;1;0
25;2025-12-24;2;0
25;2025-12-24;3;0
25;2025-12-24;4;0
25;2025-12-24;5;0
25;2025-12-24;6;141
25;2025-12-24;7;479
25;2025-12-24;8;818
25;2025-12-24;9;407
25;2025-12-24;10;310
25;2025-12-24;11;335
25;2025-12-24;12;341
25;2025-12-24;13;400
25;2025-12-24;14;376
25;2025-12-24;15;472
25;2025-12-24;16;619
25;2025-12-24;17;672
25;2025-12-24;18;697
25;2025-12-24;19;446
25;2025-12-24;20;277
25;2025-12-24;21;170
25;2025-12-24;22;114
25;2025-12-24;23;5
25;2025-12-25;0;0
25;2025-12-25;1;0
25;2025-12-25;2;0
25;2025-12-25;3;0
25;2025-12-25;4;0
25;2025-12-25;5;1
25;2025-12-25;6;141
25;2025-12-25;7;479
25;2025-12-25;8;818
25;2025-12-25;9;407
25;2025-12-25;10;309
25;2025-12-25;11;335
25;2025-12-25;12;340
25;2025-12-25;13;400
25;2025-12-25;14;376
25;2025-12-25;15;473
25;2025-12-25;16;619
25;2025-12-25;17;671
25;2025-12-25;18;697
25;2025-12-25;19;446
25;2025-12-25;20;277
25;2025-12-25;21;170
25;2025-12-25;22;114
25;2025-12-25;23;5
25;2025-12-26;0;1
25;2025-12-26;1;0
25;2025-12-26;2;0
25;2025-12-26;3;0
25;2025-12-26;4;0
25;2025-12-26;5;0
25;2025-12-26;6;141
25;2025-12-26;7;476
25;2025-12-26;8;798
25;2025-12-26;9;402
25;2025-12-26;10;300
25;2025-12-26;11;334
25;2025-12-26;12;336
25;2025-12-26;13;396
25;2025-12-26;14;374
25;2025-12-26;15;478
25;2025-12-26;16;623
25;2025-12-26;17;659
25;2025-12-26;18;627
25;2025-12-26;19;403
25;2025-12-26;20;259
25;2025-12-26;21;167
25;2025-12-26;22;116
25;2025-12-26;23;6
25;2025-12-27;0;0
25;2025-12-27;1;0
25;2025-12-27;2;0
25;2025-12-27;3;0
25;2025-12-27;4;0
25;2025-12-27;5;0
25;2025-12-27;6;51
25;2025-12-27;7;113
25;2025-12-27;8;241
25;2025-12-27;9;231
25;2025-12-27;10;239
25;2025-12-27;11;296
25;2025-12-27;12;323
25;2025-12-27;13;391
25;2025-12-27;14;402
25;2025-12-27;15;536
25;2025-12-27;16;478
25;2025-12-27;17;429
25;2025-12-27;18;438
25;2025-12-27;19;360
25;2025-12-27;20;236
25;2025-12-27;21;191
25;2025-12-27;22;126
25;2025-12-27;23;43
25;2025-12-28;0;11
25;2025-12-28;1;0
25;2025-12-28;2;0
25;2025-12-28;3;0
25;2025-12-28;4;0
25;2025-12-28;5;1
25;2025-12-28;6;38
25;2025-12-28;7;89
25;2025-12-28;8;171
25;2025-12-28;9;191
25;2025-12-28;10;203
25;2025-12-28;11;263
25;2025-12-28;12;308
25;2025-12-28;13;365
25;2025-12-28;14;382
25;2025-12-28;15;508
25;2025-12-28;16;416
25;2025-12-28;17;366
25;2025-12-28;18;360
25;2025-12-28;19;289
25;2025-12-28;20;194
25;2025-12-28;21;165
25;2025-12-28;22;105
25;2025-12-28;23;36
25;2025-12-29;0;7
25;2025-12-29;1;0
25;2025-12-29;2;0
25;2025-12-29;3;0
25;2025-12-29;4;0
25;2025-12-29;5;0
25;2025-12-29;6;141
25;2025-12-29;7;471
25;2025-12-29;8;798
25;2025-12-29;9;398
25;2025-12-29;10;284
25;2025-12-29;11;318
25;2025-12-29;12;318
25;2025-12-29;13;388
25;2025-12-29;14;353
25;2025-12-29;15;463
25;2025-12-29;16;613
25;2025-12-29;17;653
25;2025-12-29;18;678
25;2025-12-29;19;419
25;2025-12-29;20;256
25;2025-12-29;21;158
25;2025-12-29;22;104
25;2025-12-29;23;3
25;2025-12-30;0;0
25;2025-12-30;1;0
25;2025-12-30;2;0
25;2025-12-30;3;0
25;2025-12-30;4;0
25;2025-12-30;5;0
25;2025-12-30;6;143
25;2025-12-30;7;479
25;2025-12-30;8;818
25;2025-12-30;9;408
25;2025-12-30;10;310
25;2025-12-30;11;335
25;2025-12-30;12;341
25;2025-12-30;13;400
25;2025-12-30;14;376
25;2025-12-30;15;473
25;2025-12-30;16;619
25;2025-12-30;17;672
25;2025-12-30;18;697
25;2025-12-30;19;446
25;2025-12-30;20;277
25;2025-12-30;21;170
25;2025-12-30;22;114
25;2025-12-30;23;5
25;2025-12-31;0;0
25;2025-12-31;1;0
25;2025-12-31;2;0
25;2025-12-31;3;0
25;2025-12-31;4;0
25;2025-12-31;5;0
25;2025-12-31;6;141
25;2025-12-31;7;479
25;2025-12-31;8;818
25;2025-12-31;9;407
25;2025-12-31;10;310
25;2025-12-31;11;335
25;2025-12-31;12;341
25;2025-12-31;13;400
25;2025-12-31;14;376
25;2025-12-31;15;472
25;2025-12-31;16;619
25;2025-12-31;17;672
25;2025-12-31;18;697
25;2025-12-31;19;446
25;2025-12-31;20;277
25;2025-12-31;21;170
25;2025-12-31;22;114
25;2025-12-31;23;5
26;2025-11-01;0;52
26;2025-11-01;1;2
26;2025-11-01;2;0
26;2025-11-01;3;0
26;2025-11-01;4;4
26;2025-11-01;5;46
26;2025-11-01;6;240
26;2025-11-01;7;358
26;2025-11-01;8;592
26;2025-11-01;9;617
26;2025-11-01;10;750
26;2025-11-01;11;914
26;2025-11-01;12;939
26;2025-11-01;13;1003
26;2025-11-01;14;998
26;2025-11-01;15;920
26;2025-11-01;16;961
26;2025-11-01;17;930
26;2025-11-01;18;871
26;2025-11-01;19;801
26;2025-11-01;20;542
26;2025-11-01;21;365
26;2025-11-01;22;232
26;2025-11-01;23;150
26;2025-11-02;0;51
26;2025-11-02;1;6
26;2025-11-02;2;0
26;2025-11-02;3;0
26;2025-11-02;4;2
26;2025-11-02;5;29
26;2025-11-02;6;174
26;2025-11-02;7;257
26;2025-11-02;8;420
26;2025-11-02;9;529
26;2025-11-02;10;588
26;2025-11-02;11;802
26;2025-11-02;12;837
26;2025-11-02;13;878
26;2025-11-02;14;870
26;2025-11-02;15;863
26;2025-11-02;16;864
26;2025-11-02;17;775
26;2025-11-02;18;766
26;2025-11-02;19;599
26;2025-11-02;20;428
26;2025-11-02;21;298
26;2025-11-02;22;203
26;2025-11-02;23;115
26;2025-11-03;0;32
26;2025-11-03;1;2
26;2025-11-03;2;0
26;2025-11-03;3;0
26;2025-11-03;4;4
26;2025-11-03;5;82
26;2025-11-03;6;489
26;2025-11-03;7;1049
26;2025-11-03;8;2114
26;2025-11-03;9;1426
26;2025-11-03;10;1213
26;2025-11-03;11;1123
26;2025-11-03;12;1169
26;2025-11-03;13;1219
26;2025-11-03;14;1271
26;2025-11-03;15;1358
26;2025-11-03;16;1536
26;2025-11-03;17;1711
26;2025-11-03;18;1825
26;2025-11-03;19;1240
26;2025-11-03;20;770
26;2025-11-03;21;462
26;2025-11-03;22;223
26;2025-11-03;23;116
26;2025-11-04;0;34
26;2025-11-04;1;1
26;2025-11-04;2;0
26;2025-11-04;3;0
26;2025-11-04;4;3
26;2025-11-04;5;88
26;2025-11-04;6;512
26;2025-11-04;7;1058
26;2025-11-04;8;2130
26;2025-11-04;9;1466
26;2025-11-04;10;1236
26;2025-11-04;11;1145
26;2025-11-04;12;1190
26;2025-11-04;13;1231
26;2025-11-04;14;1291
26;2025-11-04;15;1379
26;2025-11-04;16;1561
26;2025-11-04;17;1723
26;2025-11-04;18;1893
26;2025-11-04;19;1297
26;2025-11-04;20;804
26;2025-11-04;21;492
26;2025-11-04;22;242
26;2025-11-04;23;129
26;2025-11-05;0;34
26;2025-11-05;1;1
26;2025-11-05;2;0
26;2025-11-05;3;0
26;2025-11-05;4;5
26;2025-11-05;5;93
26;2025-11-05;6;513
26;2025-11-05;7;1057
26;2025-11-05;8;2130
26;2025-11-05;9;1466
26;2025-11-05;10;1235
26;2025-11-05;11;1145
26;2025-11-05;12;1190
26;2025-11-05;13;1232
26;2025-11-05;14;1291
26;2025-11-05;15;1378
26;2025-11-05;16;1559
26;2025-11-05;17;1722
26;2025-11-05;18;1893
26;2025-11-05;19;1297
26;2025-11-05;20;804
26;2025-11-05;21;495
26;2025-11-05;22;242
26;2025-11-05;23;138
26;2025-11-06;0;36
26;2025-11-06;1;1
26;2025-11-06;2;0
26;2025-11-06;3;0
26;2025-11-06;4;4
26;2025-11-06;5;91
26;2025-11-06;6;512
26;2025-11-06;7;1057
26;2025-11-06;8;2122
26;2025-11-06;9;1458
26;2025-11-06;10;1235
26;2025-11-06;11;1145
26;2025-11-06;12;1182
26;2025-11-06;13;1224
26;2025-11-06;14;1283
26;2025-11-06;15;1371
26;2025-11-06;16;1552
26;2025-11-06;17;1715
26;2025-11-06;18;1886
26;2025-11-06;19;1289
26;2025-11-06;20;804
26;2025-11-06;21;495
26;2025-11-06;22;243
26;2025-11-06;23;138
26;2025-11-07;0;37
26;2025-11-07;1;2
26;2025-11-07;2;0
26;2025-11-07;3;0
26;2025-11-07;4;3
26;2025-11-07;5;87
26;2025-11-07;6;495
26;2025-11-07;7;1049
26;2025-11-07;8;2076
26;2025-11-07;9;1417
26;2025-11-07;10;1219
26;2025-11-07;11;1130
26;2025-11-07;12;1166
26;2025-11-07;13;1210
26;2025-11-07;14;1271
26;2025-11-07;15;1366
26;2025-11-07;16;1577
26;2025-11-07;17;1707
26;2025-11-07;18;1712
26;2025-11-07;19;1208
26;2025-11-07;20;766
26;2025-11-07;21;475
26;2025-11-07;22;238
26;2025-11-07;23;156
26;2025-11-08;0;52
26;2025-11-08;1;2
26;2025-11-08;2;0
26;2025-11-08;3;0
26;2025-11-08;4;4
26;2025-11-08;5;46
26;2025-11-08;6;240
26;2025-11-08;7;358
26;2025-11-08;8;592
26;2025-11-08;9;617
26;2025-11-08;10;750
26;2025-11-08;11;914
26;2025-11-08;12;939
26;2025-11-08;13;1003
26;2025-11-08;14;998
26;2025-11-08;15;920
26;2025-11-08;16;961
26;2025-11-08;17;930
26;2025-11-08;18;871
26;2025-11-08;19;801
26;2025-11-08;20;542
26;2025-11-08;21;365
26;2025-11-08;22;232
26;2025-11-08;23;150
26;2025-11-09;0;51
26;2025-11-09;1;6
26;2025-11-09;2;0
26;2025-11-09;3;0
26;2025-11-09;4;2
26;2025-11-09;5;29
26;2025-11-09;6;174
26;2025-11-09;7;257
26;2025-11-09;8;420
26;2025-11-09;9;529
26;2025-11-09;10;588
26;2025-11-09;11;802
26;2025-11-09;12;837
26;2025-11-09;13;878
26;2025-11-09;14;870
26;2025-11-09;15;863
26;2025-11-09;16;864
26;2025-11-09;17;775
26;2025-11-09;18;766
26;2025-11-09;19;599
26;2025-11-09;20;428
26;2025-11-09;21;298
26;2025-11-09;22;203
26;2025-11-09;23;115
26;2025-11-10;0;32
26;2025-11-10;1;2
26;2025-11-10;2;0
26;2025-11-10;3;0
26;2025-11-10;4;4
26;2025-11-10;5;82
26;2025-11-10;6;489
26;2025-11-10;7;1049
26;2025-11-10;8;2114
26;2025-11-10;9;1426
26;2025-11-10;10;1213
26;2025-11-10;11;1123
26;2025-11-10;12;1169
26;2025-11-10;13;1219
26;2025-11-10;14;1271
26;2025-11-10;15;1358
26;2025-11-10;16;1536
26;2025-11-10;17;1711
26;2025-11-10;18;1825
26;2025-11-10;19;1240
26;2025-11-10;20;770
26;2025-11-10;21;462
26;2025-11-10;22;223
26;2025-11-10;23;116
26;2025-11-11;0;34
26;2025-11-11;1;1
26;2025-11-11;2;0
26;2025-11-11;3;0
26;2025-11-11;4;3
26;2025-11-11;5;88
26;2025-11-11;6;512
26;2025-11-11;7;1058
26;2025-11-11;8;2130
26;2025-11-11;9;1466
26;2025-11-11;10;1236
26;2025-11-11;11;1145
26;2025-11-11;12;1190
26;2025-11-11;13;1231
26;2025-11-11;14;1291
26;2025-11-11;15;1379
26;2025-11-11;16;1561
26;2025-11-11;17;1723
26;2025-11-11;18;1893
26;2025-11-11;19;1297
26;2025-11-11;20;804
26;2025-11-11;21;492
26;2025-11-11;22;242
26;2025-11-11;23;129
26;2025-11-12;0;34
26;2025-11-12;1;1
26;2025-11-12;2;0
26;2025-11-12;3;0
26;2025-11-12;4;5
26;2025-11-12;5;93
26;2025-11-12;6;513
26;2025-11-12;7;1057
26;2025-11-12;8;2130
26;2025-11-12;9;1466
26;2025-11-12;10;1235
26;2025-11-12;11;1145
26;2025-11-12;12;1190
26;2025-11-12;13;1232
26;2025-11-12;14;1291
26;2025-11-12;15;1378
26;2025-11-12;16;1559
26;2025-11-12;17;1722
26;2025-11-12;18;1893
26;2025-11-12;19;1297
26;2025-11-12;20;804
26;2025-11-12;21;495
26;2025-11-12;22;242
26;2025-11-12;23;138
26;2025-11-13;0;36
26;2025-11-13;1;1
26;2025-11-13;2;0
26;2025-11-13;3;0
26;2025-11-13;4;4
26;2025-11-13;5;91
26;2025-11-13;6;512
26;2025-11-13;7;1057
26;2025-11-13;8;2122
26;2025-11-13;9;1458
26;2025-11-13;10;1235
26;2025-11-13;11;1145
26;2025-11-13;12;1182
26;2025-11-13;13;1224
26;2025-11-13;14;1283
26;2025-11-13;15;1371
26;2025-11-13;16;1552
26;2025-11-13;17;1715
26;2025-11-13;18;1886
26;2025-11-13;19;1289
26;2025-11-13;20;804
26;2025-11-13;21;495
26;2025-11-13;22;243
26;2025-11-13;23;138
26;2025-11-14;0;37
26;2025-11-14;1;2
26;2025-11-14;2;0
26;2025-11-14;3;0
26;2025-11-14;4;3
26;2025-11-14;5;87
26;2025-11-14;6;495
26;2025-11-14;7;1049
26;2025-11-14;8;2076
26;2025-11-14;9;1417
26;2025-11-14;10;1219
26;2025-11-14;11;1130
26;2025-11-14;12;1166
26;2025-11-14;13;1210
26;2025-11-14;14;1271
26;2025-11-14;15;1366
26;2025-11-14;16;1577
26;2025-11-14;17;1707
26;2025-11-14;18;1712
26;2025-11-14;19;1208
26;2025-11-14;20;766
26;2025-11-14;21;475
26;2025-11-14;22;238
26;2025-11-14;23;156
26;2025-11-15;0;52
26;2025-11-15;1;2
26;2025-11-15;2;0
26;2025-11-15;3;0
26;2025-11-15;4;4
26;2025-11-15;5;46
26;2025-11-15;6;240
26;2025-11-15;7;358
26;2025-11-15;8;592
26;2025-11-15;9;617
26;2025-11-15;10;750
26;2025-11-15;11;914
26;2025-11-15;12;939
26;2025-11-15;13;1003
26;2025-11-15;14;998
26;2025-11-15;15;920
26;2025-11-15;16;961
26;2025-11-15;17;930
26;2025-11-15;18;871
26;2025-11-15;19;801
26;2025-11-15;20;542
26;2025-11-15;21;365
26;2025-11-15;22;232
26;2025-11-15;23;150
26;2025-11-16;0;51
26;2025-11-16;1;6
26;2025-11-16;2;0
26;2025-11-16;3;0
26;2025-11-16;4;2
26;2025-11-16;5;29
26;2025-11-16;6;174
26;2025-11-16;7;257
26;2025-11-16;8;420
26;2025-11-16;9;529
26;2025-11-16;10;588
26;2025-11-16;11;802
26;2025-11-16;12;837
26;2025-11-16;13;878
26;2025-11-16;14;870
26;2025-11-16;15;863
26;2025-11-16;16;864
26;2025-11-16;17;775
26;2025-11-16;18;766
26;2025-11-16;19;599
26;2025-11-16;20;428
26;2025-11-16;21;298
26;2025-11-16;22;203
26;2025-11-16;23;115
26;2025-11-17;0;32
26;2025-11-17;1;2
26;2025-11-17;2;0
26;2025-11-17;3;0
26;2025-11-17;4;4
26;2025-11-17;5;82
26;2025-11-17;6;489
26;2025-11-17;7;1049
26;2025-11-17;8;2114
26;2025-11-17;9;1426
26;2025-11-17;10;1213
26;2025-11-17;11;1123
26;2025-11-17;12;1169
26;2025-11-17;13;1219
26;2025-11-17;14;1271
26;2025-11-17;15;1358
26;2025-11-17;16;1536
26;2025-11-17;17;1711
26;2025-11-17;18;1825
26;2025-11-17;19;1240
26;2025-11-17;20;770
26;2025-11-17;21;462
26;2025-11-17;22;223
26;2025-11-17;23;116
26;2025-11-18;0;34
26;2025-11-18;1;1
26;2025-11-18;2;0
26;2025-11-18;3;0
26;2025-11-18;4;3
26;2025-11-18;5;88
26;2025-11-18;6;512
26;2025-11-18;7;1058
26;2025-11-18;8;2130
26;2025-11-18;9;1466
26;2025-11-18;10;1236
26;2025-11-18;11;1145
26;2025-11-18;12;1190
26;2025-11-18;13;1231
26;2025-11-18;14;1291
26;2025-11-18;15;1379
26;2025-11-18;16;1561
26;2025-11-18;17;1723
26;2025-11-18;18;1893
26;2025-11-18;19;1297
26;2025-11-18;20;804
26;2025-11-18;21;492
26;2025-11-18;22;242
26;2025-11-18;23;129
26;2025-11-19;0;34
26;2025-11-19;1;1
26;2025-11-19;2;0
26;2025-11-19;3;0
26;2025-11-19;4;5
26;2025-11-19;5;93
26;2025-11-19;6;513
26;2025-11-19;7;1057
26;2025-11-19;8;2130
26;2025-11-19;9;1466
26;2025-11-19;10;1235
26;2025-11-19;11;1145
26;2025-11-19;12;1190
26;2025-11-19;13;1232
26;2025-11-19;14;1291
26;2025-11-19;15;1378
26;2025-11-19;16;1559
26;2025-11-19;17;1722
26;2025-11-19;18;1893
26;2025-11-19;19;1297
26;2025-11-19;20;804
26;2025-11-19;21;495
26;2025-11-19;22;242
26;2025-11-19;23;138
26;2025-11-20;0;36
26;2025-11-20;1;1
26;2025-11-20;2;0
26;2025-11-20;3;0
26;2025-11-20;4;4
26;2025-11-20;5;91
26;2025-11-20;6;512
26;2025-11-20;7;1057
26;2025-11-20;8;2122
26;2025-11-20;9;1458
26;2025-11-20;10;1235
26;2025-11-20;11;1145
26;2025-11-20;12;1182
26;2025-11-20;13;1224
26;2025-11-20;14;1283
26;2025-11-20;15;1371
26;2025-11-20;16;1552
26;2025-11-20;17;1715
26;2025-11-20;18;1886
26;2025-11-20;19;1289
26;2025-11-20;20;804
26;2025-11-20;21;495
26;2025-11-20;22;243
26;2025-11-20;23;138
26;2025-11-21;0;37
26;2025-11-21;1;2
26;2025-11-21;2;0
26;2025-11-21;3;0
26;2025-11-21;4;3
26;2025-11-21;5;87
26;2025-11-21;6;495
26;2025-11-21;7;1049
26;2025-11-21;8;2076
26;2025-11-21;9;1417
26;2025-11-21;10;1219
26;2025-11-21;11;1130
26;2025-11-21;12;1166
26;2025-11-21;13;1210
26;2025-11-21;14;1271
26;2025-11-21;15;1366
26;2025-11-21;16;1577
26;2025-11-21;17;1707
26;2025-11-21;18;1712
26;2025-11-21;19;1208
26;2025-11-21;20;766
26;2025-11-21;21;475
26;2025-11-21;22;238
26;2025-11-21;23;156
26;2025-11-22;0;52
26;2025-11-22;1;2
26;2025-11-22;2;0
26;2025-11-22;3;0
26;2025-11-22;4;4
26;2025-11-22;5;46
26;2025-11-22;6;240
26;2025-11-22;7;358
26;2025-11-22;8;592
26;2025-11-22;9;617
26;2025-11-22;10;750
26;2025-11-22;11;914
26;2025-11-22;12;939
26;2025-11-22;13;1003
26;2025-11-22;14;998
26;2025-11-22;15;920
26;2025-11-22;16;961
26;2025-11-22;17;930
26;2025-11-22;18;871
26;2025-11-22;19;801
26;2025-11-22;20;542
26;2025-11-22;21;365
26;2025-11-22;22;232
26;2025-11-22;23;150
26;2025-11-23;0;51
26;2025-11-23;1;6
26;2025-11-23;2;0
26;2025-11-23;3;0
26;2025-11-23;4;2
26;2025-11-23;5;29
26;2025-11-23;6;174
26;2025-11-23;7;257
26;2025-11-23;8;420
26;2025-11-23;9;529
26;2025-11-23;10;588
26;2025-11-23;11;802
26;2025-11-23;12;837
26;2025-11-23;13;878
26;2025-11-23;14;870
26;2025-11-23;15;863
26;2025-11-23;16;864
26;2025-11-23;17;775
26;2025-11-23;18;766
26;2025-11-23;19;599
26;2025-11-23;20;428
26;2025-11-23;21;298
26;2025-11-23;22;203
26;2025-11-23;23;115
26;2025-11-24;0;32
26;2025-11-24;1;2
26;2025-11-24;2;0
26;2025-11-24;3;0
26;2025-11-24;4;4
26;2025-11-24;5;82
26;2025-11-24;6;489
26;2025-11-24;7;1049
26;2025-11-24;8;2114
26;2025-11-24;9;1426
26;2025-11-24;10;1213
26;2025-11-24;11;1123
26;2025-11-24;12;1169
26;2025-11-24;13;1219
26;2025-11-24;14;1271
26;2025-11-24;15;1358
26;2025-11-24;16;1536
26;2025-11-24;17;1711
26;2025-11-24;18;1825
26;2025-11-24;19;1240
26;2025-11-24;20;770
26;2025-11-24;21;462
26;2025-11-24;22;223
26;2025-11-24;23;116
26;2025-11-25;0;34
26;2025-11-25;1;1
26;2025-11-25;2;0
26;2025-11-25;3;0
26;2025-11-25;4;3
26;2025-11-25;5;88
26;2025-11-25;6;512
26;2025-11-25;7;1058
26;2025-11-25;8;2130
26;2025-11-25;9;1466
26;2025-11-25;10;1236
26;2025-11-25;11;1145
26;2025-11-25;12;1190
26;2025-11-25;13;1231
26;2025-11-25;14;1291
26;2025-11-25;15;1379
26;2025-11-25;16;1561
26;2025-11-25;17;1723
26;2025-11-25;18;1893
26;2025-11-25;19;1297
26;2025-11-25;20;804
26;2025-11-25;21;492
26;2025-11-25;22;242
26;2025-11-25;23;129
26;2025-11-26;0;34
26;2025-11-26;1;1
26;2025-11-26;2;0
26;2025-11-26;3;0
26;2025-11-26;4;5
26;2025-11-26;5;93
26;2025-11-26;6;513
26;2025-11-26;7;1057
26;2025-11-26;8;2130
26;2025-11-26;9;1466
26;2025-11-26;10;1235
26;2025-11-26;11;1145
26;2025-11-26;12;1190
26;2025-11-26;13;1232
26;2025-11-26;14;1291
26;2025-11-26;15;1378
26;2025-11-26;16;1559
26;2025-11-26;17;1722
26;2025-11-26;18;1893
26;2025-11-26;19;1297
26;2025-11-26;20;804
26;2025-11-26;21;495
26;2025-11-26;22;242
26;2025-11-26;23;138
26;2025-11-27;0;36
26;2025-11-27;1;1
26;2025-11-27;2;0
26;2025-11-27;3;0
26;2025-11-27;4;4
26;2025-11-27;5;91
26;2025-11-27;6;512
26;2025-11-27;7;1057
26;2025-11-27;8;2122
26;2025-11-27;9;1458
26;2025-11-27;10;1235
26;2025-11-27;11;1145
26;2025-11-27;12;1182
26;2025-11-27;13;1224
26;2025-11-27;14;1283
26;2025-11-27;15;1371
26;2025-11-27;16;1552
26;2025-11-27;17;1715
26;2025-11-27;18;1886
26;2025-11-27;19;1289
26;2025-11-27;20;804
26;2025-11-27;21;495
26;2025-11-27;22;243
26;2025-11-27;23;138
26;2025-11-28;0;37
26;2025-11-28;1;2
26;2025-11-28;2;0
26;2025-11-28;3;0
26;2025-11-28;4;3
26;2025-11-28;5;87
26;2025-11-28;6;495
26;2025-11-28;7;1049
26;2025-11-28;8;2076
26;2025-11-28;9;1417
26;2025-11-28;10;1219
26;2025-11-28;11;1130
26;2025-11-28;12;1166
26;2025-11-28;13;1210
26;2025-11-28;14;1271
26;2025-11-28;15;1366
26;2025-11-28;16;1577
26;2025-11-28;17;1707
26;2025-11-28;18;1712
26;2025-11-28;19;1208
26;2025-11-28;20;766
26;2025-11-28;21;475
26;2025-11-28;22;238
26;2025-11-28;23;156
26;2025-11-29;0;52
26;2025-11-29;1;2
26;2025-11-29;2;0
26;2025-11-29;3;0
26;2025-11-29;4;4
26;2025-11-29;5;46
26;2025-11-29;6;240
26;2025-11-29;7;358
26;2025-11-29;8;592
26;2025-11-29;9;617
26;2025-11-29;10;750
26;2025-11-29;11;914
26;2025-11-29;12;939
26;2025-11-29;13;1003
26;2025-11-29;14;998
26;2025-11-29;15;920
26;2025-11-29;16;961
26;2025-11-29;17;930
26;2025-11-29;18;871
26;2025-11-29;19;801
26;2025-11-29;20;542
26;2025-11-29;21;365
26;2025-11-29;22;232
26;2025-11-29;23;150
26;2025-11-30;0;51
26;2025-11-30;1;6
26;2025-11-30;2;0
26;2025-11-30;3;0
26;2025-11-30;4;2
26;2025-11-30;5;29
26;2025-11-30;6;174
26;2025-11-30;7;257
26;2025-11-30;8;420
26;2025-11-30;9;529
26;2025-11-30;10;588
26;2025-11-30;11;802
26;2025-11-30;12;837
26;2025-11-30;13;878
26;2025-11-30;14;870
26;2025-11-30;15;863
26;2025-11-30;16;864
26;2025-11-30;17;775
26;2025-11-30;18;766
26;2025-11-30;19;599
26;2025-11-30;20;428
26;2025-11-30;21;298
26;2025-11-30;22;203
26;2025-11-30;23;115
26;2025-12-01;0;25
26;2025-12-01;1;2
26;2025-12-01;2;0
26;2025-12-01;3;0
26;2025-12-01;4;0
26;2025-12-01;5;74
26;2025-12-01;6;480
26;2025-12-01;7;981
26;2025-12-01;8;1964
26;2025-12-01;9;1372
26;2025-12-01;10;1125
26;2025-12-01;11;1050
26;2025-12-01;12;1061
26;2025-12-01;13;1101
26;2025-12-01;14;1142
26;2025-12-01;15;1243
26;2025-12-01;16;1455
26;2025-12-01;17;1616
26;2025-12-01;18;1761
26;2025-12-01;19;1144
26;2025-12-01;20;691
26;2025-12-01;21;387
26;2025-12-01;22;204
26;2025-12-01;23;96
26;2025-12-02;0;27
26;2025-12-02;1;1
26;2025-12-02;2;0
26;2025-12-02;3;0
26;2025-12-02;4;0
26;2025-12-02;5;81
26;2025-12-02;6;502
26;2025-12-02;7;989
26;2025-12-02;8;1980
26;2025-12-02;9;1412
26;2025-12-02;10;1148
26;2025-12-02;11;1072
26;2025-12-02;12;1082
26;2025-12-02;13;1113
26;2025-12-02;14;1161
26;2025-12-02;15;1263
26;2025-12-02;16;1481
26;2025-12-02;17;1628
26;2025-12-02;18;1829
26;2025-12-02;19;1201
26;2025-12-02;20;724
26;2025-12-02;21;416
26;2025-12-02;22;220
26;2025-12-02;23;106
26;2025-12-03;0;27
26;2025-12-03;1;1
26;2025-12-03;2;0
26;2025-12-03;3;0
26;2025-12-03;4;1
26;2025-12-03;5;84
26;2025-12-03;6;503
26;2025-12-03;7;989
26;2025-12-03;8;1980
26;2025-12-03;9;1412
26;2025-12-03;10;1148
26;2025-12-03;11;1072
26;2025-12-03;12;1081
26;2025-12-03;13;1114
26;2025-12-03;14;1161
26;2025-12-03;15;1262
26;2025-12-03;16;1479
26;2025-12-03;17;1627
26;2025-12-03;18;1829
26;2025-12-03;19;1201
26;2025-12-03;20;724
26;2025-12-03;21;419
26;2025-12-03;22;220
26;2025-12-03;23;112
26;2025-12-04;0;30
26;2025-12-04;1;1
26;2025-12-04;2;0
26;2025-12-04;3;0
26;2025-12-04;4;1
26;2025-12-04;5;84
26;2025-12-04;6;502
26;2025-12-04;7;989
26;2025-12-04;8;1980
26;2025-12-04;9;1412
26;2025-12-04;10;1148
26;2025-12-04;11;1071
26;2025-12-04;12;1081
26;2025-12-04;13;1114
26;2025-12-04;14;1161
26;2025-12-04;15;1263
26;2025-12-04;16;1478
26;2025-12-04;17;1627
26;2025-12-04;18;1829
26;2025-12-04;19;1201
26;2025-12-04;20;724
26;2025-12-04;21;419
26;2025-12-04;22;221
26;2025-12-04;23;113
26;2025-12-05;0;30
26;2025-12-05;1;2
26;2025-12-05;2;0
26;2025-12-05;3;0
26;2025-12-05;4;0
26;2025-12-05;5;78
26;2025-12-05;6;484
26;2025-12-05;7;980
26;2025-12-05;8;1914
26;2025-12-05;9;1371
26;2025-12-05;10;1132
26;2025-12-05;11;1056
26;2025-12-05;12;1065
26;2025-12-05;13;1100
26;2025-12-05;14;1149
26;2025-12-05;15;1258
26;2025-12-05;16;1504
26;2025-12-05;17;1620
26;2025-12-05;18;1635
26;2025-12-05;19;1120
26;2025-12-05;20;685
26;2025-12-05;21;399
26;2025-12-05;22;217
26;2025-12-05;23;128
26;2025-12-06;0;42
26;2025-12-06;1;2
26;2025-12-06;2;0
26;2025-12-06;3;0
26;2025-12-06;4;2
26;2025-12-06;5;49
26;2025-12-06;6;225
26;2025-12-06;7;342
26;2025-12-06;8;514
26;2025-12-06;9;589
26;2025-12-06;10;699
26;2025-12-06;11;860
26;2025-12-06;12;881
26;2025-12-06;13;938
26;2025-12-06;14;927
26;2025-12-06;15;869
26;2025-12-06;16;901
26;2025-12-06;17;892
26;2025-12-06;18;808
26;2025-12-06;19;743
26;2025-12-06;20;491
26;2025-12-06;21;345
26;2025-12-06;22;212
26;2025-12-06;23;129
26;2025-12-07;0;42
26;2025-12-07;1;5
26;2025-12-07;2;0
26;2025-12-07;3;0
26;2025-12-07;4;0
26;2025-12-07;5;31
26;2025-12-07;6;164
26;2025-12-07;7;238
26;2025-12-07;8;352
26;2025-12-07;9;501
26;2025-12-07;10;547
26;2025-12-07;11;748
26;2025-12-07;12;789
26;2025-12-07;13;823
26;2025-12-07;14;800
26;2025-12-07;15;811
26;2025-12-07;16;804
26;2025-12-07;17;738
26;2025-12-07;18;700
26;2025-12-07;19;550
26;2025-12-07;20;384
26;2025-12-07;21;284
26;2025-12-07;22;188
26;2025-12-07;23;98
26;2025-12-08;0;25
26;2025-12-08;1;2
26;2025-12-08;2;0
26;2025-12-08;3;0
26;2025-12-08;4;0
26;2025-12-08;5;74
26;2025-12-08;6;480
26;2025-12-08;7;981
26;2025-12-08;8;1964
26;2025-12-08;9;1372
26;2025-12-08;10;1125
26;2025-12-08;11;1050
26;2025-12-08;12;1061
26;2025-12-08;13;1101
26;2025-12-08;14;1142
26;2025-12-08;15;1243
26;2025-12-08;16;1455
26;2025-12-08;17;1616
26;2025-12-08;18;1761
26;2025-12-08;19;1144
26;2025-12-08;20;691
26;2025-12-08;21;387
26;2025-12-08;22;204
26;2025-12-08;23;96
26;2025-12-09;0;27
26;2025-12-09;1;1
26;2025-12-09;2;0
26;2025-12-09;3;0
26;2025-12-09;4;0
26;2025-12-09;5;81
26;2025-12-09;6;502
26;2025-12-09;7;989
26;2025-12-09;8;1980
26;2025-12-09;9;1412
26;2025-12-09;10;1148
26;2025-12-09;11;1072
26;2025-12-09;12;1082
26;2025-12-09;13;1113
26;2025-12-09;14;1161
26;2025-12-09;15;1263
26;2025-12-09;16;1481
26;2025-12-09;17;1628
26;2025-12-09;18;1829
26;2025-12-09;19;1201
26;2025-12-09;20;724
26;2025-12-09;21;416
26;2025-12-09;22;220
26;2025-12-09;23;106
26;2025-12-10;0;27
26;2025-12-10;1;1
26;2025-12-10;2;0
26;2025-12-10;3;0
26;2025-12-10;4;1
26;2025-12-10;5;84
26;2025-12-10;6;503
26;2025-12-10;7;989
26;2025-12-10;8;1980
26;2025-12-10;9;1412
26;2025-12-10;10;1148
26;2025-12-10;11;1072
26;2025-12-10;12;1081
26;2025-12-10;13;1114
26;2025-12-10;14;1161
26;2025-12-10;15;1262
26;2025-12-10;16;1479
26;2025-12-10;17;1627
26;2025-12-10;18;1829
26;2025-12-10;19;1201
26;2025-12-10;20;724
26;2025-12-10;21;419
26;2025-12-10;22;220
26;2025-12-10;23;112
26;2025-12-11;0;30
26;2025-12-11;1;1
26;2025-12-11;2;0
26;2025-12-11;3;0
26;2025-12-11;4;1
26;2025-12-11;5;84
26;2025-12-11;6;502
26;2025-12-11;7;989
26;2025-12-11;8;1980
26;2025-12-11;9;1412
26;2025-12-11;10;1148
26;2025-12-11;11;1071
26;2025-12-11;12;1081
26;2025-12-11;13;1114
26;2025-12-11;14;1161
26;2025-12-11;15;1263
26;2025-12-11;16;1478
26;2025-12-11;17;1627
26;2025-12-11;18;1829
26;2025-12-11;19;1201
26;2025-12-11;20;724
26;2025-12-11;21;419
26;2025-12-11;22;221
26;2025-12-11;23;113
26;2025-12-12;0;30
26;2025-12-12;1;2
26;2025-12-12;2;0
26;2025-12-12;3;0
26;2025-12-12;4;0
26;2025-12-12;5;78
26;2025-12-12;6;484
26;2025-12-12;7;980
26;2025-12-12;8;1914
26;2025-12-12;9;1371
26;2025-12-12;10;1132
26;2025-12-12;11;1056
26;2025-12-12;12;1065
26;2025-12-12;13;1100
26;2025-12-12;14;1149
26;2025-12-12;15;1258
26;2025-12-12;16;1504
26;2025-12-12;17;1620
26;2025-12-12;18;1635
26;2025-12-12;19;1120
26;2025-12-12;20;685
26;2025-12-12;21;399
26;2025-12-12;22;217
26;2025-12-12;23;128
26;2025-12-13;0;42
26;2025-12-13;1;2
26;2025-12-13;2;0
26;2025-12-13;3;0
26;2025-12-13;4;2
26;2025-12-13;5;49
26;2025-12-13;6;225
26;2025-12-13;7;342
26;2025-12-13;8;514
26;2025-12-13;9;589
26;2025-12-13;10;699
26;2025-12-13;11;860
26;2025-12-13;12;881
26;2025-12-13;13;938
26;2025-12-13;14;927
26;2025-12-13;15;869
26;2025-12-13;16;901
26;2025-12-13;17;892
26;2025-12-13;18;808
26;2025-12-13;19;743
26;2025-12-13;20;491
26;2025-12-13;21;345
26;2025-12-13;22;212
26;2025-12-13;23;129
26;2025-12-14;0;42
26;2025-12-14;1;5
26;2025-12-14;2;0
26;2025-12-14;3;0
26;2025-12-14;4;0
26;2025-12-14;5;31
26;2025-12-14;6;164
26;2025-12-14;7;238
26;2025-12-14;8;352
26;2025-12-14;9;501
26;2025-12-14;10;547
26;2025-12-14;11;748
26;2025-12-14;12;789
26;2025-12-14;13;823
26;2025-12-14;14;800
26;2025-12-14;15;811
26;2025-12-14;16;804
26;2025-12-14;17;738
26;2025-12-14;18;700
26;2025-12-14;19;550
26;2025-12-14;20;384
26;2025-12-14;21;284
26;2025-12-14;22;188
26;2025-12-14;23;98
26;2025-12-15;0;25
26;2025-12-15;1;2
26;2025-12-15;2;0
26;2025-12-15;3;0
26;2025-12-15;4;0
26;2025-12-15;5;74
26;2025-12-15;6;480
26;2025-12-15;7;981
26;2025-12-15;8;1964
26;2025-12-15;9;1372
26;2025-12-15;10;1125
26;2025-12-15;11;1050
26;2025-12-15;12;1061
26;2025-12-15;13;1101
26;2025-12-15;14;1142
26;2025-12-15;15;1243
26;2025-12-15;16;1455
26;2025-12-15;17;1616
26;2025-12-15;18;1761
26;2025-12-15;19;1144
26;2025-12-15;20;691
26;2025-12-15;21;387
26;2025-12-15;22;204
26;2025-12-15;23;96
26;2025-12-16;0;27
26;2025-12-16;1;1
26;2025-12-16;2;0
26;2025-12-16;3;0
26;2025-12-16;4;0
26;2025-12-16;5;81
26;2025-12-16;6;502
26;2025-12-16;7;989
26;2025-12-16;8;1980
26;2025-12-16;9;1412
26;2025-12-16;10;1148
26;2025-12-16;11;1072
26;2025-12-16;12;1082
26;2025-12-16;13;1113
26;2025-12-16;14;1161
26;2025-12-16;15;1263
26;2025-12-16;16;1481
26;2025-12-16;17;1628
26;2025-12-16;18;1829
26;2025-12-16;19;1201
26;2025-12-16;20;724
26;2025-12-16;21;416
26;2025-12-16;22;220
26;2025-12-16;23;106
26;2025-12-17;0;27
26;2025-12-17;1;1
26;2025-12-17;2;0
26;2025-12-17;3;0
26;2025-12-17;4;1
26;2025-12-17;5;84
26;2025-12-17;6;503
26;2025-12-17;7;989
26;2025-12-17;8;1980
26;2025-12-17;9;1412
26;2025-12-17;10;1148
26;2025-12-17;11;1072
26;2025-12-17;12;1081
26;2025-12-17;13;1114
26;2025-12-17;14;1161
26;2025-12-17;15;1262
26;2025-12-17;16;1479
26;2025-12-17;17;1627
26;2025-12-17;18;1829
26;2025-12-17;19;1201
26;2025-12-17;20;724
26;2025-12-17;21;419
26;2025-12-17;22;220
26;2025-12-17;23;112
26;2025-12-18;0;30
26;2025-12-18;1;1
26;2025-12-18;2;0
26;2025-12-18;3;0
26;2025-12-18;4;1
26;2025-12-18;5;84
26;2025-12-18;6;502
26;2025-12-18;7;989
26;2025-12-18;8;1980
26;2025-12-18;9;1412
26;2025-12-18;10;1148
26;2025-12-18;11;1071
26;2025-12-18;12;1081
26;2025-12-18;13;1114
26;2025-12-18;14;1161
26;2025-12-18;15;1263
26;2025-12-18;16;1478
26;2025-12-18;17;1627
26;2025-12-18;18;1829
26;2025-12-18;19;1201
26;2025-12-18;20;724
26;2025-12-18;21;419
26;2025-12-18;22;221
26;2025-12-18;23;113
26;2025-12-19;0;30
26;2025-12-19;1;2
26;2025-12-19;2;0
26;2025-12-19;3;0
26;2025-12-19;4;0
26;2025-12-19;5;78
26;2025-12-19;6;484
26;2025-12-19;7;980
26;2025-12-19;8;1914
26;2025-12-19;9;1371
26;2025-12-19;10;1132
26;2025-12-19;11;1056
26;2025-12-19;12;1065
26;2025-12-19;13;1100
26;2025-12-19;14;1149
26;2025-12-19;15;1258
26;2025-12-19;16;1504
26;2025-12-19;17;1620
26;2025-12-19;18;1635
26;2025-12-19;19;1120
26;2025-12-19;20;685
26;2025-12-19;21;399
26;2025-12-19;22;217
26;2025-12-19;23;128
26;2025-12-20;0;42
26;2025-12-20;1;2
26;2025-12-20;2;0
26;2025-12-20;3;0
26;2025-12-20;4;2
26;2025-12-20;5;49
26;2025-12-20;6;225
26;2025-12-20;7;342
26;2025-12-20;8;514
26;2025-12-20;9;589
26;2025-12-20;10;699
26;2025-12-20;11;860
26;2025-12-20;12;881
26;2025-12-20;13;938
26;2025-12-20;14;927
26;2025-12-20;15;869
26;2025-12-20;16;901
26;2025-12-20;17;892
26;2025-12-20;18;808
26;2025-12-20;19;743
26;2025-12-20;20;491
26;2025-12-20;21;345
26;2025-12-20;22;212
26;2025-12-20;23;129
26;2025-12-21;0;42
26;2025-12-21;1;5
26;2025-12-21;2;0
26;2025-12-21;3;0
26;2025-12-21;4;0
26;2025-12-21;5;31
26;2025-12-21;6;164
26;2025-12-21;7;238
26;2025-12-21;8;352
26;2025-12-21;9;501
26;2025-12-21;10;547
26;2025-12-21;11;748
26;2025-12-21;12;789
26;2025-12-21;13;823
26;2025-12-21;14;800
26;2025-12-21;15;811
26;2025-12-21;16;804
26;2025-12-21;17;738
26;2025-12-21;18;700
26;2025-12-21;19;550
26;2025-12-21;20;384
26;2025-12-21;21;284
26;2025-12-21;22;188
26;2025-12-21;23;98
26;2025-12-22;0;25
26;2025-12-22;1;2
26;2025-12-22;2;0
26;2025-12-22;3;0
26;2025-12-22;4;0
26;2025-12-22;5;74
26;2025-12-22;6;480
26;2025-12-22;7;981
26;2025-12-22;8;1964
26;2025-12-22;9;1372
26;2025-12-22;10;1125
26;2025-12-22;11;1050
26;2025-12-22;12;1061
26;2025-12-22;13;1101
26;2025-12-22;14;1142
26;2025-12-22;15;1243
26;2025-12-22;16;1455
26;2025-12-22;17;1616
26;2025-12-22;18;1761
26;2025-12-22;19;1144
26;2025-12-22;20;691
26;2025-12-22;21;387
26;2025-12-22;22;204
26;2025-12-22;23;96
26;2025-12-23;0;27
26;2025-12-23;1;1
26;2025-12-23;2;0
26;2025-12-23;3;0
26;2025-12-23;4;0
26;2025-12-23;5;81
26;2025-12-23;6;502
26;2025-12-23;7;989
26;2025-12-23;8;1980
26;2025-12-23;9;1412
26;2025-12-23;10;1148
26;2025-12-23;11;1072
26;2025-12-23;12;1082
26;2025-12-23;13;1113
26;2025-12-23;14;1161
26;2025-12-23;15;1263
26;2025-12-23;16;1481
26;2025-12-23;17;1628
26;2025-12-23;18;1829
26;2025-12-23;19;1201
26;2025-12-23;20;724
26;2025-12-23;21;416
26;2025-12-23;22;220
26;2025-12-23;23;106
26;2025-12-24;0;27
26;2025-12-24;1;1
26;2025-12-24;2;0
26;2025-12-24;3;0
26;2025-12-24;4;1
26;2025-12-24;5;84
26;2025-12-24;6;503
26;2025-12-24;7;989
26;2025-12-24;8;1980
26;2025-12-24;9;1412
26;2025-12-24;10;1148
26;2025-12-24;11;1072
26;2025-12-24;12;1081
26;2025-12-24;13;1114
26;2025-12-24;14;1161
26;2025-12-24;15;1262
26;2025-12-24;16;1479
26;2025-12-24;17;1627
26;2025-12-24;18;1829
26;2025-12-24;19;1201
26;2025-12-24;20;724
26;2025-12-24;21;419
26;2025-12-24;22;220
26;2025-12-24;23;112
26;2025-12-25;0;30
26;2025-12-25;1;1
26;2025-12-25;2;0
26;2025-12-25;3;0
26;2025-12-25;4;1
26;2025-12-25;5;84
26;2025-12-25;6;502
26;2025-12-25;7;989
26;2025-12-25;8;1980
26;2025-12-25;9;1412
26;2025-12-25;10;1148
26;2025-12-25;11;1071
26;2025-12-25;12;1081
26;2025-12-25;13;1114
26;2025-12-25;14;1161
26;2025-12-25;15;1263
26;2025-12-25;16;1478
26;2025-12-25;17;1627
26;2025-12-25;18;1829
26;2025-12-25;19;1201
26;2025-12-25;20;724
26;2025-12-25;21;419
26;2025-12-25;22;221
26;2025-12-25;23;113
26;2025-12-26;0;30
26;2025-12-26;1;2
26;2025-12-26;2;0
26;2025-12-26;3;0
26;2025-12-26;4;0
26;2025-12-26;5;78
26;2025-12-26;6;484
26;2025-12-26;7;980
26;2025-12-26;8;1914
26;2025-12-26;9;1371
26;2025-12-26;10;1132
26;2025-12-26;11;1056
26;2025-12-26;12;1065
26;2025-12-26;13;1100
26;2025-12-26;14;1149
26;2025-12-26;15;1258
26;2025-12-26;16;1504
26;2025-12-26;17;1620
26;2025-12-26;18;1635
26;2025-12-26;19;1120
26;2025-12-26;20;685
26;2025-12-26;21;399
26;2025-12-26;22;217
26;2025-12-26;23;128
26;2025-12-27;0;42
26;2025-12-27;1;2
26;2025-12-27;2;0
26;2025-12-27;3;0
26;2025-12-27;4;2
26;2025-12-27;5;49
26;2025-12-27;6;225
26;2025-12-27;7;342
26;2025-12-27;8;514
26;2025-12-27;9;589
26;2025-12-27;10;699
26;2025-12-27;11;860
26;2025-12-27;12;881
26;2025-12-27;13;938
26;2025-12-27;14;927
26;2025-12-27;15;869
26;2025-12-27;16;901
26;2025-12-27;17;892
26;2025-12-27;18;808
26;2025-12-27;19;743
26;2025-12-27;20;491
26;2025-12-27;21;345
26;2025-12-27;22;212
26;2025-12-27;23;129
26;2025-12-28;0;42
26;2025-12-28;1;5
26;2025-12-28;2;0
26;2025-12-28;3;0
26;2025-12-28;4;0
26;2025-12-28;5;31
26;2025-12-28;6;164
26;2025-12-28;7;238
26;2025-12-28;8;352
26;2025-12-28;9;501
26;2025-12-28;10;547
26;2025-12-28;11;748
26;2025-12-28;12;789
26;2025-12-28;13;823
26;2025-12-28;14;800
26;2025-12-28;15;811
26;2025-12-28;16;804
26;2025-12-28;17;738
26;2025-12-28;18;700
26;2025-12-28;19;550
26;2025-12-28;20;384
26;2025-12-28;21;284
26;2025-12-28;22;188
26;2025-12-28;23;98
26;2025-12-29;0;25
26;2025-12-29;1;2
26;2025-12-29;2;0
26;2025-12-29;3;0
26;2025-12-29;4;0
26;2025-12-29;5;74
26;2025-12-29;6;480
26;2025-12-29;7;981
26;2025-12-29;8;1964
26;2025-12-29;9;1372
26;2025-12-29;10;1125
26;2025-12-29;11;1050
26;2025-12-29;12;1061
26;2025-12-29;13;1101
26;2025-12-29;14;1142
26;2025-12-29;15;1243
26;2025-12-29;16;1455
26;2025-12-29;17;1616
26;2025-12-29;18;1761
26;2025-12-29;19;1144
26;2025-12-29;20;691
26;2025-12-29;21;387
26;2025-12-29;22;204
26;2025-12-29;23;96
26;2025-12-30;0;27
26;2025-12-30;1;1
26;2025-12-30;2;0
26;2025-12-30;3;0
26;2025-12-30;4;0
26;2025-12-30;5;81
26;2025-12-30;6;502
26;2025-12-30;7;989
26;2025-12-30;8;1980
26;2025-12-30;9;1412
26;2025-12-30;10;1148
26;2025-12-30;11;1072
26;2025-12-30;12;1082
26;2025-12-30;13;1113
26;2025-12-30;14;1161
26;2025-12-30;15;1263
26;2025-12-30;16;1481
26;2025-12-30;17;1628
26;2025-12-30;18;1829
26;2025-12-30;19;1201
26;2025-12-30;20;724
26;2025-12-30;21;416
26;2025-12-30;22;220
26;2025-12-30;23;106
26;2025-12-31;0;27
26;2025-12-31;1;1
26;2025-12-31;2;0
26;2025-12-31;3;0
26;2025-12-31;4;1
26;2025-12-31;5;84
26;2025-12-31;6;503
26;2025-12-31;7;989
26;2025-12-31;8;1980
26;2025-12-31;9;1412
26;2025-12-31;10;1148
26;2025-12-31;11;1072
26;2025-12-31;12;1081
26;2025-12-31;13;1114
26;2025-12-31;14;1161
26;2025-12-31;15;1262
26;2025-12-31;16;1479
26;2025-12-31;17;1627
26;2025-12-31;18;1829
26;2025-12-31;19;1201
26;2025-12-31;20;724
26;2025-12-31;21;419
26;2025-12-31;22;220
26;2025-12-31;23;112
28;2025-11-01;0;0
28;2025-11-01;1;0
28;2025-11-01;2;0
28;2025-11-01;3;0
28;2025-11-01;4;0
28;2025-11-01;5;41
28;2025-11-01;6;102
28;2025-11-01;7;201
28;2025-11-01;8;363
28;2025-11-01;9;463
28;2025-11-01;10;482
28;2025-11-01;11;502
28;2025-11-01;12;583
28;2025-11-01;13;615
28;2025-11-01;14;597
28;2025-11-01;15;599
28;2025-11-01;16;552
28;2025-11-01;17;545
28;2025-11-01;18;501
28;2025-11-01;19;438
28;2025-11-01;20;325
28;2025-11-01;21;278
28;2025-11-01;22;132
28;2025-11-01;23;19
28;2025-11-02;0;1
28;2025-11-02;1;0
28;2025-11-02;2;0
28;2025-11-02;3;0
28;2025-11-02;4;1
28;2025-11-02;5;31
28;2025-11-02;6;81
28;2025-11-02;7;149
28;2025-11-02;8;257
28;2025-11-02;9;336
28;2025-11-02;10;368
28;2025-11-02;11;413
28;2025-11-02;12;471
28;2025-11-02;13;535
28;2025-11-02;14;511
28;2025-11-02;15;505
28;2025-11-02;16;479
28;2025-11-02;17;485
28;2025-11-02;18;434
28;2025-11-02;19;358
28;2025-11-02;20;282
28;2025-11-02;21;240
28;2025-11-02;22;106
28;2025-11-02;23;14
28;2025-11-03;0;0
28;2025-11-03;1;0
28;2025-11-03;2;0
28;2025-11-03;3;0
28;2025-11-03;4;3
28;2025-11-03;5;77
28;2025-11-03;6;258
28;2025-11-03;7;747
28;2025-11-03;8;1185
28;2025-11-03;9;844
28;2025-11-03;10;630
28;2025-11-03;11;574
28;2025-11-03;12;680
28;2025-11-03;13;716
28;2025-11-03;14;677
28;2025-11-03;15;690
28;2025-11-03;16;886
28;2025-11-03;17;997
28;2025-11-03;18;943
28;2025-11-03;19;713
28;2025-11-03;20;495
28;2025-11-03;21;297
28;2025-11-03;22;125
28;2025-11-03;23;12
28;2025-11-04;0;0
28;2025-11-04;1;0
28;2025-11-04;2;0
28;2025-11-04;3;0
28;2025-11-04;4;3
28;2025-11-04;5;79
28;2025-11-04;6;269
28;2025-11-04;7;767
28;2025-11-04;8;1235
28;2025-11-04;9;875
28;2025-11-04;10;661
28;2025-11-04;11;599
28;2025-11-04;12;705
28;2025-11-04;13;748
28;2025-11-04;14;701
28;2025-11-04;15;707
28;2025-11-04;16;893
28;2025-11-04;17;1018
28;2025-11-04;18;973
28;2025-11-04;19;730
28;2025-11-04;20;517
28;2025-11-04;21;319
28;2025-11-04;22;144
28;2025-11-04;23;13
28;2025-11-05;0;0
28;2025-11-05;1;0
28;2025-11-05;2;0
28;2025-11-05;3;0
28;2025-11-05;4;3
28;2025-11-05;5;83
28;2025-11-05;6;271
28;2025-11-05;7;767
28;2025-11-05;8;1234
28;2025-11-05;9;874
28;2025-11-05;10;661
28;2025-11-05;11;599
28;2025-11-05;12;705
28;2025-11-05;13;748
28;2025-11-05;14;700
28;2025-11-05;15;707
28;2025-11-05;16;893
28;2025-11-05;17;1018
28;2025-11-05;18;973
28;2025-11-05;19;729
28;2025-11-05;20;517
28;2025-11-05;21;322
28;2025-11-05;22;144
28;2025-11-05;23;13
28;2025-11-06;0;0
28;2025-11-06;1;0
28;2025-11-06;2;0
28;2025-11-06;3;0
28;2025-11-06;4;3
28;2025-11-06;5;84
28;2025-11-06;6;271
28;2025-11-06;7;767
28;2025-11-06;8;1234
28;2025-11-06;9;874
28;2025-11-06;10;661
28;2025-11-06;11;598
28;2025-11-06;12;704
28;2025-11-06;13;748
28;2025-11-06;14;700
28;2025-11-06;15;707
28;2025-11-06;16;893
28;2025-11-06;17;1018
28;2025-11-06;18;966
28;2025-11-06;19;729
28;2025-11-06;20;517
28;2025-11-06;21;322
28;2025-11-06;22;145
28;2025-11-06;23;13
28;2025-11-07;0;0
28;2025-11-07;1;0
28;2025-11-07;2;0
28;2025-11-07;3;0
28;2025-11-07;4;3
28;2025-11-07;5;79
28;2025-11-07;6;261
28;2025-11-07;7;749
28;2025-11-07;8;1198
28;2025-11-07;9;845
28;2025-11-07;10;634
28;2025-11-07;11;588
28;2025-11-07;12;688
28;2025-11-07;13;726
28;2025-11-07;14;690
28;2025-11-07;15;697
28;2025-11-07;16;891
28;2025-11-07;17;1000
28;2025-11-07;18;893
28;2025-11-07;19;693
28;2025-11-07;20;486
28;2025-11-07;21;312
28;2025-11-07;22;140
28;2025-11-07;23;13
28;2025-11-08;0;0
28;2025-11-08;1;0
28;2025-11-08;2;0
28;2025-11-08;3;0
28;2025-11-08;4;0
28;2025-11-08;5;41
28;2025-11-08;6;102
28;2025-11-08;7;201
28;2025-11-08;8;363
28;2025-11-08;9;463
28;2025-11-08;10;482
28;2025-11-08;11;502
28;2025-11-08;12;583
28;2025-11-08;13;615
28;2025-11-08;14;597
28;2025-11-08;15;599
28;2025-11-08;16;552
28;2025-11-08;17;545
28;2025-11-08;18;501
28;2025-11-08;19;438
28;2025-11-08;20;325
28;2025-11-08;21;278
28;2025-11-08;22;132
28;2025-11-08;23;19
28;2025-11-09;0;1
28;2025-11-09;1;0
28;2025-11-09;2;0
28;2025-11-09;3;0
28;2025-11-09;4;1
28;2025-11-09;5;31
28;2025-11-09;6;81
28;2025-11-09;7;149
28;2025-11-09;8;257
28;2025-11-09;9;336
28;2025-11-09;10;368
28;2025-11-09;11;413
28;2025-11-09;12;471
28;2025-11-09;13;535
28;2025-11-09;14;511
28;2025-11-09;15;505
28;2025-11-09;16;479
28;2025-11-09;17;485
28;2025-11-09;18;434
28;2025-11-09;19;358
28;2025-11-09;20;282
28;2025-11-09;21;240
28;2025-11-09;22;106
28;2025-11-09;23;14
28;2025-11-10;0;0
28;2025-11-10;1;0
28;2025-11-10;2;0
28;2025-11-10;3;0
28;2025-11-10;4;3
28;2025-11-10;5;77
28;2025-11-10;6;258
28;2025-11-10;7;747
28;2025-11-10;8;1185
28;2025-11-10;9;844
28;2025-11-10;10;630
28;2025-11-10;11;574
28;2025-11-10;12;680
28;2025-11-10;13;716
28;2025-11-10;14;677
28;2025-11-10;15;690
28;2025-11-10;16;886
28;2025-11-10;17;997
28;2025-11-10;18;943
28;2025-11-10;19;713
28;2025-11-10;20;495
28;2025-11-10;21;297
28;2025-11-10;22;125
28;2025-11-10;23;12
28;2025-11-11;0;0
28;2025-11-11;1;0
28;2025-11-11;2;0
28;2025-11-11;3;0
28;2025-11-11;4;3
28;2025-11-11;5;79
28;2025-11-11;6;269
28;2025-11-11;7;767
28;2025-11-11;8;1235
28;2025-11-11;9;875
28;2025-11-11;10;661
28;2025-11-11;11;599
28;2025-11-11;12;705
28;2025-11-11;13;748
28;2025-11-11;14;701
28;2025-11-11;15;707
28;2025-11-11;16;893
28;2025-11-11;17;1018
28;2025-11-11;18;973
28;2025-11-11;19;730
28;2025-11-11;20;517
28;2025-11-11;21;319
28;2025-11-11;22;144
28;2025-11-11;23;13
28;2025-11-12;0;0
28;2025-11-12;1;0
28;2025-11-12;2;0
28;2025-11-12;3;0
28;2025-11-12;4;3
28;2025-11-12;5;83
28;2025-11-12;6;271
28;2025-11-12;7;767
28;2025-11-12;8;1234
28;2025-11-12;9;874
28;2025-11-12;10;661
28;2025-11-12;11;599
28;2025-11-12;12;705
28;2025-11-12;13;748
28;2025-11-12;14;700
28;2025-11-12;15;707
28;2025-11-12;16;893
28;2025-11-12;17;1018
28;2025-11-12;18;973
28;2025-11-12;19;729
28;2025-11-12;20;517
28;2025-11-12;21;322
28;2025-11-12;22;144
28;2025-11-12;23;13
28;2025-11-13;0;0
28;2025-11-13;1;0
28;2025-11-13;2;0
28;2025-11-13;3;0
28;2025-11-13;4;3
28;2025-11-13;5;84
28;2025-11-13;6;271
28;2025-11-13;7;767
28;2025-11-13;8;1234
28;2025-11-13;9;874
28;2025-11-13;10;661
28;2025-11-13;11;598
28;2025-11-13;12;704
28;2025-11-13;13;748
28;2025-11-13;14;700
28;2025-11-13;15;707
28;2025-11-13;16;893
28;2025-11-13;17;1018
28;2025-11-13;18;966
28;2025-11-13;19;729
28;2025-11-13;20;517
28;2025-11-13;21;322
28;2025-11-13;22;145
28;2025-11-13;23;13
28;2025-11-14;0;0
28;2025-11-14;1;0
28;2025-11-14;2;0
28;2025-11-14;3;0
28;2025-11-14;4;3
28;2025-11-14;5;79
28;2025-11-14;6;261
28;2025-11-14;7;749
28;2025-11-14;8;1198
28;2025-11-14;9;845
28;2025-11-14;10;634
28;2025-11-14;11;588
28;2025-11-14;12;688
28;2025-11-14;13;726
28;2025-11-14;14;690
28;2025-11-14;15;697
28;2025-11-14;16;891
28;2025-11-14;17;1000
28;2025-11-14;18;893
28;2025-11-14;19;693
28;2025-11-14;20;486
28;2025-11-14;21;312
28;2025-11-14;22;140
28;2025-11-14;23;13
28;2025-11-15;0;0
28;2025-11-15;1;0
28;2025-11-15;2;0
28;2025-11-15;3;0
28;2025-11-15;4;0
28;2025-11-15;5;41
28;2025-11-15;6;102
28;2025-11-15;7;201
28;2025-11-15;8;363
28;2025-11-15;9;463
28;2025-11-15;10;482
28;2025-11-15;11;502
28;2025-11-15;12;583
28;2025-11-15;13;615
28;2025-11-15;14;597
28;2025-11-15;15;599
28;2025-11-15;16;552
28;2025-11-15;17;545
28;2025-11-15;18;501
28;2025-11-15;19;438
28;2025-11-15;20;325
28;2025-11-15;21;278
28;2025-11-15;22;132
28;2025-11-15;23;19
28;2025-11-16;0;1
28;2025-11-16;1;0
28;2025-11-16;2;0
28;2025-11-16;3;0
28;2025-11-16;4;1
28;2025-11-16;5;31
28;2025-11-16;6;81
28;2025-11-16;7;149
28;2025-11-16;8;257
28;2025-11-16;9;336
28;2025-11-16;10;368
28;2025-11-16;11;413
28;2025-11-16;12;471
28;2025-11-16;13;535
28;2025-11-16;14;511
28;2025-11-16;15;505
28;2025-11-16;16;479
28;2025-11-16;17;485
28;2025-11-16;18;434
28;2025-11-16;19;358
28;2025-11-16;20;282
28;2025-11-16;21;240
28;2025-11-16;22;106
28;2025-11-16;23;14
28;2025-11-17;0;0
28;2025-11-17;1;0
28;2025-11-17;2;0
28;2025-11-17;3;0
28;2025-11-17;4;3
28;2025-11-17;5;77
28;2025-11-17;6;258
28;2025-11-17;7;747
28;2025-11-17;8;1185
28;2025-11-17;9;844
28;2025-11-17;10;630
28;2025-11-17;11;574
28;2025-11-17;12;680
28;2025-11-17;13;716
28;2025-11-17;14;677
28;2025-11-17;15;690
28;2025-11-17;16;886
28;2025-11-17;17;997
28;2025-11-17;18;943
28;2025-11-17;19;713
28;2025-11-17;20;495
28;2025-11-17;21;297
28;2025-11-17;22;125
28;2025-11-17;23;12
28;2025-11-18;0;0
28;2025-11-18;1;0
28;2025-11-18;2;0
28;2025-11-18;3;0
28;2025-11-18;4;3
28;2025-11-18;5;79
28;2025-11-18;6;269
28;2025-11-18;7;767
28;2025-11-18;8;1235
28;2025-11-18;9;875
28;2025-11-18;10;661
28;2025-11-18;11;599
28;2025-11-18;12;705
28;2025-11-18;13;748
28;2025-11-18;14;701
28;2025-11-18;15;707
28;2025-11-18;16;893
28;2025-11-18;17;1018
28;2025-11-18;18;973
28;2025-11-18;19;730
28;2025-11-18;20;517
28;2025-11-18;21;319
28;2025-11-18;22;144
28;2025-11-18;23;13
28;2025-11-19;0;0
28;2025-11-19;1;0
28;2025-11-19;2;0
28;2025-11-19;3;0
28;2025-11-19;4;3
28;2025-11-19;5;83
28;2025-11-19;6;271
28;2025-11-19;7;767
28;2025-11-19;8;1234
28;2025-11-19;9;874
28;2025-11-19;10;661
28;2025-11-19;11;599
28;2025-11-19;12;705
28;2025-11-19;13;748
28;2025-11-19;14;700
28;2025-11-19;15;707
28;2025-11-19;16;893
28;2025-11-19;17;1018
28;2025-11-19;18;973
28;2025-11-19;19;729
28;2025-11-19;20;517
28;2025-11-19;21;322
28;2025-11-19;22;144
28;2025-11-19;23;13
28;2025-11-20;0;0
28;2025-11-20;1;0
28;2025-11-20;2;0
28;2025-11-20;3;0
28;2025-11-20;4;3
28;2025-11-20;5;84
28;2025-11-20;6;271
28;2025-11-20;7;767
28;2025-11-20;8;1234
28;2025-11-20;9;874
28;2025-11-20;10;661
28;2025-11-20;11;598
28;2025-11-20;12;704
28;2025-11-20;13;748
28;2025-11-20;14;700
28;2025-11-20;15;707
28;2025-11-20;16;893
28;2025-11-20;17;1018
28;2025-11-20;18;966
28;2025-11-20;19;729
28;2025-11-20;20;517
28;2025-11-20;21;322
28;2025-11-20;22;145
28;2025-11-20;23;13
28;2025-11-21;0;0
28;2025-11-21;1;0
28;2025-11-21;2;0
28;2025-11-21;3;0
28;2025-11-21;4;3
28;2025-11-21;5;79
28;2025-11-21;6;261
28;2025-11-21;7;749
28;2025-11-21;8;1198
28;2025-11-21;9;845
28;2025-11-21;10;634
28;2025-11-21;11;588
28;2025-11-21;12;688
28;2025-11-21;13;726
28;2025-11-21;14;690
28;2025-11-21;15;697
28;2025-11-21;16;891
28;2025-11-21;17;1000
28;2025-11-21;18;893
28;2025-11-21;19;693
28;2025-11-21;20;486
28;2025-11-21;21;312
28;2025-11-21;22;140
28;2025-11-21;23;13
28;2025-11-22;0;0
28;2025-11-22;1;0
28;2025-11-22;2;0
28;2025-11-22;3;0
28;2025-11-22;4;0
28;2025-11-22;5;41
28;2025-11-22;6;102
28;2025-11-22;7;201
28;2025-11-22;8;363
28;2025-11-22;9;463
28;2025-11-22;10;482
28;2025-11-22;11;502
28;2025-11-22;12;583
28;2025-11-22;13;615
28;2025-11-22;14;597
28;2025-11-22;15;599
28;2025-11-22;16;552
28;2025-11-22;17;545
28;2025-11-22;18;501
28;2025-11-22;19;438
28;2025-11-22;20;325
28;2025-11-22;21;278
28;2025-11-22;22;132
28;2025-11-22;23;19
28;2025-11-23;0;1
28;2025-11-23;1;0
28;2025-11-23;2;0
28;2025-11-23;3;0
28;2025-11-23;4;1
28;2025-11-23;5;31
28;2025-11-23;6;81
28;2025-11-23;7;149
28;2025-11-23;8;257
28;2025-11-23;9;336
28;2025-11-23;10;368
28;2025-11-23;11;413
28;2025-11-23;12;471
28;2025-11-23;13;535
28;2025-11-23;14;511
28;2025-11-23;15;505
28;2025-11-23;16;479
28;2025-11-23;17;485
28;2025-11-23;18;434
28;2025-11-23;19;358
28;2025-11-23;20;282
28;2025-11-23;21;240
28;2025-11-23;22;106
28;2025-11-23;23;14
28;2025-11-24;0;0
28;2025-11-24;1;0
28;2025-11-24;2;0
28;2025-11-24;3;0
28;2025-11-24;4;3
28;2025-11-24;5;77
28;2025-11-24;6;258
28;2025-11-24;7;747
28;2025-11-24;8;1185
28;2025-11-24;9;844
28;2025-11-24;10;630
28;2025-11-24;11;574
28;2025-11-24;12;680
28;2025-11-24;13;716
28;2025-11-24;14;677
28;2025-11-24;15;690
28;2025-11-24;16;886
28;2025-11-24;17;997
28;2025-11-24;18;943
28;2025-11-24;19;713
28;2025-11-24;20;495
28;2025-11-24;21;297
28;2025-11-24;22;125
28;2025-11-24;23;12
28;2025-11-25;0;0
28;2025-11-25;1;0
28;2025-11-25;2;0
28;2025-11-25;3;0
28;2025-11-25;4;3
28;2025-11-25;5;79
28;2025-11-25;6;269
28;2025-11-25;7;767
28;2025-11-25;8;1235
28;2025-11-25;9;875
28;2025-11-25;10;661
28;2025-11-25;11;599
28;2025-11-25;12;705
28;2025-11-25;13;748
28;2025-11-25;14;701
28;2025-11-25;15;707
28;2025-11-25;16;893
28;2025-11-25;17;1018
28;2025-11-25;18;973
28;2025-11-25;19;730
28;2025-11-25;20;517
28;2025-11-25;21;319
28;2025-11-25;22;144
28;2025-11-25;23;13
28;2025-11-26;0;0
28;2025-11-26;1;0
28;2025-11-26;2;0
28;2025-11-26;3;0
28;2025-11-26;4;3
28;2025-11-26;5;83
28;2025-11-26;6;271
28;2025-11-26;7;767
28;2025-11-26;8;1234
28;2025-11-26;9;874
28;2025-11-26;10;661
28;2025-11-26;11;599
28;2025-11-26;12;705
28;2025-11-26;13;748
28;2025-11-26;14;700
28;2025-11-26;15;707
28;2025-11-26;16;893
28;2025-11-26;17;1018
28;2025-11-26;18;973
28;2025-11-26;19;729
28;2025-11-26;20;517
28;2025-11-26;21;322
28;2025-11-26;22;144
28;2025-11-26;23;13
28;2025-11-27;0;0
28;2025-11-27;1;0
28;2025-11-27;2;0
28;2025-11-27;3;0
28;2025-11-27;4;3
28;2025-11-27;5;84
28;2025-11-27;6;271
28;2025-11-27;7;767
28;2025-11-27;8;1234
28;2025-11-27;9;874
28;2025-11-27;10;661
28;2025-11-27;11;598
28;2025-11-27;12;704
28;2025-11-27;13;748
28;2025-11-27;14;700
28;2025-11-27;15;707
28;2025-11-27;16;893
28;2025-11-27;17;1018
28;2025-11-27;18;966
28;2025-11-27;19;729
28;2025-11-27;20;517
28;2025-11-27;21;322
28;2025-11-27;22;145
28;2025-11-27;23;13
28;2025-11-28;0;0
28;2025-11-28;1;0
28;2025-11-28;2;0
28;2025-11-28;3;0
28;2025-11-28;4;3
28;2025-11-28;5;79
28;2025-11-28;6;261
28;2025-11-28;7;749
28;2025-11-28;8;1198
28;2025-11-28;9;845
28;2025-11-28;10;634
28;2025-11-28;11;588
28;2025-11-28;12;688
28;2025-11-28;13;726
28;2025-11-28;14;690
28;2025-11-28;15;697
28;2025-11-28;16;891
28;2025-11-28;17;1000
28;2025-11-28;18;893
28;2025-11-28;19;693
28;2025-11-28;20;486
28;2025-11-28;21;312
28;2025-11-28;22;140
28;2025-11-28;23;13
28;2025-11-29;0;0
28;2025-11-29;1;0
28;2025-11-29;2;0
28;2025-11-29;3;0
28;2025-11-29;4;0
28;2025-11-29;5;41
28;2025-11-29;6;102
28;2025-11-29;7;201
28;2025-11-29;8;363
28;2025-11-29;9;463
28;2025-11-29;10;482
28;2025-11-29;11;502
28;2025-11-29;12;583
28;2025-11-29;13;615
28;2025-11-29;14;597
28;2025-11-29;15;599
28;2025-11-29;16;552
28;2025-11-29;17;545
28;2025-11-29;18;501
28;2025-11-29;19;438
28;2025-11-29;20;325
28;2025-11-29;21;278
28;2025-11-29;22;132
28;2025-11-29;23;19
28;2025-11-30;0;1
28;2025-11-30;1;0
28;2025-11-30;2;0
28;2025-11-30;3;0
28;2025-11-30;4;1
28;2025-11-30;5;31
28;2025-11-30;6;81
28;2025-11-30;7;149
28;2025-11-30;8;257
28;2025-11-30;9;336
28;2025-11-30;10;368
28;2025-11-30;11;413
28;2025-11-30;12;471
28;2025-11-30;13;535
28;2025-11-30;14;511
28;2025-11-30;15;505
28;2025-11-30;16;479
28;2025-11-30;17;485
28;2025-11-30;18;434
28;2025-11-30;19;358
28;2025-11-30;20;282
28;2025-11-30;21;240
28;2025-11-30;22;106
28;2025-11-30;23;14
28;2025-12-01;0;0
28;2025-12-01;1;0
28;2025-12-01;2;0
28;2025-12-01;3;0
28;2025-12-01;4;0
28;2025-12-01;5;71
28;2025-12-01;6;240
28;2025-12-01;7;686
28;2025-12-01;8;1094
28;2025-12-01;9;782
28;2025-12-01;10;566
28;2025-12-01;11;508
28;2025-12-01;12;604
28;2025-12-01;13;663
28;2025-12-01;14;623
28;2025-12-01;15;649
28;2025-12-01;16;818
28;2025-12-01;17;931
28;2025-12-01;18;890
28;2025-12-01;19;685
28;2025-12-01;20;436
28;2025-12-01;21;265
28;2025-12-01;22;121
28;2025-12-01;23;14
28;2025-12-02;0;0
28;2025-12-02;1;0
28;2025-12-02;2;0
28;2025-12-02;3;0
28;2025-12-02;4;0
28;2025-12-02;5;71
28;2025-12-02;6;249
28;2025-12-02;7;706
28;2025-12-02;8;1143
28;2025-12-02;9;814
28;2025-12-02;10;597
28;2025-12-02;11;531
28;2025-12-02;12;626
28;2025-12-02;13;695
28;2025-12-02;14;645
28;2025-12-02;15;665
28;2025-12-02;16;826
28;2025-12-02;17;952
28;2025-12-02;18;921
28;2025-12-02;19;702
28;2025-12-02;20;455
28;2025-12-02;21;285
28;2025-12-02;22;138
28;2025-12-02;23;15
28;2025-12-03;0;0
28;2025-12-03;1;0
28;2025-12-03;2;0
28;2025-12-03;3;0
28;2025-12-03;4;1
28;2025-12-03;5;75
28;2025-12-03;6;250
28;2025-12-03;7;706
28;2025-12-03;8;1142
28;2025-12-03;9;813
28;2025-12-03;10;597
28;2025-12-03;11;531
28;2025-12-03;12;626
28;2025-12-03;13;695
28;2025-12-03;14;644
28;2025-12-03;15;665
28;2025-12-03;16;825
28;2025-12-03;17;952
28;2025-12-03;18;921
28;2025-12-03;19;701
28;2025-12-03;20;455
28;2025-12-03;21;288
28;2025-12-03;22;138
28;2025-12-03;23;15
28;2025-12-04;0;0
28;2025-12-04;1;0
28;2025-12-04;2;0
28;2025-12-04;3;0
28;2025-12-04;4;0
28;2025-12-04;5;75
28;2025-12-04;6;250
28;2025-12-04;7;706
28;2025-12-04;8;1142
28;2025-12-04;9;813
28;2025-12-04;10;597
28;2025-12-04;11;530
28;2025-12-04;12;625
28;2025-12-04;13;694
28;2025-12-04;14;644
28;2025-12-04;15;665
28;2025-12-04;16;825
28;2025-12-04;17;952
28;2025-12-04;18;921
28;2025-12-04;19;701
28;2025-12-04;20;455
28;2025-12-04;21;288
28;2025-12-04;22;138
28;2025-12-04;23;15
28;2025-12-05;0;0
28;2025-12-05;1;0
28;2025-12-05;2;0
28;2025-12-05;3;0
28;2025-12-05;4;1
28;2025-12-05;5;71
28;2025-12-05;6;241
28;2025-12-05;7;688
28;2025-12-05;8;1106
28;2025-12-05;9;783
28;2025-12-05;10;570
28;2025-12-05;11;520
28;2025-12-05;12;609
28;2025-12-05;13;672
28;2025-12-05;14;634
28;2025-12-05;15;655
28;2025-12-05;16;824
28;2025-12-05;17;934
28;2025-12-05;18;848
28;2025-12-05;19;665
28;2025-12-05;20;424
28;2025-12-05;21;278
28;2025-12-05;22;134
28;2025-12-05;23;15
28;2025-12-06;0;0
28;2025-12-06;1;0
28;2025-12-06;2;0
28;2025-12-06;3;0
28;2025-12-06;4;1
28;2025-12-06;5;34
28;2025-12-06;6;91
28;2025-12-06;7;194
28;2025-12-06;8;323
28;2025-12-06;9;412
28;2025-12-06;10;431
28;2025-12-06;11;430
28;2025-12-06;12;518
28;2025-12-06;13;573
28;2025-12-06;14;548
28;2025-12-06;15;569
28;2025-12-06;16;508
28;2025-12-06;17;499
28;2025-12-06;18;444
28;2025-12-06;19;400
28;2025-12-06;20;318
28;2025-12-06;21;265
28;2025-12-06;22;123
28;2025-12-06;23;20
28;2025-12-07;0;0
28;2025-12-07;1;0
28;2025-12-07;2;0
28;2025-12-07;3;0
28;2025-12-07;4;2
28;2025-12-07;5;23
28;2025-12-07;6;71
28;2025-12-07;7;142
28;2025-12-07;8;225
28;2025-12-07;9;299
28;2025-12-07;10;331
28;2025-12-07;11;361
28;2025-12-07;12;423
28;2025-12-07;13;507
28;2025-12-07;14;479
28;2025-12-07;15;481
28;2025-12-07;16;442
28;2025-12-07;17;447
28;2025-12-07;18;395
28;2025-12-07;19;324
28;2025-12-07;20;282
28;2025-12-07;21;230
28;2025-12-07;22;101
28;2025-12-07;23;15
28;2025-12-08;0;0
28;2025-12-08;1;0
28;2025-12-08;2;0
28;2025-12-08;3;0
28;2025-12-08;4;0
28;2025-12-08;5;71
28;2025-12-08;6;240
28;2025-12-08;7;686
28;2025-12-08;8;1094
28;2025-12-08;9;782
28;2025-12-08;10;566
28;2025-12-08;11;508
28;2025-12-08;12;604
28;2025-12-08;13;663
28;2025-12-08;14;623
28;2025-12-08;15;649
28;2025-12-08;16;818
28;2025-12-08;17;931
28;2025-12-08;18;890
28;2025-12-08;19;685
28;2025-12-08;20;436
28;2025-12-08;21;265
28;2025-12-08;22;121
28;2025-12-08;23;14
28;2025-12-09;0;0
28;2025-12-09;1;0
28;2025-12-09;2;0
28;2025-12-09;3;0
28;2025-12-09;4;0
28;2025-12-09;5;71
28;2025-12-09;6;249
28;2025-12-09;7;706
28;2025-12-09;8;1143
28;2025-12-09;9;814
28;2025-12-09;10;597
28;2025-12-09;11;531
28;2025-12-09;12;626
28;2025-12-09;13;695
28;2025-12-09;14;645
28;2025-12-09;15;665
28;2025-12-09;16;826
28;2025-12-09;17;952
28;2025-12-09;18;921
28;2025-12-09;19;702
28;2025-12-09;20;455
28;2025-12-09;21;285
28;2025-12-09;22;138
28;2025-12-09;23;15
28;2025-12-10;0;0
28;2025-12-10;1;0
28;2025-12-10;2;0
28;2025-12-10;3;0
28;2025-12-10;4;1
28;2025-12-10;5;75
28;2025-12-10;6;250
28;2025-12-10;7;706
28;2025-12-10;8;1142
28;2025-12-10;9;813
28;2025-12-10;10;597
28;2025-12-10;11;531
28;2025-12-10;12;626
28;2025-12-10;13;695
28;2025-12-10;14;644
28;2025-12-10;15;665
28;2025-12-10;16;825
28;2025-12-10;17;952
28;2025-12-10;18;921
28;2025-12-10;19;701
28;2025-12-10;20;455
28;2025-12-10;21;288
28;2025-12-10;22;138
28;2025-12-10;23;15
28;2025-12-11;0;0
28;2025-12-11;1;0
28;2025-12-11;2;0
28;2025-12-11;3;0
28;2025-12-11;4;0
28;2025-12-11;5;75
28;2025-12-11;6;250
28;2025-12-11;7;706
28;2025-12-11;8;1142
28;2025-12-11;9;813
28;2025-12-11;10;597
28;2025-12-11;11;530
28;2025-12-11;12;625
28;2025-12-11;13;694
28;2025-12-11;14;644
28;2025-12-11;15;665
28;2025-12-11;16;825
28;2025-12-11;17;952
28;2025-12-11;18;921
28;2025-12-11;19;701
28;2025-12-11;20;455
28;2025-12-11;21;288
28;2025-12-11;22;138
28;2025-12-11;23;15
28;2025-12-12;0;0
28;2025-12-12;1;0
28;2025-12-12;2;0
28;2025-12-12;3;0
28;2025-12-12;4;1
28;2025-12-12;5;71
28;2025-12-12;6;241
28;2025-12-12;7;688
28;2025-12-12;8;1106
28;2025-12-12;9;783
28;2025-12-12;10;570
28;2025-12-12;11;520
28;2025-12-12;12;609
28;2025-12-12;13;672
28;2025-12-12;14;634
28;2025-12-12;15;655
28;2025-12-12;16;824
28;2025-12-12;17;934
28;2025-12-12;18;848
28;2025-12-12;19;665
28;2025-12-12;20;424
28;2025-12-12;21;278
28;2025-12-12;22;134
28;2025-12-12;23;15
28;2025-12-13;0;0
28;2025-12-13;1;0
28;2025-12-13;2;0
28;2025-12-13;3;0
28;2025-12-13;4;1
28;2025-12-13;5;34
28;2025-12-13;6;91
28;2025-12-13;7;194
28;2025-12-13;8;323
28;2025-12-13;9;412
28;2025-12-13;10;431
28;2025-12-13;11;430
28;2025-12-13;12;518
28;2025-12-13;13;573
28;2025-12-13;14;548
28;2025-12-13;15;569
28;2025-12-13;16;508
28;2025-12-13;17;499
28;2025-12-13;18;444
28;2025-12-13;19;400
28;2025-12-13;20;318
28;2025-12-13;21;265
28;2025-12-13;22;123
28;2025-12-13;23;20
28;2025-12-14;0;0
28;2025-12-14;1;0
28;2025-12-14;2;0
28;2025-12-14;3;0
28;2025-12-14;4;2
28;2025-12-14;5;23
28;2025-12-14;6;71
28;2025-12-14;7;142
28;2025-12-14;8;225
28;2025-12-14;9;299
28;2025-12-14;10;331
28;2025-12-14;11;361
28;2025-12-14;12;423
28;2025-12-14;13;507
28;2025-12-14;14;479
28;2025-12-14;15;481
28;2025-12-14;16;442
28;2025-12-14;17;447
28;2025-12-14;18;395
28;2025-12-14;19;324
28;2025-12-14;20;282
28;2025-12-14;21;230
28;2025-12-14;22;101
28;2025-12-14;23;15
28;2025-12-15;0;0
28;2025-12-15;1;0
28;2025-12-15;2;0
28;2025-12-15;3;0
28;2025-12-15;4;0
28;2025-12-15;5;71
28;2025-12-15;6;240
28;2025-12-15;7;686
28;2025-12-15;8;1094
28;2025-12-15;9;782
28;2025-12-15;10;566
28;2025-12-15;11;508
28;2025-12-15;12;604
28;2025-12-15;13;663
28;2025-12-15;14;623
28;2025-12-15;15;649
28;2025-12-15;16;818
28;2025-12-15;17;931
28;2025-12-15;18;890
28;2025-12-15;19;685
28;2025-12-15;20;436
28;2025-12-15;21;265
28;2025-12-15;22;121
28;2025-12-15;23;14
28;2025-12-16;0;0
28;2025-12-16;1;0
28;2025-12-16;2;0
28;2025-12-16;3;0
28;2025-12-16;4;0
28;2025-12-16;5;71
28;2025-12-16;6;249
28;2025-12-16;7;706
28;2025-12-16;8;1143
28;2025-12-16;9;814
28;2025-12-16;10;597
28;2025-12-16;11;531
28;2025-12-16;12;626
28;2025-12-16;13;695
28;2025-12-16;14;645
28;2025-12-16;15;665
28;2025-12-16;16;826
28;2025-12-16;17;952
28;2025-12-16;18;921
28;2025-12-16;19;702
28;2025-12-16;20;455
28;2025-12-16;21;285
28;2025-12-16;22;138
28;2025-12-16;23;15
28;2025-12-17;0;0
28;2025-12-17;1;0
28;2025-12-17;2;0
28;2025-12-17;3;0
28;2025-12-17;4;1
28;2025-12-17;5;75
28;2025-12-17;6;250
28;2025-12-17;7;706
28;2025-12-17;8;1142
28;2025-12-17;9;813
28;2025-12-17;10;597
28;2025-12-17;11;531
28;2025-12-17;12;626
28;2025-12-17;13;695
28;2025-12-17;14;644
28;2025-12-17;15;665
28;2025-12-17;16;825
28;2025-12-17;17;952
28;2025-12-17;18;921
28;2025-12-17;19;701
28;2025-12-17;20;455
28;2025-12-17;21;288
28;2025-12-17;22;138
28;2025-12-17;23;15
28;2025-12-18;0;0
28;2025-12-18;1;0
28;2025-12-18;2;0
28;2025-12-18;3;0
28;2025-12-18;4;0
28;2025-12-18;5;75
28;2025-12-18;6;250
28;2025-12-18;7;706
28;2025-12-18;8;1142
28;2025-12-18;9;813
28;2025-12-18;10;597
28;2025-12-18;11;530
28;2025-12-18;12;625
28;2025-12-18;13;694
28;2025-12-18;14;644
28;2025-12-18;15;665
28;2025-12-18;16;825
28;2025-12-18;17;952
28;2025-12-18;18;921
28;2025-12-18;19;701
28;2025-12-18;20;455
28;2025-12-18;21;288
28;2025-12-18;22;138
28;2025-12-18;23;15
28;2025-12-19;0;0
28;2025-12-19;1;0
28;2025-12-19;2;0
28;2025-12-19;3;0
28;2025-12-19;4;1
28;2025-12-19;5;71
28;2025-12-19;6;241
28;2025-12-19;7;688
28;2025-12-19;8;1106
28;2025-12-19;9;783
28;2025-12-19;10;570
28;2025-12-19;11;520
28;2025-12-19;12;609
28;2025-12-19;13;672
28;2025-12-19;14;634
28;2025-12-19;15;655
28;2025-12-19;16;824
28;2025-12-19;17;934
28;2025-12-19;18;848
28;2025-12-19;19;665
28;2025-12-19;20;424
28;2025-12-19;21;278
28;2025-12-19;22;134
28;2025-12-19;23;15
28;2025-12-20;0;0
28;2025-12-20;1;0
28;2025-12-20;2;0
28;2025-12-20;3;0
28;2025-12-20;4;1
28;2025-12-20;5;34
28;2025-12-20;6;91
28;2025-12-20;7;194
28;2025-12-20;8;323
28;2025-12-20;9;412
28;2025-12-20;10;431
28;2025-12-20;11;430
28;2025-12-20;12;518
28;2025-12-20;13;573
28;2025-12-20;14;548
28;2025-12-20;15;569
28;2025-12-20;16;508
28;2025-12-20;17;499
28;2025-12-20;18;444
28;2025-12-20;19;400
28;2025-12-20;20;318
28;2025-12-20;21;265
28;2025-12-20;22;123
28;2025-12-20;23;20
28;2025-12-21;0;0
28;2025-12-21;1;0
28;2025-12-21;2;0
28;2025-12-21;3;0
28;2025-12-21;4;2
28;2025-12-21;5;23
28;2025-12-21;6;71
28;2025-12-21;7;142
28;2025-12-21;8;225
28;2025-12-21;9;299
28;2025-12-21;10;331
28;2025-12-21;11;361
28;2025-12-21;12;423
28;2025-12-21;13;507
28;2025-12-21;14;479
28;2025-12-21;15;481
28;2025-12-21;16;442
28;2025-12-21;17;447
28;2025-12-21;18;395
28;2025-12-21;19;324
28;2025-12-21;20;282
28;2025-12-21;21;230
28;2025-12-21;22;101
28;2025-12-21;23;15
28;2025-12-22;0;0
28;2025-12-22;1;0
28;2025-12-22;2;0
28;2025-12-22;3;0
28;2025-12-22;4;0
28;2025-12-22;5;71
28;2025-12-22;6;240
28;2025-12-22;7;686
28;2025-12-22;8;1094
28;2025-12-22;9;782
28;2025-12-22;10;566
28;2025-12-22;11;508
28;2025-12-22;12;604
28;2025-12-22;13;663
28;2025-12-22;14;623
28;2025-12-22;15;649
28;2025-12-22;16;818
28;2025-12-22;17;931
28;2025-12-22;18;890
28;2025-12-22;19;685
28;2025-12-22;20;436
28;2025-12-22;21;265
28;2025-12-22;22;121
28;2025-12-22;23;14
28;2025-12-23;0;0
28;2025-12-23;1;0
28;2025-12-23;2;0
28;2025-12-23;3;0
28;2025-12-23;4;0
28;2025-12-23;5;71
28;2025-12-23;6;249
28;2025-12-23;7;706
28;2025-12-23;8;1143
28;2025-12-23;9;814
28;2025-12-23;10;597
28;2025-12-23;11;531
28;2025-12-23;12;626
28;2025-12-23;13;695
28;2025-12-23;14;645
28;2025-12-23;15;665
28;2025-12-23;16;826
28;2025-12-23;17;952
28;2025-12-23;18;921
28;2025-12-23;19;702
28;2025-12-23;20;455
28;2025-12-23;21;285
28;2025-12-23;22;138
28;2025-12-23;23;15
28;2025-12-24;0;0
28;2025-12-24;1;0
28;2025-12-24;2;0
28;2025-12-24;3;0
28;2025-12-24;4;1
28;2025-12-24;5;75
28;2025-12-24;6;250
28;2025-12-24;7;706
28;2025-12-24;8;1142
28;2025-12-24;9;813
28;2025-12-24;10;597
28;2025-12-24;11;531
28;2025-12-24;12;626
28;2025-12-24;13;695
28;2025-12-24;14;644
28;2025-12-24;15;665
28;2025-12-24;16;825
28;2025-12-24;17;952
28;2025-12-24;18;921
28;2025-12-24;19;701
28;2025-12-24;20;455
28;2025-12-24;21;288
28;2025-12-24;22;138
28;2025-12-24;23;15
28;2025-12-25;0;0
28;2025-12-25;1;0
28;2025-12-25;2;0
28;2025-12-25;3;0
28;2025-12-25;4;0
28;2025-12-25;5;75
28;2025-12-25;6;250
28;2025-12-25;7;706
28;2025-12-25;8;1142
28;2025-12-25;9;813
28;2025-12-25;10;597
28;2025-12-25;11;530
28;2025-12-25;12;625
28;2025-12-25;13;694
28;2025-12-25;14;644
28;2025-12-25;15;665
28;2025-12-25;16;825
28;2025-12-25;17;952
28;2025-12-25;18;921
28;2025-12-25;19;701
28;2025-12-25;20;455
28;2025-12-25;21;288
28;2025-12-25;22;138
28;2025-12-25;23;15
28;2025-12-26;0;0
28;2025-12-26;1;0
28;2025-12-26;2;0
28;2025-12-26;3;0
28;2025-12-26;4;1
28;2025-12-26;5;71
28;2025-12-26;6;241
28;2025-12-26;7;688
28;2025-12-26;8;1106
28;2025-12-26;9;783
28;2025-12-26;10;570
28;2025-12-26;11;520
28;2025-12-26;12;609
28;2025-12-26;13;672
28;2025-12-26;14;634
28;2025-12-26;15;655
28;2025-12-26;16;824
28;2025-12-26;17;934
28;2025-12-26;18;848
28;2025-12-26;19;665
28;2025-12-26;20;424
28;2025-12-26;21;278
28;2025-12-26;22;134
28;2025-12-26;23;15
28;2025-12-27;0;0
28;2025-12-27;1;0
28;2025-12-27;2;0
28;2025-12-27;3;0
28;2025-12-27;4;1
28;2025-12-27;5;34
28;2025-12-27;6;91
28;2025-12-27;7;194
28;2025-12-27;8;323
28;2025-12-27;9;412
28;2025-12-27;10;431
28;2025-12-27;11;430
28;2025-12-27;12;518
28;2025-12-27;13;573
28;2025-12-27;14;548
28;2025-12-27;15;569
28;2025-12-27;16;508
28;2025-12-27;17;499
28;2025-12-27;18;444
28;2025-12-27;19;400
28;2025-12-27;20;318
28;2025-12-27;21;265
28;2025-12-27;22;123
28;2025-12-27;23;20
28;2025-12-28;0;0
28;2025-12-28;1;0
28;2025-12-28;2;0
28;2025-12-28;3;0
28;2025-12-28;4;2
28;2025-12-28;5;23
28;2025-12-28;6;71
28;2025-12-28;7;142
28;2025-12-28;8;225
28;2025-12-28;9;299
28;2025-12-28;10;331
28;2025-12-28;11;361
28;2025-12-28;12;423
28;2025-12-28;13;507
28;2025-12-28;14;479
28;2025-12-28;15;481
28;2025-12-28;16;442
28;2025-12-28;17;447
28;2025-12-28;18;395
28;2025-12-28;19;324
28;2025-12-28;20;282
28;2025-12-28;21;230
28;2025-12-28;22;101
28;2025-12-28;23;15
28;2025-12-29;0;0
28;2025-12-29;1;0
28;2025-12-29;2;0
28;2025-12-29;3;0
28;2025-12-29;4;0
28;2025-12-29;5;71
28;2025-12-29;6;240
28;2025-12-29;7;686
28;2025-12-29;8;1094
28;2025-12-29;9;782
28;2025-12-29;10;566
28;2025-12-29;11;508
28;2025-12-29;12;604
28;2025-12-29;13;663
28;2025-12-29;14;623
28;2025-12-29;15;649
28;2025-12-29;16;818
28;2025-12-29;17;931
28;2025-12-29;18;890
28;2025-12-29;19;685
28;2025-12-29;20;436
28;2025-12-29;21;265
28;2025-12-29;22;121
28;2025-12-29;23;14
28;2025-12-30;0;0
28;2025-12-30;1;0
28;2025-12-30;2;0
28;2025-12-30;3;0
28;2025-12-30;4;0
28;2025-12-30;5;71
28;2025-12-30;6;249
28;2025-12-30;7;706
28;2025-12-30;8;1143
28;2025-12-30;9;814
28;2025-12-30;10;597
28;2025-12-30;11;531
28;2025-12-30;12;626
28;2025-12-30;13;695
28;2025-12-30;14;645
28;2025-12-30;15;665
28;2025-12-30;16;826
28;2025-12-30;17;952
28;2025-12-30;18;921
28;2025-12-30;19;702
28;2025-12-30;20;455
28;2025-12-30;21;285
28;2025-12-30;22;138
28;2025-12-30;23;15
28;2025-12-31;0;0
28;2025-12-31;1;0
28;2025-12-31;2;0
28;2025-12-31;3;0
28;2025-12-31;4;1
28;2025-12-31;5;75
28;2025-12-31;6;250
28;2025-12-31;7;706
28;2025-12-31;8;1142
28;2025-12-31;9;813
28;2025-12-31;10;597
28;2025-12-31;11;531
28;2025-12-31;12;626
28;2025-12-31;13;695
28;2025-12-31;14;644
28;2025-12-31;15;665
28;2025-12-31;16;825
28;2025-12-31;17;952
28;2025-12-31;18;921
28;2025-12-31;19;701
28;2025-12-31;20;455
28;2025-12-31;21;288
28;2025-12-31;22;138
28;2025-12-31;23;15
50;2025-11-01;0;61
50;2025-11-01;1;5
50;2025-11-01;2;0
50;2025-11-01;3;0
50;2025-11-01;4;1
50;2025-11-01;5;35
50;2025-11-01;6;172
50;2025-11-01;7;388
50;2025-11-01;8;595
50;2025-11-01;9;630
50;2025-11-01;10;617
50;2025-11-01;11;821
50;2025-11-01;12;860
50;2025-11-01;13;903
50;2025-11-01;14;894
50;2025-11-01;15;842
50;2025-11-01;16;850
50;2025-11-01;17;850
50;2025-11-01;18;736
50;2025-11-01;19;644
50;2025-11-01;20;526
50;2025-11-01;21;428
50;2025-11-01;22;247
50;2025-11-01;23;149
50;2025-11-02;0;50
50;2025-11-02;1;5
50;2025-11-02;2;0
50;2025-11-02;3;0
50;2025-11-02;4;1
50;2025-11-02;5;25
50;2025-11-02;6;140
50;2025-11-02;7;273
50;2025-11-02;8;395
50;2025-11-02;9;490
50;2025-11-02;10;524
50;2025-11-02;11;675
50;2025-11-02;12;721
50;2025-11-02;13;784
50;2025-11-02;14;769
50;2025-11-02;15;737
50;2025-11-02;16;755
50;2025-11-02;17;681
50;2025-11-02;18;669
50;2025-11-02;19;571
50;2025-11-02;20;433
50;2025-11-02;21;373
50;2025-11-02;22;210
50;2025-11-02;23;131
50;2025-11-03;0;33
50;2025-11-03;1;3
50;2025-11-03;2;0
50;2025-11-03;3;0
50;2025-11-03;4;3
50;2025-11-03;5;69
50;2025-11-03;6;531
50;2025-11-03;7;1714
50;2025-11-03;8;2738
50;2025-11-03;9;2084
50;2025-11-03;10;1582
50;2025-11-03;11;1536
50;2025-11-03;12;1439
50;2025-11-03;13;1488
50;2025-11-03;14;1420
50;2025-11-03;15;1628
50;2025-11-03;16;1727
50;2025-11-03;17;2294
50;2025-11-03;18;2387
50;2025-11-03;19;1451
50;2025-11-03;20;894
50;2025-11-03;21;591
50;2025-11-03;22;261
50;2025-11-03;23;142
50;2025-11-04;0;36
50;2025-11-04;1;2
50;2025-11-04;2;0
50;2025-11-04;3;0
50;2025-11-04;4;3
50;2025-11-04;5;72
50;2025-11-04;6;552
50;2025-11-04;7;1757
50;2025-11-04;8;2775
50;2025-11-04;9;2136
50;2025-11-04;10;1661
50;2025-11-04;11;1573
50;2025-11-04;12;1471
50;2025-11-04;13;1509
50;2025-11-04;14;1430
50;2025-11-04;15;1662
50;2025-11-04;16;1760
50;2025-11-04;17;2342
50;2025-11-04;18;2447
50;2025-11-04;19;1519
50;2025-11-04;20;943
50;2025-11-04;21;633
50;2025-11-04;22;284
50;2025-11-04;23;152
50;2025-11-05;0;36
50;2025-11-05;1;3
50;2025-11-05;2;0
50;2025-11-05;3;0
50;2025-11-05;4;4
50;2025-11-05;5;72
50;2025-11-05;6;552
50;2025-11-05;7;1757
50;2025-11-05;8;2775
50;2025-11-05;9;2136
50;2025-11-05;10;1660
50;2025-11-05;11;1572
50;2025-11-05;12;1471
50;2025-11-05;13;1507
50;2025-11-05;14;1430
50;2025-11-05;15;1659
50;2025-11-05;16;1747
50;2025-11-05;17;2342
50;2025-11-05;18;2447
50;2025-11-05;19;1519
50;2025-11-05;20;942
50;2025-11-05;21;633
50;2025-11-05;22;297
50;2025-11-05;23;155
50;2025-11-06;0;38
50;2025-11-06;1;3
50;2025-11-06;2;0
50;2025-11-06;3;0
50;2025-11-06;4;1
50;2025-11-06;5;72
50;2025-11-06;6;552
50;2025-11-06;7;1749
50;2025-11-06;8;2767
50;2025-11-06;9;2128
50;2025-11-06;10;1652
50;2025-11-06;11;1565
50;2025-11-06;12;1463
50;2025-11-06;13;1497
50;2025-11-06;14;1422
50;2025-11-06;15;1652
50;2025-11-06;16;1745
50;2025-11-06;17;2334
50;2025-11-06;18;2440
50;2025-11-06;19;1512
50;2025-11-06;20;941
50;2025-11-06;21;633
50;2025-11-06;22;297
50;2025-11-06;23;157
50;2025-11-07;0;39
50;2025-11-07;1;3
50;2025-11-07;2;0
50;2025-11-07;3;0
50;2025-11-07;4;2
50;2025-11-07;5;71
50;2025-11-07;6;538
50;2025-11-07;7;1709
50;2025-11-07;8;2694
50;2025-11-07;9;2089
50;2025-11-07;10;1588
50;2025-11-07;11;1574
50;2025-11-07;12;1449
50;2025-11-07;13;1498
50;2025-11-07;14;1417
50;2025-11-07;15;1667
50;2025-11-07;16;1790
50;2025-11-07;17;2279
50;2025-11-07;18;2200
50;2025-11-07;19;1414
50;2025-11-07;20;875
50;2025-11-07;21;600
50;2025-11-07;22;296
50;2025-11-07;23;155
50;2025-11-08;0;61
50;2025-11-08;1;5
50;2025-11-08;2;0
50;2025-11-08;3;0
50;2025-11-08;4;1
50;2025-11-08;5;35
50;2025-11-08;6;172
50;2025-11-08;7;388
50;2025-11-08;8;595
50;2025-11-08;9;630
50;2025-11-08;10;617
50;2025-11-08;11;821
50;2025-11-08;12;860
50;2025-11-08;13;903
50;2025-11-08;14;894
50;2025-11-08;15;842
50;2025-11-08;16;850
50;2025-11-08;17;850
50;2025-11-08;18;736
50;2025-11-08;19;644
50;2025-11-08;20;526
50;2025-11-08;21;428
50;2025-11-08;22;247
50;2025-11-08;23;149
50;2025-11-09;0;50
50;2025-11-09;1;5
50;2025-11-09;2;0
50;2025-11-09;3;0
50;2025-11-09;4;1
50;2025-11-09;5;25
50;2025-11-09;6;140
50;2025-11-09;7;273
50;2025-11-09;8;395
50;2025-11-09;9;490
50;2025-11-09;10;524
50;2025-11-09;11;675
50;2025-11-09;12;721
50;2025-11-09;13;784
50;2025-11-09;14;769
50;2025-11-09;15;737
50;2025-11-09;16;755
50;2025-11-09;17;681
50;2025-11-09;18;669
50;2025-11-09;19;571
50;2025-11-09;20;433
50;2025-11-09;21;373
50;2025-11-09;22;210
50;2025-11-09;23;131
50;2025-11-10;0;33
50;2025-11-10;1;3
50;2025-11-10;2;0
50;2025-11-10;3;0
50;2025-11-10;4;3
50;2025-11-10;5;69
50;2025-11-10;6;531
50;2025-11-10;7;1714
50;2025-11-10;8;2738
50;2025-11-10;9;2084
50;2025-11-10;10;1582
50;2025-11-10;11;1536
50;2025-11-10;12;1439
50;2025-11-10;13;1488
50;2025-11-10;14;1420
50;2025-11-10;15;1628
50;2025-11-10;16;1727
50;2025-11-10;17;2294
50;2025-11-10;18;2387
50;2025-11-10;19;1451
50;2025-11-10;20;894
50;2025-11-10;21;591
50;2025-11-10;22;261
50;2025-11-10;23;142
50;2025-11-11;0;36
50;2025-11-11;1;2
50;2025-11-11;2;0
50;2025-11-11;3;0
50;2025-11-11;4;3
50;2025-11-11;5;72
50;2025-11-11;6;552
50;2025-11-11;7;1757
50;2025-11-11;8;2775
50;2025-11-11;9;2136
50;2025-11-11;10;1661
50;2025-11-11;11;1573
50;2025-11-11;12;1471
50;2025-11-11;13;1509
50;2025-11-11;14;1430
50;2025-11-11;15;1662
50;2025-11-11;16;1760
50;2025-11-11;17;2342
50;2025-11-11;18;2447
50;2025-11-11;19;1519
50;2025-11-11;20;943
50;2025-11-11;21;633
50;2025-11-11;22;284
50;2025-11-11;23;152
50;2025-11-12;0;36
50;2025-11-12;1;3
50;2025-11-12;2;0
50;2025-11-12;3;0
50;2025-11-12;4;4
50;2025-11-12;5;72
50;2025-11-12;6;552
50;2025-11-12;7;1757
50;2025-11-12;8;2775
50;2025-11-12;9;2136
50;2025-11-12;10;1660
50;2025-11-12;11;1572
50;2025-11-12;12;1471
50;2025-11-12;13;1507
50;2025-11-12;14;1430
50;2025-11-12;15;1659
50;2025-11-12;16;1747
50;2025-11-12;17;2342
50;2025-11-12;18;2447
50;2025-11-12;19;1519
50;2025-11-12;20;942
50;2025-11-12;21;633
50;2025-11-12;22;297
50;2025-11-12;23;155
50;2025-11-13;0;38
50;2025-11-13;1;3
50;2025-11-13;2;0
50;2025-11-13;3;0
50;2025-11-13;4;1
50;2025-11-13;5;72
50;2025-11-13;6;552
50;2025-11-13;7;1749
50;2025-11-13;8;2767
50;2025-11-13;9;2128
50;2025-11-13;10;1652
50;2025-11-13;11;1565
50;2025-11-13;12;1463
50;2025-11-13;13;1497
50;2025-11-13;14;1422
50;2025-11-13;15;1652
50;2025-11-13;16;1745
50;2025-11-13;17;2334
50;2025-11-13;18;2440
50;2025-11-13;19;1512
50;2025-11-13;20;941
50;2025-11-13;21;633
50;2025-11-13;22;297
50;2025-11-13;23;157
50;2025-11-14;0;39
50;2025-11-14;1;3
50;2025-11-14;2;0
50;2025-11-14;3;0
50;2025-11-14;4;2
50;2025-11-14;5;71
50;2025-11-14;6;538
50;2025-11-14;7;1709
50;2025-11-14;8;2694
50;2025-11-14;9;2089
50;2025-11-14;10;1588
50;2025-11-14;11;1574
50;2025-11-14;12;1449
50;2025-11-14;13;1498
50;2025-11-14;14;1417
50;2025-11-14;15;1667
50;2025-11-14;16;1790
50;2025-11-14;17;2279
50;2025-11-14;18;2200
50;2025-11-14;19;1414
50;2025-11-14;20;875
50;2025-11-14;21;600
50;2025-11-14;22;296
50;2025-11-14;23;155
50;2025-11-15;0;61
50;2025-11-15;1;5
50;2025-11-15;2;0
50;2025-11-15;3;0
50;2025-11-15;4;1
50;2025-11-15;5;35
50;2025-11-15;6;172
50;2025-11-15;7;388
50;2025-11-15;8;595
50;2025-11-15;9;630
50;2025-11-15;10;617
50;2025-11-15;11;821
50;2025-11-15;12;860
50;2025-11-15;13;903
50;2025-11-15;14;894
50;2025-11-15;15;842
50;2025-11-15;16;850
50;2025-11-15;17;850
50;2025-11-15;18;736
50;2025-11-15;19;644
50;2025-11-15;20;526
50;2025-11-15;21;428
50;2025-11-15;22;247
50;2025-11-15;23;149
50;2025-11-16;0;50
50;2025-11-16;1;5
50;2025-11-16;2;0
50;2025-11-16;3;0
50;2025-11-16;4;1
50;2025-11-16;5;25
50;2025-11-16;6;140
50;2025-11-16;7;273
50;2025-11-16;8;395
50;2025-11-16;9;490
50;2025-11-16;10;524
50;2025-11-16;11;675
50;2025-11-16;12;721
50;2025-11-16;13;784
50;2025-11-16;14;769
50;2025-11-16;15;737
50;2025-11-16;16;755
50;2025-11-16;17;681
50;2025-11-16;18;669
50;2025-11-16;19;571
50;2025-11-16;20;433
50;2025-11-16;21;373
50;2025-11-16;22;210
50;2025-11-16;23;131
50;2025-11-17;0;33
50;2025-11-17;1;3
50;2025-11-17;2;0
50;2025-11-17;3;0
50;2025-11-17;4;3
50;2025-11-17;5;69
50;2025-11-17;6;531
50;2025-11-17;7;1714
50;2025-11-17;8;2738
50;2025-11-17;9;2084
50;2025-11-17;10;1582
50;2025-11-17;11;1536
50;2025-11-17;12;1439
50;2025-11-17;13;1488
50;2025-11-17;14;1420
50;2025-11-17;15;1628
50;2025-11-17;16;1727
50;2025-11-17;17;2294
50;2025-11-17;18;2387
50;2025-11-17;19;1451
50;2025-11-17;20;894
50;2025-11-17;21;591
50;2025-11-17;22;261
50;2025-11-17;23;142
50;2025-11-18;0;36
50;2025-11-18;1;2
50;2025-11-18;2;0
50;2025-11-18;3;0
50;2025-11-18;4;3
50;2025-11-18;5;72
50;2025-11-18;6;552
50;2025-11-18;7;1757
50;2025-11-18;8;2775
50;2025-11-18;9;2136
50;2025-11-18;10;1661
50;2025-11-18;11;1573
50;2025-11-18;12;1471
50;2025-11-18;13;1509
50;2025-11-18;14;1430
50;2025-11-18;15;1662
50;2025-11-18;16;1760
50;2025-11-18;17;2342
50;2025-11-18;18;2447
50;2025-11-18;19;1519
50;2025-11-18;20;943
50;2025-11-18;21;633
50;2025-11-18;22;284
50;2025-11-18;23;152
50;2025-11-19;0;36
50;2025-11-19;1;3
50;2025-11-19;2;0
50;2025-11-19;3;0
50;2025-11-19;4;4
50;2025-11-19;5;72
50;2025-11-19;6;552
50;2025-11-19;7;1757
50;2025-11-19;8;2775
50;2025-11-19;9;2136
50;2025-11-19;10;1660
50;2025-11-19;11;1572
50;2025-11-19;12;1471
50;2025-11-19;13;1507
50;2025-11-19;14;1430
50;2025-11-19;15;1659
50;2025-11-19;16;1747
50;2025-11-19;17;2342
50;2025-11-19;18;2447
50;2025-11-19;19;1519
50;2025-11-19;20;942
50;2025-11-19;21;633
50;2025-11-19;22;297
50;2025-11-19;23;155
50;2025-11-20;0;38
50;2025-11-20;1;3
50;2025-11-20;2;0
50;2025-11-20;3;0
50;2025-11-20;4;1
50;2025-11-20;5;72
50;2025-11-20;6;552
50;2025-11-20;7;1749
50;2025-11-20;8;2767
50;2025-11-20;9;2128
50;2025-11-20;10;1652
50;2025-11-20;11;1565
50;2025-11-20;12;1463
50;2025-11-20;13;1497
50;2025-11-20;14;1422
50;2025-11-20;15;1652
50;2025-11-20;16;1745
50;2025-11-20;17;2334
50;2025-11-20;18;2440
50;2025-11-20;19;1512
50;2025-11-20;20;941
50;2025-11-20;21;633
50;2025-11-20;22;297
50;2025-11-20;23;157
50;2025-11-21;0;39
50;2025-11-21;1;3
50;2025-11-21;2;0
50;2025-11-21;3;0
50;2025-11-21;4;2
50;2025-11-21;5;71
50;2025-11-21;6;538
50;2025-11-21;7;1709
50;2025-11-21;8;2694
50;2025-11-21;9;2089
50;2025-11-21;10;1588
50;2025-11-21;11;1574
50;2025-11-21;12;1449
50;2025-11-21;13;1498
50;2025-11-21;14;1417
50;2025-11-21;15;1667
50;2025-11-21;16;1790
50;2025-11-21;17;2279
50;2025-11-21;18;2200
50;2025-11-21;19;1414
50;2025-11-21;20;875
50;2025-11-21;21;600
50;2025-11-21;22;296
50;2025-11-21;23;155
50;2025-11-22;0;61
50;2025-11-22;1;5
50;2025-11-22;2;0
50;2025-11-22;3;0
50;2025-11-22;4;1
50;2025-11-22;5;35
50;2025-11-22;6;172
50;2025-11-22;7;388
50;2025-11-22;8;595
50;2025-11-22;9;630
50;2025-11-22;10;617
50;2025-11-22;11;821
50;2025-11-22;12;860
50;2025-11-22;13;903
50;2025-11-22;14;894
50;2025-11-22;15;842
50;2025-11-22;16;850
50;2025-11-22;17;850
50;2025-11-22;18;736
50;2025-11-22;19;644
50;2025-11-22;20;526
50;2025-11-22;21;428
50;2025-11-22;22;247
50;2025-11-22;23;149
50;2025-11-23;0;50
50;2025-11-23;1;5
50;2025-11-23;2;0
50;2025-11-23;3;0
50;2025-11-23;4;1
50;2025-11-23;5;25
50;2025-11-23;6;140
50;2025-11-23;7;273
50;2025-11-23;8;395
50;2025-11-23;9;490
50;2025-11-23;10;524
50;2025-11-23;11;675
50;2025-11-23;12;721
50;2025-11-23;13;784
50;2025-11-23;14;769
50;2025-11-23;15;737
50;2025-11-23;16;755
50;2025-11-23;17;681
50;2025-11-23;18;669
50;2025-11-23;19;571
50;2025-11-23;20;433
50;2025-11-23;21;373
50;2025-11-23;22;210
50;2025-11-23;23;131
50;2025-11-24;0;33
50;2025-11-24;1;3
50;2025-11-24;2;0
50;2025-11-24;3;0
50;2025-11-24;4;3
50;2025-11-24;5;69
50;2025-11-24;6;531
50;2025-11-24;7;1714
50;2025-11-24;8;2738
50;2025-11-24;9;2084
50;2025-11-24;10;1582
50;2025-11-24;11;1536
50;2025-11-24;12;1439
50;2025-11-24;13;1488
50;2025-11-24;14;1420
50;2025-11-24;15;1628
50;2025-11-24;16;1727
50;2025-11-24;17;2294
50;2025-11-24;18;2387
50;2025-11-24;19;1451
50;2025-11-24;20;894
50;2025-11-24;21;591
50;2025-11-24;22;261
50;2025-11-24;23;142
50;2025-11-25;0;36
50;2025-11-25;1;2
50;2025-11-25;2;0
50;2025-11-25;3;0
50;2025-11-25;4;3
50;2025-11-25;5;72
50;2025-11-25;6;552
50;2025-11-25;7;1757
50;2025-11-25;8;2775
50;2025-11-25;9;2136
50;2025-11-25;10;1661
50;2025-11-25;11;1573
50;2025-11-25;12;1471
50;2025-11-25;13;1509
50;2025-11-25;14;1430
50;2025-11-25;15;1662
50;2025-11-25;16;1760
50;2025-11-25;17;2342
50;2025-11-25;18;2447
50;2025-11-25;19;1519
50;2025-11-25;20;943
50;2025-11-25;21;633
50;2025-11-25;22;284
50;2025-11-25;23;152
50;2025-11-26;0;36
50;2025-11-26;1;3
50;2025-11-26;2;0
50;2025-11-26;3;0
50;2025-11-26;4;4
50;2025-11-26;5;72
50;2025-11-26;6;552
50;2025-11-26;7;1757
50;2025-11-26;8;2775
50;2025-11-26;9;2136
50;2025-11-26;10;1660
50;2025-11-26;11;1572
50;2025-11-26;12;1471
50;2025-11-26;13;1507
50;2025-11-26;14;1430
50;2025-11-26;15;1659
50;2025-11-26;16;1747
50;2025-11-26;17;2342
50;2025-11-26;18;2447
50;2025-11-26;19;1519
50;2025-11-26;20;942
50;2025-11-26;21;633
50;2025-11-26;22;297
50;2025-11-26;23;155
50;2025-11-27;0;38
50;2025-11-27;1;3
50;2025-11-27;2;0
50;2025-11-27;3;0
50;2025-11-27;4;1
50;2025-11-27;5;72
50;2025-11-27;6;552
50;2025-11-27;7;1749
50;2025-11-27;8;2767
50;2025-11-27;9;2128
50;2025-11-27;10;1652
50;2025-11-27;11;1565
50;2025-11-27;12;1463
50;2025-11-27;13;1497
50;2025-11-27;14;1422
50;2025-11-27;15;1652
50;2025-11-27;16;1745
50;2025-11-27;17;2334
50;2025-11-27;18;2440
50;2025-11-27;19;1512
50;2025-11-27;20;941
50;2025-11-27;21;633
50;2025-11-27;22;297
50;2025-11-27;23;157
50;2025-11-28;0;39
50;2025-11-28;1;3
50;2025-11-28;2;0
50;2025-11-28;3;0
50;2025-11-28;4;2
50;2025-11-28;5;71
50;2025-11-28;6;538
50;2025-11-28;7;1709
50;2025-11-28;8;2694
50;2025-11-28;9;2089
50;2025-11-28;10;1588
50;2025-11-28;11;1574
50;2025-11-28;12;1449
50;2025-11-28;13;1498
50;2025-11-28;14;1417
50;2025-11-28;15;1667
50;2025-11-28;16;1790
50;2025-11-28;17;2279
50;2025-11-28;18;2200
50;2025-11-28;19;1414
50;2025-11-28;20;875
50;2025-11-28;21;600
50;2025-11-28;22;296
50;2025-11-28;23;155
50;2025-11-29;0;61
50;2025-11-29;1;5
50;2025-11-29;2;0
50;2025-11-29;3;0
50;2025-11-29;4;1
50;2025-11-29;5;35
50;2025-11-29;6;172
50;2025-11-29;7;388
50;2025-11-29;8;595
50;2025-11-29;9;630
50;2025-11-29;10;617
50;2025-11-29;11;821
50;2025-11-29;12;860
50;2025-11-29;13;903
50;2025-11-29;14;894
50;2025-11-29;15;842
50;2025-11-29;16;850
50;2025-11-29;17;850
50;2025-11-29;18;736
50;2025-11-29;19;644
50;2025-11-29;20;526
50;2025-11-29;21;428
50;2025-11-29;22;247
50;2025-11-29;23;149
50;2025-11-30;0;50
50;2025-11-30;1;5
50;2025-11-30;2;0
50;2025-11-30;3;0
50;2025-11-30;4;1
50;2025-11-30;5;25
50;2025-11-30;6;140
50;2025-11-30;7;273
50;2025-11-30;8;395
50;2025-11-30;9;490
50;2025-11-30;10;524
50;2025-11-30;11;675
50;2025-11-30;12;721
50;2025-11-30;13;784
50;2025-11-30;14;769
50;2025-11-30;15;737
50;2025-11-30;16;755
50;2025-11-30;17;681
50;2025-11-30;18;669
50;2025-11-30;19;571
50;2025-11-30;20;433
50;2025-11-30;21;373
50;2025-11-30;22;210
50;2025-11-30;23;131
50;2025-12-01;0;34
50;2025-12-01;1;4
50;2025-12-01;2;0
50;2025-12-01;3;0
50;2025-12-01;4;2
50;2025-12-01;5;61
50;2025-12-01;6;529
50;2025-12-01;7;1684
50;2025-12-01;8;2684
50;2025-12-01;9;2042
50;2025-12-01;10;1554
50;2025-12-01;11;1463
50;2025-12-01;12;1403
50;2025-12-01;13;1383
50;2025-12-01;14;1372
50;2025-12-01;15;1578
50;2025-12-01;16;1685
50;2025-12-01;17;2255
50;2025-12-01;18;2374
50;2025-12-01;19;1367
50;2025-12-01;20;824
50;2025-12-01;21;565
50;2025-12-01;22;257
50;2025-12-01;23;123
50;2025-12-02;0;37
50;2025-12-02;1;4
50;2025-12-02;2;0
50;2025-12-02;3;0
50;2025-12-02;4;3
50;2025-12-02;5;64
50;2025-12-02;6;548
50;2025-12-02;7;1728
50;2025-12-02;8;2722
50;2025-12-02;9;2093
50;2025-12-02;10;1633
50;2025-12-02;11;1495
50;2025-12-02;12;1435
50;2025-12-02;13;1404
50;2025-12-02;14;1381
50;2025-12-02;15;1612
50;2025-12-02;16;1718
50;2025-12-02;17;2303
50;2025-12-02;18;2433
50;2025-12-02;19;1435
50;2025-12-02;20;873
50;2025-12-02;21;606
50;2025-12-02;22;277
50;2025-12-02;23;133
50;2025-12-03;0;37
50;2025-12-03;1;4
50;2025-12-03;2;0
50;2025-12-03;3;0
50;2025-12-03;4;3
50;2025-12-03;5;64
50;2025-12-03;6;548
50;2025-12-03;7;1728
50;2025-12-03;8;2721
50;2025-12-03;9;2093
50;2025-12-03;10;1632
50;2025-12-03;11;1494
50;2025-12-03;12;1435
50;2025-12-03;13;1403
50;2025-12-03;14;1381
50;2025-12-03;15;1609
50;2025-12-03;16;1705
50;2025-12-03;17;2303
50;2025-12-03;18;2433
50;2025-12-03;19;1435
50;2025-12-03;20;872
50;2025-12-03;21;606
50;2025-12-03;22;290
50;2025-12-03;23;135
50;2025-12-04;0;39
50;2025-12-04;1;4
50;2025-12-04;2;0
50;2025-12-04;3;0
50;2025-12-04;4;0
50;2025-12-04;5;64
50;2025-12-04;6;548
50;2025-12-04;7;1728
50;2025-12-04;8;2721
50;2025-12-04;9;2093
50;2025-12-04;10;1632
50;2025-12-04;11;1495
50;2025-12-04;12;1435
50;2025-12-04;13;1399
50;2025-12-04;14;1381
50;2025-12-04;15;1609
50;2025-12-04;16;1710
50;2025-12-04;17;2303
50;2025-12-04;18;2433
50;2025-12-04;19;1435
50;2025-12-04;20;871
50;2025-12-04;21;606
50;2025-12-04;22;291
50;2025-12-04;23;137
50;2025-12-05;0;40
50;2025-12-05;1;4
50;2025-12-05;2;0
50;2025-12-05;3;0
50;2025-12-05;4;1
50;2025-12-05;5;63
50;2025-12-05;6;534
50;2025-12-05;7;1687
50;2025-12-05;8;2648
50;2025-12-05;9;2054
50;2025-12-05;10;1568
50;2025-12-05;11;1503
50;2025-12-05;12;1421
50;2025-12-05;13;1401
50;2025-12-05;14;1376
50;2025-12-05;15;1625
50;2025-12-05;16;1755
50;2025-12-05;17;2227
50;2025-12-05;18;2173
50;2025-12-05;19;1337
50;2025-12-05;20;806
50;2025-12-05;21;573
50;2025-12-05;22;290
50;2025-12-05;23;135
50;2025-12-06;0;61
50;2025-12-06;1;5
50;2025-12-06;2;0
50;2025-12-06;3;0
50;2025-12-06;4;2
50;2025-12-06;5;31
50;2025-12-06;6;164
50;2025-12-06;7;375
50;2025-12-06;8;560
50;2025-12-06;9;618
50;2025-12-06;10;608
50;2025-12-06;11;795
50;2025-12-06;12;832
50;2025-12-06;13;856
50;2025-12-06;14;851
50;2025-12-06;15;822
50;2025-12-06;16;813
50;2025-12-06;17;843
50;2025-12-06;18;705
50;2025-12-06;19;629
50;2025-12-06;20;487
50;2025-12-06;21;398
50;2025-12-06;22;243
50;2025-12-06;23;130
50;2025-12-07;0;51
50;2025-12-07;1;4
50;2025-12-07;2;0
50;2025-12-07;3;0
50;2025-12-07;4;1
50;2025-12-07;5;22
50;2025-12-07;6;134
50;2025-12-07;7;260
50;2025-12-07;8;362
50;2025-12-07;9;478
50;2025-12-07;10;514
50;2025-12-07;11;653
50;2025-12-07;12;693
50;2025-12-07;13;737
50;2025-12-07;14;727
50;2025-12-07;15;717
50;2025-12-07;16;718
50;2025-12-07;17;669
50;2025-12-07;18;633
50;2025-12-07;19;557
50;2025-12-07;20;408
50;2025-12-07;21;344
50;2025-12-07;22;210
50;2025-12-07;23;112
50;2025-12-08;0;34
50;2025-12-08;1;4
50;2025-12-08;2;0
50;2025-12-08;3;0
50;2025-12-08;4;2
50;2025-12-08;5;61
50;2025-12-08;6;529
50;2025-12-08;7;1684
50;2025-12-08;8;2684
50;2025-12-08;9;2042
50;2025-12-08;10;1554
50;2025-12-08;11;1463
50;2025-12-08;12;1403
50;2025-12-08;13;1383
50;2025-12-08;14;1372
50;2025-12-08;15;1578
50;2025-12-08;16;1685
50;2025-12-08;17;2255
50;2025-12-08;18;2374
50;2025-12-08;19;1367
50;2025-12-08;20;824
50;2025-12-08;21;565
50;2025-12-08;22;257
50;2025-12-08;23;123
50;2025-12-09;0;37
50;2025-12-09;1;4
50;2025-12-09;2;0
50;2025-12-09;3;0
50;2025-12-09;4;3
50;2025-12-09;5;64
50;2025-12-09;6;548
50;2025-12-09;7;1728
50;2025-12-09;8;2722
50;2025-12-09;9;2093
50;2025-12-09;10;1633
50;2025-12-09;11;1495
50;2025-12-09;12;1435
50;2025-12-09;13;1404
50;2025-12-09;14;1381
50;2025-12-09;15;1612
50;2025-12-09;16;1718
50;2025-12-09;17;2303
50;2025-12-09;18;2433
50;2025-12-09;19;1435
50;2025-12-09;20;873
50;2025-12-09;21;606
50;2025-12-09;22;277
50;2025-12-09;23;133
50;2025-12-10;0;37
50;2025-12-10;1;4
50;2025-12-10;2;0
50;2025-12-10;3;0
50;2025-12-10;4;3
50;2025-12-10;5;64
50;2025-12-10;6;548
50;2025-12-10;7;1728
50;2025-12-10;8;2721
50;2025-12-10;9;2093
50;2025-12-10;10;1632
50;2025-12-10;11;1494
50;2025-12-10;12;1435
50;2025-12-10;13;1403
50;2025-12-10;14;1381
50;2025-12-10;15;1609
50;2025-12-10;16;1705
50;2025-12-10;17;2303
50;2025-12-10;18;2433
50;2025-12-10;19;1435
50;2025-12-10;20;872
50;2025-12-10;21;606
50;2025-12-10;22;290
50;2025-12-10;23;135
50;2025-12-11;0;39
50;2025-12-11;1;4
50;2025-12-11;2;0
50;2025-12-11;3;0
50;2025-12-11;4;0
50;2025-12-11;5;64
50;2025-12-11;6;548
50;2025-12-11;7;1728
50;2025-12-11;8;2721
50;2025-12-11;9;2093
50;2025-12-11;10;1632
50;2025-12-11;11;1495
50;2025-12-11;12;1435
50;2025-12-11;13;1399
50;2025-12-11;14;1381
50;2025-12-11;15;1609
50;2025-12-11;16;1710
50;2025-12-11;17;2303
50;2025-12-11;18;2433
50;2025-12-11;19;1435
50;2025-12-11;20;871
50;2025-12-11;21;606
50;2025-12-11;22;291
50;2025-12-11;23;137
50;2025-12-12;0;40
50;2025-12-12;1;4
50;2025-12-12;2;0
50;2025-12-12;3;0
50;2025-12-12;4;1
50;2025-12-12;5;63
50;2025-12-12;6;534
50;2025-12-12;7;1687
50;2025-12-12;8;2648
50;2025-12-12;9;2054
50;2025-12-12;10;1568
50;2025-12-12;11;1503
50;2025-12-12;12;1421
50;2025-12-12;13;1401
50;2025-12-12;14;1376
50;2025-12-12;15;1625
50;2025-12-12;16;1755
50;2025-12-12;17;2227
50;2025-12-12;18;2173
50;2025-12-12;19;1337
50;2025-12-12;20;806
50;2025-12-12;21;573
50;2025-12-12;22;290
50;2025-12-12;23;135
50;2025-12-13;0;61
50;2025-12-13;1;5
50;2025-12-13;2;0
50;2025-12-13;3;0
50;2025-12-13;4;2
50;2025-12-13;5;31
50;2025-12-13;6;164
50;2025-12-13;7;375
50;2025-12-13;8;560
50;2025-12-13;9;618
50;2025-12-13;10;608
50;2025-12-13;11;795
50;2025-12-13;12;832
50;2025-12-13;13;856
50;2025-12-13;14;851
50;2025-12-13;15;822
50;2025-12-13;16;813
50;2025-12-13;17;843
50;2025-12-13;18;705
50;2025-12-13;19;629
50;2025-12-13;20;487
50;2025-12-13;21;398
50;2025-12-13;22;243
50;2025-12-13;23;130
50;2025-12-14;0;51
50;2025-12-14;1;4
50;2025-12-14;2;0
50;2025-12-14;3;0
50;2025-12-14;4;1
50;2025-12-14;5;22
50;2025-12-14;6;134
50;2025-12-14;7;260
50;2025-12-14;8;362
50;2025-12-14;9;478
50;2025-12-14;10;514
50;2025-12-14;11;653
50;2025-12-14;12;693
50;2025-12-14;13;737
50;2025-12-14;14;727
50;2025-12-14;15;717
50;2025-12-14;16;718
50;2025-12-14;17;669
50;2025-12-14;18;633
50;2025-12-14;19;557
50;2025-12-14;20;408
50;2025-12-14;21;344
50;2025-12-14;22;210
50;2025-12-14;23;112
50;2025-12-15;0;34
50;2025-12-15;1;4
50;2025-12-15;2;0
50;2025-12-15;3;0
50;2025-12-15;4;2
50;2025-12-15;5;61
50;2025-12-15;6;529
50;2025-12-15;7;1684
50;2025-12-15;8;2684
50;2025-12-15;9;2042
50;2025-12-15;10;1554
50;2025-12-15;11;1463
50;2025-12-15;12;1403
50;2025-12-15;13;1383
50;2025-12-15;14;1372
50;2025-12-15;15;1578
50;2025-12-15;16;1685
50;2025-12-15;17;2255
50;2025-12-15;18;2374
50;2025-12-15;19;1367
50;2025-12-15;20;824
50;2025-12-15;21;565
50;2025-12-15;22;257
50;2025-12-15;23;123
50;2025-12-16;0;37
50;2025-12-16;1;4
50;2025-12-16;2;0
50;2025-12-16;3;0
50;2025-12-16;4;3
50;2025-12-16;5;64
50;2025-12-16;6;548
50;2025-12-16;7;1728
50;2025-12-16;8;2722
50;2025-12-16;9;2093
50;2025-12-16;10;1633
50;2025-12-16;11;1495
50;2025-12-16;12;1435
50;2025-12-16;13;1404
50;2025-12-16;14;1381
50;2025-12-16;15;1612
50;2025-12-16;16;1718
50;2025-12-16;17;2303
50;2025-12-16;18;2433
50;2025-12-16;19;1435
50;2025-12-16;20;873
50;2025-12-16;21;606
50;2025-12-16;22;277
50;2025-12-16;23;133
50;2025-12-17;0;37
50;2025-12-17;1;4
50;2025-12-17;2;0
50;2025-12-17;3;0
50;2025-12-17;4;3
50;2025-12-17;5;64
50;2025-12-17;6;548
50;2025-12-17;7;1728
50;2025-12-17;8;2721
50;2025-12-17;9;2093
50;2025-12-17;10;1632
50;2025-12-17;11;1494
50;2025-12-17;12;1435
50;2025-12-17;13;1403
50;2025-12-17;14;1381
50;2025-12-17;15;1609
50;2025-12-17;16;1705
50;2025-12-17;17;2303
50;2025-12-17;18;2433
50;2025-12-17;19;1435
50;2025-12-17;20;872
50;2025-12-17;21;606
50;2025-12-17;22;290
50;2025-12-17;23;135
50;2025-12-18;0;39
50;2025-12-18;1;4
50;2025-12-18;2;0
50;2025-12-18;3;0
50;2025-12-18;4;0
50;2025-12-18;5;64
50;2025-12-18;6;548
50;2025-12-18;7;1728
50;2025-12-18;8;2721
50;2025-12-18;9;2093
50;2025-12-18;10;1632
50;2025-12-18;11;1495
50;2025-12-18;12;1435
50;2025-12-18;13;1399
50;2025-12-18;14;1381
50;2025-12-18;15;1609
50;2025-12-18;16;1710
50;2025-12-18;17;2303
50;2025-12-18;18;2433
50;2025-12-18;19;1435
50;2025-12-18;20;871
50;2025-12-18;21;606
50;2025-12-18;22;291
50;2025-12-18;23;137
50;2025-12-19;0;40
50;2025-12-19;1;4
50;2025-12-19;2;0
50;2025-12-19;3;0
50;2025-12-19;4;1
50;2025-12-19;5;63
50;2025-12-19;6;534
50;2025-12-19;7;1687
50;2025-12-19;8;2648
50;2025-12-19;9;2054
50;2025-12-19;10;1568
50;2025-12-19;11;1503
50;2025-12-19;12;1421
50;2025-12-19;13;1401
50;2025-12-19;14;1376
50;2025-12-19;15;1625
50;2025-12-19;16;1755
50;2025-12-19;17;2227
50;2025-12-19;18;2173
50;2025-12-19;19;1337
50;2025-12-19;20;806
50;2025-12-19;21;573
50;2025-12-19;22;290
50;2025-12-19;23;135
50;2025-12-20;0;61
50;2025-12-20;1;5
50;2025-12-20;2;0
50;2025-12-20;3;0
50;2025-12-20;4;2
50;2025-12-20;5;31
50;2025-12-20;6;164
50;2025-12-20;7;375
50;2025-12-20;8;560
50;2025-12-20;9;618
50;2025-12-20;10;608
50;2025-12-20;11;795
50;2025-12-20;12;832
50;2025-12-20;13;856
50;2025-12-20;14;851
50;2025-12-20;15;822
50;2025-12-20;16;813
50;2025-12-20;17;843
50;2025-12-20;18;705
50;2025-12-20;19;629
50;2025-12-20;20;487
50;2025-12-20;21;398
50;2025-12-20;22;243
50;2025-12-20;23;130
50;2025-12-21;0;51
50;2025-12-21;1;4
50;2025-12-21;2;0
50;2025-12-21;3;0
50;2025-12-21;4;1
50;2025-12-21;5;22
50;2025-12-21;6;134
50;2025-12-21;7;260
50;2025-12-21;8;362
50;2025-12-21;9;478
50;2025-12-21;10;514
50;2025-12-21;11;653
50;2025-12-21;12;693
50;2025-12-21;13;737
50;2025-12-21;14;727
50;2025-12-21;15;717
50;2025-12-21;16;718
50;2025-12-21;17;669
50;2025-12-21;18;633
50;2025-12-21;19;557
50;2025-12-21;20;408
50;2025-12-21;21;344
50;2025-12-21;22;210
50;2025-12-21;23;112
50;2025-12-22;0;34
50;2025-12-22;1;4
50;2025-12-22;2;0
50;2025-12-22;3;0
50;2025-12-22;4;2
50;2025-12-22;5;61
50;2025-12-22;6;529
50;2025-12-22;7;1684
50;2025-12-22;8;2684
50;2025-12-22;9;2042
50;2025-12-22;10;1554
50;2025-12-22;11;1463
50;2025-12-22;12;1403
50;2025-12-22;13;1383
50;2025-12-22;14;1372
50;2025-12-22;15;1578
50;2025-12-22;16;1685
50;2025-12-22;17;2255
50;2025-12-22;18;2374
50;2025-12-22;19;1367
50;2025-12-22;20;824
50;2025-12-22;21;565
50;2025-12-22;22;257
50;2025-12-22;23;123
50;2025-12-23;0;37
50;2025-12-23;1;4
50;2025-12-23;2;0
50;2025-12-23;3;0
50;2025-12-23;4;3
50;2025-12-23;5;64
50;2025-12-23;6;548
50;2025-12-23;7;1728
50;2025-12-23;8;2722
50;2025-12-23;9;2093
50;2025-12-23;10;1633
50;2025-12-23;11;1495
50;2025-12-23;12;1435
50;2025-12-23;13;1404
50;2025-12-23;14;1381
50;2025-12-23;15;1612
50;2025-12-23;16;1718
50;2025-12-23;17;2303
50;2025-12-23;18;2433
50;2025-12-23;19;1435
50;2025-12-23;20;873
50;2025-12-23;21;606
50;2025-12-23;22;277
50;2025-12-23;23;133
50;2025-12-24;0;37
50;2025-12-24;1;4
50;2025-12-24;2;0
50;2025-12-24;3;0
50;2025-12-24;4;3
50;2025-12-24;5;64
50;2025-12-24;6;548
50;2025-12-24;7;1728
50;2025-12-24;8;2721
50;2025-12-24;9;2093
50;2025-12-24;10;1632
50;2025-12-24;11;1494
50;2025-12-24;12;1435
50;2025-12-24;13;1403
50;2025-12-24;14;1381
50;2025-12-24;15;1609
50;2025-12-24;16;1705
50;2025-12-24;17;2303
50;2025-12-24;18;2433
50;2025-12-24;19;1435
50;2025-12-24;20;872
50;2025-12-24;21;606
50;2025-12-24;22;290
50;2025-12-24;23;135
50;2025-12-25;0;39
50;2025-12-25;1;4
50;2025-12-25;2;0
50;2025-12-25;3;0
50;2025-12-25;4;0
50;2025-12-25;5;64
50;2025-12-25;6;548
50;2025-12-25;7;1728
50;2025-12-25;8;2721
50;2025-12-25;9;2093
50;2025-12-25;10;1632
50;2025-12-25;11;1495
50;2025-12-25;12;1435
50;2025-12-25;13;1399
50;2025-12-25;14;1381
50;2025-12-25;15;1609
50;2025-12-25;16;1710
50;2025-12-25;17;2303
50;2025-12-25;18;2433
50;2025-12-25;19;1435
50;2025-12-25;20;871
50;2025-12-25;21;606
50;2025-12-25;22;291
50;2025-12-25;23;137
50;2025-12-26;0;40
50;2025-12-26;1;4
50;2025-12-26;2;0
50;2025-12-26;3;0
50;2025-12-26;4;1
50;2025-12-26;5;63
50;2025-12-26;6;534
50;2025-12-26;7;1687
50;2025-12-26;8;2648
50;2025-12-26;9;2054
50;2025-12-26;10;1568
50;2025-12-26;11;1503
50;2025-12-26;12;1421
50;2025-12-26;13;1401
50;2025-12-26;14;1376
50;2025-12-26;15;1625
50;2025-12-26;16;1755
50;2025-12-26;17;2227
50;2025-12-26;18;2173
50;2025-12-26;19;1337
50;2025-12-26;20;806
50;2025-12-26;21;573
50;2025-12-26;22;290
50;2025-12-26;23;135
50;2025-12-27;0;61
50;2025-12-27;1;5
50;2025-12-27;2;0
50;2025-12-27;3;0
50;2025-12-27;4;2
50;2025-12-27;5;31
50;2025-12-27;6;164
50;2025-12-27;7;375
50;2025-12-27;8;560
50;2025-12-27;9;618
50;2025-12-27;10;608
50;2025-12-27;11;795
50;2025-12-27;12;832
50;2025-12-27;13;856
50;2025-12-27;14;851
50;2025-12-27;15;822
50;2025-12-27;16;813
50;2025-12-27;17;843
50;2025-12-27;18;705
50;2025-12-27;19;629
50;2025-12-27;20;487
50;2025-12-27;21;398
50;2025-12-27;22;243
50;2025-12-27;23;130
50;2025-12-28;0;51
50;2025-12-28;1;4
50;2025-12-28;2;0
50;2025-12-28;3;0
50;2025-12-28;4;1
50;2025-12-28;5;22
50;2025-12-28;6;134
50;2025-12-28;7;260
50;2025-12-28;8;362
50;2025-12-28;9;478
50;2025-12-28;10;514
50;2025-12-28;11;653
50;2025-12-28;12;693
50;2025-12-28;13;737
50;2025-12-28;14;727
50;2025-12-28;15;717
50;2025-12-28;16;718
50;2025-12-28;17;669
50;2025-12-28;18;633
50;2025-12-28;19;557
50;2025-12-28;20;408
50;2025-12-28;21;344
50;2025-12-28;22;210
50;2025-12-28;23;112
50;2025-12-29;0;34
50;2025-12-29;1;4
50;2025-12-29;2;0
50;2025-12-29;3;0
50;2025-12-29;4;2
50;2025-12-29;5;61
50;2025-12-29;6;529
50;2025-12-29;7;1684
50;2025-12-29;8;2684
50;2025-12-29;9;2042
50;2025-12-29;10;1554
50;2025-12-29;11;1463
50;2025-12-29;12;1403
50;2025-12-29;13;1383
50;2025-12-29;14;1372
50;2025-12-29;15;1578
50;2025-12-29;16;1685
50;2025-12-29;17;2255
50;2025-12-29;18;2374
50;2025-12-29;19;1367
50;2025-12-29;20;824
50;2025-12-29;21;565
50;2025-12-29;22;257
50;2025-12-29;23;123
50;2025-12-30;0;37
50;2025-12-30;1;4
50;2025-12-30;2;0
50;2025-12-30;3;0
50;2025-12-30;4;3
50;2025-12-30;5;64
50;2025-12-30;6;548
50;2025-12-30;7;1728
50;2025-12-30;8;2722
50;2025-12-30;9;2093
50;2025-12-30;10;1633
50;2025-12-30;11;1495
50;2025-12-30;12;1435
50;2025-12-30;13;1404
50;2025-12-30;14;1381
50;2025-12-30;15;1612
50;2025-12-30;16;1718
50;2025-12-30;17;2303
50;2025-12-30;18;2433
50;2025-12-30;19;1435
50;2025-12-30;20;873
50;2025-12-30;21;606
50;2025-12-30;22;277
50;2025-12-30;23;133
50;2025-12-31;0;37
50;2025-12-31;1;4
50;2025-12-31;2;0
50;2025-12-31;3;0
50;2025-12-31;4;3
50;2025-12-31;5;64
50;2025-12-31;6;548
50;2025-12-31;7;1728
50;2025-12-31;8;2721
50;2025-12-31;9;2093
50;2025-12-31;10;1632
50;2025-12-31;11;1494
50;2025-12-31;12;1435
50;2025-12-31;13;1403
50;2025-12-31;14;1381
50;2025-12-31;15;1609
50;2025-12-31;16;1705
50;2025-12-31;17;2303
50;2025-12-31;18;2433
50;2025-12-31;19;1435
50;2025-12-31;20;872
50;2025-12-31;21;606
50;2025-12-31;22;290
50;2025-12-31;23;135
