route;date;hour;prediction
1;2025-11-01;0;6
1;2025-11-01;1;0
1;2025-11-01;2;0
1;2025-11-01;3;0
1;2025-11-01;4;2
1;2025-11-01;5;59
1;2025-11-01;6;201
1;2025-11-01;7;439
1;2025-11-01;8;1586
1;2025-11-01;9;1457
1;2025-11-01;10;1321
1;2025-11-01;11;1312
1;2025-11-01;12;1354
1;2025-11-01;13;1373
1;2025-11-01;14;1278
1;2025-11-01;15;1340
1;2025-11-01;16;1302
1;2025-11-01;17;1576
1;2025-11-01;18;1582
1;2025-11-01;19;1310
1;2025-11-01;20;893
1;2025-11-01;21;369
1;2025-11-01;22;190
1;2025-11-01;23;73
1;2025-11-02;0;0
1;2025-11-02;1;0
1;2025-11-02;2;0
1;2025-11-02;3;0
1;2025-11-02;4;0
1;2025-11-02;5;25
1;2025-11-02;6;122
1;2025-11-02;7;248
1;2025-11-02;8;337
1;2025-11-02;9;581
1;2025-11-02;10;675
1;2025-11-02;11;656
1;2025-11-02;12;813
1;2025-11-02;13;837
1;2025-11-02;14;774
1;2025-11-02;15;684
1;2025-11-02;16;621
1;2025-11-02;17;578
1;2025-11-02;18;536
1;2025-11-02;19;469
1;2025-11-02;20;363
1;2025-11-02;21;262
1;2025-11-02;22;115
1;2025-11-02;23;29
1;2025-11-03;0;0
1;2025-11-03;1;0
1;2025-11-03;2;0
1;2025-11-03;3;0
1;2025-11-03;4;8
1;2025-11-03;5;67
1;2025-11-03;6;218
1;2025-11-03;7;377
1;2025-11-03;8;469
1;2025-11-03;9;520
1;2025-11-03;10;602
1;2025-11-03;11;624
1;2025-11-03;12;766
1;2025-11-03;13;809
1;2025-11-03;14;754
1;2025-11-03;15;645
1;2025-11-03;16;678
1;2025-11-03;17;587
1;2025-11-03;18;531
1;2025-11-03;19;478
1;2025-11-03;20;346
1;2025-11-03;21;329
1;2025-11-03;22;171
1;2025-11-03;23;29
1;2025-11-04;0;1
1;2025-11-04;1;0
1;2025-11-04;2;0
1;2025-11-04;3;0
1;2025-11-04;4;3
1;2025-11-04;5;27
1;2025-11-04;6;188
1;2025-11-04;7;312
1;2025-11-04;8;342
1;2025-11-04;9;477
1;2025-11-04;10;543
1;2025-11-04;11;565
1;2025-11-04;12;685
1;2025-11-04;13;733
1;2025-11-04;14;665
1;2025-11-04;15;604
1;2025-11-04;16;563
1;2025-11-04;17;504
1;2025-11-04;18;459
1;2025-11-04;19;388
1;2025-11-04;20;317
1;2025-11-04;21;253
1;2025-11-04;22;150
1;2025-11-04;23;26
1;2025-11-05;0;3
1;2025-11-05;1;0
1;2025-11-05;2;0
1;2025-11-05;3;0
1;2025-11-05;4;8
1;2025-11-05;5;134
1;2025-11-05;6;519
1;2025-11-05;7;1425
1;2025-11-05;8;1794
1;2025-11-05;9;1409
1;2025-11-05;10;1266
1;2025-11-05;11;1283
1;2025-11-05;12;1319
1;2025-11-05;13;1331
1;2025-11-05;14;1246
1;2025-11-05;15;1390
1;2025-11-05;16;1426
1;2025-11-05;17;1665
1;2025-11-05;18;1676
1;2025-11-05;19;1323
1;2025-11-05;20;859
1;2025-11-05;21;475
1;2025-11-05;22;245
1;2025-11-05;23;43
1;2025-11-06;0;4
1;2025-11-06;1;0
1;2025-11-06;2;0
1;2025-11-06;3;0
1;2025-11-06;4;8
1;2025-11-06;5;133
1;2025-11-06;6;522
1;2025-11-06;7;1430
1;2025-11-06;8;1796
1;2025-11-06;9;1416
1;2025-11-06;10;1272
1;2025-11-06;11;1288
1;2025-11-06;12;1324
1;2025-11-06;13;1340
1;2025-11-06;14;1251
1;2025-11-06;15;1393
1;2025-11-06;16;1429
1;2025-11-06;17;1671
1;2025-11-06;18;1679
1;2025-11-06;19;1328
1;2025-11-06;20;865
1;2025-11-06;21;480
1;2025-11-06;22;249
1;2025-11-06;23;47
1;2025-11-07;0;4
1;2025-11-07;1;0
1;2025-11-07;2;0
1;2025-11-07;3;0
1;2025-11-07;4;7
1;2025-11-07;5;130
1;2025-11-07;6;514
1;2025-11-07;7;1413
1;2025-11-07;8;1762
1;2025-11-07;9;1386
1;2025-11-07;10;1247
1;2025-11-07;11;1266
1;2025-11-07;12;1303
1;2025-11-07;13;1318
1;2025-11-07;14;1232
1;2025-11-07;15;1375
1;2025-11-07;16;1411
1;2025-11-07;17;1649
1;2025-11-07;18;1652
1;2025-11-07;19;1297
1;2025-11-07;20;832
1;2025-11-07;21;465
1;2025-11-07;22;255
1;2025-11-07;23;47
1;2025-11-08;0;4
1;2025-11-08;1;0
1;2025-11-08;2;0
1;2025-11-08;3;0
1;2025-11-08;4;0
1;2025-11-08;5;35
1;2025-11-08;6;168
1;2025-11-08;7;340
1;2025-11-08;8;471
1;2025-11-08;9;668
1;2025-11-08;10;736
1;2025-11-08;11;715
1;2025-11-08;12;869
1;2025-11-08;13;896
1;2025-11-08;14;830
1;2025-11-08;15;749
1;2025-11-08;16;722
1;2025-11-08;17;678
1;2025-11-08;18;612
1;2025-11-08;19;550
1;2025-11-08;20;435
1;2025-11-08;21;311
1;2025-11-08;22;143
1;2025-11-08;23;39
1;2025-11-09;0;0
1;2025-11-09;1;0
1;2025-11-09;2;0
1;2025-11-09;3;0
1;2025-11-09;4;0
1;2025-11-09;5;25
1;2025-11-09;6;122
1;2025-11-09;7;248
1;2025-11-09;8;337
1;2025-11-09;9;581
1;2025-11-09;10;675
1;2025-11-09;11;656
1;2025-11-09;12;813
1;2025-11-09;13;837
1;2025-11-09;14;774
1;2025-11-09;15;684
1;2025-11-09;16;621
1;2025-11-09;17;578
1;2025-11-09;18;536
1;2025-11-09;19;469
1;2025-11-09;20;363
1;2025-11-09;21;262
1;2025-11-09;22;115
1;2025-11-09;23;29
1;2025-11-10;0;0
1;2025-11-10;1;0
1;2025-11-10;2;0
1;2025-11-10;3;0
1;2025-11-10;4;8
1;2025-11-10;5;122
1;2025-11-10;6;501
1;2025-11-10;7;1415
1;2025-11-10;8;1776
1;2025-11-10;9;1392
1;2025-11-10;10;1248
1;2025-11-10;11;1260
1;2025-11-10;12;1304
1;2025-11-10;13;1318
1;2025-11-10;14;1232
1;2025-11-10;15;1372
1;2025-11-10;16;1417
1;2025-11-10;17;1643
1;2025-11-10;18;1660
1;2025-11-10;19;1305
1;2025-11-10;20;836
1;2025-11-10;21;452
1;2025-11-10;22;224
1;2025-11-10;23;40
1;2025-11-11;0;3
1;2025-11-11;1;0
1;2025-11-11;2;0
1;2025-11-11;3;0
1;2025-11-11;4;8
1;2025-11-11;5;131
1;2025-11-11;6;519
1;2025-11-11;7;1429
1;2025-11-11;8;1796
1;2025-11-11;9;1412
1;2025-11-11;10;1267
1;2025-11-11;11;1286
1;2025-11-11;12;1322
1;2025-11-11;13;1334
1;2025-11-11;14;1249
1;2025-11-11;15;1392
1;2025-11-11;16;1428
1;2025-11-11;17;1667
1;2025-11-11;18;1678
1;2025-11-11;19;1326
1;2025-11-11;20;862
1;2025-11-11;21;472
1;2025-11-11;22;237
1;2025-11-11;23;43
1;2025-11-12;0;3
1;2025-11-12;1;0
1;2025-11-12;2;0
1;2025-11-12;3;0
1;2025-11-12;4;8
1;2025-11-12;5;134
1;2025-11-12;6;519
1;2025-11-12;7;1425
1;2025-11-12;8;1794
1;2025-11-12;9;1409
1;2025-11-12;10;1266
1;2025-11-12;11;1283
1;2025-11-12;12;1319
1;2025-11-12;13;1331
1;2025-11-12;14;1246
1;2025-11-12;15;1390
1;2025-11-12;16;1426
1;2025-11-12;17;1665
1;2025-11-12;18;1676
1;2025-11-12;19;1323
1;2025-11-12;20;859
1;2025-11-12;21;475
1;2025-11-12;22;245
1;2025-11-12;23;43
1;2025-11-13;0;4
1;2025-11-13;1;0
1;2025-11-13;2;0
1;2025-11-13;3;0
1;2025-11-13;4;8
1;2025-11-13;5;133
1;2025-11-13;6;522
1;2025-11-13;7;1430
1;2025-11-13;8;1796
1;2025-11-13;9;1416
1;2025-11-13;10;1272
1;2025-11-13;11;1288
1;2025-11-13;12;1324
1;2025-11-13;13;1340
1;2025-11-13;14;1251
1;2025-11-13;15;1393
1;2025-11-13;16;1429
1;2025-11-13;17;1671
1;2025-11-13;18;1679
1;2025-11-13;19;1328
1;2025-11-13;20;865
1;2025-11-13;21;480
1;2025-11-13;22;249
1;2025-11-13;23;47
1;2025-11-14;0;4
1;2025-11-14;1;0
1;2025-11-14;2;0
1;2025-11-14;3;0
1;2025-11-14;4;7
1;2025-11-14;5;130
1;2025-11-14;6;514
1;2025-11-14;7;1413
1;2025-11-14;8;1762
1;2025-11-14;9;1386
1;2025-11-14;10;1247
1;2025-11-14;11;1266
1;2025-11-14;12;1303
1;2025-11-14;13;1318
1;2025-11-14;14;1232
1;2025-11-14;15;1375
1;2025-11-14;16;1411
1;2025-11-14;17;1649
1;2025-11-14;18;1652
1;2025-11-14;19;1297
1;2025-11-14;20;832
1;2025-11-14;21;465
1;2025-11-14;22;255
1;2025-11-14;23;47
1;2025-11-15;0;4
1;2025-11-15;1;0
1;2025-11-15;2;0
1;2025-11-15;3;0
1;2025-11-15;4;0
1;2025-11-15;5;35
1;2025-11-15;6;168
1;2025-11-15;7;340
1;2025-11-15;8;471
1;2025-11-15;9;668
1;2025-11-15;10;736
1;2025-11-15;11;715
1;2025-11-15;12;869
1;2025-11-15;13;896
1;2025-11-15;14;830
1;2025-11-15;15;749
1;2025-11-15;16;722
1;2025-11-15;17;678
1;2025-11-15;18;612
1;2025-11-15;19;550
1;2025-11-15;20;435
1;2025-11-15;21;311
1;2025-11-15;22;143
1;2025-11-15;23;39
1;2025-11-16;0;0
1;2025-11-16;1;0
1;2025-11-16;2;0
1;2025-11-16;3;0
1;2025-11-16;4;0
1;2025-11-16;5;25
1;2025-11-16;6;122
1;2025-11-16;7;248
1;2025-11-16;8;337
1;2025-11-16;9;581
1;2025-11-16;10;675
1;2025-11-16;11;656
1;2025-11-16;12;813
1;2025-11-16;13;837
1;2025-11-16;14;774
1;2025-11-16;15;684
1;2025-11-16;16;621
1;2025-11-16;17;578
1;2025-11-16;18;536
1;2025-11-16;19;469
1;2025-11-16;20;363
1;2025-11-16;21;262
1;2025-11-16;22;115
1;2025-11-16;23;29
1;2025-11-17;0;0
1;2025-11-17;1;0
1;2025-11-17;2;0
1;2025-11-17;3;0
1;2025-11-17;4;8
1;2025-11-17;5;122
1;2025-11-17;6;501
1;2025-11-17;7;1415
1;2025-11-17;8;1776
1;2025-11-17;9;1392
1;2025-11-17;10;1248
1;2025-11-17;11;1260
1;2025-11-17;12;1304
1;2025-11-17;13;1318
1;2025-11-17;14;1232
1;2025-11-17;15;1372
1;2025-11-17;16;1417
1;2025-11-17;17;1643
1;2025-11-17;18;1660
1;2025-11-17;19;1305
1;2025-11-17;20;836
1;2025-11-17;21;452
1;2025-11-17;22;224
1;2025-11-17;23;40
1;2025-11-18;0;3
1;2025-11-18;1;0
1;2025-11-18;2;0
1;2025-11-18;3;0
1;2025-11-18;4;8
1;2025-11-18;5;131
1;2025-11-18;6;519
1;2025-11-18;7;1429
1;2025-11-18;8;1796
1;2025-11-18;9;1412
1;2025-11-18;10;1267
1;2025-11-18;11;1286
1;2025-11-18;12;1322
1;2025-11-18;13;1334
1;2025-11-18;14;1249
1;2025-11-18;15;1392
1;2025-11-18;16;1428
1;2025-11-18;17;1667
1;2025-11-18;18;1678
1;2025-11-18;19;1326
1;2025-11-18;20;862
1;2025-11-18;21;472
1;2025-11-18;22;237
1;2025-11-18;23;43
1;2025-11-19;0;3
1;2025-11-19;1;0
1;2025-11-19;2;0
1;2025-11-19;3;0
1;2025-11-19;4;8
1;2025-11-19;5;134
1;2025-11-19;6;519
1;2025-11-19;7;1425
1;2025-11-19;8;1794
1;2025-11-19;9;1409
1;2025-11-19;10;1266
1;2025-11-19;11;1283
1;2025-11-19;12;1319
1;2025-11-19;13;1331
1;2025-11-19;14;1246
1;2025-11-19;15;1390
1;2025-11-19;16;1426
1;2025-11-19;17;1665
1;2025-11-19;18;1676
1;2025-11-19;19;1323
1;2025-11-19;20;859
1;2025-11-19;21;475
1;2025-11-19;22;245
1;2025-11-19;23;43
1;2025-11-20;0;4
1;2025-11-20;1;0
1;2025-11-20;2;0
1;2025-11-20;3;0
1;2025-11-20;4;8
1;2025-11-20;5;133
1;2025-11-20;6;522
1;2025-11-20;7;1430
1;2025-11-20;8;1796
1;2025-11-20;9;1416
1;2025-11-20;10;1272
1;2025-11-20;11;1288
1;2025-11-20;12;1324
1;2025-11-20;13;1340
1;2025-11-20;14;1251
1;2025-11-20;15;1393
1;2025-11-20;16;1429
1;2025-11-20;17;1671
1;2025-11-20;18;1679
1;2025-11-20;19;1328
1;2025-11-20;20;865
1;2025-11-20;21;480
1;2025-11-20;22;249
1;2025-11-20;23;47
1;2025-11-21;0;4
1;2025-11-21;1;0
1;2025-11-21;2;0
1;2025-11-21;3;0
1;2025-11-21;4;7
1;2025-11-21;5;130
1;2025-11-21;6;514
1;2025-11-21;7;1413
1;2025-11-21;8;1762
1;2025-11-21;9;1386
1;2025-11-21;10;1247
1;2025-11-21;11;1266
1;2025-11-21;12;1303
1;2025-11-21;13;1318
1;2025-11-21;14;1232
1;2025-11-21;15;1375
1;2025-11-21;16;1411
1;2025-11-21;17;1649
1;2025-11-21;18;1652
1;2025-11-21;19;1297
1;2025-11-21;20;832
1;2025-11-21;21;465
1;2025-11-21;22;255
1;2025-11-21;23;47
1;2025-11-22;0;4
1;2025-11-22;1;0
1;2025-11-22;2;0
1;2025-11-22;3;0
1;2025-11-22;4;0
1;2025-11-22;5;35
1;2025-11-22;6;168
1;2025-11-22;7;340
1;2025-11-22;8;471
1;2025-11-22;9;668
1;2025-11-22;10;736
1;2025-11-22;11;715
1;2025-11-22;12;869
1;2025-11-22;13;896
1;2025-11-22;14;830
1;2025-11-22;15;749
1;2025-11-22;16;722
1;2025-11-22;17;678
1;2025-11-22;18;612
1;2025-11-22;19;550
1;2025-11-22;20;435
1;2025-11-22;21;311
1;2025-11-22;22;143
1;2025-11-22;23;39
1;2025-11-23;0;0
1;2025-11-23;1;0
1;2025-11-23;2;0
1;2025-11-23;3;0
1;2025-11-23;4;0
1;2025-11-23;5;25
1;2025-11-23;6;122
1;2025-11-23;7;248
1;2025-11-23;8;337
1;2025-11-23;9;581
1;2025-11-23;10;675
1;2025-11-23;11;656
1;2025-11-23;12;813
1;2025-11-23;13;837
1;2025-11-23;14;774
1;2025-11-23;15;684
1;2025-11-23;16;621
1;2025-11-23;17;578
1;2025-11-23;18;536
1;2025-11-23;19;469
1;2025-11-23;20;363
1;2025-11-23;21;262
1;2025-11-23;22;115
1;2025-11-23;23;29
1;2025-11-24;0;0
1;2025-11-24;1;0
1;2025-11-24;2;0
1;2025-11-24;3;0
1;2025-11-24;4;8
1;2025-11-24;5;122
1;2025-11-24;6;501
1;2025-11-24;7;1415
1;2025-11-24;8;1776
1;2025-11-24;9;1392
1;2025-11-24;10;1248
1;2025-11-24;11;1260
1;2025-11-24;12;1304
1;2025-11-24;13;1318
1;2025-11-24;14;1232
1;2025-11-24;15;1372
1;2025-11-24;16;1417
1;2025-11-24;17;1643
1;2025-11-24;18;1660
1;2025-11-24;19;1305
1;2025-11-24;20;836
1;2025-11-24;21;452
1;2025-11-24;22;224
1;2025-11-24;23;40
1;2025-11-25;0;3
1;2025-11-25;1;0
1;2025-11-25;2;0
1;2025-11-25;3;0
1;2025-11-25;4;8
1;2025-11-25;5;131
1;2025-11-25;6;519
1;2025-11-25;7;1429
1;2025-11-25;8;1796
1;2025-11-25;9;1412
1;2025-11-25;10;1267
1;2025-11-25;11;1286
1;2025-11-25;12;1322
1;2025-11-25;13;1334
1;2025-11-25;14;1249
1;2025-11-25;15;1392
1;2025-11-25;16;1428
1;2025-11-25;17;1667
1;2025-11-25;18;1678
1;2025-11-25;19;1326
1;2025-11-25;20;862
1;2025-11-25;21;472
1;2025-11-25;22;237
1;2025-11-25;23;43
1;2025-11-26;0;3
1;2025-11-26;1;0
1;2025-11-26;2;0
1;2025-11-26;3;0
1;2025-11-26;4;8
1;2025-11-26;5;134
1;2025-11-26;6;519
1;2025-11-26;7;1425
1;2025-11-26;8;1794
1;2025-11-26;9;1409
1;2025-11-26;10;1266
1;2025-11-26;11;1283
1;2025-11-26;12;1319
1;2025-11-26;13;1331
1;2025-11-26;14;1246
1;2025-11-26;15;1390
1;2025-11-26;16;1426
1;2025-11-26;17;1665
1;2025-11-26;18;1676
1;2025-11-26;19;1323
1;2025-11-26;20;859
1;2025-11-26;21;475
1;2025-11-26;22;245
1;2025-11-26;23;43
1;2025-11-27;0;4
1;2025-11-27;1;0
1;2025-11-27;2;0
1;2025-11-27;3;0
1;2025-11-27;4;8
1;2025-11-27;5;133
1;2025-11-27;6;522
1;2025-11-27;7;1430
1;2025-11-27;8;1796
1;2025-11-27;9;1416
1;2025-11-27;10;1272
1;2025-11-27;11;1288
1;2025-11-27;12;1324
1;2025-11-27;13;1340
1;2025-11-27;14;1251
1;2025-11-27;15;1393
1;2025-11-27;16;1429
1;2025-11-27;17;1671
1;2025-11-27;18;1679
1;2025-11-27;19;1328
1;2025-11-27;20;865
1;2025-11-27;21;480
1;2025-11-27;22;249
1;2025-11-27;23;47
1;2025-11-28;0;4
1;2025-11-28;1;0
1;2025-11-28;2;0
1;2025-11-28;3;0
1;2025-11-28;4;7
1;2025-11-28;5;130
1;2025-11-28;6;514
1;2025-11-28;7;1413
1;2025-11-28;8;1762
1;2025-11-28;9;1386
1;2025-11-28;10;1247
1;2025-11-28;11;1266
1;2025-11-28;12;1303
1;2025-11-28;13;1318
1;2025-11-28;14;1232
1;2025-11-28;15;1375
1;2025-11-28;16;1411
1;2025-11-28;17;1649
1;2025-11-28;18;1652
1;2025-11-28;19;1297
1;2025-11-28;20;832
1;2025-11-28;21;465
1;2025-11-28;22;255
1;2025-11-28;23;47
1;2025-11-29;0;4
1;2025-11-29;1;0
1;2025-11-29;2;0
1;2025-11-29;3;0
1;2025-11-29;4;0
1;2025-11-29;5;35
1;2025-11-29;6;168
1;2025-11-29;7;340
1;2025-11-29;8;471
1;2025-11-29;9;668
1;2025-11-29;10;736
1;2025-11-29;11;715
1;2025-11-29;12;869
1;2025-11-29;13;896
1;2025-11-29;14;830
1;2025-11-29;15;749
1;2025-11-29;16;722
1;2025-11-29;17;678
1;2025-11-29;18;612
1;2025-11-29;19;550
1;2025-11-29;20;435
1;2025-11-29;21;311
1;2025-11-29;22;143
1;2025-11-29;23;39
1;2025-11-30;0;0
1;2025-11-30;1;0
1;2025-11-30;2;0
1;2025-11-30;3;0
1;2025-11-30;4;0
1;2025-11-30;5;25
1;2025-11-30;6;122
1;2025-11-30;7;248
1;2025-11-30;8;337
1;2025-11-30;9;581
1;2025-11-30;10;675
1;2025-11-30;11;656
1;2025-11-30;12;813
1;2025-11-30;13;837
1;2025-11-30;14;774
1;2025-11-30;15;684
1;2025-11-30;16;621
1;2025-11-30;17;578
1;2025-11-30;18;536
1;2025-11-30;19;469
1;2025-11-30;20;363
1;2025-11-30;21;262
1;2025-11-30;22;115
1;2025-11-30;23;29
1;2025-12-01;0;0
1;2025-12-01;1;0
1;2025-12-01;2;0
1;2025-12-01;3;0
1;2025-12-01;4;8
1;2025-12-01;5;122
1;2025-12-01;6;501
1;2025-12-01;7;1415
1;2025-12-01;8;1776
1;2025-12-01;9;1392
1;2025-12-01;10;1248
1;2025-12-01;11;1260
1;2025-12-01;12;1304
1;2025-12-01;13;1318
1;2025-12-01;14;1232
1;2025-12-01;15;1372
1;2025-12-01;16;1417
1;2025-12-01;17;1643
1;2025-12-01;18;1660
1;2025-12-01;19;1305
1;2025-12-01;20;836
1;2025-12-01;21;452
1;2025-12-01;22;224
1;2025-12-01;23;40
1;2025-12-02;0;3
1;2025-12-02;1;0
1;2025-12-02;2;0
1;2025-12-02;3;0
1;2025-12-02;4;8
1;2025-12-02;5;131
1;2025-12-02;6;519
1;2025-12-02;7;1429
1;2025-12-02;8;1796
1;2025-12-02;9;1412
1;2025-12-02;10;1267
1;2025-12-02;11;1286
1;2025-12-02;12;1322
1;2025-12-02;13;1334
1;2025-12-02;14;1249
1;2025-12-02;15;1392
1;2025-12-02;16;1428
1;2025-12-02;17;1667
1;2025-12-02;18;1678
1;2025-12-02;19;1326
1;2025-12-02;20;862
1;2025-12-02;21;472
1;2025-12-02;22;237
1;2025-12-02;23;43
1;2025-12-03;0;3
1;2025-12-03;1;0
1;2025-12-03;2;0
1;2025-12-03;3;0
1;2025-12-03;4;8
1;2025-12-03;5;134
1;2025-12-03;6;519
1;2025-12-03;7;1425
1;2025-12-03;8;1794
1;2025-12-03;9;1409
1;2025-12-03;10;1266
1;2025-12-03;11;1283
1;2025-12-03;12;1319
1;2025-12-03;13;1331
1;2025-12-03;14;1246
1;2025-12-03;15;1390
1;2025-12-03;16;1426
1;2025-12-03;17;1665
1;2025-12-03;18;1676
1;2025-12-03;19;1323
1;2025-12-03;20;859
1;2025-12-03;21;475
1;2025-12-03;22;245
1;2025-12-03;23;43
1;2025-12-04;0;4
1;2025-12-04;1;0
1;2025-12-04;2;0
1;2025-12-04;3;0
1;2025-12-04;4;8
1;2025-12-04;5;133
1;2025-12-04;6;522
1;2025-12-04;7;1430
1;2025-12-04;8;1796
1;2025-12-04;9;1416
1;2025-12-04;10;1272
1;2025-12-04;11;1288
1;2025-12-04;12;1324
1;2025-12-04;13;1340
1;2025-12-04;14;1251
1;2025-12-04;15;1393
1;2025-12-04;16;1429
1;2025-12-04;17;1671
1;2025-12-04;18;1679
1;2025-12-04;19;1328
1;2025-12-04;20;865
1;2025-12-04;21;480
1;2025-12-04;22;249
1;2025-12-04;23;47
1;2025-12-05;0;4
1;2025-12-05;1;0
1;2025-12-05;2;0
1;2025-12-05;3;0
1;2025-12-05;4;7
1;2025-12-05;5;130
1;2025-12-05;6;514
1;2025-12-05;7;1413
1;2025-12-05;8;1762
1;2025-12-05;9;1386
1;2025-12-05;10;1247
1;2025-12-05;11;1266
1;2025-12-05;12;1303
1;2025-12-05;13;1318
1;2025-12-05;14;1232
1;2025-12-05;15;1375
1;2025-12-05;16;1411
1;2025-12-05;17;1649
1;2025-12-05;18;1652
1;2025-12-05;19;1297
1;2025-12-05;20;832
1;2025-12-05;21;465
1;2025-12-05;22;255
1;2025-12-05;23;47
1;2025-12-06;0;4
1;2025-12-06;1;0
1;2025-12-06;2;0
1;2025-12-06;3;0
1;2025-12-06;4;0
1;2025-12-06;5;35
1;2025-12-06;6;168
1;2025-12-06;7;340
1;2025-12-06;8;471
1;2025-12-06;9;668
1;2025-12-06;10;736
1;2025-12-06;11;715
1;2025-12-06;12;869
1;2025-12-06;13;896
1;2025-12-06;14;830
1;2025-12-06;15;749
1;2025-12-06;16;722
1;2025-12-06;17;678
1;2025-12-06;18;612
1;2025-12-06;19;550
1;2025-12-06;20;435
1;2025-12-06;21;311
1;2025-12-06;22;143
1;2025-12-06;23;39
1;2025-12-07;0;0
1;2025-12-07;1;0
1;2025-12-07;2;0
1;2025-12-07;3;0
1;2025-12-07;4;0
1;2025-12-07;5;25
1;2025-12-07;6;122
1;2025-12-07;7;248
1;2025-12-07;8;337
1;2025-12-07;9;581
1;2025-12-07;10;675
1;2025-12-07;11;656
1;2025-12-07;12;813
1;2025-12-07;13;837
1;2025-12-07;14;774
1;2025-12-07;15;684
1;2025-12-07;16;621
1;2025-12-07;17;578
1;2025-12-07;18;536
1;2025-12-07;19;469
1;2025-12-07;20;363
1;2025-12-07;21;262
1;2025-12-07;22;115
1;2025-12-07;23;29
1;2025-12-08;0;0
1;2025-12-08;1;0
1;2025-12-08;2;0
1;2025-12-08;3;0
1;2025-12-08;4;8
1;2025-12-08;5;122
1;2025-12-08;6;501
1;2025-12-08;7;1415
1;2025-12-08;8;1776
1;2025-12-08;9;1392
1;2025-12-08;10;1248
1;2025-12-08;11;1260
1;2025-12-08;12;1304
1;2025-12-08;13;1318
1;2025-12-08;14;1232
1;2025-12-08;15;1372
1;2025-12-08;16;1417
1;2025-12-08;17;1643
1;2025-12-08;18;1660
1;2025-12-08;19;1305
1;2025-12-08;20;836
1;2025-12-08;21;452
1;2025-12-08;22;224
1;2025-12-08;23;40
1;2025-12-09;0;3
1;2025-12-09;1;0
1;2025-12-09;2;0
1;2025-12-09;3;0
1;2025-12-09;4;8
1;2025-12-09;5;131
1;2025-12-09;6;519
1;2025-12-09;7;1429
1;2025-12-09;8;1796
1;2025-12-09;9;1412
1;2025-12-09;10;1267
1;2025-12-09;11;1286
1;2025-12-09;12;1322
1;2025-12-09;13;1334
1;2025-12-09;14;1249
1;2025-12-09;15;1392
1;2025-12-09;16;1428
1;2025-12-09;17;1667
1;2025-12-09;18;1678
1;2025-12-09;19;1326
1;2025-12-09;20;862
1;2025-12-09;21;472
1;2025-12-09;22;237
1;2025-12-09;23;43
1;2025-12-10;0;3
1;2025-12-10;1;0
1;2025-12-10;2;0
1;2025-12-10;3;0
1;2025-12-10;4;8
1;2025-12-10;5;134
1;2025-12-10;6;519
1;2025-12-10;7;1425
1;2025-12-10;8;1794
1;2025-12-10;9;1409
1;2025-12-10;10;1266
1;2025-12-10;11;1283
1;2025-12-10;12;1319
1;2025-12-10;13;1331
1;2025-12-10;14;1246
1;2025-12-10;15;1390
1;2025-12-10;16;1426
1;2025-12-10;17;1665
1;2025-12-10;18;1676
1;2025-12-10;19;1323
1;2025-12-10;20;859
1;2025-12-10;21;475
1;2025-12-10;22;245
1;2025-12-10;23;43
1;2025-12-11;0;4
1;2025-12-11;1;0
1;2025-12-11;2;0
1;2025-12-11;3;0
1;2025-12-11;4;8
1;2025-12-11;5;133
1;2025-12-11;6;522
1;2025-12-11;7;1430
1;2025-12-11;8;1796
1;2025-12-11;9;1416
1;2025-12-11;10;1272
1;2025-12-11;11;1288
1;2025-12-11;12;1324
1;2025-12-11;13;1340
1;2025-12-11;14;1251
1;2025-12-11;15;1393
1;2025-12-11;16;1429
1;2025-12-11;17;1671
1;2025-12-11;18;1679
1;2025-12-11;19;1328
1;2025-12-11;20;865
1;2025-12-11;21;480
1;2025-12-11;22;249
1;2025-12-11;23;47
1;2025-12-12;0;4
1;2025-12-12;1;0
1;2025-12-12;2;0
1;2025-12-12;3;0
1;2025-12-12;4;7
1;2025-12-12;5;130
1;2025-12-12;6;514
1;2025-12-12;7;1413
1;2025-12-12;8;1762
1;2025-12-12;9;1386
1;2025-12-12;10;1247
1;2025-12-12;11;1266
1;2025-12-12;12;1303
1;2025-12-12;13;1318
1;2025-12-12;14;1232
1;2025-12-12;15;1375
1;2025-12-12;16;1411
1;2025-12-12;17;1649
1;2025-12-12;18;1652
1;2025-12-12;19;1297
1;2025-12-12;20;832
1;2025-12-12;21;465
1;2025-12-12;22;255
1;2025-12-12;23;47
1;2025-12-13;0;4
1;2025-12-13;1;0
1;2025-12-13;2;0
1;2025-12-13;3;0
1;2025-12-13;4;0
1;2025-12-13;5;35
1;2025-12-13;6;168
1;2025-12-13;7;340
1;2025-12-13;8;471
1;2025-12-13;9;668
1;2025-12-13;10;736
1;2025-12-13;11;715
1;2025-12-13;12;869
1;2025-12-13;13;896
1;2025-12-13;14;830
1;2025-12-13;15;749
1;2025-12-13;16;722
1;2025-12-13;17;678
1;2025-12-13;18;612
1;2025-12-13;19;550
1;2025-12-13;20;435
1;2025-12-13;21;311
1;2025-12-13;22;143
1;2025-12-13;23;39
1;2025-12-14;0;0
1;2025-12-14;1;0
1;2025-12-14;2;0
1;2025-12-14;3;0
1;2025-12-14;4;0
1;2025-12-14;5;25
1;2025-12-14;6;122
1;2025-12-14;7;248
1;2025-12-14;8;337
1;2025-12-14;9;581
1;2025-12-14;10;675
1;2025-12-14;11;656
1;2025-12-14;12;813
1;2025-12-14;13;837
1;2025-12-14;14;774
1;2025-12-14;15;684
1;2025-12-14;16;621
1;2025-12-14;17;578
1;2025-12-14;18;536
1;2025-12-14;19;469
1;2025-12-14;20;363
1;2025-12-14;21;262
1;2025-12-14;22;115
1;2025-12-14;23;29
1;2025-12-15;0;0
1;2025-12-15;1;0
1;2025-12-15;2;0
1;2025-12-15;3;0
1;2025-12-15;4;8
1;2025-12-15;5;122
1;2025-12-15;6;501
1;2025-12-15;7;1415
1;2025-12-15;8;1776
1;2025-12-15;9;1392
1;2025-12-15;10;1248
1;2025-12-15;11;1260
1;2025-12-15;12;1304
1;2025-12-15;13;1318
1;2025-12-15;14;1232
1;2025-12-15;15;1372
1;2025-12-15;16;1417
1;2025-12-15;17;1643
1;2025-12-15;18;1660
1;2025-12-15;19;1305
1;2025-12-15;20;836
1;2025-12-15;21;452
1;2025-12-15;22;224
1;2025-12-15;23;40
1;2025-12-16;0;3
1;2025-12-16;1;0
1;2025-12-16;2;0
1;2025-12-16;3;0
1;2025-12-16;4;8
1;2025-12-16;5;131
1;2025-12-16;6;519
1;2025-12-16;7;1429
1;2025-12-16;8;1796
1;2025-12-16;9;1412
1;2025-12-16;10;1267
1;2025-12-16;11;1286
1;2025-12-16;12;1322
1;2025-12-16;13;1334
1;2025-12-16;14;1249
1;2025-12-16;15;1392
1;2025-12-16;16;1428
1;2025-12-16;17;1667
1;2025-12-16;18;1678
1;2025-12-16;19;1326
1;2025-12-16;20;862
1;2025-12-16;21;472
1;2025-12-16;22;237
1;2025-12-16;23;43
1;2025-12-17;0;3
1;2025-12-17;1;0
1;2025-12-17;2;0
1;2025-12-17;3;0
1;2025-12-17;4;8
1;2025-12-17;5;134
1;2025-12-17;6;519
1;2025-12-17;7;1425
1;2025-12-17;8;1794
1;2025-12-17;9;1409
1;2025-12-17;10;1266
1;2025-12-17;11;1283
1;2025-12-17;12;1319
1;2025-12-17;13;1331
1;2025-12-17;14;1246
1;2025-12-17;15;1390
1;2025-12-17;16;1426
1;2025-12-17;17;1665
1;2025-12-17;18;1676
1;2025-12-17;19;1323
1;2025-12-17;20;859
1;2025-12-17;21;475
1;2025-12-17;22;245
1;2025-12-17;23;43
1;2025-12-18;0;4
1;2025-12-18;1;0
1;2025-12-18;2;0
1;2025-12-18;3;0
1;2025-12-18;4;8
1;2025-12-18;5;133
1;2025-12-18;6;522
1;2025-12-18;7;1430
1;2025-12-18;8;1796
1;2025-12-18;9;1416
1;2025-12-18;10;1272
1;2025-12-18;11;1288
1;2025-12-18;12;1324
1;2025-12-18;13;1340
1;2025-12-18;14;1251
1;2025-12-18;15;1393
1;2025-12-18;16;1429
1;2025-12-18;17;1671
1;2025-12-18;18;1679
1;2025-12-18;19;1328
1;2025-12-18;20;865
1;2025-12-18;21;480
1;2025-12-18;22;249
1;2025-12-18;23;47
1;2025-12-19;0;4
1;2025-12-19;1;0
1;2025-12-19;2;0
1;2025-12-19;3;0
1;2025-12-19;4;7
1;2025-12-19;5;130
1;2025-12-19;6;514
1;2025-12-19;7;1413
1;2025-12-19;8;1762
1;2025-12-19;9;1386
1;2025-12-19;10;1247
1;2025-12-19;11;1266
1;2025-12-19;12;1303
1;2025-12-19;13;1318
1;2025-12-19;14;1232
1;2025-12-19;15;1375
1;2025-12-19;16;1411
1;2025-12-19;17;1649
1;2025-12-19;18;1652
1;2025-12-19;19;1297
1;2025-12-19;20;832
1;2025-12-19;21;465
1;2025-12-19;22;255
1;2025-12-19;23;47
1;2025-12-20;0;4
1;2025-12-20;1;0
1;2025-12-20;2;0
1;2025-12-20;3;0
1;2025-12-20;4;0
1;2025-12-20;5;35
1;2025-12-20;6;168
1;2025-12-20;7;340
1;2025-12-20;8;471
1;2025-12-20;9;668
1;2025-12-20;10;736
1;2025-12-20;11;715
1;2025-12-20;12;869
1;2025-12-20;13;896
1;2025-12-20;14;830
1;2025-12-20;15;749
1;2025-12-20;16;722
1;2025-12-20;17;678
1;2025-12-20;18;612
1;2025-12-20;19;550
1;2025-12-20;20;435
1;2025-12-20;21;311
1;2025-12-20;22;143
1;2025-12-20;23;39
1;2025-12-21;0;0
1;2025-12-21;1;0
1;2025-12-21;2;0
1;2025-12-21;3;0
1;2025-12-21;4;0
1;2025-12-21;5;25
1;2025-12-21;6;122
1;2025-12-21;7;248
1;2025-12-21;8;337
1;2025-12-21;9;581
1;2025-12-21;10;675
1;2025-12-21;11;656
1;2025-12-21;12;813
1;2025-12-21;13;837
1;2025-12-21;14;774
1;2025-12-21;15;684
1;2025-12-21;16;621
1;2025-12-21;17;578
1;2025-12-21;18;536
1;2025-12-21;19;469
1;2025-12-21;20;363
1;2025-12-21;21;262
1;2025-12-21;22;115
1;2025-12-21;23;29
1;2025-12-22;0;0
1;2025-12-22;1;0
1;2025-12-22;2;0
1;2025-12-22;3;0
1;2025-12-22;4;8
1;2025-12-22;5;122
1;2025-12-22;6;501
1;2025-12-22;7;1415
1;2025-12-22;8;1776
1;2025-12-22;9;1392
1;2025-12-22;10;1248
1;2025-12-22;11;1260
1;2025-12-22;12;1304
1;2025-12-22;13;1318
1;2025-12-22;14;1232
1;2025-12-22;15;1372
1;2025-12-22;16;1417
1;2025-12-22;17;1643
1;2025-12-22;18;1660
1;2025-12-22;19;1305
1;2025-12-22;20;836
1;2025-12-22;21;452
1;2025-12-22;22;224
1;2025-12-22;23;40
1;2025-12-23;0;3
1;2025-12-23;1;0
1;2025-12-23;2;0
1;2025-12-23;3;0
1;2025-12-23;4;8
1;2025-12-23;5;131
1;2025-12-23;6;519
1;2025-12-23;7;1429
1;2025-12-23;8;1796
1;2025-12-23;9;1412
1;2025-12-23;10;1267
1;2025-12-23;11;1286
1;2025-12-23;12;1322
1;2025-12-23;13;1334
1;2025-12-23;14;1249
1;2025-12-23;15;1392
1;2025-12-23;16;1428
1;2025-12-23;17;1667
1;2025-12-23;18;1678
1;2025-12-23;19;1326
1;2025-12-23;20;862
1;2025-12-23;21;472
1;2025-12-23;22;237
1;2025-12-23;23;43
1;2025-12-24;0;3
1;2025-12-24;1;0
1;2025-12-24;2;0
1;2025-12-24;3;0
1;2025-12-24;4;8
1;2025-12-24;5;134
1;2025-12-24;6;519
1;2025-12-24;7;1425
1;2025-12-24;8;1794
1;2025-12-24;9;1409
1;2025-12-24;10;1266
1;2025-12-24;11;1283
1;2025-12-24;12;1319
1;2025-12-24;13;1331
1;2025-12-24;14;1246
1;2025-12-24;15;1390
1;2025-12-24;16;1426
1;2025-12-24;17;1665
1;2025-12-24;18;1676
1;2025-12-24;19;1323
1;2025-12-24;20;859
1;2025-12-24;21;475
1;2025-12-24;22;245
1;2025-12-24;23;43
1;2025-12-25;0;4
1;2025-12-25;1;0
1;2025-12-25;2;0
1;2025-12-25;3;0
1;2025-12-25;4;8
1;2025-12-25;5;133
1;2025-12-25;6;522
1;2025-12-25;7;1430
1;2025-12-25;8;1796
1;2025-12-25;9;1416
1;2025-12-25;10;1272
1;2025-12-25;11;1288
1;2025-12-25;12;1324
1;2025-12-25;13;1340
1;2025-12-25;14;1251
1;2025-12-25;15;1393
1;2025-12-25;16;1429
1;2025-12-25;17;1671
1;2025-12-25;18;1679
1;2025-12-25;19;1328
1;2025-12-25;20;865
1;2025-12-25;21;480
1;2025-12-25;22;249
1;2025-12-25;23;47
1;2025-12-26;0;4
1;2025-12-26;1;0
1;2025-12-26;2;0
1;2025-12-26;3;0
1;2025-12-26;4;7
1;2025-12-26;5;130
1;2025-12-26;6;514
1;2025-12-26;7;1413
1;2025-12-26;8;1762
1;2025-12-26;9;1386
1;2025-12-26;10;1247
1;2025-12-26;11;1266
1;2025-12-26;12;1303
1;2025-12-26;13;1318
1;2025-12-26;14;1232
1;2025-12-26;15;1375
1;2025-12-26;16;1411
1;2025-12-26;17;1649
1;2025-12-26;18;1652
1;2025-12-26;19;1297
1;2025-12-26;20;832
1;2025-12-26;21;465
1;2025-12-26;22;255
1;2025-12-26;23;47
1;2025-12-27;0;4
1;2025-12-27;1;0
1;2025-12-27;2;0
1;2025-12-27;3;0
1;2025-12-27;4;0
1;2025-12-27;5;35
1;2025-12-27;6;168
1;2025-12-27;7;340
1;2025-12-27;8;471
1;2025-12-27;9;668
1;2025-12-27;10;736
1;2025-12-27;11;715
1;2025-12-27;12;869
1;2025-12-27;13;896
1;2025-12-27;14;830
1;2025-12-27;15;749
1;2025-12-27;16;722
1;2025-12-27;17;678
1;2025-12-27;18;612
1;2025-12-27;19;550
1;2025-12-27;20;435
1;2025-12-27;21;311
1;2025-12-27;22;143
1;2025-12-27;23;39
1;2025-12-28;0;0
1;2025-12-28;1;0
1;2025-12-28;2;0
1;2025-12-28;3;0
1;2025-12-28;4;0
1;2025-12-28;5;25
1;2025-12-28;6;122
1;2025-12-28;7;248
1;2025-12-28;8;337
1;2025-12-28;9;581
1;2025-12-28;10;675
1;2025-12-28;11;656
1;2025-12-28;12;813
1;2025-12-28;13;837
1;2025-12-28;14;774
1;2025-12-28;15;684
1;2025-12-28;16;621
1;2025-12-28;17;578
1;2025-12-28;18;536
1;2025-12-28;19;469
1;2025-12-28;20;363
1;2025-12-28;21;262
1;2025-12-28;22;115
1;2025-12-28;23;29
1;2025-12-29;0;0
1;2025-12-29;1;0
1;2025-12-29;2;0
1;2025-12-29;3;0
1;2025-12-29;4;8
1;2025-12-29;5;122
1;2025-12-29;6;501
1;2025-12-29;7;1415
1;2025-12-29;8;1776
1;2025-12-29;9;1392
1;2025-12-29;10;1248
1;2025-12-29;11;1260
1;2025-12-29;12;1304
1;2025-12-29;13;1318
1;2025-12-29;14;1232
1;2025-12-29;15;1372
1;2025-12-29;16;1417
1;2025-12-29;17;1643
1;2025-12-29;18;1660
1;2025-12-29;19;1305
1;2025-12-29;20;836
1;2025-12-29;21;452
1;2025-12-29;22;224
1;2025-12-29;23;40
1;2025-12-30;0;3
1;2025-12-30;1;0
1;2025-12-30;2;0
1;2025-12-30;3;0
1;2025-12-30;4;8
1;2025-12-30;5;131
1;2025-12-30;6;519
1;2025-12-30;7;1429
1;2025-12-30;8;1796
1;2025-12-30;9;1412
1;2025-12-30;10;1267
1;2025-12-30;11;1286
1;2025-12-30;12;1322
1;2025-12-30;13;1334
1;2025-12-30;14;1249
1;2025-12-30;15;1392
1;2025-12-30;16;1428
1;2025-12-30;17;1667
1;2025-12-30;18;1678
1;2025-12-30;19;1326
1;2025-12-30;20;862
1;2025-12-30;21;472
1;2025-12-30;22;237
1;2025-12-30;23;43
1;2025-12-31;0;2
1;2025-12-31;1;0
1;2025-12-31;2;0
1;2025-12-31;3;0
1;2025-12-31;4;8
1;2025-12-31;5;78
1;2025-12-31;6;235
1;2025-12-31;7;387
1;2025-12-31;8;473
1;2025-12-31;9;537
1;2025-12-31;10;619
1;2025-12-31;11;647
1;2025-12-31;12;781
1;2025-12-31;13;823
1;2025-12-31;14;768
1;2025-12-31;15;664
1;2025-12-31;16;687
1;2025-12-31;17;609
1;2025-12-31;18;547
1;2025-12-31;19;496
1;2025-12-31;20;369
1;2025-12-31;21;352
1;2025-12-31;22;191
1;2025-12-31;23;32
5;2025-11-01;0;0
5;2025-11-01;1;0
5;2025-11-01;2;0
5;2025-11-01;3;0
5;2025-11-01;4;0
5;2025-11-01;5;0
5;2025-11-01;6;0
5;2025-11-01;7;0
5;2025-11-01;8;0
5;2025-11-01;9;0
5;2025-11-01;10;0
5;2025-11-01;11;0
5;2025-11-01;12;0
5;2025-11-01;13;0
5;2025-11-01;14;0
5;2025-11-01;15;0
5;2025-11-01;16;0
5;2025-11-01;17;0
5;2025-11-01;18;0
5;2025-11-01;19;0
5;2025-11-01;20;0
5;2025-11-01;21;0
5;2025-11-01;22;0
5;2025-11-01;23;0
5;2025-11-02;0;0
5;2025-11-02;1;0
5;2025-11-02;2;0
5;2025-11-02;3;0
5;2025-11-02;4;0
5;2025-11-02;5;0
5;2025-11-02;6;0
5;2025-11-02;7;0
5;2025-11-02;8;0
5;2025-11-02;9;0
5;2025-11-02;10;0
5;2025-11-02;11;0
5;2025-11-02;12;0
5;2025-11-02;13;0
5;2025-11-02;14;0
5;2025-11-02;15;0
5;2025-11-02;16;0
5;2025-11-02;17;0
5;2025-11-02;18;0
5;2025-11-02;19;0
5;2025-11-02;20;0
5;2025-11-02;21;0
5;2025-11-02;22;0
5;2025-11-02;23;0
5;2025-11-03;0;0
5;2025-11-03;1;0
5;2025-11-03;2;0
5;2025-11-03;3;0
5;2025-11-03;4;0
5;2025-11-03;5;0
5;2025-11-03;6;0
5;2025-11-03;7;0
5;2025-11-03;8;0
5;2025-11-03;9;0
5;2025-11-03;10;0
5;2025-11-03;11;0
5;2025-11-03;12;0
5;2025-11-03;13;0
5;2025-11-03;14;0
5;2025-11-03;15;0
5;2025-11-03;16;0
5;2025-11-03;17;0
5;2025-11-03;18;0
5;2025-11-03;19;0
5;2025-11-03;20;0
5;2025-11-03;21;0
5;2025-11-03;22;0
5;2025-11-03;23;0
5;2025-11-04;0;0
5;2025-11-04;1;0
5;2025-11-04;2;0
5;2025-11-04;3;0
5;2025-11-04;4;0
5;2025-11-04;5;0
5;2025-11-04;6;0
5;2025-11-04;7;0
5;2025-11-04;8;0
5;2025-11-04;9;0
5;2025-11-04;10;0
5;2025-11-04;11;0
5;2025-11-04;12;0
5;2025-11-04;13;0
5;2025-11-04;14;0
5;2025-11-04;15;0
5;2025-11-04;16;0
5;2025-11-04;17;0
5;2025-11-04;18;0
5;2025-11-04;19;0
5;2025-11-04;20;0
5;2025-11-04;21;0
5;2025-11-04;22;0
5;2025-11-04;23;0
5;2025-11-05;0;0
5;2025-11-05;1;0
5;2025-11-05;2;0
5;2025-11-05;3;0
5;2025-11-05;4;0
5;2025-11-05;5;0
5;2025-11-05;6;0
5;2025-11-05;7;0
5;2025-11-05;8;0
5;2025-11-05;9;0
5;2025-11-05;10;0
5;2025-11-05;11;0
5;2025-11-05;12;0
5;2025-11-05;13;0
5;2025-11-05;14;0
5;2025-11-05;15;0
5;2025-11-05;16;0
5;2025-11-05;17;0
5;2025-11-05;18;0
5;2025-11-05;19;0
5;2025-11-05;20;0
5;2025-11-05;21;0
5;2025-11-05;22;0
5;2025-11-05;23;0
5;2025-11-06;0;0
5;2025-11-06;1;0
5;2025-11-06;2;0
5;2025-11-06;3;0
5;2025-11-06;4;0
5;2025-11-06;5;0
5;2025-11-06;6;0
5;2025-11-06;7;0
5;2025-11-06;8;0
5;2025-11-06;9;0
5;2025-11-06;10;0
5;2025-11-06;11;0
5;2025-11-06;12;0
5;2025-11-06;13;0
5;2025-11-06;14;0
5;2025-11-06;15;0
5;2025-11-06;16;0
5;2025-11-06;17;0
5;2025-11-06;18;0
5;2025-11-06;19;0
5;2025-11-06;20;0
5;2025-11-06;21;0
5;2025-11-06;22;0
5;2025-11-06;23;0
5;2025-11-07;0;0
5;2025-11-07;1;0
5;2025-11-07;2;0
5;2025-11-07;3;0
5;2025-11-07;4;0
5;2025-11-07;5;0
5;2025-11-07;6;0
5;2025-11-07;7;0
5;2025-11-07;8;0
5;2025-11-07;9;0
5;2025-11-07;10;0
5;2025-11-07;11;0
5;2025-11-07;12;0
5;2025-11-07;13;0
5;2025-11-07;14;0
5;2025-11-07;15;0
5;2025-11-07;16;0
5;2025-11-07;17;0
5;2025-11-07;18;0
5;2025-11-07;19;0
5;2025-11-07;20;0
5;2025-11-07;21;0
5;2025-11-07;22;0
5;2025-11-07;23;0
5;2025-11-08;0;0
5;2025-11-08;1;0
5;2025-11-08;2;0
5;2025-11-08;3;0
5;2025-11-08;4;0
5;2025-11-08;5;0
5;2025-11-08;6;0
5;2025-11-08;7;0
5;2025-11-08;8;0
5;2025-11-08;9;0
5;2025-11-08;10;0
5;2025-11-08;11;0
5;2025-11-08;12;0
5;2025-11-08;13;0
5;2025-11-08;14;0
5;2025-11-08;15;0
5;2025-11-08;16;0
5;2025-11-08;17;0
5;2025-11-08;18;0
5;2025-11-08;19;0
5;2025-11-08;20;0
5;2025-11-08;21;0
5;2025-11-08;22;0
5;2025-11-08;23;0
5;2025-11-09;0;0
5;2025-11-09;1;0
5;2025-11-09;2;0
5;2025-11-09;3;0
5;2025-11-09;4;0
5;2025-11-09;5;0
5;2025-11-09;6;0
5;2025-11-09;7;0
5;2025-11-09;8;0
5;2025-11-09;9;0
5;2025-11-09;10;0
5;2025-11-09;11;0
5;2025-11-09;12;0
5;2025-11-09;13;0
5;2025-11-09;14;0
5;2025-11-09;15;0
5;2025-11-09;16;0
5;2025-11-09;17;0
5;2025-11-09;18;0
5;2025-11-09;19;0
5;2025-11-09;20;0
5;2025-11-09;21;0
5;2025-11-09;22;0
5;2025-11-09;23;0
5;2025-11-10;0;0
5;2025-11-10;1;0
5;2025-11-10;2;0
5;2025-11-10;3;0
5;2025-11-10;4;0
5;2025-11-10;5;0
5;2025-11-10;6;0
5;2025-11-10;7;0
5;2025-11-10;8;0
5;2025-11-10;9;0
5;2025-11-10;10;0
5;2025-11-10;11;0
5;2025-11-10;12;0
5;2025-11-10;13;0
5;2025-11-10;14;0
5;2025-11-10;15;0
5;2025-11-10;16;0
5;2025-11-10;17;0
5;2025-11-10;18;0
5;2025-11-10;19;0
5;2025-11-10;20;0
5;2025-11-10;21;0
5;2025-11-10;22;0
5;2025-11-10;23;0
5;2025-11-11;0;0
5;2025-11-11;1;0
5;2025-11-11;2;0
5;2025-11-11;3;0
5;2025-11-11;4;0
5;2025-11-11;5;0
5;2025-11-11;6;0
5;2025-11-11;7;0
5;2025-11-11;8;0
5;2025-11-11;9;0
5;2025-11-11;10;0
5;2025-11-11;11;0
5;2025-11-11;12;0
5;2025-11-11;13;0
5;2025-11-11;14;0
5;2025-11-11;15;0
5;2025-11-11;16;0
5;2025-11-11;17;0
5;2025-11-11;18;0
5;2025-11-11;19;0
5;2025-11-11;20;0
5;2025-11-11;21;0
5;2025-11-11;22;0
5;2025-11-11;23;0
5;2025-11-12;0;0
5;2025-11-12;1;0
5;2025-11-12;2;0
5;2025-11-12;3;0
5;2025-11-12;4;0
5;2025-11-12;5;0
5;2025-11-12;6;0
5;2025-11-12;7;0
5;2025-11-12;8;0
5;2025-11-12;9;0
5;2025-11-12;10;0
5;2025-11-12;11;0
5;2025-11-12;12;0
5;2025-11-12;13;0
5;2025-11-12;14;0
5;2025-11-12;15;0
5;2025-11-12;16;0
5;2025-11-12;17;0
5;2025-11-12;18;0
5;2025-11-12;19;0
5;2025-11-12;20;0
5;2025-11-12;21;0
5;2025-11-12;22;0
5;2025-11-12;23;0
5;2025-11-13;0;0
5;2025-11-13;1;0
5;2025-11-13;2;0
5;2025-11-13;3;0
5;2025-11-13;4;0
5;2025-11-13;5;0
5;2025-11-13;6;0
5;2025-11-13;7;0
5;2025-11-13;8;0
5;2025-11-13;9;0
5;2025-11-13;10;0
5;2025-11-13;11;0
5;2025-11-13;12;0
5;2025-11-13;13;0
5;2025-11-13;14;0
5;2025-11-13;15;0
5;2025-11-13;16;0
5;2025-11-13;17;0
5;2025-11-13;18;0
5;2025-11-13;19;0
5;2025-11-13;20;0
5;2025-11-13;21;0
5;2025-11-13;22;0
5;2025-11-13;23;0
5;2025-11-14;0;0
5;2025-11-14;1;0
5;2025-11-14;2;0
5;2025-11-14;3;0
5;2025-11-14;4;0
5;2025-11-14;5;0
5;2025-11-14;6;0
5;2025-11-14;7;0
5;2025-11-14;8;0
5;2025-11-14;9;0
5;2025-11-14;10;0
5;2025-11-14;11;0
5;2025-11-14;12;0
5;2025-11-14;13;0
5;2025-11-14;14;0
5;2025-11-14;15;0
5;2025-11-14;16;0
5;2025-11-14;17;0
5;2025-11-14;18;0
5;2025-11-14;19;0
5;2025-11-14;20;0
5;2025-11-14;21;0
5;2025-11-14;22;0
5;2025-11-14;23;0
5;2025-11-15;0;0
5;2025-11-15;1;0
5;2025-11-15;2;0
5;2025-11-15;3;0
5;2025-11-15;4;0
5;2025-11-15;5;0
5;2025-11-15;6;0
5;2025-11-15;7;0
5;2025-11-15;8;0
5;2025-11-15;9;0
5;2025-11-15;10;0
5;2025-11-15;11;0
5;2025-11-15;12;0
5;2025-11-15;13;0
5;2025-11-15;14;0
5;2025-11-15;15;0
5;2025-11-15;16;0
5;2025-11-15;17;0
5;2025-11-15;18;0
5;2025-11-15;19;0
5;2025-11-15;20;0
5;2025-11-15;21;0
5;2025-11-15;22;0
5;2025-11-15;23;0
5;2025-11-16;0;0
5;2025-11-16;1;0
5;2025-11-16;2;0
5;2025-11-16;3;0
5;2025-11-16;4;0
5;2025-11-16;5;0
5;2025-11-16;6;0
5;2025-11-16;7;0
5;2025-11-16;8;0
5;2025-11-16;9;0
5;2025-11-16;10;0
5;2025-11-16;11;0
5;2025-11-16;12;0
5;2025-11-16;13;0
5;2025-11-16;14;0
5;2025-11-16;15;0
5;2025-11-16;16;0
5;2025-11-16;17;0
5;2025-11-16;18;0
5;2025-11-16;19;0
5;2025-11-16;20;0
5;2025-11-16;21;0
5;2025-11-16;22;0
5;2025-11-16;23;0
5;2025-11-17;0;0
5;2025-11-17;1;0
5;2025-11-17;2;0
5;2025-11-17;3;0
5;2025-11-17;4;0
5;2025-11-17;5;0
5;2025-11-17;6;0
5;2025-11-17;7;0
5;2025-11-17;8;0
5;2025-11-17;9;0
5;2025-11-17;10;0
5;2025-11-17;11;0
5;2025-11-17;12;0
5;2025-11-17;13;0
5;2025-11-17;14;0
5;2025-11-17;15;0
5;2025-11-17;16;0
5;2025-11-17;17;0
5;2025-11-17;18;0
5;2025-11-17;19;0
5;2025-11-17;20;0
5;2025-11-17;21;0
5;2025-11-17;22;0
5;2025-11-17;23;0
5;2025-11-18;0;0
5;2025-11-18;1;0
5;2025-11-18;2;0
5;2025-11-18;3;0
5;2025-11-18;4;0
5;2025-11-18;5;0
5;2025-11-18;6;0
5;2025-11-18;7;0
5;2025-11-18;8;0
5;2025-11-18;9;0
5;2025-11-18;10;0
5;2025-11-18;11;0
5;2025-11-18;12;0
5;2025-11-18;13;0
5;2025-11-18;14;0
5;2025-11-18;15;0
5;2025-11-18;16;0
5;2025-11-18;17;0
5;2025-11-18;18;0
5;2025-11-18;19;0
5;2025-11-18;20;0
5;2025-11-18;21;0
5;2025-11-18;22;0
5;2025-11-18;23;0
5;2025-11-19;0;0
5;2025-11-19;1;0
5;2025-11-19;2;0
5;2025-11-19;3;0
5;2025-11-19;4;0
5;2025-11-19;5;0
5;2025-11-19;6;0
5;2025-11-19;7;0
5;2025-11-19;8;0
5;2025-11-19;9;0
5;2025-11-19;10;0
5;2025-11-19;11;0
5;2025-11-19;12;0
5;2025-11-19;13;0
5;2025-11-19;14;0
5;2025-11-19;15;0
5;2025-11-19;16;0
5;2025-11-19;17;0
5;2025-11-19;18;0
5;2025-11-19;19;0
5;2025-11-19;20;0
5;2025-11-19;21;0
5;2025-11-19;22;0
5;2025-11-19;23;0
5;2025-11-20;0;0
5;2025-11-20;1;0
5;2025-11-20;2;0
5;2025-11-20;3;0
5;2025-11-20;4;0
5;2025-11-20;5;0
5;2025-11-20;6;0
5;2025-11-20;7;0
5;2025-11-20;8;0
5;2025-11-20;9;0
5;2025-11-20;10;0
5;2025-11-20;11;0
5;2025-11-20;12;0
5;2025-11-20;13;0
5;2025-11-20;14;0
5;2025-11-20;15;0
5;2025-11-20;16;0
5;2025-11-20;17;0
5;2025-11-20;18;0
5;2025-11-20;19;0
5;2025-11-20;20;0
5;2025-11-20;21;0
5;2025-11-20;22;0
5;2025-11-20;23;0
5;2025-11-21;0;0
5;2025-11-21;1;0
5;2025-11-21;2;0
5;2025-11-21;3;0
5;2025-11-21;4;0
5;2025-11-21;5;0
5;2025-11-21;6;0
5;2025-11-21;7;0
5;2025-11-21;8;0
5;2025-11-21;9;0
5;2025-11-21;10;0
5;2025-11-21;11;0
5;2025-11-21;12;0
5;2025-11-21;13;0
5;2025-11-21;14;0
5;2025-11-21;15;0
5;2025-11-21;16;0
5;2025-11-21;17;0
5;2025-11-21;18;0
5;2025-11-21;19;0
5;2025-11-21;20;0
5;2025-11-21;21;0
5;2025-11-21;22;0
5;2025-11-21;23;0
5;2025-11-22;0;0
5;2025-11-22;1;0
5;2025-11-22;2;0
5;2025-11-22;3;0
5;2025-11-22;4;0
5;2025-11-22;5;0
5;2025-11-22;6;0
5;2025-11-22;7;0
5;2025-11-22;8;0
5;2025-11-22;9;0
5;2025-11-22;10;0
5;2025-11-22;11;0
5;2025-11-22;12;0
5;2025-11-22;13;0
5;2025-11-22;14;0
5;2025-11-22;15;0
5;2025-11-22;16;0
5;2025-11-22;17;0
5;2025-11-22;18;0
5;2025-11-22;19;0
5;2025-11-22;20;0
5;2025-11-22;21;0
5;2025-11-22;22;0
5;2025-11-22;23;0
5;2025-11-23;0;0
5;2025-11-23;1;0
5;2025-11-23;2;0
5;2025-11-23;3;0
5;2025-11-23;4;0
5;2025-11-23;5;0
5;2025-11-23;6;0
5;2025-11-23;7;0
5;2025-11-23;8;0
5;2025-11-23;9;0
5;2025-11-23;10;0
5;2025-11-23;11;0
5;2025-11-23;12;0
5;2025-11-23;13;0
5;2025-11-23;14;0
5;2025-11-23;15;0
5;2025-11-23;16;0
5;2025-11-23;17;0
5;2025-11-23;18;0
5;2025-11-23;19;0
5;2025-11-23;20;0
5;2025-11-23;21;0
5;2025-11-23;22;0
5;2025-11-23;23;0
5;2025-11-24;0;0
5;2025-11-24;1;0
5;2025-11-24;2;0
5;2025-11-24;3;0
5;2025-11-24;4;0
5;2025-11-24;5;0
5;2025-11-24;6;0
5;2025-11-24;7;0
5;2025-11-24;8;0
5;2025-11-24;9;0
5;2025-11-24;10;0
5;2025-11-24;11;0
5;2025-11-24;12;0
5;2025-11-24;13;0
5;2025-11-24;14;0
5;2025-11-24;15;0
5;2025-11-24;16;0
5;2025-11-24;17;0
5;2025-11-24;18;0
5;2025-11-24;19;0
5;2025-11-24;20;0
5;2025-11-24;21;0
5;2025-11-24;22;0
5;2025-11-24;23;0
5;2025-11-25;0;0
5;2025-11-25;1;0
5;2025-11-25;2;0
5;2025-11-25;3;0
5;2025-11-25;4;0
5;2025-11-25;5;0
5;2025-11-25;6;0
5;2025-11-25;7;0
5;2025-11-25;8;0
5;2025-11-25;9;0
5;2025-11-25;10;0
5;2025-11-25;11;0
5;2025-11-25;12;0
5;2025-11-25;13;0
5;2025-11-25;14;0
5;2025-11-25;15;0
5;2025-11-25;16;0
5;2025-11-25;17;0
5;2025-11-25;18;0
5;2025-11-25;19;0
5;2025-11-25;20;0
5;2025-11-25;21;0
5;2025-11-25;22;0
5;2025-11-25;23;0
5;2025-11-26;0;0
5;2025-11-26;1;0
5;2025-11-26;2;0
5;2025-11-26;3;0
5;2025-11-26;4;0
5;2025-11-26;5;0
5;2025-11-26;6;0
5;2025-11-26;7;0
5;2025-11-26;8;0
5;2025-11-26;9;0
5;2025-11-26;10;0
5;2025-11-26;11;0
5;2025-11-26;12;0
5;2025-11-26;13;0
5;2025-11-26;14;0
5;2025-11-26;15;0
5;2025-11-26;16;0
5;2025-11-26;17;0
5;2025-11-26;18;0
5;2025-11-26;19;0
5;2025-11-26;20;0
5;2025-11-26;21;0
5;2025-11-26;22;0
5;2025-11-26;23;0
5;2025-11-27;0;0
5;2025-11-27;1;0
5;2025-11-27;2;0
5;2025-11-27;3;0
5;2025-11-27;4;0
5;2025-11-27;5;0
5;2025-11-27;6;0
5;2025-11-27;7;0
5;2025-11-27;8;0
5;2025-11-27;9;0
5;2025-11-27;10;0
5;2025-11-27;11;0
5;2025-11-27;12;0
5;2025-11-27;13;0
5;2025-11-27;14;0
5;2025-11-27;15;0
5;2025-11-27;16;0
5;2025-11-27;17;0
5;2025-11-27;18;0
5;2025-11-27;19;0
5;2025-11-27;20;0
5;2025-11-27;21;0
5;2025-11-27;22;0
5;2025-11-27;23;0
5;2025-11-28;0;0
5;2025-11-28;1;0
5;2025-11-28;2;0
5;2025-11-28;3;0
5;2025-11-28;4;0
5;2025-11-28;5;0
5;2025-11-28;6;0
5;2025-11-28;7;0
5;2025-11-28;8;0
5;2025-11-28;9;0
5;2025-11-28;10;0
5;2025-11-28;11;0
5;2025-11-28;12;0
5;2025-11-28;13;0
5;2025-11-28;14;0
5;2025-11-28;15;0
5;2025-11-28;16;0
5;2025-11-28;17;0
5;2025-11-28;18;0
5;2025-11-28;19;0
5;2025-11-28;20;0
5;2025-11-28;21;0
5;2025-11-28;22;0
5;2025-11-28;23;0
5;2025-11-29;0;0
5;2025-11-29;1;0
5;2025-11-29;2;0
5;2025-11-29;3;0
5;2025-11-29;4;0
5;2025-11-29;5;0
5;2025-11-29;6;0
5;2025-11-29;7;0
5;2025-11-29;8;0
5;2025-11-29;9;0
5;2025-11-29;10;0
5;2025-11-29;11;0
5;2025-11-29;12;0
5;2025-11-29;13;0
5;2025-11-29;14;0
5;2025-11-29;15;0
5;2025-11-29;16;0
5;2025-11-29;17;0
5;2025-11-29;18;0
5;2025-11-29;19;0
5;2025-11-29;20;0
5;2025-11-29;21;0
5;2025-11-29;22;0
5;2025-11-29;23;0
5;2025-11-30;0;0
5;2025-11-30;1;0
5;2025-11-30;2;0
5;2025-11-30;3;0
5;2025-11-30;4;0
5;2025-11-30;5;0
5;2025-11-30;6;0
5;2025-11-30;7;0
5;2025-11-30;8;0
5;2025-11-30;9;0
5;2025-11-30;10;0
5;2025-11-30;11;0
5;2025-11-30;12;0
5;2025-11-30;13;0
5;2025-11-30;14;0
5;2025-11-30;15;0
5;2025-11-30;16;0
5;2025-11-30;17;0
5;2025-11-30;18;0
5;2025-11-30;19;0
5;2025-11-30;20;0
5;2025-11-30;21;0
5;2025-11-30;22;0
5;2025-11-30;23;0
5;2025-12-01;0;0
5;2025-12-01;1;0
5;2025-12-01;2;0
5;2025-12-01;3;0
5;2025-12-01;4;0
5;2025-12-01;5;0
5;2025-12-01;6;0
5;2025-12-01;7;0
5;2025-12-01;8;0
5;2025-12-01;9;0
5;2025-12-01;10;0
5;2025-12-01;11;0
5;2025-12-01;12;0
5;2025-12-01;13;0
5;2025-12-01;14;0
5;2025-12-01;15;0
5;2025-12-01;16;0
5;2025-12-01;17;0
5;2025-12-01;18;0
5;2025-12-01;19;0
5;2025-12-01;20;0
5;2025-12-01;21;0
5;2025-12-01;22;0
5;2025-12-01;23;0
5;2025-12-02;0;0
5;2025-12-02;1;0
5;2025-12-02;2;0
5;2025-12-02;3;0
5;2025-12-02;4;0
5;2025-12-02;5;0
5;2025-12-02;6;0
5;2025-12-02;7;0
5;2025-12-02;8;0
5;2025-12-02;9;0
5;2025-12-02;10;0
5;2025-12-02;11;0
5;2025-12-02;12;0
5;2025-12-02;13;0
5;2025-12-02;14;0
5;2025-12-02;15;0
5;2025-12-02;16;0
5;2025-12-02;17;0
5;2025-12-02;18;0
5;2025-12-02;19;0
5;2025-12-02;20;0
5;2025-12-02;21;0
5;2025-12-02;22;0
5;2025-12-02;23;0
5;2025-12-03;0;0
5;2025-12-03;1;0
5;2025-12-03;2;0
5;2025-12-03;3;0
5;2025-12-03;4;0
5;2025-12-03;5;0
5;2025-12-03;6;0
5;2025-12-03;7;0
5;2025-12-03;8;0
5;2025-12-03;9;0
5;2025-12-03;10;0
5;2025-12-03;11;0
5;2025-12-03;12;0
5;2025-12-03;13;0
5;2025-12-03;14;0
5;2025-12-03;15;0
5;2025-12-03;16;0
5;2025-12-03;17;0
5;2025-12-03;18;0
5;2025-12-03;19;0
5;2025-12-03;20;0
5;2025-12-03;21;0
5;2025-12-03;22;0
5;2025-12-03;23;0
5;2025-12-04;0;0
5;2025-12-04;1;0
5;2025-12-04;2;0
5;2025-12-04;3;0
5;2025-12-04;4;0
5;2025-12-04;5;0
5;2025-12-04;6;0
5;2025-12-04;7;0
5;2025-12-04;8;0
5;2025-12-04;9;0
5;2025-12-04;10;0
5;2025-12-04;11;0
5;2025-12-04;12;0
5;2025-12-04;13;0
5;2025-12-04;14;0
5;2025-12-04;15;0
5;2025-12-04;16;0
5;2025-12-04;17;0
5;2025-12-04;18;0
5;2025-12-04;19;0
5;2025-12-04;20;0
5;2025-12-04;21;0
5;2025-12-04;22;0
5;2025-12-04;23;0
5;2025-12-05;0;0
5;2025-12-05;1;0
5;2025-12-05;2;0
5;2025-12-05;3;0
5;2025-12-05;4;0
5;2025-12-05;5;0
5;2025-12-05;6;0
5;2025-12-05;7;0
5;2025-12-05;8;0
5;2025-12-05;9;0
5;2025-12-05;10;0
5;2025-12-05;11;0
5;2025-12-05;12;0
5;2025-12-05;13;0
5;2025-12-05;14;0
5;2025-12-05;15;0
5;2025-12-05;16;0
5;2025-12-05;17;0
5;2025-12-05;18;0
5;2025-12-05;19;0
5;2025-12-05;20;0
5;2025-12-05;21;0
5;2025-12-05;22;0
5;2025-12-05;23;0
5;2025-12-06;0;0
5;2025-12-06;1;0
5;2025-12-06;2;0
5;2025-12-06;3;0
5;2025-12-06;4;0
5;2025-12-06;5;0
5;2025-12-06;6;0
5;2025-12-06;7;0
5;2025-12-06;8;0
5;2025-12-06;9;0
5;2025-12-06;10;0
5;2025-12-06;11;0
5;2025-12-06;12;0
5;2025-12-06;13;0
5;2025-12-06;14;0
5;2025-12-06;15;0
5;2025-12-06;16;0
5;2025-12-06;17;0
5;2025-12-06;18;0
5;2025-12-06;19;0
5;2025-12-06;20;0
5;2025-12-06;21;0
5;2025-12-06;22;0
5;2025-12-06;23;0
5;2025-12-07;0;0
5;2025-12-07;1;0
5;2025-12-07;2;0
5;2025-12-07;3;0
5;2025-12-07;4;0
5;2025-12-07;5;0
5;2025-12-07;6;0
5;2025-12-07;7;0
5;2025-12-07;8;0
5;2025-12-07;9;0
5;2025-12-07;10;0
5;2025-12-07;11;0
5;2025-12-07;12;0
5;2025-12-07;13;0
5;2025-12-07;14;0
5;2025-12-07;15;0
5;2025-12-07;16;0
5;2025-12-07;17;0
5;2025-12-07;18;0
5;2025-12-07;19;0
5;2025-12-07;20;0
5;2025-12-07;21;0
5;2025-12-07;22;0
5;2025-12-07;23;0
5;2025-12-08;0;0
5;2025-12-08;1;0
5;2025-12-08;2;0
5;2025-12-08;3;0
5;2025-12-08;4;0
5;2025-12-08;5;0
5;2025-12-08;6;0
5;2025-12-08;7;0
5;2025-12-08;8;0
5;2025-12-08;9;0
5;2025-12-08;10;0
5;2025-12-08;11;0
5;2025-12-08;12;0
5;2025-12-08;13;0
5;2025-12-08;14;0
5;2025-12-08;15;0
5;2025-12-08;16;0
5;2025-12-08;17;0
5;2025-12-08;18;0
5;2025-12-08;19;0
5;2025-12-08;20;0
5;2025-12-08;21;0
5;2025-12-08;22;0
5;2025-12-08;23;0
5;2025-12-09;0;0
5;2025-12-09;1;0
5;2025-12-09;2;0
5;2025-12-09;3;0
5;2025-12-09;4;0
5;2025-12-09;5;0
5;2025-12-09;6;0
5;2025-12-09;7;0
5;2025-12-09;8;0
5;2025-12-09;9;0
5;2025-12-09;10;0
5;2025-12-09;11;0
5;2025-12-09;12;0
5;2025-12-09;13;0
5;2025-12-09;14;0
5;2025-12-09;15;0
5;2025-12-09;16;0
5;2025-12-09;17;0
5;2025-12-09;18;0
5;2025-12-09;19;0
5;2025-12-09;20;0
5;2025-12-09;21;0
5;2025-12-09;22;0
5;2025-12-09;23;0
5;2025-12-10;0;0
5;2025-12-10;1;0
5;2025-12-10;2;0
5;2025-12-10;3;0
5;2025-12-10;4;0
5;2025-12-10;5;0
5;2025-12-10;6;0
5;2025-12-10;7;0
5;2025-12-10;8;0
5;2025-12-10;9;0
5;2025-12-10;10;0
5;2025-12-10;11;0
5;2025-12-10;12;0
5;2025-12-10;13;0
5;2025-12-10;14;0
5;2025-12-10;15;0
5;2025-12-10;16;0
5;2025-12-10;17;0
5;2025-12-10;18;0
5;2025-12-10;19;0
5;2025-12-10;20;0
5;2025-12-10;21;0
5;2025-12-10;22;0
5;2025-12-10;23;0
5;2025-12-11;0;0
5;2025-12-11;1;0
5;2025-12-11;2;0
5;2025-12-11;3;0
5;2025-12-11;4;0
5;2025-12-11;5;0
5;2025-12-11;6;0
5;2025-12-11;7;0
5;2025-12-11;8;0
5;2025-12-11;9;0
5;2025-12-11;10;0
5;2025-12-11;11;0
5;2025-12-11;12;0
5;2025-12-11;13;0
5;2025-12-11;14;0
5;2025-12-11;15;0
5;2025-12-11;16;0
5;2025-12-11;17;0
5;2025-12-11;18;0
5;2025-12-11;19;0
5;2025-12-11;20;0
5;2025-12-11;21;0
5;2025-12-11;22;0
5;2025-12-11;23;0
5;2025-12-12;0;0
5;2025-12-12;1;0
5;2025-12-12;2;0
5;2025-12-12;3;0
5;2025-12-12;4;0
5;2025-12-12;5;0
5;2025-12-12;6;0
5;2025-12-12;7;0
5;2025-12-12;8;0
5;2025-12-12;9;0
5;2025-12-12;10;0
5;2025-12-12;11;0
5;2025-12-12;12;0
5;2025-12-12;13;0
5;2025-12-12;14;0
5;2025-12-12;15;0
5;2025-12-12;16;0
5;2025-12-12;17;0
5;2025-12-12;18;0
5;2025-12-12;19;0
5;2025-12-12;20;0
5;2025-12-12;21;0
5;2025-12-12;22;0
5;2025-12-12;23;0
5;2025-12-13;0;0
5;2025-12-13;1;0
5;2025-12-13;2;0
5;2025-12-13;3;0
5;2025-12-13;4;0
5;2025-12-13;5;0
5;2025-12-13;6;0
5;2025-12-13;7;0
5;2025-12-13;8;0
5;2025-12-13;9;0
5;2025-12-13;10;0
5;2025-12-13;11;0
5;2025-12-13;12;0
5;2025-12-13;13;0
5;2025-12-13;14;0
5;2025-12-13;15;0
5;2025-12-13;16;0
5;2025-12-13;17;0
5;2025-12-13;18;0
5;2025-12-13;19;0
5;2025-12-13;20;0
5;2025-12-13;21;0
5;2025-12-13;22;0
5;2025-12-13;23;0
5;2025-12-14;0;0
5;2025-12-14;1;0
5;2025-12-14;2;0
5;2025-12-14;3;0
5;2025-12-14;4;0
5;2025-12-14;5;0
5;2025-12-14;6;0
5;2025-12-14;7;0
5;2025-12-14;8;0
5;2025-12-14;9;0
5;2025-12-14;10;0
5;2025-12-14;11;0
5;2025-12-14;12;0
5;2025-12-14;13;0
5;2025-12-14;14;0
5;2025-12-14;15;0
5;2025-12-14;16;0
5;2025-12-14;17;0
5;2025-12-14;18;0
5;2025-12-14;19;0
5;2025-12-14;20;0
5;2025-12-14;21;0
5;2025-12-14;22;0
5;2025-12-14;23;0
5;2025-12-15;0;0
5;2025-12-15;1;0
5;2025-12-15;2;0
5;2025-12-15;3;0
5;2025-12-15;4;0
5;2025-12-15;5;0
5;2025-12-15;6;0
5;2025-12-15;7;0
5;2025-12-15;8;0
5;2025-12-15;9;0
5;2025-12-15;10;0
5;2025-12-15;11;0
5;2025-12-15;12;0
5;2025-12-15;13;0
5;2025-12-15;14;0
5;2025-12-15;15;0
5;2025-12-15;16;0
5;2025-12-15;17;0
5;2025-12-15;18;0
5;2025-12-15;19;0
5;2025-12-15;20;0
5;2025-12-15;21;0
5;2025-12-15;22;0
5;2025-12-15;23;0
5;2025-12-16;0;0
5;2025-12-16;1;0
5;2025-12-16;2;0
5;2025-12-16;3;0
5;2025-12-16;4;0
5;2025-12-16;5;0
5;2025-12-16;6;0
5;2025-12-16;7;0
5;2025-12-16;8;0
5;2025-12-16;9;0
5;2025-12-16;10;0
5;2025-12-16;11;0
5;2025-12-16;12;0
5;2025-12-16;13;0
5;2025-12-16;14;0
5;2025-12-16;15;0
5;2025-12-16;16;0
5;2025-12-16;17;0
5;2025-12-16;18;0
5;2025-12-16;19;0
5;2025-12-16;20;0
5;2025-12-16;21;0
5;2025-12-16;22;0
5;2025-12-16;23;0
5;2025-12-17;0;0
5;2025-12-17;1;0
5;2025-12-17;2;0
5;2025-12-17;3;0
5;2025-12-17;4;0
5;2025-12-17;5;0
5;2025-12-17;6;0
5;2025-12-17;7;0
5;2025-12-17;8;0
5;2025-12-17;9;0
5;2025-12-17;10;0
5;2025-12-17;11;0
5;2025-12-17;12;0
5;2025-12-17;13;0
5;2025-12-17;14;0
5;2025-12-17;15;0
5;2025-12-17;16;0
5;2025-12-17;17;0
5;2025-12-17;18;0
5;2025-12-17;19;0
5;2025-12-17;20;0
5;2025-12-17;21;0
5;2025-12-17;22;0
5;2025-12-17;23;0
5;2025-12-18;0;0
5;2025-12-18;1;0
5;2025-12-18;2;0
5;2025-12-18;3;0
5;2025-12-18;4;0
5;2025-12-18;5;0
5;2025-12-18;6;0
5;2025-12-18;7;0
5;2025-12-18;8;0
5;2025-12-18;9;0
5;2025-12-18;10;0
5;2025-12-18;11;0
5;2025-12-18;12;0
5;2025-12-18;13;0
5;2025-12-18;14;0
5;2025-12-18;15;0
5;2025-12-18;16;0
5;2025-12-18;17;0
5;2025-12-18;18;0
5;2025-12-18;19;0
5;2025-12-18;20;0
5;2025-12-18;21;0
5;2025-12-18;22;0
5;2025-12-18;23;0
5;2025-12-19;0;0
5;2025-12-19;1;0
5;2025-12-19;2;0
5;2025-12-19;3;0
5;2025-12-19;4;0
5;2025-12-19;5;0
5;2025-12-19;6;0
5;2025-12-19;7;0
5;2025-12-19;8;0
5;2025-12-19;9;0
5;2025-12-19;10;0
5;2025-12-19;11;0
5;2025-12-19;12;0
5;2025-12-19;13;0
5;2025-12-19;14;0
5;2025-12-19;15;0
5;2025-12-19;16;0
5;2025-12-19;17;0
5;2025-12-19;18;0
5;2025-12-19;19;0
5;2025-12-19;20;0
5;2025-12-19;21;0
5;2025-12-19;22;0
5;2025-12-19;23;0
5;2025-12-20;0;0
5;2025-12-20;1;0
5;2025-12-20;2;0
5;2025-12-20;3;0
5;2025-12-20;4;0
5;2025-12-20;5;0
5;2025-12-20;6;0
5;2025-12-20;7;0
5;2025-12-20;8;0
5;2025-12-20;9;0
5;2025-12-20;10;0
5;2025-12-20;11;0
5;2025-12-20;12;0
5;2025-12-20;13;0
5;2025-12-20;14;0
5;2025-12-20;15;0
5;2025-12-20;16;0
5;2025-12-20;17;0
5;2025-12-20;18;0
5;2025-12-20;19;0
5;2025-12-20;20;0
5;2025-12-20;21;0
5;2025-12-20;22;0
5;2025-12-20;23;0
5;2025-12-21;0;0
5;2025-12-21;1;0
5;2025-12-21;2;0
5;2025-12-21;3;0
5;2025-12-21;4;0
5;2025-12-21;5;0
5;2025-12-21;6;0
5;2025-12-21;7;0
5;2025-12-21;8;0
5;2025-12-21;9;0
5;2025-12-21;10;0
5;2025-12-21;11;0
5;2025-12-21;12;0
5;2025-12-21;13;0
5;2025-12-21;14;0
5;2025-12-21;15;0
5;2025-12-21;16;0
5;2025-12-21;17;0
5;2025-12-21;18;0
5;2025-12-21;19;0
5;2025-12-21;20;0
5;2025-12-21;21;0
5;2025-12-21;22;0
5;2025-12-21;23;0
5;2025-12-22;0;0
5;2025-12-22;1;0
5;2025-12-22;2;0
5;2025-12-22;3;0
5;2025-12-22;4;0
5;2025-12-22;5;0
5;2025-12-22;6;0
5;2025-12-22;7;0
5;2025-12-22;8;0
5;2025-12-22;9;0
5;2025-12-22;10;0
5;2025-12-22;11;0
5;2025-12-22;12;0
5;2025-12-22;13;0
5;2025-12-22;14;0
5;2025-12-22;15;0
5;2025-12-22;16;0
5;2025-12-22;17;0
5;2025-12-22;18;0
5;2025-12-22;19;0
5;2025-12-22;20;0
5;2025-12-22;21;0
5;2025-12-22;22;0
5;2025-12-22;23;0
5;2025-12-23;0;0
5;2025-12-23;1;0
5;2025-12-23;2;0
5;2025-12-23;3;0
5;2025-12-23;4;0
5;2025-12-23;5;0
5;2025-12-23;6;0
5;2025-12-23;7;0
5;2025-12-23;8;0
5;2025-12-23;9;0
5;2025-12-23;10;0
5;2025-12-23;11;0
5;2025-12-23;12;0
5;2025-12-23;13;0
5;2025-12-23;14;0
5;2025-12-23;15;0
5;2025-12-23;16;0
5;2025-12-23;17;0
5;2025-12-23;18;0
5;2025-12-23;19;0
5;2025-12-23;20;0
5;2025-12-23;21;0
5;2025-12-23;22;0
5;2025-12-23;23;0
5;2025-12-24;0;0
5;2025-12-24;1;0
5;2025-12-24;2;0
5;2025-12-24;3;0
5;2025-12-24;4;0
5;2025-12-24;5;0
5;2025-12-24;6;0
5;2025-12-24;7;0
5;2025-12-24;8;0
5;2025-12-24;9;0
5;2025-12-24;10;0
5;2025-12-24;11;0
5;2025-12-24;12;0
5;2025-12-24;13;0
5;2025-12-24;14;0
5;2025-12-24;15;0
5;2025-12-24;16;0
5;2025-12-24;17;0
5;2025-12-24;18;0
5;2025-12-24;19;0
5;2025-12-24;20;0
5;2025-12-24;21;0
5;2025-12-24;22;0
5;2025-12-24;23;0
5;2025-12-25;0;0
5;2025-12-25;1;0
5;2025-12-25;2;0
5;2025-12-25;3;0
5;2025-12-25;4;0
5;2025-12-25;5;0
5;2025-12-25;6;0
5;2025-12-25;7;0
5;2025-12-25;8;0
5;2025-12-25;9;0
5;2025-12-25;10;0
5;2025-12-25;11;0
5;2025-12-25;12;0
5;2025-12-25;13;0
5;2025-12-25;14;0
5;2025-12-25;15;0
5;2025-12-25;16;0
5;2025-12-25;17;0
5;2025-12-25;18;0
5;2025-12-25;19;0
5;2025-12-25;20;0
5;2025-12-25;21;0
5;2025-12-25;22;0
5;2025-12-25;23;0
5;2025-12-26;0;0
5;2025-12-26;1;0
5;2025-12-26;2;0
5;2025-12-26;3;0
5;2025-12-26;4;0
5;2025-12-26;5;0
5;2025-12-26;6;0
5;2025-12-26;7;0
5;2025-12-26;8;0
5;2025-12-26;9;0
5;2025-12-26;10;0
5;2025-12-26;11;0
5;2025-12-26;12;0
5;2025-12-26;13;0
5;2025-12-26;14;0
5;2025-12-26;15;0
5;2025-12-26;16;0
5;2025-12-26;17;0
5;2025-12-26;18;0
5;2025-12-26;19;0
5;2025-12-26;20;0
5;2025-12-26;21;0
5;2025-12-26;22;0
5;2025-12-26;23;0
5;2025-12-27;0;0
5;2025-12-27;1;0
5;2025-12-27;2;0
5;2025-12-27;3;0
5;2025-12-27;4;0
5;2025-12-27;5;0
5;2025-12-27;6;0
5;2025-12-27;7;0
5;2025-12-27;8;0
5;2025-12-27;9;0
5;2025-12-27;10;0
5;2025-12-27;11;0
5;2025-12-27;12;0
5;2025-12-27;13;0
5;2025-12-27;14;0
5;2025-12-27;15;0
5;2025-12-27;16;0
5;2025-12-27;17;0
5;2025-12-27;18;0
5;2025-12-27;19;0
5;2025-12-27;20;0
5;2025-12-27;21;0
5;2025-12-27;22;0
5;2025-12-27;23;0
5;2025-12-28;0;0
5;2025-12-28;1;0
5;2025-12-28;2;0
5;2025-12-28;3;0
5;2025-12-28;4;0
5;2025-12-28;5;0
5;2025-12-28;6;0
5;2025-12-28;7;0
5;2025-12-28;8;0
5;2025-12-28;9;0
5;2025-12-28;10;0
5;2025-12-28;11;0
5;2025-12-28;12;0
5;2025-12-28;13;0
5;2025-12-28;14;0
5;2025-12-28;15;0
5;2025-12-28;16;0
5;2025-12-28;17;0
5;2025-12-28;18;0
5;2025-12-28;19;0
5;2025-12-28;20;0
5;2025-12-28;21;0
5;2025-12-28;22;0
5;2025-12-28;23;0
5;2025-12-29;0;0
5;2025-12-29;1;0
5;2025-12-29;2;0
5;2025-12-29;3;0
5;2025-12-29;4;0
5;2025-12-29;5;0
5;2025-12-29;6;0
5;2025-12-29;7;0
5;2025-12-29;8;0
5;2025-12-29;9;0
5;2025-12-29;10;0
5;2025-12-29;11;0
5;2025-12-29;12;0
5;2025-12-29;13;0
5;2025-12-29;14;0
5;2025-12-29;15;0
5;2025-12-29;16;0
5;2025-12-29;17;0
5;2025-12-29;18;0
5;2025-12-29;19;0
5;2025-12-29;20;0
5;2025-12-29;21;0
5;2025-12-29;22;0
5;2025-12-29;23;0
5;2025-12-30;0;0
5;2025-12-30;1;0
5;2025-12-30;2;0
5;2025-12-30;3;0
5;2025-12-30;4;0
5;2025-12-30;5;0
5;2025-12-30;6;0
5;2025-12-30;7;0
5;2025-12-30;8;0
5;2025-12-30;9;0
5;2025-12-30;10;0
5;2025-12-30;11;0
5;2025-12-30;12;0
5;2025-12-30;13;0
5;2025-12-30;14;0
5;2025-12-30;15;0
5;2025-12-30;16;0
5;2025-12-30;17;0
5;2025-12-30;18;0
5;2025-12-30;19;0
5;2025-12-30;20;0
5;2025-12-30;21;0
5;2025-12-30;22;0
5;2025-12-30;23;0
5;2025-12-31;0;0
5;2025-12-31;1;0
5;2025-12-31;2;0
5;2025-12-31;3;0
5;2025-12-31;4;0
5;2025-12-31;5;0
5;2025-12-31;6;0
5;2025-12-31;7;0
5;2025-12-31;8;0
5;2025-12-31;9;0
5;2025-12-31;10;0
5;2025-12-31;11;0
5;2025-12-31;12;0
5;2025-12-31;13;0
5;2025-12-31;14;0
5;2025-12-31;15;0
5;2025-12-31;16;0
5;2025-12-31;17;0
5;2025-12-31;18;0
5;2025-12-31;19;0
5;2025-12-31;20;0
5;2025-12-31;21;0
5;2025-12-31;22;0
5;2025-12-31;23;0
7;2025-11-01;0;134
7;2025-11-01;1;45
7;2025-11-01;2;0
7;2025-11-01;3;0
7;2025-11-01;4;21
7;2025-11-01;5;64
7;2025-11-01;6;312
7;2025-11-01;7;562
7;2025-11-01;8;2252
7;2025-11-01;9;1692
7;2025-11-01;10;1603
7;2025-11-01;11;1513
7;2025-11-01;12;1657
7;2025-11-01;13;1591
7;2025-11-01;14;1717
7;2025-11-01;15;1760
7;2025-11-01;16;1889
7;2025-11-01;17;2243
7;2025-11-01;18;2363
7;2025-11-01;19;1696
7;2025-11-01;20;1131
7;2025-11-01;21;656
7;2025-11-01;22;348
7;2025-11-01;23;246
7;2025-11-02;0;96
7;2025-11-02;1;19
7;2025-11-02;2;0
7;2025-11-02;3;0
7;2025-11-02;4;0
7;2025-11-02;5;48
7;2025-11-02;6;192
7;2025-11-02;7;318
7;2025-11-02;8;515
7;2025-11-02;9;609
7;2025-11-02;10;710
7;2025-11-02;11;880
7;2025-11-02;12;1035
7;2025-11-02;13;1046
7;2025-11-02;14;1087
7;2025-11-02;15;1009
7;2025-11-02;16;907
7;2025-11-02;17;899
7;2025-11-02;18;855
7;2025-11-02;19;788
7;2025-11-02;20;628
7;2025-11-02;21;510
7;2025-11-02;22;286
7;2025-11-02;23;168
7;2025-11-03;0;60
7;2025-11-03;1;2
7;2025-11-03;2;0
7;2025-11-03;3;0
7;2025-11-03;4;0
7;2025-11-03;5;173
7;2025-11-03;6;280
7;2025-11-03;7;510
7;2025-11-03;8;711
7;2025-11-03;9;686
7;2025-11-03;10;735
7;2025-11-03;11;820
7;2025-11-03;12;942
7;2025-11-03;13;964
7;2025-11-03;14;981
7;2025-11-03;15;890
7;2025-11-03;16;878
7;2025-11-03;17;853
7;2025-11-03;18;945
7;2025-11-03;19;849
7;2025-11-03;20;623
7;2025-11-03;21;466
7;2025-11-03;22;296
7;2025-11-03;23;175
7;2025-11-04;0;63
7;2025-11-04;1;12
7;2025-11-04;2;0
7;2025-11-04;3;0
7;2025-11-04;4;0
7;2025-11-04;5;117
7;2025-11-04;6;221
7;2025-11-04;7;390
7;2025-11-04;8;635
7;2025-11-04;9;555
7;2025-11-04;10;667
7;2025-11-04;11;732
7;2025-11-04;12;842
7;2025-11-04;13;921
7;2025-11-04;14;940
7;2025-11-04;15;926
7;2025-11-04;16;916
7;2025-11-04;17;865
7;2025-11-04;18;903
7;2025-11-04;19;795
7;2025-11-04;20;549
7;2025-11-04;21;454
7;2025-11-04;22;299
7;2025-11-04;23;170
7;2025-11-05;0;60
7;2025-11-05;1;12
7;2025-11-05;2;0
7;2025-11-05;3;0
7;2025-11-05;4;2
7;2025-11-05;5;203
7;2025-11-05;6;684
7;2025-11-05;7;1559
7;2025-11-05;8;2447
7;2025-11-05;9;1817
7;2025-11-05;10;1566
7;2025-11-05;11;1437
7;2025-11-05;12;1498
7;2025-11-05;13;1529
7;2025-11-05;14;1586
7;2025-11-05;15;1709
7;2025-11-05;16;1812
7;2025-11-05;17;2234
7;2025-11-05;18;2491
7;2025-11-05;19;1673
7;2025-11-05;20;1084
7;2025-11-05;21;630
7;2025-11-05;22;339
7;2025-11-05;23;200
7;2025-11-06;0;67
7;2025-11-06;1;17
7;2025-11-06;2;0
7;2025-11-06;3;0
7;2025-11-06;4;2
7;2025-11-06;5;202
7;2025-11-06;6;688
7;2025-11-06;7;1562
7;2025-11-06;8;2448
7;2025-11-06;9;1820
7;2025-11-06;10;1567
7;2025-11-06;11;1443
7;2025-11-06;12;1502
7;2025-11-06;13;1534
7;2025-11-06;14;1591
7;2025-11-06;15;1712
7;2025-11-06;16;1817
7;2025-11-06;17;2236
7;2025-11-06;18;2493
7;2025-11-06;19;1679
7;2025-11-06;20;1090
7;2025-11-06;21;639
7;2025-11-06;22;344
7;2025-11-06;23;205
7;2025-11-07;0;68
7;2025-11-07;1;15
7;2025-11-07;2;0
7;2025-11-07;3;0
7;2025-11-07;4;1
7;2025-11-07;5;198
7;2025-11-07;6;669
7;2025-11-07;7;1534
7;2025-11-07;8;2348
7;2025-11-07;9;1787
7;2025-11-07;10;1536
7;2025-11-07;11;1422
7;2025-11-07;12;1484
7;2025-11-07;13;1524
7;2025-11-07;14;1563
7;2025-11-07;15;1663
7;2025-11-07;16;1771
7;2025-11-07;17;2139
7;2025-11-07;18;2327
7;2025-11-07;19;1636
7;2025-11-07;20;1064
7;2025-11-07;21;621
7;2025-11-07;22;353
7;2025-11-07;23;223
7;2025-11-08;0;103
7;2025-11-08;1;25
7;2025-11-08;2;0
7;2025-11-08;3;0
7;2025-11-08;4;0
7;2025-11-08;5;54
7;2025-11-08;6;278
7;2025-11-08;7;472
7;2025-11-08;8;699
7;2025-11-08;9;755
7;2025-11-08;10;847
7;2025-11-08;11;955
7;2025-11-08;12;1110
7;2025-11-08;13;1128
7;2025-11-08;14;1163
7;2025-11-08;15;1115
7;2025-11-08;16;1083
7;2025-11-08;17;1056
7;2025-11-08;18;1010
7;2025-11-08;19;934
7;2025-11-08;20;717
7;2025-11-08;21;594
7;2025-11-08;22;324
7;2025-11-08;23;214
7;2025-11-09;0;96
7;2025-11-09;1;19
7;2025-11-09;2;0
7;2025-11-09;3;0
7;2025-11-09;4;0
7;2025-11-09;5;48
7;2025-11-09;6;192
7;2025-11-09;7;318
7;2025-11-09;8;515
7;2025-11-09;9;609
7;2025-11-09;10;710
7;2025-11-09;11;880
7;2025-11-09;12;1035
7;2025-11-09;13;1046
7;2025-11-09;14;1087
7;2025-11-09;15;1009
7;2025-11-09;16;907
7;2025-11-09;17;899
7;2025-11-09;18;855
7;2025-11-09;19;788
7;2025-11-09;20;628
7;2025-11-09;21;510
7;2025-11-09;22;286
7;2025-11-09;23;168
7;2025-11-10;0;64
7;2025-11-10;1;11
7;2025-11-10;2;0
7;2025-11-10;3;0
7;2025-11-10;4;1
7;2025-11-10;5;195
7;2025-11-10;6;665
7;2025-11-10;7;1537
7;2025-11-10;8;2430
7;2025-11-10;9;1793
7;2025-11-10;10;1513
7;2025-11-10;11;1383
7;2025-11-10;12;1436
7;2025-11-10;13;1501
7;2025-11-10;14;1527
7;2025-11-10;15;1661
7;2025-11-10;16;1765
7;2025-11-10;17;2193
7;2025-11-10;18;2466
7;2025-11-10;19;1603
7;2025-11-10;20;1064
7;2025-11-10;21;608
7;2025-11-10;22;314
7;2025-11-10;23;180
7;2025-11-11;0;59
7;2025-11-11;1;13
7;2025-11-11;2;0
7;2025-11-11;3;0
7;2025-11-11;4;2
7;2025-11-11;5;201
7;2025-11-11;6;685
7;2025-11-11;7;1562
7;2025-11-11;8;2448
7;2025-11-11;9;1819
7;2025-11-11;10;1566
7;2025-11-11;11;1441
7;2025-11-11;12;1502
7;2025-11-11;13;1532
7;2025-11-11;14;1590
7;2025-11-11;15;1711
7;2025-11-11;16;1817
7;2025-11-11;17;2235
7;2025-11-11;18;2491
7;2025-11-11;19;1678
7;2025-11-11;20;1087
7;2025-11-11;21;628
7;2025-11-11;22;330
7;2025-11-11;23;185
7;2025-11-12;0;60
7;2025-11-12;1;12
7;2025-11-12;2;0
7;2025-11-12;3;0
7;2025-11-12;4;2
7;2025-11-12;5;203
7;2025-11-12;6;684
7;2025-11-12;7;1559
7;2025-11-12;8;2447
7;2025-11-12;9;1817
7;2025-11-12;10;1566
7;2025-11-12;11;1437
7;2025-11-12;12;1498
7;2025-11-12;13;1529
7;2025-11-12;14;1586
7;2025-11-12;15;1709
7;2025-11-12;16;1812
7;2025-11-12;17;2234
7;2025-11-12;18;2491
7;2025-11-12;19;1673
7;2025-11-12;20;1084
7;2025-11-12;21;630
7;2025-11-12;22;339
7;2025-11-12;23;200
7;2025-11-13;0;67
7;2025-11-13;1;17
7;2025-11-13;2;0
7;2025-11-13;3;0
7;2025-11-13;4;2
7;2025-11-13;5;202
7;2025-11-13;6;688
7;2025-11-13;7;1562
7;2025-11-13;8;2448
7;2025-11-13;9;1820
7;2025-11-13;10;1567
7;2025-11-13;11;1443
7;2025-11-13;12;1502
7;2025-11-13;13;1534
7;2025-11-13;14;1591
7;2025-11-13;15;1712
7;2025-11-13;16;1817
7;2025-11-13;17;2236
7;2025-11-13;18;2493
7;2025-11-13;19;1679
7;2025-11-13;20;1090
7;2025-11-13;21;639
7;2025-11-13;22;344
7;2025-11-13;23;205
7;2025-11-14;0;68
7;2025-11-14;1;15
7;2025-11-14;2;0
7;2025-11-14;3;0
7;2025-11-14;4;1
7;2025-11-14;5;198
7;2025-11-14;6;669
7;2025-11-14;7;1534
7;2025-11-14;8;2348
7;2025-11-14;9;1787
7;2025-11-14;10;1536
7;2025-11-14;11;1422
7;2025-11-14;12;1484
7;2025-11-14;13;1524
7;2025-11-14;14;1563
7;2025-11-14;15;1663
7;2025-11-14;16;1771
7;2025-11-14;17;2139
7;2025-11-14;18;2327
7;2025-11-14;19;1636
7;2025-11-14;20;1064
7;2025-11-14;21;621
7;2025-11-14;22;353
7;2025-11-14;23;223
7;2025-11-15;0;103
7;2025-11-15;1;25
7;2025-11-15;2;0
7;2025-11-15;3;0
7;2025-11-15;4;0
7;2025-11-15;5;54
7;2025-11-15;6;278
7;2025-11-15;7;472
7;2025-11-15;8;699
7;2025-11-15;9;755
7;2025-11-15;10;847
7;2025-11-15;11;955
7;2025-11-15;12;1110
7;2025-11-15;13;1128
7;2025-11-15;14;1163
7;2025-11-15;15;1115
7;2025-11-15;16;1083
7;2025-11-15;17;1056
7;2025-11-15;18;1010
7;2025-11-15;19;934
7;2025-11-15;20;717
7;2025-11-15;21;594
7;2025-11-15;22;324
7;2025-11-15;23;214
7;2025-11-16;0;96
7;2025-11-16;1;19
7;2025-11-16;2;0
7;2025-11-16;3;0
7;2025-11-16;4;0
7;2025-11-16;5;48
7;2025-11-16;6;192
7;2025-11-16;7;318
7;2025-11-16;8;515
7;2025-11-16;9;609
7;2025-11-16;10;710
7;2025-11-16;11;880
7;2025-11-16;12;1035
7;2025-11-16;13;1046
7;2025-11-16;14;1087
7;2025-11-16;15;1009
7;2025-11-16;16;907
7;2025-11-16;17;899
7;2025-11-16;18;855
7;2025-11-16;19;788
7;2025-11-16;20;628
7;2025-11-16;21;510
7;2025-11-16;22;286
7;2025-11-16;23;168
7;2025-11-17;0;64
7;2025-11-17;1;11
7;2025-11-17;2;0
7;2025-11-17;3;0
7;2025-11-17;4;1
7;2025-11-17;5;195
7;2025-11-17;6;665
7;2025-11-17;7;1537
7;2025-11-17;8;2430
7;2025-11-17;9;1793
7;2025-11-17;10;1513
7;2025-11-17;11;1383
7;2025-11-17;12;1436
7;2025-11-17;13;1501
7;2025-11-17;14;1527
7;2025-11-17;15;1661
7;2025-11-17;16;1765
7;2025-11-17;17;2193
7;2025-11-17;18;2466
7;2025-11-17;19;1603
7;2025-11-17;20;1064
7;2025-11-17;21;608
7;2025-11-17;22;314
7;2025-11-17;23;180
7;2025-11-18;0;59
7;2025-11-18;1;13
7;2025-11-18;2;0
7;2025-11-18;3;0
7;2025-11-18;4;2
7;2025-11-18;5;201
7;2025-11-18;6;685
7;2025-11-18;7;1562
7;2025-11-18;8;2448
7;2025-11-18;9;1819
7;2025-11-18;10;1566
7;2025-11-18;11;1441
7;2025-11-18;12;1502
7;2025-11-18;13;1532
7;2025-11-18;14;1590
7;2025-11-18;15;1711
7;2025-11-18;16;1817
7;2025-11-18;17;2235
7;2025-11-18;18;2491
7;2025-11-18;19;1678
7;2025-11-18;20;1087
7;2025-11-18;21;628
7;2025-11-18;22;330
7;2025-11-18;23;185
7;2025-11-19;0;60
7;2025-11-19;1;12
7;2025-11-19;2;0
7;2025-11-19;3;0
7;2025-11-19;4;2
7;2025-11-19;5;203
7;2025-11-19;6;684
7;2025-11-19;7;1559
7;2025-11-19;8;2447
7;2025-11-19;9;1817
7;2025-11-19;10;1566
7;2025-11-19;11;1437
7;2025-11-19;12;1498
7;2025-11-19;13;1529
7;2025-11-19;14;1586
7;2025-11-19;15;1709
7;2025-11-19;16;1812
7;2025-11-19;17;2234
7;2025-11-19;18;2491
7;2025-11-19;19;1673
7;2025-11-19;20;1084
7;2025-11-19;21;630
7;2025-11-19;22;339
7;2025-11-19;23;200
7;2025-11-20;0;67
7;2025-11-20;1;17
7;2025-11-20;2;0
7;2025-11-20;3;0
7;2025-11-20;4;2
7;2025-11-20;5;202
7;2025-11-20;6;688
7;2025-11-20;7;1562
7;2025-11-20;8;2448
7;2025-11-20;9;1820
7;2025-11-20;10;1567
7;2025-11-20;11;1443
7;2025-11-20;12;1502
7;2025-11-20;13;1534
7;2025-11-20;14;1591
7;2025-11-20;15;1712
7;2025-11-20;16;1817
7;2025-11-20;17;2236
7;2025-11-20;18;2493
7;2025-11-20;19;1679
7;2025-11-20;20;1090
7;2025-11-20;21;639
7;2025-11-20;22;344
7;2025-11-20;23;205
7;2025-11-21;0;68
7;2025-11-21;1;15
7;2025-11-21;2;0
7;2025-11-21;3;0
7;2025-11-21;4;1
7;2025-11-21;5;198
7;2025-11-21;6;669
7;2025-11-21;7;1534
7;2025-11-21;8;2348
7;2025-11-21;9;1787
7;2025-11-21;10;1536
7;2025-11-21;11;1422
7;2025-11-21;12;1484
7;2025-11-21;13;1524
7;2025-11-21;14;1563
7;2025-11-21;15;1663
7;2025-11-21;16;1771
7;2025-11-21;17;2139
7;2025-11-21;18;2327
7;2025-11-21;19;1636
7;2025-11-21;20;1064
7;2025-11-21;21;621
7;2025-11-21;22;353
7;2025-11-21;23;223
7;2025-11-22;0;103
7;2025-11-22;1;25
7;2025-11-22;2;0
7;2025-11-22;3;0
7;2025-11-22;4;0
7;2025-11-22;5;54
7;2025-11-22;6;278
7;2025-11-22;7;472
7;2025-11-22;8;699
7;2025-11-22;9;755
7;2025-11-22;10;847
7;2025-11-22;11;955
7;2025-11-22;12;1110
7;2025-11-22;13;1128
7;2025-11-22;14;1163
7;2025-11-22;15;1115
7;2025-11-22;16;1083
7;2025-11-22;17;1056
7;2025-11-22;18;1010
7;2025-11-22;19;934
7;2025-11-22;20;717
7;2025-11-22;21;594
7;2025-11-22;22;324
7;2025-11-22;23;214
7;2025-11-23;0;96
7;2025-11-23;1;19
7;2025-11-23;2;0
7;2025-11-23;3;0
7;2025-11-23;4;0
7;2025-11-23;5;48
7;2025-11-23;6;192
7;2025-11-23;7;318
7;2025-11-23;8;515
7;2025-11-23;9;609
7;2025-11-23;10;710
7;2025-11-23;11;880
7;2025-11-23;12;1035
7;2025-11-23;13;1046
7;2025-11-23;14;1087
7;2025-11-23;15;1009
7;2025-11-23;16;907
7;2025-11-23;17;899
7;2025-11-23;18;855
7;2025-11-23;19;788
7;2025-11-23;20;628
7;2025-11-23;21;510
7;2025-11-23;22;286
7;2025-11-23;23;168
7;2025-11-24;0;64
7;2025-11-24;1;11
7;2025-11-24;2;0
7;2025-11-24;3;0
7;2025-11-24;4;1
7;2025-11-24;5;195
7;2025-11-24;6;665
7;2025-11-24;7;1537
7;2025-11-24;8;2430
7;2025-11-24;9;1793
7;2025-11-24;10;1513
7;2025-11-24;11;1383
7;2025-11-24;12;1436
7;2025-11-24;13;1501
7;2025-11-24;14;1527
7;2025-11-24;15;1661
7;2025-11-24;16;1765
7;2025-11-24;17;2193
7;2025-11-24;18;2466
7;2025-11-24;19;1603
7;2025-11-24;20;1064
7;2025-11-24;21;608
7;2025-11-24;22;314
7;2025-11-24;23;180
7;2025-11-25;0;59
7;2025-11-25;1;13
7;2025-11-25;2;0
7;2025-11-25;3;0
7;2025-11-25;4;2
7;2025-11-25;5;201
7;2025-11-25;6;685
7;2025-11-25;7;1562
7;2025-11-25;8;2448
7;2025-11-25;9;1819
7;2025-11-25;10;1566
7;2025-11-25;11;1441
7;2025-11-25;12;1502
7;2025-11-25;13;1532
7;2025-11-25;14;1590
7;2025-11-25;15;1711
7;2025-11-25;16;1817
7;2025-11-25;17;2235
7;2025-11-25;18;2491
7;2025-11-25;19;1678
7;2025-11-25;20;1087
7;2025-11-25;21;628
7;2025-11-25;22;330
7;2025-11-25;23;185
7;2025-11-26;0;60
7;2025-11-26;1;12
7;2025-11-26;2;0
7;2025-11-26;3;0
7;2025-11-26;4;2
7;2025-11-26;5;203
7;2025-11-26;6;684
7;2025-11-26;7;1559
7;2025-11-26;8;2447
7;2025-11-26;9;1817
7;2025-11-26;10;1566
7;2025-11-26;11;1437
7;2025-11-26;12;1498
7;2025-11-26;13;1529
7;2025-11-26;14;1586
7;2025-11-26;15;1709
7;2025-11-26;16;1812
7;2025-11-26;17;2234
7;2025-11-26;18;2491
7;2025-11-26;19;1673
7;2025-11-26;20;1084
7;2025-11-26;21;630
7;2025-11-26;22;339
7;2025-11-26;23;200
7;2025-11-27;0;67
7;2025-11-27;1;17
7;2025-11-27;2;0
7;2025-11-27;3;0
7;2025-11-27;4;2
7;2025-11-27;5;202
7;2025-11-27;6;688
7;2025-11-27;7;1562
7;2025-11-27;8;2448
7;2025-11-27;9;1820
7;2025-11-27;10;1567
7;2025-11-27;11;1443
7;2025-11-27;12;1502
7;2025-11-27;13;1534
7;2025-11-27;14;1591
7;2025-11-27;15;1712
7;2025-11-27;16;1817
7;2025-11-27;17;2236
7;2025-11-27;18;2493
7;2025-11-27;19;1679
7;2025-11-27;20;1090
7;2025-11-27;21;639
7;2025-11-27;22;344
7;2025-11-27;23;205
7;2025-11-28;0;68
7;2025-11-28;1;15
7;2025-11-28;2;0
7;2025-11-28;3;0
7;2025-11-28;4;1
7;2025-11-28;5;198
7;2025-11-28;6;669
7;2025-11-28;7;1534
7;2025-11-28;8;2348
7;2025-11-28;9;1787
7;2025-11-28;10;1536
7;2025-11-28;11;1422
7;2025-11-28;12;1484
7;2025-11-28;13;1524
7;2025-11-28;14;1563
7;2025-11-28;15;1663
7;2025-11-28;16;1771
7;2025-11-28;17;2139
7;2025-11-28;18;2327
7;2025-11-28;19;1636
7;2025-11-28;20;1064
7;2025-11-28;21;621
7;2025-11-28;22;353
7;2025-11-28;23;223
7;2025-11-29;0;103
7;2025-11-29;1;25
7;2025-11-29;2;0
7;2025-11-29;3;0
7;2025-11-29;4;0
7;2025-11-29;5;54
7;2025-11-29;6;278
7;2025-11-29;7;472
7;2025-11-29;8;699
7;2025-11-29;9;755
7;2025-11-29;10;847
7;2025-11-29;11;955
7;2025-11-29;12;1110
7;2025-11-29;13;1128
7;2025-11-29;14;1163
7;2025-11-29;15;1115
7;2025-11-29;16;1083
7;2025-11-29;17;1056
7;2025-11-29;18;1010
7;2025-11-29;19;934
7;2025-11-29;20;717
7;2025-11-29;21;594
7;2025-11-29;22;324
7;2025-11-29;23;214
7;2025-11-30;0;96
7;2025-11-30;1;19
7;2025-11-30;2;0
7;2025-11-30;3;0
7;2025-11-30;4;0
7;2025-11-30;5;48
7;2025-11-30;6;192
7;2025-11-30;7;318
7;2025-11-30;8;515
7;2025-11-30;9;609
7;2025-11-30;10;710
7;2025-11-30;11;880
7;2025-11-30;12;1035
7;2025-11-30;13;1046
7;2025-11-30;14;1087
7;2025-11-30;15;1009
7;2025-11-30;16;907
7;2025-11-30;17;899
7;2025-11-30;18;855
7;2025-11-30;19;788
7;2025-11-30;20;628
7;2025-11-30;21;510
7;2025-11-30;22;286
7;2025-11-30;23;168
7;2025-12-01;0;64
7;2025-12-01;1;11
7;2025-12-01;2;0
7;2025-12-01;3;0
7;2025-12-01;4;1
7;2025-12-01;5;195
7;2025-12-01;6;665
7;2025-12-01;7;1537
7;2025-12-01;8;2430
7;2025-12-01;9;1793
7;2025-12-01;10;1513
7;2025-12-01;11;1383
7;2025-12-01;12;1436
7;2025-12-01;13;1501
7;2025-12-01;14;1527
7;2025-12-01;15;1661
7;2025-12-01;16;1765
7;2025-12-01;17;2193
7;2025-12-01;18;2466
7;2025-12-01;19;1603
7;2025-12-01;20;1064
7;2025-12-01;21;608
7;2025-12-01;22;314
7;2025-12-01;23;180
7;2025-12-02;0;59
7;2025-12-02;1;13
7;2025-12-02;2;0
7;2025-12-02;3;0
7;2025-12-02;4;2
7;2025-12-02;5;201
7;2025-12-02;6;685
7;2025-12-02;7;1562
7;2025-12-02;8;2448
7;2025-12-02;9;1819
7;2025-12-02;10;1566
7;2025-12-02;11;1441
7;2025-12-02;12;1502
7;2025-12-02;13;1532
7;2025-12-02;14;1590
7;2025-12-02;15;1711
7;2025-12-02;16;1817
7;2025-12-02;17;2235
7;2025-12-02;18;2491
7;2025-12-02;19;1678
7;2025-12-02;20;1087
7;2025-12-02;21;628
7;2025-12-02;22;330
7;2025-12-02;23;185
7;2025-12-03;0;60
7;2025-12-03;1;12
7;2025-12-03;2;0
7;2025-12-03;3;0
7;2025-12-03;4;2
7;2025-12-03;5;203
7;2025-12-03;6;684
7;2025-12-03;7;1559
7;2025-12-03;8;2447
7;2025-12-03;9;1817
7;2025-12-03;10;1566
7;2025-12-03;11;1437
7;2025-12-03;12;1498
7;2025-12-03;13;1529
7;2025-12-03;14;1586
7;2025-12-03;15;1709
7;2025-12-03;16;1812
7;2025-12-03;17;2234
7;2025-12-03;18;2491
7;2025-12-03;19;1673
7;2025-12-03;20;1084
7;2025-12-03;21;630
7;2025-12-03;22;339
7;2025-12-03;23;200
7;2025-12-04;0;67
7;2025-12-04;1;17
7;2025-12-04;2;0
7;2025-12-04;3;0
7;2025-12-04;4;2
7;2025-12-04;5;202
7;2025-12-04;6;688
7;2025-12-04;7;1562
7;2025-12-04;8;2448
7;2025-12-04;9;1820
7;2025-12-04;10;1567
7;2025-12-04;11;1443
7;2025-12-04;12;1502
7;2025-12-04;13;1534
7;2025-12-04;14;1591
7;2025-12-04;15;1712
7;2025-12-04;16;1817
7;2025-12-04;17;2236
7;2025-12-04;18;2493
7;2025-12-04;19;1679
7;2025-12-04;20;1090
7;2025-12-04;21;639
7;2025-12-04;22;344
7;2025-12-04;23;205
7;2025-12-05;0;68
7;2025-12-05;1;15
7;2025-12-05;2;0
7;2025-12-05;3;0
7;2025-12-05;4;1
7;2025-12-05;5;198
7;2025-12-05;6;669
7;2025-12-05;7;1534
7;2025-12-05;8;2348
7;2025-12-05;9;1787
7;2025-12-05;10;1536
7;2025-12-05;11;1422
7;2025-12-05;12;1484
7;2025-12-05;13;1524
7;2025-12-05;14;1563
7;2025-12-05;15;1663
7;2025-12-05;16;1771
7;2025-12-05;17;2139
7;2025-12-05;18;2327
7;2025-12-05;19;1636
7;2025-12-05;20;1064
7;2025-12-05;21;621
7;2025-12-05;22;353
7;2025-12-05;23;223
7;2025-12-06;0;103
7;2025-12-06;1;25
7;2025-12-06;2;0
7;2025-12-06;3;0
7;2025-12-06;4;0
7;2025-12-06;5;54
7;2025-12-06;6;278
7;2025-12-06;7;472
7;2025-12-06;8;699
7;2025-12-06;9;755
7;2025-12-06;10;847
7;2025-12-06;11;955
7;2025-12-06;12;1110
7;2025-12-06;13;1128
7;2025-12-06;14;1163
7;2025-12-06;15;1115
7;2025-12-06;16;1083
7;2025-12-06;17;1056
7;2025-12-06;18;1010
7;2025-12-06;19;934
7;2025-12-06;20;717
7;2025-12-06;21;594
7;2025-12-06;22;324
7;2025-12-06;23;214
7;2025-12-07;0;96
7;2025-12-07;1;19
7;2025-12-07;2;0
7;2025-12-07;3;0
7;2025-12-07;4;0
7;2025-12-07;5;48
7;2025-12-07;6;192
7;2025-12-07;7;318
7;2025-12-07;8;515
7;2025-12-07;9;609
7;2025-12-07;10;710
7;2025-12-07;11;880
7;2025-12-07;12;1035
7;2025-12-07;13;1046
7;2025-12-07;14;1087
7;2025-12-07;15;1009
7;2025-12-07;16;907
7;2025-12-07;17;899
7;2025-12-07;18;855
7;2025-12-07;19;788
7;2025-12-07;20;628
7;2025-12-07;21;510
7;2025-12-07;22;286
7;2025-12-07;23;168
7;2025-12-08;0;64
7;2025-12-08;1;11
7;2025-12-08;2;0
7;2025-12-08;3;0
7;2025-12-08;4;1
7;2025-12-08;5;195
7;2025-12-08;6;665
7;2025-12-08;7;1537
7;2025-12-08;8;2430
7;2025-12-08;9;1793
7;2025-12-08;10;1513
7;2025-12-08;11;1383
7;2025-12-08;12;1436
7;2025-12-08;13;1501
7;2025-12-08;14;1527
7;2025-12-08;15;1661
7;2025-12-08;16;1765
7;2025-12-08;17;2193
7;2025-12-08;18;2466
7;2025-12-08;19;1603
7;2025-12-08;20;1064
7;2025-12-08;21;608
7;2025-12-08;22;314
7;2025-12-08;23;180
7;2025-12-09;0;59
7;2025-12-09;1;13
7;2025-12-09;2;0
7;2025-12-09;3;0
7;2025-12-09;4;2
7;2025-12-09;5;201
7;2025-12-09;6;685
7;2025-12-09;7;1562
7;2025-12-09;8;2448
7;2025-12-09;9;1819
7;2025-12-09;10;1566
7;2025-12-09;11;1441
7;2025-12-09;12;1502
7;2025-12-09;13;1532
7;2025-12-09;14;1590
7;2025-12-09;15;1711
7;2025-12-09;16;1817
7;2025-12-09;17;2235
7;2025-12-09;18;2491
7;2025-12-09;19;1678
7;2025-12-09;20;1087
7;2025-12-09;21;628
7;2025-12-09;22;330
7;2025-12-09;23;185
7;2025-12-10;0;60
7;2025-12-10;1;12
7;2025-12-10;2;0
7;2025-12-10;3;0
7;2025-12-10;4;2
7;2025-12-10;5;203
7;2025-12-10;6;684
7;2025-12-10;7;1559
7;2025-12-10;8;2447
7;2025-12-10;9;1817
7;2025-12-10;10;1566
7;2025-12-10;11;1437
7;2025-12-10;12;1498
7;2025-12-10;13;1529
7;2025-12-10;14;1586
7;2025-12-10;15;1709
7;2025-12-10;16;1812
7;2025-12-10;17;2234
7;2025-12-10;18;2491
7;2025-12-10;19;1673
7;2025-12-10;20;1084
7;2025-12-10;21;630
7;2025-12-10;22;339
7;2025-12-10;23;200
7;2025-12-11;0;67
7;2025-12-11;1;17
7;2025-12-11;2;0
7;2025-12-11;3;0
7;2025-12-11;4;2
7;2025-12-11;5;202
7;2025-12-11;6;688
7;2025-12-11;7;1562
7;2025-12-11;8;2448
7;2025-12-11;9;1820
7;2025-12-11;10;1567
7;2025-12-11;11;1443
7;2025-12-11;12;1502
7;2025-12-11;13;1534
7;2025-12-11;14;1591
7;2025-12-11;15;1712
7;2025-12-11;16;1817
7;2025-12-11;17;2236
7;2025-12-11;18;2493
7;2025-12-11;19;1679
7;2025-12-11;20;1090
7;2025-12-11;21;639
7;2025-12-11;22;344
7;2025-12-11;23;205
7;2025-12-12;0;68
7;2025-12-12;1;15
7;2025-12-12;2;0
7;2025-12-12;3;0
7;2025-12-12;4;1
7;2025-12-12;5;198
7;2025-12-12;6;669
7;2025-12-12;7;1534
7;2025-12-12;8;2348
7;2025-12-12;9;1787
7;2025-12-12;10;1536
7;2025-12-12;11;1422
7;2025-12-12;12;1484
7;2025-12-12;13;1524
7;2025-12-12;14;1563
7;2025-12-12;15;1663
7;2025-12-12;16;1771
7;2025-12-12;17;2139
7;2025-12-12;18;2327
7;2025-12-12;19;1636
7;2025-12-12;20;1064
7;2025-12-12;21;621
7;2025-12-12;22;353
7;2025-12-12;23;223
7;2025-12-13;0;103
7;2025-12-13;1;25
7;2025-12-13;2;0
7;2025-12-13;3;0
7;2025-12-13;4;0
7;2025-12-13;5;54
7;2025-12-13;6;278
7;2025-12-13;7;472
7;2025-12-13;8;699
7;2025-12-13;9;755
7;2025-12-13;10;847
7;2025-12-13;11;955
7;2025-12-13;12;1110
7;2025-12-13;13;1128
7;2025-12-13;14;1163
7;2025-12-13;15;1115
7;2025-12-13;16;1083
7;2025-12-13;17;1056
7;2025-12-13;18;1010
7;2025-12-13;19;934
7;2025-12-13;20;717
7;2025-12-13;21;594
7;2025-12-13;22;324
7;2025-12-13;23;214
7;2025-12-14;0;96
7;2025-12-14;1;19
7;2025-12-14;2;0
7;2025-12-14;3;0
7;2025-12-14;4;0
7;2025-12-14;5;48
7;2025-12-14;6;192
7;2025-12-14;7;318
7;2025-12-14;8;515
7;2025-12-14;9;609
7;2025-12-14;10;710
7;2025-12-14;11;880
7;2025-12-14;12;1035
7;2025-12-14;13;1046
7;2025-12-14;14;1087
7;2025-12-14;15;1009
7;2025-12-14;16;907
7;2025-12-14;17;899
7;2025-12-14;18;855
7;2025-12-14;19;788
7;2025-12-14;20;628
7;2025-12-14;21;510
7;2025-12-14;22;286
7;2025-12-14;23;168
7;2025-12-15;0;64
7;2025-12-15;1;11
7;2025-12-15;2;0
7;2025-12-15;3;0
7;2025-12-15;4;1
7;2025-12-15;5;195
7;2025-12-15;6;665
7;2025-12-15;7;1537
7;2025-12-15;8;2430
7;2025-12-15;9;1793
7;2025-12-15;10;1513
7;2025-12-15;11;1383
7;2025-12-15;12;1436
7;2025-12-15;13;1501
7;2025-12-15;14;1527
7;2025-12-15;15;1661
7;2025-12-15;16;1765
7;2025-12-15;17;2193
7;2025-12-15;18;2466
7;2025-12-15;19;1603
7;2025-12-15;20;1064
7;2025-12-15;21;608
7;2025-12-15;22;314
7;2025-12-15;23;180
7;2025-12-16;0;59
7;2025-12-16;1;13
7;2025-12-16;2;0
7;2025-12-16;3;0
7;2025-12-16;4;2
7;2025-12-16;5;201
7;2025-12-16;6;685
7;2025-12-16;7;1562
7;2025-12-16;8;2448
7;2025-12-16;9;1819
7;2025-12-16;10;1566
7;2025-12-16;11;1441
7;2025-12-16;12;1502
7;2025-12-16;13;1532
7;2025-12-16;14;1590
7;2025-12-16;15;1711
7;2025-12-16;16;1817
7;2025-12-16;17;2235
7;2025-12-16;18;2491
7;2025-12-16;19;1678
7;2025-12-16;20;1087
7;2025-12-16;21;628
7;2025-12-16;22;330
7;2025-12-16;23;185
7;2025-12-17;0;60
7;2025-12-17;1;12
7;2025-12-17;2;0
7;2025-12-17;3;0
7;2025-12-17;4;2
7;2025-12-17;5;203
7;2025-12-17;6;684
7;2025-12-17;7;1559
7;2025-12-17;8;2447
7;2025-12-17;9;1817
7;2025-12-17;10;1566
7;2025-12-17;11;1437
7;2025-12-17;12;1498
7;2025-12-17;13;1529
7;2025-12-17;14;1586
7;2025-12-17;15;1709
7;2025-12-17;16;1812
7;2025-12-17;17;2234
7;2025-12-17;18;2491
7;2025-12-17;19;1673
7;2025-12-17;20;1084
7;2025-12-17;21;630
7;2025-12-17;22;339
7;2025-12-17;23;200
7;2025-12-18;0;67
7;2025-12-18;1;17
7;2025-12-18;2;0
7;2025-12-18;3;0
7;2025-12-18;4;2
7;2025-12-18;5;202
7;2025-12-18;6;688
7;2025-12-18;7;1562
7;2025-12-18;8;2448
7;2025-12-18;9;1820
7;2025-12-18;10;1567
7;2025-12-18;11;1443
7;2025-12-18;12;1502
7;2025-12-18;13;1534
7;2025-12-18;14;1591
7;2025-12-18;15;1712
7;2025-12-18;16;1817
7;2025-12-18;17;2236
7;2025-12-18;18;2493
7;2025-12-18;19;1679
7;2025-12-18;20;1090
7;2025-12-18;21;639
7;2025-12-18;22;344
7;2025-12-18;23;205
7;2025-12-19;0;68
7;2025-12-19;1;15
7;2025-12-19;2;0
7;2025-12-19;3;0
7;2025-12-19;4;1
7;2025-12-19;5;198
7;2025-12-19;6;669
7;2025-12-19;7;1534
7;2025-12-19;8;2348
7;2025-12-19;9;1787
7;2025-12-19;10;1536
7;2025-12-19;11;1422
7;2025-12-19;12;1484
7;2025-12-19;13;1524
7;2025-12-19;14;1563
7;2025-12-19;15;1663
7;2025-12-19;16;1771
7;2025-12-19;17;2139
7;2025-12-19;18;2327
7;2025-12-19;19;1636
7;2025-12-19;20;1064
7;2025-12-19;21;621
7;2025-12-19;22;353
7;2025-12-19;23;223
7;2025-12-20;0;103
7;2025-12-20;1;25
7;2025-12-20;2;0
7;2025-12-20;3;0
7;2025-12-20;4;0
7;2025-12-20;5;54
7;2025-12-20;6;278
7;2025-12-20;7;472
7;2025-12-20;8;699
7;2025-12-20;9;755
7;2025-12-20;10;847
7;2025-12-20;11;955
7;2025-12-20;12;1110
7;2025-12-20;13;1128
7;2025-12-20;14;1163
7;2025-12-20;15;1115
7;2025-12-20;16;1083
7;2025-12-20;17;1056
7;2025-12-20;18;1010
7;2025-12-20;19;934
7;2025-12-20;20;717
7;2025-12-20;21;594
7;2025-12-20;22;324
7;2025-12-20;23;214
7;2025-12-21;0;96
7;2025-12-21;1;19
7;2025-12-21;2;0
7;2025-12-21;3;0
7;2025-12-21;4;0
7;2025-12-21;5;48
7;2025-12-21;6;192
7;2025-12-21;7;318
7;2025-12-21;8;515
7;2025-12-21;9;609
7;2025-12-21;10;710
7;2025-12-21;11;880
7;2025-12-21;12;1035
7;2025-12-21;13;1046
7;2025-12-21;14;1087
7;2025-12-21;15;1009
7;2025-12-21;16;907
7;2025-12-21;17;899
7;2025-12-21;18;855
7;2025-12-21;19;788
7;2025-12-21;20;628
7;2025-12-21;21;510
7;2025-12-21;22;286
7;2025-12-21;23;168
7;2025-12-22;0;64
7;2025-12-22;1;11
7;2025-12-22;2;0
7;2025-12-22;3;0
7;2025-12-22;4;1
7;2025-12-22;5;195
7;2025-12-22;6;665
7;2025-12-22;7;1537
7;2025-12-22;8;2430
7;2025-12-22;9;1793
7;2025-12-22;10;1513
7;2025-12-22;11;1383
7;2025-12-22;12;1436
7;2025-12-22;13;1501
7;2025-12-22;14;1527
7;2025-12-22;15;1661
7;2025-12-22;16;1765
7;2025-12-22;17;2193
7;2025-12-22;18;2466
7;2025-12-22;19;1603
7;2025-12-22;20;1064
7;2025-12-22;21;608
7;2025-12-22;22;314
7;2025-12-22;23;180
7;2025-12-23;0;59
7;2025-12-23;1;13
7;2025-12-23;2;0
7;2025-12-23;3;0
7;2025-12-23;4;2
7;2025-12-23;5;201
7;2025-12-23;6;685
7;2025-12-23;7;1562
7;2025-12-23;8;2448
7;2025-12-23;9;1819
7;2025-12-23;10;1566
7;2025-12-23;11;1441
7;2025-12-23;12;1502
7;2025-12-23;13;1532
7;2025-12-23;14;1590
7;2025-12-23;15;1711
7;2025-12-23;16;1817
7;2025-12-23;17;2235
7;2025-12-23;18;2491
7;2025-12-23;19;1678
7;2025-12-23;20;1087
7;2025-12-23;21;628
7;2025-12-23;22;330
7;2025-12-23;23;185
7;2025-12-24;0;60
7;2025-12-24;1;12
7;2025-12-24;2;0
7;2025-12-24;3;0
7;2025-12-24;4;2
7;2025-12-24;5;203
7;2025-12-24;6;684
7;2025-12-24;7;1559
7;2025-12-24;8;2447
7;2025-12-24;9;1817
7;2025-12-24;10;1566
7;2025-12-24;11;1437
7;2025-12-24;12;1498
7;2025-12-24;13;1529
7;2025-12-24;14;1586
7;2025-12-24;15;1709
7;2025-12-24;16;1812
7;2025-12-24;17;2234
7;2025-12-24;18;2491
7;2025-12-24;19;1673
7;2025-12-24;20;1084
7;2025-12-24;21;630
7;2025-12-24;22;339
7;2025-12-24;23;200
7;2025-12-25;0;67
7;2025-12-25;1;17
7;2025-12-25;2;0
7;2025-12-25;3;0
7;2025-12-25;4;2
7;2025-12-25;5;202
7;2025-12-25;6;688
7;2025-12-25;7;1562
7;2025-12-25;8;2448
7;2025-12-25;9;1820
7;2025-12-25;10;1567
7;2025-12-25;11;1443
7;2025-12-25;12;1502
7;2025-12-25;13;1534
7;2025-12-25;14;1591
7;2025-12-25;15;1712
7;2025-12-25;16;1817
7;2025-12-25;17;2236
7;2025-12-25;18;2493
7;2025-12-25;19;1679
7;2025-12-25;20;1090
7;2025-12-25;21;639
7;2025-12-25;22;344
7;2025-12-25;23;205
7;2025-12-26;0;68
7;2025-12-26;1;15
7;2025-12-26;2;0
7;2025-12-26;3;0
7;2025-12-26;4;1
7;2025-12-26;5;198
7;2025-12-26;6;669
7;2025-12-26;7;1534
7;2025-12-26;8;2348
7;2025-12-26;9;1787
7;2025-12-26;10;1536
7;2025-12-26;11;1422
7;2025-12-26;12;1484
7;2025-12-26;13;1524
7;2025-12-26;14;1563
7;2025-12-26;15;1663
7;2025-12-26;16;1771
7;2025-12-26;17;2139
7;2025-12-26;18;2327
7;2025-12-26;19;1636
7;2025-12-26;20;1064
7;2025-12-26;21;621
7;2025-12-26;22;353
7;2025-12-26;23;223
7;2025-12-27;0;103
7;2025-12-27;1;25
7;2025-12-27;2;0
7;2025-12-27;3;0
7;2025-12-27;4;0
7;2025-12-27;5;54
7;2025-12-27;6;278
7;2025-12-27;7;472
7;2025-12-27;8;699
7;2025-12-27;9;755
7;2025-12-27;10;847
7;2025-12-27;11;955
7;2025-12-27;12;1110
7;2025-12-27;13;1128
7;2025-12-27;14;1163
7;2025-12-27;15;1115
7;2025-12-27;16;1083
7;2025-12-27;17;1056
7;2025-12-27;18;1010
7;2025-12-27;19;934
7;2025-12-27;20;717
7;2025-12-27;21;594
7;2025-12-27;22;324
7;2025-12-27;23;214
7;2025-12-28;0;96
7;2025-12-28;1;19
7;2025-12-28;2;0
7;2025-12-28;3;0
7;2025-12-28;4;0
7;2025-12-28;5;48
7;2025-12-28;6;192
7;2025-12-28;7;318
7;2025-12-28;8;515
7;2025-12-28;9;609
7;2025-12-28;10;710
7;2025-12-28;11;880
7;2025-12-28;12;1035
7;2025-12-28;13;1046
7;2025-12-28;14;1087
7;2025-12-28;15;1009
7;2025-12-28;16;907
7;2025-12-28;17;899
7;2025-12-28;18;855
7;2025-12-28;19;788
7;2025-12-28;20;628
7;2025-12-28;21;510
7;2025-12-28;22;286
7;2025-12-28;23;168
7;2025-12-29;0;64
7;2025-12-29;1;11
7;2025-12-29;2;0
7;2025-12-29;3;0
7;2025-12-29;4;1
7;2025-12-29;5;195
7;2025-12-29;6;665
7;2025-12-29;7;1537
7;2025-12-29;8;2430
7;2025-12-29;9;1793
7;2025-12-29;10;1513
7;2025-12-29;11;1383
7;2025-12-29;12;1436
7;2025-12-29;13;1501
7;2025-12-29;14;1527
7;2025-12-29;15;1661
7;2025-12-29;16;1765
7;2025-12-29;17;2193
7;2025-12-29;18;2466
7;2025-12-29;19;1603
7;2025-12-29;20;1064
7;2025-12-29;21;608
7;2025-12-29;22;314
7;2025-12-29;23;180
7;2025-12-30;0;59
7;2025-12-30;1;13
7;2025-12-30;2;0
7;2025-12-30;3;0
7;2025-12-30;4;2
7;2025-12-30;5;201
7;2025-12-30;6;685
7;2025-12-30;7;1562
7;2025-12-30;8;2448
7;2025-12-30;9;1819
7;2025-12-30;10;1566
7;2025-12-30;11;1441
7;2025-12-30;12;1502
7;2025-12-30;13;1532
7;2025-12-30;14;1590
7;2025-12-30;15;1711
7;2025-12-30;16;1817
7;2025-12-30;17;2235
7;2025-12-30;18;2491
7;2025-12-30;19;1678
7;2025-12-30;20;1087
7;2025-12-30;21;628
7;2025-12-30;22;330
7;2025-12-30;23;185
7;2025-12-31;0;56
7;2025-12-31;1;3
7;2025-12-31;2;0
7;2025-12-31;3;0
7;2025-12-31;4;0
7;2025-12-31;5;180
7;2025-12-31;6;299
7;2025-12-31;7;532
7;2025-12-31;8;715
7;2025-12-31;9;702
7;2025-12-31;10;780
7;2025-12-31;11;874
7;2025-12-31;12;1005
7;2025-12-31;13;992
7;2025-12-31;14;1032
7;2025-12-31;15;930
7;2025-12-31;16;926
7;2025-12-31;17;873
7;2025-12-31;18;962
7;2025-12-31;19;918
7;2025-12-31;20;643
7;2025-12-31;21;488
7;2025-12-31;22;318
7;2025-12-31;23;195
11;2025-11-01;0;141
11;2025-11-01;1;9
11;2025-11-01;2;0
11;2025-11-01;3;0
11;2025-11-01;4;3
11;2025-11-01;5;199
11;2025-11-01;6;815
11;2025-11-01;7;967
11;2025-11-01;8;2827
11;2025-11-01;9;2167
11;2025-11-01;10;1816
11;2025-11-01;11;1869
11;2025-11-01;12;2000
11;2025-11-01;13;2032
11;2025-11-01;14;2046
11;2025-11-01;15;2047
11;2025-11-01;16;2178
11;2025-11-01;17;2740
11;2025-11-01;18;2889
11;2025-11-01;19;2240
11;2025-11-01;20;1530
11;2025-11-01;21;751
11;2025-11-01;22;488
11;2025-11-01;23;331
11;2025-11-02;0;102
11;2025-11-02;1;10
11;2025-11-02;2;0
11;2025-11-02;3;0
11;2025-11-02;4;1
11;2025-11-02;5;139
11;2025-11-02;6;527
11;2025-11-02;7;514
11;2025-11-02;8;682
11;2025-11-02;9;910
11;2025-11-02;10;1059
11;2025-11-02;11;1458
11;2025-11-02;12;1559
11;2025-11-02;13;1548
11;2025-11-02;14;1557
11;2025-11-02;15;1601
11;2025-11-02;16;1540
11;2025-11-02;17;1618
11;2025-11-02;18;1371
11;2025-11-02;19;1220
11;2025-11-02;20;977
11;2025-11-02;21;686
11;2025-11-02;22;404
11;2025-11-02;23;240
11;2025-11-03;0;69
11;2025-11-03;1;3
11;2025-11-03;2;0
11;2025-11-03;3;0
11;2025-11-03;4;1
11;2025-11-03;5;225
11;2025-11-03;6;447
11;2025-11-03;7;740
11;2025-11-03;8;933
11;2025-11-03;9;1032
11;2025-11-03;10;1075
11;2025-11-03;11;1382
11;2025-11-03;12;1439
11;2025-11-03;13;1482
11;2025-11-03;14;1413
11;2025-11-03;15;1512
11;2025-11-03;16;1554
11;2025-11-03;17;1514
11;2025-11-03;18;1396
11;2025-11-03;19;1289
11;2025-11-03;20;1059
11;2025-11-03;21;648
11;2025-11-03;22;420
11;2025-11-03;23;232
11;2025-11-04;0;69
11;2025-11-04;1;4
11;2025-11-04;2;0
11;2025-11-04;3;0
11;2025-11-04;4;2
11;2025-11-04;5;157
11;2025-11-04;6;413
11;2025-11-04;7;558
11;2025-11-04;8;743
11;2025-11-04;9;879
11;2025-11-04;10;845
11;2025-11-04;11;1172
11;2025-11-04;12;1224
11;2025-11-04;13;1323
11;2025-11-04;14;1219
11;2025-11-04;15;1376
11;2025-11-04;16;1391
11;2025-11-04;17;1475
11;2025-11-04;18;1331
11;2025-11-04;19;1184
11;2025-11-04;20;917
11;2025-11-04;21;630
11;2025-11-04;22;369
11;2025-11-04;23;229
11;2025-11-05;0;66
11;2025-11-05;1;0
11;2025-11-05;2;0
11;2025-11-05;3;0
11;2025-11-05;4;0
11;2025-11-05;5;293
11;2025-11-05;6;1350
11;2025-11-05;7;2314
11;2025-11-05;8;3076
11;2025-11-05;9;2358
11;2025-11-05;10;1832
11;2025-11-05;11;1804
11;2025-11-05;12;1854
11;2025-11-05;13;1924
11;2025-11-05;14;1914
11;2025-11-05;15;1990
11;2025-11-05;16;2175
11;2025-11-05;17;2760
11;2025-11-05;18;2978
11;2025-11-05;19;2314
11;2025-11-05;20;1552
11;2025-11-05;21;929
11;2025-11-05;22;467
11;2025-11-05;23;264
11;2025-11-06;0;74
11;2025-11-06;1;0
11;2025-11-06;2;0
11;2025-11-06;3;0
11;2025-11-06;4;0
11;2025-11-06;5;296
11;2025-11-06;6;1361
11;2025-11-06;7;2315
11;2025-11-06;8;3077
11;2025-11-06;9;2365
11;2025-11-06;10;1839
11;2025-11-06;11;1813
11;2025-11-06;12;1863
11;2025-11-06;13;1928
11;2025-11-06;14;1923
11;2025-11-06;15;1996
11;2025-11-06;16;2181
11;2025-11-06;17;2763
11;2025-11-06;18;2985
11;2025-11-06;19;2320
11;2025-11-06;20;1564
11;2025-11-06;21;935
11;2025-11-06;22;480
11;2025-11-06;23;272
11;2025-11-07;0;73
11;2025-11-07;1;1
11;2025-11-07;2;0
11;2025-11-07;3;0
11;2025-11-07;4;0
11;2025-11-07;5;291
11;2025-11-07;6;1339
11;2025-11-07;7;2282
11;2025-11-07;8;2953
11;2025-11-07;9;2322
11;2025-11-07;10;1794
11;2025-11-07;11;1784
11;2025-11-07;12;1844
11;2025-11-07;13;1914
11;2025-11-07;14;1907
11;2025-11-07;15;1990
11;2025-11-07;16;2169
11;2025-11-07;17;2700
11;2025-11-07;18;2840
11;2025-11-07;19;2275
11;2025-11-07;20;1529
11;2025-11-07;21;920
11;2025-11-07;22;477
11;2025-11-07;23;293
11;2025-11-08;0;110
11;2025-11-08;1;6
11;2025-11-08;2;0
11;2025-11-08;3;0
11;2025-11-08;4;4
11;2025-11-08;5;185
11;2025-11-08;6;775
11;2025-11-08;7;745
11;2025-11-08;8;922
11;2025-11-08;9;1078
11;2025-11-08;10;1147
11;2025-11-08;11;1510
11;2025-11-08;12;1635
11;2025-11-08;13;1612
11;2025-11-08;14;1621
11;2025-11-08;15;1669
11;2025-11-08;16;1654
11;2025-11-08;17;1751
11;2025-11-08;18;1521
11;2025-11-08;19;1386
11;2025-11-08;20;1079
11;2025-11-08;21;766
11;2025-11-08;22;450
11;2025-11-08;23;301
11;2025-11-09;0;102
11;2025-11-09;1;10
11;2025-11-09;2;0
11;2025-11-09;3;0
11;2025-11-09;4;1
11;2025-11-09;5;139
11;2025-11-09;6;527
11;2025-11-09;7;514
11;2025-11-09;8;682
11;2025-11-09;9;910
11;2025-11-09;10;1059
11;2025-11-09;11;1458
11;2025-11-09;12;1559
11;2025-11-09;13;1548
11;2025-11-09;14;1557
11;2025-11-09;15;1601
11;2025-11-09;16;1540
11;2025-11-09;17;1618
11;2025-11-09;18;1371
11;2025-11-09;19;1220
11;2025-11-09;20;977
11;2025-11-09;21;686
11;2025-11-09;22;404
11;2025-11-09;23;240
11;2025-11-10;0;69
11;2025-11-10;1;4
11;2025-11-10;2;0
11;2025-11-10;3;0
11;2025-11-10;4;0
11;2025-11-10;5;274
11;2025-11-10;6;1333
11;2025-11-10;7;2288
11;2025-11-10;8;3054
11;2025-11-10;9;2331
11;2025-11-10;10;1793
11;2025-11-10;11;1765
11;2025-11-10;12;1819
11;2025-11-10;13;1881
11;2025-11-10;14;1879
11;2025-11-10;15;1964
11;2025-11-10;16;2137
11;2025-11-10;17;2719
11;2025-11-10;18;2952
11;2025-11-10;19;2272
11;2025-11-10;20;1509
11;2025-11-10;21;912
11;2025-11-10;22;449
11;2025-11-10;23;238
11;2025-11-11;0;65
11;2025-11-11;1;0
11;2025-11-11;2;0
11;2025-11-11;3;0
11;2025-11-11;4;0
11;2025-11-11;5;291
11;2025-11-11;6;1352
11;2025-11-11;7;2315
11;2025-11-11;8;3076
11;2025-11-11;9;2362
11;2025-11-11;10;1833
11;2025-11-11;11;1807
11;2025-11-11;12;1858
11;2025-11-11;13;1926
11;2025-11-11;14;1918
11;2025-11-11;15;1996
11;2025-11-11;16;2181
11;2025-11-11;17;2762
11;2025-11-11;18;2980
11;2025-11-11;19;2319
11;2025-11-11;20;1555
11;2025-11-11;21;928
11;2025-11-11;22;463
11;2025-11-11;23;244
11;2025-11-12;0;66
11;2025-11-12;1;0
11;2025-11-12;2;0
11;2025-11-12;3;0
11;2025-11-12;4;0
11;2025-11-12;5;293
11;2025-11-12;6;1350
11;2025-11-12;7;2314
11;2025-11-12;8;3076
11;2025-11-12;9;2358
11;2025-11-12;10;1832
11;2025-11-12;11;1804
11;2025-11-12;12;1854
11;2025-11-12;13;1924
11;2025-11-12;14;1914
11;2025-11-12;15;1990
11;2025-11-12;16;2175
11;2025-11-12;17;2760
11;2025-11-12;18;2978
11;2025-11-12;19;2314
11;2025-11-12;20;1552
11;2025-11-12;21;929
11;2025-11-12;22;467
11;2025-11-12;23;264
11;2025-11-13;0;74
11;2025-11-13;1;0
11;2025-11-13;2;0
11;2025-11-13;3;0
11;2025-11-13;4;0
11;2025-11-13;5;296
11;2025-11-13;6;1361
11;2025-11-13;7;2315
11;2025-11-13;8;3077
11;2025-11-13;9;2365
11;2025-11-13;10;1839
11;2025-11-13;11;1813
11;2025-11-13;12;1863
11;2025-11-13;13;1928
11;2025-11-13;14;1923
11;2025-11-13;15;1996
11;2025-11-13;16;2181
11;2025-11-13;17;2763
11;2025-11-13;18;2985
11;2025-11-13;19;2320
11;2025-11-13;20;1564
11;2025-11-13;21;935
11;2025-11-13;22;480
11;2025-11-13;23;272
11;2025-11-14;0;73
11;2025-11-14;1;1
11;2025-11-14;2;0
11;2025-11-14;3;0
11;2025-11-14;4;0
11;2025-11-14;5;291
11;2025-11-14;6;1339
11;2025-11-14;7;2282
11;2025-11-14;8;2953
11;2025-11-14;9;2322
11;2025-11-14;10;1794
11;2025-11-14;11;1784
11;2025-11-14;12;1844
11;2025-11-14;13;1914
11;2025-11-14;14;1907
11;2025-11-14;15;1990
11;2025-11-14;16;2169
11;2025-11-14;17;2700
11;2025-11-14;18;2840
11;2025-11-14;19;2275
11;2025-11-14;20;1529
11;2025-11-14;21;920
11;2025-11-14;22;477
11;2025-11-14;23;293
11;2025-11-15;0;110
11;2025-11-15;1;6
11;2025-11-15;2;0
11;2025-11-15;3;0
11;2025-11-15;4;4
11;2025-11-15;5;185
11;2025-11-15;6;775
11;2025-11-15;7;745
11;2025-11-15;8;922
11;2025-11-15;9;1078
11;2025-11-15;10;1147
11;2025-11-15;11;1510
11;2025-11-15;12;1635
11;2025-11-15;13;1612
11;2025-11-15;14;1621
11;2025-11-15;15;1669
11;2025-11-15;16;1654
11;2025-11-15;17;1751
11;2025-11-15;18;1521
11;2025-11-15;19;1386
11;2025-11-15;20;1079
11;2025-11-15;21;766
11;2025-11-15;22;450
11;2025-11-15;23;301
11;2025-11-16;0;102
11;2025-11-16;1;10
11;2025-11-16;2;0
11;2025-11-16;3;0
11;2025-11-16;4;1
11;2025-11-16;5;139
11;2025-11-16;6;527
11;2025-11-16;7;514
11;2025-11-16;8;682
11;2025-11-16;9;910
11;2025-11-16;10;1059
11;2025-11-16;11;1458
11;2025-11-16;12;1559
11;2025-11-16;13;1548
11;2025-11-16;14;1557
11;2025-11-16;15;1601
11;2025-11-16;16;1540
11;2025-11-16;17;1618
11;2025-11-16;18;1371
11;2025-11-16;19;1220
11;2025-11-16;20;977
11;2025-11-16;21;686
11;2025-11-16;22;404
11;2025-11-16;23;240
11;2025-11-17;0;69
11;2025-11-17;1;4
11;2025-11-17;2;0
11;2025-11-17;3;0
11;2025-11-17;4;0
11;2025-11-17;5;274
11;2025-11-17;6;1333
11;2025-11-17;7;2288
11;2025-11-17;8;3054
11;2025-11-17;9;2331
11;2025-11-17;10;1793
11;2025-11-17;11;1765
11;2025-11-17;12;1819
11;2025-11-17;13;1881
11;2025-11-17;14;1879
11;2025-11-17;15;1964
11;2025-11-17;16;2137
11;2025-11-17;17;2719
11;2025-11-17;18;2952
11;2025-11-17;19;2272
11;2025-11-17;20;1509
11;2025-11-17;21;912
11;2025-11-17;22;449
11;2025-11-17;23;238
11;2025-11-18;0;65
11;2025-11-18;1;0
11;2025-11-18;2;0
11;2025-11-18;3;0
11;2025-11-18;4;0
11;2025-11-18;5;291
11;2025-11-18;6;1352
11;2025-11-18;7;2315
11;2025-11-18;8;3076
11;2025-11-18;9;2362
11;2025-11-18;10;1833
11;2025-11-18;11;1807
11;2025-11-18;12;1858
11;2025-11-18;13;1926
11;2025-11-18;14;1918
11;2025-11-18;15;1996
11;2025-11-18;16;2181
11;2025-11-18;17;2762
11;2025-11-18;18;2980
11;2025-11-18;19;2319
11;2025-11-18;20;1555
11;2025-11-18;21;928
11;2025-11-18;22;463
11;2025-11-18;23;244
11;2025-11-19;0;66
11;2025-11-19;1;0
11;2025-11-19;2;0
11;2025-11-19;3;0
11;2025-11-19;4;0
11;2025-11-19;5;293
11;2025-11-19;6;1350
11;2025-11-19;7;2314
11;2025-11-19;8;3076
11;2025-11-19;9;2358
11;2025-11-19;10;1832
11;2025-11-19;11;1804
11;2025-11-19;12;1854
11;2025-11-19;13;1924
11;2025-11-19;14;1914
11;2025-11-19;15;1990
11;2025-11-19;16;2175
11;2025-11-19;17;2760
11;2025-11-19;18;2978
11;2025-11-19;19;2314
11;2025-11-19;20;1552
11;2025-11-19;21;929
11;2025-11-19;22;467
11;2025-11-19;23;264
11;2025-11-20;0;74
11;2025-11-20;1;0
11;2025-11-20;2;0
11;2025-11-20;3;0
11;2025-11-20;4;0
11;2025-11-20;5;296
11;2025-11-20;6;1361
11;2025-11-20;7;2315
11;2025-11-20;8;3077
11;2025-11-20;9;2365
11;2025-11-20;10;1839
11;2025-11-20;11;1813
11;2025-11-20;12;1863
11;2025-11-20;13;1928
11;2025-11-20;14;1923
11;2025-11-20;15;1996
11;2025-11-20;16;2181
11;2025-11-20;17;2763
11;2025-11-20;18;2985
11;2025-11-20;19;2320
11;2025-11-20;20;1564
11;2025-11-20;21;935
11;2025-11-20;22;480
11;2025-11-20;23;272
11;2025-11-21;0;73
11;2025-11-21;1;1
11;2025-11-21;2;0
11;2025-11-21;3;0
11;2025-11-21;4;0
11;2025-11-21;5;291
11;2025-11-21;6;1339
11;2025-11-21;7;2282
11;2025-11-21;8;2953
11;2025-11-21;9;2322
11;2025-11-21;10;1794
11;2025-11-21;11;1784
11;2025-11-21;12;1844
11;2025-11-21;13;1914
11;2025-11-21;14;1907
11;2025-11-21;15;1990
11;2025-11-21;16;2169
11;2025-11-21;17;2700
11;2025-11-21;18;2840
11;2025-11-21;19;2275
11;2025-11-21;20;1529
11;2025-11-21;21;920
11;2025-11-21;22;477
11;2025-11-21;23;293
11;2025-11-22;0;110
11;2025-11-22;1;6
11;2025-11-22;2;0
11;2025-11-22;3;0
11;2025-11-22;4;4
11;2025-11-22;5;185
11;2025-11-22;6;775
11;2025-11-22;7;745
11;2025-11-22;8;922
11;2025-11-22;9;1078
11;2025-11-22;10;1147
11;2025-11-22;11;1510
11;2025-11-22;12;1635
11;2025-11-22;13;1612
11;2025-11-22;14;1621
11;2025-11-22;15;1669
11;2025-11-22;16;1654
11;2025-11-22;17;1751
11;2025-11-22;18;1521
11;2025-11-22;19;1386
11;2025-11-22;20;1079
11;2025-11-22;21;766
11;2025-11-22;22;450
11;2025-11-22;23;301
11;2025-11-23;0;102
11;2025-11-23;1;10
11;2025-11-23;2;0
11;2025-11-23;3;0
11;2025-11-23;4;1
11;2025-11-23;5;139
11;2025-11-23;6;527
11;2025-11-23;7;514
11;2025-11-23;8;682
11;2025-11-23;9;910
11;2025-11-23;10;1059
11;2025-11-23;11;1458
11;2025-11-23;12;1559
11;2025-11-23;13;1548
11;2025-11-23;14;1557
11;2025-11-23;15;1601
11;2025-11-23;16;1540
11;2025-11-23;17;1618
11;2025-11-23;18;1371
11;2025-11-23;19;1220
11;2025-11-23;20;977
11;2025-11-23;21;686
11;2025-11-23;22;404
11;2025-11-23;23;240
11;2025-11-24;0;69
11;2025-11-24;1;4
11;2025-11-24;2;0
11;2025-11-24;3;0
11;2025-11-24;4;0
11;2025-11-24;5;274
11;2025-11-24;6;1333
11;2025-11-24;7;2288
11;2025-11-24;8;3054
11;2025-11-24;9;2331
11;2025-11-24;10;1793
11;2025-11-24;11;1765
11;2025-11-24;12;1819
11;2025-11-24;13;1881
11;2025-11-24;14;1879
11;2025-11-24;15;1964
11;2025-11-24;16;2137
11;2025-11-24;17;2719
11;2025-11-24;18;2952
11;2025-11-24;19;2272
11;2025-11-24;20;1509
11;2025-11-24;21;912
11;2025-11-24;22;449
11;2025-11-24;23;238
11;2025-11-25;0;65
11;2025-11-25;1;0
11;2025-11-25;2;0
11;2025-11-25;3;0
11;2025-11-25;4;0
11;2025-11-25;5;291
11;2025-11-25;6;1352
11;2025-11-25;7;2315
11;2025-11-25;8;3076
11;2025-11-25;9;2362
11;2025-11-25;10;1833
11;2025-11-25;11;1807
11;2025-11-25;12;1858
11;2025-11-25;13;1926
11;2025-11-25;14;1918
11;2025-11-25;15;1996
11;2025-11-25;16;2181
11;2025-11-25;17;2762
11;2025-11-25;18;2980
11;2025-11-25;19;2319
11;2025-11-25;20;1555
11;2025-11-25;21;928
11;2025-11-25;22;463
11;2025-11-25;23;244
11;2025-11-26;0;66
11;2025-11-26;1;0
11;2025-11-26;2;0
11;2025-11-26;3;0
11;2025-11-26;4;0
11;2025-11-26;5;293
11;2025-11-26;6;1350
11;2025-11-26;7;2314
11;2025-11-26;8;3076
11;2025-11-26;9;2358
11;2025-11-26;10;1832
11;2025-11-26;11;1804
11;2025-11-26;12;1854
11;2025-11-26;13;1924
11;2025-11-26;14;1914
11;2025-11-26;15;1990
11;2025-11-26;16;2175
11;2025-11-26;17;2760
11;2025-11-26;18;2978
11;2025-11-26;19;2314
11;2025-11-26;20;1552
11;2025-11-26;21;929
11;2025-11-26;22;467
11;2025-11-26;23;264
11;2025-11-27;0;74
11;2025-11-27;1;0
11;2025-11-27;2;0
11;2025-11-27;3;0
11;2025-11-27;4;0
11;2025-11-27;5;296
11;2025-11-27;6;1361
11;2025-11-27;7;2315
11;2025-11-27;8;3077
11;2025-11-27;9;2365
11;2025-11-27;10;1839
11;2025-11-27;11;1813
11;2025-11-27;12;1863
11;2025-11-27;13;1928
11;2025-11-27;14;1923
11;2025-11-27;15;1996
11;2025-11-27;16;2181
11;2025-11-27;17;2763
11;2025-11-27;18;2985
11;2025-11-27;19;2320
11;2025-11-27;20;1564
11;2025-11-27;21;935
11;2025-11-27;22;480
11;2025-11-27;23;272
11;2025-11-28;0;73
11;2025-11-28;1;1
11;2025-11-28;2;0
11;2025-11-28;3;0
11;2025-11-28;4;0
11;2025-11-28;5;291
11;2025-11-28;6;1339
11;2025-11-28;7;2282
11;2025-11-28;8;2953
11;2025-11-28;9;2322
11;2025-11-28;10;1794
11;2025-11-28;11;1784
11;2025-11-28;12;1844
11;2025-11-28;13;1914
11;2025-11-28;14;1907
11;2025-11-28;15;1990
11;2025-11-28;16;2169
11;2025-11-28;17;2700
11;2025-11-28;18;2840
11;2025-11-28;19;2275
11;2025-11-28;20;1529
11;2025-11-28;21;920
11;2025-11-28;22;477
11;2025-11-28;23;293
11;2025-11-29;0;110
11;2025-11-29;1;6
11;2025-11-29;2;0
11;2025-11-29;3;0
11;2025-11-29;4;4
11;2025-11-29;5;185
11;2025-11-29;6;775
11;2025-11-29;7;745
11;2025-11-29;8;922
11;2025-11-29;9;1078
11;2025-11-29;10;1147
11;2025-11-29;11;1510
11;2025-11-29;12;1635
11;2025-11-29;13;1612
11;2025-11-29;14;1621
11;2025-11-29;15;1669
11;2025-11-29;16;1654
11;2025-11-29;17;1751
11;2025-11-29;18;1521
11;2025-11-29;19;1386
11;2025-11-29;20;1079
11;2025-11-29;21;766
11;2025-11-29;22;450
11;2025-11-29;23;301
11;2025-11-30;0;102
11;2025-11-30;1;10
11;2025-11-30;2;0
11;2025-11-30;3;0
11;2025-11-30;4;1
11;2025-11-30;5;139
11;2025-11-30;6;527
11;2025-11-30;7;514
11;2025-11-30;8;682
11;2025-11-30;9;910
11;2025-11-30;10;1059
11;2025-11-30;11;1458
11;2025-11-30;12;1559
11;2025-11-30;13;1548
11;2025-11-30;14;1557
11;2025-11-30;15;1601
11;2025-11-30;16;1540
11;2025-11-30;17;1618
11;2025-11-30;18;1371
11;2025-11-30;19;1220
11;2025-11-30;20;977
11;2025-11-30;21;686
11;2025-11-30;22;404
11;2025-11-30;23;240
11;2025-12-01;0;69
11;2025-12-01;1;4
11;2025-12-01;2;0
11;2025-12-01;3;0
11;2025-12-01;4;0
11;2025-12-01;5;274
11;2025-12-01;6;1333
11;2025-12-01;7;2288
11;2025-12-01;8;3054
11;2025-12-01;9;2331
11;2025-12-01;10;1793
11;2025-12-01;11;1765
11;2025-12-01;12;1819
11;2025-12-01;13;1881
11;2025-12-01;14;1879
11;2025-12-01;15;1964
11;2025-12-01;16;2137
11;2025-12-01;17;2719
11;2025-12-01;18;2952
11;2025-12-01;19;2272
11;2025-12-01;20;1509
11;2025-12-01;21;912
11;2025-12-01;22;449
11;2025-12-01;23;238
11;2025-12-02;0;65
11;2025-12-02;1;0
11;2025-12-02;2;0
11;2025-12-02;3;0
11;2025-12-02;4;0
11;2025-12-02;5;291
11;2025-12-02;6;1352
11;2025-12-02;7;2315
11;2025-12-02;8;3076
11;2025-12-02;9;2362
11;2025-12-02;10;1833
11;2025-12-02;11;1807
11;2025-12-02;12;1858
11;2025-12-02;13;1926
11;2025-12-02;14;1918
11;2025-12-02;15;1996
11;2025-12-02;16;2181
11;2025-12-02;17;2762
11;2025-12-02;18;2980
11;2025-12-02;19;2319
11;2025-12-02;20;1555
11;2025-12-02;21;928
11;2025-12-02;22;463
11;2025-12-02;23;244
11;2025-12-03;0;66
11;2025-12-03;1;0
11;2025-12-03;2;0
11;2025-12-03;3;0
11;2025-12-03;4;0
11;2025-12-03;5;293
11;2025-12-03;6;1350
11;2025-12-03;7;2314
11;2025-12-03;8;3076
11;2025-12-03;9;2358
11;2025-12-03;10;1832
11;2025-12-03;11;1804
11;2025-12-03;12;1854
11;2025-12-03;13;1924
11;2025-12-03;14;1914
11;2025-12-03;15;1990
11;2025-12-03;16;2175
11;2025-12-03;17;2760
11;2025-12-03;18;2978
11;2025-12-03;19;2314
11;2025-12-03;20;1552
11;2025-12-03;21;929
11;2025-12-03;22;467
11;2025-12-03;23;264
11;2025-12-04;0;74
11;2025-12-04;1;0
11;2025-12-04;2;0
11;2025-12-04;3;0
11;2025-12-04;4;0
11;2025-12-04;5;296
11;2025-12-04;6;1361
11;2025-12-04;7;2315
11;2025-12-04;8;3077
11;2025-12-04;9;2365
11;2025-12-04;10;1839
11;2025-12-04;11;1813
11;2025-12-04;12;1863
11;2025-12-04;13;1928
11;2025-12-04;14;1923
11;2025-12-04;15;1996
11;2025-12-04;16;2181
11;2025-12-04;17;2763
11;2025-12-04;18;2985
11;2025-12-04;19;2320
11;2025-12-04;20;1564
11;2025-12-04;21;935
11;2025-12-04;22;480
11;2025-12-04;23;272
11;2025-12-05;0;73
11;2025-12-05;1;1
11;2025-12-05;2;0
11;2025-12-05;3;0
11;2025-12-05;4;0
11;2025-12-05;5;291
11;2025-12-05;6;1339
11;2025-12-05;7;2282
11;2025-12-05;8;2953
11;2025-12-05;9;2322
11;2025-12-05;10;1794
11;2025-12-05;11;1784
11;2025-12-05;12;1844
11;2025-12-05;13;1914
11;2025-12-05;14;1907
11;2025-12-05;15;1990
11;2025-12-05;16;2169
11;2025-12-05;17;2700
11;2025-12-05;18;2840
11;2025-12-05;19;2275
11;2025-12-05;20;1529
11;2025-12-05;21;920
11;2025-12-05;22;477
11;2025-12-05;23;293
11;2025-12-06;0;110
11;2025-12-06;1;6
11;2025-12-06;2;0
11;2025-12-06;3;0
11;2025-12-06;4;4
11;2025-12-06;5;185
11;2025-12-06;6;775
11;2025-12-06;7;745
11;2025-12-06;8;922
11;2025-12-06;9;1078
11;2025-12-06;10;1147
11;2025-12-06;11;1510
11;2025-12-06;12;1635
11;2025-12-06;13;1612
11;2025-12-06;14;1621
11;2025-12-06;15;1669
11;2025-12-06;16;1654
11;2025-12-06;17;1751
11;2025-12-06;18;1521
11;2025-12-06;19;1386
11;2025-12-06;20;1079
11;2025-12-06;21;766
11;2025-12-06;22;450
11;2025-12-06;23;301
11;2025-12-07;0;102
11;2025-12-07;1;10
11;2025-12-07;2;0
11;2025-12-07;3;0
11;2025-12-07;4;1
11;2025-12-07;5;139
11;2025-12-07;6;527
11;2025-12-07;7;514
11;2025-12-07;8;682
11;2025-12-07;9;910
11;2025-12-07;10;1059
11;2025-12-07;11;1458
11;2025-12-07;12;1559
11;2025-12-07;13;1548
11;2025-12-07;14;1557
11;2025-12-07;15;1601
11;2025-12-07;16;1540
11;2025-12-07;17;1618
11;2025-12-07;18;1371
11;2025-12-07;19;1220
11;2025-12-07;20;977
11;2025-12-07;21;686
11;2025-12-07;22;404
11;2025-12-07;23;240
11;2025-12-08;0;69
11;2025-12-08;1;4
11;2025-12-08;2;0
11;2025-12-08;3;0
11;2025-12-08;4;0
11;2025-12-08;5;274
11;2025-12-08;6;1333
11;2025-12-08;7;2288
11;2025-12-08;8;3054
11;2025-12-08;9;2331
11;2025-12-08;10;1793
11;2025-12-08;11;1765
11;2025-12-08;12;1819
11;2025-12-08;13;1881
11;2025-12-08;14;1879
11;2025-12-08;15;1964
11;2025-12-08;16;2137
11;2025-12-08;17;2719
11;2025-12-08;18;2952
11;2025-12-08;19;2272
11;2025-12-08;20;1509
11;2025-12-08;21;912
11;2025-12-08;22;449
11;2025-12-08;23;238
11;2025-12-09;0;65
11;2025-12-09;1;0
11;2025-12-09;2;0
11;2025-12-09;3;0
11;2025-12-09;4;0
11;2025-12-09;5;291
11;2025-12-09;6;1352
11;2025-12-09;7;2315
11;2025-12-09;8;3076
11;2025-12-09;9;2362
11;2025-12-09;10;1833
11;2025-12-09;11;1807
11;2025-12-09;12;1858
11;2025-12-09;13;1926
11;2025-12-09;14;1918
11;2025-12-09;15;1996
11;2025-12-09;16;2181
11;2025-12-09;17;2762
11;2025-12-09;18;2980
11;2025-12-09;19;2319
11;2025-12-09;20;1555
11;2025-12-09;21;928
11;2025-12-09;22;463
11;2025-12-09;23;244
11;2025-12-10;0;66
11;2025-12-10;1;0
11;2025-12-10;2;0
11;2025-12-10;3;0
11;2025-12-10;4;0
11;2025-12-10;5;293
11;2025-12-10;6;1350
11;2025-12-10;7;2314
11;2025-12-10;8;3076
11;2025-12-10;9;2358
11;2025-12-10;10;1832
11;2025-12-10;11;1804
11;2025-12-10;12;1854
11;2025-12-10;13;1924
11;2025-12-10;14;1914
11;2025-12-10;15;1990
11;2025-12-10;16;2175
11;2025-12-10;17;2760
11;2025-12-10;18;2978
11;2025-12-10;19;2314
11;2025-12-10;20;1552
11;2025-12-10;21;929
11;2025-12-10;22;467
11;2025-12-10;23;264
11;2025-12-11;0;74
11;2025-12-11;1;0
11;2025-12-11;2;0
11;2025-12-11;3;0
11;2025-12-11;4;0
11;2025-12-11;5;296
11;2025-12-11;6;1361
11;2025-12-11;7;2315
11;2025-12-11;8;3077
11;2025-12-11;9;2365
11;2025-12-11;10;1839
11;2025-12-11;11;1813
11;2025-12-11;12;1863
11;2025-12-11;13;1928
11;2025-12-11;14;1923
11;2025-12-11;15;1996
11;2025-12-11;16;2181
11;2025-12-11;17;2763
11;2025-12-11;18;2985
11;2025-12-11;19;2320
11;2025-12-11;20;1564
11;2025-12-11;21;935
11;2025-12-11;22;480
11;2025-12-11;23;272
11;2025-12-12;0;73
11;2025-12-12;1;1
11;2025-12-12;2;0
11;2025-12-12;3;0
11;2025-12-12;4;0
11;2025-12-12;5;291
11;2025-12-12;6;1339
11;2025-12-12;7;2282
11;2025-12-12;8;2953
11;2025-12-12;9;2322
11;2025-12-12;10;1794
11;2025-12-12;11;1784
11;2025-12-12;12;1844
11;2025-12-12;13;1914
11;2025-12-12;14;1907
11;2025-12-12;15;1990
11;2025-12-12;16;2169
11;2025-12-12;17;2700
11;2025-12-12;18;2840
11;2025-12-12;19;2275
11;2025-12-12;20;1529
11;2025-12-12;21;920
11;2025-12-12;22;477
11;2025-12-12;23;293
11;2025-12-13;0;110
11;2025-12-13;1;6
11;2025-12-13;2;0
11;2025-12-13;3;0
11;2025-12-13;4;4
11;2025-12-13;5;185
11;2025-12-13;6;775
11;2025-12-13;7;745
11;2025-12-13;8;922
11;2025-12-13;9;1078
11;2025-12-13;10;1147
11;2025-12-13;11;1510
11;2025-12-13;12;1635
11;2025-12-13;13;1612
11;2025-12-13;14;1621
11;2025-12-13;15;1669
11;2025-12-13;16;1654
11;2025-12-13;17;1751
11;2025-12-13;18;1521
11;2025-12-13;19;1386
11;2025-12-13;20;1079
11;2025-12-13;21;766
11;2025-12-13;22;450
11;2025-12-13;23;301
11;2025-12-14;0;102
11;2025-12-14;1;10
11;2025-12-14;2;0
11;2025-12-14;3;0
11;2025-12-14;4;1
11;2025-12-14;5;139
11;2025-12-14;6;527
11;2025-12-14;7;514
11;2025-12-14;8;682
11;2025-12-14;9;910
11;2025-12-14;10;1059
11;2025-12-14;11;1458
11;2025-12-14;12;1559
11;2025-12-14;13;1548
11;2025-12-14;14;1557
11;2025-12-14;15;1601
11;2025-12-14;16;1540
11;2025-12-14;17;1618
11;2025-12-14;18;1371
11;2025-12-14;19;1220
11;2025-12-14;20;977
11;2025-12-14;21;686
11;2025-12-14;22;404
11;2025-12-14;23;240
11;2025-12-15;0;69
11;2025-12-15;1;4
11;2025-12-15;2;0
11;2025-12-15;3;0
11;2025-12-15;4;0
11;2025-12-15;5;274
11;2025-12-15;6;1333
11;2025-12-15;7;2288
11;2025-12-15;8;3054
11;2025-12-15;9;2331
11;2025-12-15;10;1793
11;2025-12-15;11;1765
11;2025-12-15;12;1819
11;2025-12-15;13;1881
11;2025-12-15;14;1879
11;2025-12-15;15;1964
11;2025-12-15;16;2137
11;2025-12-15;17;2719
11;2025-12-15;18;2952
11;2025-12-15;19;2272
11;2025-12-15;20;1509
11;2025-12-15;21;912
11;2025-12-15;22;449
11;2025-12-15;23;238
11;2025-12-16;0;65
11;2025-12-16;1;0
11;2025-12-16;2;0
11;2025-12-16;3;0
11;2025-12-16;4;0
11;2025-12-16;5;291
11;2025-12-16;6;1352
11;2025-12-16;7;2315
11;2025-12-16;8;3076
11;2025-12-16;9;2362
11;2025-12-16;10;1833
11;2025-12-16;11;1807
11;2025-12-16;12;1858
11;2025-12-16;13;1926
11;2025-12-16;14;1918
11;2025-12-16;15;1996
11;2025-12-16;16;2181
11;2025-12-16;17;2762
11;2025-12-16;18;2980
11;2025-12-16;19;2319
11;2025-12-16;20;1555
11;2025-12-16;21;928
11;2025-12-16;22;463
11;2025-12-16;23;244
11;2025-12-17;0;66
11;2025-12-17;1;0
11;2025-12-17;2;0
11;2025-12-17;3;0
11;2025-12-17;4;0
11;2025-12-17;5;293
11;2025-12-17;6;1350
11;2025-12-17;7;2314
11;2025-12-17;8;3076
11;2025-12-17;9;2358
11;2025-12-17;10;1832
11;2025-12-17;11;1804
11;2025-12-17;12;1854
11;2025-12-17;13;1924
11;2025-12-17;14;1914
11;2025-12-17;15;1990
11;2025-12-17;16;2175
11;2025-12-17;17;2760
11;2025-12-17;18;2978
11;2025-12-17;19;2314
11;2025-12-17;20;1552
11;2025-12-17;21;929
11;2025-12-17;22;467
11;2025-12-17;23;264
11;2025-12-18;0;74
11;2025-12-18;1;0
11;2025-12-18;2;0
11;2025-12-18;3;0
11;2025-12-18;4;0
11;2025-12-18;5;296
11;2025-12-18;6;1361
11;2025-12-18;7;2315
11;2025-12-18;8;3077
11;2025-12-18;9;2365
11;2025-12-18;10;1839
11;2025-12-18;11;1813
11;2025-12-18;12;1863
11;2025-12-18;13;1928
11;2025-12-18;14;1923
11;2025-12-18;15;1996
11;2025-12-18;16;2181
11;2025-12-18;17;2763
11;2025-12-18;18;2985
11;2025-12-18;19;2320
11;2025-12-18;20;1564
11;2025-12-18;21;935
11;2025-12-18;22;480
11;2025-12-18;23;272
11;2025-12-19;0;73
11;2025-12-19;1;1
11;2025-12-19;2;0
11;2025-12-19;3;0
11;2025-12-19;4;0
11;2025-12-19;5;291
11;2025-12-19;6;1339
11;2025-12-19;7;2282
11;2025-12-19;8;2953
11;2025-12-19;9;2322
11;2025-12-19;10;1794
11;2025-12-19;11;1784
11;2025-12-19;12;1844
11;2025-12-19;13;1914
11;2025-12-19;14;1907
11;2025-12-19;15;1990
11;2025-12-19;16;2169
11;2025-12-19;17;2700
11;2025-12-19;18;2840
11;2025-12-19;19;2275
11;2025-12-19;20;1529
11;2025-12-19;21;920
11;2025-12-19;22;477
11;2025-12-19;23;293
11;2025-12-20;0;110
11;2025-12-20;1;6
11;2025-12-20;2;0
11;2025-12-20;3;0
11;2025-12-20;4;4
11;2025-12-20;5;185
11;2025-12-20;6;775
11;2025-12-20;7;745
11;2025-12-20;8;922
11;2025-12-20;9;1078
11;2025-12-20;10;1147
11;2025-12-20;11;1510
11;2025-12-20;12;1635
11;2025-12-20;13;1612
11;2025-12-20;14;1621
11;2025-12-20;15;1669
11;2025-12-20;16;1654
11;2025-12-20;17;1751
11;2025-12-20;18;1521
11;2025-12-20;19;1386
11;2025-12-20;20;1079
11;2025-12-20;21;766
11;2025-12-20;22;450
11;2025-12-20;23;301
11;2025-12-21;0;102
11;2025-12-21;1;10
11;2025-12-21;2;0
11;2025-12-21;3;0
11;2025-12-21;4;1
11;2025-12-21;5;139
11;2025-12-21;6;527
11;2025-12-21;7;514
11;2025-12-21;8;682
11;2025-12-21;9;910
11;2025-12-21;10;1059
11;2025-12-21;11;1458
11;2025-12-21;12;1559
11;2025-12-21;13;1548
11;2025-12-21;14;1557
11;2025-12-21;15;1601
11;2025-12-21;16;1540
11;2025-12-21;17;1618
11;2025-12-21;18;1371
11;2025-12-21;19;1220
11;2025-12-21;20;977
11;2025-12-21;21;686
11;2025-12-21;22;404
11;2025-12-21;23;240
11;2025-12-22;0;69
11;2025-12-22;1;4
11;2025-12-22;2;0
11;2025-12-22;3;0
11;2025-12-22;4;0
11;2025-12-22;5;274
11;2025-12-22;6;1333
11;2025-12-22;7;2288
11;2025-12-22;8;3054
11;2025-12-22;9;2331
11;2025-12-22;10;1793
11;2025-12-22;11;1765
11;2025-12-22;12;1819
11;2025-12-22;13;1881
11;2025-12-22;14;1879
11;2025-12-22;15;1964
11;2025-12-22;16;2137
11;2025-12-22;17;2719
11;2025-12-22;18;2952
11;2025-12-22;19;2272
11;2025-12-22;20;1509
11;2025-12-22;21;912
11;2025-12-22;22;449
11;2025-12-22;23;238
11;2025-12-23;0;65
11;2025-12-23;1;0
11;2025-12-23;2;0
11;2025-12-23;3;0
11;2025-12-23;4;0
11;2025-12-23;5;291
11;2025-12-23;6;1352
11;2025-12-23;7;2315
11;2025-12-23;8;3076
11;2025-12-23;9;2362
11;2025-12-23;10;1833
11;2025-12-23;11;1807
11;2025-12-23;12;1858
11;2025-12-23;13;1926
11;2025-12-23;14;1918
11;2025-12-23;15;1996
11;2025-12-23;16;2181
11;2025-12-23;17;2762
11;2025-12-23;18;2980
11;2025-12-23;19;2319
11;2025-12-23;20;1555
11;2025-12-23;21;928
11;2025-12-23;22;463
11;2025-12-23;23;244
11;2025-12-24;0;66
11;2025-12-24;1;0
11;2025-12-24;2;0
11;2025-12-24;3;0
11;2025-12-24;4;0
11;2025-12-24;5;293
11;2025-12-24;6;1350
11;2025-12-24;7;2314
11;2025-12-24;8;3076
11;2025-12-24;9;2358
11;2025-12-24;10;1832
11;2025-12-24;11;1804
11;2025-12-24;12;1854
11;2025-12-24;13;1924
11;2025-12-24;14;1914
11;2025-12-24;15;1990
11;2025-12-24;16;2175
11;2025-12-24;17;2760
11;2025-12-24;18;2978
11;2025-12-24;19;2314
11;2025-12-24;20;1552
11;2025-12-24;21;929
11;2025-12-24;22;467
11;2025-12-24;23;264
11;2025-12-25;0;74
11;2025-12-25;1;0
11;2025-12-25;2;0
11;2025-12-25;3;0
11;2025-12-25;4;0
11;2025-12-25;5;296
11;2025-12-25;6;1361
11;2025-12-25;7;2315
11;2025-12-25;8;3077
11;2025-12-25;9;2365
11;2025-12-25;10;1839
11;2025-12-25;11;1813
11;2025-12-25;12;1863
11;2025-12-25;13;1928
11;2025-12-25;14;1923
11;2025-12-25;15;1996
11;2025-12-25;16;2181
11;2025-12-25;17;2763
11;2025-12-25;18;2985
11;2025-12-25;19;2320
11;2025-12-25;20;1564
11;2025-12-25;21;935
11;2025-12-25;22;480
11;2025-12-25;23;272
11;2025-12-26;0;73
11;2025-12-26;1;1
11;2025-12-26;2;0
11;2025-12-26;3;0
11;2025-12-26;4;0
11;2025-12-26;5;291
11;2025-12-26;6;1339
11;2025-12-26;7;2282
11;2025-12-26;8;2953
11;2025-12-26;9;2322
11;2025-12-26;10;1794
11;2025-12-26;11;1784
11;2025-12-26;12;1844
11;2025-12-26;13;1914
11;2025-12-26;14;1907
11;2025-12-26;15;1990
11;2025-12-26;16;2169
11;2025-12-26;17;2700
11;2025-12-26;18;2840
11;2025-12-26;19;2275
11;2025-12-26;20;1529
11;2025-12-26;21;920
11;2025-12-26;22;477
11;2025-12-26;23;293
11;2025-12-27;0;110
11;2025-12-27;1;6
11;2025-12-27;2;0
11;2025-12-27;3;0
11;2025-12-27;4;4
11;2025-12-27;5;185
11;2025-12-27;6;775
11;2025-12-27;7;745
11;2025-12-27;8;922
11;2025-12-27;9;1078
11;2025-12-27;10;1147
11;2025-12-27;11;1510
11;2025-12-27;12;1635
11;2025-12-27;13;1612
11;2025-12-27;14;1621
11;2025-12-27;15;1669
11;2025-12-27;16;1654
11;2025-12-27;17;1751
11;2025-12-27;18;1521
11;2025-12-27;19;1386
11;2025-12-27;20;1079
11;2025-12-27;21;766
11;2025-12-27;22;450
11;2025-12-27;23;301
11;2025-12-28;0;102
11;2025-12-28;1;10
11;2025-12-28;2;0
11;2025-12-28;3;0
11;2025-12-28;4;1
11;2025-12-28;5;139
11;2025-12-28;6;527
11;2025-12-28;7;514
11;2025-12-28;8;682
11;2025-12-28;9;910
11;2025-12-28;10;1059
11;2025-12-28;11;1458
11;2025-12-28;12;1559
11;2025-12-28;13;1548
11;2025-12-28;14;1557
11;2025-12-28;15;1601
11;2025-12-28;16;1540
11;2025-12-28;17;1618
11;2025-12-28;18;1371
11;2025-12-28;19;1220
11;2025-12-28;20;977
11;2025-12-28;21;686
11;2025-12-28;22;404
11;2025-12-28;23;240
11;2025-12-29;0;69
11;2025-12-29;1;4
11;2025-12-29;2;0
11;2025-12-29;3;0
11;2025-12-29;4;0
11;2025-12-29;5;274
11;2025-12-29;6;1333
11;2025-12-29;7;2288
11;2025-12-29;8;3054
11;2025-12-29;9;2331
11;2025-12-29;10;1793
11;2025-12-29;11;1765
11;2025-12-29;12;1819
11;2025-12-29;13;1881
11;2025-12-29;14;1879
11;2025-12-29;15;1964
11;2025-12-29;16;2137
11;2025-12-29;17;2719
11;2025-12-29;18;2952
11;2025-12-29;19;2272
11;2025-12-29;20;1509
11;2025-12-29;21;912
11;2025-12-29;22;449
11;2025-12-29;23;238
11;2025-12-30;0;65
11;2025-12-30;1;0
11;2025-12-30;2;0
11;2025-12-30;3;0
11;2025-12-30;4;0
11;2025-12-30;5;291
11;2025-12-30;6;1352
11;2025-12-30;7;2315
11;2025-12-30;8;3076
11;2025-12-30;9;2362
11;2025-12-30;10;1833
11;2025-12-30;11;1807
11;2025-12-30;12;1858
11;2025-12-30;13;1926
11;2025-12-30;14;1918
11;2025-12-30;15;1996
11;2025-12-30;16;2181
11;2025-12-30;17;2762
11;2025-12-30;18;2980
11;2025-12-30;19;2319
11;2025-12-30;20;1555
11;2025-12-30;21;928
11;2025-12-30;22;463
11;2025-12-30;23;244
11;2025-12-31;0;67
11;2025-12-31;1;1
11;2025-12-31;2;0
11;2025-12-31;3;0
11;2025-12-31;4;0
11;2025-12-31;5;244
11;2025-12-31;6;464
11;2025-12-31;7;766
11;2025-12-31;8;934
11;2025-12-31;9;1059
11;2025-12-31;10;1114
11;2025-12-31;11;1422
11;2025-12-31;12;1474
11;2025-12-31;13;1525
11;2025-12-31;14;1449
11;2025-12-31;15;1537
11;2025-12-31;16;1592
11;2025-12-31;17;1534
11;2025-12-31;18;1414
11;2025-12-31;19;1331
11;2025-12-31;20;1102
11;2025-12-31;21;665
11;2025-12-31;22;437
11;2025-12-31;23;258
12;2025-11-01;0;122
12;2025-11-01;1;63
12;2025-11-01;2;0
12;2025-11-01;3;0
12;2025-11-01;4;15
12;2025-11-01;5;258
12;2025-11-01;6;837
12;2025-11-01;7;1418
12;2025-11-01;8;3095
12;2025-11-01;9;2242
12;2025-11-01;10;2043
12;2025-11-01;11;1940
12;2025-11-01;12;1992
12;2025-11-01;13;2067
12;2025-11-01;14;2013
12;2025-11-01;15;2102
12;2025-11-01;16;2641
12;2025-11-01;17;2939
12;2025-11-01;18;2941
12;2025-11-01;19;2493
12;2025-11-01;20;1557
12;2025-11-01;21;786
12;2025-11-01;22;506
12;2025-11-01;23;317
12;2025-11-02;0;86
12;2025-11-02;1;5
12;2025-11-02;2;0
12;2025-11-02;3;0
12;2025-11-02;4;2
12;2025-11-02;5;193
12;2025-11-02;6;543
12;2025-11-02;7;635
12;2025-11-02;8;722
12;2025-11-02;9;919
12;2025-11-02;10;1165
12;2025-11-02;11;1301
12;2025-11-02;12;1330
12;2025-11-02;13;1538
12;2025-11-02;14;1440
12;2025-11-02;15;1336
12;2025-11-02;16;1401
12;2025-11-02;17;1390
12;2025-11-02;18;1226
12;2025-11-02;19;1060
12;2025-11-02;20;834
12;2025-11-02;21;604
12;2025-11-02;22;395
12;2025-11-02;23;224
12;2025-11-03;0;54
12;2025-11-03;1;0
12;2025-11-03;2;0
12;2025-11-03;3;0
12;2025-11-03;4;0
12;2025-11-03;5;276
12;2025-11-03;6;560
12;2025-11-03;7;836
12;2025-11-03;8;1017
12;2025-11-03;9;1018
12;2025-11-03;10;1192
12;2025-11-03;11;1277
12;2025-11-03;12;1277
12;2025-11-03;13;1441
12;2025-11-03;14;1350
12;2025-11-03;15;1340
12;2025-11-03;16;1367
12;2025-11-03;17;1305
12;2025-11-03;18;1306
12;2025-11-03;19;1146
12;2025-11-03;20;916
12;2025-11-03;21;547
12;2025-11-03;22;433
12;2025-11-03;23;237
12;2025-11-04;0;48
12;2025-11-04;1;3
12;2025-11-04;2;0
12;2025-11-04;3;0
12;2025-11-04;4;0
12;2025-11-04;5;216
12;2025-11-04;6;545
12;2025-11-04;7;611
12;2025-11-04;8;837
12;2025-11-04;9;830
12;2025-11-04;10;999
12;2025-11-04;11;1098
12;2025-11-04;12;1114
12;2025-11-04;13;1265
12;2025-11-04;14;1244
12;2025-11-04;15;1186
12;2025-11-04;16;1349
12;2025-11-04;17;1241
12;2025-11-04;18;1232
12;2025-11-04;19;991
12;2025-11-04;20;743
12;2025-11-04;21;514
12;2025-11-04;22;391
12;2025-11-04;23;201
12;2025-11-05;0;56
12;2025-11-05;1;2
12;2025-11-05;2;0
12;2025-11-05;3;0
12;2025-11-05;4;7
12;2025-11-05;5;355
12;2025-11-05;6;1450
12;2025-11-05;7;2655
12;2025-11-05;8;3386
12;2025-11-05;9;2396
12;2025-11-05;10;1998
12;2025-11-05;11;1914
12;2025-11-05;12;1964
12;2025-11-05;13;1977
12;2025-11-05;14;1934
12;2025-11-05;15;2167
12;2025-11-05;16;2668
12;2025-11-05;17;2945
12;2025-11-05;18;3067
12;2025-11-05;19;2477
12;2025-11-05;20;1578
12;2025-11-05;21;998
12;2025-11-05;22;521
12;2025-11-05;23;267
12;2025-11-06;0;62
12;2025-11-06;1;3
12;2025-11-06;2;0
12;2025-11-06;3;0
12;2025-11-06;4;8
12;2025-11-06;5;358
12;2025-11-06;6;1458
12;2025-11-06;7;2657
12;2025-11-06;8;3389
12;2025-11-06;9;2398
12;2025-11-06;10;2002
12;2025-11-06;11;1922
12;2025-11-06;12;1968
12;2025-11-06;13;1980
12;2025-11-06;14;1942
12;2025-11-06;15;2170
12;2025-11-06;16;2670
12;2025-11-06;17;2950
12;2025-11-06;18;3072
12;2025-11-06;19;2485
12;2025-11-06;20;1590
12;2025-11-06;21;1004
12;2025-11-06;22;525
12;2025-11-06;23;277
12;2025-11-07;0;60
12;2025-11-07;1;2
12;2025-11-07;2;0
12;2025-11-07;3;0
12;2025-11-07;4;8
12;2025-11-07;5;354
12;2025-11-07;6;1435
12;2025-11-07;7;2577
12;2025-11-07;8;3273
12;2025-11-07;9;2366
12;2025-11-07;10;1952
12;2025-11-07;11;1888
12;2025-11-07;12;1950
12;2025-11-07;13;1961
12;2025-11-07;14;1925
12;2025-11-07;15;2142
12;2025-11-07;16;2622
12;2025-11-07;17;2913
12;2025-11-07;18;2906
12;2025-11-07;19;2433
12;2025-11-07;20;1556
12;2025-11-07;21;989
12;2025-11-07;22;532
12;2025-11-07;23;289
12;2025-11-08;0;94
12;2025-11-08;1;5
12;2025-11-08;2;0
12;2025-11-08;3;0
12;2025-11-08;4;4
12;2025-11-08;5;245
12;2025-11-08;6;790
12;2025-11-08;7;910
12;2025-11-08;8;975
12;2025-11-08;9;1098
12;2025-11-08;10;1296
12;2025-11-08;11;1379
12;2025-11-08;12;1420
12;2025-11-08;13;1607
12;2025-11-08;14;1506
12;2025-11-08;15;1403
12;2025-11-08;16;1567
12;2025-11-08;17;1562
12;2025-11-08;18;1425
12;2025-11-08;19;1288
12;2025-11-08;20;916
12;2025-11-08;21;698
12;2025-11-08;22;458
12;2025-11-08;23;284
12;2025-11-09;0;86
12;2025-11-09;1;5
12;2025-11-09;2;0
12;2025-11-09;3;0
12;2025-11-09;4;2
12;2025-11-09;5;193
12;2025-11-09;6;543
12;2025-11-09;7;635
12;2025-11-09;8;722
12;2025-11-09;9;919
12;2025-11-09;10;1165
12;2025-11-09;11;1301
12;2025-11-09;12;1330
12;2025-11-09;13;1538
12;2025-11-09;14;1440
12;2025-11-09;15;1336
12;2025-11-09;16;1401
12;2025-11-09;17;1390
12;2025-11-09;18;1226
12;2025-11-09;19;1060
12;2025-11-09;20;834
12;2025-11-09;21;604
12;2025-11-09;22;395
12;2025-11-09;23;224
12;2025-11-10;0;58
12;2025-11-10;1;3
12;2025-11-10;2;0
12;2025-11-10;3;0
12;2025-11-10;4;6
12;2025-11-10;5;338
12;2025-11-10;6;1418
12;2025-11-10;7;2627
12;2025-11-10;8;3375
12;2025-11-10;9;2354
12;2025-11-10;10;1923
12;2025-11-10;11;1858
12;2025-11-10;12;1923
12;2025-11-10;13;1944
12;2025-11-10;14;1900
12;2025-11-10;15;2140
12;2025-11-10;16;2623
12;2025-11-10;17;2903
12;2025-11-10;18;3039
12;2025-11-10;19;2414
12;2025-11-10;20;1556
12;2025-11-10;21;979
12;2025-11-10;22;492
12;2025-11-10;23;243
12;2025-11-11;0;54
12;2025-11-11;1;2
12;2025-11-11;2;0
12;2025-11-11;3;0
12;2025-11-11;4;7
12;2025-11-11;5;353
12;2025-11-11;6;1453
12;2025-11-11;7;2656
12;2025-11-11;8;3389
12;2025-11-11;9;2397
12;2025-11-11;10;2000
12;2025-11-11;11;1920
12;2025-11-11;12;1969
12;2025-11-11;13;1979
12;2025-11-11;14;1940
12;2025-11-11;15;2169
12;2025-11-11;16;2669
12;2025-11-11;17;2949
12;2025-11-11;18;3068
12;2025-11-11;19;2484
12;2025-11-11;20;1581
12;2025-11-11;21;997
12;2025-11-11;22;513
12;2025-11-11;23;255
12;2025-11-12;0;56
12;2025-11-12;1;2
12;2025-11-12;2;0
12;2025-11-12;3;0
12;2025-11-12;4;7
12;2025-11-12;5;355
12;2025-11-12;6;1450
12;2025-11-12;7;2655
12;2025-11-12;8;3386
12;2025-11-12;9;2396
12;2025-11-12;10;1998
12;2025-11-12;11;1914
12;2025-11-12;12;1964
12;2025-11-12;13;1977
12;2025-11-12;14;1934
12;2025-11-12;15;2167
12;2025-11-12;16;2668
12;2025-11-12;17;2945
12;2025-11-12;18;3067
12;2025-11-12;19;2477
12;2025-11-12;20;1578
12;2025-11-12;21;998
12;2025-11-12;22;521
12;2025-11-12;23;267
12;2025-11-13;0;62
12;2025-11-13;1;3
12;2025-11-13;2;0
12;2025-11-13;3;0
12;2025-11-13;4;8
12;2025-11-13;5;358
12;2025-11-13;6;1458
12;2025-11-13;7;2657
12;2025-11-13;8;3389
12;2025-11-13;9;2398
12;2025-11-13;10;2002
12;2025-11-13;11;1922
12;2025-11-13;12;1968
12;2025-11-13;13;1980
12;2025-11-13;14;1942
12;2025-11-13;15;2170
12;2025-11-13;16;2670
12;2025-11-13;17;2950
12;2025-11-13;18;3072
12;2025-11-13;19;2485
12;2025-11-13;20;1590
12;2025-11-13;21;1004
12;2025-11-13;22;525
12;2025-11-13;23;277
12;2025-11-14;0;60
12;2025-11-14;1;2
12;2025-11-14;2;0
12;2025-11-14;3;0
12;2025-11-14;4;8
12;2025-11-14;5;354
12;2025-11-14;6;1435
12;2025-11-14;7;2577
12;2025-11-14;8;3273
12;2025-11-14;9;2366
12;2025-11-14;10;1952
12;2025-11-14;11;1888
12;2025-11-14;12;1950
12;2025-11-14;13;1961
12;2025-11-14;14;1925
12;2025-11-14;15;2142
12;2025-11-14;16;2622
12;2025-11-14;17;2913
12;2025-11-14;18;2906
12;2025-11-14;19;2433
12;2025-11-14;20;1556
12;2025-11-14;21;989
12;2025-11-14;22;532
12;2025-11-14;23;289
12;2025-11-15;0;94
12;2025-11-15;1;5
12;2025-11-15;2;0
12;2025-11-15;3;0
12;2025-11-15;4;4
12;2025-11-15;5;245
12;2025-11-15;6;790
12;2025-11-15;7;910
12;2025-11-15;8;975
12;2025-11-15;9;1098
12;2025-11-15;10;1296
12;2025-11-15;11;1379
12;2025-11-15;12;1420
12;2025-11-15;13;1607
12;2025-11-15;14;1506
12;2025-11-15;15;1403
12;2025-11-15;16;1567
12;2025-11-15;17;1562
12;2025-11-15;18;1425
12;2025-11-15;19;1288
12;2025-11-15;20;916
12;2025-11-15;21;698
12;2025-11-15;22;458
12;2025-11-15;23;284
12;2025-11-16;0;86
12;2025-11-16;1;5
12;2025-11-16;2;0
12;2025-11-16;3;0
12;2025-11-16;4;2
12;2025-11-16;5;193
12;2025-11-16;6;543
12;2025-11-16;7;635
12;2025-11-16;8;722
12;2025-11-16;9;919
12;2025-11-16;10;1165
12;2025-11-16;11;1301
12;2025-11-16;12;1330
12;2025-11-16;13;1538
12;2025-11-16;14;1440
12;2025-11-16;15;1336
12;2025-11-16;16;1401
12;2025-11-16;17;1390
12;2025-11-16;18;1226
12;2025-11-16;19;1060
12;2025-11-16;20;834
12;2025-11-16;21;604
12;2025-11-16;22;395
12;2025-11-16;23;224
12;2025-11-17;0;58
12;2025-11-17;1;3
12;2025-11-17;2;0
12;2025-11-17;3;0
12;2025-11-17;4;6
12;2025-11-17;5;338
12;2025-11-17;6;1418
12;2025-11-17;7;2627
12;2025-11-17;8;3375
12;2025-11-17;9;2354
12;2025-11-17;10;1923
12;2025-11-17;11;1858
12;2025-11-17;12;1923
12;2025-11-17;13;1944
12;2025-11-17;14;1900
12;2025-11-17;15;2140
12;2025-11-17;16;2623
12;2025-11-17;17;2903
12;2025-11-17;18;3039
12;2025-11-17;19;2414
12;2025-11-17;20;1556
12;2025-11-17;21;979
12;2025-11-17;22;492
12;2025-11-17;23;243
12;2025-11-18;0;54
12;2025-11-18;1;2
12;2025-11-18;2;0
12;2025-11-18;3;0
12;2025-11-18;4;7
12;2025-11-18;5;353
12;2025-11-18;6;1453
12;2025-11-18;7;2656
12;2025-11-18;8;3389
12;2025-11-18;9;2397
12;2025-11-18;10;2000
12;2025-11-18;11;1920
12;2025-11-18;12;1969
12;2025-11-18;13;1979
12;2025-11-18;14;1940
12;2025-11-18;15;2169
12;2025-11-18;16;2669
12;2025-11-18;17;2949
12;2025-11-18;18;3068
12;2025-11-18;19;2484
12;2025-11-18;20;1581
12;2025-11-18;21;997
12;2025-11-18;22;513
12;2025-11-18;23;255
12;2025-11-19;0;56
12;2025-11-19;1;2
12;2025-11-19;2;0
12;2025-11-19;3;0
12;2025-11-19;4;7
12;2025-11-19;5;355
12;2025-11-19;6;1450
12;2025-11-19;7;2655
12;2025-11-19;8;3386
12;2025-11-19;9;2396
12;2025-11-19;10;1998
12;2025-11-19;11;1914
12;2025-11-19;12;1964
12;2025-11-19;13;1977
12;2025-11-19;14;1934
12;2025-11-19;15;2167
12;2025-11-19;16;2668
12;2025-11-19;17;2945
12;2025-11-19;18;3067
12;2025-11-19;19;2477
12;2025-11-19;20;1578
12;2025-11-19;21;998
12;2025-11-19;22;521
12;2025-11-19;23;267
12;2025-11-20;0;62
12;2025-11-20;1;3
12;2025-11-20;2;0
12;2025-11-20;3;0
12;2025-11-20;4;8
12;2025-11-20;5;358
12;2025-11-20;6;1458
12;2025-11-20;7;2657
12;2025-11-20;8;3389
12;2025-11-20;9;2398
12;2025-11-20;10;2002
12;2025-11-20;11;1922
12;2025-11-20;12;1968
12;2025-11-20;13;1980
12;2025-11-20;14;1942
12;2025-11-20;15;2170
12;2025-11-20;16;2670
12;2025-11-20;17;2950
12;2025-11-20;18;3072
12;2025-11-20;19;2485
12;2025-11-20;20;1590
12;2025-11-20;21;1004
12;2025-11-20;22;525
12;2025-11-20;23;277
12;2025-11-21;0;60
12;2025-11-21;1;2
12;2025-11-21;2;0
12;2025-11-21;3;0
12;2025-11-21;4;8
12;2025-11-21;5;354
12;2025-11-21;6;1435
12;2025-11-21;7;2577
12;2025-11-21;8;3273
12;2025-11-21;9;2366
12;2025-11-21;10;1952
12;2025-11-21;11;1888
12;2025-11-21;12;1950
12;2025-11-21;13;1961
12;2025-11-21;14;1925
12;2025-11-21;15;2142
12;2025-11-21;16;2622
12;2025-11-21;17;2913
12;2025-11-21;18;2906
12;2025-11-21;19;2433
12;2025-11-21;20;1556
12;2025-11-21;21;989
12;2025-11-21;22;532
12;2025-11-21;23;289
12;2025-11-22;0;94
12;2025-11-22;1;5
12;2025-11-22;2;0
12;2025-11-22;3;0
12;2025-11-22;4;4
12;2025-11-22;5;245
12;2025-11-22;6;790
12;2025-11-22;7;910
12;2025-11-22;8;975
12;2025-11-22;9;1098
12;2025-11-22;10;1296
12;2025-11-22;11;1379
12;2025-11-22;12;1420
12;2025-11-22;13;1607
12;2025-11-22;14;1506
12;2025-11-22;15;1403
12;2025-11-22;16;1567
12;2025-11-22;17;1562
12;2025-11-22;18;1425
12;2025-11-22;19;1288
12;2025-11-22;20;916
12;2025-11-22;21;698
12;2025-11-22;22;458
12;2025-11-22;23;284
12;2025-11-23;0;86
12;2025-11-23;1;5
12;2025-11-23;2;0
12;2025-11-23;3;0
12;2025-11-23;4;2
12;2025-11-23;5;193
12;2025-11-23;6;543
12;2025-11-23;7;635
12;2025-11-23;8;722
12;2025-11-23;9;919
12;2025-11-23;10;1165
12;2025-11-23;11;1301
12;2025-11-23;12;1330
12;2025-11-23;13;1538
12;2025-11-23;14;1440
12;2025-11-23;15;1336
12;2025-11-23;16;1401
12;2025-11-23;17;1390
12;2025-11-23;18;1226
12;2025-11-23;19;1060
12;2025-11-23;20;834
12;2025-11-23;21;604
12;2025-11-23;22;395
12;2025-11-23;23;224
12;2025-11-24;0;58
12;2025-11-24;1;3
12;2025-11-24;2;0
12;2025-11-24;3;0
12;2025-11-24;4;6
12;2025-11-24;5;338
12;2025-11-24;6;1418
12;2025-11-24;7;2627
12;2025-11-24;8;3375
12;2025-11-24;9;2354
12;2025-11-24;10;1923
12;2025-11-24;11;1858
12;2025-11-24;12;1923
12;2025-11-24;13;1944
12;2025-11-24;14;1900
12;2025-11-24;15;2140
12;2025-11-24;16;2623
12;2025-11-24;17;2903
12;2025-11-24;18;3039
12;2025-11-24;19;2414
12;2025-11-24;20;1556
12;2025-11-24;21;979
12;2025-11-24;22;492
12;2025-11-24;23;243
12;2025-11-25;0;54
12;2025-11-25;1;2
12;2025-11-25;2;0
12;2025-11-25;3;0
12;2025-11-25;4;7
12;2025-11-25;5;353
12;2025-11-25;6;1453
12;2025-11-25;7;2656
12;2025-11-25;8;3389
12;2025-11-25;9;2397
12;2025-11-25;10;2000
12;2025-11-25;11;1920
12;2025-11-25;12;1969
12;2025-11-25;13;1979
12;2025-11-25;14;1940
12;2025-11-25;15;2169
12;2025-11-25;16;2669
12;2025-11-25;17;2949
12;2025-11-25;18;3068
12;2025-11-25;19;2484
12;2025-11-25;20;1581
12;2025-11-25;21;997
12;2025-11-25;22;513
12;2025-11-25;23;255
12;2025-11-26;0;56
12;2025-11-26;1;2
12;2025-11-26;2;0
12;2025-11-26;3;0
12;2025-11-26;4;7
12;2025-11-26;5;355
12;2025-11-26;6;1450
12;2025-11-26;7;2655
12;2025-11-26;8;3386
12;2025-11-26;9;2396
12;2025-11-26;10;1998
12;2025-11-26;11;1914
12;2025-11-26;12;1964
12;2025-11-26;13;1977
12;2025-11-26;14;1934
12;2025-11-26;15;2167
12;2025-11-26;16;2668
12;2025-11-26;17;2945
12;2025-11-26;18;3067
12;2025-11-26;19;2477
12;2025-11-26;20;1578
12;2025-11-26;21;998
12;2025-11-26;22;521
12;2025-11-26;23;267
12;2025-11-27;0;62
12;2025-11-27;1;3
12;2025-11-27;2;0
12;2025-11-27;3;0
12;2025-11-27;4;8
12;2025-11-27;5;358
12;2025-11-27;6;1458
12;2025-11-27;7;2657
12;2025-11-27;8;3389
12;2025-11-27;9;2398
12;2025-11-27;10;2002
12;2025-11-27;11;1922
12;2025-11-27;12;1968
12;2025-11-27;13;1980
12;2025-11-27;14;1942
12;2025-11-27;15;2170
12;2025-11-27;16;2670
12;2025-11-27;17;2950
12;2025-11-27;18;3072
12;2025-11-27;19;2485
12;2025-11-27;20;1590
12;2025-11-27;21;1004
12;2025-11-27;22;525
12;2025-11-27;23;277
12;2025-11-28;0;60
12;2025-11-28;1;2
12;2025-11-28;2;0
12;2025-11-28;3;0
12;2025-11-28;4;8
12;2025-11-28;5;354
12;2025-11-28;6;1435
12;2025-11-28;7;2577
12;2025-11-28;8;3273
12;2025-11-28;9;2366
12;2025-11-28;10;1952
12;2025-11-28;11;1888
12;2025-11-28;12;1950
12;2025-11-28;13;1961
12;2025-11-28;14;1925
12;2025-11-28;15;2142
12;2025-11-28;16;2622
12;2025-11-28;17;2913
12;2025-11-28;18;2906
12;2025-11-28;19;2433
12;2025-11-28;20;1556
12;2025-11-28;21;989
12;2025-11-28;22;532
12;2025-11-28;23;289
12;2025-11-29;0;94
12;2025-11-29;1;5
12;2025-11-29;2;0
12;2025-11-29;3;0
12;2025-11-29;4;4
12;2025-11-29;5;245
12;2025-11-29;6;790
12;2025-11-29;7;910
12;2025-11-29;8;975
12;2025-11-29;9;1098
12;2025-11-29;10;1296
12;2025-11-29;11;1379
12;2025-11-29;12;1420
12;2025-11-29;13;1607
12;2025-11-29;14;1506
12;2025-11-29;15;1403
12;2025-11-29;16;1567
12;2025-11-29;17;1562
12;2025-11-29;18;1425
12;2025-11-29;19;1288
12;2025-11-29;20;916
12;2025-11-29;21;698
12;2025-11-29;22;458
12;2025-11-29;23;284
12;2025-11-30;0;86
12;2025-11-30;1;5
12;2025-11-30;2;0
12;2025-11-30;3;0
12;2025-11-30;4;2
12;2025-11-30;5;193
12;2025-11-30;6;543
12;2025-11-30;7;635
12;2025-11-30;8;722
12;2025-11-30;9;919
12;2025-11-30;10;1165
12;2025-11-30;11;1301
12;2025-11-30;12;1330
12;2025-11-30;13;1538
12;2025-11-30;14;1440
12;2025-11-30;15;1336
12;2025-11-30;16;1401
12;2025-11-30;17;1390
12;2025-11-30;18;1226
12;2025-11-30;19;1060
12;2025-11-30;20;834
12;2025-11-30;21;604
12;2025-11-30;22;395
12;2025-11-30;23;224
12;2025-12-01;0;58
12;2025-12-01;1;3
12;2025-12-01;2;0
12;2025-12-01;3;0
12;2025-12-01;4;6
12;2025-12-01;5;338
12;2025-12-01;6;1418
12;2025-12-01;7;2627
12;2025-12-01;8;3375
12;2025-12-01;9;2354
12;2025-12-01;10;1923
12;2025-12-01;11;1858
12;2025-12-01;12;1923
12;2025-12-01;13;1944
12;2025-12-01;14;1900
12;2025-12-01;15;2140
12;2025-12-01;16;2623
12;2025-12-01;17;2903
12;2025-12-01;18;3039
12;2025-12-01;19;2414
12;2025-12-01;20;1556
12;2025-12-01;21;979
12;2025-12-01;22;492
12;2025-12-01;23;243
12;2025-12-02;0;54
12;2025-12-02;1;2
12;2025-12-02;2;0
12;2025-12-02;3;0
12;2025-12-02;4;7
12;2025-12-02;5;353
12;2025-12-02;6;1453
12;2025-12-02;7;2656
12;2025-12-02;8;3389
12;2025-12-02;9;2397
12;2025-12-02;10;2000
12;2025-12-02;11;1920
12;2025-12-02;12;1969
12;2025-12-02;13;1979
12;2025-12-02;14;1940
12;2025-12-02;15;2169
12;2025-12-02;16;2669
12;2025-12-02;17;2949
12;2025-12-02;18;3068
12;2025-12-02;19;2484
12;2025-12-02;20;1581
12;2025-12-02;21;997
12;2025-12-02;22;513
12;2025-12-02;23;255
12;2025-12-03;0;56
12;2025-12-03;1;2
12;2025-12-03;2;0
12;2025-12-03;3;0
12;2025-12-03;4;7
12;2025-12-03;5;355
12;2025-12-03;6;1450
12;2025-12-03;7;2655
12;2025-12-03;8;3386
12;2025-12-03;9;2396
12;2025-12-03;10;1998
12;2025-12-03;11;1914
12;2025-12-03;12;1964
12;2025-12-03;13;1977
12;2025-12-03;14;1934
12;2025-12-03;15;2167
12;2025-12-03;16;2668
12;2025-12-03;17;2945
12;2025-12-03;18;3067
12;2025-12-03;19;2477
12;2025-12-03;20;1578
12;2025-12-03;21;998
12;2025-12-03;22;521
12;2025-12-03;23;267
12;2025-12-04;0;62
12;2025-12-04;1;3
12;2025-12-04;2;0
12;2025-12-04;3;0
12;2025-12-04;4;8
12;2025-12-04;5;358
12;2025-12-04;6;1458
12;2025-12-04;7;2657
12;2025-12-04;8;3389
12;2025-12-04;9;2398
12;2025-12-04;10;2002
12;2025-12-04;11;1922
12;2025-12-04;12;1968
12;2025-12-04;13;1980
12;2025-12-04;14;1942
12;2025-12-04;15;2170
12;2025-12-04;16;2670
12;2025-12-04;17;2950
12;2025-12-04;18;3072
12;2025-12-04;19;2485
12;2025-12-04;20;1590
12;2025-12-04;21;1004
12;2025-12-04;22;525
12;2025-12-04;23;277
12;2025-12-05;0;60
12;2025-12-05;1;2
12;2025-12-05;2;0
12;2025-12-05;3;0
12;2025-12-05;4;8
12;2025-12-05;5;354
12;2025-12-05;6;1435
12;2025-12-05;7;2577
12;2025-12-05;8;3273
12;2025-12-05;9;2366
12;2025-12-05;10;1952
12;2025-12-05;11;1888
12;2025-12-05;12;1950
12;2025-12-05;13;1961
12;2025-12-05;14;1925
12;2025-12-05;15;2142
12;2025-12-05;16;2622
12;2025-12-05;17;2913
12;2025-12-05;18;2906
12;2025-12-05;19;2433
12;2025-12-05;20;1556
12;2025-12-05;21;989
12;2025-12-05;22;532
12;2025-12-05;23;289
12;2025-12-06;0;94
12;2025-12-06;1;5
12;2025-12-06;2;0
12;2025-12-06;3;0
12;2025-12-06;4;4
12;2025-12-06;5;245
12;2025-12-06;6;790
12;2025-12-06;7;910
12;2025-12-06;8;975
12;2025-12-06;9;1098
12;2025-12-06;10;1296
12;2025-12-06;11;1379
12;2025-12-06;12;1420
12;2025-12-06;13;1607
12;2025-12-06;14;1506
12;2025-12-06;15;1403
12;2025-12-06;16;1567
12;2025-12-06;17;1562
12;2025-12-06;18;1425
12;2025-12-06;19;1288
12;2025-12-06;20;916
12;2025-12-06;21;698
12;2025-12-06;22;458
12;2025-12-06;23;284
12;2025-12-07;0;86
12;2025-12-07;1;5
12;2025-12-07;2;0
12;2025-12-07;3;0
12;2025-12-07;4;2
12;2025-12-07;5;193
12;2025-12-07;6;543
12;2025-12-07;7;635
12;2025-12-07;8;722
12;2025-12-07;9;919
12;2025-12-07;10;1165
12;2025-12-07;11;1301
12;2025-12-07;12;1330
12;2025-12-07;13;1538
12;2025-12-07;14;1440
12;2025-12-07;15;1336
12;2025-12-07;16;1401
12;2025-12-07;17;1390
12;2025-12-07;18;1226
12;2025-12-07;19;1060
12;2025-12-07;20;834
12;2025-12-07;21;604
12;2025-12-07;22;395
12;2025-12-07;23;224
12;2025-12-08;0;58
12;2025-12-08;1;3
12;2025-12-08;2;0
12;2025-12-08;3;0
12;2025-12-08;4;6
12;2025-12-08;5;338
12;2025-12-08;6;1418
12;2025-12-08;7;2627
12;2025-12-08;8;3375
12;2025-12-08;9;2354
12;2025-12-08;10;1923
12;2025-12-08;11;1858
12;2025-12-08;12;1923
12;2025-12-08;13;1944
12;2025-12-08;14;1900
12;2025-12-08;15;2140
12;2025-12-08;16;2623
12;2025-12-08;17;2903
12;2025-12-08;18;3039
12;2025-12-08;19;2414
12;2025-12-08;20;1556
12;2025-12-08;21;979
12;2025-12-08;22;492
12;2025-12-08;23;243
12;2025-12-09;0;54
12;2025-12-09;1;2
12;2025-12-09;2;0
12;2025-12-09;3;0
12;2025-12-09;4;7
12;2025-12-09;5;353
12;2025-12-09;6;1453
12;2025-12-09;7;2656
12;2025-12-09;8;3389
12;2025-12-09;9;2397
12;2025-12-09;10;2000
12;2025-12-09;11;1920
12;2025-12-09;12;1969
12;2025-12-09;13;1979
12;2025-12-09;14;1940
12;2025-12-09;15;2169
12;2025-12-09;16;2669
12;2025-12-09;17;2949
12;2025-12-09;18;3068
12;2025-12-09;19;2484
12;2025-12-09;20;1581
12;2025-12-09;21;997
12;2025-12-09;22;513
12;2025-12-09;23;255
12;2025-12-10;0;56
12;2025-12-10;1;2
12;2025-12-10;2;0
12;2025-12-10;3;0
12;2025-12-10;4;7
12;2025-12-10;5;355
12;2025-12-10;6;1450
12;2025-12-10;7;2655
12;2025-12-10;8;3386
12;2025-12-10;9;2396
12;2025-12-10;10;1998
12;2025-12-10;11;1914
12;2025-12-10;12;1964
12;2025-12-10;13;1977
12;2025-12-10;14;1934
12;2025-12-10;15;2167
12;2025-12-10;16;2668
12;2025-12-10;17;2945
12;2025-12-10;18;3067
12;2025-12-10;19;2477
12;2025-12-10;20;1578
12;2025-12-10;21;998
12;2025-12-10;22;521
12;2025-12-10;23;267
12;2025-12-11;0;62
12;2025-12-11;1;3
12;2025-12-11;2;0
12;2025-12-11;3;0
12;2025-12-11;4;8
12;2025-12-11;5;358
12;2025-12-11;6;1458
12;2025-12-11;7;2657
12;2025-12-11;8;3389
12;2025-12-11;9;2398
12;2025-12-11;10;2002
12;2025-12-11;11;1922
12;2025-12-11;12;1968
12;2025-12-11;13;1980
12;2025-12-11;14;1942
12;2025-12-11;15;2170
12;2025-12-11;16;2670
12;2025-12-11;17;2950
12;2025-12-11;18;3072
12;2025-12-11;19;2485
12;2025-12-11;20;1590
12;2025-12-11;21;1004
12;2025-12-11;22;525
12;2025-12-11;23;277
12;2025-12-12;0;60
12;2025-12-12;1;2
12;2025-12-12;2;0
12;2025-12-12;3;0
12;2025-12-12;4;8
12;2025-12-12;5;354
12;2025-12-12;6;1435
12;2025-12-12;7;2577
12;2025-12-12;8;3273
12;2025-12-12;9;2366
12;2025-12-12;10;1952
12;2025-12-12;11;1888
12;2025-12-12;12;1950
12;2025-12-12;13;1961
12;2025-12-12;14;1925
12;2025-12-12;15;2142
12;2025-12-12;16;2622
12;2025-12-12;17;2913
12;2025-12-12;18;2906
12;2025-12-12;19;2433
12;2025-12-12;20;1556
12;2025-12-12;21;989
12;2025-12-12;22;532
12;2025-12-12;23;289
12;2025-12-13;0;94
12;2025-12-13;1;5
12;2025-12-13;2;0
12;2025-12-13;3;0
12;2025-12-13;4;4
12;2025-12-13;5;245
12;2025-12-13;6;790
12;2025-12-13;7;910
12;2025-12-13;8;975
12;2025-12-13;9;1098
12;2025-12-13;10;1296
12;2025-12-13;11;1379
12;2025-12-13;12;1420
12;2025-12-13;13;1607
12;2025-12-13;14;1506
12;2025-12-13;15;1403
12;2025-12-13;16;1567
12;2025-12-13;17;1562
12;2025-12-13;18;1425
12;2025-12-13;19;1288
12;2025-12-13;20;916
12;2025-12-13;21;698
12;2025-12-13;22;458
12;2025-12-13;23;284
12;2025-12-14;0;86
12;2025-12-14;1;5
12;2025-12-14;2;0
12;2025-12-14;3;0
12;2025-12-14;4;2
12;2025-12-14;5;193
12;2025-12-14;6;543
12;2025-12-14;7;635
12;2025-12-14;8;722
12;2025-12-14;9;919
12;2025-12-14;10;1165
12;2025-12-14;11;1301
12;2025-12-14;12;1330
12;2025-12-14;13;1538
12;2025-12-14;14;1440
12;2025-12-14;15;1336
12;2025-12-14;16;1401
12;2025-12-14;17;1390
12;2025-12-14;18;1226
12;2025-12-14;19;1060
12;2025-12-14;20;834
12;2025-12-14;21;604
12;2025-12-14;22;395
12;2025-12-14;23;224
12;2025-12-15;0;58
12;2025-12-15;1;3
12;2025-12-15;2;0
12;2025-12-15;3;0
12;2025-12-15;4;6
12;2025-12-15;5;338
12;2025-12-15;6;1418
12;2025-12-15;7;2627
12;2025-12-15;8;3375
12;2025-12-15;9;2354
12;2025-12-15;10;1923
12;2025-12-15;11;1858
12;2025-12-15;12;1923
12;2025-12-15;13;1944
12;2025-12-15;14;1900
12;2025-12-15;15;2140
12;2025-12-15;16;2623
12;2025-12-15;17;2903
12;2025-12-15;18;3039
12;2025-12-15;19;2414
12;2025-12-15;20;1556
12;2025-12-15;21;979
12;2025-12-15;22;492
12;2025-12-15;23;243
12;2025-12-16;0;54
12;2025-12-16;1;2
12;2025-12-16;2;0
12;2025-12-16;3;0
12;2025-12-16;4;7
12;2025-12-16;5;353
12;2025-12-16;6;1453
12;2025-12-16;7;2656
12;2025-12-16;8;3389
12;2025-12-16;9;2397
12;2025-12-16;10;2000
12;2025-12-16;11;1920
12;2025-12-16;12;1969
12;2025-12-16;13;1979
12;2025-12-16;14;1940
12;2025-12-16;15;2169
12;2025-12-16;16;2669
12;2025-12-16;17;2949
12;2025-12-16;18;3068
12;2025-12-16;19;2484
12;2025-12-16;20;1581
12;2025-12-16;21;997
12;2025-12-16;22;513
12;2025-12-16;23;255
12;2025-12-17;0;56
12;2025-12-17;1;2
12;2025-12-17;2;0
12;2025-12-17;3;0
12;2025-12-17;4;7
12;2025-12-17;5;355
12;2025-12-17;6;1450
12;2025-12-17;7;2655
12;2025-12-17;8;3386
12;2025-12-17;9;2396
12;2025-12-17;10;1998
12;2025-12-17;11;1914
12;2025-12-17;12;1964
12;2025-12-17;13;1977
12;2025-12-17;14;1934
12;2025-12-17;15;2167
12;2025-12-17;16;2668
12;2025-12-17;17;2945
12;2025-12-17;18;3067
12;2025-12-17;19;2477
12;2025-12-17;20;1578
12;2025-12-17;21;998
12;2025-12-17;22;521
12;2025-12-17;23;267
12;2025-12-18;0;62
12;2025-12-18;1;3
12;2025-12-18;2;0
12;2025-12-18;3;0
12;2025-12-18;4;8
12;2025-12-18;5;358
12;2025-12-18;6;1458
12;2025-12-18;7;2657
12;2025-12-18;8;3389
12;2025-12-18;9;2398
12;2025-12-18;10;2002
12;2025-12-18;11;1922
12;2025-12-18;12;1968
12;2025-12-18;13;1980
12;2025-12-18;14;1942
12;2025-12-18;15;2170
12;2025-12-18;16;2670
12;2025-12-18;17;2950
12;2025-12-18;18;3072
12;2025-12-18;19;2485
12;2025-12-18;20;1590
12;2025-12-18;21;1004
12;2025-12-18;22;525
12;2025-12-18;23;277
12;2025-12-19;0;60
12;2025-12-19;1;2
12;2025-12-19;2;0
12;2025-12-19;3;0
12;2025-12-19;4;8
12;2025-12-19;5;354
12;2025-12-19;6;1435
12;2025-12-19;7;2577
12;2025-12-19;8;3273
12;2025-12-19;9;2366
12;2025-12-19;10;1952
12;2025-12-19;11;1888
12;2025-12-19;12;1950
12;2025-12-19;13;1961
12;2025-12-19;14;1925
12;2025-12-19;15;2142
12;2025-12-19;16;2622
12;2025-12-19;17;2913
12;2025-12-19;18;2906
12;2025-12-19;19;2433
12;2025-12-19;20;1556
12;2025-12-19;21;989
12;2025-12-19;22;532
12;2025-12-19;23;289
12;2025-12-20;0;94
12;2025-12-20;1;5
12;2025-12-20;2;0
12;2025-12-20;3;0
12;2025-12-20;4;4
12;2025-12-20;5;245
12;2025-12-20;6;790
12;2025-12-20;7;910
12;2025-12-20;8;975
12;2025-12-20;9;1098
12;2025-12-20;10;1296
12;2025-12-20;11;1379
12;2025-12-20;12;1420
12;2025-12-20;13;1607
12;2025-12-20;14;1506
12;2025-12-20;15;1403
12;2025-12-20;16;1567
12;2025-12-20;17;1562
12;2025-12-20;18;1425
12;2025-12-20;19;1288
12;2025-12-20;20;916
12;2025-12-20;21;698
12;2025-12-20;22;458
12;2025-12-20;23;284
12;2025-12-21;0;86
12;2025-12-21;1;5
12;2025-12-21;2;0
12;2025-12-21;3;0
12;2025-12-21;4;2
12;2025-12-21;5;193
12;2025-12-21;6;543
12;2025-12-21;7;635
12;2025-12-21;8;722
12;2025-12-21;9;919
12;2025-12-21;10;1165
12;2025-12-21;11;1301
12;2025-12-21;12;1330
12;2025-12-21;13;1538
12;2025-12-21;14;1440
12;2025-12-21;15;1336
12;2025-12-21;16;1401
12;2025-12-21;17;1390
12;2025-12-21;18;1226
12;2025-12-21;19;1060
12;2025-12-21;20;834
12;2025-12-21;21;604
12;2025-12-21;22;395
12;2025-12-21;23;224
12;2025-12-22;0;58
12;2025-12-22;1;3
12;2025-12-22;2;0
12;2025-12-22;3;0
12;2025-12-22;4;6
12;2025-12-22;5;338
12;2025-12-22;6;1418
12;2025-12-22;7;2627
12;2025-12-22;8;3375
12;2025-12-22;9;2354
12;2025-12-22;10;1923
12;2025-12-22;11;1858
12;2025-12-22;12;1923
12;2025-12-22;13;1944
12;2025-12-22;14;1900
12;2025-12-22;15;2140
12;2025-12-22;16;2623
12;2025-12-22;17;2903
12;2025-12-22;18;3039
12;2025-12-22;19;2414
12;2025-12-22;20;1556
12;2025-12-22;21;979
12;2025-12-22;22;492
12;2025-12-22;23;243
12;2025-12-23;0;54
12;2025-12-23;1;2
12;2025-12-23;2;0
12;2025-12-23;3;0
12;2025-12-23;4;7
12;2025-12-23;5;353
12;2025-12-23;6;1453
12;2025-12-23;7;2656
12;2025-12-23;8;3389
12;2025-12-23;9;2397
12;2025-12-23;10;2000
12;2025-12-23;11;1920
12;2025-12-23;12;1969
12;2025-12-23;13;1979
12;2025-12-23;14;1940
12;2025-12-23;15;2169
12;2025-12-23;16;2669
12;2025-12-23;17;2949
12;2025-12-23;18;3068
12;2025-12-23;19;2484
12;2025-12-23;20;1581
12;2025-12-23;21;997
12;2025-12-23;22;513
12;2025-12-23;23;255
12;2025-12-24;0;56
12;2025-12-24;1;2
12;2025-12-24;2;0
12;2025-12-24;3;0
12;2025-12-24;4;7
12;2025-12-24;5;355
12;2025-12-24;6;1450
12;2025-12-24;7;2655
12;2025-12-24;8;3386
12;2025-12-24;9;2396
12;2025-12-24;10;1998
12;2025-12-24;11;1914
12;2025-12-24;12;1964
12;2025-12-24;13;1977
12;2025-12-24;14;1934
12;2025-12-24;15;2167
12;2025-12-24;16;2668
12;2025-12-24;17;2945
12;2025-12-24;18;3067
12;2025-12-24;19;2477
12;2025-12-24;20;1578
12;2025-12-24;21;998
12;2025-12-24;22;521
12;2025-12-24;23;267
12;2025-12-25;0;62
12;2025-12-25;1;3
12;2025-12-25;2;0
12;2025-12-25;3;0
12;2025-12-25;4;8
12;2025-12-25;5;358
12;2025-12-25;6;1458
12;2025-12-25;7;2657
12;2025-12-25;8;3389
12;2025-12-25;9;2398
12;2025-12-25;10;2002
12;2025-12-25;11;1922
12;2025-12-25;12;1968
12;2025-12-25;13;1980
12;2025-12-25;14;1942
12;2025-12-25;15;2170
12;2025-12-25;16;2670
12;2025-12-25;17;2950
12;2025-12-25;18;3072
12;2025-12-25;19;2485
12;2025-12-25;20;1590
12;2025-12-25;21;1004
12;2025-12-25;22;525
12;2025-12-25;23;277
12;2025-12-26;0;60
12;2025-12-26;1;2
12;2025-12-26;2;0
12;2025-12-26;3;0
12;2025-12-26;4;8
12;2025-12-26;5;354
12;2025-12-26;6;1435
12;2025-12-26;7;2577
12;2025-12-26;8;3273
12;2025-12-26;9;2366
12;2025-12-26;10;1952
12;2025-12-26;11;1888
12;2025-12-26;12;1950
12;2025-12-26;13;1961
12;2025-12-26;14;1925
12;2025-12-26;15;2142
12;2025-12-26;16;2622
12;2025-12-26;17;2913
12;2025-12-26;18;2906
12;2025-12-26;19;2433
12;2025-12-26;20;1556
12;2025-12-26;21;989
12;2025-12-26;22;532
12;2025-12-26;23;289
12;2025-12-27;0;94
12;2025-12-27;1;5
12;2025-12-27;2;0
12;2025-12-27;3;0
12;2025-12-27;4;4
12;2025-12-27;5;245
12;2025-12-27;6;790
12;2025-12-27;7;910
12;2025-12-27;8;975
12;2025-12-27;9;1098
12;2025-12-27;10;1296
12;2025-12-27;11;1379
12;2025-12-27;12;1420
12;2025-12-27;13;1607
12;2025-12-27;14;1506
12;2025-12-27;15;1403
12;2025-12-27;16;1567
12;2025-12-27;17;1562
12;2025-12-27;18;1425
12;2025-12-27;19;1288
12;2025-12-27;20;916
12;2025-12-27;21;698
12;2025-12-27;22;458
12;2025-12-27;23;284
12;2025-12-28;0;86
12;2025-12-28;1;5
12;2025-12-28;2;0
12;2025-12-28;3;0
12;2025-12-28;4;2
12;2025-12-28;5;193
12;2025-12-28;6;543
12;2025-12-28;7;635
12;2025-12-28;8;722
12;2025-12-28;9;919
12;2025-12-28;10;1165
12;2025-12-28;11;1301
12;2025-12-28;12;1330
12;2025-12-28;13;1538
12;2025-12-28;14;1440
12;2025-12-28;15;1336
12;2025-12-28;16;1401
12;2025-12-28;17;1390
12;2025-12-28;18;1226
12;2025-12-28;19;1060
12;2025-12-28;20;834
12;2025-12-28;21;604
12;2025-12-28;22;395
12;2025-12-28;23;224
12;2025-12-29;0;58
12;2025-12-29;1;3
12;2025-12-29;2;0
12;2025-12-29;3;0
12;2025-12-29;4;6
12;2025-12-29;5;338
12;2025-12-29;6;1418
12;2025-12-29;7;2627
12;2025-12-29;8;3375
12;2025-12-29;9;2354
12;2025-12-29;10;1923
12;2025-12-29;11;1858
12;2025-12-29;12;1923
12;2025-12-29;13;1944
12;2025-12-29;14;1900
12;2025-12-29;15;2140
12;2025-12-29;16;2623
12;2025-12-29;17;2903
12;2025-12-29;18;3039
12;2025-12-29;19;2414
12;2025-12-29;20;1556
12;2025-12-29;21;979
12;2025-12-29;22;492
12;2025-12-29;23;243
12;2025-12-30;0;54
12;2025-12-30;1;2
12;2025-12-30;2;0
12;2025-12-30;3;0
12;2025-12-30;4;7
12;2025-12-30;5;353
12;2025-12-30;6;1453
12;2025-12-30;7;2656
12;2025-12-30;8;3389
12;2025-12-30;9;2397
12;2025-12-30;10;2000
12;2025-12-30;11;1920
12;2025-12-30;12;1969
12;2025-12-30;13;1979
12;2025-12-30;14;1940
12;2025-12-30;15;2169
12;2025-12-30;16;2669
12;2025-12-30;17;2949
12;2025-12-30;18;3068
12;2025-12-30;19;2484
12;2025-12-30;20;1581
12;2025-12-30;21;997
12;2025-12-30;22;513
12;2025-12-30;23;255
12;2025-12-31;0;52
12;2025-12-31;1;0
12;2025-12-31;2;0
12;2025-12-31;3;0
12;2025-12-31;4;0
12;2025-12-31;5;292
12;2025-12-31;6;592
12;2025-12-31;7;843
12;2025-12-31;8;1014
12;2025-12-31;9;1047
12;2025-12-31;10;1267
12;2025-12-31;11;1333
12;2025-12-31;12;1318
12;2025-12-31;13;1474
12;2025-12-31;14;1376
12;2025-12-31;15;1360
12;2025-12-31;16;1405
12;2025-12-31;17;1326
12;2025-12-31;18;1326
12;2025-12-31;19;1209
12;2025-12-31;20;939
12;2025-12-31;21;565
12;2025-12-31;22;462
12;2025-12-31;23;262
17;2025-11-01;0;229
17;2025-11-01;1;44
17;2025-11-01;2;0
17;2025-11-01;3;0
17;2025-11-01;4;21
17;2025-11-01;5;136
17;2025-11-01;6;577
17;2025-11-01;7;2524
17;2025-11-01;8;3954
17;2025-11-01;9;3444
17;2025-11-01;10;2873
17;2025-11-01;11;2949
17;2025-11-01;12;3097
17;2025-11-01;13;3237
17;2025-11-01;14;3240
17;2025-11-01;15;3343
17;2025-11-01;16;3641
17;2025-11-01;17;4177
17;2025-11-01;18;4081
17;2025-11-01;19;3253
17;2025-11-01;20;2369
17;2025-11-01;21;1406
17;2025-11-01;22;927
17;2025-11-01;23;449
17;2025-11-02;0;175
17;2025-11-02;1;22
17;2025-11-02;2;0
17;2025-11-02;3;0
17;2025-11-02;4;3
17;2025-11-02;5;101
17;2025-11-02;6;401
17;2025-11-02;7;780
17;2025-11-02;8;1177
17;2025-11-02;9;1620
17;2025-11-02;10;1890
17;2025-11-02;11;2359
17;2025-11-02;12;2573
17;2025-11-02;13;2771
17;2025-11-02;14;2762
17;2025-11-02;15;2802
17;2025-11-02;16;2758
17;2025-11-02;17;2712
17;2025-11-02;18;2486
17;2025-11-02;19;2135
17;2025-11-02;20;1657
17;2025-11-02;21;1155
17;2025-11-02;22;733
17;2025-11-02;23;342
17;2025-11-03;0;122
17;2025-11-03;1;7
17;2025-11-03;2;0
17;2025-11-03;3;0
17;2025-11-03;4;5
17;2025-11-03;5;240
17;2025-11-03;6;472
17;2025-11-03;7;1131
17;2025-11-03;8;1853
17;2025-11-03;9;1883
17;2025-11-03;10;1701
17;2025-11-03;11;2167
17;2025-11-03;12;2347
17;2025-11-03;13;2450
17;2025-11-03;14;2485
17;2025-11-03;15;2578
17;2025-11-03;16;2613
17;2025-11-03;17;2619
17;2025-11-03;18;2623
17;2025-11-03;19;2263
17;2025-11-03;20;1708
17;2025-11-03;21;970
17;2025-11-03;22;782
17;2025-11-03;23;349
17;2025-11-04;0;120
17;2025-11-04;1;10
17;2025-11-04;2;0
17;2025-11-04;3;0
17;2025-11-04;4;1
17;2025-11-04;5;172
17;2025-11-04;6;421
17;2025-11-04;7;1007
17;2025-11-04;8;1788
17;2025-11-04;9;1736
17;2025-11-04;10;1639
17;2025-11-04;11;2128
17;2025-11-04;12;2353
17;2025-11-04;13;2471
17;2025-11-04;14;2436
17;2025-11-04;15;2533
17;2025-11-04;16;2603
17;2025-11-04;17;2583
17;2025-11-04;18;2570
17;2025-11-04;19;2233
17;2025-11-04;20;1576
17;2025-11-04;21;921
17;2025-11-04;22;731
17;2025-11-04;23;333
17;2025-11-05;0;125
17;2025-11-05;1;12
17;2025-11-05;2;0
17;2025-11-05;3;0
17;2025-11-05;4;27
17;2025-11-05;5;308
17;2025-11-05;6;1501
17;2025-11-05;7;3840
17;2025-11-05;8;5061
17;2025-11-05;9;3657
17;2025-11-05;10;2851
17;2025-11-05;11;2811
17;2025-11-05;12;2895
17;2025-11-05;13;2973
17;2025-11-05;14;2996
17;2025-11-05;15;3150
17;2025-11-05;16;3533
17;2025-11-05;17;4336
17;2025-11-05;18;4732
17;2025-11-05;19;3396
17;2025-11-05;20;2389
17;2025-11-05;21;1561
17;2025-11-05;22;865
17;2025-11-05;23;394
17;2025-11-06;0;137
17;2025-11-06;1;12
17;2025-11-06;2;0
17;2025-11-06;3;0
17;2025-11-06;4;27
17;2025-11-06;5;312
17;2025-11-06;6;1506
17;2025-11-06;7;3840
17;2025-11-06;8;5067
17;2025-11-06;9;3661
17;2025-11-06;10;2859
17;2025-11-06;11;2817
17;2025-11-06;12;2900
17;2025-11-06;13;2978
17;2025-11-06;14;2999
17;2025-11-06;15;3153
17;2025-11-06;16;3549
17;2025-11-06;17;4360
17;2025-11-06;18;4732
17;2025-11-06;19;3404
17;2025-11-06;20;2398
17;2025-11-06;21;1572
17;2025-11-06;22;879
17;2025-11-06;23;405
17;2025-11-07;0;138
17;2025-11-07;1;14
17;2025-11-07;2;0
17;2025-11-07;3;0
17;2025-11-07;4;25
17;2025-11-07;5;302
17;2025-11-07;6;1480
17;2025-11-07;7;3720
17;2025-11-07;8;4904
17;2025-11-07;9;3613
17;2025-11-07;10;2830
17;2025-11-07;11;2791
17;2025-11-07;12;2871
17;2025-11-07;13;2938
17;2025-11-07;14;2962
17;2025-11-07;15;3132
17;2025-11-07;16;3516
17;2025-11-07;17;4230
17;2025-11-07;18;4529
17;2025-11-07;19;3374
17;2025-11-07;20;2359
17;2025-11-07;21;1539
17;2025-11-07;22;867
17;2025-11-07;23;419
17;2025-11-08;0;199
17;2025-11-08;1;26
17;2025-11-08;2;0
17;2025-11-08;3;0
17;2025-11-08;4;5
17;2025-11-08;5;124
17;2025-11-08;6;544
17;2025-11-08;7;1088
17;2025-11-08;8;1563
17;2025-11-08;9;1863
17;2025-11-08;10;1998
17;2025-11-08;11;2430
17;2025-11-08;12;2635
17;2025-11-08;13;2855
17;2025-11-08;14;2869
17;2025-11-08;15;2926
17;2025-11-08;16;2876
17;2025-11-08;17;2908
17;2025-11-08;18;2682
17;2025-11-08;19;2237
17;2025-11-08;20;1747
17;2025-11-08;21;1244
17;2025-11-08;22;867
17;2025-11-08;23;420
17;2025-11-09;0;175
17;2025-11-09;1;22
17;2025-11-09;2;0
17;2025-11-09;3;0
17;2025-11-09;4;3
17;2025-11-09;5;101
17;2025-11-09;6;401
17;2025-11-09;7;780
17;2025-11-09;8;1177
17;2025-11-09;9;1620
17;2025-11-09;10;1890
17;2025-11-09;11;2359
17;2025-11-09;12;2573
17;2025-11-09;13;2771
17;2025-11-09;14;2762
17;2025-11-09;15;2802
17;2025-11-09;16;2758
17;2025-11-09;17;2712
17;2025-11-09;18;2486
17;2025-11-09;19;2135
17;2025-11-09;20;1657
17;2025-11-09;21;1155
17;2025-11-09;22;733
17;2025-11-09;23;342
17;2025-11-10;0;119
17;2025-11-10;1;12
17;2025-11-10;2;0
17;2025-11-10;3;0
17;2025-11-10;4;25
17;2025-11-10;5;290
17;2025-11-10;6;1478
17;2025-11-10;7;3818
17;2025-11-10;8;5060
17;2025-11-10;9;3628
17;2025-11-10;10;2808
17;2025-11-10;11;2765
17;2025-11-10;12;2826
17;2025-11-10;13;2889
17;2025-11-10;14;2934
17;2025-11-10;15;3110
17;2025-11-10;16;3517
17;2025-11-10;17;4328
17;2025-11-10;18;4727
17;2025-11-10;19;3354
17;2025-11-10;20;2340
17;2025-11-10;21;1477
17;2025-11-10;22;828
17;2025-11-10;23;355
17;2025-11-11;0;123
17;2025-11-11;1;11
17;2025-11-11;2;0
17;2025-11-11;3;0
17;2025-11-11;4;27
17;2025-11-11;5;305
17;2025-11-11;6;1501
17;2025-11-11;7;3840
17;2025-11-11;8;5067
17;2025-11-11;9;3653
17;2025-11-11;10;2853
17;2025-11-11;11;2811
17;2025-11-11;12;2898
17;2025-11-11;13;2968
17;2025-11-11;14;2989
17;2025-11-11;15;3144
17;2025-11-11;16;3550
17;2025-11-11;17;4360
17;2025-11-11;18;4732
17;2025-11-11;19;3399
17;2025-11-11;20;2392
17;2025-11-11;21;1560
17;2025-11-11;22;866
17;2025-11-11;23;372
17;2025-11-12;0;125
17;2025-11-12;1;12
17;2025-11-12;2;0
17;2025-11-12;3;0
17;2025-11-12;4;27
17;2025-11-12;5;308
17;2025-11-12;6;1501
17;2025-11-12;7;3840
17;2025-11-12;8;5061
17;2025-11-12;9;3657
17;2025-11-12;10;2851
17;2025-11-12;11;2811
17;2025-11-12;12;2895
17;2025-11-12;13;2973
17;2025-11-12;14;2996
17;2025-11-12;15;3150
17;2025-11-12;16;3533
17;2025-11-12;17;4336
17;2025-11-12;18;4732
17;2025-11-12;19;3396
17;2025-11-12;20;2389
17;2025-11-12;21;1561
17;2025-11-12;22;865
17;2025-11-12;23;394
17;2025-11-13;0;137
17;2025-11-13;1;12
17;2025-11-13;2;0
17;2025-11-13;3;0
17;2025-11-13;4;27
17;2025-11-13;5;312
17;2025-11-13;6;1506
17;2025-11-13;7;3840
17;2025-11-13;8;5067
17;2025-11-13;9;3661
17;2025-11-13;10;2859
17;2025-11-13;11;2817
17;2025-11-13;12;2900
17;2025-11-13;13;2978
17;2025-11-13;14;2999
17;2025-11-13;15;3153
17;2025-11-13;16;3549
17;2025-11-13;17;4360
17;2025-11-13;18;4732
17;2025-11-13;19;3404
17;2025-11-13;20;2398
17;2025-11-13;21;1572
17;2025-11-13;22;879
17;2025-11-13;23;405
17;2025-11-14;0;138
17;2025-11-14;1;14
17;2025-11-14;2;0
17;2025-11-14;3;0
17;2025-11-14;4;25
17;2025-11-14;5;302
17;2025-11-14;6;1480
17;2025-11-14;7;3720
17;2025-11-14;8;4904
17;2025-11-14;9;3613
17;2025-11-14;10;2830
17;2025-11-14;11;2791
17;2025-11-14;12;2871
17;2025-11-14;13;2938
17;2025-11-14;14;2962
17;2025-11-14;15;3132
17;2025-11-14;16;3516
17;2025-11-14;17;4230
17;2025-11-14;18;4529
17;2025-11-14;19;3374
17;2025-11-14;20;2359
17;2025-11-14;21;1539
17;2025-11-14;22;867
17;2025-11-14;23;419
17;2025-11-15;0;199
17;2025-11-15;1;26
17;2025-11-15;2;0
17;2025-11-15;3;0
17;2025-11-15;4;5
17;2025-11-15;5;124
17;2025-11-15;6;544
17;2025-11-15;7;1088
17;2025-11-15;8;1563
17;2025-11-15;9;1863
17;2025-11-15;10;1998
17;2025-11-15;11;2430
17;2025-11-15;12;2635
17;2025-11-15;13;2855
17;2025-11-15;14;2869
17;2025-11-15;15;2926
17;2025-11-15;16;2876
17;2025-11-15;17;2908
17;2025-11-15;18;2682
17;2025-11-15;19;2237
17;2025-11-15;20;1747
17;2025-11-15;21;1244
17;2025-11-15;22;867
17;2025-11-15;23;420
17;2025-11-16;0;175
17;2025-11-16;1;22
17;2025-11-16;2;0
17;2025-11-16;3;0
17;2025-11-16;4;3
17;2025-11-16;5;101
17;2025-11-16;6;401
17;2025-11-16;7;780
17;2025-11-16;8;1177
17;2025-11-16;9;1620
17;2025-11-16;10;1890
17;2025-11-16;11;2359
17;2025-11-16;12;2573
17;2025-11-16;13;2771
17;2025-11-16;14;2762
17;2025-11-16;15;2802
17;2025-11-16;16;2758
17;2025-11-16;17;2712
17;2025-11-16;18;2486
17;2025-11-16;19;2135
17;2025-11-16;20;1657
17;2025-11-16;21;1155
17;2025-11-16;22;733
17;2025-11-16;23;342
17;2025-11-17;0;119
17;2025-11-17;1;12
17;2025-11-17;2;0
17;2025-11-17;3;0
17;2025-11-17;4;25
17;2025-11-17;5;290
17;2025-11-17;6;1478
17;2025-11-17;7;3818
17;2025-11-17;8;5060
17;2025-11-17;9;3628
17;2025-11-17;10;2808
17;2025-11-17;11;2765
17;2025-11-17;12;2826
17;2025-11-17;13;2889
17;2025-11-17;14;2934
17;2025-11-17;15;3110
17;2025-11-17;16;3517
17;2025-11-17;17;4328
17;2025-11-17;18;4727
17;2025-11-17;19;3354
17;2025-11-17;20;2340
17;2025-11-17;21;1477
17;2025-11-17;22;828
17;2025-11-17;23;355
17;2025-11-18;0;123
17;2025-11-18;1;11
17;2025-11-18;2;0
17;2025-11-18;3;0
17;2025-11-18;4;27
17;2025-11-18;5;305
17;2025-11-18;6;1501
17;2025-11-18;7;3840
17;2025-11-18;8;5067
17;2025-11-18;9;3653
17;2025-11-18;10;2853
17;2025-11-18;11;2811
17;2025-11-18;12;2898
17;2025-11-18;13;2968
17;2025-11-18;14;2989
17;2025-11-18;15;3144
17;2025-11-18;16;3550
17;2025-11-18;17;4360
17;2025-11-18;18;4732
17;2025-11-18;19;3399
17;2025-11-18;20;2392
17;2025-11-18;21;1560
17;2025-11-18;22;866
17;2025-11-18;23;372
17;2025-11-19;0;125
17;2025-11-19;1;12
17;2025-11-19;2;0
17;2025-11-19;3;0
17;2025-11-19;4;27
17;2025-11-19;5;308
17;2025-11-19;6;1501
17;2025-11-19;7;3840
17;2025-11-19;8;5061
17;2025-11-19;9;3657
17;2025-11-19;10;2851
17;2025-11-19;11;2811
17;2025-11-19;12;2895
17;2025-11-19;13;2973
17;2025-11-19;14;2996
17;2025-11-19;15;3150
17;2025-11-19;16;3533
17;2025-11-19;17;4336
17;2025-11-19;18;4732
17;2025-11-19;19;3396
17;2025-11-19;20;2389
17;2025-11-19;21;1561
17;2025-11-19;22;865
17;2025-11-19;23;394
17;2025-11-20;0;137
17;2025-11-20;1;12
17;2025-11-20;2;0
17;2025-11-20;3;0
17;2025-11-20;4;27
17;2025-11-20;5;312
17;2025-11-20;6;1506
17;2025-11-20;7;3840
17;2025-11-20;8;5067
17;2025-11-20;9;3661
17;2025-11-20;10;2859
17;2025-11-20;11;2817
17;2025-11-20;12;2900
17;2025-11-20;13;2978
17;2025-11-20;14;2999
17;2025-11-20;15;3153
17;2025-11-20;16;3549
17;2025-11-20;17;4360
17;2025-11-20;18;4732
17;2025-11-20;19;3404
17;2025-11-20;20;2398
17;2025-11-20;21;1572
17;2025-11-20;22;879
17;2025-11-20;23;405
17;2025-11-21;0;138
17;2025-11-21;1;14
17;2025-11-21;2;0
17;2025-11-21;3;0
17;2025-11-21;4;25
17;2025-11-21;5;302
17;2025-11-21;6;1480
17;2025-11-21;7;3720
17;2025-11-21;8;4904
17;2025-11-21;9;3613
17;2025-11-21;10;2830
17;2025-11-21;11;2791
17;2025-11-21;12;2871
17;2025-11-21;13;2938
17;2025-11-21;14;2962
17;2025-11-21;15;3132
17;2025-11-21;16;3516
17;2025-11-21;17;4230
17;2025-11-21;18;4529
17;2025-11-21;19;3374
17;2025-11-21;20;2359
17;2025-11-21;21;1539
17;2025-11-21;22;867
17;2025-11-21;23;419
17;2025-11-22;0;199
17;2025-11-22;1;26
17;2025-11-22;2;0
17;2025-11-22;3;0
17;2025-11-22;4;5
17;2025-11-22;5;124
17;2025-11-22;6;544
17;2025-11-22;7;1088
17;2025-11-22;8;1563
17;2025-11-22;9;1863
17;2025-11-22;10;1998
17;2025-11-22;11;2430
17;2025-11-22;12;2635
17;2025-11-22;13;2855
17;2025-11-22;14;2869
17;2025-11-22;15;2926
17;2025-11-22;16;2876
17;2025-11-22;17;2908
17;2025-11-22;18;2682
17;2025-11-22;19;2237
17;2025-11-22;20;1747
17;2025-11-22;21;1244
17;2025-11-22;22;867
17;2025-11-22;23;420
17;2025-11-23;0;175
17;2025-11-23;1;22
17;2025-11-23;2;0
17;2025-11-23;3;0
17;2025-11-23;4;3
17;2025-11-23;5;101
17;2025-11-23;6;401
17;2025-11-23;7;780
17;2025-11-23;8;1177
17;2025-11-23;9;1620
17;2025-11-23;10;1890
17;2025-11-23;11;2359
17;2025-11-23;12;2573
17;2025-11-23;13;2771
17;2025-11-23;14;2762
17;2025-11-23;15;2802
17;2025-11-23;16;2758
17;2025-11-23;17;2712
17;2025-11-23;18;2486
17;2025-11-23;19;2135
17;2025-11-23;20;1657
17;2025-11-23;21;1155
17;2025-11-23;22;733
17;2025-11-23;23;342
17;2025-11-24;0;119
17;2025-11-24;1;12
17;2025-11-24;2;0
17;2025-11-24;3;0
17;2025-11-24;4;25
17;2025-11-24;5;290
17;2025-11-24;6;1478
17;2025-11-24;7;3818
17;2025-11-24;8;5060
17;2025-11-24;9;3628
17;2025-11-24;10;2808
17;2025-11-24;11;2765
17;2025-11-24;12;2826
17;2025-11-24;13;2889
17;2025-11-24;14;2934
17;2025-11-24;15;3110
17;2025-11-24;16;3517
17;2025-11-24;17;4328
17;2025-11-24;18;4727
17;2025-11-24;19;3354
17;2025-11-24;20;2340
17;2025-11-24;21;1477
17;2025-11-24;22;828
17;2025-11-24;23;355
17;2025-11-25;0;123
17;2025-11-25;1;11
17;2025-11-25;2;0
17;2025-11-25;3;0
17;2025-11-25;4;27
17;2025-11-25;5;305
17;2025-11-25;6;1501
17;2025-11-25;7;3840
17;2025-11-25;8;5067
17;2025-11-25;9;3653
17;2025-11-25;10;2853
17;2025-11-25;11;2811
17;2025-11-25;12;2898
17;2025-11-25;13;2968
17;2025-11-25;14;2989
17;2025-11-25;15;3144
17;2025-11-25;16;3550
17;2025-11-25;17;4360
17;2025-11-25;18;4732
17;2025-11-25;19;3399
17;2025-11-25;20;2392
17;2025-11-25;21;1560
17;2025-11-25;22;866
17;2025-11-25;23;372
17;2025-11-26;0;125
17;2025-11-26;1;12
17;2025-11-26;2;0
17;2025-11-26;3;0
17;2025-11-26;4;27
17;2025-11-26;5;308
17;2025-11-26;6;1501
17;2025-11-26;7;3840
17;2025-11-26;8;5061
17;2025-11-26;9;3657
17;2025-11-26;10;2851
17;2025-11-26;11;2811
17;2025-11-26;12;2895
17;2025-11-26;13;2973
17;2025-11-26;14;2996
17;2025-11-26;15;3150
17;2025-11-26;16;3533
17;2025-11-26;17;4336
17;2025-11-26;18;4732
17;2025-11-26;19;3396
17;2025-11-26;20;2389
17;2025-11-26;21;1561
17;2025-11-26;22;865
17;2025-11-26;23;394
17;2025-11-27;0;137
17;2025-11-27;1;12
17;2025-11-27;2;0
17;2025-11-27;3;0
17;2025-11-27;4;27
17;2025-11-27;5;312
17;2025-11-27;6;1506
17;2025-11-27;7;3840
17;2025-11-27;8;5067
17;2025-11-27;9;3661
17;2025-11-27;10;2859
17;2025-11-27;11;2817
17;2025-11-27;12;2900
17;2025-11-27;13;2978
17;2025-11-27;14;2999
17;2025-11-27;15;3153
17;2025-11-27;16;3549
17;2025-11-27;17;4360
17;2025-11-27;18;4732
17;2025-11-27;19;3404
17;2025-11-27;20;2398
17;2025-11-27;21;1572
17;2025-11-27;22;879
17;2025-11-27;23;405
17;2025-11-28;0;138
17;2025-11-28;1;14
17;2025-11-28;2;0
17;2025-11-28;3;0
17;2025-11-28;4;25
17;2025-11-28;5;302
17;2025-11-28;6;1480
17;2025-11-28;7;3720
17;2025-11-28;8;4904
17;2025-11-28;9;3613
17;2025-11-28;10;2830
17;2025-11-28;11;2791
17;2025-11-28;12;2871
17;2025-11-28;13;2938
17;2025-11-28;14;2962
17;2025-11-28;15;3132
17;2025-11-28;16;3516
17;2025-11-28;17;4230
17;2025-11-28;18;4529
17;2025-11-28;19;3374
17;2025-11-28;20;2359
17;2025-11-28;21;1539
17;2025-11-28;22;867
17;2025-11-28;23;419
17;2025-11-29;0;199
17;2025-11-29;1;26
17;2025-11-29;2;0
17;2025-11-29;3;0
17;2025-11-29;4;5
17;2025-11-29;5;124
17;2025-11-29;6;544
17;2025-11-29;7;1088
17;2025-11-29;8;1563
17;2025-11-29;9;1863
17;2025-11-29;10;1998
17;2025-11-29;11;2430
17;2025-11-29;12;2635
17;2025-11-29;13;2855
17;2025-11-29;14;2869
17;2025-11-29;15;2926
17;2025-11-29;16;2876
17;2025-11-29;17;2908
17;2025-11-29;18;2682
17;2025-11-29;19;2237
17;2025-11-29;20;1747
17;2025-11-29;21;1244
17;2025-11-29;22;867
17;2025-11-29;23;420
17;2025-11-30;0;175
17;2025-11-30;1;22
17;2025-11-30;2;0
17;2025-11-30;3;0
17;2025-11-30;4;3
17;2025-11-30;5;101
17;2025-11-30;6;401
17;2025-11-30;7;780
17;2025-11-30;8;1177
17;2025-11-30;9;1620
17;2025-11-30;10;1890
17;2025-11-30;11;2359
17;2025-11-30;12;2573
17;2025-11-30;13;2771
17;2025-11-30;14;2762
17;2025-11-30;15;2802
17;2025-11-30;16;2758
17;2025-11-30;17;2712
17;2025-11-30;18;2486
17;2025-11-30;19;2135
17;2025-11-30;20;1657
17;2025-11-30;21;1155
17;2025-11-30;22;733
17;2025-11-30;23;342
17;2025-12-01;0;119
17;2025-12-01;1;12
17;2025-12-01;2;0
17;2025-12-01;3;0
17;2025-12-01;4;25
17;2025-12-01;5;290
17;2025-12-01;6;1478
17;2025-12-01;7;3818
17;2025-12-01;8;5060
17;2025-12-01;9;3628
17;2025-12-01;10;2808
17;2025-12-01;11;2765
17;2025-12-01;12;2826
17;2025-12-01;13;2889
17;2025-12-01;14;2934
17;2025-12-01;15;3110
17;2025-12-01;16;3517
17;2025-12-01;17;4328
17;2025-12-01;18;4727
17;2025-12-01;19;3354
17;2025-12-01;20;2340
17;2025-12-01;21;1477
17;2025-12-01;22;828
17;2025-12-01;23;355
17;2025-12-02;0;123
17;2025-12-02;1;11
17;2025-12-02;2;0
17;2025-12-02;3;0
17;2025-12-02;4;27
17;2025-12-02;5;305
17;2025-12-02;6;1501
17;2025-12-02;7;3840
17;2025-12-02;8;5067
17;2025-12-02;9;3653
17;2025-12-02;10;2853
17;2025-12-02;11;2811
17;2025-12-02;12;2898
17;2025-12-02;13;2968
17;2025-12-02;14;2989
17;2025-12-02;15;3144
17;2025-12-02;16;3550
17;2025-12-02;17;4360
17;2025-12-02;18;4732
17;2025-12-02;19;3399
17;2025-12-02;20;2392
17;2025-12-02;21;1560
17;2025-12-02;22;866
17;2025-12-02;23;372
17;2025-12-03;0;125
17;2025-12-03;1;12
17;2025-12-03;2;0
17;2025-12-03;3;0
17;2025-12-03;4;27
17;2025-12-03;5;308
17;2025-12-03;6;1501
17;2025-12-03;7;3840
17;2025-12-03;8;5061
17;2025-12-03;9;3657
17;2025-12-03;10;2851
17;2025-12-03;11;2811
17;2025-12-03;12;2895
17;2025-12-03;13;2973
17;2025-12-03;14;2996
17;2025-12-03;15;3150
17;2025-12-03;16;3533
17;2025-12-03;17;4336
17;2025-12-03;18;4732
17;2025-12-03;19;3396
17;2025-12-03;20;2389
17;2025-12-03;21;1561
17;2025-12-03;22;865
17;2025-12-03;23;394
17;2025-12-04;0;137
17;2025-12-04;1;12
17;2025-12-04;2;0
17;2025-12-04;3;0
17;2025-12-04;4;27
17;2025-12-04;5;312
17;2025-12-04;6;1506
17;2025-12-04;7;3840
17;2025-12-04;8;5067
17;2025-12-04;9;3661
17;2025-12-04;10;2859
17;2025-12-04;11;2817
17;2025-12-04;12;2900
17;2025-12-04;13;2978
17;2025-12-04;14;2999
17;2025-12-04;15;3153
17;2025-12-04;16;3549
17;2025-12-04;17;4360
17;2025-12-04;18;4732
17;2025-12-04;19;3404
17;2025-12-04;20;2398
17;2025-12-04;21;1572
17;2025-12-04;22;879
17;2025-12-04;23;405
17;2025-12-05;0;138
17;2025-12-05;1;14
17;2025-12-05;2;0
17;2025-12-05;3;0
17;2025-12-05;4;25
17;2025-12-05;5;302
17;2025-12-05;6;1480
17;2025-12-05;7;3720
17;2025-12-05;8;4904
17;2025-12-05;9;3613
17;2025-12-05;10;2830
17;2025-12-05;11;2791
17;2025-12-05;12;2871
17;2025-12-05;13;2938
17;2025-12-05;14;2962
17;2025-12-05;15;3132
17;2025-12-05;16;3516
17;2025-12-05;17;4230
17;2025-12-05;18;4529
17;2025-12-05;19;3374
17;2025-12-05;20;2359
17;2025-12-05;21;1539
17;2025-12-05;22;867
17;2025-12-05;23;419
17;2025-12-06;0;199
17;2025-12-06;1;26
17;2025-12-06;2;0
17;2025-12-06;3;0
17;2025-12-06;4;5
17;2025-12-06;5;124
17;2025-12-06;6;544
17;2025-12-06;7;1088
17;2025-12-06;8;1563
17;2025-12-06;9;1863
17;2025-12-06;10;1998
17;2025-12-06;11;2430
17;2025-12-06;12;2635
17;2025-12-06;13;2855
17;2025-12-06;14;2869
17;2025-12-06;15;2926
17;2025-12-06;16;2876
17;2025-12-06;17;2908
17;2025-12-06;18;2682
17;2025-12-06;19;2237
17;2025-12-06;20;1747
17;2025-12-06;21;1244
17;2025-12-06;22;867
17;2025-12-06;23;420
17;2025-12-07;0;175
17;2025-12-07;1;22
17;2025-12-07;2;0
17;2025-12-07;3;0
17;2025-12-07;4;3
17;2025-12-07;5;101
17;2025-12-07;6;401
17;2025-12-07;7;780
17;2025-12-07;8;1177
17;2025-12-07;9;1620
17;2025-12-07;10;1890
17;2025-12-07;11;2359
17;2025-12-07;12;2573
17;2025-12-07;13;2771
17;2025-12-07;14;2762
17;2025-12-07;15;2802
17;2025-12-07;16;2758
17;2025-12-07;17;2712
17;2025-12-07;18;2486
17;2025-12-07;19;2135
17;2025-12-07;20;1657
17;2025-12-07;21;1155
17;2025-12-07;22;733
17;2025-12-07;23;342
17;2025-12-08;0;119
17;2025-12-08;1;12
17;2025-12-08;2;0
17;2025-12-08;3;0
17;2025-12-08;4;25
17;2025-12-08;5;290
17;2025-12-08;6;1478
17;2025-12-08;7;3818
17;2025-12-08;8;5060
17;2025-12-08;9;3628
17;2025-12-08;10;2808
17;2025-12-08;11;2765
17;2025-12-08;12;2826
17;2025-12-08;13;2889
17;2025-12-08;14;2934
17;2025-12-08;15;3110
17;2025-12-08;16;3517
17;2025-12-08;17;4328
17;2025-12-08;18;4727
17;2025-12-08;19;3354
17;2025-12-08;20;2340
17;2025-12-08;21;1477
17;2025-12-08;22;828
17;2025-12-08;23;355
17;2025-12-09;0;123
17;2025-12-09;1;11
17;2025-12-09;2;0
17;2025-12-09;3;0
17;2025-12-09;4;27
17;2025-12-09;5;305
17;2025-12-09;6;1501
17;2025-12-09;7;3840
17;2025-12-09;8;5067
17;2025-12-09;9;3653
17;2025-12-09;10;2853
17;2025-12-09;11;2811
17;2025-12-09;12;2898
17;2025-12-09;13;2968
17;2025-12-09;14;2989
17;2025-12-09;15;3144
17;2025-12-09;16;3550
17;2025-12-09;17;4360
17;2025-12-09;18;4732
17;2025-12-09;19;3399
17;2025-12-09;20;2392
17;2025-12-09;21;1560
17;2025-12-09;22;866
17;2025-12-09;23;372
17;2025-12-10;0;125
17;2025-12-10;1;12
17;2025-12-10;2;0
17;2025-12-10;3;0
17;2025-12-10;4;27
17;2025-12-10;5;308
17;2025-12-10;6;1501
17;2025-12-10;7;3840
17;2025-12-10;8;5061
17;2025-12-10;9;3657
17;2025-12-10;10;2851
17;2025-12-10;11;2811
17;2025-12-10;12;2895
17;2025-12-10;13;2973
17;2025-12-10;14;2996
17;2025-12-10;15;3150
17;2025-12-10;16;3533
17;2025-12-10;17;4336
17;2025-12-10;18;4732
17;2025-12-10;19;3396
17;2025-12-10;20;2389
17;2025-12-10;21;1561
17;2025-12-10;22;865
17;2025-12-10;23;394
17;2025-12-11;0;137
17;2025-12-11;1;12
17;2025-12-11;2;0
17;2025-12-11;3;0
17;2025-12-11;4;27
17;2025-12-11;5;312
17;2025-12-11;6;1506
17;2025-12-11;7;3840
17;2025-12-11;8;5067
17;2025-12-11;9;3661
17;2025-12-11;10;2859
17;2025-12-11;11;2817
17;2025-12-11;12;2900
17;2025-12-11;13;2978
17;2025-12-11;14;2999
17;2025-12-11;15;3153
17;2025-12-11;16;3549
17;2025-12-11;17;4360
17;2025-12-11;18;4732
17;2025-12-11;19;3404
17;2025-12-11;20;2398
17;2025-12-11;21;1572
17;2025-12-11;22;879
17;2025-12-11;23;405
17;2025-12-12;0;138
17;2025-12-12;1;14
17;2025-12-12;2;0
17;2025-12-12;3;0
17;2025-12-12;4;25
17;2025-12-12;5;302
17;2025-12-12;6;1480
17;2025-12-12;7;3720
17;2025-12-12;8;4904
17;2025-12-12;9;3613
17;2025-12-12;10;2830
17;2025-12-12;11;2791
17;2025-12-12;12;2871
17;2025-12-12;13;2938
17;2025-12-12;14;2962
17;2025-12-12;15;3132
17;2025-12-12;16;3516
17;2025-12-12;17;4230
17;2025-12-12;18;4529
17;2025-12-12;19;3374
17;2025-12-12;20;2359
17;2025-12-12;21;1539
17;2025-12-12;22;867
17;2025-12-12;23;419
17;2025-12-13;0;199
17;2025-12-13;1;26
17;2025-12-13;2;0
17;2025-12-13;3;0
17;2025-12-13;4;5
17;2025-12-13;5;124
17;2025-12-13;6;544
17;2025-12-13;7;1088
17;2025-12-13;8;1563
17;2025-12-13;9;1863
17;2025-12-13;10;1998
17;2025-12-13;11;2430
17;2025-12-13;12;2635
17;2025-12-13;13;2855
17;2025-12-13;14;2869
17;2025-12-13;15;2926
17;2025-12-13;16;2876
17;2025-12-13;17;2908
17;2025-12-13;18;2682
17;2025-12-13;19;2237
17;2025-12-13;20;1747
17;2025-12-13;21;1244
17;2025-12-13;22;867
17;2025-12-13;23;420
17;2025-12-14;0;175
17;2025-12-14;1;22
17;2025-12-14;2;0
17;2025-12-14;3;0
17;2025-12-14;4;3
17;2025-12-14;5;101
17;2025-12-14;6;401
17;2025-12-14;7;780
17;2025-12-14;8;1177
17;2025-12-14;9;1620
17;2025-12-14;10;1890
17;2025-12-14;11;2359
17;2025-12-14;12;2573
17;2025-12-14;13;2771
17;2025-12-14;14;2762
17;2025-12-14;15;2802
17;2025-12-14;16;2758
17;2025-12-14;17;2712
17;2025-12-14;18;2486
17;2025-12-14;19;2135
17;2025-12-14;20;1657
17;2025-12-14;21;1155
17;2025-12-14;22;733
17;2025-12-14;23;342
17;2025-12-15;0;119
17;2025-12-15;1;12
17;2025-12-15;2;0
17;2025-12-15;3;0
17;2025-12-15;4;25
17;2025-12-15;5;290
17;2025-12-15;6;1478
17;2025-12-15;7;3818
17;2025-12-15;8;5060
17;2025-12-15;9;3628
17;2025-12-15;10;2808
17;2025-12-15;11;2765
17;2025-12-15;12;2826
17;2025-12-15;13;2889
17;2025-12-15;14;2934
17;2025-12-15;15;3110
17;2025-12-15;16;3517
17;2025-12-15;17;4328
17;2025-12-15;18;4727
17;2025-12-15;19;3354
17;2025-12-15;20;2340
17;2025-12-15;21;1477
17;2025-12-15;22;828
17;2025-12-15;23;355
17;2025-12-16;0;123
17;2025-12-16;1;11
17;2025-12-16;2;0
17;2025-12-16;3;0
17;2025-12-16;4;27
17;2025-12-16;5;305
17;2025-12-16;6;1501
17;2025-12-16;7;3840
17;2025-12-16;8;5067
17;2025-12-16;9;3653
17;2025-12-16;10;2853
17;2025-12-16;11;2811
17;2025-12-16;12;2898
17;2025-12-16;13;2968
17;2025-12-16;14;2989
17;2025-12-16;15;3144
17;2025-12-16;16;3550
17;2025-12-16;17;4360
17;2025-12-16;18;4732
17;2025-12-16;19;3399
17;2025-12-16;20;2392
17;2025-12-16;21;1560
17;2025-12-16;22;866
17;2025-12-16;23;372
17;2025-12-17;0;125
17;2025-12-17;1;12
17;2025-12-17;2;0
17;2025-12-17;3;0
17;2025-12-17;4;27
17;2025-12-17;5;308
17;2025-12-17;6;1501
17;2025-12-17;7;3840
17;2025-12-17;8;5061
17;2025-12-17;9;3657
17;2025-12-17;10;2851
17;2025-12-17;11;2811
17;2025-12-17;12;2895
17;2025-12-17;13;2973
17;2025-12-17;14;2996
17;2025-12-17;15;3150
17;2025-12-17;16;3533
17;2025-12-17;17;4336
17;2025-12-17;18;4732
17;2025-12-17;19;3396
17;2025-12-17;20;2389
17;2025-12-17;21;1561
17;2025-12-17;22;865
17;2025-12-17;23;394
17;2025-12-18;0;137
17;2025-12-18;1;12
17;2025-12-18;2;0
17;2025-12-18;3;0
17;2025-12-18;4;27
17;2025-12-18;5;312
17;2025-12-18;6;1506
17;2025-12-18;7;3840
17;2025-12-18;8;5067
17;2025-12-18;9;3661
17;2025-12-18;10;2859
17;2025-12-18;11;2817
17;2025-12-18;12;2900
17;2025-12-18;13;2978
17;2025-12-18;14;2999
17;2025-12-18;15;3153
17;2025-12-18;16;3549
17;2025-12-18;17;4360
17;2025-12-18;18;4732
17;2025-12-18;19;3404
17;2025-12-18;20;2398
17;2025-12-18;21;1572
17;2025-12-18;22;879
17;2025-12-18;23;405
17;2025-12-19;0;138
17;2025-12-19;1;14
17;2025-12-19;2;0
17;2025-12-19;3;0
17;2025-12-19;4;25
17;2025-12-19;5;302
17;2025-12-19;6;1480
17;2025-12-19;7;3720
17;2025-12-19;8;4904
17;2025-12-19;9;3613
17;2025-12-19;10;2830
17;2025-12-19;11;2791
17;2025-12-19;12;2871
17;2025-12-19;13;2938
17;2025-12-19;14;2962
17;2025-12-19;15;3132
17;2025-12-19;16;3516
17;2025-12-19;17;4230
17;2025-12-19;18;4529
17;2025-12-19;19;3374
17;2025-12-19;20;2359
17;2025-12-19;21;1539
17;2025-12-19;22;867
17;2025-12-19;23;419
17;2025-12-20;0;199
17;2025-12-20;1;26
17;2025-12-20;2;0
17;2025-12-20;3;0
17;2025-12-20;4;5
17;2025-12-20;5;124
17;2025-12-20;6;544
17;2025-12-20;7;1088
17;2025-12-20;8;1563
17;2025-12-20;9;1863
17;2025-12-20;10;1998
17;2025-12-20;11;2430
17;2025-12-20;12;2635
17;2025-12-20;13;2855
17;2025-12-20;14;2869
17;2025-12-20;15;2926
17;2025-12-20;16;2876
17;2025-12-20;17;2908
17;2025-12-20;18;2682
17;2025-12-20;19;2237
17;2025-12-20;20;1747
17;2025-12-20;21;1244
17;2025-12-20;22;867
17;2025-12-20;23;420
17;2025-12-21;0;175
17;2025-12-21;1;22
17;2025-12-21;2;0
17;2025-12-21;3;0
17;2025-12-21;4;3
17;2025-12-21;5;101
17;2025-12-21;6;401
17;2025-12-21;7;780
17;2025-12-21;8;1177
17;2025-12-21;9;1620
17;2025-12-21;10;1890
17;2025-12-21;11;2359
17;2025-12-21;12;2573
17;2025-12-21;13;2771
17;2025-12-21;14;2762
17;2025-12-21;15;2802
17;2025-12-21;16;2758
17;2025-12-21;17;2712
17;2025-12-21;18;2486
17;2025-12-21;19;2135
17;2025-12-21;20;1657
17;2025-12-21;21;1155
17;2025-12-21;22;733
17;2025-12-21;23;342
17;2025-12-22;0;119
17;2025-12-22;1;12
17;2025-12-22;2;0
17;2025-12-22;3;0
17;2025-12-22;4;25
17;2025-12-22;5;290
17;2025-12-22;6;1478
17;2025-12-22;7;3818
17;2025-12-22;8;5060
17;2025-12-22;9;3628
17;2025-12-22;10;2808
17;2025-12-22;11;2765
17;2025-12-22;12;2826
17;2025-12-22;13;2889
17;2025-12-22;14;2934
17;2025-12-22;15;3110
17;2025-12-22;16;3517
17;2025-12-22;17;4328
17;2025-12-22;18;4727
17;2025-12-22;19;3354
17;2025-12-22;20;2340
17;2025-12-22;21;1477
17;2025-12-22;22;828
17;2025-12-22;23;355
17;2025-12-23;0;123
17;2025-12-23;1;11
17;2025-12-23;2;0
17;2025-12-23;3;0
17;2025-12-23;4;27
17;2025-12-23;5;305
17;2025-12-23;6;1501
17;2025-12-23;7;3840
17;2025-12-23;8;5067
17;2025-12-23;9;3653
17;2025-12-23;10;2853
17;2025-12-23;11;2811
17;2025-12-23;12;2898
17;2025-12-23;13;2968
17;2025-12-23;14;2989
17;2025-12-23;15;3144
17;2025-12-23;16;3550
17;2025-12-23;17;4360
17;2025-12-23;18;4732
17;2025-12-23;19;3399
17;2025-12-23;20;2392
17;2025-12-23;21;1560
17;2025-12-23;22;866
17;2025-12-23;23;372
17;2025-12-24;0;125
17;2025-12-24;1;12
17;2025-12-24;2;0
17;2025-12-24;3;0
17;2025-12-24;4;27
17;2025-12-24;5;308
17;2025-12-24;6;1501
17;2025-12-24;7;3840
17;2025-12-24;8;5061
17;2025-12-24;9;3657
17;2025-12-24;10;2851
17;2025-12-24;11;2811
17;2025-12-24;12;2895
17;2025-12-24;13;2973
17;2025-12-24;14;2996
17;2025-12-24;15;3150
17;2025-12-24;16;3533
17;2025-12-24;17;4336
17;2025-12-24;18;4732
17;2025-12-24;19;3396
17;2025-12-24;20;2389
17;2025-12-24;21;1561
17;2025-12-24;22;865
17;2025-12-24;23;394
17;2025-12-25;0;137
17;2025-12-25;1;12
17;2025-12-25;2;0
17;2025-12-25;3;0
17;2025-12-25;4;27
17;2025-12-25;5;312
17;2025-12-25;6;1506
17;2025-12-25;7;3840
17;2025-12-25;8;5067
17;2025-12-25;9;3661
17;2025-12-25;10;2859
17;2025-12-25;11;2817
17;2025-12-25;12;2900
17;2025-12-25;13;2978
17;2025-12-25;14;2999
17;2025-12-25;15;3153
17;2025-12-25;16;3549
17;2025-12-25;17;4360
17;2025-12-25;18;4732
17;2025-12-25;19;3404
17;2025-12-25;20;2398
17;2025-12-25;21;1572
17;2025-12-25;22;879
17;2025-12-25;23;405
17;2025-12-26;0;138
17;2025-12-26;1;14
17;2025-12-26;2;0
17;2025-12-26;3;0
17;2025-12-26;4;25
17;2025-12-26;5;302
17;2025-12-26;6;1480
17;2025-12-26;7;3720
17;2025-12-26;8;4904
17;2025-12-26;9;3613
17;2025-12-26;10;2830
17;2025-12-26;11;2791
17;2025-12-26;12;2871
17;2025-12-26;13;2938
17;2025-12-26;14;2962
17;2025-12-26;15;3132
17;2025-12-26;16;3516
17;2025-12-26;17;4230
17;2025-12-26;18;4529
17;2025-12-26;19;3374
17;2025-12-26;20;2359
17;2025-12-26;21;1539
17;2025-12-26;22;867
17;2025-12-26;23;419
17;2025-12-27;0;199
17;2025-12-27;1;26
17;2025-12-27;2;0
17;2025-12-27;3;0
17;2025-12-27;4;5
17;2025-12-27;5;124
17;2025-12-27;6;544
17;2025-12-27;7;1088
17;2025-12-27;8;1563
17;2025-12-27;9;1863
17;2025-12-27;10;1998
17;2025-12-27;11;2430
17;2025-12-27;12;2635
17;2025-12-27;13;2855
17;2025-12-27;14;2869
17;2025-12-27;15;2926
17;2025-12-27;16;2876
17;2025-12-27;17;2908
17;2025-12-27;18;2682
17;2025-12-27;19;2237
17;2025-12-27;20;1747
17;2025-12-27;21;1244
17;2025-12-27;22;867
17;2025-12-27;23;420
17;2025-12-28;0;175
17;2025-12-28;1;22
17;2025-12-28;2;0
17;2025-12-28;3;0
17;2025-12-28;4;3
17;2025-12-28;5;101
17;2025-12-28;6;401
17;2025-12-28;7;780
17;2025-12-28;8;1177
17;2025-12-28;9;1620
17;2025-12-28;10;1890
17;2025-12-28;11;2359
17;2025-12-28;12;2573
17;2025-12-28;13;2771
17;2025-12-28;14;2762
17;2025-12-28;15;2802
17;2025-12-28;16;2758
17;2025-12-28;17;2712
17;2025-12-28;18;2486
17;2025-12-28;19;2135
17;2025-12-28;20;1657
17;2025-12-28;21;1155
17;2025-12-28;22;733
17;2025-12-28;23;342
17;2025-12-29;0;119
17;2025-12-29;1;12
17;2025-12-29;2;0
17;2025-12-29;3;0
17;2025-12-29;4;25
17;2025-12-29;5;290
17;2025-12-29;6;1478
17;2025-12-29;7;3818
17;2025-12-29;8;5060
17;2025-12-29;9;3628
17;2025-12-29;10;2808
17;2025-12-29;11;2765
17;2025-12-29;12;2826
17;2025-12-29;13;2889
17;2025-12-29;14;2934
17;2025-12-29;15;3110
17;2025-12-29;16;3517
17;2025-12-29;17;4328
17;2025-12-29;18;4727
17;2025-12-29;19;3354
17;2025-12-29;20;2340
17;2025-12-29;21;1477
17;2025-12-29;22;828
17;2025-12-29;23;355
17;2025-12-30;0;123
17;2025-12-30;1;11
17;2025-12-30;2;0
17;2025-12-30;3;0
17;2025-12-30;4;27
17;2025-12-30;5;305
17;2025-12-30;6;1501
17;2025-12-30;7;3840
17;2025-12-30;8;5067
17;2025-12-30;9;3653
17;2025-12-30;10;2853
17;2025-12-30;11;2811
17;2025-12-30;12;2898
17;2025-12-30;13;2968
17;2025-12-30;14;2989
17;2025-12-30;15;3144
17;2025-12-30;16;3550
17;2025-12-30;17;4360
17;2025-12-30;18;4732
17;2025-12-30;19;3399
17;2025-12-30;20;2392
17;2025-12-30;21;1560
17;2025-12-30;22;866
17;2025-12-30;23;372
17;2025-12-31;0;127
17;2025-12-31;1;7
17;2025-12-31;2;0
17;2025-12-31;3;0
17;2025-12-31;4;7
17;2025-12-31;5;258
17;2025-12-31;6;495
17;2025-12-31;7;1139
17;2025-12-31;8;1840
17;2025-12-31;9;1898
17;2025-12-31;10;1722
17;2025-12-31;11;2206
17;2025-12-31;12;2408
17;2025-12-31;13;2526
17;2025-12-31;14;2540
17;2025-12-31;15;2618
17;2025-12-31;16;2630
17;2025-12-31;17;2614
17;2025-12-31;18;2628
17;2025-12-31;19;2297
17;2025-12-31;20;1744
17;2025-12-31;21;1054
17;2025-12-31;22;819
17;2025-12-31;23;388
25;2025-11-01;0;15
25;2025-11-01;1;0
25;2025-11-01;2;0
25;2025-11-01;3;0
25;2025-11-01;4;0
25;2025-11-01;5;10
25;2025-11-01;6;94
25;2025-11-01;7;206
25;2025-11-01;8;705
25;2025-11-01;9;373
25;2025-11-01;10;345
25;2025-11-01;11;401
25;2025-11-01;12;418
25;2025-11-01;13;508
25;2025-11-01;14;486
25;2025-11-01;15;549
25;2025-11-01;16;648
25;2025-11-01;17;649
25;2025-11-01;18;696
25;2025-11-01;19;467
25;2025-11-01;20;339
25;2025-11-01;21;253
25;2025-11-01;22;160
25;2025-11-01;23;37
25;2025-11-02;0;11
25;2025-11-02;1;0
25;2025-11-02;2;0
25;2025-11-02;3;0
25;2025-11-02;4;0
25;2025-11-02;5;0
25;2025-11-02;6;37
25;2025-11-02;7;90
25;2025-11-02;8;175
25;2025-11-02;9;201
25;2025-11-02;10;211
25;2025-11-02;11;276
25;2025-11-02;12;308
25;2025-11-02;13;406
25;2025-11-02;14;410
25;2025-11-02;15;464
25;2025-11-02;16;423
25;2025-11-02;17;380
25;2025-11-02;18;387
25;2025-11-02;19;310
25;2025-11-02;20;227
25;2025-11-02;21;182
25;2025-11-02;22;107
25;2025-11-02;23;42
25;2025-11-03;0;5
25;2025-11-03;1;0
25;2025-11-03;2;0
25;2025-11-03;3;0
25;2025-11-03;4;0
25;2025-11-03;5;0
25;2025-11-03;6;62
25;2025-11-03;7;188
25;2025-11-03;8;196
25;2025-11-03;9;243
25;2025-11-03;10;185
25;2025-11-03;11;242
25;2025-11-03;12;262
25;2025-11-03;13;366
25;2025-11-03;14;315
25;2025-11-03;15;359
25;2025-11-03;16;358
25;2025-11-03;17;333
25;2025-11-03;18;299
25;2025-11-03;19;361
25;2025-11-03;20;221
25;2025-11-03;21;151
25;2025-11-03;22;94
25;2025-11-03;23;20
25;2025-11-04;0;0
25;2025-11-04;1;0
25;2025-11-04;2;0
25;2025-11-04;3;0
25;2025-11-04;4;0
25;2025-11-04;5;0
25;2025-11-04;6;31
25;2025-11-04;7;168
25;2025-11-04;8;158
25;2025-11-04;9;180
25;2025-11-04;10;144
25;2025-11-04;11;184
25;2025-11-04;12;231
25;2025-11-04;13;272
25;2025-11-04;14;294
25;2025-11-04;15;329
25;2025-11-04;16;320
25;2025-11-04;17;297
25;2025-11-04;18;273
25;2025-11-04;19;277
25;2025-11-04;20;209
25;2025-11-04;21;141
25;2025-11-04;22;86
25;2025-11-04;23;22
25;2025-11-05;0;0
25;2025-11-05;1;0
25;2025-11-05;2;0
25;2025-11-05;3;0
25;2025-11-05;4;0
25;2025-11-05;5;3
25;2025-11-05;6;145
25;2025-11-05;7;493
25;2025-11-05;8;807
25;2025-11-05;9;425
25;2025-11-05;10;325
25;2025-11-05;11;377
25;2025-11-05;12;369
25;2025-11-05;13;464
25;2025-11-05;14;410
25;2025-11-05;15;491
25;2025-11-05;16;604
25;2025-11-05;17;670
25;2025-11-05;18;707
25;2025-11-05;19;460
25;2025-11-05;20;306
25;2025-11-05;21;202
25;2025-11-05;22;113
25;2025-11-05;23;6
25;2025-11-06;0;1
25;2025-11-06;1;0
25;2025-11-06;2;0
25;2025-11-06;3;0
25;2025-11-06;4;0
25;2025-11-06;5;5
25;2025-11-06;6;146
25;2025-11-06;7;497
25;2025-11-06;8;807
25;2025-11-06;9;426
25;2025-11-06;10;332
25;2025-11-06;11;381
25;2025-11-06;12;373
25;2025-11-06;13;467
25;2025-11-06;14;413
25;2025-11-06;15;495
25;2025-11-06;16;608
25;2025-11-06;17;675
25;2025-11-06;18;711
25;2025-11-06;19;468
25;2025-11-06;20;310
25;2025-11-06;21;207
25;2025-11-06;22;119
25;2025-11-06;23;7
25;2025-11-07;0;1
25;2025-11-07;1;0
25;2025-11-07;2;0
25;2025-11-07;3;0
25;2025-11-07;4;0
25;2025-11-07;5;5
25;2025-11-07;6;141
25;2025-11-07;7;479
25;2025-11-07;8;798
25;2025-11-07;9;417
25;2025-11-07;10;321
25;2025-11-07;11;371
25;2025-11-07;12;363
25;2025-11-07;13;451
25;2025-11-07;14;405
25;2025-11-07;15;478
25;2025-11-07;16;585
25;2025-11-07;17;653
25;2025-11-07;18;680
25;2025-11-07;19;443
25;2025-11-07;20;299
25;2025-11-07;21;205
25;2025-11-07;22;118
25;2025-11-07;23;8
25;2025-11-08;0;7
25;2025-11-08;1;0
25;2025-11-08;2;0
25;2025-11-08;3;0
25;2025-11-08;4;0
25;2025-11-08;5;4
25;2025-11-08;6;58
25;2025-11-08;7;121
25;2025-11-08;8;258
25;2025-11-08;9;237
25;2025-11-08;10;238
25;2025-11-08;11;317
25;2025-11-08;12;353
25;2025-11-08;13;452
25;2025-11-08;14;462
25;2025-11-08;15;537
25;2025-11-08;16;502
25;2025-11-08;17;445
25;2025-11-08;18;437
25;2025-11-08;19;374
25;2025-11-08;20;258
25;2025-11-08;21;205
25;2025-11-08;22;138
25;2025-11-08;23;44
25;2025-11-09;0;11
25;2025-11-09;1;0
25;2025-11-09;2;0
25;2025-11-09;3;0
25;2025-11-09;4;0
25;2025-11-09;5;0
25;2025-11-09;6;37
25;2025-11-09;7;90
25;2025-11-09;8;175
25;2025-11-09;9;201
25;2025-11-09;10;211
25;2025-11-09;11;276
25;2025-11-09;12;308
25;2025-11-09;13;406
25;2025-11-09;14;410
25;2025-11-09;15;464
25;2025-11-09;16;423
25;2025-11-09;17;380
25;2025-11-09;18;387
25;2025-11-09;19;310
25;2025-11-09;20;227
25;2025-11-09;21;182
25;2025-11-09;22;107
25;2025-11-09;23;42
25;2025-11-10;0;6
25;2025-11-10;1;0
25;2025-11-10;2;0
25;2025-11-10;3;0
25;2025-11-10;4;0
25;2025-11-10;5;3
25;2025-11-10;6;135
25;2025-11-10;7;479
25;2025-11-10;8;799
25;2025-11-10;9;405
25;2025-11-10;10;306
25;2025-11-10;11;357
25;2025-11-10;12;351
25;2025-11-10;13;444
25;2025-11-10;14;391
25;2025-11-10;15;477
25;2025-11-10;16;590
25;2025-11-10;17;659
25;2025-11-10;18;687
25;2025-11-10;19;438
25;2025-11-10;20;288
25;2025-11-10;21;190
25;2025-11-10;22;107
25;2025-11-10;23;7
25;2025-11-11;0;0
25;2025-11-11;1;0
25;2025-11-11;2;0
25;2025-11-11;3;0
25;2025-11-11;4;0
25;2025-11-11;5;5
25;2025-11-11;6;147
25;2025-11-11;7;496
25;2025-11-11;8;808
25;2025-11-11;9;427
25;2025-11-11;10;328
25;2025-11-11;11;378
25;2025-11-11;12;370
25;2025-11-11;13;463
25;2025-11-11;14;411
25;2025-11-11;15;494
25;2025-11-11;16;607
25;2025-11-11;17;674
25;2025-11-11;18;710
25;2025-11-11;19;461
25;2025-11-11;20;308
25;2025-11-11;21;202
25;2025-11-11;22;113
25;2025-11-11;23;7
25;2025-11-12;0;0
25;2025-11-12;1;0
25;2025-11-12;2;0
25;2025-11-12;3;0
25;2025-11-12;4;0
25;2025-11-12;5;3
25;2025-11-12;6;145
25;2025-11-12;7;493
25;2025-11-12;8;807
25;2025-11-12;9;425
25;2025-11-12;10;325
25;2025-11-12;11;377
25;2025-11-12;12;369
25;2025-11-12;13;464
25;2025-11-12;14;410
25;2025-11-12;15;491
25;2025-11-12;16;604
25;2025-11-12;17;670
25;2025-11-12;18;707
25;2025-11-12;19;460
25;2025-11-12;20;306
25;2025-11-12;21;202
25;2025-11-12;22;113
25;2025-11-12;23;6
25;2025-11-13;0;1
25;2025-11-13;1;0
25;2025-11-13;2;0
25;2025-11-13;3;0
25;2025-11-13;4;0
25;2025-11-13;5;5
25;2025-11-13;6;146
25;2025-11-13;7;497
25;2025-11-13;8;807
25;2025-11-13;9;426
25;2025-11-13;10;332
25;2025-11-13;11;381
25;2025-11-13;12;373
25;2025-11-13;13;467
25;2025-11-13;14;413
25;2025-11-13;15;495
25;2025-11-13;16;608
25;2025-11-13;17;675
25;2025-11-13;18;711
25;2025-11-13;19;468
25;2025-11-13;20;310
25;2025-11-13;21;207
25;2025-11-13;22;119
25;2025-11-13;23;7
25;2025-11-14;0;1
25;2025-11-14;1;0
25;2025-11-14;2;0
25;2025-11-14;3;0
25;2025-11-14;4;0
25;2025-11-14;5;5
25;2025-11-14;6;141
25;2025-11-14;7;479
25;2025-11-14;8;798
25;2025-11-14;9;417
25;2025-11-14;10;321
25;2025-11-14;11;371
25;2025-11-14;12;363
25;2025-11-14;13;451
25;2025-11-14;14;405
25;2025-11-14;15;478
25;2025-11-14;16;585
25;2025-11-14;17;653
25;2025-11-14;18;680
25;2025-11-14;19;443
25;2025-11-14;20;299
25;2025-11-14;21;205
25;2025-11-14;22;118
25;2025-11-14;23;8
25;2025-11-15;0;7
25;2025-11-15;1;0
25;2025-11-15;2;0
25;2025-11-15;3;0
25;2025-11-15;4;0
25;2025-11-15;5;4
25;2025-11-15;6;58
25;2025-11-15;7;121
25;2025-11-15;8;258
25;2025-11-15;9;237
25;2025-11-15;10;238
25;2025-11-15;11;317
25;2025-11-15;12;353
25;2025-11-15;13;452
25;2025-11-15;14;462
25;2025-11-15;15;537
25;2025-11-15;16;502
25;2025-11-15;17;445
25;2025-11-15;18;437
25;2025-11-15;19;374
25;2025-11-15;20;258
25;2025-11-15;21;205
25;2025-11-15;22;138
25;2025-11-15;23;44
25;2025-11-16;0;11
25;2025-11-16;1;0
25;2025-11-16;2;0
25;2025-11-16;3;0
25;2025-11-16;4;0
25;2025-11-16;5;0
25;2025-11-16;6;37
25;2025-11-16;7;90
25;2025-11-16;8;175
25;2025-11-16;9;201
25;2025-11-16;10;211
25;2025-11-16;11;276
25;2025-11-16;12;308
25;2025-11-16;13;406
25;2025-11-16;14;410
25;2025-11-16;15;464
25;2025-11-16;16;423
25;2025-11-16;17;380
25;2025-11-16;18;387
25;2025-11-16;19;310
25;2025-11-16;20;227
25;2025-11-16;21;182
25;2025-11-16;22;107
25;2025-11-16;23;42
25;2025-11-17;0;6
25;2025-11-17;1;0
25;2025-11-17;2;0
25;2025-11-17;3;0
25;2025-11-17;4;0
25;2025-11-17;5;3
25;2025-11-17;6;135
25;2025-11-17;7;479
25;2025-11-17;8;799
25;2025-11-17;9;405
25;2025-11-17;10;306
25;2025-11-17;11;357
25;2025-11-17;12;351
25;2025-11-17;13;444
25;2025-11-17;14;391
25;2025-11-17;15;477
25;2025-11-17;16;590
25;2025-11-17;17;659
25;2025-11-17;18;687
25;2025-11-17;19;438
25;2025-11-17;20;288
25;2025-11-17;21;190
25;2025-11-17;22;107
25;2025-11-17;23;7
25;2025-11-18;0;0
25;2025-11-18;1;0
25;2025-11-18;2;0
25;2025-11-18;3;0
25;2025-11-18;4;0
25;2025-11-18;5;5
25;2025-11-18;6;147
25;2025-11-18;7;496
25;2025-11-18;8;808
25;2025-11-18;9;427
25;2025-11-18;10;328
25;2025-11-18;11;378
25;2025-11-18;12;370
25;2025-11-18;13;463
25;2025-11-18;14;411
25;2025-11-18;15;494
25;2025-11-18;16;607
25;2025-11-18;17;674
25;2025-11-18;18;710
25;2025-11-18;19;461
25;2025-11-18;20;308
25;2025-11-18;21;202
25;2025-11-18;22;113
25;2025-11-18;23;7
25;2025-11-19;0;0
25;2025-11-19;1;0
25;2025-11-19;2;0
25;2025-11-19;3;0
25;2025-11-19;4;0
25;2025-11-19;5;3
25;2025-11-19;6;145
25;2025-11-19;7;493
25;2025-11-19;8;807
25;2025-11-19;9;425
25;2025-11-19;10;325
25;2025-11-19;11;377
25;2025-11-19;12;369
25;2025-11-19;13;464
25;2025-11-19;14;410
25;2025-11-19;15;491
25;2025-11-19;16;604
25;2025-11-19;17;670
25;2025-11-19;18;707
25;2025-11-19;19;460
25;2025-11-19;20;306
25;2025-11-19;21;202
25;2025-11-19;22;113
25;2025-11-19;23;6
25;2025-11-20;0;1
25;2025-11-20;1;0
25;2025-11-20;2;0
25;2025-11-20;3;0
25;2025-11-20;4;0
25;2025-11-20;5;5
25;2025-11-20;6;146
25;2025-11-20;7;497
25;2025-11-20;8;807
25;2025-11-20;9;426
25;2025-11-20;10;332
25;2025-11-20;11;381
25;2025-11-20;12;373
25;2025-11-20;13;467
25;2025-11-20;14;413
25;2025-11-20;15;495
25;2025-11-20;16;608
25;2025-11-20;17;675
25;2025-11-20;18;711
25;2025-11-20;19;468
25;2025-11-20;20;310
25;2025-11-20;21;207
25;2025-11-20;22;119
25;2025-11-20;23;7
25;2025-11-21;0;1
25;2025-11-21;1;0
25;2025-11-21;2;0
25;2025-11-21;3;0
25;2025-11-21;4;0
25;2025-11-21;5;5
25;2025-11-21;6;141
25;2025-11-21;7;479
25;2025-11-21;8;798
25;2025-11-21;9;417
25;2025-11-21;10;321
25;2025-11-21;11;371
25;2025-11-21;12;363
25;2025-11-21;13;451
25;2025-11-21;14;405
25;2025-11-21;15;478
25;2025-11-21;16;585
25;2025-11-21;17;653
25;2025-11-21;18;680
25;2025-11-21;19;443
25;2025-11-21;20;299
25;2025-11-21;21;205
25;2025-11-21;22;118
25;2025-11-21;23;8
25;2025-11-22;0;7
25;2025-11-22;1;0
25;2025-11-22;2;0
25;2025-11-22;3;0
25;2025-11-22;4;0
25;2025-11-22;5;4
25;2025-11-22;6;58
25;2025-11-22;7;121
25;2025-11-22;8;258
25;2025-11-22;9;237
25;2025-11-22;10;238
25;2025-11-22;11;317
25;2025-11-22;12;353
25;2025-11-22;13;452
25;2025-11-22;14;462
25;2025-11-22;15;537
25;2025-11-22;16;502
25;2025-11-22;17;445
25;2025-11-22;18;437
25;2025-11-22;19;374
25;2025-11-22;20;258
25;2025-11-22;21;205
25;2025-11-22;22;138
25;2025-11-22;23;44
25;2025-11-23;0;11
25;2025-11-23;1;0
25;2025-11-23;2;0
25;2025-11-23;3;0
25;2025-11-23;4;0
25;2025-11-23;5;0
25;2025-11-23;6;37
25;2025-11-23;7;90
25;2025-11-23;8;175
25;2025-11-23;9;201
25;2025-11-23;10;211
25;2025-11-23;11;276
25;2025-11-23;12;308
25;2025-11-23;13;406
25;2025-11-23;14;410
25;2025-11-23;15;464
25;2025-11-23;16;423
25;2025-11-23;17;380
25;2025-11-23;18;387
25;2025-11-23;19;310
25;2025-11-23;20;227
25;2025-11-23;21;182
25;2025-11-23;22;107
25;2025-11-23;23;42
25;2025-11-24;0;6
25;2025-11-24;1;0
25;2025-11-24;2;0
25;2025-11-24;3;0
25;2025-11-24;4;0
25;2025-11-24;5;3
25;2025-11-24;6;135
25;2025-11-24;7;479
25;2025-11-24;8;799
25;2025-11-24;9;405
25;2025-11-24;10;306
25;2025-11-24;11;357
25;2025-11-24;12;351
25;2025-11-24;13;444
25;2025-11-24;14;391
25;2025-11-24;15;477
25;2025-11-24;16;590
25;2025-11-24;17;659
25;2025-11-24;18;687
25;2025-11-24;19;438
25;2025-11-24;20;288
25;2025-11-24;21;190
25;2025-11-24;22;107
25;2025-11-24;23;7
25;2025-11-25;0;0
25;2025-11-25;1;0
25;2025-11-25;2;0
25;2025-11-25;3;0
25;2025-11-25;4;0
25;2025-11-25;5;5
25;2025-11-25;6;147
25;2025-11-25;7;496
25;2025-11-25;8;808
25;2025-11-25;9;427
25;2025-11-25;10;328
25;2025-11-25;11;378
25;2025-11-25;12;370
25;2025-11-25;13;463
25;2025-11-25;14;411
25;2025-11-25;15;494
25;2025-11-25;16;607
25;2025-11-25;17;674
25;2025-11-25;18;710
25;2025-11-25;19;461
25;2025-11-25;20;308
25;2025-11-25;21;202
25;2025-11-25;22;113
25;2025-11-25;23;7
25;2025-11-26;0;0
25;2025-11-26;1;0
25;2025-11-26;2;0
25;2025-11-26;3;0
25;2025-11-26;4;0
25;2025-11-26;5;3
25;2025-11-26;6;145
25;2025-11-26;7;493
25;2025-11-26;8;807
25;2025-11-26;9;425
25;2025-11-26;10;325
25;2025-11-26;11;377
25;2025-11-26;12;369
25;2025-11-26;13;464
25;2025-11-26;14;410
25;2025-11-26;15;491
25;2025-11-26;16;604
25;2025-11-26;17;670
25;2025-11-26;18;707
25;2025-11-26;19;460
25;2025-11-26;20;306
25;2025-11-26;21;202
25;2025-11-26;22;113
25;2025-11-26;23;6
25;2025-11-27;0;1
25;2025-11-27;1;0
25;2025-11-27;2;0
25;2025-11-27;3;0
25;2025-11-27;4;0
25;2025-11-27;5;5
25;2025-11-27;6;146
25;2025-11-27;7;497
25;2025-11-27;8;807
25;2025-11-27;9;426
25;2025-11-27;10;332
25;2025-11-27;11;381
25;2025-11-27;12;373
25;2025-11-27;13;467
25;2025-11-27;14;413
25;2025-11-27;15;495
25;2025-11-27;16;608
25;2025-11-27;17;675
25;2025-11-27;18;711
25;2025-11-27;19;468
25;2025-11-27;20;310
25;2025-11-27;21;207
25;2025-11-27;22;119
25;2025-11-27;23;7
25;2025-11-28;0;1
25;2025-11-28;1;0
25;2025-11-28;2;0
25;2025-11-28;3;0
25;2025-11-28;4;0
25;2025-11-28;5;5
25;2025-11-28;6;141
25;2025-11-28;7;479
25;2025-11-28;8;798
25;2025-11-28;9;417
25;2025-11-28;10;321
25;2025-11-28;11;371
25;2025-11-28;12;363
25;2025-11-28;13;451
25;2025-11-28;14;405
25;2025-11-28;15;478
25;2025-11-28;16;585
25;2025-11-28;17;653
25;2025-11-28;18;680
25;2025-11-28;19;443
25;2025-11-28;20;299
25;2025-11-28;21;205
25;2025-11-28;22;118
25;2025-11-28;23;8
25;2025-11-29;0;7
25;2025-11-29;1;0
25;2025-11-29;2;0
25;2025-11-29;3;0
25;2025-11-29;4;0
25;2025-11-29;5;4
25;2025-11-29;6;58
25;2025-11-29;7;121
25;2025-11-29;8;258
25;2025-11-29;9;237
25;2025-11-29;10;238
25;2025-11-29;11;317
25;2025-11-29;12;353
25;2025-11-29;13;452
25;2025-11-29;14;462
25;2025-11-29;15;537
25;2025-11-29;16;502
25;2025-11-29;17;445
25;2025-11-29;18;437
25;2025-11-29;19;374
25;2025-11-29;20;258
25;2025-11-29;21;205
25;2025-11-29;22;138
25;2025-11-29;23;44
25;2025-11-30;0;11
25;2025-11-30;1;0
25;2025-11-30;2;0
25;2025-11-30;3;0
25;2025-11-30;4;0
25;2025-11-30;5;0
25;2025-11-30;6;37
25;2025-11-30;7;90
25;2025-11-30;8;175
25;2025-11-30;9;201
25;2025-11-30;10;211
25;2025-11-30;11;276
25;2025-11-30;12;308
25;2025-11-30;13;406
25;2025-11-30;14;410
25;2025-11-30;15;464
25;2025-11-30;16;423
25;2025-11-30;17;380
25;2025-11-30;18;387
25;2025-11-30;19;310
25;2025-11-30;20;227
25;2025-11-30;21;182
25;2025-11-30;22;107
25;2025-11-30;23;42
25;2025-12-01;0;6
25;2025-12-01;1;0
25;2025-12-01;2;0
25;2025-12-01;3;0
25;2025-12-01;4;0
25;2025-12-01;5;3
25;2025-12-01;6;135
25;2025-12-01;7;479
25;2025-12-01;8;799
25;2025-12-01;9;405
25;2025-12-01;10;306
25;2025-12-01;11;357
25;2025-12-01;12;351
25;2025-12-01;13;444
25;2025-12-01;14;391
25;2025-12-01;15;477
25;2025-12-01;16;590
25;2025-12-01;17;659
25;2025-12-01;18;687
25;2025-12-01;19;438
25;2025-12-01;20;288
25;2025-12-01;21;190
25;2025-12-01;22;107
25;2025-12-01;23;7
25;2025-12-02;0;0
25;2025-12-02;1;0
25;2025-12-02;2;0
25;2025-12-02;3;0
25;2025-12-02;4;0
25;2025-12-02;5;5
25;2025-12-02;6;147
25;2025-12-02;7;496
25;2025-12-02;8;808
25;2025-12-02;9;427
25;2025-12-02;10;328
25;2025-12-02;11;378
25;2025-12-02;12;370
25;2025-12-02;13;463
25;2025-12-02;14;411
25;2025-12-02;15;494
25;2025-12-02;16;607
25;2025-12-02;17;674
25;2025-12-02;18;710
25;2025-12-02;19;461
25;2025-12-02;20;308
25;2025-12-02;21;202
25;2025-12-02;22;113
25;2025-12-02;23;7
25;2025-12-03;0;0
25;2025-12-03;1;0
25;2025-12-03;2;0
25;2025-12-03;3;0
25;2025-12-03;4;0
25;2025-12-03;5;3
25;2025-12-03;6;145
25;2025-12-03;7;493
25;2025-12-03;8;807
25;2025-12-03;9;425
25;2025-12-03;10;325
25;2025-12-03;11;377
25;2025-12-03;12;369
25;2025-12-03;13;464
25;2025-12-03;14;410
25;2025-12-03;15;491
25;2025-12-03;16;604
25;2025-12-03;17;670
25;2025-12-03;18;707
25;2025-12-03;19;460
25;2025-12-03;20;306
25;2025-12-03;21;202
25;2025-12-03;22;113
25;2025-12-03;23;6
25;2025-12-04;0;1
25;2025-12-04;1;0
25;2025-12-04;2;0
25;2025-12-04;3;0
25;2025-12-04;4;0
25;2025-12-04;5;5
25;2025-12-04;6;146
25;2025-12-04;7;497
25;2025-12-04;8;807
25;2025-12-04;9;426
25;2025-12-04;10;332
25;2025-12-04;11;381
25;2025-12-04;12;373
25;2025-12-04;13;467
25;2025-12-04;14;413
25;2025-12-04;15;495
25;2025-12-04;16;608
25;2025-12-04;17;675
25;2025-12-04;18;711
25;2025-12-04;19;468
25;2025-12-04;20;310
25;2025-12-04;21;207
25;2025-12-04;22;119
25;2025-12-04;23;7
25;2025-12-05;0;1
25;2025-12-05;1;0
25;2025-12-05;2;0
25;2025-12-05;3;0
25;2025-12-05;4;0
25;2025-12-05;5;5
25;2025-12-05;6;141
25;2025-12-05;7;479
25;2025-12-05;8;798
25;2025-12-05;9;417
25;2025-12-05;10;321
25;2025-12-05;11;371
25;2025-12-05;12;363
25;2025-12-05;13;451
25;2025-12-05;14;405
25;2025-12-05;15;478
25;2025-12-05;16;585
25;2025-12-05;17;653
25;2025-12-05;18;680
25;2025-12-05;19;443
25;2025-12-05;20;299
25;2025-12-05;21;205
25;2025-12-05;22;118
25;2025-12-05;23;8
25;2025-12-06;0;7
25;2025-12-06;1;0
25;2025-12-06;2;0
25;2025-12-06;3;0
25;2025-12-06;4;0
25;2025-12-06;5;4
25;2025-12-06;6;58
25;2025-12-06;7;121
25;2025-12-06;8;258
25;2025-12-06;9;237
25;2025-12-06;10;238
25;2025-12-06;11;317
25;2025-12-06;12;353
25;2025-12-06;13;452
25;2025-12-06;14;462
25;2025-12-06;15;537
25;2025-12-06;16;502
25;2025-12-06;17;445
25;2025-12-06;18;437
25;2025-12-06;19;374
25;2025-12-06;20;258
25;2025-12-06;21;205
25;2025-12-06;22;138
25;2025-12-06;23;44
25;2025-12-07;0;11
25;2025-12-07;1;0
25;2025-12-07;2;0
25;2025-12-07;3;0
25;2025-12-07;4;0
25;2025-12-07;5;0
25;2025-12-07;6;37
25;2025-12-07;7;90
25;2025-12-07;8;175
25;2025-12-07;9;201
25;2025-12-07;10;211
25;2025-12-07;11;276
25;2025-12-07;12;308
25;2025-12-07;13;406
25;2025-12-07;14;410
25;2025-12-07;15;464
25;2025-12-07;16;423
25;2025-12-07;17;380
25;2025-12-07;18;387
25;2025-12-07;19;310
25;2025-12-07;20;227
25;2025-12-07;21;182
25;2025-12-07;22;107
25;2025-12-07;23;42
25;2025-12-08;0;6
25;2025-12-08;1;0
25;2025-12-08;2;0
25;2025-12-08;3;0
25;2025-12-08;4;0
25;2025-12-08;5;3
25;2025-12-08;6;135
25;2025-12-08;7;479
25;2025-12-08;8;799
25;2025-12-08;9;405
25;2025-12-08;10;306
25;2025-12-08;11;357
25;2025-12-08;12;351
25;2025-12-08;13;444
25;2025-12-08;14;391
25;2025-12-08;15;477
25;2025-12-08;16;590
25;2025-12-08;17;659
25;2025-12-08;18;687
25;2025-12-08;19;438
25;2025-12-08;20;288
25;2025-12-08;21;190
25;2025-12-08;22;107
25;2025-12-08;23;7
25;2025-12-09;0;0
25;2025-12-09;1;0
25;2025-12-09;2;0
25;2025-12-09;3;0
25;2025-12-09;4;0
25;2025-12-09;5;5
25;2025-12-09;6;147
25;2025-12-09;7;496
25;2025-12-09;8;808
25;2025-12-09;9;427
25;2025-12-09;10;328
25;2025-12-09;11;378
25;2025-12-09;12;370
25;2025-12-09;13;463
25;2025-12-09;14;411
25;2025-12-09;15;494
25;2025-12-09;16;607
25;2025-12-09;17;674
25;2025-12-09;18;710
25;2025-12-09;19;461
25;2025-12-09;20;308
25;2025-12-09;21;202
25;2025-12-09;22;113
25;2025-12-09;23;7
25;2025-12-10;0;0
25;2025-12-10;1;0
25;2025-12-10;2;0
25;2025-12-10;3;0
25;2025-12-10;4;0
25;2025-12-10;5;3
25;2025-12-10;6;145
25;2025-12-10;7;493
25;2025-12-10;8;807
25;2025-12-10;9;425
25;2025-12-10;10;325
25;2025-12-10;11;377
25;2025-12-10;12;369
25;2025-12-10;13;464
25;2025-12-10;14;410
25;2025-12-10;15;491
25;2025-12-10;16;604
25;2025-12-10;17;670
25;2025-12-10;18;707
25;2025-12-10;19;460
25;2025-12-10;20;306
25;2025-12-10;21;202
25;2025-12-10;22;113
25;2025-12-10;23;6
25;2025-12-11;0;1
25;2025-12-11;1;0
25;2025-12-11;2;0
25;2025-12-11;3;0
25;2025-12-11;4;0
25;2025-12-11;5;5
25;2025-12-11;6;146
25;2025-12-11;7;497
25;2025-12-11;8;807
25;2025-12-11;9;426
25;2025-12-11;10;332
25;2025-12-11;11;381
25;2025-12-11;12;373
25;2025-12-11;13;467
25;2025-12-11;14;413
25;2025-12-11;15;495
25;2025-12-11;16;608
25;2025-12-11;17;675
25;2025-12-11;18;711
25;2025-12-11;19;468
25;2025-12-11;20;310
25;2025-12-11;21;207
25;2025-12-11;22;119
25;2025-12-11;23;7
25;2025-12-12;0;1
25;2025-12-12;1;0
25;2025-12-12;2;0
25;2025-12-12;3;0
25;2025-12-12;4;0
25;2025-12-12;5;5
25;2025-12-12;6;141
25;2025-12-12;7;479
25;2025-12-12;8;798
25;2025-12-12;9;417
25;2025-12-12;10;321
25;2025-12-12;11;371
25;2025-12-12;12;363
25;2025-12-12;13;451
25;2025-12-12;14;405
25;2025-12-12;15;478
25;2025-12-12;16;585
25;2025-12-12;17;653
25;2025-12-12;18;680
25;2025-12-12;19;443
25;2025-12-12;20;299
25;2025-12-12;21;205
25;2025-12-12;22;118
25;2025-12-12;23;8
25;2025-12-13;0;7
25;2025-12-13;1;0
25;2025-12-13;2;0
25;2025-12-13;3;0
25;2025-12-13;4;0
25;2025-12-13;5;4
25;2025-12-13;6;58
25;2025-12-13;7;121
25;2025-12-13;8;258
25;2025-12-13;9;237
25;2025-12-13;10;238
25;2025-12-13;11;317
25;2025-12-13;12;353
25;2025-12-13;13;452
25;2025-12-13;14;462
25;2025-12-13;15;537
25;2025-12-13;16;502
25;2025-12-13;17;445
25;2025-12-13;18;437
25;2025-12-13;19;374
25;2025-12-13;20;258
25;2025-12-13;21;205
25;2025-12-13;22;138
25;2025-12-13;23;44
25;2025-12-14;0;11
25;2025-12-14;1;0
25;2025-12-14;2;0
25;2025-12-14;3;0
25;2025-12-14;4;0
25;2025-12-14;5;0
25;2025-12-14;6;37
25;2025-12-14;7;90
25;2025-12-14;8;175
25;2025-12-14;9;201
25;2025-12-14;10;211
25;2025-12-14;11;276
25;2025-12-14;12;308
25;2025-12-14;13;406
25;2025-12-14;14;410
25;2025-12-14;15;464
25;2025-12-14;16;423
25;2025-12-14;17;380
25;2025-12-14;18;387
25;2025-12-14;19;310
25;2025-12-14;20;227
25;2025-12-14;21;182
25;2025-12-14;22;107
25;2025-12-14;23;42
25;2025-12-15;0;6
25;2025-12-15;1;0
25;2025-12-15;2;0
25;2025-12-15;3;0
25;2025-12-15;4;0
25;2025-12-15;5;3
25;2025-12-15;6;135
25;2025-12-15;7;479
25;2025-12-15;8;799
25;2025-12-15;9;405
25;2025-12-15;10;306
25;2025-12-15;11;357
25;2025-12-15;12;351
25;2025-12-15;13;444
25;2025-12-15;14;391
25;2025-12-15;15;477
25;2025-12-15;16;590
25;2025-12-15;17;659
25;2025-12-15;18;687
25;2025-12-15;19;438
25;2025-12-15;20;288
25;2025-12-15;21;190
25;2025-12-15;22;107
25;2025-12-15;23;7
25;2025-12-16;0;0
25;2025-12-16;1;0
25;2025-12-16;2;0
25;2025-12-16;3;0
25;2025-12-16;4;0
25;2025-12-16;5;5
25;2025-12-16;6;147
25;2025-12-16;7;496
25;2025-12-16;8;808
25;2025-12-16;9;427
25;2025-12-16;10;328
25;2025-12-16;11;378
25;2025-12-16;12;370
25;2025-12-16;13;463
25;2025-12-16;14;411
25;2025-12-16;15;494
25;2025-12-16;16;607
25;2025-12-16;17;674
25;2025-12-16;18;710
25;2025-12-16;19;461
25;2025-12-16;20;308
25;2025-12-16;21;202
25;2025-12-16;22;113
25;2025-12-16;23;7
25;2025-12-17;0;0
25;2025-12-17;1;0
25;2025-12-17;2;0
25;2025-12-17;3;0
25;2025-12-17;4;0
25;2025-12-17;5;3
25;2025-12-17;6;145
25;2025-12-17;7;493
25;2025-12-17;8;807
25;2025-12-17;9;425
25;2025-12-17;10;325
25;2025-12-17;11;377
25;2025-12-17;12;369
25;2025-12-17;13;464
25;2025-12-17;14;410
25;2025-12-17;15;491
25;2025-12-17;16;604
25;2025-12-17;17;670
25;2025-12-17;18;707
25;2025-12-17;19;460
25;2025-12-17;20;306
25;2025-12-17;21;202
25;2025-12-17;22;113
25;2025-12-17;23;6
25;2025-12-18;0;1
25;2025-12-18;1;0
25;2025-12-18;2;0
25;2025-12-18;3;0
25;2025-12-18;4;0
25;2025-12-18;5;5
25;2025-12-18;6;146
25;2025-12-18;7;497
25;2025-12-18;8;807
25;2025-12-18;9;426
25;2025-12-18;10;332
25;2025-12-18;11;381
25;2025-12-18;12;373
25;2025-12-18;13;467
25;2025-12-18;14;413
25;2025-12-18;15;495
25;2025-12-18;16;608
25;2025-12-18;17;675
25;2025-12-18;18;711
25;2025-12-18;19;468
25;2025-12-18;20;310
25;2025-12-18;21;207
25;2025-12-18;22;119
25;2025-12-18;23;7
25;2025-12-19;0;1
25;2025-12-19;1;0
25;2025-12-19;2;0
25;2025-12-19;3;0
25;2025-12-19;4;0
25;2025-12-19;5;5
25;2025-12-19;6;141
25;2025-12-19;7;479
25;2025-12-19;8;798
25;2025-12-19;9;417
25;2025-12-19;10;321
25;2025-12-19;11;371
25;2025-12-19;12;363
25;2025-12-19;13;451
25;2025-12-19;14;405
25;2025-12-19;15;478
25;2025-12-19;16;585
25;2025-12-19;17;653
25;2025-12-19;18;680
25;2025-12-19;19;443
25;2025-12-19;20;299
25;2025-12-19;21;205
25;2025-12-19;22;118
25;2025-12-19;23;8
25;2025-12-20;0;7
25;2025-12-20;1;0
25;2025-12-20;2;0
25;2025-12-20;3;0
25;2025-12-20;4;0
25;2025-12-20;5;4
25;2025-12-20;6;58
25;2025-12-20;7;121
25;2025-12-20;8;258
25;2025-12-20;9;237
25;2025-12-20;10;238
25;2025-12-20;11;317
25;2025-12-20;12;353
25;2025-12-20;13;452
25;2025-12-20;14;462
25;2025-12-20;15;537
25;2025-12-20;16;502
25;2025-12-20;17;445
25;2025-12-20;18;437
25;2025-12-20;19;374
25;2025-12-20;20;258
25;2025-12-20;21;205
25;2025-12-20;22;138
25;2025-12-20;23;44
25;2025-12-21;0;11
25;2025-12-21;1;0
25;2025-12-21;2;0
25;2025-12-21;3;0
25;2025-12-21;4;0
25;2025-12-21;5;0
25;2025-12-21;6;37
25;2025-12-21;7;90
25;2025-12-21;8;175
25;2025-12-21;9;201
25;2025-12-21;10;211
25;2025-12-21;11;276
25;2025-12-21;12;308
25;2025-12-21;13;406
25;2025-12-21;14;410
25;2025-12-21;15;464
25;2025-12-21;16;423
25;2025-12-21;17;380
25;2025-12-21;18;387
25;2025-12-21;19;310
25;2025-12-21;20;227
25;2025-12-21;21;182
25;2025-12-21;22;107
25;2025-12-21;23;42
25;2025-12-22;0;6
25;2025-12-22;1;0
25;2025-12-22;2;0
25;2025-12-22;3;0
25;2025-12-22;4;0
25;2025-12-22;5;3
25;2025-12-22;6;135
25;2025-12-22;7;479
25;2025-12-22;8;799
25;2025-12-22;9;405
25;2025-12-22;10;306
25;2025-12-22;11;357
25;2025-12-22;12;351
25;2025-12-22;13;444
25;2025-12-22;14;391
25;2025-12-22;15;477
25;2025-12-22;16;590
25;2025-12-22;17;659
25;2025-12-22;18;687
25;2025-12-22;19;438
25;2025-12-22;20;288
25;2025-12-22;21;190
25;2025-12-22;22;107
25;2025-12-22;23;7
25;2025-12-23;0;0
25;2025-12-23;1;0
25;2025-12-23;2;0
25;2025-12-23;3;0
25;2025-12-23;4;0
25;2025-12-23;5;5
25;2025-12-23;6;147
25;2025-12-23;7;496
25;2025-12-23;8;808
25;2025-12-23;9;427
25;2025-12-23;10;328
25;2025-12-23;11;378
25;2025-12-23;12;370
25;2025-12-23;13;463
25;2025-12-23;14;411
25;2025-12-23;15;494
25;2025-12-23;16;607
25;2025-12-23;17;674
25;2025-12-23;18;710
25;2025-12-23;19;461
25;2025-12-23;20;308
25;2025-12-23;21;202
25;2025-12-23;22;113
25;2025-12-23;23;7
25;2025-12-24;0;0
25;2025-12-24;1;0
25;2025-12-24;2;0
25;2025-12-24;3;0
25;2025-12-24;4;0
25;2025-12-24;5;3
25;2025-12-24;6;145
25;2025-12-24;7;493
25;2025-12-24;8;807
25;2025-12-24;9;425
25;2025-12-24;10;325
25;2025-12-24;11;377
25;2025-12-24;12;369
25;2025-12-24;13;464
25;2025-12-24;14;410
25;2025-12-24;15;491
25;2025-12-24;16;604
25;2025-12-24;17;670
25;2025-12-24;18;707
25;2025-12-24;19;460
25;2025-12-24;20;306
25;2025-12-24;21;202
25;2025-12-24;22;113
25;2025-12-24;23;6
25;2025-12-25;0;1
25;2025-12-25;1;0
25;2025-12-25;2;0
25;2025-12-25;3;0
25;2025-12-25;4;0
25;2025-12-25;5;5
25;2025-12-25;6;146
25;2025-12-25;7;497
25;2025-12-25;8;807
25;2025-12-25;9;426
25;2025-12-25;10;332
25;2025-12-25;11;381
25;2025-12-25;12;373
25;2025-12-25;13;467
25;2025-12-25;14;413
25;2025-12-25;15;495
25;2025-12-25;16;608
25;2025-12-25;17;675
25;2025-12-25;18;711
25;2025-12-25;19;468
25;2025-12-25;20;310
25;2025-12-25;21;207
25;2025-12-25;22;119
25;2025-12-25;23;7
25;2025-12-26;0;1
25;2025-12-26;1;0
25;2025-12-26;2;0
25;2025-12-26;3;0
25;2025-12-26;4;0
25;2025-12-26;5;5
25;2025-12-26;6;141
25;2025-12-26;7;479
25;2025-12-26;8;798
25;2025-12-26;9;417
25;2025-12-26;10;321
25;2025-12-26;11;371
25;2025-12-26;12;363
25;2025-12-26;13;451
25;2025-12-26;14;405
25;2025-12-26;15;478
25;2025-12-26;16;585
25;2025-12-26;17;653
25;2025-12-26;18;680
25;2025-12-26;19;443
25;2025-12-26;20;299
25;2025-12-26;21;205
25;2025-12-26;22;118
25;2025-12-26;23;8
25;2025-12-27;0;7
25;2025-12-27;1;0
25;2025-12-27;2;0
25;2025-12-27;3;0
25;2025-12-27;4;0
25;2025-12-27;5;4
25;2025-12-27;6;58
25;2025-12-27;7;121
25;2025-12-27;8;258
25;2025-12-27;9;237
25;2025-12-27;10;238
25;2025-12-27;11;317
25;2025-12-27;12;353
25;2025-12-27;13;452
25;2025-12-27;14;462
25;2025-12-27;15;537
25;2025-12-27;16;502
25;2025-12-27;17;445
25;2025-12-27;18;437
25;2025-12-27;19;374
25;2025-12-27;20;258
25;2025-12-27;21;205
25;2025-12-27;22;138
25;2025-12-27;23;44
25;2025-12-28;0;11
25;2025-12-28;1;0
25;2025-12-28;2;0
25;2025-12-28;3;0
25;2025-12-28;4;0
25;2025-12-28;5;0
25;2025-12-28;6;37
25;2025-12-28;7;90
25;2025-12-28;8;175
25;2025-12-28;9;201
25;2025-12-28;10;211
25;2025-12-28;11;276
25;2025-12-28;12;308
25;2025-12-28;13;406
25;2025-12-28;14;410
25;2025-12-28;15;464
25;2025-12-28;16;423
25;2025-12-28;17;380
25;2025-12-28;18;387
25;2025-12-28;19;310
25;2025-12-28;20;227
25;2025-12-28;21;182
25;2025-12-28;22;107
25;2025-12-28;23;42
25;2025-12-29;0;6
25;2025-12-29;1;0
25;2025-12-29;2;0
25;2025-12-29;3;0
25;2025-12-29;4;0
25;2025-12-29;5;3
25;2025-12-29;6;135
25;2025-12-29;7;479
25;2025-12-29;8;799
25;2025-12-29;9;405
25;2025-12-29;10;306
25;2025-12-29;11;357
25;2025-12-29;12;351
25;2025-12-29;13;444
25;2025-12-29;14;391
25;2025-12-29;15;477
25;2025-12-29;16;590
25;2025-12-29;17;659
25;2025-12-29;18;687
25;2025-12-29;19;438
25;2025-12-29;20;288
25;2025-12-29;21;190
25;2025-12-29;22;107
25;2025-12-29;23;7
25;2025-12-30;0;0
25;2025-12-30;1;0
25;2025-12-30;2;0
25;2025-12-30;3;0
25;2025-12-30;4;0
25;2025-12-30;5;5
25;2025-12-30;6;147
25;2025-12-30;7;496
25;2025-12-30;8;808
25;2025-12-30;9;427
25;2025-12-30;10;328
25;2025-12-30;11;378
25;2025-12-30;12;370
25;2025-12-30;13;463
25;2025-12-30;14;411
25;2025-12-30;15;494
25;2025-12-30;16;607
25;2025-12-30;17;674
25;2025-12-30;18;710
25;2025-12-30;19;461
25;2025-12-30;20;308
25;2025-12-30;21;202
25;2025-12-30;22;113
25;2025-12-30;23;7
25;2025-12-31;0;1
25;2025-12-31;1;0
25;2025-12-31;2;0
25;2025-12-31;3;0
25;2025-12-31;4;0
25;2025-12-31;5;0
25;2025-12-31;6;69
25;2025-12-31;7;202
25;2025-12-31;8;204
25;2025-12-31;9;254
25;2025-12-31;10;198
25;2025-12-31;11;255
25;2025-12-31;12;275
25;2025-12-31;13;385
25;2025-12-31;14;329
25;2025-12-31;15;373
25;2025-12-31;16;371
25;2025-12-31;17;344
25;2025-12-31;18;318
25;2025-12-31;19;381
25;2025-12-31;20;235
25;2025-12-31;21;158
25;2025-12-31;22;100
25;2025-12-31;23;19
26;2025-11-01;0;81
26;2025-11-01;1;6
26;2025-11-01;2;0
26;2025-11-01;3;0
26;2025-11-01;4;12
26;2025-11-01;5;65
26;2025-11-01;6;290
26;2025-11-01;7;426
26;2025-11-01;8;1551
26;2025-11-01;9;1349
26;2025-11-01;10;1177
26;2025-11-01;11;1162
26;2025-11-01;12;1141
26;2025-11-01;13;1174
26;2025-11-01;14;1197
26;2025-11-01;15;1261
26;2025-11-01;16;1333
26;2025-11-01;17;1502
26;2025-11-01;18;1627
26;2025-11-01;19;1206
26;2025-11-01;20;795
26;2025-11-01;21;414
26;2025-11-01;22;268
26;2025-11-01;23;175
26;2025-11-02;0;46
26;2025-11-02;1;4
26;2025-11-02;2;0
26;2025-11-02;3;0
26;2025-11-02;4;2
26;2025-11-02;5;30
26;2025-11-02;6;176
26;2025-11-02;7;250
26;2025-11-02;8;367
26;2025-11-02;9;500
26;2025-11-02;10;576
26;2025-11-02;11;724
26;2025-11-02;12;791
26;2025-11-02;13;824
26;2025-11-02;14;801
26;2025-11-02;15;757
26;2025-11-02;16;756
26;2025-11-02;17;727
26;2025-11-02;18;678
26;2025-11-02;19;603
26;2025-11-02;20;446
26;2025-11-02;21;300
26;2025-11-02;22;200
26;2025-11-02;23;104
26;2025-11-03;0;27
26;2025-11-03;1;0
26;2025-11-03;2;0
26;2025-11-03;3;0
26;2025-11-03;4;2
26;2025-11-03;5;24
26;2025-11-03;6;212
26;2025-11-03;7;289
26;2025-11-03;8;694
26;2025-11-03;9;453
26;2025-11-03;10;467
26;2025-11-03;11;579
26;2025-11-03;12;684
26;2025-11-03;13;755
26;2025-11-03;14;749
26;2025-11-03;15;721
26;2025-11-03;16;715
26;2025-11-03;17;761
26;2025-11-03;18;664
26;2025-11-03;19;591
26;2025-11-03;20;411
26;2025-11-03;21;349
26;2025-11-03;22;199
26;2025-11-03;23;103
26;2025-11-04;0;23
26;2025-11-04;1;1
26;2025-11-04;2;0
26;2025-11-04;3;0
26;2025-11-04;4;0
26;2025-11-04;5;8
26;2025-11-04;6;191
26;2025-11-04;7;227
26;2025-11-04;8;489
26;2025-11-04;9;374
26;2025-11-04;10;400
26;2025-11-04;11;503
26;2025-11-04;12;605
26;2025-11-04;13;670
26;2025-11-04;14;675
26;2025-11-04;15;637
26;2025-11-04;16;635
26;2025-11-04;17;640
26;2025-11-04;18;619
26;2025-11-04;19;548
26;2025-11-04;20;376
26;2025-11-04;21;255
26;2025-11-04;22;180
26;2025-11-04;23;96
26;2025-11-05;0;32
26;2025-11-05;1;1
26;2025-11-05;2;0
26;2025-11-05;3;0
26;2025-11-05;4;2
26;2025-11-05;5;84
26;2025-11-05;6;501
26;2025-11-05;7;1030
26;2025-11-05;8;1884
26;2025-11-05;9;1386
26;2025-11-05;10;1135
26;2025-11-05;11;1037
26;2025-11-05;12;1077
26;2025-11-05;13;1112
26;2025-11-05;14;1139
26;2025-11-05;15;1233
26;2025-11-05;16;1387
26;2025-11-05;17;1579
26;2025-11-05;18;1669
26;2025-11-05;19;1175
26;2025-11-05;20;754
26;2025-11-05;21;459
26;2025-11-05;22;239
26;2025-11-05;23;129
26;2025-11-06;0;35
26;2025-11-06;1;1
26;2025-11-06;2;0
26;2025-11-06;3;0
26;2025-11-06;4;2
26;2025-11-06;5;88
26;2025-11-06;6;505
26;2025-11-06;7;1035
26;2025-11-06;8;1885
26;2025-11-06;9;1390
26;2025-11-06;10;1142
26;2025-11-06;11;1046
26;2025-11-06;12;1082
26;2025-11-06;13;1116
26;2025-11-06;14;1150
26;2025-11-06;15;1243
26;2025-11-06;16;1390
26;2025-11-06;17;1584
26;2025-11-06;18;1677
26;2025-11-06;19;1183
26;2025-11-06;20;758
26;2025-11-06;21;464
26;2025-11-06;22;243
26;2025-11-06;23;133
26;2025-11-07;0;34
26;2025-11-07;1;2
26;2025-11-07;2;0
26;2025-11-07;3;0
26;2025-11-07;4;3
26;2025-11-07;5;84
26;2025-11-07;6;497
26;2025-11-07;7;1011
26;2025-11-07;8;1766
26;2025-11-07;9;1365
26;2025-11-07;10;1112
26;2025-11-07;11;1023
26;2025-11-07;12;1062
26;2025-11-07;13;1100
26;2025-11-07;14;1126
26;2025-11-07;15;1218
26;2025-11-07;16;1366
26;2025-11-07;17;1555
26;2025-11-07;18;1606
26;2025-11-07;19;1148
26;2025-11-07;20;732
26;2025-11-07;21;453
26;2025-11-07;22;244
26;2025-11-07;23;151
26;2025-11-08;0;52
26;2025-11-08;1;2
26;2025-11-08;2;0
26;2025-11-08;3;0
26;2025-11-08;4;2
26;2025-11-08;5;44
26;2025-11-08;6;247
26;2025-11-08;7;352
26;2025-11-08;8;547
26;2025-11-08;9;599
26;2025-11-08;10;658
26;2025-11-08;11;806
26;2025-11-08;12;860
26;2025-11-08;13;878
26;2025-11-08;14;869
26;2025-11-08;15;857
26;2025-11-08;16;846
26;2025-11-08;17;814
26;2025-11-08;18;803
26;2025-11-08;19;698
26;2025-11-08;20;523
26;2025-11-08;21;357
26;2025-11-08;22;233
26;2025-11-08;23;144
26;2025-11-09;0;46
26;2025-11-09;1;4
26;2025-11-09;2;0
26;2025-11-09;3;0
26;2025-11-09;4;2
26;2025-11-09;5;30
26;2025-11-09;6;176
26;2025-11-09;7;250
26;2025-11-09;8;367
26;2025-11-09;9;500
26;2025-11-09;10;576
26;2025-11-09;11;724
26;2025-11-09;12;791
26;2025-11-09;13;824
26;2025-11-09;14;801
26;2025-11-09;15;757
26;2025-11-09;16;756
26;2025-11-09;17;727
26;2025-11-09;18;678
26;2025-11-09;19;603
26;2025-11-09;20;446
26;2025-11-09;21;300
26;2025-11-09;22;200
26;2025-11-09;23;104
26;2025-11-10;0;30
26;2025-11-10;1;3
26;2025-11-10;2;0
26;2025-11-10;3;0
26;2025-11-10;4;2
26;2025-11-10;5;77
26;2025-11-10;6;483
26;2025-11-10;7;1017
26;2025-11-10;8;1863
26;2025-11-10;9;1372
26;2025-11-10;10;1117
26;2025-11-10;11;1020
26;2025-11-10;12;1061
26;2025-11-10;13;1101
26;2025-11-10;14;1119
26;2025-11-10;15;1211
26;2025-11-10;16;1358
26;2025-11-10;17;1556
26;2025-11-10;18;1618
26;2025-11-10;19;1153
26;2025-11-10;20;732
26;2025-11-10;21;438
26;2025-11-10;22;224
26;2025-11-10;23;108
26;2025-11-11;0;31
26;2025-11-11;1;1
26;2025-11-11;2;0
26;2025-11-11;3;0
26;2025-11-11;4;2
26;2025-11-11;5;82
26;2025-11-11;6;501
26;2025-11-11;7;1033
26;2025-11-11;8;1884
26;2025-11-11;9;1389
26;2025-11-11;10;1136
26;2025-11-11;11;1041
26;2025-11-11;12;1079
26;2025-11-11;13;1115
26;2025-11-11;14;1144
26;2025-11-11;15;1238
26;2025-11-11;16;1389
26;2025-11-11;17;1582
26;2025-11-11;18;1672
26;2025-11-11;19;1179
26;2025-11-11;20;756
26;2025-11-11;21;456
26;2025-11-11;22;235
26;2025-11-11;23;114
26;2025-11-12;0;32
26;2025-11-12;1;1
26;2025-11-12;2;0
26;2025-11-12;3;0
26;2025-11-12;4;2
26;2025-11-12;5;84
26;2025-11-12;6;501
26;2025-11-12;7;1030
26;2025-11-12;8;1884
26;2025-11-12;9;1386
26;2025-11-12;10;1135
26;2025-11-12;11;1037
26;2025-11-12;12;1077
26;2025-11-12;13;1112
26;2025-11-12;14;1139
26;2025-11-12;15;1233
26;2025-11-12;16;1387
26;2025-11-12;17;1579
26;2025-11-12;18;1669
26;2025-11-12;19;1175
26;2025-11-12;20;754
26;2025-11-12;21;459
26;2025-11-12;22;239
26;2025-11-12;23;129
26;2025-11-13;0;35
26;2025-11-13;1;1
26;2025-11-13;2;0
26;2025-11-13;3;0
26;2025-11-13;4;2
26;2025-11-13;5;88
26;2025-11-13;6;505
26;2025-11-13;7;1035
26;2025-11-13;8;1885
26;2025-11-13;9;1390
26;2025-11-13;10;1142
26;2025-11-13;11;1046
26;2025-11-13;12;1082
26;2025-11-13;13;1116
26;2025-11-13;14;1150
26;2025-11-13;15;1243
26;2025-11-13;16;1390
26;2025-11-13;17;1584
26;2025-11-13;18;1677
26;2025-11-13;19;1183
26;2025-11-13;20;758
26;2025-11-13;21;464
26;2025-11-13;22;243
26;2025-11-13;23;133
26;2025-11-14;0;34
26;2025-11-14;1;2
26;2025-11-14;2;0
26;2025-11-14;3;0
26;2025-11-14;4;3
26;2025-11-14;5;84
26;2025-11-14;6;497
26;2025-11-14;7;1011
26;2025-11-14;8;1766
26;2025-11-14;9;1365
26;2025-11-14;10;1112
26;2025-11-14;11;1023
26;2025-11-14;12;1062
26;2025-11-14;13;1100
26;2025-11-14;14;1126
26;2025-11-14;15;1218
26;2025-11-14;16;1366
26;2025-11-14;17;1555
26;2025-11-14;18;1606
26;2025-11-14;19;1148
26;2025-11-14;20;732
26;2025-11-14;21;453
26;2025-11-14;22;244
26;2025-11-14;23;151
26;2025-11-15;0;52
26;2025-11-15;1;2
26;2025-11-15;2;0
26;2025-11-15;3;0
26;2025-11-15;4;2
26;2025-11-15;5;44
26;2025-11-15;6;247
26;2025-11-15;7;352
26;2025-11-15;8;547
26;2025-11-15;9;599
26;2025-11-15;10;658
26;2025-11-15;11;806
26;2025-11-15;12;860
26;2025-11-15;13;878
26;2025-11-15;14;869
26;2025-11-15;15;857
26;2025-11-15;16;846
26;2025-11-15;17;814
26;2025-11-15;18;803
26;2025-11-15;19;698
26;2025-11-15;20;523
26;2025-11-15;21;357
26;2025-11-15;22;233
26;2025-11-15;23;144
26;2025-11-16;0;46
26;2025-11-16;1;4
26;2025-11-16;2;0
26;2025-11-16;3;0
26;2025-11-16;4;2
26;2025-11-16;5;30
26;2025-11-16;6;176
26;2025-11-16;7;250
26;2025-11-16;8;367
26;2025-11-16;9;500
26;2025-11-16;10;576
26;2025-11-16;11;724
26;2025-11-16;12;791
26;2025-11-16;13;824
26;2025-11-16;14;801
26;2025-11-16;15;757
26;2025-11-16;16;756
26;2025-11-16;17;727
26;2025-11-16;18;678
26;2025-11-16;19;603
26;2025-11-16;20;446
26;2025-11-16;21;300
26;2025-11-16;22;200
26;2025-11-16;23;104
26;2025-11-17;0;30
26;2025-11-17;1;3
26;2025-11-17;2;0
26;2025-11-17;3;0
26;2025-11-17;4;2
26;2025-11-17;5;77
26;2025-11-17;6;483
26;2025-11-17;7;1017
26;2025-11-17;8;1863
26;2025-11-17;9;1372
26;2025-11-17;10;1117
26;2025-11-17;11;1020
26;2025-11-17;12;1061
26;2025-11-17;13;1101
26;2025-11-17;14;1119
26;2025-11-17;15;1211
26;2025-11-17;16;1358
26;2025-11-17;17;1556
26;2025-11-17;18;1618
26;2025-11-17;19;1153
26;2025-11-17;20;732
26;2025-11-17;21;438
26;2025-11-17;22;224
26;2025-11-17;23;108
26;2025-11-18;0;31
26;2025-11-18;1;1
26;2025-11-18;2;0
26;2025-11-18;3;0
26;2025-11-18;4;2
26;2025-11-18;5;82
26;2025-11-18;6;501
26;2025-11-18;7;1033
26;2025-11-18;8;1884
26;2025-11-18;9;1389
26;2025-11-18;10;1136
26;2025-11-18;11;1041
26;2025-11-18;12;1079
26;2025-11-18;13;1115
26;2025-11-18;14;1144
26;2025-11-18;15;1238
26;2025-11-18;16;1389
26;2025-11-18;17;1582
26;2025-11-18;18;1672
26;2025-11-18;19;1179
26;2025-11-18;20;756
26;2025-11-18;21;456
26;2025-11-18;22;235
26;2025-11-18;23;114
26;2025-11-19;0;32
26;2025-11-19;1;1
26;2025-11-19;2;0
26;2025-11-19;3;0
26;2025-11-19;4;2
26;2025-11-19;5;84
26;2025-11-19;6;501
26;2025-11-19;7;1030
26;2025-11-19;8;1884
26;2025-11-19;9;1386
26;2025-11-19;10;1135
26;2025-11-19;11;1037
26;2025-11-19;12;1077
26;2025-11-19;13;1112
26;2025-11-19;14;1139
26;2025-11-19;15;1233
26;2025-11-19;16;1387
26;2025-11-19;17;1579
26;2025-11-19;18;1669
26;2025-11-19;19;1175
26;2025-11-19;20;754
26;2025-11-19;21;459
26;2025-11-19;22;239
26;2025-11-19;23;129
26;2025-11-20;0;35
26;2025-11-20;1;1
26;2025-11-20;2;0
26;2025-11-20;3;0
26;2025-11-20;4;2
26;2025-11-20;5;88
26;2025-11-20;6;505
26;2025-11-20;7;1035
26;2025-11-20;8;1885
26;2025-11-20;9;1390
26;2025-11-20;10;1142
26;2025-11-20;11;1046
26;2025-11-20;12;1082
26;2025-11-20;13;1116
26;2025-11-20;14;1150
26;2025-11-20;15;1243
26;2025-11-20;16;1390
26;2025-11-20;17;1584
26;2025-11-20;18;1677
26;2025-11-20;19;1183
26;2025-11-20;20;758
26;2025-11-20;21;464
26;2025-11-20;22;243
26;2025-11-20;23;133
26;2025-11-21;0;34
26;2025-11-21;1;2
26;2025-11-21;2;0
26;2025-11-21;3;0
26;2025-11-21;4;3
26;2025-11-21;5;84
26;2025-11-21;6;497
26;2025-11-21;7;1011
26;2025-11-21;8;1766
26;2025-11-21;9;1365
26;2025-11-21;10;1112
26;2025-11-21;11;1023
26;2025-11-21;12;1062
26;2025-11-21;13;1100
26;2025-11-21;14;1126
26;2025-11-21;15;1218
26;2025-11-21;16;1366
26;2025-11-21;17;1555
26;2025-11-21;18;1606
26;2025-11-21;19;1148
26;2025-11-21;20;732
26;2025-11-21;21;453
26;2025-11-21;22;244
26;2025-11-21;23;151
26;2025-11-22;0;52
26;2025-11-22;1;2
26;2025-11-22;2;0
26;2025-11-22;3;0
26;2025-11-22;4;2
26;2025-11-22;5;44
26;2025-11-22;6;247
26;2025-11-22;7;352
26;2025-11-22;8;547
26;2025-11-22;9;599
26;2025-11-22;10;658
26;2025-11-22;11;806
26;2025-11-22;12;860
26;2025-11-22;13;878
26;2025-11-22;14;869
26;2025-11-22;15;857
26;2025-11-22;16;846
26;2025-11-22;17;814
26;2025-11-22;18;803
26;2025-11-22;19;698
26;2025-11-22;20;523
26;2025-11-22;21;357
26;2025-11-22;22;233
26;2025-11-22;23;144
26;2025-11-23;0;46
26;2025-11-23;1;4
26;2025-11-23;2;0
26;2025-11-23;3;0
26;2025-11-23;4;2
26;2025-11-23;5;30
26;2025-11-23;6;176
26;2025-11-23;7;250
26;2025-11-23;8;367
26;2025-11-23;9;500
26;2025-11-23;10;576
26;2025-11-23;11;724
26;2025-11-23;12;791
26;2025-11-23;13;824
26;2025-11-23;14;801
26;2025-11-23;15;757
26;2025-11-23;16;756
26;2025-11-23;17;727
26;2025-11-23;18;678
26;2025-11-23;19;603
26;2025-11-23;20;446
26;2025-11-23;21;300
26;2025-11-23;22;200
26;2025-11-23;23;104
26;2025-11-24;0;30
26;2025-11-24;1;3
26;2025-11-24;2;0
26;2025-11-24;3;0
26;2025-11-24;4;2
26;2025-11-24;5;77
26;2025-11-24;6;483
26;2025-11-24;7;1017
26;2025-11-24;8;1863
26;2025-11-24;9;1372
26;2025-11-24;10;1117
26;2025-11-24;11;1020
26;2025-11-24;12;1061
26;2025-11-24;13;1101
26;2025-11-24;14;1119
26;2025-11-24;15;1211
26;2025-11-24;16;1358
26;2025-11-24;17;1556
26;2025-11-24;18;1618
26;2025-11-24;19;1153
26;2025-11-24;20;732
26;2025-11-24;21;438
26;2025-11-24;22;224
26;2025-11-24;23;108
26;2025-11-25;0;31
26;2025-11-25;1;1
26;2025-11-25;2;0
26;2025-11-25;3;0
26;2025-11-25;4;2
26;2025-11-25;5;82
26;2025-11-25;6;501
26;2025-11-25;7;1033
26;2025-11-25;8;1884
26;2025-11-25;9;1389
26;2025-11-25;10;1136
26;2025-11-25;11;1041
26;2025-11-25;12;1079
26;2025-11-25;13;1115
26;2025-11-25;14;1144
26;2025-11-25;15;1238
26;2025-11-25;16;1389
26;2025-11-25;17;1582
26;2025-11-25;18;1672
26;2025-11-25;19;1179
26;2025-11-25;20;756
26;2025-11-25;21;456
26;2025-11-25;22;235
26;2025-11-25;23;114
26;2025-11-26;0;32
26;2025-11-26;1;1
26;2025-11-26;2;0
26;2025-11-26;3;0
26;2025-11-26;4;2
26;2025-11-26;5;84
26;2025-11-26;6;501
26;2025-11-26;7;1030
26;2025-11-26;8;1884
26;2025-11-26;9;1386
26;2025-11-26;10;1135
26;2025-11-26;11;1037
26;2025-11-26;12;1077
26;2025-11-26;13;1112
26;2025-11-26;14;1139
26;2025-11-26;15;1233
26;2025-11-26;16;1387
26;2025-11-26;17;1579
26;2025-11-26;18;1669
26;2025-11-26;19;1175
26;2025-11-26;20;754
26;2025-11-26;21;459
26;2025-11-26;22;239
26;2025-11-26;23;129
26;2025-11-27;0;35
26;2025-11-27;1;1
26;2025-11-27;2;0
26;2025-11-27;3;0
26;2025-11-27;4;2
26;2025-11-27;5;88
26;2025-11-27;6;505
26;2025-11-27;7;1035
26;2025-11-27;8;1885
26;2025-11-27;9;1390
26;2025-11-27;10;1142
26;2025-11-27;11;1046
26;2025-11-27;12;1082
26;2025-11-27;13;1116
26;2025-11-27;14;1150
26;2025-11-27;15;1243
26;2025-11-27;16;1390
26;2025-11-27;17;1584
26;2025-11-27;18;1677
26;2025-11-27;19;1183
26;2025-11-27;20;758
26;2025-11-27;21;464
26;2025-11-27;22;243
26;2025-11-27;23;133
26;2025-11-28;0;34
26;2025-11-28;1;2
26;2025-11-28;2;0
26;2025-11-28;3;0
26;2025-11-28;4;3
26;2025-11-28;5;84
26;2025-11-28;6;497
26;2025-11-28;7;1011
26;2025-11-28;8;1766
26;2025-11-28;9;1365
26;2025-11-28;10;1112
26;2025-11-28;11;1023
26;2025-11-28;12;1062
26;2025-11-28;13;1100
26;2025-11-28;14;1126
26;2025-11-28;15;1218
26;2025-11-28;16;1366
26;2025-11-28;17;1555
26;2025-11-28;18;1606
26;2025-11-28;19;1148
26;2025-11-28;20;732
26;2025-11-28;21;453
26;2025-11-28;22;244
26;2025-11-28;23;151
26;2025-11-29;0;52
26;2025-11-29;1;2
26;2025-11-29;2;0
26;2025-11-29;3;0
26;2025-11-29;4;2
26;2025-11-29;5;44
26;2025-11-29;6;247
26;2025-11-29;7;352
26;2025-11-29;8;547
26;2025-11-29;9;599
26;2025-11-29;10;658
26;2025-11-29;11;806
26;2025-11-29;12;860
26;2025-11-29;13;878
26;2025-11-29;14;869
26;2025-11-29;15;857
26;2025-11-29;16;846
26;2025-11-29;17;814
26;2025-11-29;18;803
26;2025-11-29;19;698
26;2025-11-29;20;523
26;2025-11-29;21;357
26;2025-11-29;22;233
26;2025-11-29;23;144
26;2025-11-30;0;46
26;2025-11-30;1;4
26;2025-11-30;2;0
26;2025-11-30;3;0
26;2025-11-30;4;2
26;2025-11-30;5;30
26;2025-11-30;6;176
26;2025-11-30;7;250
26;2025-11-30;8;367
26;2025-11-30;9;500
26;2025-11-30;10;576
26;2025-11-30;11;724
26;2025-11-30;12;791
26;2025-11-30;13;824
26;2025-11-30;14;801
26;2025-11-30;15;757
26;2025-11-30;16;756
26;2025-11-30;17;727
26;2025-11-30;18;678
26;2025-11-30;19;603
26;2025-11-30;20;446
26;2025-11-30;21;300
26;2025-11-30;22;200
26;2025-11-30;23;104
26;2025-12-01;0;30
26;2025-12-01;1;3
26;2025-12-01;2;0
26;2025-12-01;3;0
26;2025-12-01;4;2
26;2025-12-01;5;77
26;2025-12-01;6;483
26;2025-12-01;7;1017
26;2025-12-01;8;1863
26;2025-12-01;9;1372
26;2025-12-01;10;1117
26;2025-12-01;11;1020
26;2025-12-01;12;1061
26;2025-12-01;13;1101
26;2025-12-01;14;1119
26;2025-12-01;15;1211
26;2025-12-01;16;1358
26;2025-12-01;17;1556
26;2025-12-01;18;1618
26;2025-12-01;19;1153
26;2025-12-01;20;732
26;2025-12-01;21;438
26;2025-12-01;22;224
26;2025-12-01;23;108
26;2025-12-02;0;31
26;2025-12-02;1;1
26;2025-12-02;2;0
26;2025-12-02;3;0
26;2025-12-02;4;2
26;2025-12-02;5;82
26;2025-12-02;6;501
26;2025-12-02;7;1033
26;2025-12-02;8;1884
26;2025-12-02;9;1389
26;2025-12-02;10;1136
26;2025-12-02;11;1041
26;2025-12-02;12;1079
26;2025-12-02;13;1115
26;2025-12-02;14;1144
26;2025-12-02;15;1238
26;2025-12-02;16;1389
26;2025-12-02;17;1582
26;2025-12-02;18;1672
26;2025-12-02;19;1179
26;2025-12-02;20;756
26;2025-12-02;21;456
26;2025-12-02;22;235
26;2025-12-02;23;114
26;2025-12-03;0;32
26;2025-12-03;1;1
26;2025-12-03;2;0
26;2025-12-03;3;0
26;2025-12-03;4;2
26;2025-12-03;5;84
26;2025-12-03;6;501
26;2025-12-03;7;1030
26;2025-12-03;8;1884
26;2025-12-03;9;1386
26;2025-12-03;10;1135
26;2025-12-03;11;1037
26;2025-12-03;12;1077
26;2025-12-03;13;1112
26;2025-12-03;14;1139
26;2025-12-03;15;1233
26;2025-12-03;16;1387
26;2025-12-03;17;1579
26;2025-12-03;18;1669
26;2025-12-03;19;1175
26;2025-12-03;20;754
26;2025-12-03;21;459
26;2025-12-03;22;239
26;2025-12-03;23;129
26;2025-12-04;0;35
26;2025-12-04;1;1
26;2025-12-04;2;0
26;2025-12-04;3;0
26;2025-12-04;4;2
26;2025-12-04;5;88
26;2025-12-04;6;505
26;2025-12-04;7;1035
26;2025-12-04;8;1885
26;2025-12-04;9;1390
26;2025-12-04;10;1142
26;2025-12-04;11;1046
26;2025-12-04;12;1082
26;2025-12-04;13;1116
26;2025-12-04;14;1150
26;2025-12-04;15;1243
26;2025-12-04;16;1390
26;2025-12-04;17;1584
26;2025-12-04;18;1677
26;2025-12-04;19;1183
26;2025-12-04;20;758
26;2025-12-04;21;464
26;2025-12-04;22;243
26;2025-12-04;23;133
26;2025-12-05;0;34
26;2025-12-05;1;2
26;2025-12-05;2;0
26;2025-12-05;3;0
26;2025-12-05;4;3
26;2025-12-05;5;84
26;2025-12-05;6;497
26;2025-12-05;7;1011
26;2025-12-05;8;1766
26;2025-12-05;9;1365
26;2025-12-05;10;1112
26;2025-12-05;11;1023
26;2025-12-05;12;1062
26;2025-12-05;13;1100
26;2025-12-05;14;1126
26;2025-12-05;15;1218
26;2025-12-05;16;1366
26;2025-12-05;17;1555
26;2025-12-05;18;1606
26;2025-12-05;19;1148
26;2025-12-05;20;732
26;2025-12-05;21;453
26;2025-12-05;22;244
26;2025-12-05;23;151
26;2025-12-06;0;52
26;2025-12-06;1;2
26;2025-12-06;2;0
26;2025-12-06;3;0
26;2025-12-06;4;2
26;2025-12-06;5;44
26;2025-12-06;6;247
26;2025-12-06;7;352
26;2025-12-06;8;547
26;2025-12-06;9;599
26;2025-12-06;10;658
26;2025-12-06;11;806
26;2025-12-06;12;860
26;2025-12-06;13;878
26;2025-12-06;14;869
26;2025-12-06;15;857
26;2025-12-06;16;846
26;2025-12-06;17;814
26;2025-12-06;18;803
26;2025-12-06;19;698
26;2025-12-06;20;523
26;2025-12-06;21;357
26;2025-12-06;22;233
26;2025-12-06;23;144
26;2025-12-07;0;46
26;2025-12-07;1;4
26;2025-12-07;2;0
26;2025-12-07;3;0
26;2025-12-07;4;2
26;2025-12-07;5;30
26;2025-12-07;6;176
26;2025-12-07;7;250
26;2025-12-07;8;367
26;2025-12-07;9;500
26;2025-12-07;10;576
26;2025-12-07;11;724
26;2025-12-07;12;791
26;2025-12-07;13;824
26;2025-12-07;14;801
26;2025-12-07;15;757
26;2025-12-07;16;756
26;2025-12-07;17;727
26;2025-12-07;18;678
26;2025-12-07;19;603
26;2025-12-07;20;446
26;2025-12-07;21;300
26;2025-12-07;22;200
26;2025-12-07;23;104
26;2025-12-08;0;30
26;2025-12-08;1;3
26;2025-12-08;2;0
26;2025-12-08;3;0
26;2025-12-08;4;2
26;2025-12-08;5;77
26;2025-12-08;6;483
26;2025-12-08;7;1017
26;2025-12-08;8;1863
26;2025-12-08;9;1372
26;2025-12-08;10;1117
26;2025-12-08;11;1020
26;2025-12-08;12;1061
26;2025-12-08;13;1101
26;2025-12-08;14;1119
26;2025-12-08;15;1211
26;2025-12-08;16;1358
26;2025-12-08;17;1556
26;2025-12-08;18;1618
26;2025-12-08;19;1153
26;2025-12-08;20;732
26;2025-12-08;21;438
26;2025-12-08;22;224
26;2025-12-08;23;108
26;2025-12-09;0;31
26;2025-12-09;1;1
26;2025-12-09;2;0
26;2025-12-09;3;0
26;2025-12-09;4;2
26;2025-12-09;5;82
26;2025-12-09;6;501
26;2025-12-09;7;1033
26;2025-12-09;8;1884
26;2025-12-09;9;1389
26;2025-12-09;10;1136
26;2025-12-09;11;1041
26;2025-12-09;12;1079
26;2025-12-09;13;1115
26;2025-12-09;14;1144
26;2025-12-09;15;1238
26;2025-12-09;16;1389
26;2025-12-09;17;1582
26;2025-12-09;18;1672
26;2025-12-09;19;1179
26;2025-12-09;20;756
26;2025-12-09;21;456
26;2025-12-09;22;235
26;2025-12-09;23;114
26;2025-12-10;0;32
26;2025-12-10;1;1
26;2025-12-10;2;0
26;2025-12-10;3;0
26;2025-12-10;4;2
26;2025-12-10;5;84
26;2025-12-10;6;501
26;2025-12-10;7;1030
26;2025-12-10;8;1884
26;2025-12-10;9;1386
26;2025-12-10;10;1135
26;2025-12-10;11;1037
26;2025-12-10;12;1077
26;2025-12-10;13;1112
26;2025-12-10;14;1139
26;2025-12-10;15;1233
26;2025-12-10;16;1387
26;2025-12-10;17;1579
26;2025-12-10;18;1669
26;2025-12-10;19;1175
26;2025-12-10;20;754
26;2025-12-10;21;459
26;2025-12-10;22;239
26;2025-12-10;23;129
26;2025-12-11;0;35
26;2025-12-11;1;1
26;2025-12-11;2;0
26;2025-12-11;3;0
26;2025-12-11;4;2
26;2025-12-11;5;88
26;2025-12-11;6;505
26;2025-12-11;7;1035
26;2025-12-11;8;1885
26;2025-12-11;9;1390
26;2025-12-11;10;1142
26;2025-12-11;11;1046
26;2025-12-11;12;1082
26;2025-12-11;13;1116
26;2025-12-11;14;1150
26;2025-12-11;15;1243
26;2025-12-11;16;1390
26;2025-12-11;17;1584
26;2025-12-11;18;1677
26;2025-12-11;19;1183
26;2025-12-11;20;758
26;2025-12-11;21;464
26;2025-12-11;22;243
26;2025-12-11;23;133
26;2025-12-12;0;34
26;2025-12-12;1;2
26;2025-12-12;2;0
26;2025-12-12;3;0
26;2025-12-12;4;3
26;2025-12-12;5;84
26;2025-12-12;6;497
26;2025-12-12;7;1011
26;2025-12-12;8;1766
26;2025-12-12;9;1365
26;2025-12-12;10;1112
26;2025-12-12;11;1023
26;2025-12-12;12;1062
26;2025-12-12;13;1100
26;2025-12-12;14;1126
26;2025-12-12;15;1218
26;2025-12-12;16;1366
26;2025-12-12;17;1555
26;2025-12-12;18;1606
26;2025-12-12;19;1148
26;2025-12-12;20;732
26;2025-12-12;21;453
26;2025-12-12;22;244
26;2025-12-12;23;151
26;2025-12-13;0;52
26;2025-12-13;1;2
26;2025-12-13;2;0
26;2025-12-13;3;0
26;2025-12-13;4;2
26;2025-12-13;5;44
26;2025-12-13;6;247
26;2025-12-13;7;352
26;2025-12-13;8;547
26;2025-12-13;9;599
26;2025-12-13;10;658
26;2025-12-13;11;806
26;2025-12-13;12;860
26;2025-12-13;13;878
26;2025-12-13;14;869
26;2025-12-13;15;857
26;2025-12-13;16;846
26;2025-12-13;17;814
26;2025-12-13;18;803
26;2025-12-13;19;698
26;2025-12-13;20;523
26;2025-12-13;21;357
26;2025-12-13;22;233
26;2025-12-13;23;144
26;2025-12-14;0;46
26;2025-12-14;1;4
26;2025-12-14;2;0
26;2025-12-14;3;0
26;2025-12-14;4;2
26;2025-12-14;5;30
26;2025-12-14;6;176
26;2025-12-14;7;250
26;2025-12-14;8;367
26;2025-12-14;9;500
26;2025-12-14;10;576
26;2025-12-14;11;724
26;2025-12-14;12;791
26;2025-12-14;13;824
26;2025-12-14;14;801
26;2025-12-14;15;757
26;2025-12-14;16;756
26;2025-12-14;17;727
26;2025-12-14;18;678
26;2025-12-14;19;603
26;2025-12-14;20;446
26;2025-12-14;21;300
26;2025-12-14;22;200
26;2025-12-14;23;104
26;2025-12-15;0;30
26;2025-12-15;1;3
26;2025-12-15;2;0
26;2025-12-15;3;0
26;2025-12-15;4;2
26;2025-12-15;5;77
26;2025-12-15;6;483
26;2025-12-15;7;1017
26;2025-12-15;8;1863
26;2025-12-15;9;1372
26;2025-12-15;10;1117
26;2025-12-15;11;1020
26;2025-12-15;12;1061
26;2025-12-15;13;1101
26;2025-12-15;14;1119
26;2025-12-15;15;1211
26;2025-12-15;16;1358
26;2025-12-15;17;1556
26;2025-12-15;18;1618
26;2025-12-15;19;1153
26;2025-12-15;20;732
26;2025-12-15;21;438
26;2025-12-15;22;224
26;2025-12-15;23;108
26;2025-12-16;0;31
26;2025-12-16;1;1
26;2025-12-16;2;0
26;2025-12-16;3;0
26;2025-12-16;4;2
26;2025-12-16;5;82
26;2025-12-16;6;501
26;2025-12-16;7;1033
26;2025-12-16;8;1884
26;2025-12-16;9;1389
26;2025-12-16;10;1136
26;2025-12-16;11;1041
26;2025-12-16;12;1079
26;2025-12-16;13;1115
26;2025-12-16;14;1144
26;2025-12-16;15;1238
26;2025-12-16;16;1389
26;2025-12-16;17;1582
26;2025-12-16;18;1672
26;2025-12-16;19;1179
26;2025-12-16;20;756
26;2025-12-16;21;456
26;2025-12-16;22;235
26;2025-12-16;23;114
26;2025-12-17;0;32
26;2025-12-17;1;1
26;2025-12-17;2;0
26;2025-12-17;3;0
26;2025-12-17;4;2
26;2025-12-17;5;84
26;2025-12-17;6;501
26;2025-12-17;7;1030
26;2025-12-17;8;1884
26;2025-12-17;9;1386
26;2025-12-17;10;1135
26;2025-12-17;11;1037
26;2025-12-17;12;1077
26;2025-12-17;13;1112
26;2025-12-17;14;1139
26;2025-12-17;15;1233
26;2025-12-17;16;1387
26;2025-12-17;17;1579
26;2025-12-17;18;1669
26;2025-12-17;19;1175
26;2025-12-17;20;754
26;2025-12-17;21;459
26;2025-12-17;22;239
26;2025-12-17;23;129
26;2025-12-18;0;35
26;2025-12-18;1;1
26;2025-12-18;2;0
26;2025-12-18;3;0
26;2025-12-18;4;2
26;2025-12-18;5;88
26;2025-12-18;6;505
26;2025-12-18;7;1035
26;2025-12-18;8;1885
26;2025-12-18;9;1390
26;2025-12-18;10;1142
26;2025-12-18;11;1046
26;2025-12-18;12;1082
26;2025-12-18;13;1116
26;2025-12-18;14;1150
26;2025-12-18;15;1243
26;2025-12-18;16;1390
26;2025-12-18;17;1584
26;2025-12-18;18;1677
26;2025-12-18;19;1183
26;2025-12-18;20;758
26;2025-12-18;21;464
26;2025-12-18;22;243
26;2025-12-18;23;133
26;2025-12-19;0;34
26;2025-12-19;1;2
26;2025-12-19;2;0
26;2025-12-19;3;0
26;2025-12-19;4;3
26;2025-12-19;5;84
26;2025-12-19;6;497
26;2025-12-19;7;1011
26;2025-12-19;8;1766
26;2025-12-19;9;1365
26;2025-12-19;10;1112
26;2025-12-19;11;1023
26;2025-12-19;12;1062
26;2025-12-19;13;1100
26;2025-12-19;14;1126
26;2025-12-19;15;1218
26;2025-12-19;16;1366
26;2025-12-19;17;1555
26;2025-12-19;18;1606
26;2025-12-19;19;1148
26;2025-12-19;20;732
26;2025-12-19;21;453
26;2025-12-19;22;244
26;2025-12-19;23;151
26;2025-12-20;0;52
26;2025-12-20;1;2
26;2025-12-20;2;0
26;2025-12-20;3;0
26;2025-12-20;4;2
26;2025-12-20;5;44
26;2025-12-20;6;247
26;2025-12-20;7;352
26;2025-12-20;8;547
26;2025-12-20;9;599
26;2025-12-20;10;658
26;2025-12-20;11;806
26;2025-12-20;12;860
26;2025-12-20;13;878
26;2025-12-20;14;869
26;2025-12-20;15;857
26;2025-12-20;16;846
26;2025-12-20;17;814
26;2025-12-20;18;803
26;2025-12-20;19;698
26;2025-12-20;20;523
26;2025-12-20;21;357
26;2025-12-20;22;233
26;2025-12-20;23;144
26;2025-12-21;0;46
26;2025-12-21;1;4
26;2025-12-21;2;0
26;2025-12-21;3;0
26;2025-12-21;4;2
26;2025-12-21;5;30
26;2025-12-21;6;176
26;2025-12-21;7;250
26;2025-12-21;8;367
26;2025-12-21;9;500
26;2025-12-21;10;576
26;2025-12-21;11;724
26;2025-12-21;12;791
26;2025-12-21;13;824
26;2025-12-21;14;801
26;2025-12-21;15;757
26;2025-12-21;16;756
26;2025-12-21;17;727
26;2025-12-21;18;678
26;2025-12-21;19;603
26;2025-12-21;20;446
26;2025-12-21;21;300
26;2025-12-21;22;200
26;2025-12-21;23;104
26;2025-12-22;0;30
26;2025-12-22;1;3
26;2025-12-22;2;0
26;2025-12-22;3;0
26;2025-12-22;4;2
26;2025-12-22;5;77
26;2025-12-22;6;483
26;2025-12-22;7;1017
26;2025-12-22;8;1863
26;2025-12-22;9;1372
26;2025-12-22;10;1117
26;2025-12-22;11;1020
26;2025-12-22;12;1061
26;2025-12-22;13;1101
26;2025-12-22;14;1119
26;2025-12-22;15;1211
26;2025-12-22;16;1358
26;2025-12-22;17;1556
26;2025-12-22;18;1618
26;2025-12-22;19;1153
26;2025-12-22;20;732
26;2025-12-22;21;438
26;2025-12-22;22;224
26;2025-12-22;23;108
26;2025-12-23;0;31
26;2025-12-23;1;1
26;2025-12-23;2;0
26;2025-12-23;3;0
26;2025-12-23;4;2
26;2025-12-23;5;82
26;2025-12-23;6;501
26;2025-12-23;7;1033
26;2025-12-23;8;1884
26;2025-12-23;9;1389
26;2025-12-23;10;1136
26;2025-12-23;11;1041
26;2025-12-23;12;1079
26;2025-12-23;13;1115
26;2025-12-23;14;1144
26;2025-12-23;15;1238
26;2025-12-23;16;1389
26;2025-12-23;17;1582
26;2025-12-23;18;1672
26;2025-12-23;19;1179
26;2025-12-23;20;756
26;2025-12-23;21;456
26;2025-12-23;22;235
26;2025-12-23;23;114
26;2025-12-24;0;32
26;2025-12-24;1;1
26;2025-12-24;2;0
26;2025-12-24;3;0
26;2025-12-24;4;2
26;2025-12-24;5;84
26;2025-12-24;6;501
26;2025-12-24;7;1030
26;2025-12-24;8;1884
26;2025-12-24;9;1386
26;2025-12-24;10;1135
26;2025-12-24;11;1037
26;2025-12-24;12;1077
26;2025-12-24;13;1112
26;2025-12-24;14;1139
26;2025-12-24;15;1233
26;2025-12-24;16;1387
26;2025-12-24;17;1579
26;2025-12-24;18;1669
26;2025-12-24;19;1175
26;2025-12-24;20;754
26;2025-12-24;21;459
26;2025-12-24;22;239
26;2025-12-24;23;129
26;2025-12-25;0;35
26;2025-12-25;1;1
26;2025-12-25;2;0
26;2025-12-25;3;0
26;2025-12-25;4;2
26;2025-12-25;5;88
26;2025-12-25;6;505
26;2025-12-25;7;1035
26;2025-12-25;8;1885
26;2025-12-25;9;1390
26;2025-12-25;10;1142
26;2025-12-25;11;1046
26;2025-12-25;12;1082
26;2025-12-25;13;1116
26;2025-12-25;14;1150
26;2025-12-25;15;1243
26;2025-12-25;16;1390
26;2025-12-25;17;1584
26;2025-12-25;18;1677
26;2025-12-25;19;1183
26;2025-12-25;20;758
26;2025-12-25;21;464
26;2025-12-25;22;243
26;2025-12-25;23;133
26;2025-12-26;0;34
26;2025-12-26;1;2
26;2025-12-26;2;0
26;2025-12-26;3;0
26;2025-12-26;4;3
26;2025-12-26;5;84
26;2025-12-26;6;497
26;2025-12-26;7;1011
26;2025-12-26;8;1766
26;2025-12-26;9;1365
26;2025-12-26;10;1112
26;2025-12-26;11;1023
26;2025-12-26;12;1062
26;2025-12-26;13;1100
26;2025-12-26;14;1126
26;2025-12-26;15;1218
26;2025-12-26;16;1366
26;2025-12-26;17;1555
26;2025-12-26;18;1606
26;2025-12-26;19;1148
26;2025-12-26;20;732
26;2025-12-26;21;453
26;2025-12-26;22;244
26;2025-12-26;23;151
26;2025-12-27;0;52
26;2025-12-27;1;2
26;2025-12-27;2;0
26;2025-12-27;3;0
26;2025-12-27;4;2
26;2025-12-27;5;44
26;2025-12-27;6;247
26;2025-12-27;7;352
26;2025-12-27;8;547
26;2025-12-27;9;599
26;2025-12-27;10;658
26;2025-12-27;11;806
26;2025-12-27;12;860
26;2025-12-27;13;878
26;2025-12-27;14;869
26;2025-12-27;15;857
26;2025-12-27;16;846
26;2025-12-27;17;814
26;2025-12-27;18;803
26;2025-12-27;19;698
26;2025-12-27;20;523
26;2025-12-27;21;357
26;2025-12-27;22;233
26;2025-12-27;23;144
26;2025-12-28;0;46
26;2025-12-28;1;4
26;2025-12-28;2;0
26;2025-12-28;3;0
26;2025-12-28;4;2
26;2025-12-28;5;30
26;2025-12-28;6;176
26;2025-12-28;7;250
26;2025-12-28;8;367
26;2025-12-28;9;500
26;2025-12-28;10;576
26;2025-12-28;11;724
26;2025-12-28;12;791
26;2025-12-28;13;824
26;2025-12-28;14;801
26;2025-12-28;15;757
26;2025-12-28;16;756
26;2025-12-28;17;727
26;2025-12-28;18;678
26;2025-12-28;19;603
26;2025-12-28;20;446
26;2025-12-28;21;300
26;2025-12-28;22;200
26;2025-12-28;23;104
26;2025-12-29;0;30
26;2025-12-29;1;3
26;2025-12-29;2;0
26;2025-12-29;3;0
26;2025-12-29;4;2
26;2025-12-29;5;77
26;2025-12-29;6;483
26;2025-12-29;7;1017
26;2025-12-29;8;1863
26;2025-12-29;9;1372
26;2025-12-29;10;1117
26;2025-12-29;11;1020
26;2025-12-29;12;1061
26;2025-12-29;13;1101
26;2025-12-29;14;1119
26;2025-12-29;15;1211
26;2025-12-29;16;1358
26;2025-12-29;17;1556
26;2025-12-29;18;1618
26;2025-12-29;19;1153
26;2025-12-29;20;732
26;2025-12-29;21;438
26;2025-12-29;22;224
26;2025-12-29;23;108
26;2025-12-30;0;31
26;2025-12-30;1;1
26;2025-12-30;2;0
26;2025-12-30;3;0
26;2025-12-30;4;2
26;2025-12-30;5;82
26;2025-12-30;6;501
26;2025-12-30;7;1033
26;2025-12-30;8;1884
26;2025-12-30;9;1389
26;2025-12-30;10;1136
26;2025-12-30;11;1041
26;2025-12-30;12;1079
26;2025-12-30;13;1115
26;2025-12-30;14;1144
26;2025-12-30;15;1238
26;2025-12-30;16;1389
26;2025-12-30;17;1582
26;2025-12-30;18;1672
26;2025-12-30;19;1179
26;2025-12-30;20;756
26;2025-12-30;21;456
26;2025-12-30;22;235
26;2025-12-30;23;114
26;2025-12-31;0;29
26;2025-12-31;1;0
26;2025-12-31;2;0
26;2025-12-31;3;0
26;2025-12-31;4;2
26;2025-12-31;5;31
26;2025-12-31;6;230
26;2025-12-31;7;302
26;2025-12-31;8;708
26;2025-12-31;9;468
26;2025-12-31;10;485
26;2025-12-31;11;597
26;2025-12-31;12;699
26;2025-12-31;13;766
26;2025-12-31;14;770
26;2025-12-31;15;743
26;2025-12-31;16;744
26;2025-12-31;17;784
26;2025-12-31;18;715
26;2025-12-31;19;613
26;2025-12-31;20;433
26;2025-12-31;21;369
26;2025-12-31;22;211
26;2025-12-31;23;124
28;2025-11-01;0;0
28;2025-11-01;1;0
28;2025-11-01;2;0
28;2025-11-01;3;0
28;2025-11-01;4;18
28;2025-11-01;5;61
28;2025-11-01;6;134
28;2025-11-01;7;274
28;2025-11-01;8;888
28;2025-11-01;9;773
28;2025-11-01;10;610
28;2025-11-01;11;565
28;2025-11-01;12;673
28;2025-11-01;13;708
28;2025-11-01;14;656
28;2025-11-01;15;654
28;2025-11-01;16;754
28;2025-11-01;17;867
28;2025-11-01;18;852
28;2025-11-01;19;700
28;2025-11-01;20;491
28;2025-11-01;21;340
28;2025-11-01;22;167
28;2025-11-01;23;18
28;2025-11-02;0;0
28;2025-11-02;1;0
28;2025-11-02;2;0
28;2025-11-02;3;0
28;2025-11-02;4;0
28;2025-11-02;5;31
28;2025-11-02;6;78
28;2025-11-02;7;147
28;2025-11-02;8;240
28;2025-11-02;9;313
28;2025-11-02;10;357
28;2025-11-02;11;369
28;2025-11-02;12;443
28;2025-11-02;13;481
28;2025-11-02;14;476
28;2025-11-02;15;469
28;2025-11-02;16;435
28;2025-11-02;17;431
28;2025-11-02;18;390
28;2025-11-02;19;332
28;2025-11-02;20;293
28;2025-11-02;21;234
28;2025-11-02;22;106
28;2025-11-02;23;13
28;2025-11-03;0;0
28;2025-11-03;1;0
28;2025-11-03;2;0
28;2025-11-03;3;0
28;2025-11-03;4;0
28;2025-11-03;5;22
28;2025-11-03;6;130
28;2025-11-03;7;222
28;2025-11-03;8;317
28;2025-11-03;9;264
28;2025-11-03;10;264
28;2025-11-03;11;274
28;2025-11-03;12;386
28;2025-11-03;13;414
28;2025-11-03;14;423
28;2025-11-03;15;381
28;2025-11-03;16;387
28;2025-11-03;17;381
28;2025-11-03;18;337
28;2025-11-03;19;289
28;2025-11-03;20;352
28;2025-11-03;21;217
28;2025-11-03;22;95
28;2025-11-03;23;13
28;2025-11-04;0;3
28;2025-11-04;1;0
28;2025-11-04;2;0
28;2025-11-04;3;0
28;2025-11-04;4;0
28;2025-11-04;5;5
28;2025-11-04;6;87
28;2025-11-04;7;166
28;2025-11-04;8;219
28;2025-11-04;9;216
28;2025-11-04;10;230
28;2025-11-04;11;246
28;2025-11-04;12;339
28;2025-11-04;13;379
28;2025-11-04;14;378
28;2025-11-04;15;344
28;2025-11-04;16;324
28;2025-11-04;17;320
28;2025-11-04;18;287
28;2025-11-04;19;256
28;2025-11-04;20;246
28;2025-11-04;21;189
28;2025-11-04;22;90
28;2025-11-04;23;15
28;2025-11-05;0;0
28;2025-11-05;1;0
28;2025-11-05;2;0
28;2025-11-05;3;0
28;2025-11-05;4;1
28;2025-11-05;5;82
28;2025-11-05;6;257
28;2025-11-05;7;728
28;2025-11-05;8;1085
28;2025-11-05;9;804
28;2025-11-05;10;572
28;2025-11-05;11;534
28;2025-11-05;12;629
28;2025-11-05;13;667
28;2025-11-05;14;618
28;2025-11-05;15;652
28;2025-11-05;16;793
28;2025-11-05;17;901
28;2025-11-05;18;890
28;2025-11-05;19;682
28;2025-11-05;20;490
28;2025-11-05;21;309
28;2025-11-05;22;139
28;2025-11-05;23;12
28;2025-11-06;0;0
28;2025-11-06;1;0
28;2025-11-06;2;0
28;2025-11-06;3;0
28;2025-11-06;4;3
28;2025-11-06;5;85
28;2025-11-06;6;260
28;2025-11-06;7;736
28;2025-11-06;8;1088
28;2025-11-06;9;812
28;2025-11-06;10;579
28;2025-11-06;11;538
28;2025-11-06;12;635
28;2025-11-06;13;672
28;2025-11-06;14;623
28;2025-11-06;15;656
28;2025-11-06;16;796
28;2025-11-06;17;906
28;2025-11-06;18;895
28;2025-11-06;19;686
28;2025-11-06;20;496
28;2025-11-06;21;314
28;2025-11-06;22;144
28;2025-11-06;23;12
28;2025-11-07;0;0
28;2025-11-07;1;0
28;2025-11-07;2;0
28;2025-11-07;3;0
28;2025-11-07;4;2
28;2025-11-07;5;76
28;2025-11-07;6;250
28;2025-11-07;7;708
28;2025-11-07;8;1071
28;2025-11-07;9;781
28;2025-11-07;10;555
28;2025-11-07;11;518
28;2025-11-07;12;612
28;2025-11-07;13;652
28;2025-11-07;14;603
28;2025-11-07;15;629
28;2025-11-07;16;776
28;2025-11-07;17;881
28;2025-11-07;18;863
28;2025-11-07;19;660
28;2025-11-07;20;463
28;2025-11-07;21;308
28;2025-11-07;22;141
28;2025-11-07;23;13
28;2025-11-08;0;0
28;2025-11-08;1;0
28;2025-11-08;2;0
28;2025-11-08;3;0
28;2025-11-08;4;1
28;2025-11-08;5;40
28;2025-11-08;6;103
28;2025-11-08;7;197
28;2025-11-08;8;336
28;2025-11-08;9;416
28;2025-11-08;10;436
28;2025-11-08;11;435
28;2025-11-08;12;522
28;2025-11-08;13;556
28;2025-11-08;14;556
28;2025-11-08;15;558
28;2025-11-08;16;508
28;2025-11-08;17;514
28;2025-11-08;18;465
28;2025-11-08;19;402
28;2025-11-08;20;321
28;2025-11-08;21;278
28;2025-11-08;22;135
28;2025-11-08;23;14
28;2025-11-09;0;0
28;2025-11-09;1;0
28;2025-11-09;2;0
28;2025-11-09;3;0
28;2025-11-09;4;0
28;2025-11-09;5;31
28;2025-11-09;6;78
28;2025-11-09;7;147
28;2025-11-09;8;240
28;2025-11-09;9;313
28;2025-11-09;10;357
28;2025-11-09;11;369
28;2025-11-09;12;443
28;2025-11-09;13;481
28;2025-11-09;14;476
28;2025-11-09;15;469
28;2025-11-09;16;435
28;2025-11-09;17;431
28;2025-11-09;18;390
28;2025-11-09;19;332
28;2025-11-09;20;293
28;2025-11-09;21;234
28;2025-11-09;22;106
28;2025-11-09;23;13
28;2025-11-10;0;0
28;2025-11-10;1;0
28;2025-11-10;2;0
28;2025-11-10;3;0
28;2025-11-10;4;2
28;2025-11-10;5;72
28;2025-11-10;6;242
28;2025-11-10;7;711
28;2025-11-10;8;1076
28;2025-11-10;9;787
28;2025-11-10;10;554
28;2025-11-10;11;516
28;2025-11-10;12;612
28;2025-11-10;13;652
28;2025-11-10;14;603
28;2025-11-10;15;635
28;2025-11-10;16;782
28;2025-11-10;17;888
28;2025-11-10;18;871
28;2025-11-10;19;660
28;2025-11-10;20;461
28;2025-11-10;21;290
28;2025-11-10;22;123
28;2025-11-10;23;12
28;2025-11-11;0;0
28;2025-11-11;1;0
28;2025-11-11;2;0
28;2025-11-11;3;0
28;2025-11-11;4;1
28;2025-11-11;5;81
28;2025-11-11;6;257
28;2025-11-11;7;732
28;2025-11-11;8;1087
28;2025-11-11;9;807
28;2025-11-11;10;573
28;2025-11-11;11;535
28;2025-11-11;12;632
28;2025-11-11;13;670
28;2025-11-11;14;621
28;2025-11-11;15;655
28;2025-11-11;16;796
28;2025-11-11;17;904
28;2025-11-11;18;893
28;2025-11-11;19;684
28;2025-11-11;20;491
28;2025-11-11;21;308
28;2025-11-11;22;138
28;2025-11-11;23;13
28;2025-11-12;0;0
28;2025-11-12;1;0
28;2025-11-12;2;0
28;2025-11-12;3;0
28;2025-11-12;4;1
28;2025-11-12;5;82
28;2025-11-12;6;257
28;2025-11-12;7;728
28;2025-11-12;8;1085
28;2025-11-12;9;804
28;2025-11-12;10;572
28;2025-11-12;11;534
28;2025-11-12;12;629
28;2025-11-12;13;667
28;2025-11-12;14;618
28;2025-11-12;15;652
28;2025-11-12;16;793
28;2025-11-12;17;901
28;2025-11-12;18;890
28;2025-11-12;19;682
28;2025-11-12;20;490
28;2025-11-12;21;309
28;2025-11-12;22;139
28;2025-11-12;23;12
28;2025-11-13;0;0
28;2025-11-13;1;0
28;2025-11-13;2;0
28;2025-11-13;3;0
28;2025-11-13;4;3
28;2025-11-13;5;85
28;2025-11-13;6;260
28;2025-11-13;7;736
28;2025-11-13;8;1088
28;2025-11-13;9;812
28;2025-11-13;10;579
28;2025-11-13;11;538
28;2025-11-13;12;635
28;2025-11-13;13;672
28;2025-11-13;14;623
28;2025-11-13;15;656
28;2025-11-13;16;796
28;2025-11-13;17;906
28;2025-11-13;18;895
28;2025-11-13;19;686
28;2025-11-13;20;496
28;2025-11-13;21;314
28;2025-11-13;22;144
28;2025-11-13;23;12
28;2025-11-14;0;0
28;2025-11-14;1;0
28;2025-11-14;2;0
28;2025-11-14;3;0
28;2025-11-14;4;2
28;2025-11-14;5;76
28;2025-11-14;6;250
28;2025-11-14;7;708
28;2025-11-14;8;1071
28;2025-11-14;9;781
28;2025-11-14;10;555
28;2025-11-14;11;518
28;2025-11-14;12;612
28;2025-11-14;13;652
28;2025-11-14;14;603
28;2025-11-14;15;629
28;2025-11-14;16;776
28;2025-11-14;17;881
28;2025-11-14;18;863
28;2025-11-14;19;660
28;2025-11-14;20;463
28;2025-11-14;21;308
28;2025-11-14;22;141
28;2025-11-14;23;13
28;2025-11-15;0;0
28;2025-11-15;1;0
28;2025-11-15;2;0
28;2025-11-15;3;0
28;2025-11-15;4;1
28;2025-11-15;5;40
28;2025-11-15;6;103
28;2025-11-15;7;197
28;2025-11-15;8;336
28;2025-11-15;9;416
28;2025-11-15;10;436
28;2025-11-15;11;435
28;2025-11-15;12;522
28;2025-11-15;13;556
28;2025-11-15;14;556
28;2025-11-15;15;558
28;2025-11-15;16;508
28;2025-11-15;17;514
28;2025-11-15;18;465
28;2025-11-15;19;402
28;2025-11-15;20;321
28;2025-11-15;21;278
28;2025-11-15;22;135
28;2025-11-15;23;14
28;2025-11-16;0;0
28;2025-11-16;1;0
28;2025-11-16;2;0
28;2025-11-16;3;0
28;2025-11-16;4;0
28;2025-11-16;5;31
28;2025-11-16;6;78
28;2025-11-16;7;147
28;2025-11-16;8;240
28;2025-11-16;9;313
28;2025-11-16;10;357
28;2025-11-16;11;369
28;2025-11-16;12;443
28;2025-11-16;13;481
28;2025-11-16;14;476
28;2025-11-16;15;469
28;2025-11-16;16;435
28;2025-11-16;17;431
28;2025-11-16;18;390
28;2025-11-16;19;332
28;2025-11-16;20;293
28;2025-11-16;21;234
28;2025-11-16;22;106
28;2025-11-16;23;13
28;2025-11-17;0;0
28;2025-11-17;1;0
28;2025-11-17;2;0
28;2025-11-17;3;0
28;2025-11-17;4;2
28;2025-11-17;5;72
28;2025-11-17;6;242
28;2025-11-17;7;711
28;2025-11-17;8;1076
28;2025-11-17;9;787
28;2025-11-17;10;554
28;2025-11-17;11;516
28;2025-11-17;12;612
28;2025-11-17;13;652
28;2025-11-17;14;603
28;2025-11-17;15;635
28;2025-11-17;16;782
28;2025-11-17;17;888
28;2025-11-17;18;871
28;2025-11-17;19;660
28;2025-11-17;20;461
28;2025-11-17;21;290
28;2025-11-17;22;123
28;2025-11-17;23;12
28;2025-11-18;0;0
28;2025-11-18;1;0
28;2025-11-18;2;0
28;2025-11-18;3;0
28;2025-11-18;4;1
28;2025-11-18;5;81
28;2025-11-18;6;257
28;2025-11-18;7;732
28;2025-11-18;8;1087
28;2025-11-18;9;807
28;2025-11-18;10;573
28;2025-11-18;11;535
28;2025-11-18;12;632
28;2025-11-18;13;670
28;2025-11-18;14;621
28;2025-11-18;15;655
28;2025-11-18;16;796
28;2025-11-18;17;904
28;2025-11-18;18;893
28;2025-11-18;19;684
28;2025-11-18;20;491
28;2025-11-18;21;308
28;2025-11-18;22;138
28;2025-11-18;23;13
28;2025-11-19;0;0
28;2025-11-19;1;0
28;2025-11-19;2;0
28;2025-11-19;3;0
28;2025-11-19;4;1
28;2025-11-19;5;82
28;2025-11-19;6;257
28;2025-11-19;7;728
28;2025-11-19;8;1085
28;2025-11-19;9;804
28;2025-11-19;10;572
28;2025-11-19;11;534
28;2025-11-19;12;629
28;2025-11-19;13;667
28;2025-11-19;14;618
28;2025-11-19;15;652
28;2025-11-19;16;793
28;2025-11-19;17;901
28;2025-11-19;18;890
28;2025-11-19;19;682
28;2025-11-19;20;490
28;2025-11-19;21;309
28;2025-11-19;22;139
28;2025-11-19;23;12
28;2025-11-20;0;0
28;2025-11-20;1;0
28;2025-11-20;2;0
28;2025-11-20;3;0
28;2025-11-20;4;3
28;2025-11-20;5;85
28;2025-11-20;6;260
28;2025-11-20;7;736
28;2025-11-20;8;1088
28;2025-11-20;9;812
28;2025-11-20;10;579
28;2025-11-20;11;538
28;2025-11-20;12;635
28;2025-11-20;13;672
28;2025-11-20;14;623
28;2025-11-20;15;656
28;2025-11-20;16;796
28;2025-11-20;17;906
28;2025-11-20;18;895
28;2025-11-20;19;686
28;2025-11-20;20;496
28;2025-11-20;21;314
28;2025-11-20;22;144
28;2025-11-20;23;12
28;2025-11-21;0;0
28;2025-11-21;1;0
28;2025-11-21;2;0
28;2025-11-21;3;0
28;2025-11-21;4;2
28;2025-11-21;5;76
28;2025-11-21;6;250
28;2025-11-21;7;708
28;2025-11-21;8;1071
28;2025-11-21;9;781
28;2025-11-21;10;555
28;2025-11-21;11;518
28;2025-11-21;12;612
28;2025-11-21;13;652
28;2025-11-21;14;603
28;2025-11-21;15;629
28;2025-11-21;16;776
28;2025-11-21;17;881
28;2025-11-21;18;863
28;2025-11-21;19;660
28;2025-11-21;20;463
28;2025-11-21;21;308
28;2025-11-21;22;141
28;2025-11-21;23;13
28;2025-11-22;0;0
28;2025-11-22;1;0
28;2025-11-22;2;0
28;2025-11-22;3;0
28;2025-11-22;4;1
28;2025-11-22;5;40
28;2025-11-22;6;103
28;2025-11-22;7;197
28;2025-11-22;8;336
28;2025-11-22;9;416
28;2025-11-22;10;436
28;2025-11-22;11;435
28;2025-11-22;12;522
28;2025-11-22;13;556
28;2025-11-22;14;556
28;2025-11-22;15;558
28;2025-11-22;16;508
28;2025-11-22;17;514
28;2025-11-22;18;465
28;2025-11-22;19;402
28;2025-11-22;20;321
28;2025-11-22;21;278
28;2025-11-22;22;135
28;2025-11-22;23;14
28;2025-11-23;0;0
28;2025-11-23;1;0
28;2025-11-23;2;0
28;2025-11-23;3;0
28;2025-11-23;4;0
28;2025-11-23;5;31
28;2025-11-23;6;78
28;2025-11-23;7;147
28;2025-11-23;8;240
28;2025-11-23;9;313
28;2025-11-23;10;357
28;2025-11-23;11;369
28;2025-11-23;12;443
28;2025-11-23;13;481
28;2025-11-23;14;476
28;2025-11-23;15;469
28;2025-11-23;16;435
28;2025-11-23;17;431
28;2025-11-23;18;390
28;2025-11-23;19;332
28;2025-11-23;20;293
28;2025-11-23;21;234
28;2025-11-23;22;106
28;2025-11-23;23;13
28;2025-11-24;0;0
28;2025-11-24;1;0
28;2025-11-24;2;0
28;2025-11-24;3;0
28;2025-11-24;4;2
28;2025-11-24;5;72
28;2025-11-24;6;242
28;2025-11-24;7;711
28;2025-11-24;8;1076
28;2025-11-24;9;787
28;2025-11-24;10;554
28;2025-11-24;11;516
28;2025-11-24;12;612
28;2025-11-24;13;652
28;2025-11-24;14;603
28;2025-11-24;15;635
28;2025-11-24;16;782
28;2025-11-24;17;888
28;2025-11-24;18;871
28;2025-11-24;19;660
28;2025-11-24;20;461
28;2025-11-24;21;290
28;2025-11-24;22;123
28;2025-11-24;23;12
28;2025-11-25;0;0
28;2025-11-25;1;0
28;2025-11-25;2;0
28;2025-11-25;3;0
28;2025-11-25;4;1
28;2025-11-25;5;81
28;2025-11-25;6;257
28;2025-11-25;7;732
28;2025-11-25;8;1087
28;2025-11-25;9;807
28;2025-11-25;10;573
28;2025-11-25;11;535
28;2025-11-25;12;632
28;2025-11-25;13;670
28;2025-11-25;14;621
28;2025-11-25;15;655
28;2025-11-25;16;796
28;2025-11-25;17;904
28;2025-11-25;18;893
28;2025-11-25;19;684
28;2025-11-25;20;491
28;2025-11-25;21;308
28;2025-11-25;22;138
28;2025-11-25;23;13
28;2025-11-26;0;0
28;2025-11-26;1;0
28;2025-11-26;2;0
28;2025-11-26;3;0
28;2025-11-26;4;1
28;2025-11-26;5;82
28;2025-11-26;6;257
28;2025-11-26;7;728
28;2025-11-26;8;1085
28;2025-11-26;9;804
28;2025-11-26;10;572
28;2025-11-26;11;534
28;2025-11-26;12;629
28;2025-11-26;13;667
28;2025-11-26;14;618
28;2025-11-26;15;652
28;2025-11-26;16;793
28;2025-11-26;17;901
28;2025-11-26;18;890
28;2025-11-26;19;682
28;2025-11-26;20;490
28;2025-11-26;21;309
28;2025-11-26;22;139
28;2025-11-26;23;12
28;2025-11-27;0;0
28;2025-11-27;1;0
28;2025-11-27;2;0
28;2025-11-27;3;0
28;2025-11-27;4;3
28;2025-11-27;5;85
28;2025-11-27;6;260
28;2025-11-27;7;736
28;2025-11-27;8;1088
28;2025-11-27;9;812
28;2025-11-27;10;579
28;2025-11-27;11;538
28;2025-11-27;12;635
28;2025-11-27;13;672
28;2025-11-27;14;623
28;2025-11-27;15;656
28;2025-11-27;16;796
28;2025-11-27;17;906
28;2025-11-27;18;895
28;2025-11-27;19;686
28;2025-11-27;20;496
28;2025-11-27;21;314
28;2025-11-27;22;144
28;2025-11-27;23;12
28;2025-11-28;0;0
28;2025-11-28;1;0
28;2025-11-28;2;0
28;2025-11-28;3;0
28;2025-11-28;4;2
28;2025-11-28;5;76
28;2025-11-28;6;250
28;2025-11-28;7;708
28;2025-11-28;8;1071
28;2025-11-28;9;781
28;2025-11-28;10;555
28;2025-11-28;11;518
28;2025-11-28;12;612
28;2025-11-28;13;652
28;2025-11-28;14;603
28;2025-11-28;15;629
28;2025-11-28;16;776
28;2025-11-28;17;881
28;2025-11-28;18;863
28;2025-11-28;19;660
28;2025-11-28;20;463
28;2025-11-28;21;308
28;2025-11-28;22;141
28;2025-11-28;23;13
28;2025-11-29;0;0
28;2025-11-29;1;0
28;2025-11-29;2;0
28;2025-11-29;3;0
28;2025-11-29;4;1
28;2025-11-29;5;40
28;2025-11-29;6;103
28;2025-11-29;7;197
28;2025-11-29;8;336
28;2025-11-29;9;416
28;2025-11-29;10;436
28;2025-11-29;11;435
28;2025-11-29;12;522
28;2025-11-29;13;556
28;2025-11-29;14;556
28;2025-11-29;15;558
28;2025-11-29;16;508
28;2025-11-29;17;514
28;2025-11-29;18;465
28;2025-11-29;19;402
28;2025-11-29;20;321
28;2025-11-29;21;278
28;2025-11-29;22;135
28;2025-11-29;23;14
28;2025-11-30;0;0
28;2025-11-30;1;0
28;2025-11-30;2;0
28;2025-11-30;3;0
28;2025-11-30;4;0
28;2025-11-30;5;31
28;2025-11-30;6;78
28;2025-11-30;7;147
28;2025-11-30;8;240
28;2025-11-30;9;313
28;2025-11-30;10;357
28;2025-11-30;11;369
28;2025-11-30;12;443
28;2025-11-30;13;481
28;2025-11-30;14;476
28;2025-11-30;15;469
28;2025-11-30;16;435
28;2025-11-30;17;431
28;2025-11-30;18;390
28;2025-11-30;19;332
28;2025-11-30;20;293
28;2025-11-30;21;234
28;2025-11-30;22;106
28;2025-11-30;23;13
28;2025-12-01;0;0
28;2025-12-01;1;0
28;2025-12-01;2;0
28;2025-12-01;3;0
28;2025-12-01;4;2
28;2025-12-01;5;72
28;2025-12-01;6;242
28;2025-12-01;7;711
28;2025-12-01;8;1076
28;2025-12-01;9;787
28;2025-12-01;10;554
28;2025-12-01;11;516
28;2025-12-01;12;612
28;2025-12-01;13;652
28;2025-12-01;14;603
28;2025-12-01;15;635
28;2025-12-01;16;782
28;2025-12-01;17;888
28;2025-12-01;18;871
28;2025-12-01;19;660
28;2025-12-01;20;461
28;2025-12-01;21;290
28;2025-12-01;22;123
28;2025-12-01;23;12
28;2025-12-02;0;0
28;2025-12-02;1;0
28;2025-12-02;2;0
28;2025-12-02;3;0
28;2025-12-02;4;1
28;2025-12-02;5;81
28;2025-12-02;6;257
28;2025-12-02;7;732
28;2025-12-02;8;1087
28;2025-12-02;9;807
28;2025-12-02;10;573
28;2025-12-02;11;535
28;2025-12-02;12;632
28;2025-12-02;13;670
28;2025-12-02;14;621
28;2025-12-02;15;655
28;2025-12-02;16;796
28;2025-12-02;17;904
28;2025-12-02;18;893
28;2025-12-02;19;684
28;2025-12-02;20;491
28;2025-12-02;21;308
28;2025-12-02;22;138
28;2025-12-02;23;13
28;2025-12-03;0;0
28;2025-12-03;1;0
28;2025-12-03;2;0
28;2025-12-03;3;0
28;2025-12-03;4;1
28;2025-12-03;5;82
28;2025-12-03;6;257
28;2025-12-03;7;728
28;2025-12-03;8;1085
28;2025-12-03;9;804
28;2025-12-03;10;572
28;2025-12-03;11;534
28;2025-12-03;12;629
28;2025-12-03;13;667
28;2025-12-03;14;618
28;2025-12-03;15;652
28;2025-12-03;16;793
28;2025-12-03;17;901
28;2025-12-03;18;890
28;2025-12-03;19;682
28;2025-12-03;20;490
28;2025-12-03;21;309
28;2025-12-03;22;139
28;2025-12-03;23;12
28;2025-12-04;0;0
28;2025-12-04;1;0
28;2025-12-04;2;0
28;2025-12-04;3;0
28;2025-12-04;4;3
28;2025-12-04;5;85
28;2025-12-04;6;260
28;2025-12-04;7;736
28;2025-12-04;8;1088
28;2025-12-04;9;812
28;2025-12-04;10;579
28;2025-12-04;11;538
28;2025-12-04;12;635
28;2025-12-04;13;672
28;2025-12-04;14;623
28;2025-12-04;15;656
28;2025-12-04;16;796
28;2025-12-04;17;906
28;2025-12-04;18;895
28;2025-12-04;19;686
28;2025-12-04;20;496
28;2025-12-04;21;314
28;2025-12-04;22;144
28;2025-12-04;23;12
28;2025-12-05;0;0
28;2025-12-05;1;0
28;2025-12-05;2;0
28;2025-12-05;3;0
28;2025-12-05;4;2
28;2025-12-05;5;76
28;2025-12-05;6;250
28;2025-12-05;7;708
28;2025-12-05;8;1071
28;2025-12-05;9;781
28;2025-12-05;10;555
28;2025-12-05;11;518
28;2025-12-05;12;612
28;2025-12-05;13;652
28;2025-12-05;14;603
28;2025-12-05;15;629
28;2025-12-05;16;776
28;2025-12-05;17;881
28;2025-12-05;18;863
28;2025-12-05;19;660
28;2025-12-05;20;463
28;2025-12-05;21;308
28;2025-12-05;22;141
28;2025-12-05;23;13
28;2025-12-06;0;0
28;2025-12-06;1;0
28;2025-12-06;2;0
28;2025-12-06;3;0
28;2025-12-06;4;1
28;2025-12-06;5;40
28;2025-12-06;6;103
28;2025-12-06;7;197
28;2025-12-06;8;336
28;2025-12-06;9;416
28;2025-12-06;10;436
28;2025-12-06;11;435
28;2025-12-06;12;522
28;2025-12-06;13;556
28;2025-12-06;14;556
28;2025-12-06;15;558
28;2025-12-06;16;508
28;2025-12-06;17;514
28;2025-12-06;18;465
28;2025-12-06;19;402
28;2025-12-06;20;321
28;2025-12-06;21;278
28;2025-12-06;22;135
28;2025-12-06;23;14
28;2025-12-07;0;0
28;2025-12-07;1;0
28;2025-12-07;2;0
28;2025-12-07;3;0
28;2025-12-07;4;0
28;2025-12-07;5;31
28;2025-12-07;6;78
28;2025-12-07;7;147
28;2025-12-07;8;240
28;2025-12-07;9;313
28;2025-12-07;10;357
28;2025-12-07;11;369
28;2025-12-07;12;443
28;2025-12-07;13;481
28;2025-12-07;14;476
28;2025-12-07;15;469
28;2025-12-07;16;435
28;2025-12-07;17;431
28;2025-12-07;18;390
28;2025-12-07;19;332
28;2025-12-07;20;293
28;2025-12-07;21;234
28;2025-12-07;22;106
28;2025-12-07;23;13
28;2025-12-08;0;0
28;2025-12-08;1;0
28;2025-12-08;2;0
28;2025-12-08;3;0
28;2025-12-08;4;2
28;2025-12-08;5;72
28;2025-12-08;6;242
28;2025-12-08;7;711
28;2025-12-08;8;1076
28;2025-12-08;9;787
28;2025-12-08;10;554
28;2025-12-08;11;516
28;2025-12-08;12;612
28;2025-12-08;13;652
28;2025-12-08;14;603
28;2025-12-08;15;635
28;2025-12-08;16;782
28;2025-12-08;17;888
28;2025-12-08;18;871
28;2025-12-08;19;660
28;2025-12-08;20;461
28;2025-12-08;21;290
28;2025-12-08;22;123
28;2025-12-08;23;12
28;2025-12-09;0;0
28;2025-12-09;1;0
28;2025-12-09;2;0
28;2025-12-09;3;0
28;2025-12-09;4;1
28;2025-12-09;5;81
28;2025-12-09;6;257
28;2025-12-09;7;732
28;2025-12-09;8;1087
28;2025-12-09;9;807
28;2025-12-09;10;573
28;2025-12-09;11;535
28;2025-12-09;12;632
28;2025-12-09;13;670
28;2025-12-09;14;621
28;2025-12-09;15;655
28;2025-12-09;16;796
28;2025-12-09;17;904
28;2025-12-09;18;893
28;2025-12-09;19;684
28;2025-12-09;20;491
28;2025-12-09;21;308
28;2025-12-09;22;138
28;2025-12-09;23;13
28;2025-12-10;0;0
28;2025-12-10;1;0
28;2025-12-10;2;0
28;2025-12-10;3;0
28;2025-12-10;4;1
28;2025-12-10;5;82
28;2025-12-10;6;257
28;2025-12-10;7;728
28;2025-12-10;8;1085
28;2025-12-10;9;804
28;2025-12-10;10;572
28;2025-12-10;11;534
28;2025-12-10;12;629
28;2025-12-10;13;667
28;2025-12-10;14;618
28;2025-12-10;15;652
28;2025-12-10;16;793
28;2025-12-10;17;901
28;2025-12-10;18;890
28;2025-12-10;19;682
28;2025-12-10;20;490
28;2025-12-10;21;309
28;2025-12-10;22;139
28;2025-12-10;23;12
28;2025-12-11;0;0
28;2025-12-11;1;0
28;2025-12-11;2;0
28;2025-12-11;3;0
28;2025-12-11;4;3
28;2025-12-11;5;85
28;2025-12-11;6;260
28;2025-12-11;7;736
28;2025-12-11;8;1088
28;2025-12-11;9;812
28;2025-12-11;10;579
28;2025-12-11;11;538
28;2025-12-11;12;635
28;2025-12-11;13;672
28;2025-12-11;14;623
28;2025-12-11;15;656
28;2025-12-11;16;796
28;2025-12-11;17;906
28;2025-12-11;18;895
28;2025-12-11;19;686
28;2025-12-11;20;496
28;2025-12-11;21;314
28;2025-12-11;22;144
28;2025-12-11;23;12
28;2025-12-12;0;0
28;2025-12-12;1;0
28;2025-12-12;2;0
28;2025-12-12;3;0
28;2025-12-12;4;2
28;2025-12-12;5;76
28;2025-12-12;6;250
28;2025-12-12;7;708
28;2025-12-12;8;1071
28;2025-12-12;9;781
28;2025-12-12;10;555
28;2025-12-12;11;518
28;2025-12-12;12;612
28;2025-12-12;13;652
28;2025-12-12;14;603
28;2025-12-12;15;629
28;2025-12-12;16;776
28;2025-12-12;17;881
28;2025-12-12;18;863
28;2025-12-12;19;660
28;2025-12-12;20;463
28;2025-12-12;21;308
28;2025-12-12;22;141
28;2025-12-12;23;13
28;2025-12-13;0;0
28;2025-12-13;1;0
28;2025-12-13;2;0
28;2025-12-13;3;0
28;2025-12-13;4;1
28;2025-12-13;5;40
28;2025-12-13;6;103
28;2025-12-13;7;197
28;2025-12-13;8;336
28;2025-12-13;9;416
28;2025-12-13;10;436
28;2025-12-13;11;435
28;2025-12-13;12;522
28;2025-12-13;13;556
28;2025-12-13;14;556
28;2025-12-13;15;558
28;2025-12-13;16;508
28;2025-12-13;17;514
28;2025-12-13;18;465
28;2025-12-13;19;402
28;2025-12-13;20;321
28;2025-12-13;21;278
28;2025-12-13;22;135
28;2025-12-13;23;14
28;2025-12-14;0;0
28;2025-12-14;1;0
28;2025-12-14;2;0
28;2025-12-14;3;0
28;2025-12-14;4;0
28;2025-12-14;5;31
28;2025-12-14;6;78
28;2025-12-14;7;147
28;2025-12-14;8;240
28;2025-12-14;9;313
28;2025-12-14;10;357
28;2025-12-14;11;369
28;2025-12-14;12;443
28;2025-12-14;13;481
28;2025-12-14;14;476
28;2025-12-14;15;469
28;2025-12-14;16;435
28;2025-12-14;17;431
28;2025-12-14;18;390
28;2025-12-14;19;332
28;2025-12-14;20;293
28;2025-12-14;21;234
28;2025-12-14;22;106
28;2025-12-14;23;13
28;2025-12-15;0;0
28;2025-12-15;1;0
28;2025-12-15;2;0
28;2025-12-15;3;0
28;2025-12-15;4;2
28;2025-12-15;5;72
28;2025-12-15;6;242
28;2025-12-15;7;711
28;2025-12-15;8;1076
28;2025-12-15;9;787
28;2025-12-15;10;554
28;2025-12-15;11;516
28;2025-12-15;12;612
28;2025-12-15;13;652
28;2025-12-15;14;603
28;2025-12-15;15;635
28;2025-12-15;16;782
28;2025-12-15;17;888
28;2025-12-15;18;871
28;2025-12-15;19;660
28;2025-12-15;20;461
28;2025-12-15;21;290
28;2025-12-15;22;123
28;2025-12-15;23;12
28;2025-12-16;0;0
28;2025-12-16;1;0
28;2025-12-16;2;0
28;2025-12-16;3;0
28;2025-12-16;4;1
28;2025-12-16;5;81
28;2025-12-16;6;257
28;2025-12-16;7;732
28;2025-12-16;8;1087
28;2025-12-16;9;807
28;2025-12-16;10;573
28;2025-12-16;11;535
28;2025-12-16;12;632
28;2025-12-16;13;670
28;2025-12-16;14;621
28;2025-12-16;15;655
28;2025-12-16;16;796
28;2025-12-16;17;904
28;2025-12-16;18;893
28;2025-12-16;19;684
28;2025-12-16;20;491
28;2025-12-16;21;308
28;2025-12-16;22;138
28;2025-12-16;23;13
28;2025-12-17;0;0
28;2025-12-17;1;0
28;2025-12-17;2;0
28;2025-12-17;3;0
28;2025-12-17;4;1
28;2025-12-17;5;82
28;2025-12-17;6;257
28;2025-12-17;7;728
28;2025-12-17;8;1085
28;2025-12-17;9;804
28;2025-12-17;10;572
28;2025-12-17;11;534
28;2025-12-17;12;629
28;2025-12-17;13;667
28;2025-12-17;14;618
28;2025-12-17;15;652
28;2025-12-17;16;793
28;2025-12-17;17;901
28;2025-12-17;18;890
28;2025-12-17;19;682
28;2025-12-17;20;490
28;2025-12-17;21;309
28;2025-12-17;22;139
28;2025-12-17;23;12
28;2025-12-18;0;0
28;2025-12-18;1;0
28;2025-12-18;2;0
28;2025-12-18;3;0
28;2025-12-18;4;3
28;2025-12-18;5;85
28;2025-12-18;6;260
28;2025-12-18;7;736
28;2025-12-18;8;1088
28;2025-12-18;9;812
28;2025-12-18;10;579
28;2025-12-18;11;538
28;2025-12-18;12;635
28;2025-12-18;13;672
28;2025-12-18;14;623
28;2025-12-18;15;656
28;2025-12-18;16;796
28;2025-12-18;17;906
28;2025-12-18;18;895
28;2025-12-18;19;686
28;2025-12-18;20;496
28;2025-12-18;21;314
28;2025-12-18;22;144
28;2025-12-18;23;12
28;2025-12-19;0;0
28;2025-12-19;1;0
28;2025-12-19;2;0
28;2025-12-19;3;0
28;2025-12-19;4;2
28;2025-12-19;5;76
28;2025-12-19;6;250
28;2025-12-19;7;708
28;2025-12-19;8;1071
28;2025-12-19;9;781
28;2025-12-19;10;555
28;2025-12-19;11;518
28;2025-12-19;12;612
28;2025-12-19;13;652
28;2025-12-19;14;603
28;2025-12-19;15;629
28;2025-12-19;16;776
28;2025-12-19;17;881
28;2025-12-19;18;863
28;2025-12-19;19;660
28;2025-12-19;20;463
28;2025-12-19;21;308
28;2025-12-19;22;141
28;2025-12-19;23;13
28;2025-12-20;0;0
28;2025-12-20;1;0
28;2025-12-20;2;0
28;2025-12-20;3;0
28;2025-12-20;4;1
28;2025-12-20;5;40
28;2025-12-20;6;103
28;2025-12-20;7;197
28;2025-12-20;8;336
28;2025-12-20;9;416
28;2025-12-20;10;436
28;2025-12-20;11;435
28;2025-12-20;12;522
28;2025-12-20;13;556
28;2025-12-20;14;556
28;2025-12-20;15;558
28;2025-12-20;16;508
28;2025-12-20;17;514
28;2025-12-20;18;465
28;2025-12-20;19;402
28;2025-12-20;20;321
28;2025-12-20;21;278
28;2025-12-20;22;135
28;2025-12-20;23;14
28;2025-12-21;0;0
28;2025-12-21;1;0
28;2025-12-21;2;0
28;2025-12-21;3;0
28;2025-12-21;4;0
28;2025-12-21;5;31
28;2025-12-21;6;78
28;2025-12-21;7;147
28;2025-12-21;8;240
28;2025-12-21;9;313
28;2025-12-21;10;357
28;2025-12-21;11;369
28;2025-12-21;12;443
28;2025-12-21;13;481
28;2025-12-21;14;476
28;2025-12-21;15;469
28;2025-12-21;16;435
28;2025-12-21;17;431
28;2025-12-21;18;390
28;2025-12-21;19;332
28;2025-12-21;20;293
28;2025-12-21;21;234
28;2025-12-21;22;106
28;2025-12-21;23;13
28;2025-12-22;0;0
28;2025-12-22;1;0
28;2025-12-22;2;0
28;2025-12-22;3;0
28;2025-12-22;4;2
28;2025-12-22;5;72
28;2025-12-22;6;242
28;2025-12-22;7;711
28;2025-12-22;8;1076
28;2025-12-22;9;787
28;2025-12-22;10;554
28;2025-12-22;11;516
28;2025-12-22;12;612
28;2025-12-22;13;652
28;2025-12-22;14;603
28;2025-12-22;15;635
28;2025-12-22;16;782
28;2025-12-22;17;888
28;2025-12-22;18;871
28;2025-12-22;19;660
28;2025-12-22;20;461
28;2025-12-22;21;290
28;2025-12-22;22;123
28;2025-12-22;23;12
28;2025-12-23;0;0
28;2025-12-23;1;0
28;2025-12-23;2;0
28;2025-12-23;3;0
28;2025-12-23;4;1
28;2025-12-23;5;81
28;2025-12-23;6;257
28;2025-12-23;7;732
28;2025-12-23;8;1087
28;2025-12-23;9;807
28;2025-12-23;10;573
28;2025-12-23;11;535
28;2025-12-23;12;632
28;2025-12-23;13;670
28;2025-12-23;14;621
28;2025-12-23;15;655
28;2025-12-23;16;796
28;2025-12-23;17;904
28;2025-12-23;18;893
28;2025-12-23;19;684
28;2025-12-23;20;491
28;2025-12-23;21;308
28;2025-12-23;22;138
28;2025-12-23;23;13
28;2025-12-24;0;0
28;2025-12-24;1;0
28;2025-12-24;2;0
28;2025-12-24;3;0
28;2025-12-24;4;1
28;2025-12-24;5;82
28;2025-12-24;6;257
28;2025-12-24;7;728
28;2025-12-24;8;1085
28;2025-12-24;9;804
28;2025-12-24;10;572
28;2025-12-24;11;534
28;2025-12-24;12;629
28;2025-12-24;13;667
28;2025-12-24;14;618
28;2025-12-24;15;652
28;2025-12-24;16;793
28;2025-12-24;17;901
28;2025-12-24;18;890
28;2025-12-24;19;682
28;2025-12-24;20;490
28;2025-12-24;21;309
28;2025-12-24;22;139
28;2025-12-24;23;12
28;2025-12-25;0;0
28;2025-12-25;1;0
28;2025-12-25;2;0
28;2025-12-25;3;0
28;2025-12-25;4;3
28;2025-12-25;5;85
28;2025-12-25;6;260
28;2025-12-25;7;736
28;2025-12-25;8;1088
28;2025-12-25;9;812
28;2025-12-25;10;579
28;2025-12-25;11;538
28;2025-12-25;12;635
28;2025-12-25;13;672
28;2025-12-25;14;623
28;2025-12-25;15;656
28;2025-12-25;16;796
28;2025-12-25;17;906
28;2025-12-25;18;895
28;2025-12-25;19;686
28;2025-12-25;20;496
28;2025-12-25;21;314
28;2025-12-25;22;144
28;2025-12-25;23;12
28;2025-12-26;0;0
28;2025-12-26;1;0
28;2025-12-26;2;0
28;2025-12-26;3;0
28;2025-12-26;4;2
28;2025-12-26;5;76
28;2025-12-26;6;250
28;2025-12-26;7;708
28;2025-12-26;8;1071
28;2025-12-26;9;781
28;2025-12-26;10;555
28;2025-12-26;11;518
28;2025-12-26;12;612
28;2025-12-26;13;652
28;2025-12-26;14;603
28;2025-12-26;15;629
28;2025-12-26;16;776
28;2025-12-26;17;881
28;2025-12-26;18;863
28;2025-12-26;19;660
28;2025-12-26;20;463
28;2025-12-26;21;308
28;2025-12-26;22;141
28;2025-12-26;23;13
28;2025-12-27;0;0
28;2025-12-27;1;0
28;2025-12-27;2;0
28;2025-12-27;3;0
28;2025-12-27;4;1
28;2025-12-27;5;40
28;2025-12-27;6;103
28;2025-12-27;7;197
28;2025-12-27;8;336
28;2025-12-27;9;416
28;2025-12-27;10;436
28;2025-12-27;11;435
28;2025-12-27;12;522
28;2025-12-27;13;556
28;2025-12-27;14;556
28;2025-12-27;15;558
28;2025-12-27;16;508
28;2025-12-27;17;514
28;2025-12-27;18;465
28;2025-12-27;19;402
28;2025-12-27;20;321
28;2025-12-27;21;278
28;2025-12-27;22;135
28;2025-12-27;23;14
28;2025-12-28;0;0
28;2025-12-28;1;0
28;2025-12-28;2;0
28;2025-12-28;3;0
28;2025-12-28;4;0
28;2025-12-28;5;31
28;2025-12-28;6;78
28;2025-12-28;7;147
28;2025-12-28;8;240
28;2025-12-28;9;313
28;2025-12-28;10;357
28;2025-12-28;11;369
28;2025-12-28;12;443
28;2025-12-28;13;481
28;2025-12-28;14;476
28;2025-12-28;15;469
28;2025-12-28;16;435
28;2025-12-28;17;431
28;2025-12-28;18;390
28;2025-12-28;19;332
28;2025-12-28;20;293
28;2025-12-28;21;234
28;2025-12-28;22;106
28;2025-12-28;23;13
28;2025-12-29;0;0
28;2025-12-29;1;0
28;2025-12-29;2;0
28;2025-12-29;3;0
28;2025-12-29;4;2
28;2025-12-29;5;72
28;2025-12-29;6;242
28;2025-12-29;7;711
28;2025-12-29;8;1076
28;2025-12-29;9;787
28;2025-12-29;10;554
28;2025-12-29;11;516
28;2025-12-29;12;612
28;2025-12-29;13;652
28;2025-12-29;14;603
28;2025-12-29;15;635
28;2025-12-29;16;782
28;2025-12-29;17;888
28;2025-12-29;18;871
28;2025-12-29;19;660
28;2025-12-29;20;461
28;2025-12-29;21;290
28;2025-12-29;22;123
28;2025-12-29;23;12
28;2025-12-30;0;0
28;2025-12-30;1;0
28;2025-12-30;2;0
28;2025-12-30;3;0
28;2025-12-30;4;1
28;2025-12-30;5;81
28;2025-12-30;6;257
28;2025-12-30;7;732
28;2025-12-30;8;1087
28;2025-12-30;9;807
28;2025-12-30;10;573
28;2025-12-30;11;535
28;2025-12-30;12;632
28;2025-12-30;13;670
28;2025-12-30;14;621
28;2025-12-30;15;655
28;2025-12-30;16;796
28;2025-12-30;17;904
28;2025-12-30;18;893
28;2025-12-30;19;684
28;2025-12-30;20;491
28;2025-12-30;21;308
28;2025-12-30;22;138
28;2025-12-30;23;13
28;2025-12-31;0;0
28;2025-12-31;1;0
28;2025-12-31;2;0
28;2025-12-31;3;0
28;2025-12-31;4;0
28;2025-12-31;5;32
28;2025-12-31;6;141
28;2025-12-31;7;239
28;2025-12-31;8;326
28;2025-12-31;9;281
28;2025-12-31;10;282
28;2025-12-31;11;292
28;2025-12-31;12;403
28;2025-12-31;13;429
28;2025-12-31;14;438
28;2025-12-31;15;398
28;2025-12-31;16;397
28;2025-12-31;17;394
28;2025-12-31;18;356
28;2025-12-31;19;311
28;2025-12-31;20;379
28;2025-12-31;21;231
28;2025-12-31;22;108
28;2025-12-31;23;13
50;2025-11-01;0;76
50;2025-11-01;1;38
50;2025-11-01;2;0
50;2025-11-01;3;0
50;2025-11-01;4;41
50;2025-11-01;5;40
50;2025-11-01;6;202
50;2025-11-01;7;442
50;2025-11-01;8;2490
50;2025-11-01;9;1902
50;2025-11-01;10;1576
50;2025-11-01;11;1497
50;2025-11-01;12;1496
50;2025-11-01;13;1452
50;2025-11-01;14;1444
50;2025-11-01;15;1441
50;2025-11-01;16;1644
50;2025-11-01;17;2019
50;2025-11-01;18;2114
50;2025-11-01;19;1381
50;2025-11-01;20;926
50;2025-11-01;21;489
50;2025-11-01;22;275
50;2025-11-01;23;186
50;2025-11-02;0;50
50;2025-11-02;1;5
50;2025-11-02;2;0
50;2025-11-02;3;0
50;2025-11-02;4;0
50;2025-11-02;5;26
50;2025-11-02;6;134
50;2025-11-02;7;272
50;2025-11-02;8;379
50;2025-11-02;9;462
50;2025-11-02;10;519
50;2025-11-02;11;645
50;2025-11-02;12;675
50;2025-11-02;13;729
50;2025-11-02;14;752
50;2025-11-02;15;721
50;2025-11-02;16;677
50;2025-11-02;17;666
50;2025-11-02;18;617
50;2025-11-02;19;548
50;2025-11-02;20;420
50;2025-11-02;21;370
50;2025-11-02;22;211
50;2025-11-02;23;121
50;2025-11-03;0;29
50;2025-11-03;1;3
50;2025-11-03;2;0
50;2025-11-03;3;0
50;2025-11-03;4;0
50;2025-11-03;5;41
50;2025-11-03;6;205
50;2025-11-03;7;415
50;2025-11-03;8;443
50;2025-11-03;9;529
50;2025-11-03;10;469
50;2025-11-03;11;630
50;2025-11-03;12;629
50;2025-11-03;13;675
50;2025-11-03;14;692
50;2025-11-03;15;691
50;2025-11-03;16;648
50;2025-11-03;17;691
50;2025-11-03;18;712
50;2025-11-03;19;562
50;2025-11-03;20;407
50;2025-11-03;21;340
50;2025-11-03;22;223
50;2025-11-03;23;125
50;2025-11-04;0;28
50;2025-11-04;1;2
50;2025-11-04;2;0
50;2025-11-04;3;0
50;2025-11-04;4;0
50;2025-11-04;5;30
50;2025-11-04;6;168
50;2025-11-04;7;321
50;2025-11-04;8;400
50;2025-11-04;9;413
50;2025-11-04;10;399
50;2025-11-04;11;532
50;2025-11-04;12;590
50;2025-11-04;13;604
50;2025-11-04;14;614
50;2025-11-04;15;659
50;2025-11-04;16;599
50;2025-11-04;17;625
50;2025-11-04;18;715
50;2025-11-04;19;521
50;2025-11-04;20;361
50;2025-11-04;21;299
50;2025-11-04;22;207
50;2025-11-04;23;104
50;2025-11-05;0;36
50;2025-11-05;1;3
50;2025-11-05;2;0
50;2025-11-05;3;0
50;2025-11-05;4;2
50;2025-11-05;5;69
50;2025-11-05;6;547
50;2025-11-05;7;1726
50;2025-11-05;8;2643
50;2025-11-05;9;2057
50;2025-11-05;10;1560
50;2025-11-05;11;1472
50;2025-11-05;12;1403
50;2025-11-05;13;1401
50;2025-11-05;14;1351
50;2025-11-05;15;1489
50;2025-11-05;16;1656
50;2025-11-05;17;2170
50;2025-11-05;18;2286
50;2025-11-05;19;1406
50;2025-11-05;20;890
50;2025-11-05;21;609
50;2025-11-05;22;290
50;2025-11-05;23;152
50;2025-11-06;0;40
50;2025-11-06;1;3
50;2025-11-06;2;0
50;2025-11-06;3;0
50;2025-11-06;4;2
50;2025-11-06;5;69
50;2025-11-06;6;550
50;2025-11-06;7;1729
50;2025-11-06;8;2646
50;2025-11-06;9;2061
50;2025-11-06;10;1564
50;2025-11-06;11;1478
50;2025-11-06;12;1408
50;2025-11-06;13;1407
50;2025-11-06;14;1360
50;2025-11-06;15;1493
50;2025-11-06;16;1659
50;2025-11-06;17;2174
50;2025-11-06;18;2287
50;2025-11-06;19;1409
50;2025-11-06;20;896
50;2025-11-06;21;613
50;2025-11-06;22;294
50;2025-11-06;23;158
50;2025-11-07;0;39
50;2025-11-07;1;3
50;2025-11-07;2;0
50;2025-11-07;3;0
50;2025-11-07;4;4
50;2025-11-07;5;69
50;2025-11-07;6;545
50;2025-11-07;7;1712
50;2025-11-07;8;2616
50;2025-11-07;9;2035
50;2025-11-07;10;1536
50;2025-11-07;11;1455
50;2025-11-07;12;1388
50;2025-11-07;13;1390
50;2025-11-07;14;1342
50;2025-11-07;15;1478
50;2025-11-07;16;1640
50;2025-11-07;17;2133
50;2025-11-07;18;2087
50;2025-11-07;19;1366
50;2025-11-07;20;863
50;2025-11-07;21;604
50;2025-11-07;22;303
50;2025-11-07;23;155
50;2025-11-08;0;61
50;2025-11-08;1;4
50;2025-11-08;2;0
50;2025-11-08;3;0
50;2025-11-08;4;2
50;2025-11-08;5;31
50;2025-11-08;6;165
50;2025-11-08;7;374
50;2025-11-08;8;564
50;2025-11-08;9;596
50;2025-11-08;10;609
50;2025-11-08;11;738
50;2025-11-08;12;746
50;2025-11-08;13;791
50;2025-11-08;14;813
50;2025-11-08;15;789
50;2025-11-08;16;761
50;2025-11-08;17;822
50;2025-11-08;18;746
50;2025-11-08;19;654
50;2025-11-08;20;517
50;2025-11-08;21;409
50;2025-11-08;22;249
50;2025-11-08;23;144
50;2025-11-09;0;50
50;2025-11-09;1;5
50;2025-11-09;2;0
50;2025-11-09;3;0
50;2025-11-09;4;0
50;2025-11-09;5;26
50;2025-11-09;6;134
50;2025-11-09;7;272
50;2025-11-09;8;379
50;2025-11-09;9;462
50;2025-11-09;10;519
50;2025-11-09;11;645
50;2025-11-09;12;675
50;2025-11-09;13;729
50;2025-11-09;14;752
50;2025-11-09;15;721
50;2025-11-09;16;677
50;2025-11-09;17;666
50;2025-11-09;18;617
50;2025-11-09;19;548
50;2025-11-09;20;420
50;2025-11-09;21;370
50;2025-11-09;22;211
50;2025-11-09;23;121
50;2025-11-10;0;33
50;2025-11-10;1;4
50;2025-11-10;2;0
50;2025-11-10;3;0
50;2025-11-10;4;2
50;2025-11-10;5;71
50;2025-11-10;6;534
50;2025-11-10;7;1717
50;2025-11-10;8;2629
50;2025-11-10;9;2033
50;2025-11-10;10;1541
50;2025-11-10;11;1449
50;2025-11-10;12;1375
50;2025-11-10;13;1387
50;2025-11-10;14;1331
50;2025-11-10;15;1473
50;2025-11-10;16;1624
50;2025-11-10;17;2141
50;2025-11-10;18;2234
50;2025-11-10;19;1375
50;2025-11-10;20;867
50;2025-11-10;21;591
50;2025-11-10;22;264
50;2025-11-10;23;143
50;2025-11-11;0;35
50;2025-11-11;1;3
50;2025-11-11;2;0
50;2025-11-11;3;0
50;2025-11-11;4;2
50;2025-11-11;5;69
50;2025-11-11;6;549
50;2025-11-11;7;1728
50;2025-11-11;8;2646
50;2025-11-11;9;2059
50;2025-11-11;10;1561
50;2025-11-11;11;1475
50;2025-11-11;12;1407
50;2025-11-11;13;1404
50;2025-11-11;14;1358
50;2025-11-11;15;1492
50;2025-11-11;16;1658
50;2025-11-11;17;2173
50;2025-11-11;18;2286
50;2025-11-11;19;1408
50;2025-11-11;20;893
50;2025-11-11;21;608
50;2025-11-11;22;281
50;2025-11-11;23;151
50;2025-11-12;0;36
50;2025-11-12;1;3
50;2025-11-12;2;0
50;2025-11-12;3;0
50;2025-11-12;4;2
50;2025-11-12;5;69
50;2025-11-12;6;547
50;2025-11-12;7;1726
50;2025-11-12;8;2643
50;2025-11-12;9;2057
50;2025-11-12;10;1560
50;2025-11-12;11;1472
50;2025-11-12;12;1403
50;2025-11-12;13;1401
50;2025-11-12;14;1351
50;2025-11-12;15;1489
50;2025-11-12;16;1656
50;2025-11-12;17;2170
50;2025-11-12;18;2286
50;2025-11-12;19;1406
50;2025-11-12;20;890
50;2025-11-12;21;609
50;2025-11-12;22;290
50;2025-11-12;23;152
50;2025-11-13;0;40
50;2025-11-13;1;3
50;2025-11-13;2;0
50;2025-11-13;3;0
50;2025-11-13;4;2
50;2025-11-13;5;69
50;2025-11-13;6;550
50;2025-11-13;7;1729
50;2025-11-13;8;2646
50;2025-11-13;9;2061
50;2025-11-13;10;1564
50;2025-11-13;11;1478
50;2025-11-13;12;1408
50;2025-11-13;13;1407
50;2025-11-13;14;1360
50;2025-11-13;15;1493
50;2025-11-13;16;1659
50;2025-11-13;17;2174
50;2025-11-13;18;2287
50;2025-11-13;19;1409
50;2025-11-13;20;896
50;2025-11-13;21;613
50;2025-11-13;22;294
50;2025-11-13;23;158
50;2025-11-14;0;39
50;2025-11-14;1;3
50;2025-11-14;2;0
50;2025-11-14;3;0
50;2025-11-14;4;4
50;2025-11-14;5;69
50;2025-11-14;6;545
50;2025-11-14;7;1712
50;2025-11-14;8;2616
50;2025-11-14;9;2035
50;2025-11-14;10;1536
50;2025-11-14;11;1455
50;2025-11-14;12;1388
50;2025-11-14;13;1390
50;2025-11-14;14;1342
50;2025-11-14;15;1478
50;2025-11-14;16;1640
50;2025-11-14;17;2133
50;2025-11-14;18;2087
50;2025-11-14;19;1366
50;2025-11-14;20;863
50;2025-11-14;21;604
50;2025-11-14;22;303
50;2025-11-14;23;155
50;2025-11-15;0;61
50;2025-11-15;1;4
50;2025-11-15;2;0
50;2025-11-15;3;0
50;2025-11-15;4;2
50;2025-11-15;5;31
50;2025-11-15;6;165
50;2025-11-15;7;374
50;2025-11-15;8;564
50;2025-11-15;9;596
50;2025-11-15;10;609
50;2025-11-15;11;738
50;2025-11-15;12;746
50;2025-11-15;13;791
50;2025-11-15;14;813
50;2025-11-15;15;789
50;2025-11-15;16;761
50;2025-11-15;17;822
50;2025-11-15;18;746
50;2025-11-15;19;654
50;2025-11-15;20;517
50;2025-11-15;21;409
50;2025-11-15;22;249
50;2025-11-15;23;144
50;2025-11-16;0;50
50;2025-11-16;1;5
50;2025-11-16;2;0
50;2025-11-16;3;0
50;2025-11-16;4;0
50;2025-11-16;5;26
50;2025-11-16;6;134
50;2025-11-16;7;272
50;2025-11-16;8;379
50;2025-11-16;9;462
50;2025-11-16;10;519
50;2025-11-16;11;645
50;2025-11-16;12;675
50;2025-11-16;13;729
50;2025-11-16;14;752
50;2025-11-16;15;721
50;2025-11-16;16;677
50;2025-11-16;17;666
50;2025-11-16;18;617
50;2025-11-16;19;548
50;2025-11-16;20;420
50;2025-11-16;21;370
50;2025-11-16;22;211
50;2025-11-16;23;121
50;2025-11-17;0;33
50;2025-11-17;1;4
50;2025-11-17;2;0
50;2025-11-17;3;0
50;2025-11-17;4;2
50;2025-11-17;5;71
50;2025-11-17;6;534
50;2025-11-17;7;1717
50;2025-11-17;8;2629
50;2025-11-17;9;2033
50;2025-11-17;10;1541
50;2025-11-17;11;1449
50;2025-11-17;12;1375
50;2025-11-17;13;1387
50;2025-11-17;14;1331
50;2025-11-17;15;1473
50;2025-11-17;16;1624
50;2025-11-17;17;2141
50;2025-11-17;18;2234
50;2025-11-17;19;1375
50;2025-11-17;20;867
50;2025-11-17;21;591
50;2025-11-17;22;264
50;2025-11-17;23;143
50;2025-11-18;0;35
50;2025-11-18;1;3
50;2025-11-18;2;0
50;2025-11-18;3;0
50;2025-11-18;4;2
50;2025-11-18;5;69
50;2025-11-18;6;549
50;2025-11-18;7;1728
50;2025-11-18;8;2646
50;2025-11-18;9;2059
50;2025-11-18;10;1561
50;2025-11-18;11;1475
50;2025-11-18;12;1407
50;2025-11-18;13;1404
50;2025-11-18;14;1358
50;2025-11-18;15;1492
50;2025-11-18;16;1658
50;2025-11-18;17;2173
50;2025-11-18;18;2286
50;2025-11-18;19;1408
50;2025-11-18;20;893
50;2025-11-18;21;608
50;2025-11-18;22;281
50;2025-11-18;23;151
50;2025-11-19;0;36
50;2025-11-19;1;3
50;2025-11-19;2;0
50;2025-11-19;3;0
50;2025-11-19;4;2
50;2025-11-19;5;69
50;2025-11-19;6;547
50;2025-11-19;7;1726
50;2025-11-19;8;2643
50;2025-11-19;9;2057
50;2025-11-19;10;1560
50;2025-11-19;11;1472
50;2025-11-19;12;1403
50;2025-11-19;13;1401
50;2025-11-19;14;1351
50;2025-11-19;15;1489
50;2025-11-19;16;1656
50;2025-11-19;17;2170
50;2025-11-19;18;2286
50;2025-11-19;19;1406
50;2025-11-19;20;890
50;2025-11-19;21;609
50;2025-11-19;22;290
50;2025-11-19;23;152
50;2025-11-20;0;40
50;2025-11-20;1;3
50;2025-11-20;2;0
50;2025-11-20;3;0
50;2025-11-20;4;2
50;2025-11-20;5;69
50;2025-11-20;6;550
50;2025-11-20;7;1729
50;2025-11-20;8;2646
50;2025-11-20;9;2061
50;2025-11-20;10;1564
50;2025-11-20;11;1478
50;2025-11-20;12;1408
50;2025-11-20;13;1407
50;2025-11-20;14;1360
50;2025-11-20;15;1493
50;2025-11-20;16;1659
50;2025-11-20;17;2174
50;2025-11-20;18;2287
50;2025-11-20;19;1409
50;2025-11-20;20;896
50;2025-11-20;21;613
50;2025-11-20;22;294
50;2025-11-20;23;158
50;2025-11-21;0;39
50;2025-11-21;1;3
50;2025-11-21;2;0
50;2025-11-21;3;0
50;2025-11-21;4;4
50;2025-11-21;5;69
50;2025-11-21;6;545
50;2025-11-21;7;1712
50;2025-11-21;8;2616
50;2025-11-21;9;2035
50;2025-11-21;10;1536
50;2025-11-21;11;1455
50;2025-11-21;12;1388
50;2025-11-21;13;1390
50;2025-11-21;14;1342
50;2025-11-21;15;1478
50;2025-11-21;16;1640
50;2025-11-21;17;2133
50;2025-11-21;18;2087
50;2025-11-21;19;1366
50;2025-11-21;20;863
50;2025-11-21;21;604
50;2025-11-21;22;303
50;2025-11-21;23;155
50;2025-11-22;0;61
50;2025-11-22;1;4
50;2025-11-22;2;0
50;2025-11-22;3;0
50;2025-11-22;4;2
50;2025-11-22;5;31
50;2025-11-22;6;165
50;2025-11-22;7;374
50;2025-11-22;8;564
50;2025-11-22;9;596
50;2025-11-22;10;609
50;2025-11-22;11;738
50;2025-11-22;12;746
50;2025-11-22;13;791
50;2025-11-22;14;813
50;2025-11-22;15;789
50;2025-11-22;16;761
50;2025-11-22;17;822
50;2025-11-22;18;746
50;2025-11-22;19;654
50;2025-11-22;20;517
50;2025-11-22;21;409
50;2025-11-22;22;249
50;2025-11-22;23;144
50;2025-11-23;0;50
50;2025-11-23;1;5
50;2025-11-23;2;0
50;2025-11-23;3;0
50;2025-11-23;4;0
50;2025-11-23;5;26
50;2025-11-23;6;134
50;2025-11-23;7;272
50;2025-11-23;8;379
50;2025-11-23;9;462
50;2025-11-23;10;519
50;2025-11-23;11;645
50;2025-11-23;12;675
50;2025-11-23;13;729
50;2025-11-23;14;752
50;2025-11-23;15;721
50;2025-11-23;16;677
50;2025-11-23;17;666
50;2025-11-23;18;617
50;2025-11-23;19;548
50;2025-11-23;20;420
50;2025-11-23;21;370
50;2025-11-23;22;211
50;2025-11-23;23;121
50;2025-11-24;0;33
50;2025-11-24;1;4
50;2025-11-24;2;0
50;2025-11-24;3;0
50;2025-11-24;4;2
50;2025-11-24;5;71
50;2025-11-24;6;534
50;2025-11-24;7;1717
50;2025-11-24;8;2629
50;2025-11-24;9;2033
50;2025-11-24;10;1541
50;2025-11-24;11;1449
50;2025-11-24;12;1375
50;2025-11-24;13;1387
50;2025-11-24;14;1331
50;2025-11-24;15;1473
50;2025-11-24;16;1624
50;2025-11-24;17;2141
50;2025-11-24;18;2234
50;2025-11-24;19;1375
50;2025-11-24;20;867
50;2025-11-24;21;591
50;2025-11-24;22;264
50;2025-11-24;23;143
50;2025-11-25;0;35
50;2025-11-25;1;3
50;2025-11-25;2;0
50;2025-11-25;3;0
50;2025-11-25;4;2
50;2025-11-25;5;69
50;2025-11-25;6;549
50;2025-11-25;7;1728
50;2025-11-25;8;2646
50;2025-11-25;9;2059
50;2025-11-25;10;1561
50;2025-11-25;11;1475
50;2025-11-25;12;1407
50;2025-11-25;13;1404
50;2025-11-25;14;1358
50;2025-11-25;15;1492
50;2025-11-25;16;1658
50;2025-11-25;17;2173
50;2025-11-25;18;2286
50;2025-11-25;19;1408
50;2025-11-25;20;893
50;2025-11-25;21;608
50;2025-11-25;22;281
50;2025-11-25;23;151
50;2025-11-26;0;36
50;2025-11-26;1;3
50;2025-11-26;2;0
50;2025-11-26;3;0
50;2025-11-26;4;2
50;2025-11-26;5;69
50;2025-11-26;6;547
50;2025-11-26;7;1726
50;2025-11-26;8;2643
50;2025-11-26;9;2057
50;2025-11-26;10;1560
50;2025-11-26;11;1472
50;2025-11-26;12;1403
50;2025-11-26;13;1401
50;2025-11-26;14;1351
50;2025-11-26;15;1489
50;2025-11-26;16;1656
50;2025-11-26;17;2170
50;2025-11-26;18;2286
50;2025-11-26;19;1406
50;2025-11-26;20;890
50;2025-11-26;21;609
50;2025-11-26;22;290
50;2025-11-26;23;152
50;2025-11-27;0;40
50;2025-11-27;1;3
50;2025-11-27;2;0
50;2025-11-27;3;0
50;2025-11-27;4;2
50;2025-11-27;5;69
50;2025-11-27;6;550
50;2025-11-27;7;1729
50;2025-11-27;8;2646
50;2025-11-27;9;2061
50;2025-11-27;10;1564
50;2025-11-27;11;1478
50;2025-11-27;12;1408
50;2025-11-27;13;1407
50;2025-11-27;14;1360
50;2025-11-27;15;1493
50;2025-11-27;16;1659
50;2025-11-27;17;2174
50;2025-11-27;18;2287
50;2025-11-27;19;1409
50;2025-11-27;20;896
50;2025-11-27;21;613
50;2025-11-27;22;294
50;2025-11-27;23;158
50;2025-11-28;0;39
50;2025-11-28;1;3
50;2025-11-28;2;0
50;2025-11-28;3;0
50;2025-11-28;4;4
50;2025-11-28;5;69
50;2025-11-28;6;545
50;2025-11-28;7;1712
50;2025-11-28;8;2616
50;2025-11-28;9;2035
50;2025-11-28;10;1536
50;2025-11-28;11;1455
50;2025-11-28;12;1388
50;2025-11-28;13;1390
50;2025-11-28;14;1342
50;2025-11-28;15;1478
50;2025-11-28;16;1640
50;2025-11-28;17;2133
50;2025-11-28;18;2087
50;2025-11-28;19;1366
50;2025-11-28;20;863
50;2025-11-28;21;604
50;2025-11-28;22;303
50;2025-11-28;23;155
50;2025-11-29;0;61
50;2025-11-29;1;4
50;2025-11-29;2;0
50;2025-11-29;3;0
50;2025-11-29;4;2
50;2025-11-29;5;31
50;2025-11-29;6;165
50;2025-11-29;7;374
50;2025-11-29;8;564
50;2025-11-29;9;596
50;2025-11-29;10;609
50;2025-11-29;11;738
50;2025-11-29;12;746
50;2025-11-29;13;791
50;2025-11-29;14;813
50;2025-11-29;15;789
50;2025-11-29;16;761
50;2025-11-29;17;822
50;2025-11-29;18;746
50;2025-11-29;19;654
50;2025-11-29;20;517
50;2025-11-29;21;409
50;2025-11-29;22;249
50;2025-11-29;23;144
50;2025-11-30;0;50
50;2025-11-30;1;5
50;2025-11-30;2;0
50;2025-11-30;3;0
50;2025-11-30;4;0
50;2025-11-30;5;26
50;2025-11-30;6;134
50;2025-11-30;7;272
50;2025-11-30;8;379
50;2025-11-30;9;462
50;2025-11-30;10;519
50;2025-11-30;11;645
50;2025-11-30;12;675
50;2025-11-30;13;729
50;2025-11-30;14;752
50;2025-11-30;15;721
50;2025-11-30;16;677
50;2025-11-30;17;666
50;2025-11-30;18;617
50;2025-11-30;19;548
50;2025-11-30;20;420
50;2025-11-30;21;370
50;2025-11-30;22;211
50;2025-11-30;23;121
50;2025-12-01;0;33
50;2025-12-01;1;4
50;2025-12-01;2;0
50;2025-12-01;3;0
50;2025-12-01;4;2
50;2025-12-01;5;71
50;2025-12-01;6;534
50;2025-12-01;7;1717
50;2025-12-01;8;2629
50;2025-12-01;9;2033
50;2025-12-01;10;1541
50;2025-12-01;11;1449
50;2025-12-01;12;1375
50;2025-12-01;13;1387
50;2025-12-01;14;1331
50;2025-12-01;15;1473
50;2025-12-01;16;1624
50;2025-12-01;17;2141
50;2025-12-01;18;2234
50;2025-12-01;19;1375
50;2025-12-01;20;867
50;2025-12-01;21;591
50;2025-12-01;22;264
50;2025-12-01;23;143
50;2025-12-02;0;35
50;2025-12-02;1;3
50;2025-12-02;2;0
50;2025-12-02;3;0
50;2025-12-02;4;2
50;2025-12-02;5;69
50;2025-12-02;6;549
50;2025-12-02;7;1728
50;2025-12-02;8;2646
50;2025-12-02;9;2059
50;2025-12-02;10;1561
50;2025-12-02;11;1475
50;2025-12-02;12;1407
50;2025-12-02;13;1404
50;2025-12-02;14;1358
50;2025-12-02;15;1492
50;2025-12-02;16;1658
50;2025-12-02;17;2173
50;2025-12-02;18;2286
50;2025-12-02;19;1408
50;2025-12-02;20;893
50;2025-12-02;21;608
50;2025-12-02;22;281
50;2025-12-02;23;151
50;2025-12-03;0;36
50;2025-12-03;1;3
50;2025-12-03;2;0
50;2025-12-03;3;0
50;2025-12-03;4;2
50;2025-12-03;5;69
50;2025-12-03;6;547
50;2025-12-03;7;1726
50;2025-12-03;8;2643
50;2025-12-03;9;2057
50;2025-12-03;10;1560
50;2025-12-03;11;1472
50;2025-12-03;12;1403
50;2025-12-03;13;1401
50;2025-12-03;14;1351
50;2025-12-03;15;1489
50;2025-12-03;16;1656
50;2025-12-03;17;2170
50;2025-12-03;18;2286
50;2025-12-03;19;1406
50;2025-12-03;20;890
50;2025-12-03;21;609
50;2025-12-03;22;290
50;2025-12-03;23;152
50;2025-12-04;0;40
50;2025-12-04;1;3
50;2025-12-04;2;0
50;2025-12-04;3;0
50;2025-12-04;4;2
50;2025-12-04;5;69
50;2025-12-04;6;550
50;2025-12-04;7;1729
50;2025-12-04;8;2646
50;2025-12-04;9;2061
50;2025-12-04;10;1564
50;2025-12-04;11;1478
50;2025-12-04;12;1408
50;2025-12-04;13;1407
50;2025-12-04;14;1360
50;2025-12-04;15;1493
50;2025-12-04;16;1659
50;2025-12-04;17;2174
50;2025-12-04;18;2287
50;2025-12-04;19;1409
50;2025-12-04;20;896
50;2025-12-04;21;613
50;2025-12-04;22;294
50;2025-12-04;23;158
50;2025-12-05;0;39
50;2025-12-05;1;3
50;2025-12-05;2;0
50;2025-12-05;3;0
50;2025-12-05;4;4
50;2025-12-05;5;69
50;2025-12-05;6;545
50;2025-12-05;7;1712
50;2025-12-05;8;2616
50;2025-12-05;9;2035
50;2025-12-05;10;1536
50;2025-12-05;11;1455
50;2025-12-05;12;1388
50;2025-12-05;13;1390
50;2025-12-05;14;1342
50;2025-12-05;15;1478
50;2025-12-05;16;1640
50;2025-12-05;17;2133
50;2025-12-05;18;2087
50;2025-12-05;19;1366
50;2025-12-05;20;863
50;2025-12-05;21;604
50;2025-12-05;22;303
50;2025-12-05;23;155
50;2025-12-06;0;61
50;2025-12-06;1;4
50;2025-12-06;2;0
50;2025-12-06;3;0
50;2025-12-06;4;2
50;2025-12-06;5;31
50;2025-12-06;6;165
50;2025-12-06;7;374
50;2025-12-06;8;564
50;2025-12-06;9;596
50;2025-12-06;10;609
50;2025-12-06;11;738
50;2025-12-06;12;746
50;2025-12-06;13;791
50;2025-12-06;14;813
50;2025-12-06;15;789
50;2025-12-06;16;761
50;2025-12-06;17;822
50;2025-12-06;18;746
50;2025-12-06;19;654
50;2025-12-06;20;517
50;2025-12-06;21;409
50;2025-12-06;22;249
50;2025-12-06;23;144
50;2025-12-07;0;50
50;2025-12-07;1;5
50;2025-12-07;2;0
50;2025-12-07;3;0
50;2025-12-07;4;0
50;2025-12-07;5;26
50;2025-12-07;6;134
50;2025-12-07;7;272
50;2025-12-07;8;379
50;2025-12-07;9;462
50;2025-12-07;10;519
50;2025-12-07;11;645
50;2025-12-07;12;675
50;2025-12-07;13;729
50;2025-12-07;14;752
50;2025-12-07;15;721
50;2025-12-07;16;677
50;2025-12-07;17;666
50;2025-12-07;18;617
50;2025-12-07;19;548
50;2025-12-07;20;420
50;2025-12-07;21;370
50;2025-12-07;22;211
50;2025-12-07;23;121
50;2025-12-08;0;33
50;2025-12-08;1;4
50;2025-12-08;2;0
50;2025-12-08;3;0
50;2025-12-08;4;2
50;2025-12-08;5;71
50;2025-12-08;6;534
50;2025-12-08;7;1717
50;2025-12-08;8;2629
50;2025-12-08;9;2033
50;2025-12-08;10;1541
50;2025-12-08;11;1449
50;2025-12-08;12;1375
50;2025-12-08;13;1387
50;2025-12-08;14;1331
50;2025-12-08;15;1473
50;2025-12-08;16;1624
50;2025-12-08;17;2141
50;2025-12-08;18;2234
50;2025-12-08;19;1375
50;2025-12-08;20;867
50;2025-12-08;21;591
50;2025-12-08;22;264
50;2025-12-08;23;143
50;2025-12-09;0;35
50;2025-12-09;1;3
50;2025-12-09;2;0
50;2025-12-09;3;0
50;2025-12-09;4;2
50;2025-12-09;5;69
50;2025-12-09;6;549
50;2025-12-09;7;1728
50;2025-12-09;8;2646
50;2025-12-09;9;2059
50;2025-12-09;10;1561
50;2025-12-09;11;1475
50;2025-12-09;12;1407
50;2025-12-09;13;1404
50;2025-12-09;14;1358
50;2025-12-09;15;1492
50;2025-12-09;16;1658
50;2025-12-09;17;2173
50;2025-12-09;18;2286
50;2025-12-09;19;1408
50;2025-12-09;20;893
50;2025-12-09;21;608
50;2025-12-09;22;281
50;2025-12-09;23;151
50;2025-12-10;0;36
50;2025-12-10;1;3
50;2025-12-10;2;0
50;2025-12-10;3;0
50;2025-12-10;4;2
50;2025-12-10;5;69
50;2025-12-10;6;547
50;2025-12-10;7;1726
50;2025-12-10;8;2643
50;2025-12-10;9;2057
50;2025-12-10;10;1560
50;2025-12-10;11;1472
50;2025-12-10;12;1403
50;2025-12-10;13;1401
50;2025-12-10;14;1351
50;2025-12-10;15;1489
50;2025-12-10;16;1656
50;2025-12-10;17;2170
50;2025-12-10;18;2286
50;2025-12-10;19;1406
50;2025-12-10;20;890
50;2025-12-10;21;609
50;2025-12-10;22;290
50;2025-12-10;23;152
50;2025-12-11;0;40
50;2025-12-11;1;3
50;2025-12-11;2;0
50;2025-12-11;3;0
50;2025-12-11;4;2
50;2025-12-11;5;69
50;2025-12-11;6;550
50;2025-12-11;7;1729
50;2025-12-11;8;2646
50;2025-12-11;9;2061
50;2025-12-11;10;1564
50;2025-12-11;11;1478
50;2025-12-11;12;1408
50;2025-12-11;13;1407
50;2025-12-11;14;1360
50;2025-12-11;15;1493
50;2025-12-11;16;1659
50;2025-12-11;17;2174
50;2025-12-11;18;2287
50;2025-12-11;19;1409
50;2025-12-11;20;896
50;2025-12-11;21;613
50;2025-12-11;22;294
50;2025-12-11;23;158
50;2025-12-12;0;39
50;2025-12-12;1;3
50;2025-12-12;2;0
50;2025-12-12;3;0
50;2025-12-12;4;4
50;2025-12-12;5;69
50;2025-12-12;6;545
50;2025-12-12;7;1712
50;2025-12-12;8;2616
50;2025-12-12;9;2035
50;2025-12-12;10;1536
50;2025-12-12;11;1455
50;2025-12-12;12;1388
50;2025-12-12;13;1390
50;2025-12-12;14;1342
50;2025-12-12;15;1478
50;2025-12-12;16;1640
50;2025-12-12;17;2133
50;2025-12-12;18;2087
50;2025-12-12;19;1366
50;2025-12-12;20;863
50;2025-12-12;21;604
50;2025-12-12;22;303
50;2025-12-12;23;155
50;2025-12-13;0;61
50;2025-12-13;1;4
50;2025-12-13;2;0
50;2025-12-13;3;0
50;2025-12-13;4;2
50;2025-12-13;5;31
50;2025-12-13;6;165
50;2025-12-13;7;374
50;2025-12-13;8;564
50;2025-12-13;9;596
50;2025-12-13;10;609
50;2025-12-13;11;738
50;2025-12-13;12;746
50;2025-12-13;13;791
50;2025-12-13;14;813
50;2025-12-13;15;789
50;2025-12-13;16;761
50;2025-12-13;17;822
50;2025-12-13;18;746
50;2025-12-13;19;654
50;2025-12-13;20;517
50;2025-12-13;21;409
50;2025-12-13;22;249
50;2025-12-13;23;144
50;2025-12-14;0;50
50;2025-12-14;1;5
50;2025-12-14;2;0
50;2025-12-14;3;0
50;2025-12-14;4;0
50;2025-12-14;5;26
50;2025-12-14;6;134
50;2025-12-14;7;272
50;2025-12-14;8;379
50;2025-12-14;9;462
50;2025-12-14;10;519
50;2025-12-14;11;645
50;2025-12-14;12;675
50;2025-12-14;13;729
50;2025-12-14;14;752
50;2025-12-14;15;721
50;2025-12-14;16;677
50;2025-12-14;17;666
50;2025-12-14;18;617
50;2025-12-14;19;548
50;2025-12-14;20;420
50;2025-12-14;21;370
50;2025-12-14;22;211
50;2025-12-14;23;121
50;2025-12-15;0;33
50;2025-12-15;1;4
50;2025-12-15;2;0
50;2025-12-15;3;0
50;2025-12-15;4;2
50;2025-12-15;5;71
50;2025-12-15;6;534
50;2025-12-15;7;1717
50;2025-12-15;8;2629
50;2025-12-15;9;2033
50;2025-12-15;10;1541
50;2025-12-15;11;1449
50;2025-12-15;12;1375
50;2025-12-15;13;1387
50;2025-12-15;14;1331
50;2025-12-15;15;1473
50;2025-12-15;16;1624
50;2025-12-15;17;2141
50;2025-12-15;18;2234
50;2025-12-15;19;1375
50;2025-12-15;20;867
50;2025-12-15;21;591
50;2025-12-15;22;264
50;2025-12-15;23;143
50;2025-12-16;0;35
50;2025-12-16;1;3
50;2025-12-16;2;0
50;2025-12-16;3;0
50;2025-12-16;4;2
50;2025-12-16;5;69
50;2025-12-16;6;549
50;2025-12-16;7;1728
50;2025-12-16;8;2646
50;2025-12-16;9;2059
50;2025-12-16;10;1561
50;2025-12-16;11;1475
50;2025-12-16;12;1407
50;2025-12-16;13;1404
50;2025-12-16;14;1358
50;2025-12-16;15;1492
50;2025-12-16;16;1658
50;2025-12-16;17;2173
50;2025-12-16;18;2286
50;2025-12-16;19;1408
50;2025-12-16;20;893
50;2025-12-16;21;608
50;2025-12-16;22;281
50;2025-12-16;23;151
50;2025-12-17;0;36
50;2025-12-17;1;3
50;2025-12-17;2;0
50;2025-12-17;3;0
50;2025-12-17;4;2
50;2025-12-17;5;69
50;2025-12-17;6;547
50;2025-12-17;7;1726
50;2025-12-17;8;2643
50;2025-12-17;9;2057
50;2025-12-17;10;1560
50;2025-12-17;11;1472
50;2025-12-17;12;1403
50;2025-12-17;13;1401
50;2025-12-17;14;1351
50;2025-12-17;15;1489
50;2025-12-17;16;1656
50;2025-12-17;17;2170
50;2025-12-17;18;2286
50;2025-12-17;19;1406
50;2025-12-17;20;890
50;2025-12-17;21;609
50;2025-12-17;22;290
50;2025-12-17;23;152
50;2025-12-18;0;40
50;2025-12-18;1;3
50;2025-12-18;2;0
50;2025-12-18;3;0
50;2025-12-18;4;2
50;2025-12-18;5;69
50;2025-12-18;6;550
50;2025-12-18;7;1729
50;2025-12-18;8;2646
50;2025-12-18;9;2061
50;2025-12-18;10;1564
50;2025-12-18;11;1478
50;2025-12-18;12;1408
50;2025-12-18;13;1407
50;2025-12-18;14;1360
50;2025-12-18;15;1493
50;2025-12-18;16;1659
50;2025-12-18;17;2174
50;2025-12-18;18;2287
50;2025-12-18;19;1409
50;2025-12-18;20;896
50;2025-12-18;21;613
50;2025-12-18;22;294
50;2025-12-18;23;158
50;2025-12-19;0;39
50;2025-12-19;1;3
50;2025-12-19;2;0
50;2025-12-19;3;0
50;2025-12-19;4;4
50;2025-12-19;5;69
50;2025-12-19;6;545
50;2025-12-19;7;1712
50;2025-12-19;8;2616
50;2025-12-19;9;2035
50;2025-12-19;10;1536
50;2025-12-19;11;1455
50;2025-12-19;12;1388
50;2025-12-19;13;1390
50;2025-12-19;14;1342
50;2025-12-19;15;1478
50;2025-12-19;16;1640
50;2025-12-19;17;2133
50;2025-12-19;18;2087
50;2025-12-19;19;1366
50;2025-12-19;20;863
50;2025-12-19;21;604
50;2025-12-19;22;303
50;2025-12-19;23;155
50;2025-12-20;0;61
50;2025-12-20;1;4
50;2025-12-20;2;0
50;2025-12-20;3;0
50;2025-12-20;4;2
50;2025-12-20;5;31
50;2025-12-20;6;165
50;2025-12-20;7;374
50;2025-12-20;8;564
50;2025-12-20;9;596
50;2025-12-20;10;609
50;2025-12-20;11;738
50;2025-12-20;12;746
50;2025-12-20;13;791
50;2025-12-20;14;813
50;2025-12-20;15;789
50;2025-12-20;16;761
50;2025-12-20;17;822
50;2025-12-20;18;746
50;2025-12-20;19;654
50;2025-12-20;20;517
50;2025-12-20;21;409
50;2025-12-20;22;249
50;2025-12-20;23;144
50;2025-12-21;0;50
50;2025-12-21;1;5
50;2025-12-21;2;0
50;2025-12-21;3;0
50;2025-12-21;4;0
50;2025-12-21;5;26
50;2025-12-21;6;134
50;2025-12-21;7;272
50;2025-12-21;8;379
50;2025-12-21;9;462
50;2025-12-21;10;519
50;2025-12-21;11;645
50;2025-12-21;12;675
50;2025-12-21;13;729
50;2025-12-21;14;752
50;2025-12-21;15;721
50;2025-12-21;16;677
50;2025-12-21;17;666
50;2025-12-21;18;617
50;2025-12-21;19;548
50;2025-12-21;20;420
50;2025-12-21;21;370
50;2025-12-21;22;211
50;2025-12-21;23;121
50;2025-12-22;0;33
50;2025-12-22;1;4
50;2025-12-22;2;0
50;2025-12-22;3;0
50;2025-12-22;4;2
50;2025-12-22;5;71
50;2025-12-22;6;534
50;2025-12-22;7;1717
50;2025-12-22;8;2629
50;2025-12-22;9;2033
50;2025-12-22;10;1541
50;2025-12-22;11;1449
50;2025-12-22;12;1375
50;2025-12-22;13;1387
50;2025-12-22;14;1331
50;2025-12-22;15;1473
50;2025-12-22;16;1624
50;2025-12-22;17;2141
50;2025-12-22;18;2234
50;2025-12-22;19;1375
50;2025-12-22;20;867
50;2025-12-22;21;591
50;2025-12-22;22;264
50;2025-12-22;23;143
50;2025-12-23;0;35
50;2025-12-23;1;3
50;2025-12-23;2;0
50;2025-12-23;3;0
50;2025-12-23;4;2
50;2025-12-23;5;69
50;2025-12-23;6;549
50;2025-12-23;7;1728
50;2025-12-23;8;2646
50;2025-12-23;9;2059
50;2025-12-23;10;1561
50;2025-12-23;11;1475
50;2025-12-23;12;1407
50;2025-12-23;13;1404
50;2025-12-23;14;1358
50;2025-12-23;15;1492
50;2025-12-23;16;1658
50;2025-12-23;17;2173
50;2025-12-23;18;2286
50;2025-12-23;19;1408
50;2025-12-23;20;893
50;2025-12-23;21;608
50;2025-12-23;22;281
50;2025-12-23;23;151
50;2025-12-24;0;36
50;2025-12-24;1;3
50;2025-12-24;2;0
50;2025-12-24;3;0
50;2025-12-24;4;2
50;2025-12-24;5;69
50;2025-12-24;6;547
50;2025-12-24;7;1726
50;2025-12-24;8;2643
50;2025-12-24;9;2057
50;2025-12-24;10;1560
50;2025-12-24;11;1472
50;2025-12-24;12;1403
50;2025-12-24;13;1401
50;2025-12-24;14;1351
50;2025-12-24;15;1489
50;2025-12-24;16;1656
50;2025-12-24;17;2170
50;2025-12-24;18;2286
50;2025-12-24;19;1406
50;2025-12-24;20;890
50;2025-12-24;21;609
50;2025-12-24;22;290
50;2025-12-24;23;152
50;2025-12-25;0;40
50;2025-12-25;1;3
50;2025-12-25;2;0
50;2025-12-25;3;0
50;2025-12-25;4;2
50;2025-12-25;5;69
50;2025-12-25;6;550
50;2025-12-25;7;1729
50;2025-12-25;8;2646
50;2025-12-25;9;2061
50;2025-12-25;10;1564
50;2025-12-25;11;1478
50;2025-12-25;12;1408
50;2025-12-25;13;1407
50;2025-12-25;14;1360
50;2025-12-25;15;1493
50;2025-12-25;16;1659
50;2025-12-25;17;2174
50;2025-12-25;18;2287
50;2025-12-25;19;1409
50;2025-12-25;20;896
50;2025-12-25;21;613
50;2025-12-25;22;294
50;2025-12-25;23;158
50;2025-12-26;0;39
50;2025-12-26;1;3
50;2025-12-26;2;0
50;2025-12-26;3;0
50;2025-12-26;4;4
50;2025-12-26;5;69
50;2025-12-26;6;545
50;2025-12-26;7;1712
50;2025-12-26;8;2616
50;2025-12-26;9;2035
50;2025-12-26;10;1536
50;2025-12-26;11;1455
50;2025-12-26;12;1388
50;2025-12-26;13;1390
50;2025-12-26;14;1342
50;2025-12-26;15;1478
50;2025-12-26;16;1640
50;2025-12-26;17;2133
50;2025-12-26;18;2087
50;2025-12-26;19;1366
50;2025-12-26;20;863
50;2025-12-26;21;604
50;2025-12-26;22;303
50;2025-12-26;23;155
50;2025-12-27;0;61
50;2025-12-27;1;4
50;2025-12-27;2;0
50;2025-12-27;3;0
50;2025-12-27;4;2
50;2025-12-27;5;31
50;2025-12-27;6;165
50;2025-12-27;7;374
50;2025-12-27;8;564
50;2025-12-27;9;596
50;2025-12-27;10;609
50;2025-12-27;11;738
50;2025-12-27;12;746
50;2025-12-27;13;791
50;2025-12-27;14;813
50;2025-12-27;15;789
50;2025-12-27;16;761
50;2025-12-27;17;822
50;2025-12-27;18;746
50;2025-12-27;19;654
50;2025-12-27;20;517
50;2025-12-27;21;409
50;2025-12-27;22;249
50;2025-12-27;23;144
50;2025-12-28;0;50
50;2025-12-28;1;5
50;2025-12-28;2;0
50;2025-12-28;3;0
50;2025-12-28;4;0
50;2025-12-28;5;26
50;2025-12-28;6;134
50;2025-12-28;7;272
50;2025-12-28;8;379
50;2025-12-28;9;462
50;2025-12-28;10;519
50;2025-12-28;11;645
50;2025-12-28;12;675
50;2025-12-28;13;729
50;2025-12-28;14;752
50;2025-12-28;15;721
50;2025-12-28;16;677
50;2025-12-28;17;666
50;2025-12-28;18;617
50;2025-12-28;19;548
50;2025-12-28;20;420
50;2025-12-28;21;370
50;2025-12-28;22;211
50;2025-12-28;23;121
50;2025-12-29;0;33
50;2025-12-29;1;4
50;2025-12-29;2;0
50;2025-12-29;3;0
50;2025-12-29;4;2
50;2025-12-29;5;71
50;2025-12-29;6;534
50;2025-12-29;7;1717
50;2025-12-29;8;2629
50;2025-12-29;9;2033
50;2025-12-29;10;1541
50;2025-12-29;11;1449
50;2025-12-29;12;1375
50;2025-12-29;13;1387
50;2025-12-29;14;1331
50;2025-12-29;15;1473
50;2025-12-29;16;1624
50;2025-12-29;17;2141
50;2025-12-29;18;2234
50;2025-12-29;19;1375
50;2025-12-29;20;867
50;2025-12-29;21;591
50;2025-12-29;22;264
50;2025-12-29;23;143
50;2025-12-30;0;35
50;2025-12-30;1;3
50;2025-12-30;2;0
50;2025-12-30;3;0
50;2025-12-30;4;2
50;2025-12-30;5;69
50;2025-12-30;6;549
50;2025-12-30;7;1728
50;2025-12-30;8;2646
50;2025-12-30;9;2059
50;2025-12-30;10;1561
50;2025-12-30;11;1475
50;2025-12-30;12;1407
50;2025-12-30;13;1404
50;2025-12-30;14;1358
50;2025-12-30;15;1492
50;2025-12-30;16;1658
50;2025-12-30;17;2173
50;2025-12-30;18;2286
50;2025-12-30;19;1408
50;2025-12-30;20;893
50;2025-12-30;21;608
50;2025-12-30;22;281
50;2025-12-30;23;151
50;2025-12-31;0;32
50;2025-12-31;1;2
50;2025-12-31;2;0
50;2025-12-31;3;0
50;2025-12-31;4;0
50;2025-12-31;5;38
50;2025-12-31;6;217
50;2025-12-31;7;424
50;2025-12-31;8;443
50;2025-12-31;9;553
50;2025-12-31;10;487
50;2025-12-31;11;653
50;2025-12-31;12;657
50;2025-12-31;13;689
50;2025-12-31;14;712
50;2025-12-31;15;707
50;2025-12-31;16;680
50;2025-12-31;17;721
50;2025-12-31;18;765
50;2025-12-31;19;593
50;2025-12-31;20;430
50;2025-12-31;21;358
50;2025-12-31;22;246
50;2025-12-31;23;135
