route;date;hour;prediction
1;2025-11-01;0;9
1;2025-11-01;1;0
1;2025-11-01;2;0
1;2025-11-01;3;0
1;2025-11-01;4;1
1;2025-11-01;5;51
1;2025-11-01;6;197
1;2025-11-01;7;502
1;2025-11-01;8;1584
1;2025-11-01;9;1396
1;2025-11-01;10;1400
1;2025-11-01;11;1439
1;2025-11-01;12;1500
1;2025-11-01;13;1572
1;2025-11-01;14;1559
1;2025-11-01;15;1607
1;2025-11-01;16;1658
1;2025-11-01;17;1857
1;2025-11-01;18;1669
1;2025-11-01;19;1089
1;2025-11-01;20;596
1;2025-11-01;21;352
1;2025-11-01;22;150
1;2025-11-01;23;42
1;2025-11-02;0;0
1;2025-11-02;1;0
1;2025-11-02;2;0
1;2025-11-02;3;0
1;2025-11-02;4;0
1;2025-11-02;5;25
1;2025-11-02;6;118
1;2025-11-02;7;260
1;2025-11-02;8;391
1;2025-11-02;9;605
1;2025-11-02;10;709
1;2025-11-02;11;678
1;2025-11-02;12;863
1;2025-11-02;13;906
1;2025-11-02;14;826
1;2025-11-02;15;755
1;2025-11-02;16;679
1;2025-11-02;17;610
1;2025-11-02;18;549
1;2025-11-02;19;452
1;2025-11-02;20;363
1;2025-11-02;21;269
1;2025-11-02;22;101
1;2025-11-02;23;29
1;2025-11-03;0;0
1;2025-11-03;1;0
1;2025-11-03;2;0
1;2025-11-03;3;0
1;2025-11-03;4;2
1;2025-11-03;5;28
1;2025-11-03;6;258
1;2025-11-03;7;418
1;2025-11-03;8;502
1;2025-11-03;9;622
1;2025-11-03;10;600
1;2025-11-03;11;636
1;2025-11-03;12;810
1;2025-11-03;13;825
1;2025-11-03;14;810
1;2025-11-03;15;728
1;2025-11-03;16;700
1;2025-11-03;17;662
1;2025-11-03;18;637
1;2025-11-03;19;457
1;2025-11-03;20;354
1;2025-11-03;21;315
1;2025-11-03;22;89
1;2025-11-03;23;24
1;2025-11-04;0;1
1;2025-11-04;1;0
1;2025-11-04;2;0
1;2025-11-04;3;0
1;2025-11-04;4;3
1;2025-11-04;5;22
1;2025-11-04;6;115
1;2025-11-04;7;362
1;2025-11-04;8;423
1;2025-11-04;9;524
1;2025-11-04;10;593
1;2025-11-04;11;552
1;2025-11-04;12;694
1;2025-11-04;13;794
1;2025-11-04;14;692
1;2025-11-04;15;657
1;2025-11-04;16;606
1;2025-11-04;17;600
1;2025-11-04;18;517
1;2025-11-04;19;435
1;2025-11-04;20;333
1;2025-11-04;21;281
1;2025-11-04;22;104
1;2025-11-04;23;34
1;2025-11-05;0;2
1;2025-11-05;1;0
1;2025-11-05;2;0
1;2025-11-05;3;0
1;2025-11-05;4;9
1;2025-11-05;5;132
1;2025-11-05;6;520
1;2025-11-05;7;1529
1;2025-11-05;8;1953
1;2025-11-05;9;1489
1;2025-11-05;10;1382
1;2025-11-05;11;1372
1;2025-11-05;12;1415
1;2025-11-05;13;1463
1;2025-11-05;14;1417
1;2025-11-05;15;1534
1;2025-11-05;16;1541
1;2025-11-05;17;1820
1;2025-11-05;18;1831
1;2025-11-05;19;1388
1;2025-11-05;20;889
1;2025-11-05;21;492
1;2025-11-05;22;227
1;2025-11-05;23;36
1;2025-11-06;0;5
1;2025-11-06;1;0
1;2025-11-06;2;0
1;2025-11-06;3;0
1;2025-11-06;4;8
1;2025-11-06;5;128
1;2025-11-06;6;522
1;2025-11-06;7;1539
1;2025-11-06;8;1956
1;2025-11-06;9;1501
1;2025-11-06;10;1396
1;2025-11-06;11;1389
1;2025-11-06;12;1419
1;2025-11-06;13;1462
1;2025-11-06;14;1420
1;2025-11-06;15;1536
1;2025-11-06;16;1552
1;2025-11-06;17;1823
1;2025-11-06;18;1833
1;2025-11-06;19;1394
1;2025-11-06;20;892
1;2025-11-06;21;500
1;2025-11-06;22;227
1;2025-11-06;23;40
1;2025-11-07;0;5
1;2025-11-07;1;0
1;2025-11-07;2;0
1;2025-11-07;3;0
1;2025-11-07;4;8
1;2025-11-07;5;131
1;2025-11-07;6;505
1;2025-11-07;7;1479
1;2025-11-07;8;1867
1;2025-11-07;9;1444
1;2025-11-07;10;1343
1;2025-11-07;11;1374
1;2025-11-07;12;1385
1;2025-11-07;13;1422
1;2025-11-07;14;1410
1;2025-11-07;15;1536
1;2025-11-07;16;1586
1;2025-11-07;17;1803
1;2025-11-07;18;1649
1;2025-11-07;19;1289
1;2025-11-07;20;838
1;2025-11-07;21;481
1;2025-11-07;22;231
1;2025-11-07;23;45
1;2025-11-08;0;4
1;2025-11-08;1;0
1;2025-11-08;2;0
1;2025-11-08;3;0
1;2025-11-08;4;0
1;2025-11-08;5;33
1;2025-11-08;6;167
1;2025-11-08;7;362
1;2025-11-08;8;499
1;2025-11-08;9;733
1;2025-11-08;10;886
1;2025-11-08;11;774
1;2025-11-08;12;945
1;2025-11-08;13;1005
1;2025-11-08;14;955
1;2025-11-08;15;847
1;2025-11-08;16;783
1;2025-11-08;17;725
1;2025-11-08;18;615
1;2025-11-08;19;556
1;2025-11-08;20;424
1;2025-11-08;21;311
1;2025-11-08;22;117
1;2025-11-08;23;30
1;2025-11-09;0;0
1;2025-11-09;1;0
1;2025-11-09;2;0
1;2025-11-09;3;0
1;2025-11-09;4;0
1;2025-11-09;5;25
1;2025-11-09;6;118
1;2025-11-09;7;260
1;2025-11-09;8;391
1;2025-11-09;9;605
1;2025-11-09;10;709
1;2025-11-09;11;678
1;2025-11-09;12;863
1;2025-11-09;13;906
1;2025-11-09;14;826
1;2025-11-09;15;755
1;2025-11-09;16;679
1;2025-11-09;17;610
1;2025-11-09;18;549
1;2025-11-09;19;452
1;2025-11-09;20;363
1;2025-11-09;21;269
1;2025-11-09;22;101
1;2025-11-09;23;29
1;2025-11-10;0;0
1;2025-11-10;1;0
1;2025-11-10;2;0
1;2025-11-10;3;0
1;2025-11-10;4;9
1;2025-11-10;5;127
1;2025-11-10;6;508
1;2025-11-10;7;1492
1;2025-11-10;8;1891
1;2025-11-10;9;1419
1;2025-11-10;10;1311
1;2025-11-10;11;1329
1;2025-11-10;12;1369
1;2025-11-10;13;1397
1;2025-11-10;14;1379
1;2025-11-10;15;1492
1;2025-11-10;16;1524
1;2025-11-10;17;1788
1;2025-11-10;18;1763
1;2025-11-10;19;1352
1;2025-11-10;20;863
1;2025-11-10;21;472
1;2025-11-10;22;210
1;2025-11-10;23;34
1;2025-11-11;0;3
1;2025-11-11;1;0
1;2025-11-11;2;0
1;2025-11-11;3;0
1;2025-11-11;4;9
1;2025-11-11;5;130
1;2025-11-11;6;520
1;2025-11-11;7;1545
1;2025-11-11;8;1960
1;2025-11-11;9;1500
1;2025-11-11;10;1394
1;2025-11-11;11;1383
1;2025-11-11;12;1414
1;2025-11-11;13;1457
1;2025-11-11;14;1414
1;2025-11-11;15;1532
1;2025-11-11;16;1543
1;2025-11-11;17;1821
1;2025-11-11;18;1838
1;2025-11-11;19;1402
1;2025-11-11;20;894
1;2025-11-11;21;492
1;2025-11-11;22;213
1;2025-11-11;23;39
1;2025-11-12;0;2
1;2025-11-12;1;0
1;2025-11-12;2;0
1;2025-11-12;3;0
1;2025-11-12;4;9
1;2025-11-12;5;132
1;2025-11-12;6;520
1;2025-11-12;7;1529
1;2025-11-12;8;1953
1;2025-11-12;9;1489
1;2025-11-12;10;1382
1;2025-11-12;11;1372
1;2025-11-12;12;1415
1;2025-11-12;13;1463
1;2025-11-12;14;1417
1;2025-11-12;15;1534
1;2025-11-12;16;1541
1;2025-11-12;17;1820
1;2025-11-12;18;1831
1;2025-11-12;19;1388
1;2025-11-12;20;889
1;2025-11-12;21;492
1;2025-11-12;22;227
1;2025-11-12;23;36
1;2025-11-13;0;5
1;2025-11-13;1;0
1;2025-11-13;2;0
1;2025-11-13;3;0
1;2025-11-13;4;8
1;2025-11-13;5;128
1;2025-11-13;6;522
1;2025-11-13;7;1539
1;2025-11-13;8;1956
1;2025-11-13;9;1501
1;2025-11-13;10;1396
1;2025-11-13;11;1389
1;2025-11-13;12;1419
1;2025-11-13;13;1462
1;2025-11-13;14;1420
1;2025-11-13;15;1536
1;2025-11-13;16;1552
1;2025-11-13;17;1823
1;2025-11-13;18;1833
1;2025-11-13;19;1394
1;2025-11-13;20;892
1;2025-11-13;21;500
1;2025-11-13;22;227
1;2025-11-13;23;40
1;2025-11-14;0;5
1;2025-11-14;1;0
1;2025-11-14;2;0
1;2025-11-14;3;0
1;2025-11-14;4;8
1;2025-11-14;5;131
1;2025-11-14;6;505
1;2025-11-14;7;1479
1;2025-11-14;8;1867
1;2025-11-14;9;1444
1;2025-11-14;10;1343
1;2025-11-14;11;1374
1;2025-11-14;12;1385
1;2025-11-14;13;1422
1;2025-11-14;14;1410
1;2025-11-14;15;1536
1;2025-11-14;16;1586
1;2025-11-14;17;1803
1;2025-11-14;18;1649
1;2025-11-14;19;1289
1;2025-11-14;20;838
1;2025-11-14;21;481
1;2025-11-14;22;231
1;2025-11-14;23;45
1;2025-11-15;0;4
1;2025-11-15;1;0
1;2025-11-15;2;0
1;2025-11-15;3;0
1;2025-11-15;4;0
1;2025-11-15;5;33
1;2025-11-15;6;167
1;2025-11-15;7;362
1;2025-11-15;8;499
1;2025-11-15;9;733
1;2025-11-15;10;886
1;2025-11-15;11;774
1;2025-11-15;12;945
1;2025-11-15;13;1005
1;2025-11-15;14;955
1;2025-11-15;15;847
1;2025-11-15;16;783
1;2025-11-15;17;725
1;2025-11-15;18;615
1;2025-11-15;19;556
1;2025-11-15;20;424
1;2025-11-15;21;311
1;2025-11-15;22;117
1;2025-11-15;23;30
1;2025-11-16;0;0
1;2025-11-16;1;0
1;2025-11-16;2;0
1;2025-11-16;3;0
1;2025-11-16;4;0
1;2025-11-16;5;25
1;2025-11-16;6;118
1;2025-11-16;7;260
1;2025-11-16;8;391
1;2025-11-16;9;605
1;2025-11-16;10;709
1;2025-11-16;11;678
1;2025-11-16;12;863
1;2025-11-16;13;906
1;2025-11-16;14;826
1;2025-11-16;15;755
1;2025-11-16;16;679
1;2025-11-16;17;610
1;2025-11-16;18;549
1;2025-11-16;19;452
1;2025-11-16;20;363
1;2025-11-16;21;269
1;2025-11-16;22;101
1;2025-11-16;23;29
1;2025-11-17;0;0
1;2025-11-17;1;0
1;2025-11-17;2;0
1;2025-11-17;3;0
1;2025-11-17;4;9
1;2025-11-17;5;127
1;2025-11-17;6;508
1;2025-11-17;7;1492
1;2025-11-17;8;1891
1;2025-11-17;9;1419
1;2025-11-17;10;1311
1;2025-11-17;11;1329
1;2025-11-17;12;1369
1;2025-11-17;13;1397
1;2025-11-17;14;1379
1;2025-11-17;15;1492
1;2025-11-17;16;1524
1;2025-11-17;17;1788
1;2025-11-17;18;1763
1;2025-11-17;19;1352
1;2025-11-17;20;863
1;2025-11-17;21;472
1;2025-11-17;22;210
1;2025-11-17;23;34
1;2025-11-18;0;3
1;2025-11-18;1;0
1;2025-11-18;2;0
1;2025-11-18;3;0
1;2025-11-18;4;9
1;2025-11-18;5;130
1;2025-11-18;6;520
1;2025-11-18;7;1545
1;2025-11-18;8;1960
1;2025-11-18;9;1500
1;2025-11-18;10;1394
1;2025-11-18;11;1383
1;2025-11-18;12;1414
1;2025-11-18;13;1457
1;2025-11-18;14;1414
1;2025-11-18;15;1532
1;2025-11-18;16;1543
1;2025-11-18;17;1821
1;2025-11-18;18;1838
1;2025-11-18;19;1402
1;2025-11-18;20;894
1;2025-11-18;21;492
1;2025-11-18;22;213
1;2025-11-18;23;39
1;2025-11-19;0;2
1;2025-11-19;1;0
1;2025-11-19;2;0
1;2025-11-19;3;0
1;2025-11-19;4;9
1;2025-11-19;5;132
1;2025-11-19;6;520
1;2025-11-19;7;1529
1;2025-11-19;8;1953
1;2025-11-19;9;1489
1;2025-11-19;10;1382
1;2025-11-19;11;1372
1;2025-11-19;12;1415
1;2025-11-19;13;1463
1;2025-11-19;14;1417
1;2025-11-19;15;1534
1;2025-11-19;16;1541
1;2025-11-19;17;1820
1;2025-11-19;18;1831
1;2025-11-19;19;1388
1;2025-11-19;20;889
1;2025-11-19;21;492
1;2025-11-19;22;227
1;2025-11-19;23;36
1;2025-11-20;0;5
1;2025-11-20;1;0
1;2025-11-20;2;0
1;2025-11-20;3;0
1;2025-11-20;4;8
1;2025-11-20;5;128
1;2025-11-20;6;522
1;2025-11-20;7;1539
1;2025-11-20;8;1956
1;2025-11-20;9;1501
1;2025-11-20;10;1396
1;2025-11-20;11;1389
1;2025-11-20;12;1419
1;2025-11-20;13;1462
1;2025-11-20;14;1420
1;2025-11-20;15;1536
1;2025-11-20;16;1552
1;2025-11-20;17;1823
1;2025-11-20;18;1833
1;2025-11-20;19;1394
1;2025-11-20;20;892
1;2025-11-20;21;500
1;2025-11-20;22;227
1;2025-11-20;23;40
1;2025-11-21;0;5
1;2025-11-21;1;0
1;2025-11-21;2;0
1;2025-11-21;3;0
1;2025-11-21;4;8
1;2025-11-21;5;131
1;2025-11-21;6;505
1;2025-11-21;7;1479
1;2025-11-21;8;1867
1;2025-11-21;9;1444
1;2025-11-21;10;1343
1;2025-11-21;11;1374
1;2025-11-21;12;1385
1;2025-11-21;13;1422
1;2025-11-21;14;1410
1;2025-11-21;15;1536
1;2025-11-21;16;1586
1;2025-11-21;17;1803
1;2025-11-21;18;1649
1;2025-11-21;19;1289
1;2025-11-21;20;838
1;2025-11-21;21;481
1;2025-11-21;22;231
1;2025-11-21;23;45
1;2025-11-22;0;4
1;2025-11-22;1;0
1;2025-11-22;2;0
1;2025-11-22;3;0
1;2025-11-22;4;0
1;2025-11-22;5;33
1;2025-11-22;6;167
1;2025-11-22;7;362
1;2025-11-22;8;499
1;2025-11-22;9;733
1;2025-11-22;10;886
1;2025-11-22;11;774
1;2025-11-22;12;945
1;2025-11-22;13;1005
1;2025-11-22;14;955
1;2025-11-22;15;847
1;2025-11-22;16;783
1;2025-11-22;17;725
1;2025-11-22;18;615
1;2025-11-22;19;556
1;2025-11-22;20;424
1;2025-11-22;21;311
1;2025-11-22;22;117
1;2025-11-22;23;30
1;2025-11-23;0;0
1;2025-11-23;1;0
1;2025-11-23;2;0
1;2025-11-23;3;0
1;2025-11-23;4;0
1;2025-11-23;5;25
1;2025-11-23;6;118
1;2025-11-23;7;260
1;2025-11-23;8;391
1;2025-11-23;9;605
1;2025-11-23;10;709
1;2025-11-23;11;678
1;2025-11-23;12;863
1;2025-11-23;13;906
1;2025-11-23;14;826
1;2025-11-23;15;755
1;2025-11-23;16;679
1;2025-11-23;17;610
1;2025-11-23;18;549
1;2025-11-23;19;452
1;2025-11-23;20;363
1;2025-11-23;21;269
1;2025-11-23;22;101
1;2025-11-23;23;29
1;2025-11-24;0;0
1;2025-11-24;1;0
1;2025-11-24;2;0
1;2025-11-24;3;0
1;2025-11-24;4;9
1;2025-11-24;5;127
1;2025-11-24;6;508
1;2025-11-24;7;1492
1;2025-11-24;8;1891
1;2025-11-24;9;1419
1;2025-11-24;10;1311
1;2025-11-24;11;1329
1;2025-11-24;12;1369
1;2025-11-24;13;1397
1;2025-11-24;14;1379
1;2025-11-24;15;1492
1;2025-11-24;16;1524
1;2025-11-24;17;1788
1;2025-11-24;18;1763
1;2025-11-24;19;1352
1;2025-11-24;20;863
1;2025-11-24;21;472
1;2025-11-24;22;210
1;2025-11-24;23;34
1;2025-11-25;0;3
1;2025-11-25;1;0
1;2025-11-25;2;0
1;2025-11-25;3;0
1;2025-11-25;4;9
1;2025-11-25;5;130
1;2025-11-25;6;520
1;2025-11-25;7;1545
1;2025-11-25;8;1960
1;2025-11-25;9;1500
1;2025-11-25;10;1394
1;2025-11-25;11;1383
1;2025-11-25;12;1414
1;2025-11-25;13;1457
1;2025-11-25;14;1414
1;2025-11-25;15;1532
1;2025-11-25;16;1543
1;2025-11-25;17;1821
1;2025-11-25;18;1838
1;2025-11-25;19;1402
1;2025-11-25;20;894
1;2025-11-25;21;492
1;2025-11-25;22;213
1;2025-11-25;23;39
1;2025-11-26;0;2
1;2025-11-26;1;0
1;2025-11-26;2;0
1;2025-11-26;3;0
1;2025-11-26;4;9
1;2025-11-26;5;132
1;2025-11-26;6;520
1;2025-11-26;7;1529
1;2025-11-26;8;1953
1;2025-11-26;9;1489
1;2025-11-26;10;1382
1;2025-11-26;11;1372
1;2025-11-26;12;1415
1;2025-11-26;13;1463
1;2025-11-26;14;1417
1;2025-11-26;15;1534
1;2025-11-26;16;1541
1;2025-11-26;17;1820
1;2025-11-26;18;1831
1;2025-11-26;19;1388
1;2025-11-26;20;889
1;2025-11-26;21;492
1;2025-11-26;22;227
1;2025-11-26;23;36
1;2025-11-27;0;5
1;2025-11-27;1;0
1;2025-11-27;2;0
1;2025-11-27;3;0
1;2025-11-27;4;8
1;2025-11-27;5;128
1;2025-11-27;6;522
1;2025-11-27;7;1539
1;2025-11-27;8;1956
1;2025-11-27;9;1501
1;2025-11-27;10;1396
1;2025-11-27;11;1389
1;2025-11-27;12;1419
1;2025-11-27;13;1462
1;2025-11-27;14;1420
1;2025-11-27;15;1536
1;2025-11-27;16;1552
1;2025-11-27;17;1823
1;2025-11-27;18;1833
1;2025-11-27;19;1394
1;2025-11-27;20;892
1;2025-11-27;21;500
1;2025-11-27;22;227
1;2025-11-27;23;40
1;2025-11-28;0;5
1;2025-11-28;1;0
1;2025-11-28;2;0
1;2025-11-28;3;0
1;2025-11-28;4;8
1;2025-11-28;5;131
1;2025-11-28;6;505
1;2025-11-28;7;1479
1;2025-11-28;8;1867
1;2025-11-28;9;1444
1;2025-11-28;10;1343
1;2025-11-28;11;1374
1;2025-11-28;12;1385
1;2025-11-28;13;1422
1;2025-11-28;14;1410
1;2025-11-28;15;1536
1;2025-11-28;16;1586
1;2025-11-28;17;1803
1;2025-11-28;18;1649
1;2025-11-28;19;1289
1;2025-11-28;20;838
1;2025-11-28;21;481
1;2025-11-28;22;231
1;2025-11-28;23;45
1;2025-11-29;0;4
1;2025-11-29;1;0
1;2025-11-29;2;0
1;2025-11-29;3;0
1;2025-11-29;4;0
1;2025-11-29;5;33
1;2025-11-29;6;167
1;2025-11-29;7;362
1;2025-11-29;8;499
1;2025-11-29;9;733
1;2025-11-29;10;886
1;2025-11-29;11;774
1;2025-11-29;12;945
1;2025-11-29;13;1005
1;2025-11-29;14;955
1;2025-11-29;15;847
1;2025-11-29;16;783
1;2025-11-29;17;725
1;2025-11-29;18;615
1;2025-11-29;19;556
1;2025-11-29;20;424
1;2025-11-29;21;311
1;2025-11-29;22;117
1;2025-11-29;23;30
1;2025-11-30;0;0
1;2025-11-30;1;0
1;2025-11-30;2;0
1;2025-11-30;3;0
1;2025-11-30;4;0
1;2025-11-30;5;25
1;2025-11-30;6;118
1;2025-11-30;7;260
1;2025-11-30;8;391
1;2025-11-30;9;605
1;2025-11-30;10;709
1;2025-11-30;11;678
1;2025-11-30;12;863
1;2025-11-30;13;906
1;2025-11-30;14;826
1;2025-11-30;15;755
1;2025-11-30;16;679
1;2025-11-30;17;610
1;2025-11-30;18;549
1;2025-11-30;19;452
1;2025-11-30;20;363
1;2025-11-30;21;269
1;2025-11-30;22;101
1;2025-11-30;23;29
1;2025-12-01;0;0
1;2025-12-01;1;0
1;2025-12-01;2;0
1;2025-12-01;3;0
1;2025-12-01;4;7
1;2025-12-01;5;133
1;2025-12-01;6;538
1;2025-12-01;7;1445
1;2025-12-01;8;1814
1;2025-12-01;9;1387
1;2025-12-01;10;1243
1;2025-12-01;11;1328
1;2025-12-01;12;1336
1;2025-12-01;13;1360
1;2025-12-01;14;1329
1;2025-12-01;15;1464
1;2025-12-01;16;1470
1;2025-12-01;17;1711
1;2025-12-01;18;1713
1;2025-12-01;19;1343
1;2025-12-01;20;838
1;2025-12-01;21;450
1;2025-12-01;22;229
1;2025-12-01;23;51
1;2025-12-02;0;4
1;2025-12-02;1;0
1;2025-12-02;2;0
1;2025-12-02;3;0
1;2025-12-02;4;6
1;2025-12-02;5;135
1;2025-12-02;6;549
1;2025-12-02;7;1472
1;2025-12-02;8;1878
1;2025-12-02;9;1461
1;2025-12-02;10;1301
1;2025-12-02;11;1364
1;2025-12-02;12;1364
1;2025-12-02;13;1414
1;2025-12-02;14;1341
1;2025-12-02;15;1490
1;2025-12-02;16;1474
1;2025-12-02;17;1730
1;2025-12-02;18;1794
1;2025-12-02;19;1392
1;2025-12-02;20;858
1;2025-12-02;21;466
1;2025-12-02;22;233
1;2025-12-02;23;55
1;2025-12-03;0;5
1;2025-12-03;1;0
1;2025-12-03;2;0
1;2025-12-03;3;0
1;2025-12-03;4;7
1;2025-12-03;5;137
1;2025-12-03;6;549
1;2025-12-03;7;1457
1;2025-12-03;8;1871
1;2025-12-03;9;1450
1;2025-12-03;10;1289
1;2025-12-03;11;1352
1;2025-12-03;12;1365
1;2025-12-03;13;1420
1;2025-12-03;14;1344
1;2025-12-03;15;1492
1;2025-12-03;16;1471
1;2025-12-03;17;1730
1;2025-12-03;18;1788
1;2025-12-03;19;1379
1;2025-12-03;20;854
1;2025-12-03;21;462
1;2025-12-03;22;247
1;2025-12-03;23;53
1;2025-12-04;0;6
1;2025-12-04;1;0
1;2025-12-04;2;0
1;2025-12-04;3;0
1;2025-12-04;4;6
1;2025-12-04;5;133
1;2025-12-04;6;551
1;2025-12-04;7;1466
1;2025-12-04;8;1874
1;2025-12-04;9;1462
1;2025-12-04;10;1302
1;2025-12-04;11;1369
1;2025-12-04;12;1369
1;2025-12-04;13;1420
1;2025-12-04;14;1348
1;2025-12-04;15;1495
1;2025-12-04;16;1482
1;2025-12-04;17;1733
1;2025-12-04;18;1789
1;2025-12-04;19;1384
1;2025-12-04;20;856
1;2025-12-04;21;471
1;2025-12-04;22;247
1;2025-12-04;23;57
1;2025-12-05;0;7
1;2025-12-05;1;0
1;2025-12-05;2;0
1;2025-12-05;3;0
1;2025-12-05;4;6
1;2025-12-05;5;136
1;2025-12-05;6;533
1;2025-12-05;7;1425
1;2025-12-05;8;1779
1;2025-12-05;9;1411
1;2025-12-05;10;1268
1;2025-12-05;11;1371
1;2025-12-05;12;1351
1;2025-12-05;13;1382
1;2025-12-05;14;1353
1;2025-12-05;15;1501
1;2025-12-05;16;1526
1;2025-12-05;17;1716
1;2025-12-05;18;1598
1;2025-12-05;19;1278
1;2025-12-05;20;813
1;2025-12-05;21;458
1;2025-12-05;22;250
1;2025-12-05;23;62
1;2025-12-06;0;10
1;2025-12-06;1;0
1;2025-12-06;2;0
1;2025-12-06;3;0
1;2025-12-06;4;0
1;2025-12-06;5;33
1;2025-12-06;6;189
1;2025-12-06;7;327
1;2025-12-06;8;440
1;2025-12-06;9;691
1;2025-12-06;10;806
1;2025-12-06;11;726
1;2025-12-06;12;892
1;2025-12-06;13;951
1;2025-12-06;14;870
1;2025-12-06;15;795
1;2025-12-06;16;715
1;2025-12-06;17;635
1;2025-12-06;18;583
1;2025-12-06;19;535
1;2025-12-06;20;387
1;2025-12-06;21;304
1;2025-12-06;22;138
1;2025-12-06;23;39
1;2025-12-07;0;1
1;2025-12-07;1;0
1;2025-12-07;2;0
1;2025-12-07;3;0
1;2025-12-07;4;0
1;2025-12-07;5;25
1;2025-12-07;6;141
1;2025-12-07;7;256
1;2025-12-07;8;343
1;2025-12-07;9;573
1;2025-12-07;10;664
1;2025-12-07;11;651
1;2025-12-07;12;830
1;2025-12-07;13;860
1;2025-12-07;14;773
1;2025-12-07;15;719
1;2025-12-07;16;634
1;2025-12-07;17;549
1;2025-12-07;18;513
1;2025-12-07;19;432
1;2025-12-07;20;336
1;2025-12-07;21;266
1;2025-12-07;22;121
1;2025-12-07;23;40
1;2025-12-08;0;0
1;2025-12-08;1;0
1;2025-12-08;2;0
1;2025-12-08;3;0
1;2025-12-08;4;7
1;2025-12-08;5;133
1;2025-12-08;6;538
1;2025-12-08;7;1445
1;2025-12-08;8;1814
1;2025-12-08;9;1387
1;2025-12-08;10;1243
1;2025-12-08;11;1328
1;2025-12-08;12;1336
1;2025-12-08;13;1360
1;2025-12-08;14;1329
1;2025-12-08;15;1464
1;2025-12-08;16;1470
1;2025-12-08;17;1711
1;2025-12-08;18;1713
1;2025-12-08;19;1343
1;2025-12-08;20;838
1;2025-12-08;21;450
1;2025-12-08;22;229
1;2025-12-08;23;51
1;2025-12-09;0;4
1;2025-12-09;1;0
1;2025-12-09;2;0
1;2025-12-09;3;0
1;2025-12-09;4;6
1;2025-12-09;5;135
1;2025-12-09;6;549
1;2025-12-09;7;1472
1;2025-12-09;8;1878
1;2025-12-09;9;1461
1;2025-12-09;10;1301
1;2025-12-09;11;1364
1;2025-12-09;12;1364
1;2025-12-09;13;1414
1;2025-12-09;14;1341
1;2025-12-09;15;1490
1;2025-12-09;16;1474
1;2025-12-09;17;1730
1;2025-12-09;18;1794
1;2025-12-09;19;1392
1;2025-12-09;20;858
1;2025-12-09;21;466
1;2025-12-09;22;233
1;2025-12-09;23;55
1;2025-12-10;0;5
1;2025-12-10;1;0
1;2025-12-10;2;0
1;2025-12-10;3;0
1;2025-12-10;4;7
1;2025-12-10;5;137
1;2025-12-10;6;549
1;2025-12-10;7;1457
1;2025-12-10;8;1871
1;2025-12-10;9;1450
1;2025-12-10;10;1289
1;2025-12-10;11;1352
1;2025-12-10;12;1365
1;2025-12-10;13;1420
1;2025-12-10;14;1344
1;2025-12-10;15;1492
1;2025-12-10;16;1471
1;2025-12-10;17;1730
1;2025-12-10;18;1788
1;2025-12-10;19;1379
1;2025-12-10;20;854
1;2025-12-10;21;462
1;2025-12-10;22;247
1;2025-12-10;23;53
1;2025-12-11;0;6
1;2025-12-11;1;0
1;2025-12-11;2;0
1;2025-12-11;3;0
1;2025-12-11;4;6
1;2025-12-11;5;133
1;2025-12-11;6;551
1;2025-12-11;7;1466
1;2025-12-11;8;1874
1;2025-12-11;9;1462
1;2025-12-11;10;1302
1;2025-12-11;11;1369
1;2025-12-11;12;1369
1;2025-12-11;13;1420
1;2025-12-11;14;1348
1;2025-12-11;15;1495
1;2025-12-11;16;1482
1;2025-12-11;17;1733
1;2025-12-11;18;1789
1;2025-12-11;19;1384
1;2025-12-11;20;856
1;2025-12-11;21;471
1;2025-12-11;22;247
1;2025-12-11;23;57
1;2025-12-12;0;7
1;2025-12-12;1;0
1;2025-12-12;2;0
1;2025-12-12;3;0
1;2025-12-12;4;6
1;2025-12-12;5;136
1;2025-12-12;6;533
1;2025-12-12;7;1425
1;2025-12-12;8;1779
1;2025-12-12;9;1411
1;2025-12-12;10;1268
1;2025-12-12;11;1371
1;2025-12-12;12;1351
1;2025-12-12;13;1382
1;2025-12-12;14;1353
1;2025-12-12;15;1501
1;2025-12-12;16;1526
1;2025-12-12;17;1716
1;2025-12-12;18;1598
1;2025-12-12;19;1278
1;2025-12-12;20;813
1;2025-12-12;21;458
1;2025-12-12;22;250
1;2025-12-12;23;62
1;2025-12-13;0;10
1;2025-12-13;1;0
1;2025-12-13;2;0
1;2025-12-13;3;0
1;2025-12-13;4;0
1;2025-12-13;5;33
1;2025-12-13;6;189
1;2025-12-13;7;327
1;2025-12-13;8;440
1;2025-12-13;9;691
1;2025-12-13;10;806
1;2025-12-13;11;726
1;2025-12-13;12;892
1;2025-12-13;13;951
1;2025-12-13;14;870
1;2025-12-13;15;795
1;2025-12-13;16;715
1;2025-12-13;17;635
1;2025-12-13;18;583
1;2025-12-13;19;535
1;2025-12-13;20;387
1;2025-12-13;21;304
1;2025-12-13;22;138
1;2025-12-13;23;39
1;2025-12-14;0;1
1;2025-12-14;1;0
1;2025-12-14;2;0
1;2025-12-14;3;0
1;2025-12-14;4;0
1;2025-12-14;5;25
1;2025-12-14;6;141
1;2025-12-14;7;256
1;2025-12-14;8;343
1;2025-12-14;9;573
1;2025-12-14;10;664
1;2025-12-14;11;651
1;2025-12-14;12;830
1;2025-12-14;13;860
1;2025-12-14;14;773
1;2025-12-14;15;719
1;2025-12-14;16;634
1;2025-12-14;17;549
1;2025-12-14;18;513
1;2025-12-14;19;432
1;2025-12-14;20;336
1;2025-12-14;21;266
1;2025-12-14;22;121
1;2025-12-14;23;40
1;2025-12-15;0;0
1;2025-12-15;1;0
1;2025-12-15;2;0
1;2025-12-15;3;0
1;2025-12-15;4;7
1;2025-12-15;5;133
1;2025-12-15;6;538
1;2025-12-15;7;1445
1;2025-12-15;8;1814
1;2025-12-15;9;1387
1;2025-12-15;10;1243
1;2025-12-15;11;1328
1;2025-12-15;12;1336
1;2025-12-15;13;1360
1;2025-12-15;14;1329
1;2025-12-15;15;1464
1;2025-12-15;16;1470
1;2025-12-15;17;1711
1;2025-12-15;18;1713
1;2025-12-15;19;1343
1;2025-12-15;20;838
1;2025-12-15;21;450
1;2025-12-15;22;229
1;2025-12-15;23;51
1;2025-12-16;0;4
1;2025-12-16;1;0
1;2025-12-16;2;0
1;2025-12-16;3;0
1;2025-12-16;4;6
1;2025-12-16;5;135
1;2025-12-16;6;549
1;2025-12-16;7;1472
1;2025-12-16;8;1878
1;2025-12-16;9;1461
1;2025-12-16;10;1301
1;2025-12-16;11;1364
1;2025-12-16;12;1364
1;2025-12-16;13;1414
1;2025-12-16;14;1341
1;2025-12-16;15;1490
1;2025-12-16;16;1474
1;2025-12-16;17;1730
1;2025-12-16;18;1794
1;2025-12-16;19;1392
1;2025-12-16;20;858
1;2025-12-16;21;466
1;2025-12-16;22;233
1;2025-12-16;23;55
1;2025-12-17;0;5
1;2025-12-17;1;0
1;2025-12-17;2;0
1;2025-12-17;3;0
1;2025-12-17;4;7
1;2025-12-17;5;137
1;2025-12-17;6;549
1;2025-12-17;7;1457
1;2025-12-17;8;1871
1;2025-12-17;9;1450
1;2025-12-17;10;1289
1;2025-12-17;11;1352
1;2025-12-17;12;1365
1;2025-12-17;13;1420
1;2025-12-17;14;1344
1;2025-12-17;15;1492
1;2025-12-17;16;1471
1;2025-12-17;17;1730
1;2025-12-17;18;1788
1;2025-12-17;19;1379
1;2025-12-17;20;854
1;2025-12-17;21;462
1;2025-12-17;22;247
1;2025-12-17;23;53
1;2025-12-18;0;6
1;2025-12-18;1;0
1;2025-12-18;2;0
1;2025-12-18;3;0
1;2025-12-18;4;6
1;2025-12-18;5;133
1;2025-12-18;6;551
1;2025-12-18;7;1466
1;2025-12-18;8;1874
1;2025-12-18;9;1462
1;2025-12-18;10;1302
1;2025-12-18;11;1369
1;2025-12-18;12;1369
1;2025-12-18;13;1420
1;2025-12-18;14;1348
1;2025-12-18;15;1495
1;2025-12-18;16;1482
1;2025-12-18;17;1733
1;2025-12-18;18;1789
1;2025-12-18;19;1384
1;2025-12-18;20;856
1;2025-12-18;21;471
1;2025-12-18;22;247
1;2025-12-18;23;57
1;2025-12-19;0;7
1;2025-12-19;1;0
1;2025-12-19;2;0
1;2025-12-19;3;0
1;2025-12-19;4;6
1;2025-12-19;5;136
1;2025-12-19;6;533
1;2025-12-19;7;1425
1;2025-12-19;8;1779
1;2025-12-19;9;1411
1;2025-12-19;10;1268
1;2025-12-19;11;1371
1;2025-12-19;12;1351
1;2025-12-19;13;1382
1;2025-12-19;14;1353
1;2025-12-19;15;1501
1;2025-12-19;16;1526
1;2025-12-19;17;1716
1;2025-12-19;18;1598
1;2025-12-19;19;1278
1;2025-12-19;20;813
1;2025-12-19;21;458
1;2025-12-19;22;250
1;2025-12-19;23;62
1;2025-12-20;0;10
1;2025-12-20;1;0
1;2025-12-20;2;0
1;2025-12-20;3;0
1;2025-12-20;4;0
1;2025-12-20;5;33
1;2025-12-20;6;189
1;2025-12-20;7;327
1;2025-12-20;8;440
1;2025-12-20;9;691
1;2025-12-20;10;806
1;2025-12-20;11;726
1;2025-12-20;12;892
1;2025-12-20;13;951
1;2025-12-20;14;870
1;2025-12-20;15;795
1;2025-12-20;16;715
1;2025-12-20;17;635
1;2025-12-20;18;583
1;2025-12-20;19;535
1;2025-12-20;20;387
1;2025-12-20;21;304
1;2025-12-20;22;138
1;2025-12-20;23;39
1;2025-12-21;0;1
1;2025-12-21;1;0
1;2025-12-21;2;0
1;2025-12-21;3;0
1;2025-12-21;4;0
1;2025-12-21;5;25
1;2025-12-21;6;141
1;2025-12-21;7;256
1;2025-12-21;8;343
1;2025-12-21;9;573
1;2025-12-21;10;664
1;2025-12-21;11;651
1;2025-12-21;12;830
1;2025-12-21;13;860
1;2025-12-21;14;773
1;2025-12-21;15;719
1;2025-12-21;16;634
1;2025-12-21;17;549
1;2025-12-21;18;513
1;2025-12-21;19;432
1;2025-12-21;20;336
1;2025-12-21;21;266
1;2025-12-21;22;121
1;2025-12-21;23;40
1;2025-12-22;0;0
1;2025-12-22;1;0
1;2025-12-22;2;0
1;2025-12-22;3;0
1;2025-12-22;4;7
1;2025-12-22;5;133
1;2025-12-22;6;538
1;2025-12-22;7;1445
1;2025-12-22;8;1814
1;2025-12-22;9;1387
1;2025-12-22;10;1243
1;2025-12-22;11;1328
1;2025-12-22;12;1336
1;2025-12-22;13;1360
1;2025-12-22;14;1329
1;2025-12-22;15;1464
1;2025-12-22;16;1470
1;2025-12-22;17;1711
1;2025-12-22;18;1713
1;2025-12-22;19;1343
1;2025-12-22;20;838
1;2025-12-22;21;450
1;2025-12-22;22;229
1;2025-12-22;23;51
1;2025-12-23;0;4
1;2025-12-23;1;0
1;2025-12-23;2;0
1;2025-12-23;3;0
1;2025-12-23;4;6
1;2025-12-23;5;135
1;2025-12-23;6;549
1;2025-12-23;7;1472
1;2025-12-23;8;1878
1;2025-12-23;9;1461
1;2025-12-23;10;1301
1;2025-12-23;11;1364
1;2025-12-23;12;1364
1;2025-12-23;13;1414
1;2025-12-23;14;1341
1;2025-12-23;15;1490
1;2025-12-23;16;1474
1;2025-12-23;17;1730
1;2025-12-23;18;1794
1;2025-12-23;19;1392
1;2025-12-23;20;858
1;2025-12-23;21;466
1;2025-12-23;22;233
1;2025-12-23;23;55
1;2025-12-24;0;5
1;2025-12-24;1;0
1;2025-12-24;2;0
1;2025-12-24;3;0
1;2025-12-24;4;7
1;2025-12-24;5;137
1;2025-12-24;6;549
1;2025-12-24;7;1457
1;2025-12-24;8;1871
1;2025-12-24;9;1450
1;2025-12-24;10;1289
1;2025-12-24;11;1352
1;2025-12-24;12;1365
1;2025-12-24;13;1420
1;2025-12-24;14;1344
1;2025-12-24;15;1492
1;2025-12-24;16;1471
1;2025-12-24;17;1730
1;2025-12-24;18;1788
1;2025-12-24;19;1379
1;2025-12-24;20;854
1;2025-12-24;21;462
1;2025-12-24;22;247
1;2025-12-24;23;53
1;2025-12-25;0;6
1;2025-12-25;1;0
1;2025-12-25;2;0
1;2025-12-25;3;0
1;2025-12-25;4;6
1;2025-12-25;5;133
1;2025-12-25;6;551
1;2025-12-25;7;1466
1;2025-12-25;8;1874
1;2025-12-25;9;1462
1;2025-12-25;10;1302
1;2025-12-25;11;1369
1;2025-12-25;12;1369
1;2025-12-25;13;1420
1;2025-12-25;14;1348
1;2025-12-25;15;1495
1;2025-12-25;16;1482
1;2025-12-25;17;1733
1;2025-12-25;18;1789
1;2025-12-25;19;1384
1;2025-12-25;20;856
1;2025-12-25;21;471
1;2025-12-25;22;247
1;2025-12-25;23;57
1;2025-12-26;0;7
1;2025-12-26;1;0
1;2025-12-26;2;0
1;2025-12-26;3;0
1;2025-12-26;4;6
1;2025-12-26;5;136
1;2025-12-26;6;533
1;2025-12-26;7;1425
1;2025-12-26;8;1779
1;2025-12-26;9;1411
1;2025-12-26;10;1268
1;2025-12-26;11;1371
1;2025-12-26;12;1351
1;2025-12-26;13;1382
1;2025-12-26;14;1353
1;2025-12-26;15;1501
1;2025-12-26;16;1526
1;2025-12-26;17;1716
1;2025-12-26;18;1598
1;2025-12-26;19;1278
1;2025-12-26;20;813
1;2025-12-26;21;458
1;2025-12-26;22;250
1;2025-12-26;23;62
1;2025-12-27;0;10
1;2025-12-27;1;0
1;2025-12-27;2;0
1;2025-12-27;3;0
1;2025-12-27;4;0
1;2025-12-27;5;33
1;2025-12-27;6;189
1;2025-12-27;7;327
1;2025-12-27;8;440
1;2025-12-27;9;691
1;2025-12-27;10;806
1;2025-12-27;11;726
1;2025-12-27;12;892
1;2025-12-27;13;951
1;2025-12-27;14;870
1;2025-12-27;15;795
1;2025-12-27;16;715
1;2025-12-27;17;635
1;2025-12-27;18;583
1;2025-12-27;19;535
1;2025-12-27;20;387
1;2025-12-27;21;304
1;2025-12-27;22;138
1;2025-12-27;23;39
1;2025-12-28;0;1
1;2025-12-28;1;0
1;2025-12-28;2;0
1;2025-12-28;3;0
1;2025-12-28;4;0
1;2025-12-28;5;25
1;2025-12-28;6;141
1;2025-12-28;7;256
1;2025-12-28;8;343
1;2025-12-28;9;573
1;2025-12-28;10;664
1;2025-12-28;11;651
1;2025-12-28;12;830
1;2025-12-28;13;860
1;2025-12-28;14;773
1;2025-12-28;15;719
1;2025-12-28;16;634
1;2025-12-28;17;549
1;2025-12-28;18;513
1;2025-12-28;19;432
1;2025-12-28;20;336
1;2025-12-28;21;266
1;2025-12-28;22;121
1;2025-12-28;23;40
1;2025-12-29;0;0
1;2025-12-29;1;0
1;2025-12-29;2;0
1;2025-12-29;3;0
1;2025-12-29;4;7
1;2025-12-29;5;133
1;2025-12-29;6;538
1;2025-12-29;7;1445
1;2025-12-29;8;1814
1;2025-12-29;9;1387
1;2025-12-29;10;1243
1;2025-12-29;11;1328
1;2025-12-29;12;1336
1;2025-12-29;13;1360
1;2025-12-29;14;1329
1;2025-12-29;15;1464
1;2025-12-29;16;1470
1;2025-12-29;17;1711
1;2025-12-29;18;1713
1;2025-12-29;19;1343
1;2025-12-29;20;838
1;2025-12-29;21;450
1;2025-12-29;22;229
1;2025-12-29;23;51
1;2025-12-30;0;4
1;2025-12-30;1;0
1;2025-12-30;2;0
1;2025-12-30;3;0
1;2025-12-30;4;6
1;2025-12-30;5;135
1;2025-12-30;6;549
1;2025-12-30;7;1472
1;2025-12-30;8;1878
1;2025-12-30;9;1461
1;2025-12-30;10;1301
1;2025-12-30;11;1364
1;2025-12-30;12;1364
1;2025-12-30;13;1414
1;2025-12-30;14;1341
1;2025-12-30;15;1490
1;2025-12-30;16;1474
1;2025-12-30;17;1730
1;2025-12-30;18;1794
1;2025-12-30;19;1392
1;2025-12-30;20;858
1;2025-12-30;21;466
1;2025-12-30;22;233
1;2025-12-30;23;55
1;2025-12-31;0;0
1;2025-12-31;1;0
1;2025-12-31;2;0
1;2025-12-31;3;0
1;2025-12-31;4;0
1;2025-12-31;5;26
1;2025-12-31;6;294
1;2025-12-31;7;369
1;2025-12-31;8;429
1;2025-12-31;9;613
1;2025-12-31;10;567
1;2025-12-31;11;599
1;2025-12-31;12;756
1;2025-12-31;13;745
1;2025-12-31;14;753
1;2025-12-31;15;666
1;2025-12-31;16;625
1;2025-12-31;17;559
1;2025-12-31;18;591
1;2025-12-31;19;441
1;2025-12-31;20;339
1;2025-12-31;21;300
1;2025-12-31;22;107
1;2025-12-31;23;25
5;2025-11-01;0;0
5;2025-11-01;1;0
5;2025-11-01;2;0
5;2025-11-01;3;0
5;2025-11-01;4;0
5;2025-11-01;5;0
5;2025-11-01;6;0
5;2025-11-01;7;0
5;2025-11-01;8;0
5;2025-11-01;9;0
5;2025-11-01;10;0
5;2025-11-01;11;0
5;2025-11-01;12;0
5;2025-11-01;13;0
5;2025-11-01;14;0
5;2025-11-01;15;0
5;2025-11-01;16;0
5;2025-11-01;17;0
5;2025-11-01;18;0
5;2025-11-01;19;0
5;2025-11-01;20;0
5;2025-11-01;21;0
5;2025-11-01;22;0
5;2025-11-01;23;0
5;2025-11-02;0;0
5;2025-11-02;1;0
5;2025-11-02;2;0
5;2025-11-02;3;0
5;2025-11-02;4;0
5;2025-11-02;5;0
5;2025-11-02;6;0
5;2025-11-02;7;0
5;2025-11-02;8;0
5;2025-11-02;9;0
5;2025-11-02;10;0
5;2025-11-02;11;0
5;2025-11-02;12;0
5;2025-11-02;13;0
5;2025-11-02;14;0
5;2025-11-02;15;0
5;2025-11-02;16;0
5;2025-11-02;17;0
5;2025-11-02;18;0
5;2025-11-02;19;0
5;2025-11-02;20;0
5;2025-11-02;21;0
5;2025-11-02;22;0
5;2025-11-02;23;0
5;2025-11-03;0;0
5;2025-11-03;1;0
5;2025-11-03;2;0
5;2025-11-03;3;0
5;2025-11-03;4;0
5;2025-11-03;5;0
5;2025-11-03;6;0
5;2025-11-03;7;0
5;2025-11-03;8;0
5;2025-11-03;9;0
5;2025-11-03;10;0
5;2025-11-03;11;0
5;2025-11-03;12;0
5;2025-11-03;13;0
5;2025-11-03;14;0
5;2025-11-03;15;0
5;2025-11-03;16;0
5;2025-11-03;17;0
5;2025-11-03;18;0
5;2025-11-03;19;0
5;2025-11-03;20;0
5;2025-11-03;21;0
5;2025-11-03;22;0
5;2025-11-03;23;0
5;2025-11-04;0;0
5;2025-11-04;1;0
5;2025-11-04;2;0
5;2025-11-04;3;0
5;2025-11-04;4;0
5;2025-11-04;5;0
5;2025-11-04;6;0
5;2025-11-04;7;0
5;2025-11-04;8;0
5;2025-11-04;9;0
5;2025-11-04;10;0
5;2025-11-04;11;0
5;2025-11-04;12;0
5;2025-11-04;13;0
5;2025-11-04;14;0
5;2025-11-04;15;0
5;2025-11-04;16;0
5;2025-11-04;17;0
5;2025-11-04;18;0
5;2025-11-04;19;0
5;2025-11-04;20;0
5;2025-11-04;21;0
5;2025-11-04;22;0
5;2025-11-04;23;0
5;2025-11-05;0;0
5;2025-11-05;1;0
5;2025-11-05;2;0
5;2025-11-05;3;0
5;2025-11-05;4;0
5;2025-11-05;5;0
5;2025-11-05;6;0
5;2025-11-05;7;0
5;2025-11-05;8;0
5;2025-11-05;9;0
5;2025-11-05;10;0
5;2025-11-05;11;0
5;2025-11-05;12;0
5;2025-11-05;13;0
5;2025-11-05;14;0
5;2025-11-05;15;0
5;2025-11-05;16;0
5;2025-11-05;17;0
5;2025-11-05;18;0
5;2025-11-05;19;0
5;2025-11-05;20;0
5;2025-11-05;21;0
5;2025-11-05;22;0
5;2025-11-05;23;0
5;2025-11-06;0;0
5;2025-11-06;1;0
5;2025-11-06;2;0
5;2025-11-06;3;0
5;2025-11-06;4;0
5;2025-11-06;5;0
5;2025-11-06;6;0
5;2025-11-06;7;0
5;2025-11-06;8;0
5;2025-11-06;9;0
5;2025-11-06;10;0
5;2025-11-06;11;0
5;2025-11-06;12;0
5;2025-11-06;13;0
5;2025-11-06;14;0
5;2025-11-06;15;0
5;2025-11-06;16;0
5;2025-11-06;17;0
5;2025-11-06;18;0
5;2025-11-06;19;0
5;2025-11-06;20;0
5;2025-11-06;21;0
5;2025-11-06;22;0
5;2025-11-06;23;0
5;2025-11-07;0;0
5;2025-11-07;1;0
5;2025-11-07;2;0
5;2025-11-07;3;0
5;2025-11-07;4;0
5;2025-11-07;5;0
5;2025-11-07;6;0
5;2025-11-07;7;0
5;2025-11-07;8;0
5;2025-11-07;9;0
5;2025-11-07;10;0
5;2025-11-07;11;0
5;2025-11-07;12;0
5;2025-11-07;13;0
5;2025-11-07;14;0
5;2025-11-07;15;0
5;2025-11-07;16;0
5;2025-11-07;17;0
5;2025-11-07;18;0
5;2025-11-07;19;0
5;2025-11-07;20;0
5;2025-11-07;21;0
5;2025-11-07;22;0
5;2025-11-07;23;0
5;2025-11-08;0;0
5;2025-11-08;1;0
5;2025-11-08;2;0
5;2025-11-08;3;0
5;2025-11-08;4;0
5;2025-11-08;5;0
5;2025-11-08;6;0
5;2025-11-08;7;0
5;2025-11-08;8;0
5;2025-11-08;9;0
5;2025-11-08;10;0
5;2025-11-08;11;0
5;2025-11-08;12;0
5;2025-11-08;13;0
5;2025-11-08;14;0
5;2025-11-08;15;0
5;2025-11-08;16;0
5;2025-11-08;17;0
5;2025-11-08;18;0
5;2025-11-08;19;0
5;2025-11-08;20;0
5;2025-11-08;21;0
5;2025-11-08;22;0
5;2025-11-08;23;0
5;2025-11-09;0;0
5;2025-11-09;1;0
5;2025-11-09;2;0
5;2025-11-09;3;0
5;2025-11-09;4;0
5;2025-11-09;5;0
5;2025-11-09;6;0
5;2025-11-09;7;0
5;2025-11-09;8;0
5;2025-11-09;9;0
5;2025-11-09;10;0
5;2025-11-09;11;0
5;2025-11-09;12;0
5;2025-11-09;13;0
5;2025-11-09;14;0
5;2025-11-09;15;0
5;2025-11-09;16;0
5;2025-11-09;17;0
5;2025-11-09;18;0
5;2025-11-09;19;0
5;2025-11-09;20;0
5;2025-11-09;21;0
5;2025-11-09;22;0
5;2025-11-09;23;0
5;2025-11-10;0;0
5;2025-11-10;1;0
5;2025-11-10;2;0
5;2025-11-10;3;0
5;2025-11-10;4;0
5;2025-11-10;5;0
5;2025-11-10;6;0
5;2025-11-10;7;0
5;2025-11-10;8;0
5;2025-11-10;9;0
5;2025-11-10;10;0
5;2025-11-10;11;0
5;2025-11-10;12;0
5;2025-11-10;13;0
5;2025-11-10;14;0
5;2025-11-10;15;0
5;2025-11-10;16;0
5;2025-11-10;17;0
5;2025-11-10;18;0
5;2025-11-10;19;0
5;2025-11-10;20;0
5;2025-11-10;21;0
5;2025-11-10;22;0
5;2025-11-10;23;0
5;2025-11-11;0;0
5;2025-11-11;1;0
5;2025-11-11;2;0
5;2025-11-11;3;0
5;2025-11-11;4;0
5;2025-11-11;5;0
5;2025-11-11;6;0
5;2025-11-11;7;0
5;2025-11-11;8;0
5;2025-11-11;9;0
5;2025-11-11;10;0
5;2025-11-11;11;0
5;2025-11-11;12;0
5;2025-11-11;13;0
5;2025-11-11;14;0
5;2025-11-11;15;0
5;2025-11-11;16;0
5;2025-11-11;17;0
5;2025-11-11;18;0
5;2025-11-11;19;0
5;2025-11-11;20;0
5;2025-11-11;21;0
5;2025-11-11;22;0
5;2025-11-11;23;0
5;2025-11-12;0;0
5;2025-11-12;1;0
5;2025-11-12;2;0
5;2025-11-12;3;0
5;2025-11-12;4;0
5;2025-11-12;5;0
5;2025-11-12;6;0
5;2025-11-12;7;0
5;2025-11-12;8;0
5;2025-11-12;9;0
5;2025-11-12;10;0
5;2025-11-12;11;0
5;2025-11-12;12;0
5;2025-11-12;13;0
5;2025-11-12;14;0
5;2025-11-12;15;0
5;2025-11-12;16;0
5;2025-11-12;17;0
5;2025-11-12;18;0
5;2025-11-12;19;0
5;2025-11-12;20;0
5;2025-11-12;21;0
5;2025-11-12;22;0
5;2025-11-12;23;0
5;2025-11-13;0;0
5;2025-11-13;1;0
5;2025-11-13;2;0
5;2025-11-13;3;0
5;2025-11-13;4;0
5;2025-11-13;5;0
5;2025-11-13;6;0
5;2025-11-13;7;0
5;2025-11-13;8;0
5;2025-11-13;9;0
5;2025-11-13;10;0
5;2025-11-13;11;0
5;2025-11-13;12;0
5;2025-11-13;13;0
5;2025-11-13;14;0
5;2025-11-13;15;0
5;2025-11-13;16;0
5;2025-11-13;17;0
5;2025-11-13;18;0
5;2025-11-13;19;0
5;2025-11-13;20;0
5;2025-11-13;21;0
5;2025-11-13;22;0
5;2025-11-13;23;0
5;2025-11-14;0;0
5;2025-11-14;1;0
5;2025-11-14;2;0
5;2025-11-14;3;0
5;2025-11-14;4;0
5;2025-11-14;5;0
5;2025-11-14;6;0
5;2025-11-14;7;0
5;2025-11-14;8;0
5;2025-11-14;9;0
5;2025-11-14;10;0
5;2025-11-14;11;0
5;2025-11-14;12;0
5;2025-11-14;13;0
5;2025-11-14;14;0
5;2025-11-14;15;0
5;2025-11-14;16;0
5;2025-11-14;17;0
5;2025-11-14;18;0
5;2025-11-14;19;0
5;2025-11-14;20;0
5;2025-11-14;21;0
5;2025-11-14;22;0
5;2025-11-14;23;0
5;2025-11-15;0;0
5;2025-11-15;1;0
5;2025-11-15;2;0
5;2025-11-15;3;0
5;2025-11-15;4;0
5;2025-11-15;5;0
5;2025-11-15;6;0
5;2025-11-15;7;0
5;2025-11-15;8;0
5;2025-11-15;9;0
5;2025-11-15;10;0
5;2025-11-15;11;0
5;2025-11-15;12;0
5;2025-11-15;13;0
5;2025-11-15;14;0
5;2025-11-15;15;0
5;2025-11-15;16;0
5;2025-11-15;17;0
5;2025-11-15;18;0
5;2025-11-15;19;0
5;2025-11-15;20;0
5;2025-11-15;21;0
5;2025-11-15;22;0
5;2025-11-15;23;0
5;2025-11-16;0;0
5;2025-11-16;1;0
5;2025-11-16;2;0
5;2025-11-16;3;0
5;2025-11-16;4;0
5;2025-11-16;5;0
5;2025-11-16;6;0
5;2025-11-16;7;0
5;2025-11-16;8;0
5;2025-11-16;9;0
5;2025-11-16;10;0
5;2025-11-16;11;0
5;2025-11-16;12;0
5;2025-11-16;13;0
5;2025-11-16;14;0
5;2025-11-16;15;0
5;2025-11-16;16;0
5;2025-11-16;17;0
5;2025-11-16;18;0
5;2025-11-16;19;0
5;2025-11-16;20;0
5;2025-11-16;21;0
5;2025-11-16;22;0
5;2025-11-16;23;0
5;2025-11-17;0;0
5;2025-11-17;1;0
5;2025-11-17;2;0
5;2025-11-17;3;0
5;2025-11-17;4;0
5;2025-11-17;5;0
5;2025-11-17;6;0
5;2025-11-17;7;0
5;2025-11-17;8;0
5;2025-11-17;9;0
5;2025-11-17;10;0
5;2025-11-17;11;0
5;2025-11-17;12;0
5;2025-11-17;13;0
5;2025-11-17;14;0
5;2025-11-17;15;0
5;2025-11-17;16;0
5;2025-11-17;17;0
5;2025-11-17;18;0
5;2025-11-17;19;0
5;2025-11-17;20;0
5;2025-11-17;21;0
5;2025-11-17;22;0
5;2025-11-17;23;0
5;2025-11-18;0;0
5;2025-11-18;1;0
5;2025-11-18;2;0
5;2025-11-18;3;0
5;2025-11-18;4;0
5;2025-11-18;5;0
5;2025-11-18;6;0
5;2025-11-18;7;0
5;2025-11-18;8;0
5;2025-11-18;9;0
5;2025-11-18;10;0
5;2025-11-18;11;0
5;2025-11-18;12;0
5;2025-11-18;13;0
5;2025-11-18;14;0
5;2025-11-18;15;0
5;2025-11-18;16;0
5;2025-11-18;17;0
5;2025-11-18;18;0
5;2025-11-18;19;0
5;2025-11-18;20;0
5;2025-11-18;21;0
5;2025-11-18;22;0
5;2025-11-18;23;0
5;2025-11-19;0;0
5;2025-11-19;1;0
5;2025-11-19;2;0
5;2025-11-19;3;0
5;2025-11-19;4;0
5;2025-11-19;5;0
5;2025-11-19;6;0
5;2025-11-19;7;0
5;2025-11-19;8;0
5;2025-11-19;9;0
5;2025-11-19;10;0
5;2025-11-19;11;0
5;2025-11-19;12;0
5;2025-11-19;13;0
5;2025-11-19;14;0
5;2025-11-19;15;0
5;2025-11-19;16;0
5;2025-11-19;17;0
5;2025-11-19;18;0
5;2025-11-19;19;0
5;2025-11-19;20;0
5;2025-11-19;21;0
5;2025-11-19;22;0
5;2025-11-19;23;0
5;2025-11-20;0;0
5;2025-11-20;1;0
5;2025-11-20;2;0
5;2025-11-20;3;0
5;2025-11-20;4;0
5;2025-11-20;5;0
5;2025-11-20;6;0
5;2025-11-20;7;0
5;2025-11-20;8;0
5;2025-11-20;9;0
5;2025-11-20;10;0
5;2025-11-20;11;0
5;2025-11-20;12;0
5;2025-11-20;13;0
5;2025-11-20;14;0
5;2025-11-20;15;0
5;2025-11-20;16;0
5;2025-11-20;17;0
5;2025-11-20;18;0
5;2025-11-20;19;0
5;2025-11-20;20;0
5;2025-11-20;21;0
5;2025-11-20;22;0
5;2025-11-20;23;0
5;2025-11-21;0;0
5;2025-11-21;1;0
5;2025-11-21;2;0
5;2025-11-21;3;0
5;2025-11-21;4;0
5;2025-11-21;5;0
5;2025-11-21;6;0
5;2025-11-21;7;0
5;2025-11-21;8;0
5;2025-11-21;9;0
5;2025-11-21;10;0
5;2025-11-21;11;0
5;2025-11-21;12;0
5;2025-11-21;13;0
5;2025-11-21;14;0
5;2025-11-21;15;0
5;2025-11-21;16;0
5;2025-11-21;17;0
5;2025-11-21;18;0
5;2025-11-21;19;0
5;2025-11-21;20;0
5;2025-11-21;21;0
5;2025-11-21;22;0
5;2025-11-21;23;0
5;2025-11-22;0;0
5;2025-11-22;1;0
5;2025-11-22;2;0
5;2025-11-22;3;0
5;2025-11-22;4;0
5;2025-11-22;5;0
5;2025-11-22;6;0
5;2025-11-22;7;0
5;2025-11-22;8;0
5;2025-11-22;9;0
5;2025-11-22;10;0
5;2025-11-22;11;0
5;2025-11-22;12;0
5;2025-11-22;13;0
5;2025-11-22;14;0
5;2025-11-22;15;0
5;2025-11-22;16;0
5;2025-11-22;17;0
5;2025-11-22;18;0
5;2025-11-22;19;0
5;2025-11-22;20;0
5;2025-11-22;21;0
5;2025-11-22;22;0
5;2025-11-22;23;0
5;2025-11-23;0;0
5;2025-11-23;1;0
5;2025-11-23;2;0
5;2025-11-23;3;0
5;2025-11-23;4;0
5;2025-11-23;5;0
5;2025-11-23;6;0
5;2025-11-23;7;0
5;2025-11-23;8;0
5;2025-11-23;9;0
5;2025-11-23;10;0
5;2025-11-23;11;0
5;2025-11-23;12;0
5;2025-11-23;13;0
5;2025-11-23;14;0
5;2025-11-23;15;0
5;2025-11-23;16;0
5;2025-11-23;17;0
5;2025-11-23;18;0
5;2025-11-23;19;0
5;2025-11-23;20;0
5;2025-11-23;21;0
5;2025-11-23;22;0
5;2025-11-23;23;0
5;2025-11-24;0;0
5;2025-11-24;1;0
5;2025-11-24;2;0
5;2025-11-24;3;0
5;2025-11-24;4;0
5;2025-11-24;5;0
5;2025-11-24;6;0
5;2025-11-24;7;0
5;2025-11-24;8;0
5;2025-11-24;9;0
5;2025-11-24;10;0
5;2025-11-24;11;0
5;2025-11-24;12;0
5;2025-11-24;13;0
5;2025-11-24;14;0
5;2025-11-24;15;0
5;2025-11-24;16;0
5;2025-11-24;17;0
5;2025-11-24;18;0
5;2025-11-24;19;0
5;2025-11-24;20;0
5;2025-11-24;21;0
5;2025-11-24;22;0
5;2025-11-24;23;0
5;2025-11-25;0;0
5;2025-11-25;1;0
5;2025-11-25;2;0
5;2025-11-25;3;0
5;2025-11-25;4;0
5;2025-11-25;5;0
5;2025-11-25;6;0
5;2025-11-25;7;0
5;2025-11-25;8;0
5;2025-11-25;9;0
5;2025-11-25;10;0
5;2025-11-25;11;0
5;2025-11-25;12;0
5;2025-11-25;13;0
5;2025-11-25;14;0
5;2025-11-25;15;0
5;2025-11-25;16;0
5;2025-11-25;17;0
5;2025-11-25;18;0
5;2025-11-25;19;0
5;2025-11-25;20;0
5;2025-11-25;21;0
5;2025-11-25;22;0
5;2025-11-25;23;0
5;2025-11-26;0;0
5;2025-11-26;1;0
5;2025-11-26;2;0
5;2025-11-26;3;0
5;2025-11-26;4;0
5;2025-11-26;5;0
5;2025-11-26;6;0
5;2025-11-26;7;0
5;2025-11-26;8;0
5;2025-11-26;9;0
5;2025-11-26;10;0
5;2025-11-26;11;0
5;2025-11-26;12;0
5;2025-11-26;13;0
5;2025-11-26;14;0
5;2025-11-26;15;0
5;2025-11-26;16;0
5;2025-11-26;17;0
5;2025-11-26;18;0
5;2025-11-26;19;0
5;2025-11-26;20;0
5;2025-11-26;21;0
5;2025-11-26;22;0
5;2025-11-26;23;0
5;2025-11-27;0;0
5;2025-11-27;1;0
5;2025-11-27;2;0
5;2025-11-27;3;0
5;2025-11-27;4;0
5;2025-11-27;5;0
5;2025-11-27;6;0
5;2025-11-27;7;0
5;2025-11-27;8;0
5;2025-11-27;9;0
5;2025-11-27;10;0
5;2025-11-27;11;0
5;2025-11-27;12;0
5;2025-11-27;13;0
5;2025-11-27;14;0
5;2025-11-27;15;0
5;2025-11-27;16;0
5;2025-11-27;17;0
5;2025-11-27;18;0
5;2025-11-27;19;0
5;2025-11-27;20;0
5;2025-11-27;21;0
5;2025-11-27;22;0
5;2025-11-27;23;0
5;2025-11-28;0;0
5;2025-11-28;1;0
5;2025-11-28;2;0
5;2025-11-28;3;0
5;2025-11-28;4;0
5;2025-11-28;5;0
5;2025-11-28;6;0
5;2025-11-28;7;0
5;2025-11-28;8;0
5;2025-11-28;9;0
5;2025-11-28;10;0
5;2025-11-28;11;0
5;2025-11-28;12;0
5;2025-11-28;13;0
5;2025-11-28;14;0
5;2025-11-28;15;0
5;2025-11-28;16;0
5;2025-11-28;17;0
5;2025-11-28;18;0
5;2025-11-28;19;0
5;2025-11-28;20;0
5;2025-11-28;21;0
5;2025-11-28;22;0
5;2025-11-28;23;0
5;2025-11-29;0;0
5;2025-11-29;1;0
5;2025-11-29;2;0
5;2025-11-29;3;0
5;2025-11-29;4;0
5;2025-11-29;5;0
5;2025-11-29;6;0
5;2025-11-29;7;0
5;2025-11-29;8;0
5;2025-11-29;9;0
5;2025-11-29;10;0
5;2025-11-29;11;0
5;2025-11-29;12;0
5;2025-11-29;13;0
5;2025-11-29;14;0
5;2025-11-29;15;0
5;2025-11-29;16;0
5;2025-11-29;17;0
5;2025-11-29;18;0
5;2025-11-29;19;0
5;2025-11-29;20;0
5;2025-11-29;21;0
5;2025-11-29;22;0
5;2025-11-29;23;0
5;2025-11-30;0;0
5;2025-11-30;1;0
5;2025-11-30;2;0
5;2025-11-30;3;0
5;2025-11-30;4;0
5;2025-11-30;5;0
5;2025-11-30;6;0
5;2025-11-30;7;0
5;2025-11-30;8;0
5;2025-11-30;9;0
5;2025-11-30;10;0
5;2025-11-30;11;0
5;2025-11-30;12;0
5;2025-11-30;13;0
5;2025-11-30;14;0
5;2025-11-30;15;0
5;2025-11-30;16;0
5;2025-11-30;17;0
5;2025-11-30;18;0
5;2025-11-30;19;0
5;2025-11-30;20;0
5;2025-11-30;21;0
5;2025-11-30;22;0
5;2025-11-30;23;0
5;2025-12-01;0;0
5;2025-12-01;1;0
5;2025-12-01;2;0
5;2025-12-01;3;0
5;2025-12-01;4;0
5;2025-12-01;5;0
5;2025-12-01;6;0
5;2025-12-01;7;0
5;2025-12-01;8;0
5;2025-12-01;9;0
5;2025-12-01;10;0
5;2025-12-01;11;0
5;2025-12-01;12;0
5;2025-12-01;13;0
5;2025-12-01;14;0
5;2025-12-01;15;0
5;2025-12-01;16;0
5;2025-12-01;17;0
5;2025-12-01;18;0
5;2025-12-01;19;0
5;2025-12-01;20;0
5;2025-12-01;21;0
5;2025-12-01;22;0
5;2025-12-01;23;0
5;2025-12-02;0;0
5;2025-12-02;1;0
5;2025-12-02;2;0
5;2025-12-02;3;0
5;2025-12-02;4;0
5;2025-12-02;5;0
5;2025-12-02;6;0
5;2025-12-02;7;0
5;2025-12-02;8;0
5;2025-12-02;9;0
5;2025-12-02;10;0
5;2025-12-02;11;0
5;2025-12-02;12;0
5;2025-12-02;13;0
5;2025-12-02;14;0
5;2025-12-02;15;0
5;2025-12-02;16;0
5;2025-12-02;17;0
5;2025-12-02;18;0
5;2025-12-02;19;0
5;2025-12-02;20;0
5;2025-12-02;21;0
5;2025-12-02;22;0
5;2025-12-02;23;0
5;2025-12-03;0;0
5;2025-12-03;1;0
5;2025-12-03;2;0
5;2025-12-03;3;0
5;2025-12-03;4;0
5;2025-12-03;5;0
5;2025-12-03;6;0
5;2025-12-03;7;0
5;2025-12-03;8;0
5;2025-12-03;9;0
5;2025-12-03;10;0
5;2025-12-03;11;0
5;2025-12-03;12;0
5;2025-12-03;13;0
5;2025-12-03;14;0
5;2025-12-03;15;0
5;2025-12-03;16;0
5;2025-12-03;17;0
5;2025-12-03;18;0
5;2025-12-03;19;0
5;2025-12-03;20;0
5;2025-12-03;21;0
5;2025-12-03;22;0
5;2025-12-03;23;0
5;2025-12-04;0;0
5;2025-12-04;1;0
5;2025-12-04;2;0
5;2025-12-04;3;0
5;2025-12-04;4;0
5;2025-12-04;5;0
5;2025-12-04;6;0
5;2025-12-04;7;0
5;2025-12-04;8;0
5;2025-12-04;9;0
5;2025-12-04;10;0
5;2025-12-04;11;0
5;2025-12-04;12;0
5;2025-12-04;13;0
5;2025-12-04;14;0
5;2025-12-04;15;0
5;2025-12-04;16;0
5;2025-12-04;17;0
5;2025-12-04;18;0
5;2025-12-04;19;0
5;2025-12-04;20;0
5;2025-12-04;21;0
5;2025-12-04;22;0
5;2025-12-04;23;0
5;2025-12-05;0;0
5;2025-12-05;1;0
5;2025-12-05;2;0
5;2025-12-05;3;0
5;2025-12-05;4;0
5;2025-12-05;5;0
5;2025-12-05;6;0
5;2025-12-05;7;0
5;2025-12-05;8;0
5;2025-12-05;9;0
5;2025-12-05;10;0
5;2025-12-05;11;0
5;2025-12-05;12;0
5;2025-12-05;13;0
5;2025-12-05;14;0
5;2025-12-05;15;0
5;2025-12-05;16;0
5;2025-12-05;17;0
5;2025-12-05;18;0
5;2025-12-05;19;0
5;2025-12-05;20;0
5;2025-12-05;21;0
5;2025-12-05;22;0
5;2025-12-05;23;0
5;2025-12-06;0;0
5;2025-12-06;1;0
5;2025-12-06;2;0
5;2025-12-06;3;0
5;2025-12-06;4;0
5;2025-12-06;5;0
5;2025-12-06;6;0
5;2025-12-06;7;0
5;2025-12-06;8;0
5;2025-12-06;9;0
5;2025-12-06;10;0
5;2025-12-06;11;0
5;2025-12-06;12;0
5;2025-12-06;13;0
5;2025-12-06;14;0
5;2025-12-06;15;0
5;2025-12-06;16;0
5;2025-12-06;17;0
5;2025-12-06;18;0
5;2025-12-06;19;0
5;2025-12-06;20;0
5;2025-12-06;21;0
5;2025-12-06;22;0
5;2025-12-06;23;0
5;2025-12-07;0;0
5;2025-12-07;1;0
5;2025-12-07;2;0
5;2025-12-07;3;0
5;2025-12-07;4;0
5;2025-12-07;5;0
5;2025-12-07;6;0
5;2025-12-07;7;0
5;2025-12-07;8;0
5;2025-12-07;9;0
5;2025-12-07;10;0
5;2025-12-07;11;0
5;2025-12-07;12;0
5;2025-12-07;13;0
5;2025-12-07;14;0
5;2025-12-07;15;0
5;2025-12-07;16;0
5;2025-12-07;17;0
5;2025-12-07;18;0
5;2025-12-07;19;0
5;2025-12-07;20;0
5;2025-12-07;21;0
5;2025-12-07;22;0
5;2025-12-07;23;0
5;2025-12-08;0;0
5;2025-12-08;1;0
5;2025-12-08;2;0
5;2025-12-08;3;0
5;2025-12-08;4;0
5;2025-12-08;5;0
5;2025-12-08;6;0
5;2025-12-08;7;0
5;2025-12-08;8;0
5;2025-12-08;9;0
5;2025-12-08;10;0
5;2025-12-08;11;0
5;2025-12-08;12;0
5;2025-12-08;13;0
5;2025-12-08;14;0
5;2025-12-08;15;0
5;2025-12-08;16;0
5;2025-12-08;17;0
5;2025-12-08;18;0
5;2025-12-08;19;0
5;2025-12-08;20;0
5;2025-12-08;21;0
5;2025-12-08;22;0
5;2025-12-08;23;0
5;2025-12-09;0;0
5;2025-12-09;1;0
5;2025-12-09;2;0
5;2025-12-09;3;0
5;2025-12-09;4;0
5;2025-12-09;5;0
5;2025-12-09;6;0
5;2025-12-09;7;0
5;2025-12-09;8;0
5;2025-12-09;9;0
5;2025-12-09;10;0
5;2025-12-09;11;0
5;2025-12-09;12;0
5;2025-12-09;13;0
5;2025-12-09;14;0
5;2025-12-09;15;0
5;2025-12-09;16;0
5;2025-12-09;17;0
5;2025-12-09;18;0
5;2025-12-09;19;0
5;2025-12-09;20;0
5;2025-12-09;21;0
5;2025-12-09;22;0
5;2025-12-09;23;0
5;2025-12-10;0;0
5;2025-12-10;1;0
5;2025-12-10;2;0
5;2025-12-10;3;0
5;2025-12-10;4;0
5;2025-12-10;5;0
5;2025-12-10;6;0
5;2025-12-10;7;0
5;2025-12-10;8;0
5;2025-12-10;9;0
5;2025-12-10;10;0
5;2025-12-10;11;0
5;2025-12-10;12;0
5;2025-12-10;13;0
5;2025-12-10;14;0
5;2025-12-10;15;0
5;2025-12-10;16;0
5;2025-12-10;17;0
5;2025-12-10;18;0
5;2025-12-10;19;0
5;2025-12-10;20;0
5;2025-12-10;21;0
5;2025-12-10;22;0
5;2025-12-10;23;0
5;2025-12-11;0;0
5;2025-12-11;1;0
5;2025-12-11;2;0
5;2025-12-11;3;0
5;2025-12-11;4;0
5;2025-12-11;5;0
5;2025-12-11;6;0
5;2025-12-11;7;0
5;2025-12-11;8;0
5;2025-12-11;9;0
5;2025-12-11;10;0
5;2025-12-11;11;0
5;2025-12-11;12;0
5;2025-12-11;13;0
5;2025-12-11;14;0
5;2025-12-11;15;0
5;2025-12-11;16;0
5;2025-12-11;17;0
5;2025-12-11;18;0
5;2025-12-11;19;0
5;2025-12-11;20;0
5;2025-12-11;21;0
5;2025-12-11;22;0
5;2025-12-11;23;0
5;2025-12-12;0;0
5;2025-12-12;1;0
5;2025-12-12;2;0
5;2025-12-12;3;0
5;2025-12-12;4;0
5;2025-12-12;5;0
5;2025-12-12;6;0
5;2025-12-12;7;0
5;2025-12-12;8;0
5;2025-12-12;9;0
5;2025-12-12;10;0
5;2025-12-12;11;0
5;2025-12-12;12;0
5;2025-12-12;13;0
5;2025-12-12;14;0
5;2025-12-12;15;0
5;2025-12-12;16;0
5;2025-12-12;17;0
5;2025-12-12;18;0
5;2025-12-12;19;0
5;2025-12-12;20;0
5;2025-12-12;21;0
5;2025-12-12;22;0
5;2025-12-12;23;0
5;2025-12-13;0;0
5;2025-12-13;1;0
5;2025-12-13;2;0
5;2025-12-13;3;0
5;2025-12-13;4;0
5;2025-12-13;5;0
5;2025-12-13;6;0
5;2025-12-13;7;0
5;2025-12-13;8;0
5;2025-12-13;9;0
5;2025-12-13;10;0
5;2025-12-13;11;0
5;2025-12-13;12;0
5;2025-12-13;13;0
5;2025-12-13;14;0
5;2025-12-13;15;0
5;2025-12-13;16;0
5;2025-12-13;17;0
5;2025-12-13;18;0
5;2025-12-13;19;0
5;2025-12-13;20;0
5;2025-12-13;21;0
5;2025-12-13;22;0
5;2025-12-13;23;0
5;2025-12-14;0;0
5;2025-12-14;1;0
5;2025-12-14;2;0
5;2025-12-14;3;0
5;2025-12-14;4;0
5;2025-12-14;5;0
5;2025-12-14;6;0
5;2025-12-14;7;0
5;2025-12-14;8;0
5;2025-12-14;9;0
5;2025-12-14;10;0
5;2025-12-14;11;0
5;2025-12-14;12;0
5;2025-12-14;13;0
5;2025-12-14;14;0
5;2025-12-14;15;0
5;2025-12-14;16;0
5;2025-12-14;17;0
5;2025-12-14;18;0
5;2025-12-14;19;0
5;2025-12-14;20;0
5;2025-12-14;21;0
5;2025-12-14;22;0
5;2025-12-14;23;0
5;2025-12-15;0;0
5;2025-12-15;1;0
5;2025-12-15;2;0
5;2025-12-15;3;0
5;2025-12-15;4;0
5;2025-12-15;5;0
5;2025-12-15;6;0
5;2025-12-15;7;0
5;2025-12-15;8;0
5;2025-12-15;9;0
5;2025-12-15;10;0
5;2025-12-15;11;0
5;2025-12-15;12;0
5;2025-12-15;13;0
5;2025-12-15;14;0
5;2025-12-15;15;0
5;2025-12-15;16;0
5;2025-12-15;17;0
5;2025-12-15;18;0
5;2025-12-15;19;0
5;2025-12-15;20;0
5;2025-12-15;21;0
5;2025-12-15;22;0
5;2025-12-15;23;0
5;2025-12-16;0;0
5;2025-12-16;1;0
5;2025-12-16;2;0
5;2025-12-16;3;0
5;2025-12-16;4;0
5;2025-12-16;5;0
5;2025-12-16;6;0
5;2025-12-16;7;0
5;2025-12-16;8;0
5;2025-12-16;9;0
5;2025-12-16;10;0
5;2025-12-16;11;0
5;2025-12-16;12;0
5;2025-12-16;13;0
5;2025-12-16;14;0
5;2025-12-16;15;0
5;2025-12-16;16;0
5;2025-12-16;17;0
5;2025-12-16;18;0
5;2025-12-16;19;0
5;2025-12-16;20;0
5;2025-12-16;21;0
5;2025-12-16;22;0
5;2025-12-16;23;0
5;2025-12-17;0;0
5;2025-12-17;1;0
5;2025-12-17;2;0
5;2025-12-17;3;0
5;2025-12-17;4;0
5;2025-12-17;5;0
5;2025-12-17;6;0
5;2025-12-17;7;0
5;2025-12-17;8;0
5;2025-12-17;9;0
5;2025-12-17;10;0
5;2025-12-17;11;0
5;2025-12-17;12;0
5;2025-12-17;13;0
5;2025-12-17;14;0
5;2025-12-17;15;0
5;2025-12-17;16;0
5;2025-12-17;17;0
5;2025-12-17;18;0
5;2025-12-17;19;0
5;2025-12-17;20;0
5;2025-12-17;21;0
5;2025-12-17;22;0
5;2025-12-17;23;0
5;2025-12-18;0;0
5;2025-12-18;1;0
5;2025-12-18;2;0
5;2025-12-18;3;0
5;2025-12-18;4;0
5;2025-12-18;5;0
5;2025-12-18;6;0
5;2025-12-18;7;0
5;2025-12-18;8;0
5;2025-12-18;9;0
5;2025-12-18;10;0
5;2025-12-18;11;0
5;2025-12-18;12;0
5;2025-12-18;13;0
5;2025-12-18;14;0
5;2025-12-18;15;0
5;2025-12-18;16;0
5;2025-12-18;17;0
5;2025-12-18;18;0
5;2025-12-18;19;0
5;2025-12-18;20;0
5;2025-12-18;21;0
5;2025-12-18;22;0
5;2025-12-18;23;0
5;2025-12-19;0;0
5;2025-12-19;1;0
5;2025-12-19;2;0
5;2025-12-19;3;0
5;2025-12-19;4;0
5;2025-12-19;5;0
5;2025-12-19;6;0
5;2025-12-19;7;0
5;2025-12-19;8;0
5;2025-12-19;9;0
5;2025-12-19;10;0
5;2025-12-19;11;0
5;2025-12-19;12;0
5;2025-12-19;13;0
5;2025-12-19;14;0
5;2025-12-19;15;0
5;2025-12-19;16;0
5;2025-12-19;17;0
5;2025-12-19;18;0
5;2025-12-19;19;0
5;2025-12-19;20;0
5;2025-12-19;21;0
5;2025-12-19;22;0
5;2025-12-19;23;0
5;2025-12-20;0;0
5;2025-12-20;1;0
5;2025-12-20;2;0
5;2025-12-20;3;0
5;2025-12-20;4;0
5;2025-12-20;5;0
5;2025-12-20;6;0
5;2025-12-20;7;0
5;2025-12-20;8;0
5;2025-12-20;9;0
5;2025-12-20;10;0
5;2025-12-20;11;0
5;2025-12-20;12;0
5;2025-12-20;13;0
5;2025-12-20;14;0
5;2025-12-20;15;0
5;2025-12-20;16;0
5;2025-12-20;17;0
5;2025-12-20;18;0
5;2025-12-20;19;0
5;2025-12-20;20;0
5;2025-12-20;21;0
5;2025-12-20;22;0
5;2025-12-20;23;0
5;2025-12-21;0;0
5;2025-12-21;1;0
5;2025-12-21;2;0
5;2025-12-21;3;0
5;2025-12-21;4;0
5;2025-12-21;5;0
5;2025-12-21;6;0
5;2025-12-21;7;0
5;2025-12-21;8;0
5;2025-12-21;9;0
5;2025-12-21;10;0
5;2025-12-21;11;0
5;2025-12-21;12;0
5;2025-12-21;13;0
5;2025-12-21;14;0
5;2025-12-21;15;0
5;2025-12-21;16;0
5;2025-12-21;17;0
5;2025-12-21;18;0
5;2025-12-21;19;0
5;2025-12-21;20;0
5;2025-12-21;21;0
5;2025-12-21;22;0
5;2025-12-21;23;0
5;2025-12-22;0;0
5;2025-12-22;1;0
5;2025-12-22;2;0
5;2025-12-22;3;0
5;2025-12-22;4;0
5;2025-12-22;5;0
5;2025-12-22;6;0
5;2025-12-22;7;0
5;2025-12-22;8;0
5;2025-12-22;9;0
5;2025-12-22;10;0
5;2025-12-22;11;0
5;2025-12-22;12;0
5;2025-12-22;13;0
5;2025-12-22;14;0
5;2025-12-22;15;0
5;2025-12-22;16;0
5;2025-12-22;17;0
5;2025-12-22;18;0
5;2025-12-22;19;0
5;2025-12-22;20;0
5;2025-12-22;21;0
5;2025-12-22;22;0
5;2025-12-22;23;0
5;2025-12-23;0;0
5;2025-12-23;1;0
5;2025-12-23;2;0
5;2025-12-23;3;0
5;2025-12-23;4;0
5;2025-12-23;5;0
5;2025-12-23;6;0
5;2025-12-23;7;0
5;2025-12-23;8;0
5;2025-12-23;9;0
5;2025-12-23;10;0
5;2025-12-23;11;0
5;2025-12-23;12;0
5;2025-12-23;13;0
5;2025-12-23;14;0
5;2025-12-23;15;0
5;2025-12-23;16;0
5;2025-12-23;17;0
5;2025-12-23;18;0
5;2025-12-23;19;0
5;2025-12-23;20;0
5;2025-12-23;21;0
5;2025-12-23;22;0
5;2025-12-23;23;0
5;2025-12-24;0;0
5;2025-12-24;1;0
5;2025-12-24;2;0
5;2025-12-24;3;0
5;2025-12-24;4;0
5;2025-12-24;5;0
5;2025-12-24;6;0
5;2025-12-24;7;0
5;2025-12-24;8;0
5;2025-12-24;9;0
5;2025-12-24;10;0
5;2025-12-24;11;0
5;2025-12-24;12;0
5;2025-12-24;13;0
5;2025-12-24;14;0
5;2025-12-24;15;0
5;2025-12-24;16;0
5;2025-12-24;17;0
5;2025-12-24;18;0
5;2025-12-24;19;0
5;2025-12-24;20;0
5;2025-12-24;21;0
5;2025-12-24;22;0
5;2025-12-24;23;0
5;2025-12-25;0;0
5;2025-12-25;1;0
5;2025-12-25;2;0
5;2025-12-25;3;0
5;2025-12-25;4;0
5;2025-12-25;5;0
5;2025-12-25;6;0
5;2025-12-25;7;0
5;2025-12-25;8;0
5;2025-12-25;9;0
5;2025-12-25;10;0
5;2025-12-25;11;0
5;2025-12-25;12;0
5;2025-12-25;13;0
5;2025-12-25;14;0
5;2025-12-25;15;0
5;2025-12-25;16;0
5;2025-12-25;17;0
5;2025-12-25;18;0
5;2025-12-25;19;0
5;2025-12-25;20;0
5;2025-12-25;21;0
5;2025-12-25;22;0
5;2025-12-25;23;0
5;2025-12-26;0;0
5;2025-12-26;1;0
5;2025-12-26;2;0
5;2025-12-26;3;0
5;2025-12-26;4;0
5;2025-12-26;5;0
5;2025-12-26;6;0
5;2025-12-26;7;0
5;2025-12-26;8;0
5;2025-12-26;9;0
5;2025-12-26;10;0
5;2025-12-26;11;0
5;2025-12-26;12;0
5;2025-12-26;13;0
5;2025-12-26;14;0
5;2025-12-26;15;0
5;2025-12-26;16;0
5;2025-12-26;17;0
5;2025-12-26;18;0
5;2025-12-26;19;0
5;2025-12-26;20;0
5;2025-12-26;21;0
5;2025-12-26;22;0
5;2025-12-26;23;0
5;2025-12-27;0;0
5;2025-12-27;1;0
5;2025-12-27;2;0
5;2025-12-27;3;0
5;2025-12-27;4;0
5;2025-12-27;5;0
5;2025-12-27;6;0
5;2025-12-27;7;0
5;2025-12-27;8;0
5;2025-12-27;9;0
5;2025-12-27;10;0
5;2025-12-27;11;0
5;2025-12-27;12;0
5;2025-12-27;13;0
5;2025-12-27;14;0
5;2025-12-27;15;0
5;2025-12-27;16;0
5;2025-12-27;17;0
5;2025-12-27;18;0
5;2025-12-27;19;0
5;2025-12-27;20;0
5;2025-12-27;21;0
5;2025-12-27;22;0
5;2025-12-27;23;0
5;2025-12-28;0;0
5;2025-12-28;1;0
5;2025-12-28;2;0
5;2025-12-28;3;0
5;2025-12-28;4;0
5;2025-12-28;5;0
5;2025-12-28;6;0
5;2025-12-28;7;0
5;2025-12-28;8;0
5;2025-12-28;9;0
5;2025-12-28;10;0
5;2025-12-28;11;0
5;2025-12-28;12;0
5;2025-12-28;13;0
5;2025-12-28;14;0
5;2025-12-28;15;0
5;2025-12-28;16;0
5;2025-12-28;17;0
5;2025-12-28;18;0
5;2025-12-28;19;0
5;2025-12-28;20;0
5;2025-12-28;21;0
5;2025-12-28;22;0
5;2025-12-28;23;0
5;2025-12-29;0;0
5;2025-12-29;1;0
5;2025-12-29;2;0
5;2025-12-29;3;0
5;2025-12-29;4;0
5;2025-12-29;5;0
5;2025-12-29;6;0
5;2025-12-29;7;0
5;2025-12-29;8;0
5;2025-12-29;9;0
5;2025-12-29;10;0
5;2025-12-29;11;0
5;2025-12-29;12;0
5;2025-12-29;13;0
5;2025-12-29;14;0
5;2025-12-29;15;0
5;2025-12-29;16;0
5;2025-12-29;17;0
5;2025-12-29;18;0
5;2025-12-29;19;0
5;2025-12-29;20;0
5;2025-12-29;21;0
5;2025-12-29;22;0
5;2025-12-29;23;0
5;2025-12-30;0;0
5;2025-12-30;1;0
5;2025-12-30;2;0
5;2025-12-30;3;0
5;2025-12-30;4;0
5;2025-12-30;5;0
5;2025-12-30;6;0
5;2025-12-30;7;0
5;2025-12-30;8;0
5;2025-12-30;9;0
5;2025-12-30;10;0
5;2025-12-30;11;0
5;2025-12-30;12;0
5;2025-12-30;13;0
5;2025-12-30;14;0
5;2025-12-30;15;0
5;2025-12-30;16;0
5;2025-12-30;17;0
5;2025-12-30;18;0
5;2025-12-30;19;0
5;2025-12-30;20;0
5;2025-12-30;21;0
5;2025-12-30;22;0
5;2025-12-30;23;0
5;2025-12-31;0;0
5;2025-12-31;1;0
5;2025-12-31;2;0
5;2025-12-31;3;0
5;2025-12-31;4;0
5;2025-12-31;5;0
5;2025-12-31;6;0
5;2025-12-31;7;0
5;2025-12-31;8;0
5;2025-12-31;9;0
5;2025-12-31;10;0
5;2025-12-31;11;0
5;2025-12-31;12;0
5;2025-12-31;13;0
5;2025-12-31;14;0
5;2025-12-31;15;0
5;2025-12-31;16;0
5;2025-12-31;17;0
5;2025-12-31;18;0
5;2025-12-31;19;0
5;2025-12-31;20;0
5;2025-12-31;21;0
5;2025-12-31;22;0
5;2025-12-31;23;0
7;2025-11-01;0;122
7;2025-11-01;1;36
7;2025-11-01;2;0
7;2025-11-01;3;0
7;2025-11-01;4;21
7;2025-11-01;5;57
7;2025-11-01;6;386
7;2025-11-01;7;736
7;2025-11-01;8;1737
7;2025-11-01;9;1596
7;2025-11-01;10;1466
7;2025-11-01;11;1743
7;2025-11-01;12;1819
7;2025-11-01;13;1896
7;2025-11-01;14;1915
7;2025-11-01;15;2015
7;2025-11-01;16;2029
7;2025-11-01;17;2222
7;2025-11-01;18;2192
7;2025-11-01;19;1576
7;2025-11-01;20;938
7;2025-11-01;21;581
7;2025-11-01;22;410
7;2025-11-01;23;261
7;2025-11-02;0;110
7;2025-11-02;1;18
7;2025-11-02;2;0
7;2025-11-02;3;0
7;2025-11-02;4;0
7;2025-11-02;5;32
7;2025-11-02;6;176
7;2025-11-02;7;317
7;2025-11-02;8;504
7;2025-11-02;9;600
7;2025-11-02;10;661
7;2025-11-02;11;858
7;2025-11-02;12;1008
7;2025-11-02;13;996
7;2025-11-02;14;982
7;2025-11-02;15;959
7;2025-11-02;16;835
7;2025-11-02;17;873
7;2025-11-02;18;789
7;2025-11-02;19;685
7;2025-11-02;20;584
7;2025-11-02;21;442
7;2025-11-02;22;254
7;2025-11-02;23;167
7;2025-11-03;0;63
7;2025-11-03;1;14
7;2025-11-03;2;0
7;2025-11-03;3;0
7;2025-11-03;4;0
7;2025-11-03;5;56
7;2025-11-03;6;315
7;2025-11-03;7;673
7;2025-11-03;8;1204
7;2025-11-03;9;901
7;2025-11-03;10;892
7;2025-11-03;11;836
7;2025-11-03;12;938
7;2025-11-03;13;892
7;2025-11-03;14;924
7;2025-11-03;15;941
7;2025-11-03;16;941
7;2025-11-03;17;1076
7;2025-11-03;18;1303
7;2025-11-03;19;917
7;2025-11-03;20;708
7;2025-11-03;21;480
7;2025-11-03;22;290
7;2025-11-03;23;145
7;2025-11-04;0;75
7;2025-11-04;1;22
7;2025-11-04;2;0
7;2025-11-04;3;0
7;2025-11-04;4;0
7;2025-11-04;5;29
7;2025-11-04;6;235
7;2025-11-04;7;438
7;2025-11-04;8;665
7;2025-11-04;9;648
7;2025-11-04;10;768
7;2025-11-04;11;761
7;2025-11-04;12;894
7;2025-11-04;13;781
7;2025-11-04;14;815
7;2025-11-04;15;768
7;2025-11-04;16;857
7;2025-11-04;17;833
7;2025-11-04;18;945
7;2025-11-04;19;835
7;2025-11-04;20;624
7;2025-11-04;21;408
7;2025-11-04;22;321
7;2025-11-04;23;195
7;2025-11-05;0;66
7;2025-11-05;1;11
7;2025-11-05;2;0
7;2025-11-05;3;0
7;2025-11-05;4;3
7;2025-11-05;5;195
7;2025-11-05;6;662
7;2025-11-05;7;1643
7;2025-11-05;8;2580
7;2025-11-05;9;1868
7;2025-11-05;10;1674
7;2025-11-05;11;1549
7;2025-11-05;12;1659
7;2025-11-05;13;1592
7;2025-11-05;14;1675
7;2025-11-05;15;1799
7;2025-11-05;16;1881
7;2025-11-05;17;2413
7;2025-11-05;18;2667
7;2025-11-05;19;1751
7;2025-11-05;20;1124
7;2025-11-05;21;668
7;2025-11-05;22;339
7;2025-11-05;23;210
7;2025-11-06;0;72
7;2025-11-06;1;15
7;2025-11-06;2;0
7;2025-11-06;3;0
7;2025-11-06;4;2
7;2025-11-06;5;194
7;2025-11-06;6;668
7;2025-11-06;7;1649
7;2025-11-06;8;2575
7;2025-11-06;9;1864
7;2025-11-06;10;1672
7;2025-11-06;11;1547
7;2025-11-06;12;1667
7;2025-11-06;13;1604
7;2025-11-06;14;1696
7;2025-11-06;15;1805
7;2025-11-06;16;1893
7;2025-11-06;17;2408
7;2025-11-06;18;2671
7;2025-11-06;19;1760
7;2025-11-06;20;1120
7;2025-11-06;21;668
7;2025-11-06;22;334
7;2025-11-06;23;211
7;2025-11-07;0;75
7;2025-11-07;1;12
7;2025-11-07;2;0
7;2025-11-07;3;0
7;2025-11-07;4;2
7;2025-11-07;5;185
7;2025-11-07;6;623
7;2025-11-07;7;1565
7;2025-11-07;8;2447
7;2025-11-07;9;1815
7;2025-11-07;10;1620
7;2025-11-07;11;1558
7;2025-11-07;12;1670
7;2025-11-07;13;1646
7;2025-11-07;14;1720
7;2025-11-07;15;1867
7;2025-11-07;16;1928
7;2025-11-07;17;2358
7;2025-11-07;18;2277
7;2025-11-07;19;1672
7;2025-11-07;20;1069
7;2025-11-07;21;619
7;2025-11-07;22;336
7;2025-11-07;23;231
7;2025-11-08;0;111
7;2025-11-08;1;23
7;2025-11-08;2;0
7;2025-11-08;3;0
7;2025-11-08;4;0
7;2025-11-08;5;51
7;2025-11-08;6;274
7;2025-11-08;7;469
7;2025-11-08;8;724
7;2025-11-08;9;756
7;2025-11-08;10;839
7;2025-11-08;11;1005
7;2025-11-08;12;1167
7;2025-11-08;13;1133
7;2025-11-08;14;1132
7;2025-11-08;15;1162
7;2025-11-08;16;1019
7;2025-11-08;17;1029
7;2025-11-08;18;976
7;2025-11-08;19;922
7;2025-11-08;20;724
7;2025-11-08;21;536
7;2025-11-08;22;317
7;2025-11-08;23;201
7;2025-11-09;0;110
7;2025-11-09;1;18
7;2025-11-09;2;0
7;2025-11-09;3;0
7;2025-11-09;4;0
7;2025-11-09;5;32
7;2025-11-09;6;176
7;2025-11-09;7;317
7;2025-11-09;8;504
7;2025-11-09;9;600
7;2025-11-09;10;661
7;2025-11-09;11;858
7;2025-11-09;12;1008
7;2025-11-09;13;996
7;2025-11-09;14;982
7;2025-11-09;15;959
7;2025-11-09;16;835
7;2025-11-09;17;873
7;2025-11-09;18;789
7;2025-11-09;19;685
7;2025-11-09;20;584
7;2025-11-09;21;442
7;2025-11-09;22;254
7;2025-11-09;23;167
7;2025-11-10;0;70
7;2025-11-10;1;10
7;2025-11-10;2;0
7;2025-11-10;3;0
7;2025-11-10;4;2
7;2025-11-10;5;184
7;2025-11-10;6;656
7;2025-11-10;7;1588
7;2025-11-10;8;2542
7;2025-11-10;9;1814
7;2025-11-10;10;1594
7;2025-11-10;11;1480
7;2025-11-10;12;1587
7;2025-11-10;13;1563
7;2025-11-10;14;1622
7;2025-11-10;15;1766
7;2025-11-10;16;1854
7;2025-11-10;17;2372
7;2025-11-10;18;2612
7;2025-11-10;19;1695
7;2025-11-10;20;1057
7;2025-11-10;21;602
7;2025-11-10;22;300
7;2025-11-10;23;186
7;2025-11-11;0;59
7;2025-11-11;1;12
7;2025-11-11;2;0
7;2025-11-11;3;0
7;2025-11-11;4;3
7;2025-11-11;5;190
7;2025-11-11;6;669
7;2025-11-11;7;1657
7;2025-11-11;8;2589
7;2025-11-11;9;1869
7;2025-11-11;10;1671
7;2025-11-11;11;1553
7;2025-11-11;12;1665
7;2025-11-11;13;1602
7;2025-11-11;14;1677
7;2025-11-11;15;1804
7;2025-11-11;16;1891
7;2025-11-11;17;2422
7;2025-11-11;18;2706
7;2025-11-11;19;1780
7;2025-11-11;20;1121
7;2025-11-11;21;660
7;2025-11-11;22;332
7;2025-11-11;23;192
7;2025-11-12;0;66
7;2025-11-12;1;11
7;2025-11-12;2;0
7;2025-11-12;3;0
7;2025-11-12;4;3
7;2025-11-12;5;195
7;2025-11-12;6;662
7;2025-11-12;7;1643
7;2025-11-12;8;2580
7;2025-11-12;9;1868
7;2025-11-12;10;1674
7;2025-11-12;11;1549
7;2025-11-12;12;1659
7;2025-11-12;13;1592
7;2025-11-12;14;1675
7;2025-11-12;15;1799
7;2025-11-12;16;1881
7;2025-11-12;17;2413
7;2025-11-12;18;2667
7;2025-11-12;19;1751
7;2025-11-12;20;1124
7;2025-11-12;21;668
7;2025-11-12;22;339
7;2025-11-12;23;210
7;2025-11-13;0;72
7;2025-11-13;1;15
7;2025-11-13;2;0
7;2025-11-13;3;0
7;2025-11-13;4;2
7;2025-11-13;5;194
7;2025-11-13;6;668
7;2025-11-13;7;1649
7;2025-11-13;8;2575
7;2025-11-13;9;1864
7;2025-11-13;10;1672
7;2025-11-13;11;1547
7;2025-11-13;12;1667
7;2025-11-13;13;1604
7;2025-11-13;14;1696
7;2025-11-13;15;1805
7;2025-11-13;16;1893
7;2025-11-13;17;2408
7;2025-11-13;18;2671
7;2025-11-13;19;1760
7;2025-11-13;20;1120
7;2025-11-13;21;668
7;2025-11-13;22;334
7;2025-11-13;23;211
7;2025-11-14;0;75
7;2025-11-14;1;12
7;2025-11-14;2;0
7;2025-11-14;3;0
7;2025-11-14;4;2
7;2025-11-14;5;185
7;2025-11-14;6;623
7;2025-11-14;7;1565
7;2025-11-14;8;2447
7;2025-11-14;9;1815
7;2025-11-14;10;1620
7;2025-11-14;11;1558
7;2025-11-14;12;1670
7;2025-11-14;13;1646
7;2025-11-14;14;1720
7;2025-11-14;15;1867
7;2025-11-14;16;1928
7;2025-11-14;17;2358
7;2025-11-14;18;2277
7;2025-11-14;19;1672
7;2025-11-14;20;1069
7;2025-11-14;21;619
7;2025-11-14;22;336
7;2025-11-14;23;231
7;2025-11-15;0;111
7;2025-11-15;1;23
7;2025-11-15;2;0
7;2025-11-15;3;0
7;2025-11-15;4;0
7;2025-11-15;5;51
7;2025-11-15;6;274
7;2025-11-15;7;469
7;2025-11-15;8;724
7;2025-11-15;9;756
7;2025-11-15;10;839
7;2025-11-15;11;1005
7;2025-11-15;12;1167
7;2025-11-15;13;1133
7;2025-11-15;14;1132
7;2025-11-15;15;1162
7;2025-11-15;16;1019
7;2025-11-15;17;1029
7;2025-11-15;18;976
7;2025-11-15;19;922
7;2025-11-15;20;724
7;2025-11-15;21;536
7;2025-11-15;22;317
7;2025-11-15;23;201
7;2025-11-16;0;110
7;2025-11-16;1;18
7;2025-11-16;2;0
7;2025-11-16;3;0
7;2025-11-16;4;0
7;2025-11-16;5;32
7;2025-11-16;6;176
7;2025-11-16;7;317
7;2025-11-16;8;504
7;2025-11-16;9;600
7;2025-11-16;10;661
7;2025-11-16;11;858
7;2025-11-16;12;1008
7;2025-11-16;13;996
7;2025-11-16;14;982
7;2025-11-16;15;959
7;2025-11-16;16;835
7;2025-11-16;17;873
7;2025-11-16;18;789
7;2025-11-16;19;685
7;2025-11-16;20;584
7;2025-11-16;21;442
7;2025-11-16;22;254
7;2025-11-16;23;167
7;2025-11-17;0;70
7;2025-11-17;1;10
7;2025-11-17;2;0
7;2025-11-17;3;0
7;2025-11-17;4;2
7;2025-11-17;5;184
7;2025-11-17;6;656
7;2025-11-17;7;1588
7;2025-11-17;8;2542
7;2025-11-17;9;1814
7;2025-11-17;10;1594
7;2025-11-17;11;1480
7;2025-11-17;12;1587
7;2025-11-17;13;1563
7;2025-11-17;14;1622
7;2025-11-17;15;1766
7;2025-11-17;16;1854
7;2025-11-17;17;2372
7;2025-11-17;18;2612
7;2025-11-17;19;1695
7;2025-11-17;20;1057
7;2025-11-17;21;602
7;2025-11-17;22;300
7;2025-11-17;23;186
7;2025-11-18;0;59
7;2025-11-18;1;12
7;2025-11-18;2;0
7;2025-11-18;3;0
7;2025-11-18;4;3
7;2025-11-18;5;190
7;2025-11-18;6;669
7;2025-11-18;7;1657
7;2025-11-18;8;2589
7;2025-11-18;9;1869
7;2025-11-18;10;1671
7;2025-11-18;11;1553
7;2025-11-18;12;1665
7;2025-11-18;13;1602
7;2025-11-18;14;1677
7;2025-11-18;15;1804
7;2025-11-18;16;1891
7;2025-11-18;17;2422
7;2025-11-18;18;2706
7;2025-11-18;19;1780
7;2025-11-18;20;1121
7;2025-11-18;21;660
7;2025-11-18;22;332
7;2025-11-18;23;192
7;2025-11-19;0;66
7;2025-11-19;1;11
7;2025-11-19;2;0
7;2025-11-19;3;0
7;2025-11-19;4;3
7;2025-11-19;5;195
7;2025-11-19;6;662
7;2025-11-19;7;1643
7;2025-11-19;8;2580
7;2025-11-19;9;1868
7;2025-11-19;10;1674
7;2025-11-19;11;1549
7;2025-11-19;12;1659
7;2025-11-19;13;1592
7;2025-11-19;14;1675
7;2025-11-19;15;1799
7;2025-11-19;16;1881
7;2025-11-19;17;2413
7;2025-11-19;18;2667
7;2025-11-19;19;1751
7;2025-11-19;20;1124
7;2025-11-19;21;668
7;2025-11-19;22;339
7;2025-11-19;23;210
7;2025-11-20;0;72
7;2025-11-20;1;15
7;2025-11-20;2;0
7;2025-11-20;3;0
7;2025-11-20;4;2
7;2025-11-20;5;194
7;2025-11-20;6;668
7;2025-11-20;7;1649
7;2025-11-20;8;2575
7;2025-11-20;9;1864
7;2025-11-20;10;1672
7;2025-11-20;11;1547
7;2025-11-20;12;1667
7;2025-11-20;13;1604
7;2025-11-20;14;1696
7;2025-11-20;15;1805
7;2025-11-20;16;1893
7;2025-11-20;17;2408
7;2025-11-20;18;2671
7;2025-11-20;19;1760
7;2025-11-20;20;1120
7;2025-11-20;21;668
7;2025-11-20;22;334
7;2025-11-20;23;211
7;2025-11-21;0;75
7;2025-11-21;1;12
7;2025-11-21;2;0
7;2025-11-21;3;0
7;2025-11-21;4;2
7;2025-11-21;5;185
7;2025-11-21;6;623
7;2025-11-21;7;1565
7;2025-11-21;8;2447
7;2025-11-21;9;1815
7;2025-11-21;10;1620
7;2025-11-21;11;1558
7;2025-11-21;12;1670
7;2025-11-21;13;1646
7;2025-11-21;14;1720
7;2025-11-21;15;1867
7;2025-11-21;16;1928
7;2025-11-21;17;2358
7;2025-11-21;18;2277
7;2025-11-21;19;1672
7;2025-11-21;20;1069
7;2025-11-21;21;619
7;2025-11-21;22;336
7;2025-11-21;23;231
7;2025-11-22;0;111
7;2025-11-22;1;23
7;2025-11-22;2;0
7;2025-11-22;3;0
7;2025-11-22;4;0
7;2025-11-22;5;51
7;2025-11-22;6;274
7;2025-11-22;7;469
7;2025-11-22;8;724
7;2025-11-22;9;756
7;2025-11-22;10;839
7;2025-11-22;11;1005
7;2025-11-22;12;1167
7;2025-11-22;13;1133
7;2025-11-22;14;1132
7;2025-11-22;15;1162
7;2025-11-22;16;1019
7;2025-11-22;17;1029
7;2025-11-22;18;976
7;2025-11-22;19;922
7;2025-11-22;20;724
7;2025-11-22;21;536
7;2025-11-22;22;317
7;2025-11-22;23;201
7;2025-11-23;0;110
7;2025-11-23;1;18
7;2025-11-23;2;0
7;2025-11-23;3;0
7;2025-11-23;4;0
7;2025-11-23;5;32
7;2025-11-23;6;176
7;2025-11-23;7;317
7;2025-11-23;8;504
7;2025-11-23;9;600
7;2025-11-23;10;661
7;2025-11-23;11;858
7;2025-11-23;12;1008
7;2025-11-23;13;996
7;2025-11-23;14;982
7;2025-11-23;15;959
7;2025-11-23;16;835
7;2025-11-23;17;873
7;2025-11-23;18;789
7;2025-11-23;19;685
7;2025-11-23;20;584
7;2025-11-23;21;442
7;2025-11-23;22;254
7;2025-11-23;23;167
7;2025-11-24;0;70
7;2025-11-24;1;10
7;2025-11-24;2;0
7;2025-11-24;3;0
7;2025-11-24;4;2
7;2025-11-24;5;184
7;2025-11-24;6;656
7;2025-11-24;7;1588
7;2025-11-24;8;2542
7;2025-11-24;9;1814
7;2025-11-24;10;1594
7;2025-11-24;11;1480
7;2025-11-24;12;1587
7;2025-11-24;13;1563
7;2025-11-24;14;1622
7;2025-11-24;15;1766
7;2025-11-24;16;1854
7;2025-11-24;17;2372
7;2025-11-24;18;2612
7;2025-11-24;19;1695
7;2025-11-24;20;1057
7;2025-11-24;21;602
7;2025-11-24;22;300
7;2025-11-24;23;186
7;2025-11-25;0;59
7;2025-11-25;1;12
7;2025-11-25;2;0
7;2025-11-25;3;0
7;2025-11-25;4;3
7;2025-11-25;5;190
7;2025-11-25;6;669
7;2025-11-25;7;1657
7;2025-11-25;8;2589
7;2025-11-25;9;1869
7;2025-11-25;10;1671
7;2025-11-25;11;1553
7;2025-11-25;12;1665
7;2025-11-25;13;1602
7;2025-11-25;14;1677
7;2025-11-25;15;1804
7;2025-11-25;16;1891
7;2025-11-25;17;2422
7;2025-11-25;18;2706
7;2025-11-25;19;1780
7;2025-11-25;20;1121
7;2025-11-25;21;660
7;2025-11-25;22;332
7;2025-11-25;23;192
7;2025-11-26;0;66
7;2025-11-26;1;11
7;2025-11-26;2;0
7;2025-11-26;3;0
7;2025-11-26;4;3
7;2025-11-26;5;195
7;2025-11-26;6;662
7;2025-11-26;7;1643
7;2025-11-26;8;2580
7;2025-11-26;9;1868
7;2025-11-26;10;1674
7;2025-11-26;11;1549
7;2025-11-26;12;1659
7;2025-11-26;13;1592
7;2025-11-26;14;1675
7;2025-11-26;15;1799
7;2025-11-26;16;1881
7;2025-11-26;17;2413
7;2025-11-26;18;2667
7;2025-11-26;19;1751
7;2025-11-26;20;1124
7;2025-11-26;21;668
7;2025-11-26;22;339
7;2025-11-26;23;210
7;2025-11-27;0;72
7;2025-11-27;1;15
7;2025-11-27;2;0
7;2025-11-27;3;0
7;2025-11-27;4;2
7;2025-11-27;5;194
7;2025-11-27;6;668
7;2025-11-27;7;1649
7;2025-11-27;8;2575
7;2025-11-27;9;1864
7;2025-11-27;10;1672
7;2025-11-27;11;1547
7;2025-11-27;12;1667
7;2025-11-27;13;1604
7;2025-11-27;14;1696
7;2025-11-27;15;1805
7;2025-11-27;16;1893
7;2025-11-27;17;2408
7;2025-11-27;18;2671
7;2025-11-27;19;1760
7;2025-11-27;20;1120
7;2025-11-27;21;668
7;2025-11-27;22;334
7;2025-11-27;23;211
7;2025-11-28;0;75
7;2025-11-28;1;12
7;2025-11-28;2;0
7;2025-11-28;3;0
7;2025-11-28;4;2
7;2025-11-28;5;185
7;2025-11-28;6;623
7;2025-11-28;7;1565
7;2025-11-28;8;2447
7;2025-11-28;9;1815
7;2025-11-28;10;1620
7;2025-11-28;11;1558
7;2025-11-28;12;1670
7;2025-11-28;13;1646
7;2025-11-28;14;1720
7;2025-11-28;15;1867
7;2025-11-28;16;1928
7;2025-11-28;17;2358
7;2025-11-28;18;2277
7;2025-11-28;19;1672
7;2025-11-28;20;1069
7;2025-11-28;21;619
7;2025-11-28;22;336
7;2025-11-28;23;231
7;2025-11-29;0;111
7;2025-11-29;1;23
7;2025-11-29;2;0
7;2025-11-29;3;0
7;2025-11-29;4;0
7;2025-11-29;5;51
7;2025-11-29;6;274
7;2025-11-29;7;469
7;2025-11-29;8;724
7;2025-11-29;9;756
7;2025-11-29;10;839
7;2025-11-29;11;1005
7;2025-11-29;12;1167
7;2025-11-29;13;1133
7;2025-11-29;14;1132
7;2025-11-29;15;1162
7;2025-11-29;16;1019
7;2025-11-29;17;1029
7;2025-11-29;18;976
7;2025-11-29;19;922
7;2025-11-29;20;724
7;2025-11-29;21;536
7;2025-11-29;22;317
7;2025-11-29;23;201
7;2025-11-30;0;110
7;2025-11-30;1;18
7;2025-11-30;2;0
7;2025-11-30;3;0
7;2025-11-30;4;0
7;2025-11-30;5;32
7;2025-11-30;6;176
7;2025-11-30;7;317
7;2025-11-30;8;504
7;2025-11-30;9;600
7;2025-11-30;10;661
7;2025-11-30;11;858
7;2025-11-30;12;1008
7;2025-11-30;13;996
7;2025-11-30;14;982
7;2025-11-30;15;959
7;2025-11-30;16;835
7;2025-11-30;17;873
7;2025-11-30;18;789
7;2025-11-30;19;685
7;2025-11-30;20;584
7;2025-11-30;21;442
7;2025-11-30;22;254
7;2025-11-30;23;167
7;2025-12-01;0;61
7;2025-12-01;1;9
7;2025-12-01;2;0
7;2025-12-01;3;0
7;2025-12-01;4;0
7;2025-12-01;5;197
7;2025-12-01;6;688
7;2025-12-01;7;1578
7;2025-12-01;8;2537
7;2025-12-01;9;1835
7;2025-12-01;10;1551
7;2025-12-01;11;1438
7;2025-12-01;12;1541
7;2025-12-01;13;1553
7;2025-12-01;14;1604
7;2025-12-01;15;1756
7;2025-12-01;16;1868
7;2025-12-01;17;2389
7;2025-12-01;18;2635
7;2025-12-01;19;1741
7;2025-12-01;20;1058
7;2025-12-01;21;596
7;2025-12-01;22;294
7;2025-12-01;23;168
7;2025-12-02;0;49
7;2025-12-02;1;10
7;2025-12-02;2;0
7;2025-12-02;3;0
7;2025-12-02;4;2
7;2025-12-02;5;203
7;2025-12-02;6;696
7;2025-12-02;7;1634
7;2025-12-02;8;2582
7;2025-12-02;9;1886
7;2025-12-02;10;1629
7;2025-12-02;11;1505
7;2025-12-02;12;1612
7;2025-12-02;13;1608
7;2025-12-02;14;1663
7;2025-12-02;15;1799
7;2025-12-02;16;1909
7;2025-12-02;17;2440
7;2025-12-02;18;2717
7;2025-12-02;19;1836
7;2025-12-02;20;1093
7;2025-12-02;21;637
7;2025-12-02;22;325
7;2025-12-02;23;174
7;2025-12-03;0;56
7;2025-12-03;1;10
7;2025-12-03;2;0
7;2025-12-03;3;0
7;2025-12-03;4;1
7;2025-12-03;5;208
7;2025-12-03;6;690
7;2025-12-03;7;1620
7;2025-12-03;8;2574
7;2025-12-03;9;1885
7;2025-12-03;10;1631
7;2025-12-03;11;1501
7;2025-12-03;12;1606
7;2025-12-03;13;1598
7;2025-12-03;14;1662
7;2025-12-03;15;1795
7;2025-12-03;16;1900
7;2025-12-03;17;2431
7;2025-12-03;18;2680
7;2025-12-03;19;1807
7;2025-12-03;20;1096
7;2025-12-03;21;641
7;2025-12-03;22;331
7;2025-12-03;23;191
7;2025-12-04;0;62
7;2025-12-04;1;14
7;2025-12-04;2;0
7;2025-12-04;3;0
7;2025-12-04;4;1
7;2025-12-04;5;206
7;2025-12-04;6;695
7;2025-12-04;7;1626
7;2025-12-04;8;2569
7;2025-12-04;9;1881
7;2025-12-04;10;1629
7;2025-12-04;11;1499
7;2025-12-04;12;1614
7;2025-12-04;13;1611
7;2025-12-04;14;1682
7;2025-12-04;15;1801
7;2025-12-04;16;1911
7;2025-12-04;17;2426
7;2025-12-04;18;2683
7;2025-12-04;19;1816
7;2025-12-04;20;1092
7;2025-12-04;21;641
7;2025-12-04;22;327
7;2025-12-04;23;193
7;2025-12-05;0;65
7;2025-12-05;1;11
7;2025-12-05;2;0
7;2025-12-05;3;0
7;2025-12-05;4;0
7;2025-12-05;5;198
7;2025-12-05;6;653
7;2025-12-05;7;1549
7;2025-12-05;8;2438
7;2025-12-05;9;1830
7;2025-12-05;10;1570
7;2025-12-05;11;1502
7;2025-12-05;12;1610
7;2025-12-05;13;1645
7;2025-12-05;14;1696
7;2025-12-05;15;1852
7;2025-12-05;16;1939
7;2025-12-05;17;2374
7;2025-12-05;18;2272
7;2025-12-05;19;1705
7;2025-12-05;20;1062
7;2025-12-05;21;613
7;2025-12-05;22;328
7;2025-12-05;23;213
7;2025-12-06;0;100
7;2025-12-06;1;24
7;2025-12-06;2;0
7;2025-12-06;3;0
7;2025-12-06;4;0
7;2025-12-06;5;50
7;2025-12-06;6;298
7;2025-12-06;7;467
7;2025-12-06;8;714
7;2025-12-06;9;776
7;2025-12-06;10;811
7;2025-12-06;11;948
7;2025-12-06;12;1100
7;2025-12-06;13;1132
7;2025-12-06;14;1131
7;2025-12-06;15;1145
7;2025-12-06;16;1031
7;2025-12-06;17;1042
7;2025-12-06;18;969
7;2025-12-06;19;962
7;2025-12-06;20;697
7;2025-12-06;21;579
7;2025-12-06;22;321
7;2025-12-06;23;189
7;2025-12-07;0;100
7;2025-12-07;1;19
7;2025-12-07;2;0
7;2025-12-07;3;0
7;2025-12-07;4;1
7;2025-12-07;5;31
7;2025-12-07;6;204
7;2025-12-07;7;331
7;2025-12-07;8;499
7;2025-12-07;9;625
7;2025-12-07;10;644
7;2025-12-07;11;812
7;2025-12-07;12;955
7;2025-12-07;13;997
7;2025-12-07;14;982
7;2025-12-07;15;941
7;2025-12-07;16;843
7;2025-12-07;17;887
7;2025-12-07;18;800
7;2025-12-07;19;710
7;2025-12-07;20;587
7;2025-12-07;21;503
7;2025-12-07;22;258
7;2025-12-07;23;154
7;2025-12-08;0;61
7;2025-12-08;1;9
7;2025-12-08;2;0
7;2025-12-08;3;0
7;2025-12-08;4;0
7;2025-12-08;5;197
7;2025-12-08;6;688
7;2025-12-08;7;1578
7;2025-12-08;8;2537
7;2025-12-08;9;1835
7;2025-12-08;10;1551
7;2025-12-08;11;1438
7;2025-12-08;12;1541
7;2025-12-08;13;1553
7;2025-12-08;14;1604
7;2025-12-08;15;1756
7;2025-12-08;16;1868
7;2025-12-08;17;2389
7;2025-12-08;18;2635
7;2025-12-08;19;1741
7;2025-12-08;20;1058
7;2025-12-08;21;596
7;2025-12-08;22;294
7;2025-12-08;23;168
7;2025-12-09;0;49
7;2025-12-09;1;10
7;2025-12-09;2;0
7;2025-12-09;3;0
7;2025-12-09;4;2
7;2025-12-09;5;203
7;2025-12-09;6;696
7;2025-12-09;7;1634
7;2025-12-09;8;2582
7;2025-12-09;9;1886
7;2025-12-09;10;1629
7;2025-12-09;11;1505
7;2025-12-09;12;1612
7;2025-12-09;13;1608
7;2025-12-09;14;1663
7;2025-12-09;15;1799
7;2025-12-09;16;1909
7;2025-12-09;17;2440
7;2025-12-09;18;2717
7;2025-12-09;19;1836
7;2025-12-09;20;1093
7;2025-12-09;21;637
7;2025-12-09;22;325
7;2025-12-09;23;174
7;2025-12-10;0;56
7;2025-12-10;1;10
7;2025-12-10;2;0
7;2025-12-10;3;0
7;2025-12-10;4;1
7;2025-12-10;5;208
7;2025-12-10;6;690
7;2025-12-10;7;1620
7;2025-12-10;8;2574
7;2025-12-10;9;1885
7;2025-12-10;10;1631
7;2025-12-10;11;1501
7;2025-12-10;12;1606
7;2025-12-10;13;1598
7;2025-12-10;14;1662
7;2025-12-10;15;1795
7;2025-12-10;16;1900
7;2025-12-10;17;2431
7;2025-12-10;18;2680
7;2025-12-10;19;1807
7;2025-12-10;20;1096
7;2025-12-10;21;641
7;2025-12-10;22;331
7;2025-12-10;23;191
7;2025-12-11;0;62
7;2025-12-11;1;14
7;2025-12-11;2;0
7;2025-12-11;3;0
7;2025-12-11;4;1
7;2025-12-11;5;206
7;2025-12-11;6;695
7;2025-12-11;7;1626
7;2025-12-11;8;2569
7;2025-12-11;9;1881
7;2025-12-11;10;1629
7;2025-12-11;11;1499
7;2025-12-11;12;1614
7;2025-12-11;13;1611
7;2025-12-11;14;1682
7;2025-12-11;15;1801
7;2025-12-11;16;1911
7;2025-12-11;17;2426
7;2025-12-11;18;2683
7;2025-12-11;19;1816
7;2025-12-11;20;1092
7;2025-12-11;21;641
7;2025-12-11;22;327
7;2025-12-11;23;193
7;2025-12-12;0;65
7;2025-12-12;1;11
7;2025-12-12;2;0
7;2025-12-12;3;0
7;2025-12-12;4;0
7;2025-12-12;5;198
7;2025-12-12;6;653
7;2025-12-12;7;1549
7;2025-12-12;8;2438
7;2025-12-12;9;1830
7;2025-12-12;10;1570
7;2025-12-12;11;1502
7;2025-12-12;12;1610
7;2025-12-12;13;1645
7;2025-12-12;14;1696
7;2025-12-12;15;1852
7;2025-12-12;16;1939
7;2025-12-12;17;2374
7;2025-12-12;18;2272
7;2025-12-12;19;1705
7;2025-12-12;20;1062
7;2025-12-12;21;613
7;2025-12-12;22;328
7;2025-12-12;23;213
7;2025-12-13;0;100
7;2025-12-13;1;24
7;2025-12-13;2;0
7;2025-12-13;3;0
7;2025-12-13;4;0
7;2025-12-13;5;50
7;2025-12-13;6;298
7;2025-12-13;7;467
7;2025-12-13;8;714
7;2025-12-13;9;776
7;2025-12-13;10;811
7;2025-12-13;11;948
7;2025-12-13;12;1100
7;2025-12-13;13;1132
7;2025-12-13;14;1131
7;2025-12-13;15;1145
7;2025-12-13;16;1031
7;2025-12-13;17;1042
7;2025-12-13;18;969
7;2025-12-13;19;962
7;2025-12-13;20;697
7;2025-12-13;21;579
7;2025-12-13;22;321
7;2025-12-13;23;189
7;2025-12-14;0;100
7;2025-12-14;1;19
7;2025-12-14;2;0
7;2025-12-14;3;0
7;2025-12-14;4;1
7;2025-12-14;5;31
7;2025-12-14;6;204
7;2025-12-14;7;331
7;2025-12-14;8;499
7;2025-12-14;9;625
7;2025-12-14;10;644
7;2025-12-14;11;812
7;2025-12-14;12;955
7;2025-12-14;13;997
7;2025-12-14;14;982
7;2025-12-14;15;941
7;2025-12-14;16;843
7;2025-12-14;17;887
7;2025-12-14;18;800
7;2025-12-14;19;710
7;2025-12-14;20;587
7;2025-12-14;21;503
7;2025-12-14;22;258
7;2025-12-14;23;154
7;2025-12-15;0;61
7;2025-12-15;1;9
7;2025-12-15;2;0
7;2025-12-15;3;0
7;2025-12-15;4;0
7;2025-12-15;5;197
7;2025-12-15;6;688
7;2025-12-15;7;1578
7;2025-12-15;8;2537
7;2025-12-15;9;1835
7;2025-12-15;10;1551
7;2025-12-15;11;1438
7;2025-12-15;12;1541
7;2025-12-15;13;1553
7;2025-12-15;14;1604
7;2025-12-15;15;1756
7;2025-12-15;16;1868
7;2025-12-15;17;2389
7;2025-12-15;18;2635
7;2025-12-15;19;1741
7;2025-12-15;20;1058
7;2025-12-15;21;596
7;2025-12-15;22;294
7;2025-12-15;23;168
7;2025-12-16;0;49
7;2025-12-16;1;10
7;2025-12-16;2;0
7;2025-12-16;3;0
7;2025-12-16;4;2
7;2025-12-16;5;203
7;2025-12-16;6;696
7;2025-12-16;7;1634
7;2025-12-16;8;2582
7;2025-12-16;9;1886
7;2025-12-16;10;1629
7;2025-12-16;11;1505
7;2025-12-16;12;1612
7;2025-12-16;13;1608
7;2025-12-16;14;1663
7;2025-12-16;15;1799
7;2025-12-16;16;1909
7;2025-12-16;17;2440
7;2025-12-16;18;2717
7;2025-12-16;19;1836
7;2025-12-16;20;1093
7;2025-12-16;21;637
7;2025-12-16;22;325
7;2025-12-16;23;174
7;2025-12-17;0;56
7;2025-12-17;1;10
7;2025-12-17;2;0
7;2025-12-17;3;0
7;2025-12-17;4;1
7;2025-12-17;5;208
7;2025-12-17;6;690
7;2025-12-17;7;1620
7;2025-12-17;8;2574
7;2025-12-17;9;1885
7;2025-12-17;10;1631
7;2025-12-17;11;1501
7;2025-12-17;12;1606
7;2025-12-17;13;1598
7;2025-12-17;14;1662
7;2025-12-17;15;1795
7;2025-12-17;16;1900
7;2025-12-17;17;2431
7;2025-12-17;18;2680
7;2025-12-17;19;1807
7;2025-12-17;20;1096
7;2025-12-17;21;641
7;2025-12-17;22;331
7;2025-12-17;23;191
7;2025-12-18;0;62
7;2025-12-18;1;14
7;2025-12-18;2;0
7;2025-12-18;3;0
7;2025-12-18;4;1
7;2025-12-18;5;206
7;2025-12-18;6;695
7;2025-12-18;7;1626
7;2025-12-18;8;2569
7;2025-12-18;9;1881
7;2025-12-18;10;1629
7;2025-12-18;11;1499
7;2025-12-18;12;1614
7;2025-12-18;13;1611
7;2025-12-18;14;1682
7;2025-12-18;15;1801
7;2025-12-18;16;1911
7;2025-12-18;17;2426
7;2025-12-18;18;2683
7;2025-12-18;19;1816
7;2025-12-18;20;1092
7;2025-12-18;21;641
7;2025-12-18;22;327
7;2025-12-18;23;193
7;2025-12-19;0;65
7;2025-12-19;1;11
7;2025-12-19;2;0
7;2025-12-19;3;0
7;2025-12-19;4;0
7;2025-12-19;5;198
7;2025-12-19;6;653
7;2025-12-19;7;1549
7;2025-12-19;8;2438
7;2025-12-19;9;1830
7;2025-12-19;10;1570
7;2025-12-19;11;1502
7;2025-12-19;12;1610
7;2025-12-19;13;1645
7;2025-12-19;14;1696
7;2025-12-19;15;1852
7;2025-12-19;16;1939
7;2025-12-19;17;2374
7;2025-12-19;18;2272
7;2025-12-19;19;1705
7;2025-12-19;20;1062
7;2025-12-19;21;613
7;2025-12-19;22;328
7;2025-12-19;23;213
7;2025-12-20;0;100
7;2025-12-20;1;24
7;2025-12-20;2;0
7;2025-12-20;3;0
7;2025-12-20;4;0
7;2025-12-20;5;50
7;2025-12-20;6;298
7;2025-12-20;7;467
7;2025-12-20;8;714
7;2025-12-20;9;776
7;2025-12-20;10;811
7;2025-12-20;11;948
7;2025-12-20;12;1100
7;2025-12-20;13;1132
7;2025-12-20;14;1131
7;2025-12-20;15;1145
7;2025-12-20;16;1031
7;2025-12-20;17;1042
7;2025-12-20;18;969
7;2025-12-20;19;962
7;2025-12-20;20;697
7;2025-12-20;21;579
7;2025-12-20;22;321
7;2025-12-20;23;189
7;2025-12-21;0;100
7;2025-12-21;1;19
7;2025-12-21;2;0
7;2025-12-21;3;0
7;2025-12-21;4;1
7;2025-12-21;5;31
7;2025-12-21;6;204
7;2025-12-21;7;331
7;2025-12-21;8;499
7;2025-12-21;9;625
7;2025-12-21;10;644
7;2025-12-21;11;812
7;2025-12-21;12;955
7;2025-12-21;13;997
7;2025-12-21;14;982
7;2025-12-21;15;941
7;2025-12-21;16;843
7;2025-12-21;17;887
7;2025-12-21;18;800
7;2025-12-21;19;710
7;2025-12-21;20;587
7;2025-12-21;21;503
7;2025-12-21;22;258
7;2025-12-21;23;154
7;2025-12-22;0;61
7;2025-12-22;1;9
7;2025-12-22;2;0
7;2025-12-22;3;0
7;2025-12-22;4;0
7;2025-12-22;5;197
7;2025-12-22;6;688
7;2025-12-22;7;1578
7;2025-12-22;8;2537
7;2025-12-22;9;1835
7;2025-12-22;10;1551
7;2025-12-22;11;1438
7;2025-12-22;12;1541
7;2025-12-22;13;1553
7;2025-12-22;14;1604
7;2025-12-22;15;1756
7;2025-12-22;16;1868
7;2025-12-22;17;2389
7;2025-12-22;18;2635
7;2025-12-22;19;1741
7;2025-12-22;20;1058
7;2025-12-22;21;596
7;2025-12-22;22;294
7;2025-12-22;23;168
7;2025-12-23;0;49
7;2025-12-23;1;10
7;2025-12-23;2;0
7;2025-12-23;3;0
7;2025-12-23;4;2
7;2025-12-23;5;203
7;2025-12-23;6;696
7;2025-12-23;7;1634
7;2025-12-23;8;2582
7;2025-12-23;9;1886
7;2025-12-23;10;1629
7;2025-12-23;11;1505
7;2025-12-23;12;1612
7;2025-12-23;13;1608
7;2025-12-23;14;1663
7;2025-12-23;15;1799
7;2025-12-23;16;1909
7;2025-12-23;17;2440
7;2025-12-23;18;2717
7;2025-12-23;19;1836
7;2025-12-23;20;1093
7;2025-12-23;21;637
7;2025-12-23;22;325
7;2025-12-23;23;174
7;2025-12-24;0;56
7;2025-12-24;1;10
7;2025-12-24;2;0
7;2025-12-24;3;0
7;2025-12-24;4;1
7;2025-12-24;5;208
7;2025-12-24;6;690
7;2025-12-24;7;1620
7;2025-12-24;8;2574
7;2025-12-24;9;1885
7;2025-12-24;10;1631
7;2025-12-24;11;1501
7;2025-12-24;12;1606
7;2025-12-24;13;1598
7;2025-12-24;14;1662
7;2025-12-24;15;1795
7;2025-12-24;16;1900
7;2025-12-24;17;2431
7;2025-12-24;18;2680
7;2025-12-24;19;1807
7;2025-12-24;20;1096
7;2025-12-24;21;641
7;2025-12-24;22;331
7;2025-12-24;23;191
7;2025-12-25;0;62
7;2025-12-25;1;14
7;2025-12-25;2;0
7;2025-12-25;3;0
7;2025-12-25;4;1
7;2025-12-25;5;206
7;2025-12-25;6;695
7;2025-12-25;7;1626
7;2025-12-25;8;2569
7;2025-12-25;9;1881
7;2025-12-25;10;1629
7;2025-12-25;11;1499
7;2025-12-25;12;1614
7;2025-12-25;13;1611
7;2025-12-25;14;1682
7;2025-12-25;15;1801
7;2025-12-25;16;1911
7;2025-12-25;17;2426
7;2025-12-25;18;2683
7;2025-12-25;19;1816
7;2025-12-25;20;1092
7;2025-12-25;21;641
7;2025-12-25;22;327
7;2025-12-25;23;193
7;2025-12-26;0;65
7;2025-12-26;1;11
7;2025-12-26;2;0
7;2025-12-26;3;0
7;2025-12-26;4;0
7;2025-12-26;5;198
7;2025-12-26;6;653
7;2025-12-26;7;1549
7;2025-12-26;8;2438
7;2025-12-26;9;1830
7;2025-12-26;10;1570
7;2025-12-26;11;1502
7;2025-12-26;12;1610
7;2025-12-26;13;1645
7;2025-12-26;14;1696
7;2025-12-26;15;1852
7;2025-12-26;16;1939
7;2025-12-26;17;2374
7;2025-12-26;18;2272
7;2025-12-26;19;1705
7;2025-12-26;20;1062
7;2025-12-26;21;613
7;2025-12-26;22;328
7;2025-12-26;23;213
7;2025-12-27;0;100
7;2025-12-27;1;24
7;2025-12-27;2;0
7;2025-12-27;3;0
7;2025-12-27;4;0
7;2025-12-27;5;50
7;2025-12-27;6;298
7;2025-12-27;7;467
7;2025-12-27;8;714
7;2025-12-27;9;776
7;2025-12-27;10;811
7;2025-12-27;11;948
7;2025-12-27;12;1100
7;2025-12-27;13;1132
7;2025-12-27;14;1131
7;2025-12-27;15;1145
7;2025-12-27;16;1031
7;2025-12-27;17;1042
7;2025-12-27;18;969
7;2025-12-27;19;962
7;2025-12-27;20;697
7;2025-12-27;21;579
7;2025-12-27;22;321
7;2025-12-27;23;189
7;2025-12-28;0;100
7;2025-12-28;1;19
7;2025-12-28;2;0
7;2025-12-28;3;0
7;2025-12-28;4;1
7;2025-12-28;5;31
7;2025-12-28;6;204
7;2025-12-28;7;331
7;2025-12-28;8;499
7;2025-12-28;9;625
7;2025-12-28;10;644
7;2025-12-28;11;812
7;2025-12-28;12;955
7;2025-12-28;13;997
7;2025-12-28;14;982
7;2025-12-28;15;941
7;2025-12-28;16;843
7;2025-12-28;17;887
7;2025-12-28;18;800
7;2025-12-28;19;710
7;2025-12-28;20;587
7;2025-12-28;21;503
7;2025-12-28;22;258
7;2025-12-28;23;154
7;2025-12-29;0;61
7;2025-12-29;1;9
7;2025-12-29;2;0
7;2025-12-29;3;0
7;2025-12-29;4;0
7;2025-12-29;5;197
7;2025-12-29;6;688
7;2025-12-29;7;1578
7;2025-12-29;8;2537
7;2025-12-29;9;1835
7;2025-12-29;10;1551
7;2025-12-29;11;1438
7;2025-12-29;12;1541
7;2025-12-29;13;1553
7;2025-12-29;14;1604
7;2025-12-29;15;1756
7;2025-12-29;16;1868
7;2025-12-29;17;2389
7;2025-12-29;18;2635
7;2025-12-29;19;1741
7;2025-12-29;20;1058
7;2025-12-29;21;596
7;2025-12-29;22;294
7;2025-12-29;23;168
7;2025-12-30;0;49
7;2025-12-30;1;10
7;2025-12-30;2;0
7;2025-12-30;3;0
7;2025-12-30;4;2
7;2025-12-30;5;203
7;2025-12-30;6;696
7;2025-12-30;7;1634
7;2025-12-30;8;2582
7;2025-12-30;9;1886
7;2025-12-30;10;1629
7;2025-12-30;11;1505
7;2025-12-30;12;1612
7;2025-12-30;13;1608
7;2025-12-30;14;1663
7;2025-12-30;15;1799
7;2025-12-30;16;1909
7;2025-12-30;17;2440
7;2025-12-30;18;2717
7;2025-12-30;19;1836
7;2025-12-30;20;1093
7;2025-12-30;21;637
7;2025-12-30;22;325
7;2025-12-30;23;174
7;2025-12-31;0;41
7;2025-12-31;1;1
7;2025-12-31;2;0
7;2025-12-31;3;0
7;2025-12-31;4;0
7;2025-12-31;5;66
7;2025-12-31;6;336
7;2025-12-31;7;622
7;2025-12-31;8;1169
7;2025-12-31;9;883
7;2025-12-31;10;854
7;2025-12-31;11;812
7;2025-12-31;12;878
7;2025-12-31;13;875
7;2025-12-31;14;910
7;2025-12-31;15;896
7;2025-12-31;16;911
7;2025-12-31;17;1061
7;2025-12-31;18;1311
7;2025-12-31;19;933
7;2025-12-31;20;704
7;2025-12-31;21;514
7;2025-12-31;22;304
7;2025-12-31;23;134
11;2025-11-01;0;101
11;2025-11-01;1;0
11;2025-11-01;2;0
11;2025-11-01;3;0
11;2025-11-01;4;0
11;2025-11-01;5;217
11;2025-11-01;6;851
11;2025-11-01;7;1026
11;2025-11-01;8;2712
11;2025-11-01;9;2276
11;2025-11-01;10;1799
11;2025-11-01;11;2126
11;2025-11-01;12;2244
11;2025-11-01;13;2358
11;2025-11-01;14;2392
11;2025-11-01;15;2319
11;2025-11-01;16;2531
11;2025-11-01;17;2884
11;2025-11-01;18;2787
11;2025-11-01;19;2178
11;2025-11-01;20;1490
11;2025-11-01;21;830
11;2025-11-01;22;447
11;2025-11-01;23;372
11;2025-11-02;0;110
11;2025-11-02;1;11
11;2025-11-02;2;0
11;2025-11-02;3;0
11;2025-11-02;4;0
11;2025-11-02;5;114
11;2025-11-02;6;541
11;2025-11-02;7;540
11;2025-11-02;8;690
11;2025-11-02;9;939
11;2025-11-02;10;1064
11;2025-11-02;11;1528
11;2025-11-02;12;1717
11;2025-11-02;13;1622
11;2025-11-02;14;1770
11;2025-11-02;15;1746
11;2025-11-02;16;1593
11;2025-11-02;17;1732
11;2025-11-02;18;1424
11;2025-11-02;19;1194
11;2025-11-02;20;920
11;2025-11-02;21;649
11;2025-11-02;22;367
11;2025-11-02;23;254
11;2025-11-03;0;85
11;2025-11-03;1;10
11;2025-11-03;2;0
11;2025-11-03;3;0
11;2025-11-03;4;4
11;2025-11-03;5;209
11;2025-11-03;6;656
11;2025-11-03;7;756
11;2025-11-03;8;1141
11;2025-11-03;9;1013
11;2025-11-03;10;1069
11;2025-11-03;11;1353
11;2025-11-03;12;1480
11;2025-11-03;13;1398
11;2025-11-03;14;1509
11;2025-11-03;15;1523
11;2025-11-03;16;1475
11;2025-11-03;17;1702
11;2025-11-03;18;1653
11;2025-11-03;19;1193
11;2025-11-03;20;944
11;2025-11-03;21;619
11;2025-11-03;22;364
11;2025-11-03;23;222
11;2025-11-04;0;63
11;2025-11-04;1;5
11;2025-11-04;2;0
11;2025-11-04;3;0
11;2025-11-04;4;5
11;2025-11-04;5;147
11;2025-11-04;6;546
11;2025-11-04;7;504
11;2025-11-04;8;716
11;2025-11-04;9;746
11;2025-11-04;10;934
11;2025-11-04;11;1222
11;2025-11-04;12;1404
11;2025-11-04;13;1395
11;2025-11-04;14;1502
11;2025-11-04;15;1492
11;2025-11-04;16;1481
11;2025-11-04;17;1507
11;2025-11-04;18;1386
11;2025-11-04;19;1213
11;2025-11-04;20;859
11;2025-11-04;21;635
11;2025-11-04;22;354
11;2025-11-04;23;250
11;2025-11-05;0;62
11;2025-11-05;1;0
11;2025-11-05;2;0
11;2025-11-05;3;0
11;2025-11-05;4;0
11;2025-11-05;5;269
11;2025-11-05;6;1364
11;2025-11-05;7;2406
11;2025-11-05;8;3197
11;2025-11-05;9;2454
11;2025-11-05;10;1917
11;2025-11-05;11;1916
11;2025-11-05;12;1932
11;2025-11-05;13;2069
11;2025-11-05;14;2077
11;2025-11-05;15;2067
11;2025-11-05;16;2286
11;2025-11-05;17;2856
11;2025-11-05;18;3092
11;2025-11-05;19;2315
11;2025-11-05;20;1520
11;2025-11-05;21;897
11;2025-11-05;22;424
11;2025-11-05;23;249
11;2025-11-06;0;68
11;2025-11-06;1;0
11;2025-11-06;2;0
11;2025-11-06;3;0
11;2025-11-06;4;0
11;2025-11-06;5;270
11;2025-11-06;6;1376
11;2025-11-06;7;2403
11;2025-11-06;8;3199
11;2025-11-06;9;2468
11;2025-11-06;10;1939
11;2025-11-06;11;1918
11;2025-11-06;12;1940
11;2025-11-06;13;2067
11;2025-11-06;14;2084
11;2025-11-06;15;2076
11;2025-11-06;16;2309
11;2025-11-06;17;2867
11;2025-11-06;18;3097
11;2025-11-06;19;2314
11;2025-11-06;20;1517
11;2025-11-06;21;899
11;2025-11-06;22;433
11;2025-11-06;23;264
11;2025-11-07;0;71
11;2025-11-07;1;0
11;2025-11-07;2;0
11;2025-11-07;3;0
11;2025-11-07;4;0
11;2025-11-07;5;277
11;2025-11-07;6;1365
11;2025-11-07;7;2322
11;2025-11-07;8;3098
11;2025-11-07;9;2394
11;2025-11-07;10;1881
11;2025-11-07;11;1890
11;2025-11-07;12;1907
11;2025-11-07;13;2019
11;2025-11-07;14;2103
11;2025-11-07;15;2139
11;2025-11-07;16;2403
11;2025-11-07;17;2874
11;2025-11-07;18;2748
11;2025-11-07;19;2224
11;2025-11-07;20;1451
11;2025-11-07;21;865
11;2025-11-07;22;435
11;2025-11-07;23;304
11;2025-11-08;0;103
11;2025-11-08;1;1
11;2025-11-08;2;0
11;2025-11-08;3;0
11;2025-11-08;4;0
11;2025-11-08;5;185
11;2025-11-08;6;838
11;2025-11-08;7;770
11;2025-11-08;8;1011
11;2025-11-08;9;1129
11;2025-11-08;10;1257
11;2025-11-08;11;1666
11;2025-11-08;12;1880
11;2025-11-08;13;1776
11;2025-11-08;14;1927
11;2025-11-08;15;1814
11;2025-11-08;16;1749
11;2025-11-08;17;1854
11;2025-11-08;18;1574
11;2025-11-08;19;1426
11;2025-11-08;20;1082
11;2025-11-08;21;750
11;2025-11-08;22;423
11;2025-11-08;23;317
11;2025-11-09;0;110
11;2025-11-09;1;11
11;2025-11-09;2;0
11;2025-11-09;3;0
11;2025-11-09;4;0
11;2025-11-09;5;114
11;2025-11-09;6;541
11;2025-11-09;7;540
11;2025-11-09;8;690
11;2025-11-09;9;939
11;2025-11-09;10;1064
11;2025-11-09;11;1528
11;2025-11-09;12;1717
11;2025-11-09;13;1622
11;2025-11-09;14;1770
11;2025-11-09;15;1746
11;2025-11-09;16;1593
11;2025-11-09;17;1732
11;2025-11-09;18;1424
11;2025-11-09;19;1194
11;2025-11-09;20;920
11;2025-11-09;21;649
11;2025-11-09;22;367
11;2025-11-09;23;254
11;2025-11-10;0;73
11;2025-11-10;1;8
11;2025-11-10;2;0
11;2025-11-10;3;0
11;2025-11-10;4;0
11;2025-11-10;5;262
11;2025-11-10;6;1349
11;2025-11-10;7;2349
11;2025-11-10;8;3162
11;2025-11-10;9;2388
11;2025-11-10;10;1842
11;2025-11-10;11;1852
11;2025-11-10;12;1846
11;2025-11-10;13;1978
11;2025-11-10;14;2010
11;2025-11-10;15;2042
11;2025-11-10;16;2265
11;2025-11-10;17;2827
11;2025-11-10;18;3033
11;2025-11-10;19;2230
11;2025-11-10;20;1465
11;2025-11-10;21;850
11;2025-11-10;22;398
11;2025-11-10;23;226
11;2025-11-11;0;58
11;2025-11-11;1;0
11;2025-11-11;2;0
11;2025-11-11;3;0
11;2025-11-11;4;0
11;2025-11-11;5;269
11;2025-11-11;6;1373
11;2025-11-11;7;2408
11;2025-11-11;8;3202
11;2025-11-11;9;2463
11;2025-11-11;10;1929
11;2025-11-11;11;1911
11;2025-11-11;12;1928
11;2025-11-11;13;2066
11;2025-11-11;14;2080
11;2025-11-11;15;2076
11;2025-11-11;16;2309
11;2025-11-11;17;2867
11;2025-11-11;18;3099
11;2025-11-11;19;2312
11;2025-11-11;20;1517
11;2025-11-11;21;891
11;2025-11-11;22;421
11;2025-11-11;23;239
11;2025-11-12;0;62
11;2025-11-12;1;0
11;2025-11-12;2;0
11;2025-11-12;3;0
11;2025-11-12;4;0
11;2025-11-12;5;269
11;2025-11-12;6;1364
11;2025-11-12;7;2406
11;2025-11-12;8;3197
11;2025-11-12;9;2454
11;2025-11-12;10;1917
11;2025-11-12;11;1916
11;2025-11-12;12;1932
11;2025-11-12;13;2069
11;2025-11-12;14;2077
11;2025-11-12;15;2067
11;2025-11-12;16;2286
11;2025-11-12;17;2856
11;2025-11-12;18;3092
11;2025-11-12;19;2315
11;2025-11-12;20;1520
11;2025-11-12;21;897
11;2025-11-12;22;424
11;2025-11-12;23;249
11;2025-11-13;0;68
11;2025-11-13;1;0
11;2025-11-13;2;0
11;2025-11-13;3;0
11;2025-11-13;4;0
11;2025-11-13;5;270
11;2025-11-13;6;1376
11;2025-11-13;7;2403
11;2025-11-13;8;3199
11;2025-11-13;9;2468
11;2025-11-13;10;1939
11;2025-11-13;11;1918
11;2025-11-13;12;1940
11;2025-11-13;13;2067
11;2025-11-13;14;2084
11;2025-11-13;15;2076
11;2025-11-13;16;2309
11;2025-11-13;17;2867
11;2025-11-13;18;3097
11;2025-11-13;19;2314
11;2025-11-13;20;1517
11;2025-11-13;21;899
11;2025-11-13;22;433
11;2025-11-13;23;264
11;2025-11-14;0;71
11;2025-11-14;1;0
11;2025-11-14;2;0
11;2025-11-14;3;0
11;2025-11-14;4;0
11;2025-11-14;5;277
11;2025-11-14;6;1365
11;2025-11-14;7;2322
11;2025-11-14;8;3098
11;2025-11-14;9;2394
11;2025-11-14;10;1881
11;2025-11-14;11;1890
11;2025-11-14;12;1907
11;2025-11-14;13;2019
11;2025-11-14;14;2103
11;2025-11-14;15;2139
11;2025-11-14;16;2403
11;2025-11-14;17;2874
11;2025-11-14;18;2748
11;2025-11-14;19;2224
11;2025-11-14;20;1451
11;2025-11-14;21;865
11;2025-11-14;22;435
11;2025-11-14;23;304
11;2025-11-15;0;103
11;2025-11-15;1;1
11;2025-11-15;2;0
11;2025-11-15;3;0
11;2025-11-15;4;0
11;2025-11-15;5;185
11;2025-11-15;6;838
11;2025-11-15;7;770
11;2025-11-15;8;1011
11;2025-11-15;9;1129
11;2025-11-15;10;1257
11;2025-11-15;11;1666
11;2025-11-15;12;1880
11;2025-11-15;13;1776
11;2025-11-15;14;1927
11;2025-11-15;15;1814
11;2025-11-15;16;1749
11;2025-11-15;17;1854
11;2025-11-15;18;1574
11;2025-11-15;19;1426
11;2025-11-15;20;1082
11;2025-11-15;21;750
11;2025-11-15;22;423
11;2025-11-15;23;317
11;2025-11-16;0;110
11;2025-11-16;1;11
11;2025-11-16;2;0
11;2025-11-16;3;0
11;2025-11-16;4;0
11;2025-11-16;5;114
11;2025-11-16;6;541
11;2025-11-16;7;540
11;2025-11-16;8;690
11;2025-11-16;9;939
11;2025-11-16;10;1064
11;2025-11-16;11;1528
11;2025-11-16;12;1717
11;2025-11-16;13;1622
11;2025-11-16;14;1770
11;2025-11-16;15;1746
11;2025-11-16;16;1593
11;2025-11-16;17;1732
11;2025-11-16;18;1424
11;2025-11-16;19;1194
11;2025-11-16;20;920
11;2025-11-16;21;649
11;2025-11-16;22;367
11;2025-11-16;23;254
11;2025-11-17;0;73
11;2025-11-17;1;8
11;2025-11-17;2;0
11;2025-11-17;3;0
11;2025-11-17;4;0
11;2025-11-17;5;262
11;2025-11-17;6;1349
11;2025-11-17;7;2349
11;2025-11-17;8;3162
11;2025-11-17;9;2388
11;2025-11-17;10;1842
11;2025-11-17;11;1852
11;2025-11-17;12;1846
11;2025-11-17;13;1978
11;2025-11-17;14;2010
11;2025-11-17;15;2042
11;2025-11-17;16;2265
11;2025-11-17;17;2827
11;2025-11-17;18;3033
11;2025-11-17;19;2230
11;2025-11-17;20;1465
11;2025-11-17;21;850
11;2025-11-17;22;398
11;2025-11-17;23;226
11;2025-11-18;0;58
11;2025-11-18;1;0
11;2025-11-18;2;0
11;2025-11-18;3;0
11;2025-11-18;4;0
11;2025-11-18;5;269
11;2025-11-18;6;1373
11;2025-11-18;7;2408
11;2025-11-18;8;3202
11;2025-11-18;9;2463
11;2025-11-18;10;1929
11;2025-11-18;11;1911
11;2025-11-18;12;1928
11;2025-11-18;13;2066
11;2025-11-18;14;2080
11;2025-11-18;15;2076
11;2025-11-18;16;2309
11;2025-11-18;17;2867
11;2025-11-18;18;3099
11;2025-11-18;19;2312
11;2025-11-18;20;1517
11;2025-11-18;21;891
11;2025-11-18;22;421
11;2025-11-18;23;239
11;2025-11-19;0;62
11;2025-11-19;1;0
11;2025-11-19;2;0
11;2025-11-19;3;0
11;2025-11-19;4;0
11;2025-11-19;5;269
11;2025-11-19;6;1364
11;2025-11-19;7;2406
11;2025-11-19;8;3197
11;2025-11-19;9;2454
11;2025-11-19;10;1917
11;2025-11-19;11;1916
11;2025-11-19;12;1932
11;2025-11-19;13;2069
11;2025-11-19;14;2077
11;2025-11-19;15;2067
11;2025-11-19;16;2286
11;2025-11-19;17;2856
11;2025-11-19;18;3092
11;2025-11-19;19;2315
11;2025-11-19;20;1520
11;2025-11-19;21;897
11;2025-11-19;22;424
11;2025-11-19;23;249
11;2025-11-20;0;68
11;2025-11-20;1;0
11;2025-11-20;2;0
11;2025-11-20;3;0
11;2025-11-20;4;0
11;2025-11-20;5;270
11;2025-11-20;6;1376
11;2025-11-20;7;2403
11;2025-11-20;8;3199
11;2025-11-20;9;2468
11;2025-11-20;10;1939
11;2025-11-20;11;1918
11;2025-11-20;12;1940
11;2025-11-20;13;2067
11;2025-11-20;14;2084
11;2025-11-20;15;2076
11;2025-11-20;16;2309
11;2025-11-20;17;2867
11;2025-11-20;18;3097
11;2025-11-20;19;2314
11;2025-11-20;20;1517
11;2025-11-20;21;899
11;2025-11-20;22;433
11;2025-11-20;23;264
11;2025-11-21;0;71
11;2025-11-21;1;0
11;2025-11-21;2;0
11;2025-11-21;3;0
11;2025-11-21;4;0
11;2025-11-21;5;277
11;2025-11-21;6;1365
11;2025-11-21;7;2322
11;2025-11-21;8;3098
11;2025-11-21;9;2394
11;2025-11-21;10;1881
11;2025-11-21;11;1890
11;2025-11-21;12;1907
11;2025-11-21;13;2019
11;2025-11-21;14;2103
11;2025-11-21;15;2139
11;2025-11-21;16;2403
11;2025-11-21;17;2874
11;2025-11-21;18;2748
11;2025-11-21;19;2224
11;2025-11-21;20;1451
11;2025-11-21;21;865
11;2025-11-21;22;435
11;2025-11-21;23;304
11;2025-11-22;0;103
11;2025-11-22;1;1
11;2025-11-22;2;0
11;2025-11-22;3;0
11;2025-11-22;4;0
11;2025-11-22;5;185
11;2025-11-22;6;838
11;2025-11-22;7;770
11;2025-11-22;8;1011
11;2025-11-22;9;1129
11;2025-11-22;10;1257
11;2025-11-22;11;1666
11;2025-11-22;12;1880
11;2025-11-22;13;1776
11;2025-11-22;14;1927
11;2025-11-22;15;1814
11;2025-11-22;16;1749
11;2025-11-22;17;1854
11;2025-11-22;18;1574
11;2025-11-22;19;1426
11;2025-11-22;20;1082
11;2025-11-22;21;750
11;2025-11-22;22;423
11;2025-11-22;23;317
11;2025-11-23;0;110
11;2025-11-23;1;11
11;2025-11-23;2;0
11;2025-11-23;3;0
11;2025-11-23;4;0
11;2025-11-23;5;114
11;2025-11-23;6;541
11;2025-11-23;7;540
11;2025-11-23;8;690
11;2025-11-23;9;939
11;2025-11-23;10;1064
11;2025-11-23;11;1528
11;2025-11-23;12;1717
11;2025-11-23;13;1622
11;2025-11-23;14;1770
11;2025-11-23;15;1746
11;2025-11-23;16;1593
11;2025-11-23;17;1732
11;2025-11-23;18;1424
11;2025-11-23;19;1194
11;2025-11-23;20;920
11;2025-11-23;21;649
11;2025-11-23;22;367
11;2025-11-23;23;254
11;2025-11-24;0;73
11;2025-11-24;1;8
11;2025-11-24;2;0
11;2025-11-24;3;0
11;2025-11-24;4;0
11;2025-11-24;5;262
11;2025-11-24;6;1349
11;2025-11-24;7;2349
11;2025-11-24;8;3162
11;2025-11-24;9;2388
11;2025-11-24;10;1842
11;2025-11-24;11;1852
11;2025-11-24;12;1846
11;2025-11-24;13;1978
11;2025-11-24;14;2010
11;2025-11-24;15;2042
11;2025-11-24;16;2265
11;2025-11-24;17;2827
11;2025-11-24;18;3033
11;2025-11-24;19;2230
11;2025-11-24;20;1465
11;2025-11-24;21;850
11;2025-11-24;22;398
11;2025-11-24;23;226
11;2025-11-25;0;58
11;2025-11-25;1;0
11;2025-11-25;2;0
11;2025-11-25;3;0
11;2025-11-25;4;0
11;2025-11-25;5;269
11;2025-11-25;6;1373
11;2025-11-25;7;2408
11;2025-11-25;8;3202
11;2025-11-25;9;2463
11;2025-11-25;10;1929
11;2025-11-25;11;1911
11;2025-11-25;12;1928
11;2025-11-25;13;2066
11;2025-11-25;14;2080
11;2025-11-25;15;2076
11;2025-11-25;16;2309
11;2025-11-25;17;2867
11;2025-11-25;18;3099
11;2025-11-25;19;2312
11;2025-11-25;20;1517
11;2025-11-25;21;891
11;2025-11-25;22;421
11;2025-11-25;23;239
11;2025-11-26;0;62
11;2025-11-26;1;0
11;2025-11-26;2;0
11;2025-11-26;3;0
11;2025-11-26;4;0
11;2025-11-26;5;269
11;2025-11-26;6;1364
11;2025-11-26;7;2406
11;2025-11-26;8;3197
11;2025-11-26;9;2454
11;2025-11-26;10;1917
11;2025-11-26;11;1916
11;2025-11-26;12;1932
11;2025-11-26;13;2069
11;2025-11-26;14;2077
11;2025-11-26;15;2067
11;2025-11-26;16;2286
11;2025-11-26;17;2856
11;2025-11-26;18;3092
11;2025-11-26;19;2315
11;2025-11-26;20;1520
11;2025-11-26;21;897
11;2025-11-26;22;424
11;2025-11-26;23;249
11;2025-11-27;0;68
11;2025-11-27;1;0
11;2025-11-27;2;0
11;2025-11-27;3;0
11;2025-11-27;4;0
11;2025-11-27;5;270
11;2025-11-27;6;1376
11;2025-11-27;7;2403
11;2025-11-27;8;3199
11;2025-11-27;9;2468
11;2025-11-27;10;1939
11;2025-11-27;11;1918
11;2025-11-27;12;1940
11;2025-11-27;13;2067
11;2025-11-27;14;2084
11;2025-11-27;15;2076
11;2025-11-27;16;2309
11;2025-11-27;17;2867
11;2025-11-27;18;3097
11;2025-11-27;19;2314
11;2025-11-27;20;1517
11;2025-11-27;21;899
11;2025-11-27;22;433
11;2025-11-27;23;264
11;2025-11-28;0;71
11;2025-11-28;1;0
11;2025-11-28;2;0
11;2025-11-28;3;0
11;2025-11-28;4;0
11;2025-11-28;5;277
11;2025-11-28;6;1365
11;2025-11-28;7;2322
11;2025-11-28;8;3098
11;2025-11-28;9;2394
11;2025-11-28;10;1881
11;2025-11-28;11;1890
11;2025-11-28;12;1907
11;2025-11-28;13;2019
11;2025-11-28;14;2103
11;2025-11-28;15;2139
11;2025-11-28;16;2403
11;2025-11-28;17;2874
11;2025-11-28;18;2748
11;2025-11-28;19;2224
11;2025-11-28;20;1451
11;2025-11-28;21;865
11;2025-11-28;22;435
11;2025-11-28;23;304
11;2025-11-29;0;103
11;2025-11-29;1;1
11;2025-11-29;2;0
11;2025-11-29;3;0
11;2025-11-29;4;0
11;2025-11-29;5;185
11;2025-11-29;6;838
11;2025-11-29;7;770
11;2025-11-29;8;1011
11;2025-11-29;9;1129
11;2025-11-29;10;1257
11;2025-11-29;11;1666
11;2025-11-29;12;1880
11;2025-11-29;13;1776
11;2025-11-29;14;1927
11;2025-11-29;15;1814
11;2025-11-29;16;1749
11;2025-11-29;17;1854
11;2025-11-29;18;1574
11;2025-11-29;19;1426
11;2025-11-29;20;1082
11;2025-11-29;21;750
11;2025-11-29;22;423
11;2025-11-29;23;317
11;2025-11-30;0;110
11;2025-11-30;1;11
11;2025-11-30;2;0
11;2025-11-30;3;0
11;2025-11-30;4;0
11;2025-11-30;5;114
11;2025-11-30;6;541
11;2025-11-30;7;540
11;2025-11-30;8;690
11;2025-11-30;9;939
11;2025-11-30;10;1064
11;2025-11-30;11;1528
11;2025-11-30;12;1717
11;2025-11-30;13;1622
11;2025-11-30;14;1770
11;2025-11-30;15;1746
11;2025-11-30;16;1593
11;2025-11-30;17;1732
11;2025-11-30;18;1424
11;2025-11-30;19;1194
11;2025-11-30;20;920
11;2025-11-30;21;649
11;2025-11-30;22;367
11;2025-11-30;23;254
11;2025-12-01;0;78
11;2025-12-01;1;4
11;2025-12-01;2;0
11;2025-12-01;3;0
11;2025-12-01;4;6
11;2025-12-01;5;306
11;2025-12-01;6;1315
11;2025-12-01;7;2316
11;2025-12-01;8;3151
11;2025-12-01;9;2387
11;2025-12-01;10;1802
11;2025-12-01;11;1812
11;2025-12-01;12;1808
11;2025-12-01;13;1963
11;2025-12-01;14;1937
11;2025-12-01;15;2046
11;2025-12-01;16;2272
11;2025-12-01;17;2812
11;2025-12-01;18;3027
11;2025-12-01;19;2208
11;2025-12-01;20;1480
11;2025-12-01;21;868
11;2025-12-01;22;436
11;2025-12-01;23;206
11;2025-12-02;0;63
11;2025-12-02;1;3
11;2025-12-02;2;0
11;2025-12-02;3;0
11;2025-12-02;4;6
11;2025-12-02;5;313
11;2025-12-02;6;1326
11;2025-12-02;7;2367
11;2025-12-02;8;3195
11;2025-12-02;9;2462
11;2025-12-02;10;1886
11;2025-12-02;11;1870
11;2025-12-02;12;1890
11;2025-12-02;13;2050
11;2025-12-02;14;2006
11;2025-12-02;15;2079
11;2025-12-02;16;2301
11;2025-12-02;17;2853
11;2025-12-02;18;3094
11;2025-12-02;19;2309
11;2025-12-02;20;1536
11;2025-12-02;21;902
11;2025-12-02;22;450
11;2025-12-02;23;218
11;2025-12-03;0;68
11;2025-12-03;1;1
11;2025-12-03;2;0
11;2025-12-03;3;0
11;2025-12-03;4;6
11;2025-12-03;5;313
11;2025-12-03;6;1317
11;2025-12-03;7;2364
11;2025-12-03;8;3184
11;2025-12-03;9;2454
11;2025-12-03;10;1875
11;2025-12-03;11;1874
11;2025-12-03;12;1894
11;2025-12-03;13;2053
11;2025-12-03;14;2003
11;2025-12-03;15;2069
11;2025-12-03;16;2284
11;2025-12-03;17;2842
11;2025-12-03;18;3088
11;2025-12-03;19;2312
11;2025-12-03;20;1539
11;2025-12-03;21;908
11;2025-12-03;22;453
11;2025-12-03;23;228
11;2025-12-04;0;73
11;2025-12-04;1;1
11;2025-12-04;2;0
11;2025-12-04;3;0
11;2025-12-04;4;6
11;2025-12-04;5;314
11;2025-12-04;6;1329
11;2025-12-04;7;2362
11;2025-12-04;8;3186
11;2025-12-04;9;2468
11;2025-12-04;10;1897
11;2025-12-04;11;1876
11;2025-12-04;12;1902
11;2025-12-04;13;2051
11;2025-12-04;14;2010
11;2025-12-04;15;2079
11;2025-12-04;16;2301
11;2025-12-04;17;2853
11;2025-12-04;18;3092
11;2025-12-04;19;2311
11;2025-12-04;20;1536
11;2025-12-04;21;910
11;2025-12-04;22;462
11;2025-12-04;23;243
11;2025-12-05;0;76
11;2025-12-05;1;2
11;2025-12-05;2;0
11;2025-12-05;3;0
11;2025-12-05;4;6
11;2025-12-05;5;321
11;2025-12-05;6;1330
11;2025-12-05;7;2281
11;2025-12-05;8;3091
11;2025-12-05;9;2386
11;2025-12-05;10;1834
11;2025-12-05;11;1838
11;2025-12-05;12;1858
11;2025-12-05;13;1996
11;2025-12-05;14;2018
11;2025-12-05;15;2142
11;2025-12-05;16;2395
11;2025-12-05;17;2854
11;2025-12-05;18;2742
11;2025-12-05;19;2215
11;2025-12-05;20;1464
11;2025-12-05;21;881
11;2025-12-05;22;472
11;2025-12-05;23;284
11;2025-12-06;0;104
11;2025-12-06;1;2
11;2025-12-06;2;0
11;2025-12-06;3;0
11;2025-12-06;4;5
11;2025-12-06;5;213
11;2025-12-06;6;758
11;2025-12-06;7;717
11;2025-12-06;8;970
11;2025-12-06;9;1137
11;2025-12-06;10;1219
11;2025-12-06;11;1596
11;2025-12-06;12;1807
11;2025-12-06;13;1727
11;2025-12-06;14;1836
11;2025-12-06;15;1804
11;2025-12-06;16;1733
11;2025-12-06;17;1781
11;2025-12-06;18;1524
11;2025-12-06;19;1420
11;2025-12-06;20;1098
11;2025-12-06;21;742
11;2025-12-06;22;447
11;2025-12-06;23;299
11;2025-12-07;0;112
11;2025-12-07;1;9
11;2025-12-07;2;0
11;2025-12-07;3;0
11;2025-12-07;4;3
11;2025-12-07;5;142
11;2025-12-07;6;462
11;2025-12-07;7;493
11;2025-12-07;8;678
11;2025-12-07;9;949
11;2025-12-07;10;1039
11;2025-12-07;11;1466
11;2025-12-07;12;1659
11;2025-12-07;13;1586
11;2025-12-07;14;1695
11;2025-12-07;15;1739
11;2025-12-07;16;1594
11;2025-12-07;17;1695
11;2025-12-07;18;1397
11;2025-12-07;19;1171
11;2025-12-07;20;932
11;2025-12-07;21;638
11;2025-12-07;22;401
11;2025-12-07;23;237
11;2025-12-08;0;78
11;2025-12-08;1;4
11;2025-12-08;2;0
11;2025-12-08;3;0
11;2025-12-08;4;6
11;2025-12-08;5;306
11;2025-12-08;6;1315
11;2025-12-08;7;2316
11;2025-12-08;8;3151
11;2025-12-08;9;2387
11;2025-12-08;10;1802
11;2025-12-08;11;1812
11;2025-12-08;12;1808
11;2025-12-08;13;1963
11;2025-12-08;14;1937
11;2025-12-08;15;2046
11;2025-12-08;16;2272
11;2025-12-08;17;2812
11;2025-12-08;18;3027
11;2025-12-08;19;2208
11;2025-12-08;20;1480
11;2025-12-08;21;868
11;2025-12-08;22;436
11;2025-12-08;23;206
11;2025-12-09;0;63
11;2025-12-09;1;3
11;2025-12-09;2;0
11;2025-12-09;3;0
11;2025-12-09;4;6
11;2025-12-09;5;313
11;2025-12-09;6;1326
11;2025-12-09;7;2367
11;2025-12-09;8;3195
11;2025-12-09;9;2462
11;2025-12-09;10;1886
11;2025-12-09;11;1870
11;2025-12-09;12;1890
11;2025-12-09;13;2050
11;2025-12-09;14;2006
11;2025-12-09;15;2079
11;2025-12-09;16;2301
11;2025-12-09;17;2853
11;2025-12-09;18;3094
11;2025-12-09;19;2309
11;2025-12-09;20;1536
11;2025-12-09;21;902
11;2025-12-09;22;450
11;2025-12-09;23;218
11;2025-12-10;0;68
11;2025-12-10;1;1
11;2025-12-10;2;0
11;2025-12-10;3;0
11;2025-12-10;4;6
11;2025-12-10;5;313
11;2025-12-10;6;1317
11;2025-12-10;7;2364
11;2025-12-10;8;3184
11;2025-12-10;9;2454
11;2025-12-10;10;1875
11;2025-12-10;11;1874
11;2025-12-10;12;1894
11;2025-12-10;13;2053
11;2025-12-10;14;2003
11;2025-12-10;15;2069
11;2025-12-10;16;2284
11;2025-12-10;17;2842
11;2025-12-10;18;3088
11;2025-12-10;19;2312
11;2025-12-10;20;1539
11;2025-12-10;21;908
11;2025-12-10;22;453
11;2025-12-10;23;228
11;2025-12-11;0;73
11;2025-12-11;1;1
11;2025-12-11;2;0
11;2025-12-11;3;0
11;2025-12-11;4;6
11;2025-12-11;5;314
11;2025-12-11;6;1329
11;2025-12-11;7;2362
11;2025-12-11;8;3186
11;2025-12-11;9;2468
11;2025-12-11;10;1897
11;2025-12-11;11;1876
11;2025-12-11;12;1902
11;2025-12-11;13;2051
11;2025-12-11;14;2010
11;2025-12-11;15;2079
11;2025-12-11;16;2301
11;2025-12-11;17;2853
11;2025-12-11;18;3092
11;2025-12-11;19;2311
11;2025-12-11;20;1536
11;2025-12-11;21;910
11;2025-12-11;22;462
11;2025-12-11;23;243
11;2025-12-12;0;76
11;2025-12-12;1;2
11;2025-12-12;2;0
11;2025-12-12;3;0
11;2025-12-12;4;6
11;2025-12-12;5;321
11;2025-12-12;6;1330
11;2025-12-12;7;2281
11;2025-12-12;8;3091
11;2025-12-12;9;2386
11;2025-12-12;10;1834
11;2025-12-12;11;1838
11;2025-12-12;12;1858
11;2025-12-12;13;1996
11;2025-12-12;14;2018
11;2025-12-12;15;2142
11;2025-12-12;16;2395
11;2025-12-12;17;2854
11;2025-12-12;18;2742
11;2025-12-12;19;2215
11;2025-12-12;20;1464
11;2025-12-12;21;881
11;2025-12-12;22;472
11;2025-12-12;23;284
11;2025-12-13;0;104
11;2025-12-13;1;2
11;2025-12-13;2;0
11;2025-12-13;3;0
11;2025-12-13;4;5
11;2025-12-13;5;213
11;2025-12-13;6;758
11;2025-12-13;7;717
11;2025-12-13;8;970
11;2025-12-13;9;1137
11;2025-12-13;10;1219
11;2025-12-13;11;1596
11;2025-12-13;12;1807
11;2025-12-13;13;1727
11;2025-12-13;14;1836
11;2025-12-13;15;1804
11;2025-12-13;16;1733
11;2025-12-13;17;1781
11;2025-12-13;18;1524
11;2025-12-13;19;1420
11;2025-12-13;20;1098
11;2025-12-13;21;742
11;2025-12-13;22;447
11;2025-12-13;23;299
11;2025-12-14;0;112
11;2025-12-14;1;9
11;2025-12-14;2;0
11;2025-12-14;3;0
11;2025-12-14;4;3
11;2025-12-14;5;142
11;2025-12-14;6;462
11;2025-12-14;7;493
11;2025-12-14;8;678
11;2025-12-14;9;949
11;2025-12-14;10;1039
11;2025-12-14;11;1466
11;2025-12-14;12;1659
11;2025-12-14;13;1586
11;2025-12-14;14;1695
11;2025-12-14;15;1739
11;2025-12-14;16;1594
11;2025-12-14;17;1695
11;2025-12-14;18;1397
11;2025-12-14;19;1171
11;2025-12-14;20;932
11;2025-12-14;21;638
11;2025-12-14;22;401
11;2025-12-14;23;237
11;2025-12-15;0;78
11;2025-12-15;1;4
11;2025-12-15;2;0
11;2025-12-15;3;0
11;2025-12-15;4;6
11;2025-12-15;5;306
11;2025-12-15;6;1315
11;2025-12-15;7;2316
11;2025-12-15;8;3151
11;2025-12-15;9;2387
11;2025-12-15;10;1802
11;2025-12-15;11;1812
11;2025-12-15;12;1808
11;2025-12-15;13;1963
11;2025-12-15;14;1937
11;2025-12-15;15;2046
11;2025-12-15;16;2272
11;2025-12-15;17;2812
11;2025-12-15;18;3027
11;2025-12-15;19;2208
11;2025-12-15;20;1480
11;2025-12-15;21;868
11;2025-12-15;22;436
11;2025-12-15;23;206
11;2025-12-16;0;63
11;2025-12-16;1;3
11;2025-12-16;2;0
11;2025-12-16;3;0
11;2025-12-16;4;6
11;2025-12-16;5;313
11;2025-12-16;6;1326
11;2025-12-16;7;2367
11;2025-12-16;8;3195
11;2025-12-16;9;2462
11;2025-12-16;10;1886
11;2025-12-16;11;1870
11;2025-12-16;12;1890
11;2025-12-16;13;2050
11;2025-12-16;14;2006
11;2025-12-16;15;2079
11;2025-12-16;16;2301
11;2025-12-16;17;2853
11;2025-12-16;18;3094
11;2025-12-16;19;2309
11;2025-12-16;20;1536
11;2025-12-16;21;902
11;2025-12-16;22;450
11;2025-12-16;23;218
11;2025-12-17;0;68
11;2025-12-17;1;1
11;2025-12-17;2;0
11;2025-12-17;3;0
11;2025-12-17;4;6
11;2025-12-17;5;313
11;2025-12-17;6;1317
11;2025-12-17;7;2364
11;2025-12-17;8;3184
11;2025-12-17;9;2454
11;2025-12-17;10;1875
11;2025-12-17;11;1874
11;2025-12-17;12;1894
11;2025-12-17;13;2053
11;2025-12-17;14;2003
11;2025-12-17;15;2069
11;2025-12-17;16;2284
11;2025-12-17;17;2842
11;2025-12-17;18;3088
11;2025-12-17;19;2312
11;2025-12-17;20;1539
11;2025-12-17;21;908
11;2025-12-17;22;453
11;2025-12-17;23;228
11;2025-12-18;0;73
11;2025-12-18;1;1
11;2025-12-18;2;0
11;2025-12-18;3;0
11;2025-12-18;4;6
11;2025-12-18;5;314
11;2025-12-18;6;1329
11;2025-12-18;7;2362
11;2025-12-18;8;3186
11;2025-12-18;9;2468
11;2025-12-18;10;1897
11;2025-12-18;11;1876
11;2025-12-18;12;1902
11;2025-12-18;13;2051
11;2025-12-18;14;2010
11;2025-12-18;15;2079
11;2025-12-18;16;2301
11;2025-12-18;17;2853
11;2025-12-18;18;3092
11;2025-12-18;19;2311
11;2025-12-18;20;1536
11;2025-12-18;21;910
11;2025-12-18;22;462
11;2025-12-18;23;243
11;2025-12-19;0;76
11;2025-12-19;1;2
11;2025-12-19;2;0
11;2025-12-19;3;0
11;2025-12-19;4;6
11;2025-12-19;5;321
11;2025-12-19;6;1330
11;2025-12-19;7;2281
11;2025-12-19;8;3091
11;2025-12-19;9;2386
11;2025-12-19;10;1834
11;2025-12-19;11;1838
11;2025-12-19;12;1858
11;2025-12-19;13;1996
11;2025-12-19;14;2018
11;2025-12-19;15;2142
11;2025-12-19;16;2395
11;2025-12-19;17;2854
11;2025-12-19;18;2742
11;2025-12-19;19;2215
11;2025-12-19;20;1464
11;2025-12-19;21;881
11;2025-12-19;22;472
11;2025-12-19;23;284
11;2025-12-20;0;104
11;2025-12-20;1;2
11;2025-12-20;2;0
11;2025-12-20;3;0
11;2025-12-20;4;5
11;2025-12-20;5;213
11;2025-12-20;6;758
11;2025-12-20;7;717
11;2025-12-20;8;970
11;2025-12-20;9;1137
11;2025-12-20;10;1219
11;2025-12-20;11;1596
11;2025-12-20;12;1807
11;2025-12-20;13;1727
11;2025-12-20;14;1836
11;2025-12-20;15;1804
11;2025-12-20;16;1733
11;2025-12-20;17;1781
11;2025-12-20;18;1524
11;2025-12-20;19;1420
11;2025-12-20;20;1098
11;2025-12-20;21;742
11;2025-12-20;22;447
11;2025-12-20;23;299
11;2025-12-21;0;112
11;2025-12-21;1;9
11;2025-12-21;2;0
11;2025-12-21;3;0
11;2025-12-21;4;3
11;2025-12-21;5;142
11;2025-12-21;6;462
11;2025-12-21;7;493
11;2025-12-21;8;678
11;2025-12-21;9;949
11;2025-12-21;10;1039
11;2025-12-21;11;1466
11;2025-12-21;12;1659
11;2025-12-21;13;1586
11;2025-12-21;14;1695
11;2025-12-21;15;1739
11;2025-12-21;16;1594
11;2025-12-21;17;1695
11;2025-12-21;18;1397
11;2025-12-21;19;1171
11;2025-12-21;20;932
11;2025-12-21;21;638
11;2025-12-21;22;401
11;2025-12-21;23;237
11;2025-12-22;0;78
11;2025-12-22;1;4
11;2025-12-22;2;0
11;2025-12-22;3;0
11;2025-12-22;4;6
11;2025-12-22;5;306
11;2025-12-22;6;1315
11;2025-12-22;7;2316
11;2025-12-22;8;3151
11;2025-12-22;9;2387
11;2025-12-22;10;1802
11;2025-12-22;11;1812
11;2025-12-22;12;1808
11;2025-12-22;13;1963
11;2025-12-22;14;1937
11;2025-12-22;15;2046
11;2025-12-22;16;2272
11;2025-12-22;17;2812
11;2025-12-22;18;3027
11;2025-12-22;19;2208
11;2025-12-22;20;1480
11;2025-12-22;21;868
11;2025-12-22;22;436
11;2025-12-22;23;206
11;2025-12-23;0;63
11;2025-12-23;1;3
11;2025-12-23;2;0
11;2025-12-23;3;0
11;2025-12-23;4;6
11;2025-12-23;5;313
11;2025-12-23;6;1326
11;2025-12-23;7;2367
11;2025-12-23;8;3195
11;2025-12-23;9;2462
11;2025-12-23;10;1886
11;2025-12-23;11;1870
11;2025-12-23;12;1890
11;2025-12-23;13;2050
11;2025-12-23;14;2006
11;2025-12-23;15;2079
11;2025-12-23;16;2301
11;2025-12-23;17;2853
11;2025-12-23;18;3094
11;2025-12-23;19;2309
11;2025-12-23;20;1536
11;2025-12-23;21;902
11;2025-12-23;22;450
11;2025-12-23;23;218
11;2025-12-24;0;68
11;2025-12-24;1;1
11;2025-12-24;2;0
11;2025-12-24;3;0
11;2025-12-24;4;6
11;2025-12-24;5;313
11;2025-12-24;6;1317
11;2025-12-24;7;2364
11;2025-12-24;8;3184
11;2025-12-24;9;2454
11;2025-12-24;10;1875
11;2025-12-24;11;1874
11;2025-12-24;12;1894
11;2025-12-24;13;2053
11;2025-12-24;14;2003
11;2025-12-24;15;2069
11;2025-12-24;16;2284
11;2025-12-24;17;2842
11;2025-12-24;18;3088
11;2025-12-24;19;2312
11;2025-12-24;20;1539
11;2025-12-24;21;908
11;2025-12-24;22;453
11;2025-12-24;23;228
11;2025-12-25;0;73
11;2025-12-25;1;1
11;2025-12-25;2;0
11;2025-12-25;3;0
11;2025-12-25;4;6
11;2025-12-25;5;314
11;2025-12-25;6;1329
11;2025-12-25;7;2362
11;2025-12-25;8;3186
11;2025-12-25;9;2468
11;2025-12-25;10;1897
11;2025-12-25;11;1876
11;2025-12-25;12;1902
11;2025-12-25;13;2051
11;2025-12-25;14;2010
11;2025-12-25;15;2079
11;2025-12-25;16;2301
11;2025-12-25;17;2853
11;2025-12-25;18;3092
11;2025-12-25;19;2311
11;2025-12-25;20;1536
11;2025-12-25;21;910
11;2025-12-25;22;462
11;2025-12-25;23;243
11;2025-12-26;0;76
11;2025-12-26;1;2
11;2025-12-26;2;0
11;2025-12-26;3;0
11;2025-12-26;4;6
11;2025-12-26;5;321
11;2025-12-26;6;1330
11;2025-12-26;7;2281
11;2025-12-26;8;3091
11;2025-12-26;9;2386
11;2025-12-26;10;1834
11;2025-12-26;11;1838
11;2025-12-26;12;1858
11;2025-12-26;13;1996
11;2025-12-26;14;2018
11;2025-12-26;15;2142
11;2025-12-26;16;2395
11;2025-12-26;17;2854
11;2025-12-26;18;2742
11;2025-12-26;19;2215
11;2025-12-26;20;1464
11;2025-12-26;21;881
11;2025-12-26;22;472
11;2025-12-26;23;284
11;2025-12-27;0;104
11;2025-12-27;1;2
11;2025-12-27;2;0
11;2025-12-27;3;0
11;2025-12-27;4;5
11;2025-12-27;5;213
11;2025-12-27;6;758
11;2025-12-27;7;717
11;2025-12-27;8;970
11;2025-12-27;9;1137
11;2025-12-27;10;1219
11;2025-12-27;11;1596
11;2025-12-27;12;1807
11;2025-12-27;13;1727
11;2025-12-27;14;1836
11;2025-12-27;15;1804
11;2025-12-27;16;1733
11;2025-12-27;17;1781
11;2025-12-27;18;1524
11;2025-12-27;19;1420
11;2025-12-27;20;1098
11;2025-12-27;21;742
11;2025-12-27;22;447
11;2025-12-27;23;299
11;2025-12-28;0;112
11;2025-12-28;1;9
11;2025-12-28;2;0
11;2025-12-28;3;0
11;2025-12-28;4;3
11;2025-12-28;5;142
11;2025-12-28;6;462
11;2025-12-28;7;493
11;2025-12-28;8;678
11;2025-12-28;9;949
11;2025-12-28;10;1039
11;2025-12-28;11;1466
11;2025-12-28;12;1659
11;2025-12-28;13;1586
11;2025-12-28;14;1695
11;2025-12-28;15;1739
11;2025-12-28;16;1594
11;2025-12-28;17;1695
11;2025-12-28;18;1397
11;2025-12-28;19;1171
11;2025-12-28;20;932
11;2025-12-28;21;638
11;2025-12-28;22;401
11;2025-12-28;23;237
11;2025-12-29;0;78
11;2025-12-29;1;4
11;2025-12-29;2;0
11;2025-12-29;3;0
11;2025-12-29;4;6
11;2025-12-29;5;306
11;2025-12-29;6;1315
11;2025-12-29;7;2316
11;2025-12-29;8;3151
11;2025-12-29;9;2387
11;2025-12-29;10;1802
11;2025-12-29;11;1812
11;2025-12-29;12;1808
11;2025-12-29;13;1963
11;2025-12-29;14;1937
11;2025-12-29;15;2046
11;2025-12-29;16;2272
11;2025-12-29;17;2812
11;2025-12-29;18;3027
11;2025-12-29;19;2208
11;2025-12-29;20;1480
11;2025-12-29;21;868
11;2025-12-29;22;436
11;2025-12-29;23;206
11;2025-12-30;0;63
11;2025-12-30;1;3
11;2025-12-30;2;0
11;2025-12-30;3;0
11;2025-12-30;4;6
11;2025-12-30;5;313
11;2025-12-30;6;1326
11;2025-12-30;7;2367
11;2025-12-30;8;3195
11;2025-12-30;9;2462
11;2025-12-30;10;1886
11;2025-12-30;11;1870
11;2025-12-30;12;1890
11;2025-12-30;13;2050
11;2025-12-30;14;2006
11;2025-12-30;15;2079
11;2025-12-30;16;2301
11;2025-12-30;17;2853
11;2025-12-30;18;3094
11;2025-12-30;19;2309
11;2025-12-30;20;1536
11;2025-12-30;21;902
11;2025-12-30;22;450
11;2025-12-30;23;218
11;2025-12-31;0;68
11;2025-12-31;1;10
11;2025-12-31;2;0
11;2025-12-31;3;0
11;2025-12-31;4;4
11;2025-12-31;5;247
11;2025-12-31;6;578
11;2025-12-31;7;675
11;2025-12-31;8;1078
11;2025-12-31;9;959
11;2025-12-31;10;1012
11;2025-12-31;11;1244
11;2025-12-31;12;1386
11;2025-12-31;13;1307
11;2025-12-31;14;1372
11;2025-12-31;15;1414
11;2025-12-31;16;1368
11;2025-12-31;17;1583
11;2025-12-31;18;1548
11;2025-12-31;19;1107
11;2025-12-31;20;920
11;2025-12-31;21;651
11;2025-12-31;22;403
11;2025-12-31;23;215
12;2025-11-01;0;91
12;2025-11-01;1;8
12;2025-11-01;2;0
12;2025-11-01;3;0
12;2025-11-01;4;0
12;2025-11-01;5;325
12;2025-11-01;6;902
12;2025-11-01;7;1229
12;2025-11-01;8;2756
12;2025-11-01;9;2456
12;2025-11-01;10;1986
12;2025-11-01;11;2137
12;2025-11-01;12;2218
12;2025-11-01;13;2374
12;2025-11-01;14;2201
12;2025-11-01;15;2467
12;2025-11-01;16;2876
12;2025-11-01;17;2872
12;2025-11-01;18;2860
12;2025-11-01;19;2389
12;2025-11-01;20;1532
12;2025-11-01;21;720
12;2025-11-01;22;578
12;2025-11-01;23;310
12;2025-11-02;0;88
12;2025-11-02;1;5
12;2025-11-02;2;0
12;2025-11-02;3;0
12;2025-11-02;4;3
12;2025-11-02;5;165
12;2025-11-02;6;559
12;2025-11-02;7;704
12;2025-11-02;8;740
12;2025-11-02;9;946
12;2025-11-02;10;1163
12;2025-11-02;11;1360
12;2025-11-02;12;1422
12;2025-11-02;13;1671
12;2025-11-02;14;1533
12;2025-11-02;15;1445
12;2025-11-02;16;1520
12;2025-11-02;17;1526
12;2025-11-02;18;1293
12;2025-11-02;19;1060
12;2025-11-02;20;815
12;2025-11-02;21;590
12;2025-11-02;22;397
12;2025-11-02;23;224
12;2025-11-03;0;66
12;2025-11-03;1;2
12;2025-11-03;2;0
12;2025-11-03;3;0
12;2025-11-03;4;0
12;2025-11-03;5;266
12;2025-11-03;6;669
12;2025-11-03;7;942
12;2025-11-03;8;1464
12;2025-11-03;9;995
12;2025-11-03;10;1130
12;2025-11-03;11;1209
12;2025-11-03;12;1250
12;2025-11-03;13;1442
12;2025-11-03;14;1367
12;2025-11-03;15;1291
12;2025-11-03;16;1430
12;2025-11-03;17;1578
12;2025-11-03;18;1650
12;2025-11-03;19;1103
12;2025-11-03;20;857
12;2025-11-03;21;617
12;2025-11-03;22;367
12;2025-11-03;23;187
12;2025-11-04;0;53
12;2025-11-04;1;6
12;2025-11-04;2;0
12;2025-11-04;3;0
12;2025-11-04;4;0
12;2025-11-04;5;169
12;2025-11-04;6;595
12;2025-11-04;7;694
12;2025-11-04;8;899
12;2025-11-04;9;817
12;2025-11-04;10;963
12;2025-11-04;11;1129
12;2025-11-04;12;1150
12;2025-11-04;13;1382
12;2025-11-04;14;1295
12;2025-11-04;15;1211
12;2025-11-04;16;1377
12;2025-11-04;17;1301
12;2025-11-04;18;1318
12;2025-11-04;19;1007
12;2025-11-04;20;739
12;2025-11-04;21;564
12;2025-11-04;22;358
12;2025-11-04;23;215
12;2025-11-05;0;53
12;2025-11-05;1;1
12;2025-11-05;2;0
12;2025-11-05;3;0
12;2025-11-05;4;8
12;2025-11-05;5;358
12;2025-11-05;6;1507
12;2025-11-05;7;2736
12;2025-11-05;8;3578
12;2025-11-05;9;2550
12;2025-11-05;10;2097
12;2025-11-05;11;1995
12;2025-11-05;12;2087
12;2025-11-05;13;2079
12;2025-11-05;14;2017
12;2025-11-05;15;2284
12;2025-11-05;16;2794
12;2025-11-05;17;3069
12;2025-11-05;18;3224
12;2025-11-05;19;2487
12;2025-11-05;20;1566
12;2025-11-05;21;997
12;2025-11-05;22;505
12;2025-11-05;23;266
12;2025-11-06;0;54
12;2025-11-06;1;2
12;2025-11-06;2;0
12;2025-11-06;3;0
12;2025-11-06;4;7
12;2025-11-06;5;356
12;2025-11-06;6;1504
12;2025-11-06;7;2747
12;2025-11-06;8;3571
12;2025-11-06;9;2544
12;2025-11-06;10;2092
12;2025-11-06;11;2001
12;2025-11-06;12;2082
12;2025-11-06;13;2081
12;2025-11-06;14;2018
12;2025-11-06;15;2294
12;2025-11-06;16;2801
12;2025-11-06;17;3071
12;2025-11-06;18;3227
12;2025-11-06;19;2488
12;2025-11-06;20;1574
12;2025-11-06;21;997
12;2025-11-06;22;511
12;2025-11-06;23;274
12;2025-11-07;0;57
12;2025-11-07;1;1
12;2025-11-07;2;0
12;2025-11-07;3;0
12;2025-11-07;4;6
12;2025-11-07;5;344
12;2025-11-07;6;1471
12;2025-11-07;7;2682
12;2025-11-07;8;3443
12;2025-11-07;9;2486
12;2025-11-07;10;2002
12;2025-11-07;11;1980
12;2025-11-07;12;2066
12;2025-11-07;13;2079
12;2025-11-07;14;2025
12;2025-11-07;15;2327
12;2025-11-07;16;2824
12;2025-11-07;17;3040
12;2025-11-07;18;2803
12;2025-11-07;19;2373
12;2025-11-07;20;1503
12;2025-11-07;21;988
12;2025-11-07;22;520
12;2025-11-07;23;299
12;2025-11-08;0;82
12;2025-11-08;1;2
12;2025-11-08;2;0
12;2025-11-08;3;0
12;2025-11-08;4;3
12;2025-11-08;5;266
12;2025-11-08;6;891
12;2025-11-08;7;943
12;2025-11-08;8;1011
12;2025-11-08;9;1154
12;2025-11-08;10;1330
12;2025-11-08;11;1503
12;2025-11-08;12;1531
12;2025-11-08;13;1763
12;2025-11-08;14;1586
12;2025-11-08;15;1548
12;2025-11-08;16;1639
12;2025-11-08;17;1583
12;2025-11-08;18;1465
12;2025-11-08;19;1317
12;2025-11-08;20;974
12;2025-11-08;21;722
12;2025-11-08;22;416
12;2025-11-08;23;273
12;2025-11-09;0;88
12;2025-11-09;1;5
12;2025-11-09;2;0
12;2025-11-09;3;0
12;2025-11-09;4;3
12;2025-11-09;5;165
12;2025-11-09;6;559
12;2025-11-09;7;704
12;2025-11-09;8;740
12;2025-11-09;9;946
12;2025-11-09;10;1163
12;2025-11-09;11;1360
12;2025-11-09;12;1422
12;2025-11-09;13;1671
12;2025-11-09;14;1533
12;2025-11-09;15;1445
12;2025-11-09;16;1520
12;2025-11-09;17;1526
12;2025-11-09;18;1293
12;2025-11-09;19;1060
12;2025-11-09;20;815
12;2025-11-09;21;590
12;2025-11-09;22;397
12;2025-11-09;23;224
12;2025-11-10;0;60
12;2025-11-10;1;2
12;2025-11-10;2;0
12;2025-11-10;3;0
12;2025-11-10;4;6
12;2025-11-10;5;336
12;2025-11-10;6;1450
12;2025-11-10;7;2687
12;2025-11-10;8;3557
12;2025-11-10;9;2479
12;2025-11-10;10;1995
12;2025-11-10;11;1933
12;2025-11-10;12;2032
12;2025-11-10;13;2011
12;2025-11-10;14;1986
12;2025-11-10;15;2254
12;2025-11-10;16;2714
12;2025-11-10;17;3029
12;2025-11-10;18;3160
12;2025-11-10;19;2390
12;2025-11-10;20;1511
12;2025-11-10;21;955
12;2025-11-10;22;456
12;2025-11-10;23;239
12;2025-11-11;0;47
12;2025-11-11;1;1
12;2025-11-11;2;0
12;2025-11-11;3;0
12;2025-11-11;4;6
12;2025-11-11;5;354
12;2025-11-11;6;1503
12;2025-11-11;7;2757
12;2025-11-11;8;3613
12;2025-11-11;9;2547
12;2025-11-11;10;2093
12;2025-11-11;11;2000
12;2025-11-11;12;2082
12;2025-11-11;13;2082
12;2025-11-11;14;2018
12;2025-11-11;15;2287
12;2025-11-11;16;2798
12;2025-11-11;17;3077
12;2025-11-11;18;3248
12;2025-11-11;19;2490
12;2025-11-11;20;1568
12;2025-11-11;21;991
12;2025-11-11;22;509
12;2025-11-11;23;256
12;2025-11-12;0;53
12;2025-11-12;1;1
12;2025-11-12;2;0
12;2025-11-12;3;0
12;2025-11-12;4;8
12;2025-11-12;5;358
12;2025-11-12;6;1507
12;2025-11-12;7;2736
12;2025-11-12;8;3578
12;2025-11-12;9;2550
12;2025-11-12;10;2097
12;2025-11-12;11;1995
12;2025-11-12;12;2087
12;2025-11-12;13;2079
12;2025-11-12;14;2017
12;2025-11-12;15;2284
12;2025-11-12;16;2794
12;2025-11-12;17;3069
12;2025-11-12;18;3224
12;2025-11-12;19;2487
12;2025-11-12;20;1566
12;2025-11-12;21;997
12;2025-11-12;22;505
12;2025-11-12;23;266
12;2025-11-13;0;54
12;2025-11-13;1;2
12;2025-11-13;2;0
12;2025-11-13;3;0
12;2025-11-13;4;7
12;2025-11-13;5;356
12;2025-11-13;6;1504
12;2025-11-13;7;2747
12;2025-11-13;8;3571
12;2025-11-13;9;2544
12;2025-11-13;10;2092
12;2025-11-13;11;2001
12;2025-11-13;12;2082
12;2025-11-13;13;2081
12;2025-11-13;14;2018
12;2025-11-13;15;2294
12;2025-11-13;16;2801
12;2025-11-13;17;3071
12;2025-11-13;18;3227
12;2025-11-13;19;2488
12;2025-11-13;20;1574
12;2025-11-13;21;997
12;2025-11-13;22;511
12;2025-11-13;23;274
12;2025-11-14;0;57
12;2025-11-14;1;1
12;2025-11-14;2;0
12;2025-11-14;3;0
12;2025-11-14;4;6
12;2025-11-14;5;344
12;2025-11-14;6;1471
12;2025-11-14;7;2682
12;2025-11-14;8;3443
12;2025-11-14;9;2486
12;2025-11-14;10;2002
12;2025-11-14;11;1980
12;2025-11-14;12;2066
12;2025-11-14;13;2079
12;2025-11-14;14;2025
12;2025-11-14;15;2327
12;2025-11-14;16;2824
12;2025-11-14;17;3040
12;2025-11-14;18;2803
12;2025-11-14;19;2373
12;2025-11-14;20;1503
12;2025-11-14;21;988
12;2025-11-14;22;520
12;2025-11-14;23;299
12;2025-11-15;0;82
12;2025-11-15;1;2
12;2025-11-15;2;0
12;2025-11-15;3;0
12;2025-11-15;4;3
12;2025-11-15;5;266
12;2025-11-15;6;891
12;2025-11-15;7;943
12;2025-11-15;8;1011
12;2025-11-15;9;1154
12;2025-11-15;10;1330
12;2025-11-15;11;1503
12;2025-11-15;12;1531
12;2025-11-15;13;1763
12;2025-11-15;14;1586
12;2025-11-15;15;1548
12;2025-11-15;16;1639
12;2025-11-15;17;1583
12;2025-11-15;18;1465
12;2025-11-15;19;1317
12;2025-11-15;20;974
12;2025-11-15;21;722
12;2025-11-15;22;416
12;2025-11-15;23;273
12;2025-11-16;0;88
12;2025-11-16;1;5
12;2025-11-16;2;0
12;2025-11-16;3;0
12;2025-11-16;4;3
12;2025-11-16;5;165
12;2025-11-16;6;559
12;2025-11-16;7;704
12;2025-11-16;8;740
12;2025-11-16;9;946
12;2025-11-16;10;1163
12;2025-11-16;11;1360
12;2025-11-16;12;1422
12;2025-11-16;13;1671
12;2025-11-16;14;1533
12;2025-11-16;15;1445
12;2025-11-16;16;1520
12;2025-11-16;17;1526
12;2025-11-16;18;1293
12;2025-11-16;19;1060
12;2025-11-16;20;815
12;2025-11-16;21;590
12;2025-11-16;22;397
12;2025-11-16;23;224
12;2025-11-17;0;60
12;2025-11-17;1;2
12;2025-11-17;2;0
12;2025-11-17;3;0
12;2025-11-17;4;6
12;2025-11-17;5;336
12;2025-11-17;6;1450
12;2025-11-17;7;2687
12;2025-11-17;8;3557
12;2025-11-17;9;2479
12;2025-11-17;10;1995
12;2025-11-17;11;1933
12;2025-11-17;12;2032
12;2025-11-17;13;2011
12;2025-11-17;14;1986
12;2025-11-17;15;2254
12;2025-11-17;16;2714
12;2025-11-17;17;3029
12;2025-11-17;18;3160
12;2025-11-17;19;2390
12;2025-11-17;20;1511
12;2025-11-17;21;955
12;2025-11-17;22;456
12;2025-11-17;23;239
12;2025-11-18;0;47
12;2025-11-18;1;1
12;2025-11-18;2;0
12;2025-11-18;3;0
12;2025-11-18;4;6
12;2025-11-18;5;354
12;2025-11-18;6;1503
12;2025-11-18;7;2757
12;2025-11-18;8;3613
12;2025-11-18;9;2547
12;2025-11-18;10;2093
12;2025-11-18;11;2000
12;2025-11-18;12;2082
12;2025-11-18;13;2082
12;2025-11-18;14;2018
12;2025-11-18;15;2287
12;2025-11-18;16;2798
12;2025-11-18;17;3077
12;2025-11-18;18;3248
12;2025-11-18;19;2490
12;2025-11-18;20;1568
12;2025-11-18;21;991
12;2025-11-18;22;509
12;2025-11-18;23;256
12;2025-11-19;0;53
12;2025-11-19;1;1
12;2025-11-19;2;0
12;2025-11-19;3;0
12;2025-11-19;4;8
12;2025-11-19;5;358
12;2025-11-19;6;1507
12;2025-11-19;7;2736
12;2025-11-19;8;3578
12;2025-11-19;9;2550
12;2025-11-19;10;2097
12;2025-11-19;11;1995
12;2025-11-19;12;2087
12;2025-11-19;13;2079
12;2025-11-19;14;2017
12;2025-11-19;15;2284
12;2025-11-19;16;2794
12;2025-11-19;17;3069
12;2025-11-19;18;3224
12;2025-11-19;19;2487
12;2025-11-19;20;1566
12;2025-11-19;21;997
12;2025-11-19;22;505
12;2025-11-19;23;266
12;2025-11-20;0;54
12;2025-11-20;1;2
12;2025-11-20;2;0
12;2025-11-20;3;0
12;2025-11-20;4;7
12;2025-11-20;5;356
12;2025-11-20;6;1504
12;2025-11-20;7;2747
12;2025-11-20;8;3571
12;2025-11-20;9;2544
12;2025-11-20;10;2092
12;2025-11-20;11;2001
12;2025-11-20;12;2082
12;2025-11-20;13;2081
12;2025-11-20;14;2018
12;2025-11-20;15;2294
12;2025-11-20;16;2801
12;2025-11-20;17;3071
12;2025-11-20;18;3227
12;2025-11-20;19;2488
12;2025-11-20;20;1574
12;2025-11-20;21;997
12;2025-11-20;22;511
12;2025-11-20;23;274
12;2025-11-21;0;57
12;2025-11-21;1;1
12;2025-11-21;2;0
12;2025-11-21;3;0
12;2025-11-21;4;6
12;2025-11-21;5;344
12;2025-11-21;6;1471
12;2025-11-21;7;2682
12;2025-11-21;8;3443
12;2025-11-21;9;2486
12;2025-11-21;10;2002
12;2025-11-21;11;1980
12;2025-11-21;12;2066
12;2025-11-21;13;2079
12;2025-11-21;14;2025
12;2025-11-21;15;2327
12;2025-11-21;16;2824
12;2025-11-21;17;3040
12;2025-11-21;18;2803
12;2025-11-21;19;2373
12;2025-11-21;20;1503
12;2025-11-21;21;988
12;2025-11-21;22;520
12;2025-11-21;23;299
12;2025-11-22;0;82
12;2025-11-22;1;2
12;2025-11-22;2;0
12;2025-11-22;3;0
12;2025-11-22;4;3
12;2025-11-22;5;266
12;2025-11-22;6;891
12;2025-11-22;7;943
12;2025-11-22;8;1011
12;2025-11-22;9;1154
12;2025-11-22;10;1330
12;2025-11-22;11;1503
12;2025-11-22;12;1531
12;2025-11-22;13;1763
12;2025-11-22;14;1586
12;2025-11-22;15;1548
12;2025-11-22;16;1639
12;2025-11-22;17;1583
12;2025-11-22;18;1465
12;2025-11-22;19;1317
12;2025-11-22;20;974
12;2025-11-22;21;722
12;2025-11-22;22;416
12;2025-11-22;23;273
12;2025-11-23;0;88
12;2025-11-23;1;5
12;2025-11-23;2;0
12;2025-11-23;3;0
12;2025-11-23;4;3
12;2025-11-23;5;165
12;2025-11-23;6;559
12;2025-11-23;7;704
12;2025-11-23;8;740
12;2025-11-23;9;946
12;2025-11-23;10;1163
12;2025-11-23;11;1360
12;2025-11-23;12;1422
12;2025-11-23;13;1671
12;2025-11-23;14;1533
12;2025-11-23;15;1445
12;2025-11-23;16;1520
12;2025-11-23;17;1526
12;2025-11-23;18;1293
12;2025-11-23;19;1060
12;2025-11-23;20;815
12;2025-11-23;21;590
12;2025-11-23;22;397
12;2025-11-23;23;224
12;2025-11-24;0;60
12;2025-11-24;1;2
12;2025-11-24;2;0
12;2025-11-24;3;0
12;2025-11-24;4;6
12;2025-11-24;5;336
12;2025-11-24;6;1450
12;2025-11-24;7;2687
12;2025-11-24;8;3557
12;2025-11-24;9;2479
12;2025-11-24;10;1995
12;2025-11-24;11;1933
12;2025-11-24;12;2032
12;2025-11-24;13;2011
12;2025-11-24;14;1986
12;2025-11-24;15;2254
12;2025-11-24;16;2714
12;2025-11-24;17;3029
12;2025-11-24;18;3160
12;2025-11-24;19;2390
12;2025-11-24;20;1511
12;2025-11-24;21;955
12;2025-11-24;22;456
12;2025-11-24;23;239
12;2025-11-25;0;47
12;2025-11-25;1;1
12;2025-11-25;2;0
12;2025-11-25;3;0
12;2025-11-25;4;6
12;2025-11-25;5;354
12;2025-11-25;6;1503
12;2025-11-25;7;2757
12;2025-11-25;8;3613
12;2025-11-25;9;2547
12;2025-11-25;10;2093
12;2025-11-25;11;2000
12;2025-11-25;12;2082
12;2025-11-25;13;2082
12;2025-11-25;14;2018
12;2025-11-25;15;2287
12;2025-11-25;16;2798
12;2025-11-25;17;3077
12;2025-11-25;18;3248
12;2025-11-25;19;2490
12;2025-11-25;20;1568
12;2025-11-25;21;991
12;2025-11-25;22;509
12;2025-11-25;23;256
12;2025-11-26;0;53
12;2025-11-26;1;1
12;2025-11-26;2;0
12;2025-11-26;3;0
12;2025-11-26;4;8
12;2025-11-26;5;358
12;2025-11-26;6;1507
12;2025-11-26;7;2736
12;2025-11-26;8;3578
12;2025-11-26;9;2550
12;2025-11-26;10;2097
12;2025-11-26;11;1995
12;2025-11-26;12;2087
12;2025-11-26;13;2079
12;2025-11-26;14;2017
12;2025-11-26;15;2284
12;2025-11-26;16;2794
12;2025-11-26;17;3069
12;2025-11-26;18;3224
12;2025-11-26;19;2487
12;2025-11-26;20;1566
12;2025-11-26;21;997
12;2025-11-26;22;505
12;2025-11-26;23;266
12;2025-11-27;0;54
12;2025-11-27;1;2
12;2025-11-27;2;0
12;2025-11-27;3;0
12;2025-11-27;4;7
12;2025-11-27;5;356
12;2025-11-27;6;1504
12;2025-11-27;7;2747
12;2025-11-27;8;3571
12;2025-11-27;9;2544
12;2025-11-27;10;2092
12;2025-11-27;11;2001
12;2025-11-27;12;2082
12;2025-11-27;13;2081
12;2025-11-27;14;2018
12;2025-11-27;15;2294
12;2025-11-27;16;2801
12;2025-11-27;17;3071
12;2025-11-27;18;3227
12;2025-11-27;19;2488
12;2025-11-27;20;1574
12;2025-11-27;21;997
12;2025-11-27;22;511
12;2025-11-27;23;274
12;2025-11-28;0;57
12;2025-11-28;1;1
12;2025-11-28;2;0
12;2025-11-28;3;0
12;2025-11-28;4;6
12;2025-11-28;5;344
12;2025-11-28;6;1471
12;2025-11-28;7;2682
12;2025-11-28;8;3443
12;2025-11-28;9;2486
12;2025-11-28;10;2002
12;2025-11-28;11;1980
12;2025-11-28;12;2066
12;2025-11-28;13;2079
12;2025-11-28;14;2025
12;2025-11-28;15;2327
12;2025-11-28;16;2824
12;2025-11-28;17;3040
12;2025-11-28;18;2803
12;2025-11-28;19;2373
12;2025-11-28;20;1503
12;2025-11-28;21;988
12;2025-11-28;22;520
12;2025-11-28;23;299
12;2025-11-29;0;82
12;2025-11-29;1;2
12;2025-11-29;2;0
12;2025-11-29;3;0
12;2025-11-29;4;3
12;2025-11-29;5;266
12;2025-11-29;6;891
12;2025-11-29;7;943
12;2025-11-29;8;1011
12;2025-11-29;9;1154
12;2025-11-29;10;1330
12;2025-11-29;11;1503
12;2025-11-29;12;1531
12;2025-11-29;13;1763
12;2025-11-29;14;1586
12;2025-11-29;15;1548
12;2025-11-29;16;1639
12;2025-11-29;17;1583
12;2025-11-29;18;1465
12;2025-11-29;19;1317
12;2025-11-29;20;974
12;2025-11-29;21;722
12;2025-11-29;22;416
12;2025-11-29;23;273
12;2025-11-30;0;88
12;2025-11-30;1;5
12;2025-11-30;2;0
12;2025-11-30;3;0
12;2025-11-30;4;3
12;2025-11-30;5;165
12;2025-11-30;6;559
12;2025-11-30;7;704
12;2025-11-30;8;740
12;2025-11-30;9;946
12;2025-11-30;10;1163
12;2025-11-30;11;1360
12;2025-11-30;12;1422
12;2025-11-30;13;1671
12;2025-11-30;14;1533
12;2025-11-30;15;1445
12;2025-11-30;16;1520
12;2025-11-30;17;1526
12;2025-11-30;18;1293
12;2025-11-30;19;1060
12;2025-11-30;20;815
12;2025-11-30;21;590
12;2025-11-30;22;397
12;2025-11-30;23;224
12;2025-12-01;0;64
12;2025-12-01;1;5
12;2025-12-01;2;0
12;2025-12-01;3;0
12;2025-12-01;4;5
12;2025-12-01;5;311
12;2025-12-01;6;1375
12;2025-12-01;7;2655
12;2025-12-01;8;3547
12;2025-12-01;9;2438
12;2025-12-01;10;1985
12;2025-12-01;11;1912
12;2025-12-01;12;2009
12;2025-12-01;13;1998
12;2025-12-01;14;1989
12;2025-12-01;15;2246
12;2025-12-01;16;2707
12;2025-12-01;17;3016
12;2025-12-01;18;3154
12;2025-12-01;19;2375
12;2025-12-01;20;1505
12;2025-12-01;21;951
12;2025-12-01;22;443
12;2025-12-01;23;230
12;2025-12-02;0;50
12;2025-12-02;1;3
12;2025-12-02;2;0
12;2025-12-02;3;0
12;2025-12-02;4;5
12;2025-12-02;5;328
12;2025-12-02;6;1408
12;2025-12-02;7;2719
12;2025-12-02;8;3601
12;2025-12-02;9;2506
12;2025-12-02;10;2086
12;2025-12-02;11;1979
12;2025-12-02;12;2059
12;2025-12-02;13;2056
12;2025-12-02;14;2023
12;2025-12-02;15;2271
12;2025-12-02;16;2785
12;2025-12-02;17;3061
12;2025-12-02;18;3240
12;2025-12-02;19;2492
12;2025-12-02;20;1565
12;2025-12-02;21;973
12;2025-12-02;22;499
12;2025-12-02;23;245
12;2025-12-03;0;55
12;2025-12-03;1;3
12;2025-12-03;2;0
12;2025-12-03;3;0
12;2025-12-03;4;6
12;2025-12-03;5;332
12;2025-12-03;6;1412
12;2025-12-03;7;2697
12;2025-12-03;8;3566
12;2025-12-03;9;2508
12;2025-12-03;10;2090
12;2025-12-03;11;1974
12;2025-12-03;12;2065
12;2025-12-03;13;2052
12;2025-12-03;14;2022
12;2025-12-03;15;2269
12;2025-12-03;16;2780
12;2025-12-03;17;3053
12;2025-12-03;18;3217
12;2025-12-03;19;2490
12;2025-12-03;20;1562
12;2025-12-03;21;979
12;2025-12-03;22;495
12;2025-12-03;23;255
12;2025-12-04;0;56
12;2025-12-04;1;4
12;2025-12-04;2;0
12;2025-12-04;3;0
12;2025-12-04;4;6
12;2025-12-04;5;331
12;2025-12-04;6;1410
12;2025-12-04;7;2708
12;2025-12-04;8;3560
12;2025-12-04;9;2503
12;2025-12-04;10;2085
12;2025-12-04;11;1980
12;2025-12-04;12;2059
12;2025-12-04;13;2055
12;2025-12-04;14;2023
12;2025-12-04;15;2279
12;2025-12-04;16;2788
12;2025-12-04;17;3055
12;2025-12-04;18;3220
12;2025-12-04;19;2491
12;2025-12-04;20;1571
12;2025-12-04;21;980
12;2025-12-04;22;501
12;2025-12-04;23;263
12;2025-12-05;0;59
12;2025-12-05;1;3
12;2025-12-05;2;0
12;2025-12-05;3;0
12;2025-12-05;4;5
12;2025-12-05;5;318
12;2025-12-05;6;1391
12;2025-12-05;7;2643
12;2025-12-05;8;3432
12;2025-12-05;9;2438
12;2025-12-05;10;1989
12;2025-12-05;11;1952
12;2025-12-05;12;2036
12;2025-12-05;13;2045
12;2025-12-05;14;2026
12;2025-12-05;15;2312
12;2025-12-05;16;2808
12;2025-12-05;17;3022
12;2025-12-05;18;2796
12;2025-12-05;19;2369
12;2025-12-05;20;1495
12;2025-12-05;21;983
12;2025-12-05;22;518
12;2025-12-05;23;288
12;2025-12-06;0;87
12;2025-12-06;1;7
12;2025-12-06;2;0
12;2025-12-06;3;0
12;2025-12-06;4;3
12;2025-12-06;5;236
12;2025-12-06;6;782
12;2025-12-06;7;895
12;2025-12-06;8;985
12;2025-12-06;9;1128
12;2025-12-06;10;1336
12;2025-12-06;11;1453
12;2025-12-06;12;1479
12;2025-12-06;13;1737
12;2025-12-06;14;1578
12;2025-12-06;15;1504
12;2025-12-06;16;1605
12;2025-12-06;17;1539
12;2025-12-06;18;1423
12;2025-12-06;19;1316
12;2025-12-06;20;966
12;2025-12-06;21;683
12;2025-12-06;22;409
12;2025-12-06;23;264
12;2025-12-07;0;96
12;2025-12-07;1;8
12;2025-12-07;2;0
12;2025-12-07;3;0
12;2025-12-07;4;2
12;2025-12-07;5;136
12;2025-12-07;6;436
12;2025-12-07;7;615
12;2025-12-07;8;729
12;2025-12-07;9;922
12;2025-12-07;10;1168
12;2025-12-07;11;1322
12;2025-12-07;12;1382
12;2025-12-07;13;1654
12;2025-12-07;14;1525
12;2025-12-07;15;1419
12;2025-12-07;16;1519
12;2025-12-07;17;1496
12;2025-12-07;18;1283
12;2025-12-07;19;1040
12;2025-12-07;20;804
12;2025-12-07;21;536
12;2025-12-07;22;384
12;2025-12-07;23;217
12;2025-12-08;0;64
12;2025-12-08;1;5
12;2025-12-08;2;0
12;2025-12-08;3;0
12;2025-12-08;4;5
12;2025-12-08;5;311
12;2025-12-08;6;1375
12;2025-12-08;7;2655
12;2025-12-08;8;3547
12;2025-12-08;9;2438
12;2025-12-08;10;1985
12;2025-12-08;11;1912
12;2025-12-08;12;2009
12;2025-12-08;13;1998
12;2025-12-08;14;1989
12;2025-12-08;15;2246
12;2025-12-08;16;2707
12;2025-12-08;17;3016
12;2025-12-08;18;3154
12;2025-12-08;19;2375
12;2025-12-08;20;1505
12;2025-12-08;21;951
12;2025-12-08;22;443
12;2025-12-08;23;230
12;2025-12-09;0;50
12;2025-12-09;1;3
12;2025-12-09;2;0
12;2025-12-09;3;0
12;2025-12-09;4;5
12;2025-12-09;5;328
12;2025-12-09;6;1408
12;2025-12-09;7;2719
12;2025-12-09;8;3601
12;2025-12-09;9;2506
12;2025-12-09;10;2086
12;2025-12-09;11;1979
12;2025-12-09;12;2059
12;2025-12-09;13;2056
12;2025-12-09;14;2023
12;2025-12-09;15;2271
12;2025-12-09;16;2785
12;2025-12-09;17;3061
12;2025-12-09;18;3240
12;2025-12-09;19;2492
12;2025-12-09;20;1565
12;2025-12-09;21;973
12;2025-12-09;22;499
12;2025-12-09;23;245
12;2025-12-10;0;55
12;2025-12-10;1;3
12;2025-12-10;2;0
12;2025-12-10;3;0
12;2025-12-10;4;6
12;2025-12-10;5;332
12;2025-12-10;6;1412
12;2025-12-10;7;2697
12;2025-12-10;8;3566
12;2025-12-10;9;2508
12;2025-12-10;10;2090
12;2025-12-10;11;1974
12;2025-12-10;12;2065
12;2025-12-10;13;2052
12;2025-12-10;14;2022
12;2025-12-10;15;2269
12;2025-12-10;16;2780
12;2025-12-10;17;3053
12;2025-12-10;18;3217
12;2025-12-10;19;2490
12;2025-12-10;20;1562
12;2025-12-10;21;979
12;2025-12-10;22;495
12;2025-12-10;23;255
12;2025-12-11;0;56
12;2025-12-11;1;4
12;2025-12-11;2;0
12;2025-12-11;3;0
12;2025-12-11;4;6
12;2025-12-11;5;331
12;2025-12-11;6;1410
12;2025-12-11;7;2708
12;2025-12-11;8;3560
12;2025-12-11;9;2503
12;2025-12-11;10;2085
12;2025-12-11;11;1980
12;2025-12-11;12;2059
12;2025-12-11;13;2055
12;2025-12-11;14;2023
12;2025-12-11;15;2279
12;2025-12-11;16;2788
12;2025-12-11;17;3055
12;2025-12-11;18;3220
12;2025-12-11;19;2491
12;2025-12-11;20;1571
12;2025-12-11;21;980
12;2025-12-11;22;501
12;2025-12-11;23;263
12;2025-12-12;0;59
12;2025-12-12;1;3
12;2025-12-12;2;0
12;2025-12-12;3;0
12;2025-12-12;4;5
12;2025-12-12;5;318
12;2025-12-12;6;1391
12;2025-12-12;7;2643
12;2025-12-12;8;3432
12;2025-12-12;9;2438
12;2025-12-12;10;1989
12;2025-12-12;11;1952
12;2025-12-12;12;2036
12;2025-12-12;13;2045
12;2025-12-12;14;2026
12;2025-12-12;15;2312
12;2025-12-12;16;2808
12;2025-12-12;17;3022
12;2025-12-12;18;2796
12;2025-12-12;19;2369
12;2025-12-12;20;1495
12;2025-12-12;21;983
12;2025-12-12;22;518
12;2025-12-12;23;288
12;2025-12-13;0;87
12;2025-12-13;1;7
12;2025-12-13;2;0
12;2025-12-13;3;0
12;2025-12-13;4;3
12;2025-12-13;5;236
12;2025-12-13;6;782
12;2025-12-13;7;895
12;2025-12-13;8;985
12;2025-12-13;9;1128
12;2025-12-13;10;1336
12;2025-12-13;11;1453
12;2025-12-13;12;1479
12;2025-12-13;13;1737
12;2025-12-13;14;1578
12;2025-12-13;15;1504
12;2025-12-13;16;1605
12;2025-12-13;17;1539
12;2025-12-13;18;1423
12;2025-12-13;19;1316
12;2025-12-13;20;966
12;2025-12-13;21;683
12;2025-12-13;22;409
12;2025-12-13;23;264
12;2025-12-14;0;96
12;2025-12-14;1;8
12;2025-12-14;2;0
12;2025-12-14;3;0
12;2025-12-14;4;2
12;2025-12-14;5;136
12;2025-12-14;6;436
12;2025-12-14;7;615
12;2025-12-14;8;729
12;2025-12-14;9;922
12;2025-12-14;10;1168
12;2025-12-14;11;1322
12;2025-12-14;12;1382
12;2025-12-14;13;1654
12;2025-12-14;14;1525
12;2025-12-14;15;1419
12;2025-12-14;16;1519
12;2025-12-14;17;1496
12;2025-12-14;18;1283
12;2025-12-14;19;1040
12;2025-12-14;20;804
12;2025-12-14;21;536
12;2025-12-14;22;384
12;2025-12-14;23;217
12;2025-12-15;0;64
12;2025-12-15;1;5
12;2025-12-15;2;0
12;2025-12-15;3;0
12;2025-12-15;4;5
12;2025-12-15;5;311
12;2025-12-15;6;1375
12;2025-12-15;7;2655
12;2025-12-15;8;3547
12;2025-12-15;9;2438
12;2025-12-15;10;1985
12;2025-12-15;11;1912
12;2025-12-15;12;2009
12;2025-12-15;13;1998
12;2025-12-15;14;1989
12;2025-12-15;15;2246
12;2025-12-15;16;2707
12;2025-12-15;17;3016
12;2025-12-15;18;3154
12;2025-12-15;19;2375
12;2025-12-15;20;1505
12;2025-12-15;21;951
12;2025-12-15;22;443
12;2025-12-15;23;230
12;2025-12-16;0;50
12;2025-12-16;1;3
12;2025-12-16;2;0
12;2025-12-16;3;0
12;2025-12-16;4;5
12;2025-12-16;5;328
12;2025-12-16;6;1408
12;2025-12-16;7;2719
12;2025-12-16;8;3601
12;2025-12-16;9;2506
12;2025-12-16;10;2086
12;2025-12-16;11;1979
12;2025-12-16;12;2059
12;2025-12-16;13;2056
12;2025-12-16;14;2023
12;2025-12-16;15;2271
12;2025-12-16;16;2785
12;2025-12-16;17;3061
12;2025-12-16;18;3240
12;2025-12-16;19;2492
12;2025-12-16;20;1565
12;2025-12-16;21;973
12;2025-12-16;22;499
12;2025-12-16;23;245
12;2025-12-17;0;55
12;2025-12-17;1;3
12;2025-12-17;2;0
12;2025-12-17;3;0
12;2025-12-17;4;6
12;2025-12-17;5;332
12;2025-12-17;6;1412
12;2025-12-17;7;2697
12;2025-12-17;8;3566
12;2025-12-17;9;2508
12;2025-12-17;10;2090
12;2025-12-17;11;1974
12;2025-12-17;12;2065
12;2025-12-17;13;2052
12;2025-12-17;14;2022
12;2025-12-17;15;2269
12;2025-12-17;16;2780
12;2025-12-17;17;3053
12;2025-12-17;18;3217
12;2025-12-17;19;2490
12;2025-12-17;20;1562
12;2025-12-17;21;979
12;2025-12-17;22;495
12;2025-12-17;23;255
12;2025-12-18;0;56
12;2025-12-18;1;4
12;2025-12-18;2;0
12;2025-12-18;3;0
12;2025-12-18;4;6
12;2025-12-18;5;331
12;2025-12-18;6;1410
12;2025-12-18;7;2708
12;2025-12-18;8;3560
12;2025-12-18;9;2503
12;2025-12-18;10;2085
12;2025-12-18;11;1980
12;2025-12-18;12;2059
12;2025-12-18;13;2055
12;2025-12-18;14;2023
12;2025-12-18;15;2279
12;2025-12-18;16;2788
12;2025-12-18;17;3055
12;2025-12-18;18;3220
12;2025-12-18;19;2491
12;2025-12-18;20;1571
12;2025-12-18;21;980
12;2025-12-18;22;501
12;2025-12-18;23;263
12;2025-12-19;0;59
12;2025-12-19;1;3
12;2025-12-19;2;0
12;2025-12-19;3;0
12;2025-12-19;4;5
12;2025-12-19;5;318
12;2025-12-19;6;1391
12;2025-12-19;7;2643
12;2025-12-19;8;3432
12;2025-12-19;9;2438
12;2025-12-19;10;1989
12;2025-12-19;11;1952
12;2025-12-19;12;2036
12;2025-12-19;13;2045
12;2025-12-19;14;2026
12;2025-12-19;15;2312
12;2025-12-19;16;2808
12;2025-12-19;17;3022
12;2025-12-19;18;2796
12;2025-12-19;19;2369
12;2025-12-19;20;1495
12;2025-12-19;21;983
12;2025-12-19;22;518
12;2025-12-19;23;288
12;2025-12-20;0;87
12;2025-12-20;1;7
12;2025-12-20;2;0
12;2025-12-20;3;0
12;2025-12-20;4;3
12;2025-12-20;5;236
12;2025-12-20;6;782
12;2025-12-20;7;895
12;2025-12-20;8;985
12;2025-12-20;9;1128
12;2025-12-20;10;1336
12;2025-12-20;11;1453
12;2025-12-20;12;1479
12;2025-12-20;13;1737
12;2025-12-20;14;1578
12;2025-12-20;15;1504
12;2025-12-20;16;1605
12;2025-12-20;17;1539
12;2025-12-20;18;1423
12;2025-12-20;19;1316
12;2025-12-20;20;966
12;2025-12-20;21;683
12;2025-12-20;22;409
12;2025-12-20;23;264
12;2025-12-21;0;96
12;2025-12-21;1;8
12;2025-12-21;2;0
12;2025-12-21;3;0
12;2025-12-21;4;2
12;2025-12-21;5;136
12;2025-12-21;6;436
12;2025-12-21;7;615
12;2025-12-21;8;729
12;2025-12-21;9;922
12;2025-12-21;10;1168
12;2025-12-21;11;1322
12;2025-12-21;12;1382
12;2025-12-21;13;1654
12;2025-12-21;14;1525
12;2025-12-21;15;1419
12;2025-12-21;16;1519
12;2025-12-21;17;1496
12;2025-12-21;18;1283
12;2025-12-21;19;1040
12;2025-12-21;20;804
12;2025-12-21;21;536
12;2025-12-21;22;384
12;2025-12-21;23;217
12;2025-12-22;0;64
12;2025-12-22;1;5
12;2025-12-22;2;0
12;2025-12-22;3;0
12;2025-12-22;4;5
12;2025-12-22;5;311
12;2025-12-22;6;1375
12;2025-12-22;7;2655
12;2025-12-22;8;3547
12;2025-12-22;9;2438
12;2025-12-22;10;1985
12;2025-12-22;11;1912
12;2025-12-22;12;2009
12;2025-12-22;13;1998
12;2025-12-22;14;1989
12;2025-12-22;15;2246
12;2025-12-22;16;2707
12;2025-12-22;17;3016
12;2025-12-22;18;3154
12;2025-12-22;19;2375
12;2025-12-22;20;1505
12;2025-12-22;21;951
12;2025-12-22;22;443
12;2025-12-22;23;230
12;2025-12-23;0;50
12;2025-12-23;1;3
12;2025-12-23;2;0
12;2025-12-23;3;0
12;2025-12-23;4;5
12;2025-12-23;5;328
12;2025-12-23;6;1408
12;2025-12-23;7;2719
12;2025-12-23;8;3601
12;2025-12-23;9;2506
12;2025-12-23;10;2086
12;2025-12-23;11;1979
12;2025-12-23;12;2059
12;2025-12-23;13;2056
12;2025-12-23;14;2023
12;2025-12-23;15;2271
12;2025-12-23;16;2785
12;2025-12-23;17;3061
12;2025-12-23;18;3240
12;2025-12-23;19;2492
12;2025-12-23;20;1565
12;2025-12-23;21;973
12;2025-12-23;22;499
12;2025-12-23;23;245
12;2025-12-24;0;55
12;2025-12-24;1;3
12;2025-12-24;2;0
12;2025-12-24;3;0
12;2025-12-24;4;6
12;2025-12-24;5;332
12;2025-12-24;6;1412
12;2025-12-24;7;2697
12;2025-12-24;8;3566
12;2025-12-24;9;2508
12;2025-12-24;10;2090
12;2025-12-24;11;1974
12;2025-12-24;12;2065
12;2025-12-24;13;2052
12;2025-12-24;14;2022
12;2025-12-24;15;2269
12;2025-12-24;16;2780
12;2025-12-24;17;3053
12;2025-12-24;18;3217
12;2025-12-24;19;2490
12;2025-12-24;20;1562
12;2025-12-24;21;979
12;2025-12-24;22;495
12;2025-12-24;23;255
12;2025-12-25;0;56
12;2025-12-25;1;4
12;2025-12-25;2;0
12;2025-12-25;3;0
12;2025-12-25;4;6
12;2025-12-25;5;331
12;2025-12-25;6;1410
12;2025-12-25;7;2708
12;2025-12-25;8;3560
12;2025-12-25;9;2503
12;2025-12-25;10;2085
12;2025-12-25;11;1980
12;2025-12-25;12;2059
12;2025-12-25;13;2055
12;2025-12-25;14;2023
12;2025-12-25;15;2279
12;2025-12-25;16;2788
12;2025-12-25;17;3055
12;2025-12-25;18;3220
12;2025-12-25;19;2491
12;2025-12-25;20;1571
12;2025-12-25;21;980
12;2025-12-25;22;501
12;2025-12-25;23;263
12;2025-12-26;0;59
12;2025-12-26;1;3
12;2025-12-26;2;0
12;2025-12-26;3;0
12;2025-12-26;4;5
12;2025-12-26;5;318
12;2025-12-26;6;1391
12;2025-12-26;7;2643
12;2025-12-26;8;3432
12;2025-12-26;9;2438
12;2025-12-26;10;1989
12;2025-12-26;11;1952
12;2025-12-26;12;2036
12;2025-12-26;13;2045
12;2025-12-26;14;2026
12;2025-12-26;15;2312
12;2025-12-26;16;2808
12;2025-12-26;17;3022
12;2025-12-26;18;2796
12;2025-12-26;19;2369
12;2025-12-26;20;1495
12;2025-12-26;21;983
12;2025-12-26;22;518
12;2025-12-26;23;288
12;2025-12-27;0;87
12;2025-12-27;1;7
12;2025-12-27;2;0
12;2025-12-27;3;0
12;2025-12-27;4;3
12;2025-12-27;5;236
12;2025-12-27;6;782
12;2025-12-27;7;895
12;2025-12-27;8;985
12;2025-12-27;9;1128
12;2025-12-27;10;1336
12;2025-12-27;11;1453
12;2025-12-27;12;1479
12;2025-12-27;13;1737
12;2025-12-27;14;1578
12;2025-12-27;15;1504
12;2025-12-27;16;1605
12;2025-12-27;17;1539
12;2025-12-27;18;1423
12;2025-12-27;19;1316
12;2025-12-27;20;966
12;2025-12-27;21;683
12;2025-12-27;22;409
12;2025-12-27;23;264
12;2025-12-28;0;96
12;2025-12-28;1;8
12;2025-12-28;2;0
12;2025-12-28;3;0
12;2025-12-28;4;2
12;2025-12-28;5;136
12;2025-12-28;6;436
12;2025-12-28;7;615
12;2025-12-28;8;729
12;2025-12-28;9;922
12;2025-12-28;10;1168
12;2025-12-28;11;1322
12;2025-12-28;12;1382
12;2025-12-28;13;1654
12;2025-12-28;14;1525
12;2025-12-28;15;1419
12;2025-12-28;16;1519
12;2025-12-28;17;1496
12;2025-12-28;18;1283
12;2025-12-28;19;1040
12;2025-12-28;20;804
12;2025-12-28;21;536
12;2025-12-28;22;384
12;2025-12-28;23;217
12;2025-12-29;0;64
12;2025-12-29;1;5
12;2025-12-29;2;0
12;2025-12-29;3;0
12;2025-12-29;4;5
12;2025-12-29;5;311
12;2025-12-29;6;1375
12;2025-12-29;7;2655
12;2025-12-29;8;3547
12;2025-12-29;9;2438
12;2025-12-29;10;1985
12;2025-12-29;11;1912
12;2025-12-29;12;2009
12;2025-12-29;13;1998
12;2025-12-29;14;1989
12;2025-12-29;15;2246
12;2025-12-29;16;2707
12;2025-12-29;17;3016
12;2025-12-29;18;3154
12;2025-12-29;19;2375
12;2025-12-29;20;1505
12;2025-12-29;21;951
12;2025-12-29;22;443
12;2025-12-29;23;230
12;2025-12-30;0;50
12;2025-12-30;1;3
12;2025-12-30;2;0
12;2025-12-30;3;0
12;2025-12-30;4;5
12;2025-12-30;5;328
12;2025-12-30;6;1408
12;2025-12-30;7;2719
12;2025-12-30;8;3601
12;2025-12-30;9;2506
12;2025-12-30;10;2086
12;2025-12-30;11;1979
12;2025-12-30;12;2059
12;2025-12-30;13;2056
12;2025-12-30;14;2023
12;2025-12-30;15;2271
12;2025-12-30;16;2785
12;2025-12-30;17;3061
12;2025-12-30;18;3240
12;2025-12-30;19;2492
12;2025-12-30;20;1565
12;2025-12-30;21;973
12;2025-12-30;22;499
12;2025-12-30;23;245
12;2025-12-31;0;54
12;2025-12-31;1;0
12;2025-12-31;2;0
12;2025-12-31;3;0
12;2025-12-31;4;0
12;2025-12-31;5;258
12;2025-12-31;6;602
12;2025-12-31;7;843
12;2025-12-31;8;1421
12;2025-12-31;9;967
12;2025-12-31;10;1066
12;2025-12-31;11;1097
12;2025-12-31;12;1129
12;2025-12-31;13;1344
12;2025-12-31;14;1269
12;2025-12-31;15;1163
12;2025-12-31;16;1329
12;2025-12-31;17;1430
12;2025-12-31;18;1524
12;2025-12-31;19;1068
12;2025-12-31;20;840
12;2025-12-31;21;595
12;2025-12-31;22;363
12;2025-12-31;23;186
17;2025-11-01;0;231
17;2025-11-01;1;63
17;2025-11-01;2;0
17;2025-11-01;3;0
17;2025-11-01;4;39
17;2025-11-01;5;168
17;2025-11-01;6;614
17;2025-11-01;7;1839
17;2025-11-01;8;3463
17;2025-11-01;9;3088
17;2025-11-01;10;3018
17;2025-11-01;11;3352
17;2025-11-01;12;3618
17;2025-11-01;13;3921
17;2025-11-01;14;4027
17;2025-11-01;15;3955
17;2025-11-01;16;4066
17;2025-11-01;17;4179
17;2025-11-01;18;3766
17;2025-11-01;19;2896
17;2025-11-01;20;2458
17;2025-11-01;21;1315
17;2025-11-01;22;942
17;2025-11-01;23;480
17;2025-11-02;0;198
17;2025-11-02;1;23
17;2025-11-02;2;0
17;2025-11-02;3;0
17;2025-11-02;4;4
17;2025-11-02;5;105
17;2025-11-02;6;421
17;2025-11-02;7;788
17;2025-11-02;8;1234
17;2025-11-02;9;1666
17;2025-11-02;10;1984
17;2025-11-02;11;2517
17;2025-11-02;12;2971
17;2025-11-02;13;3242
17;2025-11-02;14;3313
17;2025-11-02;15;3301
17;2025-11-02;16;3190
17;2025-11-02;17;2990
17;2025-11-02;18;2641
17;2025-11-02;19;2106
17;2025-11-02;20;1647
17;2025-11-02;21;1169
17;2025-11-02;22;694
17;2025-11-02;23;328
17;2025-11-03;0;130
17;2025-11-03;1;15
17;2025-11-03;2;0
17;2025-11-03;3;0
17;2025-11-03;4;1
17;2025-11-03;5;159
17;2025-11-03;6;478
17;2025-11-03;7;1800
17;2025-11-03;8;2164
17;2025-11-03;9;2364
17;2025-11-03;10;1934
17;2025-11-03;11;2234
17;2025-11-03;12;2336
17;2025-11-03;13;2436
17;2025-11-03;14;2492
17;2025-11-03;15;2663
17;2025-11-03;16;2918
17;2025-11-03;17;3154
17;2025-11-03;18;2999
17;2025-11-03;19;2575
17;2025-11-03;20;1592
17;2025-11-03;21;1236
17;2025-11-03;22;628
17;2025-11-03;23;245
17;2025-11-04;0;128
17;2025-11-04;1;20
17;2025-11-04;2;0
17;2025-11-04;3;0
17;2025-11-04;4;6
17;2025-11-04;5;110
17;2025-11-04;6;469
17;2025-11-04;7;1176
17;2025-11-04;8;1645
17;2025-11-04;9;1929
17;2025-11-04;10;1759
17;2025-11-04;11;2196
17;2025-11-04;12;2377
17;2025-11-04;13;2454
17;2025-11-04;14;2415
17;2025-11-04;15;2427
17;2025-11-04;16;2565
17;2025-11-04;17;2757
17;2025-11-04;18;2583
17;2025-11-04;19;2217
17;2025-11-04;20;1578
17;2025-11-04;21;1248
17;2025-11-04;22;698
17;2025-11-04;23;331
17;2025-11-05;0;128
17;2025-11-05;1;10
17;2025-11-05;2;0
17;2025-11-05;3;0
17;2025-11-05;4;25
17;2025-11-05;5;311
17;2025-11-05;6;1521
17;2025-11-05;7;3991
17;2025-11-05;8;5252
17;2025-11-05;9;3842
17;2025-11-05;10;3018
17;2025-11-05;11;2967
17;2025-11-05;12;3007
17;2025-11-05;13;3084
17;2025-11-05;14;3153
17;2025-11-05;15;3324
17;2025-11-05;16;3717
17;2025-11-05;17;4496
17;2025-11-05;18;4863
17;2025-11-05;19;3436
17;2025-11-05;20;2367
17;2025-11-05;21;1482
17;2025-11-05;22;794
17;2025-11-05;23;390
17;2025-11-06;0;142
17;2025-11-06;1;10
17;2025-11-06;2;0
17;2025-11-06;3;0
17;2025-11-06;4;25
17;2025-11-06;5;313
17;2025-11-06;6;1518
17;2025-11-06;7;3997
17;2025-11-06;8;5290
17;2025-11-06;9;3856
17;2025-11-06;10;3028
17;2025-11-06;11;2988
17;2025-11-06;12;3021
17;2025-11-06;13;3096
17;2025-11-06;14;3166
17;2025-11-06;15;3355
17;2025-11-06;16;3760
17;2025-11-06;17;4517
17;2025-11-06;18;4884
17;2025-11-06;19;3449
17;2025-11-06;20;2383
17;2025-11-06;21;1494
17;2025-11-06;22;825
17;2025-11-06;23;414
17;2025-11-07;0;150
17;2025-11-07;1;15
17;2025-11-07;2;0
17;2025-11-07;3;0
17;2025-11-07;4;26
17;2025-11-07;5;306
17;2025-11-07;6;1500
17;2025-11-07;7;3927
17;2025-11-07;8;5125
17;2025-11-07;9;3793
17;2025-11-07;10;3002
17;2025-11-07;11;3014
17;2025-11-07;12;3042
17;2025-11-07;13;3106
17;2025-11-07;14;3193
17;2025-11-07;15;3434
17;2025-11-07;16;3836
17;2025-11-07;17;4504
17;2025-11-07;18;4424
17;2025-11-07;19;3364
17;2025-11-07;20;2331
17;2025-11-07;21;1510
17;2025-11-07;22;860
17;2025-11-07;23;452
17;2025-11-08;0;204
17;2025-11-08;1;23
17;2025-11-08;2;0
17;2025-11-08;3;0
17;2025-11-08;4;6
17;2025-11-08;5;130
17;2025-11-08;6;577
17;2025-11-08;7;1206
17;2025-11-08;8;1733
17;2025-11-08;9;2010
17;2025-11-08;10;2219
17;2025-11-08;11;2746
17;2025-11-08;12;3139
17;2025-11-08;13;3335
17;2025-11-08;14;3413
17;2025-11-08;15;3431
17;2025-11-08;16;3404
17;2025-11-08;17;3212
17;2025-11-08;18;2942
17;2025-11-08;19;2327
17;2025-11-08;20;1795
17;2025-11-08;21;1307
17;2025-11-08;22;820
17;2025-11-08;23;433
17;2025-11-09;0;198
17;2025-11-09;1;23
17;2025-11-09;2;0
17;2025-11-09;3;0
17;2025-11-09;4;4
17;2025-11-09;5;105
17;2025-11-09;6;421
17;2025-11-09;7;788
17;2025-11-09;8;1234
17;2025-11-09;9;1666
17;2025-11-09;10;1984
17;2025-11-09;11;2517
17;2025-11-09;12;2971
17;2025-11-09;13;3242
17;2025-11-09;14;3313
17;2025-11-09;15;3301
17;2025-11-09;16;3190
17;2025-11-09;17;2990
17;2025-11-09;18;2641
17;2025-11-09;19;2106
17;2025-11-09;20;1647
17;2025-11-09;21;1169
17;2025-11-09;22;694
17;2025-11-09;23;328
17;2025-11-10;0;117
17;2025-11-10;1;12
17;2025-11-10;2;0
17;2025-11-10;3;0
17;2025-11-10;4;26
17;2025-11-10;5;300
17;2025-11-10;6;1484
17;2025-11-10;7;3977
17;2025-11-10;8;5316
17;2025-11-10;9;3796
17;2025-11-10;10;2933
17;2025-11-10;11;2871
17;2025-11-10;12;2891
17;2025-11-10;13;2951
17;2025-11-10;14;3039
17;2025-11-10;15;3223
17;2025-11-10;16;3641
17;2025-11-10;17;4470
17;2025-11-10;18;4851
17;2025-11-10;19;3401
17;2025-11-10;20;2306
17;2025-11-10;21;1453
17;2025-11-10;22;685
17;2025-11-10;23;332
17;2025-11-11;0;117
17;2025-11-11;1;9
17;2025-11-11;2;0
17;2025-11-11;3;0
17;2025-11-11;4;25
17;2025-11-11;5;306
17;2025-11-11;6;1520
17;2025-11-11;7;4021
17;2025-11-11;8;5295
17;2025-11-11;9;3865
17;2025-11-11;10;3023
17;2025-11-11;11;2983
17;2025-11-11;12;3016
17;2025-11-11;13;3088
17;2025-11-11;14;3168
17;2025-11-11;15;3352
17;2025-11-11;16;3741
17;2025-11-11;17;4521
17;2025-11-11;18;4908
17;2025-11-11;19;3455
17;2025-11-11;20;2374
17;2025-11-11;21;1484
17;2025-11-11;22;739
17;2025-11-11;23;367
17;2025-11-12;0;128
17;2025-11-12;1;10
17;2025-11-12;2;0
17;2025-11-12;3;0
17;2025-11-12;4;25
17;2025-11-12;5;311
17;2025-11-12;6;1521
17;2025-11-12;7;3991
17;2025-11-12;8;5252
17;2025-11-12;9;3842
17;2025-11-12;10;3018
17;2025-11-12;11;2967
17;2025-11-12;12;3007
17;2025-11-12;13;3084
17;2025-11-12;14;3153
17;2025-11-12;15;3324
17;2025-11-12;16;3717
17;2025-11-12;17;4496
17;2025-11-12;18;4863
17;2025-11-12;19;3436
17;2025-11-12;20;2367
17;2025-11-12;21;1482
17;2025-11-12;22;794
17;2025-11-12;23;390
17;2025-11-13;0;142
17;2025-11-13;1;10
17;2025-11-13;2;0
17;2025-11-13;3;0
17;2025-11-13;4;25
17;2025-11-13;5;313
17;2025-11-13;6;1518
17;2025-11-13;7;3997
17;2025-11-13;8;5290
17;2025-11-13;9;3856
17;2025-11-13;10;3028
17;2025-11-13;11;2988
17;2025-11-13;12;3021
17;2025-11-13;13;3096
17;2025-11-13;14;3166
17;2025-11-13;15;3355
17;2025-11-13;16;3760
17;2025-11-13;17;4517
17;2025-11-13;18;4884
17;2025-11-13;19;3449
17;2025-11-13;20;2383
17;2025-11-13;21;1494
17;2025-11-13;22;825
17;2025-11-13;23;414
17;2025-11-14;0;150
17;2025-11-14;1;15
17;2025-11-14;2;0
17;2025-11-14;3;0
17;2025-11-14;4;26
17;2025-11-14;5;306
17;2025-11-14;6;1500
17;2025-11-14;7;3927
17;2025-11-14;8;5125
17;2025-11-14;9;3793
17;2025-11-14;10;3002
17;2025-11-14;11;3014
17;2025-11-14;12;3042
17;2025-11-14;13;3106
17;2025-11-14;14;3193
17;2025-11-14;15;3434
17;2025-11-14;16;3836
17;2025-11-14;17;4504
17;2025-11-14;18;4424
17;2025-11-14;19;3364
17;2025-11-14;20;2331
17;2025-11-14;21;1510
17;2025-11-14;22;860
17;2025-11-14;23;452
17;2025-11-15;0;204
17;2025-11-15;1;23
17;2025-11-15;2;0
17;2025-11-15;3;0
17;2025-11-15;4;6
17;2025-11-15;5;130
17;2025-11-15;6;577
17;2025-11-15;7;1206
17;2025-11-15;8;1733
17;2025-11-15;9;2010
17;2025-11-15;10;2219
17;2025-11-15;11;2746
17;2025-11-15;12;3139
17;2025-11-15;13;3335
17;2025-11-15;14;3413
17;2025-11-15;15;3431
17;2025-11-15;16;3404
17;2025-11-15;17;3212
17;2025-11-15;18;2942
17;2025-11-15;19;2327
17;2025-11-15;20;1795
17;2025-11-15;21;1307
17;2025-11-15;22;820
17;2025-11-15;23;433
17;2025-11-16;0;198
17;2025-11-16;1;23
17;2025-11-16;2;0
17;2025-11-16;3;0
17;2025-11-16;4;4
17;2025-11-16;5;105
17;2025-11-16;6;421
17;2025-11-16;7;788
17;2025-11-16;8;1234
17;2025-11-16;9;1666
17;2025-11-16;10;1984
17;2025-11-16;11;2517
17;2025-11-16;12;2971
17;2025-11-16;13;3242
17;2025-11-16;14;3313
17;2025-11-16;15;3301
17;2025-11-16;16;3190
17;2025-11-16;17;2990
17;2025-11-16;18;2641
17;2025-11-16;19;2106
17;2025-11-16;20;1647
17;2025-11-16;21;1169
17;2025-11-16;22;694
17;2025-11-16;23;328
17;2025-11-17;0;117
17;2025-11-17;1;12
17;2025-11-17;2;0
17;2025-11-17;3;0
17;2025-11-17;4;26
17;2025-11-17;5;300
17;2025-11-17;6;1484
17;2025-11-17;7;3977
17;2025-11-17;8;5316
17;2025-11-17;9;3796
17;2025-11-17;10;2933
17;2025-11-17;11;2871
17;2025-11-17;12;2891
17;2025-11-17;13;2951
17;2025-11-17;14;3039
17;2025-11-17;15;3223
17;2025-11-17;16;3641
17;2025-11-17;17;4470
17;2025-11-17;18;4851
17;2025-11-17;19;3401
17;2025-11-17;20;2306
17;2025-11-17;21;1453
17;2025-11-17;22;685
17;2025-11-17;23;332
17;2025-11-18;0;117
17;2025-11-18;1;9
17;2025-11-18;2;0
17;2025-11-18;3;0
17;2025-11-18;4;25
17;2025-11-18;5;306
17;2025-11-18;6;1520
17;2025-11-18;7;4021
17;2025-11-18;8;5295
17;2025-11-18;9;3865
17;2025-11-18;10;3023
17;2025-11-18;11;2983
17;2025-11-18;12;3016
17;2025-11-18;13;3088
17;2025-11-18;14;3168
17;2025-11-18;15;3352
17;2025-11-18;16;3741
17;2025-11-18;17;4521
17;2025-11-18;18;4908
17;2025-11-18;19;3455
17;2025-11-18;20;2374
17;2025-11-18;21;1484
17;2025-11-18;22;739
17;2025-11-18;23;367
17;2025-11-19;0;128
17;2025-11-19;1;10
17;2025-11-19;2;0
17;2025-11-19;3;0
17;2025-11-19;4;25
17;2025-11-19;5;311
17;2025-11-19;6;1521
17;2025-11-19;7;3991
17;2025-11-19;8;5252
17;2025-11-19;9;3842
17;2025-11-19;10;3018
17;2025-11-19;11;2967
17;2025-11-19;12;3007
17;2025-11-19;13;3084
17;2025-11-19;14;3153
17;2025-11-19;15;3324
17;2025-11-19;16;3717
17;2025-11-19;17;4496
17;2025-11-19;18;4863
17;2025-11-19;19;3436
17;2025-11-19;20;2367
17;2025-11-19;21;1482
17;2025-11-19;22;794
17;2025-11-19;23;390
17;2025-11-20;0;142
17;2025-11-20;1;10
17;2025-11-20;2;0
17;2025-11-20;3;0
17;2025-11-20;4;25
17;2025-11-20;5;313
17;2025-11-20;6;1518
17;2025-11-20;7;3997
17;2025-11-20;8;5290
17;2025-11-20;9;3856
17;2025-11-20;10;3028
17;2025-11-20;11;2988
17;2025-11-20;12;3021
17;2025-11-20;13;3096
17;2025-11-20;14;3166
17;2025-11-20;15;3355
17;2025-11-20;16;3760
17;2025-11-20;17;4517
17;2025-11-20;18;4884
17;2025-11-20;19;3449
17;2025-11-20;20;2383
17;2025-11-20;21;1494
17;2025-11-20;22;825
17;2025-11-20;23;414
17;2025-11-21;0;150
17;2025-11-21;1;15
17;2025-11-21;2;0
17;2025-11-21;3;0
17;2025-11-21;4;26
17;2025-11-21;5;306
17;2025-11-21;6;1500
17;2025-11-21;7;3927
17;2025-11-21;8;5125
17;2025-11-21;9;3793
17;2025-11-21;10;3002
17;2025-11-21;11;3014
17;2025-11-21;12;3042
17;2025-11-21;13;3106
17;2025-11-21;14;3193
17;2025-11-21;15;3434
17;2025-11-21;16;3836
17;2025-11-21;17;4504
17;2025-11-21;18;4424
17;2025-11-21;19;3364
17;2025-11-21;20;2331
17;2025-11-21;21;1510
17;2025-11-21;22;860
17;2025-11-21;23;452
17;2025-11-22;0;204
17;2025-11-22;1;23
17;2025-11-22;2;0
17;2025-11-22;3;0
17;2025-11-22;4;6
17;2025-11-22;5;130
17;2025-11-22;6;577
17;2025-11-22;7;1206
17;2025-11-22;8;1733
17;2025-11-22;9;2010
17;2025-11-22;10;2219
17;2025-11-22;11;2746
17;2025-11-22;12;3139
17;2025-11-22;13;3335
17;2025-11-22;14;3413
17;2025-11-22;15;3431
17;2025-11-22;16;3404
17;2025-11-22;17;3212
17;2025-11-22;18;2942
17;2025-11-22;19;2327
17;2025-11-22;20;1795
17;2025-11-22;21;1307
17;2025-11-22;22;820
17;2025-11-22;23;433
17;2025-11-23;0;198
17;2025-11-23;1;23
17;2025-11-23;2;0
17;2025-11-23;3;0
17;2025-11-23;4;4
17;2025-11-23;5;105
17;2025-11-23;6;421
17;2025-11-23;7;788
17;2025-11-23;8;1234
17;2025-11-23;9;1666
17;2025-11-23;10;1984
17;2025-11-23;11;2517
17;2025-11-23;12;2971
17;2025-11-23;13;3242
17;2025-11-23;14;3313
17;2025-11-23;15;3301
17;2025-11-23;16;3190
17;2025-11-23;17;2990
17;2025-11-23;18;2641
17;2025-11-23;19;2106
17;2025-11-23;20;1647
17;2025-11-23;21;1169
17;2025-11-23;22;694
17;2025-11-23;23;328
17;2025-11-24;0;117
17;2025-11-24;1;12
17;2025-11-24;2;0
17;2025-11-24;3;0
17;2025-11-24;4;26
17;2025-11-24;5;300
17;2025-11-24;6;1484
17;2025-11-24;7;3977
17;2025-11-24;8;5316
17;2025-11-24;9;3796
17;2025-11-24;10;2933
17;2025-11-24;11;2871
17;2025-11-24;12;2891
17;2025-11-24;13;2951
17;2025-11-24;14;3039
17;2025-11-24;15;3223
17;2025-11-24;16;3641
17;2025-11-24;17;4470
17;2025-11-24;18;4851
17;2025-11-24;19;3401
17;2025-11-24;20;2306
17;2025-11-24;21;1453
17;2025-11-24;22;685
17;2025-11-24;23;332
17;2025-11-25;0;117
17;2025-11-25;1;9
17;2025-11-25;2;0
17;2025-11-25;3;0
17;2025-11-25;4;25
17;2025-11-25;5;306
17;2025-11-25;6;1520
17;2025-11-25;7;4021
17;2025-11-25;8;5295
17;2025-11-25;9;3865
17;2025-11-25;10;3023
17;2025-11-25;11;2983
17;2025-11-25;12;3016
17;2025-11-25;13;3088
17;2025-11-25;14;3168
17;2025-11-25;15;3352
17;2025-11-25;16;3741
17;2025-11-25;17;4521
17;2025-11-25;18;4908
17;2025-11-25;19;3455
17;2025-11-25;20;2374
17;2025-11-25;21;1484
17;2025-11-25;22;739
17;2025-11-25;23;367
17;2025-11-26;0;128
17;2025-11-26;1;10
17;2025-11-26;2;0
17;2025-11-26;3;0
17;2025-11-26;4;25
17;2025-11-26;5;311
17;2025-11-26;6;1521
17;2025-11-26;7;3991
17;2025-11-26;8;5252
17;2025-11-26;9;3842
17;2025-11-26;10;3018
17;2025-11-26;11;2967
17;2025-11-26;12;3007
17;2025-11-26;13;3084
17;2025-11-26;14;3153
17;2025-11-26;15;3324
17;2025-11-26;16;3717
17;2025-11-26;17;4496
17;2025-11-26;18;4863
17;2025-11-26;19;3436
17;2025-11-26;20;2367
17;2025-11-26;21;1482
17;2025-11-26;22;794
17;2025-11-26;23;390
17;2025-11-27;0;142
17;2025-11-27;1;10
17;2025-11-27;2;0
17;2025-11-27;3;0
17;2025-11-27;4;25
17;2025-11-27;5;313
17;2025-11-27;6;1518
17;2025-11-27;7;3997
17;2025-11-27;8;5290
17;2025-11-27;9;3856
17;2025-11-27;10;3028
17;2025-11-27;11;2988
17;2025-11-27;12;3021
17;2025-11-27;13;3096
17;2025-11-27;14;3166
17;2025-11-27;15;3355
17;2025-11-27;16;3760
17;2025-11-27;17;4517
17;2025-11-27;18;4884
17;2025-11-27;19;3449
17;2025-11-27;20;2383
17;2025-11-27;21;1494
17;2025-11-27;22;825
17;2025-11-27;23;414
17;2025-11-28;0;150
17;2025-11-28;1;15
17;2025-11-28;2;0
17;2025-11-28;3;0
17;2025-11-28;4;26
17;2025-11-28;5;306
17;2025-11-28;6;1500
17;2025-11-28;7;3927
17;2025-11-28;8;5125
17;2025-11-28;9;3793
17;2025-11-28;10;3002
17;2025-11-28;11;3014
17;2025-11-28;12;3042
17;2025-11-28;13;3106
17;2025-11-28;14;3193
17;2025-11-28;15;3434
17;2025-11-28;16;3836
17;2025-11-28;17;4504
17;2025-11-28;18;4424
17;2025-11-28;19;3364
17;2025-11-28;20;2331
17;2025-11-28;21;1510
17;2025-11-28;22;860
17;2025-11-28;23;452
17;2025-11-29;0;204
17;2025-11-29;1;23
17;2025-11-29;2;0
17;2025-11-29;3;0
17;2025-11-29;4;6
17;2025-11-29;5;130
17;2025-11-29;6;577
17;2025-11-29;7;1206
17;2025-11-29;8;1733
17;2025-11-29;9;2010
17;2025-11-29;10;2219
17;2025-11-29;11;2746
17;2025-11-29;12;3139
17;2025-11-29;13;3335
17;2025-11-29;14;3413
17;2025-11-29;15;3431
17;2025-11-29;16;3404
17;2025-11-29;17;3212
17;2025-11-29;18;2942
17;2025-11-29;19;2327
17;2025-11-29;20;1795
17;2025-11-29;21;1307
17;2025-11-29;22;820
17;2025-11-29;23;433
17;2025-11-30;0;198
17;2025-11-30;1;23
17;2025-11-30;2;0
17;2025-11-30;3;0
17;2025-11-30;4;4
17;2025-11-30;5;105
17;2025-11-30;6;421
17;2025-11-30;7;788
17;2025-11-30;8;1234
17;2025-11-30;9;1666
17;2025-11-30;10;1984
17;2025-11-30;11;2517
17;2025-11-30;12;2971
17;2025-11-30;13;3242
17;2025-11-30;14;3313
17;2025-11-30;15;3301
17;2025-11-30;16;3190
17;2025-11-30;17;2990
17;2025-11-30;18;2641
17;2025-11-30;19;2106
17;2025-11-30;20;1647
17;2025-11-30;21;1169
17;2025-11-30;22;694
17;2025-11-30;23;328
17;2025-12-01;0;101
17;2025-12-01;1;12
17;2025-12-01;2;0
17;2025-12-01;3;0
17;2025-12-01;4;27
17;2025-12-01;5;306
17;2025-12-01;6;1479
17;2025-12-01;7;3938
17;2025-12-01;8;5279
17;2025-12-01;9;3763
17;2025-12-01;10;2885
17;2025-12-01;11;2808
17;2025-12-01;12;2822
17;2025-12-01;13;2907
17;2025-12-01;14;2989
17;2025-12-01;15;3199
17;2025-12-01;16;3625
17;2025-12-01;17;4438
17;2025-12-01;18;4878
17;2025-12-01;19;3390
17;2025-12-01;20;2302
17;2025-12-01;21;1456
17;2025-12-01;22;750
17;2025-12-01;23;315
17;2025-12-02;0;101
17;2025-12-02;1;9
17;2025-12-02;2;0
17;2025-12-02;3;0
17;2025-12-02;4;27
17;2025-12-02;5;311
17;2025-12-02;6;1489
17;2025-12-02;7;3980
17;2025-12-02;8;5262
17;2025-12-02;9;3831
17;2025-12-02;10;2961
17;2025-12-02;11;2896
17;2025-12-02;12;2932
17;2025-12-02;13;3026
17;2025-12-02;14;3105
17;2025-12-02;15;3306
17;2025-12-02;16;3712
17;2025-12-02;17;4487
17;2025-12-02;18;4917
17;2025-12-02;19;3459
17;2025-12-02;20;2372
17;2025-12-02;21;1485
17;2025-12-02;22;786
17;2025-12-02;23;348
17;2025-12-03;0;111
17;2025-12-03;1;9
17;2025-12-03;2;0
17;2025-12-03;3;0
17;2025-12-03;4;28
17;2025-12-03;5;316
17;2025-12-03;6;1491
17;2025-12-03;7;3950
17;2025-12-03;8;5224
17;2025-12-03;9;3808
17;2025-12-03;10;2957
17;2025-12-03;11;2886
17;2025-12-03;12;2923
17;2025-12-03;13;3022
17;2025-12-03;14;3085
17;2025-12-03;15;3279
17;2025-12-03;16;3689
17;2025-12-03;17;4463
17;2025-12-03;18;4879
17;2025-12-03;19;3440
17;2025-12-03;20;2365
17;2025-12-03;21;1483
17;2025-12-03;22;812
17;2025-12-03;23;371
17;2025-12-04;0;126
17;2025-12-04;1;10
17;2025-12-04;2;0
17;2025-12-04;3;0
17;2025-12-04;4;27
17;2025-12-04;5;318
17;2025-12-04;6;1488
17;2025-12-04;7;3956
17;2025-12-04;8;5241
17;2025-12-04;9;3816
17;2025-12-04;10;2967
17;2025-12-04;11;2901
17;2025-12-04;12;2937
17;2025-12-04;13;3034
17;2025-12-04;14;3098
17;2025-12-04;15;3304
17;2025-12-04;16;3725
17;2025-12-04;17;4477
17;2025-12-04;18;4893
17;2025-12-04;19;3453
17;2025-12-04;20;2381
17;2025-12-04;21;1494
17;2025-12-04;22;843
17;2025-12-04;23;395
17;2025-12-05;0;134
17;2025-12-05;1;15
17;2025-12-05;2;0
17;2025-12-05;3;0
17;2025-12-05;4;27
17;2025-12-05;5;311
17;2025-12-05;6;1488
17;2025-12-05;7;3883
17;2025-12-05;8;5072
17;2025-12-05;9;3755
17;2025-12-05;10;2939
17;2025-12-05;11;2925
17;2025-12-05;12;2953
17;2025-12-05;13;3044
17;2025-12-05;14;3127
17;2025-12-05;15;3385
17;2025-12-05;16;3803
17;2025-12-05;17;4466
17;2025-12-05;18;4417
17;2025-12-05;19;3366
17;2025-12-05;20;2324
17;2025-12-05;21;1512
17;2025-12-05;22;880
17;2025-12-05;23;433
17;2025-12-06;0;184
17;2025-12-06;1;22
17;2025-12-06;2;0
17;2025-12-06;3;0
17;2025-12-06;4;5
17;2025-12-06;5;129
17;2025-12-06;6;554
17;2025-12-06;7;1116
17;2025-12-06;8;1668
17;2025-12-06;9;1933
17;2025-12-06;10;2160
17;2025-12-06;11;2667
17;2025-12-06;12;3080
17;2025-12-06;13;3318
17;2025-12-06;14;3378
17;2025-12-06;15;3400
17;2025-12-06;16;3332
17;2025-12-06;17;3082
17;2025-12-06;18;2849
17;2025-12-06;19;2310
17;2025-12-06;20;1792
17;2025-12-06;21;1312
17;2025-12-06;22;841
17;2025-12-06;23;416
17;2025-12-07;0;180
17;2025-12-07;1;23
17;2025-12-07;2;0
17;2025-12-07;3;0
17;2025-12-07;4;3
17;2025-12-07;5;106
17;2025-12-07;6;426
17;2025-12-07;7;748
17;2025-12-07;8;1175
17;2025-12-07;9;1605
17;2025-12-07;10;1942
17;2025-12-07;11;2457
17;2025-12-07;12;2930
17;2025-12-07;13;3226
17;2025-12-07;14;3277
17;2025-12-07;15;3275
17;2025-12-07;16;3140
17;2025-12-07;17;2857
17;2025-12-07;18;2556
17;2025-12-07;19;2077
17;2025-12-07;20;1642
17;2025-12-07;21;1186
17;2025-12-07;22;723
17;2025-12-07;23;313
17;2025-12-08;0;101
17;2025-12-08;1;12
17;2025-12-08;2;0
17;2025-12-08;3;0
17;2025-12-08;4;27
17;2025-12-08;5;306
17;2025-12-08;6;1479
17;2025-12-08;7;3938
17;2025-12-08;8;5279
17;2025-12-08;9;3763
17;2025-12-08;10;2885
17;2025-12-08;11;2808
17;2025-12-08;12;2822
17;2025-12-08;13;2907
17;2025-12-08;14;2989
17;2025-12-08;15;3199
17;2025-12-08;16;3625
17;2025-12-08;17;4438
17;2025-12-08;18;4878
17;2025-12-08;19;3390
17;2025-12-08;20;2302
17;2025-12-08;21;1456
17;2025-12-08;22;750
17;2025-12-08;23;315
17;2025-12-09;0;101
17;2025-12-09;1;9
17;2025-12-09;2;0
17;2025-12-09;3;0
17;2025-12-09;4;27
17;2025-12-09;5;311
17;2025-12-09;6;1489
17;2025-12-09;7;3980
17;2025-12-09;8;5262
17;2025-12-09;9;3831
17;2025-12-09;10;2961
17;2025-12-09;11;2896
17;2025-12-09;12;2932
17;2025-12-09;13;3026
17;2025-12-09;14;3105
17;2025-12-09;15;3306
17;2025-12-09;16;3712
17;2025-12-09;17;4487
17;2025-12-09;18;4917
17;2025-12-09;19;3459
17;2025-12-09;20;2372
17;2025-12-09;21;1485
17;2025-12-09;22;786
17;2025-12-09;23;348
17;2025-12-10;0;111
17;2025-12-10;1;9
17;2025-12-10;2;0
17;2025-12-10;3;0
17;2025-12-10;4;28
17;2025-12-10;5;316
17;2025-12-10;6;1491
17;2025-12-10;7;3950
17;2025-12-10;8;5224
17;2025-12-10;9;3808
17;2025-12-10;10;2957
17;2025-12-10;11;2886
17;2025-12-10;12;2923
17;2025-12-10;13;3022
17;2025-12-10;14;3085
17;2025-12-10;15;3279
17;2025-12-10;16;3689
17;2025-12-10;17;4463
17;2025-12-10;18;4879
17;2025-12-10;19;3440
17;2025-12-10;20;2365
17;2025-12-10;21;1483
17;2025-12-10;22;812
17;2025-12-10;23;371
17;2025-12-11;0;126
17;2025-12-11;1;10
17;2025-12-11;2;0
17;2025-12-11;3;0
17;2025-12-11;4;27
17;2025-12-11;5;318
17;2025-12-11;6;1488
17;2025-12-11;7;3956
17;2025-12-11;8;5241
17;2025-12-11;9;3816
17;2025-12-11;10;2967
17;2025-12-11;11;2901
17;2025-12-11;12;2937
17;2025-12-11;13;3034
17;2025-12-11;14;3098
17;2025-12-11;15;3304
17;2025-12-11;16;3725
17;2025-12-11;17;4477
17;2025-12-11;18;4893
17;2025-12-11;19;3453
17;2025-12-11;20;2381
17;2025-12-11;21;1494
17;2025-12-11;22;843
17;2025-12-11;23;395
17;2025-12-12;0;134
17;2025-12-12;1;15
17;2025-12-12;2;0
17;2025-12-12;3;0
17;2025-12-12;4;27
17;2025-12-12;5;311
17;2025-12-12;6;1488
17;2025-12-12;7;3883
17;2025-12-12;8;5072
17;2025-12-12;9;3755
17;2025-12-12;10;2939
17;2025-12-12;11;2925
17;2025-12-12;12;2953
17;2025-12-12;13;3044
17;2025-12-12;14;3127
17;2025-12-12;15;3385
17;2025-12-12;16;3803
17;2025-12-12;17;4466
17;2025-12-12;18;4417
17;2025-12-12;19;3366
17;2025-12-12;20;2324
17;2025-12-12;21;1512
17;2025-12-12;22;880
17;2025-12-12;23;433
17;2025-12-13;0;184
17;2025-12-13;1;22
17;2025-12-13;2;0
17;2025-12-13;3;0
17;2025-12-13;4;5
17;2025-12-13;5;129
17;2025-12-13;6;554
17;2025-12-13;7;1116
17;2025-12-13;8;1668
17;2025-12-13;9;1933
17;2025-12-13;10;2160
17;2025-12-13;11;2667
17;2025-12-13;12;3080
17;2025-12-13;13;3318
17;2025-12-13;14;3378
17;2025-12-13;15;3400
17;2025-12-13;16;3332
17;2025-12-13;17;3082
17;2025-12-13;18;2849
17;2025-12-13;19;2310
17;2025-12-13;20;1792
17;2025-12-13;21;1312
17;2025-12-13;22;841
17;2025-12-13;23;416
17;2025-12-14;0;180
17;2025-12-14;1;23
17;2025-12-14;2;0
17;2025-12-14;3;0
17;2025-12-14;4;3
17;2025-12-14;5;106
17;2025-12-14;6;426
17;2025-12-14;7;748
17;2025-12-14;8;1175
17;2025-12-14;9;1605
17;2025-12-14;10;1942
17;2025-12-14;11;2457
17;2025-12-14;12;2930
17;2025-12-14;13;3226
17;2025-12-14;14;3277
17;2025-12-14;15;3275
17;2025-12-14;16;3140
17;2025-12-14;17;2857
17;2025-12-14;18;2556
17;2025-12-14;19;2077
17;2025-12-14;20;1642
17;2025-12-14;21;1186
17;2025-12-14;22;723
17;2025-12-14;23;313
17;2025-12-15;0;101
17;2025-12-15;1;12
17;2025-12-15;2;0
17;2025-12-15;3;0
17;2025-12-15;4;27
17;2025-12-15;5;306
17;2025-12-15;6;1479
17;2025-12-15;7;3938
17;2025-12-15;8;5279
17;2025-12-15;9;3763
17;2025-12-15;10;2885
17;2025-12-15;11;2808
17;2025-12-15;12;2822
17;2025-12-15;13;2907
17;2025-12-15;14;2989
17;2025-12-15;15;3199
17;2025-12-15;16;3625
17;2025-12-15;17;4438
17;2025-12-15;18;4878
17;2025-12-15;19;3390
17;2025-12-15;20;2302
17;2025-12-15;21;1456
17;2025-12-15;22;750
17;2025-12-15;23;315
17;2025-12-16;0;101
17;2025-12-16;1;9
17;2025-12-16;2;0
17;2025-12-16;3;0
17;2025-12-16;4;27
17;2025-12-16;5;311
17;2025-12-16;6;1489
17;2025-12-16;7;3980
17;2025-12-16;8;5262
17;2025-12-16;9;3831
17;2025-12-16;10;2961
17;2025-12-16;11;2896
17;2025-12-16;12;2932
17;2025-12-16;13;3026
17;2025-12-16;14;3105
17;2025-12-16;15;3306
17;2025-12-16;16;3712
17;2025-12-16;17;4487
17;2025-12-16;18;4917
17;2025-12-16;19;3459
17;2025-12-16;20;2372
17;2025-12-16;21;1485
17;2025-12-16;22;786
17;2025-12-16;23;348
17;2025-12-17;0;111
17;2025-12-17;1;9
17;2025-12-17;2;0
17;2025-12-17;3;0
17;2025-12-17;4;28
17;2025-12-17;5;316
17;2025-12-17;6;1491
17;2025-12-17;7;3950
17;2025-12-17;8;5224
17;2025-12-17;9;3808
17;2025-12-17;10;2957
17;2025-12-17;11;2886
17;2025-12-17;12;2923
17;2025-12-17;13;3022
17;2025-12-17;14;3085
17;2025-12-17;15;3279
17;2025-12-17;16;3689
17;2025-12-17;17;4463
17;2025-12-17;18;4879
17;2025-12-17;19;3440
17;2025-12-17;20;2365
17;2025-12-17;21;1483
17;2025-12-17;22;812
17;2025-12-17;23;371
17;2025-12-18;0;126
17;2025-12-18;1;10
17;2025-12-18;2;0
17;2025-12-18;3;0
17;2025-12-18;4;27
17;2025-12-18;5;318
17;2025-12-18;6;1488
17;2025-12-18;7;3956
17;2025-12-18;8;5241
17;2025-12-18;9;3816
17;2025-12-18;10;2967
17;2025-12-18;11;2901
17;2025-12-18;12;2937
17;2025-12-18;13;3034
17;2025-12-18;14;3098
17;2025-12-18;15;3304
17;2025-12-18;16;3725
17;2025-12-18;17;4477
17;2025-12-18;18;4893
17;2025-12-18;19;3453
17;2025-12-18;20;2381
17;2025-12-18;21;1494
17;2025-12-18;22;843
17;2025-12-18;23;395
17;2025-12-19;0;134
17;2025-12-19;1;15
17;2025-12-19;2;0
17;2025-12-19;3;0
17;2025-12-19;4;27
17;2025-12-19;5;311
17;2025-12-19;6;1488
17;2025-12-19;7;3883
17;2025-12-19;8;5072
17;2025-12-19;9;3755
17;2025-12-19;10;2939
17;2025-12-19;11;2925
17;2025-12-19;12;2953
17;2025-12-19;13;3044
17;2025-12-19;14;3127
17;2025-12-19;15;3385
17;2025-12-19;16;3803
17;2025-12-19;17;4466
17;2025-12-19;18;4417
17;2025-12-19;19;3366
17;2025-12-19;20;2324
17;2025-12-19;21;1512
17;2025-12-19;22;880
17;2025-12-19;23;433
17;2025-12-20;0;184
17;2025-12-20;1;22
17;2025-12-20;2;0
17;2025-12-20;3;0
17;2025-12-20;4;5
17;2025-12-20;5;129
17;2025-12-20;6;554
17;2025-12-20;7;1116
17;2025-12-20;8;1668
17;2025-12-20;9;1933
17;2025-12-20;10;2160
17;2025-12-20;11;2667
17;2025-12-20;12;3080
17;2025-12-20;13;3318
17;2025-12-20;14;3378
17;2025-12-20;15;3400
17;2025-12-20;16;3332
17;2025-12-20;17;3082
17;2025-12-20;18;2849
17;2025-12-20;19;2310
17;2025-12-20;20;1792
17;2025-12-20;21;1312
17;2025-12-20;22;841
17;2025-12-20;23;416
17;2025-12-21;0;180
17;2025-12-21;1;23
17;2025-12-21;2;0
17;2025-12-21;3;0
17;2025-12-21;4;3
17;2025-12-21;5;106
17;2025-12-21;6;426
17;2025-12-21;7;748
17;2025-12-21;8;1175
17;2025-12-21;9;1605
17;2025-12-21;10;1942
17;2025-12-21;11;2457
17;2025-12-21;12;2930
17;2025-12-21;13;3226
17;2025-12-21;14;3277
17;2025-12-21;15;3275
17;2025-12-21;16;3140
17;2025-12-21;17;2857
17;2025-12-21;18;2556
17;2025-12-21;19;2077
17;2025-12-21;20;1642
17;2025-12-21;21;1186
17;2025-12-21;22;723
17;2025-12-21;23;313
17;2025-12-22;0;101
17;2025-12-22;1;12
17;2025-12-22;2;0
17;2025-12-22;3;0
17;2025-12-22;4;27
17;2025-12-22;5;306
17;2025-12-22;6;1479
17;2025-12-22;7;3938
17;2025-12-22;8;5279
17;2025-12-22;9;3763
17;2025-12-22;10;2885
17;2025-12-22;11;2808
17;2025-12-22;12;2822
17;2025-12-22;13;2907
17;2025-12-22;14;2989
17;2025-12-22;15;3199
17;2025-12-22;16;3625
17;2025-12-22;17;4438
17;2025-12-22;18;4878
17;2025-12-22;19;3390
17;2025-12-22;20;2302
17;2025-12-22;21;1456
17;2025-12-22;22;750
17;2025-12-22;23;315
17;2025-12-23;0;101
17;2025-12-23;1;9
17;2025-12-23;2;0
17;2025-12-23;3;0
17;2025-12-23;4;27
17;2025-12-23;5;311
17;2025-12-23;6;1489
17;2025-12-23;7;3980
17;2025-12-23;8;5262
17;2025-12-23;9;3831
17;2025-12-23;10;2961
17;2025-12-23;11;2896
17;2025-12-23;12;2932
17;2025-12-23;13;3026
17;2025-12-23;14;3105
17;2025-12-23;15;3306
17;2025-12-23;16;3712
17;2025-12-23;17;4487
17;2025-12-23;18;4917
17;2025-12-23;19;3459
17;2025-12-23;20;2372
17;2025-12-23;21;1485
17;2025-12-23;22;786
17;2025-12-23;23;348
17;2025-12-24;0;111
17;2025-12-24;1;9
17;2025-12-24;2;0
17;2025-12-24;3;0
17;2025-12-24;4;28
17;2025-12-24;5;316
17;2025-12-24;6;1491
17;2025-12-24;7;3950
17;2025-12-24;8;5224
17;2025-12-24;9;3808
17;2025-12-24;10;2957
17;2025-12-24;11;2886
17;2025-12-24;12;2923
17;2025-12-24;13;3022
17;2025-12-24;14;3085
17;2025-12-24;15;3279
17;2025-12-24;16;3689
17;2025-12-24;17;4463
17;2025-12-24;18;4879
17;2025-12-24;19;3440
17;2025-12-24;20;2365
17;2025-12-24;21;1483
17;2025-12-24;22;812
17;2025-12-24;23;371
17;2025-12-25;0;126
17;2025-12-25;1;10
17;2025-12-25;2;0
17;2025-12-25;3;0
17;2025-12-25;4;27
17;2025-12-25;5;318
17;2025-12-25;6;1488
17;2025-12-25;7;3956
17;2025-12-25;8;5241
17;2025-12-25;9;3816
17;2025-12-25;10;2967
17;2025-12-25;11;2901
17;2025-12-25;12;2937
17;2025-12-25;13;3034
17;2025-12-25;14;3098
17;2025-12-25;15;3304
17;2025-12-25;16;3725
17;2025-12-25;17;4477
17;2025-12-25;18;4893
17;2025-12-25;19;3453
17;2025-12-25;20;2381
17;2025-12-25;21;1494
17;2025-12-25;22;843
17;2025-12-25;23;395
17;2025-12-26;0;134
17;2025-12-26;1;15
17;2025-12-26;2;0
17;2025-12-26;3;0
17;2025-12-26;4;27
17;2025-12-26;5;311
17;2025-12-26;6;1488
17;2025-12-26;7;3883
17;2025-12-26;8;5072
17;2025-12-26;9;3755
17;2025-12-26;10;2939
17;2025-12-26;11;2925
17;2025-12-26;12;2953
17;2025-12-26;13;3044
17;2025-12-26;14;3127
17;2025-12-26;15;3385
17;2025-12-26;16;3803
17;2025-12-26;17;4466
17;2025-12-26;18;4417
17;2025-12-26;19;3366
17;2025-12-26;20;2324
17;2025-12-26;21;1512
17;2025-12-26;22;880
17;2025-12-26;23;433
17;2025-12-27;0;184
17;2025-12-27;1;22
17;2025-12-27;2;0
17;2025-12-27;3;0
17;2025-12-27;4;5
17;2025-12-27;5;129
17;2025-12-27;6;554
17;2025-12-27;7;1116
17;2025-12-27;8;1668
17;2025-12-27;9;1933
17;2025-12-27;10;2160
17;2025-12-27;11;2667
17;2025-12-27;12;3080
17;2025-12-27;13;3318
17;2025-12-27;14;3378
17;2025-12-27;15;3400
17;2025-12-27;16;3332
17;2025-12-27;17;3082
17;2025-12-27;18;2849
17;2025-12-27;19;2310
17;2025-12-27;20;1792
17;2025-12-27;21;1312
17;2025-12-27;22;841
17;2025-12-27;23;416
17;2025-12-28;0;180
17;2025-12-28;1;23
17;2025-12-28;2;0
17;2025-12-28;3;0
17;2025-12-28;4;3
17;2025-12-28;5;106
17;2025-12-28;6;426
17;2025-12-28;7;748
17;2025-12-28;8;1175
17;2025-12-28;9;1605
17;2025-12-28;10;1942
17;2025-12-28;11;2457
17;2025-12-28;12;2930
17;2025-12-28;13;3226
17;2025-12-28;14;3277
17;2025-12-28;15;3275
17;2025-12-28;16;3140
17;2025-12-28;17;2857
17;2025-12-28;18;2556
17;2025-12-28;19;2077
17;2025-12-28;20;1642
17;2025-12-28;21;1186
17;2025-12-28;22;723
17;2025-12-28;23;313
17;2025-12-29;0;101
17;2025-12-29;1;12
17;2025-12-29;2;0
17;2025-12-29;3;0
17;2025-12-29;4;27
17;2025-12-29;5;306
17;2025-12-29;6;1479
17;2025-12-29;7;3938
17;2025-12-29;8;5279
17;2025-12-29;9;3763
17;2025-12-29;10;2885
17;2025-12-29;11;2808
17;2025-12-29;12;2822
17;2025-12-29;13;2907
17;2025-12-29;14;2989
17;2025-12-29;15;3199
17;2025-12-29;16;3625
17;2025-12-29;17;4438
17;2025-12-29;18;4878
17;2025-12-29;19;3390
17;2025-12-29;20;2302
17;2025-12-29;21;1456
17;2025-12-29;22;750
17;2025-12-29;23;315
17;2025-12-30;0;101
17;2025-12-30;1;9
17;2025-12-30;2;0
17;2025-12-30;3;0
17;2025-12-30;4;27
17;2025-12-30;5;311
17;2025-12-30;6;1489
17;2025-12-30;7;3980
17;2025-12-30;8;5262
17;2025-12-30;9;3831
17;2025-12-30;10;2961
17;2025-12-30;11;2896
17;2025-12-30;12;2932
17;2025-12-30;13;3026
17;2025-12-30;14;3105
17;2025-12-30;15;3306
17;2025-12-30;16;3712
17;2025-12-30;17;4487
17;2025-12-30;18;4917
17;2025-12-30;19;3459
17;2025-12-30;20;2372
17;2025-12-30;21;1485
17;2025-12-30;22;786
17;2025-12-30;23;348
17;2025-12-31;0;123
17;2025-12-31;1;9
17;2025-12-31;2;0
17;2025-12-31;3;0
17;2025-12-31;4;0
17;2025-12-31;5;166
17;2025-12-31;6;474
17;2025-12-31;7;1687
17;2025-12-31;8;1845
17;2025-12-31;9;2242
17;2025-12-31;10;1815
17;2025-12-31;11;2119
17;2025-12-31;12;2248
17;2025-12-31;13;2386
17;2025-12-31;14;2406
17;2025-12-31;15;2592
17;2025-12-31;16;2846
17;2025-12-31;17;2893
17;2025-12-31;18;2765
17;2025-12-31;19;2475
17;2025-12-31;20;1506
17;2025-12-31;21;1129
17;2025-12-31;22;743
17;2025-12-31;23;279
25;2025-11-01;0;34
25;2025-11-01;1;0
25;2025-11-01;2;0
25;2025-11-01;3;0
25;2025-11-01;4;0
25;2025-11-01;5;18
25;2025-11-01;6;76
25;2025-11-01;7;160
25;2025-11-01;8;766
25;2025-11-01;9;332
25;2025-11-01;10;387
25;2025-11-01;11;410
25;2025-11-01;12;411
25;2025-11-01;13;617
25;2025-11-01;14;620
25;2025-11-01;15;673
25;2025-11-01;16;738
25;2025-11-01;17;757
25;2025-11-01;18;751
25;2025-11-01;19;415
25;2025-11-01;20;326
25;2025-11-01;21;250
25;2025-11-01;22;174
25;2025-11-01;23;61
25;2025-11-02;0;16
25;2025-11-02;1;0
25;2025-11-02;2;0
25;2025-11-02;3;0
25;2025-11-02;4;0
25;2025-11-02;5;5
25;2025-11-02;6;47
25;2025-11-02;7;101
25;2025-11-02;8;190
25;2025-11-02;9;218
25;2025-11-02;10;239
25;2025-11-02;11;332
25;2025-11-02;12;371
25;2025-11-02;13;504
25;2025-11-02;14;516
25;2025-11-02;15;585
25;2025-11-02;16;515
25;2025-11-02;17;454
25;2025-11-02;18;419
25;2025-11-02;19;333
25;2025-11-02;20;233
25;2025-11-02;21;177
25;2025-11-02;22;95
25;2025-11-02;23;36
25;2025-11-03;0;10
25;2025-11-03;1;0
25;2025-11-03;2;0
25;2025-11-03;3;0
25;2025-11-03;4;0
25;2025-11-03;5;0
25;2025-11-03;6;62
25;2025-11-03;7;251
25;2025-11-03;8;286
25;2025-11-03;9;258
25;2025-11-03;10;242
25;2025-11-03;11;305
25;2025-11-03;12;288
25;2025-11-03;13;428
25;2025-11-03;14;378
25;2025-11-03;15;474
25;2025-11-03;16;421
25;2025-11-03;17;392
25;2025-11-03;18;378
25;2025-11-03;19;405
25;2025-11-03;20;241
25;2025-11-03;21;158
25;2025-11-03;22;75
25;2025-11-03;23;29
25;2025-11-04;0;8
25;2025-11-04;1;0
25;2025-11-04;2;0
25;2025-11-04;3;0
25;2025-11-04;4;0
25;2025-11-04;5;2
25;2025-11-04;6;58
25;2025-11-04;7;112
25;2025-11-04;8;211
25;2025-11-04;9;171
25;2025-11-04;10;199
25;2025-11-04;11;231
25;2025-11-04;12;289
25;2025-11-04;13;380
25;2025-11-04;14;400
25;2025-11-04;15;419
25;2025-11-04;16;429
25;2025-11-04;17;370
25;2025-11-04;18;334
25;2025-11-04;19;389
25;2025-11-04;20;261
25;2025-11-04;21;173
25;2025-11-04;22;84
25;2025-11-04;23;24
25;2025-11-05;0;0
25;2025-11-05;1;0
25;2025-11-05;2;0
25;2025-11-05;3;0
25;2025-11-05;4;0
25;2025-11-05;5;5
25;2025-11-05;6;151
25;2025-11-05;7;511
25;2025-11-05;8;902
25;2025-11-05;9;479
25;2025-11-05;10;374
25;2025-11-05;11;433
25;2025-11-05;12;425
25;2025-11-05;13;519
25;2025-11-05;14;480
25;2025-11-05;15;567
25;2025-11-05;16;693
25;2025-11-05;17;759
25;2025-11-05;18;786
25;2025-11-05;19;562
25;2025-11-05;20;324
25;2025-11-05;21;211
25;2025-11-05;22;101
25;2025-11-05;23;7
25;2025-11-06;0;0
25;2025-11-06;1;0
25;2025-11-06;2;0
25;2025-11-06;3;0
25;2025-11-06;4;0
25;2025-11-06;5;6
25;2025-11-06;6;151
25;2025-11-06;7;515
25;2025-11-06;8;911
25;2025-11-06;9;486
25;2025-11-06;10;381
25;2025-11-06;11;438
25;2025-11-06;12;424
25;2025-11-06;13;518
25;2025-11-06;14;497
25;2025-11-06;15;586
25;2025-11-06;16;715
25;2025-11-06;17;760
25;2025-11-06;18;783
25;2025-11-06;19;563
25;2025-11-06;20;319
25;2025-11-06;21;210
25;2025-11-06;22;108
25;2025-11-06;23;7
25;2025-11-07;0;0
25;2025-11-07;1;0
25;2025-11-07;2;0
25;2025-11-07;3;0
25;2025-11-07;4;0
25;2025-11-07;5;6
25;2025-11-07;6;151
25;2025-11-07;7;503
25;2025-11-07;8;860
25;2025-11-07;9;470
25;2025-11-07;10;367
25;2025-11-07;11;440
25;2025-11-07;12;418
25;2025-11-07;13;514
25;2025-11-07;14;503
25;2025-11-07;15;589
25;2025-11-07;16;759
25;2025-11-07;17;750
25;2025-11-07;18;674
25;2025-11-07;19;509
25;2025-11-07;20;310
25;2025-11-07;21;212
25;2025-11-07;22;116
25;2025-11-07;23;10
25;2025-11-08;0;0
25;2025-11-08;1;0
25;2025-11-08;2;0
25;2025-11-08;3;0
25;2025-11-08;4;0
25;2025-11-08;5;4
25;2025-11-08;6;55
25;2025-11-08;7;129
25;2025-11-08;8;292
25;2025-11-08;9;288
25;2025-11-08;10;306
25;2025-11-08;11;397
25;2025-11-08;12;403
25;2025-11-08;13;549
25;2025-11-08;14;584
25;2025-11-08;15;652
25;2025-11-08;16;592
25;2025-11-08;17;501
25;2025-11-08;18;495
25;2025-11-08;19;428
25;2025-11-08;20;276
25;2025-11-08;21;205
25;2025-11-08;22;121
25;2025-11-08;23;50
25;2025-11-09;0;16
25;2025-11-09;1;0
25;2025-11-09;2;0
25;2025-11-09;3;0
25;2025-11-09;4;0
25;2025-11-09;5;5
25;2025-11-09;6;47
25;2025-11-09;7;101
25;2025-11-09;8;190
25;2025-11-09;9;218
25;2025-11-09;10;239
25;2025-11-09;11;332
25;2025-11-09;12;371
25;2025-11-09;13;504
25;2025-11-09;14;516
25;2025-11-09;15;585
25;2025-11-09;16;515
25;2025-11-09;17;454
25;2025-11-09;18;419
25;2025-11-09;19;333
25;2025-11-09;20;233
25;2025-11-09;21;177
25;2025-11-09;22;95
25;2025-11-09;23;36
25;2025-11-10;0;8
25;2025-11-10;1;0
25;2025-11-10;2;0
25;2025-11-10;3;0
25;2025-11-10;4;0
25;2025-11-10;5;5
25;2025-11-10;6;149
25;2025-11-10;7;500
25;2025-11-10;8;874
25;2025-11-10;9;471
25;2025-11-10;10;346
25;2025-11-10;11;407
25;2025-11-10;12;395
25;2025-11-10;13;500
25;2025-11-10;14;452
25;2025-11-10;15;515
25;2025-11-10;16;678
25;2025-11-10;17;729
25;2025-11-10;18;754
25;2025-11-10;19;504
25;2025-11-10;20;295
25;2025-11-10;21;190
25;2025-11-10;22;85
25;2025-11-10;23;5
25;2025-11-11;0;0
25;2025-11-11;1;0
25;2025-11-11;2;0
25;2025-11-11;3;0
25;2025-11-11;4;0
25;2025-11-11;5;5
25;2025-11-11;6;150
25;2025-11-11;7;510
25;2025-11-11;8;910
25;2025-11-11;9;482
25;2025-11-11;10;374
25;2025-11-11;11;434
25;2025-11-11;12;421
25;2025-11-11;13;511
25;2025-11-11;14;480
25;2025-11-11;15;564
25;2025-11-11;16;708
25;2025-11-11;17;753
25;2025-11-11;18;783
25;2025-11-11;19;555
25;2025-11-11;20;315
25;2025-11-11;21;196
25;2025-11-11;22;94
25;2025-11-11;23;7
25;2025-11-12;0;0
25;2025-11-12;1;0
25;2025-11-12;2;0
25;2025-11-12;3;0
25;2025-11-12;4;0
25;2025-11-12;5;5
25;2025-11-12;6;151
25;2025-11-12;7;511
25;2025-11-12;8;902
25;2025-11-12;9;479
25;2025-11-12;10;374
25;2025-11-12;11;433
25;2025-11-12;12;425
25;2025-11-12;13;519
25;2025-11-12;14;480
25;2025-11-12;15;567
25;2025-11-12;16;693
25;2025-11-12;17;759
25;2025-11-12;18;786
25;2025-11-12;19;562
25;2025-11-12;20;324
25;2025-11-12;21;211
25;2025-11-12;22;101
25;2025-11-12;23;7
25;2025-11-13;0;0
25;2025-11-13;1;0
25;2025-11-13;2;0
25;2025-11-13;3;0
25;2025-11-13;4;0
25;2025-11-13;5;6
25;2025-11-13;6;151
25;2025-11-13;7;515
25;2025-11-13;8;911
25;2025-11-13;9;486
25;2025-11-13;10;381
25;2025-11-13;11;438
25;2025-11-13;12;424
25;2025-11-13;13;518
25;2025-11-13;14;497
25;2025-11-13;15;586
25;2025-11-13;16;715
25;2025-11-13;17;760
25;2025-11-13;18;783
25;2025-11-13;19;563
25;2025-11-13;20;319
25;2025-11-13;21;210
25;2025-11-13;22;108
25;2025-11-13;23;7
25;2025-11-14;0;0
25;2025-11-14;1;0
25;2025-11-14;2;0
25;2025-11-14;3;0
25;2025-11-14;4;0
25;2025-11-14;5;6
25;2025-11-14;6;151
25;2025-11-14;7;503
25;2025-11-14;8;860
25;2025-11-14;9;470
25;2025-11-14;10;367
25;2025-11-14;11;440
25;2025-11-14;12;418
25;2025-11-14;13;514
25;2025-11-14;14;503
25;2025-11-14;15;589
25;2025-11-14;16;759
25;2025-11-14;17;750
25;2025-11-14;18;674
25;2025-11-14;19;509
25;2025-11-14;20;310
25;2025-11-14;21;212
25;2025-11-14;22;116
25;2025-11-14;23;10
25;2025-11-15;0;0
25;2025-11-15;1;0
25;2025-11-15;2;0
25;2025-11-15;3;0
25;2025-11-15;4;0
25;2025-11-15;5;4
25;2025-11-15;6;55
25;2025-11-15;7;129
25;2025-11-15;8;292
25;2025-11-15;9;288
25;2025-11-15;10;306
25;2025-11-15;11;397
25;2025-11-15;12;403
25;2025-11-15;13;549
25;2025-11-15;14;584
25;2025-11-15;15;652
25;2025-11-15;16;592
25;2025-11-15;17;501
25;2025-11-15;18;495
25;2025-11-15;19;428
25;2025-11-15;20;276
25;2025-11-15;21;205
25;2025-11-15;22;121
25;2025-11-15;23;50
25;2025-11-16;0;16
25;2025-11-16;1;0
25;2025-11-16;2;0
25;2025-11-16;3;0
25;2025-11-16;4;0
25;2025-11-16;5;5
25;2025-11-16;6;47
25;2025-11-16;7;101
25;2025-11-16;8;190
25;2025-11-16;9;218
25;2025-11-16;10;239
25;2025-11-16;11;332
25;2025-11-16;12;371
25;2025-11-16;13;504
25;2025-11-16;14;516
25;2025-11-16;15;585
25;2025-11-16;16;515
25;2025-11-16;17;454
25;2025-11-16;18;419
25;2025-11-16;19;333
25;2025-11-16;20;233
25;2025-11-16;21;177
25;2025-11-16;22;95
25;2025-11-16;23;36
25;2025-11-17;0;8
25;2025-11-17;1;0
25;2025-11-17;2;0
25;2025-11-17;3;0
25;2025-11-17;4;0
25;2025-11-17;5;5
25;2025-11-17;6;149
25;2025-11-17;7;500
25;2025-11-17;8;874
25;2025-11-17;9;471
25;2025-11-17;10;346
25;2025-11-17;11;407
25;2025-11-17;12;395
25;2025-11-17;13;500
25;2025-11-17;14;452
25;2025-11-17;15;515
25;2025-11-17;16;678
25;2025-11-17;17;729
25;2025-11-17;18;754
25;2025-11-17;19;504
25;2025-11-17;20;295
25;2025-11-17;21;190
25;2025-11-17;22;85
25;2025-11-17;23;5
25;2025-11-18;0;0
25;2025-11-18;1;0
25;2025-11-18;2;0
25;2025-11-18;3;0
25;2025-11-18;4;0
25;2025-11-18;5;5
25;2025-11-18;6;150
25;2025-11-18;7;510
25;2025-11-18;8;910
25;2025-11-18;9;482
25;2025-11-18;10;374
25;2025-11-18;11;434
25;2025-11-18;12;421
25;2025-11-18;13;511
25;2025-11-18;14;480
25;2025-11-18;15;564
25;2025-11-18;16;708
25;2025-11-18;17;753
25;2025-11-18;18;783
25;2025-11-18;19;555
25;2025-11-18;20;315
25;2025-11-18;21;196
25;2025-11-18;22;94
25;2025-11-18;23;7
25;2025-11-19;0;0
25;2025-11-19;1;0
25;2025-11-19;2;0
25;2025-11-19;3;0
25;2025-11-19;4;0
25;2025-11-19;5;5
25;2025-11-19;6;151
25;2025-11-19;7;511
25;2025-11-19;8;902
25;2025-11-19;9;479
25;2025-11-19;10;374
25;2025-11-19;11;433
25;2025-11-19;12;425
25;2025-11-19;13;519
25;2025-11-19;14;480
25;2025-11-19;15;567
25;2025-11-19;16;693
25;2025-11-19;17;759
25;2025-11-19;18;786
25;2025-11-19;19;562
25;2025-11-19;20;324
25;2025-11-19;21;211
25;2025-11-19;22;101
25;2025-11-19;23;7
25;2025-11-20;0;0
25;2025-11-20;1;0
25;2025-11-20;2;0
25;2025-11-20;3;0
25;2025-11-20;4;0
25;2025-11-20;5;6
25;2025-11-20;6;151
25;2025-11-20;7;515
25;2025-11-20;8;911
25;2025-11-20;9;486
25;2025-11-20;10;381
25;2025-11-20;11;438
25;2025-11-20;12;424
25;2025-11-20;13;518
25;2025-11-20;14;497
25;2025-11-20;15;586
25;2025-11-20;16;715
25;2025-11-20;17;760
25;2025-11-20;18;783
25;2025-11-20;19;563
25;2025-11-20;20;319
25;2025-11-20;21;210
25;2025-11-20;22;108
25;2025-11-20;23;7
25;2025-11-21;0;0
25;2025-11-21;1;0
25;2025-11-21;2;0
25;2025-11-21;3;0
25;2025-11-21;4;0
25;2025-11-21;5;6
25;2025-11-21;6;151
25;2025-11-21;7;503
25;2025-11-21;8;860
25;2025-11-21;9;470
25;2025-11-21;10;367
25;2025-11-21;11;440
25;2025-11-21;12;418
25;2025-11-21;13;514
25;2025-11-21;14;503
25;2025-11-21;15;589
25;2025-11-21;16;759
25;2025-11-21;17;750
25;2025-11-21;18;674
25;2025-11-21;19;509
25;2025-11-21;20;310
25;2025-11-21;21;212
25;2025-11-21;22;116
25;2025-11-21;23;10
25;2025-11-22;0;0
25;2025-11-22;1;0
25;2025-11-22;2;0
25;2025-11-22;3;0
25;2025-11-22;4;0
25;2025-11-22;5;4
25;2025-11-22;6;55
25;2025-11-22;7;129
25;2025-11-22;8;292
25;2025-11-22;9;288
25;2025-11-22;10;306
25;2025-11-22;11;397
25;2025-11-22;12;403
25;2025-11-22;13;549
25;2025-11-22;14;584
25;2025-11-22;15;652
25;2025-11-22;16;592
25;2025-11-22;17;501
25;2025-11-22;18;495
25;2025-11-22;19;428
25;2025-11-22;20;276
25;2025-11-22;21;205
25;2025-11-22;22;121
25;2025-11-22;23;50
25;2025-11-23;0;16
25;2025-11-23;1;0
25;2025-11-23;2;0
25;2025-11-23;3;0
25;2025-11-23;4;0
25;2025-11-23;5;5
25;2025-11-23;6;47
25;2025-11-23;7;101
25;2025-11-23;8;190
25;2025-11-23;9;218
25;2025-11-23;10;239
25;2025-11-23;11;332
25;2025-11-23;12;371
25;2025-11-23;13;504
25;2025-11-23;14;516
25;2025-11-23;15;585
25;2025-11-23;16;515
25;2025-11-23;17;454
25;2025-11-23;18;419
25;2025-11-23;19;333
25;2025-11-23;20;233
25;2025-11-23;21;177
25;2025-11-23;22;95
25;2025-11-23;23;36
25;2025-11-24;0;8
25;2025-11-24;1;0
25;2025-11-24;2;0
25;2025-11-24;3;0
25;2025-11-24;4;0
25;2025-11-24;5;5
25;2025-11-24;6;149
25;2025-11-24;7;500
25;2025-11-24;8;874
25;2025-11-24;9;471
25;2025-11-24;10;346
25;2025-11-24;11;407
25;2025-11-24;12;395
25;2025-11-24;13;500
25;2025-11-24;14;452
25;2025-11-24;15;515
25;2025-11-24;16;678
25;2025-11-24;17;729
25;2025-11-24;18;754
25;2025-11-24;19;504
25;2025-11-24;20;295
25;2025-11-24;21;190
25;2025-11-24;22;85
25;2025-11-24;23;5
25;2025-11-25;0;0
25;2025-11-25;1;0
25;2025-11-25;2;0
25;2025-11-25;3;0
25;2025-11-25;4;0
25;2025-11-25;5;5
25;2025-11-25;6;150
25;2025-11-25;7;510
25;2025-11-25;8;910
25;2025-11-25;9;482
25;2025-11-25;10;374
25;2025-11-25;11;434
25;2025-11-25;12;421
25;2025-11-25;13;511
25;2025-11-25;14;480
25;2025-11-25;15;564
25;2025-11-25;16;708
25;2025-11-25;17;753
25;2025-11-25;18;783
25;2025-11-25;19;555
25;2025-11-25;20;315
25;2025-11-25;21;196
25;2025-11-25;22;94
25;2025-11-25;23;7
25;2025-11-26;0;0
25;2025-11-26;1;0
25;2025-11-26;2;0
25;2025-11-26;3;0
25;2025-11-26;4;0
25;2025-11-26;5;5
25;2025-11-26;6;151
25;2025-11-26;7;511
25;2025-11-26;8;902
25;2025-11-26;9;479
25;2025-11-26;10;374
25;2025-11-26;11;433
25;2025-11-26;12;425
25;2025-11-26;13;519
25;2025-11-26;14;480
25;2025-11-26;15;567
25;2025-11-26;16;693
25;2025-11-26;17;759
25;2025-11-26;18;786
25;2025-11-26;19;562
25;2025-11-26;20;324
25;2025-11-26;21;211
25;2025-11-26;22;101
25;2025-11-26;23;7
25;2025-11-27;0;0
25;2025-11-27;1;0
25;2025-11-27;2;0
25;2025-11-27;3;0
25;2025-11-27;4;0
25;2025-11-27;5;6
25;2025-11-27;6;151
25;2025-11-27;7;515
25;2025-11-27;8;911
25;2025-11-27;9;486
25;2025-11-27;10;381
25;2025-11-27;11;438
25;2025-11-27;12;424
25;2025-11-27;13;518
25;2025-11-27;14;497
25;2025-11-27;15;586
25;2025-11-27;16;715
25;2025-11-27;17;760
25;2025-11-27;18;783
25;2025-11-27;19;563
25;2025-11-27;20;319
25;2025-11-27;21;210
25;2025-11-27;22;108
25;2025-11-27;23;7
25;2025-11-28;0;0
25;2025-11-28;1;0
25;2025-11-28;2;0
25;2025-11-28;3;0
25;2025-11-28;4;0
25;2025-11-28;5;6
25;2025-11-28;6;151
25;2025-11-28;7;503
25;2025-11-28;8;860
25;2025-11-28;9;470
25;2025-11-28;10;367
25;2025-11-28;11;440
25;2025-11-28;12;418
25;2025-11-28;13;514
25;2025-11-28;14;503
25;2025-11-28;15;589
25;2025-11-28;16;759
25;2025-11-28;17;750
25;2025-11-28;18;674
25;2025-11-28;19;509
25;2025-11-28;20;310
25;2025-11-28;21;212
25;2025-11-28;22;116
25;2025-11-28;23;10
25;2025-11-29;0;0
25;2025-11-29;1;0
25;2025-11-29;2;0
25;2025-11-29;3;0
25;2025-11-29;4;0
25;2025-11-29;5;4
25;2025-11-29;6;55
25;2025-11-29;7;129
25;2025-11-29;8;292
25;2025-11-29;9;288
25;2025-11-29;10;306
25;2025-11-29;11;397
25;2025-11-29;12;403
25;2025-11-29;13;549
25;2025-11-29;14;584
25;2025-11-29;15;652
25;2025-11-29;16;592
25;2025-11-29;17;501
25;2025-11-29;18;495
25;2025-11-29;19;428
25;2025-11-29;20;276
25;2025-11-29;21;205
25;2025-11-29;22;121
25;2025-11-29;23;50
25;2025-11-30;0;16
25;2025-11-30;1;0
25;2025-11-30;2;0
25;2025-11-30;3;0
25;2025-11-30;4;0
25;2025-11-30;5;5
25;2025-11-30;6;47
25;2025-11-30;7;101
25;2025-11-30;8;190
25;2025-11-30;9;218
25;2025-11-30;10;239
25;2025-11-30;11;332
25;2025-11-30;12;371
25;2025-11-30;13;504
25;2025-11-30;14;516
25;2025-11-30;15;585
25;2025-11-30;16;515
25;2025-11-30;17;454
25;2025-11-30;18;419
25;2025-11-30;19;333
25;2025-11-30;20;233
25;2025-11-30;21;177
25;2025-11-30;22;95
25;2025-11-30;23;36
25;2025-12-01;0;10
25;2025-12-01;1;0
25;2025-12-01;2;0
25;2025-12-01;3;0
25;2025-12-01;4;0
25;2025-12-01;5;1
25;2025-12-01;6;145
25;2025-12-01;7;477
25;2025-12-01;8;823
25;2025-12-01;9;420
25;2025-12-01;10;290
25;2025-12-01;11;309
25;2025-12-01;12;330
25;2025-12-01;13;411
25;2025-12-01;14;344
25;2025-12-01;15;446
25;2025-12-01;16;601
25;2025-12-01;17;669
25;2025-12-01;18;735
25;2025-12-01;19;418
25;2025-12-01;20;248
25;2025-12-01;21;154
25;2025-12-01;22;100
25;2025-12-01;23;3
25;2025-12-02;0;0
25;2025-12-02;1;0
25;2025-12-02;2;0
25;2025-12-02;3;0
25;2025-12-02;4;0
25;2025-12-02;5;1
25;2025-12-02;6;147
25;2025-12-02;7;487
25;2025-12-02;8;842
25;2025-12-02;9;429
25;2025-12-02;10;314
25;2025-12-02;11;332
25;2025-12-02;12;352
25;2025-12-02;13;418
25;2025-12-02;14;368
25;2025-12-02;15;476
25;2025-12-02;16;612
25;2025-12-02;17;681
25;2025-12-02;18;748
25;2025-12-02;19;448
25;2025-12-02;20;267
25;2025-12-02;21;160
25;2025-12-02;22;109
25;2025-12-02;23;4
25;2025-12-03;0;0
25;2025-12-03;1;0
25;2025-12-03;2;0
25;2025-12-03;3;0
25;2025-12-03;4;0
25;2025-12-03;5;1
25;2025-12-03;6;146
25;2025-12-03;7;484
25;2025-12-03;8;833
25;2025-12-03;9;423
25;2025-12-03;10;314
25;2025-12-03;11;330
25;2025-12-03;12;356
25;2025-12-03;13;422
25;2025-12-03;14;365
25;2025-12-03;15;474
25;2025-12-03;16;604
25;2025-12-03;17;686
25;2025-12-03;18;751
25;2025-12-03;19;451
25;2025-12-03;20;276
25;2025-12-03;21;176
25;2025-12-03;22;116
25;2025-12-03;23;4
25;2025-12-04;0;0
25;2025-12-04;1;0
25;2025-12-04;2;0
25;2025-12-04;3;0
25;2025-12-04;4;0
25;2025-12-04;5;1
25;2025-12-04;6;147
25;2025-12-04;7;488
25;2025-12-04;8;842
25;2025-12-04;9;430
25;2025-12-04;10;321
25;2025-12-04;11;336
25;2025-12-04;12;355
25;2025-12-04;13;420
25;2025-12-04;14;381
25;2025-12-04;15;493
25;2025-12-04;16;619
25;2025-12-04;17;688
25;2025-12-04;18;748
25;2025-12-04;19;452
25;2025-12-04;20;271
25;2025-12-04;21;175
25;2025-12-04;22;123
25;2025-12-04;23;4
25;2025-12-05;0;0
25;2025-12-05;1;0
25;2025-12-05;2;0
25;2025-12-05;3;0
25;2025-12-05;4;0
25;2025-12-05;5;1
25;2025-12-05;6;145
25;2025-12-05;7;479
25;2025-12-05;8;807
25;2025-12-05;9;418
25;2025-12-05;10;307
25;2025-12-05;11;338
25;2025-12-05;12;349
25;2025-12-05;13;425
25;2025-12-05;14;394
25;2025-12-05;15;515
25;2025-12-05;16;675
25;2025-12-05;17;689
25;2025-12-05;18;654
25;2025-12-05;19;420
25;2025-12-05;20;262
25;2025-12-05;21;176
25;2025-12-05;22;131
25;2025-12-05;23;7
25;2025-12-06;0;0
25;2025-12-06;1;0
25;2025-12-06;2;0
25;2025-12-06;3;0
25;2025-12-06;4;0
25;2025-12-06;5;0
25;2025-12-06;6;46
25;2025-12-06;7;136
25;2025-12-06;8;241
25;2025-12-06;9;246
25;2025-12-06;10;255
25;2025-12-06;11;296
25;2025-12-06;12;343
25;2025-12-06;13;434
25;2025-12-06;14;460
25;2025-12-06;15;523
25;2025-12-06;16;468
25;2025-12-06;17;409
25;2025-12-06;18;413
25;2025-12-06;19;373
25;2025-12-06;20;234
25;2025-12-06;21;176
25;2025-12-06;22;136
25;2025-12-06;23;51
25;2025-12-07;0;15
25;2025-12-07;1;0
25;2025-12-07;2;0
25;2025-12-07;3;0
25;2025-12-07;4;0
25;2025-12-07;5;0
25;2025-12-07;6;38
25;2025-12-07;7;107
25;2025-12-07;8;162
25;2025-12-07;9;177
25;2025-12-07;10;198
25;2025-12-07;11;241
25;2025-12-07;12;313
25;2025-12-07;13;394
25;2025-12-07;14;406
25;2025-12-07;15;480
25;2025-12-07;16;419
25;2025-12-07;17;375
25;2025-12-07;18;355
25;2025-12-07;19;299
25;2025-12-07;20;197
25;2025-12-07;21;152
25;2025-12-07;22;110
25;2025-12-07;23;38
25;2025-12-08;0;10
25;2025-12-08;1;0
25;2025-12-08;2;0
25;2025-12-08;3;0
25;2025-12-08;4;0
25;2025-12-08;5;1
25;2025-12-08;6;145
25;2025-12-08;7;477
25;2025-12-08;8;823
25;2025-12-08;9;420
25;2025-12-08;10;290
25;2025-12-08;11;309
25;2025-12-08;12;330
25;2025-12-08;13;411
25;2025-12-08;14;344
25;2025-12-08;15;446
25;2025-12-08;16;601
25;2025-12-08;17;669
25;2025-12-08;18;735
25;2025-12-08;19;418
25;2025-12-08;20;248
25;2025-12-08;21;154
25;2025-12-08;22;100
25;2025-12-08;23;3
25;2025-12-09;0;0
25;2025-12-09;1;0
25;2025-12-09;2;0
25;2025-12-09;3;0
25;2025-12-09;4;0
25;2025-12-09;5;1
25;2025-12-09;6;147
25;2025-12-09;7;487
25;2025-12-09;8;842
25;2025-12-09;9;429
25;2025-12-09;10;314
25;2025-12-09;11;332
25;2025-12-09;12;352
25;2025-12-09;13;418
25;2025-12-09;14;368
25;2025-12-09;15;476
25;2025-12-09;16;612
25;2025-12-09;17;681
25;2025-12-09;18;748
25;2025-12-09;19;448
25;2025-12-09;20;267
25;2025-12-09;21;160
25;2025-12-09;22;109
25;2025-12-09;23;4
25;2025-12-10;0;0
25;2025-12-10;1;0
25;2025-12-10;2;0
25;2025-12-10;3;0
25;2025-12-10;4;0
25;2025-12-10;5;1
25;2025-12-10;6;146
25;2025-12-10;7;484
25;2025-12-10;8;833
25;2025-12-10;9;423
25;2025-12-10;10;314
25;2025-12-10;11;330
25;2025-12-10;12;356
25;2025-12-10;13;422
25;2025-12-10;14;365
25;2025-12-10;15;474
25;2025-12-10;16;604
25;2025-12-10;17;686
25;2025-12-10;18;751
25;2025-12-10;19;451
25;2025-12-10;20;276
25;2025-12-10;21;176
25;2025-12-10;22;116
25;2025-12-10;23;4
25;2025-12-11;0;0
25;2025-12-11;1;0
25;2025-12-11;2;0
25;2025-12-11;3;0
25;2025-12-11;4;0
25;2025-12-11;5;1
25;2025-12-11;6;147
25;2025-12-11;7;488
25;2025-12-11;8;842
25;2025-12-11;9;430
25;2025-12-11;10;321
25;2025-12-11;11;336
25;2025-12-11;12;355
25;2025-12-11;13;420
25;2025-12-11;14;381
25;2025-12-11;15;493
25;2025-12-11;16;619
25;2025-12-11;17;688
25;2025-12-11;18;748
25;2025-12-11;19;452
25;2025-12-11;20;271
25;2025-12-11;21;175
25;2025-12-11;22;123
25;2025-12-11;23;4
25;2025-12-12;0;0
25;2025-12-12;1;0
25;2025-12-12;2;0
25;2025-12-12;3;0
25;2025-12-12;4;0
25;2025-12-12;5;1
25;2025-12-12;6;145
25;2025-12-12;7;479
25;2025-12-12;8;807
25;2025-12-12;9;418
25;2025-12-12;10;307
25;2025-12-12;11;338
25;2025-12-12;12;349
25;2025-12-12;13;425
25;2025-12-12;14;394
25;2025-12-12;15;515
25;2025-12-12;16;675
25;2025-12-12;17;689
25;2025-12-12;18;654
25;2025-12-12;19;420
25;2025-12-12;20;262
25;2025-12-12;21;176
25;2025-12-12;22;131
25;2025-12-12;23;7
25;2025-12-13;0;0
25;2025-12-13;1;0
25;2025-12-13;2;0
25;2025-12-13;3;0
25;2025-12-13;4;0
25;2025-12-13;5;0
25;2025-12-13;6;46
25;2025-12-13;7;136
25;2025-12-13;8;241
25;2025-12-13;9;246
25;2025-12-13;10;255
25;2025-12-13;11;296
25;2025-12-13;12;343
25;2025-12-13;13;434
25;2025-12-13;14;460
25;2025-12-13;15;523
25;2025-12-13;16;468
25;2025-12-13;17;409
25;2025-12-13;18;413
25;2025-12-13;19;373
25;2025-12-13;20;234
25;2025-12-13;21;176
25;2025-12-13;22;136
25;2025-12-13;23;51
25;2025-12-14;0;15
25;2025-12-14;1;0
25;2025-12-14;2;0
25;2025-12-14;3;0
25;2025-12-14;4;0
25;2025-12-14;5;0
25;2025-12-14;6;38
25;2025-12-14;7;107
25;2025-12-14;8;162
25;2025-12-14;9;177
25;2025-12-14;10;198
25;2025-12-14;11;241
25;2025-12-14;12;313
25;2025-12-14;13;394
25;2025-12-14;14;406
25;2025-12-14;15;480
25;2025-12-14;16;419
25;2025-12-14;17;375
25;2025-12-14;18;355
25;2025-12-14;19;299
25;2025-12-14;20;197
25;2025-12-14;21;152
25;2025-12-14;22;110
25;2025-12-14;23;38
25;2025-12-15;0;10
25;2025-12-15;1;0
25;2025-12-15;2;0
25;2025-12-15;3;0
25;2025-12-15;4;0
25;2025-12-15;5;1
25;2025-12-15;6;145
25;2025-12-15;7;477
25;2025-12-15;8;823
25;2025-12-15;9;420
25;2025-12-15;10;290
25;2025-12-15;11;309
25;2025-12-15;12;330
25;2025-12-15;13;411
25;2025-12-15;14;344
25;2025-12-15;15;446
25;2025-12-15;16;601
25;2025-12-15;17;669
25;2025-12-15;18;735
25;2025-12-15;19;418
25;2025-12-15;20;248
25;2025-12-15;21;154
25;2025-12-15;22;100
25;2025-12-15;23;3
25;2025-12-16;0;0
25;2025-12-16;1;0
25;2025-12-16;2;0
25;2025-12-16;3;0
25;2025-12-16;4;0
25;2025-12-16;5;1
25;2025-12-16;6;147
25;2025-12-16;7;487
25;2025-12-16;8;842
25;2025-12-16;9;429
25;2025-12-16;10;314
25;2025-12-16;11;332
25;2025-12-16;12;352
25;2025-12-16;13;418
25;2025-12-16;14;368
25;2025-12-16;15;476
25;2025-12-16;16;612
25;2025-12-16;17;681
25;2025-12-16;18;748
25;2025-12-16;19;448
25;2025-12-16;20;267
25;2025-12-16;21;160
25;2025-12-16;22;109
25;2025-12-16;23;4
25;2025-12-17;0;0
25;2025-12-17;1;0
25;2025-12-17;2;0
25;2025-12-17;3;0
25;2025-12-17;4;0
25;2025-12-17;5;1
25;2025-12-17;6;146
25;2025-12-17;7;484
25;2025-12-17;8;833
25;2025-12-17;9;423
25;2025-12-17;10;314
25;2025-12-17;11;330
25;2025-12-17;12;356
25;2025-12-17;13;422
25;2025-12-17;14;365
25;2025-12-17;15;474
25;2025-12-17;16;604
25;2025-12-17;17;686
25;2025-12-17;18;751
25;2025-12-17;19;451
25;2025-12-17;20;276
25;2025-12-17;21;176
25;2025-12-17;22;116
25;2025-12-17;23;4
25;2025-12-18;0;0
25;2025-12-18;1;0
25;2025-12-18;2;0
25;2025-12-18;3;0
25;2025-12-18;4;0
25;2025-12-18;5;1
25;2025-12-18;6;147
25;2025-12-18;7;488
25;2025-12-18;8;842
25;2025-12-18;9;430
25;2025-12-18;10;321
25;2025-12-18;11;336
25;2025-12-18;12;355
25;2025-12-18;13;420
25;2025-12-18;14;381
25;2025-12-18;15;493
25;2025-12-18;16;619
25;2025-12-18;17;688
25;2025-12-18;18;748
25;2025-12-18;19;452
25;2025-12-18;20;271
25;2025-12-18;21;175
25;2025-12-18;22;123
25;2025-12-18;23;4
25;2025-12-19;0;0
25;2025-12-19;1;0
25;2025-12-19;2;0
25;2025-12-19;3;0
25;2025-12-19;4;0
25;2025-12-19;5;1
25;2025-12-19;6;145
25;2025-12-19;7;479
25;2025-12-19;8;807
25;2025-12-19;9;418
25;2025-12-19;10;307
25;2025-12-19;11;338
25;2025-12-19;12;349
25;2025-12-19;13;425
25;2025-12-19;14;394
25;2025-12-19;15;515
25;2025-12-19;16;675
25;2025-12-19;17;689
25;2025-12-19;18;654
25;2025-12-19;19;420
25;2025-12-19;20;262
25;2025-12-19;21;176
25;2025-12-19;22;131
25;2025-12-19;23;7
25;2025-12-20;0;0
25;2025-12-20;1;0
25;2025-12-20;2;0
25;2025-12-20;3;0
25;2025-12-20;4;0
25;2025-12-20;5;0
25;2025-12-20;6;46
25;2025-12-20;7;136
25;2025-12-20;8;241
25;2025-12-20;9;246
25;2025-12-20;10;255
25;2025-12-20;11;296
25;2025-12-20;12;343
25;2025-12-20;13;434
25;2025-12-20;14;460
25;2025-12-20;15;523
25;2025-12-20;16;468
25;2025-12-20;17;409
25;2025-12-20;18;413
25;2025-12-20;19;373
25;2025-12-20;20;234
25;2025-12-20;21;176
25;2025-12-20;22;136
25;2025-12-20;23;51
25;2025-12-21;0;15
25;2025-12-21;1;0
25;2025-12-21;2;0
25;2025-12-21;3;0
25;2025-12-21;4;0
25;2025-12-21;5;0
25;2025-12-21;6;38
25;2025-12-21;7;107
25;2025-12-21;8;162
25;2025-12-21;9;177
25;2025-12-21;10;198
25;2025-12-21;11;241
25;2025-12-21;12;313
25;2025-12-21;13;394
25;2025-12-21;14;406
25;2025-12-21;15;480
25;2025-12-21;16;419
25;2025-12-21;17;375
25;2025-12-21;18;355
25;2025-12-21;19;299
25;2025-12-21;20;197
25;2025-12-21;21;152
25;2025-12-21;22;110
25;2025-12-21;23;38
25;2025-12-22;0;10
25;2025-12-22;1;0
25;2025-12-22;2;0
25;2025-12-22;3;0
25;2025-12-22;4;0
25;2025-12-22;5;1
25;2025-12-22;6;145
25;2025-12-22;7;477
25;2025-12-22;8;823
25;2025-12-22;9;420
25;2025-12-22;10;290
25;2025-12-22;11;309
25;2025-12-22;12;330
25;2025-12-22;13;411
25;2025-12-22;14;344
25;2025-12-22;15;446
25;2025-12-22;16;601
25;2025-12-22;17;669
25;2025-12-22;18;735
25;2025-12-22;19;418
25;2025-12-22;20;248
25;2025-12-22;21;154
25;2025-12-22;22;100
25;2025-12-22;23;3
25;2025-12-23;0;0
25;2025-12-23;1;0
25;2025-12-23;2;0
25;2025-12-23;3;0
25;2025-12-23;4;0
25;2025-12-23;5;1
25;2025-12-23;6;147
25;2025-12-23;7;487
25;2025-12-23;8;842
25;2025-12-23;9;429
25;2025-12-23;10;314
25;2025-12-23;11;332
25;2025-12-23;12;352
25;2025-12-23;13;418
25;2025-12-23;14;368
25;2025-12-23;15;476
25;2025-12-23;16;612
25;2025-12-23;17;681
25;2025-12-23;18;748
25;2025-12-23;19;448
25;2025-12-23;20;267
25;2025-12-23;21;160
25;2025-12-23;22;109
25;2025-12-23;23;4
25;2025-12-24;0;0
25;2025-12-24;1;0
25;2025-12-24;2;0
25;2025-12-24;3;0
25;2025-12-24;4;0
25;2025-12-24;5;1
25;2025-12-24;6;146
25;2025-12-24;7;484
25;2025-12-24;8;833
25;2025-12-24;9;423
25;2025-12-24;10;314
25;2025-12-24;11;330
25;2025-12-24;12;356
25;2025-12-24;13;422
25;2025-12-24;14;365
25;2025-12-24;15;474
25;2025-12-24;16;604
25;2025-12-24;17;686
25;2025-12-24;18;751
25;2025-12-24;19;451
25;2025-12-24;20;276
25;2025-12-24;21;176
25;2025-12-24;22;116
25;2025-12-24;23;4
25;2025-12-25;0;0
25;2025-12-25;1;0
25;2025-12-25;2;0
25;2025-12-25;3;0
25;2025-12-25;4;0
25;2025-12-25;5;1
25;2025-12-25;6;147
25;2025-12-25;7;488
25;2025-12-25;8;842
25;2025-12-25;9;430
25;2025-12-25;10;321
25;2025-12-25;11;336
25;2025-12-25;12;355
25;2025-12-25;13;420
25;2025-12-25;14;381
25;2025-12-25;15;493
25;2025-12-25;16;619
25;2025-12-25;17;688
25;2025-12-25;18;748
25;2025-12-25;19;452
25;2025-12-25;20;271
25;2025-12-25;21;175
25;2025-12-25;22;123
25;2025-12-25;23;4
25;2025-12-26;0;0
25;2025-12-26;1;0
25;2025-12-26;2;0
25;2025-12-26;3;0
25;2025-12-26;4;0
25;2025-12-26;5;1
25;2025-12-26;6;145
25;2025-12-26;7;479
25;2025-12-26;8;807
25;2025-12-26;9;418
25;2025-12-26;10;307
25;2025-12-26;11;338
25;2025-12-26;12;349
25;2025-12-26;13;425
25;2025-12-26;14;394
25;2025-12-26;15;515
25;2025-12-26;16;675
25;2025-12-26;17;689
25;2025-12-26;18;654
25;2025-12-26;19;420
25;2025-12-26;20;262
25;2025-12-26;21;176
25;2025-12-26;22;131
25;2025-12-26;23;7
25;2025-12-27;0;0
25;2025-12-27;1;0
25;2025-12-27;2;0
25;2025-12-27;3;0
25;2025-12-27;4;0
25;2025-12-27;5;0
25;2025-12-27;6;46
25;2025-12-27;7;136
25;2025-12-27;8;241
25;2025-12-27;9;246
25;2025-12-27;10;255
25;2025-12-27;11;296
25;2025-12-27;12;343
25;2025-12-27;13;434
25;2025-12-27;14;460
25;2025-12-27;15;523
25;2025-12-27;16;468
25;2025-12-27;17;409
25;2025-12-27;18;413
25;2025-12-27;19;373
25;2025-12-27;20;234
25;2025-12-27;21;176
25;2025-12-27;22;136
25;2025-12-27;23;51
25;2025-12-28;0;15
25;2025-12-28;1;0
25;2025-12-28;2;0
25;2025-12-28;3;0
25;2025-12-28;4;0
25;2025-12-28;5;0
25;2025-12-28;6;38
25;2025-12-28;7;107
25;2025-12-28;8;162
25;2025-12-28;9;177
25;2025-12-28;10;198
25;2025-12-28;11;241
25;2025-12-28;12;313
25;2025-12-28;13;394
25;2025-12-28;14;406
25;2025-12-28;15;480
25;2025-12-28;16;419
25;2025-12-28;17;375
25;2025-12-28;18;355
25;2025-12-28;19;299
25;2025-12-28;20;197
25;2025-12-28;21;152
25;2025-12-28;22;110
25;2025-12-28;23;38
25;2025-12-29;0;10
25;2025-12-29;1;0
25;2025-12-29;2;0
25;2025-12-29;3;0
25;2025-12-29;4;0
25;2025-12-29;5;1
25;2025-12-29;6;145
25;2025-12-29;7;477
25;2025-12-29;8;823
25;2025-12-29;9;420
25;2025-12-29;10;290
25;2025-12-29;11;309
25;2025-12-29;12;330
25;2025-12-29;13;411
25;2025-12-29;14;344
25;2025-12-29;15;446
25;2025-12-29;16;601
25;2025-12-29;17;669
25;2025-12-29;18;735
25;2025-12-29;19;418
25;2025-12-29;20;248
25;2025-12-29;21;154
25;2025-12-29;22;100
25;2025-12-29;23;3
25;2025-12-30;0;0
25;2025-12-30;1;0
25;2025-12-30;2;0
25;2025-12-30;3;0
25;2025-12-30;4;0
25;2025-12-30;5;1
25;2025-12-30;6;147
25;2025-12-30;7;487
25;2025-12-30;8;842
25;2025-12-30;9;429
25;2025-12-30;10;314
25;2025-12-30;11;332
25;2025-12-30;12;352
25;2025-12-30;13;418
25;2025-12-30;14;368
25;2025-12-30;15;476
25;2025-12-30;16;612
25;2025-12-30;17;681
25;2025-12-30;18;748
25;2025-12-30;19;448
25;2025-12-30;20;267
25;2025-12-30;21;160
25;2025-12-30;22;109
25;2025-12-30;23;4
25;2025-12-31;0;9
25;2025-12-31;1;0
25;2025-12-31;2;0
25;2025-12-31;3;0
25;2025-12-31;4;0
25;2025-12-31;5;0
25;2025-12-31;6;50
25;2025-12-31;7;210
25;2025-12-31;8;215
25;2025-12-31;9;199
25;2025-12-31;10;195
25;2025-12-31;11;215
25;2025-12-31;12;238
25;2025-12-31;13;338
25;2025-12-31;14;295
25;2025-12-31;15;402
25;2025-12-31;16;337
25;2025-12-31;17;329
25;2025-12-31;18;351
25;2025-12-31;19;336
25;2025-12-31;20;202
25;2025-12-31;21;135
25;2025-12-31;22;89
25;2025-12-31;23;23
26;2025-11-01;0;60
26;2025-11-01;1;11
26;2025-11-01;2;0
26;2025-11-01;3;5
26;2025-11-01;4;6
26;2025-11-01;5;57
26;2025-11-01;6;287
26;2025-11-01;7;421
26;2025-11-01;8;1581
26;2025-11-01;9;1292
26;2025-11-01;10;1120
26;2025-11-01;11;1245
26;2025-11-01;12;1364
26;2025-11-01;13;1409
26;2025-11-01;14;1494
26;2025-11-01;15;1522
26;2025-11-01;16;1625
26;2025-11-01;17;1817
26;2025-11-01;18;1677
26;2025-11-01;19;1080
26;2025-11-01;20;612
26;2025-11-01;21;390
26;2025-11-01;22;218
26;2025-11-01;23;162
26;2025-11-02;0;48
26;2025-11-02;1;4
26;2025-11-02;2;0
26;2025-11-02;3;5
26;2025-11-02;4;1
26;2025-11-02;5;27
26;2025-11-02;6;152
26;2025-11-02;7;262
26;2025-11-02;8;422
26;2025-11-02;9;535
26;2025-11-02;10;620
26;2025-11-02;11;850
26;2025-11-02;12;878
26;2025-11-02;13;904
26;2025-11-02;14;927
26;2025-11-02;15;870
26;2025-11-02;16;835
26;2025-11-02;17;835
26;2025-11-02;18;717
26;2025-11-02;19;590
26;2025-11-02;20;425
26;2025-11-02;21;293
26;2025-11-02;22;178
26;2025-11-02;23;110
26;2025-11-03;0;34
26;2025-11-03;1;6
26;2025-11-03;2;0
26;2025-11-03;3;5
26;2025-11-03;4;4
26;2025-11-03;5;50
26;2025-11-03;6;261
26;2025-11-03;7;359
26;2025-11-03;8;829
26;2025-11-03;9;587
26;2025-11-03;10;639
26;2025-11-03;11;754
26;2025-11-03;12;793
26;2025-11-03;13;770
26;2025-11-03;14;814
26;2025-11-03;15;775
26;2025-11-03;16;755
26;2025-11-03;17;748
26;2025-11-03;18;793
26;2025-11-03;19;675
26;2025-11-03;20;430
26;2025-11-03;21;339
26;2025-11-03;22;161
26;2025-11-03;23;59
26;2025-11-04;0;40
26;2025-11-04;1;5
26;2025-11-04;2;0
26;2025-11-04;3;5
26;2025-11-04;4;5
26;2025-11-04;5;39
26;2025-11-04;6;171
26;2025-11-04;7;298
26;2025-11-04;8;573
26;2025-11-04;9;484
26;2025-11-04;10;514
26;2025-11-04;11;599
26;2025-11-04;12;667
26;2025-11-04;13;675
26;2025-11-04;14;688
26;2025-11-04;15;665
26;2025-11-04;16;670
26;2025-11-04;17;687
26;2025-11-04;18;699
26;2025-11-04;19;558
26;2025-11-04;20;376
26;2025-11-04;21;296
26;2025-11-04;22;192
26;2025-11-04;23;122
26;2025-11-05;0;32
26;2025-11-05;1;1
26;2025-11-05;2;0
26;2025-11-05;3;5
26;2025-11-05;4;3
26;2025-11-05;5;91
26;2025-11-05;6;502
26;2025-11-05;7;1066
26;2025-11-05;8;2227
26;2025-11-05;9;1496
26;2025-11-05;10;1274
26;2025-11-05;11;1149
26;2025-11-05;12;1183
26;2025-11-05;13;1212
26;2025-11-05;14;1296
26;2025-11-05;15;1369
26;2025-11-05;16;1518
26;2025-11-05;17;1728
26;2025-11-05;18;1870
26;2025-11-05;19;1248
26;2025-11-05;20;779
26;2025-11-05;21;493
26;2025-11-05;22;225
26;2025-11-05;23;133
26;2025-11-06;0;36
26;2025-11-06;1;1
26;2025-11-06;2;0
26;2025-11-06;3;5
26;2025-11-06;4;1
26;2025-11-06;5;91
26;2025-11-06;6;501
26;2025-11-06;7;1068
26;2025-11-06;8;2221
26;2025-11-06;9;1498
26;2025-11-06;10;1277
26;2025-11-06;11;1157
26;2025-11-06;12;1188
26;2025-11-06;13;1211
26;2025-11-06;14;1295
26;2025-11-06;15;1381
26;2025-11-06;16;1534
26;2025-11-06;17;1740
26;2025-11-06;18;1875
26;2025-11-06;19;1247
26;2025-11-06;20;777
26;2025-11-06;21;492
26;2025-11-06;22;233
26;2025-11-06;23;137
26;2025-11-07;0;36
26;2025-11-07;1;1
26;2025-11-07;2;0
26;2025-11-07;3;5
26;2025-11-07;4;1
26;2025-11-07;5;87
26;2025-11-07;6;490
26;2025-11-07;7;1045
26;2025-11-07;8;2119
26;2025-11-07;9;1425
26;2025-11-07;10;1236
26;2025-11-07;11;1117
26;2025-11-07;12;1154
26;2025-11-07;13;1209
26;2025-11-07;14;1288
26;2025-11-07;15;1390
26;2025-11-07;16;1569
26;2025-11-07;17;1710
26;2025-11-07;18;1669
26;2025-11-07;19;1170
26;2025-11-07;20;710
26;2025-11-07;21;470
26;2025-11-07;22;229
26;2025-11-07;23;163
26;2025-11-08;0;47
26;2025-11-08;1;1
26;2025-11-08;2;0
26;2025-11-08;3;5
26;2025-11-08;4;2
26;2025-11-08;5;50
26;2025-11-08;6;249
26;2025-11-08;7;375
26;2025-11-08;8;609
26;2025-11-08;9;678
26;2025-11-08;10;797
26;2025-11-08;11;986
26;2025-11-08;12;1032
26;2025-11-08;13;1022
26;2025-11-08;14;1046
26;2025-11-08;15;987
26;2025-11-08;16;948
26;2025-11-08;17;940
26;2025-11-08;18;884
26;2025-11-08;19;756
26;2025-11-08;20;532
26;2025-11-08;21;362
26;2025-11-08;22;207
26;2025-11-08;23;151
26;2025-11-09;0;48
26;2025-11-09;1;4
26;2025-11-09;2;0
26;2025-11-09;3;5
26;2025-11-09;4;1
26;2025-11-09;5;27
26;2025-11-09;6;152
26;2025-11-09;7;262
26;2025-11-09;8;422
26;2025-11-09;9;535
26;2025-11-09;10;620
26;2025-11-09;11;850
26;2025-11-09;12;878
26;2025-11-09;13;904
26;2025-11-09;14;927
26;2025-11-09;15;870
26;2025-11-09;16;835
26;2025-11-09;17;835
26;2025-11-09;18;717
26;2025-11-09;19;590
26;2025-11-09;20;425
26;2025-11-09;21;293
26;2025-11-09;22;178
26;2025-11-09;23;110
26;2025-11-10;0;29
26;2025-11-10;1;2
26;2025-11-10;2;0
26;2025-11-10;3;5
26;2025-11-10;4;2
26;2025-11-10;5;84
26;2025-11-10;6;490
26;2025-11-10;7;1045
26;2025-11-10;8;2187
26;2025-11-10;9;1441
26;2025-11-10;10;1223
26;2025-11-10;11;1099
26;2025-11-10;12;1129
26;2025-11-10;13;1183
26;2025-11-10;14;1257
26;2025-11-10;15;1340
26;2025-11-10;16;1502
26;2025-11-10;17;1705
26;2025-11-10;18;1781
26;2025-11-10;19;1204
26;2025-11-10;20;733
26;2025-11-10;21;459
26;2025-11-10;22;204
26;2025-11-10;23;110
26;2025-11-11;0;29
26;2025-11-11;1;1
26;2025-11-11;2;0
26;2025-11-11;3;5
26;2025-11-11;4;2
26;2025-11-11;5;90
26;2025-11-11;6;501
26;2025-11-11;7;1070
26;2025-11-11;8;2235
26;2025-11-11;9;1500
26;2025-11-11;10;1277
26;2025-11-11;11;1148
26;2025-11-11;12;1183
26;2025-11-11;13;1208
26;2025-11-11;14;1292
26;2025-11-11;15;1371
26;2025-11-11;16;1523
26;2025-11-11;17;1740
26;2025-11-11;18;1878
26;2025-11-11;19;1249
26;2025-11-11;20;774
26;2025-11-11;21;482
26;2025-11-11;22;213
26;2025-11-11;23;123
26;2025-11-12;0;32
26;2025-11-12;1;1
26;2025-11-12;2;0
26;2025-11-12;3;5
26;2025-11-12;4;3
26;2025-11-12;5;91
26;2025-11-12;6;502
26;2025-11-12;7;1066
26;2025-11-12;8;2227
26;2025-11-12;9;1496
26;2025-11-12;10;1274
26;2025-11-12;11;1149
26;2025-11-12;12;1183
26;2025-11-12;13;1212
26;2025-11-12;14;1296
26;2025-11-12;15;1369
26;2025-11-12;16;1518
26;2025-11-12;17;1728
26;2025-11-12;18;1870
26;2025-11-12;19;1248
26;2025-11-12;20;779
26;2025-11-12;21;493
26;2025-11-12;22;225
26;2025-11-12;23;133
26;2025-11-13;0;36
26;2025-11-13;1;1
26;2025-11-13;2;0
26;2025-11-13;3;5
26;2025-11-13;4;1
26;2025-11-13;5;91
26;2025-11-13;6;501
26;2025-11-13;7;1068
26;2025-11-13;8;2221
26;2025-11-13;9;1498
26;2025-11-13;10;1277
26;2025-11-13;11;1157
26;2025-11-13;12;1188
26;2025-11-13;13;1211
26;2025-11-13;14;1295
26;2025-11-13;15;1381
26;2025-11-13;16;1534
26;2025-11-13;17;1740
26;2025-11-13;18;1875
26;2025-11-13;19;1247
26;2025-11-13;20;777
26;2025-11-13;21;492
26;2025-11-13;22;233
26;2025-11-13;23;137
26;2025-11-14;0;36
26;2025-11-14;1;1
26;2025-11-14;2;0
26;2025-11-14;3;5
26;2025-11-14;4;1
26;2025-11-14;5;87
26;2025-11-14;6;490
26;2025-11-14;7;1045
26;2025-11-14;8;2119
26;2025-11-14;9;1425
26;2025-11-14;10;1236
26;2025-11-14;11;1117
26;2025-11-14;12;1154
26;2025-11-14;13;1209
26;2025-11-14;14;1288
26;2025-11-14;15;1390
26;2025-11-14;16;1569
26;2025-11-14;17;1710
26;2025-11-14;18;1669
26;2025-11-14;19;1170
26;2025-11-14;20;710
26;2025-11-14;21;470
26;2025-11-14;22;229
26;2025-11-14;23;163
26;2025-11-15;0;47
26;2025-11-15;1;1
26;2025-11-15;2;0
26;2025-11-15;3;5
26;2025-11-15;4;2
26;2025-11-15;5;50
26;2025-11-15;6;249
26;2025-11-15;7;375
26;2025-11-15;8;609
26;2025-11-15;9;678
26;2025-11-15;10;797
26;2025-11-15;11;986
26;2025-11-15;12;1032
26;2025-11-15;13;1022
26;2025-11-15;14;1046
26;2025-11-15;15;987
26;2025-11-15;16;948
26;2025-11-15;17;940
26;2025-11-15;18;884
26;2025-11-15;19;756
26;2025-11-15;20;532
26;2025-11-15;21;362
26;2025-11-15;22;207
26;2025-11-15;23;151
26;2025-11-16;0;48
26;2025-11-16;1;4
26;2025-11-16;2;0
26;2025-11-16;3;5
26;2025-11-16;4;1
26;2025-11-16;5;27
26;2025-11-16;6;152
26;2025-11-16;7;262
26;2025-11-16;8;422
26;2025-11-16;9;535
26;2025-11-16;10;620
26;2025-11-16;11;850
26;2025-11-16;12;878
26;2025-11-16;13;904
26;2025-11-16;14;927
26;2025-11-16;15;870
26;2025-11-16;16;835
26;2025-11-16;17;835
26;2025-11-16;18;717
26;2025-11-16;19;590
26;2025-11-16;20;425
26;2025-11-16;21;293
26;2025-11-16;22;178
26;2025-11-16;23;110
26;2025-11-17;0;29
26;2025-11-17;1;2
26;2025-11-17;2;0
26;2025-11-17;3;5
26;2025-11-17;4;2
26;2025-11-17;5;84
26;2025-11-17;6;490
26;2025-11-17;7;1045
26;2025-11-17;8;2187
26;2025-11-17;9;1441
26;2025-11-17;10;1223
26;2025-11-17;11;1099
26;2025-11-17;12;1129
26;2025-11-17;13;1183
26;2025-11-17;14;1257
26;2025-11-17;15;1340
26;2025-11-17;16;1502
26;2025-11-17;17;1705
26;2025-11-17;18;1781
26;2025-11-17;19;1204
26;2025-11-17;20;733
26;2025-11-17;21;459
26;2025-11-17;22;204
26;2025-11-17;23;110
26;2025-11-18;0;29
26;2025-11-18;1;1
26;2025-11-18;2;0
26;2025-11-18;3;5
26;2025-11-18;4;2
26;2025-11-18;5;90
26;2025-11-18;6;501
26;2025-11-18;7;1070
26;2025-11-18;8;2235
26;2025-11-18;9;1500
26;2025-11-18;10;1277
26;2025-11-18;11;1148
26;2025-11-18;12;1183
26;2025-11-18;13;1208
26;2025-11-18;14;1292
26;2025-11-18;15;1371
26;2025-11-18;16;1523
26;2025-11-18;17;1740
26;2025-11-18;18;1878
26;2025-11-18;19;1249
26;2025-11-18;20;774
26;2025-11-18;21;482
26;2025-11-18;22;213
26;2025-11-18;23;123
26;2025-11-19;0;32
26;2025-11-19;1;1
26;2025-11-19;2;0
26;2025-11-19;3;5
26;2025-11-19;4;3
26;2025-11-19;5;91
26;2025-11-19;6;502
26;2025-11-19;7;1066
26;2025-11-19;8;2227
26;2025-11-19;9;1496
26;2025-11-19;10;1274
26;2025-11-19;11;1149
26;2025-11-19;12;1183
26;2025-11-19;13;1212
26;2025-11-19;14;1296
26;2025-11-19;15;1369
26;2025-11-19;16;1518
26;2025-11-19;17;1728
26;2025-11-19;18;1870
26;2025-11-19;19;1248
26;2025-11-19;20;779
26;2025-11-19;21;493
26;2025-11-19;22;225
26;2025-11-19;23;133
26;2025-11-20;0;36
26;2025-11-20;1;1
26;2025-11-20;2;0
26;2025-11-20;3;5
26;2025-11-20;4;1
26;2025-11-20;5;91
26;2025-11-20;6;501
26;2025-11-20;7;1068
26;2025-11-20;8;2221
26;2025-11-20;9;1498
26;2025-11-20;10;1277
26;2025-11-20;11;1157
26;2025-11-20;12;1188
26;2025-11-20;13;1211
26;2025-11-20;14;1295
26;2025-11-20;15;1381
26;2025-11-20;16;1534
26;2025-11-20;17;1740
26;2025-11-20;18;1875
26;2025-11-20;19;1247
26;2025-11-20;20;777
26;2025-11-20;21;492
26;2025-11-20;22;233
26;2025-11-20;23;137
26;2025-11-21;0;36
26;2025-11-21;1;1
26;2025-11-21;2;0
26;2025-11-21;3;5
26;2025-11-21;4;1
26;2025-11-21;5;87
26;2025-11-21;6;490
26;2025-11-21;7;1045
26;2025-11-21;8;2119
26;2025-11-21;9;1425
26;2025-11-21;10;1236
26;2025-11-21;11;1117
26;2025-11-21;12;1154
26;2025-11-21;13;1209
26;2025-11-21;14;1288
26;2025-11-21;15;1390
26;2025-11-21;16;1569
26;2025-11-21;17;1710
26;2025-11-21;18;1669
26;2025-11-21;19;1170
26;2025-11-21;20;710
26;2025-11-21;21;470
26;2025-11-21;22;229
26;2025-11-21;23;163
26;2025-11-22;0;47
26;2025-11-22;1;1
26;2025-11-22;2;0
26;2025-11-22;3;5
26;2025-11-22;4;2
26;2025-11-22;5;50
26;2025-11-22;6;249
26;2025-11-22;7;375
26;2025-11-22;8;609
26;2025-11-22;9;678
26;2025-11-22;10;797
26;2025-11-22;11;986
26;2025-11-22;12;1032
26;2025-11-22;13;1022
26;2025-11-22;14;1046
26;2025-11-22;15;987
26;2025-11-22;16;948
26;2025-11-22;17;940
26;2025-11-22;18;884
26;2025-11-22;19;756
26;2025-11-22;20;532
26;2025-11-22;21;362
26;2025-11-22;22;207
26;2025-11-22;23;151
26;2025-11-23;0;48
26;2025-11-23;1;4
26;2025-11-23;2;0
26;2025-11-23;3;5
26;2025-11-23;4;1
26;2025-11-23;5;27
26;2025-11-23;6;152
26;2025-11-23;7;262
26;2025-11-23;8;422
26;2025-11-23;9;535
26;2025-11-23;10;620
26;2025-11-23;11;850
26;2025-11-23;12;878
26;2025-11-23;13;904
26;2025-11-23;14;927
26;2025-11-23;15;870
26;2025-11-23;16;835
26;2025-11-23;17;835
26;2025-11-23;18;717
26;2025-11-23;19;590
26;2025-11-23;20;425
26;2025-11-23;21;293
26;2025-11-23;22;178
26;2025-11-23;23;110
26;2025-11-24;0;29
26;2025-11-24;1;2
26;2025-11-24;2;0
26;2025-11-24;3;5
26;2025-11-24;4;2
26;2025-11-24;5;84
26;2025-11-24;6;490
26;2025-11-24;7;1045
26;2025-11-24;8;2187
26;2025-11-24;9;1441
26;2025-11-24;10;1223
26;2025-11-24;11;1099
26;2025-11-24;12;1129
26;2025-11-24;13;1183
26;2025-11-24;14;1257
26;2025-11-24;15;1340
26;2025-11-24;16;1502
26;2025-11-24;17;1705
26;2025-11-24;18;1781
26;2025-11-24;19;1204
26;2025-11-24;20;733
26;2025-11-24;21;459
26;2025-11-24;22;204
26;2025-11-24;23;110
26;2025-11-25;0;29
26;2025-11-25;1;1
26;2025-11-25;2;0
26;2025-11-25;3;5
26;2025-11-25;4;2
26;2025-11-25;5;90
26;2025-11-25;6;501
26;2025-11-25;7;1070
26;2025-11-25;8;2235
26;2025-11-25;9;1500
26;2025-11-25;10;1277
26;2025-11-25;11;1148
26;2025-11-25;12;1183
26;2025-11-25;13;1208
26;2025-11-25;14;1292
26;2025-11-25;15;1371
26;2025-11-25;16;1523
26;2025-11-25;17;1740
26;2025-11-25;18;1878
26;2025-11-25;19;1249
26;2025-11-25;20;774
26;2025-11-25;21;482
26;2025-11-25;22;213
26;2025-11-25;23;123
26;2025-11-26;0;32
26;2025-11-26;1;1
26;2025-11-26;2;0
26;2025-11-26;3;5
26;2025-11-26;4;3
26;2025-11-26;5;91
26;2025-11-26;6;502
26;2025-11-26;7;1066
26;2025-11-26;8;2227
26;2025-11-26;9;1496
26;2025-11-26;10;1274
26;2025-11-26;11;1149
26;2025-11-26;12;1183
26;2025-11-26;13;1212
26;2025-11-26;14;1296
26;2025-11-26;15;1369
26;2025-11-26;16;1518
26;2025-11-26;17;1728
26;2025-11-26;18;1870
26;2025-11-26;19;1248
26;2025-11-26;20;779
26;2025-11-26;21;493
26;2025-11-26;22;225
26;2025-11-26;23;133
26;2025-11-27;0;36
26;2025-11-27;1;1
26;2025-11-27;2;0
26;2025-11-27;3;5
26;2025-11-27;4;1
26;2025-11-27;5;91
26;2025-11-27;6;501
26;2025-11-27;7;1068
26;2025-11-27;8;2221
26;2025-11-27;9;1498
26;2025-11-27;10;1277
26;2025-11-27;11;1157
26;2025-11-27;12;1188
26;2025-11-27;13;1211
26;2025-11-27;14;1295
26;2025-11-27;15;1381
26;2025-11-27;16;1534
26;2025-11-27;17;1740
26;2025-11-27;18;1875
26;2025-11-27;19;1247
26;2025-11-27;20;777
26;2025-11-27;21;492
26;2025-11-27;22;233
26;2025-11-27;23;137
26;2025-11-28;0;36
26;2025-11-28;1;1
26;2025-11-28;2;0
26;2025-11-28;3;5
26;2025-11-28;4;1
26;2025-11-28;5;87
26;2025-11-28;6;490
26;2025-11-28;7;1045
26;2025-11-28;8;2119
26;2025-11-28;9;1425
26;2025-11-28;10;1236
26;2025-11-28;11;1117
26;2025-11-28;12;1154
26;2025-11-28;13;1209
26;2025-11-28;14;1288
26;2025-11-28;15;1390
26;2025-11-28;16;1569
26;2025-11-28;17;1710
26;2025-11-28;18;1669
26;2025-11-28;19;1170
26;2025-11-28;20;710
26;2025-11-28;21;470
26;2025-11-28;22;229
26;2025-11-28;23;163
26;2025-11-29;0;47
26;2025-11-29;1;1
26;2025-11-29;2;0
26;2025-11-29;3;5
26;2025-11-29;4;2
26;2025-11-29;5;50
26;2025-11-29;6;249
26;2025-11-29;7;375
26;2025-11-29;8;609
26;2025-11-29;9;678
26;2025-11-29;10;797
26;2025-11-29;11;986
26;2025-11-29;12;1032
26;2025-11-29;13;1022
26;2025-11-29;14;1046
26;2025-11-29;15;987
26;2025-11-29;16;948
26;2025-11-29;17;940
26;2025-11-29;18;884
26;2025-11-29;19;756
26;2025-11-29;20;532
26;2025-11-29;21;362
26;2025-11-29;22;207
26;2025-11-29;23;151
26;2025-11-30;0;48
26;2025-11-30;1;4
26;2025-11-30;2;0
26;2025-11-30;3;5
26;2025-11-30;4;1
26;2025-11-30;5;27
26;2025-11-30;6;152
26;2025-11-30;7;262
26;2025-11-30;8;422
26;2025-11-30;9;535
26;2025-11-30;10;620
26;2025-11-30;11;850
26;2025-11-30;12;878
26;2025-11-30;13;904
26;2025-11-30;14;927
26;2025-11-30;15;870
26;2025-11-30;16;835
26;2025-11-30;17;835
26;2025-11-30;18;717
26;2025-11-30;19;590
26;2025-11-30;20;425
26;2025-11-30;21;293
26;2025-11-30;22;178
26;2025-11-30;23;110
26;2025-12-01;0;25
26;2025-12-01;1;1
26;2025-12-01;2;0
26;2025-12-01;3;5
26;2025-12-01;4;1
26;2025-12-01;5;86
26;2025-12-01;6;502
26;2025-12-01;7;1003
26;2025-12-01;8;2111
26;2025-12-01;9;1406
26;2025-12-01;10;1151
26;2025-12-01;11;1026
26;2025-12-01;12;1062
26;2025-12-01;13;1127
26;2025-12-01;14;1170
26;2025-12-01;15;1268
26;2025-12-01;16;1435
26;2025-12-01;17;1631
26;2025-12-01;18;1728
26;2025-12-01;19;1202
26;2025-12-01;20;722
26;2025-12-01;21;409
26;2025-12-01;22;202
26;2025-12-01;23;93
26;2025-12-02;0;25
26;2025-12-02;1;1
26;2025-12-02;2;0
26;2025-12-02;3;5
26;2025-12-02;4;2
26;2025-12-02;5;88
26;2025-12-02;6;510
26;2025-12-02;7;1016
26;2025-12-02;8;2168
26;2025-12-02;9;1442
26;2025-12-02;10;1179
26;2025-12-02;11;1054
26;2025-12-02;12;1090
26;2025-12-02;13;1129
26;2025-12-02;14;1194
26;2025-12-02;15;1284
26;2025-12-02;16;1444
26;2025-12-02;17;1646
26;2025-12-02;18;1827
26;2025-12-02;19;1247
26;2025-12-02;20;746
26;2025-12-02;21;428
26;2025-12-02;22;210
26;2025-12-02;23;103
26;2025-12-03;0;27
26;2025-12-03;1;1
26;2025-12-03;2;0
26;2025-12-03;3;5
26;2025-12-03;4;2
26;2025-12-03;5;89
26;2025-12-03;6;511
26;2025-12-03;7;1012
26;2025-12-03;8;2156
26;2025-12-03;9;1438
26;2025-12-03;10;1176
26;2025-12-03;11;1055
26;2025-12-03;12;1090
26;2025-12-03;13;1133
26;2025-12-03;14;1198
26;2025-12-03;15;1282
26;2025-12-03;16;1439
26;2025-12-03;17;1633
26;2025-12-03;18;1819
26;2025-12-03;19;1247
26;2025-12-03;20;750
26;2025-12-03;21;435
26;2025-12-03;22;222
26;2025-12-03;23;113
26;2025-12-04;0;31
26;2025-12-04;1;1
26;2025-12-04;2;0
26;2025-12-04;3;5
26;2025-12-04;4;1
26;2025-12-04;5;89
26;2025-12-04;6;511
26;2025-12-04;7;1013
26;2025-12-04;8;2149
26;2025-12-04;9;1440
26;2025-12-04;10;1179
26;2025-12-04;11;1063
26;2025-12-04;12;1095
26;2025-12-04;13;1132
26;2025-12-04;14;1197
26;2025-12-04;15;1294
26;2025-12-04;16;1455
26;2025-12-04;17;1645
26;2025-12-04;18;1824
26;2025-12-04;19;1245
26;2025-12-04;20;748
26;2025-12-04;21;433
26;2025-12-04;22;231
26;2025-12-04;23;118
26;2025-12-05;0;31
26;2025-12-05;1;1
26;2025-12-05;2;0
26;2025-12-05;3;5
26;2025-12-05;4;1
26;2025-12-05;5;85
26;2025-12-05;6;499
26;2025-12-05;7;1002
26;2025-12-05;8;2044
26;2025-12-05;9;1383
26;2025-12-05;10;1157
26;2025-12-05;11;1037
26;2025-12-05;12;1079
26;2025-12-05;13;1143
26;2025-12-05;14;1190
26;2025-12-05;15;1311
26;2025-12-05;16;1495
26;2025-12-05;17;1629
26;2025-12-05;18;1607
26;2025-12-05;19;1168
26;2025-12-05;20;698
26;2025-12-05;21;419
26;2025-12-05;22;226
26;2025-12-05;23;143
26;2025-12-06;0;40
26;2025-12-06;1;2
26;2025-12-06;2;0
26;2025-12-06;3;5
26;2025-12-06;4;2
26;2025-12-06;5;43
26;2025-12-06;6;252
26;2025-12-06;7;352
26;2025-12-06;8;556
26;2025-12-06;9;628
26;2025-12-06;10;705
26;2025-12-06;11;870
26;2025-12-06;12;923
26;2025-12-06;13;928
26;2025-12-06;14;950
26;2025-12-06;15;895
26;2025-12-06;16;860
26;2025-12-06;17;852
26;2025-12-06;18;848
26;2025-12-06;19;749
26;2025-12-06;20;502
26;2025-12-06;21;342
26;2025-12-06;22;210
26;2025-12-06;23;135
26;2025-12-07;0;43
26;2025-12-07;1;3
26;2025-12-07;2;0
26;2025-12-07;3;5
26;2025-12-07;4;1
26;2025-12-07;5;26
26;2025-12-07;6;156
26;2025-12-07;7;257
26;2025-12-07;8;388
26;2025-12-07;9;510
26;2025-12-07;10;564
26;2025-12-07;11;765
26;2025-12-07;12;804
26;2025-12-07;13;838
26;2025-12-07;14;855
26;2025-12-07;15;803
26;2025-12-07;16;771
26;2025-12-07;17;779
26;2025-12-07;18;686
26;2025-12-07;19;585
26;2025-12-07;20;413
26;2025-12-07;21;278
26;2025-12-07;22;181
26;2025-12-07;23;96
26;2025-12-08;0;25
26;2025-12-08;1;1
26;2025-12-08;2;0
26;2025-12-08;3;5
26;2025-12-08;4;1
26;2025-12-08;5;86
26;2025-12-08;6;502
26;2025-12-08;7;1003
26;2025-12-08;8;2111
26;2025-12-08;9;1406
26;2025-12-08;10;1151
26;2025-12-08;11;1026
26;2025-12-08;12;1062
26;2025-12-08;13;1127
26;2025-12-08;14;1170
26;2025-12-08;15;1268
26;2025-12-08;16;1435
26;2025-12-08;17;1631
26;2025-12-08;18;1728
26;2025-12-08;19;1202
26;2025-12-08;20;722
26;2025-12-08;21;409
26;2025-12-08;22;202
26;2025-12-08;23;93
26;2025-12-09;0;25
26;2025-12-09;1;1
26;2025-12-09;2;0
26;2025-12-09;3;5
26;2025-12-09;4;2
26;2025-12-09;5;88
26;2025-12-09;6;510
26;2025-12-09;7;1016
26;2025-12-09;8;2168
26;2025-12-09;9;1442
26;2025-12-09;10;1179
26;2025-12-09;11;1054
26;2025-12-09;12;1090
26;2025-12-09;13;1129
26;2025-12-09;14;1194
26;2025-12-09;15;1284
26;2025-12-09;16;1444
26;2025-12-09;17;1646
26;2025-12-09;18;1827
26;2025-12-09;19;1247
26;2025-12-09;20;746
26;2025-12-09;21;428
26;2025-12-09;22;210
26;2025-12-09;23;103
26;2025-12-10;0;27
26;2025-12-10;1;1
26;2025-12-10;2;0
26;2025-12-10;3;5
26;2025-12-10;4;2
26;2025-12-10;5;89
26;2025-12-10;6;511
26;2025-12-10;7;1012
26;2025-12-10;8;2156
26;2025-12-10;9;1438
26;2025-12-10;10;1176
26;2025-12-10;11;1055
26;2025-12-10;12;1090
26;2025-12-10;13;1133
26;2025-12-10;14;1198
26;2025-12-10;15;1282
26;2025-12-10;16;1439
26;2025-12-10;17;1633
26;2025-12-10;18;1819
26;2025-12-10;19;1247
26;2025-12-10;20;750
26;2025-12-10;21;435
26;2025-12-10;22;222
26;2025-12-10;23;113
26;2025-12-11;0;31
26;2025-12-11;1;1
26;2025-12-11;2;0
26;2025-12-11;3;5
26;2025-12-11;4;1
26;2025-12-11;5;89
26;2025-12-11;6;511
26;2025-12-11;7;1013
26;2025-12-11;8;2149
26;2025-12-11;9;1440
26;2025-12-11;10;1179
26;2025-12-11;11;1063
26;2025-12-11;12;1095
26;2025-12-11;13;1132
26;2025-12-11;14;1197
26;2025-12-11;15;1294
26;2025-12-11;16;1455
26;2025-12-11;17;1645
26;2025-12-11;18;1824
26;2025-12-11;19;1245
26;2025-12-11;20;748
26;2025-12-11;21;433
26;2025-12-11;22;231
26;2025-12-11;23;118
26;2025-12-12;0;31
26;2025-12-12;1;1
26;2025-12-12;2;0
26;2025-12-12;3;5
26;2025-12-12;4;1
26;2025-12-12;5;85
26;2025-12-12;6;499
26;2025-12-12;7;1002
26;2025-12-12;8;2044
26;2025-12-12;9;1383
26;2025-12-12;10;1157
26;2025-12-12;11;1037
26;2025-12-12;12;1079
26;2025-12-12;13;1143
26;2025-12-12;14;1190
26;2025-12-12;15;1311
26;2025-12-12;16;1495
26;2025-12-12;17;1629
26;2025-12-12;18;1607
26;2025-12-12;19;1168
26;2025-12-12;20;698
26;2025-12-12;21;419
26;2025-12-12;22;226
26;2025-12-12;23;143
26;2025-12-13;0;40
26;2025-12-13;1;2
26;2025-12-13;2;0
26;2025-12-13;3;5
26;2025-12-13;4;2
26;2025-12-13;5;43
26;2025-12-13;6;252
26;2025-12-13;7;352
26;2025-12-13;8;556
26;2025-12-13;9;628
26;2025-12-13;10;705
26;2025-12-13;11;870
26;2025-12-13;12;923
26;2025-12-13;13;928
26;2025-12-13;14;950
26;2025-12-13;15;895
26;2025-12-13;16;860
26;2025-12-13;17;852
26;2025-12-13;18;848
26;2025-12-13;19;749
26;2025-12-13;20;502
26;2025-12-13;21;342
26;2025-12-13;22;210
26;2025-12-13;23;135
26;2025-12-14;0;43
26;2025-12-14;1;3
26;2025-12-14;2;0
26;2025-12-14;3;5
26;2025-12-14;4;1
26;2025-12-14;5;26
26;2025-12-14;6;156
26;2025-12-14;7;257
26;2025-12-14;8;388
26;2025-12-14;9;510
26;2025-12-14;10;564
26;2025-12-14;11;765
26;2025-12-14;12;804
26;2025-12-14;13;838
26;2025-12-14;14;855
26;2025-12-14;15;803
26;2025-12-14;16;771
26;2025-12-14;17;779
26;2025-12-14;18;686
26;2025-12-14;19;585
26;2025-12-14;20;413
26;2025-12-14;21;278
26;2025-12-14;22;181
26;2025-12-14;23;96
26;2025-12-15;0;25
26;2025-12-15;1;1
26;2025-12-15;2;0
26;2025-12-15;3;5
26;2025-12-15;4;1
26;2025-12-15;5;86
26;2025-12-15;6;502
26;2025-12-15;7;1003
26;2025-12-15;8;2111
26;2025-12-15;9;1406
26;2025-12-15;10;1151
26;2025-12-15;11;1026
26;2025-12-15;12;1062
26;2025-12-15;13;1127
26;2025-12-15;14;1170
26;2025-12-15;15;1268
26;2025-12-15;16;1435
26;2025-12-15;17;1631
26;2025-12-15;18;1728
26;2025-12-15;19;1202
26;2025-12-15;20;722
26;2025-12-15;21;409
26;2025-12-15;22;202
26;2025-12-15;23;93
26;2025-12-16;0;25
26;2025-12-16;1;1
26;2025-12-16;2;0
26;2025-12-16;3;5
26;2025-12-16;4;2
26;2025-12-16;5;88
26;2025-12-16;6;510
26;2025-12-16;7;1016
26;2025-12-16;8;2168
26;2025-12-16;9;1442
26;2025-12-16;10;1179
26;2025-12-16;11;1054
26;2025-12-16;12;1090
26;2025-12-16;13;1129
26;2025-12-16;14;1194
26;2025-12-16;15;1284
26;2025-12-16;16;1444
26;2025-12-16;17;1646
26;2025-12-16;18;1827
26;2025-12-16;19;1247
26;2025-12-16;20;746
26;2025-12-16;21;428
26;2025-12-16;22;210
26;2025-12-16;23;103
26;2025-12-17;0;27
26;2025-12-17;1;1
26;2025-12-17;2;0
26;2025-12-17;3;5
26;2025-12-17;4;2
26;2025-12-17;5;89
26;2025-12-17;6;511
26;2025-12-17;7;1012
26;2025-12-17;8;2156
26;2025-12-17;9;1438
26;2025-12-17;10;1176
26;2025-12-17;11;1055
26;2025-12-17;12;1090
26;2025-12-17;13;1133
26;2025-12-17;14;1198
26;2025-12-17;15;1282
26;2025-12-17;16;1439
26;2025-12-17;17;1633
26;2025-12-17;18;1819
26;2025-12-17;19;1247
26;2025-12-17;20;750
26;2025-12-17;21;435
26;2025-12-17;22;222
26;2025-12-17;23;113
26;2025-12-18;0;31
26;2025-12-18;1;1
26;2025-12-18;2;0
26;2025-12-18;3;5
26;2025-12-18;4;1
26;2025-12-18;5;89
26;2025-12-18;6;511
26;2025-12-18;7;1013
26;2025-12-18;8;2149
26;2025-12-18;9;1440
26;2025-12-18;10;1179
26;2025-12-18;11;1063
26;2025-12-18;12;1095
26;2025-12-18;13;1132
26;2025-12-18;14;1197
26;2025-12-18;15;1294
26;2025-12-18;16;1455
26;2025-12-18;17;1645
26;2025-12-18;18;1824
26;2025-12-18;19;1245
26;2025-12-18;20;748
26;2025-12-18;21;433
26;2025-12-18;22;231
26;2025-12-18;23;118
26;2025-12-19;0;31
26;2025-12-19;1;1
26;2025-12-19;2;0
26;2025-12-19;3;5
26;2025-12-19;4;1
26;2025-12-19;5;85
26;2025-12-19;6;499
26;2025-12-19;7;1002
26;2025-12-19;8;2044
26;2025-12-19;9;1383
26;2025-12-19;10;1157
26;2025-12-19;11;1037
26;2025-12-19;12;1079
26;2025-12-19;13;1143
26;2025-12-19;14;1190
26;2025-12-19;15;1311
26;2025-12-19;16;1495
26;2025-12-19;17;1629
26;2025-12-19;18;1607
26;2025-12-19;19;1168
26;2025-12-19;20;698
26;2025-12-19;21;419
26;2025-12-19;22;226
26;2025-12-19;23;143
26;2025-12-20;0;40
26;2025-12-20;1;2
26;2025-12-20;2;0
26;2025-12-20;3;5
26;2025-12-20;4;2
26;2025-12-20;5;43
26;2025-12-20;6;252
26;2025-12-20;7;352
26;2025-12-20;8;556
26;2025-12-20;9;628
26;2025-12-20;10;705
26;2025-12-20;11;870
26;2025-12-20;12;923
26;2025-12-20;13;928
26;2025-12-20;14;950
26;2025-12-20;15;895
26;2025-12-20;16;860
26;2025-12-20;17;852
26;2025-12-20;18;848
26;2025-12-20;19;749
26;2025-12-20;20;502
26;2025-12-20;21;342
26;2025-12-20;22;210
26;2025-12-20;23;135
26;2025-12-21;0;43
26;2025-12-21;1;3
26;2025-12-21;2;0
26;2025-12-21;3;5
26;2025-12-21;4;1
26;2025-12-21;5;26
26;2025-12-21;6;156
26;2025-12-21;7;257
26;2025-12-21;8;388
26;2025-12-21;9;510
26;2025-12-21;10;564
26;2025-12-21;11;765
26;2025-12-21;12;804
26;2025-12-21;13;838
26;2025-12-21;14;855
26;2025-12-21;15;803
26;2025-12-21;16;771
26;2025-12-21;17;779
26;2025-12-21;18;686
26;2025-12-21;19;585
26;2025-12-21;20;413
26;2025-12-21;21;278
26;2025-12-21;22;181
26;2025-12-21;23;96
26;2025-12-22;0;25
26;2025-12-22;1;1
26;2025-12-22;2;0
26;2025-12-22;3;5
26;2025-12-22;4;1
26;2025-12-22;5;86
26;2025-12-22;6;502
26;2025-12-22;7;1003
26;2025-12-22;8;2111
26;2025-12-22;9;1406
26;2025-12-22;10;1151
26;2025-12-22;11;1026
26;2025-12-22;12;1062
26;2025-12-22;13;1127
26;2025-12-22;14;1170
26;2025-12-22;15;1268
26;2025-12-22;16;1435
26;2025-12-22;17;1631
26;2025-12-22;18;1728
26;2025-12-22;19;1202
26;2025-12-22;20;722
26;2025-12-22;21;409
26;2025-12-22;22;202
26;2025-12-22;23;93
26;2025-12-23;0;25
26;2025-12-23;1;1
26;2025-12-23;2;0
26;2025-12-23;3;5
26;2025-12-23;4;2
26;2025-12-23;5;88
26;2025-12-23;6;510
26;2025-12-23;7;1016
26;2025-12-23;8;2168
26;2025-12-23;9;1442
26;2025-12-23;10;1179
26;2025-12-23;11;1054
26;2025-12-23;12;1090
26;2025-12-23;13;1129
26;2025-12-23;14;1194
26;2025-12-23;15;1284
26;2025-12-23;16;1444
26;2025-12-23;17;1646
26;2025-12-23;18;1827
26;2025-12-23;19;1247
26;2025-12-23;20;746
26;2025-12-23;21;428
26;2025-12-23;22;210
26;2025-12-23;23;103
26;2025-12-24;0;27
26;2025-12-24;1;1
26;2025-12-24;2;0
26;2025-12-24;3;5
26;2025-12-24;4;2
26;2025-12-24;5;89
26;2025-12-24;6;511
26;2025-12-24;7;1012
26;2025-12-24;8;2156
26;2025-12-24;9;1438
26;2025-12-24;10;1176
26;2025-12-24;11;1055
26;2025-12-24;12;1090
26;2025-12-24;13;1133
26;2025-12-24;14;1198
26;2025-12-24;15;1282
26;2025-12-24;16;1439
26;2025-12-24;17;1633
26;2025-12-24;18;1819
26;2025-12-24;19;1247
26;2025-12-24;20;750
26;2025-12-24;21;435
26;2025-12-24;22;222
26;2025-12-24;23;113
26;2025-12-25;0;31
26;2025-12-25;1;1
26;2025-12-25;2;0
26;2025-12-25;3;5
26;2025-12-25;4;1
26;2025-12-25;5;89
26;2025-12-25;6;511
26;2025-12-25;7;1013
26;2025-12-25;8;2149
26;2025-12-25;9;1440
26;2025-12-25;10;1179
26;2025-12-25;11;1063
26;2025-12-25;12;1095
26;2025-12-25;13;1132
26;2025-12-25;14;1197
26;2025-12-25;15;1294
26;2025-12-25;16;1455
26;2025-12-25;17;1645
26;2025-12-25;18;1824
26;2025-12-25;19;1245
26;2025-12-25;20;748
26;2025-12-25;21;433
26;2025-12-25;22;231
26;2025-12-25;23;118
26;2025-12-26;0;31
26;2025-12-26;1;1
26;2025-12-26;2;0
26;2025-12-26;3;5
26;2025-12-26;4;1
26;2025-12-26;5;85
26;2025-12-26;6;499
26;2025-12-26;7;1002
26;2025-12-26;8;2044
26;2025-12-26;9;1383
26;2025-12-26;10;1157
26;2025-12-26;11;1037
26;2025-12-26;12;1079
26;2025-12-26;13;1143
26;2025-12-26;14;1190
26;2025-12-26;15;1311
26;2025-12-26;16;1495
26;2025-12-26;17;1629
26;2025-12-26;18;1607
26;2025-12-26;19;1168
26;2025-12-26;20;698
26;2025-12-26;21;419
26;2025-12-26;22;226
26;2025-12-26;23;143
26;2025-12-27;0;40
26;2025-12-27;1;2
26;2025-12-27;2;0
26;2025-12-27;3;5
26;2025-12-27;4;2
26;2025-12-27;5;43
26;2025-12-27;6;252
26;2025-12-27;7;352
26;2025-12-27;8;556
26;2025-12-27;9;628
26;2025-12-27;10;705
26;2025-12-27;11;870
26;2025-12-27;12;923
26;2025-12-27;13;928
26;2025-12-27;14;950
26;2025-12-27;15;895
26;2025-12-27;16;860
26;2025-12-27;17;852
26;2025-12-27;18;848
26;2025-12-27;19;749
26;2025-12-27;20;502
26;2025-12-27;21;342
26;2025-12-27;22;210
26;2025-12-27;23;135
26;2025-12-28;0;43
26;2025-12-28;1;3
26;2025-12-28;2;0
26;2025-12-28;3;5
26;2025-12-28;4;1
26;2025-12-28;5;26
26;2025-12-28;6;156
26;2025-12-28;7;257
26;2025-12-28;8;388
26;2025-12-28;9;510
26;2025-12-28;10;564
26;2025-12-28;11;765
26;2025-12-28;12;804
26;2025-12-28;13;838
26;2025-12-28;14;855
26;2025-12-28;15;803
26;2025-12-28;16;771
26;2025-12-28;17;779
26;2025-12-28;18;686
26;2025-12-28;19;585
26;2025-12-28;20;413
26;2025-12-28;21;278
26;2025-12-28;22;181
26;2025-12-28;23;96
26;2025-12-29;0;25
26;2025-12-29;1;1
26;2025-12-29;2;0
26;2025-12-29;3;5
26;2025-12-29;4;1
26;2025-12-29;5;86
26;2025-12-29;6;502
26;2025-12-29;7;1003
26;2025-12-29;8;2111
26;2025-12-29;9;1406
26;2025-12-29;10;1151
26;2025-12-29;11;1026
26;2025-12-29;12;1062
26;2025-12-29;13;1127
26;2025-12-29;14;1170
26;2025-12-29;15;1268
26;2025-12-29;16;1435
26;2025-12-29;17;1631
26;2025-12-29;18;1728
26;2025-12-29;19;1202
26;2025-12-29;20;722
26;2025-12-29;21;409
26;2025-12-29;22;202
26;2025-12-29;23;93
26;2025-12-30;0;25
26;2025-12-30;1;1
26;2025-12-30;2;0
26;2025-12-30;3;5
26;2025-12-30;4;2
26;2025-12-30;5;88
26;2025-12-30;6;510
26;2025-12-30;7;1016
26;2025-12-30;8;2168
26;2025-12-30;9;1442
26;2025-12-30;10;1179
26;2025-12-30;11;1054
26;2025-12-30;12;1090
26;2025-12-30;13;1129
26;2025-12-30;14;1194
26;2025-12-30;15;1284
26;2025-12-30;16;1444
26;2025-12-30;17;1646
26;2025-12-30;18;1827
26;2025-12-30;19;1247
26;2025-12-30;20;746
26;2025-12-30;21;428
26;2025-12-30;22;210
26;2025-12-30;23;103
26;2025-12-31;0;25
26;2025-12-31;1;3
26;2025-12-31;2;0
26;2025-12-31;3;5
26;2025-12-31;4;2
26;2025-12-31;5;53
26;2025-12-31;6;277
26;2025-12-31;7;313
26;2025-12-31;8;758
26;2025-12-31;9;546
26;2025-12-31;10;556
26;2025-12-31;11;708
26;2025-12-31;12;753
26;2025-12-31;13;710
26;2025-12-31;14;743
26;2025-12-31;15;679
26;2025-12-31;16;662
26;2025-12-31;17;662
26;2025-12-31;18;736
26;2025-12-31;19;664
26;2025-12-31;20;431
26;2025-12-31;21;311
26;2025-12-31;22;161
26;2025-12-31;23;45
28;2025-11-01;0;9
28;2025-11-01;1;0
28;2025-11-01;2;0
28;2025-11-01;3;0
28;2025-11-01;4;0
28;2025-11-01;5;28
28;2025-11-01;6;107
28;2025-11-01;7;315
28;2025-11-01;8;1095
28;2025-11-01;9;825
28;2025-11-01;10;637
28;2025-11-01;11;653
28;2025-11-01;12;801
28;2025-11-01;13;795
28;2025-11-01;14;763
28;2025-11-01;15;784
28;2025-11-01;16;960
28;2025-11-01;17;1060
28;2025-11-01;18;971
28;2025-11-01;19;696
28;2025-11-01;20;361
28;2025-11-01;21;297
28;2025-11-01;22;169
28;2025-11-01;23;36
28;2025-11-02;0;2
28;2025-11-02;1;0
28;2025-11-02;2;0
28;2025-11-02;3;0
28;2025-11-02;4;0
28;2025-11-02;5;30
28;2025-11-02;6;86
28;2025-11-02;7;154
28;2025-11-02;8;259
28;2025-11-02;9;325
28;2025-11-02;10;371
28;2025-11-02;11;423
28;2025-11-02;12;468
28;2025-11-02;13;505
28;2025-11-02;14;504
28;2025-11-02;15;514
28;2025-11-02;16;482
28;2025-11-02;17;489
28;2025-11-02;18;418
28;2025-11-02;19;341
28;2025-11-02;20;292
28;2025-11-02;21;228
28;2025-11-02;22;109
28;2025-11-02;23;9
28;2025-11-03;0;0
28;2025-11-03;1;0
28;2025-11-03;2;0
28;2025-11-03;3;0
28;2025-11-03;4;0
28;2025-11-03;5;40
28;2025-11-03;6;90
28;2025-11-03;7;188
28;2025-11-03;8;375
28;2025-11-03;9;351
28;2025-11-03;10;358
28;2025-11-03;11;363
28;2025-11-03;12;403
28;2025-11-03;13;428
28;2025-11-03;14;426
28;2025-11-03;15;385
28;2025-11-03;16;393
28;2025-11-03;17;438
28;2025-11-03;18;350
28;2025-11-03;19;299
28;2025-11-03;20;305
28;2025-11-03;21;211
28;2025-11-03;22;69
28;2025-11-03;23;6
28;2025-11-04;0;6
28;2025-11-04;1;0
28;2025-11-04;2;0
28;2025-11-04;3;0
28;2025-11-04;4;0
28;2025-11-04;5;32
28;2025-11-04;6;58
28;2025-11-04;7;153
28;2025-11-04;8;320
28;2025-11-04;9;295
28;2025-11-04;10;331
28;2025-11-04;11;356
28;2025-11-04;12;398
28;2025-11-04;13;423
28;2025-11-04;14;446
28;2025-11-04;15;416
28;2025-11-04;16;405
28;2025-11-04;17;435
28;2025-11-04;18;363
28;2025-11-04;19;305
28;2025-11-04;20;301
28;2025-11-04;21;233
28;2025-11-04;22;95
28;2025-11-04;23;15
28;2025-11-05;0;0
28;2025-11-05;1;0
28;2025-11-05;2;0
28;2025-11-05;3;0
28;2025-11-05;4;1
28;2025-11-05;5;83
28;2025-11-05;6;272
28;2025-11-05;7;739
28;2025-11-05;8;1234
28;2025-11-05;9;851
28;2025-11-05;10;641
28;2025-11-05;11;594
28;2025-11-05;12;710
28;2025-11-05;13;743
28;2025-11-05;14;691
28;2025-11-05;15;706
28;2025-11-05;16;883
28;2025-11-05;17;1044
28;2025-11-05;18;997
28;2025-11-05;19;753
28;2025-11-05;20;503
28;2025-11-05;21;315
28;2025-11-05;22;133
28;2025-11-05;23;11
28;2025-11-06;0;0
28;2025-11-06;1;0
28;2025-11-06;2;0
28;2025-11-06;3;0
28;2025-11-06;4;1
28;2025-11-06;5;80
28;2025-11-06;6;273
28;2025-11-06;7;746
28;2025-11-06;8;1245
28;2025-11-06;9;859
28;2025-11-06;10;648
28;2025-11-06;11;600
28;2025-11-06;12;719
28;2025-11-06;13;742
28;2025-11-06;14;701
28;2025-11-06;15;713
28;2025-11-06;16;887
28;2025-11-06;17;1049
28;2025-11-06;18;1007
28;2025-11-06;19;752
28;2025-11-06;20;505
28;2025-11-06;21;325
28;2025-11-06;22;138
28;2025-11-06;23;10
28;2025-11-07;0;0
28;2025-11-07;1;0
28;2025-11-07;2;0
28;2025-11-07;3;0
28;2025-11-07;4;1
28;2025-11-07;5;76
28;2025-11-07;6;263
28;2025-11-07;7;723
28;2025-11-07;8;1175
28;2025-11-07;9;824
28;2025-11-07;10;611
28;2025-11-07;11;572
28;2025-11-07;12;707
28;2025-11-07;13;720
28;2025-11-07;14;694
28;2025-11-07;15;710
28;2025-11-07;16;914
28;2025-11-07;17;1008
28;2025-11-07;18;884
28;2025-11-07;19;716
28;2025-11-07;20;468
28;2025-11-07;21;325
28;2025-11-07;22;136
28;2025-11-07;23;15
28;2025-11-08;0;0
28;2025-11-08;1;0
28;2025-11-08;2;0
28;2025-11-08;3;0
28;2025-11-08;4;0
28;2025-11-08;5;38
28;2025-11-08;6;104
28;2025-11-08;7;230
28;2025-11-08;8;381
28;2025-11-08;9;460
28;2025-11-08;10;492
28;2025-11-08;11;510
28;2025-11-08;12;578
28;2025-11-08;13;603
28;2025-11-08;14;587
28;2025-11-08;15;586
28;2025-11-08;16;529
28;2025-11-08;17;562
28;2025-11-08;18;491
28;2025-11-08;19;415
28;2025-11-08;20;323
28;2025-11-08;21;261
28;2025-11-08;22;128
28;2025-11-08;23;16
28;2025-11-09;0;2
28;2025-11-09;1;0
28;2025-11-09;2;0
28;2025-11-09;3;0
28;2025-11-09;4;0
28;2025-11-09;5;30
28;2025-11-09;6;86
28;2025-11-09;7;154
28;2025-11-09;8;259
28;2025-11-09;9;325
28;2025-11-09;10;371
28;2025-11-09;11;423
28;2025-11-09;12;468
28;2025-11-09;13;505
28;2025-11-09;14;504
28;2025-11-09;15;514
28;2025-11-09;16;482
28;2025-11-09;17;489
28;2025-11-09;18;418
28;2025-11-09;19;341
28;2025-11-09;20;292
28;2025-11-09;21;228
28;2025-11-09;22;109
28;2025-11-09;23;9
28;2025-11-10;0;0
28;2025-11-10;1;0
28;2025-11-10;2;0
28;2025-11-10;3;0
28;2025-11-10;4;2
28;2025-11-10;5;77
28;2025-11-10;6;253
28;2025-11-10;7;704
28;2025-11-10;8;1191
28;2025-11-10;9;826
28;2025-11-10;10;611
28;2025-11-10;11;548
28;2025-11-10;12;672
28;2025-11-10;13;696
28;2025-11-10;14;658
28;2025-11-10;15;670
28;2025-11-10;16;873
28;2025-11-10;17;1015
28;2025-11-10;18;953
28;2025-11-10;19;733
28;2025-11-10;20;484
28;2025-11-10;21;296
28;2025-11-10;22;112
28;2025-11-10;23;7
28;2025-11-11;0;0
28;2025-11-11;1;0
28;2025-11-11;2;0
28;2025-11-11;3;0
28;2025-11-11;4;2
28;2025-11-11;5;77
28;2025-11-11;6;268
28;2025-11-11;7;742
28;2025-11-11;8;1250
28;2025-11-11;9;853
28;2025-11-11;10;651
28;2025-11-11;11;592
28;2025-11-11;12;714
28;2025-11-11;13;741
28;2025-11-11;14;698
28;2025-11-11;15;707
28;2025-11-11;16;880
28;2025-11-11;17;1047
28;2025-11-11;18;1001
28;2025-11-11;19;754
28;2025-11-11;20;499
28;2025-11-11;21;316
28;2025-11-11;22;127
28;2025-11-11;23;13
28;2025-11-12;0;0
28;2025-11-12;1;0
28;2025-11-12;2;0
28;2025-11-12;3;0
28;2025-11-12;4;1
28;2025-11-12;5;83
28;2025-11-12;6;272
28;2025-11-12;7;739
28;2025-11-12;8;1234
28;2025-11-12;9;851
28;2025-11-12;10;641
28;2025-11-12;11;594
28;2025-11-12;12;710
28;2025-11-12;13;743
28;2025-11-12;14;691
28;2025-11-12;15;706
28;2025-11-12;16;883
28;2025-11-12;17;1044
28;2025-11-12;18;997
28;2025-11-12;19;753
28;2025-11-12;20;503
28;2025-11-12;21;315
28;2025-11-12;22;133
28;2025-11-12;23;11
28;2025-11-13;0;0
28;2025-11-13;1;0
28;2025-11-13;2;0
28;2025-11-13;3;0
28;2025-11-13;4;1
28;2025-11-13;5;80
28;2025-11-13;6;273
28;2025-11-13;7;746
28;2025-11-13;8;1245
28;2025-11-13;9;859
28;2025-11-13;10;648
28;2025-11-13;11;600
28;2025-11-13;12;719
28;2025-11-13;13;742
28;2025-11-13;14;701
28;2025-11-13;15;713
28;2025-11-13;16;887
28;2025-11-13;17;1049
28;2025-11-13;18;1007
28;2025-11-13;19;752
28;2025-11-13;20;505
28;2025-11-13;21;325
28;2025-11-13;22;138
28;2025-11-13;23;10
28;2025-11-14;0;0
28;2025-11-14;1;0
28;2025-11-14;2;0
28;2025-11-14;3;0
28;2025-11-14;4;1
28;2025-11-14;5;76
28;2025-11-14;6;263
28;2025-11-14;7;723
28;2025-11-14;8;1175
28;2025-11-14;9;824
28;2025-11-14;10;611
28;2025-11-14;11;572
28;2025-11-14;12;707
28;2025-11-14;13;720
28;2025-11-14;14;694
28;2025-11-14;15;710
28;2025-11-14;16;914
28;2025-11-14;17;1008
28;2025-11-14;18;884
28;2025-11-14;19;716
28;2025-11-14;20;468
28;2025-11-14;21;325
28;2025-11-14;22;136
28;2025-11-14;23;15
28;2025-11-15;0;0
28;2025-11-15;1;0
28;2025-11-15;2;0
28;2025-11-15;3;0
28;2025-11-15;4;0
28;2025-11-15;5;38
28;2025-11-15;6;104
28;2025-11-15;7;230
28;2025-11-15;8;381
28;2025-11-15;9;460
28;2025-11-15;10;492
28;2025-11-15;11;510
28;2025-11-15;12;578
28;2025-11-15;13;603
28;2025-11-15;14;587
28;2025-11-15;15;586
28;2025-11-15;16;529
28;2025-11-15;17;562
28;2025-11-15;18;491
28;2025-11-15;19;415
28;2025-11-15;20;323
28;2025-11-15;21;261
28;2025-11-15;22;128
28;2025-11-15;23;16
28;2025-11-16;0;2
28;2025-11-16;1;0
28;2025-11-16;2;0
28;2025-11-16;3;0
28;2025-11-16;4;0
28;2025-11-16;5;30
28;2025-11-16;6;86
28;2025-11-16;7;154
28;2025-11-16;8;259
28;2025-11-16;9;325
28;2025-11-16;10;371
28;2025-11-16;11;423
28;2025-11-16;12;468
28;2025-11-16;13;505
28;2025-11-16;14;504
28;2025-11-16;15;514
28;2025-11-16;16;482
28;2025-11-16;17;489
28;2025-11-16;18;418
28;2025-11-16;19;341
28;2025-11-16;20;292
28;2025-11-16;21;228
28;2025-11-16;22;109
28;2025-11-16;23;9
28;2025-11-17;0;0
28;2025-11-17;1;0
28;2025-11-17;2;0
28;2025-11-17;3;0
28;2025-11-17;4;2
28;2025-11-17;5;77
28;2025-11-17;6;253
28;2025-11-17;7;704
28;2025-11-17;8;1191
28;2025-11-17;9;826
28;2025-11-17;10;611
28;2025-11-17;11;548
28;2025-11-17;12;672
28;2025-11-17;13;696
28;2025-11-17;14;658
28;2025-11-17;15;670
28;2025-11-17;16;873
28;2025-11-17;17;1015
28;2025-11-17;18;953
28;2025-11-17;19;733
28;2025-11-17;20;484
28;2025-11-17;21;296
28;2025-11-17;22;112
28;2025-11-17;23;7
28;2025-11-18;0;0
28;2025-11-18;1;0
28;2025-11-18;2;0
28;2025-11-18;3;0
28;2025-11-18;4;2
28;2025-11-18;5;77
28;2025-11-18;6;268
28;2025-11-18;7;742
28;2025-11-18;8;1250
28;2025-11-18;9;853
28;2025-11-18;10;651
28;2025-11-18;11;592
28;2025-11-18;12;714
28;2025-11-18;13;741
28;2025-11-18;14;698
28;2025-11-18;15;707
28;2025-11-18;16;880
28;2025-11-18;17;1047
28;2025-11-18;18;1001
28;2025-11-18;19;754
28;2025-11-18;20;499
28;2025-11-18;21;316
28;2025-11-18;22;127
28;2025-11-18;23;13
28;2025-11-19;0;0
28;2025-11-19;1;0
28;2025-11-19;2;0
28;2025-11-19;3;0
28;2025-11-19;4;1
28;2025-11-19;5;83
28;2025-11-19;6;272
28;2025-11-19;7;739
28;2025-11-19;8;1234
28;2025-11-19;9;851
28;2025-11-19;10;641
28;2025-11-19;11;594
28;2025-11-19;12;710
28;2025-11-19;13;743
28;2025-11-19;14;691
28;2025-11-19;15;706
28;2025-11-19;16;883
28;2025-11-19;17;1044
28;2025-11-19;18;997
28;2025-11-19;19;753
28;2025-11-19;20;503
28;2025-11-19;21;315
28;2025-11-19;22;133
28;2025-11-19;23;11
28;2025-11-20;0;0
28;2025-11-20;1;0
28;2025-11-20;2;0
28;2025-11-20;3;0
28;2025-11-20;4;1
28;2025-11-20;5;80
28;2025-11-20;6;273
28;2025-11-20;7;746
28;2025-11-20;8;1245
28;2025-11-20;9;859
28;2025-11-20;10;648
28;2025-11-20;11;600
28;2025-11-20;12;719
28;2025-11-20;13;742
28;2025-11-20;14;701
28;2025-11-20;15;713
28;2025-11-20;16;887
28;2025-11-20;17;1049
28;2025-11-20;18;1007
28;2025-11-20;19;752
28;2025-11-20;20;505
28;2025-11-20;21;325
28;2025-11-20;22;138
28;2025-11-20;23;10
28;2025-11-21;0;0
28;2025-11-21;1;0
28;2025-11-21;2;0
28;2025-11-21;3;0
28;2025-11-21;4;1
28;2025-11-21;5;76
28;2025-11-21;6;263
28;2025-11-21;7;723
28;2025-11-21;8;1175
28;2025-11-21;9;824
28;2025-11-21;10;611
28;2025-11-21;11;572
28;2025-11-21;12;707
28;2025-11-21;13;720
28;2025-11-21;14;694
28;2025-11-21;15;710
28;2025-11-21;16;914
28;2025-11-21;17;1008
28;2025-11-21;18;884
28;2025-11-21;19;716
28;2025-11-21;20;468
28;2025-11-21;21;325
28;2025-11-21;22;136
28;2025-11-21;23;15
28;2025-11-22;0;0
28;2025-11-22;1;0
28;2025-11-22;2;0
28;2025-11-22;3;0
28;2025-11-22;4;0
28;2025-11-22;5;38
28;2025-11-22;6;104
28;2025-11-22;7;230
28;2025-11-22;8;381
28;2025-11-22;9;460
28;2025-11-22;10;492
28;2025-11-22;11;510
28;2025-11-22;12;578
28;2025-11-22;13;603
28;2025-11-22;14;587
28;2025-11-22;15;586
28;2025-11-22;16;529
28;2025-11-22;17;562
28;2025-11-22;18;491
28;2025-11-22;19;415
28;2025-11-22;20;323
28;2025-11-22;21;261
28;2025-11-22;22;128
28;2025-11-22;23;16
28;2025-11-23;0;2
28;2025-11-23;1;0
28;2025-11-23;2;0
28;2025-11-23;3;0
28;2025-11-23;4;0
28;2025-11-23;5;30
28;2025-11-23;6;86
28;2025-11-23;7;154
28;2025-11-23;8;259
28;2025-11-23;9;325
28;2025-11-23;10;371
28;2025-11-23;11;423
28;2025-11-23;12;468
28;2025-11-23;13;505
28;2025-11-23;14;504
28;2025-11-23;15;514
28;2025-11-23;16;482
28;2025-11-23;17;489
28;2025-11-23;18;418
28;2025-11-23;19;341
28;2025-11-23;20;292
28;2025-11-23;21;228
28;2025-11-23;22;109
28;2025-11-23;23;9
28;2025-11-24;0;0
28;2025-11-24;1;0
28;2025-11-24;2;0
28;2025-11-24;3;0
28;2025-11-24;4;2
28;2025-11-24;5;77
28;2025-11-24;6;253
28;2025-11-24;7;704
28;2025-11-24;8;1191
28;2025-11-24;9;826
28;2025-11-24;10;611
28;2025-11-24;11;548
28;2025-11-24;12;672
28;2025-11-24;13;696
28;2025-11-24;14;658
28;2025-11-24;15;670
28;2025-11-24;16;873
28;2025-11-24;17;1015
28;2025-11-24;18;953
28;2025-11-24;19;733
28;2025-11-24;20;484
28;2025-11-24;21;296
28;2025-11-24;22;112
28;2025-11-24;23;7
28;2025-11-25;0;0
28;2025-11-25;1;0
28;2025-11-25;2;0
28;2025-11-25;3;0
28;2025-11-25;4;2
28;2025-11-25;5;77
28;2025-11-25;6;268
28;2025-11-25;7;742
28;2025-11-25;8;1250
28;2025-11-25;9;853
28;2025-11-25;10;651
28;2025-11-25;11;592
28;2025-11-25;12;714
28;2025-11-25;13;741
28;2025-11-25;14;698
28;2025-11-25;15;707
28;2025-11-25;16;880
28;2025-11-25;17;1047
28;2025-11-25;18;1001
28;2025-11-25;19;754
28;2025-11-25;20;499
28;2025-11-25;21;316
28;2025-11-25;22;127
28;2025-11-25;23;13
28;2025-11-26;0;0
28;2025-11-26;1;0
28;2025-11-26;2;0
28;2025-11-26;3;0
28;2025-11-26;4;1
28;2025-11-26;5;83
28;2025-11-26;6;272
28;2025-11-26;7;739
28;2025-11-26;8;1234
28;2025-11-26;9;851
28;2025-11-26;10;641
28;2025-11-26;11;594
28;2025-11-26;12;710
28;2025-11-26;13;743
28;2025-11-26;14;691
28;2025-11-26;15;706
28;2025-11-26;16;883
28;2025-11-26;17;1044
28;2025-11-26;18;997
28;2025-11-26;19;753
28;2025-11-26;20;503
28;2025-11-26;21;315
28;2025-11-26;22;133
28;2025-11-26;23;11
28;2025-11-27;0;0
28;2025-11-27;1;0
28;2025-11-27;2;0
28;2025-11-27;3;0
28;2025-11-27;4;1
28;2025-11-27;5;80
28;2025-11-27;6;273
28;2025-11-27;7;746
28;2025-11-27;8;1245
28;2025-11-27;9;859
28;2025-11-27;10;648
28;2025-11-27;11;600
28;2025-11-27;12;719
28;2025-11-27;13;742
28;2025-11-27;14;701
28;2025-11-27;15;713
28;2025-11-27;16;887
28;2025-11-27;17;1049
28;2025-11-27;18;1007
28;2025-11-27;19;752
28;2025-11-27;20;505
28;2025-11-27;21;325
28;2025-11-27;22;138
28;2025-11-27;23;10
28;2025-11-28;0;0
28;2025-11-28;1;0
28;2025-11-28;2;0
28;2025-11-28;3;0
28;2025-11-28;4;1
28;2025-11-28;5;76
28;2025-11-28;6;263
28;2025-11-28;7;723
28;2025-11-28;8;1175
28;2025-11-28;9;824
28;2025-11-28;10;611
28;2025-11-28;11;572
28;2025-11-28;12;707
28;2025-11-28;13;720
28;2025-11-28;14;694
28;2025-11-28;15;710
28;2025-11-28;16;914
28;2025-11-28;17;1008
28;2025-11-28;18;884
28;2025-11-28;19;716
28;2025-11-28;20;468
28;2025-11-28;21;325
28;2025-11-28;22;136
28;2025-11-28;23;15
28;2025-11-29;0;0
28;2025-11-29;1;0
28;2025-11-29;2;0
28;2025-11-29;3;0
28;2025-11-29;4;0
28;2025-11-29;5;38
28;2025-11-29;6;104
28;2025-11-29;7;230
28;2025-11-29;8;381
28;2025-11-29;9;460
28;2025-11-29;10;492
28;2025-11-29;11;510
28;2025-11-29;12;578
28;2025-11-29;13;603
28;2025-11-29;14;587
28;2025-11-29;15;586
28;2025-11-29;16;529
28;2025-11-29;17;562
28;2025-11-29;18;491
28;2025-11-29;19;415
28;2025-11-29;20;323
28;2025-11-29;21;261
28;2025-11-29;22;128
28;2025-11-29;23;16
28;2025-11-30;0;2
28;2025-11-30;1;0
28;2025-11-30;2;0
28;2025-11-30;3;0
28;2025-11-30;4;0
28;2025-11-30;5;30
28;2025-11-30;6;86
28;2025-11-30;7;154
28;2025-11-30;8;259
28;2025-11-30;9;325
28;2025-11-30;10;371
28;2025-11-30;11;423
28;2025-11-30;12;468
28;2025-11-30;13;505
28;2025-11-30;14;504
28;2025-11-30;15;514
28;2025-11-30;16;482
28;2025-11-30;17;489
28;2025-11-30;18;418
28;2025-11-30;19;341
28;2025-11-30;20;292
28;2025-11-30;21;228
28;2025-11-30;22;109
28;2025-11-30;23;9
28;2025-12-01;0;0
28;2025-12-01;1;0
28;2025-12-01;2;0
28;2025-12-01;3;0
28;2025-12-01;4;2
28;2025-12-01;5;73
28;2025-12-01;6;248
28;2025-12-01;7;709
28;2025-12-01;8;1128
28;2025-12-01;9;813
28;2025-12-01;10;595
28;2025-12-01;11;515
28;2025-12-01;12;633
28;2025-12-01;13;686
28;2025-12-01;14;622
28;2025-12-01;15;667
28;2025-12-01;16;849
28;2025-12-01;17;974
28;2025-12-01;18;967
28;2025-12-01;19;729
28;2025-12-01;20;460
28;2025-12-01;21;283
28;2025-12-01;22;118
28;2025-12-01;23;16
28;2025-12-02;0;0
28;2025-12-02;1;0
28;2025-12-02;2;0
28;2025-12-02;3;0
28;2025-12-02;4;2
28;2025-12-02;5;72
28;2025-12-02;6;263
28;2025-12-02;7;735
28;2025-12-02;8;1171
28;2025-12-02;9;830
28;2025-12-02;10;622
28;2025-12-02;11;541
28;2025-12-02;12;663
28;2025-12-02;13;723
28;2025-12-02;14;649
28;2025-12-02;15;686
28;2025-12-02;16;846
28;2025-12-02;17;989
28;2025-12-02;18;1000
28;2025-12-02;19;742
28;2025-12-02;20;470
28;2025-12-02;21;302
28;2025-12-02;22;131
28;2025-12-02;23;22
28;2025-12-03;0;0
28;2025-12-03;1;0
28;2025-12-03;2;0
28;2025-12-03;3;0
28;2025-12-03;4;2
28;2025-12-03;5;78
28;2025-12-03;6;266
28;2025-12-03;7;733
28;2025-12-03;8;1155
28;2025-12-03;9;828
28;2025-12-03;10;612
28;2025-12-03;11;543
28;2025-12-03;12;659
28;2025-12-03;13;725
28;2025-12-03;14;642
28;2025-12-03;15;685
28;2025-12-03;16;849
28;2025-12-03;17;987
28;2025-12-03;18;996
28;2025-12-03;19;741
28;2025-12-03;20;470
28;2025-12-03;21;301
28;2025-12-03;22;137
28;2025-12-03;23;20
28;2025-12-04;0;0
28;2025-12-04;1;0
28;2025-12-04;2;0
28;2025-12-04;3;0
28;2025-12-04;4;2
28;2025-12-04;5;76
28;2025-12-04;6;268
28;2025-12-04;7;740
28;2025-12-04;8;1166
28;2025-12-04;9;836
28;2025-12-04;10;618
28;2025-12-04;11;549
28;2025-12-04;12;668
28;2025-12-04;13;724
28;2025-12-04;14;652
28;2025-12-04;15;692
28;2025-12-04;16;853
28;2025-12-04;17;991
28;2025-12-04;18;1006
28;2025-12-04;19;739
28;2025-12-04;20;473
28;2025-12-04;21;310
28;2025-12-04;22;142
28;2025-12-04;23;19
28;2025-12-05;0;0
28;2025-12-05;1;0
28;2025-12-05;2;0
28;2025-12-05;3;0
28;2025-12-05;4;2
28;2025-12-05;5;72
28;2025-12-05;6;258
28;2025-12-05;7;720
28;2025-12-05;8;1105
28;2025-12-05;9;810
28;2025-12-05;10;593
28;2025-12-05;11;536
28;2025-12-05;12;661
28;2025-12-05;13;708
28;2025-12-05;14;651
28;2025-12-05;15;705
28;2025-12-05;16;889
28;2025-12-05;17;967
28;2025-12-05;18;898
28;2025-12-05;19;712
28;2025-12-05;20;442
28;2025-12-05;21;311
28;2025-12-05;22;140
28;2025-12-05;23;23
28;2025-12-06;0;0
28;2025-12-06;1;0
28;2025-12-06;2;0
28;2025-12-06;3;0
28;2025-12-06;4;1
28;2025-12-06;5;31
28;2025-12-06;6;95
28;2025-12-06;7;223
28;2025-12-06;8;329
28;2025-12-06;9;441
28;2025-12-06;10;456
28;2025-12-06;11;430
28;2025-12-06;12;492
28;2025-12-06;13;554
28;2025-12-06;14;529
28;2025-12-06;15;530
28;2025-12-06;16;474
28;2025-12-06;17;489
28;2025-12-06;18;442
28;2025-12-06;19;389
28;2025-12-06;20;316
28;2025-12-06;21;259
28;2025-12-06;22;130
28;2025-12-06;23;24
28;2025-12-07;0;0
28;2025-12-07;1;0
28;2025-12-07;2;0
28;2025-12-07;3;0
28;2025-12-07;4;0
28;2025-12-07;5;23
28;2025-12-07;6;77
28;2025-12-07;7;159
28;2025-12-07;8;231
28;2025-12-07;9;318
28;2025-12-07;10;357
28;2025-12-07;11;359
28;2025-12-07;12;403
28;2025-12-07;13;466
28;2025-12-07;14;465
28;2025-12-07;15;479
28;2025-12-07;16;439
28;2025-12-07;17;435
28;2025-12-07;18;386
28;2025-12-07;19;326
28;2025-12-07;20;290
28;2025-12-07;21;227
28;2025-12-07;22;114
28;2025-12-07;23;16
28;2025-12-08;0;0
28;2025-12-08;1;0
28;2025-12-08;2;0
28;2025-12-08;3;0
28;2025-12-08;4;2
28;2025-12-08;5;73
28;2025-12-08;6;248
28;2025-12-08;7;709
28;2025-12-08;8;1128
28;2025-12-08;9;813
28;2025-12-08;10;595
28;2025-12-08;11;515
28;2025-12-08;12;633
28;2025-12-08;13;686
28;2025-12-08;14;622
28;2025-12-08;15;667
28;2025-12-08;16;849
28;2025-12-08;17;974
28;2025-12-08;18;967
28;2025-12-08;19;729
28;2025-12-08;20;460
28;2025-12-08;21;283
28;2025-12-08;22;118
28;2025-12-08;23;16
28;2025-12-09;0;0
28;2025-12-09;1;0
28;2025-12-09;2;0
28;2025-12-09;3;0
28;2025-12-09;4;2
28;2025-12-09;5;72
28;2025-12-09;6;263
28;2025-12-09;7;735
28;2025-12-09;8;1171
28;2025-12-09;9;830
28;2025-12-09;10;622
28;2025-12-09;11;541
28;2025-12-09;12;663
28;2025-12-09;13;723
28;2025-12-09;14;649
28;2025-12-09;15;686
28;2025-12-09;16;846
28;2025-12-09;17;989
28;2025-12-09;18;1000
28;2025-12-09;19;742
28;2025-12-09;20;470
28;2025-12-09;21;302
28;2025-12-09;22;131
28;2025-12-09;23;22
28;2025-12-10;0;0
28;2025-12-10;1;0
28;2025-12-10;2;0
28;2025-12-10;3;0
28;2025-12-10;4;2
28;2025-12-10;5;78
28;2025-12-10;6;266
28;2025-12-10;7;733
28;2025-12-10;8;1155
28;2025-12-10;9;828
28;2025-12-10;10;612
28;2025-12-10;11;543
28;2025-12-10;12;659
28;2025-12-10;13;725
28;2025-12-10;14;642
28;2025-12-10;15;685
28;2025-12-10;16;849
28;2025-12-10;17;987
28;2025-12-10;18;996
28;2025-12-10;19;741
28;2025-12-10;20;470
28;2025-12-10;21;301
28;2025-12-10;22;137
28;2025-12-10;23;20
28;2025-12-11;0;0
28;2025-12-11;1;0
28;2025-12-11;2;0
28;2025-12-11;3;0
28;2025-12-11;4;2
28;2025-12-11;5;76
28;2025-12-11;6;268
28;2025-12-11;7;740
28;2025-12-11;8;1166
28;2025-12-11;9;836
28;2025-12-11;10;618
28;2025-12-11;11;549
28;2025-12-11;12;668
28;2025-12-11;13;724
28;2025-12-11;14;652
28;2025-12-11;15;692
28;2025-12-11;16;853
28;2025-12-11;17;991
28;2025-12-11;18;1006
28;2025-12-11;19;739
28;2025-12-11;20;473
28;2025-12-11;21;310
28;2025-12-11;22;142
28;2025-12-11;23;19
28;2025-12-12;0;0
28;2025-12-12;1;0
28;2025-12-12;2;0
28;2025-12-12;3;0
28;2025-12-12;4;2
28;2025-12-12;5;72
28;2025-12-12;6;258
28;2025-12-12;7;720
28;2025-12-12;8;1105
28;2025-12-12;9;810
28;2025-12-12;10;593
28;2025-12-12;11;536
28;2025-12-12;12;661
28;2025-12-12;13;708
28;2025-12-12;14;651
28;2025-12-12;15;705
28;2025-12-12;16;889
28;2025-12-12;17;967
28;2025-12-12;18;898
28;2025-12-12;19;712
28;2025-12-12;20;442
28;2025-12-12;21;311
28;2025-12-12;22;140
28;2025-12-12;23;23
28;2025-12-13;0;0
28;2025-12-13;1;0
28;2025-12-13;2;0
28;2025-12-13;3;0
28;2025-12-13;4;1
28;2025-12-13;5;31
28;2025-12-13;6;95
28;2025-12-13;7;223
28;2025-12-13;8;329
28;2025-12-13;9;441
28;2025-12-13;10;456
28;2025-12-13;11;430
28;2025-12-13;12;492
28;2025-12-13;13;554
28;2025-12-13;14;529
28;2025-12-13;15;530
28;2025-12-13;16;474
28;2025-12-13;17;489
28;2025-12-13;18;442
28;2025-12-13;19;389
28;2025-12-13;20;316
28;2025-12-13;21;259
28;2025-12-13;22;130
28;2025-12-13;23;24
28;2025-12-14;0;0
28;2025-12-14;1;0
28;2025-12-14;2;0
28;2025-12-14;3;0
28;2025-12-14;4;0
28;2025-12-14;5;23
28;2025-12-14;6;77
28;2025-12-14;7;159
28;2025-12-14;8;231
28;2025-12-14;9;318
28;2025-12-14;10;357
28;2025-12-14;11;359
28;2025-12-14;12;403
28;2025-12-14;13;466
28;2025-12-14;14;465
28;2025-12-14;15;479
28;2025-12-14;16;439
28;2025-12-14;17;435
28;2025-12-14;18;386
28;2025-12-14;19;326
28;2025-12-14;20;290
28;2025-12-14;21;227
28;2025-12-14;22;114
28;2025-12-14;23;16
28;2025-12-15;0;0
28;2025-12-15;1;0
28;2025-12-15;2;0
28;2025-12-15;3;0
28;2025-12-15;4;2
28;2025-12-15;5;73
28;2025-12-15;6;248
28;2025-12-15;7;709
28;2025-12-15;8;1128
28;2025-12-15;9;813
28;2025-12-15;10;595
28;2025-12-15;11;515
28;2025-12-15;12;633
28;2025-12-15;13;686
28;2025-12-15;14;622
28;2025-12-15;15;667
28;2025-12-15;16;849
28;2025-12-15;17;974
28;2025-12-15;18;967
28;2025-12-15;19;729
28;2025-12-15;20;460
28;2025-12-15;21;283
28;2025-12-15;22;118
28;2025-12-15;23;16
28;2025-12-16;0;0
28;2025-12-16;1;0
28;2025-12-16;2;0
28;2025-12-16;3;0
28;2025-12-16;4;2
28;2025-12-16;5;72
28;2025-12-16;6;263
28;2025-12-16;7;735
28;2025-12-16;8;1171
28;2025-12-16;9;830
28;2025-12-16;10;622
28;2025-12-16;11;541
28;2025-12-16;12;663
28;2025-12-16;13;723
28;2025-12-16;14;649
28;2025-12-16;15;686
28;2025-12-16;16;846
28;2025-12-16;17;989
28;2025-12-16;18;1000
28;2025-12-16;19;742
28;2025-12-16;20;470
28;2025-12-16;21;302
28;2025-12-16;22;131
28;2025-12-16;23;22
28;2025-12-17;0;0
28;2025-12-17;1;0
28;2025-12-17;2;0
28;2025-12-17;3;0
28;2025-12-17;4;2
28;2025-12-17;5;78
28;2025-12-17;6;266
28;2025-12-17;7;733
28;2025-12-17;8;1155
28;2025-12-17;9;828
28;2025-12-17;10;612
28;2025-12-17;11;543
28;2025-12-17;12;659
28;2025-12-17;13;725
28;2025-12-17;14;642
28;2025-12-17;15;685
28;2025-12-17;16;849
28;2025-12-17;17;987
28;2025-12-17;18;996
28;2025-12-17;19;741
28;2025-12-17;20;470
28;2025-12-17;21;301
28;2025-12-17;22;137
28;2025-12-17;23;20
28;2025-12-18;0;0
28;2025-12-18;1;0
28;2025-12-18;2;0
28;2025-12-18;3;0
28;2025-12-18;4;2
28;2025-12-18;5;76
28;2025-12-18;6;268
28;2025-12-18;7;740
28;2025-12-18;8;1166
28;2025-12-18;9;836
28;2025-12-18;10;618
28;2025-12-18;11;549
28;2025-12-18;12;668
28;2025-12-18;13;724
28;2025-12-18;14;652
28;2025-12-18;15;692
28;2025-12-18;16;853
28;2025-12-18;17;991
28;2025-12-18;18;1006
28;2025-12-18;19;739
28;2025-12-18;20;473
28;2025-12-18;21;310
28;2025-12-18;22;142
28;2025-12-18;23;19
28;2025-12-19;0;0
28;2025-12-19;1;0
28;2025-12-19;2;0
28;2025-12-19;3;0
28;2025-12-19;4;2
28;2025-12-19;5;72
28;2025-12-19;6;258
28;2025-12-19;7;720
28;2025-12-19;8;1105
28;2025-12-19;9;810
28;2025-12-19;10;593
28;2025-12-19;11;536
28;2025-12-19;12;661
28;2025-12-19;13;708
28;2025-12-19;14;651
28;2025-12-19;15;705
28;2025-12-19;16;889
28;2025-12-19;17;967
28;2025-12-19;18;898
28;2025-12-19;19;712
28;2025-12-19;20;442
28;2025-12-19;21;311
28;2025-12-19;22;140
28;2025-12-19;23;23
28;2025-12-20;0;0
28;2025-12-20;1;0
28;2025-12-20;2;0
28;2025-12-20;3;0
28;2025-12-20;4;1
28;2025-12-20;5;31
28;2025-12-20;6;95
28;2025-12-20;7;223
28;2025-12-20;8;329
28;2025-12-20;9;441
28;2025-12-20;10;456
28;2025-12-20;11;430
28;2025-12-20;12;492
28;2025-12-20;13;554
28;2025-12-20;14;529
28;2025-12-20;15;530
28;2025-12-20;16;474
28;2025-12-20;17;489
28;2025-12-20;18;442
28;2025-12-20;19;389
28;2025-12-20;20;316
28;2025-12-20;21;259
28;2025-12-20;22;130
28;2025-12-20;23;24
28;2025-12-21;0;0
28;2025-12-21;1;0
28;2025-12-21;2;0
28;2025-12-21;3;0
28;2025-12-21;4;0
28;2025-12-21;5;23
28;2025-12-21;6;77
28;2025-12-21;7;159
28;2025-12-21;8;231
28;2025-12-21;9;318
28;2025-12-21;10;357
28;2025-12-21;11;359
28;2025-12-21;12;403
28;2025-12-21;13;466
28;2025-12-21;14;465
28;2025-12-21;15;479
28;2025-12-21;16;439
28;2025-12-21;17;435
28;2025-12-21;18;386
28;2025-12-21;19;326
28;2025-12-21;20;290
28;2025-12-21;21;227
28;2025-12-21;22;114
28;2025-12-21;23;16
28;2025-12-22;0;0
28;2025-12-22;1;0
28;2025-12-22;2;0
28;2025-12-22;3;0
28;2025-12-22;4;2
28;2025-12-22;5;73
28;2025-12-22;6;248
28;2025-12-22;7;709
28;2025-12-22;8;1128
28;2025-12-22;9;813
28;2025-12-22;10;595
28;2025-12-22;11;515
28;2025-12-22;12;633
28;2025-12-22;13;686
28;2025-12-22;14;622
28;2025-12-22;15;667
28;2025-12-22;16;849
28;2025-12-22;17;974
28;2025-12-22;18;967
28;2025-12-22;19;729
28;2025-12-22;20;460
28;2025-12-22;21;283
28;2025-12-22;22;118
28;2025-12-22;23;16
28;2025-12-23;0;0
28;2025-12-23;1;0
28;2025-12-23;2;0
28;2025-12-23;3;0
28;2025-12-23;4;2
28;2025-12-23;5;72
28;2025-12-23;6;263
28;2025-12-23;7;735
28;2025-12-23;8;1171
28;2025-12-23;9;830
28;2025-12-23;10;622
28;2025-12-23;11;541
28;2025-12-23;12;663
28;2025-12-23;13;723
28;2025-12-23;14;649
28;2025-12-23;15;686
28;2025-12-23;16;846
28;2025-12-23;17;989
28;2025-12-23;18;1000
28;2025-12-23;19;742
28;2025-12-23;20;470
28;2025-12-23;21;302
28;2025-12-23;22;131
28;2025-12-23;23;22
28;2025-12-24;0;0
28;2025-12-24;1;0
28;2025-12-24;2;0
28;2025-12-24;3;0
28;2025-12-24;4;2
28;2025-12-24;5;78
28;2025-12-24;6;266
28;2025-12-24;7;733
28;2025-12-24;8;1155
28;2025-12-24;9;828
28;2025-12-24;10;612
28;2025-12-24;11;543
28;2025-12-24;12;659
28;2025-12-24;13;725
28;2025-12-24;14;642
28;2025-12-24;15;685
28;2025-12-24;16;849
28;2025-12-24;17;987
28;2025-12-24;18;996
28;2025-12-24;19;741
28;2025-12-24;20;470
28;2025-12-24;21;301
28;2025-12-24;22;137
28;2025-12-24;23;20
28;2025-12-25;0;0
28;2025-12-25;1;0
28;2025-12-25;2;0
28;2025-12-25;3;0
28;2025-12-25;4;2
28;2025-12-25;5;76
28;2025-12-25;6;268
28;2025-12-25;7;740
28;2025-12-25;8;1166
28;2025-12-25;9;836
28;2025-12-25;10;618
28;2025-12-25;11;549
28;2025-12-25;12;668
28;2025-12-25;13;724
28;2025-12-25;14;652
28;2025-12-25;15;692
28;2025-12-25;16;853
28;2025-12-25;17;991
28;2025-12-25;18;1006
28;2025-12-25;19;739
28;2025-12-25;20;473
28;2025-12-25;21;310
28;2025-12-25;22;142
28;2025-12-25;23;19
28;2025-12-26;0;0
28;2025-12-26;1;0
28;2025-12-26;2;0
28;2025-12-26;3;0
28;2025-12-26;4;2
28;2025-12-26;5;72
28;2025-12-26;6;258
28;2025-12-26;7;720
28;2025-12-26;8;1105
28;2025-12-26;9;810
28;2025-12-26;10;593
28;2025-12-26;11;536
28;2025-12-26;12;661
28;2025-12-26;13;708
28;2025-12-26;14;651
28;2025-12-26;15;705
28;2025-12-26;16;889
28;2025-12-26;17;967
28;2025-12-26;18;898
28;2025-12-26;19;712
28;2025-12-26;20;442
28;2025-12-26;21;311
28;2025-12-26;22;140
28;2025-12-26;23;23
28;2025-12-27;0;0
28;2025-12-27;1;0
28;2025-12-27;2;0
28;2025-12-27;3;0
28;2025-12-27;4;1
28;2025-12-27;5;31
28;2025-12-27;6;95
28;2025-12-27;7;223
28;2025-12-27;8;329
28;2025-12-27;9;441
28;2025-12-27;10;456
28;2025-12-27;11;430
28;2025-12-27;12;492
28;2025-12-27;13;554
28;2025-12-27;14;529
28;2025-12-27;15;530
28;2025-12-27;16;474
28;2025-12-27;17;489
28;2025-12-27;18;442
28;2025-12-27;19;389
28;2025-12-27;20;316
28;2025-12-27;21;259
28;2025-12-27;22;130
28;2025-12-27;23;24
28;2025-12-28;0;0
28;2025-12-28;1;0
28;2025-12-28;2;0
28;2025-12-28;3;0
28;2025-12-28;4;0
28;2025-12-28;5;23
28;2025-12-28;6;77
28;2025-12-28;7;159
28;2025-12-28;8;231
28;2025-12-28;9;318
28;2025-12-28;10;357
28;2025-12-28;11;359
28;2025-12-28;12;403
28;2025-12-28;13;466
28;2025-12-28;14;465
28;2025-12-28;15;479
28;2025-12-28;16;439
28;2025-12-28;17;435
28;2025-12-28;18;386
28;2025-12-28;19;326
28;2025-12-28;20;290
28;2025-12-28;21;227
28;2025-12-28;22;114
28;2025-12-28;23;16
28;2025-12-29;0;0
28;2025-12-29;1;0
28;2025-12-29;2;0
28;2025-12-29;3;0
28;2025-12-29;4;2
28;2025-12-29;5;73
28;2025-12-29;6;248
28;2025-12-29;7;709
28;2025-12-29;8;1128
28;2025-12-29;9;813
28;2025-12-29;10;595
28;2025-12-29;11;515
28;2025-12-29;12;633
28;2025-12-29;13;686
28;2025-12-29;14;622
28;2025-12-29;15;667
28;2025-12-29;16;849
28;2025-12-29;17;974
28;2025-12-29;18;967
28;2025-12-29;19;729
28;2025-12-29;20;460
28;2025-12-29;21;283
28;2025-12-29;22;118
28;2025-12-29;23;16
28;2025-12-30;0;0
28;2025-12-30;1;0
28;2025-12-30;2;0
28;2025-12-30;3;0
28;2025-12-30;4;2
28;2025-12-30;5;72
28;2025-12-30;6;263
28;2025-12-30;7;735
28;2025-12-30;8;1171
28;2025-12-30;9;830
28;2025-12-30;10;622
28;2025-12-30;11;541
28;2025-12-30;12;663
28;2025-12-30;13;723
28;2025-12-30;14;649
28;2025-12-30;15;686
28;2025-12-30;16;846
28;2025-12-30;17;989
28;2025-12-30;18;1000
28;2025-12-30;19;742
28;2025-12-30;20;470
28;2025-12-30;21;302
28;2025-12-30;22;131
28;2025-12-30;23;22
28;2025-12-31;0;0
28;2025-12-31;1;0
28;2025-12-31;2;0
28;2025-12-31;3;0
28;2025-12-31;4;0
28;2025-12-31;5;39
28;2025-12-31;6;85
28;2025-12-31;7;186
28;2025-12-31;8;291
28;2025-12-31;9;323
28;2025-12-31;10;338
28;2025-12-31;11;338
28;2025-12-31;12;373
28;2025-12-31;13;396
28;2025-12-31;14;384
28;2025-12-31;15;349
28;2025-12-31;16;352
28;2025-12-31;17;396
28;2025-12-31;18;362
28;2025-12-31;19;271
28;2025-12-31;20;276
28;2025-12-31;21;202
28;2025-12-31;22;77
28;2025-12-31;23;1
50;2025-11-01;0;62
50;2025-11-01;1;14
50;2025-11-01;2;27
50;2025-11-01;3;27
50;2025-11-01;4;55
50;2025-11-01;5;25
50;2025-11-01;6;167
50;2025-11-01;7;466
50;2025-11-01;8;2084
50;2025-11-01;9;1722
50;2025-11-01;10;1383
50;2025-11-01;11;1529
50;2025-11-01;12;1546
50;2025-11-01;13;1611
50;2025-11-01;14;1524
50;2025-11-01;15;1757
50;2025-11-01;16;1820
50;2025-11-01;17;2193
50;2025-11-01;18;2037
50;2025-11-01;19;1130
50;2025-11-01;20;637
50;2025-11-01;21;412
50;2025-11-01;22;217
50;2025-11-01;23;160
50;2025-11-02;0;46
50;2025-11-02;1;14
50;2025-11-02;2;27
50;2025-11-02;3;27
50;2025-11-02;4;55
50;2025-11-02;5;5
50;2025-11-02;6;92
50;2025-11-02;7;231
50;2025-11-02;8;356
50;2025-11-02;9;457
50;2025-11-02;10;466
50;2025-11-02;11;616
50;2025-11-02;12;664
50;2025-11-02;13;713
50;2025-11-02;14;667
50;2025-11-02;15;695
50;2025-11-02;16;624
50;2025-11-02;17;678
50;2025-11-02;18;594
50;2025-11-02;19;520
50;2025-11-02;20;426
50;2025-11-02;21;331
50;2025-11-02;22;182
50;2025-11-02;23;111
50;2025-11-03;0;37
50;2025-11-03;1;14
50;2025-11-03;2;27
50;2025-11-03;3;27
50;2025-11-03;4;55
50;2025-11-03;5;34
50;2025-11-03;6;217
50;2025-11-03;7;432
50;2025-11-03;8;786
50;2025-11-03;9;609
50;2025-11-03;10;601
50;2025-11-03;11;685
50;2025-11-03;12;684
50;2025-11-03;13;772
50;2025-11-03;14;744
50;2025-11-03;15;701
50;2025-11-03;16;667
50;2025-11-03;17;765
50;2025-11-03;18;941
50;2025-11-03;19;634
50;2025-11-03;20;436
50;2025-11-03;21;371
50;2025-11-03;22;212
50;2025-11-03;23;117
50;2025-11-04;0;35
50;2025-11-04;1;14
50;2025-11-04;2;27
50;2025-11-04;3;27
50;2025-11-04;4;55
50;2025-11-04;5;38
50;2025-11-04;6;147
50;2025-11-04;7;365
50;2025-11-04;8;549
50;2025-11-04;9;483
50;2025-11-04;10;498
50;2025-11-04;11;533
50;2025-11-04;12;571
50;2025-11-04;13;634
50;2025-11-04;14;602
50;2025-11-04;15;660
50;2025-11-04;16;581
50;2025-11-04;17;656
50;2025-11-04;18;799
50;2025-11-04;19;537
50;2025-11-04;20;441
50;2025-11-04;21;305
50;2025-11-04;22;219
50;2025-11-04;23;119
50;2025-11-05;0;33
50;2025-11-05;1;14
50;2025-11-05;2;27
50;2025-11-05;3;27
50;2025-11-05;4;55
50;2025-11-05;5;70
50;2025-11-05;6;536
50;2025-11-05;7;1743
50;2025-11-05;8;2793
50;2025-11-05;9;2163
50;2025-11-05;10;1683
50;2025-11-05;11;1548
50;2025-11-05;12;1474
50;2025-11-05;13;1481
50;2025-11-05;14;1415
50;2025-11-05;15;1680
50;2025-11-05;16;1739
50;2025-11-05;17;2369
50;2025-11-05;18;2435
50;2025-11-05;19;1454
50;2025-11-05;20;925
50;2025-11-05;21;627
50;2025-11-05;22;271
50;2025-11-05;23;149
50;2025-11-06;0;39
50;2025-11-06;1;14
50;2025-11-06;2;27
50;2025-11-06;3;27
50;2025-11-06;4;55
50;2025-11-06;5;66
50;2025-11-06;6;538
50;2025-11-06;7;1744
50;2025-11-06;8;2791
50;2025-11-06;9;2161
50;2025-11-06;10;1682
50;2025-11-06;11;1542
50;2025-11-06;12;1475
50;2025-11-06;13;1481
50;2025-11-06;14;1412
50;2025-11-06;15;1682
50;2025-11-06;16;1751
50;2025-11-06;17;2371
50;2025-11-06;18;2437
50;2025-11-06;19;1456
50;2025-11-06;20;931
50;2025-11-06;21;634
50;2025-11-06;22;275
50;2025-11-06;23;157
50;2025-11-07;0;39
50;2025-11-07;1;14
50;2025-11-07;2;27
50;2025-11-07;3;27
50;2025-11-07;4;55
50;2025-11-07;5;65
50;2025-11-07;6;530
50;2025-11-07;7;1696
50;2025-11-07;8;2700
50;2025-11-07;9;2108
50;2025-11-07;10;1602
50;2025-11-07;11;1570
50;2025-11-07;12;1485
50;2025-11-07;13;1496
50;2025-11-07;14;1426
50;2025-11-07;15;1713
50;2025-11-07;16;1808
50;2025-11-07;17;2305
50;2025-11-07;18;2003
50;2025-11-07;19;1345
50;2025-11-07;20;858
50;2025-11-07;21;601
50;2025-11-07;22;282
50;2025-11-07;23;169
50;2025-11-08;0;54
50;2025-11-08;1;14
50;2025-11-08;2;27
50;2025-11-08;3;27
50;2025-11-08;4;55
50;2025-11-08;5;13
50;2025-11-08;6;147
50;2025-11-08;7;368
50;2025-11-08;8;564
50;2025-11-08;9;615
50;2025-11-08;10;600
50;2025-11-08;11;748
50;2025-11-08;12;778
50;2025-11-08;13;840
50;2025-11-08;14;784
50;2025-11-08;15;840
50;2025-11-08;16;785
50;2025-11-08;17;832
50;2025-11-08;18;736
50;2025-11-08;19;656
50;2025-11-08;20;496
50;2025-11-08;21;398
50;2025-11-08;22;218
50;2025-11-08;23;127
50;2025-11-09;0;46
50;2025-11-09;1;14
50;2025-11-09;2;27
50;2025-11-09;3;27
50;2025-11-09;4;55
50;2025-11-09;5;5
50;2025-11-09;6;92
50;2025-11-09;7;231
50;2025-11-09;8;356
50;2025-11-09;9;457
50;2025-11-09;10;466
50;2025-11-09;11;616
50;2025-11-09;12;664
50;2025-11-09;13;713
50;2025-11-09;14;667
50;2025-11-09;15;695
50;2025-11-09;16;624
50;2025-11-09;17;678
50;2025-11-09;18;594
50;2025-11-09;19;520
50;2025-11-09;20;426
50;2025-11-09;21;331
50;2025-11-09;22;182
50;2025-11-09;23;111
50;2025-11-10;0;31
50;2025-11-10;1;14
50;2025-11-10;2;27
50;2025-11-10;3;27
50;2025-11-10;4;55
50;2025-11-10;5;66
50;2025-11-10;6;523
50;2025-11-10;7;1703
50;2025-11-10;8;2745
50;2025-11-10;9;2113
50;2025-11-10;10;1604
50;2025-11-10;11;1519
50;2025-11-10;12;1438
50;2025-11-10;13;1452
50;2025-11-10;14;1392
50;2025-11-10;15;1640
50;2025-11-10;16;1722
50;2025-11-10;17;2305
50;2025-11-10;18;2369
50;2025-11-10;19;1378
50;2025-11-10;20;887
50;2025-11-10;21;600
50;2025-11-10;22;250
50;2025-11-10;23;132
50;2025-11-11;0;33
50;2025-11-11;1;14
50;2025-11-11;2;27
50;2025-11-11;3;27
50;2025-11-11;4;55
50;2025-11-11;5;67
50;2025-11-11;6;536
50;2025-11-11;7;1753
50;2025-11-11;8;2825
50;2025-11-11;9;2176
50;2025-11-11;10;1680
50;2025-11-11;11;1545
50;2025-11-11;12;1470
50;2025-11-11;13;1478
50;2025-11-11;14;1410
50;2025-11-11;15;1678
50;2025-11-11;16;1748
50;2025-11-11;17;2380
50;2025-11-11;18;2476
50;2025-11-11;19;1458
50;2025-11-11;20;932
50;2025-11-11;21;623
50;2025-11-11;22;262
50;2025-11-11;23;137
50;2025-11-12;0;33
50;2025-11-12;1;14
50;2025-11-12;2;27
50;2025-11-12;3;27
50;2025-11-12;4;55
50;2025-11-12;5;70
50;2025-11-12;6;536
50;2025-11-12;7;1743
50;2025-11-12;8;2793
50;2025-11-12;9;2163
50;2025-11-12;10;1683
50;2025-11-12;11;1548
50;2025-11-12;12;1474
50;2025-11-12;13;1481
50;2025-11-12;14;1415
50;2025-11-12;15;1680
50;2025-11-12;16;1739
50;2025-11-12;17;2369
50;2025-11-12;18;2435
50;2025-11-12;19;1454
50;2025-11-12;20;925
50;2025-11-12;21;627
50;2025-11-12;22;271
50;2025-11-12;23;149
50;2025-11-13;0;39
50;2025-11-13;1;14
50;2025-11-13;2;27
50;2025-11-13;3;27
50;2025-11-13;4;55
50;2025-11-13;5;66
50;2025-11-13;6;538
50;2025-11-13;7;1744
50;2025-11-13;8;2791
50;2025-11-13;9;2161
50;2025-11-13;10;1682
50;2025-11-13;11;1542
50;2025-11-13;12;1475
50;2025-11-13;13;1481
50;2025-11-13;14;1412
50;2025-11-13;15;1682
50;2025-11-13;16;1751
50;2025-11-13;17;2371
50;2025-11-13;18;2437
50;2025-11-13;19;1456
50;2025-11-13;20;931
50;2025-11-13;21;634
50;2025-11-13;22;275
50;2025-11-13;23;157
50;2025-11-14;0;39
50;2025-11-14;1;14
50;2025-11-14;2;27
50;2025-11-14;3;27
50;2025-11-14;4;55
50;2025-11-14;5;65
50;2025-11-14;6;530
50;2025-11-14;7;1696
50;2025-11-14;8;2700
50;2025-11-14;9;2108
50;2025-11-14;10;1602
50;2025-11-14;11;1570
50;2025-11-14;12;1485
50;2025-11-14;13;1496
50;2025-11-14;14;1426
50;2025-11-14;15;1713
50;2025-11-14;16;1808
50;2025-11-14;17;2305
50;2025-11-14;18;2003
50;2025-11-14;19;1345
50;2025-11-14;20;858
50;2025-11-14;21;601
50;2025-11-14;22;282
50;2025-11-14;23;169
50;2025-11-15;0;54
50;2025-11-15;1;14
50;2025-11-15;2;27
50;2025-11-15;3;27
50;2025-11-15;4;55
50;2025-11-15;5;13
50;2025-11-15;6;147
50;2025-11-15;7;368
50;2025-11-15;8;564
50;2025-11-15;9;615
50;2025-11-15;10;600
50;2025-11-15;11;748
50;2025-11-15;12;778
50;2025-11-15;13;840
50;2025-11-15;14;784
50;2025-11-15;15;840
50;2025-11-15;16;785
50;2025-11-15;17;832
50;2025-11-15;18;736
50;2025-11-15;19;656
50;2025-11-15;20;496
50;2025-11-15;21;398
50;2025-11-15;22;218
50;2025-11-15;23;127
50;2025-11-16;0;46
50;2025-11-16;1;14
50;2025-11-16;2;27
50;2025-11-16;3;27
50;2025-11-16;4;55
50;2025-11-16;5;5
50;2025-11-16;6;92
50;2025-11-16;7;231
50;2025-11-16;8;356
50;2025-11-16;9;457
50;2025-11-16;10;466
50;2025-11-16;11;616
50;2025-11-16;12;664
50;2025-11-16;13;713
50;2025-11-16;14;667
50;2025-11-16;15;695
50;2025-11-16;16;624
50;2025-11-16;17;678
50;2025-11-16;18;594
50;2025-11-16;19;520
50;2025-11-16;20;426
50;2025-11-16;21;331
50;2025-11-16;22;182
50;2025-11-16;23;111
50;2025-11-17;0;31
50;2025-11-17;1;14
50;2025-11-17;2;27
50;2025-11-17;3;27
50;2025-11-17;4;55
50;2025-11-17;5;66
50;2025-11-17;6;523
50;2025-11-17;7;1703
50;2025-11-17;8;2745
50;2025-11-17;9;2113
50;2025-11-17;10;1604
50;2025-11-17;11;1519
50;2025-11-17;12;1438
50;2025-11-17;13;1452
50;2025-11-17;14;1392
50;2025-11-17;15;1640
50;2025-11-17;16;1722
50;2025-11-17;17;2305
50;2025-11-17;18;2369
50;2025-11-17;19;1378
50;2025-11-17;20;887
50;2025-11-17;21;600
50;2025-11-17;22;250
50;2025-11-17;23;132
50;2025-11-18;0;33
50;2025-11-18;1;14
50;2025-11-18;2;27
50;2025-11-18;3;27
50;2025-11-18;4;55
50;2025-11-18;5;67
50;2025-11-18;6;536
50;2025-11-18;7;1753
50;2025-11-18;8;2825
50;2025-11-18;9;2176
50;2025-11-18;10;1680
50;2025-11-18;11;1545
50;2025-11-18;12;1470
50;2025-11-18;13;1478
50;2025-11-18;14;1410
50;2025-11-18;15;1678
50;2025-11-18;16;1748
50;2025-11-18;17;2380
50;2025-11-18;18;2476
50;2025-11-18;19;1458
50;2025-11-18;20;932
50;2025-11-18;21;623
50;2025-11-18;22;262
50;2025-11-18;23;137
50;2025-11-19;0;33
50;2025-11-19;1;14
50;2025-11-19;2;27
50;2025-11-19;3;27
50;2025-11-19;4;55
50;2025-11-19;5;70
50;2025-11-19;6;536
50;2025-11-19;7;1743
50;2025-11-19;8;2793
50;2025-11-19;9;2163
50;2025-11-19;10;1683
50;2025-11-19;11;1548
50;2025-11-19;12;1474
50;2025-11-19;13;1481
50;2025-11-19;14;1415
50;2025-11-19;15;1680
50;2025-11-19;16;1739
50;2025-11-19;17;2369
50;2025-11-19;18;2435
50;2025-11-19;19;1454
50;2025-11-19;20;925
50;2025-11-19;21;627
50;2025-11-19;22;271
50;2025-11-19;23;149
50;2025-11-20;0;39
50;2025-11-20;1;14
50;2025-11-20;2;27
50;2025-11-20;3;27
50;2025-11-20;4;55
50;2025-11-20;5;66
50;2025-11-20;6;538
50;2025-11-20;7;1744
50;2025-11-20;8;2791
50;2025-11-20;9;2161
50;2025-11-20;10;1682
50;2025-11-20;11;1542
50;2025-11-20;12;1475
50;2025-11-20;13;1481
50;2025-11-20;14;1412
50;2025-11-20;15;1682
50;2025-11-20;16;1751
50;2025-11-20;17;2371
50;2025-11-20;18;2437
50;2025-11-20;19;1456
50;2025-11-20;20;931
50;2025-11-20;21;634
50;2025-11-20;22;275
50;2025-11-20;23;157
50;2025-11-21;0;39
50;2025-11-21;1;14
50;2025-11-21;2;27
50;2025-11-21;3;27
50;2025-11-21;4;55
50;2025-11-21;5;65
50;2025-11-21;6;530
50;2025-11-21;7;1696
50;2025-11-21;8;2700
50;2025-11-21;9;2108
50;2025-11-21;10;1602
50;2025-11-21;11;1570
50;2025-11-21;12;1485
50;2025-11-21;13;1496
50;2025-11-21;14;1426
50;2025-11-21;15;1713
50;2025-11-21;16;1808
50;2025-11-21;17;2305
50;2025-11-21;18;2003
50;2025-11-21;19;1345
50;2025-11-21;20;858
50;2025-11-21;21;601
50;2025-11-21;22;282
50;2025-11-21;23;169
50;2025-11-22;0;54
50;2025-11-22;1;14
50;2025-11-22;2;27
50;2025-11-22;3;27
50;2025-11-22;4;55
50;2025-11-22;5;13
50;2025-11-22;6;147
50;2025-11-22;7;368
50;2025-11-22;8;564
50;2025-11-22;9;615
50;2025-11-22;10;600
50;2025-11-22;11;748
50;2025-11-22;12;778
50;2025-11-22;13;840
50;2025-11-22;14;784
50;2025-11-22;15;840
50;2025-11-22;16;785
50;2025-11-22;17;832
50;2025-11-22;18;736
50;2025-11-22;19;656
50;2025-11-22;20;496
50;2025-11-22;21;398
50;2025-11-22;22;218
50;2025-11-22;23;127
50;2025-11-23;0;46
50;2025-11-23;1;14
50;2025-11-23;2;27
50;2025-11-23;3;27
50;2025-11-23;4;55
50;2025-11-23;5;5
50;2025-11-23;6;92
50;2025-11-23;7;231
50;2025-11-23;8;356
50;2025-11-23;9;457
50;2025-11-23;10;466
50;2025-11-23;11;616
50;2025-11-23;12;664
50;2025-11-23;13;713
50;2025-11-23;14;667
50;2025-11-23;15;695
50;2025-11-23;16;624
50;2025-11-23;17;678
50;2025-11-23;18;594
50;2025-11-23;19;520
50;2025-11-23;20;426
50;2025-11-23;21;331
50;2025-11-23;22;182
50;2025-11-23;23;111
50;2025-11-24;0;31
50;2025-11-24;1;14
50;2025-11-24;2;27
50;2025-11-24;3;27
50;2025-11-24;4;55
50;2025-11-24;5;66
50;2025-11-24;6;523
50;2025-11-24;7;1703
50;2025-11-24;8;2745
50;2025-11-24;9;2113
50;2025-11-24;10;1604
50;2025-11-24;11;1519
50;2025-11-24;12;1438
50;2025-11-24;13;1452
50;2025-11-24;14;1392
50;2025-11-24;15;1640
50;2025-11-24;16;1722
50;2025-11-24;17;2305
50;2025-11-24;18;2369
50;2025-11-24;19;1378
50;2025-11-24;20;887
50;2025-11-24;21;600
50;2025-11-24;22;250
50;2025-11-24;23;132
50;2025-11-25;0;33
50;2025-11-25;1;14
50;2025-11-25;2;27
50;2025-11-25;3;27
50;2025-11-25;4;55
50;2025-11-25;5;67
50;2025-11-25;6;536
50;2025-11-25;7;1753
50;2025-11-25;8;2825
50;2025-11-25;9;2176
50;2025-11-25;10;1680
50;2025-11-25;11;1545
50;2025-11-25;12;1470
50;2025-11-25;13;1478
50;2025-11-25;14;1410
50;2025-11-25;15;1678
50;2025-11-25;16;1748
50;2025-11-25;17;2380
50;2025-11-25;18;2476
50;2025-11-25;19;1458
50;2025-11-25;20;932
50;2025-11-25;21;623
50;2025-11-25;22;262
50;2025-11-25;23;137
50;2025-11-26;0;33
50;2025-11-26;1;14
50;2025-11-26;2;27
50;2025-11-26;3;27
50;2025-11-26;4;55
50;2025-11-26;5;70
50;2025-11-26;6;536
50;2025-11-26;7;1743
50;2025-11-26;8;2793
50;2025-11-26;9;2163
50;2025-11-26;10;1683
50;2025-11-26;11;1548
50;2025-11-26;12;1474
50;2025-11-26;13;1481
50;2025-11-26;14;1415
50;2025-11-26;15;1680
50;2025-11-26;16;1739
50;2025-11-26;17;2369
50;2025-11-26;18;2435
50;2025-11-26;19;1454
50;2025-11-26;20;925
50;2025-11-26;21;627
50;2025-11-26;22;271
50;2025-11-26;23;149
50;2025-11-27;0;39
50;2025-11-27;1;14
50;2025-11-27;2;27
50;2025-11-27;3;27
50;2025-11-27;4;55
50;2025-11-27;5;66
50;2025-11-27;6;538
50;2025-11-27;7;1744
50;2025-11-27;8;2791
50;2025-11-27;9;2161
50;2025-11-27;10;1682
50;2025-11-27;11;1542
50;2025-11-27;12;1475
50;2025-11-27;13;1481
50;2025-11-27;14;1412
50;2025-11-27;15;1682
50;2025-11-27;16;1751
50;2025-11-27;17;2371
50;2025-11-27;18;2437
50;2025-11-27;19;1456
50;2025-11-27;20;931
50;2025-11-27;21;634
50;2025-11-27;22;275
50;2025-11-27;23;157
50;2025-11-28;0;39
50;2025-11-28;1;14
50;2025-11-28;2;27
50;2025-11-28;3;27
50;2025-11-28;4;55
50;2025-11-28;5;65
50;2025-11-28;6;530
50;2025-11-28;7;1696
50;2025-11-28;8;2700
50;2025-11-28;9;2108
50;2025-11-28;10;1602
50;2025-11-28;11;1570
50;2025-11-28;12;1485
50;2025-11-28;13;1496
50;2025-11-28;14;1426
50;2025-11-28;15;1713
50;2025-11-28;16;1808
50;2025-11-28;17;2305
50;2025-11-28;18;2003
50;2025-11-28;19;1345
50;2025-11-28;20;858
50;2025-11-28;21;601
50;2025-11-28;22;282
50;2025-11-28;23;169
50;2025-11-29;0;54
50;2025-11-29;1;14
50;2025-11-29;2;27
50;2025-11-29;3;27
50;2025-11-29;4;55
50;2025-11-29;5;13
50;2025-11-29;6;147
50;2025-11-29;7;368
50;2025-11-29;8;564
50;2025-11-29;9;615
50;2025-11-29;10;600
50;2025-11-29;11;748
50;2025-11-29;12;778
50;2025-11-29;13;840
50;2025-11-29;14;784
50;2025-11-29;15;840
50;2025-11-29;16;785
50;2025-11-29;17;832
50;2025-11-29;18;736
50;2025-11-29;19;656
50;2025-11-29;20;496
50;2025-11-29;21;398
50;2025-11-29;22;218
50;2025-11-29;23;127
50;2025-11-30;0;46
50;2025-11-30;1;14
50;2025-11-30;2;27
50;2025-11-30;3;27
50;2025-11-30;4;55
50;2025-11-30;5;5
50;2025-11-30;6;92
50;2025-11-30;7;231
50;2025-11-30;8;356
50;2025-11-30;9;457
50;2025-11-30;10;466
50;2025-11-30;11;616
50;2025-11-30;12;664
50;2025-11-30;13;713
50;2025-11-30;14;667
50;2025-11-30;15;695
50;2025-11-30;16;624
50;2025-11-30;17;678
50;2025-11-30;18;594
50;2025-11-30;19;520
50;2025-11-30;20;426
50;2025-11-30;21;331
50;2025-11-30;22;182
50;2025-11-30;23;111
50;2025-12-01;0;35
50;2025-12-01;1;14
50;2025-12-01;2;27
50;2025-12-01;3;27
50;2025-12-01;4;55
50;2025-12-01;5;66
50;2025-12-01;6;547
50;2025-12-01;7;1713
50;2025-12-01;8;2733
50;2025-12-01;9;2089
50;2025-12-01;10;1591
50;2025-12-01;11;1522
50;2025-12-01;12;1446
50;2025-12-01;13;1445
50;2025-12-01;14;1382
50;2025-12-01;15;1630
50;2025-12-01;16;1724
50;2025-12-01;17;2301
50;2025-12-01;18;2381
50;2025-12-01;19;1388
50;2025-12-01;20;869
50;2025-12-01;21;572
50;2025-12-01;22;272
50;2025-12-01;23;126
50;2025-12-02;0;37
50;2025-12-02;1;14
50;2025-12-02;2;27
50;2025-12-02;3;27
50;2025-12-02;4;55
50;2025-12-02;5;68
50;2025-12-02;6;560
50;2025-12-02;7;1751
50;2025-12-02;8;2807
50;2025-12-02;9;2150
50;2025-12-02;10;1671
50;2025-12-02;11;1546
50;2025-12-02;12;1468
50;2025-12-02;13;1460
50;2025-12-02;14;1391
50;2025-12-02;15;1655
50;2025-12-02;16;1748
50;2025-12-02;17;2377
50;2025-12-02;18;2488
50;2025-12-02;19;1468
50;2025-12-02;20;896
50;2025-12-02;21;594
50;2025-12-02;22;285
50;2025-12-02;23;131
50;2025-12-03;0;37
50;2025-12-03;1;14
50;2025-12-03;2;27
50;2025-12-03;3;27
50;2025-12-03;4;55
50;2025-12-03;5;70
50;2025-12-03;6;560
50;2025-12-03;7;1742
50;2025-12-03;8;2776
50;2025-12-03;9;2137
50;2025-12-03;10;1674
50;2025-12-03;11;1550
50;2025-12-03;12;1472
50;2025-12-03;13;1464
50;2025-12-03;14;1396
50;2025-12-03;15;1656
50;2025-12-03;16;1738
50;2025-12-03;17;2366
50;2025-12-03;18;2447
50;2025-12-03;19;1465
50;2025-12-03;20;889
50;2025-12-03;21;594
50;2025-12-03;22;293
50;2025-12-03;23;144
50;2025-12-04;0;43
50;2025-12-04;1;14
50;2025-12-04;2;27
50;2025-12-04;3;27
50;2025-12-04;4;55
50;2025-12-04;5;67
50;2025-12-04;6;563
50;2025-12-04;7;1743
50;2025-12-04;8;2773
50;2025-12-04;9;2135
50;2025-12-04;10;1674
50;2025-12-04;11;1543
50;2025-12-04;12;1473
50;2025-12-04;13;1464
50;2025-12-04;14;1393
50;2025-12-04;15;1659
50;2025-12-04;16;1750
50;2025-12-04;17;2368
50;2025-12-04;18;2449
50;2025-12-04;19;1466
50;2025-12-04;20;895
50;2025-12-04;21;601
50;2025-12-04;22;298
50;2025-12-04;23;152
50;2025-12-05;0;43
50;2025-12-05;1;14
50;2025-12-05;2;27
50;2025-12-05;3;27
50;2025-12-05;4;55
50;2025-12-05;5;66
50;2025-12-05;6;555
50;2025-12-05;7;1704
50;2025-12-05;8;2683
50;2025-12-05;9;2075
50;2025-12-05;10;1587
50;2025-12-05;11;1571
50;2025-12-05;12;1491
50;2025-12-05;13;1486
50;2025-12-05;14;1416
50;2025-12-05;15;1694
50;2025-12-05;16;1808
50;2025-12-05;17;2295
50;2025-12-05;18;2015
50;2025-12-05;19;1355
50;2025-12-05;20;839
50;2025-12-05;21;572
50;2025-12-05;22;306
50;2025-12-05;23;165
50;2025-12-06;0;56
50;2025-12-06;1;14
50;2025-12-06;2;27
50;2025-12-06;3;27
50;2025-12-06;4;55
50;2025-12-06;5;29
50;2025-12-06;6;158
50;2025-12-06;7;377
50;2025-12-06;8;563
50;2025-12-06;9;610
50;2025-12-06;10;608
50;2025-12-06;11;751
50;2025-12-06;12;787
50;2025-12-06;13;831
50;2025-12-06;14;785
50;2025-12-06;15;815
50;2025-12-06;16;791
50;2025-12-06;17;845
50;2025-12-06;18;758
50;2025-12-06;19;658
50;2025-12-06;20;459
50;2025-12-06;21;390
50;2025-12-06;22;243
50;2025-12-06;23;131
50;2025-12-07;0;49
50;2025-12-07;1;14
50;2025-12-07;2;27
50;2025-12-07;3;27
50;2025-12-07;4;55
50;2025-12-07;5;20
50;2025-12-07;6;103
50;2025-12-07;7;258
50;2025-12-07;8;362
50;2025-12-07;9;454
50;2025-12-07;10;472
50;2025-12-07;11;623
50;2025-12-07;12;685
50;2025-12-07;13;718
50;2025-12-07;14;678
50;2025-12-07;15;686
50;2025-12-07;16;636
50;2025-12-07;17;693
50;2025-12-07;18;615
50;2025-12-07;19;523
50;2025-12-07;20;407
50;2025-12-07;21;325
50;2025-12-07;22;206
50;2025-12-07;23;114
50;2025-12-08;0;35
50;2025-12-08;1;14
50;2025-12-08;2;27
50;2025-12-08;3;27
50;2025-12-08;4;55
50;2025-12-08;5;66
50;2025-12-08;6;547
50;2025-12-08;7;1713
50;2025-12-08;8;2733
50;2025-12-08;9;2089
50;2025-12-08;10;1591
50;2025-12-08;11;1522
50;2025-12-08;12;1446
50;2025-12-08;13;1445
50;2025-12-08;14;1382
50;2025-12-08;15;1630
50;2025-12-08;16;1724
50;2025-12-08;17;2301
50;2025-12-08;18;2381
50;2025-12-08;19;1388
50;2025-12-08;20;869
50;2025-12-08;21;572
50;2025-12-08;22;272
50;2025-12-08;23;126
50;2025-12-09;0;37
50;2025-12-09;1;14
50;2025-12-09;2;27
50;2025-12-09;3;27
50;2025-12-09;4;55
50;2025-12-09;5;68
50;2025-12-09;6;560
50;2025-12-09;7;1751
50;2025-12-09;8;2807
50;2025-12-09;9;2150
50;2025-12-09;10;1671
50;2025-12-09;11;1546
50;2025-12-09;12;1468
50;2025-12-09;13;1460
50;2025-12-09;14;1391
50;2025-12-09;15;1655
50;2025-12-09;16;1748
50;2025-12-09;17;2377
50;2025-12-09;18;2488
50;2025-12-09;19;1468
50;2025-12-09;20;896
50;2025-12-09;21;594
50;2025-12-09;22;285
50;2025-12-09;23;131
50;2025-12-10;0;37
50;2025-12-10;1;14
50;2025-12-10;2;27
50;2025-12-10;3;27
50;2025-12-10;4;55
50;2025-12-10;5;70
50;2025-12-10;6;560
50;2025-12-10;7;1742
50;2025-12-10;8;2776
50;2025-12-10;9;2137
50;2025-12-10;10;1674
50;2025-12-10;11;1550
50;2025-12-10;12;1472
50;2025-12-10;13;1464
50;2025-12-10;14;1396
50;2025-12-10;15;1656
50;2025-12-10;16;1738
50;2025-12-10;17;2366
50;2025-12-10;18;2447
50;2025-12-10;19;1465
50;2025-12-10;20;889
50;2025-12-10;21;594
50;2025-12-10;22;293
50;2025-12-10;23;144
50;2025-12-11;0;43
50;2025-12-11;1;14
50;2025-12-11;2;27
50;2025-12-11;3;27
50;2025-12-11;4;55
50;2025-12-11;5;67
50;2025-12-11;6;563
50;2025-12-11;7;1743
50;2025-12-11;8;2773
50;2025-12-11;9;2135
50;2025-12-11;10;1674
50;2025-12-11;11;1543
50;2025-12-11;12;1473
50;2025-12-11;13;1464
50;2025-12-11;14;1393
50;2025-12-11;15;1659
50;2025-12-11;16;1750
50;2025-12-11;17;2368
50;2025-12-11;18;2449
50;2025-12-11;19;1466
50;2025-12-11;20;895
50;2025-12-11;21;601
50;2025-12-11;22;298
50;2025-12-11;23;152
50;2025-12-12;0;43
50;2025-12-12;1;14
50;2025-12-12;2;27
50;2025-12-12;3;27
50;2025-12-12;4;55
50;2025-12-12;5;66
50;2025-12-12;6;555
50;2025-12-12;7;1704
50;2025-12-12;8;2683
50;2025-12-12;9;2075
50;2025-12-12;10;1587
50;2025-12-12;11;1571
50;2025-12-12;12;1491
50;2025-12-12;13;1486
50;2025-12-12;14;1416
50;2025-12-12;15;1694
50;2025-12-12;16;1808
50;2025-12-12;17;2295
50;2025-12-12;18;2015
50;2025-12-12;19;1355
50;2025-12-12;20;839
50;2025-12-12;21;572
50;2025-12-12;22;306
50;2025-12-12;23;165
50;2025-12-13;0;56
50;2025-12-13;1;14
50;2025-12-13;2;27
50;2025-12-13;3;27
50;2025-12-13;4;55
50;2025-12-13;5;29
50;2025-12-13;6;158
50;2025-12-13;7;377
50;2025-12-13;8;563
50;2025-12-13;9;610
50;2025-12-13;10;608
50;2025-12-13;11;751
50;2025-12-13;12;787
50;2025-12-13;13;831
50;2025-12-13;14;785
50;2025-12-13;15;815
50;2025-12-13;16;791
50;2025-12-13;17;845
50;2025-12-13;18;758
50;2025-12-13;19;658
50;2025-12-13;20;459
50;2025-12-13;21;390
50;2025-12-13;22;243
50;2025-12-13;23;131
50;2025-12-14;0;49
50;2025-12-14;1;14
50;2025-12-14;2;27
50;2025-12-14;3;27
50;2025-12-14;4;55
50;2025-12-14;5;20
50;2025-12-14;6;103
50;2025-12-14;7;258
50;2025-12-14;8;362
50;2025-12-14;9;454
50;2025-12-14;10;472
50;2025-12-14;11;623
50;2025-12-14;12;685
50;2025-12-14;13;718
50;2025-12-14;14;678
50;2025-12-14;15;686
50;2025-12-14;16;636
50;2025-12-14;17;693
50;2025-12-14;18;615
50;2025-12-14;19;523
50;2025-12-14;20;407
50;2025-12-14;21;325
50;2025-12-14;22;206
50;2025-12-14;23;114
50;2025-12-15;0;35
50;2025-12-15;1;14
50;2025-12-15;2;27
50;2025-12-15;3;27
50;2025-12-15;4;55
50;2025-12-15;5;66
50;2025-12-15;6;547
50;2025-12-15;7;1713
50;2025-12-15;8;2733
50;2025-12-15;9;2089
50;2025-12-15;10;1591
50;2025-12-15;11;1522
50;2025-12-15;12;1446
50;2025-12-15;13;1445
50;2025-12-15;14;1382
50;2025-12-15;15;1630
50;2025-12-15;16;1724
50;2025-12-15;17;2301
50;2025-12-15;18;2381
50;2025-12-15;19;1388
50;2025-12-15;20;869
50;2025-12-15;21;572
50;2025-12-15;22;272
50;2025-12-15;23;126
50;2025-12-16;0;37
50;2025-12-16;1;14
50;2025-12-16;2;27
50;2025-12-16;3;27
50;2025-12-16;4;55
50;2025-12-16;5;68
50;2025-12-16;6;560
50;2025-12-16;7;1751
50;2025-12-16;8;2807
50;2025-12-16;9;2150
50;2025-12-16;10;1671
50;2025-12-16;11;1546
50;2025-12-16;12;1468
50;2025-12-16;13;1460
50;2025-12-16;14;1391
50;2025-12-16;15;1655
50;2025-12-16;16;1748
50;2025-12-16;17;2377
50;2025-12-16;18;2488
50;2025-12-16;19;1468
50;2025-12-16;20;896
50;2025-12-16;21;594
50;2025-12-16;22;285
50;2025-12-16;23;131
50;2025-12-17;0;37
50;2025-12-17;1;14
50;2025-12-17;2;27
50;2025-12-17;3;27
50;2025-12-17;4;55
50;2025-12-17;5;70
50;2025-12-17;6;560
50;2025-12-17;7;1742
50;2025-12-17;8;2776
50;2025-12-17;9;2137
50;2025-12-17;10;1674
50;2025-12-17;11;1550
50;2025-12-17;12;1472
50;2025-12-17;13;1464
50;2025-12-17;14;1396
50;2025-12-17;15;1656
50;2025-12-17;16;1738
50;2025-12-17;17;2366
50;2025-12-17;18;2447
50;2025-12-17;19;1465
50;2025-12-17;20;889
50;2025-12-17;21;594
50;2025-12-17;22;293
50;2025-12-17;23;144
50;2025-12-18;0;43
50;2025-12-18;1;14
50;2025-12-18;2;27
50;2025-12-18;3;27
50;2025-12-18;4;55
50;2025-12-18;5;67
50;2025-12-18;6;563
50;2025-12-18;7;1743
50;2025-12-18;8;2773
50;2025-12-18;9;2135
50;2025-12-18;10;1674
50;2025-12-18;11;1543
50;2025-12-18;12;1473
50;2025-12-18;13;1464
50;2025-12-18;14;1393
50;2025-12-18;15;1659
50;2025-12-18;16;1750
50;2025-12-18;17;2368
50;2025-12-18;18;2449
50;2025-12-18;19;1466
50;2025-12-18;20;895
50;2025-12-18;21;601
50;2025-12-18;22;298
50;2025-12-18;23;152
50;2025-12-19;0;43
50;2025-12-19;1;14
50;2025-12-19;2;27
50;2025-12-19;3;27
50;2025-12-19;4;55
50;2025-12-19;5;66
50;2025-12-19;6;555
50;2025-12-19;7;1704
50;2025-12-19;8;2683
50;2025-12-19;9;2075
50;2025-12-19;10;1587
50;2025-12-19;11;1571
50;2025-12-19;12;1491
50;2025-12-19;13;1486
50;2025-12-19;14;1416
50;2025-12-19;15;1694
50;2025-12-19;16;1808
50;2025-12-19;17;2295
50;2025-12-19;18;2015
50;2025-12-19;19;1355
50;2025-12-19;20;839
50;2025-12-19;21;572
50;2025-12-19;22;306
50;2025-12-19;23;165
50;2025-12-20;0;56
50;2025-12-20;1;14
50;2025-12-20;2;27
50;2025-12-20;3;27
50;2025-12-20;4;55
50;2025-12-20;5;29
50;2025-12-20;6;158
50;2025-12-20;7;377
50;2025-12-20;8;563
50;2025-12-20;9;610
50;2025-12-20;10;608
50;2025-12-20;11;751
50;2025-12-20;12;787
50;2025-12-20;13;831
50;2025-12-20;14;785
50;2025-12-20;15;815
50;2025-12-20;16;791
50;2025-12-20;17;845
50;2025-12-20;18;758
50;2025-12-20;19;658
50;2025-12-20;20;459
50;2025-12-20;21;390
50;2025-12-20;22;243
50;2025-12-20;23;131
50;2025-12-21;0;49
50;2025-12-21;1;14
50;2025-12-21;2;27
50;2025-12-21;3;27
50;2025-12-21;4;55
50;2025-12-21;5;20
50;2025-12-21;6;103
50;2025-12-21;7;258
50;2025-12-21;8;362
50;2025-12-21;9;454
50;2025-12-21;10;472
50;2025-12-21;11;623
50;2025-12-21;12;685
50;2025-12-21;13;718
50;2025-12-21;14;678
50;2025-12-21;15;686
50;2025-12-21;16;636
50;2025-12-21;17;693
50;2025-12-21;18;615
50;2025-12-21;19;523
50;2025-12-21;20;407
50;2025-12-21;21;325
50;2025-12-21;22;206
50;2025-12-21;23;114
50;2025-12-22;0;35
50;2025-12-22;1;14
50;2025-12-22;2;27
50;2025-12-22;3;27
50;2025-12-22;4;55
50;2025-12-22;5;66
50;2025-12-22;6;547
50;2025-12-22;7;1713
50;2025-12-22;8;2733
50;2025-12-22;9;2089
50;2025-12-22;10;1591
50;2025-12-22;11;1522
50;2025-12-22;12;1446
50;2025-12-22;13;1445
50;2025-12-22;14;1382
50;2025-12-22;15;1630
50;2025-12-22;16;1724
50;2025-12-22;17;2301
50;2025-12-22;18;2381
50;2025-12-22;19;1388
50;2025-12-22;20;869
50;2025-12-22;21;572
50;2025-12-22;22;272
50;2025-12-22;23;126
50;2025-12-23;0;37
50;2025-12-23;1;14
50;2025-12-23;2;27
50;2025-12-23;3;27
50;2025-12-23;4;55
50;2025-12-23;5;68
50;2025-12-23;6;560
50;2025-12-23;7;1751
50;2025-12-23;8;2807
50;2025-12-23;9;2150
50;2025-12-23;10;1671
50;2025-12-23;11;1546
50;2025-12-23;12;1468
50;2025-12-23;13;1460
50;2025-12-23;14;1391
50;2025-12-23;15;1655
50;2025-12-23;16;1748
50;2025-12-23;17;2377
50;2025-12-23;18;2488
50;2025-12-23;19;1468
50;2025-12-23;20;896
50;2025-12-23;21;594
50;2025-12-23;22;285
50;2025-12-23;23;131
50;2025-12-24;0;37
50;2025-12-24;1;14
50;2025-12-24;2;27
50;2025-12-24;3;27
50;2025-12-24;4;55
50;2025-12-24;5;70
50;2025-12-24;6;560
50;2025-12-24;7;1742
50;2025-12-24;8;2776
50;2025-12-24;9;2137
50;2025-12-24;10;1674
50;2025-12-24;11;1550
50;2025-12-24;12;1472
50;2025-12-24;13;1464
50;2025-12-24;14;1396
50;2025-12-24;15;1656
50;2025-12-24;16;1738
50;2025-12-24;17;2366
50;2025-12-24;18;2447
50;2025-12-24;19;1465
50;2025-12-24;20;889
50;2025-12-24;21;594
50;2025-12-24;22;293
50;2025-12-24;23;144
50;2025-12-25;0;43
50;2025-12-25;1;14
50;2025-12-25;2;27
50;2025-12-25;3;27
50;2025-12-25;4;55
50;2025-12-25;5;67
50;2025-12-25;6;563
50;2025-12-25;7;1743
50;2025-12-25;8;2773
50;2025-12-25;9;2135
50;2025-12-25;10;1674
50;2025-12-25;11;1543
50;2025-12-25;12;1473
50;2025-12-25;13;1464
50;2025-12-25;14;1393
50;2025-12-25;15;1659
50;2025-12-25;16;1750
50;2025-12-25;17;2368
50;2025-12-25;18;2449
50;2025-12-25;19;1466
50;2025-12-25;20;895
50;2025-12-25;21;601
50;2025-12-25;22;298
50;2025-12-25;23;152
50;2025-12-26;0;43
50;2025-12-26;1;14
50;2025-12-26;2;27
50;2025-12-26;3;27
50;2025-12-26;4;55
50;2025-12-26;5;66
50;2025-12-26;6;555
50;2025-12-26;7;1704
50;2025-12-26;8;2683
50;2025-12-26;9;2075
50;2025-12-26;10;1587
50;2025-12-26;11;1571
50;2025-12-26;12;1491
50;2025-12-26;13;1486
50;2025-12-26;14;1416
50;2025-12-26;15;1694
50;2025-12-26;16;1808
50;2025-12-26;17;2295
50;2025-12-26;18;2015
50;2025-12-26;19;1355
50;2025-12-26;20;839
50;2025-12-26;21;572
50;2025-12-26;22;306
50;2025-12-26;23;165
50;2025-12-27;0;56
50;2025-12-27;1;14
50;2025-12-27;2;27
50;2025-12-27;3;27
50;2025-12-27;4;55
50;2025-12-27;5;29
50;2025-12-27;6;158
50;2025-12-27;7;377
50;2025-12-27;8;563
50;2025-12-27;9;610
50;2025-12-27;10;608
50;2025-12-27;11;751
50;2025-12-27;12;787
50;2025-12-27;13;831
50;2025-12-27;14;785
50;2025-12-27;15;815
50;2025-12-27;16;791
50;2025-12-27;17;845
50;2025-12-27;18;758
50;2025-12-27;19;658
50;2025-12-27;20;459
50;2025-12-27;21;390
50;2025-12-27;22;243
50;2025-12-27;23;131
50;2025-12-28;0;49
50;2025-12-28;1;14
50;2025-12-28;2;27
50;2025-12-28;3;27
50;2025-12-28;4;55
50;2025-12-28;5;20
50;2025-12-28;6;103
50;2025-12-28;7;258
50;2025-12-28;8;362
50;2025-12-28;9;454
50;2025-12-28;10;472
50;2025-12-28;11;623
50;2025-12-28;12;685
50;2025-12-28;13;718
50;2025-12-28;14;678
50;2025-12-28;15;686
50;2025-12-28;16;636
50;2025-12-28;17;693
50;2025-12-28;18;615
50;2025-12-28;19;523
50;2025-12-28;20;407
50;2025-12-28;21;325
50;2025-12-28;22;206
50;2025-12-28;23;114
50;2025-12-29;0;35
50;2025-12-29;1;14
50;2025-12-29;2;27
50;2025-12-29;3;27
50;2025-12-29;4;55
50;2025-12-29;5;66
50;2025-12-29;6;547
50;2025-12-29;7;1713
50;2025-12-29;8;2733
50;2025-12-29;9;2089
50;2025-12-29;10;1591
50;2025-12-29;11;1522
50;2025-12-29;12;1446
50;2025-12-29;13;1445
50;2025-12-29;14;1382
50;2025-12-29;15;1630
50;2025-12-29;16;1724
50;2025-12-29;17;2301
50;2025-12-29;18;2381
50;2025-12-29;19;1388
50;2025-12-29;20;869
50;2025-12-29;21;572
50;2025-12-29;22;272
50;2025-12-29;23;126
50;2025-12-30;0;37
50;2025-12-30;1;14
50;2025-12-30;2;27
50;2025-12-30;3;27
50;2025-12-30;4;55
50;2025-12-30;5;68
50;2025-12-30;6;560
50;2025-12-30;7;1751
50;2025-12-30;8;2807
50;2025-12-30;9;2150
50;2025-12-30;10;1671
50;2025-12-30;11;1546
50;2025-12-30;12;1468
50;2025-12-30;13;1460
50;2025-12-30;14;1391
50;2025-12-30;15;1655
50;2025-12-30;16;1748
50;2025-12-30;17;2377
50;2025-12-30;18;2488
50;2025-12-30;19;1468
50;2025-12-30;20;896
50;2025-12-30;21;594
50;2025-12-30;22;285
50;2025-12-30;23;131
50;2025-12-31;0;31
50;2025-12-31;1;14
50;2025-12-31;2;27
50;2025-12-31;3;27
50;2025-12-31;4;55
50;2025-12-31;5;22
50;2025-12-31;6;238
50;2025-12-31;7;421
50;2025-12-31;8;763
50;2025-12-31;9;574
50;2025-12-31;10;606
50;2025-12-31;11;650
50;2025-12-31;12;667
50;2025-12-31;13;721
50;2025-12-31;14;687
50;2025-12-31;15;637
50;2025-12-31;16;621
50;2025-12-31;17;730
50;2025-12-31;18;924
50;2025-12-31;19;626
50;2025-12-31;20;412
50;2025-12-31;21;361
50;2025-12-31;22;229
50;2025-12-31;23;107
